date	precipitation	temperature	discharge_spec
19970401	0.0	7.91	1.19
19970402	0.07	8.37	1.14
19970403	0.09	4.68	1.1
19970404	0.63	6.15	1.06
19970405	0.34	8.67	1.05
19970406	0.14	8.23	1.03
19970407	0.02	6.37	0.97
19970408	0.0	8.25	0.92
19970409	0.0	9.45	0.88
19970410	0.0	9.29	0.85
19970411	0.0	6.78	0.82
19970412	0.0	5.87	0.79
19970413	0.0	8.92	0.78
19970414	0.0	9.26	0.76
19970415	0.0	5.84	0.8
19970416	0.0	8.07	0.78
19970417	0.0	3.92	0.77
19970418	0.01	4.93	0.76
19970419	0.0	2.67	0.74
19970420	0.0	2.07	0.72
19970421	0.0	6.01	0.71
19970422	2.94	5.32	0.72
19970423	0.13	7.91	0.71
19970424	8.55	8.44	0.71
19970425	10.89	7.81	0.96
19970426	8.07	7.78	1.29
19970427	5.6	10.66	1.25
19970428	15.72	9.41	3.77
19970429	0.01	7.47	2.03
19970430	0.0	11.2	1.2
19970501	0.0	12.66	1.0
19970502	0.0	13.97	0.9
19970503	13.41	13.65	0.89
19970504	12.8	10.25	2.51
19970505	8.67	5.61	5.3
19970506	2.64	2.23	2.59
19970507	10.24	4.03	1.99
19970508	10.24	5.35	4.53
19970509	6.01	6.79	3.55
19970510	13.72	7.23	3.53
19970511	14.23	7.48	6.57
19970512	5.69	8.18	5.9
19970513	0.61	7.81	3.82
19970514	0.08	8.45	2.3
19970515	0.04	10.49	1.88
19970516	17.04	11.6	3.58
19970517	3.46	13.73	3.92
19970518	0.02	11.4	3.17
19970519	10.7	10.56	3.85
19970520	8.67	11.29	3.68
19970521	4.77	9.24	3.06
19970522	1.03	6.56	3.12
19970523	0.01	6.54	2.37
19970524	0.0	6.93	1.95
19970525	0.0	9.26	1.75
19970526	0.0	14.52	1.61
19970527	0.0	11.59	1.41
19970528	0.0	9.83	1.23
19970529	0.0	13.92	1.16
19970530	0.0	16.35	1.1
19970531	0.0	14.67	1.04
19970601	0.0	12.24	0.98
19970602	0.0	11.73	0.94
19970603	0.0	13.01	0.91
19970604	0.0	14.14	0.88
19970605	5.32	14.73	0.89
19970606	8.39	13.74	0.99
19970607	6.46	13.81	0.96
19970608	4.21	10.54	0.94
19970609	2.83	13.26	0.87
19970610	21.42	15.88	1.19
19970611	6.78	15.64	1.67
19970612	6.74	12.58	1.49
19970613	1.08	11.81	1.89
19970614	0.47	8.71	1.29
19970615	0.29	10.44	1.07
19970616	1.91	11.98	0.98
19970617	1.08	11.26	0.99
19970618	11.01	11.45	1.07
19970619	7.87	9.71	2.46
19970620	19.64	10.28	5.31
19970621	11.36	10.2	6.76
19970622	0.12	12.19	4.85
19970623	0.0	9.25	2.41
19970624	16.34	11.08	2.51
19970625	11.36	10.34	7.24
19970626	8.83	7.2	11.55
19970627	0.09	10.38	6.52
19970628	1.27	10.68	4.48
19970629	0.0	12.0	2.73
19970630	0.19	10.2	2.05
19970701	0.72	9.44	1.79
19970702	1.65	9.01	1.61
19970703	6.03	9.7	1.82
19970704	0.01	11.31	1.57
19970705	0.0	13.45	1.3
19970706	0.0	15.09	1.2
19970707	0.0	14.6	1.13
19970708	0.0	15.97	1.06
19970709	3.42	18.25	1.15
19970710	0.0	15.67	1.06
19970711	0.0	15.78	0.97
19970712	5.64	15.36	0.94
19970713	0.96	13.63	1.0
19970714	2.03	14.59	0.92
19970715	2.95	14.54	0.99
19970716	3.25	14.43	0.97
19970717	0.23	11.66	0.92
19970718	0.01	13.45	0.83
19970719	0.0	15.78	0.78
19970720	0.04	16.83	0.75
19970721	0.07	15.91	0.73
19970722	0.01	16.0	0.71
19970723	2.73	17.66	0.7
19970724	2.79	14.63	0.73
19970725	1.97	13.7	0.69
19970726	13.66	13.63	0.96
19970727	0.0	14.49	0.86
19970728	0.0	14.64	0.72
19970729	5.74	15.01	0.71
19970730	0.04	13.64	0.72
19970731	3.46	13.64	0.68
19970801	1.13	13.71	0.71
19970802	1.07	15.36	0.69
19970803	18.03	12.82	0.93
19970804	12.3	13.96	1.56
19970805	19.38	13.95	3.44
19970806	5.39	15.78	4.23
19970807	0.01	19.1	2.12
19970808	0.0	18.7	1.33
19970809	0.0	17.87	1.08
19970810	0.0	21.24	0.95
19970811	0.0	18.46	0.88
19970812	0.91	18.48	0.84
19970813	0.88	16.1	0.82
19970814	0.0	15.64	0.78
19970815	0.0	16.34	0.75
19970816	0.0	18.55	0.72
19970817	0.0	18.7	0.7
19970818	0.0	18.1	0.69
19970819	1.03	20.38	0.67
19970820	0.16	19.77	0.67
19970821	6.06	16.23	0.72
19970822	18.73	17.62	0.78
19970823	15.61	16.85	1.84
19970824	1.15	15.03	3.5
19970825	15.07	14.74	1.49
19970826	27.22	14.87	2.07
19970827	5.84	13.36	9.01
19970828	29.42	13.3	11.7
19970829	15.52	12.95	7.67
19970830	8.67	14.43	7.01
19970831	10.34	14.04	7.5
19970901	0.03	12.09	6.06
19970902	14.59	14.46	5.15
19970903	35.77	11.63	24.37
19970904	1.11	12.62	7.8
19970905	1.58	11.61	5.99
19970906	0.88	12.69	4.52
19970907	0.21	10.98	3.02
19970908	0.23	12.62	2.39
19970909	0.0	10.94	2.11
19970910	0.0	13.21	1.91
19970911	4.57	12.63	1.79
19970912	0.86	8.73	1.71
19970913	1.62	8.51	1.52
19970914	0.3	11.09	1.41
19970915	0.53	12.52	1.32
19970916	0.69	13.44	1.26
19970917	0.46	11.7	1.19
19970918	19.11	14.52	1.44
19970919	1.1	11.81	1.97
19970920	0.0	11.93	1.4
19970921	0.02	11.1	1.17
19970922	0.09	11.7	1.07
19970923	0.01	11.46	1.01
19970924	0.01	12.4	0.97
19970925	0.0	11.94	0.94
19970926	0.01	11.71	0.9
19970927	0.0	10.06	0.88
19970928	0.01	13.24	0.86
19970929	3.88	13.69	0.86
19970930	1.58	15.22	0.93
19971001	0.08	13.97	0.89
19971002	0.03	10.91	0.83
19971003	0.01	11.02	0.8
19971004	0.0	12.1	0.78
19971005	0.45	12.99	0.76
19971006	19.52	10.77	1.0
19971007	16.4	10.03	4.2
19971008	51.62	12.1	19.07
19971009	17.78	10.99	15.82
19971010	1.36	9.65	7.62
19971011	11.9	7.32	11.42
19971012	10.66	7.04	6.88
19971013	1.02	4.2	5.27
19971014	13.65	8.62	5.96
19971015	2.87	11.09	5.5
19971016	7.61	13.27	5.24
19971017	0.47	11.02	4.81
19971018	0.02	13.11	3.24
19971019	0.27	12.88	2.48
19971020	0.35	6.99	2.18
19971021	0.0	5.86	1.91
19971022	0.05	5.47	1.73
19971023	0.0	4.16	1.59
19971024	0.0	3.22	1.47
19971025	0.01	3.89	1.4
19971026	0.0	4.21	1.33
19971027	0.0	4.95	1.28
19971028	0.0	1.89	1.2
19971029	0.0	4.9	1.15
19971030	0.01	3.69	1.13
19971031	0.0	6.39	1.08
19971101	0.09	8.16	1.05
19971102	0.06	8.14	1.02
19971103	2.21	6.13	0.99
19971104	4.07	7.55	1.01
19971105	2.96	8.71	1.26
19971106	7.02	8.6	1.31
19971107	19.37	6.64	4.99
19971108	19.9	6.92	7.23
19971109	8.22	5.8	9.64
19971110	2.02	4.64	8.17
19971111	0.73	4.47	4.87
19971112	1.72	5.08	3.12
19971113	1.12	4.22	2.45
19971114	4.68	8.7	4.45
19971115	11.18	11.59	9.15
19971116	15.32	11.19	12.16
19971117	44.32	11.55	22.24
19971118	16.83	9.88	21.18
19971119	7.33	8.32	12.45
19971120	2.01	5.97	10.72
19971121	0.16	4.61	7.31
19971122	0.6	3.82	5.75
19971123	24.0	6.22	9.59
19971124	4.72	5.46	9.35
19971125	0.56	5.53	6.38
19971126	14.52	6.7	5.17
19971127	18.74	7.53	5.06
19971128	4.78	7.52	14.11
19971129	1.35	6.34	7.01
19971130	0.05	3.85	5.44
19971201	5.04	0.58	5.12
19971202	1.1	-2.07	3.85
19971203	0.07	-0.27	2.94
19971204	0.06	0.15	2.5
19971205	0.01	4.18	2.35
19971206	0.22	7.62	2.21
19971207	18.89	7.94	4.06
19971208	9.03	7.24	8.18
19971209	54.49	9.22	26.83
19971210	11.76	8.98	18.17
19971211	3.53	5.84	13.72
19971212	0.12	3.5	7.62
19971213	0.21	4.34	5.94
19971214	0.01	4.49	4.84
19971215	0.0	1.23	3.41
19971216	0.82	-1.22	2.65
19971217	18.7	2.02	2.65
19971218	0.39	6.09	6.99
19971219	0.05	3.87	4.12
19971220	0.0	1.69	2.72
19971221	3.11	2.67	2.27
19971222	5.55	6.07	2.79
19971223	31.61	8.59	13.66
19971224	23.74	8.59	19.44
19971225	10.4	6.49	13.53
19971226	4.57	5.65	8.19
19971227	1.56	3.17	6.29
19971228	3.75	3.74	5.19
19971229	14.72	5.29	4.72
19971230	18.58	5.68	10.88
19971231	9.09	2.3	8.55
19980101	60.12	4.73	22.95
19980102	38.59	6.29	31.43
19980103	14.94	4.05	20.36
19980104	16.53	2.9	18.85
19980105	7.46	1.04	10.32
19980106	20.63	4.68	12.41
19980107	32.31	4.88	16.19
19980108	18.33	9.0	27.08
19980109	2.01	8.79	10.2
19980110	0.01	8.75	6.97
19980111	1.48	7.27	5.65
19980112	9.81	8.17	5.7
19980113	10.88	5.99	7.73
19980114	11.21	5.0	8.27
19980115	11.14	5.32	9.12
19980116	2.79	3.62	7.51
19980117	26.03	5.38	8.94
19980118	18.2	3.63	19.52
19980119	0.33	-0.35	8.76
19980120	3.69	0.31	6.4
19980121	0.99	2.91	5.92
19980122	1.23	1.67	5.06
19980123	0.01	-0.6	3.88
19980124	0.0	0.95	2.94
19980125	0.0	0.34	2.52
19980126	0.0	-0.73	2.14
19980127	0.01	-0.19	1.97
19980128	0.0	-1.14	1.85
19980129	0.01	0.36	1.73
19980130	0.01	1.05	1.64
19980131	0.01	0.53	1.56
19980201	0.02	0.46	1.48
19980202	0.0	1.35	1.41
19980203	0.04	2.11	1.34
19980204	0.72	4.09	1.32
19980205	3.94	5.05	1.29
19980206	16.32	3.15	2.8
19980207	0.8	3.16	2.95
19980208	0.06	6.29	1.7
19980209	2.13	7.0	1.51
19980210	1.51	7.43	1.8
19980211	0.02	8.89	1.69
19980212	0.31	8.47	1.49
19980213	0.0	8.72	1.41
19980214	0.0	8.87	1.31
19980215	1.18	9.3	1.26
19980216	0.01	4.91	1.24
19980217	0.02	5.87	1.18
19980218	2.08	5.64	1.15
19980219	0.11	7.29	1.22
19980220	9.17	7.45	1.25
19980221	7.31	4.18	2.06
19980222	0.23	4.95	2.01
19980223	0.06	6.64	1.52
19980224	0.0	4.98	1.36
19980225	0.02	5.8	1.25
19980226	3.6	5.34	1.38
19980227	2.73	3.41	1.55
19980228	3.13	1.66	1.49
19980301	1.79	4.84	1.41
19980302	61.31	7.36	18.69
19980303	65.01	6.2	70.62
19980304	4.31	3.9	15.56
19980305	32.61	5.73	17.26
19980306	65.8	7.48	70.82
19980307	9.3	6.48	20.07
19980308	1.1	3.94	10.15
19980309	0.0	3.65	7.4
19980310	20.41	5.34	11.19
19980311	0.13	2.91	8.01
19980312	2.96	4.79	6.24
19980313	0.04	6.2	5.06
19980314	0.0	6.22	3.8
19980315	0.0	6.22	2.8
19980316	0.0	6.65	2.35
19980317	0.0	6.06	2.1
19980318	0.0	5.69	1.91
19980319	0.01	5.33	1.76
19980320	0.0	6.3	1.65
19980321	0.0	5.29	1.56
19980322	0.01	2.98	1.49
19980323	1.49	4.87	1.43
19980324	15.56	5.03	1.87
19980325	24.59	7.43	7.89
19980326	13.0	8.06	18.48
19980327	1.3	9.08	7.88
19980328	0.0	9.67	6.31
19980329	11.11	10.11	6.2
19980330	0.04	5.39	4.59
19980331	0.01	8.28	2.88
19980401	8.21	6.72	2.83
19980402	19.54	7.22	5.02
19980403	29.71	6.86	12.11
19980404	32.45	6.47	21.93
19980405	10.92	6.41	13.61
19980406	0.44	4.77	9.17
19980407	0.4	6.22	6.21
19980408	20.37	4.42	6.78
19980409	39.91	1.39	21.77
19980410	4.29	0.34	9.31
19980411	0.75	-0.05	7.75
19980412	0.72	0.57	6.13
19980413	1.94	1.58	5.36
19980414	3.64	1.66	4.71
19980415	0.5	2.51	4.39
19980416	1.73	2.94	3.83
19980417	0.01	3.67	3.84
19980418	0.6	5.29	3.25
19980419	4.06	5.79	4.16
19980420	3.34	7.23	3.84
19980421	24.95	7.65	8.66
19980422	11.41	8.14	9.55
19980423	12.26	8.15	9.72
19980424	6.62	8.88	8.31
19980425	8.83	8.06	6.64
19980426	3.5	5.83	6.85
19980427	3.34	6.97	4.92
19980428	0.51	7.58	3.61
19980429	4.99	9.35	3.0
19980430	0.03	7.35	2.4
19980501	0.0	9.06	1.99
19980502	0.01	9.42	1.8
19980503	0.0	6.51	1.66
19980504	0.03	8.44	1.58
19980505	11.84	8.4	1.7
19980506	8.86	9.75	3.37
19980507	1.83	9.37	3.77
19980508	0.83	12.96	2.15
19980509	0.08	9.82	1.78
19980510	3.06	10.1	1.59
19980511	0.09	10.14	1.61
19980512	0.0	12.68	1.46
19980513	6.08	16.64	1.41
19980514	0.02	17.76	1.47
19980515	0.0	15.82	1.29
19980516	0.0	13.59	1.19
19980517	0.0	12.98	1.13
19980518	0.0	13.15	1.08
19980519	0.0	14.59	1.04
19980520	0.0	15.26	1.0
19980521	0.0	11.76	0.96
19980522	0.0	11.04	0.94
19980523	0.0	11.6	0.92
19980524	0.0	10.76	0.9
19980525	0.04	11.36	0.87
19980526	6.01	8.19	0.89
19980527	0.08	6.42	0.86
19980528	0.09	9.4	0.83
19980529	0.49	8.88	0.81
19980530	2.15	13.64	0.78
19980531	0.26	12.21	0.77
19980601	20.54	12.74	0.8
19980602	12.94	10.28	1.16
19980603	0.37	8.59	1.83
19980604	0.0	11.7	1.09
19980605	7.3	12.86	0.94
19980606	9.21	12.34	1.08
19980607	2.82	11.88	1.79
19980608	38.6	11.91	9.84
19980609	13.18	11.04	9.57
19980610	7.16	9.63	7.68
19980611	0.16	7.87	5.46
19980612	10.7	10.5	3.81
19980613	10.74	10.9	7.45
19980614	4.49	11.28	5.9
19980615	0.01	9.88	4.2
19980616	0.53	10.91	2.69
19980617	16.81	11.37	4.34
19980618	9.84	13.67	12.96
19980619	2.79	17.35	6.33
19980620	2.88	17.87	5.4
19980621	5.93	12.97	3.75
19980622	8.1	12.97	2.96
19980623	12.61	13.88	5.47
19980624	10.29	11.99	10.45
19980625	28.29	11.83	9.47
19980626	27.37	10.6	22.24
19980627	6.68	11.39	13.55
19980628	0.17	12.42	7.58
19980629	11.77	10.36	7.51
19980630	0.07	12.17	6.16
19980701	0.01	12.37	4.16
19980702	0.0	10.81	2.55
19980703	0.0	12.24	2.1
19980704	0.0	12.59	1.88
19980705	0.4	14.46	1.72
19980706	0.62	13.35	1.61
19980707	0.0	12.02	1.46
19980708	2.84	13.48	1.38
19980709	1.17	13.86	1.34
19980710	2.65	12.75	1.31
19980711	31.97	12.27	3.28
19980712	5.8	11.23	8.79
19980713	0.54	11.43	4.4
19980714	0.67	11.81	2.82
19980715	1.71	11.8	2.02
19980716	5.22	14.1	1.94
19980717	0.15	12.45	1.95
19980718	1.28	12.47	1.72
19980719	18.33	15.38	1.96
19980720	30.29	13.7	15.41
19980721	2.59	12.53	7.64
19980722	14.58	13.62	6.62
19980723	0.16	11.62	6.09
19980724	0.0	10.5	3.6
19980725	0.0	12.26	2.88
19980726	3.94	12.9	2.69
19980727	1.74	14.81	2.05
19980728	2.12	13.64	1.64
19980729	2.29	13.42	1.6
19980730	6.29	12.57	1.67
19980731	0.15	12.0	1.65
19980801	3.13	12.32	1.44
19980802	9.85	14.3	1.37
19980803	12.4	12.36	5.14
19980804	0.0	12.66	3.37
19980805	0.0	13.4	1.76
19980806	0.0	13.71	1.51
19980807	0.0	14.28	1.39
19980808	0.0	17.91	1.28
19980809	0.0	18.62	1.2
19980810	0.0	17.83	1.14
19980811	0.09	16.59	1.08
19980812	0.02	12.61	1.04
19980813	7.88	13.95	1.02
19980814	33.15	12.86	5.44
19980815	0.05	11.65	4.03
19980816	0.78	13.91	2.05
19980817	1.72	13.06	2.07
19980818	0.0	11.46	1.72
19980819	0.24	14.08	1.51
19980820	16.37	13.73	2.36
19980821	0.31	12.13	3.43
19980822	8.0	11.03	1.82
19980823	26.37	13.3	8.68
19980824	0.0	10.96	5.52
19980825	4.94	13.85	3.85
19980826	0.07	10.1	2.62
19980827	0.0	11.29	1.92
19980828	0.0	11.25	1.57
19980829	0.05	12.31	1.42
19980830	0.0	15.11	1.31
19980831	6.39	15.19	1.28
19980901	0.84	14.28	1.3
19980902	5.87	14.26	1.29
19980903	0.12	11.95	1.2
19980904	16.79	12.69	1.99
19980905	0.97	14.38	2.6
19980906	0.75	15.03	1.53
19980907	42.92	14.26	10.42
19980908	22.06	14.48	17.95
19980909	23.43	13.24	25.28
19980910	4.79	9.98	13.1
19980911	11.38	8.22	7.73
19980912	12.26	7.47	9.36
19980913	6.54	8.96	7.24
19980914	0.81	9.78	6.59
19980915	0.13	11.25	5.26
19980916	0.0	8.94	3.83
19980917	4.95	12.93	2.97
19980918	7.81	14.66	5.63
19980919	0.14	13.78	4.55
19980920	0.01	15.26	3.03
19980921	0.0	13.51	2.58
19980922	0.0	12.92	1.97
19980923	0.0	13.33	1.71
19980924	3.66	13.1	1.67
19980925	11.68	13.16	1.88
19980926	14.91	12.75	3.87
19980927	0.21	13.08	4.17
19980928	0.08	10.36	2.59
19980929	11.76	11.65	2.14
19980930	5.69	12.5	3.78
19981001	1.83	11.25	2.69
19981002	0.14	6.59	2.39
19981003	0.0	7.7	2.3
19981004	0.26	7.09	2.15
19981005	2.83	7.75	1.69
19981006	0.35	6.7	1.64
19981007	0.0	7.3	1.46
19981008	0.01	5.89	1.32
19981009	7.04	9.23	1.61
19981010	7.77	9.68	1.93
19981011	0.07	9.39	2.79
19981012	3.91	9.11	1.56
19981013	33.91	11.77	10.4
19981014	0.15	8.93	9.63
19981015	5.8	8.15	5.81
19981016	70.8	9.39	50.4
19981017	0.89	3.88	11.33
19981018	8.21	5.11	8.26
19981019	0.23	6.36	6.57
19981020	31.51	9.57	13.1
19981021	14.86	12.66	15.16
19981022	86.5	12.39	79.35
19981023	16.57	8.49	19.27
19981024	45.37	8.56	45.34
19981025	12.08	6.41	11.85
19981026	23.61	8.09	12.03
19981027	58.91	9.55	57.34
19981028	5.09	6.77	16.48
19981029	8.77	6.65	9.75
19981030	9.66	6.53	8.44
19981031	22.86	4.65	17.12
19981101	5.39	4.94	9.53
19981102	29.49	5.98	15.79
19981103	2.51	2.37	11.3
19981104	2.64	2.84	8.35
19981105	6.37	6.81	7.75
19981106	0.77	6.69	6.21
19981107	30.15	9.34	11.17
19981108	32.98	11.27	21.32
19981109	6.27	7.45	11.49
19981110	0.38	4.09	7.93
19981111	11.84	5.5	7.19
19981112	5.39	4.48	7.78
19981113	8.23	3.43	6.39
19981114	0.83	4.14	6.14
19981115	0.0	1.69	4.9
19981116	0.01	1.36	3.88
19981117	0.07	1.78	3.31
19981118	0.01	2.23	3.0
19981119	0.12	2.96	2.8
19981120	1.81	4.79	2.48
19981121	0.16	3.73	2.31
19981122	4.29	3.25	2.27
19981123	13.92	4.46	2.18
19981124	7.49	4.19	7.35
19981125	2.13	5.13	3.7
19981126	2.76	8.05	3.01
19981127	14.4	8.78	4.12
19981128	0.42	4.28	7.98
19981129	0.01	3.64	4.5
19981130	0.0	2.96	3.02
19981201	0.02	1.52	2.53
19981202	0.0	-0.44	2.31
19981203	0.62	-0.1	2.0
19981204	0.17	0.02	1.74
19981205	1.58	-1.48	1.74
19981206	1.68	0.2	1.6
19981207	15.11	5.24	1.61
19981208	14.43	6.44	9.73
19981209	0.89	6.65	3.98
19981210	10.51	6.74	4.5
19981211	17.19	8.04	7.08
19981212	10.47	7.32	8.57
19981213	5.11	8.7	7.18
19981214	14.58	9.29	12.62
19981215	2.45	6.63	7.47
19981216	0.06	7.12	5.56
19981217	7.91	6.44	5.07
19981218	14.28	5.01	8.26
19981219	0.89	1.75	5.74
19981220	0.0	-2.01	4.21
19981221	6.19	1.52	3.89
19981222	21.16	3.82	7.01
19981223	0.98	1.32	7.76
19981224	41.94	5.15	24.03
19981225	32.36	5.52	37.43
19981226	22.29	6.24	23.25
19981227	13.48	3.75	11.26
19981228	5.91	2.28	9.27
19981229	6.65	6.41	8.25
19981230	1.47	5.58	7.52
19981231	1.82	4.94	6.2
19990101	24.33	4.17	8.98
19990102	24.23	3.91	10.72
19990103	27.99	6.3	27.39
19990104	29.87	7.88	21.83
19990105	1.51	9.57	16.34
19990106	11.04	6.08	10.08
19990107	17.23	3.77	13.6
19990108	7.52	1.21	10.54
19990109	0.02	-0.45	7.47
19990110	0.01	-2.03	6.34
19990111	14.74	-1.08	4.57
19990112	12.43	3.13	8.1
19990113	15.45	4.56	11.74
19990114	5.5	4.4	8.16
19990115	79.82	4.67	61.1
19990116	10.13	1.85	14.97
19990117	2.51	2.75	10.22
19990118	34.18	6.64	18.16
19990119	34.21	8.09	32.04
19990120	2.02	4.05	14.33
19990121	0.0	0.65	7.76
19990122	0.08	0.38	6.33
19990123	10.43	4.03	6.95
19990124	28.81	6.39	14.55
19990125	7.97	4.16	14.18
19990126	8.74	2.84	11.17
19990127	5.89	5.06	7.93
19990128	0.76	5.66	6.69
19990129	0.72	6.08	5.79
19990130	0.73	6.35	4.89
19990131	0.01	5.01	4.02
19990201	0.01	2.76	3.49
19990202	0.42	4.03	2.67
19990203	0.68	7.06	2.23
19990204	0.28	6.47	2.09
19990205	1.86	4.89	1.93
19990206	2.91	2.62	2.18
19990207	4.81	0.25	2.17
19990208	7.32	-2.47	1.96
19990209	0.29	-2.63	1.74
19990210	0.07	-0.67	1.62
19990211	0.02	0.72	1.64
19990212	1.23	3.15	1.75
19990213	0.65	3.17	2.1
19990214	4.87	3.83	2.31
19990215	0.46	4.46	2.0
19990216	0.89	3.86	1.67
19990217	3.78	5.4	1.97
19990218	20.25	7.42	4.12
19990219	0.92	4.73	7.43
19990220	5.96	4.52	4.56
19990221	6.71	3.59	4.85
19990222	5.69	1.87	4.42
19990223	8.13	2.67	4.79
19990224	0.44	3.53	4.85
19990225	6.87	5.74	4.37
19990226	13.64	4.34	9.69
19990227	1.11	4.12	5.89
19990228	42.21	7.09	19.82
19990301	39.39	8.7	26.71
19990302	36.61	7.07	45.91
19990303	13.82	3.7	24.3
19990304	0.82	1.41	9.57
19990305	0.51	1.21	6.83
19990306	1.18	1.37	5.66
19990307	0.67	2.28	4.89
19990308	0.26	1.84	3.49
19990309	0.09	2.26	2.54
19990310	0.0	1.14	2.17
19990311	0.86	3.64	2.03
19990312	0.78	5.69	1.89
19990313	0.01	5.72	1.74
19990314	0.0	5.32	1.62
19990315	0.45	6.33	1.53
19990316	0.05	8.68	1.46
19990317	0.0	11.08	1.39
19990318	0.0	5.12	1.31
19990319	0.04	3.9	1.25
19990320	11.52	5.3	1.26
19990321	1.96	4.48	2.28
19990322	1.49	5.84	1.56
19990323	0.6	7.48	1.36
19990324	1.9	6.56	1.28
19990325	8.8	3.12	2.31
19990326	5.61	3.48	2.43
19990327	0.05	5.16	1.83
19990328	8.31	7.77	1.5
19990329	8.4	7.86	5.06
19990330	5.28	8.48	2.64
19990331	0.02	10.6	1.95
19990401	1.61	10.72	1.64
19990402	1.33	7.58	1.68
19990403	1.79	9.1	1.59
19990404	14.17	10.99	3.76
19990405	9.06	9.87	5.7
19990406	9.69	7.46	8.96
19990407	0.23	6.81	5.35
19990408	0.0	10.29	3.72
19990409	5.08	9.67	2.42
19990410	0.25	6.86	2.5
19990411	26.52	7.12	8.47
19990412	6.92	4.73	9.03
19990413	4.46	1.65	6.28
19990414	12.88	-0.71	5.35
19990415	0.78	1.21	6.67
19990416	0.19	3.66	4.78
19990417	1.47	2.82	3.37
19990418	0.11	3.06	2.6
19990419	4.77	5.18	2.19
19990420	25.56	7.95	10.69
19990421	23.64	7.06	16.27
19990422	5.43	7.35	8.95
19990423	1.28	7.52	6.9
19990424	1.29	9.04	5.1
19990425	6.01	7.96	4.42
19990426	3.09	8.78	4.17
19990427	0.0	10.85	2.96
19990428	0.0	10.74	2.19
19990429	0.0	8.93	1.91
19990430	0.23	12.0	1.71
19990501	0.0	11.8	1.6
19990502	0.0	11.64	1.51
19990503	0.0	13.98	1.42
19990504	0.0	10.88	1.34
19990505	0.07	11.75	1.27
19990506	2.93	10.08	1.26
19990507	7.57	10.04	1.28
19990508	35.48	10.55	7.06
19990509	3.22	12.08	5.26
19990510	11.92	10.66	3.83
19990511	9.29	10.43	6.52
19990512	6.69	10.2	6.06
19990513	10.64	9.58	7.36
19990514	3.37	10.53	6.66
19990515	0.07	11.3	4.23
19990516	0.0	8.71	2.64
19990517	0.01	8.16	2.17
19990518	0.5	9.44	1.85
19990519	0.14	11.92	1.67
19990520	0.09	12.85	1.53
19990521	2.54	8.32	1.56
19990522	0.81	10.62	1.44
19990523	1.73	10.12	1.39
19990524	6.26	7.82	2.02
19990525	1.64	9.16	1.59
19990526	0.68	10.66	1.46
19990527	13.62	16.1	1.64
19990528	1.55	11.91	3.1
19990529	14.05	12.37	5.16
19990530	0.12	8.74	3.21
19990531	0.01	11.26	1.87
19990601	11.69	14.74	1.73
19990602	11.83	12.65	3.71
19990603	15.68	10.87	9.7
19990604	8.18	7.47	7.5
19990605	7.34	7.75	7.12
19990606	4.48	9.39	5.11
19990607	0.89	7.29	3.7
19990608	0.0	7.16	2.39
19990609	0.01	10.02	1.97
19990610	0.0	9.19	1.77
19990611	0.02	10.13	1.61
19990612	3.01	9.06	1.54
19990613	0.0	12.68	1.43
19990614	1.22	13.11	1.34
19990615	0.0	13.27	1.29
19990616	0.0	14.01	1.22
19990617	0.08	10.14	1.16
19990618	0.78	15.11	1.1
19990619	12.68	12.45	1.19
19990620	0.91	9.91	1.38
19990621	0.02	9.17	1.12
19990622	0.42	11.65	1.04
19990623	0.01	12.45	1.03
19990624	0.0	14.66	0.98
19990625	0.0	14.47	0.92
19990626	9.52	16.19	0.91
19990627	4.95	10.63	1.17
19990628	6.88	11.49	1.43
19990629	0.1	11.76	1.31
19990630	8.58	12.37	1.07
19990701	0.27	14.92	2.4
19990702	1.91	16.77	1.57
19990703	0.88	14.38	1.29
19990704	3.52	15.3	1.12
19990705	11.05	14.89	2.74
19990706	0.04	15.73	1.8
19990707	0.0	14.71	1.17
19990708	0.0	19.29	1.04
19990709	0.0	18.2	0.97
19990710	0.0	17.63	0.9
19990711	0.0	17.21	0.85
19990712	0.0	16.81	0.82
19990713	1.99	13.7	0.82
19990714	0.02	11.85	0.8
19990715	0.43	12.67	0.78
19990716	0.38	13.12	0.77
19990717	0.06	14.68	0.76
19990718	0.08	16.04	0.73
19990719	25.82	15.8	0.99
19990720	0.26	12.91	1.41
19990721	0.92	11.81	0.95
19990722	0.0	10.33	0.82
19990723	0.0	15.32	0.76
19990724	0.04	16.01	0.72
19990725	0.0	15.58	0.7
19990726	0.0	13.52	0.67
19990727	0.0	14.31	0.65
19990728	0.0	15.05	0.64
19990729	0.0	17.49	0.63
19990730	0.0	18.68	0.62
19990731	0.0	18.3	0.61
19990801	0.0	19.68	0.6
19990802	9.19	19.35	0.64
19990803	0.14	15.99	0.7
19990804	14.74	17.32	0.69
19990805	0.78	16.83	0.76
19990806	35.67	17.17	1.84
19990807	0.06	17.59	2.21
19990808	9.28	13.61	1.3
19990809	0.06	13.57	1.14
19990810	0.0	12.26	0.9
19990811	0.04	13.16	0.81
19990812	1.23	15.48	0.76
19990813	1.07	13.8	0.76
19990814	4.18	12.9	0.75
19990815	0.03	11.01	0.71
19990816	13.25	11.38	0.84
19990817	12.88	11.3	4.47
19990818	3.64	12.36	4.28
19990819	0.0	11.05	2.02
19990820	0.0	11.92	1.34
19990821	0.0	11.97	1.12
19990822	1.11	12.73	1.02
19990823	8.06	14.16	0.96
19990824	28.17	13.53	2.42
19990825	8.28	15.52	5.1
19990826	2.09	13.63	3.48
19990827	0.0	14.21	1.87
19990828	0.27	14.22	1.44
19990829	0.27	12.92	1.26
19990830	0.0	13.47	1.16
19990831	0.0	12.82	1.08
19990901	0.0	15.44	1.03
19990902	0.0	16.06	0.97
19990903	0.0	17.09	0.93
19990904	0.0	16.53	0.88
19990905	0.0	17.25	0.85
19990906	6.59	17.21	0.83
19990907	0.01	12.07	0.88
19990908	4.2	12.06	0.84
19990909	0.0	10.68	0.83
19990910	0.0	15.97	0.78
19990911	6.97	12.98	0.8
19990912	2.27	11.79	0.8
19990913	0.01	9.03	0.77
19990914	0.0	9.44	0.72
19990915	12.95	13.0	0.71
19990916	17.38	11.77	1.79
19990917	6.46	12.34	4.19
19990918	61.92	12.06	17.79
19990919	5.49	12.86	8.83
19990920	4.3	12.79	5.91
19990921	1.25	12.65	4.56
19990922	13.1	13.89	4.4
19990923	30.95	13.97	14.78
19990924	27.81	12.25	26.19
19990925	8.75	12.17	10.88
19990926	28.0	11.59	15.62
19990927	12.58	11.2	13.9
19990928	18.87	11.85	10.3
19990929	19.09	11.99	26.39
19990930	1.04	10.34	10.18
19991001	47.65	8.77	29.59
19991002	7.6	7.94	13.29
19991003	9.3	6.9	10.06
19991004	0.13	5.58	7.67
19991005	0.0	6.12	5.78
19991006	3.74	8.56	4.57
19991007	8.52	11.47	4.38
19991008	1.14	12.53	4.44
19991009	0.87	12.57	3.16
19991010	2.81	8.49	3.4
19991011	0.01	6.5	2.96
19991012	0.0	6.32	2.26
19991013	0.01	7.18	1.99
19991014	0.0	8.69	1.81
19991015	0.02	9.83	1.68
19991016	0.0	8.27	1.57
19991017	0.0	7.78	1.47
19991018	0.0	6.66	1.37
19991019	0.01	5.97	1.3
19991020	0.1	4.61	1.25
19991021	7.47	8.01	1.3
19991022	11.24	10.43	1.52
19991023	11.42	10.18	3.05
19991024	18.36	8.29	9.36
19991025	0.3	9.69	5.4
19991026	0.01	8.91	3.6
19991027	0.73	10.35	2.18
19991028	1.0	8.42	2.2
19991029	4.38	10.91	2.45
19991030	16.67	9.99	7.67
19991031	4.17	9.94	5.8
19991101	8.16	8.61	10.22
19991102	2.0	7.97	6.75
19991103	0.12	9.21	4.83
19991104	26.06	9.11	3.56
19991105	24.96	6.56	27.2
19991106	0.61	4.73	8.53
19991107	1.81	7.0	5.99
19991108	0.13	7.67	4.81
19991109	0.0	5.86	3.33
19991110	0.0	6.3	2.58
19991111	0.73	6.25	2.22
19991112	0.21	5.61	2.0
19991113	0.02	6.37	1.86
19991114	0.26	4.93	1.68
19991115	1.11	4.32	1.59
19991116	6.5	3.26	2.07
19991117	5.49	3.6	2.23
19991118	0.0	1.29	1.98
19991119	0.0	2.37	1.59
19991120	0.0	1.36	1.4
19991121	0.21	2.85	1.33
19991122	0.69	6.01	1.29
19991123	16.96	8.67	2.49
19991124	39.94	7.82	28.93
19991125	5.48	8.36	11.17
19991126	11.87	6.17	12.36
19991127	3.43	7.5	7.04
19991128	20.81	6.82	17.54
19991129	0.28	3.59	7.8
19991130	6.46	8.18	6.62
19991201	0.88	5.83	5.84
19991202	9.86	6.56	4.32
19991203	6.55	4.06	9.93
19991204	0.96	1.97	4.88
19991205	14.45	4.49	6.77
19991206	27.07	7.37	25.3
19991207	6.63	5.3	10.01
19991208	20.32	5.04	16.08
19991209	9.03	4.1	11.34
19991210	20.05	6.08	14.05
19991211	16.94	5.7	22.32
19991212	9.15	2.67	8.65
19991213	17.08	0.82	8.22
19991214	2.35	-0.17	6.43
19991215	0.7	0.54	5.08
19991216	27.85	5.53	15.65
19991217	5.94	4.59	15.82
19991218	15.57	-2.25	7.41
19991219	0.11	-5.88	5.76
19991220	12.74	-1.74	4.97
19991221	1.96	5.49	10.14
19991222	30.54	6.32	19.64
19991223	30.11	6.22	25.58
19991224	33.34	5.56	33.37
19991225	5.44	2.56	12.43
19991226	2.18	2.92	8.2
19991227	6.45	1.37	6.46
19991228	1.52	1.02	5.83
19991229	8.91	2.92	5.17
19991230	19.96	5.95	15.99
19991231	5.86	5.21	7.76
20000101	0.23	4.65	6.18
20000102	21.25	6.41	7.91
20000103	6.12	2.95	9.53
20000104	8.34	3.24	7.38
20000105	6.33	7.21	7.44
20000106	1.98	4.26	6.74
20000107	11.03	3.98	7.92
20000108	0.19	2.12	6.2
20000109	0.06	1.13	4.63
20000110	6.76	4.87	4.25
20000111	13.86	6.27	9.28
20000112	17.32	2.75	14.39
20000113	0.57	0.98	7.46
20000114	0.41	1.72	5.67
20000115	0.13	-0.2	4.19
20000116	0.05	1.03	3.1
20000117	0.05	2.63	2.66
20000118	0.05	4.79	2.27
20000119	0.0	3.89	2.03
20000120	0.13	0.6	1.89
20000121	0.17	2.06	1.77
20000122	0.53	1.43	1.74
20000123	0.0	0.32	1.58
20000124	0.04	-0.85	1.49
20000125	0.01	-0.66	1.42
20000126	0.0	-1.13	1.33
20000127	0.35	0.36	1.28
20000128	23.84	5.57	6.95
20000129	32.07	7.86	13.49
20000130	6.82	7.7	13.11
20000131	7.5	6.91	8.93
20000201	18.55	4.59	14.67
20000202	1.36	4.46	7.96
20000203	9.1	5.86	6.46
20000204	5.14	6.24	8.81
20000205	6.7	6.57	6.65
20000206	11.55	5.32	9.49
20000207	23.41	6.61	13.02
20000208	2.08	5.25	13.64
20000209	23.57	4.34	8.87
20000210	0.76	2.55	13.06
20000211	15.14	4.28	8.23
20000212	0.88	3.1	8.64
20000213	1.69	1.69	5.68
20000214	8.77	5.29	6.7
20000215	8.36	2.18	6.73
20000216	3.57	1.54	5.12
20000217	8.98	4.85	5.76
20000218	8.74	4.46	6.37
20000219	0.15	1.55	5.56
20000220	6.97	3.06	4.17
20000221	0.1	1.43	4.09
20000222	0.28	3.82	2.97
20000223	11.11	5.34	4.81
20000224	10.02	2.71	6.73
20000225	1.54	3.03	5.22
20000226	6.5	5.62	5.13
20000227	57.05	4.29	35.27
20000228	25.75	3.94	19.22
20000229	5.89	3.49	16.68
20000301	4.47	2.29	7.65
20000302	32.58	5.0	21.91
20000303	0.32	2.18	12.89
20000304	0.07	2.49	6.83
20000305	3.11	5.26	5.53
20000306	3.84	7.58	5.64
20000307	17.95	8.07	8.96
20000308	5.37	8.44	8.48
20000309	0.48	8.8	6.62
20000310	0.09	7.62	5.28
20000311	0.01	4.24	4.14
20000312	0.0	7.49	2.96
20000313	0.69	9.53	2.42
20000314	0.08	3.62	2.25
20000315	0.0	5.98	1.95
20000316	0.0	5.81	1.8
20000317	0.0	6.46	1.68
20000318	0.0	4.65	1.56
20000319	0.01	5.74	1.47
20000320	0.0	7.1	1.39
20000321	0.01	5.46	1.33
20000322	2.35	8.01	1.26
20000323	18.52	5.81	2.78
20000324	7.43	5.16	2.0
20000325	3.32	3.84	3.46
20000326	1.95	3.51	2.83
20000327	0.93	3.7	2.08
20000328	0.11	2.23	1.72
20000329	0.0	2.37	1.55
20000330	0.0	4.32	1.38
20000331	2.89	4.77	1.32
20000401	8.02	5.22	1.39
20000402	11.39	3.7	2.43
20000403	11.98	-0.11	5.06
20000404	4.7	1.3	3.27
20000405	0.24	2.83	3.28
20000406	0.0	3.49	3.26
20000407	0.0	4.86	2.41
20000408	0.0	7.1	1.98
20000409	0.0	4.78	1.76
20000410	4.06	5.79	1.49
20000411	4.76	2.29	2.02
20000412	8.05	2.46	3.99
20000413	6.74	3.86	3.02
20000414	0.72	3.0	1.87
20000415	1.37	2.73	1.56
20000416	15.2	4.46	1.65
20000417	16.95	4.27	9.32
20000418	13.7	4.31	7.95
20000419	17.56	7.78	12.18
20000420	9.85	8.32	9.08
20000421	31.95	8.08	18.66
20000422	1.01	7.99	9.37
20000423	13.95	7.92	7.42
20000424	25.05	8.53	11.47
20000425	7.83	7.68	10.76
20000426	11.4	7.99	11.09
20000427	0.32	6.54	7.62
20000428	12.93	8.84	7.49
20000429	0.04	8.28	6.69
20000430	0.0	10.59	4.79
20000501	0.0	10.24	3.34
20000502	0.0	10.39	2.45
20000503	0.0	6.96	2.16
20000504	0.0	7.63	1.91
20000505	0.0	10.05	1.74
20000506	0.2	14.24	1.6
20000507	0.01	14.11	1.48
20000508	0.0	12.93	1.38
20000509	0.09	15.13	1.31
20000510	0.01	13.02	1.24
20000511	0.08	10.13	1.18
20000512	1.32	11.96	1.14
20000513	0.0	13.99	1.1
20000514	0.0	16.32	1.05
20000515	0.0	12.89	1.0
20000516	10.27	9.1	1.07
20000517	17.19	7.28	1.93
20000518	3.23	7.81	1.76
20000519	0.09	6.26	1.24
20000520	7.71	8.06	1.32
20000521	0.69	7.53	1.51
20000522	8.03	9.94	1.3
20000523	17.04	7.02	7.24
20000524	6.7	6.95	3.82
20000525	11.12	8.74	3.33
20000526	14.79	5.25	10.16
20000527	8.71	6.36	7.94
20000528	2.09	7.46	6.63
20000529	0.02	8.61	4.19
20000530	0.05	8.43	2.47
20000531	22.82	11.33	5.15
20000601	26.62	11.67	18.41
20000602	18.9	12.48	14.13
20000603	14.5	10.34	12.24
20000604	1.26	9.89	7.71
20000605	0.8	10.69	5.44
20000606	3.35	10.03	4.34
20000607	0.0	11.85	2.68
20000608	8.83	12.68	2.2
20000609	0.17	9.35	2.88
20000610	3.38	10.52	2.05
20000611	2.27	11.48	1.86
20000612	5.34	13.06	2.35
20000613	9.45	12.33	4.41
20000614	14.38	11.99	8.51
20000615	1.04	12.59	5.38
20000616	0.0	17.02	3.45
20000617	0.0	18.41	2.13
20000618	0.0	20.04	1.77
20000619	1.3	17.03	1.59
20000620	8.18	13.82	1.54
20000621	18.32	11.7	2.25
20000622	16.77	10.45	13.48
20000623	0.07	10.3	5.46
20000624	0.0	7.81	3.99
20000625	0.0	9.49	2.38
20000626	0.0	12.08	1.82
20000627	0.0	14.14	1.61
20000628	0.0	15.05	1.47
20000629	0.68	15.77	1.37
20000630	3.8	15.22	1.31
20000701	0.69	13.66	1.28
20000702	20.03	13.79	2.34
20000703	3.31	14.95	1.49
20000704	2.8	12.81	1.51
20000705	8.11	12.32	4.02
20000706	9.65	14.46	3.23
20000707	0.19	12.35	1.85
20000708	11.08	12.65	1.75
20000709	12.21	11.18	3.27
20000710	7.25	9.47	6.1
20000711	3.01	9.36	2.75
20000712	1.35	12.34	1.81
20000713	0.64	12.03	1.65
20000714	0.0	9.25	1.42
20000715	0.0	11.14	1.26
20000716	0.0	12.22	1.16
20000717	0.0	13.24	1.11
20000718	0.0	13.66	1.04
20000719	0.0	14.46	1.0
20000720	0.0	15.14	0.95
20000721	0.0	16.99	0.91
20000722	0.0	14.94	0.87
20000723	0.0	12.35	0.85
20000724	0.0	12.88	0.83
20000725	0.0	13.69	0.81
20000726	0.0	14.67	0.79
20000727	6.96	15.33	0.8
20000728	5.49	14.6	1.05
20000729	7.49	15.25	0.99
20000730	0.34	15.23	0.87
20000731	4.64	16.68	0.8
20000801	12.37	14.89	0.87
20000802	9.31	14.19	1.73
20000803	7.01	12.12	1.61
20000804	0.01	12.78	1.13
20000805	0.16	17.04	0.92
20000806	0.0	16.87	0.84
20000807	4.35	16.28	0.81
20000808	2.1	16.07	0.87
20000809	3.48	15.22	0.92
20000810	3.11	12.51	0.91
20000811	0.0	14.62	0.78
20000812	3.1	16.42	0.74
20000813	15.85	15.8	1.04
20000814	2.48	13.18	2.49
20000815	7.08	12.73	2.96
20000816	14.77	13.04	4.11
20000817	20.0	12.9	5.71
20000818	5.86	11.92	6.02
20000819	0.01	10.75	3.7
20000820	7.44	11.33	1.99
20000821	0.51	11.63	2.64
20000822	0.12	13.98	1.76
20000823	0.0	14.02	1.42
20000824	0.0	17.59	1.27
20000825	1.12	17.95	1.19
20000826	0.01	14.27	1.15
20000827	1.67	13.0	1.11
20000828	0.95	10.8	1.06
20000829	0.0	12.95	1.01
20000830	0.0	13.81	0.96
20000831	5.68	12.97	1.05
20000901	9.77	12.37	1.36
20000902	0.39	11.85	1.16
20000903	0.0	10.81	0.99
20000904	1.32	13.82	0.91
20000905	5.31	14.02	1.12
20000906	9.54	10.88	1.8
20000907	10.9	14.06	3.47
20000908	6.32	11.66	3.71
20000909	0.4	14.96	1.85
20000910	0.0	17.29	1.45
20000911	0.06	17.94	1.25
20000912	0.16	12.7	1.16
20000913	11.22	13.19	1.12
20000914	22.55	13.0	7.1
20000915	4.6	12.02	5.73
20000916	0.3	12.81	3.32
20000917	33.54	11.95	8.15
20000918	0.11	8.13	10.28
20000919	4.91	9.29	4.48
20000920	5.22	8.79	4.75
20000921	14.83	12.5	7.47
20000922	1.75	14.52	6.38
20000923	4.42	15.85	3.86
20000924	10.54	10.66	6.19
20000925	41.48	12.41	18.74
20000926	11.12	12.69	15.86
20000927	53.8	10.22	40.89
20000928	1.86	11.74	11.32
20000929	0.54	12.27	6.68
20000930	0.03	10.07	5.15
20001001	12.38	10.04	5.38
20001002	2.5	9.66	5.5
20001003	3.61	10.15	5.39
20001004	6.81	8.81	4.85
20001005	1.57	6.63	4.1
20001006	2.55	8.6	2.74
20001007	2.55	8.84	3.28
20001008	9.85	7.15	3.23
20001009	20.28	7.71	15.05
20001010	14.88	5.95	10.89
20001011	15.53	5.61	10.99
20001012	1.63	8.87	5.97
20001013	1.14	9.01	4.62
20001014	4.22	9.94	3.95
20001015	0.55	8.21	3.46
20001016	1.93	6.37	2.7
20001017	25.0	9.31	8.64
20001018	1.49	7.98	6.7
20001019	6.01	7.54	4.27
20001020	6.09	8.02	6.23
20001021	0.11	5.44	3.98
20001022	11.84	8.13	4.94
20001023	14.5	8.91	9.73
20001024	14.39	9.19	12.24
20001025	0.46	7.44	8.51
20001026	25.25	9.27	11.4
20001027	14.75	9.42	18.9
20001028	45.99	8.1	37.73
20001029	73.69	6.18	58.07
20001030	18.45	5.88	26.05
20001031	6.72	5.39	13.28
20001101	13.89	5.38	9.62
20001102	14.48	4.31	20.94
20001103	1.34	4.93	9.05
20001104	1.91	4.84	6.61
20001105	32.09	4.87	19.09
20001106	3.14	5.66	8.41
20001107	0.48	5.79	6.22
20001108	3.61	5.13	5.36
20001109	0.55	3.38	5.08
20001110	41.26	5.23	23.4
20001111	20.12	5.69	20.78
20001112	5.05	4.68	10.19
20001113	0.24	3.39	6.59
20001114	1.6	2.07	5.37
20001115	16.38	5.13	7.53
20001116	2.74	3.47	5.92
20001117	1.59	4.35	4.2
20001118	15.71	6.53	6.72
20001119	9.7	3.69	8.61
20001120	3.07	1.94	6.61
20001121	50.28	3.41	23.76
20001122	10.02	4.66	17.5
20001123	2.51	3.82	8.45
20001124	8.86	5.33	7.34
20001125	29.27	6.03	16.8
20001126	10.86	5.18	13.19
20001127	40.45	8.98	28.64
20001128	5.34	10.61	19.82
20001129	6.88	7.29	9.05
20001130	29.78	8.73	13.76
20001201	10.61	8.45	18.6
20001202	5.33	6.44	8.46
20001203	20.03	7.9	10.33
20001204	30.07	9.59	22.06
20001205	29.35	8.13	30.99
20001206	9.64	7.35	14.13
20001207	37.96	8.07	26.72
20001208	25.19	6.54	16.8
20001209	22.08	7.01	25.42
20001210	43.41	7.66	31.64
20001211	33.85	10.29	38.96
20001212	43.81	7.81	40.05
20001213	11.06	4.31	15.48
20001214	7.8	2.54	11.19
20001215	7.36	0.6	8.78
20001216	3.31	1.36	7.44
20001217	0.78	2.23	6.06
20001218	3.06	4.71	5.09
20001219	10.65	6.92	7.65
20001220	0.14	6.76	4.98
20001221	0.01	4.48	3.86
20001222	0.0	3.76	3.05
20001223	1.55	2.85	2.6
20001224	9.63	1.65	3.06
20001225	0.2	-0.63	3.24
20001226	0.0	-2.74	2.2
20001227	8.66	-2.11	1.86
20001228	0.48	-3.99	1.74
20001229	0.22	-3.61	1.64
20001230	0.24	-1.96	1.55
20001231	40.33	4.09	14.75
20010101	17.51	6.51	12.06
20010102	6.5	3.61	13.27
20010103	8.0	4.65	8.73
20010104	5.67	4.4	7.08
20010105	0.48	2.54	6.2
20010106	0.55	3.35	4.76
20010107	3.31	3.03	3.66
20010108	0.21	1.61	2.95
20010109	0.01	0.64	2.4
20010110	0.0	1.14	2.15
20010111	0.0	0.85	1.88
20010112	0.0	1.27	1.63
20010113	0.0	1.63	1.51
20010114	0.0	1.56	1.42
20010115	0.0	-0.94	1.35
20010116	0.0	-1.81	1.29
20010117	0.0	-1.03	1.23
20010118	0.0	-0.99	1.18
20010119	0.0	-1.69	1.13
20010120	9.56	-0.4	1.11
20010121	9.64	3.21	1.73
20010122	31.21	4.82	13.73
20010123	35.7	5.81	22.46
20010124	11.24	3.5	9.3
20010125	8.39	2.58	10.72
20010126	3.28	1.45	9.05
20010127	0.36	1.12	5.82
20010128	0.33	1.08	4.55
20010129	5.92	2.67	3.25
20010130	0.68	4.79	3.17
20010131	0.09	2.84	2.42
20010201	2.2	2.82	2.66
20010202	10.42	5.2	5.29
20010203	25.88	4.34	9.89
20010204	10.03	5.62	12.56
20010205	12.13	6.55	10.3
20010206	6.36	5.76	7.33
20010207	0.18	4.65	5.48
20010208	0.0	-1.12	4.07
20010209	0.35	1.38	2.61
20010210	35.07	6.67	12.58
20010211	38.32	6.81	20.44
20010212	12.6	2.52	31.98
20010213	0.22	2.31	7.5
20010214	0.01	2.99	5.49
20010215	0.35	4.22	4.46
20010216	0.44	1.64	3.16
20010217	0.01	0.76	2.3
20010218	0.01	0.74	1.98
20010219	0.0	2.61	1.73
20010220	0.37	4.17	1.59
20010221	0.06	6.82	1.48
20010222	0.76	4.5	1.4
20010223	1.41	0.42	1.36
20010224	1.6	-1.8	1.25
20010225	3.26	-0.19	1.23
20010226	9.32	-0.56	1.76
20010227	0.89	0.27	1.54
20010228	0.44	-2.71	1.45
20010301	0.05	-3.08	1.22
20010302	0.07	-3.43	1.09
20010303	0.19	-2.28	1.04
20010304	0.57	-1.59	1.0
20010305	0.01	1.7	0.97
20010306	22.47	5.91	4.39
20010307	3.36	8.32	5.95
20010308	5.2	7.57	4.08
20010309	19.16	7.62	7.12
20010310	4.31	7.69	10.78
20010311	1.64	4.99	7.36
20010312	25.47	3.11	11.34
20010313	0.64	4.23	8.11
20010314	0.97	2.43	5.3
20010315	6.68	3.1	4.9
20010316	13.23	2.02	5.51
20010317	2.07	-0.61	4.94
20010318	0.05	-1.78	3.34
20010319	0.16	0.74	2.55
20010320	16.07	-0.66	2.42
20010321	9.64	2.31	7.45
20010322	12.54	6.54	9.17
20010323	6.29	5.69	11.64
20010324	0.48	3.7	6.08
20010325	0.82	2.88	4.64
20010326	5.29	2.53	3.43
20010327	12.37	4.22	6.34
20010328	1.56	4.2	4.69
20010329	0.58	4.75	3.16
20010330	4.6	6.23	2.39
20010331	5.88	7.67	5.78
20010401	0.71	9.7	3.72
20010402	14.02	5.71	7.15
20010403	24.73	4.59	10.66
20010404	2.67	4.81	7.51
20010405	14.33	6.38	11.25
20010406	9.06	5.34	8.46
20010407	0.78	4.58	5.98
20010408	26.71	6.45	13.97
20010409	3.01	8.25	7.11
20010410	0.47	4.82	5.52
20010411	0.0	4.83	4.23
20010412	0.64	5.47	2.93
20010413	0.57	4.69	2.29
20010414	4.42	7.48	2.18
20010415	0.02	4.6	2.21
20010416	0.07	3.88	1.69
20010417	4.27	3.7	1.56
20010418	0.39	1.23	1.53
20010419	0.1	2.53	1.37
20010420	0.07	2.55	1.27
20010421	5.28	4.91	1.19
20010422	8.95	3.75	2.44
20010423	1.72	7.08	1.71
20010424	23.05	5.59	7.66
20010425	5.42	6.89	5.98
20010426	0.9	5.94	3.9
20010427	5.92	7.69	2.53
20010428	15.96	4.92	4.49
20010429	0.47	3.14	5.45
20010430	0.07	5.88	2.63
20010501	0.16	8.08	1.9
20010502	0.0	9.8	1.56
20010503	0.0	7.14	1.42
20010504	0.18	6.32	1.31
20010505	0.0	6.81	1.22
20010506	0.0	5.23	1.15
20010507	0.0	7.19	1.09
20010508	0.74	10.01	1.03
20010509	1.23	9.73	1.0
20010510	0.14	13.26	0.97
20010511	0.0	14.84	0.92
20010512	0.0	15.59	0.87
20010513	4.62	11.9	0.87
20010514	0.15	10.74	0.83
20010515	1.07	11.84	0.8
20010516	18.18	7.12	0.87
20010517	8.56	5.84	2.35
20010518	0.15	9.0	1.23
20010519	0.0	7.69	0.97
20010520	0.0	10.5	0.86
20010521	0.0	11.69	0.8
20010522	0.0	12.86	0.75
20010523	0.0	15.15	0.71
20010524	0.0	14.3	0.69
20010525	0.06	13.94	0.66
20010526	4.61	14.22	0.68
20010527	22.36	13.44	1.88
20010528	1.84	11.88	2.59
20010529	0.0	11.12	1.38
20010530	0.1	10.63	1.02
20010531	0.25	10.58	0.87
20010601	0.14	11.77	0.81
20010602	0.0	7.47	0.76
20010603	0.0	8.73	0.71
20010604	0.0	9.81	0.68
20010605	2.1	12.68	0.66
20010606	5.63	8.32	0.7
20010607	0.49	7.21	0.7
20010608	0.0	7.73	0.64
20010609	0.21	9.09	0.61
20010610	0.0	8.9	0.59
20010611	0.0	9.75	0.58
20010612	0.0	10.56	0.57
20010613	0.0	10.93	0.56
20010614	5.87	13.26	0.55
20010615	17.09	12.78	0.8
20010616	4.93	12.38	0.97
20010617	1.12	8.39	0.75
20010618	0.32	13.16	0.63
20010619	1.64	14.0	0.57
20010620	0.39	11.8	0.58
20010621	0.0	10.39	0.54
20010622	0.0	14.07	0.51
20010623	0.0	14.37	0.5
20010624	0.0	14.63	0.48
20010625	0.32	20.16	0.48
20010626	0.33	20.1	0.48
20010627	4.63	14.65	0.47
20010628	4.41	15.19	0.54
20010629	7.66	14.68	0.56
20010630	1.47	14.05	0.79
20010701	0.26	15.26	0.61
20010702	0.0	17.86	0.53
20010703	44.69	19.51	0.57
20010704	2.48	18.31	6.69
20010705	10.46	19.22	3.08
20010706	6.74	16.35	2.16
20010707	0.15	15.89	1.21
20010708	0.01	11.91	0.94
20010709	2.12	13.16	0.82
20010710	3.13	12.45	1.08
20010711	0.29	11.75	1.05
20010712	2.36	11.58	0.9
20010713	12.32	10.72	2.46
20010714	0.06	9.34	1.75
20010715	0.05	8.38	1.05
20010716	1.15	11.74	0.86
20010717	25.18	10.87	1.67
20010718	0.72	9.81	3.03
20010719	0.0	9.71	1.48
20010720	12.58	12.36	1.81
20010721	3.94	13.52	2.95
20010722	0.01	12.52	1.89
20010723	0.0	12.77	1.28
20010724	0.0	12.98	1.07
20010725	0.0	15.3	0.94
20010726	0.0	16.34	0.86
20010727	0.0	18.62	0.79
20010728	0.0	19.89	0.74
20010729	0.0	18.22	0.7
20010730	0.93	16.71	0.67
20010731	0.18	15.9	0.66
20010801	0.25	16.35	0.63
20010802	41.38	13.78	4.26
20010803	0.64	12.3	2.5
20010804	7.9	11.81	1.45
20010805	8.25	15.12	1.28
20010806	14.92	14.26	2.58
20010807	5.72	13.41	4.61
20010808	35.47	12.12	10.15
20010809	3.11	10.3	5.31
20010810	18.02	13.36	3.68
20010811	67.18	14.58	26.42
20010812	5.42	15.25	26.48
20010813	4.11	15.87	8.72
20010814	0.21	17.04	6.39
20010815	14.74	16.8	5.6
20010816	7.05	13.15	6.15
20010817	4.88	14.7	4.65
20010818	23.11	14.11	7.26
20010819	11.38	14.15	8.57
20010820	0.01	13.42	5.23
20010821	2.07	14.65	3.97
20010822	2.32	15.57	2.59
20010823	2.03	17.32	1.91
20010824	3.06	16.04	1.69
20010825	0.2	16.55	1.52
20010826	0.22	12.27	1.36
20010827	0.0	11.86	1.22
20010828	0.0	13.29	1.13
20010829	1.44	15.03	1.06
20010830	5.15	13.14	1.03
20010831	4.66	11.26	1.01
20010901	0.66	14.57	0.95
20010902	2.33	12.89	0.97
20010903	0.73	11.67	0.95
20010904	0.08	11.27	0.89
20010905	2.98	12.46	0.86
20010906	0.08	11.79	0.83
20010907	0.56	13.94	0.78
20010908	0.0	10.22	0.75
20010909	0.0	9.51	0.69
20010910	0.06	11.92	0.66
20010911	0.17	11.8	0.63
20010912	13.08	10.96	1.08
20010913	6.57	8.79	1.76
20010914	1.49	11.04	1.27
20010915	0.01	9.98	0.92
20010916	0.05	9.65	0.77
20010917	0.0	9.66	0.7
20010918	0.08	12.35	0.65
20010919	0.03	11.86	0.63
20010920	0.0	10.52	0.6
20010921	0.52	11.61	0.58
20010922	0.01	9.79	0.57
20010923	0.0	10.08	0.56
20010924	0.42	9.97	0.55
20010925	2.25	10.52	0.54
20010926	12.87	11.59	0.62
20010927	10.54	13.0	1.74
20010928	2.47	15.26	1.51
20010929	1.62	13.91	0.95
20010930	35.58	12.39	12.36
20011001	13.23	11.98	16.36
20011002	9.26	11.32	9.01
20011003	2.15	11.89	6.77
20011004	15.68	12.27	10.13
20011005	17.0	12.75	15.44
20011006	12.85	12.04	8.42
20011007	23.64	9.58	18.16
20011008	14.73	10.08	17.01
20011009	0.91	10.56	6.91
20011010	7.01	12.13	7.94
20011011	3.31	11.2	8.53
20011012	0.08	14.23	5.56
20011013	0.37	15.27	4.26
20011014	7.26	13.61	3.42
20011015	6.91	10.88	4.58
20011016	3.73	11.88	4.08
20011017	19.28	12.54	8.12
20011018	0.26	12.04	6.29
20011019	17.29	11.27	7.02
20011020	0.14	9.4	6.06
20011021	0.07	7.76	3.73
20011022	12.33	9.3	3.74
20011023	25.12	10.88	14.8
20011024	9.17	10.76	13.36
20011025	38.59	10.61	22.35
20011026	15.95	9.49	20.33
20011027	4.1	10.17	8.56
20011028	0.15	8.92	6.37
20011029	0.32	10.64	5.13
20011030	9.59	9.74	5.36
20011031	0.31	5.58	4.82
20011101	0.0	7.31	3.17
20011102	0.0	7.01	2.5
20011103	0.03	7.05	2.17
20011104	0.64	5.22	1.96
20011105	2.77	7.51	1.8
20011106	11.2	9.22	2.79
20011107	15.08	6.02	7.03
20011108	0.7	1.15	5.96
20011109	0.35	0.7	3.48
20011110	0.02	5.89	2.33
20011111	3.13	8.07	2.05
20011112	1.13	6.03	2.33
20011113	0.21	1.4	1.93
20011114	0.01	3.1	1.63
20011115	0.0	4.83	1.51
20011116	0.0	6.71	1.41
20011117	0.0	5.61	1.33
20011118	0.0	3.85	1.27
20011119	0.07	5.04	1.21
20011120	7.72	7.58	1.18
20011121	2.59	8.12	2.85
20011122	0.14	4.21	3.09
20011123	0.27	6.31	1.71
20011124	17.99	9.64	1.97
20011125	14.32	4.95	17.62
20011126	5.23	3.4	5.11
20011127	7.3	5.26	6.86
20011128	38.71	7.48	19.91
20011129	36.28	10.93	32.57
20011130	28.05	8.96	39.47
20011201	0.62	3.2	13.2
20011202	0.28	2.6	6.91
20011203	20.38	6.18	11.91
20011204	22.57	6.53	11.49
20011205	0.17	6.69	13.7
20011206	3.09	6.14	6.17
20011207	0.46	5.15	5.43
20011208	0.0	2.61	4.21
20011209	0.0	0.02	2.92
20011210	0.01	2.01	2.3
20011211	0.08	4.72	2.0
20011212	0.0	7.24	1.83
20011213	0.0	2.24	1.63
20011214	0.0	-1.06	1.5
20011215	0.0	0.46	1.41
20011216	0.0	-0.31	1.33
20011217	0.07	1.15	1.25
20011218	0.0	2.71	1.22
20011219	0.6	1.19	1.19
20011220	1.99	0.33	1.18
20011221	2.99	0.93	1.22
20011222	0.01	-2.23	1.13
20011223	0.33	1.04	1.04
20011224	5.93	4.44	1.23
20011225	6.18	0.54	1.73
20011226	5.7	2.38	1.41
20011227	4.62	4.59	4.72
20011228	1.63	1.44	3.06
20011229	2.52	-0.77	1.82
20011230	6.15	-2.55	1.55
20011231	0.01	-4.16	1.28
20020101	0.0	-2.0	1.2
20020102	1.07	0.32	1.17
20020103	0.04	-0.7	1.14
20020104	1.57	2.72	1.15
20020105	8.82	5.74	4.87
20020106	0.24	4.46	3.38
20020107	0.32	3.24	1.57
20020108	0.0	1.52	0.92
20020109	0.01	1.23	0.78
20020110	0.16	0.19	0.7
20020111	0.21	3.38	0.65
20020112	3.11	4.92	0.62
20020113	4.37	7.36	0.9
20020114	10.55	5.81	2.95
20020115	1.44	2.84	2.14
20020116	15.53	6.31	2.3
20020117	2.03	3.09	5.83
20020118	15.79	4.62	5.95
20020119	13.35	5.74	4.28
20020120	32.79	8.78	27.88
20020121	15.02	6.67	13.44
20020122	17.41	5.97	9.21
20020123	16.92	6.77	17.29
20020124	4.69	2.58	8.17
20020125	49.7	7.14	29.93
20020126	14.35	7.19	23.37
20020127	17.95	7.33	30.62
20020128	1.8	6.4	11.56
20020129	11.03	8.17	7.04
20020130	12.96	5.1	14.4
20020131	46.01	6.43	23.56
20020201	76.69	8.79	79.1
20020202	38.95	7.58	37.9
20020203	3.45	4.52	16.28
20020204	40.52	7.54	33.21
20020205	15.44	5.07	15.28
20020206	3.39	2.15	8.61
20020207	11.66	6.53	10.77
20020208	14.92	7.5	14.3
20020209	7.86	4.98	13.52
20020210	71.6	7.58	59.54
20020211	17.37	8.43	44.8
20020212	0.3	6.33	10.15
20020213	0.79	3.18	7.03
20020214	0.02	0.85	5.51
20020215	0.01	2.87	4.67
20020216	0.02	2.37	3.69
20020217	3.0	3.2	2.94
20020218	0.69	4.25	2.54
20020219	51.39	6.45	23.86
20020220	1.41	2.0	9.68
20020221	21.23	4.58	10.81
20020222	7.83	4.02	10.48
20020223	1.79	1.46	6.97
20020224	30.39	4.75	14.56
20020225	59.87	7.13	59.46
20020226	2.31	3.74	13.69
20020227	15.17	1.71	9.44
20020228	0.95	1.98	8.56
20020301	0.09	0.42	6.11
20020302	0.03	2.96	5.08
20020303	0.13	4.6	4.43
20020304	0.33	3.97	3.3
20020305	0.69	5.45	2.57
20020306	2.82	7.6	2.6
20020307	0.25	8.33	2.18
20020308	4.87	3.61	2.17
20020309	2.18	2.87	2.42
20020310	12.52	5.2	4.19
20020311	0.64	3.77	3.56
20020312	1.05	5.55	2.34
20020313	0.0	3.19	1.91
20020314	8.32	2.45	1.7
20020315	8.33	5.86	3.55
20020316	0.08	7.67	3.49
20020317	10.16	6.71	2.9
20020318	12.18	5.43	8.24
20020319	10.05	7.25	6.99
20020320	10.96	8.3	8.62
20020321	0.41	9.35	5.67
20020322	0.15	7.65	4.41
20020323	0.0	6.66	3.03
20020324	0.06	6.32	2.29
20020325	0.0	5.09	2.0
20020326	0.0	4.84	1.76
20020327	0.0	5.42	1.59
20020328	0.0	4.9	1.48
20020329	0.13	7.25	1.38
20020330	3.05	9.4	1.31
20020331	2.8	8.38	1.46
20020401	4.03	4.76	1.79
20020402	9.56	8.28	1.87
20020403	2.97	7.07	2.7
20020404	0.07	9.09	1.74
20020405	0.01	7.17	1.37
20020406	0.0	5.56	1.23
20020407	0.0	5.29	1.12
20020408	0.0	5.42	1.06
20020409	0.0	6.03	1.02
20020410	0.0	4.67	0.98
20020411	0.0	4.77	0.95
20020412	0.0	3.51	0.92
20020413	0.08	5.16	0.89
20020414	0.51	3.16	0.88
20020415	0.13	4.53	0.85
20020416	0.0	6.47	0.82
20020417	7.89	6.41	0.91
20020418	5.0	6.68	1.02
20020419	4.47	9.04	0.89
20020420	0.87	9.44	0.91
20020421	0.82	11.7	0.82
20020422	0.13	10.07	0.82
20020423	0.01	8.98	0.79
20020424	0.02	10.95	0.75
20020425	4.29	8.42	0.73
20020426	1.95	7.2	0.96
20020427	27.41	6.94	5.27
20020428	11.88	5.9	5.16
20020429	37.35	6.53	13.78
20020430	16.57	6.47	21.46
20020501	2.44	5.64	7.12
20020502	2.57	5.95	5.22
20020503	1.07	6.12	3.67
20020504	0.06	7.26	2.18
20020505	0.0	8.73	1.76
20020506	0.44	8.86	1.55
20020507	0.11	8.04	1.43
20020508	0.0	8.26	1.33
20020509	0.0	9.91	1.23
20020510	0.0	8.7	1.15
20020511	0.0	7.76	1.08
20020512	18.51	10.83	1.18
20020513	18.52	9.2	4.45
20020514	1.57	9.64	3.76
20020515	0.03	11.17	2.26
20020516	2.79	17.24	1.53
20020517	17.06	13.18	3.01
20020518	5.13	10.41	5.72
20020519	11.78	11.59	5.27
20020520	9.99	9.69	6.96
20020521	29.11	10.04	12.55
20020522	33.3	10.24	22.88
20020523	17.2	9.62	15.98
20020524	18.94	8.1	18.02
20020525	18.6	7.28	15.21
20020526	6.9	6.51	11.91
20020527	4.88	9.48	6.84
20020528	18.69	9.05	9.26
20020529	14.4	9.52	7.8
20020530	2.88	9.94	9.58
20020531	0.0	10.49	5.6
20020601	0.0	14.64	4.36
20020602	1.04	13.95	2.91
20020603	5.98	9.93	2.6
20020604	0.04	8.56	2.01
20020605	6.65	12.0	1.81
20020606	3.5	12.79	1.83
20020607	1.78	11.06	1.73
20020608	3.1	12.34	1.56
20020609	21.53	10.48	7.92
20020610	3.49	9.36	6.55
20020611	2.34	9.89	3.61
20020612	2.07	10.17	2.19
20020613	6.46	12.36	2.4
20020614	9.02	12.96	4.62
20020615	13.02	12.49	7.42
20020616	4.88	13.94	6.51
20020617	2.75	13.48	5.67
20020618	0.47	11.29	3.35
20020619	0.0	10.65	2.3
20020620	0.15	11.93	1.92
20020621	9.92	11.79	1.96
20020622	0.7	10.55	2.31
20020623	0.02	10.85	1.73
20020624	0.05	12.07	1.5
20020625	0.01	10.49	1.39
20020626	0.52	11.83	1.29
20020627	0.01	9.91	1.22
20020628	0.0	9.54	1.12
20020629	0.09	12.03	1.09
20020630	10.28	11.34	1.27
20020701	14.24	9.92	3.4
20020702	14.45	10.14	3.87
20020703	0.15	10.27	3.09
20020704	12.78	12.28	2.39
20020705	1.02	11.78	3.91
20020706	1.12	13.2	2.1
20020707	16.07	12.93	4.32
20020708	2.28	11.21	5.96
20020709	6.88	9.87	3.32
20020710	9.87	11.05	4.73
20020711	5.79	9.85	7.81
20020712	0.41	11.33	4.14
20020713	0.0	12.55	2.4
20020714	0.0	14.19	1.82
20020715	0.0	17.84	1.6
20020716	0.0	13.27	1.45
20020717	0.0	10.47	1.33
20020718	0.0	15.18	1.25
20020719	0.0	14.7	1.18
20020720	0.0	12.37	1.13
20020721	0.0	12.07	1.06
20020722	7.12	14.8	1.04
20020723	7.25	12.23	1.33
20020724	0.38	11.46	1.12
20020725	0.77	15.62	1.04
20020726	0.12	15.35	1.0
20020727	0.04	15.19	0.96
20020728	0.0	17.05	0.91
20020729	0.09	18.47	0.87
20020730	2.96	15.07	0.87
20020731	9.84	13.94	0.95
20020801	0.47	12.48	0.93
20020802	0.0	14.66	0.82
20020803	0.46	15.21	0.75
20020804	1.2	15.19	0.71
20020805	0.01	15.5	0.68
20020806	0.0	17.45	0.64
20020807	2.24	14.41	0.64
20020808	5.69	12.44	0.67
20020809	1.14	12.61	0.67
20020810	0.02	12.33	0.63
20020811	1.48	13.48	0.63
20020812	0.86	15.35	0.61
20020813	2.93	15.69	0.62
20020814	0.57	15.09	0.65
20020815	0.45	11.52	0.61
20020816	0.12	15.16	0.57
20020817	2.06	17.79	0.55
20020818	0.02	14.23	0.55
20020819	1.27	14.02	0.54
20020820	1.96	12.06	0.54
20020821	0.0	13.24	0.51
20020822	0.28	14.51	0.49
20020823	6.11	14.05	0.55
20020824	0.01	13.59	0.53
20020825	0.01	13.27	0.49
20020826	0.0	12.96	0.48
20020827	0.0	15.09	0.46
20020828	5.77	16.5	0.46
20020829	3.89	15.7	0.49
20020830	11.71	13.09	1.04
20020831	0.01	9.57	0.94
20020901	0.0	10.19	0.65
20020902	0.0	12.88	0.57
20020903	0.3	14.28	0.54
20020904	0.7	14.01	0.55
20020905	11.57	13.68	0.62
20020906	15.94	11.28	3.87
20020907	3.07	10.38	2.87
20020908	4.2	11.25	1.31
20020909	17.58	9.96	2.58
20020910	0.0	11.77	2.37
20020911	0.0	13.83	1.27
20020912	0.0	15.39	1.02
20020913	0.0	15.67	0.9
20020914	0.0	14.13	0.82
20020915	0.0	10.98	0.77
20020916	0.0	10.62	0.74
20020917	0.0	10.94	0.71
20020918	0.0	11.09	0.68
20020919	0.0	12.25	0.66
20020920	0.0	12.73	0.64
20020921	0.0	10.47	0.62
20020922	0.01	9.21	0.61
20020923	0.0	9.49	0.59
20020924	0.25	9.01	0.58
20020925	0.31	10.8	0.57
20020926	0.0	12.75	0.56
20020927	0.0	12.03	0.55
20020928	0.0	11.45	0.54
20020929	0.0	12.27	0.53
20020930	0.0	12.4	0.52
20021001	3.21	12.3	0.53
20021002	7.39	12.34	0.58
20021003	0.01	10.0	0.58
20021004	0.0	10.61	0.53
20021005	0.0	12.37	0.52
20021006	0.0	10.37	0.5
20021007	0.0	10.23	0.5
20021008	0.0	9.9	0.49
20021009	0.0	9.33	0.48
20021010	0.0	9.17	0.47
20021011	11.25	8.74	0.52
20021012	0.15	8.04	0.58
20021013	73.01	5.17	20.13
20021014	9.37	7.38	6.94
20021015	8.84	6.27	7.28
20021016	0.36	3.7	4.73
20021017	3.63	4.64	3.49
20021018	0.65	2.95	2.01
20021019	1.36	4.76	1.55
20021020	20.12	6.53	4.19
20021021	14.63	11.01	5.99
20021022	8.01	8.6	7.71
20021023	0.59	2.89	4.83
20021024	16.93	7.37	3.1
20021025	13.12	8.52	10.84
20021026	24.77	9.5	12.33
20021027	0.93	5.66	7.69
20021028	0.3	7.61	4.87
20021029	13.05	9.07	4.91
20021030	6.19	7.4	7.91
20021031	3.69	9.96	4.69
20021101	13.33	10.01	8.81
20021102	39.8	10.02	25.32
20021103	11.72	8.04	15.45
20021104	6.05	9.66	7.65
20021105	29.0	10.44	17.14
20021106	1.52	6.37	14.52
20021107	15.76	6.76	6.96
20021108	28.69	9.01	30.95
20021109	17.12	9.49	10.25
20021110	3.88	8.88	11.61
20021111	14.55	7.5	8.45
20021112	12.82	6.51	14.67
20021113	46.14	6.7	22.26
20021114	5.87	6.55	21.56
20021115	0.26	5.38	8.07
20021116	0.09	4.37	5.98
20021117	0.03	3.88	4.92
20021118	0.03	5.28	3.65
20021119	7.5	5.9	2.69
20021120	12.22	6.73	3.89
20021121	5.32	7.01	6.71
20021122	18.15	5.28	7.31
20021123	0.59	5.92	7.7
20021124	0.13	6.28	5.17
20021125	0.17	5.9	3.81
20021126	7.37	7.89	2.94
20021127	29.03	7.92	15.29
20021128	5.08	6.84	6.86
20021129	1.11	6.6	5.54
20021130	9.92	7.39	6.16
20021201	24.14	6.47	12.56
20021202	9.61	6.11	11.04
20021203	6.41	6.36	7.56
20021204	0.54	4.33	6.51
20021205	0.04	3.32	5.01
20021206	0.45	4.08	3.77
20021207	0.49	2.2	3.16
20021208	0.04	0.46	2.58
20021209	0.0	-0.96	2.31
20021210	0.06	-1.79	1.96
20021211	0.16	-1.62	1.79
20021212	1.57	-0.55	1.67
20021213	0.08	1.85	1.59
20021214	7.44	2.78	1.75
20021215	2.16	1.66	3.17
20021216	0.04	1.9	2.15
20021217	0.0	0.27	1.66
20021218	0.0	0.97	1.43
20021219	0.0	1.6	1.33
20021220	9.57	3.47	1.82
20021221	23.45	6.84	7.14
20021222	1.63	7.93	5.99
20021223	18.0	8.6	8.29
20021224	19.2	8.16	14.33
20021225	12.37	7.92	9.82
20021226	19.85	7.89	16.36
20021227	1.03	6.6	11.1
20021228	28.6	6.5	7.95
20021229	23.66	8.98	33.48
20021230	7.73	5.34	13.43
20021231	19.74	5.51	11.25
20030101	28.57	6.84	23.07
20030102	3.11	3.55	15.57
20030103	0.06	-1.28	7.56
20030104	0.0	-2.7	5.7
20030105	0.05	-2.18	4.69
20030106	0.0	-2.45	3.38
20030107	0.0	-4.54	2.43
20030108	0.93	-3.07	2.14
20030109	0.0	-0.43	1.96
20030110	0.0	0.27	1.81
20030111	0.0	-1.82	1.66
20030112	7.63	1.82	1.69
20030113	9.57	6.36	4.01
20030114	8.89	5.87	4.38
20030115	0.58	4.87	7.0
20030116	6.72	6.12	3.68
20030117	7.48	3.87	5.82
20030118	13.59	5.22	7.15
20030119	27.86	5.71	9.84
20030120	17.77	5.76	20.25
20030121	3.75	4.83	11.74
20030122	2.76	2.72	7.28
20030123	0.96	3.39	5.49
20030124	12.03	7.11	5.16
20030125	2.1	6.68	6.72
20030126	0.58	8.31	4.49
20030127	4.19	5.9	3.85
20030128	9.06	2.61	4.46
20030129	6.19	1.01	4.3
20030130	0.99	-3.01	3.85
20030131	10.44	0.61	3.62
20030201	1.94	3.09	6.48
20030202	5.48	2.87	5.44
20030203	6.25	0.91	4.05
20030204	3.59	-0.43	3.11
20030205	1.09	-0.28	2.65
20030206	8.62	4.2	5.69
20030207	1.74	6.77	6.79
20030208	20.35	5.76	10.41
20030209	0.15	1.5	7.74
20030210	10.97	2.79	6.9
20030211	0.01	3.48	5.98
20030212	0.01	2.13	4.33
20030213	0.0	-2.14	3.01
20030214	0.0	-2.23	2.45
20030215	0.0	1.07	2.08
20030216	0.0	-2.86	1.89
20030217	0.0	-2.89	1.72
20030218	0.0	-1.33	1.62
20030219	0.11	-0.76	1.53
20030220	0.58	2.18	1.5
20030221	0.05	3.82	1.46
20030222	1.54	4.56	1.38
20030223	3.51	5.25	1.47
20030224	0.0	5.89	1.49
20030225	0.0	5.37	1.33
20030226	0.03	6.96	1.23
20030227	1.79	5.75	1.2
20030228	21.25	5.5	5.48
20030301	8.18	5.19	4.89
20030302	0.05	4.77	3.55
20030303	17.92	5.98	3.56
20030304	8.41	7.0	9.23
20030305	5.56	3.94	7.6
20030306	4.52	5.52	4.86
20030307	16.31	4.13	7.31
20030308	13.41	6.74	15.01
20030309	7.43	7.37	7.91
20030310	13.05	7.29	6.65
20030311	0.27	4.78	8.45
20030312	0.0	3.73	5.04
20030313	0.0	2.5	3.47
20030314	0.0	3.98	2.46
20030315	0.0	3.7	2.05
20030316	0.0	5.15	1.84
20030317	0.0	6.42	1.69
20030318	0.0	3.98	1.57
20030319	0.0	6.23	1.47
20030320	0.0	6.16	1.38
20030321	0.0	4.66	1.32
20030322	0.0	5.92	1.25
20030323	1.05	10.1	1.2
20030324	0.0	7.77	1.17
20030325	0.0	8.11	1.12
20030326	0.0	8.69	1.07
20030327	0.0	9.39	1.02
20030328	1.21	8.33	1.0
20030329	0.0	7.15	0.97
20030330	0.0	5.89	0.92
20030331	8.78	7.87	0.9
20030401	6.91	5.51	1.51
20030402	0.02	5.25	1.12
20030403	0.0	7.86	0.96
20030404	0.0	10.15	0.9
20030405	0.0	7.94	0.86
20030406	0.0	6.44	0.84
20030407	0.0	3.53	0.81
20030408	0.0	2.24	0.78
20030409	0.42	1.0	0.76
20030410	0.0	1.93	0.75
20030411	0.0	3.73	0.74
20030412	0.0	6.63	0.72
20030413	0.26	10.18	0.72
20030414	0.0	11.95	0.7
20030415	0.0	14.22	0.67
20030416	0.0	15.31	0.64
20030417	0.0	13.95	0.62
20030418	0.0	11.37	0.6
20030419	0.0	6.02	0.6
20030420	0.55	7.12	0.6
20030421	6.28	7.81	0.67
20030422	0.0	6.96	0.62
20030423	2.09	10.37	0.59
20030424	9.3	8.41	0.62
20030425	7.39	8.56	0.89
20030426	11.91	8.91	0.84
20030427	37.33	9.43	4.57
20030428	3.27	8.82	8.66
20030429	15.96	8.78	6.02
20030430	16.22	8.49	5.55
20030501	17.13	8.93	7.05
20030502	3.48	6.8	7.39
20030503	5.09	8.89	5.72
20030504	4.79	10.51	3.8
20030505	0.04	6.73	2.49
20030506	0.9	8.35	1.81
20030507	3.16	9.16	1.61
20030508	0.09	6.91	1.51
20030509	0.78	7.88	1.33
20030510	3.75	7.46	1.32
20030511	8.8	7.56	1.64
20030512	4.34	6.74	2.15
20030513	1.12	6.77	1.52
20030514	0.04	4.94	1.25
20030515	18.86	8.77	1.37
20030516	12.85	9.07	7.13
20030517	10.71	9.56	7.4
20030518	9.74	9.49	7.89
20030519	9.94	8.74	7.64
20030520	2.02	8.13	5.16
20030521	8.68	9.94	4.04
20030522	19.89	9.6	10.19
20030523	4.35	9.31	8.19
20030524	1.9	9.59	6.27
20030525	0.85	8.13	4.77
20030526	2.37	11.6	3.0
20030527	0.3	10.26	2.74
20030528	0.0	13.42	2.16
20030529	0.0	16.36	1.79
20030530	0.0	16.82	1.56
20030531	0.0	14.7	1.43
20030601	0.79	13.41	1.33
20030602	0.82	12.09	1.25
20030603	0.0	10.09	1.2
20030604	3.22	10.97	1.19
20030605	7.87	12.29	1.14
20030606	3.64	12.28	1.48
20030607	7.23	12.66	1.24
20030608	1.07	10.52	1.38
20030609	6.79	12.67	1.26
20030610	10.31	12.42	1.93
20030611	1.37	12.24	2.67
20030612	0.01	11.47	1.57
20030613	0.28	13.42	1.23
20030614	0.0	14.95	1.09
20030615	0.01	13.86	1.0
20030616	0.0	17.08	0.94
20030617	0.04	13.76	0.89
20030618	6.53	14.05	0.97
20030619	1.61	11.68	1.11
20030620	0.0	10.84	0.96
20030621	0.0	16.72	0.85
20030622	8.9	16.08	0.83
20030623	0.0	11.19	0.83
20030624	0.0	13.5	0.77
20030625	0.05	16.08	0.74
20030626	0.67	15.47	0.72
20030627	0.67	11.67	0.73
20030628	0.01	13.15	0.69
20030629	8.73	16.33	0.68
20030630	0.17	13.89	0.7
20030701	0.14	14.43	0.65
20030702	0.07	13.73	0.63
20030703	0.0	12.12	0.62
20030704	0.39	12.39	0.61
20030705	0.0	12.13	0.6
20030706	0.0	11.66	0.58
20030707	5.39	14.87	0.58
20030708	0.05	15.04	0.62
20030709	0.0	17.78	0.58
20030710	0.18	14.05	0.57
20030711	0.0	11.55	0.55
20030712	0.0	14.7	0.53
20030713	0.0	18.76	0.51
20030714	0.0	21.06	0.5
20030715	0.0	21.46	0.49
20030716	8.33	17.99	0.51
20030717	7.33	13.71	0.58
20030718	0.19	16.49	0.53
20030719	0.62	16.14	0.5
20030720	25.51	14.84	0.64
20030721	14.11	13.85	1.3
20030722	1.86	14.04	1.25
20030723	12.35	13.26	1.53
20030724	38.08	14.36	3.3
20030725	10.21	13.34	11.35
20030726	4.17	12.2	4.65
20030727	2.03	12.68	2.91
20030728	21.43	13.3	4.89
20030729	18.7	13.65	8.96
20030730	1.0	13.93	6.19
20030731	11.66	14.01	5.95
20030801	0.02	12.32	5.6
20030802	0.0	11.25	2.81
20030803	0.0	15.59	1.93
20030804	0.01	20.96	1.59
20030805	0.03	19.87	1.4
20030806	0.0	18.46	1.28
20030807	0.0	20.26	1.18
20030808	0.0	21.52	1.1
20030809	0.0	22.65	1.02
20030810	2.96	20.25	0.97
20030811	0.0	18.27	0.95
20030812	0.0	16.21	0.89
20030813	0.0	13.66	0.84
20030814	0.0	12.65	0.8
20030815	0.0	14.22	0.78
20030816	0.0	16.79	0.75
20030817	0.83	16.54	0.73
20030818	0.05	12.64	0.72
20030819	0.02	12.3	0.69
20030820	0.02	14.43	0.68
20030821	5.14	16.27	0.7
20030822	0.1	17.56	0.72
20030823	0.0	19.34	0.68
20030824	0.0	16.4	0.65
20030825	0.0	14.73	0.61
20030826	0.2	15.23	0.59
20030827	0.0	14.77	0.59
20030828	11.08	11.72	0.6
20030829	0.32	9.39	0.64
20030830	0.16	8.74	0.59
20030831	0.0	9.5	0.56
20030901	0.0	10.41	0.54
20030902	0.0	13.94	0.53
20030903	0.0	12.81	0.52
20030904	0.0	12.61	0.51
20030905	0.05	13.5	0.51
20030906	0.17	10.59	0.5
20030907	3.01	12.63	0.5
20030908	1.65	10.44	0.5
20030909	12.04	12.01	0.52
20030910	1.2	13.65	0.6
20030911	1.61	11.58	0.54
20030912	0.0	12.86	0.51
20030913	0.0	14.31	0.48
20030914	0.0	14.61	0.46
20030915	0.0	14.11	0.45
20030916	0.0	14.92	0.45
20030917	0.0	17.76	0.44
20030918	0.01	14.49	0.44
20030919	5.96	14.19	0.45
20030920	0.0	13.96	0.47
20030921	3.22	16.29	0.44
20030922	6.57	10.39	0.51
20030923	0.01	6.01	0.49
20030924	0.0	8.23	0.45
20030925	0.46	10.4	0.43
20030926	0.1	8.98	0.44
20030927	0.0	7.26	0.43
20030928	0.83	7.93	0.42
20030929	6.01	10.31	0.45
20030930	0.02	10.9	0.44
20031001	0.0	11.13	0.42
20031002	1.96	9.52	0.42
20031003	0.15	10.04	0.41
20031004	2.23	4.91	0.41
20031005	13.87	7.99	0.49
20031006	7.77	9.09	0.64
20031007	0.98	9.84	0.67
20031008	0.44	11.85	0.56
20031009	3.08	12.02	0.5
20031010	0.96	9.18	0.52
20031011	0.01	10.94	0.49
20031012	4.7	9.8	0.46
20031013	0.44	9.29	0.49
20031014	0.01	8.42	0.46
20031015	0.0	8.04	0.44
20031016	0.0	8.51	0.42
20031017	0.0	8.05	0.41
20031018	0.0	7.17	0.41
20031019	0.0	6.02	0.4
20031020	0.02	2.2	0.4
20031021	0.94	1.63	0.4
20031022	5.42	2.76	0.42
20031023	0.06	2.14	0.42
20031024	1.03	2.06	0.41
20031025	4.29	3.65	0.42
20031026	0.0	2.75	0.44
20031027	0.03	3.6	0.42
20031028	19.94	5.68	0.58
20031029	14.21	3.88	3.26
20031030	17.75	4.39	5.72
20031031	2.03	3.57	3.7
20031101	22.56	6.22	4.09
20031102	21.48	7.93	10.64
20031103	0.12	6.78	6.06
20031104	1.35	10.21	3.37
20031105	4.31	10.24	2.02
20031106	0.11	9.92	1.87
20031107	0.0	6.9	1.5
20031108	0.01	4.91	1.28
20031109	7.3	7.25	1.29
20031110	0.28	8.08	1.58
20031111	6.75	7.85	1.51
20031112	1.27	8.49	2.07
20031113	21.57	8.05	3.09
20031114	35.11	5.99	21.36
20031115	1.42	4.55	6.19
20031116	1.49	5.71	4.69
20031117	10.53	10.18	5.7
20031118	4.17	9.77	5.12
20031119	5.96	9.1	6.21
20031120	3.7	5.93	5.37
20031121	0.08	4.07	3.78
20031122	0.04	1.98	2.7
20031123	0.11	0.2	2.19
20031124	7.11	4.12	1.95
20031125	21.06	6.0	7.13
20031126	0.75	1.31	8.52
20031127	1.58	2.8	4.47
20031128	7.36	6.64	3.15
20031129	10.16	7.06	7.93
20031130	6.73	4.47	5.17
20031201	29.27	5.31	13.43
20031202	2.11	5.7	6.9
20031203	0.13	6.16	4.96
20031204	0.06	5.25	3.39
20031205	0.04	3.87	2.46
20031206	0.03	3.22	2.17
20031207	0.0	-0.34	1.89
20031208	0.02	1.84	1.72
20031209	0.07	2.72	1.61
20031210	10.23	5.19	1.54
20031211	8.71	5.26	3.47
20031212	66.32	8.28	28.43
20031213	5.45	6.99	24.88
20031214	0.09	3.37	7.35
20031215	0.02	2.65	5.5
20031216	0.01	2.89	4.4
20031217	0.01	2.87	2.99
20031218	0.0	2.81	2.3
20031219	12.12	5.34	2.01
20031220	22.71	5.37	10.78
20031221	5.23	0.66	7.22
20031222	4.03	2.31	4.81
20031223	0.86	7.17	4.44
20031224	3.85	6.89	3.4
20031225	10.2	7.19	5.62
20031226	32.79	4.42	18.04
20031227	5.94	1.32	10.42
20031228	6.33	1.47	6.55
20031229	0.29	-0.34	5.59
20031230	0.1	-0.36	4.1
20031231	17.42	2.44	4.63
20040101	1.2	2.57	8.79
20040102	0.95	0.88	4.95
20040103	2.6	1.79	3.69
20040104	2.03	5.38	3.1
20040105	27.18	7.16	9.99
20040106	3.56	5.83	11.24
20040107	36.02	7.68	9.94
20040108	15.63	5.2	26.61
20040109	6.69	5.16	10.21
20040110	25.19	6.82	16.93
20040111	16.15	3.64	15.26
20040112	13.64	5.4	14.44
20040113	16.35	3.19	10.67
20040114	5.75	1.4	9.24
20040115	19.68	4.07	17.74
20040116	1.27	2.08	9.4
20040117	0.01	0.26	6.41
20040118	0.35	2.93	5.17
20040119	0.39	6.95	4.09
20040120	0.31	5.96	3.03
20040121	5.4	5.21	2.61
20040122	7.23	6.59	4.03
20040123	5.6	4.86	3.82
20040124	0.1	2.55	3.25
20040125	0.99	1.42	2.58
20040126	0.01	-0.02	2.29
20040127	2.18	-0.67	2.09
20040128	2.9	-1.76	1.97
20040129	0.97	-0.36	1.77
20040130	51.29	6.72	14.51
20040131	25.4	7.71	41.83
20040201	19.84	8.22	14.62
20040202	38.74	10.05	28.17
20040203	80.39	10.26	80.64
20040204	37.09	10.04	65.12
20040205	18.03	6.37	17.7
20040206	9.74	4.85	17.04
20040207	4.43	3.81	9.51
20040208	0.11	0.04	6.96
20040209	0.25	1.89	5.68
20040210	0.08	4.91	4.86
20040211	0.02	6.77	3.76
20040212	2.64	6.86	2.9
20040213	0.42	4.48	2.65
20040214	0.01	4.28	2.3
20040215	0.0	3.26	2.01
20040216	1.25	4.8	1.84
20040217	0.5	2.62	1.79
20040218	0.11	3.05	1.63
20040219	0.0	2.0	1.51
20040220	0.0	0.48	1.4
20040221	0.0	0.85	1.33
20040222	0.0	-0.57	1.24
20040223	0.0	0.36	1.18
20040224	0.46	0.13	1.16
20040225	0.23	-1.48	1.11
20040226	11.77	-4.29	1.1
20040227	0.57	-3.21	1.09
20040228	0.01	-2.73	1.05
20040229	0.02	-1.81	1.02
20040301	0.02	-1.16	0.99
20040302	0.0	1.89	1.0
20040303	7.61	4.7	1.67
20040304	0.95	5.36	2.24
20040305	1.16	3.77	1.69
20040306	1.61	4.44	1.4
20040307	0.09	3.93	1.25
20040308	0.02	1.27	1.09
20040309	0.0	1.35	1.01
20040310	0.0	0.59	0.96
20040311	10.9	-0.41	0.97
20040312	7.69	2.78	1.37
20040313	28.26	5.86	5.42
20040314	15.12	7.37	15.11
20040315	25.38	8.55	19.87
20040316	2.45	9.82	10.71
20040317	3.28	7.67	6.18
20040318	31.02	6.82	8.66
20040319	23.75	7.15	23.62
20040320	13.74	6.83	27.58
20040321	8.93	5.12	8.68
20040322	5.77	3.81	7.41
20040323	0.33	3.46	5.96
20040324	0.88	3.28	4.55
20040325	3.22	2.05	3.54
20040326	0.04	4.89	2.68
20040327	0.11	5.41	2.23
20040328	0.01	4.26	1.97
20040329	0.0	6.9	1.78
20040330	0.19	7.31	1.63
20040331	0.9	9.87	1.51
20040401	11.15	8.79	1.96
20040402	4.02	8.69	1.93
20040403	35.2	6.84	13.51
20040404	11.69	6.18	10.82
20040405	8.21	4.86	6.81
20040406	3.57	3.96	6.3
20040407	1.26	3.78	4.89
20040408	0.2	2.16	3.41
20040409	0.18	7.61	2.39
20040410	0.06	6.57	2.05
20040411	0.0	7.35	1.82
20040412	0.02	8.07	1.66
20040413	0.01	8.91	1.53
20040414	0.0	8.28	1.43
20040415	12.81	6.95	1.84
20040416	5.52	6.16	2.4
20040417	15.52	6.36	4.23
20040418	0.11	4.55	4.67
20040419	0.54	5.9	2.16
20040420	6.32	7.86	1.97
20040421	13.85	7.97	5.24
20040422	0.09	7.38	3.97
20040423	0.0	9.77	2.22
20040424	0.0	11.63	1.76
20040425	0.0	13.55	1.55
20040426	0.61	11.28	1.45
20040427	0.43	9.7	1.39
20040428	4.33	6.46	1.37
20040429	0.17	5.88	1.4
20040430	1.55	8.13	1.26
20040501	1.86	10.01	1.18
20040502	0.85	9.95	1.12
20040503	24.74	7.61	1.82
20040504	14.4	6.02	7.75
20040505	5.64	6.26	7.29
20040506	1.28	5.36	5.08
20040507	0.01	9.43	3.06
20040508	0.1	8.21	2.14
20040509	0.12	11.04	1.78
20040510	0.85	12.36	1.58
20040511	15.77	12.86	2.93
20040512	0.07	11.6	1.84
20040513	0.0	9.25	1.54
20040514	0.0	10.88	1.39
20040515	0.0	13.17	1.28
20040516	0.0	14.67	1.21
20040517	0.0	11.91	1.14
20040518	0.0	12.55	1.08
20040519	0.0	12.21	1.03
20040520	0.0	9.1	0.98
20040521	0.0	7.65	0.93
20040522	0.0	8.01	0.9
20040523	0.0	9.2	0.88
20040524	0.0	10.52	0.85
20040525	0.0	11.03	0.83
20040526	0.03	11.27	0.8
20040527	0.02	12.9	0.78
20040528	4.46	12.09	0.78
20040529	3.9	11.35	0.78
20040530	2.19	9.98	0.79
20040531	9.41	12.65	0.79
20040601	0.09	10.79	0.85
20040602	0.0	11.63	0.73
20040603	0.81	14.85	0.7
20040604	0.0	15.04	0.68
20040605	0.0	15.36	0.65
20040606	0.0	16.39	0.62
20040607	0.0	18.99	0.6
20040608	0.3	16.4	0.58
20040609	6.99	15.41	0.6
20040610	1.25	12.94	0.63
20040611	0.13	12.36	0.59
20040612	0.0	11.58	0.56
20040613	0.0	15.71	0.54
20040614	0.0	16.43	0.53
20040615	0.0	16.5	0.51
20040616	0.0	15.89	0.51
20040617	0.27	12.0	0.5
20040618	0.74	8.51	0.5
20040619	0.55	9.53	0.5
20040620	0.15	9.76	0.48
20040621	2.06	9.66	0.5
20040622	48.7	13.43	1.3
20040623	6.16	10.57	2.84
20040624	0.13	10.87	1.27
20040625	4.3	12.84	0.85
20040626	8.0	13.01	0.95
20040627	3.7	11.87	1.21
20040628	4.16	13.45	1.02
20040629	2.98	13.11	0.99
20040630	2.45	11.95	1.0
20040701	7.71	11.65	1.07
20040702	6.9	11.69	2.06
20040703	2.89	11.28	1.45
20040704	0.26	11.74	1.13
20040705	0.09	10.69	0.89
20040706	1.04	14.01	0.78
20040707	9.91	12.44	1.37
20040708	3.87	10.04	3.98
20040709	0.38	10.37	1.61
20040710	3.38	12.09	1.16
20040711	0.42	11.33	1.0
20040712	0.01	11.08	0.88
20040713	2.15	13.91	0.8
20040714	2.08	15.35	0.81
20040715	15.16	15.21	2.0
20040716	9.09	14.56	2.79
20040717	0.23	12.51	3.08
20040718	0.44	11.21	1.54
20040719	0.27	14.41	1.23
20040720	5.48	16.09	1.09
20040721	0.2	14.25	1.19
20040722	0.01	12.37	1.01
20040723	0.0	13.61	0.88
20040724	0.0	12.97	0.79
20040725	0.77	13.93	0.74
20040726	0.36	14.51	0.72
20040727	0.6	15.95	0.69
20040728	0.0	15.66	0.67
20040729	9.43	15.73	0.82
20040730	0.16	14.72	0.9
20040731	0.03	15.89	0.69
20040801	0.0	19.79	0.62
20040802	2.56	19.06	0.61
20040803	0.06	15.76	0.6
20040804	0.0	16.55	0.58
20040805	0.05	16.21	0.55
20040806	0.09	14.88	0.54
20040807	0.0	19.27	0.52
20040808	8.04	17.68	0.53
20040809	0.02	15.42	0.55
20040810	5.57	16.24	0.53
20040811	24.62	16.45	0.67
20040812	15.78	14.79	3.23
20040813	1.13	15.25	1.78
20040814	0.01	17.22	1.02
20040815	16.04	16.37	1.18
20040816	4.88	15.63	2.5
20040817	14.51	16.16	1.99
20040818	13.73	14.99	5.41
20040819	4.15	14.47	5.26
20040820	2.76	10.43	3.66
20040821	0.0	11.72	2.21
20040822	19.21	14.48	1.89
20040823	12.3	14.61	6.47
20040824	8.03	12.48	6.4
20040825	0.67	13.54	4.29
20040826	26.94	14.32	5.63
20040827	0.03	11.98	7.04
20040828	1.31	12.58	4.09
20040829	5.27	12.52	2.71
20040830	0.04	9.96	1.92
20040831	0.01	10.4	1.58
20040901	0.0	12.15	1.41
20040902	0.0	14.4	1.28
20040903	1.39	15.68	1.17
20040904	0.0	14.48	1.13
20040905	0.0	18.13	1.05
20040906	0.0	16.25	0.97
20040907	0.0	14.26	0.91
20040908	0.0	14.69	0.86
20040909	9.34	16.9	0.83
20040910	23.4	14.46	1.7
20040911	8.95	11.58	2.65
20040912	50.83	11.13	19.31
20040913	36.28	9.99	23.44
20040914	5.61	10.26	16.9
20040915	0.01	8.65	6.56
20040916	33.08	12.59	12.25
20040917	8.13	11.95	13.94
20040918	5.73	10.84	10.5
20040919	12.25	11.6	7.16
20040920	0.05	10.45	8.41
20040921	1.82	10.32	4.69
20040922	19.83	12.85	9.86
20040923	0.44	9.35	6.46
20040924	0.0	8.85	4.4
20040925	0.34	11.76	2.98
20040926	0.19	13.2	2.36
20040927	0.39	12.39	2.03
20040928	1.76	12.95	1.82
20040929	9.43	12.28	1.82
20040930	0.1	10.7	3.52
20041001	7.68	9.67	2.92
20041002	12.27	9.82	5.89
20041003	90.26	10.55	53.69
20041004	7.53	9.19	17.69
20041005	3.8	9.1	9.23
20041006	9.02	7.65	7.94
20041007	7.56	7.53	6.48
20041008	0.0	7.97	5.53
20041009	0.0	7.82	4.28
20041010	0.0	8.49	2.83
20041011	0.0	7.41	2.17
20041012	7.18	7.07	1.97
20041013	8.27	7.21	4.19
20041014	18.01	7.12	4.95
20041015	21.36	6.05	11.89
20041016	0.75	5.75	9.98
20041017	0.48	7.47	5.22
20041018	1.52	6.72	3.71
20041019	6.59	8.38	2.76
20041020	13.14	7.85	5.55
20041021	35.62	8.43	12.88
20041022	37.63	11.27	40.15
20041023	49.38	11.46	39.15
20041024	30.72	10.06	23.78
20041025	2.36	6.75	13.85
20041026	0.07	7.45	7.36
20041027	23.64	8.71	11.75
20041028	20.49	9.58	13.14
20041029	10.8	9.1	15.42
20041030	0.09	8.82	7.48
20041031	0.0	7.73	5.7
20041101	0.04	7.48	4.7
20041102	1.42	7.9	3.54
20041103	4.74	7.84	3.0
20041104	0.0	6.61	3.29
20041105	0.89	7.38	2.33
20041106	1.41	9.35	2.19
20041107	0.54	8.46	2.1
20041108	0.61	7.42	1.9
20041109	4.97	6.44	1.96
20041110	0.08	4.24	2.13
20041111	0.2	7.34	1.65
20041112	0.18	3.88	1.56
20041113	0.01	2.8	1.39
20041114	0.0	4.71	1.31
20041115	2.14	7.08	1.27
20041116	3.13	9.04	1.31
20041117	11.39	7.4	3.54
20041118	15.19	3.74	13.52
20041119	4.65	1.24	5.51
20041120	16.94	2.83	9.25
20041121	14.96	8.04	9.35
20041122	0.1	8.15	6.38
20041123	0.18	7.91	4.55
20041124	1.09	7.95	3.23
20041125	14.25	7.78	3.56
20041126	0.46	6.6	6.8
20041127	5.61	4.91	4.11
20041128	0.01	2.31	3.74
20041129	0.01	2.33	2.5
20041130	0.0	4.36	2.18
20041201	0.0	2.03	1.94
20041202	0.0	2.32	1.77
20041203	0.42	4.79	1.61
20041204	1.87	6.45	1.54
20041205	3.23	8.03	1.61
20041206	2.6	7.78	1.66
20041207	3.26	7.82	2.41
20041208	0.0	4.81	1.96
20041209	0.4	2.75	1.57
20041210	0.01	5.9	1.43
20041211	0.01	5.3	1.34
20041212	0.19	2.94	1.28
20041213	0.09	4.53	1.23
20041214	1.34	7.93	1.19
20041215	9.46	7.44	1.28
20041216	27.37	5.75	3.85
20041217	5.57	3.36	11.78
20041218	35.97	2.66	9.75
20041219	0.03	-1.13	6.78
20041220	6.17	1.99	6.1
20041221	23.61	4.33	9.66
20041222	6.76	8.51	18.85
20041223	0.69	6.62	7.27
20041224	6.96	2.99	6.79
20041225	7.74	-0.67	5.31
20041226	0.05	-0.81	4.31
20041227	23.17	3.58	17.38
20041228	0.6	3.05	7.48
20041229	3.35	6.58	5.72
20041230	7.08	8.88	5.05
20041231	3.95	6.56	5.43
20050101	10.54	5.41	9.13
20050102	0.21	4.19	5.19
20050103	4.66	6.38	4.16
20050104	10.8	4.09	8.53
20050105	8.32	4.88	7.72
20050106	20.43	7.48	9.21
20050107	21.96	5.4	24.13
20050108	3.29	4.33	10.74
20050109	56.45	8.01	40.11
20050110	2.31	7.02	15.67
20050111	21.27	6.19	17.84
20050112	1.03	2.71	7.91
20050113	0.13	3.62	5.96
20050114	4.2	6.5	5.13
20050115	2.46	7.01	4.88
20050116	10.04	6.43	4.52
20050117	7.88	3.22	10.59
20050118	4.16	2.06	6.25
20050119	4.96	6.86	5.89
20050120	2.74	5.96	5.12
20050121	2.25	3.06	4.13
20050122	8.36	0.08	4.33
20050123	0.96	-0.31	3.56
20050124	0.2	0.42	2.83
20050125	0.98	1.58	2.52
20050126	0.72	2.11	2.48
20050127	0.33	3.31	2.22
20050128	0.0	4.16	2.02
20050129	0.0	2.97	1.74
20050130	0.06	4.67	1.62
20050131	0.11	6.33	1.53
20050201	0.0	5.19	1.45
20050202	0.17	4.89	1.38
20050203	0.08	5.27	1.31
20050204	4.56	4.96	1.26
20050205	2.78	2.28	1.64
20050206	0.12	2.19	1.47
20050207	0.15	4.35	1.28
20050208	4.97	5.5	1.38
20050209	24.02	6.47	4.13
20050210	19.22	5.84	18.03
20050211	28.33	6.86	17.63
20050212	16.1	3.86	12.51
20050213	1.39	1.21	7.36
20050214	0.11	1.37	5.35
20050215	0.02	0.37	4.21
20050216	1.79	2.34	2.87
20050217	0.29	3.03	2.42
20050218	1.08	3.25	2.14
20050219	0.03	0.01	1.87
20050220	0.0	-0.63	1.67
20050221	0.5	0.39	1.53
20050222	0.12	-1.13	1.44
20050223	1.44	-1.32	1.36
20050224	2.2	-1.08	1.33
20050225	1.82	-0.29	1.27
20050226	0.07	0.19	1.33
20050227	0.2	-2.37	1.25
20050228	2.21	-0.02	1.17
20050301	0.75	0.08	1.42
20050302	1.57	-1.45	1.27
20050303	1.24	-0.22	1.12
20050304	1.21	1.68	1.43
20050305	0.03	0.65	1.26
20050306	0.01	-0.49	1.08
20050307	0.02	2.65	1.01
20050308	0.0	3.16	1.0
20050309	0.02	3.78	0.97
20050310	0.01	4.7	0.95
20050311	1.69	2.72	0.94
20050312	0.2	1.65	0.91
20050313	0.1	0.05	0.86
20050314	2.21	4.62	0.85
20050315	13.9	8.1	1.61
20050316	20.47	8.04	12.24
20050317	2.4	7.66	6.71
20050318	0.1	6.96	4.59
20050319	0.0	9.99	2.74
20050320	0.0	11.14	1.81
20050321	16.74	10.46	2.84
20050322	7.31	9.09	5.76
20050323	4.06	10.59	4.08
20050324	5.84	10.24	3.85
20050325	0.01	8.23	3.08
20050326	0.97	8.76	2.15
20050327	0.97	5.77	2.19
20050328	0.32	7.8	2.05
20050329	16.26	5.22	4.12
20050330	4.73	5.36	6.46
20050331	0.09	6.25	4.0
20050401	0.01	7.48	2.62
20050402	0.0	9.97	2.08
20050403	2.64	7.87	1.89
20050404	1.57	5.51	1.84
20050405	21.36	6.5	3.28
20050406	4.74	5.45	8.68
20050407	2.08	3.81	5.01
20050408	0.44	1.5	3.08
20050409	0.59	5.65	2.14
20050410	0.0	8.02	1.9
20050411	1.75	8.37	1.7
20050412	0.12	7.67	1.7
20050413	2.15	6.41	1.55
20050414	0.53	3.66	1.47
20050415	2.65	3.5	1.38
20050416	0.02	2.9	1.41
20050417	26.01	5.39	5.73
20050418	2.27	5.05	6.39
20050419	4.75	5.54	3.77
20050420	0.01	6.17	2.42
20050421	0.0	7.37	1.81
20050422	5.21	8.78	1.65
20050423	3.32	7.15	1.88
20050424	0.02	9.87	1.69
20050425	2.52	8.34	1.45
20050426	6.44	8.5	1.86
20050427	7.84	8.99	2.02
20050428	1.9	8.6	3.53
20050429	6.74	12.13	2.26
20050430	0.43	14.88	3.45
20050501	0.05	12.36	1.87
20050502	2.68	11.64	1.7
20050503	1.21	9.56	1.65
20050504	0.0	8.64	1.49
20050505	0.74	9.38	1.32
20050506	0.42	8.96	1.25
20050507	0.07	6.56	1.18
20050508	0.14	4.81	1.12
20050509	0.57	4.29	1.07
20050510	0.0	5.33	1.02
20050511	0.0	6.53	0.98
20050512	0.0	8.02	0.69
20050513	0.0	8.08	0.65
20050514	0.0	7.66	0.63
20050515	0.0	9.75	0.61
20050516	0.09	8.25	0.59
20050517	0.02	5.68	0.57
20050518	4.0	8.96	0.57
20050519	6.42	11.8	0.65
20050520	1.03	8.61	0.73
20050521	18.76	7.69	1.2
20050522	8.52	7.66	1.37
20050523	13.58	8.76	1.78
20050524	6.55	10.0	4.06
20050525	0.15	13.81	2.23
20050526	0.59	12.3	1.43
20050527	0.08	15.97	1.12
20050528	0.15	9.16	0.96
20050529	0.0	9.66	0.88
20050530	0.48	9.25	0.8
20050531	6.47	11.89	0.76
20050601	21.7	11.86	3.66
20050602	9.95	11.44	3.16
20050603	5.55	11.66	4.7
20050604	5.61	11.19	3.69
20050605	7.88	11.08	3.03
20050606	0.0	9.3	2.55
20050607	0.0	9.9	1.7
20050608	0.0	12.37	1.4
20050609	0.0	13.6	1.26
20050610	0.04	13.13	1.13
20050611	0.17	10.38	1.06
20050612	0.06	7.33	1.01
20050613	0.0	10.97	0.96
20050614	8.48	11.79	0.93
20050615	7.24	12.44	1.22
20050616	10.7	14.45	2.66
20050617	0.73	16.48	2.44
20050618	0.0	20.16	1.48
20050619	0.06	17.6	1.16
20050620	0.0	13.7	1.02
20050621	0.01	13.43	0.95
20050622	0.0	15.51	0.89
20050623	22.77	17.64	1.06
20050624	5.91	14.93	2.47
20050625	0.02	12.84	1.62
20050626	0.0	13.27	1.14
20050627	0.0	15.71	0.97
20050628	10.08	17.17	0.96
20050629	5.63	14.78	1.01
20050630	4.86	13.29	1.1
20050701	9.93	13.85	1.74
20050702	2.07	12.62	2.86
20050703	2.51	12.3	1.75
20050704	3.25	11.17	1.36
20050705	9.6	12.56	2.7
20050706	0.6	11.62	1.99
20050707	0.0	13.57	1.4
20050708	0.0	15.05	1.2
20050709	0.0	17.11	1.06
20050710	0.0	19.28	0.98
20050711	0.0	20.31	0.93
20050712	0.05	20.43	0.89
20050713	4.79	18.36	0.88
20050714	0.0	18.81	0.87
20050715	0.0	12.72	0.79
20050716	0.0	13.97	0.75
20050717	0.11	16.78	0.72
20050718	1.69	13.7	0.72
20050719	0.36	13.79	0.69
20050720	0.19	14.64	0.68
20050721	0.0	13.78	0.65
20050722	1.13	13.58	0.55
20050723	12.02	16.11	0.63
20050724	48.61	12.74	8.16
20050725	0.15	11.95	5.49
20050726	0.02	12.97	2.98
20050727	7.82	12.01	1.5
20050728	10.96	14.74	2.64
20050729	4.35	13.12	2.65
20050730	0.38	13.34	2.13
20050731	2.42	13.21	1.53
20050801	0.95	12.84	1.62
20050802	2.41	13.66	1.32
20050803	0.0	13.19	1.2
20050804	14.04	13.61	1.62
20050805	0.05	12.94	3.37
20050806	0.23	10.55	1.54
20050807	0.07	10.97	1.26
20050808	0.14	13.62	1.09
20050809	0.0	16.69	0.99
20050810	0.0	14.57	0.94
20050811	0.01	14.47	0.89
20050812	0.02	12.43	0.84
20050813	17.54	13.4	1.52
20050814	0.03	12.4	1.17
20050815	0.01	13.16	0.93
20050816	0.0	14.36	0.84
20050817	0.02	15.68	0.8
20050818	0.03	15.32	0.77
20050819	0.0	13.76	0.74
20050820	0.01	12.87	0.72
20050821	18.17	16.12	0.74
20050822	0.14	11.71	0.99
20050823	11.95	14.35	0.8
20050824	9.58	11.46	4.17
20050825	4.05	10.18	1.67
20050826	3.77	12.61	1.19
20050827	2.73	12.5	1.66
20050828	0.0	15.41	1.3
20050829	3.53	15.25	1.14
20050830	0.02	17.43	1.11
20050831	2.57	16.42	0.99
20050901	0.15	11.08	0.92
20050902	0.0	13.14	0.83
20050903	0.0	16.36	0.79
20050904	5.15	17.38	0.81
20050905	0.0	14.5	0.78
20050906	0.0	15.29	0.74
20050907	1.82	15.81	0.62
20050908	4.33	15.97	0.88
20050909	0.71	15.73	1.06
20050910	15.59	14.31	1.08
20050911	0.02	11.8	1.09
20050912	0.01	14.2	0.79
20050913	2.81	14.89	0.71
20050914	8.49	14.71	0.72
20050915	9.92	11.86	3.52
20050916	0.0	7.22	2.0
20050917	0.0	9.75	1.13
20050918	0.0	11.56	0.94
20050919	1.48	13.88	0.85
20050920	0.0	12.42	0.83
20050921	0.0	13.2	0.76
20050922	8.8	14.25	0.73
20050923	1.89	8.69	1.2
20050924	5.79	10.96	1.03
20050925	1.8	11.25	1.53
20050926	15.6	12.84	2.92
20050927	0.77	9.5	3.24
20050928	23.31	8.58	10.03
20050929	8.54	12.1	5.19
20050930	17.43	11.4	12.54
20051001	3.7	8.88	6.23
20051002	0.04	10.59	4.41
20051003	0.0	9.2	2.64
20051004	0.0	7.92	1.82
20051005	0.0	10.42	1.79
20051006	0.17	11.39	1.59
20051007	0.96	12.99	1.48
20051008	12.74	7.98	4.3
20051009	0.0	10.9	2.42
20051010	6.79	15.21	1.5
20051011	26.0	14.81	13.15
20051012	8.22	10.38	9.65
20051013	0.04	8.51	5.37
20051014	0.02	10.82	3.81
20051015	0.0	12.88	2.29
20051016	3.35	12.01	1.83
20051017	0.1	11.77	1.74
20051018	19.09	8.08	3.7
20051019	7.33	9.38	6.63
20051020	14.49	10.06	5.27
20051021	24.1	9.48	23.4
20051022	0.77	8.18	6.67
20051023	41.59	11.38	16.42
20051024	45.55	11.85	48.8
20051025	1.82	11.34	14.09
20051026	12.18	13.14	14.51
20051027	15.39	13.54	7.19
20051028	10.97	11.89	12.53
20051029	31.14	13.3	13.94
20051030	5.88	11.54	26.32
20051031	16.79	8.77	9.87
20051101	25.23	10.09	17.34
20051102	30.94	12.69	17.84
20051103	20.36	9.09	35.36
20051104	0.94	5.91	9.7
20051105	63.3	10.35	34.31
20051106	9.76	8.07	31.98
20051107	19.22	9.27	16.49
20051108	33.67	7.08	32.41
20051109	13.67	7.32	10.74
20051110	19.21	10.89	32.46
20051111	10.68	6.65	18.03
20051112	0.2	5.1	9.17
20051113	0.08	2.95	6.57
20051114	0.58	6.62	5.43
20051115	0.38	6.54	4.59
20051116	0.01	0.4	3.4
20051117	0.15	0.73	2.59
20051118	0.12	0.4	2.2
20051119	0.14	-0.16	1.97
20051120	0.1	0.93	1.8
20051121	0.18	1.79	1.67
20051122	0.21	1.13	1.56
20051123	0.52	3.3	1.48
20051124	9.67	1.75	1.65
20051125	0.45	-0.83	1.6
20051126	0.65	1.11	1.65
20051127	0.02	-0.28	1.74
20051128	0.16	-0.97	1.51
20051129	0.45	0.73	1.33
20051130	6.52	5.53	1.55
20051201	26.28	5.74	9.1
20051202	17.26	4.59	13.01
20051203	2.97	4.77	7.27
20051204	3.45	5.05	5.52
20051205	3.49	3.39	4.97
20051206	0.1	1.27	3.56
20051207	29.78	3.09	11.79
20051208	0.0	4.01	7.98
20051209	0.0	5.87	5.09
20051210	0.02	4.49	3.71
20051211	0.22	3.59	2.61
20051212	0.0	1.81	2.18
20051213	0.06	2.71	1.95
20051214	0.0	6.03	1.77
20051215	2.06	7.31	1.68
20051216	0.2	4.52	1.73
20051217	0.01	0.28	1.51
20051218	9.72	3.95	2.61
20051219	0.14	3.74	2.58
20051220	1.73	5.87	1.81
20051221	0.07	7.29	1.73
20051222	0.15	6.83	1.57
20051223	0.0	6.72	1.46
20051224	0.04	3.37	1.36
20051225	0.02	0.62	1.29
20051226	0.04	0.67	1.24
20051227	0.01	-2.88	1.19
20051228	0.02	-4.25	1.1
20051229	15.43	0.52	1.16
20051230	19.08	5.97	9.58
20051231	8.59	4.99	6.85
20060101	0.68	4.52	6.26
20060102	3.39	6.01	4.23
20060103	0.64	6.42	3.5
20060104	0.0	2.13	2.46
20060105	0.23	-0.27	2.01
20060106	0.03	-0.44	1.78
20060107	0.23	-0.86	1.64
20060108	0.54	-0.14	1.53
20060109	6.29	3.59	1.47
20060110	48.89	6.14	23.12
20060111	0.07	2.88	10.75
20060112	0.18	4.39	5.65
20060113	9.65	5.15	5.6
20060114	0.07	3.8	5.06
20060115	11.75	5.23	4.04
20060116	4.58	5.23	7.06
20060117	4.49	6.92	5.22
20060118	0.43	8.29	4.37
20060119	9.58	5.72	5.36
20060120	0.01	4.41	6.96
20060121	0.1	3.22	4.12
20060122	0.01	1.43	2.77
20060123	0.02	-0.13	2.26
20060124	0.0	-1.29	2.02
20060125	0.04	0.87	1.83
20060126	0.0	0.91	1.67
20060127	0.23	0.24	1.54
20060128	0.07	0.22	1.47
20060129	0.0	0.9	1.33
20060130	0.06	0.75	1.27
20060131	0.04	-1.51	1.22
20060201	0.0	-2.01	1.18
20060202	0.0	-2.15	1.14
20060203	0.01	-0.94	1.09
20060204	0.0	0.35	1.06
20060205	0.0	2.66	1.03
20060206	0.0	4.47	1.01
20060207	12.87	4.52	1.74
20060208	0.42	2.28	2.01
20060209	0.01	-1.64	1.28
20060210	0.02	-0.48	1.07
20060211	19.15	3.67	1.31
20060212	2.08	7.11	5.56
20060213	7.36	5.29	3.75
20060214	33.38	5.97	17.59
20060215	5.9	4.09	8.69
20060216	11.01	2.91	10.18
20060217	0.32	2.09	6.19
20060218	0.22	1.82	4.55
20060219	0.11	1.69	3.05
20060220	0.68	2.68	2.14
20060221	0.89	1.52	1.79
20060222	0.27	-0.38	1.64
20060223	3.65	-0.96	1.58
20060224	2.68	-1.01	1.51
20060225	0.47	1.57	1.43
20060226	0.01	0.9	1.39
20060227	3.42	0.71	1.4
20060228	3.73	-1.26	1.55
20060301	5.11	-2.65	1.41
20060302	0.19	-2.23	1.31
20060303	0.17	-2.84	1.23
20060304	0.88	-0.51	1.18
20060305	1.74	0.89	1.26
20060306	8.54	2.62	1.46
20060307	24.79	5.97	9.23
20060308	14.43	6.4	23.45
20060309	7.07	4.85	8.34
20060310	0.54	3.63	5.59
20060311	3.35	1.56	4.33
20060312	3.46	-0.28	3.02
20060313	1.15	1.3	2.2
20060314	0.83	5.21	4.14
20060315	0.01	1.97	3.85
20060316	1.19	-0.06	2.49
20060317	0.07	-0.27	1.94
20060318	0.01	0.77	1.72
20060319	0.0	3.66	1.57
20060320	0.0	1.69	1.45
20060321	0.0	0.41	1.35
20060322	0.03	0.83	1.27
20060323	9.49	3.82	1.27
20060324	22.95	7.68	8.25
20060325	29.93	8.85	24.21
20060326	36.39	9.71	23.6
20060327	15.27	7.17	30.89
20060328	20.62	5.79	20.97
20060329	22.52	7.82	15.41
20060330	12.21	7.84	18.86
20060331	11.53	7.05	12.35
20060401	2.77	7.34	8.69
20060402	2.05	6.39	6.61
20060403	0.0	3.01	5.12
20060404	0.04	0.97	3.87
20060405	0.0	2.78	2.59
20060406	1.35	4.9	2.18
20060407	8.52	4.3	2.49
20060408	1.31	3.84	2.62
20060409	0.14	1.44	1.99
20060410	2.15	3.21	1.67
20060411	13.46	6.77	5.72
20060412	2.13	8.27	3.16
20060413	0.83	7.9	2.31
20060414	0.09	8.17	1.9
20060415	0.0	8.75	1.67
20060416	0.04	7.59	1.52
20060417	0.0	6.87	1.41
20060418	11.62	7.8	1.45
20060419	15.44	7.76	8.29
20060420	9.23	9.5	8.3
20060421	0.42	9.95	5.27
20060422	0.72	10.54	3.52
20060423	0.07	8.5	2.27
20060424	4.68	9.82	1.89
20060425	2.68	9.1	2.57
20060426	0.0	8.21	1.86
20060427	0.0	9.17	1.58
20060428	0.04	7.82	1.43
20060429	0.0	7.83	1.33
20060430	8.39	8.17	1.35
20060501	0.09	6.37	1.45
20060502	2.54	8.91	1.3
20060503	0.46	11.49	1.27
20060504	4.55	13.92	1.2
20060505	0.0	8.86	1.17
20060506	4.27	8.42	1.13
20060507	25.86	11.37	3.39
20060508	4.03	9.15	6.53
20060509	0.61	11.06	4.19
20060510	0.3	13.67	2.24
20060511	0.5	13.2	1.67
20060512	0.21	14.29	1.45
20060513	6.84	8.42	1.9
20060514	1.79	12.33	1.63
20060515	5.18	10.96	1.75
20060516	0.79	12.37	1.76
20060517	22.83	11.28	6.53
20060518	19.24	10.97	10.11
20060519	33.78	9.33	22.79
20060520	6.52	9.89	10.39
20060521	34.38	10.38	21.85
20060522	2.14	6.86	11.12
20060523	12.13	7.64	8.16
20060524	13.41	8.2	13.05
20060525	17.8	11.85	8.69
20060526	4.83	12.19	12.56
20060527	6.96	10.01	10.31
20060528	0.42	9.49	6.28
20060529	0.62	6.68	5.01
20060530	0.0	6.27	3.7
20060531	0.0	8.03	2.43
20060601	0.06	10.66	2.02
20060602	0.03	12.67	1.77
20060603	0.0	14.25	1.6
20060604	0.0	14.1	1.47
20060605	0.0	14.5	1.36
20060606	0.0	14.29	1.29
20060607	0.0	16.65	1.21
20060608	0.0	18.12	1.14
20060609	0.0	18.37	1.07
20060610	0.0	18.79	1.01
20060611	3.83	17.73	0.99
20060612	0.07	13.31	0.98
20060613	1.33	12.31	0.93
20060614	0.0	13.05	0.88
20060615	0.0	13.27	0.84
20060616	0.0	15.8	0.8
20060617	0.01	16.61	0.77
20060618	5.23	13.55	0.78
20060619	1.72	11.58	0.83
20060620	13.17	11.18	0.95
20060621	0.0	10.71	0.94
20060622	0.0	9.93	0.78
20060623	0.09	12.94	0.73
20060624	0.0	14.4	0.7
20060625	17.23	14.42	0.8
20060626	4.44	11.79	0.99
20060627	2.45	14.09	0.83
20060628	0.06	12.48	0.75
20060629	0.0	14.86	0.69
20060630	0.0	15.5	0.65
20060701	0.01	18.61	0.62
20060702	0.46	20.78	0.6
20060703	0.0	20.83	0.58
20060704	0.03	19.41	0.64
20060705	8.39	18.61	0.67
20060706	1.08	16.71	0.7
20060707	0.41	13.91	0.66
20060708	20.5	13.41	0.7
20060709	2.32	13.93	1.13
20060710	3.45	13.67	0.94
20060711	0.04	12.48	0.9
20060712	0.09	15.36	0.76
20060713	0.0	14.06	0.69
20060714	0.0	14.58	0.64
20060715	0.0	15.54	0.61
20060716	0.0	17.67	0.6
20060717	0.0	19.74	0.58
20060718	0.0	21.09	0.56
20060719	0.0	23.23	0.55
20060720	0.02	17.73	0.55
20060721	0.0	17.64	0.54
20060722	1.7	17.94	0.53
20060723	0.0	14.9	0.53
20060724	0.16	18.35	0.52
20060725	0.11	19.94	0.51
20060726	0.0	18.39	0.5
20060727	0.0	15.73	0.49
20060728	0.27	16.77	0.49
20060729	18.91	14.12	0.66
20060730	6.36	15.36	0.7
20060731	7.23	14.17	1.03
20060801	0.02	13.91	0.85
20060802	0.0	14.39	0.67
20060803	0.0	15.87	0.6
20060804	1.35	16.58	0.56
20060805	0.01	18.34	0.54
20060806	1.92	17.59	0.53
20060807	0.04	13.95	0.52
20060808	0.32	16.45	0.5
20060809	0.32	13.55	0.49
20060810	3.28	12.48	0.49
20060811	0.4	11.12	0.51
20060812	0.01	13.67	0.49
20060813	0.27	13.48	0.47
20060814	0.74	13.1	0.47
20060815	0.16	13.26	0.47
20060816	4.09	14.81	0.47
20060817	32.59	13.01	0.55
20060818	8.52	13.92	1.91
20060819	12.03	13.89	2.22
20060820	7.95	13.73	1.77
20060821	0.28	11.56	1.91
20060822	10.42	14.08	1.29
20060823	4.46	13.08	2.0
20060824	0.14	11.26	1.48
20060825	4.82	14.59	1.13
20060826	0.3	13.52	1.08
20060827	7.13	13.69	1.09
20060828	0.27	12.09	1.12
20060829	0.32	11.17	0.89
20060830	5.61	13.36	0.84
20060831	5.44	14.98	0.94
20060901	10.26	14.7	1.36
20060902	30.97	15.13	8.23
20060903	0.52	14.37	6.16
20060904	3.33	15.98	3.8
20060905	0.01	17.69	2.22
20060906	1.22	12.31	1.73
20060907	0.0	11.18	1.49
20060908	0.0	13.09	1.28
20060909	0.0	13.59	1.15
20060910	0.0	16.61	1.06
20060911	0.08	17.08	1.0
20060912	0.96	17.21	0.96
20060913	0.87	16.04	0.91
20060914	1.29	11.62	0.92
20060915	0.0	12.72	0.86
20060916	0.05	13.19	0.81
20060917	0.62	13.06	0.81
20060918	4.62	12.58	0.85
20060919	0.01	13.22	0.86
20060920	0.0	15.73	0.81
20060921	0.01	16.08	0.73
20060922	7.11	14.26	0.79
20060923	4.79	15.66	0.78
20060924	0.21	13.14	0.76
20060925	0.96	13.62	0.73
20060926	0.01	13.62	0.7
20060927	19.05	13.9	1.31
20060928	7.79	12.72	2.39
20060929	9.74	11.14	3.55
20060930	26.2	13.27	7.45
20061001	21.53	12.06	10.4
20061002	1.05	10.87	6.47
20061003	0.01	8.11	4.77
20061004	7.1	9.71	3.19
20061005	42.1	12.22	18.84
20061006	6.95	10.27	16.32
20061007	0.01	11.13	7.09
20061008	16.81	11.99	6.05
20061009	0.54	10.43	7.77
20061010	24.39	13.78	8.15
20061011	2.87	10.7	10.36
20061012	0.67	11.67	5.74
20061013	0.01	12.0	4.45
20061014	0.0	11.62	3.01
20061015	0.01	11.25	2.36
20061016	5.62	11.32	2.02
20061017	7.93	11.86	2.81
20061018	34.86	13.78	6.05
20061019	30.13	10.57	26.35
20061020	9.42	11.2	12.56
20061021	23.01	11.3	15.3
20061022	14.02	8.1	17.12
20061023	7.39	7.99	9.34
20061024	2.08	8.81	7.06
20061025	21.07	11.11	11.7
20061026	0.08	8.01	6.98
20061027	5.53	10.38	5.53
20061028	3.74	10.64	6.84
20061029	0.53	11.71	5.18
20061030	3.49	10.71	4.33
20061031	0.15	4.5	3.92
20061101	0.06	1.58	2.86
20061102	0.05	1.39	2.36
20061103	0.03	2.92	2.1
20061104	0.07	4.67	1.91
20061105	0.01	5.72	1.76
20061106	0.06	4.96	1.65
20061107	1.48	6.72	1.55
20061108	2.57	6.47	1.62
20061109	0.08	4.62	1.5
20061110	19.92	7.64	4.1
20061111	0.5	7.28	4.38
20061112	9.24	9.78	3.34
20061113	1.17	9.43	4.95
20061114	25.59	9.64	10.96
20061115	11.1	8.99	11.4
20061116	9.27	5.52	7.04
20061117	10.44	4.46	7.69
20061118	8.83	3.09	6.84
20061119	33.76	6.7	22.25
20061120	0.86	5.68	10.83
20061121	3.2	3.14	6.73
20061122	30.82	7.16	15.48
20061123	12.82	6.37	12.2
20061124	49.71	7.49	34.67
20061125	13.72	6.31	17.8
20061126	17.57	8.4	14.03
20061127	34.59	8.4	23.85
20061128	10.45	6.65	16.32
20061129	8.74	8.76	12.6
20061130	23.18	8.82	14.01
20061201	3.2	7.39	10.82
20061202	40.07	6.98	22.69
20061203	10.57	5.78	18.97
20061204	50.72	8.93	36.07
20061205	19.59	6.74	19.95
20061206	28.31	7.16	21.27
20061207	15.44	5.54	18.49
20061208	9.09	4.28	12.34
20061209	1.7	2.7	8.85
20061210	54.62	7.7	31.89
20061211	3.74	4.69	25.83
20061212	14.71	7.68	14.06
20061213	14.19	9.01	17.66
20061214	19.04	8.86	23.84
20061215	11.71	5.34	17.73
20061216	0.55	4.18	9.56
20061217	12.55	4.93	7.79
20061218	0.17	5.15	7.83
20061219	0.04	2.08	5.86
20061220	0.05	0.25	4.95
20061221	0.05	0.19	3.85
20061222	0.05	0.11	3.01
20061223	0.04	-0.44	2.61
20061224	0.07	0.78	2.33
20061225	0.19	1.77	2.14
20061226	0.05	1.11	2.03
20061227	23.07	5.61	6.19
20061228	13.33	6.97	5.82
20061229	67.27	8.41	54.67
20061230	19.76	6.18	25.17
20061231	19.08	6.32	18.76
20070101	16.13	4.09	14.03
20070102	6.36	6.16	8.72
20070103	19.08	7.41	16.88
20070104	3.61	7.01	9.13
20070105	7.91	5.63	7.97
20070106	20.22	6.32	10.82
20070107	31.21	6.19	31.42
20070108	24.4	7.65	24.06
20070109	43.37	6.85	48.1
20070110	24.09	5.52	25.56
20070111	5.89	8.07	30.21
20070112	12.46	8.32	13.2
20070113	11.18	5.05	16.93
20070114	0.09	5.09	8.66
20070115	8.84	7.24	7.16
20070116	17.37	7.14	8.8
20070117	46.44	6.78	32.41
20070118	16.94	7.94	31.91
20070119	25.87	7.57	29.85
20070120	8.53	4.08	17.46
20070121	6.28	2.44	10.36
20070122	1.34	-0.18	7.81
20070123	0.81	-0.45	6.14
20070124	0.01	0.16	5.41
20070125	0.26	-0.44	4.32
20070126	0.19	3.81	3.52
20070127	0.01	4.72	2.98
20070128	0.07	4.61	2.53
20070129	0.08	5.25	2.2
20070130	0.0	2.88	1.99
20070131	0.03	7.09	1.85
20070201	0.15	7.28	1.73
20070202	0.0	3.54	1.63
20070203	0.06	3.26	1.52
20070204	0.0	2.77	1.44
20070205	0.02	0.47	1.36
20070206	0.0	-2.02	1.31
20070207	10.81	-1.09	1.26
20070208	6.43	-0.73	1.41
20070209	23.68	-0.91	1.39
20070210	20.93	3.41	15.21
20070211	18.11	5.61	16.35
20070212	8.73	4.03	13.53
20070213	6.19	4.52	7.93
20070214	0.18	5.29	5.89
20070215	8.56	6.97	5.06
20070216	17.15	5.5	10.73
20070217	0.07	4.53	5.89
20070218	0.73	5.32	4.58
20070219	18.49	6.08	6.36
20070220	1.26	6.98	5.67
20070221	20.78	6.64	6.01
20070222	11.66	7.43	13.58
20070223	19.94	6.93	12.69
20070224	13.91	5.31	12.02
20070225	3.84	5.55	9.11
20070226	9.13	5.37	6.47
20070227	17.28	6.79	14.19
20070228	2.75	4.99	8.86
20070301	0.09	2.71	6.17
20070302	23.17	4.87	9.69
20070303	6.26	5.77	7.03
20070304	47.18	5.39	32.83
20070305	39.77	5.87	32.02
20070306	4.35	5.35	13.57
20070307	1.4	6.05	7.67
20070308	4.86	5.81	6.42
20070309	0.1	5.59	5.48
20070310	0.0	6.98	4.41
20070311	0.67	8.59	3.28
20070312	0.18	4.03	2.6
20070313	0.03	5.84	2.22
20070314	0.04	6.08	1.98
20070315	1.59	4.35	1.89
20070316	0.43	6.62	1.76
20070317	9.65	6.11	2.1
20070318	7.61	1.55	3.12
20070319	1.29	1.49	3.13
20070320	0.0	-0.83	2.6
20070321	7.58	2.87	2.03
20070322	0.37	6.69	3.21
20070323	0.0	4.67	2.4
20070324	0.0	6.02	1.93
20070325	0.0	5.74	1.72
20070326	0.04	6.4	1.59
20070327	0.04	6.74	1.49
20070328	0.7	6.47	1.43
20070329	2.15	2.94	1.41
20070330	0.02	6.18	1.38
20070331	2.99	6.68	1.32
20070401	0.01	7.64	1.24
20070402	0.0	7.81	1.17
20070403	0.0	5.16	1.13
20070404	0.13	5.85	1.01
20070405	0.0	8.97	0.97
20070406	0.0	7.99	0.94
20070407	0.0	8.26	0.9
20070408	0.0	8.9	0.88
20070409	0.0	8.21	0.86
20070410	0.0	8.49	0.83
20070411	0.0	10.92	0.81
20070412	0.0	10.39	0.79
20070413	0.0	11.92	0.78
20070414	0.0	14.3	0.75
20070415	0.4	13.76	0.73
20070416	0.0	10.0	0.71
20070417	0.0	7.67	0.69
20070418	0.0	7.92	0.68
20070419	0.0	8.53	0.66
20070420	0.0	10.32	0.65
20070421	0.0	12.16	0.64
20070422	3.12	12.81	0.63
20070423	30.78	11.77	1.52
20070424	6.74	12.26	2.81
20070425	0.05	8.27	1.7
20070426	0.0	10.91	1.13
20070427	0.0	11.05	0.92
20070428	0.0	11.7	0.83
20070429	0.0	11.83	0.77
20070430	0.0	11.43	0.73
20070501	0.0	12.25	0.69
20070502	0.0	11.04	0.66
20070503	0.0	10.35	0.65
20070504	0.0	7.76	0.63
20070505	1.44	12.38	0.62
20070506	14.21	11.08	0.66
20070507	5.82	10.4	0.81
20070508	8.15	9.0	1.03
20070509	26.46	9.18	6.49
20070510	14.58	7.87	6.26
20070511	25.3	9.17	7.08
20070512	4.71	9.87	8.52
20070513	23.87	8.32	12.21
20070514	7.72	9.4	6.91
20070515	6.26	10.03	6.78
20070516	6.82	11.33	7.61
20070517	1.51	14.11	6.3
20070518	7.94	9.52	5.43
20070519	1.14	7.7	4.81
20070520	0.38	8.99	3.1
20070521	0.0	9.32	2.27
20070522	0.0	11.63	1.85
20070523	0.0	14.5	1.66
20070524	0.1	13.92	1.51
20070525	0.0	9.47	1.38
20070526	1.95	7.76	1.28
20070527	16.77	6.32	2.53
20070528	2.76	5.96	2.46
20070529	2.47	6.39	1.47
20070530	5.44	9.81	1.48
20070531	1.74	10.7	1.6
20070601	0.0	12.56	1.35
20070602	0.0	15.09	1.16
20070603	0.06	12.36	1.08
20070604	0.0	14.0	1.01
20070605	0.0	13.69	0.93
20070606	0.0	13.44	0.89
20070607	0.0	13.24	0.86
20070608	0.0	14.97	0.82
20070609	0.0	16.77	0.79
20070610	4.11	17.45	0.83
20070611	0.21	16.4	0.85
20070612	0.22	14.18	0.78
20070613	2.15	13.35	0.75
20070614	4.99	12.88	0.77
20070615	3.24	13.41	0.76
20070616	2.15	11.45	0.74
20070617	9.79	12.28	0.77
20070618	6.13	12.63	1.34
20070619	2.54	14.56	1.1
20070620	12.88	13.64	1.02
20070621	5.81	13.14	2.09
20070622	8.46	13.49	1.77
20070623	3.98	12.87	1.28
20070624	20.29	11.98	2.28
20070625	12.32	9.5	9.52
20070626	0.21	10.03	5.05
20070627	6.32	9.01	4.26
20070628	29.64	12.45	14.07
20070629	9.59	13.5	8.35
20070630	40.98	13.1	26.03
20070701	25.36	13.21	24.47
20070702	18.15	12.29	20.12
20070703	8.04	12.47	11.91
20070704	8.65	11.79	9.0
20070705	8.69	11.81	8.7
20070706	0.27	11.97	6.27
20070707	0.0	11.71	4.87
20070708	2.6	11.43	3.99
20070709	12.45	12.29	3.27
20070710	0.04	12.25	3.63
20070711	1.96	14.2	2.38
20070712	2.18	14.66	2.09
20070713	46.85	13.66	19.96
20070714	7.68	13.81	7.81
20070715	9.45	13.05	9.43
20070716	5.28	14.61	6.09
20070717	6.38	13.9	6.28
20070718	0.0	12.02	5.11
20070719	9.26	14.92	4.26
20070720	11.97	10.58	6.35
20070721	3.63	9.49	5.68
20070722	11.94	12.81	7.08
20070723	5.85	11.46	5.33
20070724	9.94	13.23	3.71
20070725	27.68	14.47	9.48
20070726	22.72	12.86	26.14
20070727	0.17	13.31	7.66
20070728	10.56	12.07	6.6
20070729	0.0	10.97	5.44
20070730	0.0	10.39	3.84
20070731	0.0	12.72	2.56
20070801	4.11	14.4	2.09
20070802	0.02	13.14	1.92
20070803	5.8	15.85	1.71
20070804	0.45	14.52	1.98
20070805	2.06	16.51	1.63
20070806	1.77	12.1	1.5
20070807	2.27	9.96	1.43
20070808	0.0	11.76	1.26
20070809	0.0	12.57	1.16
20070810	0.0	12.54	1.1
20070811	1.14	15.8	1.05
20070812	0.78	13.19	1.04
20070813	15.62	14.13	1.01
20070814	22.87	15.39	3.67
20070815	1.16	12.09	6.3
20070816	0.86	11.54	2.58
20070817	6.57	13.2	1.69
20070818	20.3	12.94	8.13
20070819	4.14	8.76	4.68
20070820	3.55	11.75	4.27
20070821	0.07	14.46	2.4
20070822	0.0	15.41	1.8
20070823	0.0	15.25	1.46
20070824	0.0	15.53	1.32
20070825	0.0	16.37	1.22
20070826	0.0	13.15	1.15
20070827	0.0	12.29	1.08
20070828	0.0	11.64	1.03
20070829	0.04	11.89	0.98
20070830	0.0	13.42	0.94
20070831	0.22	13.51	0.91
20070901	0.04	13.64	0.88
20070902	1.41	13.13	0.86
20070903	0.01	10.11	0.82
20070904	0.0	13.6	0.78
20070905	0.0	14.25	0.76
20070906	0.0	15.3	0.73
20070907	0.04	14.35	0.71
20070908	0.0	13.74	0.69
20070909	0.0	13.73	0.67
20070910	0.0	10.97	0.64
20070911	0.0	12.72	0.62
20070912	0.0	12.47	0.61
20070913	0.22	14.12	0.59
20070914	1.23	9.66	0.59
20070915	0.0	12.77	0.56
20070916	3.8	11.58	0.58
20070917	0.02	6.74	0.56
20070918	1.73	9.39	0.54
20070919	45.52	12.65	2.8
20070920	9.57	13.28	5.23
20070921	11.15	12.82	5.78
20070922	1.95	13.97	3.39
20070923	19.94	11.57	5.2
20070924	2.07	10.54	6.15
20070925	1.84	7.92	3.2
20070926	1.28	5.2	1.98
20070927	0.59	7.51	1.55
20070928	1.72	10.42	1.36
20070929	0.06	10.75	1.19
20070930	1.87	11.24	1.08
20071001	2.23	10.06	1.07
20071002	0.13	10.29	1.01
20071003	3.92	9.59	1.01
20071004	0.0	8.71	0.96
20071005	0.0	9.5	0.83
20071006	0.0	10.32	0.78
20071007	0.0	9.18	0.75
20071008	9.02	12.19	0.72
20071009	0.8	11.09	1.03
20071010	0.0	9.79	0.86
20071011	0.04	11.8	0.77
20071012	0.85	13.94	0.74
20071013	0.96	12.63	0.73
20071014	0.75	11.17	0.72
20071015	11.32	10.47	1.55
20071016	20.16	8.05	6.7
20071017	0.04	5.8	4.31
20071018	0.0	6.27	2.17
20071019	0.04	6.23	1.43
20071020	0.0	6.97	1.21
20071021	0.0	7.65	1.09
20071022	0.0	6.99	1.01
20071023	0.0	5.99	0.95
20071024	0.0	6.97	0.89
20071025	0.01	6.41	0.86
20071026	3.01	9.46	0.84
20071027	29.06	12.45	3.04
20071028	5.32	8.92	13.98
20071029	2.67	7.46	4.72
20071030	0.23	9.46	2.93
20071031	0.02	10.84	1.9
20071101	0.0	11.42	1.57
20071102	0.01	9.72	1.4
20071103	0.67	10.05	1.27
20071104	0.0	8.74	1.16
20071105	1.35	7.44	1.11
20071106	0.0	7.14	1.06
20071107	0.2	9.08	1.0
20071108	5.21	7.23	1.11
20071109	0.23	7.43	1.08
20071110	0.26	8.71	0.98
20071111	0.48	3.02	0.94
20071112	1.85	3.12	0.9
20071113	0.23	4.37	0.94
20071114	0.24	2.2	0.89
20071115	0.06	1.02	0.84
20071116	0.65	3.08	0.82
20071117	13.77	5.31	1.05
20071118	17.05	2.56	4.92
20071119	0.94	2.86	3.4
20071120	6.78	4.64	2.34
20071121	0.65	3.88	2.55
20071122	0.54	2.84	1.88
20071123	0.06	-0.42	1.54
20071124	8.08	5.49	2.63
20071125	0.41	7.51	2.37
20071126	0.66	8.23	1.71
20071127	3.3	7.72	1.58
20071128	10.1	6.36	4.49
20071129	7.69	6.46	4.08
20071130	22.62	7.13	14.09
20071201	25.74	6.74	9.87
20071202	5.25	7.18	17.9
20071203	2.05	6.98	6.5
20071204	19.54	9.87	11.44
20071205	18.6	8.96	14.71
20071206	58.13	8.01	58.02
20071207	13.97	4.1	16.72
20071208	28.76	6.98	22.55
20071209	14.26	4.05	22.26
20071210	0.01	1.03	8.58
20071211	0.05	2.46	6.12
20071212	0.02	2.33	5.05
20071213	0.04	1.78	4.04
20071214	0.01	0.85	2.88
20071215	0.0	-0.37	2.31
20071216	0.02	-1.63	1.97
20071217	0.01	-0.21	1.84
20071218	0.0	-0.07	1.63
20071219	0.01	-0.22	1.49
20071220	0.0	-0.75	1.38
20071221	0.04	1.68	1.29
20071222	0.42	2.44	1.28
20071223	0.68	3.25	1.22
20071224	26.59	5.13	4.65
20071225	6.33	4.3	5.29
20071226	3.25	6.57	4.01
20071227	7.51	8.42	2.98
20071228	46.79	5.65	27.05
20071229	3.51	4.21	8.31
20071230	0.29	5.57	5.5
20071231	2.12	6.39	4.64
20080101	0.13	4.21	3.38
20080102	0.0	0.65	2.46
20080103	0.07	0.12	2.0
20080104	17.48	3.77	4.79
20080105	1.87	2.85	4.51
20080106	5.06	4.09	3.53
20080107	10.26	5.06	4.35
20080108	12.77	3.97	6.99
20080109	14.81	4.62	8.03
20080110	19.77	4.61	17.8
20080111	12.05	1.95	11.16
20080112	15.63	5.4	11.01
20080113	31.11	6.25	17.92
20080114	60.46	6.43	35.78
20080115	9.19	4.11	32.12
20080116	2.67	3.49	8.95
20080117	14.47	7.2	8.96
20080118	48.69	9.33	46.32
20080119	29.84	9.55	38.45
20080120	19.77	8.97	31.22
20080121	13.06	4.3	27.37
20080122	3.28	5.41	9.56
20080123	6.49	6.8	10.77
20080124	0.19	4.22	7.91
20080125	0.0	6.22	5.92
20080126	0.0	6.33	4.95
20080127	0.04	4.86	3.97
20080128	2.18	5.57	2.95
20080129	7.11	3.84	3.86
20080130	16.88	4.08	3.71
20080131	4.9	3.21	12.51
20080201	0.09	0.57	5.21
20080202	3.13	2.15	4.17
20080203	11.81	1.89	4.87
20080204	22.04	4.77	10.1
20080205	15.2	5.67	12.08
20080206	3.61	4.45	7.56
20080207	3.71	6.77	6.65
20080208	0.0	5.7	5.27
20080209	0.02	6.13	4.05
20080210	0.04	5.06	2.82
20080211	0.03	6.69	2.29
20080212	0.03	7.84	1.98
20080213	0.03	6.21	1.79
20080214	0.03	1.39	1.69
20080215	0.0	0.35	1.53
20080216	0.0	-1.52	1.42
20080217	0.06	0.42	1.33
20080218	0.0	1.82	1.26
20080219	0.05	1.67	1.2
20080220	0.16	2.62	1.15
20080221	9.9	6.74	1.49
20080222	2.83	6.58	2.83
20080223	2.1	7.23	2.59
20080224	2.14	2.87	2.33
20080225	23.27	5.31	8.31
20080226	0.12	4.89	6.41
20080227	0.04	3.49	3.94
20080228	0.0	4.14	2.34
20080229	29.13	6.8	12.18
20080301	12.3	6.88	9.06
20080302	0.5	3.76	7.26
20080303	1.12	1.32	5.07
20080304	0.49	1.59	3.94
20080305	0.09	4.35	2.52
20080306	4.96	4.66	2.06
20080307	8.29	5.25	2.34
20080308	15.79	4.41	10.43
20080309	26.05	3.84	11.64
20080310	23.05	3.5	21.92
20080311	9.65	5.71	13.03
20080312	0.33	4.87	6.77
20080313	2.11	5.25	5.27
20080314	4.56	6.53	4.62
20080315	37.41	5.76	13.94
20080316	0.38	3.56	10.84
20080317	0.0	1.4	5.76
20080318	0.01	1.23	4.61
20080319	0.03	3.87	3.28
20080320	12.65	4.11	3.56
20080321	3.95	2.42	4.96
20080322	3.37	1.43	3.4
20080323	3.37	2.59	3.19
20080324	0.18	2.95	2.69
20080325	1.87	4.62	2.08
20080326	0.07	3.52	1.91
20080327	14.31	5.34	1.73
20080328	4.44	5.02	6.4
20080329	29.27	4.41	14.21
20080330	1.46	6.54	6.71
20080331	1.87	7.8	5.31
20080401	1.38	8.1	4.88
20080402	0.01	9.78	3.06
20080403	0.04	9.6	2.3
20080404	0.49	6.31	2.0
20080405	1.27	2.44	1.87
20080406	0.58	0.68	1.72
20080407	0.11	1.16	1.56
20080408	0.63	2.67	1.45
20080409	4.56	4.06	1.41
20080410	9.75	4.33	1.63
20080411	11.01	4.57	4.22
20080412	2.33	5.83	3.62
20080413	1.01	4.16	2.15
20080414	0.44	2.88	1.69
20080415	1.14	3.36	1.47
20080416	0.0	4.52	1.37
20080417	0.07	4.02	1.29
20080418	0.45	5.84	1.22
20080419	3.18	5.18	1.17
20080420	0.23	6.36	1.13
20080421	1.89	6.54	1.1
20080422	1.5	10.06	1.05
20080423	6.61	9.8	1.03
20080424	1.01	8.65	1.16
20080425	0.97	9.28	1.05
20080426	1.89	11.99	0.98
20080427	5.63	8.7	1.0
20080428	2.42	5.75	1.29
20080429	13.37	4.27	2.08
20080430	2.2	6.73	2.34
20080501	0.59	6.73	1.73
20080502	0.05	10.0	1.28
20080503	0.03	13.88	1.1
20080504	0.2	12.19	1.03
20080505	0.08	12.91	0.98
20080506	0.0	14.05	0.93
20080507	0.08	15.84	0.88
20080508	3.86	16.69	0.86
20080509	2.7	14.5	0.89
20080510	0.0	15.34	0.85
20080511	0.0	17.09	0.79
20080512	0.0	14.83	0.75
20080513	0.0	12.85	0.72
20080514	0.89	11.35	0.7
20080515	5.33	8.22	0.72
20080516	5.54	7.96	0.81
20080517	0.3	8.52	0.74
20080518	0.0	7.07	0.68
20080519	0.0	8.32	0.65
20080520	0.0	7.58	0.63
20080521	0.0	10.75	0.6
20080522	0.46	11.0	0.58
20080523	2.89	12.43	0.58
20080524	3.64	11.55	0.55
20080525	9.16	9.36	0.59
20080526	19.06	8.26	0.95
20080527	2.58	10.35	1.12
20080528	14.58	9.39	2.09
20080529	0.1	12.81	1.61
20080530	0.1	12.58	0.95
20080531	0.12	13.87	0.77
20080601	0.45	13.59	0.72
20080602	8.37	14.16	0.82
20080603	0.1	9.24	0.89
20080604	5.25	12.26	0.74
20080605	0.74	10.81	0.87
20080606	0.0	10.09	0.77
20080607	0.01	12.24	0.66
20080608	0.0	13.93	0.62
20080609	0.0	16.28	0.6
20080610	0.0	13.46	0.57
20080611	5.49	11.56	0.58
20080612	0.97	8.37	0.58
20080613	0.05	8.72	0.56
20080614	0.25	10.12	0.54
20080615	0.01	8.41	0.53
20080616	0.0	9.3	0.51
20080617	18.59	11.88	0.54
20080618	32.29	10.65	4.82
20080619	0.13	11.9	3.65
20080620	5.09	12.18	1.42
20080621	13.43	13.02	2.3
20080622	0.03	10.55	3.04
20080623	0.0	11.59	1.4
20080624	2.42	14.07	1.05
20080625	0.85	12.44	0.96
20080626	22.65	11.36	5.28
20080627	9.55	12.9	6.7
20080628	1.15	12.97	4.39
20080629	0.85	11.68	2.41
20080630	0.17	12.84	1.65
20080701	6.24	14.78	1.38
20080702	33.47	13.23	10.56
20080703	0.99	10.32	7.86
20080704	11.46	13.44	4.63
20080705	59.18	12.54	33.33
20080706	17.79	12.84	19.84
20080707	8.02	12.14	12.79
20080708	14.18	11.95	7.45
20080709	41.79	12.78	31.48
20080710	8.54	12.48	13.17
20080711	3.9	11.22	8.56
20080712	0.25	11.51	5.86
20080713	0.23	13.62	4.56
20080714	0.5	14.96	3.25
20080715	0.03	14.37	2.4
20080716	0.0	13.05	1.96
20080717	1.27	13.15	1.72
20080718	0.64	13.25	1.61
20080719	0.37	11.01	1.52
20080720	0.04	10.27	1.35
20080721	0.0	12.21	1.22
20080722	0.0	15.59	1.15
20080723	0.0	18.09	1.09
20080724	1.23	18.55	1.02
20080725	0.8	13.92	0.99
20080726	0.0	14.95	0.94
20080727	0.0	18.19	0.89
20080728	9.85	19.29	0.93
20080729	25.81	15.59	1.22
20080730	9.16	15.54	3.23
20080731	17.65	14.89	4.44
20080801	14.16	15.14	9.36
20080802	1.12	15.45	6.37
20080803	0.87	13.2	3.54
20080804	10.58	14.19	2.17
20080805	30.47	15.67	18.9
20080806	9.83	15.14	8.23
20080807	2.65	15.48	6.64
20080808	3.37	13.95	4.97
20080809	42.96	13.36	26.92
20080810	8.22	13.12	11.32
20080811	17.45	12.77	9.17
20080812	22.78	11.66	12.82
20080813	7.2	11.11	14.75
20080814	3.99	10.88	7.09
20080815	1.71	13.1	5.47
20080816	24.76	11.53	10.55
20080817	10.92	12.95	7.48
20080818	59.18	13.43	36.97
20080819	4.52	13.61	18.94
20080820	25.06	13.18	17.78
20080821	0.5	13.52	9.58
20080822	0.0	11.36	6.3
20080823	12.31	13.42	6.11
20080824	5.33	13.99	6.32
20080825	5.37	14.2	6.08
20080826	4.31	13.97	6.1
20080827	2.55	13.77	5.72
20080828	0.13	15.78	4.48
20080829	0.07	17.04	3.3
20080830	0.26	16.84	2.57
20080831	7.05	12.43	2.26
20080901	32.99	10.84	18.96
20080902	10.23	10.92	8.27
20080903	23.67	10.77	14.31
20080904	29.11	11.82	17.62
20080905	54.1	12.49	50.91
20080906	1.59	12.45	13.07
20080907	0.1	10.81	7.33
20080908	9.16	11.74	5.72
20080909	10.25	12.56	8.93
20080910	10.9	13.7	8.11
20080911	6.44	11.7	7.04
20080912	1.95	11.95	5.31
20080913	0.02	11.7	4.05
20080914	3.09	12.75	2.92
20080915	0.3	11.49	2.59
20080916	0.05	10.31	2.22
20080917	0.03	8.27	1.97
20080918	0.0	11.81	1.75
20080919	0.02	11.1	1.58
20080920	0.02	11.66	1.46
20080921	0.02	10.37	1.37
20080922	0.07	11.91	1.29
20080923	0.0	9.19	1.23
20080924	0.0	12.12	1.16
20080925	0.0	10.25	1.11
20080926	0.02	9.39	1.06
20080927	0.02	10.24	1.02
20080928	0.0	9.5	0.98
20080929	7.6	10.87	0.97
20080930	8.71	9.3	1.34
20081001	6.02	7.17	1.37
20081002	11.62	6.28	2.73
20081003	2.28	5.24	3.24
20081004	62.48	10.25	30.45
20081005	0.44	6.83	19.5
20081006	13.52	10.41	6.57
20081007	5.24	10.0	10.89
20081008	0.05	8.65	5.64
20081009	0.0	10.97	4.47
20081010	0.12	11.75	3.08
20081011	0.02	10.8	2.15
20081012	0.46	14.55	1.83
20081013	1.13	12.32	1.68
20081014	8.48	11.45	1.68
20081015	0.59	8.03	3.06
20081016	0.13	6.29	1.92
20081017	0.18	7.82	1.55
20081018	4.54	9.67	1.5
20081019	17.11	10.32	2.88
20081020	16.5	7.65	14.26
20081021	0.55	6.08	5.86
20081022	1.1	8.01	4.3
20081023	21.16	7.95	11.88
20081024	0.03	6.83	6.33
20081025	36.71	9.87	22.75
20081026	2.43	6.05	15.67
20081027	2.32	3.43	6.72
20081028	5.67	0.44	6.22
20081029	14.02	1.42	6.31
20081030	0.34	1.52	6.47
20081031	0.04	1.95	4.65
20081101	8.1	3.96	3.9
20081102	0.16	5.94	4.49
20081103	0.43	8.07	2.98
20081104	0.11	7.69	2.24
20081105	0.61	7.61	2.06
20081106	5.9	6.27	1.9
20081107	28.6	6.86	7.83
20081108	20.61	5.75	16.15
20081109	37.23	5.36	33.06
20081110	10.19	4.68	16.65
20081111	1.44	5.15	8.42
20081112	0.89	5.68	5.97
20081113	6.06	8.74	6.35
20081114	0.55	9.48	5.05
20081115	2.66	9.72	5.42
20081116	1.97	8.15	4.56
20081117	12.44	7.57	7.57
20081118	0.0	7.07	5.92
20081119	0.74	8.21	4.34
20081120	1.91	7.89	3.23
20081121	1.92	5.25	2.87
20081122	8.04	4.1	2.49
20081123	13.88	4.04	7.77
20081124	0.12	1.76	5.85
20081125	0.22	2.69	3.88
20081126	1.85	6.95	2.78
20081127	8.21	3.5	4.97
20081128	0.26	0.49	3.83
20081129	0.08	-0.99	2.71
20081130	0.05	-1.27	2.21
20081201	0.97	-0.18	1.89
20081202	1.62	-0.25	1.92
20081203	18.52	1.56	2.87
20081204	6.14	3.51	8.3
20081205	4.7	2.18	5.42
20081206	0.04	0.57	3.63
20081207	0.3	1.28	2.45
20081208	3.29	2.24	2.52
20081209	3.02	0.35	2.81
20081210	0.23	-0.85	2.21
20081211	2.02	-0.3	1.82
20081212	48.24	4.59	21.23
20081213	0.02	0.69	10.32
20081214	0.07	0.77	5.65
20081215	0.16	1.93	4.45
20081216	6.05	3.91	4.24
20081217	0.61	4.74	3.45
20081218	5.89	4.44	3.92
20081219	2.68	5.42	3.73
20081220	2.96	8.46	3.67
20081221	1.83	8.12	4.93
20081222	0.72	7.16	4.91
20081223	0.02	6.07	3.5
20081224	0.0	5.4	2.65
20081225	0.0	2.97	2.26
20081226	0.0	-0.07	2.04
20081227	0.03	-0.59	1.81
20081228	0.01	-0.59	1.66
20081229	0.0	-2.0	1.5
20081230	0.0	-2.41	1.41
20081231	0.03	-3.29	1.32
20090101	0.01	-3.68	1.24
20090102	0.07	-3.0	1.19
20090103	0.0	-3.98	1.1
20090104	0.35	-2.17	1.1
20090105	0.21	-4.39	1.05
20090106	0.07	-5.34	0.94
20090107	0.17	-0.5	0.99
20090108	0.01	-0.22	0.97
20090109	0.04	-2.16	0.94
20090110	0.0	2.23	0.91
20090111	59.28	6.58	12.01
20090112	20.79	6.06	29.15
20090113	0.89	1.4	8.34
20090114	1.93	2.67	5.47
20090115	13.51	5.21	7.36
20090116	18.4	5.09	11.11
20090117	21.2	3.4	16.98
20090118	10.1	2.77	8.84
20090119	2.87	1.46	8.28
20090120	3.7	0.93	5.77
20090121	33.46	3.83	19.39
20090122	12.62	3.61	12.9
20090123	0.28	1.01	9.06
20090124	23.75	3.07	10.74
20090125	3.57	3.95	9.49
20090126	0.18	2.58	6.23
20090127	13.21	4.98	7.13
20090128	0.37	4.55	6.21
20090129	8.48	3.77	4.83
20090130	0.42	3.27	5.67
20090131	0.0	0.68	3.64
20090201	0.09	-2.9	2.64
20090202	6.31	-3.39	2.26
20090203	5.29	-1.35	2.02
20090204	1.64	-0.95	1.89
20090205	3.14	-1.65	1.85
20090206	5.07	-2.19	1.69
20090207	0.33	-1.57	1.55
20090208	5.7	0.14	1.49
20090209	12.08	0.79	3.12
20090210	1.35	0.22	2.96
20090211	0.17	0.46	2.71
20090212	1.84	2.39	3.37
20090213	1.52	3.73	7.67
20090214	1.21	3.28	5.28
20090215	0.01	5.17	4.78
20090216	0.0	6.25	3.96
20090217	0.03	6.37	3.11
20090218	2.14	6.11	2.3
20090219	0.4	4.51	2.08
20090220	0.01	5.33	1.74
20090221	0.01	5.26	1.59
20090222	0.0	6.32	1.49
20090223	0.04	6.66	1.35
20090224	0.73	6.32	1.28
20090225	0.24	4.35	1.25
20090226	0.0	5.74	1.19
20090227	0.16	5.66	1.14
20090228	0.32	3.52	1.1
20090301	0.02	4.3	1.05
20090302	7.07	5.24	1.03
20090303	30.63	1.33	12.27
20090304	1.76	0.07	5.13
20090305	5.2	1.18	3.85
20090306	1.25	4.0	2.76
20090307	11.14	4.48	5.99
20090308	4.92	2.33	5.89
20090309	13.24	5.29	6.86
20090310	0.09	3.94	6.14
20090311	7.27	7.39	3.89
20090312	3.9	6.82	6.4
20090313	2.9	6.64	4.82
20090314	0.0	4.96	3.69
20090315	0.0	5.61	2.47
20090316	0.05	6.31	2.04
20090317	0.01	7.68	1.78
20090318	0.08	6.61	1.62
20090319	0.0	7.14	1.5
20090320	0.02	5.78	1.39
20090321	0.0	5.77	1.31
20090322	0.0	7.12	1.24
20090323	0.47	4.46	1.19
20090324	0.95	5.37	1.14
20090325	8.69	6.07	1.13
20090326	8.54	5.19	3.24
20090327	3.84	3.68	1.77
20090328	1.2	1.51	1.61
20090329	0.16	3.63	1.34
20090330	1.39	6.85	1.26
20090331	0.0	5.81	1.25
20090401	0.02	6.94	1.15
20090402	0.04	6.82	1.08
20090403	3.88	8.24	1.04
20090404	0.05	4.75	1.09
20090405	0.0	6.93	1.0
20090406	10.0	6.36	1.2
20090407	19.76	6.73	4.36
20090408	5.14	7.31	4.24
20090409	4.41	8.29	3.02
20090410	0.63	4.56	2.49
20090411	0.01	5.38	1.76
20090412	0.03	6.5	1.48
20090413	1.62	8.87	1.34
20090414	0.49	9.47	1.29
20090415	0.87	9.98	1.22
20090416	10.59	8.56	1.77
20090417	1.69	5.32	2.32
20090418	0.0	6.52	1.58
20090419	0.0	8.04	1.29
20090420	0.0	9.57	1.17
20090421	0.03	8.52	1.17
20090422	0.0	8.9	1.15
20090423	0.0	11.17	1.1
20090424	3.42	10.25	1.06
20090425	2.61	7.99	1.1
20090426	19.5	7.66	1.41
20090427	3.59	3.95	4.66
20090428	1.03	6.03	2.19
20090429	11.08	9.8	1.8
20090430	2.44	8.24	4.77
20090501	2.59	7.78	3.71
20090502	1.75	8.49	2.56
20090503	0.0	6.13	2.0
20090504	3.08	8.85	1.79
20090505	0.56	10.16	1.77
20090506	4.69	8.76	1.76
20090507	3.83	7.92	2.11
20090508	1.13	7.68	1.85
20090509	0.76	7.52	1.58
20090510	0.01	10.16	1.42
20090511	0.0	8.88	1.25
20090512	0.08	10.1	1.15
20090513	1.98	8.58	1.15
20090514	6.1	9.86	1.34
20090515	7.94	7.68	2.0
20090516	12.81	7.4	2.28
20090517	20.84	8.22	6.19
20090518	8.19	8.52	9.59
20090519	4.36	9.2	4.52
20090520	8.22	10.24	4.35
20090521	2.46	9.18	3.83
20090522	1.36	8.94	2.65
20090523	0.0	9.96	2.23
20090524	0.0	11.91	1.81
20090525	3.23	11.44	1.7
20090526	13.53	9.25	1.63
20090527	5.49	10.47	7.0
20090528	0.16	13.27	3.19
20090529	0.0	15.34	2.1
20090530	0.0	13.97	1.71
20090531	0.0	16.01	1.52
20090601	0.01	15.32	1.38
20090602	0.0	16.14	1.28
20090603	0.0	13.84	1.21
20090604	0.0	10.89	1.15
20090605	3.23	10.62	1.15
20090606	54.57	7.04	11.96
20090607	0.28	8.22	8.05
20090608	0.7	10.12	3.88
20090609	1.55	10.63	2.75
20090610	6.48	10.5	2.39
20090611	0.16	8.62	2.03
20090612	0.03	11.97	1.71
20090613	0.0	12.82	1.53
20090614	0.0	12.41	1.39
20090615	0.88	11.35	1.31
20090616	0.01	14.48	1.24
20090617	7.29	9.71	1.33
20090618	0.19	10.25	1.25
20090619	0.24	11.03	1.16
20090620	0.03	12.4	1.11
20090621	0.01	13.44	1.07
20090622	0.02	15.62	1.03
20090623	0.0	16.01	0.95
20090624	0.0	15.16	0.85
20090625	0.11	16.01	0.82
20090626	4.48	13.39	0.86
20090627	0.0	15.19	0.81
20090628	1.4	17.97	0.77
20090629	0.05	19.34	0.74
20090630	0.03	19.24	0.72
20090701	0.0	20.9	0.7
20090702	11.42	18.89	0.71
20090703	0.86	15.35	0.77
20090704	7.55	15.39	0.76
20090705	30.8	14.16	1.45
20090706	12.9	12.85	5.1
20090707	0.98	12.1	2.02
20090708	0.0	11.71	1.39
20090709	0.0	10.78	1.08
20090710	11.08	14.39	1.01
20090711	24.48	15.06	6.01
20090712	3.97	13.28	5.39
20090713	4.66	13.28	4.55
20090714	20.52	14.45	5.59
20090715	0.32	13.43	6.42
20090716	51.29	12.68	15.19
20090717	1.43	11.83	16.15
20090718	7.65	13.33	5.99
20090719	14.88	11.45	11.5
20090720	7.64	12.81	6.08
20090721	18.34	13.82	12.07
20090722	10.14	13.14	9.41
20090723	27.11	13.29	15.04
20090724	12.76	12.16	16.02
20090725	1.9	14.43	7.18
20090726	31.98	12.23	13.98
20090727	6.53	13.28	11.82
20090728	36.81	13.35	14.14
20090729	13.84	11.59	29.26
20090730	1.05	11.85	8.79
20090731	10.1	12.99	7.25
20090801	1.18	12.1	8.7
20090802	0.01	13.4	5.15
20090803	5.88	14.99	3.91
20090804	14.14	15.33	7.26
20090805	0.0	12.87	4.7
20090806	0.0	13.61	3.01
20090807	0.0	11.95	2.23
20090808	0.0	11.95	1.92
20090809	2.26	15.44	1.73
20090810	3.7	13.85	2.06
20090811	0.64	17.16	1.71
20090812	3.38	15.31	1.57
20090813	0.02	13.58	1.48
20090814	5.67	15.65	1.39
20090815	3.35	14.85	2.45
20090816	0.01	13.86	1.86
20090817	0.0	13.82	1.46
20090818	0.58	16.56	1.29
20090819	5.57	17.7	1.23
20090820	14.86	12.66	2.29
20090821	3.3	10.6	4.66
20090822	1.93	15.27	2.01
20090823	5.65	14.27	2.45
20090824	19.73	12.65	2.9
20090825	9.39	13.25	11.14
20090826	13.9	13.27	14.37
20090827	7.15	12.55	6.4
20090828	8.05	10.9	6.01
20090829	1.15	11.35	3.93
20090830	15.36	14.4	5.95
20090831	10.13	13.19	8.47
20090901	23.07	11.98	11.74
20090902	27.6	11.33	20.89
20090903	2.11	10.46	9.46
20090904	0.44	10.65	6.06
20090905	0.0	11.56	4.83
20090906	4.91	13.46	3.58
20090907	2.81	16.27	3.0
20090908	4.73	11.47	3.8
20090909	0.01	10.29	2.77
20090910	0.0	10.58	2.01
20090911	0.0	12.33	1.74
20090912	0.03	11.72	1.57
20090913	0.0	12.58	1.46
20090914	0.0	11.37	1.37
20090915	0.0	12.18	1.32
20090916	0.0	10.13	1.23
20090917	0.0	9.25	1.16
20090918	0.05	13.26	1.11
20090919	0.0	12.44	1.06
20090920	0.0	10.76	1.01
20090921	1.17	13.01	0.98
20090922	3.87	12.84	1.09
20090923	0.14	9.9	1.02
20090924	0.0	9.6	0.95
20090925	0.0	11.36	0.9
20090926	0.04	10.49	0.87
20090927	0.0	12.4	0.84
20090928	0.0	12.31	0.82
20090929	0.03	12.38	0.8
20090930	0.0	12.14	0.78
20091001	0.0	9.44	0.76
20091002	5.08	10.63	0.75
20091003	2.07	9.12	0.88
20091004	0.0	9.22	0.79
20091005	12.85	11.31	0.76
20091006	32.59	10.91	8.39
20091007	0.07	4.05	4.85
20091008	0.0	7.58	2.81
20091009	5.1	9.32	1.62
20091010	1.2	11.22	1.64
20091011	5.94	7.61	2.82
20091012	0.06	7.91	1.87
20091013	0.0	9.66	1.43
20091014	0.01	10.4	1.27
20091015	0.25	11.11	1.17
20091016	0.06	6.66	1.12
20091017	0.02	5.98	1.06
20091018	0.1	7.73	1.01
20091019	0.37	8.44	1.94
20091020	21.03	8.31	6.4
20091021	7.63	10.85	4.68
20091022	12.61	10.38	6.21
20091023	9.61	11.67	5.33
20091024	7.07	11.96	8.84
20091025	3.08	10.22	6.12
20091026	3.65	11.58	4.46
20091027	2.64	12.94	3.58
20091028	0.14	11.1	2.96
20091029	0.0	12.28	2.25
20091030	14.85	12.27	3.67
20091031	28.88	11.58	5.2
20091101	5.96	8.97	19.35
20091102	17.78	7.71	9.09
20091103	7.64	7.19	11.65
20091104	7.88	7.31	6.74
20091105	7.55	6.98	8.3
20091106	6.76	5.46	7.05
20091107	12.1	6.42	8.5
20091108	0.07	4.93	6.26
20091109	2.07	5.04	4.89
20091110	0.3	5.1	4.01
20091111	10.38	6.77	4.54
20091112	25.51	8.2	9.66
20091113	33.07	9.35	23.29
20091114	25.72	6.87	16.32
20091115	19.07	8.23	13.96
20091116	12.84	7.77	15.17
20091117	37.71	8.44	21.16
20091118	4.9	10.53	28.16
20091119	35.4	10.39	25.82
20091120	6.77	8.31	16.4
20091121	38.38	8.38	24.01
20091122	32.81	7.15	27.42
20091123	16.75	8.47	24.42
20091124	22.28	7.37	23.98
20091125	17.68	5.18	17.13
20091126	14.18	3.99	17.04
20091127	22.94	3.7	14.8
20091128	13.33	3.25	15.48
20091129	13.22	2.94	15.2
20091130	0.0	0.53	8.23
20091201	8.9	2.78	7.19
20091202	6.46	4.75	6.87
20091203	4.15	1.86	6.87
20091204	13.12	4.73	7.94
20091205	53.42	7.72	34.93
20091206	11.66	6.1	16.76
20091207	15.47	5.19	19.07
20091208	11.6	6.87	12.57
20091209	6.83	6.45	9.45
20091210	0.05	4.35	7.15
20091211	0.04	3.48	5.71
20091212	0.0	3.27	4.78
20091213	0.13	3.21	3.61
20091214	2.41	2.2	2.91
20091215	0.56	2.24	2.72
20091216	1.73	1.55	2.47
20091217	0.09	-0.91	2.44
20091218	0.21	-4.17	1.98
20091219	2.52	-2.59	1.82
20091220	3.62	-1.13	1.74
20091221	1.03	-3.11	1.66
20091222	0.76	-2.1	1.52
20091223	7.62	-1.73	1.6
20091224	1.21	0.67	1.85
20091225	18.75	1.98	5.38
20091226	14.93	3.96	9.39
20091227	0.84	0.45	7.72
20091228	1.05	-0.58	5.19
20091229	17.95	0.03	5.47
20091230	8.4	0.23	6.38
20091231	0.27	-2.88	4.23
20100101	0.96	-2.84	2.82
20100102	3.72	-0.53	2.35
20100103	0.3	-4.53	2.08
20100104	0.18	-4.16	1.86
20100105	6.21	-1.56	1.8
20100106	2.3	-5.97	1.69
20100107	0.56	-6.76	1.52
20100108	0.09	-3.96	1.46
20100109	0.04	-2.95	1.39
20100110	0.26	-1.82	1.37
20100111	1.26	-1.7	1.32
20100112	1.94	-1.27	1.31
20100113	3.15	-1.14	1.28
20100114	9.93	-0.59	1.26
20100115	39.93	4.11	19.46
20100116	12.69	4.62	31.05
20100117	2.85	4.72	8.69
20100118	0.71	4.2	7.09
20100119	6.51	2.23	5.5
20100120	6.3	-0.3	5.85
20100121	21.37	3.94	12.87
20100122	0.13	3.53	9.46
20100123	0.24	1.57	5.63
20100124	0.1	1.92	4.5
20100125	0.0	0.91	3.05
20100126	0.0	-1.23	2.34
20100127	1.47	3.25	2.14
20100128	10.54	3.65	2.86
20100129	3.2	-1.15	5.57
20100130	1.07	-1.24	3.04
20100131	1.25	-1.19	2.19
20100201	7.58	2.56	2.42
20100202	13.47	3.34	9.37
20100203	8.17	3.45	7.94
20100204	5.87	4.7	6.38
20100205	0.16	4.92	5.38
20100206	0.06	3.2	3.6
20100207	0.05	0.46	2.6
20100208	0.01	-0.66	2.32
20100209	0.13	-0.93	1.99
20100210	0.1	-1.59	1.8
20100211	0.2	-1.65	1.59
20100212	0.0	0.89	1.41
20100213	0.03	0.36	1.33
20100214	2.38	2.75	1.28
20100215	7.8	2.18	1.56
20100216	0.21	0.78	1.84
20100217	2.17	-0.3	1.47
20100218	5.11	-1.84	1.46
20100219	1.87	-1.14	1.33
20100220	1.85	0.6	1.25
20100221	1.99	0.86	1.42
20100222	0.02	-0.3	1.35
20100223	11.21	1.21	1.41
20100224	2.01	4.49	3.79
20100225	0.21	3.25	3.05
20100226	6.18	3.13	1.97
20100227	2.15	3.93	2.95
20100228	0.51	0.59	2.03
20100301	0.06	1.12	1.52
20100302	0.0	3.17	1.35
20100303	0.0	1.6	1.25
20100304	0.01	-0.0	1.18
20100305	0.0	3.17	1.12
20100306	0.0	0.15	1.08
20100307	0.0	-1.65	1.02
20100308	0.0	1.0	0.98
20100309	0.0	3.43	0.95
20100310	0.0	0.38	0.92
20100311	0.27	1.79	0.89
20100312	0.74	3.02	0.88
20100313	0.0	3.23	0.85
20100314	0.03	3.73	0.82
20100315	0.05	2.29	0.79
20100316	3.38	5.42	0.78
20100317	0.19	7.68	0.86
20100318	12.9	7.5	1.47
20100319	34.39	7.66	4.84
20100320	3.19	5.21	11.93
20100321	3.1	7.31	4.79
20100322	6.78	4.13	5.26
20100323	19.18	6.21	8.45
20100324	9.26	7.6	9.76
20100325	16.91	6.72	9.77
20100326	14.66	6.53	8.58
20100327	0.1	6.06	6.35
20100328	4.6	6.43	4.68
20100329	10.48	7.26	4.97
20100330	14.56	3.38	8.6
20100331	3.96	0.83	7.04
20100401	31.43	2.66	10.31
20100402	15.04	3.97	19.02
20100403	3.21	4.16	10.37
20100404	0.67	4.96	7.05
20100405	0.08	6.92	5.62
20100406	3.64	7.27	4.6
20100407	0.08	4.64	3.2
20100408	0.0	7.44	2.15
20100409	0.0	8.59	1.8
20100410	0.0	10.55	1.62
20100411	0.0	7.46	1.49
20100412	0.0	6.51	1.38
20100413	0.0	7.5	1.29
20100414	0.0	5.93	1.21
20100415	0.0	5.91	1.15
20100416	0.0	5.2	1.08
20100417	0.0	7.32	1.04
20100418	0.0	8.36	1.0
20100419	0.0	6.02	0.95
20100420	0.0	3.45	0.91
20100421	0.0	3.8	0.88
20100422	0.0	5.39	0.85
20100423	0.0	7.58	0.82
20100424	6.3	12.45	0.8
20100425	2.08	10.42	0.86
20100426	0.0	8.08	0.81
20100427	0.0	12.03	0.77
20100428	0.13	12.86	0.73
20100429	5.15	8.12	0.76
20100430	6.67	7.56	0.88
20100501	17.0	7.28	1.18
20100502	0.03	3.98	1.6
20100503	0.0	4.48	0.96
20100504	0.0	6.29	0.81
20100505	2.41	8.91	0.76
20100506	2.13	7.2	0.78
20100507	1.32	6.79	0.74
20100508	0.91	5.25	0.73
20100509	0.0	7.48	0.69
20100510	0.42	6.82	0.66
20100511	0.61	3.22	0.65
20100512	4.82	3.96	0.66
20100513	1.02	7.0	0.67
20100514	1.77	5.63	0.66
20100515	0.66	7.79	0.63
20100516	0.74	7.39	0.62
20100517	0.01	7.78	0.59
20100518	0.58	12.13	0.56
20100519	0.8	12.4	0.57
20100520	0.0	14.81	0.55
20100521	0.0	16.84	0.54
20100522	0.0	16.19	0.51
20100523	0.0	16.25	0.49
20100524	0.0	15.07	0.47
20100525	0.0	12.29	0.47
20100526	0.37	8.41	0.47
20100527	0.12	9.21	0.46
20100528	4.67	10.07	0.46
20100529	10.36	10.43	0.69
20100530	0.07	8.54	0.58
20100531	7.45	12.34	0.51
20100601	0.39	9.84	0.58
20100602	0.0	12.77	0.52
20100603	0.0	14.61	0.48
20100604	0.01	15.42	0.45
20100605	0.0	15.51	0.44
20100606	0.0	13.23	0.43
20100607	13.99	12.06	0.48
20100608	3.99	13.23	0.65
20100609	3.04	13.73	0.55
20100610	0.09	11.18	0.52
20100611	0.0	11.74	0.47
20100612	0.0	12.54	0.44
20100613	6.02	12.58	0.47
20100614	0.0	10.53	0.47
20100615	0.0	10.26	0.44
20100616	0.0	12.49	0.42
20100617	0.0	14.01	0.4
20100618	0.04	12.93	0.4
20100619	0.0	9.18	0.4
20100620	0.0	12.56	0.39
20100621	0.0	14.18	0.38
20100622	0.0	13.76	0.37
20100623	0.01	15.59	0.32
20100624	0.01	12.56	0.31
20100625	0.0	14.56	0.31
20100626	0.0	16.81	0.3
20100627	0.03	15.44	0.29
20100628	6.59	16.77	0.3
20100629	0.59	15.17	0.33
20100630	0.0	15.64	0.31
20100701	24.22	15.1	0.5
20100702	0.03	14.15	0.63
20100703	0.0	12.98	0.41
20100704	6.45	13.21	0.45
20100705	0.0	11.84	0.43
20100706	3.67	15.11	0.37
20100707	4.54	13.77	0.45
20100708	0.07	14.63	0.5
20100709	0.54	16.71	0.42
20100710	2.01	15.98	0.4
20100711	0.16	13.76	0.38
20100712	0.03	13.91	0.36
20100713	8.96	13.42	0.38
20100714	32.4	14.81	2.75
20100715	41.65	12.63	9.31
20100716	5.41	11.89	8.64
20100717	4.94	13.4	4.55
20100718	3.58	14.91	4.49
20100719	7.92	17.26	2.51
20100720	31.72	13.76	13.17
20100721	2.53	12.57	6.59
20100722	6.37	14.57	4.92
20100723	0.59	13.35	3.03
20100724	0.7	14.5	1.9
20100725	0.14	17.31	1.63
20100726	0.17	18.21	1.36
20100727	0.02	14.43	1.14
20100728	0.07	13.17	1.03
20100729	0.0	12.79	0.94
20100730	5.24	14.74	0.92
20100731	1.94	14.19	0.91
20100801	0.1	13.07	0.83
20100802	0.21	13.08	0.76
20100803	2.82	15.24	0.72
20100804	0.81	12.7	0.71
20100805	1.73	13.81	0.66
20100806	7.14	14.88	0.73
20100807	0.51	13.51	0.83
20100808	0.39	12.22	0.69
20100809	12.42	13.99	1.02
20100810	2.49	12.57	1.62
20100811	0.0	13.05	1.06
20100812	0.01	11.72	0.81
20100813	2.86	12.96	0.7
20100814	0.51	13.2	0.7
20100815	0.03	14.45	0.64
20100816	1.94	16.04	0.58
20100817	0.08	13.25	0.56
20100818	3.05	12.92	0.54
20100819	58.23	14.8	11.03
20100820	50.98	15.51	36.12
20100821	12.15	14.29	15.16
20100822	6.9	14.69	8.17
20100823	7.29	12.81	8.0
20100824	0.31	11.86	5.34
20100825	53.9	11.16	20.48
20100826	0.92	10.4	11.38
20100827	0.05	11.24	6.39
20100828	0.19	12.32	4.91
20100829	0.54	8.34	3.58
20100830	0.0	9.96	2.22
20100831	0.05	12.03	1.81
20100901	0.03	11.33	1.6
20100902	0.0	13.35	1.44
20100903	0.0	13.55	1.32
20100904	0.49	14.86	1.23
20100905	0.89	13.55	1.18
20100906	23.9	12.61	2.56
20100907	5.17	10.8	4.14
20100908	5.31	13.68	2.81
20100909	13.69	15.16	2.76
20100910	51.09	15.1	37.14
20100911	0.42	12.6	13.39
20100912	0.18	12.32	6.57
20100913	19.64	13.78	7.02
20100914	11.17	11.03	14.42
20100915	1.65	10.96	7.01
20100916	0.55	9.43	5.52
20100917	0.03	7.7	4.18
20100918	0.53	11.34	2.71
20100919	12.89	13.12	3.13
20100920	0.07	12.12	4.76
20100921	0.03	13.51	2.71
20100922	30.1	14.27	6.98
20100923	8.22	11.92	10.47
20100924	0.01	6.2	6.35
20100925	0.04	5.81	4.78
20100926	0.0	8.12	3.2
20100927	0.61	10.22	2.22
20100928	14.57	13.78	2.03
20100929	2.48	9.75	5.97
20100930	25.43	11.42	4.7
20101001	26.11	9.16	30.89
20101002	24.4	11.12	7.94
20101003	16.8	8.23	27.12
20101004	8.73	11.98	8.28
20101005	10.31	11.22	8.02
20101006	6.09	10.16	7.82
20101007	0.05	13.1	5.47
20101008	0.02	15.08	4.21
20101009	0.07	11.76	2.87
20101010	0.0	10.76	2.28
20101011	0.03	9.0	1.95
20101012	0.01	7.57	1.66
20101013	0.05	6.81	1.51
20101014	0.0	6.61	1.41
20101015	0.59	6.76	1.32
20101016	0.05	5.21	1.24
20101017	0.2	7.33	1.17
20101018	3.64	7.86	1.15
20101019	2.45	5.0	1.19
20101020	0.14	3.39	1.09
20101021	0.15	5.89	1.03
20101022	9.97	7.7	1.17
20101023	4.7	3.62	1.88
20101024	0.07	2.15	1.47
20101025	2.53	4.41	1.15
20101026	24.64	10.25	6.96
20101027	5.05	10.47	6.5
20101028	4.52	10.92	5.65
20101029	12.95	8.94	4.86
20101030	1.9	9.32	6.35
20101031	0.12	6.48	3.44
20101101	7.95	9.31	3.58
20101102	16.87	9.63	11.21
20101103	10.63	11.39	8.31
20101104	20.44	11.55	16.93
20101105	12.31	8.48	13.44
20101106	2.67	5.28	7.9
20101107	19.62	3.62	8.25
20101108	2.86	5.09	9.37
20101109	0.27	1.65	5.8
20101110	18.93	5.44	5.22
20101111	6.58	8.77	13.89
20101112	8.04	6.11	7.27
20101113	4.97	4.44	6.18
20101114	0.01	1.3	4.96
20101115	2.18	3.08	3.53
20101116	27.83	4.27	4.68
20101117	13.37	5.36	17.16
20101118	18.13	4.75	14.38
20101119	0.86	5.53	8.08
20101120	0.35	3.55	5.8
20101121	1.34	2.34	4.73
20101122	0.11	3.04	3.42
20101123	0.03	2.74	2.52
20101124	0.04	-0.49	2.19
20101125	0.03	-1.67	1.94
20101126	2.51	-3.57	1.72
20101127	0.11	-6.72	1.63
20101128	0.01	-6.84	1.44
20101129	0.36	-4.31	1.35
20101130	0.02	-2.64	1.29
20101201	0.87	-2.9	1.21
20101202	0.44	-5.93	1.16
20101203	9.64	-1.76	1.16
20101204	6.67	-0.85	1.46
20101205	0.14	-3.26	1.31
20101206	0.03	-6.63	1.1
20101207	0.01	-5.56	1.05
20101208	0.02	-3.64	0.96
20101209	0.44	1.24	0.99
20101210	0.0	3.75	2.3
20101211	0.0	1.98	2.88
20101212	0.05	0.95	1.67
20101213	0.01	-0.36	1.34
20101214	0.08	0.67	1.19
20101215	0.26	2.38	1.14
20101216	4.59	-0.23	1.56
20101217	3.97	-4.32	1.43
20101218	0.02	-5.25	1.22
20101219	0.0	-7.67	1.1
20101220	7.25	-4.77	1.08
20101221	0.07	-3.03	1.02
20101222	2.47	-2.83	0.98
20101223	0.01	-3.92	0.95
20101224	0.01	-5.72	0.87
20101225	0.0	-5.66	0.85
20101226	0.31	-2.9	0.88
20101227	14.35	3.16	1.41
20101228	6.22	5.23	7.17
20101229	0.87	5.65	6.33
20101230	0.02	4.36	4.74
20101231	0.0	2.82	3.55
20110101	0.91	2.14	2.2
20110102	0.02	-0.87	1.74
20110103	0.07	-2.31	1.5
20110104	14.98	2.37	1.75
20110105	4.51	1.98	5.99
20110106	6.69	-0.27	2.82
20110107	21.0	3.67	8.99
20110108	1.15	1.34	6.78
20110109	2.27	1.8	4.17
20110110	22.5	5.05	9.39
20110111	15.32	5.41	9.69
20110112	33.38	9.04	45.15
20110113	26.66	8.8	33.59
20110114	22.95	6.78	21.02
20110115	8.18	8.26	24.62
20110116	13.6	5.84	14.33
20110117	2.95	2.8	8.03
20110118	0.05	0.99	6.14
20110119	0.21	0.04	4.97
20110120	0.1	-1.33	3.84
20110121	0.11	-2.28	2.69
20110122	0.2	0.51	2.21
20110123	0.04	2.66	1.98
20110124	0.78	3.29	1.82
20110125	5.14	4.37	2.19
20110126	0.38	0.69	2.25
20110127	0.0	-2.34	1.64
20110128	0.05	-3.09	1.39
20110129	0.0	-3.94	1.27
20110130	0.11	-4.17	1.2
20110131	2.07	-0.8	1.17
20110201	1.21	4.57	1.35
20110202	9.61	4.93	3.46
20110203	14.33	5.42	8.23
20110204	17.2	7.85	14.37
20110205	19.29	8.28	28.32
20110206	14.88	7.52	20.45
20110207	1.15	2.5	10.79
20110208	1.74	3.32	6.48
20110209	7.9	6.68	6.82
20110210	4.77	6.57	6.92
20110211	1.67	6.64	6.08
20110212	16.29	4.83	5.41
20110213	11.73	3.92	12.02
20110214	7.69	1.87	7.42
20110215	10.71	2.73	9.67
20110216	1.26	4.17	6.74
20110217	0.76	4.48	5.29
20110218	10.29	3.63	4.86
20110219	0.24	5.52	5.1
20110220	1.75	3.45	3.5
20110221	0.96	3.56	3.01
20110222	4.27	6.13	2.58
20110223	3.28	7.7	3.75
20110224	2.7	7.85	3.13
20110225	30.25	6.58	12.13
20110226	0.66	4.52	8.4
20110227	1.71	2.83	5.8
20110228	0.0	2.69	4.45
20110301	0.0	2.66	3.01
20110302	0.0	1.15	2.34
20110303	0.1	2.02	2.05
20110304	0.01	0.04	1.79
20110305	0.09	2.05	1.64
20110306	0.03	-0.24	1.53
20110307	0.17	0.77	1.42
20110308	1.5	3.92	1.36
20110309	0.7	5.87	1.33
20110310	0.17	4.97	1.26
20110311	0.6	6.02	1.21
20110312	4.73	5.37	1.19
20110313	0.02	1.81	1.24
20110314	0.0	5.26	1.1
20110315	0.0	8.36	1.04
20110316	0.04	6.07	0.99
20110317	0.24	5.75	0.95
20110318	0.09	2.51	0.92
20110319	0.05	6.39	0.88
20110320	0.51	8.05	0.87
20110321	0.03	6.53	0.87
20110322	0.0	7.74	0.83
20110323	0.02	7.94	0.8
20110324	0.05	7.84	0.78
20110325	0.01	8.78	0.76
20110326	0.0	7.99	0.74
20110327	0.0	6.35	0.73
20110328	0.01	8.35	0.71
20110329	4.66	8.56	0.71
20110330	15.87	9.19	0.94
20110331	13.25	10.54	2.78
20110401	3.3	9.78	4.87
20110402	5.53	8.38	2.17
20110403	1.55	6.52	2.19
20110404	16.11	7.91	2.81
20110405	6.14	10.15	8.5
20110406	0.0	10.85	4.63
20110407	0.0	9.6	2.71
20110408	0.0	12.01	1.68
20110409	0.0	11.64	1.43
20110410	0.12	11.67	1.26
20110411	0.19	7.0	1.17
20110412	0.5	6.36	1.09
20110413	2.75	6.69	1.07
20110414	0.3	8.83	1.05
20110415	0.0	8.28	0.98
20110416	0.07	8.27	0.93
20110417	0.01	11.17	0.88
20110418	0.0	9.11	0.84
20110419	0.0	12.0	0.8
20110420	0.0	13.04	0.76
20110421	0.0	14.56	0.73
20110422	0.01	14.22	0.71
20110423	0.1	14.24	0.69
20110424	0.0	10.9	0.66
20110425	0.0	10.88	0.64
20110426	0.0	9.62	0.63
20110427	0.0	6.82	0.62
20110428	0.0	10.38	0.6
20110429	0.21	11.03	0.59
20110430	0.4	11.84	0.57
20110501	0.0	10.88	0.56
20110502	0.0	8.73	0.54
20110503	0.0	7.29	0.53
20110504	0.0	10.75	0.53
20110505	7.0	11.76	0.57
20110506	4.03	14.06	0.56
20110507	20.41	13.24	0.67
20110508	4.04	11.6	1.02
20110509	24.78	10.39	3.96
20110510	0.36	11.31	2.48
20110511	0.16	10.12	1.14
20110512	1.0	7.92	0.91
20110513	2.85	7.45	0.89
20110514	1.33	8.13	0.81
20110515	0.4	10.27	0.74
20110516	0.01	11.4	0.69
20110517	3.23	11.45	0.69
20110518	2.26	7.75	0.85
20110519	0.48	9.2	0.74
20110520	0.68	9.46	0.67
20110521	14.21	10.75	0.84
20110522	2.38	9.89	1.56
20110523	5.46	7.86	1.69
20110524	0.0	8.19	1.24
20110525	10.29	11.23	0.95
20110526	3.28	8.33	3.15
20110527	7.54	9.59	1.88
20110528	10.67	10.53	3.63
20110529	13.1	10.04	6.82
20110530	1.43	7.3	6.06
20110531	0.01	9.0	3.52
20110601	0.0	11.85	1.84
20110602	0.03	15.04	1.42
20110603	0.0	15.58	1.2
20110604	0.41	14.49	1.08
20110605	2.79	10.1	1.04
20110606	3.96	9.73	0.96
20110607	12.02	10.21	1.06
20110608	5.34	8.93	2.58
20110609	0.06	7.72	1.6
20110610	4.8	7.79	1.19
20110611	10.57	7.34	1.12
20110612	36.89	10.48	15.66
20110613	0.25	9.36	8.15
20110614	3.5	14.73	4.82
20110615	3.06	11.56	4.35
20110616	4.95	11.2	2.55
20110617	12.67	9.8	3.64
20110618	9.06	11.08	8.99
20110619	0.11	9.36	4.92
20110620	14.18	13.78	4.85
20110621	15.31	12.29	8.29
20110622	2.44	11.54	6.85
20110623	0.22	10.28	4.22
20110624	21.76	10.84	6.18
20110625	2.73	14.28	8.65
20110626	0.32	18.55	5.21
20110627	0.44	15.11	3.65
20110628	0.0	11.47	2.18
20110629	3.69	10.25	1.92
20110630	0.0	9.9	1.63
20110701	0.0	11.36	1.42
20110702	0.0	12.48	1.3
20110703	0.0	14.39	1.19
20110704	0.85	16.22	1.09
20110705	14.45	12.48	1.18
20110706	27.2	11.75	5.15
20110707	19.46	11.98	7.02
20110708	12.42	12.79	12.41
20110709	11.71	12.69	7.84
20110710	0.03	11.96	5.33
20110711	0.0	14.46	3.84
20110712	0.03	12.3	2.22
20110713	0.0	11.05	1.68
20110714	0.0	13.6	1.46
20110715	18.97	14.27	1.42
20110716	5.02	12.64	4.42
20110717	7.02	11.78	3.12
20110718	3.71	11.71	3.34
20110719	0.42	12.07	2.26
20110720	0.49	11.34	1.78
20110721	7.81	13.34	1.6
20110722	1.99	10.48	2.01
20110723	0.0	12.01	1.49
20110724	0.0	11.96	1.25
20110725	0.0	14.77	1.14
20110726	0.0	14.95	1.04
20110727	0.0	16.05	0.98
20110728	0.09	15.72	0.94
20110729	0.02	12.93	0.91
20110730	0.0	15.71	0.88
20110731	3.47	17.03	0.85
20110801	2.24	16.82	0.87
20110802	0.02	15.24	0.82
20110803	10.57	17.76	0.78
20110804	0.24	14.32	1.01
20110805	0.0	13.65	0.82
20110806	9.37	12.23	0.82
20110807	5.71	11.65	0.99
20110808	1.35	11.67	0.92
20110809	0.02	11.77	0.78
20110810	12.97	14.25	0.76
20110811	5.29	15.47	3.28
20110812	6.97	14.33	2.53
20110813	0.64	13.4	2.58
20110814	0.02	11.97	1.44
20110815	11.28	13.32	1.22
20110816	1.11	11.83	2.84
20110817	0.0	11.93	1.49
20110818	0.02	10.26	1.15
20110819	5.21	14.7	1.04
20110820	1.15	14.22	1.22
20110821	0.05	12.69	1.07
20110822	0.01	14.9	0.92
20110823	0.03	12.61	0.85
20110824	2.28	11.66	0.82
20110825	11.0	12.39	1.04
20110826	2.84	11.14	1.16
20110827	1.29	11.85	1.01
20110828	0.16	10.58	0.88
20110829	0.63	10.78	0.81
20110830	0.07	9.37	0.78
20110831	0.01	10.15	0.74
20110901	0.0	14.01	0.71
20110902	0.0	15.14	0.68
20110903	12.49	12.86	0.78
20110904	11.78	12.09	1.21
20110905	30.97	12.59	7.38
20110906	1.46	11.38	10.14
20110907	9.06	11.32	5.12
20110908	8.31	13.5	7.56
20110909	1.86	16.16	5.61
20110910	23.11	14.38	8.03
20110911	23.57	13.72	14.14
20110912	5.01	11.96	10.26
20110913	0.68	10.78	6.36
20110914	0.0	9.49	4.56
20110915	0.01	10.47	2.94
20110916	11.82	12.47	2.67
20110917	14.68	10.22	5.41
20110918	9.23	10.83	8.91
20110919	26.06	12.24	10.68
20110920	13.9	10.37	22.53
20110921	3.49	10.85	7.86
20110922	0.13	11.07	5.9
20110923	0.0	12.45	4.65
20110924	6.63	13.04	3.28
20110925	9.43	12.21	5.92
20110926	0.82	12.93	4.81
20110927	0.11	15.63	2.87
20110928	0.11	17.35	2.15
20110929	0.04	18.54	1.82
20110930	0.01	18.01	1.61
20111001	0.01	17.78	1.47
20111002	0.05	17.58	1.37
20111003	0.76	14.6	1.31
20111004	8.05	12.4	1.36
20111005	22.32	10.46	12.05
20111006	4.28	8.59	5.9
20111007	0.86	9.38	4.35
20111008	1.24	11.82	2.65
20111009	4.82	13.56	2.7
20111010	9.52	13.28	5.33
20111011	4.29	12.75	6.5
20111012	0.8	12.65	5.06
20111013	0.01	13.28	3.38
20111014	0.03	9.01	2.35
20111015	1.13	10.17	1.97
20111016	3.03	10.24	1.82
20111017	17.33	7.76	6.95
20111018	4.73	5.58	5.07
20111019	2.34	4.29	3.95
20111020	0.94	6.79	2.65
20111021	1.11	7.89	2.37
20111022	0.55	10.0	2.01
20111023	11.52	12.86	2.07
20111024	17.17	9.95	9.47
20111025	7.35	6.98	6.96
20111026	6.38	8.18	5.62
20111027	8.74	5.37	8.08
20111028	0.06	6.63	4.87
20111029	36.99	10.28	19.21
20111030	11.5	12.91	13.28
20111031	18.16	9.78	15.04
20111101	2.79	9.0	9.49
20111102	12.6	11.53	8.27
20111103	3.42	10.73	8.6
20111104	7.22	8.22	6.62
20111105	0.05	6.03	5.26
20111106	0.05	4.45	3.83
20111107	0.51	6.22	2.78
20111108	1.36	8.48	2.39
20111109	20.91	9.51	6.61
20111110	0.05	10.79	5.91
20111111	17.56	9.82	9.43
20111112	0.03	11.06	5.76
20111113	0.0	10.16	4.32
20111114	0.01	6.06	2.98
20111115	0.13	5.69	2.32
20111116	7.53	6.37	2.52
20111117	9.81	8.54	2.95
20111118	0.17	9.6	5.0
20111119	0.01	8.06	2.72
20111120	2.76	8.64	2.08
20111121	8.63	8.49	2.97
20111122	0.07	4.66	3.49
20111123	0.42	8.63	2.25
20111124	6.44	7.91	2.34
20111125	1.99	6.79	2.94
20111126	17.04	8.69	7.62
20111127	0.01	4.7	7.78
20111128	16.44	8.0	8.91
20111129	20.15	6.79	15.04
20111130	8.88	5.64	8.6
20111201	1.37	2.6	6.91
20111202	16.84	5.03	11.66
20111203	0.16	5.95	7.07
20111204	3.61	3.53	5.53
20111205	0.29	2.81	4.19
20111206	6.81	4.53	3.27
20111207	3.37	5.07	3.22
20111208	21.0	5.16	15.45
20111209	0.14	1.23	5.94
20111210	6.23	3.28	4.82
20111211	13.52	3.78	8.95
20111212	44.36	4.89	26.42
20111213	8.58	1.97	11.86
20111214	15.36	2.26	10.98
20111215	5.71	1.6	11.03
20111216	4.55	0.87	7.21
20111217	4.1	1.16	6.51
20111218	5.89	2.2	6.49
20111219	12.02	5.33	11.12
20111220	8.16	7.12	7.5
20111221	0.06	8.61	6.7
20111222	7.8	8.43	5.37
20111223	29.07	5.29	23.29
20111224	25.2	5.95	19.05
20111225	7.08	8.78	16.15
20111226	4.41	7.92	11.61
20111227	5.85	6.42	7.74
20111228	1.34	4.37	7.21
20111229	11.69	5.27	8.64
20111230	14.25	7.52	10.12
20111231	10.91	8.68	13.94
20120101	7.2	4.39	9.83
20120102	55.8	5.26	27.88
20120103	4.73	5.01	30.86
20120104	26.12	6.3	18.39
20120105	0.25	4.72	11.36
20120106	4.93	5.95	7.72
20120107	0.0	5.82	6.5
20120108	0.08	7.24	5.23
20120109	4.0	7.19	4.64
20120110	4.44	7.18	4.43
20120111	5.36	7.43	4.23
20120112	1.34	3.58	5.03
20120113	0.02	0.47	3.58
20120114	0.08	0.05	2.8
20120115	0.0	1.03	2.42
20120116	0.0	0.55	2.15
20120117	2.99	4.12	2.02
20120118	21.56	7.41	5.79
20120119	2.11	4.67	7.21
20120120	1.79	7.33	4.71
20120121	0.37	6.18	3.57
20120122	0.01	5.11	2.5
20120123	16.54	3.97	2.27
20120124	5.06	7.72	8.33
20120125	7.82	4.54	5.92
20120126	9.42	2.03	7.04
20120127	1.14	1.88	5.51
20120128	0.01	1.03	4.1
20120129	6.6	0.07	3.24
20120130	2.75	-2.26	2.76
20120131	0.27	-2.31	2.3
20120201	0.01	-3.51	2.02
20120202	0.02	-5.26	1.79
20120203	0.0	-4.43	1.67
20120204	15.71	0.28	2.1
20120205	1.63	3.06	2.97
20120206	0.37	1.87	4.14
20120207	0.01	-2.49	3.14
20120208	0.0	-3.77	2.05
20120209	11.13	-0.57	3.49
20120210	0.57	-1.59	5.2
20120211	0.57	0.16	3.16
20120212	0.12	3.43	3.45
20120213	0.65	3.39	3.78
20120214	0.0	5.14	2.93
20120215	0.0	5.25	2.21
20120216	0.76	6.02	1.79
20120217	7.37	6.83	1.94
20120218	10.65	2.85	9.29
20120219	0.79	1.16	4.28
20120220	1.81	4.84	2.95
20120221	5.85	6.74	5.87
20120222	16.81	7.86	14.47
20120223	1.77	8.44	6.58
20120224	0.36	5.17	5.55
20120225	0.0	4.17	4.1
20120226	0.26	6.72	2.71
20120227	2.08	7.43	2.5
20120228	0.0	7.67	2.31
20120229	0.02	7.04	1.96
20120301	0.02	6.0	1.75
20120302	2.09	7.73	1.63
20120303	13.69	5.0	2.09
20120304	1.71	3.13	4.8
20120305	0.01	2.5	2.43
20120306	11.37	5.38	2.22
20120307	1.32	4.51	6.38
20120308	1.02	6.59	2.83
20120309	1.06	7.28	2.25
20120310	0.11	7.92	2.05
20120311	0.06	8.04	1.75
20120312	0.11	6.27	1.57
20120313	0.05	5.7	1.47
20120314	0.09	3.86	1.4
20120315	0.0	4.28	1.34
20120316	2.54	5.54	1.3
20120317	2.03	4.13	1.34
20120318	0.43	3.09	1.27
20120319	0.02	6.66	1.18
20120320	0.0	7.0	1.12
20120321	0.0	7.17	1.07
20120322	0.0	9.47	1.02
20120323	0.0	9.21	0.98
20120324	0.0	11.52	0.94
20120325	0.0	10.32	0.91
20120326	0.0	11.0	0.88
20120327	0.0	10.49	0.85
20120328	0.0	10.1	0.82
20120329	0.0	10.8	0.8
20120330	0.0	8.31	0.78
20120331	0.0	3.59	0.77
20120401	0.0	4.88	0.75
20120402	0.0	7.6	0.74
20120403	4.4	4.51	0.76
20120404	8.65	0.72	0.92
20120405	0.21	1.14	1.02
20120406	0.72	6.06	0.95
20120407	0.37	7.71	1.0
20120408	15.89	7.91	0.99
20120409	21.43	5.11	9.26
20120410	1.22	4.55	4.63
20120411	0.19	6.01	2.78
20120412	0.09	4.86	1.5
20120413	2.15	5.73	1.29
20120414	0.45	2.58	1.17
20120415	0.0	2.65	1.06
20120416	15.84	6.07	1.26
20120417	26.09	5.92	5.96
20120418	3.69	5.56	8.98
20120419	3.11	5.43	4.98
20120420	3.24	4.47	3.19
20120421	1.77	5.59	2.38
20120422	6.23	6.24	2.5
20120423	2.47	5.08	2.66
20120424	21.6	5.99	2.87
20120425	23.99	6.43	16.01
20120426	13.46	6.83	10.55
20120427	3.02	4.76	8.57
20120428	6.67	3.78	5.62
20120429	17.4	4.43	10.94
20120430	17.27	9.73	9.26
20120501	3.05	8.47	9.62
20120502	10.54	9.06	6.05
20120503	8.0	6.25	8.04
20120504	0.26	4.71	5.81
20120505	0.0	4.63	4.12
20120506	0.78	6.64	2.63
20120507	17.48	8.07	4.55
20120508	0.02	8.4	5.12
20120509	44.16	9.85	17.37
20120510	18.81	9.41	25.73
20120511	0.03	4.92	7.83
20120512	0.0	6.43	5.37
20120513	6.28	8.8	4.24
20120514	6.64	6.48	3.65
20120515	0.72	5.17	3.28
20120516	0.0	7.18	2.14
20120517	0.15	9.03	1.83
20120518	4.07	9.77	1.7
20120519	0.08	8.06	1.59
20120520	0.0	9.35	1.45
20120521	0.0	11.17	1.33
20120522	0.0	14.26	1.22
20120523	0.0	15.51	1.15
20120524	0.0	19.25	1.08
20120525	0.0	18.02	1.02
20120526	0.0	16.83	0.96
20120527	0.0	16.15	0.92
20120528	0.0	14.6	0.89
20120529	0.0	13.89	0.86
20120530	0.01	15.04	0.83
20120531	4.05	13.17	0.87
20120601	0.08	15.55	0.84
20120602	13.66	12.35	0.87
20120603	6.66	8.35	1.39
20120604	0.02	9.49	1.17
20120605	6.24	10.5	1.02
20120606	15.17	12.67	1.23
20120607	54.48	11.02	20.4
20120608	14.54	8.65	21.61
20120609	0.0	9.45	6.92
20120610	0.71	11.08	4.96
20120611	0.18	10.3	3.6
20120612	4.83	10.22	2.38
20120613	0.0	11.53	1.94
20120614	19.16	11.32	3.45
20120615	43.68	10.78	18.44
20120616	13.83	10.19	20.54
20120617	0.35	10.69	7.53
20120618	0.8	11.81	5.24
20120619	0.23	10.97	4.09
20120620	14.05	13.55	2.97
20120621	23.74	10.94	8.08
20120622	3.6	11.19	8.94
20120623	18.48	11.01	9.65
20120624	0.04	12.53	7.72
20120625	0.27	15.58	5.01
20120626	1.94	14.78	3.82
20120627	0.87	17.84	2.54
20120628	5.08	15.32	2.37
20120629	8.0	12.45	2.87
20120630	6.07	10.54	5.0
20120701	16.34	12.22	4.83
20120702	10.95	13.15	13.07
20120703	10.88	13.64	10.81
20120704	4.01	12.07	9.81
20120705	0.24	13.59	5.82
20120706	17.28	12.0	8.04
20120707	0.58	12.49	5.65
20120708	0.67	14.82	4.05
20120709	0.38	11.5	2.7
20120710	0.26	11.38	2.14
20120711	5.68	10.17	2.01
20120712	24.44	12.07	7.15
20120713	1.94	13.24	5.85
20120714	0.78	11.59	4.02
20120715	13.31	12.35	3.08
20120716	9.83	13.35	11.13
20120717	28.18	14.43	11.55
20120718	9.26	13.91	18.35
20120719	0.02	12.07	6.58
20120720	0.0	11.0	4.86
20120721	0.0	14.31	3.45
20120722	0.0	15.12	2.21
20120723	0.0	15.13	1.81
20120724	0.0	17.11	1.6
20120725	0.0	18.97	1.46
20120726	0.0	17.37	1.34
20120727	0.0	12.61	1.24
20120728	1.83	11.71	1.19
20120729	0.43	10.97	1.12
20120730	13.07	12.27	1.14
20120731	1.45	14.59	1.26
20120801	12.22	13.88	1.49
20120802	5.67	13.81	1.57
20120803	14.55	14.43	2.59
20120804	6.31	13.67	4.46
20120805	5.17	13.13	3.53
20120806	1.31	12.25	2.04
20120807	4.84	14.07	2.0
20120808	0.19	14.93	2.03
20120809	0.0	16.4	1.46
20120810	0.0	17.81	1.25
20120811	8.53	16.38	1.17
20120812	2.48	15.92	1.25
20120813	1.11	15.98	1.12
20120814	3.48	17.76	1.03
20120815	18.96	14.44	3.3
20120816	15.17	15.25	2.23
20120817	43.63	16.11	27.22
20120818	0.46	17.04	7.2
20120819	4.17	15.46	4.98
20120820	0.21	15.87	3.8
20120821	6.55	14.05	2.71
20120822	7.27	13.43	3.71
20120823	0.27	12.83	2.54
20120824	19.3	13.55	4.39
20120825	6.12	13.08	6.8
20120826	3.97	13.71	4.03
20120827	27.42	13.15	9.47
20120828	5.32	14.08	6.19
20120829	12.18	12.3	7.88
20120830	0.22	9.12	6.13
20120831	1.0	13.1	4.13
20120901	0.61	14.8	2.62
20120902	0.1	12.98	2.08
20120903	0.01	15.41	1.76
20120904	0.0	11.59	1.59
20120905	0.03	10.44	1.45
20120906	0.0	12.84	1.34
20120907	0.03	12.02	1.25
20120908	0.01	14.31	1.17
20120909	9.89	15.49	1.2
20120910	11.86	11.75	2.51
20120911	0.09	9.28	2.5
20120912	1.51	9.12	1.44
20120913	1.65	12.23	1.25
20120914	0.06	10.14	1.16
20120915	1.93	11.9	1.09
20120916	6.03	9.92	1.48
20120917	0.71	10.19	1.52
20120918	2.32	8.08	1.21
20120919	0.64	9.76	1.12
20120920	0.05	10.84	1.04
20120921	0.14	7.64	0.98
20120922	0.01	8.74	0.92
20120923	41.17	7.0	4.58
20120924	3.18	8.63	9.37
20120925	12.24	8.5	7.24
20120926	6.77	7.82	6.9
20120927	3.8	9.2	4.71
20120928	0.11	8.85	3.79
20120929	0.6	9.26	2.16
20120930	17.78	10.39	15.5
20121001	14.57	10.45	9.04
20121002	18.99	8.88	19.39
20121003	1.64	7.67	8.31
20121004	12.03	9.88	7.75
20121005	14.55	6.29	10.73
20121006	0.1	7.26	7.26
20121007	0.44	9.04	5.05
20121008	1.29	8.81	3.93
20121009	0.87	8.16	2.75
20121010	2.93	9.82	2.31
20121011	25.42	8.28	12.33
20121012	4.75	6.11	6.55
20121013	0.49	3.77	5.24
20121014	0.4	6.36	3.8
20121015	9.6	8.25	3.97
20121016	8.98	8.64	4.65
20121017	8.38	9.9	6.92
20121018	5.33	8.61	6.29
20121019	0.14	8.96	4.41
20121020	0.07	8.07	2.93
20121021	0.09	9.1	2.29
20121022	0.76	10.07	1.98
20121023	0.14	10.91	1.81
20121024	0.01	10.11	1.69
20121025	0.58	6.15	1.56
20121026	0.01	1.73	1.46
20121027	1.58	2.68	1.35
20121028	17.19	6.29	2.61
20121029	2.12	6.02	4.75
20121030	5.72	5.73	2.64
20121031	19.34	4.88	8.45
20121101	7.3	3.4	7.27
20121102	12.69	3.85	6.41
20121103	7.24	3.39	7.65
20121104	4.76	3.67	6.08
20121105	0.14	3.4	4.61
20121106	1.36	5.6	3.15
20121107	1.56	6.68	2.38
20121108	1.27	7.27	2.19
20121109	22.05	5.18	8.7
20121110	1.2	3.32	6.31
20121111	5.26	4.75	4.13
20121112	4.77	8.98	6.41
20121113	0.13	9.45	4.2
20121114	0.09	5.95	2.74
20121115	0.0	3.81	2.22
20121116	10.1	5.35	2.72
20121117	0.1	2.73	3.61
20121118	0.26	3.69	2.21
20121119	30.13	9.23	10.05
20121120	36.47	7.3	17.94
20121121	3.78	6.72	16.71
20121122	30.34	5.67	22.94
20121123	2.38	3.47	8.91
20121124	27.86	3.95	15.79
20121125	18.01	5.05	16.92
20121126	8.89	4.28	9.32
20121127	0.45	3.82	9.01
20121128	0.0	-0.06	5.95
20121129	0.05	-0.26	4.73
20121130	0.06	0.59	3.59
20121201	0.23	1.45	2.61
20121202	12.15	3.98	3.47
20121203	2.5	3.89	4.79
20121204	1.88	2.14	3.3
20121205	0.0	-0.9	2.53
20121206	21.71	2.29	8.1
20121207	0.35	1.76	6.33
20121208	0.36	2.31	4.03
20121209	0.48	1.72	2.85
20121210	0.05	-1.03	2.32
20121211	0.08	-2.19	1.93
20121212	0.03	-2.28	1.77
20121213	6.67	0.04	1.66
20121214	30.38	4.93	13.15
20121215	16.65	5.72	13.43
20121216	12.95	5.2	14.23
20121217	1.92	4.55	8.33
20121218	1.39	3.48	6.1
20121219	36.08	6.6	13.7
20121220	13.63	6.51	20.09
20121221	24.69	6.78	10.44
20121222	57.31	8.79	62.69
20121223	7.23	6.57	12.72
20121224	11.08	5.73	12.8
20121225	5.68	4.68	9.24
20121226	27.47	5.69	16.15
20121227	18.09	5.9	16.14
20121228	38.5	7.88	27.7
20121229	12.88	3.97	31.94
20121230	30.18	6.1	15.89
20121231	17.16	4.76	36.63
20130101	1.17	4.04	8.95
20130102	1.32	7.57	7.08
20130103	0.98	7.63	5.93
20130104	0.46	7.59	5.05
20130105	0.89	7.45	4.09
20130106	1.51	7.18	3.28
20130107	1.29	7.59	2.91
20130108	7.65	4.66	4.88
20130109	0.22	1.52	3.63
20130110	4.69	1.88	3.21
20130111	2.19	2.53	2.99
20130112	0.46	-1.12	2.8
20130113	4.12	-0.76	2.21
20130114	5.39	0.13	3.11
20130115	1.24	-0.92	2.62
20130116	1.29	-1.45	2.05
20130117	8.23	-0.49	1.94
20130118	4.96	-2.94	1.92
20130119	0.08	-3.06	1.79
20130120	0.28	-2.85	1.67
20130121	4.44	-1.14	1.63
20130122	5.22	-1.4	1.65
20130123	0.99	-2.53	1.58
20130124	0.54	-2.94	1.51
20130125	16.54	1.77	4.96
20130126	43.9	5.25	40.81
20130127	4.92	2.77	14.55
20130128	26.83	5.49	17.55
20130129	52.12	7.38	54.29
20130130	11.68	5.61	17.7
20130131	10.54	4.21	12.37
20130201	1.55	1.74	9.38
20130202	2.67	1.15	6.33
20130203	2.28	5.81	5.88
20130204	2.18	2.59	4.97
20130205	8.07	1.74	5.97
20130206	0.07	0.75	5.56
20130207	2.88	1.27	4.46
20130208	1.59	3.2	3.28
20130209	9.03	4.05	3.06
20130210	14.25	1.51	8.12
20130211	0.05	-0.98	6.05
20130212	0.7	-1.22	4.88
20130213	38.02	3.16	15.86
20130214	0.64	3.82	10.21
20130215	0.01	3.02	6.39
20130216	0.0	3.15	5.24
20130217	0.0	2.9	3.92
20130218	0.01	1.96	3.08
20130219	0.05	3.51	2.38
20130220	0.01	-0.51	1.86
20130221	0.0	-1.98	1.69
20130222	0.0	-2.63	1.57
20130223	0.03	-2.28	1.49
20130224	0.03	-1.51	1.41
20130225	0.35	1.16	1.37
20130226	0.0	0.94	1.33
20130227	0.0	0.22	1.28
20130228	0.01	3.29	1.21
20130301	0.03	2.15	1.16
20130302	0.0	0.17	1.12
20130303	0.0	0.6	1.08
20130304	0.04	1.69	1.05
20130305	0.06	5.94	1.02
20130306	1.29	5.36	0.99
20130307	5.82	6.36	1.18
20130308	1.3	6.15	1.5
20130309	0.01	2.63	1.35
20130310	0.0	-1.95	1.12
20130311	0.03	-3.62	0.97
20130312	0.15	-1.24	0.95
20130313	1.67	-0.98	0.94
20130314	9.1	2.59	1.0
20130315	23.67	3.23	5.6
20130316	16.37	1.86	8.22
20130317	0.91	1.84	5.55
20130318	0.2	1.99	4.03
20130319	3.95	2.35	2.8
20130320	0.07	1.74	2.39
20130321	24.85	0.96	4.86
20130322	19.93	0.13	9.68
20130323	0.0	-2.41	6.05
20130324	0.0	-3.29	4.23
20130325	0.0	-2.14	2.51
20130326	0.0	-2.24	1.97
20130327	0.01	-2.74	1.75
20130328	0.0	-0.86	1.61
20130329	0.0	-1.6	1.49
20130330	0.0	-1.02	1.39
20130331	0.0	0.73	1.32
20130401	0.0	-1.53	1.25
20130402	0.0	0.3	1.19
20130403	0.0	1.8	1.15
20130404	0.0	0.79	1.1
20130405	0.0	0.27	1.06
20130406	0.0	1.76	1.04
20130407	0.0	3.39	1.02
20130408	0.01	3.46	1.0
20130409	0.13	4.31	0.97
20130410	2.21	5.83	0.97
20130411	9.61	6.54	1.1
20130412	0.35	5.67	1.35
20130413	25.44	8.29	3.93
20130414	10.3	8.76	7.66
20130415	7.28	9.44	5.31
20130416	2.8	7.91	4.03
20130417	3.17	8.31	2.76
20130418	7.77	6.44	6.05
20130419	0.08	4.36	2.83
20130420	0.0	5.5	1.85
20130421	4.67	4.91	1.94
20130422	1.97	7.23	2.11
20130423	0.29	8.8	1.8
20130424	0.5	9.03	1.51
20130425	0.44	6.34	1.45
20130426	0.69	4.41	1.35
20130427	0.03	3.9	1.23
20130428	2.97	5.64	1.24
20130429	0.08	4.43	1.24
20130430	0.0	4.6	1.1
20130501	0.0	6.93	1.04
20130502	0.0	8.21	0.99
20130503	6.7	9.3	0.98
20130504	0.21	8.85	1.11
20130505	0.0	7.05	0.97
20130506	0.0	10.88	0.91
20130507	8.25	14.14	0.89
20130508	5.43	8.05	1.05
20130509	24.77	7.34	8.03
20130510	14.31	7.44	6.51
20130511	5.42	6.54	7.35
20130512	6.68	6.97	6.22
20130513	3.29	5.66	4.63
20130514	38.09	3.91	17.37
20130515	0.66	5.23	9.08
20130516	2.3	5.73	5.8
20130517	0.01	7.16	4.01
20130518	0.0	7.96	2.28
20130519	0.0	11.1	1.82
20130520	0.0	11.99	1.65
20130521	0.0	10.23	1.48
20130522	0.15	7.55	1.36
20130523	3.68	5.55	1.3
20130524	0.04	5.44	1.28
20130525	0.0	7.54	1.17
20130526	0.0	8.66	1.1
20130527	19.63	7.64	2.01
20130528	16.06	7.19	6.08
20130529	1.78	11.1	4.19
20130530	0.01	11.23	1.98
20130531	0.0	11.67	1.42
20130601	0.0	8.58	1.19
20130602	0.0	10.12	1.1
20130603	0.0	11.36	1.02
20130604	0.0	12.86	0.96
20130605	0.0	10.82	0.91
20130606	0.0	11.78	0.87
20130607	0.27	14.05	0.82
20130608	0.01	12.1	0.79
20130609	0.0	11.07	0.77
20130610	1.2	12.08	0.75
20130611	5.37	12.82	0.77
20130612	18.19	11.92	1.11
20130613	9.85	10.28	2.4
20130614	21.07	10.01	4.51
20130615	3.92	10.16	6.31
20130616	3.95	10.59	4.19
20130617	0.45	12.81	2.64
20130618	0.0	13.9	1.68
20130619	7.62	14.87	1.41
20130620	5.06	12.29	2.11
20130621	7.93	13.34	1.83
20130622	8.29	10.79	5.41
20130623	3.41	9.22	4.74
20130624	0.0	8.45	2.66
20130625	0.04	11.08	1.69
20130626	0.0	12.59	1.45
20130627	3.26	12.94	1.34
20130628	1.1	13.0	1.32
20130629	0.19	14.46	1.2
20130630	1.11	11.47	1.13
20130701	0.0	11.4	1.09
20130702	9.18	12.11	1.14
20130703	2.01	12.92	1.42
20130704	2.12	11.99	1.54
20130705	0.0	14.67	1.24
20130706	0.0	15.27	1.01
20130707	0.0	19.31	0.92
20130708	0.0	17.95	0.86
20130709	0.0	17.83	0.82
20130710	0.0	17.54	0.78
20130711	0.0	15.0	0.76
20130712	0.0	18.32	0.73
20130713	0.0	20.04	0.71
20130714	0.0	17.56	0.69
20130715	0.0	16.84	0.67
20130716	0.0	15.69	0.66
20130717	0.0	18.41	0.64
20130718	0.0	19.7	0.63
20130719	0.0	19.8	0.61
20130720	0.0	17.69	0.6
20130721	0.0	18.46	0.59
20130722	0.11	20.5	0.58
20130723	0.05	17.74	0.57
20130724	7.94	18.19	0.58
20130725	0.07	15.43	0.6
20130726	0.0	15.42	0.56
20130727	5.93	16.33	0.56
20130728	53.66	16.15	1.31
20130729	5.59	14.94	5.55
20130730	4.4	15.92	3.48
20130731	6.87	16.25	2.98
20130801	2.04	19.79	2.07
20130802	13.7	15.52	1.5
20130803	4.07	15.24	2.39
20130804	71.48	14.41	17.88
20130805	31.28	12.07	35.09
20130806	0.0	13.1	8.05
20130807	2.2	13.38	5.7
20130808	7.12	16.1	4.43
20130809	0.01	12.37	3.17
20130810	0.33	13.79	1.98
20130811	0.01	13.33	1.65
20130812	0.04	11.17	1.48
20130813	0.42	12.82	1.35
20130814	16.54	15.25	1.55
20130815	34.89	16.22	11.63
20130816	0.01	15.14	9.67
20130817	12.06	13.74	7.6
20130818	0.25	13.25	5.55
20130819	0.0	13.35	3.4
20130820	0.0	14.33	2.1
20130821	1.62	16.05	1.79
20130822	0.02	16.94	1.63
20130823	1.15	14.4	1.49
20130824	0.03	11.21	1.37
20130825	0.0	15.1	1.26
20130826	0.01	14.69	1.17
20130827	0.01	14.55	1.1
20130828	0.01	13.25	1.04
20130829	1.88	15.73	1.02
20130830	0.34	12.63	1.02
20130831	0.01	9.74	0.94
20130901	0.0	12.98	0.9
20130902	0.12	14.15	0.87
20130903	0.17	14.51	0.84
20130904	0.01	15.05	0.81
20130905	0.16	13.05	0.79
20130906	0.67	10.11	0.76
20130907	4.01	9.42	0.75
20130908	15.36	10.32	0.87
20130909	0.04	11.38	0.99
20130910	0.01	11.65	0.81
20130911	2.28	12.57	0.78
20130912	2.78	14.64	0.78
20130913	11.45	10.63	1.19
20130914	0.02	8.54	1.2
20130915	18.01	9.83	3.96
20130916	2.23	8.11	2.56
20130917	17.83	10.97	4.56
20130918	0.92	9.09	3.72
20130919	9.46	10.79	4.18
20130920	0.65	10.2	2.58
20130921	1.33	15.92	1.78
20130922	0.15	15.12	1.61
20130923	0.02	14.14	1.45
20130924	0.13	14.87	1.31
20130925	0.64	15.11	1.2
20130926	1.28	10.93	1.16
20130927	0.35	12.76	1.09
20130928	0.02	12.35	1.02
20130929	0.01	12.96	0.96
20130930	4.43	11.51	1.02
20131001	3.81	12.32	1.0
20131002	18.25	15.31	2.66
20131003	25.69	14.87	7.47
20131004	3.13	12.62	8.02
20131005	0.01	10.54	5.04
20131006	0.35	13.57	3.81
20131007	2.53	14.6	2.25
20131008	0.93	13.02	1.99
20131009	0.5	6.48	1.72
20131010	0.01	6.4	1.5
20131011	0.71	9.74	1.37
20131012	2.74	9.83	1.31
20131013	7.01	6.33	1.84
20131014	0.58	6.18	1.72
20131015	7.67	8.74	1.42
20131016	8.57	11.03	3.87
20131017	1.37	12.3	3.19
20131018	9.64	12.33	2.79
20131019	9.69	12.68	6.59
20131020	28.56	12.0	8.14
20131021	53.87	13.4	45.2
20131022	28.64	12.12	26.97
20131023	0.22	8.22	15.08
20131024	13.32	11.26	8.3
20131025	16.84	12.81	15.21
20131026	18.18	9.89	15.38
20131027	24.51	8.66	19.39
20131028	4.88	7.16	13.51
20131029	1.94	5.03	7.72
20131030	15.93	7.92	8.87
20131031	5.88	8.51	8.23
20131101	14.93	8.59	12.27
20131102	9.95	6.97	11.21
20131103	12.89	4.7	9.49
20131104	9.61	5.6	7.26
20131105	7.46	7.56	7.97
20131106	24.28	7.24	23.96
20131107	10.28	5.61	9.44
20131108	10.16	3.47	11.46
20131109	5.77	3.81	8.38
20131110	11.5	6.72	7.54
20131111	3.21	8.71	9.06
20131112	0.12	4.36	6.36
20131113	7.25	4.91	5.81
20131114	1.67	4.05	5.19
20131115	0.19	5.6	3.74
20131116	0.06	4.95	2.94
20131117	0.98	6.51	2.53
20131118	2.9	3.13	2.41
20131119	5.22	1.24	2.41
20131120	6.74	3.56	5.49
20131121	0.05	2.82	3.57
20131122	0.0	0.8	2.37
20131123	0.07	0.82	2.01
20131124	0.01	2.55	1.85
20131125	0.11	0.78	1.71
20131126	0.01	4.01	1.6
20131127	0.0	6.55	1.52
20131128	0.14	6.66	1.44
20131129	0.54	3.87	1.38
20131130	0.01	3.3	1.32
20131201	0.0	5.84	1.26
20131202	0.01	4.73	1.21
20131203	0.35	5.56	1.17
20131204	0.19	2.23	1.13
20131205	1.4	4.95	1.1
20131206	0.68	5.32	1.1
20131207	3.26	6.22	1.09
20131208	0.04	7.19	1.16
20131209	0.15	5.89	1.09
20131210	0.01	4.69	1.03
20131211	0.01	5.25	0.99
20131212	11.81	8.86	1.32
20131213	8.14	6.06	3.94
20131214	20.72	6.98	9.05
20131215	45.33	8.52	23.8
20131216	1.96	3.9	13.9
20131217	12.24	3.36	6.49
20131218	39.35	4.66	35.69
20131219	5.38	1.9	9.57
20131220	32.11	5.97	24.63
20131221	17.94	5.77	13.23
20131222	13.24	3.81	12.92
20131223	56.62	5.56	52.61
20131224	21.05	2.09	17.41
20131225	5.09	1.37	13.39
20131226	25.08	5.14	20.13
20131227	10.43	3.96	12.32
20131228	0.73	1.95	8.92
20131229	43.72	4.47	16.97
20131230	9.33	5.79	25.71
20131231	11.21	4.38	13.44
20140101	33.34	6.54	34.27
20140102	10.82	5.48	11.83
20140103	14.98	3.61	13.47
20140104	1.92	2.15	9.57
20140105	29.33	6.34	19.84
20140106	14.45	6.29	13.17
20140107	16.13	5.93	21.1
20140108	22.46	5.82	16.03
20140109	0.82	3.54	10.16
20140110	8.78	3.9	8.97
20140111	0.21	1.24	7.08
20140112	11.49	4.54	7.58
20140113	6.59	2.09	7.59
20140114	16.93	3.49	8.86
20140115	13.21	5.84	14.7
20140116	21.3	4.47	14.07
20140117	11.18	4.7	11.35
20140118	22.27	2.54	20.75
20140119	1.41	2.17	8.89
20140120	0.18	2.3	6.54
20140121	11.18	3.45	6.89
20140122	3.31	4.11	6.05
20140123	6.52	3.58	5.05
20140124	6.11	6.07	6.71
20140125	8.29	4.56	5.52
20140126	14.76	3.96	11.16
20140127	16.6	3.59	9.92
20140128	10.56	3.41	12.72
20140129	1.16	1.98	8.23
20140130	0.19	0.2	6.04
20140131	27.65	2.84	13.27
20140201	26.75	2.83	19.5
20140202	3.04	4.12	10.27
20140203	11.33	2.71	7.76
20140204	22.27	3.33	12.4
20140205	20.29	4.6	21.71
20140206	21.46	2.29	14.78
20140207	20.59	3.85	19.19
20140208	42.97	3.56	33.82
20140209	9.52	1.77	18.57
20140210	25.71	2.08	12.06
20140211	7.73	2.1	17.78
20140212	19.57	2.65	22.53
20140213	7.2	2.4	9.26
20140214	38.59	4.65	28.06
20140215	0.7	2.43	13.2
20140216	1.82	4.04	7.62
20140217	25.1	5.05	10.78
20140218	2.7	5.65	9.72
20140219	14.24	6.86	9.15
20140220	5.04	4.2	10.92
20140221	6.38	3.88	7.92
20140222	5.71	6.11	7.08
20140223	11.53	5.94	8.83
20140224	15.06	5.34	9.73
20140225	3.1	4.47	8.5
20140226	11.68	5.27	8.46
20140227	9.77	3.79	8.13
20140228	1.85	1.57	7.46
20140301	3.36	3.81	5.99
20140302	16.18	3.84	9.92
20140303	0.71	3.05	6.92
20140304	0.01	3.66	5.41
20140305	0.56	5.81	4.12
20140306	16.46	7.57	4.52
20140307	0.16	5.59	7.83
20140308	0.04	8.27	4.52
20140309	0.0	9.52	3.19
20140310	0.0	5.76	2.71
20140311	0.13	4.8	2.36
20140312	0.0	5.17	2.05
20140313	0.01	6.12	1.87
20140314	0.0	7.78	1.78
20140315	0.0	8.79	1.69
20140316	0.0	8.88	1.6
20140317	1.1	7.56	1.53
20140318	1.6	7.08	1.57
20140319	0.0	6.88	1.47
20140320	12.16	4.76	2.67
20140321	12.8	3.83	3.65
20140322	6.46	3.45	4.64
20140323	0.51	2.02	3.56
20140324	10.11	3.55	3.19
20140325	2.38	5.23	3.92
20140326	0.31	3.74	2.7
20140327	1.38	2.87	2.12
20140328	11.91	4.2	2.74
20140329	0.03	9.95	3.21
20140330	0.0	11.1	2.08
20140331	6.22	7.87	2.2
20140401	0.76	9.92	2.2
20140402	2.44	10.33	1.89
20140403	6.92	9.28	2.38
20140404	1.74	9.18	2.33
20140405	28.37	10.73	7.44
20140406	29.79	9.66	19.37
20140407	8.6	6.81	19.33
20140408	0.11	6.43	7.45
20140409	0.0	6.52	5.43
20140410	0.0	5.75	4.21
20140411	0.0	6.96	2.82
20140412	0.24	5.08	2.34
20140413	0.0	7.19	2.09
20140414	0.0	7.66	1.91
20140415	0.0	7.17	1.77
20140416	0.0	8.44	1.67
20140417	0.0	6.31	1.6
20140418	0.0	5.49	1.52
20140419	0.0	6.57	1.46
20140420	12.1	7.99	1.8
20140421	3.53	11.39	1.69
20140422	4.29	8.47	1.59
20140423	0.67	7.77	1.72
20140424	0.02	8.21	1.55
20140425	10.74	8.47	1.76
20140426	19.04	8.13	5.74
20140427	1.57	8.69	4.76
20140428	0.91	9.93	2.8
20140429	0.01	9.59	1.95
20140430	1.91	11.5	1.78
20140501	6.16	9.32	3.66
20140502	0.0	7.2	2.38
20140503	0.0	8.18	1.88
20140504	0.0	8.93	1.7
20140505	12.38	10.22	2.05
20140506	5.07	9.57	3.18
20140507	12.2	9.29	3.34
20140508	9.96	9.87	8.54
20140509	13.43	9.87	7.52
20140510	21.89	7.92	15.53
20140511	3.29	7.03	11.11
20140512	3.95	8.46	6.87
20140513	0.18	8.71	5.53
20140514	0.0	9.79	3.95
20140515	0.0	12.67	2.61
20140516	0.0	12.19	2.19
20140517	0.0	13.01	1.94
20140518	1.61	13.69	1.79
20140519	9.4	15.34	1.77
20140520	0.71	9.81	1.8
20140521	3.75	12.47	1.57
20140522	13.9	9.46	1.54
20140523	6.78	9.75	3.57
20140524	16.48	8.82	4.77
20140525	6.58	9.8	6.98
20140526	1.54	11.75	4.16
20140527	3.88	10.96	2.81
20140528	3.5	10.99	2.54
20140529	1.55	11.22	2.71
20140530	0.04	10.91	2.13
20140531	0.0	11.58	1.74
20140601	1.34	12.93	1.59
20140602	0.73	12.72	1.55
20140603	4.38	10.26	1.48
20140604	17.72	8.61	5.41
20140605	0.0	10.39	3.84
20140606	12.04	15.5	2.27
20140607	4.26	13.74	5.08
20140608	6.07	14.19	2.75
20140609	3.46	13.55	2.44
20140610	9.05	12.74	3.98
20140611	0.03	11.28	3.06
20140612	0.0	14.09	1.89
20140613	0.01	15.77	1.67
20140614	0.0	15.98	1.49
20140615	0.29	15.71	1.43
20140616	0.0	12.33	1.31
20140617	0.0	14.17	1.26
20140618	0.01	15.99	1.21
20140619	0.0	14.52	1.17
20140620	0.0	13.07	1.12
20140621	0.0	12.75	1.07
20140622	0.0	15.18	1.03
20140623	2.86	15.1	1.02
20140624	0.01	15.6	0.97
20140625	0.0	14.53	0.98
20140626	6.27	13.79	0.95
20140627	4.39	11.82	0.98
20140628	3.65	12.74	0.96
20140629	0.0	11.81	0.87
20140630	0.11	13.33	0.83
20140701	0.0	13.68	0.8
20140702	0.0	15.89	0.77
20140703	3.32	15.11	0.79
20140704	19.7	14.32	0.97
20140705	0.26	11.72	1.21
20140706	1.83	11.91	0.91
20140707	2.92	11.85	0.86
20140708	0.84	11.96	0.82
20140709	0.0	12.79	0.78
20140710	0.0	15.36	0.73
20140711	0.0	16.13	0.7
20140712	4.74	15.84	0.71
20140713	0.01	11.91	0.71
20140714	3.5	13.65	0.71
20140715	1.03	14.08	0.74
20140716	2.92	14.03	0.72
20140717	2.37	19.33	0.73
20140718	18.47	17.61	0.75
20140719	0.02	15.45	1.39
20140720	1.54	15.87	0.94
20140721	0.0	17.02	0.8
20140722	0.0	17.87	0.73
20140723	0.12	19.18	0.7
20140724	0.0	18.27	0.63
20140725	0.0	18.23	0.58
20140726	0.03	18.77	0.56
20140727	3.72	15.41	0.56
20140728	0.02	15.13	0.57
20140729	0.0	14.61	0.54
20140730	0.06	15.87	0.53
20140731	4.51	15.95	0.55
20140801	25.98	15.52	0.72
20140802	1.09	13.91	1.04
20140803	0.3	13.75	0.71
20140804	7.29	14.39	0.63
20140805	21.09	17.01	2.27
20140806	0.25	14.52	2.03
20140807	0.0	13.06	1.04
20140808	0.0	15.06	0.8
20140809	27.48	14.73	0.83
20140810	8.51	12.11	4.76
20140811	1.34	12.93	2.1
20140812	8.49	12.32	1.41
20140813	1.44	12.93	1.29
20140814	4.61	11.16	1.12
20140815	0.0	11.98	0.96
20140816	1.6	12.28	0.84
20140817	1.57	11.49	0.79
20140818	0.21	10.63	0.74
20140819	2.81	9.19	0.7
20140820	0.06	8.75	0.67
20140821	9.51	11.35	0.73
20140822	0.06	9.44	0.86
20140823	0.09	9.26	0.7
20140824	7.17	12.09	0.67
20140825	17.32	13.66	1.78
20140826	0.59	12.08	2.64
20140827	5.54	12.86	1.38
20140828	11.53	14.13	2.27
20140829	14.31	11.67	6.91
20140830	0.04	11.61	4.38
20140831	3.77	14.26	2.42
20140901	0.09	11.13	1.69
20140902	0.0	14.93	1.33
20140903	0.0	14.51	1.13
20140904	0.01	12.62	1.02
20140905	0.0	15.22	0.95
20140906	0.08	12.57	0.88
20140907	0.01	10.07	0.82
20140908	0.0	11.66	0.77
20140909	0.01	13.14	0.74
20140910	0.0	12.59	0.71
20140911	0.0	12.02	0.68
20140912	0.01	12.98	0.66
20140913	0.0	12.61	0.65
20140914	0.0	13.33	0.63
20140915	0.0	12.3	0.61
20140916	0.06	15.6	0.59
20140917	0.0	15.99	0.58
20140918	1.53	16.64	0.57
20140919	1.1	14.67	0.57
20140920	0.05	12.88	0.55
20140921	0.03	9.93	0.54
20140922	0.01	10.8	0.52
20140923	4.12	11.99	0.54
20140924	0.04	10.0	0.54
20140925	4.36	13.16	0.56
20140926	0.02	12.88	0.59
20140927	0.0	12.6	0.55
20140928	0.22	15.07	0.54
20140929	0.36	13.85	0.53
20140930	1.72	13.35	0.53
20141001	4.28	12.05	0.57
20141002	0.01	12.62	0.56
20141003	8.4	12.39	0.54
20141004	0.06	7.42	0.63
20141005	28.49	9.8	0.85
20141006	11.04	8.32	4.08
20141007	2.4	8.6	3.53
20141008	41.86	10.43	8.85
20141009	19.02	9.02	15.87
20141010	8.07	9.19	8.52
20141011	7.53	6.72	8.92
20141012	3.62	7.31	6.22
20141013	6.11	8.16	5.7
20141014	0.82	8.75	4.79
20141015	8.78	9.71	4.58
20141016	10.11	12.57	4.53
20141017	20.28	13.87	9.79
20141018	3.91	13.37	7.24
20141019	7.08	11.67	6.27
20141020	18.01	9.47	10.16
20141021	1.9	7.23	8.96
20141022	0.76	9.7	6.48
20141023	14.19	11.82	8.28
20141024	3.23	8.54	8.3
20141025	3.39	9.63	6.64
20141026	0.83	11.39	5.6
20141027	0.62	11.72	3.71
20141028	2.08	10.89	2.9
20141029	5.06	9.94	2.75
20141030	1.02	14.01	3.28
20141031	2.5	12.65	2.52
20141101	39.67	10.49	12.89
20141102	24.58	6.99	17.12
20141103	8.82	4.69	13.29
20141104	0.91	3.83	7.85
20141105	0.04	4.44	5.69
20141106	20.05	8.46	6.35
20141107	23.21	6.38	18.14
20141108	3.6	5.71	9.33
20141109	16.12	6.22	10.38
20141110	27.34	8.01	13.62
20141111	21.71	8.46	26.38
20141112	1.19	8.41	11.23
20141113	17.9	9.56	9.72
20141114	9.09	7.53	12.59
20141115	0.24	7.03	7.84
20141116	3.41	7.26	5.82
20141117	1.02	6.16	5.35
20141118	0.0	6.83	4.09
20141119	1.19	7.88	2.96
20141120	1.35	6.59	2.47
20141121	27.86	8.12	8.92
20141122	2.82	8.06	8.07
20141123	0.0	2.46	5.31
20141124	0.21	1.79	3.87
20141125	3.16	2.09	2.97
20141126	0.65	3.67	2.71
20141127	0.01	5.26	2.37
20141128	0.01	8.28	2.15
20141129	0.08	7.76	1.94
20141130	0.01	5.99	1.81
20141201	0.08	5.34	1.73
20141202	0.0	1.55	1.84
20141203	0.17	1.94	3.01
20141204	0.08	1.0	1.83
20141205	2.44	2.1	1.48
20141206	8.78	4.17	1.52
20141207	2.43	3.34	3.58
20141208	2.03	1.95	2.47
20141209	19.02	5.73	8.54
20141210	5.55	3.92	5.44
20141211	33.23	5.16	20.11
20141212	0.33	0.34	10.44
20141213	3.81	1.78	6.1
20141214	9.18	4.89	8.54
20141215	0.33	2.97	5.96
20141216	17.97	6.19	7.93
20141217	9.93	9.55	9.68
20141218	30.18	6.88	34.5
20141219	0.16	4.57	11.87
20141220	3.75	5.28	6.92
20141221	13.47	7.84	11.37
20141222	4.62	8.71	10.06
20141223	18.23	6.06	20.52
20141224	0.0	3.84	9.93
20141225	0.22	2.79	6.52
20141226	16.9	3.95	9.12
20141227	3.09	1.09	7.13
20141228	0.13	-1.0	5.36
20141229	0.24	0.09	3.99
20141230	0.04	3.59	3.05
20141231	7.49	7.02	3.03
20150101	36.32	6.77	29.83
20150102	14.0	3.1	9.09
20150103	4.35	0.75	10.67
20150104	0.23	2.27	6.44
20150105	6.92	5.88	5.31
20150106	0.97	3.48	5.68
20150107	29.09	6.7	13.97
20150108	13.58	6.01	18.21
20150109	18.89	8.87	17.84
20150110	0.48	3.93	16.52
20150111	7.92	5.37	7.36
20150112	28.75	4.04	26.88
20150113	12.31	0.12	10.32
20150114	40.94	3.69	35.89
20150115	23.08	1.61	19.91
20150116	2.73	0.0	11.03
20150117	3.03	-0.36	7.22
20150118	0.2	-1.51	5.71
20150119	0.01	-1.88	4.66
20150120	8.11	0.29	3.97
20150121	0.98	1.2	4.18
20150122	0.01	-1.13	3.45
20150123	7.22	3.35	5.76
20150124	0.02	2.11	4.95
20150125	10.46	5.79	5.08
20150126	0.97	3.91	6.13
20150127	6.79	5.33	4.56
20150128	6.92	2.91	7.62
20150129	11.0	0.44	5.39
20150130	3.19	1.7	5.96
20150131	0.54	1.1	4.98
20150201	0.03	-1.16	3.45
20150202	0.04	-1.84	2.69
20150203	0.04	-0.37	2.33
20150204	0.0	-0.01	2.02
20150205	0.18	-0.01	1.87
20150206	0.0	-0.44	1.79
20150207	0.0	-0.19	1.6
20150208	0.08	2.49	1.53
20150209	0.04	2.78	1.67
20150210	0.15	0.42	1.55
20150211	0.0	1.86	1.46
20150212	2.94	2.48	1.41
20150213	19.19	3.49	6.32
20150214	0.29	3.59	5.01
20150215	7.05	3.9	3.0
20150216	1.34	2.09	4.15
20150217	0.04	3.17	2.44
20150218	7.99	5.19	1.92
20150219	17.17	2.9	10.71
20150220	0.96	1.87	5.65
20150221	3.22	0.28	4.43
20150222	23.58	3.45	13.48
20150223	11.14	1.9	8.2
20150224	6.67	3.95	7.4
20150225	14.38	7.77	7.05
20150226	2.56	3.41	12.53
20150227	5.15	4.07	6.11
20150228	9.5	5.61	8.18
20150301	4.48	3.11	7.16
20150302	8.37	2.16	5.31
20150303	0.28	2.54	4.94
20150304	0.03	2.56	3.7
20150305	0.03	5.1	2.84
20150306	0.0	7.35	2.35
20150307	2.5	8.03	2.09
20150308	4.92	3.11	3.51
20150309	7.17	3.94	4.89
20150310	0.02	4.95	3.42
20150311	2.67	6.68	2.52
20150312	18.03	4.77	4.8
20150313	1.67	1.38	8.31
20150314	0.0	1.94	5.18
20150315	0.16	3.31	3.55
20150316	2.87	3.17	2.84
20150317	0.05	3.23	2.46
20150318	0.01	3.44	2.05
20150319	0.05	3.45	1.8
20150320	0.0	6.25	1.64
20150321	0.02	3.97	1.47
20150322	0.0	3.5	1.36
20150323	1.74	3.36	1.33
20150324	1.22	2.29	1.34
20150325	7.77	4.19	1.26
20150326	0.15	3.28	3.04
20150327	6.98	6.46	3.19
20150328	25.21	7.54	9.01
20150329	3.35	5.87	14.72
20150330	13.43	6.41	10.33
20150331	0.93	4.52	7.8
20150401	3.54	6.15	5.07
20150402	5.27	7.04	4.01
20150403	0.05	7.21	4.1
20150404	0.0	6.18	2.73
20150405	0.04	8.32	2.1
20150406	0.01	9.71	1.84
20150407	0.0	9.79	1.67
20150408	0.0	9.37	1.55
20150409	0.0	10.3	1.45
20150410	4.23	9.71	1.37
20150411	0.0	5.69	1.37
20150412	0.86	4.97	1.34
20150413	0.12	9.36	1.23
20150414	0.02	10.03	1.17
20150415	0.0	9.75	1.08
20150416	0.36	10.44	0.97
20150417	0.0	7.69	0.91
20150418	0.0	7.17	0.86
20150419	0.0	4.43	0.8
20150420	0.0	8.19	0.77
20150421	0.0	9.72	0.74
20150422	0.0	9.51	0.71
20150423	0.0	8.93	0.69
20150424	3.46	9.77	0.71
20150425	0.61	7.55	0.72
20150426	0.0	3.83	0.67
20150427	1.55	4.21	0.65
20150428	13.13	5.82	0.65
20150429	1.02	6.61	0.9
20150430	0.0	6.0	0.72
20150501	1.15	6.22	0.64
20150502	15.16	7.27	0.71
20150503	8.78	9.02	3.03
20150504	15.18	9.16	2.63
20150505	12.2	7.42	4.67
20150506	7.93	7.1	6.61
20150507	0.38	7.12	3.51
20150508	7.54	8.18	2.35
20150509	0.67	8.79	2.68
20150510	1.94	11.94	1.86
20150511	2.87	9.69	1.61
20150512	1.39	6.81	1.57
20150513	1.82	10.48	1.32
20150514	11.0	6.79	3.46
20150515	2.33	9.85	3.01
20150516	0.0	7.43	2.69
20150517	17.68	8.17	2.69
20150518	8.82	7.12	8.43
20150519	2.66	5.97	4.26
20150520	0.0	7.67	2.57
20150521	0.83	10.41	2.06
20150522	0.39	12.2	1.92
20150523	0.25	12.22	1.77
20150524	0.01	9.55	1.68
20150525	0.0	9.87	1.59
20150526	0.0	8.67	1.51
20150527	2.38	10.36	1.24
20150528	11.09	8.65	1.05
20150529	0.45	7.01	1.67
20150530	13.05	10.32	1.39
20150531	0.14	7.5	3.38
20150601	50.01	8.81	18.52
20150602	1.12	9.89	11.18
20150603	0.0	8.2	5.71
20150604	0.01	13.68	4.41
20150605	2.61	10.6	2.83
20150606	0.04	8.0	2.23
20150607	0.0	9.17	1.97
20150608	0.0	9.08	1.81
20150609	0.03	8.15	1.71
20150610	0.0	10.28	1.63
20150611	0.0	15.74	1.57
20150612	9.79	14.52	1.59
20150613	0.87	10.21	1.64
20150614	0.0	11.53	1.49
20150615	0.0	12.25	1.15
20150616	1.21	13.59	0.97
20150617	5.41	12.06	1.02
20150618	0.0	10.24	0.92
20150619	0.14	13.47	0.77
20150620	2.29	13.51	0.75
20150621	2.95	11.12	0.73
20150622	0.0	10.19	0.7
20150623	0.0	13.04	0.65
20150624	0.0	14.05	0.63
20150625	0.31	15.73	0.61
20150626	2.41	13.71	0.62
20150627	3.05	14.76	0.59
20150628	1.43	13.52	0.62
20150629	0.25	16.71	0.57
20150630	0.0	21.21	0.53
20150701	0.16	19.7	0.52
20150702	3.26	11.85	0.53
20150703	0.6	17.72	0.5
20150704	0.16	13.27	0.49
20150705	9.99	12.77	0.54
20150706	10.09	13.64	0.54
20150707	7.79	13.16	0.66
20150708	0.48	10.66	0.77
20150709	0.0	12.61	0.59
20150710	0.74	16.28	0.51
20150711	14.52	14.35	0.53
20150712	7.79	14.79	1.62
20150713	12.88	14.16	4.48
20150714	7.04	13.45	4.38
20150715	0.01	11.93	2.8
20150716	2.62	15.77	1.34
20150717	0.14	11.74	1.12
20150718	3.93	13.64	0.92
20150719	0.71	13.26	0.88
20150720	4.73	15.08	0.91
20150721	1.61	13.89	0.94
20150722	1.42	12.01	0.87
20150723	6.98	12.24	0.79
20150724	7.6	9.84	1.52
20150725	6.82	12.39	1.8
20150726	19.99	11.87	5.68
20150727	5.25	11.43	6.57
20150728	2.05	10.61	4.79
20150729	1.45	9.94	3.17
20150730	0.01	8.37	2.14
20150731	0.26	12.22	1.51
20150801	4.46	13.23	1.26
20150802	2.71	16.49	1.19
20150803	4.8	13.44	1.11
20150804	12.58	12.02	3.23
20150805	11.98	14.42	3.8
20150806	0.73	10.5	4.03
20150807	0.01	12.0	1.97
20150808	0.28	14.99	1.41
20150809	9.22	15.88	1.31
20150810	3.29	12.25	3.19
20150811	0.0	12.74	1.83
20150812	0.0	16.43	1.41
20150813	13.8	14.54	1.38
20150814	0.54	11.01	2.99
20150815	0.0	9.63	1.76
20150816	0.0	11.09	1.43
20150817	0.0	12.32	1.3
20150818	3.14	14.49	1.21
20150819	13.89	13.34	2.22
20150820	29.26	16.08	6.19
20150821	13.24	14.62	11.69
20150822	28.78	16.79	9.09
20150823	6.61	10.69	16.08
20150824	7.95	10.98	8.03
20150825	28.67	13.12	10.42
20150826	10.83	12.81	11.96
20150827	12.43	12.0	9.35
20150828	2.8	13.22	8.0
20150829	0.0	12.87	6.62
20150830	15.19	12.5	6.24
20150831	0.45	10.89	6.57
20150901	0.68	10.62	4.61
20150902	0.68	10.3	3.72
20150903	0.18	9.68	3.41
20150904	0.6	11.75	3.15
20150905	0.04	8.29	2.98
20150906	0.01	10.68	2.83
20150907	0.0	11.27	1.77
20150908	0.01	10.27	1.27
20150909	0.06	11.59	1.19
20150910	0.0	12.83	1.12
20150911	12.76	13.59	1.14
20150912	0.83	11.09	1.4
20150913	7.32	12.05	1.19
20150914	32.07	10.15	9.58
20150915	0.59	10.27	7.56
20150916	0.0	9.14	5.83
20150917	4.42	10.53	3.16
20150918	1.65	10.6	2.22
20150919	0.02	11.21	1.85
20150920	10.54	11.46	1.72
20150921	14.26	10.7	6.37
20150922	0.59	8.61	5.7
20150923	8.21	10.71	4.73
20150924	1.3	9.23	4.3
20150925	0.01	7.89	2.6
20150926	0.02	8.56	2.01
20150927	0.01	10.69	1.76
20150928	0.01	11.88	1.6
20150929	0.01	11.64	1.49
20150930	0.0	11.57	1.4
20151001	0.0	10.55	1.29
20151002	0.04	8.81	1.19
20151003	0.0	7.9	1.19
20151004	5.45	10.64	1.16
20151005	13.36	13.44	1.61
20151006	11.08	12.36	4.26
20151007	0.12	8.06	3.28
20151008	0.07	8.46	1.68
20151009	0.0	9.56	1.4
20151010	0.0	9.03	1.27
20151011	0.0	6.38	1.17
20151012	0.01	6.87	1.1
20151013	0.0	5.88	1.04
20151014	0.0	6.8	1.0
20151015	0.01	8.83	0.97
20151016	0.0	7.86	0.9
20151017	0.12	8.14	0.87
20151018	0.28	8.79	0.85
20151019	0.04	7.76	0.82
20151020	11.67	9.5	0.86
20151021	1.23	10.86	1.43
20151022	0.28	7.54	1.17
20151023	3.71	8.97	0.97
20151024	3.44	5.5	1.49
20151025	0.0	7.36	1.26
20151026	0.1	10.39	1.02
20151027	3.64	9.35	1.04
20151028	7.96	10.33	1.1
20151029	12.59	10.11	2.69
20151030	3.64	12.18	5.14
20151031	0.03	10.49	3.21
20151101	0.17	10.46	1.72
20151102	0.33	9.6	1.38
20151103	9.02	9.18	2.25
20151104	5.39	11.05	2.63
20151105	9.77	11.81	5.16
20151106	34.87	11.95	10.26
20151107	7.18	10.39	15.66
20151108	7.75	9.12	7.58
20151109	25.14	10.95	20.85
20151110	12.61	11.43	22.25
20151111	6.38	8.95	13.56
20151112	15.75	7.62	11.87
20151113	4.68	5.54	9.01
20151114	25.6	9.12	22.78
20151115	12.48	9.6	15.0
20151116	17.1	7.48	15.04
20151117	12.93	10.15	17.76
20151118	15.74	9.02	13.47
20151119	4.4	5.7	10.47
20151120	6.31	2.6	7.15
20151121	0.62	1.1	6.0
20151122	0.14	1.23	5.03
20151123	10.48	3.56	6.2
20151124	6.7	6.31	7.28
20151125	1.37	7.82	7.24
20151126	2.3	9.12	5.02
20151127	9.33	5.1	8.06
20151128	20.37	5.97	13.77
20151129	24.07	6.89	17.02
20151130	38.05	9.63	47.17
20151201	2.32	9.29	15.57
20151202	28.38	9.84	20.24
20151203	30.57	7.38	30.94
20151204	1.44	8.61	10.55
20151205	8.19	9.41	7.5
20151206	8.53	10.05	11.59
20151207	12.87	9.85	10.78
20151208	3.58	5.4	8.48
20151209	7.93	7.38	6.27
20151210	10.99	6.15	11.56
20151211	7.92	4.74	7.02
20151212	28.8	7.45	21.07
20151213	1.03	6.38	12.39
20151214	8.31	7.09	8.79
20151215	33.62	9.52	22.65
20151216	6.55	10.98	16.49
20151217	12.82	10.36	12.72
20151218	22.46	11.1	11.47
20151219	22.23	9.83	27.49
20151220	16.18	6.29	17.5
20151221	29.51	8.84	24.51
20151222	30.57	7.12	35.58
20151223	22.66	6.67	15.13
20151224	13.84	3.84	21.3
20151225	32.98	8.81	32.38
20151226	27.16	9.7	25.11
20151227	2.63	9.93	14.96
20151228	7.44	8.06	10.1
20151229	18.2	8.54	10.28
20151230	38.76	6.63	30.15
20151231	8.71	3.21	16.14
20160101	24.24	5.08	15.04
20160102	13.73	5.66	14.58
20160103	36.6	5.79	29.72
20160104	26.4	4.97	31.36
20160105	7.03	3.8	13.24
20160106	13.45	4.81	11.03
20160107	1.94	2.77	11.6
20160108	11.85	4.74	8.64
20160109	32.33	3.55	17.49
20160110	7.03	2.26	12.42
20160111	4.07	3.33	8.73
20160112	6.1	1.48	9.19
20160113	16.47	1.35	9.29
20160114	7.45	0.5	7.65
20160115	5.59	-1.39	6.96
20160116	1.07	0.77	5.67
20160117	5.01	3.03	7.17
20160118	0.65	0.72	7.53
20160119	0.07	-1.43	5.86
20160120	0.05	-1.26	4.91
20160121	13.86	4.85	4.73
20160122	4.22	7.48	9.38
20160123	21.77	8.52	12.3
20160124	0.73	9.6	10.34
20160125	5.67	7.98	7.22
20160126	68.47	8.4	57.2
20160127	2.89	5.1	23.88
20160128	20.93	5.35	16.73
20160129	38.59	5.11	50.09
20160130	4.28	3.74	12.83
20160131	2.68	8.42	9.9
20160201	7.24	6.29	10.33
20160202	3.58	3.17	8.23
20160203	8.24	5.03	8.41
20160204	2.18	7.88	7.82
20160205	21.72	4.51	10.32
20160206	41.84	4.28	31.44
20160207	32.89	4.73	28.24
20160208	10.85	2.68	21.67
20160209	12.5	2.22	11.89
20160210	0.21	1.2	9.94
20160211	6.41	1.85	8.31
20160212	2.07	2.41	6.7
20160213	0.4	0.74	5.74
20160214	0.03	0.51	4.7
20160215	0.16	-0.99	3.68
20160216	9.22	2.23	3.28
20160217	5.94	0.6	4.99
20160218	0.98	1.75	3.55
20160219	6.81	4.54	4.27
20160220	28.19	7.35	15.77
20160221	7.69	6.04	11.53
20160222	1.4	2.15	7.85
20160223	0.05	1.04	6.12
20160224	0.07	0.81	4.52
20160225	0.12	1.4	3.07
20160226	0.0	2.2	2.41
20160227	0.0	1.78	2.1
20160228	0.0	-0.13	1.9
20160229	19.13	3.38	2.08
20160301	7.3	5.05	8.97
20160302	8.37	2.47	7.57
20160303	6.51	2.5	7.05
20160304	3.67	1.37	6.34
20160305	1.54	2.0	5.34
20160306	0.12	-0.43	4.14
20160307	0.76	1.97	3.36
20160308	19.56	3.46	5.96
20160309	1.2	1.91	7.79
20160310	0.12	2.73	4.77
20160311	0.02	4.27	3.37
20160312	0.04	6.69	2.35
20160313	0.0	5.07	2.03
20160314	0.0	4.11	1.81
20160315	0.0	6.95	1.67
20160316	0.0	5.06	1.56
20160317	0.04	3.2	1.46
20160318	0.0	4.11	1.39
20160319	0.0	3.57	1.32
20160320	0.03	1.85	1.26
20160321	0.0	4.56	1.21
20160322	0.0	4.92	1.16
20160323	0.05	5.17	1.12
20160324	12.17	4.02	2.51
20160325	0.01	6.9	2.47
20160326	24.77	6.29	6.97
20160327	29.66	3.49	12.51
20160328	6.18	4.36	8.68
20160329	14.06	3.69	8.53
20160330	0.11	3.59	7.09
20160331	0.05	4.45	5.54
20160401	10.44	6.15	4.31
20160402	0.61	6.77	4.86
20160403	8.58	7.19	3.63
20160404	4.66	6.79	5.62
20160405	2.73	7.2	4.32
20160406	1.96	4.84	3.62
20160407	1.25	5.63	3.09
20160408	5.98	4.22	2.81
20160409	1.27	2.57	3.27
20160410	6.26	6.68	2.75
20160411	11.48	4.72	6.53
20160412	2.83	6.15	3.99
20160413	2.91	9.18	2.55
20160414	6.02	8.81	2.66
20160415	0.94	4.05	2.56
20160416	0.81	2.5	1.99
20160417	0.0	4.44	1.73
20160418	0.0	7.05	1.59
20160419	0.0	7.44	1.48
20160420	0.0	8.56	1.38
20160421	0.0	8.31	1.31
20160422	5.75	3.65	1.36
20160423	0.01	5.29	1.3
20160424	0.84	7.01	1.21
20160425	0.21	3.95	1.18
20160426	1.13	2.85	1.12
20160427	2.02	1.4	1.12
20160428	5.11	4.18	1.23
20160429	0.22	2.92	1.19
20160430	0.04	5.14	1.08
20160501	4.05	8.26	1.15
20160502	6.21	6.31	2.21
20160503	0.64	5.88	1.51
20160504	0.01	8.11	1.2
20160505	0.0	10.52	1.07
20160506	0.43	13.16	1.02
20160507	13.79	14.91	1.18
20160508	0.01	17.38	2.12
20160509	13.51	15.61	2.31
20160510	9.78	12.57	4.27
20160511	2.37	13.39	4.19
20160512	0.0	13.99	2.24
20160513	0.02	10.86	1.56
20160514	0.0	7.08	1.36
20160515	0.0	7.88	1.26
20160516	0.0	9.77	1.19
20160517	14.1	10.68	1.58
20160518	0.53	8.8	2.44
20160519	8.36	10.56	2.69
20160520	28.23	11.68	8.82
20160521	10.51	8.71	11.31
20160522	1.22	8.94	7.0
20160523	0.28	9.15	5.29
20160524	0.0	9.8	3.66
20160525	0.0	7.87	2.94
20160526	1.73	11.18	2.24
20160527	3.71	12.99	2.13
20160528	2.9	12.94	2.08
20160529	0.0	12.73	1.91
20160530	0.0	13.41	1.79
20160531	0.0	15.43	1.71
20160601	0.0	11.93	1.28
20160602	0.0	10.07	1.04
20160603	0.0	13.64	1.1
20160604	0.0	15.7	1.17
20160605	0.0	17.08	1.13
20160606	0.34	17.81	1.1
20160607	0.02	15.36	0.98
20160608	0.02	17.11	0.85
20160609	0.03	17.22	0.81
20160610	8.24	15.9	0.81
20160611	8.06	14.06	0.87
20160612	7.98	14.36	1.07
20160613	11.21	12.63	1.29
20160614	12.22	12.13	4.31
20160615	9.56	12.36	4.09
20160616	4.63	12.94	3.8
20160617	4.23	12.24	2.29
20160618	1.03	12.57	1.73
20160619	26.53	13.82	6.13
20160620	0.69	13.31	8.95
20160621	0.33	13.38	5.23
20160622	0.7	13.51	2.69
20160623	2.06	14.59	1.76
20160624	4.18	12.6	1.67
20160625	2.78	13.11	1.69
20160626	7.1	12.2	1.92
20160627	0.04	11.94	2.12
20160628	14.2	10.71	2.42
20160629	18.69	10.92	11.73
20160630	6.29	12.54	7.37
20160701	1.4	10.8	5.03
20160702	0.88	11.05	3.24
20160703	0.0	10.68	2.29
20160704	2.63	13.06	2.13
20160705	0.01	10.62	1.98
20160706	1.21	14.55	1.74
20160707	10.61	14.11	1.99
20160708	6.61	15.07	2.94
20160709	17.13	15.56	8.25
20160710	17.0	13.79	10.69
20160711	4.08	12.58	9.19
20160712	0.39	10.27	6.97
20160713	0.37	11.4	4.75
20160714	0.81	12.99	2.93
20160715	5.29	14.37	2.85
20160716	2.79	15.93	3.33
20160717	0.04	17.31	2.6
20160718	0.0	19.12	1.82
20160719	0.0	22.88	1.5
20160720	0.0	16.56	1.35
20160721	0.45	14.18	1.28
20160722	0.0	16.28	1.2
20160723	1.37	16.08	1.13
20160724	4.55	13.84	1.18
20160725	0.54	13.37	1.11
20160726	15.31	14.79	1.37
20160727	1.38	13.43	2.9
20160728	7.57	15.24	2.3
20160729	1.69	12.58	2.42
20160730	0.0	12.15	1.66
20160731	0.95	13.2	1.31
20160801	47.94	13.91	11.2
20160802	9.21	15.45	12.36
20160803	8.51	14.18	8.34
20160804	1.54	13.24	6.36
20160805	0.13	14.13	4.68
20160806	4.83	16.57	3.39
20160807	0.32	12.99	2.65
20160808	0.25	11.06	1.96
20160809	0.16	11.56	1.7
20160810	0.02	13.45	1.56
20160811	0.14	14.11	1.46
20160812	4.01	14.73	1.37
20160813	0.0	13.67	1.36
20160814	0.0	12.48	1.25
20160815	0.0	15.05	1.16
20160816	0.0	15.64	1.08
20160817	0.71	17.1	1.03
20160818	7.42	15.91	1.33
20160819	44.06	14.58	6.99
20160820	21.51	13.08	16.55
20160821	17.29	14.23	13.18
20160822	8.48	15.31	13.39
20160823	0.0	18.3	7.0
20160824	1.54	15.63	5.42
20160825	5.07	12.76	4.23
20160826	0.05	11.95	3.1
20160827	9.47	14.6	2.92
20160828	2.99	14.46	3.58
20160829	0.0	14.2	2.18
20160830	1.02	15.64	1.65
20160831	0.81	12.92	1.54
20160901	4.51	14.94	1.42
20160902	4.55	13.66	1.62
20160903	49.5	14.14	26.22
20160904	7.2	13.85	8.88
20160905	3.39	16.98	7.65
20160906	0.53	16.61	6.18
20160907	2.42	17.03	4.99
20160908	15.81	14.43	5.18
20160909	26.02	14.39	14.1
20160910	0.09	10.77	8.38
20160911	0.1	13.52	6.42
20160912	0.23	15.86	4.57
20160913	4.62	16.99	3.4
20160914	0.13	16.26	2.87
20160915	0.09	17.07	2.52
20160916	0.0	10.52	2.08
20160917	0.0	11.63	1.88
20160918	1.25	14.15	1.8
20160919	0.08	9.74	1.41
20160920	0.18	11.49	1.23
20160921	3.5	12.17	1.19
20160922	0.84	10.31	1.17
20160923	0.35	12.51	1.11
20160924	22.53	13.63	2.97
20160925	9.16	11.21	4.41
20160926	11.96	12.73	8.14
20160927	1.25	12.96	5.46
20160928	15.33	13.51	6.75
20160929	6.85	10.62	7.04
20160930	7.1	10.3	6.42
20161001	2.75	7.64	6.2
20161002	0.02	9.28	4.6
20161003	0.01	11.01	2.57
20161004	0.0	11.93	1.98
20161005	0.01	9.55	1.73
20161006	0.02	8.63	1.56
20161007	0.0	9.23	1.45
20161008	0.0	8.63	1.36
20161009	0.0	6.62	1.28
20161010	0.04	7.13	1.21
20161011	0.08	8.29	1.16
20161012	0.42	8.62	1.11
20161013	0.2	6.27	1.07
20161014	5.6	8.4	1.06
20161015	13.52	9.29	1.35
20161016	13.57	10.67	4.26
20161017	10.19	8.85	5.62
20161018	0.05	7.8	4.1
20161019	0.02	6.81	2.01
20161020	0.35	5.72	1.61
20161021	0.03	6.12	1.43
20161022	0.0	6.1	1.31
20161023	0.04	7.36	1.22
20161024	3.58	7.38	1.19
20161025	0.47	8.93	1.17
20161026	0.15	9.86	1.13
20161027	0.03	11.15	1.08
20161028	0.75	11.04	1.04
20161029	0.17	10.2	1.02
20161030	0.04	9.59	0.98
20161031	0.02	10.12	0.94
20161101	0.16	4.69	0.9
20161102	0.04	4.2	0.88
20161103	1.47	6.01	0.87
20161104	0.36	4.45	0.87
20161105	0.01	1.78	0.84
20161106	0.05	2.68	0.82
20161107	0.7	2.56	0.8
20161108	17.86	3.72	1.61
20161109	1.84	6.03	2.75
20161110	0.76	3.85	1.46
20161111	10.35	5.87	1.44
20161112	0.1	7.21	3.84
20161113	0.05	7.85	1.74
20161114	2.81	10.93	1.44
20161115	6.42	9.25	2.9
20161116	3.49	6.76	3.03
20161117	6.19	4.11	3.93
20161118	1.85	2.17	2.91
20161119	19.04	2.07	4.69
20161120	13.28	2.74	7.14
20161121	24.75	2.91	18.43
20161122	0.1	3.82	6.55
20161123	0.06	4.98	4.92
20161124	0.0	4.17	3.57
20161125	0.0	4.19	2.2
20161126	0.13	3.0	1.83
20161127	0.0	4.03	1.64
20161128	0.0	0.62	1.49
20161129	0.02	-2.2	1.37
20161130	0.02	-1.08	1.29
20161201	0.28	0.45	1.24
20161202	0.04	3.15	1.2
20161203	0.02	2.11	1.15
20161204	0.01	1.6	1.1
20161205	0.26	3.95	1.05
20161206	0.08	8.1	1.02
20161207	14.16	11.1	1.09
20161208	1.92	10.65	4.13
20161209	7.49	10.15	2.71
20161210	8.43	5.75	5.79
20161211	1.22	4.45	3.66
20161212	4.46	6.55	2.57
20161213	13.7	8.89	8.4
20161214	0.45	7.99	4.95
20161215	4.5	7.81	3.74
20161216	0.0	7.18	2.69
20161217	0.26	4.18	2.02
20161218	0.04	4.18	1.74
20161219	0.09	5.28	1.63
20161220	5.37	4.73	1.58
20161221	2.29	3.74	2.58
20161222	1.83	4.71	2.08
20161223	13.95	6.15	7.77
20161224	5.09	7.84	4.36
20161225	7.92	6.02	9.23
20161226	0.0	1.17	5.52
20161227	0.09	0.36	3.24
20161228	0.22	1.45	2.23
20161229	0.2	2.29	1.96
20161230	0.93	6.24	1.78
20161231	6.85	5.07	1.86
20170101	4.18	0.36	5.02
20170102	0.06	-0.83	2.53
20170103	0.15	2.11	1.86
20170104	0.0	0.7	1.67
20170105	0.33	-0.23	1.57
20170106	7.09	5.73	2.17
20170107	0.7	7.87	2.55
20170108	2.73	7.23	1.91
20170109	7.57	5.19	6.39
20170110	1.47	6.37	3.67
20170111	0.43	4.39	2.42
20170112	5.78	0.55	2.48
20170113	6.63	0.36	2.13
20170114	5.49	3.35	7.1
20170115	0.12	6.58	6.4
20170116	0.16	5.89	3.55
20170117	0.71	4.61	2.26
20170118	0.05	2.79	2.0
20170119	0.02	1.51	1.76
20170120	0.01	-0.06	1.6
20170121	0.11	-0.5	1.46
20170122	0.24	2.17	1.39
20170123	0.12	2.88	1.33
20170124	0.04	3.23	1.27
20170125	0.01	2.43	1.21
20170126	0.0	-0.21	1.15
20170127	7.93	2.89	1.17
20170128	6.66	2.7	2.25
20170129	12.83	4.09	6.05
20170130	6.13	7.26	4.85
20170131	17.92	8.15	11.35
20170201	18.76	7.61	9.73
20170202	5.69	6.23	11.39
20170203	17.12	2.1	11.77
20170204	5.86	2.11	7.67
20170205	0.13	1.05	5.88
20170206	10.37	2.92	6.26
20170207	4.12	3.32	6.36
20170208	0.02	1.56	4.17
20170209	0.0	-1.25	2.76
20170210	0.08	-0.55	2.27
20170211	2.32	-0.04	2.04
20170212	0.79	0.98	1.96
20170213	0.0	4.44	2.15
20170214	2.03	4.51	1.89
20170215	6.24	5.94	2.58
20170216	0.94	6.84	2.62
20170217	0.09	6.25	1.9
20170218	0.93	6.69	1.68
20170219	1.57	7.77	1.7
20170220	7.44	9.38	2.28
20170221	6.49	8.26	5.45
20170222	13.14	6.93	8.96
20170223	4.01	3.53	8.74
20170224	3.43	4.52	5.54
20170225	25.43	6.43	23.03
20170226	29.24	4.39	15.61
20170227	10.73	1.26	16.57
20170228	7.87	2.66	10.07
20170301	4.8	4.03	7.92
20170302	7.11	5.46	5.95
20170303	6.57	5.2	7.76
20170304	10.62	3.88	6.16
20170305	6.83	2.76	8.62
20170306	2.46	2.68	5.94
20170307	13.6	5.15	5.98
20170308	3.12	7.71	8.28
20170309	1.06	7.59	5.69
20170310	0.49	8.79	4.28
20170311	0.48	8.12	3.07
20170312	0.13	4.75	2.57
20170313	0.45	7.34	2.14
20170314	0.31	6.47	1.98
20170315	0.13	8.44	1.81
20170316	0.55	4.17	1.71
20170317	21.55	6.77	6.55
20170318	2.85	8.61	6.84
20170319	17.94	8.21	9.04
20170320	8.55	3.97	18.45
20170321	27.22	3.25	13.85
20170322	0.5	2.03	9.88
20170323	0.15	5.38	6.31
20170324	0.0	5.42	4.81
20170325	0.0	7.72	3.18
20170326	0.0	8.03	2.26
20170327	0.01	5.68	1.95
20170328	13.74	8.9	2.65
20170329	29.99	10.28	14.07
20170330	9.66	11.32	10.28
20170331	13.37	8.62	10.54
20170401	1.68	6.99	8.48
20170402	0.0	7.21	5.6
20170403	6.43	9.07	4.63
20170404	0.03	4.94	3.74
20170405	0.0	5.66	2.53
20170406	0.0	6.74	2.08
20170407	0.0	7.63	1.87
20170408	0.0	12.42	1.71
20170409	0.0	10.12	1.59
20170410	0.0	5.79	1.49
20170411	0.0	8.09	1.41
20170412	0.19	6.31	1.36
20170413	0.0	4.99	1.3
20170414	3.12	7.66	1.3
20170415	0.0	6.09	1.26
20170416	3.08	7.62	1.27
20170417	0.01	6.22	1.2
20170418	0.0	4.75	1.04
20170419	0.83	7.92	0.99
20170420	0.0	7.71	0.95
20170421	0.0	8.77	0.92
20170422	0.0	8.31	0.88
20170423	0.09	7.77	0.85
20170424	0.85	4.26	0.84
20170425	2.16	2.69	0.85
20170426	0.03	1.94	0.81
20170427	0.17	5.6	0.79
20170428	0.04	5.54	0.77
20170429	0.0	8.77	0.75
20170430	6.06	9.02	0.76
20170501	1.01	7.86	0.78
20170502	0.29	8.97	0.72
20170503	0.0	9.63	0.69
20170504	0.0	9.78	0.67
20170505	0.0	9.98	0.65
20170506	0.0	9.14	0.64
20170507	0.0	10.19	0.63
20170508	0.0	7.56	0.62
20170509	0.0	6.0	0.61
20170510	0.0	9.67	0.6
20170511	6.84	12.86	0.61
20170512	7.24	11.31	0.65
20170513	11.07	10.16	0.73
20170514	4.04	10.56	0.83
20170515	37.27	12.81	4.76
20170516	12.78	10.74	9.63
20170517	3.71	7.42	5.3
20170518	0.02	8.31	3.4
20170519	5.48	8.52	1.7
20170520	3.97	9.67	2.43
20170521	0.11	12.16	1.87
20170522	0.51	14.57	1.36
20170523	0.26	14.26	1.2
20170524	0.0	16.45	1.06
20170525	0.0	18.2	0.97
20170526	4.22	18.56	0.89
20170527	4.89	12.64	0.99
20170528	0.95	16.06	0.9
20170529	2.37	14.51	0.86
20170530	1.28	12.54	0.87
20170531	1.77	13.66	0.88
20170601	0.77	15.18	0.83
20170602	0.9	9.87	0.79
20170603	3.89	10.07	0.76
20170604	18.44	11.17	0.9
20170605	39.12	9.72	19.14
20170606	0.71	10.1	8.41
20170607	32.03	12.09	13.56
20170608	13.08	11.39	18.41
20170609	2.61	12.92	9.12
20170610	24.2	13.39	15.58
20170611	3.56	11.84	8.4
20170612	0.41	12.08	5.96
20170613	0.03	12.44	4.6
20170614	2.27	14.8	3.02
20170615	0.0	12.57	2.58
20170616	0.0	13.98	2.0
20170617	0.0	16.53	1.65
20170618	0.0	19.51	1.51
20170619	0.0	21.0	1.4
20170620	0.0	20.75	1.32
20170621	0.11	20.41	1.26
20170622	0.0	14.1	1.24
20170623	8.7	13.59	1.29
20170624	1.58	13.45	1.27
20170625	0.63	11.35	1.21
20170626	0.07	14.9	1.13
20170627	8.82	14.92	1.1
20170628	1.19	10.43	1.42
20170629	0.45	11.14	1.1
20170630	0.01	12.37	0.99
20170701	0.75	13.27	0.92
20170702	3.15	14.78	0.87
20170703	3.95	15.74	0.88
20170704	0.15	13.42	0.91
20170705	0.29	17.54	0.83
20170706	0.0	17.21	0.77
20170707	0.01	13.8	0.76
20170708	0.0	16.37	0.74
20170709	0.94	16.2	0.71
20170710	7.54	13.85	1.58
20170711	10.92	12.51	1.76
20170712	0.0	13.51	0.96
20170713	0.2	14.38	0.74
20170714	1.94	13.97	0.67
20170715	7.04	15.76	0.81
20170716	0.82	12.28	1.21
20170717	0.0	17.03	0.87
20170718	3.86	18.25	0.72
20170719	2.46	13.95	0.72
20170720	22.6	13.02	1.07
20170721	28.92	11.06	11.87
20170722	7.93	10.64	6.07
20170723	0.22	14.7	5.66
20170724	0.0	14.77	3.44
20170725	9.71	17.31	2.27
20170726	5.71	13.88	4.85
20170727	8.65	12.65	4.37
20170728	23.21	12.66	11.37
20170729	4.67	12.38	7.37
20170730	14.15	12.22	7.9
20170731	9.53	12.86	7.41
20170801	10.49	13.84	8.53
20170802	12.96	14.9	8.47
20170803	9.59	13.28	9.99
20170804	1.59	13.2	6.5
20170805	3.61	11.52	4.68
20170806	13.47	13.03	5.61
20170807	0.16	12.15	5.88
20170808	15.4	12.48	5.97
20170809	0.02	10.9	5.28
20170810	0.13	11.88	3.43
20170811	7.47	12.85	3.77
20170812	0.01	10.76	3.65
20170813	2.55	13.0	2.66
20170814	7.31	13.48	3.24
20170815	0.29	12.76	2.55
20170816	21.66	15.22	4.15
20170817	4.86	13.32	6.38
20170818	11.19	11.7	6.66
20170819	0.17	10.57	5.15
20170820	13.38	13.49	4.57
20170821	1.02	16.59	5.3
20170822	0.26	16.54	3.57
20170823	0.36	14.4	2.5
20170824	0.01	12.32	2.05
20170825	0.0	14.4	1.85
20170826	0.0	14.48	1.69
20170827	0.0	15.41	1.58
20170828	1.1	16.49	1.49
20170829	1.3	11.79	1.34
20170830	0.43	10.73	1.19
20170831	2.52	10.13	1.14
20170901	0.0	10.99	1.07
20170902	7.52	13.06	1.03
20170903	4.27	13.06	1.21
20170904	10.61	15.72	1.3
20170905	1.87	14.06	3.42
20170906	0.31	12.08	1.72
20170907	14.41	13.09	2.06
20170908	0.97	11.74	4.94
20170909	4.83	10.53	2.95
20170910	12.88	11.03	4.53
20170911	4.49	10.64	5.49
20170912	17.64	10.8	7.28
20170913	7.5	8.72	6.26
20170914	8.98	8.98	7.32
20170915	2.63	8.74	8.05
20170916	14.59	8.59	7.63
20170917	0.17	8.52	5.94
20170918	0.62	9.71	2.85
20170919	0.16	12.07	2.14
20170920	15.62	13.37	2.55
20170921	0.72	8.89	6.29
20170922	14.33	12.46	5.84
20170923	0.0	12.69	5.15
20170924	4.25	13.72	3.51
20170925	0.01	13.07	2.76
20170926	0.0	13.22	2.3
20170927	13.26	11.81	4.41
20170928	6.03	12.85	4.16
20170929	8.95	10.7	5.58
20170930	16.79	11.7	11.5
20171001	4.27	12.46	9.72
20171002	0.49	9.41	6.05
20171003	0.01	8.79	4.08
20171004	6.15	10.53	2.94
20171005	0.04	8.75	3.89
20171006	4.93	10.73	2.4
20171007	0.03	10.4	3.1
20171008	0.85	12.44	2.16
20171009	3.95	12.25	1.93
20171010	6.55	12.54	3.51
20171011	12.2	9.94	9.24
20171012	5.47	11.99	5.14
20171013	7.27	14.43	7.73
20171014	0.01	13.43	5.66
20171015	0.41	14.18	3.79
20171016	1.35	12.26	3.19
20171017	0.21	9.32	2.88
20171018	0.26	8.87	2.66
20171019	10.7	10.22	2.84
20171020	19.14	9.77	4.58
20171021	18.75	7.92	19.46
20171022	4.22	9.52	8.74
20171023	9.55	12.47	7.41
20171024	17.7	10.95	21.19
20171025	0.82	9.11	9.34
20171026	0.61	8.33	6.37
20171027	0.13	7.1	5.24
20171028	0.3	10.67	3.85
20171029	0.05	5.57	2.98
20171030	0.18	5.87	2.38
20171031	0.01	8.21	1.99
20171101	0.19	7.3	1.84
20171102	0.16	7.99	1.72
20171103	2.7	8.9	1.62
20171104	2.33	5.37	1.7
20171105	1.86	3.99	1.77
20171106	7.23	5.94	1.67
20171107	7.0	3.91	5.1
20171108	1.35	5.33	2.72
20171109	4.56	7.47	2.52
20171110	15.32	7.84	6.1
20171111	6.91	6.85	8.99
20171112	2.06	1.47	7.52
20171113	1.16	4.25	4.41
20171114	4.28	9.16	3.63
20171115	1.13	9.06	3.3
20171116	1.65	3.36	2.83
20171117	1.82	3.85	2.31
20171118	3.54	4.75	3.29
20171119	6.93	6.19	2.7
20171120	15.62	10.01	11.09
20171121	19.85	10.39	18.68
20171122	31.36	7.41	28.76
20171123	2.13	2.93	13.77
20171124	1.05	1.92	7.54
20171125	3.01	2.19	5.45
20171126	19.15	5.47	10.19
20171127	4.07	3.73	9.53
20171128	0.05	0.98	6.27
20171129	0.08	0.27	4.79
20171130	0.01	0.1	3.35
20171201	0.02	1.81	2.63
20171202	1.07	5.13	2.42
20171203	0.62	5.34	2.31
20171204	0.29	5.54	2.18
20171205	0.45	6.13	2.06
20171206	37.03	8.42	8.22
20171207	6.36	3.35	10.6
20171208	12.35	-0.6	5.58
20171209	4.52	-0.32	4.31
20171210	4.3	-1.09	3.33
20171211	0.0	-2.35	2.75
20171212	16.84	0.24	5.81
20171213	13.22	3.26	16.2
20171214	5.35	2.19	9.53
20171215	0.15	1.13	7.81
20171216	3.76	2.99	6.22
20171217	8.01	4.22	10.53
20171218	0.21	3.52	5.98
20171219	2.72	6.35	4.87
20171220	4.16	9.3	4.52
20171221	6.8	9.02	5.13
20171222	0.57	7.55	5.42
20171223	3.12	6.97	4.08
20171224	13.45	7.58	7.96
20171225	9.18	5.07	11.03
20171226	15.55	1.69	9.84
20171227	3.58	-0.26	6.84
20171228	16.7	0.82	6.13
20171229	10.09	6.09	16.3
20171230	21.71	8.1	20.5
20171231	20.78	4.74	14.67
20180101	3.14	3.45	12.01
20180102	22.81	7.08	20.66
20180103	9.32	6.58	8.85
20180104	6.91	4.96	10.36
20180105	2.24	0.41	8.84
20180106	1.37	0.47	6.09
20180107	0.0	-0.22	4.85
20180108	0.32	-0.09	3.27
20180109	4.87	3.3	3.1
20180110	0.19	2.69	3.33
20180111	0.03	0.72	2.43
20180112	0.21	0.92	2.09
20180113	0.57	2.34	1.95
20180114	22.78	4.06	3.38
20180115	8.67	4.4	16.42
20180116	2.12	1.36	6.15
20180117	16.49	5.12	13.93
20180118	0.82	2.27	7.23
20180119	1.93	1.94	5.1
20180120	11.48	2.18	4.47
20180121	23.72	5.0	18.55
20180122	11.44	6.89	7.78
20180123	16.15	7.04	16.44
20180124	12.72	4.22	19.05
20180125	7.82	3.77	11.76
20180126	3.41	3.94	7.11
20180127	7.04	7.21	8.63
20180128	5.34	8.23	7.36
20180129	3.52	2.98	9.01
20180130	7.06	3.07	6.57
20180131	2.08	2.12	7.11
20180201	1.88	2.33	5.75
20180202	2.88	3.09	4.18
20180203	1.67	2.09	4.01
20180204	0.04	0.15	3.07
20180205	0.0	-0.76	2.44
20180206	0.39	-2.79	2.21
20180207	1.67	0.16	1.97
20180208	30.21	2.5	13.62
20180209	6.3	1.03	7.11
20180210	16.3	4.16	18.24
20180211	0.92	-0.06	7.51
20180212	17.21	1.78	6.31
20180213	1.24	-0.04	9.46
20180214	10.58	3.75	9.3
20180215	0.98	2.12	6.05
20180216	1.32	3.59	4.45
20180217	1.52	5.26	3.26
20180218	2.44	6.81	2.9
20180219	0.05	6.05	2.97
20180220	0.0	4.53	2.36
20180221	0.03	1.78	1.96
20180222	0.3	-0.61	1.79
20180223	0.11	-0.72	1.67
20180224	0.0	-0.35	1.56
20180225	0.0	-1.42	1.46
20180226	0.15	-3.17	1.37
20180227	0.53	-4.13	1.33
20180228	0.92	-6.41	1.21
20180301	3.26	-6.28	1.21
20180302	0.88	-3.62	1.21
20180303	5.95	-0.69	1.25
20180304	9.66	3.11	3.99
20180305	4.38	2.62	5.57
20180306	0.32	2.55	3.79
20180307	13.47	3.29	3.16
20180308	0.89	2.94	6.36
20180309	29.48	5.55	15.44
20180310	4.25	5.91	13.44
20180311	14.83	7.52	8.09
20180312	0.39	4.71	8.13
20180313	0.0	4.82	5.2
20180314	22.44	6.51	7.62
20180315	14.46	6.74	11.45
20180316	2.64	4.12	8.91
20180317	4.57	-3.06	5.73
20180318	1.21	-3.89	4.35
20180319	0.0	-0.84	2.86
20180320	0.0	0.63	2.51
20180321	0.11	3.87	2.43
20180322	10.45	4.64	4.48
20180323	4.13	5.35	5.52
20180324	0.0	3.17	3.69
20180325	0.02	4.59	2.28
20180326	9.3	6.23	2.2
20180327	2.63	5.21	4.2
20180328	3.6	3.45	2.93
20180329	7.2	1.64	4.25
20180330	14.53	3.07	7.56
20180331	0.18	1.38	8.16
20180401	33.51	2.53	12.2
20180402	13.31	6.91	19.43
20180403	6.14	7.54	10.38
20180404	3.13	4.3	7.6
20180405	0.0	5.3	5.56
20180406	14.96	8.05	4.33
20180407	1.59	5.01	8.57
20180408	0.04	5.73	4.8
20180409	12.79	8.36	4.3
20180410	0.5	7.2	5.47
20180411	0.01	5.78	3.48
20180412	0.22	5.9	2.57
20180413	0.0	6.86	2.16
20180414	0.09	10.55	1.93
20180415	14.61	7.57	3.86
20180416	5.9	9.08	4.34
20180417	14.46	10.06	11.8
20180418	0.03	13.02	5.77
20180419	0.0	13.34	3.21
20180420	0.0	11.7	2.22
20180421	0.12	14.55	1.92
20180422	0.4	8.83	1.77
20180423	5.39	8.62	1.77
20180424	19.39	7.22	11.33
20180425	5.39	6.97	5.95
20180426	9.46	7.16	4.01
20180427	2.02	4.96	5.23
20180428	0.04	5.61	2.98
20180429	0.02	3.84	2.21
20180430	0.03	5.09	1.89
20180501	29.62	7.71	5.92
20180502	0.74	6.61	9.57
20180503	0.98	9.49	4.29
20180504	0.13	9.24	2.54
20180505	0.0	12.96	1.95
20180506	0.0	14.3	1.69
20180507	0.0	15.11	1.52
20180508	0.04	8.35	1.43
20180509	2.66	6.97	1.39
20180510	0.01	7.47	1.34
20180511	3.21	5.83	1.29
20180512	0.11	7.16	1.23
20180513	0.0	7.71	1.14
20180514	0.0	10.76	1.08
20180515	0.67	13.77	1.03
20180516	0.17	7.91	1.02
20180517	0.0	9.01	0.97
20180518	0.0	9.98	0.94
20180519	0.0	11.36	0.91
20180520	0.0	12.52	0.87
20180521	0.09	14.98	0.85
20180522	0.0	12.62	0.77
20180523	2.33	13.97	0.74
20180524	5.07	11.35	0.76
20180525	6.12	11.31	0.87
20180526	1.9	15.21	0.79
20180527	2.64	15.9	0.81
20180528	0.08	16.39	0.74
20180529	0.02	15.69	0.7
20180530	0.79	14.15	0.69
20180531	2.0	17.92	0.68
20180601	0.93	16.35	0.66
20180602	0.0	13.84	0.64
20180603	0.0	17.44	0.62
20180604	0.0	15.55	0.59
20180605	0.0	12.06	0.59
20180606	0.0	14.07	0.57
20180607	5.1	14.86	0.57
20180608	0.01	13.8	0.59
20180609	0.05	13.94	0.56
20180610	0.0	14.63	0.54
20180611	0.06	14.68	0.52
20180612	0.0	13.72	0.51
20180613	5.16	14.77	0.52
20180614	0.01	11.63	0.64
20180615	1.32	11.93	0.72
20180616	3.64	12.86	0.75
20180617	3.56	12.69	0.77
20180618	5.05	13.64	0.71
20180619	5.52	14.64	0.74
20180620	1.23	11.06	0.96
20180621	0.0	9.25	0.74
20180622	0.0	12.14	0.6
20180623	0.0	13.37	0.54
20180624	0.0	15.68	0.51
20180625	0.0	18.19	0.49
20180626	0.0	19.09	0.48
20180627	0.0	18.13	0.46
20180628	0.0	17.34	0.44
20180629	0.0	17.65	0.44
20180630	0.0	18.48	0.43
20180701	0.25	19.73	0.43
20180702	0.0	17.91	0.42
20180703	0.0	18.16	0.41
20180704	1.58	17.45	0.42
20180705	0.02	17.65	0.42
20180706	0.4	17.01	0.41
20180707	0.0	18.6	0.41
20180708	0.0	19.97	0.4
20180709	0.0	19.38	0.39
20180710	0.0	17.73	0.4
20180711	0.01	17.17	0.41
20180712	0.69	16.14	0.41
20180713	0.15	15.73	0.41
20180714	0.0	16.22	0.4
20180715	0.0	18.22	0.39
20180716	0.33	15.06	0.4
20180717	2.93	14.85	0.4
20180718	0.07	14.18	0.42
20180719	0.0	15.19	0.4
20180720	1.96	17.13	0.4
20180721	0.01	17.78	0.39
20180722	0.0	18.87	0.38
20180723	1.31	17.26	0.38
20180724	0.71	13.87	0.4
20180725	0.0	15.46	0.38
20180726	0.0	18.46	0.37
20180727	18.44	14.78	0.4
20180728	39.41	12.48	0.86
20180729	6.24	14.8	2.62
20180730	7.88	14.2	1.48
20180731	2.15	14.78	1.13
20180801	1.25	16.47	0.85
20180802	0.19	18.0	0.74
20180803	0.23	17.56	0.66
20180804	0.0	16.92	0.59
20180805	0.0	19.08	0.53
20180806	0.01	16.81	0.5
20180807	0.27	13.97	0.49
20180808	1.85	12.33	0.49
20180809	3.05	12.2	0.47
20180810	2.89	10.96	0.49
20180811	38.82	14.17	1.8
20180812	2.47	15.21	4.0
20180813	0.56	15.35	1.72
20180814	2.8	15.96	1.22
20180815	27.65	14.67	3.78
20180816	0.03	12.4	5.69
20180817	2.3	14.29	2.76
20180818	5.33	15.99	1.83
20180819	1.29	16.16	2.31
20180820	2.21	15.94	1.85
20180821	1.62	16.33	1.61
20180822	8.46	13.6	1.79
20180823	2.26	11.74	2.76
20180824	5.09	9.1	2.01
20180825	6.01	11.06	1.72
20180826	17.67	12.81	6.52
20180827	0.25	12.04	4.49
20180828	0.22	11.73	2.6
20180829	0.04	9.77	1.79
20180830	0.02	10.35	1.48
20180831	0.0	14.61	1.29
20180901	0.0	16.78	1.16
20180902	5.2	15.96	1.07
20180903	3.31	12.17	1.2
20180904	0.0	10.59	1.1
20180905	0.23	11.64	1.0
20180906	0.61	9.18	1.01
20180907	3.28	10.49	0.9
20180908	5.7	13.05	0.99
20180909	0.55	12.2	1.19
20180910	14.72	13.75	1.29
20180911	2.95	11.62	5.14
20180912	0.02	9.24	2.67
20180913	0.44	10.83	1.68
20180914	1.11	11.62	1.46
20180915	1.91	13.2	1.32
20180916	14.73	14.4	3.94
20180917	10.33	14.92	5.13
20180918	6.46	14.21	7.95
20180919	18.38	12.33	6.2
20180920	64.49	10.44	47.99
20180921	1.91	9.4	12.34
20180922	11.11	7.07	8.57
20180923	0.05	6.16	7.08
20180924	0.0	6.88	5.4
20180925	0.02	9.95	3.9
20180926	0.04	12.49	2.63
20180927	0.0	12.08	2.18
20180928	0.02	6.62	1.84
20180929	0.07	9.18	1.63
20180930	0.04	7.07	1.52
20181001	1.66	9.71	1.4
20181002	0.96	12.03	1.34
20181003	0.51	12.74	1.25
20181004	0.08	12.82	1.2
20181005	6.02	10.21	1.16
20181006	0.43	4.14	1.26
20181007	0.43	8.05	1.13
20181008	1.4	10.44	1.09
20181009	0.18	11.13	1.06
20181010	0.84	14.98	1.01
20181011	46.18	10.65	2.32
20181012	120.44	14.67	99.33
20181013	12.5	12.35	34.39
20181014	1.24	7.67	12.32
20181015	0.25	9.1	7.62
20181016	2.38	9.87	6.15
20181017	0.03	8.46	5.17
20181018	0.06	7.04	3.83
20181019	0.04	9.52	2.74
20181020	0.01	10.05	2.21
20181021	0.1	7.33	1.98
20181022	0.0	6.95	1.76
20181023	0.02	8.6	1.61
20181024	0.02	7.87	1.5
20181025	1.87	6.64	1.4
20181026	2.94	2.38	1.42
20181027	0.18	2.34	1.36
20181028	0.05	1.77	1.24
20181029	0.16	0.04	1.19
20181030	0.12	1.72	1.14
20181031	10.19	6.54	1.21
20181101	0.21	3.31	1.53
20181102	0.22	5.86	1.25
20181103	21.39	9.69	4.49
20181104	1.77	9.32	5.85
20181105	0.11	9.5	2.94
20181106	29.72	10.45	7.28
20181107	19.41	6.63	15.78
20181108	3.15	8.43	8.84
20181109	31.83	8.13	18.86
20181110	17.58	7.04	13.57
20181111	2.37	8.03	11.53
20181112	13.99	7.79	9.01
20181113	1.85	8.41	7.75
20181114	0.16	8.52	6.05
20181115	0.54	9.74	4.67
20181116	0.05	9.45	3.29
20181117	0.01	5.63	2.65
20181118	0.01	5.19	2.28
20181119	0.02	3.74	1.97
20181120	1.88	1.9	1.84
20181121	0.42	0.93	1.68
20181122	0.35	1.18	1.56
20181123	0.56	4.01	1.48
20181124	0.17	4.28	1.41
20181125	0.05	2.92	1.33
20181126	0.88	1.63	1.26
20181127	28.2	7.23	3.64
20181128	32.43	9.83	12.27
20181129	22.68	7.28	26.14
20181130	14.08	6.46	11.59
20181201	11.72	9.66	15.95
20181202	18.16	9.6	16.52
20181203	3.46	4.27	16.14
20181204	13.75	3.8	10.07
20181205	18.3	9.13	17.91
20181206	36.38	8.64	28.1
20181207	3.13	5.15	19.99
20181208	17.19	7.6	14.37
20181209	2.28	5.7	11.41
20181210	0.43	5.58	7.54
20181211	0.44	6.42	6.17
20181212	0.18	3.53	5.08
20181213	0.0	-0.52	3.73
20181214	0.93	-0.23	2.83
20181215	21.18	4.28	7.47
20181216	5.85	3.98	7.46
20181217	11.66	6.17	5.82
20181218	31.28	5.51	18.73
20181219	16.25	5.09	16.64
20181220	15.44	7.74	14.09
20181221	12.95	7.7	18.68
20181222	5.59	7.21	10.11
20181223	3.25	7.31	8.9
20181224	0.36	6.0	6.76
20181225	2.01	7.86	5.66
20181226	0.04	7.23	4.79
20181227	0.0	4.77	3.59
20181228	1.69	6.69	2.94
20181229	1.83	8.4	3.0
20181230	0.59	7.06	2.8
20181231	0.0	6.04	2.46
20190101	0.14	2.55	2.18
20190102	0.13	-0.95	1.94
20190103	0.02	-2.54	1.8
20190104	0.3	-0.81	1.69
20190105	0.0	3.51	1.61
20190106	0.6	6.21	1.54
20190107	2.66	5.82	1.64
20190108	0.01	2.2	1.64
20190109	0.03	-0.02	1.46
20190110	0.42	2.25	1.37
20190111	0.94	5.5	1.32
20190112	0.45	6.94	1.3
20190113	0.67	6.33	1.27
20190114	1.34	4.03	1.21
20190115	10.1	6.3	1.5
20190116	8.75	2.78	5.07
20190117	0.17	0.29	3.72
20190118	15.9	2.46	4.31
20190119	1.42	4.09	5.79
20190120	0.11	2.27	3.6
20190121	10.78	1.62	3.63
20190122	5.25	-0.6	4.33
20190123	0.11	0.3	2.96
20190124	0.68	4.93	2.9
20190125	2.11	6.82	2.84
20190126	18.72	3.83	9.35
20190127	1.71	1.04	7.28
20190128	1.66	1.29	5.09
20190129	9.7	-1.12	4.22
20190130	0.67	-2.87	3.22
20190131	4.3	-2.0	2.73
20190201	0.0	-2.82	2.42
20190202	0.0	-2.19	2.01
20190203	12.0	2.36	4.47
20190204	0.22	2.97	8.76
20190205	14.16	5.15	9.35
20190206	8.25	4.34	7.91
20190207	26.69	5.86	10.78
20190208	16.1	5.63	27.08
20190209	17.14	3.35	13.51
20190210	3.7	3.26	11.34
20190211	0.0	3.79	7.29
20190212	3.96	6.28	6.32
20190213	0.04	4.67	5.29
20190214	0.15	6.33	3.82
20190215	1.47	8.58	2.95
20190216	0.69	7.51	2.8
20190217	1.83	7.06	2.5
20190218	3.41	5.22	2.6
20190219	0.53	5.83	2.27
20190220	10.14	8.08	3.3
20190221	0.05	7.91	4.89
20190222	0.0	8.29	2.76
20190223	0.01	7.59	2.21
20190224	0.02	7.03	1.96
20190225	0.02	9.26	1.76
20190226	0.02	9.64	1.62
20190227	2.36	10.31	1.53
20190228	5.8	7.3	1.72
20190301	2.99	7.95	1.71
20190302	12.51	6.91	4.09
20190303	20.22	5.43	12.11
20190304	5.97	3.65	6.9
20190305	50.47	6.8	18.82
20190306	10.44	5.73	19.59
20190307	6.17	3.11	9.23
20190308	9.98	5.17	8.48
20190309	15.92	4.66	10.1
20190310	2.38	2.88	10.22
20190311	31.68	5.3	11.16
20190312	8.2	2.9	22.49
20190313	21.93	5.92	11.76
20190314	13.0	8.18	17.43
20190315	21.11	7.56	26.91
20190316	28.17	4.25	33.56
20190317	1.61	4.11	11.33
20190318	2.41	5.41	7.76
20190319	1.35	7.58	6.29
20190320	0.56	8.11	5.31
20190321	0.01	8.65	4.16
20190322	0.49	6.18	3.15
20190323	0.0	3.96	2.63
20190324	0.47	5.9	2.29
20190325	0.0	4.5	2.06
20190326	0.03	4.83	1.85
20190327	0.05	5.27	1.72
20190328	0.15	6.78	1.62
20190329	0.08	6.08	1.53
20190330	0.0	7.03	1.44
20190331	0.01	5.26	1.37
20190401	3.04	7.35	1.31
20190402	2.69	1.99	1.34
20190403	8.42	2.42	1.35
20190404	25.25	2.74	3.65
20190405	4.04	5.61	7.21
20190406	0.0	6.76	4.4
20190407	0.3	8.64	2.53
20190408	2.15	6.82	1.85
20190409	0.89	5.08	1.84
20190410	0.0	3.38	1.63
20190411	0.03	4.5	1.46
20190412	0.0	4.94	1.36
20190413	0.0	4.1	1.28
20190414	0.01	4.3	1.22
20190415	5.93	7.36	1.18
20190416	0.41	6.32	1.25
20190417	0.0	10.47	1.15
20190418	0.0	11.43	1.08
20190419	0.0	13.07	1.02
20190420	0.0	12.85	0.98
20190421	0.0	13.24	0.96
20190422	0.0	14.75	0.93
20190423	0.0	14.01	0.9
20190424	17.8	9.02	1.21
20190425	9.08	7.99	1.54
20190426	19.64	6.31	3.47
20190427	0.2	6.2	5.19
20190428	2.04	8.84	2.55
20190429	0.01	8.44	1.71
20190430	2.18	11.34	1.45
20190501	1.02	8.03	1.35
20190502	0.21	6.25	1.27
20190503	0.35	5.78	1.18
20190504	0.0	3.73	1.1
20190505	0.0	4.49	1.04
20190506	0.0	5.34	1.01
20190507	14.21	8.81	1.01
20190508	8.5	8.63	2.01
20190509	1.07	5.75	2.29
20190510	0.68	7.04	1.67
20190511	0.02	6.12	1.37
20190512	0.0	9.41	1.12
20190513	0.0	10.57	1.03
20190514	0.0	12.27	0.97
20190515	0.0	11.34	0.93
20190516	0.67	10.28	0.9
20190517	0.33	9.72	0.89
20190518	0.01	8.94	0.87
20190519	0.34	9.42	0.83
20190520	0.05	9.66	0.81
20190521	0.0	10.21	0.77
20190522	0.0	10.01	0.75
20190523	0.0	11.38	0.73
20190524	0.06	11.17	0.73
20190525	3.03	14.57	0.71
20190526	3.15	11.04	0.81
20190527	6.53	9.64	0.89
20190528	0.35	8.34	0.8
20190529	6.39	10.54	0.88
20190530	0.46	14.42	0.89
20190531	0.05	13.49	0.79
20190601	0.19	16.12	0.72
20190602	7.52	10.88	0.78
20190603	5.65	11.34	0.8
20190604	5.17	9.66	1.1
20190605	0.69	8.13	1.02
20190606	1.41	10.04	0.82
20190607	31.35	9.66	2.23
20190608	0.33	9.56	2.35
20190609	1.22	8.82	1.37
20190610	12.34	10.9	1.18
20190611	7.98	6.99	5.0
20190612	29.71	9.65	5.01
20190613	14.23	10.45	9.66
20190614	3.94	10.63	8.22
20190615	4.08	10.99	5.63
20190616	11.75	12.41	6.1
20190617	2.25	12.4	7.09
20190618	1.25	12.96	4.06
20190619	0.01	11.55	2.73
20190620	0.08	10.16	2.08
20190621	0.0	10.02	1.73
20190622	0.0	14.82	1.5
20190623	5.13	14.89	1.45
20190624	1.52	16.34	1.36
20190625	1.3	14.8	1.32
20190626	0.0	13.24	1.24
20190627	0.01	16.22	1.09
20190628	0.0	19.28	1.0
20190629	0.04	18.43	0.96
20190630	0.02	12.99	0.92
20190701	0.03	10.45	0.88
20190702	0.0	10.72	0.85
20190703	0.0	12.77	0.83
20190704	0.0	15.76	0.8
20190705	0.0	15.27	0.75
20190706	0.0	12.81	0.74
20190707	0.0	12.88	0.71
20190708	0.0	16.27	0.69
20190709	0.0	15.56	0.68
20190710	0.63	16.33	0.67
20190711	1.14	15.47	0.66
20190712	0.0	15.56	0.64
20190713	0.0	12.07	0.63
20190714	0.0	15.55	0.61
20190715	0.0	16.36	0.6
20190716	0.0	15.16	0.59
20190717	5.52	15.31	0.6
20190718	8.58	14.32	0.61
20190719	15.71	15.07	0.82
20190720	0.8	13.22	0.92
20190721	4.5	16.85	0.72
20190722	0.39	17.02	0.76
20190723	3.57	20.87	0.68
20190724	0.0	18.61	0.64
20190725	0.05	21.23	0.58
20190726	0.0	15.59	0.56
20190727	0.93	15.55	0.55
20190728	0.0	13.05	0.53
20190729	10.22	17.14	0.51
20190730	10.45	14.5	0.67
20190731	0.11	13.77	0.59
20190801	0.59	16.22	0.54
20190802	9.03	17.06	0.56
20190803	0.01	16.76	0.52
20190804	12.09	15.44	0.54
20190805	23.59	15.38	0.79
20190806	14.7	15.13	6.25
20190807	0.29	14.35	4.54
20190808	31.79	17.99	5.06
20190809	53.88	16.06	17.58
20190810	26.29	14.05	24.75
20190811	3.24	12.78	12.61
20190812	1.26	11.46	6.87
20190813	11.9	14.08	5.13
20190814	11.48	14.3	9.36
20190815	1.0	14.16	5.81
20190816	49.42	13.69	25.9
20190817	2.0	13.19	9.93
20190818	4.14	13.0	6.56
20190819	3.28	11.47	5.39
20190820	3.7	12.72	3.98
20190821	1.3	14.54	2.85
20190822	3.54	15.03	2.83
20190823	0.02	15.36	2.6
20190824	0.0	18.99	1.91
20190825	0.01	17.52	1.64
20190826	0.07	17.28	1.47
20190827	1.8	17.08	1.36
20190828	6.92	10.46	1.38
20190829	0.34	14.79	1.35
20190830	1.55	15.26	1.24
20190831	1.47	11.48	1.2
20190901	0.0	10.94	1.11
20190902	0.02	12.9	1.04
20190903	16.6	12.82	1.94
20190904	2.15	10.21	3.09
20190905	2.5	10.89	1.66
20190906	3.88	12.04	1.83
20190907	0.01	9.37	1.6
20190908	11.11	11.47	1.32
20190909	10.43	11.47	5.19
20190910	12.28	13.02	4.16
20190911	5.07	14.04	7.63
20190912	5.04	11.77	5.87
20190913	0.01	10.24	4.17
20190914	0.0	13.42	2.49
20190915	0.46	15.11	1.98
20190916	0.55	10.51	1.78
20190917	0.0	9.47	1.58
20190918	0.0	11.5	1.41
20190919	0.0	13.43	1.3
20190920	0.0	13.34	1.22
20190921	1.38	17.84	1.14
20190922	8.35	13.28	1.17
20190923	42.97	13.33	5.91
20190924	25.55	14.09	23.43
20190925	12.64	13.13	13.45
20190926	22.79	12.93	15.26
20190927	20.98	11.45	21.08
20190928	64.01	12.57	41.23
20190929	1.54	10.94	22.01
20190930	31.56	12.39	16.14
20191001	5.94	8.92	18.57
20191002	0.0	6.51	8.25
20191003	7.64	9.47	7.26
20191004	6.35	10.69	8.2
20191005	14.81	11.14	9.33
20191006	2.17	9.48	7.49
20191007	2.01	11.01	6.1
20191008	10.34	9.33	6.42
20191009	2.7	8.99	5.61
20191010	21.75	11.35	8.08
20191011	23.13	10.25	25.69
20191012	9.45	10.3	11.44
20191013	2.58	9.01	9.37
20191014	3.24	8.81	6.95
20191015	7.11	9.76	6.59
20191016	1.38	7.97	6.17
20191017	26.47	7.99	8.58
20191018	19.32	7.51	18.21
20191019	0.17	6.04	8.6
20191020	1.8	7.53	6.36
20191021	0.01	5.98	5.36
20191022	0.18	6.46	3.94
20191023	0.65	8.03	2.9
20191024	5.98	9.55	2.59
20191025	91.06	9.72	44.42
20191026	11.34	3.04	32.91
20191027	0.11	3.9	8.5
20191028	0.01	4.23	6.33
20191029	0.02	4.81	5.12
20191030	4.51	6.09	3.92
20191031	8.87	8.17	3.89
20191101	37.98	9.29	15.09
20191102	18.36	7.26	25.57
20191103	7.24	7.01	12.73
20191104	4.22	6.64	9.86
20191105	0.28	4.75	6.51
20191106	10.14	4.36	6.49
20191107	2.04	3.83	5.81
20191108	1.75	1.38	4.69
20191109	7.99	2.34	5.03
20191110	11.53	3.87	5.36
20191111	4.56	3.76	6.48
20191112	8.03	3.57	8.13
20191113	19.74	2.15	7.18
20191114	29.74	1.96	21.12
20191115	1.89	4.13	11.05
20191116	1.41	4.91	8.53
20191117	0.24	3.4	6.47
20191118	0.2	1.72	5.36
20191119	0.07	4.08	4.2
20191120	0.0	4.08	3.24
20191121	8.93	3.1	2.82
20191122	16.49	5.08	5.57
20191123	3.63	6.37	6.78
20191124	4.7	7.84	4.99
20191125	17.6	8.33	8.97
20191126	4.76	8.61	8.85
20191127	2.04	6.18	6.76
20191128	1.89	4.27	5.37
20191129	0.05	2.33	4.13
20191130	0.03	1.95	3.03
20191201	0.0	-0.25	2.51
20191202	0.07	1.07	2.2
20191203	0.02	3.45	2.03
20191204	0.21	3.02	1.85
20191205	24.65	7.02	6.86
20191206	7.27	7.37	14.09
20191207	15.72	7.86	12.9
20191208	15.06	5.11	12.06
20191209	7.67	3.42	9.59
20191210	34.55	6.05	28.98
20191211	16.97	2.4	11.42
20191212	26.17	5.36	25.45
20191213	10.99	3.32	11.64
20191214	17.48	3.0	14.44
20191215	15.09	3.37	15.08
20191216	0.97	1.53	9.72
20191217	0.38	1.66	6.81
20191218	41.97	6.73	18.47
20191219	26.56	6.81	26.15
20191220	20.46	4.24	16.9
20191221	7.2	4.94	16.84
20191222	10.3	5.2	10.52
20191223	8.07	6.19	8.07
20191224	13.14	4.57	13.98
20191225	1.83	3.85	7.54
20191226	2.65	5.81	6.54
20191227	2.52	7.11	5.76
20191228	0.2	6.42	4.85
20191229	0.01	4.93	3.7
20191230	0.04	5.07	3.02
20191231	0.0	4.36	2.62
20200101	0.37	4.76	2.31
20200102	14.98	6.16	4.18
20200103	0.16	3.49	5.42
20200104	1.78	5.03	3.23
20200105	1.51	5.55	3.02
20200106	7.93	5.79	5.3
20200107	5.99	8.16	6.17
20200108	30.95	7.21	16.23
20200109	7.25	4.15	11.61
20200110	1.52	4.97	7.02
20200111	33.82	6.94	25.11
20200112	3.95	4.73	12.71
20200113	23.18	5.1	15.49
20200114	31.8	6.79	31.64
20200115	2.74	4.63	10.82
20200116	24.6	5.7	13.36
20200117	3.47	0.84	11.88
20200118	0.15	0.44	7.31
20200119	0.21	0.83	5.82
20200120	0.16	1.35	4.88
20200121	0.42	2.03	3.76
20200122	0.06	5.53	2.93
20200123	0.14	2.34	2.51
20200124	0.36	2.3	2.24
20200125	6.04	4.21	2.17
20200126	17.83	4.5	6.04
20200127	11.64	1.86	8.16
20200128	1.82	2.01	5.88
20200129	1.2	4.94	4.54
20200130	3.95	7.82	4.04
20200131	13.18	7.64	10.45
20200201	8.95	6.23	7.29
20200202	3.15	7.2	7.63
20200203	0.89	3.9	6.1
20200204	0.01	2.25	4.45
20200205	0.02	2.21	3.16
20200206	0.09	2.6	2.65
20200207	3.48	4.57	2.54
20200208	38.55	6.15	16.03
20200209	17.92	6.31	29.33
20200210	8.81	2.72	10.13
20200211	0.45	1.59	6.8
20200212	27.64	3.39	9.78
20200213	1.76	3.97	12.98
20200214	19.97	7.08	10.29
20200215	108.49	7.82	107.73
20200216	11.93	3.68	27.54
20200217	4.74	4.42	11.62
20200218	6.6	3.51	9.65
20200219	29.83	5.14	15.05
20200220	8.32	4.07	23.45
20200221	22.08	6.52	22.71
20200222	24.63	7.16	26.81
20200223	21.71	5.85	22.78
20200224	11.34	5.0	34.97
20200225	6.21	1.92	9.99
20200226	7.25	2.01	7.98
20200227	5.23	1.89	7.22
20200228	66.78	5.02	55.46
20200229	6.02	1.76	18.2
20200301	3.07	2.48	9.35
20200302	0.33	3.01	6.98
20200303	0.88	3.58	5.65
20200304	8.62	2.76	6.09
20200305	0.37	0.71	4.75
20200306	1.94	3.66	3.71
20200307	26.42	6.7	9.15
20200308	4.5	5.36	9.1
20200309	38.94	6.65	27.83
20200310	4.39	7.41	18.81
20200311	6.28	4.57	9.33
20200312	2.76	4.13	7.81
20200313	6.68	5.98	6.34
20200314	13.95	6.36	7.91
20200315	3.92	3.05	10.55
20200316	4.65	5.79	6.29
20200317	14.85	7.93	12.44
20200318	10.38	4.61	15.52
20200319	1.95	2.6	8.7
20200320	0.0	3.37	6.28
20200321	0.0	3.36	5.03
20200322	0.0	4.34	3.73
20200323	0.0	5.5	2.77
20200324	0.0	7.33	2.38
20200325	0.0	5.88	2.09
20200326	0.0	5.18	1.9
20200327	0.0	4.76	1.76
20200328	0.0	3.51	1.66
20200329	0.0	1.93	1.51
20200330	0.0	4.66	1.43
20200331	0.0	3.41	1.35
20200401	0.0	4.87	1.29
20200402	0.95	5.88	1.25
20200403	0.02	5.56	1.23
20200404	0.0	7.98	1.18
20200405	11.21	10.97	1.27
20200406	0.46	5.33	1.37
20200407	0.0	9.92	1.14
20200408	0.0	12.17	1.06
20200409	0.0	13.72	1.01
20200410	0.0	15.08	0.97
20200411	0.0	13.59	0.93
20200412	0.0	10.35	0.91
20200413	0.0	3.75	0.88
20200414	0.0	4.99	0.85
20200415	0.0	8.24	0.83
20200416	0.05	12.16	0.81
20200417	4.33	6.97	0.81
20200418	0.5	6.11	0.81
20200419	0.0	8.05	0.78
20200420	0.0	9.21	0.75
20200421	0.0	10.01	0.72
20200422	0.0	10.89	0.71
20200423	0.0	11.73	0.69
20200424	0.0	12.07	0.69
20200425	0.0	11.76	0.67
20200426	0.21	11.33	0.66
20200427	10.87	8.15	0.68
20200428	6.38	4.59	0.94
20200429	21.73	7.47	1.34
20200430	2.75	6.71	2.48
20200501	1.53	6.43	1.46
20200502	0.42	9.07	1.07
20200503	0.01	7.38	0.92
20200504	0.0	9.71	0.84
20200505	0.0	8.29	0.77
20200506	0.0	10.38	0.72
20200507	0.17	13.02	0.7
20200508	0.03	13.2	0.68
20200509	2.83	14.15	0.68
20200510	0.0	6.69	0.65
20200511	0.0	3.17	0.63
20200512	0.03	5.48	0.62
20200513	0.0	3.6	0.61
20200514	0.0	5.74	0.6
20200515	0.0	8.23	0.58
20200516	0.0	8.31	0.58
20200517	0.0	10.9	0.57
20200518	1.0	11.8	0.57
20200519	0.01	11.42	0.56
20200520	0.51	15.78	0.54
20200521	8.53	14.85	0.56
20200522	9.07	9.86	0.6
20200523	0.62	10.49	0.75
20200524	0.0	9.73	0.65
20200525	0.0	12.72	0.61
20200526	0.0	14.66	0.59
20200527	0.0	15.3	0.58
20200528	0.0	14.99	0.52
20200529	0.0	14.66	0.48
20200530	0.0	14.95	0.47
20200531	0.0	15.33	0.46
20200601	0.0	14.8	0.46
20200602	5.92	16.83	0.46
20200603	1.31	8.18	0.49
20200604	1.6	9.36	0.48
20200605	1.74	8.07	0.46
20200606	3.22	7.63	0.49
20200607	0.25	10.62	0.47
20200608	0.01	9.79	0.45
20200609	0.35	11.89	0.45
20200610	38.08	10.73	1.02
20200611	1.8	11.48	1.52
20200612	10.55	12.98	1.14
20200613	8.45	14.56	1.07
20200614	1.18	13.84	1.44
20200615	2.25	15.19	1.03
20200616	3.7	14.11	1.06
20200617	21.3	14.93	1.06
20200618	19.17	11.88	5.84
20200619	2.6	11.88	5.56
20200620	10.33	14.24	3.9
20200621	1.53	10.98	3.83
20200622	0.03	15.14	2.02
20200623	0.03	16.71	1.46
20200624	0.0	19.83	1.18
20200625	0.93	21.6	1.02
20200626	12.85	15.12	0.98
20200627	12.78	12.08	2.05
20200628	1.94	11.84	2.23
20200629	0.05	10.96	1.48
20200630	8.38	13.48	1.35
20200701	2.44	12.94	2.31
20200702	0.06	12.92	1.63
20200703	24.48	12.8	7.76
20200704	13.58	13.16	11.35
20200705	0.04	11.61	7.47
20200706	0.0	11.97	5.06
20200707	23.88	12.56	6.96
20200708	22.64	14.44	14.42
20200709	1.13	11.9	12.39
20200710	0.0	9.7	6.5
20200711	0.0	10.67	4.84
20200712	0.0	14.81	3.19
20200713	6.88	13.63	2.43
20200714	0.8	12.38	2.09
20200715	0.26	13.46	1.75
20200716	0.14	14.78	1.57
20200717	0.27	15.47	1.41
20200718	5.87	11.6	1.42
20200719	0.01	10.57	1.44
20200720	0.0	10.79	1.2
20200721	0.0	12.66	1.09
20200722	0.0	14.67	1.03
20200723	2.16	14.46	1.03
20200724	10.68	16.01	1.06
20200725	1.22	13.63	1.43
20200726	17.71	14.2	1.58
20200727	9.64	12.74	7.59
20200728	0.0	11.13	3.61
20200729	0.0	14.08	1.77
20200730	0.0	17.9	1.41
20200731	2.82	19.41	1.24
20200801	0.37	13.34	1.18
20200802	0.0	12.16	1.1
20200803	0.01	10.78	1.02
20200804	7.95	14.14	1.09
20200805	9.49	15.53	1.84
20200806	2.73	17.44	1.94
20200807	0.0	19.34	1.61
20200808	0.0	18.72	1.22
20200809	0.04	16.02	1.05
20200810	0.19	18.31	0.98
20200811	0.12	21.56	0.92
20200812	8.57	23.29	0.88
20200813	6.19	18.74	0.97
20200814	3.16	16.57	1.1
20200815	4.59	15.12	1.01
20200816	4.32	16.85	1.17
20200817	28.97	15.85	2.72
20200818	16.79	16.56	9.6
20200819	15.94	15.79	10.8
20200820	20.51	15.46	8.4
20200821	23.2	13.91	13.96
20200822	6.65	13.74	13.18
20200823	0.96	13.37	7.09
20200824	35.59	15.63	11.74
20200825	13.08	13.36	24.1
20200826	0.28	12.47	7.89
20200827	23.21	12.39	9.43
20200828	2.0	9.68	7.69
20200829	0.0	9.33	5.6
20200830	0.0	9.62	4.23
20200831	0.0	10.02	2.72
20200901	0.0	12.01	2.12
20200902	19.31	13.99	2.86
20200903	1.05	12.98	6.42
20200904	0.01	10.64	3.52
20200905	0.04	11.11	2.2
20200906	0.67	11.35	1.87
20200907	4.43	13.94	1.76
20200908	2.29	15.02	1.86
20200909	0.05	10.99	1.87
20200910	0.0	10.75	1.54
20200911	1.5	11.73	1.42
20200912	0.0	13.65	1.36
20200913	0.14	13.72	1.25
20200914	0.0	18.18	1.17
20200915	0.02	16.26	1.11
20200916	0.0	16.06	1.05
20200917	0.01	12.9	1.0
20200918	0.0	13.25	0.95
20200919	0.0	13.48	0.92
20200920	0.0	12.94	0.89
20200921	0.0	15.8	0.86
20200922	11.07	13.7	0.87
20200923	14.58	8.75	1.14
20200924	7.09	6.36	2.21
20200925	0.68	6.53	1.55
20200926	0.0	7.37	1.14
20200927	0.0	8.67	0.98
20200928	2.41	10.84	0.96
20200929	1.53	10.69	0.93
20200930	21.46	8.0	4.51
20201001	9.98	9.13	4.51
20201002	23.39	8.77	19.41
20201003	24.38	8.27	12.52
20201004	3.42	7.95	13.82
20201005	10.36	9.85	8.01
20201006	8.24	8.9	9.47
20201007	28.06	10.81	16.52
20201008	0.9	7.26	13.97
20201009	1.96	6.48	6.87
20201010	1.61	7.99	5.47
20201011	0.92	8.67	4.08
20201012	9.25	7.47	3.24
20201013	2.72	8.34	5.49
20201014	0.01	7.65	3.66
20201015	0.09	6.24	2.42
20201016	0.05	7.37	2.04
20201017	0.0	6.22	1.83
20201018	0.0	7.18	1.65
20201019	4.14	10.48	1.59
20201020	10.16	12.33	2.06
20201021	16.63	8.71	7.94
20201022	0.94	7.28	5.29
20201023	6.2	7.61	3.92
20201024	30.23	7.79	11.03
20201025	17.99	6.13	17.25
20201026	4.87	7.47	9.22
20201027	14.89	7.98	9.31
20201028	16.21	7.41	11.84
20201029	28.41	11.33	27.49
20201030	16.99	11.72	23.84
20201031	16.22	9.52	22.29
20201101	36.87	10.4	34.87
20201102	14.47	5.3	17.92
20201103	0.72	3.06	11.49
20201104	0.3	4.69	7.26
20201105	0.05	5.12	5.77
20201106	0.02	6.22	4.71
20201107	1.82	8.63	3.4
20201108	1.15	10.44	2.79
20201109	10.18	11.42	3.54
20201110	0.77	9.22	4.1
20201111	17.08	7.84	6.78
20201112	9.65	6.5	6.85
20201113	5.15	8.14	7.43
20201114	23.25	8.95	11.79
20201115	9.37	5.87	13.58
20201116	19.66	8.56	16.94
20201117	13.94	10.16	19.89
20201118	12.78	8.5	17.01
20201119	5.78	4.08	8.83
20201120	11.68	8.4	10.94
20201121	8.34	5.51	13.49
20201122	0.17	3.68	8.12
20201123	3.42	5.79	6.55
20201124	6.41	7.37	6.29
20201125	0.12	2.98	5.35
20201126	0.17	2.33	3.69
20201127	5.13	1.96	2.97
20201128	0.52	5.34	3.26
20201129	0.2	4.99	2.66
20201130	1.53	4.04	2.4
20201201	0.03	3.58	2.14
20201202	10.06	4.36	2.05
20201203	8.24	0.98	6.09
20201204	5.8	1.98	4.4
20201205	0.95	0.68	4.13
20201206	0.24	1.3	2.8
20201207	0.59	0.97	2.27
20201208	4.24	3.03	2.26
20201209	8.06	3.75	2.84
20201210	12.46	6.36	5.76
20201211	2.86	6.12	7.08
20201212	6.81	3.41	4.75
20201213	29.13	8.04	18.45
20201214	7.49	6.19	10.62
20201215	23.97	6.49	7.45
20201216	15.53	5.26	19.38
20201217	33.64	7.98	22.94
20201218	51.93	8.42	48.63
20201219	17.85	5.83	17.25
20201220	12.79	5.43	15.17
20201221	30.32	8.11	32.17
20201222	13.63	6.34	15.08
20201223	24.43	3.44	24.5
20201224	0.03	0.2	9.51
20201225	3.18	2.82	6.92
20201226	40.39	4.44	29.5
20201227	5.64	1.88	13.69
20201228	3.76	0.21	8.06
20201229	1.41	0.7	6.64
20201230	0.22	-0.87	5.44
20201231	0.45	-2.03	4.5
20210101	0.27	-0.86	3.5
20210102	2.66	-0.54	2.81
20210103	0.65	0.78	2.57
20210104	0.0	0.47	2.38
20210105	0.0	-0.04	2.06
20210106	0.1	-2.62	1.86
20210107	0.16	-2.0	1.71
20210108	0.32	-0.6	1.62
20210109	0.02	-1.43	1.5
20210110	0.28	1.69	1.45
20210111	18.4	5.88	4.99
20210112	5.09	5.57	7.34
20210113	11.08	7.85	7.44
20210114	0.53	2.68	7.33
20210115	17.53	2.44	6.37
20210116	0.43	4.18	8.87
20210117	0.44	2.93	5.0
20210118	28.44	5.49	13.52
20210119	65.06	8.11	51.57
20210120	43.68	4.59	57.99
20210121	0.23	1.22	11.99
20210122	2.33	0.34	7.3
20210123	2.46	-1.37	5.72
20210124	2.49	-2.84	4.92
20210125	1.57	-0.81	3.74
20210126	3.81	3.97	4.11
20210127	21.1	7.61	8.94
20210128	26.06	7.3	17.16
20210129	15.62	4.84	15.69
20210130	0.15	0.33	10.76
20210131	3.19	-1.11	6.46
20210201	11.34	3.53	6.91
20210202	18.52	6.39	16.65
20210203	1.9	4.43	8.65
20210204	4.85	4.23	6.55
20210205	4.1	2.71	6.14
20210206	7.47	0.57	6.46
20210207	0.0	-1.34	4.74
20210208	0.09	-2.18	3.28
20210209	0.17	-2.92	2.56
20210210	0.03	-3.04	2.15
20210211	0.0	-3.16	1.9
20210212	0.11	-2.75	1.74
20210213	0.97	-1.19	1.63
20210214	25.88	4.23	10.32
20210215	12.85	7.23	8.15
20210216	11.76	6.47	9.63
20210217	29.09	5.4	18.74
20210218	7.77	4.42	11.92
20210219	78.08	7.47	54.25
20210220	15.66	7.33	33.48
20210221	12.88	6.01	13.03
20210222	0.07	5.88	9.1
20210223	20.88	8.14	11.05
20210224	11.26	6.56	14.88
20210225	0.06	3.25	8.12
20210226	0.17	3.4	5.93
20210227	0.05	3.68	4.84
20210228	0.02	4.96	3.68
20210301	0.02	2.72	2.68
20210302	1.25	3.58	2.24
20210303	0.94	3.55	2.08
20210304	0.0	0.66	1.89
20210305	0.0	0.38	1.68
20210306	0.0	-0.83	1.55
20210307	0.0	0.24	1.47
20210308	0.01	3.83	1.4
20210309	17.23	5.67	1.42
20210310	22.79	6.97	11.01
20210311	10.41	4.0	8.93
20210312	15.77	3.94	10.27
20210313	4.6	2.76	7.9
20210314	8.5	5.63	7.04
20210315	0.02	7.45	5.59
20210316	0.01	5.97	4.18
20210317	0.01	5.05	2.74
20210318	0.0	7.58	2.22
20210319	0.0	6.93	1.96
20210320	0.0	7.11	1.76
20210321	0.06	4.88	1.62
20210322	0.0	5.87	1.51
20210323	1.05	7.61	1.42
20210324	2.56	7.1	1.37
20210325	9.09	7.33	1.49
20210326	2.51	4.01	2.22
20210327	14.29	6.16	2.54
20210328	12.73	8.24	14.07
20210329	0.25	7.13	8.2
20210330	0.0	13.38	5.05
20210331	0.0	12.74	3.44
20210401	0.0	5.88	2.19
20210402	0.0	5.01	1.8
20210403	0.01	3.56	1.62
20210404	0.03	7.05	1.49
20210405	0.15	0.8	1.4
20210406	0.86	0.36	1.32
20210407	0.82	3.68	1.26
20210408	0.51	5.79	1.21
20210409	1.25	2.13	1.18
20210410	1.16	2.45	1.12
20210411	1.2	2.19	1.07
20210412	0.05	2.65	1.04
20210413	2.2	4.11	1.04
20210414	0.28	4.4	1.01
20210415	0.02	3.48	0.95
20210416	0.01	3.46	0.91
20210417	0.0	4.85	0.88
20210418	0.0	5.99	0.85
20210419	0.0	7.68	0.82
20210420	0.0	9.48	1.12
20210421	0.0	5.69	0.79
20210422	0.0	7.56	0.76
20210423	0.0	9.29	0.74
20210424	0.0	8.51	0.72
20210425	0.0	6.44	0.7
20210426	0.0	6.58	0.69
20210427	2.89	6.27	0.68
20210428	4.26	3.76	0.72
20210429	0.17	4.17	0.69
20210430	1.46	3.33	0.67
20210501	0.85	3.69	0.67
20210502	2.05	7.5	0.65
20210503	37.46	5.97	5.06
20210504	5.82	4.43	3.67
20210505	1.92	4.26	2.24
20210506	0.01	4.33	1.51
20210507	32.07	7.79	1.91
20210508	64.18	9.33	55.11
20210509	2.23	10.14	11.48
20210510	3.81	7.99	6.72
20210511	8.44	7.59	5.13
20210512	13.95	9.13	5.8
20210513	8.84	8.21	8.96
20210514	5.12	8.99	6.03
20210515	18.37	9.03	7.9
20210516	8.91	9.73	12.08
20210517	2.19	9.01	6.74
20210518	12.91	8.47	6.5
20210519	0.83	9.25	5.19
20210520	50.19	8.62	28.17
20210521	14.29	7.03	28.32
20210522	2.18	6.56	8.5
20210523	23.63	6.12	12.29
20210524	2.77	7.45	9.58
20210525	2.65	7.39	6.45
20210526	0.07	8.13	5.08
20210527	1.25	12.69	3.62
20210528	2.69	12.74	2.64
20210529	0.03	12.2	2.2
20210530	0.0	12.25	1.85
20210531	0.0	14.52	1.62
20210601	0.0	16.02	1.48
20210602	1.6	15.01	1.38
20210603	0.01	9.54	1.29
20210604	0.0	10.83	1.26
20210605	2.48	14.37	1.23
20210606	0.04	13.45	1.19
20210607	0.0	10.84	1.11
20210608	0.0	13.52	1.05
20210609	2.82	14.84	1.05
20210610	5.94	14.73	1.17
20210611	1.07	12.13	1.28
20210612	0.0	13.84	1.11
20210613	0.0	17.58	0.91
20210614	0.0	11.9	0.84
20210615	0.0	15.28	0.8
20210616	0.0	15.07	0.77
20210617	0.0	13.57	0.74
20210618	0.0	11.69	0.72
20210619	6.89	12.56	0.73
20210620	0.01	10.33	0.75
20210621	0.09	10.65	0.69
20210622	0.0	9.99	0.67
20210623	0.68	14.12	0.65
20210624	2.55	14.7	0.65
20210625	2.25	11.02	0.65
20210626	0.08	13.88	0.63
20210627	2.7	13.58	0.62
20210628	2.59	13.06	0.62
20210629	0.02	14.01	0.61
20210630	0.02	16.46	0.58
20210701	0.0	14.65	0.57
20210702	2.24	16.06	0.56
20210703	9.96	15.29	0.58
20210704	6.22	12.9	0.67
20210705	15.28	12.21	0.81
20210706	16.97	13.37	1.81
20210707	1.6	13.89	2.1
20210708	0.01	14.1	1.14
20210709	0.16	13.88	0.88
20210710	0.33	13.73	0.77
20210711	9.38	13.01	0.83
20210712	7.27	15.39	1.2
20210713	0.01	15.5	1.08
20210714	0.0	15.14	0.8
20210715	0.0	16.83	0.69
20210716	0.0	18.01	0.63
20210717	0.0	19.53	0.59
20210718	0.0	20.31	0.57
20210719	0.0	20.82	0.54
20210720	0.0	19.84	0.53
20210721	0.0	21.15	0.51
20210722	0.0	21.36	0.5
20210723	0.44	18.87	0.49
20210724	0.02	15.17	0.49
20210725	0.0	15.91	0.48
20210726	1.53	18.34	0.47
20210727	8.55	14.43	0.5
20210728	2.37	12.64	0.51
20210729	31.3	14.02	0.57
20210730	1.23	13.45	2.06
20210731	1.83	13.7	1.03
20210801	0.0	12.63	0.78
20210802	4.96	11.12	0.74
20210803	0.0	13.11	0.67
20210804	0.41	15.12	0.6
20210805	30.62	14.0	1.64
20210806	13.47	13.79	4.76
20210807	17.65	13.35	6.32
20210808	10.01	13.34	5.41
20210809	6.19	13.97	5.46
20210810	1.4	14.67	3.61
20210811	7.36	11.99	2.8
20210812	1.79	14.41	2.4
20210813	7.84	15.17	1.86
20210814	3.24	15.9	3.13
20210815	3.32	13.11	2.83
20210816	0.14	12.75	2.12
20210817	0.68	13.62	1.64
20210818	0.26	12.2	1.47
20210819	2.03	15.38	1.35
20210820	7.16	16.19	1.32
20210821	3.43	15.27	2.12
20210822	0.02	13.44	1.61
20210823	0.0	14.32	1.28
20210824	0.0	14.93	1.12
20210825	0.0	12.88	1.03
20210826	0.0	13.06	0.97
20210827	0.0	12.52	0.91
20210828	0.0	12.73	0.86
20210829	0.0	13.7	0.83
20210830	0.03	11.73	0.81
20210831	0.0	12.46	0.79
20210901	0.0	12.77	0.76
20210902	0.0	13.39	0.74
20210903	0.0	13.48	0.72
20210904	0.03	13.53	0.7
20210905	0.01	16.87	0.68
20210906	0.05	18.43	0.66
20210907	0.0	20.25	0.64
20210908	14.09	19.19	0.65
20210909	12.31	17.12	1.17
20210910	4.27	15.24	1.39
20210911	0.01	11.88	1.26
20210912	3.26	14.07	0.95
20210913	12.21	13.62	1.53
20210914	0.02	13.13	2.32
20210915	0.01	14.53	1.24
20210916	0.0	13.89	1.01
20210917	0.01	14.59	0.89
20210918	2.81	13.1	0.85
20210919	0.19	11.32	0.82
20210920	0.01	12.51	0.76
20210921	0.01	13.23	0.72
20210922	1.71	12.83	0.71
20210923	0.68	12.4	0.74
20210924	0.61	16.02	0.72
20210925	0.38	14.83	0.7
20210926	27.67	12.14	1.79
20210927	22.93	10.36	5.18
20210928	16.67	7.86	13.4
20210929	9.39	8.54	5.42
20210930	53.3	11.76	31.38
20211001	8.63	8.84	16.07
20211002	15.25	7.72	14.89
20211003	17.25	9.63	11.15
20211004	45.55	9.29	35.5
20211005	4.55	9.08	14.67
20211006	1.98	12.15	7.72
20211007	1.07	13.41	6.27
20211008	0.03	14.01	4.94
20211009	0.01	11.52	3.47
20211010	0.02	9.45	2.46
20211011	0.01	9.28	2.03
20211012	0.04	10.07	1.8
20211013	0.23	10.76	1.63
20211014	0.17	11.32	1.52
20211015	0.02	9.24	1.42
20211016	0.97	11.88	1.34
20211017	0.22	11.42	1.27
20211018	19.97	13.96	1.38
20211019	54.91	12.45	23.7
20211020	9.51	7.44	27.18
20211021	0.32	6.35	7.58
20211022	0.37	8.06	5.48
20211023	2.53	8.77	4.33
20211024	11.91	10.0	4.15
20211025	3.2	9.09	4.99
20211026	12.41	12.0	5.31
20211027	2.72	12.28	7.56
20211028	68.99	10.74	40.49
20211029	14.46	8.25	22.09
20211030	20.89	7.81	13.58
20211031	17.02	7.44	23.77
20211101	0.56	5.07	9.64
20211102	0.25	4.6	6.56
20211103	0.29	4.4	5.25
20211104	0.02	3.83	3.97
20211105	0.88	7.91	2.71
20211106	6.61	7.75	3.47
20211107	0.3	5.71	3.08
20211108	2.45	9.71	2.57
20211109	9.44	10.25	5.5
20211110	8.97	9.22	6.57
20211111	8.63	9.17	6.41
20211112	3.19	9.33	8.03
20211113	0.0	7.98	4.97
20211114	0.38	7.54	3.34
20211115	1.19	8.56	2.65
20211116	1.55	6.99	2.53
20211117	0.5	7.37	2.28
20211118	2.09	9.38	2.19
20211119	0.25	8.57	2.11
20211120	0.55	4.79	1.88
20211121	0.01	2.14	1.77
20211122	0.05	2.13	1.53
20211123	0.2	3.71	1.44
20211124	1.32	2.73	1.38
20211125	4.07	3.03	1.38
20211126	8.08	3.18	2.4
20211127	0.04	-0.55	2.31
20211128	1.2	0.04	1.55
20211129	1.43	3.35	1.44
20211130	13.46	6.71	2.59
20211201	6.24	1.27	7.59
20211202	7.84	2.5	4.89
20211203	2.87	4.4	5.71
20211204	4.57	3.44	4.42
20211205	1.79	1.74	3.67
20211206	4.51	3.24	3.24
20211207	21.73	4.06	9.54
20211208	6.78	2.76	7.23
20211209	8.54	3.89	6.68
20211210	0.21	3.39	5.47
20211211	19.39	7.91	7.81
20211212	21.33	9.2	15.75
20211213	9.13	9.09	15.12
20211214	3.67	9.12	11.77
20211215	0.24	8.74	7.37
20211216	0.0	6.88	5.7
20211217	0.02	5.16	4.41
20211218	0.01	3.68	3.06
20211219	0.12	4.05	2.49
20211220	0.03	1.36	2.15
20211221	0.01	0.7	1.94
20211222	7.07	5.23	1.97
20211223	4.34	7.29	3.51
20211224	7.56	6.2	4.19
20211225	29.86	5.63	9.33
20211226	6.36	6.1	12.79
20211227	11.72	7.59	8.96
20211228	11.37	8.12	8.46
20211229	22.35	10.37	20.37
20211230	24.27	11.21	29.74
20211231	3.32	11.21	16.59
20220101	18.86	9.4	13.74
20220102	10.5	7.19	15.08
20220103	5.82	3.71	8.8
20220104	2.31	1.11	7.59
20220105	1.37	1.17	5.92
20220106	11.76	3.11	7.88
20220107	16.28	3.78	6.67
20220108	8.46	5.19	17.87
20220109	2.04	4.36	6.85
20220110	7.68	7.13	6.54
20220111	0.01	3.06	5.95
20220112	0.21	2.41	4.46
20220113	0.05	1.55	3.29
20220114	0.06	2.65	2.69
20220115	0.76	3.23	2.39
20220116	0.02	1.98	2.19
20220117	0.2	2.99	1.92
20220118	2.1	3.82	1.77
20220119	0.09	3.1	1.84
20220120	0.01	-0.58	1.62
20220121	0.15	0.95	1.49
20220122	0.01	2.32	1.42
20220123	0.0	0.68	1.35
20220124	0.0	0.72	1.28
20220125	0.0	1.87	1.23
20220126	3.22	5.32	1.19
20220127	0.44	4.27	1.42
20220128	6.38	5.86	1.47
20220129	1.8	3.58	2.93
20220130	4.68	2.95	2.43
20220131	2.53	5.22	2.4
20220201	0.91	7.84	1.99
20220202	1.93	6.61	1.76
20220203	11.31	4.18	2.29
20220204	0.68	2.47	4.75
20220205	45.61	5.85	24.99
20220206	4.15	3.75	16.05
20220207	3.84	6.18	7.08
20220208	9.34	7.34	6.22
20220209	0.6	3.94	7.54
20220210	0.21	1.78	5.15
20220211	0.17	2.31	3.86
20220212	31.39	5.72	8.32
20220213	32.15	5.5	33.85
20220214	18.39	3.53	9.94
20220215	23.33	7.36	30.93
20220216	20.64	7.23	30.4
20220217	26.72	6.08	17.09
20220218	6.73	2.91	16.35
20220219	36.06	5.34	19.48
20220220	32.02	4.8	52.53
20220221	1.79	5.72	9.97
20220222	4.99	5.61	8.16
20220223	11.43	3.82	7.33
20220224	0.54	1.83	7.44
20220225	0.02	4.02	5.44
20220226	0.0	4.43	4.37
20220227	0.51	5.51	3.19
20220228	14.27	4.87	5.71
20220301	5.18	4.13	4.39
20220302	5.69	6.08	4.44
20220303	10.3	4.12	7.96
20220304	0.29	2.77	5.65
20220305	0.02	3.8	3.92
20220306	0.0	2.39	2.73
20220307	0.0	2.61	2.32
20220308	0.24	5.0	2.07
20220309	9.77	7.53	2.55
20220310	4.4	5.82	2.97
20220311	24.18	5.66	9.56
20220312	9.38	6.2	8.79
20220313	2.38	4.31	6.29
20220314	0.01	4.25	4.78
20220315	0.0	7.25	3.25
20220316	0.29	3.38	2.45
20220317	1.28	5.64	2.14
20220318	0.11	8.56	1.95
20220319	0.0	7.27	1.72
20220320	0.0	5.19	1.54
20220321	0.0	8.11	1.44
20220322	0.0	8.72	1.36
20220323	0.0	8.48	1.29
20220324	0.0	8.28	1.23
20220325	0.0	7.69	1.17
20220326	0.0	9.03	1.12
20220327	0.0	8.64	1.08
20220328	0.0	8.83	1.05
20220329	0.01	6.66	1.01
20220330	2.81	3.38	1.0
20220331	0.56	0.0	0.97
20220401	0.04	1.05	0.93
20220402	0.05	0.76	0.9
20220403	2.31	5.28	0.88
20220404	0.24	8.22	0.91
20220405	10.57	8.09	0.91
20220406	5.76	6.58	1.93
20220407	2.09	3.5	1.81
20220408	1.35	2.91	1.18
20220409	0.03	2.39	1.01
20220410	0.0	6.72	0.91
20220411	6.08	9.81	0.88
20220412	18.92	11.08	2.48
20220413	1.14	9.14	4.46
20220414	0.0	10.19	2.15
20220415	0.0	10.87	1.43
20220416	0.0	11.97	1.23
20220417	2.56	9.83	1.13
20220418	1.59	5.84	1.12
20220419	0.04	7.48	1.04
20220420	0.0	9.41	0.97
20220421	0.0	9.79	0.92
20220422	0.0	8.37	0.88
20220423	0.0	9.18	0.86
20220424	0.0	8.63	0.82
20220425	0.0	6.97	0.79
20220426	0.0	7.97	0.77
20220427	0.0	5.39	0.75
20220428	0.0	4.88	0.74
20220429	0.0	5.78	0.72
20220430	5.39	9.32	0.71
20220501	0.62	8.23	0.77
20220502	0.05	10.13	0.73
20220503	3.56	9.34	0.75
20220504	0.01	9.44	0.74
20220505	0.0	11.53	0.69
20220506	2.33	9.49	0.68
20220507	0.0	12.68	0.67
20220508	0.0	12.19	0.64
20220509	3.8	12.55	0.63
20220510	19.28	11.42	0.72
20220511	2.33	8.8	3.18
20220512	0.03	10.16	1.26
20220513	0.0	10.21	0.93
20220514	2.98	13.11	0.81
20220515	5.38	13.96	0.79
20220516	6.48	13.4	1.19
20220517	5.53	13.42	1.31
20220518	4.67	11.43	1.25
20220519	0.49	11.7	1.12
20220520	0.97	10.92	0.92
20220521	0.17	11.6	0.83
20220522	0.59	12.07	0.78
20220523	3.25	9.08	0.78
20220524	6.31	10.28	0.75
20220525	2.01	11.09	1.39
20220526	2.48	9.17	1.18
20220527	0.0	8.43	1.16
20220528	0.0	9.21	0.86
20220529	3.45	7.52	0.84
20220530	0.51	8.27	0.8
20220531	0.02	9.88	0.73
20220601	0.01	9.7	0.69
20220602	0.0	12.3	0.65
20220603	0.95	13.7	0.63
20220604	6.05	11.44	0.62
20220605	4.32	9.76	0.69
20220606	0.31	10.87	0.68
20220607	4.63	14.34	0.67
20220608	1.7	11.95	0.8
20220609	4.1	12.8	0.81
20220610	1.03	13.33	0.79
20220611	0.48	12.56	0.69
20220612	0.0	11.1	0.63
20220613	0.0	8.95	0.6
20220614	0.0	11.51	0.58
20220615	0.0	13.08	0.56
20220616	0.0	18.22	0.54
20220617	1.29	17.9	0.53
20220618	7.13	7.81	0.58
20220619	0.0	10.92	0.56
20220620	0.0	12.74	0.53
20220621	0.0	15.23	0.52
20220622	0.0	16.67	0.49
20220623	1.58	17.05	0.48
20220624	7.82	12.15	0.52
20220625	6.58	11.76	0.58
20220626	12.89	12.27	0.65
20220627	0.14	12.08	1.06
20220628	14.86	12.01	1.55
20220629	6.0	12.22	1.65
20220630	5.55	11.95	1.51
20220701	6.27	12.88	1.09
20220702	0.25	11.92	1.21
20220703	0.01	11.27	0.95
20220704	0.0	11.67	0.79
20220705	0.18	14.18	0.71
20220706	0.0	15.58	0.66
20220707	0.0	15.75	0.62
20220708	0.0	16.28	0.59
20220709	0.0	15.34	0.56
20220710	0.0	18.27	0.54
20220711	0.0	20.86	0.52
20220712	0.21	17.58	0.51
20220713	0.0	14.22	0.5
20220714	0.0	12.94	0.49
20220715	0.0	13.75	0.48
20220716	0.0	18.95	0.47
20220717	0.0	20.58	0.46
20220718	0.0	26.45	0.44
20220719	0.32	22.66	0.44
20220720	0.01	13.18	0.44
20220721	0.02	15.76	0.43
20220722	1.87	13.96	0.44
20220723	19.25	16.37	0.48
20220724	12.41	15.28	0.92
20220725	0.12	11.74	0.93
20220726	0.0	11.49	0.64
20220727	0.0	14.65	0.55
20220728	0.0	14.02	0.52
20220729	0.43	17.1	0.49
20220730	18.79	16.64	0.56
20220731	0.31	15.01	1.47
20220801	8.29	18.1	0.85
20220802	15.01	17.08	3.6
20220803	0.02	15.06	3.63
20220804	0.0	11.8	1.39
20220805	0.0	10.65	0.98
20220806	0.0	12.59	0.8
20220807	0.0	14.17	0.7
20220808	0.0	16.82	0.64
20220809	0.01	18.34	0.6
20220810	0.0	19.17	0.56
20220811	0.0	20.7	0.54
20220812	0.0	22.36	0.51
20220813	0.0	21.73	0.49
20220814	0.29	21.84	0.48
20220815	20.95	16.43	1.61
20220816	5.5	14.95	1.1
20220817	0.43	14.8	0.78
20220818	9.22	12.97	0.78
20220819	3.91	14.42	0.81
20220820	3.18	15.5	0.72
20220821	0.63	15.5	0.68
20220822	3.27	16.77	0.64
20220823	5.35	17.01	0.65
20220824	0.35	15.45	0.72
20220825	0.28	13.82	0.63
20220826	0.32	13.59	0.57
20220827	0.0	16.72	0.54
20220828	0.0	14.9	0.52
20220829	0.0	14.54	0.5
20220830	0.0	15.17	0.49
20220831	0.0	15.91	0.48
20220901	0.0	15.12	0.47
20220902	1.97	16.63	0.46
20220903	8.11	15.45	0.48
20220904	19.09	15.5	0.83
20220905	3.9	15.21	1.09
20220906	6.15	15.12	0.88
20220907	13.0	15.31	1.34
20220908	16.17	13.49	4.01
20220909	6.28	14.5	3.95
20220910	0.02	13.78	2.01
20220911	0.43	15.26	1.34
20220912	0.04	16.6	1.13
20220913	0.09	11.98	0.98
20220914	0.0	13.68	0.89
20220915	0.0	9.94	0.81
20220916	0.01	8.43	0.75
20220917	0.0	8.65	0.71
20220918	0.0	10.42	0.68
20220919	0.01	9.57	0.66
20220920	0.02	11.3	0.64
20220921	0.0	12.28	0.62
20220922	8.99	11.87	0.67
20220923	0.48	10.74	0.7
20220924	0.01	8.56	0.62
20220925	6.51	10.57	0.61
20220926	6.31	9.62	0.72
20220927	1.05	8.33	0.88
20220928	6.71	7.37	0.81
20220929	0.17	8.76	1.09
20220930	18.82	11.47	4.37
