date	precipitation	temperature	discharge_spec
19860101	7.27	0.86	2.67
19860102	9.62	-2.44	3.9
19860103	0.03	-4.28	2.25
19860104	0.63	-2.2	1.41
19860105	0.71	-3.3	1.17
19860106	0.0	-4.62	0.9
19860107	0.01	-2.45	0.77
19860108	0.54	0.32	0.77
19860109	17.54	4.09	10.08
19860110	23.0	1.9	21.39
19860111	25.41	1.56	12.97
19860112	23.82	3.0	19.85
19860113	44.64	2.53	35.55
19860114	21.16	1.21	30.59
19860115	2.81	-1.66	8.65
19860116	6.16	-0.85	4.0
19860117	15.6	1.5	7.17
19860118	8.06	0.34	10.84
19860119	18.78	0.36	5.09
19860120	33.32	2.35	29.23
19860121	8.24	-0.11	9.58
19860122	20.01	-0.38	5.95
19860123	19.59	-1.95	5.56
19860124	2.09	-3.87	3.07
19860125	0.05	-2.47	1.97
19860126	5.06	2.28	2.83
19860127	0.7	-1.23	4.92
19860128	3.44	-3.69	2.59
19860129	4.34	-2.8	1.65
19860130	0.94	-0.85	1.7
19860131	0.23	-1.29	1.47
19860201	0.8	-0.91	1.28
19860202	1.69	-0.81	1.14
19860203	1.22	-1.05	1.06
19860204	2.2	-2.23	0.95
19860205	3.74	-2.36	0.91
19860206	0.25	-5.57	1.04
19860207	0.0	-4.86	0.86
19860208	0.0	-3.49	0.73
19860209	0.07	-2.27	0.68
19860210	0.01	-0.86	0.64
19860211	0.0	-2.32	0.67
19860212	0.0	-2.36	0.73
19860213	0.02	-3.5	0.72
19860214	0.04	-2.14	0.59
19860215	0.01	-1.64	0.48
19860216	0.02	-1.6	0.47
19860217	0.01	-3.84	0.47
19860218	0.01	-2.1	0.46
19860219	0.08	-2.23	0.44
19860220	0.32	-3.27	0.43
19860221	0.09	-5.37	0.46
19860222	0.05	-5.16	0.51
19860223	0.01	-3.48	0.44
19860224	0.1	-2.29	0.42
19860225	0.0	-5.52	0.4
19860226	0.0	-7.24	0.45
19860227	0.0	-6.78	0.39
19860228	0.0	-6.4	0.35
19860301	0.0	-4.94	0.33
19860302	0.0	-1.01	0.34
19860303	15.08	3.27	1.19
19860304	23.01	3.45	34.03
19860305	21.64	0.9	17.01
19860306	6.43	1.88	7.13
19860307	2.88	3.92	6.41
19860308	5.81	4.13	8.38
19860309	3.82	4.28	9.38
19860310	0.75	3.92	7.83
19860311	1.0	5.26	5.18
19860312	0.02	4.99	6.73
19860313	5.18	4.9	3.57
19860314	3.61	7.46	8.18
19860315	4.63	7.07	9.28
19860316	5.63	3.17	6.75
19860317	1.81	2.72	3.48
19860318	1.49	0.58	2.4
19860319	3.17	3.57	1.77
19860320	36.33	0.85	4.91
19860321	29.56	4.02	18.4
19860322	35.09	2.51	57.44
19860323	7.54	-1.14	8.36
19860324	18.4	0.03	4.7
19860325	7.4	1.03	5.59
19860326	11.35	2.13	4.26
19860327	11.55	1.48	8.54
19860328	3.21	2.01	5.81
19860329	1.95	2.18	4.74
19860330	0.03	-0.59	3.21
19860331	0.62	-0.53	2.25
19860401	4.05	1.98	2.2
19860402	2.76	0.96	2.23
19860403	1.14	1.53	1.95
19860404	2.07	0.83	1.84
19860405	0.09	1.4	1.54
19860406	0.41	-0.34	1.26
19860407	0.24	-0.22	1.08
19860408	0.0	1.34	1.0
19860409	0.19	1.65	1.14
19860410	0.21	-0.21	1.04
19860411	8.38	2.0	1.73
19860412	1.76	2.16	2.63
19860413	4.8	1.52	2.01
19860414	1.67	0.32	1.61
19860415	5.37	0.38	1.42
19860416	4.11	-1.41	1.4
19860417	0.19	-1.38	1.53
19860418	0.91	1.48	1.62
19860419	5.7	3.85	2.15
19860420	1.57	2.47	6.05
19860421	0.24	3.64	3.98
19860422	6.27	2.02	2.72
19860423	4.57	2.73	3.64
19860424	2.2	4.75	3.99
19860425	2.96	4.88	2.97
19860426	0.73	4.32	3.1
19860427	0.56	6.2	3.44
19860428	3.55	4.24	3.68
19860429	3.57	3.81	2.9
19860430	6.57	8.4	11.26
19860501	0.03	9.16	10.8
19860502	1.6	10.79	4.16
19860503	1.18	7.42	2.84
19860504	0.0	8.02	3.39
19860505	5.37	7.86	3.15
19860506	0.48	7.78	3.02
19860507	21.34	5.46	6.92
19860508	3.86	6.84	7.23
19860509	8.75	7.61	5.56
19860510	18.82	7.33	14.11
19860511	6.82	4.53	16.83
19860512	6.94	7.63	7.49
19860513	9.66	4.91	10.35
19860514	0.2	4.77	5.66
19860515	4.05	5.36	3.11
19860516	0.38	7.11	3.07
19860517	3.06	9.48	2.19
19860518	7.62	9.43	6.13
19860519	0.22	8.72	5.87
19860520	3.37	8.88	3.36
19860521	16.88	4.84	4.71
19860522	10.73	4.85	9.24
19860523	11.59	6.58	8.38
19860524	8.51	7.29	13.12
19860525	15.9	6.53	11.58
19860526	11.5	5.06	12.28
19860527	14.03	4.26	11.07
19860528	11.86	6.06	9.43
19860529	1.72	6.73	7.19
19860530	4.46	8.05	4.47
19860531	1.67	9.92	3.78
19860601	0.65	10.62	2.83
19860602	0.87	9.77	2.16
19860603	13.03	5.94	2.52
19860604	1.59	5.73	4.23
19860605	0.1	4.73	2.4
19860606	0.03	7.63	1.56
19860607	0.01	7.24	1.21
19860608	5.72	8.35	1.04
19860609	6.9	6.02	2.56
19860610	14.5	4.67	5.3
19860611	0.2	7.65	4.65
19860612	1.02	9.64	2.19
19860613	0.11	14.35	1.68
19860614	0.0	14.88	1.33
19860615	0.0	16.86	1.11
19860616	0.93	17.99	0.91
19860617	6.38	8.56	0.92
19860618	0.01	9.02	0.81
19860619	0.0	8.75	0.67
19860620	0.0	7.56	0.58
19860621	0.0	11.02	0.52
19860622	0.0	12.3	0.46
19860623	0.0	11.75	0.42
19860624	0.32	12.89	0.39
19860625	0.99	13.08	0.38
19860626	0.18	16.41	0.38
19860627	0.0	18.3	0.35
19860628	0.0	17.97	0.33
19860629	0.0	17.08	0.31
19860630	0.0	19.03	0.27
19860701	0.0	15.97	0.24
19860702	0.09	14.92	0.21
19860703	1.15	11.86	0.21
19860704	13.41	11.06	0.26
19860705	0.37	10.8	0.78
19860706	5.63	9.05	0.64
19860707	2.37	8.09	0.65
19860708	1.92	8.13	0.81
19860709	1.27	9.4	0.73
19860710	3.68	6.88	0.71
19860711	0.16	10.93	0.59
19860712	0.41	12.48	0.46
19860713	0.29	14.5	0.4
19860714	2.93	15.27	0.39
19860715	1.87	14.39	0.45
19860716	4.03	13.93	0.51
19860717	3.21	8.79	2.45
19860718	2.81	10.2	1.79
19860719	1.04	10.29	1.14
19860720	0.24	10.59	0.94
19860721	1.37	10.41	0.73
19860722	7.71	8.22	1.51
19860723	0.74	7.89	2.82
19860724	7.5	10.34	1.79
19860725	0.71	10.14	2.39
19860726	6.83	10.44	1.56
19860727	2.9	10.56	3.35
19860728	0.31	12.52	2.04
19860729	0.14	8.89	1.15
19860730	19.94	9.25	2.15
19860731	8.38	8.07	7.18
19860801	2.39	10.16	4.09
19860802	15.86	10.45	7.15
19860803	3.78	10.17	6.07
19860804	15.04	10.06	6.73
19860805	3.91	9.22	5.52
19860806	6.66	11.28	3.2
19860807	4.62	9.6	5.2
19860808	0.0	7.29	2.96
19860809	0.0	10.06	1.68
19860810	0.06	11.13	1.13
19860811	0.04	11.43	0.9
19860812	0.22	12.08	0.79
19860813	32.3	10.55	4.15
19860814	1.79	10.88	6.66
19860815	16.95	7.75	4.87
19860816	2.43	10.48	5.05
19860817	0.63	8.57	3.14
19860818	0.66	8.4	2.13
19860819	10.23	8.73	3.66
19860820	0.08	7.08	2.68
19860821	0.01	6.02	1.58
19860822	0.53	7.92	1.14
19860823	3.43	8.11	0.97
19860824	0.45	7.43	0.88
19860825	0.27	8.54	0.75
19860826	3.11	7.69	0.69
19860827	4.92	8.25	0.8
19860828	6.45	7.97	1.09
19860829	3.61	6.99	2.1
19860830	1.13	6.49	1.81
19860831	2.23	8.25	1.54
19860901	3.57	8.98	1.64
19860902	0.52	7.34	1.57
19860903	0.01	9.35	1.21
19860904	1.88	9.69	0.93
19860905	2.63	7.68	1.07
19860906	3.94	6.86	1.07
19860907	2.57	5.96	1.1
19860908	0.55	6.45	1.18
19860909	3.53	4.34	1.18
19860910	3.07	5.84	1.41
19860911	5.11	5.51	1.9
19860912	0.04	5.1	2.05
19860913	2.05	3.25	1.41
19860914	12.21	5.36	3.07
19860915	2.29	4.2	4.63
19860916	1.79	7.05	2.58
19860917	0.12	4.41	2.15
19860918	0.03	8.45	1.45
19860919	0.92	11.21	1.4
19860920	1.21	11.15	2.14
19860921	3.75	10.76	3.32
19860922	4.36	10.21	5.36
19860923	0.32	6.46	3.99
19860924	0.0	9.99	2.06
19860925	1.06	10.78	1.4
19860926	6.35	6.36	2.07
19860927	3.2	10.26	2.67
19860928	3.03	12.1	5.77
19860929	0.15	13.48	4.68
19860930	0.5	12.7	2.4
19861001	7.64	9.05	3.9
19861002	0.87	7.78	3.49
19861003	0.06	8.16	2.28
19861004	0.47	11.69	1.63
19861005	2.5	10.8	1.75
19861006	9.41	10.93	4.82
19861007	1.02	9.79	7.83
19861008	3.2	11.78	3.29
19861009	2.46	9.02	2.87
19861010	4.93	8.49	4.66
19861011	0.01	10.39	3.29
19861012	0.01	8.72	1.74
19861013	1.09	8.84	1.23
19861014	4.8	7.42	1.62
19861015	1.18	9.09	1.96
19861016	1.42	9.15	2.32
19861017	1.21	8.62	2.06
19861018	9.34	3.22	3.62
19861019	11.3	0.95	5.26
19861020	11.34	1.6	4.59
19861021	14.39	1.81	5.94
19861022	15.89	1.19	5.71
19861023	7.69	2.45	6.84
19861024	6.43	4.86	10.17
19861025	17.74	3.98	18.05
19861026	6.44	7.8	9.05
19861027	3.83	8.28	13.6
19861028	17.75	5.27	8.19
19861029	32.42	4.32	17.63
19861030	33.69	3.09	37.32
19861031	2.27	1.08	9.43
19861101	0.01	-0.91	4.07
19861102	7.85	2.25	3.78
19861103	7.05	4.7	8.3
19861104	20.46	7.3	7.87
19861105	9.1	4.58	17.17
19861106	3.69	7.12	6.11
19861107	11.14	4.82	9.29
19861108	24.56	2.49	7.57
19861109	26.88	5.82	20.34
19861110	19.16	4.19	28.54
19861111	0.47	2.64	8.66
19861112	0.58	6.17	3.81
19861113	1.44	6.34	2.71
19861114	17.72	5.35	4.77
19861115	22.0	5.95	7.8
19861116	7.74	4.27	15.69
19861117	15.26	0.2	5.92
19861118	5.98	-0.72	4.41
19861119	15.95	0.38	4.33
19861120	3.2	-1.32	3.92
19861121	9.17	-0.38	2.52
19861122	30.53	2.65	15.21
19861123	11.57	3.88	25.08
19861124	32.89	5.66	29.32
19861125	17.76	2.88	24.45
19861126	7.12	3.83	9.6
19861127	4.09	7.97	13.77
19861128	9.18	4.18	9.54
19861129	9.51	5.57	8.38
19861130	24.92	6.16	20.94
19861201	11.53	2.3	19.05
19861202	58.63	5.31	31.54
19861203	22.36	4.62	31.3
19861204	26.45	1.39	15.88
19861205	10.84	0.14	10.13
19861206	15.85	3.22	8.96
19861207	8.57	2.41	17.83
19861208	5.64	-0.63	6.59
19861209	2.86	0.3	4.02
19861210	6.39	3.54	3.72
19861211	7.5	1.18	5.88
19861212	14.52	2.72	8.62
19861213	0.75	-0.36	6.43
19861214	12.84	-0.53	2.95
19861215	8.35	-0.93	3.46
19861216	10.13	0.29	3.1
19861217	37.92	1.05	18.03
19861218	9.01	-1.83	8.38
19861219	26.56	-0.69	4.31
19861220	29.5	-0.14	5.57
19861221	1.47	-1.7	4.84
19861222	1.8	-0.31	2.86
19861223	0.89	2.64	3.52
19861224	17.26	4.53	44.44
19861225	4.51	0.6	15.29
19861226	16.12	-0.52	4.76
19861227	16.39	3.54	10.6
19861228	31.17	2.82	47.68
19861229	0.73	-0.12	8.98
19861230	9.87	0.47	4.26
19861231	1.53	-0.75	3.5
19870101	6.49	-0.22	2.42
19870102	0.08	-3.74	1.86
19870103	13.7	1.12	5.88
19870104	13.7	1.7	19.72
19870105	10.14	-0.48	6.72
19870106	1.09	-1.49	3.37
19870107	0.0	-3.47	1.98
19870108	0.0	-3.97	1.38
19870109	0.0	-5.32	1.17
19870110	0.15	-5.24	1.06
19870111	0.05	-9.98	1.26
19870112	4.02	-9.83	1.77
19870113	5.39	-7.66	2.27
19870114	2.11	-5.06	2.11
19870115	0.12	-2.26	0.99
19870116	0.07	-3.47	0.7
19870117	0.1	-0.25	0.68
19870118	1.63	2.72	1.36
19870119	11.49	5.2	16.03
19870120	2.62	5.42	16.38
19870121	1.83	6.58	17.49
19870122	0.06	5.05	8.23
19870123	0.08	4.43	4.25
19870124	0.31	3.98	2.68
19870125	1.85	1.78	2.51
19870126	0.09	-0.1	2.45
19870127	0.48	-0.26	1.68
19870128	0.01	-1.42	1.26
19870129	0.0	-0.59	1.02
19870130	0.0	-0.5	0.88
19870131	0.0	-0.57	0.72
19870201	0.52	2.23	0.65
19870202	4.17	4.27	0.95
19870203	0.55	3.72	1.89
19870204	13.95	4.81	3.05
19870205	26.41	4.9	22.66
19870206	17.87	1.31	24.31
19870207	2.91	2.69	6.66
19870208	11.93	3.4	6.2
19870209	12.95	0.51	5.72
19870210	5.0	0.08	4.31
19870211	1.78	-0.89	3.33
19870212	0.71	-0.43	2.36
19870213	0.1	-2.66	1.73
19870214	0.02	-2.46	1.29
19870215	0.13	-4.15	1.06
19870216	0.08	-2.94	0.94
19870217	0.76	-1.87	0.83
19870218	5.69	-0.45	0.81
19870219	3.11	2.01	3.46
19870220	0.04	1.71	3.44
19870221	1.39	1.81	2.63
19870222	3.38	-0.71	3.8
19870223	0.0	-4.08	2.13
19870224	0.0	-2.44	1.24
19870225	0.0	-1.89	0.94
19870226	6.43	2.82	1.07
19870227	4.36	6.17	5.16
19870228	0.38	4.66	8.62
19870301	12.81	3.71	8.23
19870302	0.52	0.49	5.57
19870303	2.85	1.31	2.35
19870304	1.33	1.67	1.77
19870305	4.1	2.07	1.79
19870306	0.04	2.72	2.16
19870307	0.25	0.15	1.64
19870308	0.0	-0.68	1.18
19870309	0.0	-1.36	0.89
19870310	0.0	-1.07	0.68
19870311	0.0	-0.87	0.61
19870312	0.0	1.54	0.6
19870313	5.25	2.5	0.62
19870314	6.77	2.04	1.21
19870315	3.9	-0.04	1.4
19870316	15.19	1.79	7.06
19870317	19.07	0.55	12.72
19870318	6.65	-2.45	3.98
19870319	7.94	-2.6	2.19
19870320	1.33	-4.19	1.55
19870321	1.86	-1.96	1.33
19870322	3.55	-1.53	1.35
19870323	0.21	-1.83	1.41
19870324	7.77	0.62	1.34
19870325	5.13	0.5	1.76
19870326	13.76	1.77	2.76
19870327	32.82	1.06	7.93
19870328	6.99	-1.3	6.9
19870329	2.69	1.05	4.02
19870330	9.98	4.85	11.44
19870331	4.87	2.0	29.82
19870401	0.05	0.52	6.19
19870402	2.37	0.14	3.15
19870403	3.82	2.0	3.09
19870404	0.16	2.69	4.56
19870405	0.01	2.86	3.72
19870406	0.0	2.52	2.65
19870407	0.01	5.04	2.81
19870408	0.05	2.2	2.63
19870409	2.15	3.2	2.58
19870410	13.71	2.14	2.88
19870411	1.18	1.2	3.95
19870412	4.58	5.92	3.41
19870413	1.43	5.47	8.52
19870414	2.02	8.38	7.04
19870415	0.07	6.56	6.09
19870416	0.0	5.1	2.69
19870417	0.0	9.97	1.89
19870418	0.58	9.06	2.01
19870419	2.09	5.8	2.36
19870420	0.8	6.15	2.18
19870421	0.05	7.61	1.98
19870422	0.0	8.77	1.57
19870423	0.02	9.47	1.27
19870424	0.0	9.13	1.1
19870425	0.0	11.76	0.97
19870426	0.0	13.09	0.94
19870427	0.0	11.96	0.94
19870428	0.04	12.77	0.92
19870429	4.95	13.49	0.85
19870430	24.3	4.96	3.54
19870501	12.42	2.73	6.27
19870502	13.31	1.58	6.28
19870503	0.79	3.29	3.9
19870504	0.12	6.21	3.42
19870505	0.13	7.42	2.83
19870506	0.01	7.84	1.92
19870507	0.08	10.9	1.28
19870508	3.4	7.64	1.23
19870509	8.72	4.87	2.09
19870510	10.06	5.32	3.93
19870511	8.45	4.05	7.71
19870512	6.15	3.79	5.27
19870513	8.82	3.66	4.8
19870514	3.57	4.27	6.06
19870515	2.31	3.01	3.19
19870516	5.03	6.43	2.05
19870517	3.29	5.55	2.89
19870518	0.36	7.24	2.15
19870519	0.01	6.25	1.55
19870520	0.01	9.06	1.14
19870521	0.01	7.56	0.93
19870522	0.0	8.66	0.85
19870523	0.01	7.99	0.76
19870524	0.03	8.81	0.66
19870525	0.0	11.91	0.58
19870526	0.0	9.11	0.53
19870527	0.0	6.73	0.47
19870528	1.03	6.56	0.42
19870529	6.73	8.11	0.41
19870530	5.56	10.17	0.57
19870531	4.16	9.46	1.98
19870601	0.74	7.68	2.13
19870602	0.28	9.85	1.33
19870603	0.03	8.57	0.91
19870604	1.78	9.23	0.76
19870605	26.15	7.59	2.28
19870606	11.69	6.01	12.01
19870607	8.23	5.83	8.03
19870608	1.3	5.25	4.6
19870609	1.41	5.39	2.52
19870610	2.74	5.31	1.97
19870611	7.7	5.41	3.05
19870612	0.63	6.14	2.13
19870613	5.19	5.55	2.11
19870614	7.48	5.36	4.1
19870615	1.89	7.51	2.89
19870616	0.43	7.41	1.6
19870617	0.04	6.9	1.09
19870618	0.03	8.24	0.85
19870619	0.4	7.84	0.72
19870620	0.19	8.16	0.63
19870621	9.96	9.94	0.77
19870622	6.95	11.19	1.27
19870623	13.2	9.27	3.65
19870624	0.02	7.78	2.79
19870625	0.06	7.37	1.4
19870626	0.41	10.01	0.94
19870627	4.63	13.04	0.81
19870628	0.09	11.72	0.84
19870629	5.88	13.93	0.74
19870630	14.7	10.66	1.34
19870701	5.93	9.79	8.94
19870702	0.48	11.32	3.51
19870703	3.3	13.55	1.95
19870704	3.75	14.68	3.89
19870705	10.68	14.58	8.59
19870706	7.9	12.75	4.76
19870707	1.56	9.77	3.93
19870708	2.34	8.86	2.35
19870709	1.22	10.33	2.03
19870710	5.9	11.88	1.6
19870711	1.25	11.72	1.7
19870712	1.09	10.57	1.32
19870713	0.19	13.34	1.06
19870714	0.39	16.25	0.85
19870715	7.19	12.76	0.78
19870716	0.78	11.26	0.96
19870717	22.8	10.53	6.65
19870718	5.61	10.53	8.18
19870719	7.07	11.44	5.2
19870720	0.56	11.32	3.44
19870721	0.03	12.54	1.84
19870722	0.0	11.63	1.17
19870723	0.04	14.09	0.88
19870724	1.83	8.35	0.75
19870725	1.43	8.49	0.75
19870726	7.2	10.09	0.92
19870727	0.15	10.6	1.79
19870728	3.87	12.66	1.42
19870729	1.31	12.01	1.25
19870730	6.35	11.91	1.57
19870731	6.29	10.61	3.58
19870801	3.45	9.9	4.17
19870802	1.01	9.38	2.64
19870803	3.17	8.52	2.07
19870804	0.32	6.35	1.49
19870805	5.6	7.99	1.27
19870806	2.92	8.5	1.21
19870807	0.45	9.34	1.31
19870808	0.0	9.35	1.2
19870809	0.02	10.97	0.94
19870810	0.0	9.59	0.74
19870811	0.74	13.5	0.61
19870812	8.13	14.28	0.75
19870813	2.9	12.42	1.28
19870814	14.0	12.25	6.04
19870815	8.79	14.21	4.9
19870816	0.13	16.32	3.74
19870817	0.19	15.12	1.81
19870818	0.02	11.26	1.14
19870819	3.01	14.51	0.86
19870820	20.61	12.72	5.48
19870821	0.26	12.7	4.07
19870822	3.82	12.66	1.91
19870823	0.41	8.73	1.63
19870824	0.03	9.42	1.12
19870825	0.42	10.36	0.87
19870826	0.05	8.63	0.72
19870827	2.96	12.21	0.61
19870828	7.5	10.57	1.52
19870829	0.68	12.27	1.65
19870830	0.0	9.51	1.16
19870831	2.02	13.63	0.86
19870901	0.55	10.22	0.76
19870902	0.24	13.09	0.65
19870903	6.04	13.33	0.58
19870904	1.9	11.45	1.17
19870905	4.38	10.17	1.14
19870906	8.6	10.11	2.38
19870907	21.28	9.82	10.23
19870908	7.46	9.84	6.36
19870909	14.36	9.39	10.79
19870910	19.04	8.74	18.1
19870911	24.24	10.47	16.35
19870912	14.12	9.39	13.89
19870913	26.97	9.09	18.0
19870914	7.04	6.58	13.79
19870915	0.6	7.78	5.32
19870916	3.19	9.63	2.64
19870917	12.28	7.73	4.13
19870918	3.55	7.59	6.62
19870919	1.29	8.59	3.45
19870920	5.96	10.54	2.28
19870921	14.18	10.6	9.1
19870922	2.35	9.87	6.7
19870923	13.12	8.33	5.45
19870924	15.69	5.63	17.31
19870925	8.6	5.58	9.59
19870926	1.21	5.47	6.07
19870927	0.08	5.08	3.4
19870928	0.04	8.9	2.22
19870929	0.0	8.22	1.66
19870930	0.01	8.01	1.45
19871001	0.0	7.46	1.07
19871002	0.0	5.03	0.93
19871003	0.0	5.88	0.84
19871004	0.0	7.91	0.76
19871005	9.63	9.18	1.13
19871006	8.68	4.8	2.91
19871007	18.69	4.19	10.4
19871008	8.34	0.7	7.68
19871009	1.73	2.14	3.93
19871010	0.34	2.26	2.4
19871011	0.66	2.82	1.67
19871012	0.96	3.33	1.34
19871013	0.03	4.17	1.23
19871014	0.38	3.3	1.07
19871015	3.61	3.55	1.12
19871016	10.14	5.3	4.76
19871017	8.34	5.54	5.2
19871018	0.37	7.31	4.51
19871019	2.71	7.5	2.06
19871020	4.43	8.68	1.72
19871021	8.15	6.51	3.91
19871022	5.2	2.75	5.15
19871023	1.85	3.88	3.33
19871024	5.54	5.6	2.52
19871025	17.49	6.25	13.36
19871026	11.02	3.58	13.75
19871027	9.27	2.31	5.77
19871028	1.32	3.46	6.18
19871029	0.01	1.56	3.22
19871030	0.14	2.4	2.02
19871031	1.03	5.37	1.69
19871101	0.56	7.04	1.47
19871102	0.12	8.19	1.29
19871103	0.06	6.28	1.18
19871104	0.0	4.03	1.07
19871105	0.0	2.66	0.97
19871106	0.01	2.85	0.88
19871107	0.0	3.91	0.82
19871108	0.01	2.66	0.75
19871109	0.19	3.57	0.7
19871110	11.8	2.67	1.12
19871111	10.96	0.4	3.85
19871112	10.85	0.85	5.45
19871113	31.93	2.5	16.41
19871114	7.73	1.93	10.97
19871115	10.49	4.35	10.86
19871116	12.71	5.56	16.26
19871117	7.73	8.12	11.28
19871118	25.85	7.12	19.65
19871119	19.72	3.72	20.83
19871120	2.5	4.66	8.08
19871121	20.0	2.89	8.12
19871122	9.05	0.8	8.31
19871123	4.81	1.39	6.92
19871124	0.3	-1.41	3.65
19871125	0.0	-1.91	2.11
19871126	0.12	0.25	1.59
19871127	0.1	3.26	1.51
19871128	0.42	3.49	1.64
19871129	1.64	1.79	2.15
19871130	0.01	-0.3	1.85
19871201	0.0	-1.81	1.2
19871202	0.0	-4.02	0.84
19871203	0.0	-4.37	0.68
19871204	0.0	-2.18	0.69
19871205	0.31	-0.5	0.7
19871206	0.31	-2.9	0.72
19871207	0.01	-4.11	0.59
19871208	0.38	0.17	0.55
19871209	0.66	0.55	0.55
19871210	0.59	1.94	0.55
19871211	0.0	-0.53	0.57
19871212	0.0	-3.02	0.46
19871213	0.0	-3.78	0.44
19871214	0.0	-4.79	0.44
19871215	0.35	-2.42	0.37
19871216	3.57	3.58	0.62
19871217	5.84	4.54	2.81
19871218	6.04	5.43	9.33
19871219	24.13	6.91	15.94
19871220	4.45	6.34	12.83
19871221	6.61	6.56	6.04
19871222	0.26	4.58	4.49
19871223	0.73	6.82	2.82
19871224	4.42	6.88	2.43
19871225	8.92	6.06	9.39
19871226	10.81	5.53	8.83
19871227	14.21	5.19	11.36
19871228	16.66	7.29	16.82
19871229	22.18	4.21	17.77
19871230	4.23	5.68	8.5
19871231	29.3	4.08	28.84
19880101	18.59	4.44	21.55
19880102	10.72	0.07	14.44
19880103	3.51	-0.48	6.36
19880104	0.21	-1.54	3.75
19880105	0.28	-3.28	2.23
19880106	10.28	-2.04	2.03
19880107	1.4	-0.62	2.34
19880108	8.43	6.41	5.87
19880109	23.41	3.94	13.72
19880110	11.73	-0.01	7.87
19880111	13.1	1.09	5.2
19880112	7.36	2.8	16.54
19880113	1.01	2.82	8.17
19880114	2.09	3.11	3.35
19880115	6.51	3.86	5.57
19880116	8.95	3.25	4.61
19880117	0.84	-1.05	5.62
19880118	7.66	-2.21	2.44
19880119	18.29	2.19	7.19
19880120	5.17	-0.57	5.06
19880121	6.17	-1.55	2.54
19880122	4.09	-2.54	1.8
19880123	3.94	-0.63	1.45
19880124	30.1	0.72	4.72
19880125	9.58	0.07	4.78
19880126	0.27	-0.91	2.57
19880127	0.04	-2.28	1.67
19880128	0.02	-1.19	1.27
19880129	4.5	0.54	1.23
19880130	7.25	0.02	1.54
19880131	1.3	0.91	2.51
19880201	2.03	0.49	2.44
19880202	11.85	1.14	6.21
19880203	2.64	0.81	8.34
19880204	9.26	0.13	4.51
19880205	7.08	-0.44	3.57
19880206	15.65	-2.92	2.29
19880207	6.22	-1.26	1.87
19880208	9.21	0.03	2.09
19880209	40.45	0.28	4.39
19880210	26.81	-1.05	9.69
19880211	6.94	-2.67	3.7
19880212	3.94	-0.25	2.14
19880213	9.71	1.37	7.11
19880214	4.96	3.9	8.92
19880215	5.04	2.05	18.05
19880216	5.7	2.03	8.34
19880217	4.97	3.55	8.86
19880218	5.74	3.85	16.7
19880219	1.39	3.57	15.78
19880220	2.04	3.87	11.37
19880221	10.51	3.74	8.46
19880222	6.69	1.09	13.23
19880223	0.42	-0.31	4.66
19880224	0.92	0.1	2.66
19880225	3.65	1.0	2.08
19880226	7.31	3.8	7.2
19880227	2.27	3.58	12.17
19880228	5.49	-1.04	5.65
19880229	4.64	-2.58	2.74
19880301	0.89	-1.22	2.0
19880302	12.86	1.01	7.22
19880303	4.24	-2.72	4.88
19880304	2.82	-1.31	2.46
19880305	22.16	1.61	11.36
19880306	4.77	0.58	10.54
19880307	1.56	3.03	5.01
19880308	1.93	4.43	8.29
19880309	11.53	2.83	6.12
19880310	22.07	2.05	9.28
19880311	8.93	0.13	16.66
19880312	0.08	-1.48	5.2
19880313	0.08	-3.6	2.63
19880314	6.53	-0.53	1.85
19880315	24.66	0.37	4.07
19880316	2.08	-0.23	4.2
19880317	0.01	-0.9	2.46
19880318	10.0	3.1	3.5
19880319	3.0	6.83	19.56
19880320	1.22	4.62	10.9
19880321	1.69	3.47	5.17
19880322	10.14	4.59	5.14
19880323	10.87	4.27	7.15
19880324	22.49	2.7	16.87
19880325	28.39	2.89	20.82
19880326	16.42	3.2	18.2
19880327	2.89	4.6	8.84
19880328	9.13	2.51	7.69
19880329	3.05	2.95	4.63
19880330	3.63	1.76	3.52
19880331	12.54	4.55	4.75
19880401	2.61	3.07	9.02
19880402	1.03	4.39	3.73
19880403	0.01	3.39	2.65
19880404	0.02	7.04	2.42
19880405	0.01	8.32	2.89
19880406	0.0	7.46	3.35
19880407	0.21	4.66	2.89
19880408	0.21	-1.06	2.12
19880409	6.14	2.18	1.64
19880410	8.02	5.09	3.8
19880411	3.41	2.57	5.01
19880412	0.1	-2.18	2.38
19880413	0.0	5.34	1.45
19880414	7.42	7.98	2.29
19880415	4.82	8.5	11.33
19880416	12.74	7.67	8.34
19880417	1.4	5.42	6.64
19880418	8.26	4.11	5.88
19880419	0.55	7.27	4.72
19880420	12.35	5.29	6.55
19880421	0.7	3.86	6.78
19880422	0.01	2.62	2.74
19880423	0.33	4.66	1.78
19880424	0.91	6.11	1.43
19880425	0.67	5.72	1.34
19880426	0.01	3.56	1.37
19880427	0.01	3.97	1.16
19880428	0.03	3.06	0.96
19880429	0.0	2.97	0.84
19880430	2.45	4.37	0.76
19880501	11.76	4.56	1.9
19880502	3.28	6.37	2.37
19880503	0.77	3.52	2.57
19880504	0.97	5.03	1.95
19880505	0.92	8.21	1.64
19880506	0.0	10.39	1.57
19880507	0.0	10.83	1.49
19880508	0.07	8.02	1.42
19880509	0.13	10.13	1.25
19880510	0.0	9.39	1.18
19880511	0.96	11.26	1.06
19880512	0.01	11.66	1.1
19880513	1.52	12.75	1.38
19880514	0.01	11.13	1.42
19880515	0.0	9.69	1.08
19880516	0.53	10.27	0.83
19880517	1.78	3.9	0.71
19880518	9.84	2.57	0.76
19880519	0.87	3.33	0.86
19880520	0.09	6.14	0.72
19880521	0.0	8.35	0.59
19880522	0.02	9.6	0.51
19880523	2.17	10.26	0.48
19880524	4.48	8.34	0.58
19880525	0.16	8.82	0.57
19880526	4.24	10.04	0.52
19880527	0.09	8.39	0.5
19880528	0.01	10.15	0.43
19880529	11.76	11.03	0.46
19880530	0.71	7.85	1.77
19880531	2.31	8.66	1.19
19880601	3.78	10.51	0.8
19880602	11.2	9.91	0.84
19880603	10.66	8.55	3.64
19880604	0.15	5.17	3.23
19880605	0.16	9.93	1.44
19880606	16.79	12.68	1.36
19880607	0.36	9.72	3.47
19880608	0.0	9.41	1.88
19880609	0.0	9.11	1.08
19880610	0.0	11.47	0.75
19880611	0.0	11.93	0.57
19880612	0.0	14.18	0.49
19880613	0.0	13.0	0.41
19880614	0.0	13.38	0.35
19880615	0.0	14.38	0.32
19880616	1.03	10.97	0.29
19880617	0.0	10.63	0.29
19880618	0.02	14.31	0.27
19880619	0.05	12.38	0.25
19880620	5.46	13.18	0.26
19880621	2.18	8.62	0.34
19880622	0.08	13.2	0.43
19880623	0.45	14.19	0.35
19880624	0.04	15.02	0.32
19880625	0.17	13.12	0.28
19880626	0.28	12.99	0.25
19880627	0.14	12.3	0.25
19880628	0.0	12.2	0.23
19880629	0.04	11.84	0.22
19880630	0.18	14.94	0.19
19880701	7.47	13.85	0.2
19880702	12.63	8.18	0.44
19880703	0.38	10.77	0.55
19880704	24.81	10.87	1.16
19880705	9.25	11.36	4.53
19880706	6.98	11.23	4.55
19880707	18.98	10.62	6.98
19880708	0.8	9.69	3.74
19880709	7.65	11.45	1.73
19880710	6.69	10.71	2.6
19880711	21.21	9.37	14.36
19880712	8.31	10.87	8.39
19880713	9.47	11.37	5.87
19880714	1.44	8.21	6.69
19880715	0.39	7.7	3.15
19880716	6.21	9.95	2.07
19880717	1.3	9.89	1.78
19880718	0.81	11.63	1.73
19880719	0.79	11.92	1.42
19880720	1.3	10.71	1.14
19880721	1.49	10.33	0.99
19880722	0.71	12.98	0.83
19880723	6.24	13.33	0.76
19880724	4.43	10.27	0.71
19880725	22.57	9.56	5.3
19880726	14.19	9.85	15.01
19880727	4.22	9.1	9.38
19880728	6.72	8.98	4.92
19880729	9.65	8.75	4.09
19880730	7.48	8.15	4.27
19880731	1.93	10.22	2.33
19880801	4.84	9.78	2.84
19880802	2.71	10.87	2.29
19880803	0.55	11.15	1.81
19880804	0.79	12.5	1.33
19880805	0.83	13.79	1.14
19880806	0.55	13.56	1.2
19880807	0.19	15.73	1.0
19880808	3.99	17.0	0.8
19880809	1.52	11.27	0.86
19880810	12.06	11.39	1.94
19880811	4.0	10.52	4.16
19880812	26.34	10.43	10.65
19880813	10.07	11.16	5.45
19880814	24.9	12.27	15.69
19880815	0.66	11.49	7.99
19880816	0.02	10.65	2.95
19880817	2.33	11.76	1.91
19880818	15.9	9.52	4.83
19880819	19.18	10.07	9.48
19880820	4.98	8.37	8.41
19880821	0.27	6.67	4.38
19880822	3.77	10.85	2.54
19880823	0.45	9.82	1.96
19880824	11.82	9.91	5.7
19880825	5.03	7.8	8.64
19880826	10.33	10.69	4.49
19880827	1.76	10.05	4.01
19880828	12.55	9.12	5.01
19880829	11.56	9.11	10.73
19880830	14.43	9.19	11.41
19880831	1.23	8.54	4.94
19880901	7.63	10.51	5.91
19880902	7.87	11.09	5.44
19880903	25.68	8.75	21.11
19880904	1.91	8.92	11.49
19880905	0.05	8.84	3.63
19880906	0.37	13.44	2.12
19880907	4.4	16.41	1.66
19880908	7.53	12.57	4.34
19880909	3.24	10.88	2.66
19880910	2.36	9.67	3.05
19880911	20.12	9.0	5.39
19880912	12.75	7.56	18.2
19880913	0.89	7.55	7.5
19880914	0.01	7.37	3.03
19880915	0.04	10.92	1.89
19880916	0.01	10.37	1.46
19880917	0.22	10.93	1.26
19880918	0.29	11.67	1.22
19880919	0.15	12.37	1.19
19880920	1.34	11.76	1.17
19880921	2.19	9.17	1.19
19880922	1.08	7.52	1.33
19880923	5.51	6.09	1.55
19880924	5.62	7.37	4.44
19880925	14.72	8.97	8.45
19880926	7.35	7.99	8.26
19880927	16.5	8.34	13.74
19880928	21.48	5.92	17.93
19880929	5.27	3.87	12.95
19880930	0.04	7.42	4.38
19881001	5.33	8.97	3.78
19881002	3.94	9.12	5.06
19881003	4.79	7.12	5.35
19881004	3.05	6.06	3.96
19881005	5.07	6.41	2.83
19881006	39.12	4.45	8.94
19881007	47.23	4.67	48.54
19881008	40.75	3.19	30.37
19881009	5.85	2.32	19.53
19881010	0.05	3.28	5.54
19881011	0.09	3.3	3.01
19881012	3.87	6.21	2.87
19881013	0.28	7.67	2.95
19881014	0.01	6.01	2.11
19881015	0.14	9.56	1.6
19881016	0.05	8.31	1.31
19881017	0.0	6.59	1.12
19881018	2.02	9.39	0.97
19881019	1.04	9.45	1.04
19881020	0.03	8.21	0.93
19881021	4.41	8.71	0.84
19881022	0.08	5.09	0.97
19881023	0.02	4.97	0.86
19881024	1.23	4.63	0.81
19881025	15.25	8.32	2.39
19881026	1.32	7.77	3.56
19881027	24.37	4.82	9.1
19881028	7.0	0.52	8.18
19881029	0.66	1.42	3.56
19881030	0.63	4.06	3.52
19881031	0.06	5.71	2.95
19881101	2.46	2.48	2.48
19881102	0.0	1.05	1.92
19881103	0.0	2.02	1.31
19881104	4.8	3.37	1.22
19881105	2.01	5.12	2.0
19881106	0.02	5.01	1.69
19881107	0.05	5.45	1.27
19881108	6.15	6.5	1.13
19881109	2.09	6.1	3.1
19881110	18.51	5.87	6.05
19881111	7.09	5.16	7.23
19881112	16.03	4.0	10.0
19881113	1.23	6.21	6.99
19881114	0.31	8.16	4.01
19881115	0.02	7.52	2.35
19881116	0.28	5.6	1.63
19881117	9.37	3.68	2.53
19881118	0.45	0.24	2.61
19881119	5.47	-2.18	1.8
19881120	0.18	-4.11	1.38
19881121	2.71	-0.82	1.13
19881122	1.12	2.71	1.75
19881123	1.38	3.96	2.64
19881124	2.81	5.04	2.83
19881125	2.56	3.93	2.62
19881126	2.62	4.38	2.3
19881127	12.38	6.58	3.48
19881128	8.57	2.56	12.07
19881129	7.9	1.17	5.57
19881130	1.28	1.25	4.38
19881201	0.21	-1.53	2.16
19881202	0.0	-0.39	1.35
19881203	8.18	2.64	1.25
19881204	20.82	1.9	12.49
19881205	11.09	0.94	5.43
19881206	2.8	2.69	5.33
19881207	16.43	7.2	9.68
19881208	7.8	4.19	20.2
19881209	31.94	6.2	25.34
19881210	2.11	6.92	9.68
19881211	13.33	4.87	10.56
19881212	5.7	6.34	6.47
19881213	0.36	4.08	4.58
19881214	0.27	6.35	3.05
19881215	7.15	4.42	2.92
19881216	15.06	3.34	6.14
19881217	12.53	6.15	7.71
19881218	20.03	3.69	15.59
19881219	10.84	2.24	11.17
19881220	0.56	5.6	5.36
19881221	16.14	4.07	8.43
19881222	8.41	1.66	6.98
19881223	13.71	1.36	9.54
19881224	5.51	3.79	6.87
19881225	5.18	6.72	13.68
19881226	22.76	4.3	14.49
19881227	1.07	6.86	7.5
19881228	34.45	8.33	23.86
19881229	10.41	7.75	19.29
19881230	4.42	7.66	8.34
19881231	1.02	7.22	4.93
19890101	0.63	6.66	3.76
19890102	0.0	3.57	2.49
19890103	12.24	4.12	2.73
19890104	8.06	1.62	6.81
19890105	6.29	1.87	5.13
19890106	2.61	5.45	3.89
19890107	1.66	8.31	4.73
19890108	15.55	4.18	6.74
19890109	5.89	0.89	11.19
19890110	33.31	1.88	5.95
19890111	36.47	2.27	32.09
19890112	6.48	-0.09	11.64
19890113	21.99	3.21	18.39
19890114	76.51	4.54	57.29
19890115	4.92	7.14	64.31
19890116	15.8	3.97	12.58
19890117	1.83	4.49	5.65
19890118	7.01	6.53	8.48
19890119	14.86	6.49	7.8
19890120	11.85	3.27	21.06
19890121	0.84	0.8	7.76
19890122	8.84	3.36	5.28
19890123	0.24	7.39	5.76
19890124	2.09	6.87	2.65
19890125	9.28	4.64	2.06
19890126	18.33	5.08	5.12
19890127	42.83	4.7	36.41
19890128	16.67	4.84	11.28
19890129	36.42	7.87	44.77
19890130	2.84	7.1	20.97
19890131	0.03	4.1	5.42
19890201	2.44	4.45	4.3
19890202	15.85	6.37	12.49
19890203	22.22	5.13	17.3
19890204	22.45	0.74	16.2
19890205	94.51	4.48	72.87
19890206	61.48	3.47	61.21
19890207	5.89	1.01	15.69
19890208	0.5	2.64	6.3
19890209	8.15	3.84	5.88
19890210	8.59	1.95	5.3
19890211	15.85	2.01	8.03
19890212	7.99	1.17	4.94
19890213	29.16	2.25	19.48
19890214	48.58	2.77	40.85
19890215	8.6	-2.59	13.69
19890216	2.72	-2.52	4.43
19890217	7.41	2.0	5.18
19890218	20.67	2.29	11.7
19890219	4.82	-0.33	6.64
19890220	9.3	0.1	3.64
19890221	13.59	0.56	3.54
19890222	13.92	-0.71	4.85
19890223	3.61	-0.69	3.08
19890224	6.35	0.84	2.87
19890225	4.88	-1.21	3.27
19890226	0.08	-1.12	2.6
19890227	18.16	0.33	2.79
19890228	16.89	1.82	8.94
19890301	1.19	1.68	6.87
19890302	4.99	2.34	5.61
19890303	1.68	3.56	5.27
19890304	9.96	3.77	8.31
19890305	6.42	7.15	12.97
19890306	12.48	4.11	11.19
19890307	8.29	1.26	7.7
19890308	4.31	3.04	5.81
19890309	26.2	3.5	14.02
19890310	15.51	2.09	8.13
19890311	34.39	3.48	16.73
19890312	9.17	1.99	18.19
19890313	7.33	0.75	7.27
19890314	4.12	1.09	5.35
19890315	4.19	-0.02	4.33
19890316	0.11	-2.33	2.92
19890317	10.64	1.05	2.09
19890318	5.09	3.1	11.28
19890319	9.96	2.94	8.57
19890320	12.74	-2.02	4.94
19890321	10.06	0.26	3.5
19890322	15.7	-0.7	3.57
19890323	35.05	0.0	6.39
19890324	17.58	1.57	12.16
19890325	2.52	2.67	6.91
19890326	2.67	5.64	12.03
19890327	3.04	4.87	12.58
19890328	2.54	3.35	7.54
19890329	15.47	5.45	12.74
19890330	1.42	5.08	16.56
19890331	0.01	6.99	7.62
19890401	0.08	6.0	5.52
19890402	0.16	1.37	3.28
19890403	0.06	-0.11	1.97
19890404	0.08	1.19	1.45
19890405	0.0	1.3	1.17
19890406	0.27	1.44	1.07
19890407	1.6	2.78	1.06
19890408	0.55	3.4	1.18
19890409	1.78	3.92	1.3
19890410	4.66	2.17	1.79
19890411	16.5	4.11	3.69
19890412	1.15	2.07	5.18
19890413	0.21	3.98	2.47
19890414	0.28	4.88	2.01
19890415	0.12	1.83	1.82
19890416	0.01	4.14	1.52
19890417	0.08	4.71	1.33
19890418	0.0	4.89	1.3
19890419	0.04	6.48	1.29
19890420	0.01	3.97	1.27
19890421	1.54	3.55	1.27
19890422	3.61	0.19	1.22
19890423	2.9	-0.94	1.08
19890424	4.55	-1.14	1.08
19890425	1.1	-0.34	1.52
19890426	0.35	1.11	1.38
19890427	4.75	0.09	1.41
19890428	0.05	3.49	1.38
19890429	0.06	6.68	1.75
19890430	1.72	8.02	2.86
19890501	4.58	10.07	10.88
19890502	0.97	8.61	7.01
19890503	0.49	8.77	3.38
19890504	0.01	6.85	1.89
19890505	0.11	6.28	1.36
19890506	0.0	7.03	1.15
19890507	0.01	11.88	1.07
19890508	4.14	5.93	1.22
19890509	4.57	3.35	1.61
19890510	1.26	5.18	1.51
19890511	12.77	3.74	2.16
19890512	3.49	2.57	3.99
19890513	0.0	5.61	1.9
19890514	0.19	9.47	1.4
19890515	13.35	7.6	3.01
19890516	8.51	7.79	7.49
19890517	2.72	9.16	5.9
19890518	0.21	5.26	3.64
19890519	0.0	11.31	2.01
19890520	0.0	14.95	1.48
19890521	0.0	15.81	1.32
19890522	0.0	14.67	1.08
19890523	4.12	14.65	0.92
19890524	3.23	6.9	0.91
19890525	0.02	7.04	0.8
19890526	0.0	9.74	0.62
19890527	0.85	10.77	0.56
19890528	0.58	5.36	0.59
19890529	2.98	3.05	0.65
19890530	4.5	4.17	0.67
19890531	3.25	3.76	1.12
19890601	1.25	5.26	1.0
19890602	2.1	4.46	0.82
19890603	0.15	6.24	0.77
19890604	0.61	8.46	0.6
19890605	10.48	6.34	0.89
19890606	5.54	4.79	1.07
19890607	0.99	5.11	0.88
19890608	1.06	7.08	0.93
19890609	0.07	10.2	0.79
19890610	0.76	9.61	0.61
19890611	0.16	14.71	0.53
19890612	12.1	16.59	0.53
19890613	4.59	11.85	1.94
19890614	0.04	11.22	1.6
19890615	0.0	14.39	0.86
19890616	0.0	13.55	0.59
19890617	0.0	16.8	0.47
19890618	0.0	17.14	0.39
19890619	0.02	18.21	0.33
19890620	0.41	12.15	0.31
19890621	0.02	9.32	0.31
19890622	0.07	11.72	0.31
19890623	0.07	8.51	0.31
19890624	16.07	9.71	0.45
19890625	12.57	9.34	8.98
19890626	11.23	8.69	4.49
19890627	6.57	6.6	6.41
19890628	12.39	5.86	4.67
19890629	0.91	6.05	4.88
19890630	16.85	7.45	6.29
19890701	0.09	8.06	6.24
19890702	0.15	13.95	2.33
19890703	0.0	15.36	1.27
19890704	0.0	15.52	0.86
19890705	0.0	14.86	0.65
19890706	0.03	16.44	0.55
19890707	0.5	13.56	0.46
19890708	0.23	9.47	0.42
19890709	2.28	12.93	0.39
19890710	1.19	11.45	0.37
19890711	0.69	13.26	0.34
19890712	0.47	11.63	0.32
19890713	0.01	9.04	0.31
19890714	0.01	13.41	0.3
19890715	0.05	12.94	0.29
19890716	0.1	14.35	0.27
19890717	0.17	11.69	0.26
19890718	0.03	14.8	0.26
19890719	0.05	15.73	0.25
19890720	2.36	17.88	0.23
19890721	5.8	15.71	0.23
19890722	0.47	16.82	0.22
19890723	0.0	17.12	0.2
19890724	0.04	18.52	0.19
19890725	1.35	16.07	0.18
19890726	7.6	11.88	0.19
19890727	6.47	11.33	0.46
19890728	11.07	12.41	3.17
19890729	2.34	9.63	5.31
19890730	2.47	9.74	2.66
19890731	1.05	9.3	1.49
19890801	0.07	10.98	1.05
19890802	0.92	12.55	0.75
19890803	0.07	10.44	0.7
19890804	0.56	12.05	0.63
19890805	9.06	14.31	0.58
19890806	5.28	14.29	1.67
19890807	1.39	12.9	2.83
19890808	9.62	14.36	2.21
19890809	2.45	10.36	3.71
19890810	11.67	10.88	2.72
19890811	8.18	9.68	4.45
19890812	7.0	9.89	5.54
19890813	3.39	10.4	3.74
19890814	16.17	10.37	4.22
19890815	8.76	10.76	5.13
19890816	12.12	10.23	15.13
19890817	10.56	9.96	7.33
19890818	4.75	12.01	3.16
19890819	20.02	11.9	3.2
19890820	10.23	12.35	2.46
19890821	6.52	9.69	1.74
19890822	7.98	10.35	3.93
19890823	15.22	10.11	5.25
19890824	0.46	8.95	9.54
19890825	4.65	10.57	8.59
19890826	2.93	9.01	6.86
19890827	0.25	6.45	11.15
19890828	0.09	9.36	6.86
19890829	1.16	11.98	2.17
19890830	4.74	10.83	1.37
19890831	7.21	10.18	1.82
19890901	3.22	8.15	3.53
19890902	0.0	7.16	2.36
19890903	0.22	9.26	1.48
19890904	0.09	11.39	1.15
19890905	2.61	11.55	1.04
19890906	0.03	11.16	1.42
19890907	0.66	7.45	1.1
19890908	1.47	6.22	0.91
19890909	0.0	5.65	0.77
19890910	0.01	4.85	0.65
19890911	0.0	8.69	0.57
19890912	0.68	10.47	0.51
19890913	3.03	7.14	0.53
19890914	6.06	5.92	0.82
19890915	9.27	8.34	2.21
19890916	9.03	8.11	4.05
19890917	5.11	9.12	6.41
19890918	9.94	11.98	5.06
19890919	32.12	10.05	8.86
19890920	4.85	9.31	17.82
19890921	6.01	9.86	5.1
19890922	8.78	8.2	4.78
19890923	0.01	11.74	3.56
19890924	8.97	12.45	2.21
19890925	0.88	6.47	9.41
19890926	5.97	9.65	4.01
19890927	0.25	7.8	3.14
19890928	0.0	8.98	1.97
19890929	0.0	8.56	1.41
19890930	0.02	9.29	1.13
19891001	0.01	7.47	0.99
19891002	0.01	7.29	0.84
19891003	0.0	7.33	0.76
19891004	1.12	9.36	0.69
19891005	1.69	7.75	0.69
19891006	5.54	6.89	1.2
19891007	4.42	7.33	3.19
19891008	0.37	9.11	2.45
19891009	2.77	8.14	1.5
19891010	7.8	6.92	4.72
19891011	3.17	8.66	4.62
19891012	5.77	6.01	4.18
19891013	24.74	4.57	11.33
19891014	8.46	3.73	9.27
19891015	10.16	8.37	6.03
19891016	13.36	10.87	16.03
19891017	0.37	9.75	7.51
19891018	1.62	7.81	3.19
19891019	3.65	7.31	2.54
19891020	10.24	4.2	3.37
19891021	19.92	5.43	9.96
19891022	10.4	7.56	10.58
19891023	14.97	6.37	11.95
19891024	18.41	6.37	16.7
19891025	16.54	5.45	11.63
19891026	3.7	3.37	9.73
19891027	42.78	4.2	17.01
19891028	3.04	6.48	14.76
19891029	7.07	7.02	5.87
19891030	16.76	7.48	5.81
19891031	20.52	4.42	17.87
19891101	14.19	4.96	12.74
19891102	3.81	5.82	8.36
19891103	19.79	4.04	10.01
19891104	9.22	2.18	11.49
19891105	8.36	2.71	9.08
19891106	2.12	3.57	4.77
19891107	3.07	2.32	4.08
19891108	1.71	1.3	3.4
19891109	3.88	2.72	2.4
19891110	14.96	3.78	6.28
19891111	0.19	4.01	6.32
19891112	0.01	2.73	3.13
19891113	0.46	10.59	2.2
19891114	0.03	4.82	1.82
19891115	0.01	1.82	1.48
19891116	0.0	2.32	1.21
19891117	0.01	4.27	1.02
19891118	0.0	4.66	0.92
19891119	0.09	4.87	0.87
19891120	0.1	4.93	0.85
19891121	0.08	2.75	0.81
19891122	0.75	0.6	0.74
19891123	2.61	1.92	0.8
19891124	0.05	-0.72	0.87
19891125	0.46	-0.34	0.7
19891126	0.46	4.08	0.82
19891127	0.01	3.78	0.96
19891128	0.02	0.56	0.85
19891129	0.0	-0.4	0.69
19891130	0.01	-0.22	0.57
19891201	0.0	-0.2	0.48
19891202	0.0	3.75	0.52
19891203	0.02	4.53	0.61
19891204	0.01	3.5	0.63
19891205	0.06	2.51	0.59
19891206	1.88	2.85	0.59
19891207	0.01	-0.71	0.63
19891208	0.09	0.1	0.55
19891209	0.0	1.46	0.52
19891210	0.1	0.31	0.5
19891211	0.0	-3.5	0.45
19891212	0.32	-3.78	0.36
19891213	0.21	-5.59	0.35
19891214	0.02	-6.58	0.39
19891215	0.07	-5.65	0.27
19891216	43.48	-0.41	0.99
19891217	26.69	1.45	6.36
19891218	1.96	-2.88	5.45
19891219	0.07	-3.87	1.89
19891220	2.01	-0.98	1.27
19891221	14.26	1.71	6.0
19891222	7.75	0.92	11.27
19891223	7.78	3.99	5.36
19891224	14.24	4.26	15.89
19891225	17.86	3.2	9.88
19891226	0.41	0.65	8.5
19891227	0.0	-2.0	3.46
19891228	0.0	-1.7	1.77
19891229	0.0	-0.03	1.4
19891230	0.0	-1.89	1.07
19891231	0.03	0.8	0.91
19900101	1.51	1.08	0.92
19900102	0.01	0.15	0.87
19900103	0.02	-1.33	0.73
19900104	0.8	1.57	0.65
19900105	4.07	4.26	1.17
19900106	9.22	2.92	4.42
19900107	2.76	3.38	5.79
19900108	10.26	4.73	5.07
19900109	22.17	3.98	7.63
19900110	9.56	5.25	20.0
19900111	5.75	5.94	11.17
19900112	6.23	1.96	6.78
19900113	1.88	3.85	3.94
19900114	32.32	6.82	18.59
19900115	30.3	6.05	31.76
19900116	28.0	3.94	18.28
19900117	14.84	0.72	13.96
19900118	22.77	2.21	9.68
19900119	21.38	1.78	12.59
19900120	10.78	5.76	29.47
19900121	12.09	4.79	9.7
19900122	32.17	1.91	15.83
19900123	15.69	-0.76	9.42
19900124	10.74	-2.14	4.33
19900125	4.81	-2.36	3.07
19900126	11.31	-1.13	2.48
19900127	3.52	-1.79	3.01
19900128	0.19	-1.2	2.48
19900129	7.39	2.35	6.45
19900130	17.89	1.7	13.0
19900131	9.6	1.45	8.18
19900201	14.62	1.1	7.06
19900202	25.32	1.34	15.57
19900203	37.14	2.55	13.59
19900204	63.72	6.82	59.67
19900205	29.17	5.8	38.05
19900206	27.61	0.79	11.63
19900207	5.56	0.85	6.75
19900208	13.0	1.28	6.46
19900209	15.57	2.57	19.63
19900210	16.13	1.23	9.75
19900211	12.37	-1.27	5.55
19900212	12.56	-1.5	3.47
19900213	8.05	-1.47	2.79
19900214	3.21	-1.47	2.34
19900215	4.12	-1.03	1.99
19900216	17.79	0.69	2.18
19900217	42.34	-0.07	10.65
19900218	24.81	2.07	13.73
19900219	15.32	3.7	27.81
19900220	14.16	2.36	17.9
19900221	33.22	3.54	19.47
19900222	3.46	9.21	30.18
19900223	1.38	4.94	13.65
19900224	13.93	2.0	7.71
19900225	21.85	1.08	8.67
19900226	14.42	-0.94	5.68
19900227	7.05	-0.36	3.96
19900228	9.1	-1.08	3.09
19900301	19.6	-2.61	2.56
19900302	5.25	1.29	3.8
19900303	29.93	2.79	47.57
19900304	26.83	2.92	22.27
19900305	57.78	2.99	42.33
19900306	20.31	5.49	37.22
19900307	7.82	3.25	26.36
19900308	8.84	0.46	7.43
19900309	28.8	1.53	5.79
19900310	56.15	4.66	57.7
19900311	19.52	3.9	27.44
19900312	0.31	4.54	9.08
19900313	6.89	5.73	6.25
19900314	28.01	5.87	21.47
19900315	47.71	7.76	38.8
19900316	7.56	9.42	23.42
19900317	0.4	8.39	7.55
19900318	25.47	5.3	12.2
19900319	6.95	2.65	10.51
19900320	23.05	4.51	22.85
19900321	25.44	3.36	17.91
19900322	20.87	3.6	14.64
19900323	32.96	2.88	38.0
19900324	15.77	-0.17	11.47
19900325	0.98	2.58	7.22
19900326	0.04	5.05	6.71
19900327	3.27	2.7	6.21
19900328	0.36	5.22	4.41
19900329	1.09	7.18	3.97
19900330	0.07	9.02	4.78
19900331	0.01	8.52	3.17
19900401	11.87	7.54	2.82
19900402	8.93	0.44	4.28
19900403	3.39	-2.0	3.05
19900404	8.88	1.23	3.42
19900405	0.72	3.07	6.42
19900406	0.15	2.64	4.11
19900407	0.0	3.1	3.13
19900408	11.01	7.01	3.33
19900409	8.4	5.41	7.74
19900410	11.76	4.33	10.88
19900411	1.76	6.04	5.68
19900412	7.78	2.22	4.24
19900413	2.13	2.03	3.8
19900414	11.0	2.03	4.16
19900415	22.28	1.51	8.57
19900416	9.01	1.15	6.01
19900417	5.99	1.9	5.7
19900418	21.44	2.34	7.64
19900419	10.41	3.66	12.89
19900420	0.01	3.76	7.99
19900421	0.01	6.64	4.92
19900422	0.08	7.78	3.91
19900423	0.14	8.14	3.4
19900424	0.18	9.3	3.28
19900425	5.14	4.85	4.34
19900426	2.29	2.46	3.57
19900427	0.96	5.61	2.07
19900428	2.22	10.03	3.32
19900429	0.71	10.79	3.63
19900430	0.05	13.71	2.38
19900501	0.0	16.67	1.79
19900502	0.0	16.07	1.57
19900503	0.0	17.07	1.29
19900504	0.11	13.49	1.09
19900505	12.95	8.9	1.35
19900506	7.7	6.55	6.15
19900507	17.52	4.34	10.98
19900508	3.99	6.72	5.57
19900509	1.27	7.68	2.85
19900510	0.01	7.36	1.99
19900511	0.0	7.88	1.47
19900512	0.0	8.12	1.13
19900513	0.0	8.9	0.95
19900514	0.0	9.59	0.82
19900515	0.78	7.15	0.79
19900516	0.19	6.56	0.84
19900517	0.0	5.85	0.76
19900518	0.0	6.85	0.65
19900519	0.22	7.93	0.59
19900520	0.0	8.92	0.55
19900521	0.01	8.67	0.52
19900522	5.42	8.4	0.54
19900523	4.45	6.21	0.76
19900524	1.49	4.88	0.89
19900525	0.0	5.95	0.73
19900526	0.0	8.33	0.56
19900527	0.08	10.13	0.46
19900528	1.23	12.82	0.42
19900529	0.41	11.2	0.44
19900530	0.02	10.64	0.45
19900531	3.89	13.01	0.43
19900601	1.33	9.94	0.43
19900602	0.66	9.04	0.44
19900603	6.76	8.84	0.41
19900604	0.52	8.62	0.62
19900605	4.31	6.57	0.76
19900606	35.12	6.58	5.28
19900607	5.45	6.29	8.25
19900608	1.41	10.35	3.44
19900609	0.0	11.41	1.74
19900610	0.06	8.99	1.01
19900611	0.0	8.53	0.72
19900612	0.0	9.25	0.58
19900613	0.0	9.61	0.51
19900614	0.0	10.36	0.46
19900615	0.0	13.21	0.41
19900616	0.0	12.83	0.39
19900617	0.01	11.85	0.37
19900618	11.65	8.41	0.38
19900619	1.31	8.42	0.59
19900620	2.93	11.57	0.58
19900621	18.47	9.47	3.45
19900622	4.08	9.81	2.22
19900623	7.55	8.96	3.43
19900624	3.48	9.07	2.66
19900625	1.76	10.17	2.26
19900626	4.09	11.21	1.78
19900627	7.46	8.98	2.54
19900628	0.43	9.56	2.13
19900629	8.81	11.34	1.24
19900630	19.69	9.52	2.94
19900701	11.88	6.32	14.32
19900702	3.18	8.48	6.15
19900703	1.49	9.74	3.6
19900704	2.12	9.12	2.51
19900705	4.06	7.68	2.09
19900706	1.95	9.63	2.14
19900707	4.62	10.94	2.6
19900708	22.02	8.47	7.34
19900709	14.41	8.9	19.62
19900710	2.35	11.33	7.0
19900711	0.23	10.67	3.23
19900712	0.01	9.53	1.94
19900713	0.0	11.67	1.33
19900714	0.0	16.86	0.99
19900715	5.86	13.23	0.91
19900716	0.0	12.14	0.85
19900717	0.0	14.96	0.69
19900718	0.0	18.17	0.56
19900719	0.13	16.51	0.5
19900720	0.0	13.34	0.44
19900721	0.0	12.56	0.41
19900722	0.0	10.48	0.37
19900723	0.0	12.01	0.35
19900724	0.0	15.49	0.32
19900725	0.0	17.64	0.29
19900726	0.0	16.64	0.27
19900727	1.05	16.79	0.24
19900728	0.01	11.98	0.23
19900729	5.29	14.98	0.22
19900730	2.23	13.38	0.22
19900731	1.18	15.29	0.21
19900801	3.69	16.86	0.5
19900802	0.26	18.56	0.69
19900803	0.64	13.21	0.44
19900804	5.98	11.3	0.36
19900805	21.78	9.65	1.18
19900806	0.36	10.37	3.7
19900807	1.4	11.09	1.6
19900808	6.8	12.53	0.9
19900809	6.83	12.5	1.18
19900810	11.48	12.85	8.68
19900811	20.63	11.38	7.38
19900812	0.41	12.4	11.0
19900813	1.28	10.39	3.52
19900814	1.64	9.98	2.33
19900815	15.59	9.32	2.68
19900816	7.41	8.43	7.5
19900817	2.39	8.2	5.79
19900818	0.17	10.21	3.16
19900819	13.42	9.37	3.78
19900820	4.09	8.37	5.03
19900821	0.31	13.0	2.47
19900822	0.01	10.57	1.6
19900823	3.33	14.89	1.28
19900824	0.01	14.46	1.41
19900825	0.0	15.04	1.0
19900826	3.04	13.18	0.82
19900827	0.56	15.15	0.74
19900828	1.21	13.8	0.63
19900829	7.02	10.42	0.65
19900830	14.76	10.07	2.66
19900831	1.98	9.99	6.03
19900901	13.91	11.34	4.09
19900902	5.88	13.19	7.47
19900903	4.22	9.57	6.49
19900904	3.73	8.11	5.13
19900905	4.19	8.47	3.51
19900906	9.93	8.09	11.72
19900907	3.04	9.65	4.92
19900908	0.02	11.08	2.9
19900909	0.0	11.02	1.8
19900910	0.02	10.48	1.33
19900911	0.17	10.57	1.07
19900912	0.03	9.7	0.87
19900913	0.01	10.11	0.73
19900914	0.0	5.11	0.6
19900915	0.0	7.65	0.53
19900916	8.14	7.24	0.68
19900917	6.64	8.88	1.33
19900918	45.42	8.06	23.25
19900919	6.81	4.81	14.66
19900920	18.33	4.03	11.65
19900921	13.74	3.78	13.3
19900922	0.8	6.15	5.94
19900923	5.96	6.99	3.0
19900924	0.88	6.44	2.58
19900925	0.23	6.24	1.92
19900926	2.09	6.78	1.42
19900927	16.32	8.58	2.66
19900928	18.82	9.22	19.86
19900929	7.67	7.6	12.81
19900930	1.87	6.24	6.43
19901001	11.02	7.69	6.62
19901002	13.07	7.77	15.62
19901003	29.41	6.01	13.19
19901004	11.41	7.66	13.55
19901005	14.76	7.79	15.31
19901006	15.34	4.56	14.63
19901007	0.67	5.35	6.81
19901008	18.68	8.7	4.48
19901009	17.77	6.28	18.94
19901010	4.25	5.34	12.55
19901011	8.91	8.07	6.64
19901012	0.01	11.53	5.03
19901013	0.1	12.61	2.53
19901014	14.32	8.84	3.67
19901015	23.5	7.05	14.64
19901016	0.83	5.91	6.43
19901017	24.16	5.21	11.04
19901018	0.11	7.24	7.36
19901019	0.02	6.15	3.09
19901020	0.0	8.86	2.03
19901021	0.01	6.85	1.52
19901022	0.0	5.86	1.21
19901023	0.0	6.04	1.17
19901024	0.12	8.35	1.03
19901025	0.05	7.63	0.94
19901026	8.35	7.82	0.94
19901027	0.56	4.18	1.41
19901028	12.96	3.13	2.85
19901029	1.57	0.55	4.01
19901030	4.21	0.47	2.24
19901031	0.57	3.08	2.25
19901101	5.4	3.26	5.39
19901102	1.09	1.76	4.6
19901103	0.47	1.42	2.77
19901104	1.14	2.07	1.98
19901105	0.82	3.67	1.6
19901106	0.02	2.72	1.37
19901107	0.14	1.24	1.16
19901108	0.0	1.57	1.01
19901109	0.04	0.59	0.89
19901110	2.28	3.74	0.95
19901111	0.21	5.61	1.02
19901112	3.27	8.02	1.03
19901113	1.45	7.94	1.2
19901114	2.04	4.91	1.82
19901115	18.83	7.01	4.71
19901116	16.03	4.49	17.61
19901117	35.79	2.7	12.14
19901118	36.63	1.71	22.64
19901119	16.35	1.03	14.62
19901120	21.36	1.41	11.75
19901121	0.07	-0.39	5.93
19901122	0.23	-0.35	2.9
19901123	1.28	0.99	2.33
19901124	10.31	0.39	2.62
19901125	6.24	0.8	4.02
19901126	0.24	0.19	2.85
19901127	0.04	1.76	1.99
19901128	0.7	3.37	3.79
19901129	0.38	2.86	5.24
19901130	0.0	1.13	3.42
19901201	0.1	5.06	3.93
19901202	11.61	5.52	9.79
19901203	4.75	4.17	8.8
19901204	0.74	4.18	4.36
19901205	0.71	5.32	2.68
19901206	22.5	2.0	10.12
19901207	2.45	-3.63	5.34
19901208	7.39	-1.78	2.41
19901209	0.78	-2.56	2.36
19901210	4.01	-0.66	1.73
19901211	19.12	2.9	21.61
19901212	0.02	-1.91	5.29
19901213	1.6	2.31	2.55
19901214	0.0	3.22	2.65
19901215	0.0	2.07	1.98
19901216	0.41	2.25	1.66
19901217	0.02	1.06	1.47
19901218	4.64	0.89	1.25
19901219	17.54	2.43	2.91
19901220	11.11	2.96	11.63
19901221	14.03	6.17	9.95
19901222	3.95	4.77	18.2
19901223	29.02	0.72	12.18
19901224	8.47	0.96	6.84
19901225	17.19	0.98	9.26
19901226	24.97	0.42	13.18
19901227	19.16	-0.17	5.56
19901228	31.34	-0.11	11.25
19901229	14.65	-1.9	5.3
19901230	13.21	-1.02	3.28
19901231	4.33	-0.63	2.76
19910101	42.44	3.21	22.73
19910102	9.56	-0.33	20.33
19910103	21.13	0.2	5.44
19910104	15.82	1.18	16.34
19910105	11.56	0.37	8.54
19910106	8.14	-0.68	8.53
19910107	0.36	-3.04	3.92
19910108	0.27	-3.2	2.21
19910109	0.6	-2.13	1.61
19910110	14.5	-0.94	1.77
19910111	1.93	-1.95	1.82
19910112	0.43	-3.4	1.35
19910113	0.08	-1.87	1.07
19910114	0.04	-2.23	1.18
19910115	0.01	-0.46	1.67
19910116	0.08	0.6	0.89
19910117	0.3	2.39	0.93
19910118	20.21	2.89	4.42
19910119	24.85	3.89	24.29
19910120	7.42	3.03	32.39
19910121	0.08	2.68	7.59
19910122	0.7	5.45	6.21
19910123	0.4	2.35	6.67
19910124	0.01	1.04	3.4
19910125	0.69	1.14	2.04
19910126	0.09	3.03	2.25
19910127	0.01	0.29	2.12
19910128	0.13	-0.3	1.49
19910129	4.04	0.89	1.27
19910130	0.2	-2.03	1.17
19910131	0.01	-2.65	0.89
19910201	0.0	-3.47	0.88
19910202	0.0	-2.43	1.09
19910203	0.57	-1.19	0.65
19910204	0.05	-4.57	0.66
19910205	0.0	-3.85	0.79
19910206	0.0	-3.4	0.51
19910207	0.65	-3.72	0.45
19910208	5.25	-2.21	0.43
19910209	0.77	-4.58	0.46
19910210	1.45	-4.41	0.51
19910211	0.41	-1.78	0.47
19910212	0.06	-2.97	0.42
19910213	0.01	-1.67	0.47
19910214	5.82	0.66	0.47
19910215	0.2	-0.08	1.06
19910216	0.0	-0.34	1.04
19910217	0.08	-1.4	0.76
19910218	0.1	0.61	0.7
19910219	2.57	1.85	4.39
19910220	4.36	1.53	3.73
19910221	1.07	0.29	2.02
19910222	14.51	1.43	3.24
19910223	14.22	4.37	22.9
19910224	2.24	3.52	8.73
19910225	0.43	3.76	3.3
19910226	1.58	3.44	4.07
19910227	3.21	3.49	3.3
19910228	3.41	1.31	2.61
19910301	0.08	0.67	2.03
19910302	0.97	0.17	1.4
19910303	0.54	1.22	1.31
19910304	20.79	2.0	3.24
19910305	1.06	1.93	7.16
19910306	0.48	4.0	3.82
19910307	0.33	4.0	2.56
19910308	5.52	3.01	3.58
19910309	2.3	5.09	3.9
19910310	1.52	4.15	3.77
19910311	2.18	7.86	3.1
19910312	0.56	8.86	3.41
19910313	2.29	7.94	3.74
19910314	0.08	4.12	3.52
19910315	4.86	4.85	2.67
19910316	7.15	6.68	2.82
19910317	16.9	3.29	12.16
19910318	15.5	5.54	7.33
19910319	5.74	4.45	14.86
19910320	10.1	3.61	10.22
19910321	10.29	2.58	6.27
19910322	12.45	1.49	6.34
19910323	0.33	2.97	6.11
19910324	0.15	5.31	4.65
19910325	0.0	4.41	3.25
19910326	0.0	4.56	2.24
19910327	0.0	4.45	1.63
19910328	0.0	3.52	1.34
19910329	1.48	6.85	1.33
19910330	2.07	7.14	2.02
19910331	18.01	7.39	5.75
19910401	15.57	6.08	17.17
19910402	10.45	3.08	8.53
19910403	0.81	2.9	7.14
19910404	0.59	2.23	3.49
19910405	9.99	3.75	4.85
19910406	15.15	3.46	4.35
19910407	25.36	3.02	17.74
19910408	1.94	4.57	7.04
19910409	7.45	6.22	6.08
19910410	17.05	6.92	8.45
19910411	2.26	6.36	10.4
19910412	4.94	3.45	5.08
19910413	0.0	3.52	3.34
19910414	0.0	6.56	2.01
19910415	0.05	6.77	1.48
19910416	0.02	1.2	1.18
19910417	4.37	3.13	1.02
19910418	6.6	1.04	1.42
19910419	0.11	0.01	1.44
19910420	6.29	2.64	1.37
19910421	10.15	1.93	3.98
19910422	1.55	4.76	3.0
19910423	2.0	6.11	3.43
19910424	0.12	6.04	2.48
19910425	0.01	5.33	1.57
19910426	0.0	6.5	1.12
19910427	0.0	5.87	0.89
19910428	0.0	6.32	0.77
19910429	0.0	6.44	0.65
19910430	0.0	4.45	0.61
19910501	1.27	7.02	0.57
19910502	0.42	5.17	0.55
19910503	4.94	4.92	0.66
19910504	0.2	3.93	0.82
19910505	1.1	7.17	0.7
19910506	3.42	4.8	0.69
19910507	0.19	4.17	0.76
19910508	0.66	9.56	0.66
19910509	0.08	5.92	0.57
19910510	1.53	6.37	0.58
19910511	3.97	6.86	0.66
19910512	4.03	8.33	0.92
19910513	3.56	5.76	1.28
19910514	13.74	6.81	1.99
19910515	2.39	6.04	6.04
19910516	1.04	6.03	3.14
19910517	0.13	9.12	1.9
19910518	0.63	7.15	1.32
19910519	2.63	9.02	1.23
19910520	1.63	10.37	2.33
19910521	0.08	8.71	2.31
19910522	0.42	7.91	1.25
19910523	0.04	11.35	0.87
19910524	0.12	10.81	0.76
19910525	0.54	10.29	0.69
19910526	0.13	11.47	0.63
19910527	0.04	8.33	0.59
19910528	0.0	10.72	0.53
19910529	0.0	10.57	0.47
19910530	0.0	10.22	0.43
19910531	0.0	6.85	0.41
19910601	6.36	7.31	0.39
19910602	1.97	3.63	0.44
19910603	7.24	4.46	0.54
19910604	1.15	3.83	0.62
19910605	0.03	5.42	0.53
19910606	0.03	5.25	0.44
19910607	3.62	6.3	0.4
19910608	5.51	9.39	0.41
19910609	14.35	9.59	0.7
19910610	2.71	7.01	1.13
19910611	4.09	7.62	1.39
19910612	8.55	8.14	1.93
19910613	11.8	8.29	3.14
19910614	4.93	8.11	5.49
19910615	0.73	7.96	3.1
19910616	1.33	6.73	1.92
19910617	7.73	6.03	2.57
19910618	6.58	6.43	5.2
19910619	0.9	8.34	3.32
19910620	0.13	9.32	1.8
19910621	7.91	9.56	1.64
19910622	0.9	10.75	1.97
19910623	0.9	11.23	1.39
19910624	8.04	12.56	1.15
19910625	6.7	11.85	4.13
19910626	21.16	9.79	4.86
19910627	0.55	9.95	4.76
19910628	0.01	10.28	2.17
19910629	0.95	12.36	1.35
19910630	12.92	12.63	2.86
19910701	0.49	11.7	2.82
19910702	0.02	11.59	1.73
19910703	0.03	14.19	1.27
19910704	0.0	17.24	1.0
19910705	0.0	17.4	0.74
19910706	0.0	18.06	0.59
19910707	5.62	18.05	0.53
19910708	17.61	14.2	1.66
19910709	3.7	11.67	3.51
19910710	0.42	14.83	2.33
19910711	1.62	12.61	1.24
19910712	11.51	11.11	0.94
19910713	9.67	10.48	5.63
19910714	3.5	10.34	5.65
19910715	3.8	10.08	3.13
19910716	1.74	11.38	2.86
19910717	4.39	11.58	1.85
19910718	1.07	11.9	1.54
19910719	19.38	12.03	3.26
19910720	0.77	11.73	3.6
19910721	0.36	13.13	1.67
19910722	2.76	13.74	1.14
19910723	2.89	13.23	1.1
19910724	0.04	13.76	1.0
19910725	0.0	15.76	0.8
19910726	0.64	15.32	0.66
19910727	17.28	14.54	2.85
19910728	0.16	14.78	4.21
19910729	0.0	15.93	1.64
19910730	0.0	16.19	0.95
19910731	0.02	16.76	0.71
19910801	0.31	16.14	0.6
19910802	0.0	13.26	0.51
19910803	0.72	13.52	0.45
19910804	4.27	13.84	0.45
19910805	0.02	11.81	0.55
19910806	0.01	11.21	0.53
19910807	0.31	11.69	0.45
19910808	12.25	12.5	0.42
19910809	0.32	12.24	1.42
19910810	1.59	11.6	1.19
19910811	20.65	10.83	6.79
19910812	2.21	11.32	4.95
19910813	0.91	12.39	2.21
19910814	3.13	13.01	1.42
19910815	3.81	11.51	2.47
19910816	5.25	10.36	3.66
19910817	3.22	10.11	3.43
19910818	1.43	11.41	2.2
19910819	0.92	11.79	1.59
19910820	0.79	13.62	1.13
19910821	5.66	13.96	0.82
19910822	2.61	14.27	1.01
19910823	2.11	11.71	1.02
19910824	0.31	12.21	0.89
19910825	0.08	12.32	0.74
19910826	0.07	12.7	0.63
19910827	0.0	11.98	0.53
19910828	0.04	15.68	0.47
19910829	0.0	12.13	0.42
19910830	0.0	16.18	0.37
19910831	0.0	16.13	0.36
19910901	0.0	15.18	0.35
19910902	0.0	12.68	0.34
19910903	0.0	14.81	0.33
19910904	0.0	15.95	0.32
19910905	0.4	8.57	0.3
19910906	0.0	11.76	0.29
19910907	0.0	10.72	0.27
19910908	0.0	13.64	0.25
19910909	1.07	13.34	0.24
19910910	0.02	6.21	0.22
19910911	0.0	5.1	0.21
19910912	0.47	10.31	0.2
19910913	13.3	13.58	0.27
19910914	2.89	11.33	1.33
19910915	3.31	10.28	1.27
19910916	21.5	11.97	7.17
19910917	10.99	10.25	8.7
19910918	14.58	9.12	9.32
19910919	6.58	10.03	12.46
19910920	0.63	11.44	5.05
19910921	24.41	7.97	9.94
19910922	21.97	5.36	12.74
19910923	43.04	8.87	21.11
19910924	12.14	6.37	22.36
19910925	1.11	5.79	6.29
19910926	3.88	3.81	3.43
19910927	0.55	4.96	2.34
19910928	0.04	4.9	1.77
19910929	0.98	3.66	1.36
19910930	19.28	6.11	2.09
19911001	17.72	4.9	17.86
19911002	18.26	8.51	8.78
19911003	13.8	5.3	14.34
19911004	7.82	4.42	13.86
19911005	4.8	5.4	5.82
19911006	12.8	7.36	8.01
19911007	1.52	6.78	7.47
19911008	1.01	4.76	3.23
19911009	0.98	6.05	2.11
19911010	0.22	7.77	1.72
19911011	0.0	9.74	1.41
19911012	0.0	9.93	1.19
19911013	0.04	6.38	1.06
19911014	0.0	5.5	0.95
19911015	10.62	7.1	1.86
19911016	80.86	4.6	32.38
19911017	21.99	2.75	29.74
19911018	2.92	1.24	8.45
19911019	4.9	2.31	4.0
19911020	1.9	5.67	4.36
19911021	0.33	7.05	4.43
19911022	0.0	6.18	2.76
19911023	0.03	5.65	1.86
19911024	0.0	5.18	1.47
19911025	0.0	4.35	1.24
19911026	0.01	5.57	1.08
19911027	0.0	5.58	0.96
19911028	0.01	6.55	0.87
19911029	2.74	7.85	0.79
19911030	4.62	4.75	0.99
19911031	8.79	4.98	4.49
19911101	8.56	5.1	2.92
19911102	4.04	0.93	5.9
19911103	13.69	0.92	4.14
19911104	4.32	0.54	5.9
19911105	8.47	1.84	2.86
19911106	29.94	5.04	27.68
19911107	20.42	2.0	17.56
19911108	18.0	0.61	10.23
19911109	4.89	0.81	5.2
19911110	45.73	2.85	33.8
19911111	28.4	1.79	15.47
19911112	26.85	1.31	24.88
19911113	11.64	1.27	6.56
19911114	5.5	1.29	12.69
19911115	0.94	0.28	4.8
19911116	0.17	-1.93	2.46
19911117	6.21	-1.0	1.61
19911118	27.93	0.67	16.43
19911119	0.17	-0.06	6.92
19911120	15.08	4.96	5.11
19911121	15.64	9.22	30.9
19911122	6.66	7.99	11.0
19911123	3.84	8.29	9.84
19911124	1.85	6.82	4.79
19911125	16.33	6.57	3.96
19911126	3.69	4.14	10.89
19911127	13.34	5.28	5.59
19911128	4.72	2.83	10.26
19911129	0.73	5.86	4.22
19911130	2.65	3.19	2.78
19911201	0.03	1.8	2.19
19911202	0.74	5.54	1.66
19911203	0.03	3.52	1.47
19911204	0.06	1.7	1.24
19911205	0.0	-1.39	1.05
19911206	0.0	-1.76	0.81
19911207	1.02	2.77	0.69
19911208	0.43	3.49	0.78
19911209	0.02	2.64	0.72
19911210	0.01	3.26	0.59
19911211	0.83	4.09	0.56
19911212	2.25	9.12	1.22
19911213	6.87	8.19	3.67
19911214	2.57	6.94	7.22
19911215	0.1	2.76	2.82
19911216	6.54	3.65	1.49
19911217	23.89	2.34	10.47
19911218	26.65	3.23	11.14
19911219	13.62	-0.1	14.36
19911220	5.77	-0.81	3.32
19911221	16.64	3.22	2.7
19911222	13.78	4.17	32.02
19911223	16.41	0.43	9.61
19911224	0.73	2.01	5.27
19911225	5.49	6.73	11.88
19911226	2.41	4.47	6.13
19911227	0.25	6.28	3.03
19911228	3.86	4.36	2.72
19911229	0.66	1.22	3.0
19911230	7.12	4.04	1.97
19911231	39.53	4.42	18.3
19920101	64.14	5.42	43.51
19920102	71.99	4.39	92.08
19920103	11.45	0.45	20.51
19920104	5.48	-0.25	6.1
19920105	20.68	2.06	4.15
19920106	49.19	4.97	51.09
19920107	3.27	0.95	21.73
19920108	0.47	-1.34	5.07
19920109	0.01	-2.26	2.5
19920110	0.09	4.93	2.37
19920111	0.23	5.22	2.64
19920112	0.06	4.27	2.2
19920113	0.03	5.03	1.75
19920114	0.0	2.54	1.46
19920115	1.76	2.67	1.26
19920116	0.49	3.69	1.3
19920117	0.22	5.31	1.21
19920118	0.26	6.28	1.13
19920119	0.22	5.98	1.17
19920120	0.01	3.11	1.13
19920121	0.0	-0.12	0.99
19920122	0.0	2.64	0.84
19920123	0.08	2.86	0.71
19920124	15.39	5.11	0.89
19920125	1.01	1.78	6.07
19920126	0.0	1.1	2.18
19920127	0.12	4.42	1.27
19920128	0.01	4.92	1.14
19920129	0.03	0.52	1.03
19920130	0.0	0.37	0.85
19920131	0.73	4.19	0.79
19920201	5.09	4.54	1.19
19920202	24.11	2.61	9.49
19920203	3.66	0.03	4.75
19920204	10.36	2.93	10.45
19920205	1.57	6.62	6.74
19920206	3.4	6.38	3.56
19920207	8.79	6.42	12.18
19920208	4.08	5.16	6.98
19920209	11.55	1.22	5.43
19920210	4.5	0.64	3.64
19920211	0.09	3.08	3.39
19920212	6.73	3.59	4.85
19920213	15.76	1.83	8.97
19920214	7.05	2.63	5.57
19920215	17.53	-0.12	7.25
19920216	2.79	-1.48	4.13
19920217	5.05	-1.11	2.71
19920218	0.01	-0.25	2.24
19920219	0.02	1.93	1.64
19920220	4.31	2.78	3.65
19920221	34.71	4.23	13.2
19920222	30.14	4.9	51.91
19920223	31.08	4.88	21.24
19920224	0.8	2.99	14.84
19920225	7.13	4.44	3.92
19920226	12.78	3.57	4.84
19920227	1.89	2.41	7.18
19920228	12.32	3.32	3.88
19920229	4.84	4.59	15.01
19920301	8.92	2.58	7.32
19920302	11.93	4.31	11.02
19920303	0.58	6.82	7.31
19920304	4.76	8.15	4.93
19920305	5.09	4.59	6.16
19920306	8.96	5.64	5.84
19920307	3.19	2.13	6.71
19920308	8.29	3.77	3.39
19920309	11.5	2.68	9.74
19920310	11.11	-0.42	7.21
19920311	33.25	2.21	20.18
19920312	7.57	-1.76	11.79
19920313	11.52	-3.93	3.9
19920314	4.05	-2.67	2.57
19920315	0.12	1.79	2.14
19920316	3.03	6.98	19.55
19920317	11.48	5.17	12.76
19920318	11.91	1.98	13.55
19920319	24.37	4.83	20.44
19920320	4.23	3.6	10.91
19920321	11.66	1.96	6.4
19920322	26.92	2.63	9.33
19920323	2.88	3.39	11.03
19920324	4.97	3.08	5.85
19920325	19.66	1.95	10.05
19920326	4.31	0.54	7.52
19920327	1.63	0.83	4.51
19920328	1.18	3.01	4.62
19920329	22.4	3.29	5.31
19920330	9.57	1.57	9.33
19920331	10.04	1.19	6.42
19920401	0.18	-0.12	3.28
19920402	0.56	0.59	2.14
19920403	0.64	0.98	1.79
19920404	3.96	2.85	1.99
19920405	0.32	4.31	4.15
19920406	1.61	4.67	3.67
19920407	0.19	4.16	2.82
19920408	0.01	8.53	2.1
19920409	1.4	9.19	2.01
19920410	7.37	9.26	3.3
19920411	3.55	6.62	3.32
19920412	3.83	2.07	3.91
19920413	2.88	0.93	3.25
19920414	1.86	0.62	2.11
19920415	1.19	0.97	1.67
19920416	7.26	3.02	1.49
19920417	26.84	5.01	16.43
19920418	7.2	3.02	9.87
19920419	0.12	4.36	3.16
19920420	3.9	6.83	1.89
19920421	2.66	4.94	2.98
19920422	1.19	6.69	2.32
19920423	0.57	7.89	1.51
19920424	5.18	3.76	1.63
19920425	9.18	5.32	1.8
19920426	16.42	4.53	4.41
19920427	11.61	3.82	11.61
19920428	12.18	3.88	6.51
19920429	8.71	4.29	5.19
19920430	12.78	5.43	8.59
19920501	40.31	3.48	22.39
19920502	1.43	5.11	12.46
19920503	4.98	7.9	4.59
19920504	2.08	5.81	6.7
19920505	6.27	7.15	4.31
19920506	13.03	9.13	8.4
19920507	16.87	3.37	10.8
19920508	7.71	0.63	7.26
19920509	3.01	2.03	5.21
19920510	1.81	1.93	4.06
19920511	16.94	5.17	4.86
19920512	12.5	7.33	12.0
19920513	0.03	15.21	9.48
19920514	0.02	15.62	2.96
19920515	2.34	6.59	1.86
19920516	0.0	7.91	1.64
19920517	0.32	13.02	1.23
19920518	0.01	14.0	1.0
19920519	0.51	14.75	0.86
19920520	5.92	9.97	0.82
19920521	1.59	8.18	1.12
19920522	0.12	11.28	1.01
19920523	0.01	12.21	0.8
19920524	0.07	12.86	0.67
19920525	0.09	16.06	0.61
19920526	0.0	14.59	0.52
19920527	0.0	13.04	0.43
19920528	0.08	13.94	0.39
19920529	0.0	14.34	0.35
19920530	0.0	14.49	0.32
19920531	0.28	14.24	0.3
19920601	4.48	14.65	0.29
19920602	0.54	12.32	0.31
19920603	0.04	6.22	0.31
19920604	0.0	8.82	0.28
19920605	0.0	9.94	0.27
19920606	0.0	13.18	0.25
19920607	0.0	13.28	0.24
19920608	0.86	15.29	0.23
19920609	0.43	13.47	0.22
19920610	0.0	13.97	0.21
19920611	0.0	13.15	0.2
19920612	0.0	16.53	0.19
19920613	3.85	13.71	0.18
19920614	0.33	12.07	0.18
19920615	0.58	9.66	0.23
19920616	0.01	9.14	0.3
19920617	0.0	9.53	0.3
19920618	0.02	11.26	0.27
19920619	0.0	10.92	0.25
19920620	0.09	11.76	0.22
19920621	0.05	10.58	0.2
19920622	0.48	10.13	0.17
19920623	0.33	10.78	0.16
19920624	4.99	9.27	0.16
19920625	6.09	11.08	0.2
19920626	6.51	10.35	0.84
19920627	0.12	9.2	1.62
19920628	0.13	11.28	0.92
19920629	6.43	9.67	0.59
19920630	1.12	7.16	0.54
19920701	0.18	7.24	0.49
19920702	0.04	9.49	0.39
19920703	3.18	9.0	0.34
19920704	0.0	8.49	0.37
19920705	1.34	10.94	0.33
19920706	0.23	12.63	0.31
19920707	2.06	13.48	0.3
19920708	0.54	10.65	0.28
19920709	2.62	9.82	0.27
19920710	1.16	10.46	0.28
19920711	3.99	10.51	0.31
19920712	5.37	8.51	0.47
19920713	7.06	9.1	1.88
19920714	0.1	8.06	2.34
19920715	0.9	12.45	1.18
19920716	2.35	13.72	0.8
19920717	4.5	13.07	0.63
19920718	0.86	13.34	1.22
19920719	1.23	12.25	1.15
19920720	0.69	10.5	0.93
19920721	4.82	12.24	0.72
19920722	0.84	12.56	0.69
19920723	3.55	12.74	0.71
19920724	1.48	11.66	0.85
19920725	3.59	11.53	0.89
19920726	6.17	9.84	1.49
19920727	5.34	9.97	4.34
19920728	0.75	11.24	3.14
19920729	2.67	11.18	1.51
19920730	0.48	9.28	1.11
19920731	0.75	13.98	0.84
19920801	1.71	12.32	0.75
19920802	14.59	11.76	1.14
19920803	13.08	9.8	6.66
19920804	8.4	10.51	5.93
19920805	4.88	10.32	4.58
19920806	0.15	9.35	3.93
19920807	0.0	8.38	1.85
19920808	4.22	12.01	1.21
19920809	5.9	10.19	1.35
19920810	0.56	11.15	1.28
19920811	9.19	10.07	1.02
19920812	15.79	9.06	5.75
19920813	0.46	8.72	6.02
19920814	2.62	12.88	2.32
19920815	1.57	9.93	1.64
19920816	6.86	10.0	1.41
19920817	1.14	9.84	1.52
19920818	4.91	11.2	1.26
19920819	0.73	10.94	1.33
19920820	3.19	11.21	1.22
19920821	0.0	11.56	1.38
19920822	27.7	11.21	4.59
19920823	4.12	9.04	7.76
19920824	12.43	9.88	3.75
19920825	4.67	10.01	6.49
19920826	1.96	9.05	5.06
19920827	8.49	8.14	3.79
19920828	2.24	7.04	3.64
19920829	6.52	7.41	2.48
19920830	18.16	8.63	10.68
19920831	59.77	8.48	32.71
19920901	10.69	7.22	35.05
19920902	3.07	8.64	7.38
19920903	12.55	7.15	6.28
19920904	7.65	6.37	11.17
19920905	9.89	6.52	6.31
19920906	26.55	8.9	12.88
19920907	19.92	6.98	22.99
19920908	11.53	7.85	13.65
19920909	7.38	9.79	15.11
19920910	0.5	11.34	6.7
19920911	14.09	8.54	5.03
19920912	3.54	5.34	10.34
19920913	17.28	7.94	6.99
19920914	5.01	8.76	10.51
19920915	3.46	7.04	9.66
19920916	0.02	9.2	4.46
19920917	0.03	10.98	2.34
19920918	0.01	12.61	1.73
19920919	7.31	9.94	1.5
19920920	16.83	7.87	7.91
19920921	0.04	7.54	5.27
19920922	0.2	5.0	2.31
19920923	0.46	7.23	1.57
19920924	2.07	7.57	1.32
19920925	0.17	6.14	1.28
19920926	8.56	8.36	1.26
19920927	0.78	10.66	2.24
19920928	0.05	12.53	1.78
19920929	11.21	12.66	1.36
19920930	40.32	8.88	18.87
19921001	2.45	9.13	16.29
19921002	7.05	7.48	4.98
19921003	2.49	8.77	4.8
19921004	0.0	6.84	2.82
19921005	0.02	6.64	1.89
19921006	0.03	6.34	1.49
19921007	0.03	7.3	1.26
19921008	1.95	7.05	1.2
19921009	0.0	2.83	1.15
19921010	0.03	6.14	1.03
19921011	0.02	4.17	0.95
19921012	0.54	6.79	0.91
19921013	14.08	5.87	1.26
19921014	15.14	1.76	9.88
19921015	10.5	1.6	6.41
19921016	3.63	1.93	4.49
19921017	5.64	1.63	4.1
19921018	4.39	1.76	3.16
19921019	6.26	2.15	3.92
19921020	0.69	2.23	3.05
19921021	2.29	1.48	2.9
19921022	12.96	1.57	3.32
19921023	4.49	0.62	5.11
19921024	0.23	-0.12	3.1
19921025	0.1	0.67	1.98
19921026	6.25	2.2	1.74
19921027	14.33	1.12	4.24
19921028	7.66	1.91	9.29
19921029	1.4	1.28	3.59
19921030	0.71	2.0	2.21
19921031	18.06	4.12	7.44
19921101	9.65	2.48	10.87
19921102	9.44	2.24	9.47
19921103	10.16	2.71	8.19
19921104	9.06	7.15	9.05
19921105	15.39	10.88	10.13
19921106	4.76	6.94	20.18
19921107	2.33	3.66	5.16
19921108	17.54	6.26	3.67
19921109	3.67	2.21	12.34
19921110	21.46	1.63	10.03
19921111	18.37	0.64	12.48
19921112	12.08	-0.7	6.47
19921113	1.66	-0.74	3.87
19921114	0.02	0.15	2.52
19921115	3.29	1.2	2.1
19921116	10.25	-0.12	5.1
19921117	4.21	1.06	3.26
19921118	31.32	2.34	21.55
19921119	10.23	0.48	8.34
19921120	8.88	-0.42	4.62
19921121	0.43	-0.4	2.79
19921122	22.98	6.13	19.91
19921123	13.64	6.84	29.94
19921124	19.33	3.82	13.46
19921125	20.06	0.65	16.13
19921126	22.73	1.45	8.59
19921127	31.29	2.23	27.52
19921128	0.19	0.91	7.31
19921129	2.92	4.53	4.76
19921130	14.29	1.76	6.39
19921201	21.16	2.09	13.4
19921202	14.13	1.26	14.83
19921203	11.95	-0.17	7.5
19921204	2.79	-0.77	4.09
19921205	9.13	0.08	3.0
19921206	2.29	1.57	3.54
19921207	0.02	0.38	3.96
19921208	5.27	1.32	4.52
19921209	0.25	4.67	5.43
19921210	14.71	5.98	19.94
19921211	18.11	2.19	13.0
19921212	19.85	3.56	7.37
19921213	59.54	7.05	55.66
19921214	28.35	4.24	60.65
19921215	47.43	-0.49	16.9
19921216	6.85	-1.68	6.07
19921217	13.32	2.51	14.92
19921218	4.95	-0.76	11.93
19921219	2.13	-4.31	4.09
19921220	0.01	-3.5	2.37
19921221	1.68	-0.91	2.02
19921222	0.0	-1.48	1.59
19921223	4.91	3.18	2.79
19921224	0.17	5.54	17.13
19921225	8.39	1.46	14.02
19921226	0.21	-0.34	4.33
19921227	0.19	-1.02	2.27
19921228	0.0	-2.41	1.72
19921229	0.02	-2.88	1.25
19921230	0.72	-1.1	0.98
19921231	5.46	3.39	1.55
19930101	10.81	5.5	4.54
19930102	7.02	4.99	14.82
19930103	21.97	4.19	7.59
19930104	19.83	4.16	9.7
19930105	15.52	2.8	16.27
19930106	4.41	3.4	8.08
19930107	25.08	1.97	16.17
19930108	25.02	1.39	12.13
19930109	9.91	0.31	11.98
19930110	22.84	-0.21	6.6
19930111	14.07	-2.17	3.0
19930112	27.08	-0.96	2.8
19930113	8.82	-1.1	2.72
19930114	33.35	2.12	5.25
19930115	14.23	1.28	25.05
19930116	63.62	3.99	82.58
19930117	4.79	-0.22	21.53
19930118	2.69	-0.2	5.24
19930119	13.34	2.75	10.63
19930120	18.49	2.49	15.89
19930121	33.43	3.46	24.68
19930122	21.09	0.36	10.47
19930123	40.85	1.49	22.87
19930124	7.33	-1.62	14.84
19930125	9.89	-0.42	5.18
19930126	4.25	1.39	7.49
19930127	4.9	2.31	5.64
19930128	0.03	0.83	5.35
19930129	0.05	2.06	3.67
19930130	6.97	1.45	4.61
19930131	0.03	2.65	3.5
19930201	3.88	2.89	2.1
19930202	1.82	4.47	3.61
19930203	5.89	6.76	10.95
19930204	13.19	6.67	14.93
19930205	5.76	7.82	15.01
19930206	0.58	8.44	8.47
19930207	0.29	6.56	5.64
19930208	0.06	3.28	3.26
19930209	0.0	2.69	2.16
19930210	0.0	2.82	1.8
19930211	0.23	3.75	1.52
19930212	0.0	4.84	1.39
19930213	0.73	6.1	1.37
19930214	15.27	3.76	4.7
19930215	3.77	4.76	5.69
19930216	6.25	6.41	7.52
19930217	5.7	5.03	5.97
19930218	26.98	1.71	7.85
19930219	6.58	2.24	8.7
19930220	8.69	1.67	10.62
19930221	3.57	1.77	4.57
19930222	0.39	4.39	6.59
19930223	0.53	4.05	4.01
19930224	3.77	4.72	4.3
19930225	7.4	1.48	6.12
19930226	4.88	-2.72	3.84
19930227	0.44	-3.6	2.26
19930228	0.19	-3.03	1.68
19930301	0.01	-1.41	1.44
19930302	0.04	-2.1	1.26
19930303	0.01	-2.12	1.09
19930304	2.66	3.33	2.28
19930305	0.3	4.9	5.38
19930306	0.14	3.57	2.83
19930307	0.55	4.49	1.74
19930308	0.84	4.66	1.46
19930309	0.0	1.73	1.33
19930310	1.03	1.98	1.12
19930311	0.04	5.31	1.05
19930312	0.09	6.8	1.06
19930313	3.79	9.28	1.17
19930314	0.85	8.09	1.56
19930315	17.21	4.89	6.11
19930316	30.93	6.0	9.96
19930317	17.76	3.14	26.71
19930318	4.82	1.55	8.37
19930319	15.24	5.19	10.32
19930320	18.3	3.15	16.42
19930321	12.87	2.51	10.58
19930322	11.01	-0.52	7.5
19930323	7.96	0.05	3.89
19930324	2.84	0.55	3.85
19930325	0.17	1.92	3.35
19930326	0.09	3.85	3.08
19930327	0.91	3.63	4.24
19930328	0.07	4.82	3.99
19930329	9.79	4.91	4.13
19930330	17.06	5.77	10.95
19930331	0.22	4.45	6.96
19930401	0.54	3.53	3.1
19930402	1.11	4.05	2.08
19930403	2.7	4.51	1.75
19930404	7.09	3.22	1.74
19930405	0.93	3.7	2.35
19930406	1.4	3.82	2.39
19930407	0.14	4.6	1.81
19930408	2.12	5.96	1.65
19930409	1.81	4.79	2.07
19930410	0.34	3.72	1.79
19930411	0.52	3.94	1.39
19930412	0.05	2.59	1.14
19930413	0.01	3.47	0.97
19930414	0.48	5.83	0.85
19930415	7.66	6.86	1.35
19930416	1.51	5.45	4.48
19930417	2.7	3.12	2.49
19930418	4.55	5.12	1.79
19930419	4.37	5.76	2.54
19930420	5.14	5.89	2.64
19930421	0.72	6.9	2.42
19930422	1.0	6.11	2.08
19930423	1.59	6.08	1.69
19930424	4.48	8.48	1.62
19930425	0.09	5.55	1.55
19930426	0.07	8.06	1.27
19930427	0.0	6.7	1.05
19930428	0.0	7.11	0.91
19930429	0.0	9.57	0.77
19930430	0.12	10.55	0.69
19930501	0.71	2.27	0.66
19930502	3.02	2.52	0.62
19930503	1.45	3.64	0.65
19930504	0.99	7.65	0.7
19930505	2.17	10.07	0.7
19930506	2.04	9.78	0.78
19930507	0.11	7.42	0.75
19930508	0.0	7.53	0.62
19930509	0.0	7.2	0.53
19930510	0.0	8.27	0.47
19930511	0.01	8.44	0.45
19930512	13.29	6.76	0.49
19930513	6.97	1.58	1.44
19930514	11.91	2.52	2.14
19930515	27.7	2.03	8.06
19930516	4.23	5.26	7.54
19930517	3.76	8.26	9.95
19930518	0.02	6.43	6.64
19930519	0.1	6.22	2.49
19930520	0.93	9.6	1.62
19930521	2.91	9.4	1.5
19930522	0.04	10.26	1.4
19930523	0.0	11.37	1.09
19930524	0.06	11.77	0.88
19930525	0.01	6.94	0.74
19930526	0.0	6.03	0.62
19930527	0.0	5.32	0.52
19930528	0.14	8.21	0.46
19930529	8.14	8.35	0.46
19930530	7.5	7.33	1.99
19930531	2.43	5.44	2.88
19930601	3.15	7.33	1.96
19930602	1.77	7.91	2.5
19930603	2.49	11.91	1.67
19930604	0.57	10.49	1.16
19930605	1.12	10.14	0.93
19930606	0.43	12.36	0.88
19930607	0.27	12.43	0.74
19930608	0.58	14.08	0.69
19930609	1.83	14.77	0.61
19930610	1.21	14.07	0.58
19930611	0.12	10.87	0.56
19930612	0.0	8.0	0.49
19930613	0.0	8.44	0.41
19930614	0.0	9.15	0.35
19930615	3.29	9.81	0.35
19930616	8.54	10.32	0.59
19930617	3.39	10.54	1.59
19930618	7.08	9.27	1.85
19930619	3.53	10.03	1.57
19930620	0.92	8.38	1.35
19930621	1.68	8.05	1.52
19930622	2.01	8.07	1.53
19930623	0.61	8.07	1.16
19930624	0.43	7.21	0.91
19930625	14.39	9.75	2.02
19930626	0.13	10.12	2.89
19930627	0.08	13.05	1.31
19930628	1.88	17.55	0.84
19930629	2.02	14.7	0.68
19930630	1.09	9.39	0.66
19930701	0.77	11.35	0.6
19930702	3.64	11.23	0.73
19930703	2.45	11.12	1.95
19930704	6.85	8.29	2.13
19930705	0.41	8.66	2.65
19930706	0.26	8.65	1.76
19930707	10.46	10.91	2.17
19930708	17.87	7.05	9.12
19930709	15.83	6.45	7.83
19930710	7.74	5.98	10.31
19930711	1.42	6.99	5.55
19930712	0.08	8.35	2.44
19930713	0.0	11.55	1.44
19930714	0.0	11.32	1.04
19930715	0.87	13.87	0.83
19930716	18.83	13.88	4.14
19930717	0.29	11.23	3.25
19930718	0.0	12.27	1.53
19930719	0.04	10.4	1.01
19930720	0.27	9.69	0.77
19930721	0.11	9.37	0.73
19930722	11.29	11.72	0.8
19930723	3.41	10.89	3.23
19930724	6.91	9.43	3.62
19930725	8.4	8.87	4.61
19930726	3.84	8.75	5.79
19930727	5.45	10.43	2.74
19930728	3.15	10.56	2.46
19930729	6.38	10.72	3.13
19930730	7.35	9.06	5.15
19930731	1.98	9.84	4.93
19930801	1.35	11.81	3.05
19930802	5.08	11.98	1.99
19930803	5.38	11.19	3.06
19930804	0.49	9.63	3.37
19930805	0.07	8.27	1.88
19930806	5.05	11.5	1.4
19930807	1.21	11.3	1.48
19930808	6.01	12.45	1.26
19930809	13.89	8.83	4.07
19930810	3.82	7.19	5.94
19930811	2.03	7.56	2.84
19930812	5.2	7.89	2.45
19930813	2.52	10.44	2.29
19930814	2.01	8.45	2.16
19930815	0.89	9.18	1.66
19930816	0.83	10.64	1.26
19930817	1.36	11.72	1.03
19930818	0.36	11.45	0.93
19930819	0.28	10.74	0.82
19930820	4.53	10.29	0.74
19930821	4.12	7.1	1.27
19930822	5.32	6.74	1.31
19930823	0.54	7.1	1.68
19930824	0.69	8.3	1.3
19930825	0.19	8.06	1.12
19930826	0.27	10.85	0.91
19930827	0.03	11.85	0.78
19930828	0.14	12.41	0.68
19930829	0.02	10.07	0.6
19930830	0.05	12.45	0.52
19930831	0.01	14.82	0.47
19930901	0.82	11.71	0.45
19930902	1.39	9.49	0.45
19930903	0.0	6.77	0.49
19930904	0.0	7.5	0.49
19930905	0.0	10.13	0.43
19930906	0.04	8.4	0.37
19930907	0.0	7.92	0.35
19930908	0.02	9.12	0.31
19930909	1.86	11.33	0.32
19930910	7.67	11.51	0.47
19930911	6.79	8.5	1.37
19930912	2.82	9.46	1.21
19930913	4.88	7.06	1.44
19930914	2.48	5.37	2.14
19930915	2.94	4.67	1.61
19930916	0.67	6.34	1.28
19930917	0.01	6.92	0.92
19930918	2.16	8.88	0.69
19930919	2.81	10.46	0.68
19930920	0.98	11.12	0.65
19930921	1.42	9.29	0.62
19930922	0.19	8.69	0.61
19930923	4.22	9.32	0.54
19930924	0.8	5.39	0.68
19930925	0.04	8.08	0.69
19930926	0.01	4.25	0.58
19930927	0.02	5.35	0.48
19930928	0.01	5.98	0.43
19930929	0.01	8.08	0.4
19930930	6.06	8.34	0.37
19931001	19.84	8.77	3.11
19931002	0.18	9.0	5.7
19931003	12.28	9.06	2.38
19931004	4.94	3.75	6.69
19931005	16.02	5.57	4.28
19931006	34.22	5.66	23.82
19931007	11.07	7.36	16.33
19931008	2.85	6.43	11.1
19931009	11.15	7.42	7.41
19931010	2.97	6.07	8.23
19931011	4.56	3.72	6.41
19931012	0.91	2.16	3.36
19931013	0.97	0.54	2.0
19931014	11.61	0.95	1.74
19931015	10.6	-0.85	2.0
19931016	2.13	-1.2	1.87
19931017	0.99	2.51	5.62
19931018	1.59	5.46	7.21
19931019	10.77	5.77	10.04
19931020	5.3	2.41	9.87
19931021	0.2	1.07	3.86
19931022	0.7	4.26	2.12
19931023	0.25	4.51	1.73
19931024	0.01	3.88	1.51
19931025	0.03	3.63	1.25
19931026	0.01	2.04	1.08
19931027	0.0	3.56	0.95
19931028	0.07	3.99	0.87
19931029	0.0	4.61	0.8
19931030	0.4	4.87	0.74
19931031	0.03	4.08	0.71
19931101	0.14	2.29	0.67
19931102	0.0	3.59	0.61
19931103	0.07	5.4	0.58
19931104	0.02	6.63	0.55
19931105	1.44	7.37	0.53
19931106	3.35	5.57	0.53
19931107	11.57	3.9	2.41
19931108	12.25	3.69	2.88
19931109	4.88	2.43	9.23
19931110	0.95	1.45	3.46
19931111	3.03	1.89	1.82
19931112	4.99	0.41	2.75
19931113	2.12	-1.23	2.03
19931114	0.27	1.7	1.39
19931115	4.08	5.19	1.76
19931116	0.29	5.36	2.32
19931117	0.01	5.72	1.5
19931118	0.01	5.37	1.02
19931119	0.0	2.28	0.77
19931120	0.0	-0.03	0.65
19931121	0.0	-3.5	0.55
19931122	0.01	-4.44	0.44
19931123	0.07	-5.86	0.41
19931124	0.12	-4.52	0.36
19931125	2.77	0.24	0.39
19931126	0.18	0.13	0.41
19931127	0.01	0.98	0.4
19931128	0.01	1.72	0.37
19931129	2.87	1.74	0.4
19931130	1.89	2.08	0.47
19931201	19.97	2.91	3.66
19931202	12.9	2.83	9.27
19931203	28.36	3.24	18.79
19931204	24.87	2.68	16.54
19931205	12.58	4.44	12.46
19931206	7.83	0.83	15.68
19931207	14.9	-0.62	5.38
19931208	24.99	-0.5	4.61
19931209	7.9	-0.37	5.54
19931210	5.57	-2.07	3.59
19931211	1.13	-2.83	2.2
19931212	6.13	-1.18	1.66
19931213	3.77	-1.53	1.66
19931214	22.58	0.71	7.43
19931215	11.7	-1.58	5.37
19931216	3.69	-0.71	3.68
19931217	8.95	1.97	2.79
19931218	33.05	5.04	65.65
19931219	10.4	-1.22	23.09
19931220	4.94	-2.98	5.06
19931221	5.14	-1.82	2.58
19931222	4.1	-1.88	1.93
19931223	3.38	-2.77	1.6
19931224	11.18	-1.96	1.57
19931225	1.0	-5.37	1.34
19931226	0.0	-6.61	1.06
19931227	1.62	-2.35	0.96
19931228	13.14	1.38	1.53
19931229	17.14	0.47	10.98
19931230	0.12	-2.13	5.29
19931231	0.14	-2.53	2.23
19940101	2.44	-0.85	1.35
19940102	2.25	0.45	1.28
19940103	9.94	0.23	2.64
19940104	0.57	-0.63	2.38
19940105	1.59	-0.27	1.45
19940106	12.24	0.66	1.78
19940107	0.04	-2.22	1.82
19940108	1.42	-0.86	1.24
19940109	2.33	2.54	3.59
19940110	0.07	2.95	6.28
19940111	2.87	1.66	3.81
19940112	13.6	0.23	3.24
19940113	17.6	0.9	9.92
19940114	3.12	-0.0	7.19
19940115	0.15	-1.83	2.99
19940116	0.93	-1.86	1.64
19940117	13.68	1.97	5.62
19940118	13.16	2.41	31.27
19940119	19.52	2.01	10.48
19940120	14.67	6.37	28.74
19940121	10.37	2.81	22.74
19940122	14.12	0.72	8.23
19940123	10.27	-0.94	5.54
19940124	14.85	2.35	7.46
19940125	9.52	0.08	14.25
19940126	21.43	1.42	13.41
19940127	15.81	-1.66	7.51
19940128	14.66	-0.19	3.08
19940129	21.2	2.91	35.87
19940130	5.77	1.54	9.15
19940131	12.33	2.82	10.75
19940201	11.44	1.18	13.77
19940202	1.3	-0.71	4.91
19940203	0.41	0.28	2.35
19940204	1.03	2.7	3.1
19940205	3.2	1.75	3.71
19940206	0.08	1.2	2.47
19940207	2.44	0.57	1.67
19940208	14.91	1.58	1.88
19940209	8.77	1.8	8.14
19940210	0.02	2.32	3.79
19940211	0.01	2.83	1.99
19940212	0.0	1.32	1.98
19940213	0.0	-1.57	1.51
19940214	0.0	-2.43	1.02
19940215	0.06	-2.62	0.84
19940216	0.02	-2.74	0.89
19940217	0.0	-1.73	0.86
19940218	0.0	0.46	0.67
19940219	0.0	-0.46	0.66
19940220	0.0	-1.8	0.58
19940221	0.0	-2.13	0.54
19940222	0.0	-1.99	0.55
19940223	0.0	-3.03	0.54
19940224	0.52	-1.98	0.47
19940225	3.65	-0.81	0.43
19940226	2.5	-0.55	0.47
19940227	5.64	-1.09	0.5
19940228	6.29	-0.56	0.6
19940301	2.25	0.98	0.73
19940302	15.56	2.48	1.47
19940303	8.48	1.59	4.73
19940304	47.49	3.65	30.46
19940305	9.12	1.21	17.21
19940306	38.47	4.92	42.42
19940307	25.28	6.54	28.17
19940308	15.74	3.07	28.53
19940309	11.22	0.69	7.84
19940310	35.92	2.9	28.69
19940311	15.58	0.91	13.19
19940312	20.08	0.74	8.45
19940313	29.16	2.98	18.84
19940314	9.21	1.14	21.75
19940315	13.67	-0.71	5.39
19940316	15.36	-1.54	2.95
19940317	9.04	-1.06	2.38
19940318	6.13	-0.72	1.89
19940319	7.85	-0.95	1.66
19940320	0.21	-3.41	1.45
19940321	10.43	1.47	4.47
19940322	31.38	4.63	42.67
19940323	23.57	1.64	25.64
19940324	17.26	1.69	9.59
19940325	5.44	1.0	8.0
19940326	0.1	2.88	4.11
19940327	3.65	3.64	3.41
19940328	21.86	3.33	16.27
19940329	10.17	2.14	11.12
19940330	23.46	3.76	14.02
19940331	23.96	2.94	20.0
19940401	17.69	1.69	15.36
19940402	14.14	1.08	8.29
19940403	8.47	1.79	9.34
19940404	11.72	-0.39	6.14
19940405	14.24	1.22	5.0
19940406	6.61	1.68	4.97
19940407	1.83	1.37	4.23
19940408	24.86	0.62	3.3
19940409	5.84	2.0	4.32
19940410	0.0	6.07	7.05
19940411	1.34	4.21	10.0
19940412	1.31	3.24	7.12
19940413	0.14	3.92	4.56
19940414	0.07	3.92	3.8
19940415	0.0	5.8	3.51
19940416	0.09	4.74	4.49
19940417	2.8	5.71	4.09
19940418	15.12	4.31	7.82
19940419	8.92	3.13	9.2
19940420	5.96	2.84	6.44
19940421	2.4	0.66	4.44
19940422	9.75	1.67	3.54
19940423	0.25	6.07	7.25
19940424	0.27	5.06	7.68
19940425	8.01	5.49	4.84
19940426	36.81	5.51	31.24
19940427	16.26	8.79	21.63
19940428	2.65	9.88	20.55
19940429	11.74	7.29	14.32
19940430	0.66	6.53	7.87
19940501	2.9	10.39	4.17
19940502	0.29	9.8	4.45
19940503	1.79	7.13	3.81
19940504	5.85	6.88	3.75
19940505	4.94	6.51	6.16
19940506	0.86	4.39	3.85
19940507	0.78	4.42	2.25
19940508	0.37	5.68	1.67
19940509	0.01	8.41	1.41
19940510	0.0	8.67	1.49
19940511	0.0	9.73	1.66
19940512	0.0	10.84	2.03
19940513	0.0	10.35	1.96
19940514	0.03	9.67	1.57
19940515	0.09	4.27	1.25
19940516	0.12	3.53	0.98
19940517	0.24	2.84	0.8
19940518	0.22	2.39	0.68
19940519	0.11	2.17	0.59
19940520	0.0	4.18	0.54
19940521	0.0	5.32	0.52
19940522	0.0	5.66	0.56
19940523	0.0	5.04	0.58
19940524	0.0	5.14	0.58
19940525	0.07	4.75	0.56
19940526	0.03	2.56	0.52
19940527	0.0	3.47	0.48
19940528	1.4	6.0	0.47
19940529	0.1	7.07	0.5
19940530	3.78	9.35	0.61
19940531	0.68	11.75	0.94
19940601	0.36	8.04	1.11
19940602	2.83	10.11	0.95
19940603	16.92	7.48	1.27
19940604	7.97	6.34	2.24
19940605	1.33	8.07	1.86
19940606	4.75	8.97	1.96
19940607	9.82	6.76	3.41
19940608	12.63	6.77	4.13
19940609	8.73	7.48	7.52
19940610	0.01	8.91	3.43
19940611	0.17	10.1	1.61
19940612	0.0	10.95	1.29
19940613	0.44	12.83	1.02
19940614	1.04	8.97	0.82
19940615	6.14	7.51	0.77
19940616	0.41	9.34	0.97
19940617	17.4	7.46	1.07
19940618	8.08	8.06	10.23
19940619	1.61	8.69	4.49
19940620	10.95	9.83	6.19
19940621	7.9	8.24	5.46
19940622	7.68	7.4	6.17
19940623	4.48	10.46	2.59
19940624	10.87	12.08	2.36
19940625	1.1	9.06	3.73
19940626	3.19	10.06	2.46
19940627	0.46	12.44	2.11
19940628	1.68	12.35	1.55
19940629	1.65	9.57	2.47
19940630	0.03	11.4	2.08
19940701	0.03	12.11	1.31
19940702	0.45	15.49	0.98
19940703	0.1	14.25	0.86
19940704	7.7	13.0	0.84
19940705	4.07	10.12	1.35
19940706	0.43	12.43	1.1
19940707	0.26	13.63	0.85
19940708	0.21	12.97	0.71
19940709	8.27	12.41	0.67
19940710	1.25	11.97	1.05
19940711	5.46	13.98	0.95
19940712	0.52	9.77	1.19
19940713	0.0	11.85	0.96
19940714	1.1	11.95	0.72
19940715	0.87	9.65	0.6
19940716	0.0	8.29	0.56
19940717	0.0	12.03	0.51
19940718	0.0	13.66	0.44
19940719	0.42	16.54	0.39
19940720	0.91	14.95	0.36
19940721	2.64	12.01	0.36
19940722	0.03	11.83	0.36
19940723	0.15	15.61	0.31
19940724	0.87	13.87	0.3
19940725	3.79	14.74	0.28
19940726	0.38	12.0	0.31
19940727	0.3	11.52	0.33
19940728	0.24	12.37	0.3
19940729	0.0	14.32	0.26
19940730	0.0	16.18	0.23
19940731	0.68	17.92	0.22
19940801	0.2	14.5	0.21
19940802	0.32	11.76	0.2
19940803	6.82	13.07	0.22
19940804	2.72	14.62	0.27
19940805	0.01	11.37	0.28
19940806	0.0	10.55	0.24
19940807	0.0	12.02	0.22
19940808	0.01	12.8	0.21
19940809	0.0	10.71	0.18
19940810	0.03	10.55	0.17
19940811	0.16	10.71	0.16
19940812	0.75	9.08	0.15
19940813	0.37	7.64	0.13
19940814	0.19	10.34	0.13
19940815	1.39	13.41	0.13
19940816	10.32	8.68	0.2
19940817	0.54	9.89	0.25
19940818	4.72	10.54	0.24
19940819	7.26	10.51	0.45
19940820	2.2	9.52	1.55
19940821	0.03	9.4	1.21
19940822	5.62	13.35	0.73
19940823	5.64	10.03	0.73
19940824	3.66	10.93	0.66
19940825	16.81	10.98	1.09
19940826	10.46	8.18	1.93
19940827	21.81	8.13	3.87
19940828	14.53	9.31	10.41
19940829	1.78	9.75	4.81
19940830	5.77	9.3	2.49
19940831	0.6	8.91	1.65
19940901	0.25	10.46	1.14
19940902	0.0	11.54	0.84
19940903	9.42	11.66	0.99
19940904	2.22	8.7	1.13
19940905	1.25	8.62	1.04
19940906	1.82	8.44	0.94
19940907	1.84	8.35	0.9
19940908	8.65	6.59	1.5
19940909	1.93	8.46	1.58
19940910	10.06	8.46	3.23
19940911	3.39	9.56	4.13
19940912	2.81	8.7	2.32
19940913	0.18	6.21	1.5
19940914	0.45	5.81	1.1
19940915	0.69	5.92	0.88
19940916	2.23	5.68	0.75
19940917	0.03	6.3	0.76
19940918	1.67	7.52	0.71
19940919	5.86	8.67	1.07
19940920	0.12	7.33	1.43
19940921	0.0	10.88	1.05
19940922	0.1	12.97	0.79
19940923	0.75	11.26	0.69
19940924	0.03	5.58	0.71
19940925	1.44	7.42	0.65
19940926	5.78	6.68	0.8
19940927	10.29	6.57	1.9
19940928	11.06	10.3	10.16
19940929	20.93	10.61	13.78
19940930	8.01	7.43	17.4
19941001	16.9	7.22	6.85
19941002	2.99	2.79	7.9
19941003	11.62	0.97	4.32
19941004	2.73	3.97	7.3
19941005	1.57	8.23	5.59
19941006	4.15	9.55	5.78
19941007	2.73	8.53	4.59
19941008	0.19	8.81	2.66
19941009	0.0	8.85	1.82
19941010	0.17	11.42	1.36
19941011	0.68	7.19	1.16
19941012	0.03	8.17	1.01
19941013	0.01	9.55	0.88
19941014	2.39	12.93	0.82
19941015	0.29	5.87	0.93
19941016	0.04	1.45	0.84
19941017	0.0	3.42	0.73
19941018	0.01	5.38	0.63
19941019	1.57	8.31	0.59
19941020	3.06	6.57	0.72
19941021	0.14	6.64	0.75
19941022	0.92	7.58	0.69
19941023	11.93	5.68	2.31
19941024	6.04	2.96	4.34
19941025	0.39	3.73	2.75
19941026	3.7	3.84	1.53
19941027	2.58	3.69	1.57
19941028	0.42	3.07	1.67
19941029	6.88	0.76	2.62
19941030	8.3	2.21	3.72
19941031	25.04	4.45	7.47
19941101	4.15	2.55	12.44
19941102	0.8	4.45	3.62
19941103	1.07	8.24	1.93
19941104	0.22	6.64	1.49
19941105	2.53	6.34	1.34
19941106	0.16	5.55	1.28
19941107	0.0	5.63	1.09
19941108	1.37	7.85	0.95
19941109	9.08	7.98	1.67
19941110	11.01	6.24	4.37
19941111	1.77	5.56	4.74
19941112	4.34	6.72	3.26
19941113	33.17	7.53	9.79
19941114	20.67	5.38	25.5
19941115	8.48	4.23	12.51
19941116	18.12	3.22	10.24
19941117	5.62	0.7	9.58
19941118	14.16	5.19	7.68
19941119	10.21	6.12	12.56
19941120	12.98	4.76	10.89
19941121	0.43	8.28	5.64
19941122	4.08	9.57	3.66
19941123	12.94	7.18	8.96
19941124	0.16	6.42	4.05
19941125	3.76	9.32	2.96
19941126	5.81	8.44	3.24
19941127	0.93	6.59	4.65
19941128	1.65	6.71	3.8
19941129	0.03	2.54	3.16
19941130	0.56	4.65	1.83
19941201	3.15	5.81	1.49
19941202	0.94	8.61	1.76
19941203	13.32	3.96	4.21
19941204	0.13	-0.06	4.08
19941205	16.5	0.49	3.93
19941206	15.83	1.93	5.53
19941207	21.38	-0.22	7.41
19941208	24.51	1.34	10.99
19941209	37.81	4.7	30.46
19941210	39.31	7.67	40.44
19941211	33.37	7.29	30.97
19941212	14.76	2.68	27.5
19941213	1.31	-0.23	7.7
19941214	0.15	0.87	3.26
19941215	11.62	3.25	3.55
19941216	6.31	4.94	3.64
19941217	23.16	3.25	13.64
19941218	24.04	-0.07	6.22
19941219	14.0	0.42	5.5
19941220	2.42	-1.08	3.86
19941221	0.04	-1.81	2.21
19941222	6.03	4.46	8.56
19941223	13.48	7.01	30.83
19941224	7.18	5.36	10.38
19941225	14.7	1.43	11.14
19941226	8.48	-1.13	5.37
19941227	2.9	-0.65	2.87
19941228	21.5	3.01	16.18
19941229	4.17	1.59	12.23
19941230	6.77	-0.92	5.53
19941231	7.57	-3.19	3.21
19950101	3.02	-4.09	1.95
19950102	0.05	-4.66	1.59
19950103	0.28	-0.19	1.38
19950104	6.02	3.98	3.27
19950105	12.35	3.66	19.4
19950106	7.47	4.19	7.08
19950107	11.06	6.06	18.25
19950108	38.44	3.33	10.95
19950109	22.48	2.31	30.69
19950110	6.39	-1.16	6.66
19950111	1.49	-1.49	3.25
19950112	7.18	3.31	7.31
19950113	8.2	5.23	14.5
19950114	3.97	1.27	10.33
19950115	48.72	4.16	25.52
19950116	8.47	0.24	17.31
19950117	27.41	1.51	7.41
19950118	6.29	-0.97	9.49
19950119	11.12	-1.08	3.52
19950120	12.75	-0.5	3.33
19950121	26.56	-0.13	4.22
19950122	27.45	0.46	9.58
19950123	49.4	0.46	14.83
19950124	4.44	-1.05	9.73
19950125	0.73	-2.24	3.59
19950126	4.31	-4.53	2.06
19950127	9.88	-3.2	1.59
19950128	15.36	-0.89	1.66
19950129	0.06	-5.44	1.46
19950130	15.36	-1.69	2.07
19950131	17.85	2.5	21.44
19950201	2.64	0.19	12.15
19950202	16.67	3.15	9.24
19950203	14.97	3.61	30.31
19950204	2.63	4.17	12.6
19950205	14.63	7.39	28.14
19950206	28.35	3.62	49.27
19950207	0.1	-3.06	8.45
19950208	0.02	-5.32	3.02
19950209	0.04	-5.08	1.64
19950210	1.47	-1.67	1.27
19950211	20.06	1.43	4.3
19950212	10.99	2.19	9.98
19950213	8.16	1.87	5.67
19950214	55.18	1.91	15.81
19950215	9.34	0.98	26.35
19950216	5.81	0.55	6.06
19950217	4.29	0.53	3.74
19950218	24.65	1.12	4.23
19950219	8.54	0.19	6.46
19950220	12.63	-1.08	3.28
19950221	20.58	0.3	4.67
19950222	19.4	-0.16	5.44
19950223	4.78	-0.7	4.44
19950224	1.46	-0.51	2.56
19950225	0.64	-2.05	1.79
19950226	17.3	1.35	1.63
19950227	42.43	3.76	57.19
19950228	13.34	-0.34	18.67
19950301	7.57	-2.4	5.4
19950302	0.48	-5.1	2.82
19950303	0.26	-3.28	1.93
19950304	2.72	-2.23	1.62
19950305	6.04	-1.97	1.5
19950306	1.73	-1.85	1.34
19950307	2.63	-2.72	1.22
19950308	11.83	-1.62	1.15
19950309	3.17	1.1	1.43
19950310	10.29	4.06	14.11
19950311	2.83	2.47	11.65
19950312	0.45	7.45	12.63
19950313	8.87	4.64	18.41
19950314	14.75	-0.03	8.79
19950315	6.09	-1.16	3.89
19950316	18.02	-0.59	5.32
19950317	10.34	-0.77	3.53
19950318	3.09	0.73	2.52
19950319	8.51	-0.23	1.96
19950320	0.71	0.55	1.7
19950321	0.64	3.41	3.67
19950322	0.11	5.87	14.22
19950323	26.69	4.5	16.01
19950324	20.16	1.68	23.35
19950325	8.68	1.46	7.66
19950326	6.97	-1.85	7.36
19950327	2.6	-1.41	3.37
19950328	0.8	-4.44	2.06
19950329	2.25	1.37	1.62
19950330	9.74	6.88	17.91
19950331	0.78	5.43	13.27
19950401	0.09	6.76	8.11
19950402	16.13	4.85	10.14
19950403	2.42	0.71	10.59
19950404	8.11	3.55	5.47
19950405	0.17	7.27	7.63
19950406	7.04	7.52	6.14
19950407	0.38	2.18	7.18
19950408	0.09	5.67	2.96
19950409	2.56	5.42	2.37
19950410	0.9	7.98	2.75
19950411	3.8	5.85	4.1
19950412	0.0	7.11	2.61
19950413	0.0	7.61	1.83
19950414	4.12	5.6	1.85
19950415	10.35	4.06	3.51
19950416	15.58	2.14	7.38
19950417	7.19	-1.66	8.29
19950418	3.91	0.16	4.4
19950419	21.53	0.28	4.07
19950420	17.75	1.55	4.9
19950421	1.8	1.03	6.16
19950422	10.15	3.48	7.06
19950423	0.35	5.77	12.6
19950424	2.5	4.46	8.37
19950425	0.07	3.6	6.42
19950426	0.01	1.75	3.05
19950427	0.16	2.09	1.78
19950428	0.0	2.93	1.44
19950429	0.09	6.96	1.39
19950430	0.76	10.93	1.99
19950501	1.74	13.76	3.06
19950502	5.58	11.09	3.87
19950503	0.0	13.14	2.84
19950504	0.15	11.16	2.09
19950505	0.0	7.78	1.59
19950506	0.21	10.85	1.2
19950507	9.4	7.89	1.54
19950508	4.82	4.38	3.17
19950509	2.95	3.37	3.52
19950510	0.2	2.46	2.37
19950511	2.1	0.88	1.5
19950512	3.47	0.79	1.42
19950513	6.14	1.05	1.78
19950514	0.55	1.1	1.75
19950515	1.3	1.02	1.27
19950516	3.58	2.18	1.09
19950517	3.17	3.9	0.96
19950518	7.45	2.27	1.92
19950519	6.01	4.08	2.62
19950520	0.0	4.2	2.54
19950521	3.7	9.6	1.47
19950522	0.19	9.41	1.56
19950523	0.0	12.38	1.36
19950524	6.03	12.71	1.4
19950525	0.01	10.13	1.58
19950526	0.02	12.13	1.15
19950527	1.98	10.9	1.06
19950528	1.82	10.84	1.2
19950529	8.36	9.91	1.23
19950530	7.36	8.52	2.54
19950531	0.77	8.19	2.46
19950601	3.38	8.13	1.62
19950602	6.48	7.96	1.53
19950603	7.14	8.37	3.61
19950604	0.02	7.1	3.15
19950605	0.21	8.16	1.67
19950606	3.39	7.22	1.28
19950607	5.91	6.01	2.26
19950608	0.29	6.11	2.8
19950609	0.05	9.57	1.66
19950610	0.56	7.74	1.18
19950611	0.0	3.91	0.97
19950612	0.0	8.68	0.77
19950613	0.0	8.91	0.64
19950614	0.0	10.51	0.59
19950615	0.0	7.82	0.52
19950616	1.7	9.59	0.48
19950617	16.68	8.41	1.23
19950618	1.3	9.5	3.4
19950619	1.26	9.89	1.63
19950620	1.94	9.59	1.16
19950621	0.07	9.59	0.94
19950622	0.0	12.68	0.68
19950623	0.0	14.04	0.54
19950624	0.0	15.34	0.46
19950625	0.01	15.86	0.41
19950626	0.0	16.16	0.36
19950627	0.0	16.22	0.33
19950628	0.0	17.27	0.29
19950629	0.0	15.85	0.27
19950630	0.0	8.66	0.25
19950701	1.24	11.93	0.23
19950702	0.33	8.64	0.22
19950703	0.79	9.51	0.22
19950704	2.12	8.96	0.2
19950705	13.52	11.39	0.84
19950706	1.89	10.47	2.2
19950707	1.63	9.28	1.02
19950708	2.2	11.65	0.69
19950709	0.0	11.9	0.54
19950710	0.0	16.37	0.42
19950711	3.24	16.86	0.36
19950712	0.02	14.71	0.34
19950713	3.72	15.6	0.31
19950714	6.04	13.54	0.34
19950715	1.33	11.27	0.42
19950716	7.09	10.32	0.48
19950717	4.25	10.46	0.91
19950718	1.96	13.81	1.06
19950719	28.04	15.45	7.78
19950720	1.28	12.54	5.69
19950721	7.67	9.93	2.0
19950722	2.42	11.83	1.63
19950723	1.42	11.06	2.05
19950724	0.05	12.81	1.77
19950725	0.0	17.94	1.05
19950726	0.0	18.17	0.68
19950727	7.4	16.39	0.55
19950728	4.57	17.73	0.48
19950729	0.0	16.49	0.47
19950730	0.02	18.92	0.41
19950731	0.0	18.39	0.34
19950801	0.0	18.0	0.29
19950802	0.11	17.21	0.26
19950803	0.0	14.57	0.21
19950804	0.0	13.55	0.18
19950805	0.0	15.91	0.17
19950806	0.0	11.34	0.16
19950807	0.0	10.28	0.14
19950808	0.0	14.0	0.13
19950809	0.0	15.63	0.12
19950810	0.0	16.64	0.12
19950811	0.44	19.1	0.11
19950812	4.82	13.61	0.14
19950813	0.38	13.05	0.18
19950814	0.0	15.46	0.22
19950815	0.11	16.96	0.19
19950816	0.01	15.49	0.16
19950817	0.0	17.57	0.15
19950818	0.01	18.74	0.14
19950819	3.04	18.18	0.16
19950820	0.03	19.75	0.15
19950821	1.27	18.9	0.14
19950822	0.25	13.99	0.13
19950823	4.18	12.29	0.15
19950824	8.77	13.3	0.18
19950825	5.43	10.56	0.63
19950826	10.57	9.83	0.85
19950827	5.06	8.77	1.41
19950828	11.19	9.53	1.2
19950829	0.71	11.51	1.89
19950830	0.06	12.49	1.43
19950831	0.02	14.94	0.89
19950901	11.61	11.84	0.71
19950902	13.92	9.11	2.74
19950903	2.47	11.16	3.46
19950904	4.54	9.82	1.75
19950905	2.53	9.21	1.65
19950906	0.17	9.39	1.42
19950907	38.02	11.35	4.45
19950908	0.65	11.17	10.75
19950909	12.1	11.37	3.83
19950910	8.86	11.25	3.64
19950911	33.42	10.72	7.43
19950912	4.07	10.52	17.39
19950913	0.1	10.92	4.08
19950914	0.0	9.75	2.03
19950915	0.0	8.89	1.36
19950916	0.01	9.97	1.04
19950917	0.01	9.54	0.87
19950918	0.0	11.22	0.75
19950919	0.0	8.57	0.65
19950920	0.1	11.44	0.56
19950921	1.99	10.3	0.51
19950922	7.49	9.42	0.72
19950923	35.15	7.88	11.43
19950924	26.12	7.24	8.26
19950925	12.03	8.51	21.95
19950926	23.26	5.24	8.96
19950927	8.22	2.68	12.04
19950928	7.33	4.83	6.1
19950929	0.65	5.37	3.84
19950930	10.74	7.61	3.14
19951001	19.59	7.37	13.88
19951002	19.2	8.36	15.47
19951003	4.36	7.9	7.41
19951004	9.82	9.59	4.84
19951005	6.05	8.25	8.47
19951006	2.69	9.53	4.59
19951007	3.25	10.84	3.27
19951008	0.01	14.52	2.62
19951009	5.09	9.81	1.78
19951010	3.57	7.54	2.37
19951011	2.15	9.64	2.13
19951012	8.51	7.79	1.95
19951013	4.72	9.16	3.33
19951014	0.12	12.95	2.46
19951015	1.9	10.28	1.72
19951016	13.27	11.92	1.51
19951017	10.04	8.71	10.16
19951018	19.89	9.61	10.63
19951019	7.05	5.97	11.28
19951020	0.15	3.86	5.18
19951021	16.91	6.06	5.11
19951022	3.31	5.15	9.63
19951023	4.82	9.05	4.95
19951024	34.66	8.27	11.64
19951025	44.17	5.88	18.18
19951026	4.04	4.93	12.23
19951027	8.08	4.01	7.33
19951028	0.04	5.59	5.23
19951029	1.67	6.64	3.0
19951030	17.44	9.21	4.32
19951031	0.24	6.08	5.32
19951101	0.52	3.67	3.04
19951102	0.23	4.33	2.23
19951103	0.01	1.73	1.69
19951104	0.02	4.27	1.38
19951105	0.11	6.89	1.22
19951106	4.64	8.08	1.12
19951107	11.93	7.93	2.99
19951108	1.64	2.6	7.22
19951109	0.1	1.88	2.98
19951110	0.66	2.08	1.89
19951111	4.27	5.6	2.71
19951112	0.01	7.54	2.6
19951113	0.02	6.61	1.8
19951114	10.91	4.42	1.7
19951115	4.27	-0.23	2.71
19951116	0.42	-2.25	2.06
19951117	2.26	-1.16	1.47
19951118	11.59	2.8	3.88
19951119	0.97	2.94	7.42
19951120	1.84	5.69	3.61
19951121	9.28	6.88	3.25
19951122	37.55	6.53	14.55
19951123	27.63	8.17	41.75
19951124	26.24	5.33	20.65
19951125	0.98	1.53	8.6
19951126	17.22	2.37	8.94
19951127	2.12	3.0	6.44
19951128	0.02	4.01	3.62
19951129	0.01	4.8	2.41
19951130	0.0	5.16	1.82
19951201	0.01	5.74	1.47
19951202	2.76	8.48	1.42
19951203	6.14	3.65	2.15
19951204	0.24	0.03	1.81
19951205	0.01	-0.83	1.35
19951206	0.22	-0.93	1.09
19951207	0.0	-2.75	0.96
19951208	0.4	-0.57	0.81
19951209	0.47	5.86	0.95
19951210	0.0	5.2	0.99
19951211	0.19	1.69	0.87
19951212	0.06	1.72	0.77
19951213	0.57	-0.2	0.71
19951214	0.15	-0.14	0.69
19951215	0.13	0.11	0.65
19951216	0.07	0.46	0.61
19951217	0.03	-1.25	0.59
19951218	0.18	-1.61	0.54
19951219	0.02	-4.61	0.5
19951220	0.03	-7.05	0.38
19951221	3.27	-3.77	0.36
19951222	2.29	-2.66	0.42
19951223	5.81	-4.19	0.4
19951224	5.85	-4.06	0.42
19951225	5.82	-8.01	0.43
19951226	0.0	-9.34	0.57
19951227	0.0	-9.73	0.59
19951228	0.0	-10.46	0.71
19951229	0.0	-10.87	0.82
19951230	0.0	-5.43	0.86
19951231	0.68	0.03	0.73
19960101	1.35	1.44	0.94
19960102	2.21	3.25	1.74
19960103	0.22	4.42	4.54
19960104	1.86	3.07	4.35
19960105	1.81	3.84	3.4
19960106	0.2	1.96	2.87
19960107	3.87	3.47	2.1
19960108	4.36	5.74	3.05
19960109	1.36	5.01	3.17
19960110	0.07	0.67	2.06
19960111	0.98	2.42	1.39
19960112	2.8	4.29	1.42
19960113	0.73	5.5	1.41
19960114	0.18	7.32	1.33
19960115	0.93	6.41	1.23
19960116	3.51	5.47	1.18
19960117	0.19	6.33	1.55
19960118	5.93	4.78	1.41
19960119	0.11	3.21	2.12
19960120	0.0	2.03	1.51
19960121	0.0	-0.28	1.04
19960122	0.02	0.34	0.83
19960123	0.0	-0.8	0.7
19960124	0.0	-1.04	0.55
19960125	0.0	-3.26	0.41
19960126	5.95	-3.11	0.42
19960127	0.17	-0.98	0.43
19960128	0.06	-4.32	1.04
19960129	0.0	-4.79	0.9
19960130	0.2	-2.94	0.47
19960131	0.05	-3.9	0.41
19960201	0.01	-2.84	0.43
19960202	0.07	-1.75	0.4
19960203	0.06	-4.48	0.35
19960204	1.17	-2.8	0.35
19960205	0.62	-1.08	0.37
19960206	1.54	-4.06	0.36
19960207	0.83	-4.43	0.37
19960208	1.08	-3.45	0.34
19960209	11.04	0.25	0.5
19960210	6.78	0.53	1.77
19960211	2.74	1.31	2.51
19960212	2.0	-0.57	2.47
19960213	0.13	-2.66	1.51
19960214	2.35	0.74	1.18
19960215	34.32	4.52	19.06
19960216	19.62	1.19	17.52
19960217	21.88	1.69	12.1
19960218	7.68	-1.39	8.5
19960219	1.02	-4.32	3.02
19960220	0.92	-2.43	1.78
19960221	1.56	0.87	2.08
19960222	4.62	0.84	2.32
19960223	15.53	0.79	5.05
19960224	5.28	-1.24	4.15
19960225	0.33	-1.81	2.22
19960226	0.71	-0.33	1.64
19960227	1.41	1.73	1.6
19960228	0.87	4.19	3.13
19960229	1.04	4.7	5.9
19960301	0.31	4.33	5.08
19960302	0.41	4.37	4.32
19960303	0.0	4.68	3.21
19960304	0.02	2.72	2.29
19960305	1.15	3.85	1.76
19960306	0.0	1.89	1.71
19960307	0.0	0.69	1.4
19960308	0.0	0.86	1.07
19960309	0.01	2.2	0.85
19960310	0.28	6.0	0.74
19960311	6.1	4.47	1.3
19960312	4.33	0.03	3.51
19960313	0.02	-1.62	1.93
19960314	0.0	-0.96	1.07
19960315	0.18	0.63	0.81
19960316	0.35	1.22	0.69
19960317	0.28	0.3	0.64
19960318	0.06	1.57	0.62
19960319	3.93	0.05	0.63
19960320	7.63	-0.1	0.83
19960321	0.06	0.13	0.99
19960322	0.28	1.44	1.06
19960323	0.0	1.05	1.02
19960324	0.0	1.63	1.03
19960325	0.02	1.36	0.94
19960326	0.08	-0.16	0.79
19960327	11.57	0.82	0.89
19960328	3.38	1.43	1.73
19960329	0.1	0.86	1.56
19960330	0.02	0.32	1.13
19960331	2.55	2.18	0.93
19960401	4.56	2.35	1.56
19960402	0.18	3.96	1.61
19960403	0.2	3.82	1.53
19960404	0.01	5.19	1.28
19960405	0.0	3.92	1.0
19960406	0.0	4.32	0.88
19960407	0.07	6.76	0.82
19960408	0.02	9.19	1.03
19960409	0.01	10.93	1.46
19960410	9.67	6.55	1.7
19960411	0.04	4.62	1.71
19960412	1.02	0.98	1.15
19960413	2.08	2.17	0.88
19960414	2.22	6.61	1.07
19960415	0.07	9.79	1.15
19960416	8.39	8.5	1.19
19960417	7.68	4.39	2.75
19960418	7.78	4.82	4.65
19960419	3.4	5.79	3.23
19960420	3.67	8.01	2.05
19960421	17.64	7.05	5.09
19960422	0.13	5.78	5.88
19960423	12.13	5.06	3.35
19960424	8.09	5.64	9.82
19960425	7.03	8.27	5.18
19960426	9.16	7.9	6.03
19960427	8.4	5.05	7.08
19960428	2.8	3.97	3.92
19960429	6.56	3.7	4.7
19960430	2.84	1.72	2.99
19960501	1.57	0.77	2.6
19960502	1.48	1.6	1.96
19960503	3.16	1.75	1.64
19960504	1.13	4.85	1.58
19960505	3.73	4.31	1.79
19960506	1.28	2.83	1.89
19960507	1.23	4.71	1.49
19960508	0.02	2.49	1.19
19960509	0.02	3.99	0.95
19960510	0.01	3.5	0.79
19960511	0.0	5.24	0.69
19960512	0.17	6.99	0.63
19960513	0.0	8.56	0.58
19960514	1.16	6.41	0.53
19960515	0.14	3.23	0.51
19960516	6.33	1.76	0.56
19960517	7.41	2.14	1.04
19960518	3.33	3.45	1.14
19960519	5.74	4.87	2.29
19960520	0.37	5.63	1.9
19960521	0.1	6.25	1.21
19960522	2.09	7.82	0.94
19960523	4.94	7.3	1.04
19960524	3.02	7.45	2.06
19960525	0.7	6.16	1.71
19960526	0.13	6.22	1.25
19960527	1.41	6.3	0.91
19960528	6.32	7.63	1.02
19960529	2.83	8.98	1.24
19960530	12.69	9.88	1.91
19960531	16.25	6.57	5.83
19960601	16.74	7.31	16.92
19960602	0.46	6.38	9.3
19960603	11.37	8.07	4.27
19960604	3.07	10.69	6.13
19960605	1.52	10.96	3.02
19960606	0.04	10.98	1.96
19960607	0.8	11.15	1.36
19960608	0.07	11.15	1.01
19960609	2.88	11.23	0.84
19960610	0.45	9.51	0.87
19960611	13.39	8.63	1.5
19960612	5.89	9.06	5.04
19960613	0.01	9.09	2.82
19960614	0.0	12.78	1.46
19960615	0.0	14.01	0.97
19960616	0.01	15.31	0.76
19960617	0.51	9.64	0.61
19960618	0.01	8.2	0.55
19960619	0.01	8.88	0.52
19960620	0.36	7.02	0.48
19960621	0.02	6.15	0.44
19960622	0.0	8.08	0.4
19960623	0.0	11.03	0.37
19960624	0.0	13.74	0.35
19960625	2.45	13.35	0.34
19960626	0.03	10.2	0.33
19960627	0.27	11.49	0.31
19960628	10.36	11.03	0.37
19960629	1.24	8.09	1.25
19960630	4.76	8.69	1.55
19960701	7.76	8.01	1.75
19960702	0.44	9.91	1.57
19960703	1.35	8.84	1.03
19960704	3.21	9.56	0.87
19960705	9.38	8.17	1.24
19960706	1.23	8.55	1.8
19960707	0.01	8.11	1.42
19960708	6.94	10.99	1.06
19960709	0.1	11.8	1.15
19960710	10.94	11.75	1.53
19960711	0.3	10.36	4.55
19960712	3.96	11.33	1.94
19960713	0.03	10.97	1.43
19960714	1.19	10.03	1.06
19960715	0.12	9.9	0.86
19960716	0.0	12.36	0.71
19960717	0.0	13.76	0.57
19960718	0.0	16.07	0.49
19960719	0.01	15.57	0.43
19960720	0.01	15.48	0.38
19960721	0.93	15.96	0.34
19960722	12.13	14.36	0.42
19960723	2.5	9.96	0.56
19960724	0.02	11.33	0.57
19960725	1.82	12.87	0.49
19960726	2.19	11.11	0.52
19960727	0.02	10.68	0.57
19960728	0.01	11.26	0.54
19960729	2.58	12.75	0.46
19960730	3.81	9.91	0.46
19960731	18.12	9.28	3.37
19960801	1.91	9.44	4.41
19960802	0.66	11.09	1.82
19960803	0.49	13.14	1.21
19960804	0.0	15.56	0.86
19960805	1.53	13.33	0.65
19960806	1.84	12.77	0.64
19960807	0.01	10.78	0.58
19960808	0.91	11.22	0.48
19960809	0.81	12.66	0.44
19960810	15.69	10.81	0.95
19960811	0.0	13.74	1.19
19960812	0.02	13.92	0.76
19960813	0.04	12.02	0.58
19960814	0.0	12.73	0.49
19960815	2.3	15.82	0.41
19960816	1.7	13.66	0.47
19960817	0.96	16.0	0.59
19960818	0.17	17.79	0.54
19960819	0.71	15.53	0.46
19960820	8.41	11.91	0.46
19960821	4.17	11.88	0.83
19960822	4.08	13.42	0.86
19960823	0.85	10.83	0.82
19960824	3.47	10.66	1.46
19960825	12.75	11.43	4.23
19960826	3.93	11.91	3.47
19960827	1.47	10.68	2.33
19960828	0.96	9.9	1.52
19960829	0.73	10.1	1.11
19960830	1.07	9.07	0.9
19960831	3.06	10.57	0.81
19960901	10.94	12.58	2.74
19960902	0.73	14.62	2.71
19960903	1.74	15.52	1.76
19960904	0.01	14.27	1.36
19960905	0.02	12.53	1.01
19960906	0.0	10.51	0.79
19960907	0.0	12.51	0.63
19960908	0.0	11.19	0.54
19960909	0.19	9.66	0.48
19960910	0.89	10.62	0.45
19960911	0.16	8.96	0.47
19960912	0.01	5.45	0.44
19960913	0.0	9.47	0.41
19960914	2.16	10.16	0.4
19960915	0.01	10.68	0.4
19960916	0.0	12.07	0.36
19960917	0.01	10.83	0.31
19960918	0.0	9.05	0.29
19960919	0.0	9.09	0.27
19960920	0.0	8.71	0.25
19960921	0.0	7.9	0.25
19960922	0.01	8.77	0.23
19960923	0.01	10.72	0.22
19960924	0.91	10.52	0.22
19960925	1.39	10.57	0.23
19960926	6.7	9.79	0.27
19960927	20.2	7.89	1.6
19960928	18.65	7.97	8.89
19960929	19.24	8.23	10.0
19960930	6.18	6.56	10.79
19961001	2.71	6.8	4.0
19961002	17.72	8.29	3.05
19961003	25.76	5.62	16.89
19961004	19.89	5.95	20.39
19961005	15.05	8.22	11.77
19961006	5.63	10.77	8.95
19961007	3.35	6.1	9.29
19961008	4.33	7.05	4.23
19961009	0.89	5.01	3.99
19961010	0.83	6.97	2.38
19961011	20.59	8.63	10.88
19961012	11.16	7.42	10.37
19961013	0.8	10.75	6.27
19961014	16.2	10.02	4.2
19961015	1.31	6.03	7.27
19961016	0.6	5.22	3.05
19961017	1.04	7.14	2.0
19961018	32.97	7.51	7.94
19961019	2.47	7.2	14.02
19961020	9.87	9.92	6.83
19961021	1.85	7.11	5.17
19961022	0.2	10.53	2.7
19961023	6.47	12.85	2.77
19961024	20.34	10.83	5.74
19961025	5.01	5.43	7.89
19961026	6.77	5.77	4.06
19961027	12.16	6.99	5.04
19961028	17.3	2.76	14.63
19961029	3.02	3.79	6.26
19961030	10.77	7.24	9.5
19961031	6.11	7.03	10.03
19961101	28.92	8.06	13.13
19961102	39.35	8.54	33.61
19961103	26.1	5.85	29.43
19961104	8.7	3.55	10.87
19961105	42.63	3.11	18.12
19961106	9.26	0.49	25.97
19961107	10.32	0.07	6.29
19961108	20.71	0.39	11.65
19961109	1.31	0.36	5.95
19961110	0.11	-0.55	3.2
19961111	1.15	-0.68	2.35
19961112	0.85	0.91	2.04
19961113	3.13	4.98	3.38
19961114	0.54	8.13	5.97
19961115	3.3	6.88	3.82
19961116	8.94	3.35	5.27
19961117	1.01	-2.47	4.3
19961118	0.1	-4.44	2.12
19961119	0.03	-4.64	1.44
19961120	1.18	-3.32	1.22
19961121	0.62	-4.07	1.12
19961122	11.85	-2.4	1.05
19961123	6.37	-2.21	1.14
19961124	13.81	-0.39	1.18
19961125	0.24	-2.16	1.95
19961126	0.0	-3.29	1.41
19961127	1.12	-0.85	1.14
19961128	16.21	0.52	2.16
19961129	17.54	1.66	11.01
19961130	7.66	3.24	10.7
19961201	26.35	2.6	21.67
19961202	22.49	-0.05	18.68
19961203	2.68	-1.14	5.4
19961204	4.83	-0.38	3.35
19961205	0.32	-2.36	2.44
19961206	3.35	1.64	1.77
19961207	1.25	7.57	8.71
19961208	1.71	8.25	8.28
19961209	1.01	6.12	5.74
19961210	0.17	3.47	3.0
19961211	3.78	1.85	2.03
19961212	0.07	-2.9	2.25
19961213	2.62	-0.44	1.64
19961214	13.83	3.58	5.6
19961215	3.87	2.23	6.82
19961216	0.14	1.14	4.59
19961217	3.45	-0.4	2.55
19961218	5.65	1.66	3.85
19961219	0.01	-0.88	2.37
19961220	0.0	-3.31	1.46
19961221	0.0	-5.55	0.93
19961222	0.0	-6.27	0.88
19961223	0.0	-4.78	0.77
19961224	0.0	-6.2	0.7
19961225	0.25	-2.98	0.78
19961226	7.09	-0.09	0.64
19961227	0.05	-1.23	0.75
19961228	0.18	-2.33	0.65
19961229	0.5	-1.06	0.58
19961230	0.4	-2.17	0.58
19961231	0.0	-5.26	0.62
19970101	4.77	-3.05	0.61
19970102	2.23	-1.44	0.56
19970103	0.28	-4.26	0.53
19970104	0.05	-4.71	0.47
19970105	0.17	-2.49	0.45
19970106	0.04	-4.03	0.44
19970107	0.15	-4.54	0.42
19970108	0.12	-3.72	0.39
19970109	0.06	-2.84	0.38
19970110	0.11	-1.74	0.37
19970111	34.94	4.57	13.37
19970112	17.48	7.84	35.35
19970113	3.81	7.14	10.11
19970114	8.3	6.64	9.99
19970115	0.02	2.69	4.97
19970116	0.19	1.84	2.44
19970117	4.92	2.79	2.19
19970118	10.84	1.8	3.23
19970119	0.05	-0.54	4.2
19970120	0.16	0.13	2.2
19970121	0.12	1.09	1.53
19970122	0.71	0.12	1.21
19970123	3.06	1.66	1.08
19970124	1.3	1.33	1.48
19970125	0.19	3.81	1.37
19970126	1.0	4.04	1.4
19970127	1.16	3.14	1.65
19970128	0.1	3.79	1.53
19970129	0.18	3.02	1.29
19970130	0.08	1.81	1.1
19970131	0.14	0.62	0.96
19970201	7.7	1.26	0.91
19970202	8.64	0.7	1.48
19970203	22.4	2.25	13.14
19970204	1.16	-1.06	5.32
19970205	15.44	2.36	2.84
19970206	18.01	3.19	15.31
19970207	15.14	1.48	7.92
19970208	29.02	4.74	26.54
19970209	22.92	3.64	15.79
19970210	18.04	0.7	16.03
19970211	3.09	1.0	7.11
19970212	15.17	1.09	8.44
19970213	11.27	0.25	8.54
19970214	10.28	0.79	4.49
19970215	0.72	1.96	3.36
19970216	18.27	3.29	8.98
19970217	31.78	3.21	22.78
19970218	15.05	-0.56	8.77
19970219	43.07	2.47	23.85
19970220	28.37	0.93	18.33
19970221	21.57	3.24	23.27
19970222	22.37	4.39	31.82
19970223	10.58	0.93	14.63
19970224	20.77	-0.1	7.29
19970225	3.49	-1.03	8.66
19970226	1.86	-0.04	3.91
19970227	18.17	4.76	13.74
19970228	38.86	2.05	13.99
19970301	62.91	3.28	53.87
19970302	18.28	1.53	16.69
19970303	1.34	3.66	7.47
19970304	7.2	4.52	4.39
19970305	6.14	2.71	11.56
19970306	3.41	5.12	5.0
19970307	8.59	2.99	7.38
19970308	0.13	4.07	4.25
19970309	0.0	4.87	2.36
19970310	0.01	6.93	1.85
19970311	0.01	8.53	1.74
19970312	3.51	7.73	2.02
19970313	4.93	6.6	4.13
19970314	4.94	6.16	3.76
19970315	15.99	4.99	6.3
19970316	2.46	7.06	9.77
19970317	3.93	5.27	4.34
19970318	8.29	4.01	5.91
19970319	5.23	3.3	6.99
19970320	0.42	0.74	3.78
19970321	8.21	3.61	3.33
19970322	0.3	2.36	4.28
19970323	3.65	5.22	2.41
19970324	4.73	5.84	2.42
19970325	28.64	6.69	7.48
19970326	13.84	4.3	22.02
19970327	15.12	2.49	9.4
19970328	10.62	3.38	7.21
19970329	0.79	5.71	7.65
19970330	0.22	7.03	4.17
19970331	1.59	6.96	3.11
19970401	2.02	6.49	2.93
19970402	20.91	3.3	5.85
19970403	6.32	-0.24	7.1
19970404	56.43	3.03	27.59
19970405	6.16	3.06	21.37
19970406	0.45	5.94	5.55
19970407	0.02	6.7	2.99
19970408	2.41	6.41	2.24
19970409	0.03	7.22	2.07
19970410	0.26	7.84	1.6
19970411	0.0	3.43	1.31
19970412	0.03	7.15	1.14
19970413	3.39	6.65	1.2
19970414	0.01	4.76	1.29
19970415	0.0	8.28	1.1
19970416	0.0	5.59	0.92
19970417	0.01	5.96	0.82
19970418	1.72	3.17	0.78
19970419	0.0	1.01	0.75
19970420	4.94	4.41	0.69
19970421	0.02	2.0	0.77
19970422	2.43	3.65	0.72
19970423	26.0	5.56	8.56
19970424	1.74	2.52	6.76
19970425	0.07	3.24	2.33
19970426	0.0	4.33	1.36
19970427	4.61	9.08	1.06
19970428	7.46	9.23	2.77
19970429	2.1	7.5	7.04
19970430	0.29	11.45	2.93
19970501	0.05	12.96	1.7
19970502	0.0	10.23	1.18
19970503	7.89	9.5	1.0
19970504	18.77	2.8	7.8
19970505	4.76	-0.63	4.41
19970506	22.91	0.36	3.93
19970507	8.47	2.02	8.24
19970508	0.59	3.1	8.54
19970509	1.07	5.85	5.35
19970510	2.69	4.34	4.13
19970511	2.44	5.29	3.51
19970512	8.9	5.81	4.49
19970513	7.79	6.46	7.51
19970514	0.65	7.52	4.68
19970515	0.0	9.44	2.39
19970516	0.81	12.01	1.58
19970517	3.64	9.76	1.35
19970518	25.24	8.83	6.54
19970519	3.13	6.12	5.4
19970520	2.22	4.29	4.83
19970521	0.14	2.92	2.72
19970522	0.01	3.16	1.72
19970523	0.0	5.13	1.27
19970524	0.0	7.92	1.01
19970525	5.17	9.68	0.93
19970526	0.02	7.9	1.31
19970527	0.0	9.71	1.08
19970528	0.0	12.73	0.88
19970529	0.0	14.3	0.74
19970530	0.0	14.39	0.63
19970531	0.0	13.1	0.54
19970601	0.0	11.88	0.48
19970602	0.04	11.27	0.44
19970603	0.0	11.24	0.39
19970604	0.0	13.58	0.36
19970605	6.41	13.07	0.35
19970606	0.92	13.17	0.41
19970607	0.01	14.34	0.37
19970608	0.15	8.61	0.34
19970609	2.65	8.89	0.33
19970610	3.5	12.73	0.34
19970611	10.46	11.18	0.4
19970612	19.71	8.18	2.21
19970613	13.39	5.75	9.15
19970614	0.19	4.72	3.54
19970615	0.08	7.25	1.53
19970616	0.05	9.68	0.97
19970617	0.87	11.05	0.72
19970618	3.53	9.31	0.67
19970619	17.71	10.37	1.34
19970620	5.79	10.19	3.94
19970621	7.67	9.85	3.25
19970622	0.0	8.73	3.16
19970623	0.02	7.13	1.58
19970624	0.06	9.35	1.02
19970625	0.48	6.3	0.79
19970626	5.6	6.27	0.79
19970627	0.28	6.79	0.81
19970628	0.0	8.78	0.71
19970629	0.01	10.56	0.6
19970630	12.29	6.98	0.58
19970701	17.44	6.74	7.55
19970702	0.86	8.45	4.9
19970703	0.14	10.43	2.03
19970704	0.76	10.54	1.28
19970705	2.44	13.27	1.03
19970706	8.68	12.39	1.44
19970707	1.2	12.76	3.73
19970708	0.0	13.69	2.06
19970709	0.69	16.18	1.23
19970710	10.38	16.06	0.92
19970711	0.08	15.71	0.77
19970712	0.28	14.94	0.61
19970713	0.93	12.14	0.55
19970714	0.03	11.83	0.48
19970715	1.74	13.07	0.45
19970716	3.76	10.9	0.5
19970717	0.21	11.27	0.69
19970718	0.0	13.04	0.66
19970719	0.01	15.3	0.55
19970720	0.0	16.32	0.46
19970721	0.01	16.3	0.39
19970722	0.04	16.64	0.33
19970723	8.11	12.57	0.58
19970724	5.59	13.73	0.44
19970725	0.72	10.29	0.43
19970726	10.82	12.35	0.98
19970727	3.24	12.73	0.86
19970728	1.38	11.94	0.78
19970729	3.26	12.65	0.68
19970730	13.96	11.89	1.76
19970731	2.33	12.94	5.48
19970801	1.45	12.33	2.68
19970802	0.12	11.5	1.91
19970803	0.0	10.53	1.2
19970804	0.0	12.91	0.84
19970805	0.0	13.69	0.63
19970806	0.0	13.65	0.51
19970807	0.0	17.41	0.43
19970808	1.16	15.83	0.4
19970809	5.97	14.97	0.37
19970810	0.04	17.8	0.46
19970811	0.94	17.58	0.46
19970812	0.03	18.35	0.42
19970813	55.6	18.63	5.37
19970814	3.46	17.99	3.96
19970815	1.23	15.13	1.95
19970816	2.02	16.98	1.33
19970817	0.1	14.53	0.92
19970818	0.01	15.47	0.7
19970819	0.14	19.24	0.57
19970820	1.92	18.11	0.48
19970821	0.74	14.47	0.46
19970822	2.0	12.84	0.45
19970823	0.88	9.18	0.49
19970824	1.45	11.37	0.56
19970825	2.51	11.66	0.51
19970826	0.0	12.79	0.45
19970827	3.66	11.47	0.41
19970828	3.27	12.71	0.38
19970829	2.15	12.09	0.4
19970830	3.52	9.91	0.44
19970831	1.52	11.04	0.55
19970901	0.4	9.17	0.53
19970902	1.6	11.68	0.48
19970903	13.89	12.64	0.7
19970904	24.45	9.88	6.81
19970905	9.37	10.51	11.21
19970906	11.29	10.32	11.13
19970907	7.14	11.71	7.13
19970908	0.2	10.29	5.03
19970909	0.01	9.39	2.02
19970910	3.24	11.09	1.31
19970911	4.4	7.14	1.26
19970912	23.56	5.47	6.44
19970913	11.69	5.56	7.38
19970914	30.27	8.84	14.67
19970915	10.63	9.46	17.96
19970916	8.3	8.71	10.45
19970917	1.44	6.18	5.02
19970918	0.38	6.32	2.67
19970919	0.01	4.66	1.81
19970920	0.01	8.6	1.38
19970921	0.0	10.61	1.14
19970922	0.03	9.77	0.98
19970923	0.04	10.81	0.86
19970924	0.04	11.05	0.75
19970925	0.0	10.94	0.66
19970926	0.35	10.15	0.61
19970927	0.02	9.34	0.58
19970928	3.19	11.2	0.58
19970929	0.06	9.2	0.67
19970930	0.75	10.71	0.62
19971001	0.96	8.74	0.64
19971002	0.76	9.69	0.53
19971003	2.4	11.11	0.67
19971004	11.43	12.09	3.03
19971005	5.07	11.85	5.81
19971006	2.72	7.24	3.58
19971007	3.8	7.35	2.03
19971008	7.99	7.21	3.5
19971009	4.4	7.26	3.86
19971010	9.11	5.09	3.77
19971011	1.57	3.47	3.96
19971012	10.84	3.79	4.43
19971013	1.75	3.7	4.49
19971014	6.56	6.05	3.74
19971015	2.96	8.31	2.91
19971016	1.2	11.26	2.31
19971017	0.87	7.62	1.88
19971018	0.13	7.8	1.5
19971019	0.41	4.64	1.28
19971020	0.02	-0.46	1.11
19971021	0.08	1.9	0.94
19971022	0.02	3.27	0.86
19971023	0.24	1.78	0.79
19971024	0.09	2.6	0.72
19971025	0.15	5.66	0.68
19971026	0.16	4.64	0.67
19971027	0.06	5.34	0.63
19971028	0.01	4.38	0.59
19971029	0.82	5.96	0.55
19971030	0.46	8.21	0.56
19971031	1.11	9.94	0.6
19971101	0.48	8.06	0.67
19971102	0.13	5.19	0.73
19971103	0.1	4.78	0.67
19971104	0.81	3.88	0.6
19971105	7.52	5.25	0.63
19971106	8.89	4.71	2.63
19971107	0.29	3.41	2.29
19971108	5.75	2.31	1.95
19971109	1.01	3.06	1.75
19971110	0.09	3.17	1.29
19971111	8.99	4.07	1.08
19971112	6.8	4.89	5.65
19971113	2.33	3.24	3.31
19971114	14.8	5.88	7.29
19971115	0.55	10.24	3.77
19971116	19.4	10.82	6.34
19971117	7.16	10.35	5.79
19971118	2.06	9.24	5.13
19971119	3.61	7.88	2.7
19971120	6.0	5.86	2.6
19971121	0.01	3.84	2.92
19971122	0.03	1.9	1.87
19971123	0.38	2.91	1.37
19971124	0.35	4.99	1.19
19971125	2.0	4.9	1.09
19971126	1.1	5.64	1.06
19971127	0.91	4.53	1.05
19971128	4.53	4.2	1.07
19971129	2.29	2.16	1.97
19971130	0.16	-0.84	1.6
19971201	4.4	-0.99	1.23
19971202	1.78	-0.9	1.1
19971203	1.78	-0.04	1.02
19971204	11.53	3.3	1.69
19971205	37.59	8.29	24.22
19971206	10.36	8.56	20.09
19971207	9.63	7.38	10.16
19971208	7.57	5.06	7.52
19971209	2.42	3.99	6.02
19971210	0.92	1.8	3.45
19971211	0.58	0.08	2.25
19971212	14.04	2.38	3.18
19971213	0.09	2.41	4.5
19971214	0.19	2.39	2.27
19971215	0.13	-0.44	1.6
19971216	0.06	-0.12	1.24
19971217	0.06	1.45	0.97
19971218	4.81	3.37	1.32
19971219	11.88	3.25	3.15
19971220	1.49	2.71	3.02
19971221	0.28	1.62	2.18
19971222	2.11	1.2	1.64
19971223	12.8	3.99	2.52
19971224	13.85	2.4	8.12
19971225	4.6	1.52	6.65
19971226	5.93	2.01	3.99
19971227	21.21	1.92	9.43
19971228	7.23	1.19	9.53
19971229	0.28	1.24	4.29
19971230	18.79	4.54	5.81
19971231	9.62	0.96	9.68
19980101	16.08	2.88	9.63
19980102	20.55	2.56	11.32
19980103	40.39	2.33	27.77
19980104	0.72	-0.26	11.44
19980105	0.54	-1.14	3.52
19980106	1.78	-0.71	2.13
19980107	3.73	0.96	1.79
19980108	13.88	3.74	2.26
19980109	43.99	7.23	35.49
19980110	7.91	8.33	16.96
19980111	0.46	6.7	6.12
19980112	4.1	5.74	3.24
19980113	3.27	2.52	2.54
19980114	4.86	1.42	2.36
19980115	11.12	0.85	2.5
19980116	7.04	-0.77	4.49
19980117	13.45	-1.36	2.4
19980118	5.64	-2.3	2.06
19980119	0.04	-4.79	1.66
19980120	3.99	-0.53	1.67
19980121	14.51	6.96	17.16
19980122	9.25	5.56	21.34
19980123	0.35	-0.07	7.37
19980124	0.0	-2.81	2.95
19980125	0.04	-2.74	1.69
19980126	0.32	-1.72	1.25
19980127	0.05	2.35	1.24
19980128	1.41	3.32	1.28
19980129	4.53	3.29	1.84
19980130	0.7	1.03	2.42
19980131	1.8	0.2	1.67
19980201	8.31	1.0	1.71
19980202	3.0	0.43	1.85
19980203	13.65	2.71	6.18
19980204	19.37	3.15	11.55
19980205	6.15	4.87	11.7
19980206	29.57	1.91	16.31
19980207	7.3	3.41	7.5
19980208	10.48	7.37	15.05
19980209	8.61	5.14	13.09
19980210	38.73	5.37	12.93
19980211	35.28	8.55	41.54
19980212	32.06	9.51	30.22
19980213	7.88	9.82	15.47
19980214	8.72	9.38	14.32
19980215	11.4	8.78	9.56
19980216	1.16	4.6	9.32
19980217	0.47	9.03	4.2
19980218	0.14	7.13	2.6
19980219	15.29	7.14	2.53
19980220	28.15	5.34	18.99
19980221	8.75	1.76	8.89
19980222	14.1	5.34	7.69
19980223	9.26	8.21	14.64
19980224	0.34	7.01	8.48
19980225	9.36	4.23	3.91
19980226	49.52	1.93	18.79
19980227	6.26	-2.01	14.48
19980228	4.46	-5.25	4.45
19980301	19.47	-2.56	2.85
19980302	9.45	0.82	2.8
19980303	4.85	0.19	6.31
19980304	6.83	-1.66	4.37
19980305	5.25	-4.16	2.79
19980306	31.07	-1.88	2.13
19980307	2.92	-1.87	2.2
19980308	0.14	-1.87	1.85
19980309	2.3	1.29	2.09
19980310	11.55	1.6	8.9
19980311	6.71	-0.48	7.62
19980312	10.87	4.38	23.71
19980313	0.4	5.7	20.78
19980314	0.25	7.41	17.38
19980315	16.93	6.72	16.33
19980316	7.91	4.93	20.0
19980317	13.52	4.49	9.83
19980318	3.18	3.27	6.68
19980319	5.19	5.49	5.53
19980320	0.51	4.7	4.79
19980321	0.02	4.84	2.94
19980322	0.0	4.24	2.1
19980323	7.31	3.21	2.05
19980324	1.06	2.76	2.57
19980325	7.47	6.17	1.95
19980326	14.35	5.48	9.82
19980327	0.35	7.52	5.34
19980328	5.06	6.14	3.05
19980329	11.19	6.22	4.14
19980330	2.0	7.34	4.74
19980331	0.55	4.81	3.22
19980401	0.04	3.0	2.16
19980402	2.74	3.12	1.49
19980403	24.5	1.96	3.22
19980404	35.78	2.25	17.8
19980405	11.0	3.25	11.45
19980406	10.63	5.47	13.65
19980407	20.42	3.24	11.38
19980408	12.22	-0.01	12.72
19980409	1.03	-3.46	4.56
19980410	0.97	-0.92	2.71
19980411	0.81	-1.34	2.11
19980412	3.74	-1.15	1.86
19980413	2.9	-1.67	1.81
19980414	10.9	-0.42	2.13
19980415	8.39	0.05	2.48
19980416	5.78	1.0	2.9
19980417	0.04	1.06	2.76
19980418	0.01	3.3	3.02
19980419	0.0	4.68	3.62
19980420	0.29	4.65	3.45
19980421	0.51	7.77	4.27
19980422	2.27	8.71	5.8
19980423	0.46	6.43	3.59
19980424	2.27	6.24	2.14
19980425	5.06	4.5	2.14
19980426	2.26	5.33	2.09
19980427	0.13	3.96	1.58
19980428	2.47	5.62	1.28
19980429	12.05	6.68	4.27
19980430	0.05	4.21	3.28
19980501	0.33	9.32	1.67
19980502	0.16	4.78	1.23
19980503	0.65	7.83	1.03
19980504	6.08	5.26	1.11
19980505	3.86	3.67	1.53
19980506	7.22	4.72	1.9
19980507	11.65	5.65	3.56
19980508	0.34	8.18	3.26
19980509	4.61	8.18	1.93
19980510	0.07	5.34	1.74
19980511	2.2	10.19	1.2
19980512	0.0	11.91	1.01
19980513	0.0	16.54	0.85
19980514	30.19	15.49	7.99
19980515	0.02	11.27	3.88
19980516	0.0	11.65	1.73
19980517	0.0	12.35	1.16
19980518	0.0	12.05	0.89
19980519	2.52	9.99	0.74
19980520	0.11	7.8	0.7
19980521	0.73	8.01	0.58
19980522	0.53	9.03	0.58
19980523	0.05	8.55	0.55
19980524	0.63	9.14	0.51
19980525	5.08	5.48	0.55
19980526	3.36	5.41	0.71
19980527	3.57	6.11	0.83
19980528	0.05	7.44	0.86
19980529	1.12	8.39	0.67
19980530	5.97	7.48	0.76
19980531	4.9	6.54	1.22
19980601	5.56	4.98	2.34
19980602	0.76	4.94	2.32
19980603	4.3	4.72	1.99
19980604	0.78	6.64	1.53
19980605	0.06	9.28	1.01
19980606	5.31	9.91	0.87
19980607	7.19	8.25	2.37
19980608	11.65	7.68	4.01
19980609	17.17	7.82	8.39
19980610	4.96	3.76	8.88
19980611	0.45	3.97	4.19
19980612	0.0	6.69	2.01
19980613	0.96	7.7	1.33
19980614	0.05	6.3	1.22
19980615	0.35	7.42	0.9
19980616	0.83	7.17	0.76
19980617	0.04	7.55	0.65
19980618	0.01	11.15	0.56
19980619	0.06	13.46	0.51
19980620	31.54	16.56	2.64
19980621	6.66	11.87	4.68
19980622	7.68	11.06	3.14
19980623	1.85	14.06	3.32
19980624	5.08	12.38	2.28
19980625	19.1	11.35	4.27
19980626	5.1	11.03	4.28
19980627	2.36	11.7	3.06
19980628	14.68	10.26	4.66
19980629	3.41	9.99	7.11
19980630	0.05	9.67	3.58
19980701	0.27	9.64	1.88
19980702	0.01	10.74	1.24
19980703	0.18	11.68	0.93
19980704	2.08	11.83	0.84
19980705	1.49	9.01	1.1
19980706	0.29	8.47	1.07
19980707	0.95	10.85	0.87
19980708	8.25	10.77	1.42
19980709	0.9	10.7	2.25
19980710	10.01	9.66	1.77
19980711	14.02	9.44	6.98
19980712	26.22	8.47	7.88
19980713	4.08	8.0	10.65
19980714	0.02	6.94	3.51
19980715	3.71	10.36	2.27
19980716	5.11	10.95	2.14
19980717	0.57	8.85	2.14
19980718	0.46	8.58	1.5
19980719	25.99	12.36	6.45
19980720	0.26	14.03	5.52
19980721	12.48	12.93	2.65
19980722	6.12	10.49	4.65
19980723	4.44	8.67	3.57
19980724	6.62	10.35	3.62
19980725	4.5	10.28	3.58
19980726	6.61	10.48	4.1
19980727	3.74	13.74	5.3
19980728	13.76	12.1	3.68
19980729	25.72	11.13	10.79
19980730	2.58	10.17	10.03
19980731	0.01	9.52	3.75
19980801	0.0	10.02	2.05
19980802	11.74	12.51	1.55
19980803	8.94	11.57	6.07
19980804	2.54	11.74	8.05
19980805	8.59	11.89	4.0
19980806	0.39	12.32	4.83
19980807	9.4	12.57	2.9
19980808	0.51	12.67	3.39
19980809	0.14	16.21	1.9
19980810	0.02	16.4	1.32
19980811	24.36	13.17	5.23
19980812	9.52	10.21	10.62
19980813	8.92	11.89	5.02
19980814	7.14	11.12	5.49
19980815	2.43	10.57	4.23
19980816	4.37	12.19	4.07
19980817	1.44	8.86	4.27
19980818	0.04	11.11	2.58
19980819	11.97	11.92	2.13
19980820	7.81	11.2	7.8
19980821	9.32	9.05	7.79
19980822	5.39	8.85	6.77
19980823	1.36	7.24	4.12
19980824	0.13	6.86	2.43
19980825	0.0	9.7	1.67
19980826	0.56	7.28	1.25
19980827	0.53	10.47	1.04
19980828	0.35	11.0	0.96
19980829	0.03	12.27	0.89
19980830	0.04	12.12	0.77
19980831	13.14	14.22	0.69
19980901	14.41	10.47	5.05
19980902	4.17	13.15	4.51
19980903	2.97	11.1	3.02
19980904	0.18	9.21	1.68
19980905	0.0	12.55	1.17
19980906	0.25	14.83	0.91
19980907	5.66	15.31	0.81
19980908	5.87	11.98	1.02
19980909	1.53	12.48	1.7
19980910	5.4	9.24	1.72
19980911	6.83	5.24	4.05
19980912	0.07	5.7	3.03
19980913	0.06	7.65	1.53
19980914	4.89	8.12	1.35
19980915	30.65	7.81	8.05
19980916	4.33	7.06	15.02
19980917	1.68	9.84	4.23
19980918	0.69	12.88	2.43
19980919	0.04	13.04	1.66
19980920	0.0	15.1	1.19
19980921	0.0	15.07	0.94
19980922	0.21	13.24	0.79
19980923	0.0	9.21	0.71
19980924	0.01	8.66	0.65
19980925	0.02	8.5	0.59
19980926	0.07	9.59	0.56
19980927	0.21	10.07	0.55
19980928	0.14	8.35	0.53
19980929	0.0	9.35	0.49
19980930	0.6	10.29	0.47
19981001	0.0	8.49	0.45
19981002	0.0	7.27	0.44
19981003	0.04	5.69	0.41
19981004	1.64	5.94	0.4
19981005	0.12	4.72	0.41
19981006	0.05	5.03	0.39
19981007	0.04	4.54	0.38
19981008	14.8	8.79	0.38
19981009	8.51	8.47	6.2
19981010	8.91	5.78	3.79
19981011	25.65	4.76	10.63
19981012	1.65	6.67	5.95
19981013	7.06	7.1	2.72
19981014	15.29	3.87	7.32
19981015	6.31	3.27	5.73
19981016	63.76	2.63	24.15
19981017	2.32	0.96	11.77
19981018	17.57	3.01	7.61
19981019	7.16	-0.44	7.61
19981020	29.35	3.44	17.72
19981021	15.52	9.9	21.36
19981022	12.38	6.46	14.99
19981023	5.48	4.32	8.66
19981024	26.12	3.99	12.05
19981025	18.91	2.3	13.2
19981026	18.7	3.19	11.98
19981027	20.56	2.51	13.49
19981028	17.67	3.43	13.46
19981029	18.61	2.14	11.7
19981030	9.64	2.63	8.24
19981031	10.62	2.32	7.71
19981101	2.25	-0.27	5.69
19981102	11.79	-0.29	4.29
19981103	5.28	0.64	5.52
19981104	4.98	-1.3	3.3
19981105	18.26	-0.85	7.13
19981106	12.86	2.08	15.47
19981107	4.98	7.36	15.49
19981108	7.84	8.96	8.56
19981109	33.17	3.86	21.41
19981110	9.63	2.69	10.82
19981111	0.08	3.6	5.71
19981112	6.17	3.87	3.27
19981113	3.49	2.07	3.61
19981114	2.77	0.39	3.2
19981115	2.75	-0.95	2.61
19981116	0.08	-1.68	1.84
19981117	0.14	-2.85	1.33
19981118	0.03	-1.61	1.08
19981119	1.2	1.28	1.06
19981120	10.49	6.81	2.65
19981121	29.17	6.32	23.38
19981122	2.13	2.05	10.03
19981123	14.84	3.51	6.0
19981124	12.13	3.91	7.5
19981125	29.9	3.29	13.97
19981126	10.35	3.16	16.61
19981127	10.5	7.18	8.62
19981128	4.61	3.16	8.61
19981129	1.43	4.66	4.62
19981130	0.56	8.44	3.02
19981201	0.03	7.4	2.26
19981202	2.54	5.13	1.76
19981203	3.51	0.6	2.22
19981204	7.3	-2.7	1.88
19981205	0.04	-5.41	1.49
19981206	0.35	-2.52	1.16
19981207	7.77	5.38	4.94
19981208	6.78	5.52	7.54
19981209	1.67	7.64	3.61
19981210	8.79	6.57	4.85
19981211	6.77	6.18	6.06
19981212	10.09	2.89	5.95
19981213	23.54	6.99	13.78
19981214	7.21	6.66	10.82
19981215	31.83	4.67	15.44
19981216	3.52	8.5	11.86
19981217	14.96	5.87	11.3
19981218	6.53	1.02	8.56
19981219	1.99	-1.64	4.87
19981220	0.2	-2.75	2.6
19981221	9.54	1.0	3.21
19981222	18.43	2.3	7.83
19981223	22.65	0.92	7.96
19981224	23.65	5.08	25.58
19981225	16.19	0.75	12.26
19981226	49.31	0.67	12.32
19981227	8.61	-0.9	11.28
19981228	2.17	-1.37	4.01
19981229	6.93	2.73	3.73
19981230	6.08	2.27	15.15
19981231	0.03	2.88	4.9
19990101	4.82	3.39	4.28
19990102	18.37	2.75	9.34
19990103	25.16	1.88	11.42
19990104	23.53	3.3	22.12
19990105	1.29	2.05	10.4
19990106	1.01	1.55	4.2
19990107	0.19	-1.15	2.68
19990108	0.28	-1.98	1.85
19990109	0.62	-2.49	1.43
19990110	3.54	-1.42	1.26
19990111	3.91	-0.98	1.18
19990112	8.89	0.02	1.3
19990113	18.93	0.6	4.89
19990114	25.92	0.71	4.64
19990115	27.93	1.3	21.79
19990116	28.96	-1.18	5.42
19990117	21.54	0.29	6.01
19990118	30.58	2.39	12.65
19990119	13.24	2.13	28.3
19990120	15.26	1.47	11.95
19990121	7.69	1.35	8.08
19990122	29.24	2.88	20.63
19990123	14.09	3.01	22.69
19990124	3.68	0.94	8.8
19990125	26.32	0.04	6.3
19990126	0.62	0.16	4.63
19990127	21.49	1.49	7.01
19990128	6.01	2.86	9.87
19990129	1.06	5.01	9.52
19990130	0.3	6.15	9.56
19990131	0.16	5.4	7.97
19990201	0.2	6.29	6.49
19990202	13.08	6.62	9.31
19990203	21.79	5.51	22.09
19990204	15.23	0.79	17.6
19990205	9.05	-0.29	5.53
19990206	8.64	-2.28	4.01
19990207	5.63	-5.15	2.64
19990208	3.39	-5.37	1.96
19990209	2.81	-4.25	1.67
19990210	9.03	-1.11	1.56
19990211	5.83	2.2	2.94
19990212	1.52	1.95	9.05
19990213	10.24	3.77	7.31
19990214	4.59	4.32	13.54
19990215	16.01	2.13	16.1
19990216	7.3	-1.9	5.78
19990217	10.22	1.2	2.93
19990218	12.8	4.29	24.53
19990219	17.61	0.97	11.59
19990220	24.02	-0.02	6.52
19990221	13.78	-1.39	5.3
19990222	12.68	-1.68	2.93
19990223	1.74	-3.21	2.16
19990224	5.66	1.05	3.16
19990225	15.81	3.73	27.46
19990226	13.24	0.58	10.77
19990227	25.1	-0.83	4.82
19990228	11.58	0.17	4.53
19990301	4.62	1.3	4.07
19990302	8.0	2.16	7.13
19990303	8.58	0.54	6.35
19990304	0.79	-0.4	3.54
19990305	5.21	-0.33	2.45
19990306	3.52	1.15	2.42
19990307	0.01	-1.54	2.06
19990308	0.14	-0.0	1.66
19990309	0.0	1.17	1.55
19990310	0.03	2.19	1.46
19990311	7.52	2.59	1.81
19990312	3.79	1.44	4.09
19990313	13.02	2.89	3.36
19990314	11.28	4.85	7.31
19990315	28.7	7.87	37.71
19990316	6.82	9.25	24.92
19990317	9.44	7.01	10.85
19990318	6.39	2.96	8.65
19990319	3.0	3.87	4.46
19990320	15.98	4.11	8.27
19990321	4.55	1.51	9.8
19990322	20.67	3.34	9.75
19990323	19.78	4.49	15.03
19990324	7.33	3.65	14.27
19990325	0.68	2.98	6.02
19990326	2.71	2.13	3.36
19990327	0.6	1.35	2.39
19990328	11.58	4.49	4.7
19990329	7.76	5.9	5.4
19990330	3.11	3.92	6.1
19990331	0.64	7.96	3.35
19990401	0.0	9.4	3.31
19990402	0.0	9.35	2.59
19990403	0.19	7.6	1.96
19990404	5.89	9.07	1.87
19990405	19.23	7.83	4.51
19990406	20.02	6.03	14.36
19990407	1.95	6.72	8.9
19990408	1.25	10.05	4.22
19990409	5.4	7.33	4.61
19990410	18.24	3.93	10.15
19990411	16.54	3.98	12.88
19990412	5.55	1.53	7.49
19990413	5.19	-1.85	4.03
19990414	24.69	-0.42	4.72
19990415	0.92	-0.73	4.74
19990416	0.94	0.83	3.55
19990417	4.72	1.26	2.8
19990418	0.94	2.56	3.22
19990419	0.34	2.17	2.78
19990420	17.96	3.83	5.89
19990421	0.53	7.16	8.78
19990422	2.97	4.94	6.68
19990423	2.55	6.44	4.15
19990424	0.5	8.12	2.72
19990425	0.01	7.8	2.01
19990426	0.01	8.34	1.63
19990427	0.04	10.68	1.31
19990428	0.0	8.88	1.1
19990429	0.01	7.73	1.02
19990430	0.38	7.88	0.92
19990501	0.0	7.94	0.8
19990502	0.55	9.54	0.73
19990503	0.05	9.2	0.7
19990504	0.01	11.03	0.68
19990505	0.0	9.63	0.65
19990506	5.72	8.83	0.74
19990507	2.27	9.35	0.78
19990508	11.22	7.84	1.18
19990509	3.68	9.67	2.5
19990510	2.29	8.48	1.72
19990511	4.53	9.8	1.77
19990512	1.52	9.18	1.55
19990513	0.04	8.41	1.1
19990514	0.0	8.2	0.84
19990515	0.14	8.3	0.67
19990516	0.0	6.85	0.59
19990517	0.0	8.09	0.53
19990518	0.0	7.86	0.47
19990519	0.0	10.64	0.43
19990520	16.25	10.07	0.42
19990521	30.72	3.65	8.45
19990522	8.93	6.6	10.18
19990523	8.25	5.96	6.02
19990524	16.49	5.87	7.51
19990525	9.78	7.3	6.9
19990526	3.34	9.3	8.2
19990527	4.06	12.06	3.43
19990528	36.93	7.67	10.8
19990529	5.79	3.73	18.56
19990530	0.01	6.84	4.19
19990531	0.02	10.55	1.94
19990601	0.01	11.4	1.2
19990602	10.29	11.48	1.05
19990603	3.36	7.2	1.56
19990604	18.23	7.29	4.18
19990605	10.96	6.76	12.14
19990606	1.44	4.81	5.15
19990607	0.94	7.03	2.3
19990608	0.04	5.12	1.54
19990609	0.16	9.4	1.14
19990610	0.01	7.84	0.91
19990611	0.03	7.93	0.79
19990612	5.15	9.14	0.79
19990613	1.13	10.2	0.82
19990614	1.35	11.07	0.91
19990615	7.62	11.23	0.9
19990616	10.55	8.38	6.17
19990617	1.08	10.72	3.73
19990618	1.13	10.69	1.58
19990619	15.96	8.03	8.32
19990620	9.99	7.39	6.83
19990621	2.42	4.77	6.82
19990622	0.09	7.57	2.66
19990623	0.0	10.07	1.43
19990624	0.01	13.58	1.01
19990625	0.0	15.75	0.78
19990626	4.86	14.91	0.66
19990627	11.06	9.17	1.47
19990628	3.93	10.34	1.88
19990629	14.84	8.96	2.74
19990630	3.6	8.9	8.06
19990701	0.01	10.05	3.01
19990702	0.28	13.98	1.47
19990703	11.47	12.93	1.19
19990704	12.23	11.93	8.82
19990705	1.52	12.48	3.86
19990706	2.18	12.52	2.13
19990707	10.76	13.93	2.94
19990708	0.02	16.1	2.92
19990709	4.89	19.54	1.55
19990710	0.1	14.04	1.33
19990711	0.0	14.88	0.97
19990712	0.21	14.96	0.77
19990713	8.48	10.5	0.75
19990714	6.33	9.05	1.85
19990715	3.3	10.41	2.79
19990716	9.2	10.19	2.73
19990717	0.5	11.52	6.07
19990718	0.23	12.42	2.39
19990719	1.66	14.1	1.35
19990720	6.01	12.05	1.42
19990721	1.71	9.41	1.72
19990722	0.88	11.38	1.39
19990723	8.62	13.81	2.34
19990724	0.73	10.15	3.56
19990725	0.13	8.55	1.79
19990726	0.0	10.84	1.11
19990727	0.0	12.73	0.78
19990728	0.0	13.51	0.64
19990729	0.04	13.95	0.56
19990730	0.0	16.73	0.48
19990731	0.0	17.55	0.43
19990801	0.7	19.9	0.38
19990802	0.01	17.96	0.36
19990803	0.0	18.7	0.33
19990804	0.0	17.12	0.3
19990805	0.26	15.6	0.29
19990806	0.0	14.42	0.28
19990807	0.01	11.51	0.26
19990808	0.01	8.59	0.25
19990809	0.01	7.78	0.24
19990810	0.0	6.88	0.24
19990811	0.0	8.22	0.23
19990812	5.88	11.73	0.23
19990813	5.41	11.65	0.27
19990814	16.49	10.96	0.44
19990815	15.87	9.55	2.64
19990816	2.5	10.49	2.6
19990817	3.81	11.15	1.35
19990818	2.23	10.88	0.99
19990819	0.33	8.81	0.86
19990820	0.14	5.5	0.7
19990821	0.0	6.5	0.56
19990822	0.0	9.05	0.47
19990823	0.0	9.1	0.4
19990824	0.0	10.62	0.36
19990825	3.05	11.74	0.33
19990826	1.54	12.95	0.35
19990827	0.36	12.76	0.35
19990828	0.0	13.88	0.35
19990829	10.95	11.15	0.42
19990830	1.08	11.99	0.92
19990831	0.83	14.01	1.03
19990901	0.2	15.64	1.02
19990902	2.63	15.23	0.91
19990903	0.35	10.82	1.57
19990904	0.21	16.19	1.24
19990905	14.56	16.51	0.91
19990906	24.17	7.8	12.25
19990907	1.89	9.16	4.27
19990908	15.6	10.38	4.91
19990909	2.57	10.46	4.62
19990910	2.62	12.94	1.94
19990911	32.45	8.93	14.02
19990912	5.3	9.68	6.64
19990913	5.35	7.73	3.88
19990914	0.22	7.59	2.62
19990915	0.57	11.88	1.51
19990916	21.81	7.85	5.85
19990917	1.22	7.88	3.88
19990918	0.01	11.85	1.9
19990919	1.73	13.66	1.28
19990920	18.58	13.72	8.0
19990921	0.03	11.78	6.08
19990922	0.29	12.16	2.19
19990923	4.68	11.47	1.53
19990924	17.42	11.45	5.88
19990925	1.12	9.03	7.2
19990926	0.56	9.24	3.26
19990927	1.06	8.87	1.99
19990928	5.48	8.04	2.24
19990929	1.54	7.07	2.86
19990930	10.16	6.27	3.49
19991001	13.03	4.88	8.04
19991002	14.35	6.12	9.05
19991003	14.05	4.21	15.02
19991004	2.63	3.19	8.2
19991005	0.38	5.36	3.79
19991006	1.88	6.88	2.3
19991007	1.84	6.16	2.16
19991008	4.53	7.46	2.55
19991009	3.53	9.98	2.88
19991010	11.82	7.11	8.38
19991011	9.49	6.24	9.49
19991012	1.12	8.5	4.69
19991013	0.19	9.56	3.21
19991014	0.03	8.86	2.25
19991015	0.0	7.06	1.6
19991016	0.0	7.14	1.28
19991017	0.0	5.42	1.06
19991018	0.02	5.91	0.92
19991019	0.02	5.58	0.81
19991020	0.04	5.62	0.72
19991021	3.06	6.16	0.66
19991022	0.58	8.76	0.82
19991023	0.64	7.9	0.78
19991024	4.17	8.13	0.8
19991025	5.63	7.93	2.53
19991026	2.01	7.09	2.92
19991027	12.63	7.12	9.22
19991028	1.12	7.16	6.2
19991029	3.4	10.38	2.69
19991030	18.96	9.05	3.34
19991031	36.39	7.18	23.35
19991101	17.36	5.42	22.18
19991102	5.67	6.46	9.63
19991103	33.21	8.04	9.19
19991104	33.26	4.78	33.58
19991105	8.44	2.35	13.06
19991106	0.92	4.14	6.92
19991107	3.18	7.65	6.26
19991108	0.44	6.57	4.07
19991109	0.01	5.77	2.52
19991110	0.0	5.78	1.85
19991111	0.13	4.47	1.51
19991112	0.12	5.12	1.31
19991113	0.0	4.83	1.16
19991114	4.49	5.02	1.03
19991115	12.97	2.2	2.34
19991116	7.37	0.15	4.41
19991117	6.19	-0.31	2.87
19991118	0.93	-0.06	1.98
19991119	0.04	0.37	1.56
19991120	0.33	3.59	2.18
19991121	2.99	4.13	6.53
19991122	13.42	5.77	6.4
19991123	25.46	5.31	17.82
19991124	12.85	3.43	16.38
19991125	12.96	6.24	9.07
19991126	18.03	2.16	14.92
19991127	25.29	3.63	16.99
19991128	34.19	0.38	16.2
19991129	43.99	2.72	24.06
19991130	39.24	4.71	44.64
19991201	22.44	0.56	13.9
19991202	10.27	-0.58	6.74
19991203	18.02	-2.82	4.16
19991204	2.3	-2.37	2.95
19991205	51.32	4.4	37.18
19991206	24.62	4.47	43.04
19991207	17.84	2.06	15.2
19991208	5.11	1.24	10.32
19991209	2.94	-0.24	5.14
19991210	0.01	-2.64	3.21
19991211	2.08	-0.99	2.27
19991212	0.03	-3.4	1.78
19991213	1.17	-3.09	1.31
19991214	1.41	-1.11	1.22
19991215	17.99	0.71	2.26
19991216	42.78	3.71	28.37
19991217	5.71	-2.23	14.58
19991218	7.96	-4.55	3.78
19991219	0.03	-4.59	2.28
19991220	1.73	-2.46	1.73
19991221	16.29	2.61	5.06
19991222	32.22	0.4	11.15
19991223	54.21	2.5	30.23
19991224	24.11	0.96	26.16
19991225	21.6	-0.51	8.78
19991226	14.01	-0.14	5.11
19991227	6.42	-0.64	3.82
19991228	17.34	0.04	3.08
19991229	4.66	1.5	3.71
19991230	0.74	2.17	8.75
19991231	7.79	4.42	19.4
20000101	35.0	4.55	42.24
20000102	8.49	3.82	18.07
20000103	7.36	0.99	9.31
20000104	27.38	1.46	5.86
20000105	48.62	3.02	38.59
20000106	8.16	4.23	13.67
20000107	33.66	4.12	33.41
20000108	16.71	1.21	10.96
20000109	12.34	2.02	6.16
20000110	17.98	4.08	24.77
20000111	24.48	1.85	21.63
20000112	8.59	-0.64	8.45
20000113	6.48	0.13	5.94
20000114	0.41	-0.56	3.57
20000115	0.65	3.08	4.07
20000116	0.03	5.65	6.57
20000117	0.43	5.71	5.73
20000118	0.07	4.79	5.25
20000119	0.56	3.54	3.28
20000120	1.15	3.02	2.88
20000121	14.54	3.01	5.14
20000122	0.6	0.17	5.56
20000123	3.33	0.84	3.09
20000124	0.21	0.46	3.05
20000125	0.11	1.52	2.04
20000126	1.21	3.28	1.87
20000127	25.23	2.8	4.57
20000128	29.57	3.51	26.63
20000129	13.37	0.7	14.65
20000130	33.81	3.3	26.05
20000131	20.7	3.54	12.75
20000201	15.03	2.92	18.96
20000202	11.16	1.21	7.62
20000203	10.28	5.36	9.81
20000204	16.98	8.16	17.71
20000205	16.41	5.5	25.91
20000206	15.69	2.9	12.81
20000207	28.43	3.06	23.75
20000208	22.21	1.07	11.95
20000209	32.58	3.25	23.83
20000210	17.13	1.59	15.95
20000211	24.3	1.27	18.56
20000212	11.72	-0.81	8.54
20000213	5.45	0.51	4.29
20000214	6.8	1.38	9.36
20000215	11.44	-2.15	5.07
20000216	15.24	-2.35	3.14
20000217	6.12	-0.73	2.66
20000218	3.6	-1.07	3.06
20000219	0.04	-0.94	2.63
20000220	5.59	0.41	2.3
20000221	0.59	0.63	4.38
20000222	0.19	2.39	3.29
20000223	12.56	3.17	15.41
20000224	18.08	0.33	6.03
20000225	7.54	2.75	10.24
20000226	34.57	4.38	20.95
20000227	14.25	0.6	19.84
20000228	9.57	0.53	6.38
20000229	13.74	0.47	4.89
20000301	15.23	0.05	4.07
20000302	17.9	1.44	14.92
20000303	10.66	-2.6	6.03
20000304	4.82	-0.09	3.28
20000305	16.36	5.24	28.36
20000306	38.33	7.37	44.06
20000307	12.6	7.23	26.12
20000308	10.83	6.6	18.65
20000309	8.57	4.85	11.81
20000310	16.46	6.61	15.62
20000311	0.39	5.97	8.43
20000312	3.89	7.4	4.87
20000313	10.34	3.53	6.99
20000314	6.21	1.93	5.19
20000315	1.01	5.86	7.2
20000316	0.28	6.07	4.06
20000317	1.65	1.86	3.25
20000318	0.05	5.93	2.51
20000319	0.74	9.08	1.96
20000320	6.43	5.84	2.4
20000321	0.29	1.5	3.81
20000322	0.28	0.89	2.17
20000323	2.01	3.35	1.55
20000324	1.17	2.8	1.39
20000325	0.31	2.24	1.26
20000326	1.56	3.22	1.14
20000327	0.0	1.32	1.03
20000328	0.21	4.16	0.89
20000329	0.05	5.26	0.81
20000330	0.06	5.96	0.78
20000331	9.54	4.7	0.87
20000401	12.3	0.49	2.93
20000402	7.13	-3.38	2.24
20000403	0.33	-2.78	1.7
20000404	0.38	0.2	1.69
20000405	0.01	3.56	2.32
20000406	0.0	4.71	2.81
20000407	3.31	5.07	3.11
20000408	0.0	3.4	3.3
20000409	0.13	4.72	1.9
20000410	5.7	2.29	1.48
20000411	29.06	2.12	4.51
20000412	20.01	1.39	12.36
20000413	3.48	0.71	5.51
20000414	0.15	0.83	2.97
20000415	0.02	1.75	2.19
20000416	0.04	0.44	1.89
20000417	3.89	2.87	2.23
20000418	0.59	3.02	3.04
20000419	1.67	6.69	2.8
20000420	0.67	7.53	3.58
20000421	2.37	5.45	2.88
20000422	14.75	6.25	4.36
20000423	6.93	7.5	5.66
20000424	5.84	2.11	5.1
20000425	11.46	2.36	4.83
20000426	15.46	2.89	7.09
20000427	0.03	6.76	8.7
20000428	0.13	7.82	4.56
20000429	0.01	9.73	2.76
20000430	0.0	7.68	2.05
20000501	0.01	7.51	1.55
20000502	0.16	10.47	1.28
20000503	0.0	6.35	1.14
20000504	0.0	8.65	0.99
20000505	0.0	8.4	0.86
20000506	0.0	10.49	0.85
20000507	0.0	10.56	0.79
20000508	0.25	12.71	0.8
20000509	0.03	13.11	0.77
20000510	0.0	7.48	0.73
20000511	0.0	8.62	0.67
20000512	0.0	11.14	0.62
20000513	0.0	14.03	0.61
20000514	0.0	16.65	0.56
20000515	0.06	11.05	0.54
20000516	0.76	6.84	0.53
20000517	7.63	6.56	0.54
20000518	9.15	5.69	0.88
20000519	0.67	5.51	1.84
20000520	0.13	7.39	1.18
20000521	0.86	6.59	0.81
20000522	2.04	6.82	0.63
20000523	6.72	6.41	0.6
20000524	2.66	4.96	1.05
20000525	1.61	5.08	1.12
20000526	1.24	4.63	0.86
20000527	4.6	4.57	0.76
20000528	9.52	4.18	1.7
20000529	5.35	6.14	2.31
20000530	10.47	5.72	2.97
20000531	5.2	7.87	3.21
20000601	4.53	8.16	3.46
20000602	0.0	5.93	2.81
20000603	0.0	8.71	1.37
20000604	0.5	5.89	0.91
20000605	1.98	6.51	0.77
20000606	4.79	7.01	0.76
20000607	1.22	8.61	0.79
20000608	0.54	10.39	0.73
20000609	1.1	9.64	0.69
20000610	6.39	8.84	0.62
20000611	11.8	8.92	1.48
20000612	26.16	9.48	11.49
20000613	24.55	7.8	22.22
20000614	4.66	8.18	7.18
20000615	0.63	7.41	3.4
20000616	0.78	12.54	1.77
20000617	0.1	12.4	1.27
20000618	15.22	14.57	2.06
20000619	0.0	13.68	3.45
20000620	0.94	13.73	1.62
20000621	5.61	10.08	1.49
20000622	6.55	8.86	1.72
20000623	2.68	7.28	3.08
20000624	0.88	6.87	2.68
20000625	0.01	6.96	1.67
20000626	0.0	11.15	1.08
20000627	0.14	11.44	0.81
20000628	0.0	9.84	0.69
20000629	0.01	9.26	0.58
20000630	0.0	9.22	0.53
20000701	0.0	12.06	0.49
20000702	0.02	11.19	0.45
20000703	0.56	12.79	0.41
20000704	0.02	10.13	0.39
20000705	0.0	7.58	0.37
20000706	0.18	9.88	0.34
20000707	5.98	9.01	0.33
20000708	4.04	9.38	0.44
20000709	24.53	8.87	5.08
20000710	4.44	6.68	5.88
20000711	0.02	6.65	2.81
20000712	0.78	10.65	1.47
20000713	3.9	8.95	1.13
20000714	0.59	8.66	1.66
20000715	0.0	8.5	1.57
20000716	0.0	9.31	1.03
20000717	0.0	14.35	0.75
20000718	0.06	12.96	0.59
20000719	0.06	12.37	0.52
20000720	0.0	12.77	0.46
20000721	0.0	14.29	0.43
20000722	0.0	14.18	0.38
20000723	0.03	12.99	0.36
20000724	0.07	11.88	0.34
20000725	1.4	11.94	0.33
20000726	0.13	14.94	0.33
20000727	10.75	14.51	0.48
20000728	15.26	13.78	3.65
20000729	0.71	14.15	2.18
20000730	0.11	13.06	1.09
20000731	0.27	14.98	0.74
20000801	4.97	11.43	0.73
20000802	0.77	13.6	0.6
20000803	0.12	11.15	0.48
20000804	0.08	11.83	0.42
20000805	4.45	14.74	0.38
20000806	0.75	11.9	0.44
20000807	6.69	12.0	0.54
20000808	5.11	14.51	0.97
20000809	2.43	14.23	1.31
20000810	1.73	10.89	1.4
20000811	0.16	13.85	1.12
20000812	0.95	12.6	0.8
20000813	4.87	14.46	0.63
20000814	5.73	11.82	0.71
20000815	1.94	10.72	0.79
20000816	1.67	9.98	0.68
20000817	2.47	9.62	0.66
20000818	8.99	10.27	1.21
20000819	6.66	9.4	2.85
20000820	4.34	9.56	2.4
20000821	0.97	9.17	2.51
20000822	0.0	9.45	1.38
20000823	0.19	13.05	0.87
20000824	0.06	12.25	0.64
20000825	4.07	15.92	0.54
20000826	3.93	13.18	0.53
20000827	2.25	12.18	0.76
20000828	1.14	10.98	0.61
20000829	0.05	9.42	0.55
20000830	0.59	12.68	0.49
20000831	7.33	11.04	0.45
20000901	4.74	10.15	1.5
20000902	0.32	7.09	1.59
20000903	0.26	8.13	0.99
20000904	2.89	12.48	0.72
20000905	9.73	11.86	0.74
20000906	4.0	10.49	2.76
20000907	8.31	11.21	2.52
20000908	10.61	10.37	6.89
20000909	1.99	10.26	4.48
20000910	1.23	11.05	2.37
20000911	2.27	9.81	1.6
20000912	0.84	9.16	1.49
20000913	2.06	9.24	1.35
20000914	0.45	9.87	1.21
20000915	0.01	10.09	1.0
20000916	1.79	9.79	0.84
20000917	7.77	9.14	1.3
20000918	1.37	6.94	2.33
20000919	9.36	10.56	1.58
20000920	0.16	9.33	3.06
20000921	4.2	10.74	1.68
20000922	1.15	9.85	1.62
20000923	0.26	13.2	1.49
20000924	0.01	12.39	1.07
20000925	0.07	11.56	0.83
20000926	2.24	11.19	0.73
20000927	3.33	8.76	0.83
20000928	0.01	8.45	0.91
20000929	0.0	9.46	0.75
20000930	0.0	9.75	0.66
20001001	0.93	10.7	0.59
20001002	11.78	6.94	0.72
20001003	11.65	10.13	5.91
20001004	5.16	5.45	5.97
20001005	3.23	5.5	3.1
20001006	0.83	7.67	1.98
20001007	11.97	6.97	2.29
20001008	6.09	5.2	8.4
20001009	30.01	6.17	12.14
20001010	26.25	5.77	20.49
20001011	20.83	6.5	16.34
20001012	6.67	7.42	11.6
20001013	2.63	6.8	5.92
20001014	1.54	8.3	3.27
20001015	2.89	9.28	2.13
20001016	5.34	5.16	3.19
20001017	6.32	6.6	2.79
20001018	11.92	6.24	6.84
20001019	10.33	4.49	10.65
20001020	0.89	7.13	4.26
20001021	0.59	5.06	2.39
20001022	3.58	6.64	1.77
20001023	12.07	7.16	4.65
20001024	10.05	7.58	7.45
20001025	21.26	5.69	12.97
20001026	3.42	6.05	14.4
20001027	4.52	5.93	6.19
20001028	39.02	5.55	7.39
20001029	24.85	3.67	32.67
20001030	10.58	3.64	9.26
20001031	5.62	2.04	8.62
20001101	3.94	0.54	5.26
20001102	0.24	0.93	3.0
20001103	11.65	2.52	2.87
20001104	4.85	1.7	6.92
20001105	0.03	1.25	3.4
20001106	18.73	2.24	5.64
20001107	5.62	4.08	5.76
20001108	8.35	3.73	5.43
20001109	2.26	2.28	5.92
20001110	2.3	1.87	3.45
20001111	4.22	1.19	3.05
20001112	5.96	1.0	2.67
20001113	10.84	3.47	6.46
20001114	1.72	2.38	5.06
20001115	2.99	2.4	2.99
20001116	12.36	1.21	3.94
20001117	12.63	2.08	4.85
20001118	15.16	1.48	10.99
20001119	10.86	1.84	10.87
20001120	3.49	-0.32	6.91
20001121	7.58	0.41	3.66
20001122	8.93	2.44	8.91
20001123	3.74	3.69	7.19
20001124	2.8	1.97	6.05
20001125	1.21	1.02	3.79
20001126	10.58	1.53	5.39
20001127	0.11	2.81	4.18
20001128	5.03	5.92	3.85
20001129	16.59	6.09	13.07
20001130	0.32	6.33	9.62
20001201	8.65	5.52	4.19
20001202	22.58	5.65	16.71
20001203	2.87	5.26	12.02
20001204	11.76	6.66	9.85
20001205	7.94	5.63	8.65
20001206	1.05	4.76	5.2
20001207	6.78	3.94	2.85
20001208	21.08	5.36	14.91
20001209	8.15	3.83	8.55
20001210	7.44	2.9	8.94
20001211	0.96	3.49	5.03
20001212	20.34	3.15	4.18
20001213	37.83	2.47	19.43
20001214	10.54	0.07	17.6
20001215	0.32	-2.07	4.9
20001216	0.35	-2.06	2.62
20001217	0.85	-0.94	1.88
20001218	0.32	0.57	1.52
20001219	6.04	3.23	2.06
20001220	11.36	2.13	11.07
20001221	0.04	1.15	4.25
20001222	0.59	0.67	2.31
20001223	3.62	0.62	2.21
20001224	1.36	-2.42	1.81
20001225	1.44	-3.97	1.39
20001226	0.52	-6.33	1.1
20001227	0.26	-5.56	0.93
20001228	0.15	-3.53	0.9
20001229	0.47	-4.02	0.81
20001230	0.8	-1.34	0.78
20001231	7.95	0.11	0.79
20010101	2.67	2.28	1.55
20010102	2.03	1.62	4.99
20010103	7.84	0.06	3.96
20010104	0.98	0.81	3.52
20010105	0.81	0.85	2.9
20010106	2.01	-0.49	2.17
20010107	12.09	0.79	3.49
20010108	0.48	-0.53	5.87
20010109	0.05	-3.0	2.2
20010110	0.06	-4.18	1.2
20010111	0.15	-5.05	1.24
20010112	0.03	-3.71	1.35
20010113	0.04	-2.02	1.03
20010114	0.0	-0.13	0.9
20010115	0.04	-2.22	0.72
20010116	0.03	-5.34	0.58
20010117	0.0	-5.87	0.55
20010118	0.0	-2.78	0.54
20010119	0.53	-3.79	0.51
20010120	0.53	-3.27	0.47
20010121	0.44	-0.19	0.47
20010122	0.38	2.34	0.52
20010123	3.43	3.01	1.16
20010124	8.67	1.31	3.66
20010125	22.8	1.58	2.53
20010126	11.67	0.84	8.15
20010127	1.01	0.37	5.01
20010128	1.53	-0.31	2.05
20010129	0.3	0.56	1.32
20010130	0.2	-0.79	1.0
20010131	0.78	-0.23	0.82
20010201	13.89	2.55	4.19
20010202	7.47	2.88	13.26
20010203	3.25	-1.5	5.68
20010204	0.05	-3.0	2.38
20010205	3.73	-2.66	1.5
20010206	7.96	-3.13	1.58
20010207	12.5	-3.5	1.18
20010208	3.09	-3.74	0.97
20010209	0.38	-3.31	1.17
20010210	19.77	2.88	6.92
20010211	17.46	3.6	31.36
20010212	0.06	4.82	12.15
20010213	0.0	5.05	6.53
20010214	0.85	5.91	3.43
20010215	1.73	3.39	4.18
20010216	0.99	2.88	2.63
20010217	0.01	3.28	4.43
20010218	3.21	2.7	2.85
20010219	0.07	3.58	3.31
20010220	3.4	5.03	3.59
20010221	7.47	2.61	3.34
20010222	9.1	-0.09	3.32
20010223	7.52	-2.71	2.32
20010224	2.73	-3.36	1.7
20010225	3.7	-3.9	1.31
20010226	0.93	-3.7	1.12
20010227	2.12	-5.22	1.0
20010228	1.82	-6.94	1.03
20010301	0.42	-6.93	1.27
20010302	0.18	-6.24	0.99
20010303	2.32	-4.86	0.78
20010304	10.02	0.8	0.88
20010305	1.92	0.03	11.14
20010306	0.23	2.14	4.41
20010307	1.59	5.1	4.7
20010308	0.05	6.45	5.32
20010309	1.64	5.04	5.4
20010310	5.33	5.6	6.15
20010311	6.98	2.33	6.01
20010312	1.61	0.87	3.67
20010313	3.39	2.09	2.72
20010314	0.98	-0.0	2.47
20010315	0.26	-1.12	1.81
20010316	0.1	-0.92	1.32
20010317	1.12	-0.84	1.12
20010318	0.74	-1.73	1.04
20010319	0.36	-1.1	0.95
20010320	0.01	0.1	0.83
20010321	0.01	0.57	0.73
20010322	0.36	0.88	0.69
20010323	3.22	1.09	0.72
20010324	0.91	-0.02	0.77
20010325	0.34	-1.6	0.73
20010326	0.0	0.53	0.65
20010327	0.07	1.76	0.63
20010328	3.65	3.0	0.68
20010329	0.95	1.56	1.19
20010330	19.92	4.83	2.06
20010331	8.82	4.54	11.13
20010401	2.97	5.93	6.47
20010402	10.65	6.18	5.93
20010403	8.63	2.62	6.68
20010404	12.35	2.21	6.98
20010405	0.16	2.98	4.66
20010406	0.18	3.76	2.47
20010407	3.06	3.28	1.76
20010408	2.33	4.68	1.56
20010409	8.19	5.38	2.17
20010410	0.76	2.78	3.62
20010411	0.01	2.43	2.25
20010412	0.0	1.35	1.45
20010413	12.68	5.02	1.4
20010414	8.84	4.68	7.29
20010415	3.82	1.39	7.28
20010416	4.94	3.68	3.16
20010417	5.02	1.46	4.57
20010418	5.72	0.41	3.41
20010419	0.16	0.22	2.79
20010420	0.0	5.26	2.14
20010421	1.47	4.26	1.92
20010422	4.32	4.57	2.17
20010423	0.44	4.37	2.08
20010424	0.01	4.34	1.54
20010425	0.02	2.72	1.23
20010426	0.04	4.22	1.02
20010427	3.13	4.41	0.92
20010428	3.81	2.13	1.31
20010429	0.46	4.17	1.35
20010430	0.38	3.14	1.09
20010501	0.01	7.8	0.93
20010502	5.35	4.96	1.33
20010503	1.84	4.15	1.58
20010504	0.69	4.09	1.27
20010505	0.01	8.22	1.02
20010506	0.0	6.66	0.87
20010507	0.0	10.07	0.81
20010508	0.0	7.83	0.74
20010509	0.0	8.29	0.68
20010510	0.0	11.27	0.68
20010511	0.0	13.43	0.68
20010512	6.59	14.46	0.74
20010513	0.01	11.66	0.78
20010514	0.0	10.15	0.67
20010515	5.84	7.38	0.59
20010516	5.28	5.96	0.71
20010517	1.53	4.76	1.12
20010518	3.51	6.18	1.01
20010519	1.52	7.54	0.9
20010520	0.06	9.07	0.91
20010521	0.0	10.33	0.77
20010522	0.0	13.49	0.64
20010523	0.0	13.1	0.53
20010524	0.0	13.01	0.46
20010525	0.38	13.94	0.42
20010526	0.72	12.73	0.39
20010527	6.36	11.96	0.47
20010528	9.28	10.93	0.9
20010529	10.39	8.93	3.2
20010530	14.81	8.96	7.89
20010531	3.22	8.09	7.16
20010601	13.75	6.63	8.46
20010602	2.1	5.11	5.64
20010603	0.63	8.36	2.6
20010604	0.72	9.52	1.69
20010605	3.23	7.0	1.36
20010606	3.64	5.56	1.74
20010607	5.3	4.24	1.72
20010608	8.42	6.25	2.2
20010609	3.69	5.74	3.85
20010610	0.51	9.78	2.27
20010611	0.17	8.16	1.43
20010612	0.0	10.52	1.06
20010613	0.1	8.77	0.83
20010614	0.06	8.34	0.68
20010615	4.76	6.11	0.72
20010616	0.92	6.5	0.82
20010617	0.0	5.32	0.71
20010618	3.07	11.35	0.59
20010619	38.14	11.15	13.13
20010620	4.77	9.03	11.63
20010621	0.12	8.79	3.45
20010622	0.0	12.94	1.71
20010623	1.57	13.79	1.19
20010624	5.43	14.0	1.0
20010625	0.01	14.15	0.98
20010626	1.54	13.95	0.8
20010627	3.73	12.61	0.75
20010628	4.08	10.22	0.72
20010629	9.65	12.71	1.34
20010630	0.15	11.44	2.91
20010701	0.59	14.12	1.61
20010702	6.64	16.86	1.12
20010703	5.48	15.37	1.19
20010704	0.35	14.93	1.43
20010705	0.02	13.85	1.15
20010706	5.25	13.83	1.03
20010707	7.7	12.34	1.15
20010708	0.33	10.25	1.85
20010709	3.69	11.35	1.13
20010710	20.73	10.19	5.03
20010711	3.56	9.28	5.41
20010712	8.58	8.62	7.34
20010713	0.55	6.99	4.63
20010714	0.44	7.49	2.17
20010715	0.23	7.91	1.36
20010716	1.93	9.35	1.05
20010717	1.44	9.4	0.86
20010718	1.67	8.9	0.84
20010719	0.15	8.46	0.78
20010720	1.79	10.44	0.69
20010721	5.94	12.69	0.72
20010722	0.28	11.34	0.85
20010723	6.38	10.38	0.91
20010724	1.58	11.26	1.6
20010725	0.32	11.73	1.21
20010726	15.58	13.53	2.82
20010727	0.15	14.14	3.4
20010728	1.35	14.63	1.65
20010729	0.87	12.5	1.15
20010730	0.67	10.4	0.96
20010731	2.12	11.1	0.88
20010801	1.57	12.57	0.85
20010802	7.73	10.9	1.45
20010803	6.21	11.22	1.49
20010804	16.08	10.14	10.22
20010805	4.5	10.14	7.05
20010806	0.13	10.06	2.93
20010807	0.78	10.19	1.62
20010808	3.68	9.39	1.21
20010809	0.5	8.59	1.3
20010810	0.76	10.29	1.21
20010811	12.69	12.42	4.85
20010812	0.91	13.3	3.84
20010813	1.38	13.63	2.83
20010814	6.14	13.95	2.06
20010815	0.59	11.82	1.91
20010816	2.2	12.23	1.38
20010817	0.04	9.47	1.37
20010818	0.63	13.93	1.13
20010819	16.58	11.34	1.71
20010820	0.73	11.67	3.51
20010821	1.28	12.62	1.68
20010822	0.0	11.51	1.09
20010823	0.1	12.33	0.82
20010824	0.0	12.45	0.67
20010825	1.77	11.49	0.6
20010826	2.17	10.35	0.63
20010827	2.3	11.35	0.7
20010828	2.08	11.56	0.68
20010829	8.13	11.32	0.81
20010830	0.9	11.69	1.09
20010831	0.01	9.84	0.91
20010901	11.97	11.37	2.17
20010902	4.93	10.07	4.98
20010903	1.88	8.28	3.41
20010904	2.38	10.5	2.07
20010905	1.78	9.95	1.73
20010906	10.07	8.86	3.03
20010907	23.44	8.09	15.46
20010908	6.41	7.2	10.18
20010909	0.46	7.73	6.05
20010910	3.36	9.42	3.83
20010911	5.17	11.89	3.02
20010912	27.48	8.8	15.73
20010913	0.5	7.19	9.73
20010914	9.81	8.23	4.45
20010915	16.5	7.17	12.32
20010916	1.39	6.96	7.57
20010917	0.0	7.58	3.3
20010918	0.05	8.64	1.98
20010919	0.02	8.55	1.5
20010920	0.02	9.84	1.22
20010921	0.0	8.32	1.04
20010922	0.0	8.17	0.94
20010923	0.0	9.33	0.85
20010924	0.01	9.29	0.78
20010925	2.05	6.75	0.77
20010926	0.05	5.92	0.74
20010927	0.76	9.37	0.69
20010928	0.97	11.57	0.67
20010929	3.52	11.65	0.7
20010930	11.97	10.94	0.98
20011001	30.25	9.63	10.36
20011002	23.92	9.35	24.22
20011003	11.26	7.63	10.75
20011004	0.2	9.7	7.32
20011005	1.27	10.92	2.96
20011006	3.61	10.36	2.01
20011007	25.53	9.8	7.8
20011008	7.61	9.72	14.22
20011009	9.23	8.52	8.86
20011010	17.28	7.88	8.89
20011011	11.91	10.76	19.53
20011012	0.37	9.44	7.86
20011013	0.43	8.86	3.36
20011014	7.65	10.08	3.31
20011015	3.49	8.07	3.89
20011016	2.36	8.81	2.79
20011017	0.91	10.95	2.08
20011018	8.63	7.5	3.98
20011019	0.06	8.19	2.66
20011020	13.48	10.28	5.09
20011021	7.72	8.93	5.92
20011022	0.6	8.54	4.0
20011023	2.26	8.56	2.67
20011024	0.68	8.66	1.96
20011025	9.53	8.36	3.14
20011026	10.0	7.77	3.87
20011027	7.04	6.23	8.71
20011028	14.19	8.15	6.52
20011029	76.53	8.81	45.78
20011030	35.46	5.36	42.64
20011031	6.38	4.67	12.92
20011101	1.06	8.98	5.9
20011102	10.13	7.79	9.08
20011103	16.88	5.86	7.83
20011104	4.96	1.79	10.93
20011105	29.59	4.68	17.63
20011106	9.12	2.55	11.12
20011107	6.39	0.31	8.27
20011108	2.62	-1.93	4.1
20011109	4.92	3.76	4.32
20011110	3.43	7.9	8.45
20011111	11.05	4.95	9.84
20011112	0.03	-0.32	9.22
20011113	0.38	0.88	3.37
20011114	1.01	4.57	2.31
20011115	0.35	8.01	2.27
20011116	0.25	6.86	2.0
20011117	0.2	6.37	1.73
20011118	0.07	5.01	1.52
20011119	1.54	5.29	1.32
20011120	18.41	6.69	3.27
20011121	17.61	2.88	15.7
20011122	2.81	0.28	5.83
20011123	4.58	6.74	5.09
20011124	8.14	7.61	6.69
20011125	12.4	2.05	9.17
20011126	33.42	1.88	10.46
20011127	12.84	0.17	14.38
20011128	9.05	4.92	14.13
20011129	6.74	3.71	9.96
20011130	15.75	4.94	9.65
20011201	6.33	0.89	10.56
20011202	2.87	3.21	5.48
20011203	8.22	5.12	7.45
20011204	2.29	1.06	5.99
20011205	0.04	-0.73	2.95
20011206	5.93	4.85	2.72
20011207	23.21	8.91	8.08
20011208	5.97	7.16	20.3
20011209	0.0	3.01	4.82
20011210	0.06	1.23	2.45
20011211	0.05	5.97	1.75
20011212	0.05	2.84	1.43
20011213	0.59	0.49	1.26
20011214	0.2	0.91	1.21
20011215	0.87	1.44	1.14
20011216	0.34	1.43	1.08
20011217	0.01	0.11	0.99
20011218	4.34	1.09	0.92
20011219	4.91	-0.51	2.4
20011220	39.23	2.61	13.06
20011221	0.81	-1.84	14.69
20011222	2.34	-1.37	3.22
20011223	13.63	3.55	8.56
20011224	8.93	1.58	9.77
20011225	1.16	-3.78	4.16
20011226	22.35	-1.67	2.47
20011227	22.04	-0.06	5.91
20011228	4.19	-3.71	6.96
20011229	5.12	-3.77	3.27
20011230	12.79	-4.06	2.18
20011231	2.9	0.01	1.94
20020101	0.59	-1.91	2.04
20020102	0.01	-0.61	1.54
20020103	0.01	2.51	1.52
20020104	1.5	3.72	3.24
20020105	2.2	3.7	13.05
20020106	0.08	6.21	11.93
20020107	0.21	6.5	10.7
20020108	2.73	5.26	6.94
20020109	0.01	2.64	3.66
20020110	0.02	3.44	2.12
20020111	1.15	6.87	2.06
20020112	1.61	8.2	2.48
20020113	3.36	6.49	3.1
20020114	14.08	4.17	7.83
20020115	12.2	3.05	10.61
20020116	14.02	4.84	14.15
20020117	5.42	2.21	10.36
20020118	12.88	3.28	5.48
20020119	39.5	3.97	21.08
20020120	24.35	4.47	30.78
20020121	24.13	4.82	17.78
20020122	27.46	4.29	36.09
20020123	10.35	0.67	13.37
20020124	1.47	-3.31	4.99
20020125	18.13	0.1	7.48
20020126	1.2	0.81	12.93
20020127	26.63	3.22	9.32
20020128	26.17	0.98	30.54
20020129	24.87	1.39	16.16
20020130	9.01	3.12	15.98
20020131	12.23	2.35	8.93
20020201	20.46	4.24	11.89
20020202	9.05	1.86	10.29
20020203	13.34	-0.52	5.53
20020204	10.9	1.19	7.29
20020205	8.97	1.96	8.81
20020206	9.07	0.88	8.58
20020207	9.8	4.33	12.22
20020208	35.57	4.54	29.11
20020209	6.5	2.23	11.44
20020210	15.28	3.56	8.1
20020211	24.96	2.09	21.44
20020212	0.63	-0.01	10.99
20020213	0.12	-1.19	3.76
20020214	8.46	2.31	4.7
20020215	0.49	4.47	4.31
20020216	17.18	3.87	8.06
20020217	10.53	1.4	9.68
20020218	20.2	0.35	10.19
20020219	24.72	0.86	11.58
20020220	4.73	-0.35	7.41
20020221	56.09	2.45	44.69
20020222	18.19	-2.43	13.92
20020223	4.03	-3.89	4.03
20020224	3.5	-3.23	2.57
20020225	18.16	0.97	14.49
20020226	6.83	0.22	16.65
20020227	5.42	0.7	6.72
20020228	0.59	0.05	3.61
20020301	10.9	0.6	2.73
20020302	8.38	3.15	8.04
20020303	6.73	5.35	26.13
20020304	13.56	3.27	16.22
20020305	74.51	3.91	40.86
20020306	12.24	3.17	21.57
20020307	3.27	4.83	7.11
20020308	26.03	2.82	16.78
20020309	4.9	-0.08	6.46
20020310	14.09	0.57	4.43
20020311	11.79	0.68	9.17
20020312	3.34	-0.09	5.41
20020313	0.07	1.42	3.47
20020314	0.0	1.73	2.78
20020315	1.5	1.62	1.93
20020316	3.84	3.87	2.55
20020317	0.22	5.68	4.48
20020318	5.24	2.9	4.76
20020319	0.02	-0.78	3.58
20020320	4.32	2.56	2.09
20020321	4.95	2.74	2.47
20020322	0.02	3.61	3.14
20020323	0.0	7.69	2.75
20020324	3.16	6.85	3.2
20020325	4.18	2.84	3.85
20020326	0.29	6.89	2.25
20020327	0.02	7.19	1.84
20020328	0.0	6.08	1.57
20020329	0.0	5.94	1.26
20020330	0.57	5.61	1.06
20020331	2.33	7.78	1.04
20020401	1.64	4.25	1.56
20020402	0.11	7.1	1.34
20020403	0.82	9.42	1.21
20020404	0.01	7.27	1.14
20020405	0.0	4.87	0.87
20020406	0.0	5.26	0.75
20020407	0.02	6.15	0.65
20020408	0.13	4.27	0.59
20020409	0.0	5.77	0.55
20020410	0.18	7.33	0.52
20020411	1.32	2.26	0.54
20020412	0.4	1.14	0.59
20020413	3.03	5.43	0.55
20020414	0.59	0.93	0.56
20020415	0.01	4.27	0.55
20020416	0.0	7.72	0.48
20020417	0.03	7.79	0.44
20020418	1.97	6.7	0.46
20020419	0.02	7.16	0.52
20020420	0.99	9.66	0.5
20020421	11.49	10.37	0.89
20020422	9.45	9.4	9.01
20020423	0.02	9.06	3.26
20020424	5.5	9.62	1.64
20020425	7.55	6.41	1.75
20020426	10.52	2.66	5.38
20020427	2.46	2.64	2.98
20020428	34.25	2.83	6.82
20020429	19.34	2.42	18.75
20020430	2.64	3.25	6.0
20020501	2.98	5.5	2.9
20020502	1.67	4.65	2.12
20020503	1.66	4.94	1.79
20020504	0.0	6.0	1.4
20020505	0.0	6.98	1.09
20020506	0.0	8.46	0.87
20020507	4.59	10.77	0.75
20020508	0.0	8.43	0.79
20020509	10.22	9.44	0.74
20020510	3.99	5.79	2.03
20020511	6.84	4.99	3.65
20020512	1.28	5.99	2.78
20020513	6.81	8.01	2.4
20020514	3.87	8.19	2.21
20020515	1.37	8.58	1.89
20020516	0.54	10.79	1.44
20020517	0.0	8.36	1.15
20020518	7.08	7.2	1.34
20020519	0.61	8.12	1.41
20020520	0.7	9.61	1.06
20020521	5.99	11.64	1.01
20020522	2.34	11.19	1.46
20020523	3.66	8.3	1.26
20020524	3.04	8.41	1.57
20020525	3.15	7.19	2.21
20020526	3.46	8.45	1.86
20020527	1.5	7.89	1.79
20020528	5.93	10.4	1.45
20020529	4.01	7.69	1.93
20020530	3.58	7.47	2.66
20020531	1.09	9.63	2.27
20020601	1.22	12.91	1.52
20020602	5.66	10.85	1.18
20020603	0.74	7.75	1.38
20020604	0.85	8.75	1.07
20020605	0.55	11.74	0.88
20020606	0.0	15.47	0.75
20020607	1.0	15.75	0.64
20020608	0.19	14.46	0.59
20020609	4.13	9.73	0.66
20020610	3.15	9.4	0.82
20020611	2.09	8.0	0.73
20020612	1.07	7.63	0.69
20020613	6.42	8.67	0.77
20020614	7.42	9.8	2.27
20020615	2.05	10.65	2.19
20020616	7.64	12.92	1.47
20020617	3.28	11.77	2.43
20020618	15.31	10.24	3.95
20020619	1.75	9.37	9.22
20020620	1.31	10.52	2.73
20020621	3.19	10.52	1.36
20020622	7.87	9.74	1.61
20020623	6.87	10.23	4.34
20020624	1.91	9.67	4.07
20020625	9.58	9.98	2.83
20020626	16.65	8.41	9.71
20020627	1.32	7.4	10.66
20020628	2.4	10.03	3.05
20020629	6.41	10.49	3.02
20020630	7.47	8.27	6.18
20020701	3.49	8.3	5.57
20020702	6.33	9.74	2.65
20020703	0.35	7.38	3.2
20020704	1.07	8.64	1.93
20020705	0.09	9.76	1.33
20020706	1.76	8.77	1.04
20020707	1.37	9.96	0.97
20020708	3.66	9.89	1.01
20020709	1.69	11.02	1.4
20020710	1.8	10.41	1.1
20020711	5.65	8.95	1.14
20020712	0.6	8.28	1.38
20020713	0.0	13.42	0.97
20020714	1.67	13.52	0.75
20020715	0.19	11.74	0.65
20020716	0.33	10.57	0.59
20020717	0.1	10.35	0.54
20020718	2.37	12.42	0.49
20020719	18.36	9.06	4.27
20020720	0.16	8.94	3.15
20020721	3.92	11.53	1.39
20020722	8.01	10.82	1.18
20020723	0.99	10.57	1.98
20020724	0.29	10.54	1.4
20020725	0.85	12.01	1.12
20020726	0.66	12.47	1.1
20020727	18.17	15.2	2.95
20020728	5.36	12.21	9.45
20020729	18.43	12.88	10.03
20020730	33.36	13.98	16.95
20020731	0.31	15.68	9.59
20020801	0.16	15.26	2.98
20020802	0.15	14.17	1.66
20020803	0.32	15.99	1.26
20020804	0.24	15.88	1.09
20020805	0.4	17.41	1.01
20020806	16.27	16.73	1.81
20020807	0.95	11.33	1.91
20020808	0.11	10.59	1.17
20020809	0.01	9.51	0.88
20020810	0.08	10.64	0.72
20020811	9.07	10.77	1.27
20020812	0.03	12.79	1.13
20020813	0.07	11.86	0.81
20020814	2.4	13.07	0.66
20020815	1.45	10.9	0.65
20020816	0.0	12.56	0.66
20020817	0.41	15.24	0.59
20020818	13.01	10.49	1.48
20020819	0.01	11.07	1.43
20020820	0.3	10.3	0.94
20020821	0.01	12.35	0.69
20020822	0.02	13.72	0.56
20020823	4.14	11.69	0.55
20020824	1.09	9.78	0.67
20020825	0.01	10.23	0.72
20020826	0.24	14.44	0.59
20020827	0.08	13.8	0.51
20020828	0.99	13.93	0.46
20020829	4.49	11.8	0.54
20020830	15.29	8.34	3.83
20020831	0.7	7.32	3.52
20020901	0.05	11.63	1.51
20020902	0.0	11.11	0.89
20020903	0.0	11.24	0.67
20020904	1.03	11.37	0.56
20020905	6.8	8.76	0.61
20020906	3.21	8.5	1.22
20020907	18.01	8.86	6.67
20020908	6.66	10.34	6.23
20020909	2.8	13.43	2.77
20020910	0.11	11.84	1.79
20020911	0.0	12.63	1.16
20020912	0.0	13.21	0.87
20020913	0.03	13.57	0.71
20020914	0.2	11.38	0.62
20020915	0.03	10.99	0.55
20020916	1.12	9.79	0.51
20020917	0.01	9.52	0.51
20020918	0.2	9.3	0.5
20020919	2.0	8.2	0.5
20020920	0.31	10.55	0.53
20020921	0.89	9.32	0.52
20020922	0.01	6.34	0.54
20020923	0.05	7.18	0.5
20020924	0.05	10.13	0.45
20020925	7.97	8.48	0.9
20020926	0.67	10.0	1.17
20020927	0.01	10.15	0.95
20020928	0.01	9.75	0.75
20020929	0.51	12.17	0.61
20020930	0.94	12.93	0.55
20021001	0.16	11.92	0.52
20021002	1.54	11.41	0.5
20021003	5.83	8.37	0.79
20021004	6.68	10.11	2.5
20021005	0.05	9.39	2.7
20021006	0.04	8.76	1.3
20021007	0.56	8.67	0.89
20021008	0.03	9.41	0.72
20021009	0.0	7.46	0.61
20021010	0.92	7.84	0.51
20021011	17.2	6.53	1.66
20021012	10.31	4.98	5.9
20021013	0.83	6.92	3.21
20021014	0.28	4.29	1.55
20021015	0.78	2.64	1.09
20021016	0.31	3.01	0.88
20021017	1.11	2.48	0.77
20021018	5.16	1.78	0.73
20021019	7.54	-0.83	1.47
20021020	4.74	0.2	1.27
20021021	44.03	1.56	8.16
20021022	37.52	0.97	17.66
20021023	19.35	0.47	10.0
20021024	5.61	2.0	5.87
20021025	6.35	1.06	6.71
20021026	6.17	2.51	6.33
20021027	8.99	1.98	8.7
20021028	3.54	2.42	7.3
20021029	0.09	2.1	4.4
20021030	5.9	4.15	6.64
20021031	1.63	5.91	9.33
20021101	0.92	6.58	9.55
20021102	4.69	7.15	11.94
20021103	10.78	6.37	9.47
20021104	2.19	7.13	9.08
20021105	14.22	7.25	8.01
20021106	18.75	3.38	11.23
20021107	17.53	3.58	15.27
20021108	0.39	2.05	8.64
20021109	4.8	2.13	3.28
20021110	6.7	5.75	6.27
20021111	11.44	2.62	7.33
20021112	0.05	2.06	5.17
20021113	1.15	2.13	2.9
20021114	13.29	3.42	6.63
20021115	2.12	2.55	5.15
20021116	0.32	-0.61	2.57
20021117	0.03	-0.81	1.6
20021118	0.32	1.88	1.31
20021119	0.04	3.39	1.24
20021120	1.27	5.1	1.15
20021121	2.0	5.91	1.2
20021122	0.67	5.2	1.34
20021123	0.22	4.84	1.14
20021124	0.09	3.28	0.96
20021125	0.02	3.51	0.85
20021126	0.93	6.32	0.77
20021127	0.52	6.87	0.78
20021128	0.26	4.77	0.77
20021129	2.4	4.27	0.73
20021130	3.2	3.74	1.35
20021201	1.4	3.26	1.49
20021202	1.55	3.26	1.38
20021203	5.11	4.16	1.36
20021204	3.0	1.93	3.18
20021205	0.09	1.15	1.96
20021206	0.27	1.48	1.29
20021207	0.0	0.15	1.02
20021208	0.01	0.71	0.83
20021209	0.0	-0.03	0.72
20021210	0.0	-0.93	0.61
20021211	0.0	-1.03	0.54
20021212	0.0	-1.64	0.49
20021213	0.03	-0.35	0.46
20021214	0.0	-0.56	0.47
20021215	0.04	-1.64	0.46
20021216	0.0	-3.28	0.44
20021217	0.48	-1.31	0.4
20021218	0.02	-0.52	0.43
20021219	0.0	-2.6	0.35
20021220	0.23	0.15	0.37
20021221	1.1	2.38	0.39
20021222	0.93	4.52	0.54
20021223	2.95	7.36	1.05
20021224	4.87	5.65	1.8
20021225	0.44	2.49	2.18
20021226	0.99	3.7	1.34
20021227	3.09	3.91	1.19
20021228	0.7	3.66	1.63
20021229	0.04	1.25	1.49
20021230	0.01	-1.8	1.05
20021231	0.06	-3.22	0.71
20030101	1.47	-0.82	0.62
20030102	2.09	-4.17	0.59
20030103	0.11	-4.41	0.48
20030104	0.19	-2.32	0.46
20030105	0.5	-3.86	0.46
20030106	0.0	-5.77	0.59
20030107	0.01	-5.65	0.46
20030108	0.44	-2.51	0.42
20030109	0.41	-1.87	0.4
20030110	0.11	-1.94	0.39
20030111	9.39	2.61	0.52
20030112	15.2	6.31	11.81
20030113	21.0	6.46	18.03
20030114	18.41	5.28	17.29
20030115	20.73	4.33	13.31
20030116	25.35	5.33	15.62
20030117	28.53	2.23	22.55
20030118	2.87	1.34	9.81
20030119	0.1	-0.42	4.35
20030120	11.46	-0.0	4.9
20030121	5.74	1.91	4.08
20030122	1.42	-0.98	4.42
20030123	4.7	4.1	3.72
20030124	37.39	5.76	27.34
20030125	12.72	6.13	19.02
20030126	6.57	8.7	8.66
20030127	27.38	3.17	15.4
20030128	21.9	0.59	13.46
20030129	3.81	-2.76	5.65
20030130	3.54	-4.42	2.84
20030131	14.28	-0.86	3.41
20030201	14.29	-0.12	5.51
20030202	10.28	-2.53	3.55
20030203	15.39	-2.53	2.22
20030204	4.73	-4.55	1.71
20030205	1.94	-1.72	1.48
20030206	5.51	3.98	21.92
20030207	1.7	5.56	19.76
20030208	7.12	2.59	18.78
20030209	0.52	0.64	6.64
20030210	7.76	3.85	5.15
20030211	0.25	1.7	8.32
20030212	0.17	0.68	3.21
20030213	0.07	-0.64	1.87
20030214	0.13	-1.3	1.43
20030215	0.05	-0.3	1.08
20030216	0.02	1.17	0.98
20030217	0.0	2.57	0.88
20030218	0.0	1.06	0.73
20030219	0.0	-0.65	0.65
20030220	0.0	0.36	0.66
20030221	0.0	1.88	0.64
20030222	0.03	2.24	0.65
20030223	2.43	2.37	0.92
20030224	0.16	3.45	1.0
20030225	0.0	3.79	1.06
20030226	0.09	4.05	1.18
20030227	0.11	4.82	1.29
20030228	0.96	4.44	1.88
20030301	2.06	3.68	2.03
20030302	0.99	3.18	1.53
20030303	0.33	4.48	1.18
20030304	5.1	5.48	1.85
20030305	12.22	4.04	4.2
20030306	2.12	4.27	5.26
20030307	3.96	3.49	3.23
20030308	22.93	5.26	5.54
20030309	8.12	6.3	17.19
20030310	27.43	3.73	11.89
20030311	8.04	2.58	14.9
20030312	0.04	-0.27	4.75
20030313	0.13	1.25	2.38
20030314	0.03	2.01	1.66
20030315	0.0	3.81	1.28
20030316	0.14	4.03	1.07
20030317	0.04	3.25	0.92
20030318	0.13	7.31	0.8
20030319	2.09	7.77	0.71
20030320	2.32	6.33	0.76
20030321	0.0	7.69	0.74
20030322	0.0	6.6	0.69
20030323	0.0	6.78	0.63
20030324	0.0	8.6	0.58
20030325	0.0	6.24	0.54
20030326	0.2	8.2	0.54
20030327	0.2	6.54	0.53
20030328	2.21	7.78	0.53
20030329	2.79	5.23	0.59
20030330	0.38	2.95	0.63
20030331	22.25	5.38	2.15
20030401	15.41	1.93	7.79
20030402	2.49	3.63	5.3
20030403	0.5	6.92	4.63
20030404	0.01	7.55	2.34
20030405	0.0	7.95	1.41
20030406	0.0	6.8	1.02
20030407	0.0	7.86	0.83
20030408	0.01	6.49	0.71
20030409	0.0	5.01	0.64
20030410	0.0	5.68	0.58
20030411	7.5	4.85	0.64
20030412	1.7	4.76	0.85
20030413	0.03	8.0	0.77
20030414	0.14	11.57	0.65
20030415	0.0	13.94	0.56
20030416	0.0	14.05	0.51
20030417	0.0	12.66	0.45
20030418	0.0	10.7	0.4
20030419	0.0	6.81	0.37
20030420	0.0	5.54	0.34
20030421	2.2	8.47	0.34
20030422	5.88	7.22	0.47
20030423	0.02	7.37	0.51
20030424	0.0	6.9	0.43
20030425	5.77	8.44	0.47
20030426	1.47	8.1	0.48
20030427	2.11	5.51	0.5
20030428	5.92	7.59	0.58
20030429	2.77	5.56	0.82
20030430	6.31	4.43	1.03
20030501	10.13	3.46	3.08
20030502	20.36	4.23	9.04
20030503	5.02	6.56	6.38
20030504	6.54	6.33	4.5
20030505	4.48	6.58	3.03
20030506	4.79	5.48	3.18
20030507	16.11	6.48	5.27
20030508	8.73	5.17	10.21
20030509	10.01	3.7	10.34
20030510	12.98	4.61	8.61
20030511	2.09	5.16	6.86
20030512	13.94	4.57	3.69
20030513	14.63	4.48	13.42
20030514	0.18	2.26	7.07
20030515	0.0	4.85	2.66
20030516	5.11	7.05	1.66
20030517	4.09	9.21	2.16
20030518	1.16	7.73	2.07
20030519	0.49	6.97	1.61
20030520	7.35	9.05	1.3
20030521	1.34	8.16	2.32
20030522	4.03	8.85	1.78
20030523	4.71	7.32	2.54
20030524	8.99	9.24	2.79
20030525	5.15	6.85	3.76
20030526	0.2	6.77	2.32
20030527	0.15	12.1	1.41
20030528	0.27	11.9	1.09
20030529	0.05	10.76	0.94
20030530	0.06	13.32	0.84
20030531	0.11	16.4	0.74
20030601	1.1	15.84	0.62
20030602	0.03	11.37	0.56
20030603	0.12	12.56	0.5
20030604	0.89	11.06	0.47
20030605	1.71	11.7	0.43
20030606	3.12	9.51	0.46
20030607	1.19	10.34	0.49
20030608	3.98	9.16	0.61
20030609	3.13	12.16	0.65
20030610	3.58	12.57	0.59
20030611	4.05	9.44	0.74
20030612	4.81	10.72	1.1
20030613	0.69	9.68	2.27
20030614	1.06	13.36	1.32
20030615	0.29	10.28	0.9
20030616	0.35	14.54	0.72
20030617	1.63	9.9	0.61
20030618	6.53	11.02	0.69
20030619	21.94	9.06	9.4
20030620	0.45	9.49	10.54
20030621	6.03	9.92	2.67
20030622	3.87	9.96	2.61
20030623	2.65	9.98	2.45
20030624	0.09	10.04	2.09
20030625	0.0	14.04	1.25
20030626	0.02	16.24	0.85
20030627	2.81	13.56	0.69
20030628	0.04	13.07	0.63
20030629	0.0	12.7	0.56
20030630	0.7	13.45	0.48
20030701	4.07	11.56	0.49
20030702	0.01	10.61	0.5
20030703	0.0	11.85	0.44
20030704	0.01	12.06	0.39
20030705	0.0	10.84	0.35
20030706	1.18	11.23	0.34
20030707	5.52	11.43	0.39
20030708	0.05	10.8	0.48
20030709	0.39	16.18	0.43
20030710	8.12	12.57	0.4
20030711	3.51	10.7	1.12
20030712	0.3	12.5	1.29
20030713	0.29	15.31	0.84
20030714	0.22	17.03	0.58
20030715	0.0	17.05	0.45
20030716	0.0	19.23	0.36
20030717	0.0	19.15	0.31
20030718	8.94	14.45	0.43
20030719	0.49	14.79	0.5
20030720	2.03	13.8	0.43
20030721	10.38	12.4	0.69
20030722	0.06	13.35	0.84
20030723	5.09	13.32	0.64
20030724	2.97	12.63	1.13
20030725	2.42	12.04	1.64
20030726	0.46	11.35	1.52
20030727	0.57	11.15	0.87
20030728	1.17	12.37	0.6
20030729	3.93	12.89	0.53
20030730	1.07	13.08	0.5
20030731	2.39	12.04	0.46
20030801	1.79	11.44	0.54
20030802	1.58	11.82	0.8
20030803	3.03	13.23	0.81
20030804	0.2	14.63	0.87
20030805	3.73	18.85	0.71
20030806	0.0	19.8	0.6
20030807	0.07	18.91	0.5
20030808	0.01	19.55	0.42
20030809	0.11	19.25	0.36
20030810	0.01	14.8	0.31
20030811	0.0	14.17	0.28
20030812	2.88	13.75	0.26
20030813	6.03	11.35	0.3
20030814	0.18	11.76	0.33
20030815	0.0	9.85	0.32
20030816	0.0	13.69	0.31
20030817	1.85	13.48	0.29
20030818	12.93	11.96	0.37
20030819	5.25	11.86	2.5
20030820	4.37	12.26	1.73
20030821	3.17	12.4	3.04
20030822	0.69	11.26	2.23
20030823	0.0	12.72	1.25
20030824	0.01	13.43	0.79
20030825	0.16	12.54	0.58
20030826	0.34	11.93	0.46
20030827	1.53	9.22	0.42
20030828	3.34	9.15	0.43
20030829	3.26	7.67	0.49
20030830	0.73	8.41	0.5
20030831	0.14	9.42	0.45
20030901	0.53	10.29	0.41
20030902	0.11	9.86	0.38
20030903	0.04	12.76	0.35
20030904	0.0	13.7	0.33
20030905	0.54	9.59	0.31
20030906	0.34	9.3	0.3
20030907	2.31	9.81	0.29
20030908	16.67	10.29	0.77
20030909	4.28	8.03	3.44
20030910	1.94	9.64	1.95
20030911	4.88	11.12	1.24
20030912	4.97	11.77	1.42
20030913	4.26	14.9	1.77
20030914	0.0	12.76	3.54
20030915	0.0	13.03	1.4
20030916	0.05	14.69	0.82
20030917	2.69	14.88	0.6
20030918	0.36	10.4	0.86
20030919	1.17	8.68	0.88
20030920	1.26	10.31	0.8
20030921	13.69	7.96	1.71
20030922	18.8	3.63	8.03
20030923	5.3	5.21	6.11
20030924	14.67	10.1	13.34
20030925	13.13	8.2	12.87
20030926	0.09	5.96	6.95
20030927	0.86	5.96	2.6
20030928	0.46	7.8	1.54
20030929	1.33	5.35	1.22
20030930	0.16	6.22	1.13
20031001	0.01	7.19	0.9
20031002	0.78	7.51	0.78
20031003	16.6	4.94	1.53
20031004	12.74	2.65	7.52
20031005	22.49	6.22	10.05
20031006	24.43	3.62	17.74
20031007	3.51	5.48	7.99
20031008	7.73	8.33	4.64
20031009	7.33	8.4	5.46
20031010	2.31	5.13	7.38
20031011	0.3	7.18	3.58
20031012	0.0	8.13	2.03
20031013	0.13	8.27	1.4
20031014	0.0	6.41	1.08
20031015	0.0	5.84	0.87
20031016	0.0	6.35	0.75
20031017	0.05	5.94	0.66
20031018	2.12	4.24	0.62
20031019	0.79	1.48	0.69
20031020	0.34	0.04	0.63
20031021	1.74	-0.84	0.61
20031022	0.11	0.81	0.57
20031023	1.42	2.82	0.54
20031024	11.34	3.19	1.37
20031025	7.65	2.2	5.83
20031026	0.1	5.44	2.69
20031027	9.13	7.51	1.55
20031028	0.84	3.5	3.65
20031029	0.01	2.12	1.99
20031030	2.35	2.32	1.3
20031031	1.59	1.15	1.66
20031101	6.73	1.25	1.85
20031102	10.82	4.21	4.63
20031103	3.96	3.31	8.59
20031104	8.13	9.53	7.33
20031105	0.83	10.12	4.55
20031106	0.0	8.73	2.04
20031107	0.0	8.24	1.34
20031108	2.94	5.79	1.01
20031109	0.55	5.47	1.01
20031110	0.07	5.56	0.92
20031111	2.67	6.41	0.82
20031112	1.84	5.13	0.88
20031113	0.35	4.74	0.94
20031114	11.65	5.26	1.05
20031115	10.94	3.62	8.35
20031116	3.25	4.53	6.02
20031117	7.39	8.65	3.66
20031118	7.86	7.02	9.41
20031119	3.32	4.72	4.82
20031120	6.88	3.32	4.62
20031121	2.33	1.54	3.82
20031122	0.24	0.5	2.6
20031123	0.2	0.5	1.66
20031124	26.42	3.97	6.56
20031125	5.65	0.59	10.19
20031126	18.65	0.87	5.77
20031127	6.92	1.78	15.14
20031128	2.2	4.39	5.79
20031129	24.26	3.21	13.78
20031130	0.16	-0.65	7.11
20031201	0.38	-0.14	2.92
20031202	0.23	3.52	2.47
20031203	0.06	2.72	2.0
20031204	0.3	7.84	1.56
20031205	0.67	5.63	1.62
20031206	0.05	0.08	1.63
20031207	0.0	-0.82	1.29
20031208	0.15	-1.79	1.01
20031209	19.31	5.31	5.4
20031210	20.33	2.61	22.78
20031211	2.6	-0.43	6.07
20031212	11.64	3.68	5.31
20031213	23.5	3.58	14.0
20031214	7.04	0.25	10.6
20031215	1.78	1.76	3.69
20031216	3.03	6.07	5.4
20031217	0.37	7.08	5.02
20031218	5.83	4.85	3.94
20031219	0.83	1.47	3.56
20031220	9.56	-0.06	2.67
20031221	0.18	-2.93	2.41
20031222	19.05	1.43	7.18
20031223	23.03	6.27	18.66
20031224	17.9	5.87	22.84
20031225	8.34	2.57	15.78
20031226	34.4	0.28	7.03
20031227	27.44	-0.38	7.57
20031228	3.98	-2.46	5.68
20031229	0.04	-5.85	3.09
20031230	0.01	-4.61	1.85
20031231	25.04	0.61	4.41
20040101	10.37	0.42	14.49
20040102	4.96	1.11	6.18
20040103	1.78	1.75	12.85
20040104	5.79	3.43	9.05
20040105	5.36	5.45	15.87
20040106	6.41	2.73	11.87
20040107	2.52	5.51	7.42
20040108	26.69	3.4	15.36
20040109	7.63	2.99	13.19
20040110	15.77	2.86	10.89
20040111	18.6	0.8	9.51
20040112	10.95	0.02	11.42
20040113	9.18	0.82	5.58
20040114	6.05	0.04	5.09
20040115	0.47	-1.18	3.62
20040116	0.19	-1.35	2.34
20040117	2.17	0.23	1.68
20040118	43.16	5.89	24.31
20040119	44.37	7.02	48.98
20040120	5.13	5.76	15.09
20040121	4.48	5.14	6.59
20040122	0.46	5.36	7.6
20040123	12.97	4.22	6.56
20040124	8.41	1.73	8.09
20040125	5.32	0.1	5.14
20040126	0.57	-2.24	3.09
20040127	10.15	-2.45	2.2
20040128	9.41	-3.09	1.78
20040129	14.91	0.13	2.55
20040130	2.5	-2.36	4.91
20040131	0.09	-3.36	2.72
20040201	14.71	1.71	8.56
20040202	22.05	6.96	38.41
20040203	24.42	8.42	28.51
20040204	24.02	6.25	19.72
20040205	19.38	4.53	23.38
20040206	36.66	1.31	27.02
20040207	13.07	-2.1	10.65
20040208	2.0	-2.31	5.14
20040209	26.11	3.35	9.63
20040210	12.76	6.76	33.7
20040211	0.02	4.69	7.87
20040212	1.78	3.95	3.65
20040213	0.43	3.03	2.94
20040214	0.15	1.03	2.32
20040215	0.02	1.2	1.77
20040216	0.99	1.95	1.54
20040217	0.01	0.77	1.4
20040218	0.14	0.42	1.17
20040219	0.01	-0.24	0.96
20040220	0.16	-1.61	0.88
20040221	1.92	-0.23	0.86
20040222	0.14	-2.12	0.81
20040223	8.01	1.12	1.49
20040224	2.18	-3.11	2.14
20040225	5.03	-4.15	1.38
20040226	5.46	-3.95	1.11
20040227	3.27	-4.67	0.95
20040228	1.17	-4.27	0.83
20040229	0.37	0.15	0.86
20040301	0.0	0.9	1.01
20040302	0.09	2.07	1.05
20040303	0.54	3.22	3.06
20040304	1.08	4.13	4.47
20040305	2.24	3.5	4.96
20040306	6.45	2.57	5.33
20040307	0.08	1.27	3.92
20040308	0.31	1.74	2.02
20040309	0.17	0.68	1.35
20040310	0.01	0.91	1.0
20040311	0.02	0.61	0.78
20040312	0.01	1.47	0.68
20040313	0.09	2.87	0.65
20040314	21.49	5.56	5.59
20040315	23.08	7.5	17.91
20040316	26.56	7.11	21.38
20040317	4.06	5.93	13.56
20040318	7.02	3.22	4.77
20040319	5.14	1.41	4.37
20040320	19.56	0.77	6.14
20040321	7.85	2.88	6.15
20040322	14.46	2.54	6.37
20040323	1.88	1.37	5.4
20040324	4.58	2.78	4.08
20040325	1.26	3.63	4.07
20040326	1.56	6.43	6.36
20040327	7.04	6.0	7.36
20040328	3.19	4.75	8.2
20040329	0.13	4.93	4.02
20040330	0.01	5.65	2.24
20040331	0.0	6.34	1.58
20040401	0.39	7.77	1.33
20040402	4.53	6.85	1.36
20040403	7.77	4.21	1.84
20040404	7.34	4.08	3.0
20040405	25.98	2.84	7.15
20040406	8.47	3.43	10.19
20040407	1.0	2.45	5.09
20040408	1.01	5.08	2.86
20040409	1.28	5.7	3.38
20040410	0.55	5.74	2.59
20040411	1.08	6.97	1.91
20040412	1.23	7.17	1.81
20040413	15.33	7.88	4.83
20040414	6.62	7.07	11.92
20040415	1.36	3.57	5.49
20040416	0.32	4.07	2.59
20040417	5.3	2.16	1.96
20040418	18.02	3.96	4.11
20040419	3.07	4.87	9.53
20040420	4.33	7.59	3.37
20040421	8.24	8.02	3.15
20040422	5.11	6.45	7.71
20040423	0.65	10.67	3.74
20040424	1.08	10.72	2.17
20040425	0.04	9.74	1.75
20040426	9.32	8.98	1.97
20040427	0.8	6.57	2.63
20040428	3.06	5.67	1.68
20040429	3.94	5.3	1.67
20040430	0.02	5.69	1.61
20040501	0.56	9.86	1.23
20040502	9.5	4.82	1.13
20040503	5.57	5.15	2.5
20040504	11.65	4.66	5.43
20040505	2.98	6.24	6.33
20040506	1.3	6.02	3.23
20040507	0.25	9.81	2.02
20040508	0.41	9.47	1.37
20040509	2.88	10.59	1.16
20040510	0.14	10.76	0.97
20040511	0.01	7.34	0.81
20040512	0.03	10.99	0.71
20040513	0.38	8.99	0.65
20040514	0.28	10.46	0.62
20040515	0.06	12.61	0.61
20040516	2.95	12.46	0.55
