date	precipitation	temperature	discharge_spec
19960930	0.02	9.2	0.35
19961001	0.18	9.4	0.36
19961002	0.04	12.3	0.31
19961003	2.11	10.21	0.33
19961004	0.41	9.42	0.33
19961005	0.32	9.5	0.32
19961006	0.13	11.72	0.32
19961007	0.02	12.57	0.31
19961008	5.9	8.26	0.33
19961009	0.23	9.9	0.31
19961010	0.01	9.32	0.3
19961011	0.01	11.49	0.3
19961012	0.0	12.66	0.3
19961013	0.08	14.18	0.3
19961014	3.88	11.99	0.3
19961015	3.17	8.74	0.32
19961016	0.06	7.43	0.29
19961017	9.63	9.18	0.33
19961018	1.51	11.05	0.37
19961019	0.26	12.47	0.31
19961020	6.37	11.01	0.35
19961021	0.47	11.75	0.31
19961022	0.06	12.63	0.3
19961023	0.0	12.98	0.29
19961024	0.35	14.34	0.29
19961025	4.83	10.44	0.32
19961026	10.21	11.16	0.33
19961027	3.28	12.71	0.39
19961028	8.88	10.83	0.4
19961029	0.0	7.3	0.35
19961030	2.81	9.59	0.32
19961031	0.32	10.27	0.33
19961101	0.75	12.36	0.33
19961102	5.2	13.92	0.37
19961103	17.33	12.11	0.48
19961104	3.5	9.97	0.51
19961105	5.65	10.31	0.39
19961106	6.38	9.17	0.42
19961107	0.6	5.0	0.41
19961108	0.09	5.94	0.37
19961109	0.04	5.14	0.38
19961110	0.0	2.61	0.37
19961111	1.62	2.91	0.36
19961112	1.41	2.61	0.38
19961113	0.0	3.4	0.37
19961114	0.83	4.5	0.38
19961115	0.05	4.77	0.39
19961116	11.09	5.83	0.42
19961117	1.78	2.46	0.5
19961118	5.95	1.61	0.43
19961119	20.25	2.23	0.87
19961120	0.13	1.08	0.67
19961121	0.68	1.63	0.53
19961122	0.05	1.29	0.52
19961123	0.0	2.06	0.53
19961124	11.0	5.04	0.68
19961125	0.1	4.88	0.57
19961126	0.01	2.47	0.54
19961127	0.0	0.79	0.57
19961128	6.56	3.94	0.58
19961129	0.18	6.65	0.6
19961130	0.42	5.82	0.6
19961201	0.28	7.43	0.58
19961202	11.12	7.07	0.69
19961203	1.8	6.1	0.73
19961204	5.17	2.47	0.72
19961205	0.1	1.16	0.7
19961206	0.05	2.05	0.72
19961207	0.04	1.72	0.7
19961208	0.04	2.54	0.7
19961209	0.07	1.72	0.72
19961210	0.14	1.38	0.69
19961211	0.0	1.83	0.7
19961212	1.33	2.12	0.71
19961213	0.12	-0.18	0.77
19961214	0.05	2.43	0.71
19961215	0.09	6.16	0.72
19961216	2.24	3.63	0.72
19961217	2.67	6.31	0.72
19961218	12.55	7.37	0.83
19961219	1.39	4.34	0.82
19961220	0.07	2.91	0.77
19961221	0.0	0.08	0.75
19961222	0.0	1.1	0.75
19961223	0.0	0.06	0.75
19961224	0.0	-0.69	0.74
19961225	0.0	-0.78	0.76
19961226	0.0	-1.58	0.76
19961227	0.29	1.48	0.75
19961228	0.0	-1.55	0.75
19961229	0.35	-0.39	0.76
19961230	1.43	-1.3	0.74
19961231	0.0	-4.62	0.73
19970101	0.0	-5.09	0.73
19970102	0.03	-4.09	0.72
19970103	0.0	-2.86	0.72
19970104	0.0	-0.6	0.72
19970105	0.14	0.14	0.72
19970106	0.0	-1.33	0.71
19970107	0.0	-3.28	0.71
19970108	0.0	-2.45	0.71
19970109	0.0	-1.2	0.7
19970110	0.23	0.24	0.73
19970111	0.53	4.63	0.71
19970112	0.07	6.58	0.7
19970113	0.0	3.78	0.69
19970114	0.02	2.22	0.68
19970115	0.21	0.76	0.68
19970116	0.05	2.78	0.68
19970117	1.48	6.11	0.69
19970118	2.01	5.31	0.68
19970119	0.18	3.11	0.68
19970120	0.07	2.95	0.66
19970121	2.9	1.81	0.66
19970122	0.95	3.17	0.68
19970123	0.04	3.81	0.66
19970124	0.0	3.59	0.65
19970125	0.02	4.63	0.64
19970126	0.0	4.22	0.65
19970127	0.03	4.29	0.62
19970128	0.0	3.4	0.62
19970129	0.0	2.91	0.61
19970130	0.0	2.31	0.61
19970131	0.0	2.84	0.61
19970201	0.62	3.26	0.59
19970202	0.25	2.36	0.55
19970203	1.16	3.46	0.59
19970204	2.52	4.9	0.61
19970205	0.2	5.83	0.59
19970206	0.78	8.98	0.67
19970207	0.33	3.83	0.61
19970208	0.01	4.13	0.58
19970209	8.41	8.04	0.62
19970210	2.77	6.09	0.69
19970211	11.2	8.15	0.65
19970212	13.96	7.15	0.98
19970213	0.03	3.34	0.85
19970214	0.01	1.92	0.76
19970215	0.53	5.34	0.73
19970216	2.37	6.42	0.76
19970217	14.45	7.19	0.87
19970218	1.51	4.33	0.9
19970219	8.13	6.99	0.98
19970220	0.62	8.28	0.96
19970221	0.26	9.27	0.95
19970222	0.05	8.57	0.97
19970223	10.3	7.14	1.05
19970224	19.0	7.33	1.52
19970225	9.78	6.92	1.74
19970226	0.06	5.25	1.63
19970227	0.0	7.2	1.69
19970228	0.03	7.91	1.69
19970301	1.24	8.6	1.6
19970302	0.0	6.43	1.49
19970303	2.99	5.91	1.43
19970304	0.86	7.17	1.37
19970305	2.16	5.59	1.35
19970306	0.04	7.54	1.3
19970307	2.88	7.51	1.28
19970308	3.3	6.59	1.31
19970309	0.07	7.73	1.18
19970310	0.0	7.99	1.14
19970311	0.0	9.49	1.09
19970312	0.04	9.48	1.04
19970313	0.6	9.07	1.1
19970314	0.0	9.87	1.05
19970315	0.01	10.87	1.04
19970316	0.02	8.75	1.02
19970317	0.24	9.45	1.03
19970318	0.07	9.09	1.01
19970319	0.04	4.92	1.0
19970320	0.0	6.86	0.99
19970321	0.0	5.86	0.98
19970322	0.37	8.73	0.98
19970323	1.32	7.83	0.98
19970324	1.47	6.5	0.98
19970325	0.08	8.64	0.96
19970326	0.01	8.07	0.95
19970327	0.09	7.98	0.94
19970328	0.01	6.15	0.94
19970329	0.0	6.31	0.94
19970330	0.0	6.73	0.92
19970331	0.0	7.78	0.92
19970401	0.0	9.7	0.91
19970402	0.0	9.89	0.9
19970403	0.0	6.26	0.89
19970404	0.0	8.42	0.89
19970405	0.01	9.97	0.9
19970406	0.0	7.59	0.88
19970407	0.0	7.0	0.86
19970408	0.0	9.16	0.86
19970409	0.0	10.93	0.85
19970410	0.0	10.94	0.84
19970411	0.0	6.97	0.84
19970412	0.0	7.27	0.83
19970413	0.0	10.62	0.83
19970414	0.0	10.48	0.83
19970415	0.0	6.59	0.82
19970416	0.0	9.76	0.82
19970417	0.0	6.09	0.8
19970418	0.02	6.88	0.81
19970419	0.0	4.5	0.81
19970420	0.0	3.36	0.8
19970421	0.0	7.69	0.79
19970422	0.02	8.03	0.78
19970423	0.0	9.1	0.77
19970424	2.02	10.15	0.77
19970425	16.52	8.4	0.88
19970426	7.19	9.71	0.85
19970427	0.98	12.91	0.81
19970428	0.93	11.88	0.78
19970429	0.0	9.1	0.77
19970430	0.0	12.18	0.76
19970501	0.0	13.4	0.75
19970502	0.0	15.12	0.75
19970503	4.16	15.92	0.77
19970504	8.95	12.85	0.87
19970505	5.87	8.0	0.83
19970506	0.41	3.55	0.79
19970507	2.41	6.5	0.76
19970508	4.38	7.13	0.8
19970509	2.38	8.23	0.78
19970510	12.05	9.08	0.93
19970511	4.61	8.92	0.9
19970512	2.14	10.08	0.8
19970513	4.84	9.09	0.81
19970514	0.04	10.4	0.79
19970515	0.27	13.25	0.79
19970516	3.88	14.04	0.79
19970517	4.07	15.48	0.83
19970518	0.68	12.89	0.8
19970519	4.85	11.93	0.7
19970520	3.36	12.53	0.61
19970521	1.23	9.45	0.59
19970522	0.29	8.39	0.57
19970523	0.0	7.56	0.56
19970524	0.0	8.29	0.54
19970525	0.0	10.68	0.54
19970526	0.0	16.12	0.54
19970527	0.0	12.03	0.52
19970528	0.0	10.22	0.52
19970529	0.0	14.64	0.51
19970530	0.0	16.54	0.51
19970531	0.0	15.32	0.51
19970601	0.0	13.65	0.49
19970602	0.0	13.41	0.49
19970603	0.0	14.25	0.49
19970604	0.0	15.17	0.49
19970605	2.69	17.59	0.51
19970606	4.04	16.1	0.53
19970607	2.8	16.13	0.54
19970608	1.96	13.34	0.51
19970609	0.0	15.29	0.49
19970610	6.2	18.48	0.51
19970611	2.87	17.39	0.53
19970612	0.27	15.5	0.51
19970613	0.97	14.28	0.51
19970614	0.61	10.91	0.52
19970615	0.17	13.11	0.52
19970616	2.06	14.18	0.54
19970617	0.0	13.99	0.52
19970618	3.15	14.3	0.52
19970619	3.28	11.13	0.55
19970620	12.7	12.11	0.65
19970621	4.32	12.2	0.59
19970622	2.03	13.91	0.55
19970623	0.0	12.06	0.53
19970624	10.73	12.71	0.55
19970625	17.95	13.06	0.74
19970626	13.84	8.97	0.92
19970627	1.07	10.96	0.76
19970628	2.5	12.03	0.66
19970629	0.04	12.71	0.61
19970630	0.68	12.18	0.58
19970701	0.34	12.13	0.54
19970702	3.46	11.74	0.54
19970703	3.95	11.94	0.55
19970704	0.17	13.1	0.53
19970705	0.0	15.04	0.52
19970706	0.0	17.46	0.51
19970707	0.0	17.68	0.49
19970708	0.0	18.98	0.48
19970709	4.25	18.94	0.51
19970710	0.0	16.17	0.46
19970711	0.0	16.82	0.45
19970712	4.47	17.3	0.45
19970713	0.31	16.8	0.46
19970714	0.08	17.01	0.43
19970715	0.01	17.6	0.42
19970716	0.48	17.02	0.42
19970717	0.09	13.99	0.43
19970718	0.0	15.56	0.42
19970719	0.0	17.38	0.41
19970720	0.0	18.05	0.41
19970721	0.0	17.36	0.4
19970722	0.0	17.72	0.4
19970723	0.77	19.34	0.4
19970724	6.48	15.85	0.44
19970725	0.19	16.41	0.42
19970726	2.84	15.4	0.42
19970727	0.0	16.68	0.41
19970728	0.0	16.95	0.4
19970729	1.01	18.16	0.39
19970730	0.16	16.67	0.38
19970731	0.76	15.24	0.4
19970801	0.04	16.14	0.38
19970802	0.0	16.05	0.39
19970803	5.9	14.98	0.41
19970804	14.52	15.97	0.56
19970805	1.11	16.68	0.55
19970806	20.34	18.92	0.62
19970807	0.13	21.06	0.51
19970808	0.0	21.71	0.44
19970809	0.01	20.04	0.4
19970810	0.25	24.0	0.39
19970811	0.02	19.68	0.38
19970812	0.0	21.04	0.37
19970813	0.0	17.66	0.38
19970814	0.0	17.86	0.37
19970815	0.0	18.31	0.36
19970816	0.06	21.16	0.38
19970817	0.02	19.89	0.37
19970818	0.02	20.63	0.33
19970819	0.08	22.78	0.32
19970820	0.0	21.76	0.33
19970821	1.65	19.44	0.34
19970822	2.07	20.53	0.34
19970823	14.54	19.47	0.39
19970824	16.54	17.16	0.59
19970825	0.91	15.61	0.44
19970826	1.38	16.51	0.37
19970827	9.95	15.09	0.47
19970828	7.02	15.24	0.43
19970829	19.05	15.24	0.53
19970830	4.16	15.66	0.55
19970831	12.38	16.06	0.73
19970901	0.0	13.44	0.49
19970902	4.8	16.42	0.45
19970903	6.54	12.86	0.54
19970904	0.0	14.55	0.46
19970905	0.13	13.58	0.43
19970906	0.38	14.73	0.42
19970907	0.0	13.08	0.41
19970908	0.0	14.33	0.41
19970909	0.0	13.25	0.4
19970910	0.0	14.44	0.41
19970911	5.37	14.31	0.42
19970912	1.75	10.82	0.45
19970913	0.01	10.35	0.41
19970914	0.0	11.96	0.41
19970915	0.0	13.42	0.4
19970916	0.0	15.06	0.4
19970917	0.0	13.46	0.41
19970918	7.05	17.31	0.42
19970919	1.85	13.38	0.43
19970920	0.01	12.52	0.41
19970921	0.0	12.2	0.4
19970922	0.0	13.19	0.38
19970923	0.0	12.76	0.38
19970924	0.0	15.22	0.38
19970925	0.0	14.35	0.38
19970926	0.0	13.25	0.37
19970927	0.0	13.26	0.39
19970928	0.0	14.7	0.38
19970929	2.17	16.86	0.38
19970930	0.12	16.86	0.38
19971001	0.0	15.7	0.37
19971002	0.0	12.07	0.37
19971003	0.0	12.9	0.39
19971004	0.01	13.35	0.38
19971005	0.0	13.74	0.36
19971006	6.0	12.75	0.39
19971007	9.68	11.33	0.48
19971008	20.96	13.87	0.65
19971009	19.71	12.69	0.8
19971010	2.06	11.59	0.57
19971011	12.48	8.79	0.7
19971012	0.06	7.88	0.6
19971013	0.01	5.24	0.52
19971014	5.3	8.83	0.53
19971015	1.74	12.3	0.52
19971016	0.53	13.64	0.51
19971017	0.03	12.66	0.5
19971018	0.04	14.44	0.5
19971019	0.0	14.5	0.5
19971020	0.0	8.54	0.48
19971021	0.0	6.33	0.47
19971022	0.0	6.94	0.48
19971023	0.0	7.1	0.51
19971024	0.0	4.43	0.53
19971025	0.0	4.77	0.51
19971026	0.0	6.21	0.54
19971027	0.0	5.74	0.53
19971028	0.0	2.4	0.51
19971029	0.0	4.63	0.52
19971030	0.21	3.42	0.52
19971031	0.0	4.97	0.53
19971101	0.43	6.64	0.55
19971102	0.0	8.6	0.54
19971103	0.0	7.34	0.54
19971104	6.07	8.85	0.56
19971105	3.14	10.72	0.6
19971106	2.72	9.7	0.57
19971107	12.01	8.34	0.71
19971108	5.16	7.93	0.74
19971109	7.13	7.42	0.72
19971110	0.24	7.13	0.72
19971111	0.0	5.0	0.66
19971112	0.01	5.31	0.64
19971113	0.28	4.8	0.62
19971114	2.24	8.44	0.64
19971115	1.74	12.71	0.67
19971116	0.29	12.82	0.67
19971117	7.06	12.81	0.66
19971118	7.19	11.32	0.86
19971119	16.75	10.11	0.89
19971120	6.46	7.07	1.2
19971121	2.08	5.72	0.96
19971122	0.29	4.47	0.93
19971123	4.37	5.46	0.94
19971124	2.41	6.48	0.98
19971125	2.36	6.63	0.97
19971126	2.63	8.28	0.94
19971127	14.23	8.6	1.05
19971128	3.57	9.25	1.39
19971129	1.39	8.04	1.19
19971130	0.02	3.96	1.2
19971201	7.01	1.09	1.32
19971202	0.01	-0.25	1.26
19971203	0.02	0.73	1.21
19971204	0.0	0.97	1.16
19971205	0.0	3.99	1.14
19971206	0.03	8.27	1.14
19971207	4.61	8.66	1.13
19971208	0.39	8.71	1.1
19971209	12.72	9.95	1.21
19971210	0.51	10.78	1.29
19971211	0.24	7.1	1.16
19971212	0.04	4.12	1.19
19971213	0.05	5.02	1.17
19971214	0.0	4.99	1.15
19971215	0.0	2.51	1.12
19971216	0.14	-0.08	1.11
19971217	12.41	3.1	1.19
19971218	3.24	7.06	1.48
19971219	0.15	5.62	1.24
19971220	0.18	5.05	1.18
19971221	0.04	4.02	1.18
19971222	7.91	5.9	1.26
19971223	9.15	9.24	1.32
19971224	7.64	9.86	1.69
19971225	17.16	7.63	2.12
19971226	0.09	5.97	1.97
19971227	0.06	4.06	1.99
19971228	0.64	3.55	2.02
19971229	2.62	4.72	1.99
19971230	10.87	7.06	2.08
19971231	0.05	3.46	2.01
19980101	20.04	5.24	2.25
19980102	14.19	7.78	2.77
19980103	12.03	5.2	3.19
19980104	5.48	4.49	3.52
19980105	6.67	2.17	3.85
19980106	11.28	4.91	3.77
19980107	10.6	5.92	4.21
19980108	0.95	10.2	3.9
19980109	0.04	9.8	3.7
19980110	0.04	8.11	3.53
19980111	0.04	8.47	3.29
19980112	1.03	9.19	3.07
19980113	9.79	7.87	3.15
19980114	2.52	6.05	2.9
19980115	6.85	6.65	2.89
19980116	0.12	5.36	2.71
19980117	10.87	6.95	2.64
19980118	1.97	5.69	2.92
19980119	0.23	1.46	2.64
19980120	1.02	1.28	2.57
19980121	0.81	2.82	2.54
19980122	0.25	1.31	2.47
19980123	0.0	0.42	2.39
19980124	0.01	2.16	2.29
19980125	0.0	1.17	2.22
19980126	0.0	1.15	2.12
19980127	0.0	0.97	2.06
19980128	0.02	0.09	1.99
19980129	0.0	1.66	1.93
19980130	0.0	2.45	1.87
19980131	0.03	0.66	1.82
19980201	0.01	-0.13	1.76
19980202	0.0	2.3	1.73
19980203	0.01	2.15	1.65
19980204	0.0	4.7	1.61
19980205	0.05	6.38	1.56
19980206	5.27	4.95	1.61
19980207	0.03	4.3	1.53
19980208	0.0	7.05	1.5
19980209	0.0	7.77	1.44
19980210	0.0	8.85	1.38
19980211	0.0	10.46	1.34
19980212	0.0	10.18	1.32
19980213	0.0	9.97	1.26
19980214	0.0	9.86	1.21
19980215	0.0	10.02	1.24
19980216	0.0	6.55	1.17
19980217	0.0	6.29	1.16
19980218	0.03	5.92	1.13
19980219	0.02	8.44	1.14
19980220	1.61	10.25	1.12
19980221	4.79	5.17	1.17
19980222	1.46	6.06	1.08
19980223	0.11	7.65	1.06
19980224	0.0	7.4	1.02
19980225	0.06	7.34	1.01
19980226	0.03	7.14	1.0
19980227	1.5	4.73	1.01
19980228	0.55	3.04	1.0
19980301	0.83	6.56	1.0
19980302	12.47	9.31	1.02
19980303	23.32	8.59	1.77
19980304	2.06	6.04	1.48
19980305	11.2	7.31	1.4
19980306	13.74	9.05	1.81
19980307	2.79	8.42	1.82
19980308	0.13	4.54	1.78
19980309	0.0	3.81	1.78
19980310	6.03	6.57	1.78
19980311	0.02	4.12	1.7
19980312	1.59	5.38	1.64
19980313	0.07	5.89	1.55
19980314	0.0	8.47	1.49
19980315	0.0	8.58	1.45
19980316	0.0	8.33	1.4
19980317	0.0	6.92	1.37
19980318	0.0	7.23	1.34
19980319	0.0	6.29	1.31
19980320	0.0	7.79	1.32
19980321	0.0	6.79	1.3
19980322	0.0	3.62	1.23
19980323	0.82	6.29	1.23
19980324	8.78	5.24	1.25
19980325	10.1	7.71	1.41
19980326	0.5	9.54	1.37
19980327	0.34	10.62	1.27
19980328	0.04	12.47	1.28
19980329	3.33	12.29	1.24
19980330	0.12	7.48	1.21
19980331	0.1	9.58	1.19
19980401	2.02	8.19	1.19
19980402	8.6	9.11	1.26
19980403	12.79	8.74	1.39
19980404	7.0	8.72	1.77
19980405	7.15	8.22	1.55
19980406	0.34	8.05	1.68
19980407	0.83	8.14	1.58
19980408	10.05	7.36	1.73
19980409	12.72	3.34	2.21
19980410	4.23	1.94	2.16
19980411	0.46	1.96	2.19
19980412	0.29	2.75	2.06
19980413	3.73	3.27	2.01
19980414	2.87	3.33	2.02
19980415	4.84	2.69	2.1
19980416	1.4	4.2	2.01
19980417	0.0	5.28	1.92
19980418	0.07	5.72	1.88
19980419	3.35	7.38	1.89
19980420	1.42	7.92	1.81
19980421	3.1	9.35	1.82
19980422	4.28	11.85	1.82
19980423	5.43	9.33	1.89
19980424	8.63	11.05	1.75
19980425	2.96	10.33	1.78
19980426	0.73	7.98	1.71
19980427	2.49	8.69	1.66
19980428	0.24	9.18	1.64
19980429	1.58	11.39	1.65
19980430	0.0	8.94	1.59
19980501	0.43	9.27	1.6
19980502	0.42	11.12	1.56
19980503	0.0	7.07	1.55
19980504	0.01	10.09	1.51
19980505	0.4	10.43	1.5
19980506	1.78	12.07	1.47
19980507	0.32	10.83	1.45
19980508	0.1	14.92	1.41
19980509	0.0	12.72	1.38
19980510	4.98	12.06	1.37
19980511	0.32	12.77	1.37
19980512	0.0	13.35	1.3
19980513	0.2	16.83	1.28
19980514	0.0	16.89	1.25
19980515	0.0	16.27	1.21
19980516	0.0	14.56	1.16
19980517	0.0	13.7	1.16
19980518	0.0	15.03	1.03
19980519	0.0	16.05	1.03
19980520	0.6	16.9	1.02
19980521	0.0	12.84	1.01
19980522	0.0	12.94	1.02
19980523	0.12	12.59	1.01
19980524	0.0	13.26	1.0
19980525	3.84	13.7	1.01
19980526	3.94	10.13	0.98
19980527	1.53	9.32	0.98
19980528	0.09	12.23	0.96
19980529	0.0	11.24	0.95
19980530	1.02	15.17	0.93
19980531	0.0	12.96	0.93
19980601	20.68	14.2	1.02
19980602	9.66	12.42	1.13
19980603	1.38	12.32	0.95
19980604	0.02	11.95	0.91
19980605	1.51	14.4	0.9
19980606	0.81	13.71	0.91
19980607	0.78	13.96	0.89
19980608	12.8	13.9	0.96
19980609	4.18	13.85	0.91
19980610	4.78	11.44	0.9
19980611	0.97	8.38	0.9
19980612	2.35	11.82	0.87
19980613	12.67	12.32	1.07
19980614	10.7	12.56	1.05
19980615	0.83	12.29	0.93
19980616	0.25	12.13	0.84
19980617	3.69	13.33	0.85
19980618	2.31	15.24	0.85
19980619	0.36	18.71	0.82
19980620	0.22	19.71	0.81
19980621	0.01	15.58	0.81
19980622	0.44	15.15	0.8
19980623	1.32	15.41	0.78
19980624	0.92	13.94	0.76
19980625	5.28	13.95	0.77
19980626	11.5	12.89	0.86
19980627	3.0	13.55	0.82
19980628	0.05	14.93	0.77
19980629	10.93	13.44	0.85
19980630	0.0	14.57	0.8
19980701	0.0	13.91	0.77
19980702	0.0	11.72	0.76
19980703	0.0	14.8	0.76
19980704	0.0	14.72	0.75
19980705	0.02	17.42	0.74
19980706	1.32	14.91	0.75
19980707	0.0	13.87	0.74
19980708	0.07	16.63	0.7
19980709	0.16	15.96	0.67
19980710	0.52	15.28	0.65
19980711	7.34	14.83	0.69
19980712	3.0	13.0	0.71
19980713	0.36	13.09	0.65
19980714	0.0	14.05	0.63
19980715	1.67	14.67	0.64
19980716	2.51	15.89	0.64
19980717	0.11	14.73	0.63
19980718	0.52	14.44	0.61
19980719	0.0	16.66	0.63
19980720	0.93	16.84	0.61
19980721	1.48	14.96	0.61
19980722	1.23	16.5	0.59
19980723	0.05	13.75	0.58
19980724	0.0	13.28	0.57
19980725	0.0	14.26	0.56
19980726	0.25	16.05	0.57
19980727	0.01	16.96	0.57
19980728	0.78	16.63	0.57
19980729	0.11	15.57	0.57
19980730	0.92	14.98	0.56
19980731	0.2	14.94	0.58
19980801	24.13	14.11	0.86
19980802	2.93	15.49	0.66
19980803	4.1	13.33	0.65
19980804	0.0	15.55	0.59
19980805	0.0	15.8	0.57
19980806	0.0	15.91	0.54
19980807	0.0	16.28	0.42
19980808	0.0	20.0	0.41
19980809	0.0	19.6	0.42
19980810	0.0	20.11	0.37
19980811	0.0	19.33	0.37
19980812	0.0	14.65	0.37
19980813	0.0	16.33	0.38
19980814	6.34	16.49	0.51
19980815	0.0	13.78	0.52
19980816	0.01	16.29	0.51
19980817	0.01	15.08	0.5
19980818	0.0	13.23	0.48
19980819	0.0	16.65	0.48
19980820	0.71	15.79	0.48
19980821	0.06	14.84	0.48
19980822	2.56	13.3	0.48
19980823	5.9	14.43	0.53
19980824	0.04	12.3	0.47
19980825	0.47	15.58	0.48
19980826	0.05	11.06	0.47
19980827	0.0	13.08	0.47
19980828	0.0	13.31	0.46
19980829	0.0	14.36	0.46
19980830	0.0	16.4	0.46
19980831	1.68	17.12	0.47
19980901	0.54	16.48	0.45
19980902	4.04	16.47	0.43
19980903	0.01	15.12	0.43
19980904	12.81	15.08	0.49
19980905	2.47	15.65	0.49
19980906	2.03	16.72	0.45
19980907	5.56	16.83	0.44
19980908	5.48	16.87	0.43
19980909	3.65	15.76	0.47
19980910	2.75	12.68	0.44
19980911	9.79	10.44	0.49
19980912	3.57	9.44	0.49
19980913	0.34	10.27	0.44
19980914	0.21	11.67	0.42
19980915	0.02	12.85	0.42
19980916	0.0	11.95	0.4
19980917	0.03	14.15	0.41
19980918	0.34	16.63	0.41
19980919	0.0	15.91	0.41
19980920	0.0	17.07	0.41
19980921	0.0	15.28	0.39
19980922	0.0	14.16	0.37
19980923	0.0	15.58	0.37
19980924	0.0	15.36	0.37
19980925	6.42	15.98	0.42
19980926	42.76	14.49	0.8
19980927	6.42	13.8	0.93
19980928	0.84	12.7	0.54
19980929	7.89	13.77	0.52
19980930	4.98	14.33	0.57
19981001	0.24	12.99	0.51
19981002	0.45	8.02	0.5
19981003	0.03	8.92	0.49
19981004	0.23	8.18	0.47
19981005	2.11	9.4	0.47
19981006	0.21	8.88	0.47
19981007	0.5	9.13	0.48
19981008	0.0	6.53	0.47
19981009	2.41	10.04	0.48
19981010	1.77	11.09	0.48
19981011	0.12	11.52	0.5
19981012	2.86	10.68	0.46
19981013	1.57	13.62	0.48
19981014	0.72	11.15	0.47
19981015	0.54	9.97	0.47
19981016	18.72	11.38	0.64
19981017	0.03	6.02	0.6
19981018	0.39	6.99	0.52
19981019	0.02	7.82	0.51
19981020	6.28	11.09	0.53
19981021	1.81	14.55	0.54
19981022	23.66	14.27	0.8
19981023	7.2	10.09	0.8
19981024	25.78	10.09	1.69
19981025	0.59	7.85	1.21
19981026	3.27	9.34	1.23
19981027	11.36	11.34	1.35
19981028	2.4	8.86	1.23
19981029	0.74	8.44	1.15
19981030	4.75	7.92	1.09
19981031	24.01	5.36	1.93
19981101	3.06	6.78	1.64
19981102	13.75	6.91	1.98
19981103	1.59	4.29	1.99
19981104	0.04	3.3	1.86
19981105	0.05	8.04	1.84
19981106	0.13	8.45	1.79
19981107	13.36	10.18	1.83
19981108	14.41	12.61	2.22
19981109	1.73	9.03	2.1
19981110	0.0	5.7	2.0
19981111	9.44	7.08	2.15
19981112	0.39	6.38	2.17
19981113	8.29	4.57	2.15
19981114	0.03	5.69	2.14
19981115	0.02	3.25	1.99
19981116	0.0	1.86	1.89
19981117	0.0	1.12	1.85
19981118	0.0	2.48	1.84
19981119	0.0	3.52	1.79
19981120	0.0	4.54	1.76
19981121	0.0	4.27	1.74
19981122	0.01	3.57	1.69
19981123	2.63	4.04	1.63
19981124	2.79	4.46	1.63
19981125	0.91	5.21	1.52
19981126	0.7	7.74	1.48
19981127	2.27	9.33	1.41
19981128	0.56	5.0	1.42
19981129	0.0	4.06	1.41
19981130	0.0	2.76	1.32
19981201	0.01	2.03	1.29
19981202	0.0	1.76	1.27
19981203	1.12	1.37	1.23
19981204	0.0	0.48	1.21
19981205	0.58	-0.12	1.18
19981206	0.03	0.21	1.11
19981207	1.86	5.31	1.13
19981208	6.59	8.56	1.24
19981209	0.27	7.22	1.15
19981210	6.24	6.29	1.22
19981211	2.11	7.81	1.16
19981212	4.12	8.54	1.16
19981213	0.07	9.71	1.18
19981214	3.23	11.31	1.15
19981215	1.97	7.62	1.16
19981216	0.01	8.35	1.15
19981217	2.32	7.29	1.15
19981218	9.18	6.2	1.37
19981219	0.02	3.21	1.29
19981220	0.0	-0.94	1.27
19981221	0.66	1.39	1.26
19981222	10.78	4.01	1.31
19981223	2.73	2.64	1.59
19981224	5.52	5.44	1.45
19981225	12.7	6.95	1.99
19981226	12.61	7.88	2.47
19981227	9.71	5.4	2.89
19981228	1.32	3.01	2.71
19981229	0.08	7.58	2.63
19981230	0.01	7.62	2.5
19981231	2.46	6.78	2.35
19990101	9.32	6.54	2.37
19990102	13.25	5.11	2.51
19990103	13.85	8.06	2.98
19990104	2.11	9.47	3.07
19990105	0.02	11.15	3.08
19990106	7.11	7.98	3.26
19990107	5.06	4.45	3.2
19990108	6.02	2.77	3.13
19990109	0.01	1.1	2.91
19990110	0.0	-0.43	2.81
19990111	2.04	-0.59	2.72
19990112	2.15	3.53	2.75
19990113	2.06	5.24	2.61
19990114	0.96	5.75	2.49
19990115	22.93	6.69	3.04
19990116	0.43	3.66	3.06
19990117	0.01	3.85	2.86
19990118	13.95	7.32	3.27
19990119	27.12	10.14	4.52
19990120	1.42	5.59	4.57
19990121	0.15	1.04	4.74
19990122	0.1	-0.57	4.61
19990123	1.78	4.68	4.21
19990124	8.4	7.95	3.84
19990125	1.66	6.08	3.68
19990126	6.08	3.53	3.61
19990127	0.12	5.89	3.27
19990128	1.18	6.21	3.1
19990129	4.31	5.66	3.0
19990130	1.51	4.95	2.99
19990131	0.03	4.85	2.79
19990201	0.0	4.49	2.64
19990202	0.0	5.11	2.51
19990203	0.01	8.57	2.44
19990204	0.0	8.33	2.34
19990205	0.03	6.26	2.3
19990206	5.29	3.86	2.3
19990207	0.29	1.47	2.21
19990208	1.58	-1.18	2.15
19990209	0.07	-0.77	2.06
19990210	0.0	0.2	1.97
19990211	0.0	0.98	1.95
19990212	3.61	3.56	1.88
19990213	0.02	2.28	1.84
19990214	2.09	4.0	1.83
19990215	0.32	5.66	1.77
19990216	0.03	5.49	1.73
19990217	0.46	6.72	1.67
19990218	2.57	8.88	1.66
19990219	2.17	6.95	1.65
19990220	1.23	5.97	1.58
19990221	2.68	4.91	1.57
19990222	0.05	2.84	1.5
19990223	6.83	3.51	1.52
19990224	0.14	2.97	1.52
19990225	0.33	6.42	1.48
19990226	5.06	6.37	1.53
19990227	0.21	6.01	1.44
19990228	3.79	8.54	1.47
19990301	1.39	10.28	1.42
19990302	14.48	8.47	1.77
19990303	6.66	5.02	1.97
19990304	5.0	3.41	1.91
19990305	0.23	1.85	1.94
19990306	4.15	3.07	1.99
19990307	3.3	3.02	2.04
19990308	0.54	2.93	1.99
19990309	0.33	3.2	1.92
19990310	0.03	1.9	1.87
19990311	0.19	3.99	1.84
19990312	8.33	6.79	1.93
19990313	0.04	6.37	1.85
19990314	0.0	7.36	1.81
19990315	0.0	7.96	1.7
19990316	0.02	8.9	1.68
19990317	0.0	11.91	1.65
19990318	0.0	6.5	1.6
19990319	0.0	5.62	1.59
19990320	3.02	7.16	1.62
19990321	2.38	6.54	1.65
19990322	0.02	7.06	1.57
19990323	0.0	9.67	1.51
19990324	0.77	7.65	1.51
19990325	8.5	4.88	1.62
19990326	0.06	4.94	1.49
19990327	0.03	6.41	1.45
19990328	0.36	9.82	1.45
19990329	4.59	9.02	1.45
19990330	3.25	9.18	1.41
19990331	0.01	11.58	1.38
19990401	1.07	12.75	1.36
19990402	1.36	8.85	1.34
19990403	0.25	9.64	1.33
19990404	3.2	12.96	1.34
19990405	1.11	12.48	1.31
19990406	0.8	9.33	1.26
19990407	0.0	7.97	1.23
19990408	0.02	11.78	1.21
19990409	0.14	11.44	1.18
19990410	0.03	7.88	1.17
19990411	8.16	8.95	1.24
19990412	3.05	6.47	1.21
19990413	1.69	2.77	1.17
19990414	0.13	1.68	1.16
19990415	3.04	4.48	1.16
19990416	3.27	5.09	1.16
19990417	0.77	3.62	1.11
19990418	2.85	3.88	1.13
19990419	3.88	6.67	1.05
19990420	17.7	9.5	1.62
19990421	9.66	9.69	1.53
19990422	9.71	9.36	1.38
19990423	15.74	8.09	2.46
19990424	0.06	10.04	1.95
19990425	7.7	10.14	2.02
19990426	5.76	10.58	2.16
19990427	0.0	11.42	1.97
19990428	0.0	11.27	1.86
19990429	0.0	9.64	1.83
19990430	0.0	12.51	1.76
19990501	0.0	12.92	1.72
19990502	0.0	13.76	1.68
19990503	0.0	15.07	1.62
19990504	0.0	12.04	1.58
19990505	0.79	13.41	1.57
19990506	3.09	11.27	1.55
19990507	8.04	10.57	1.69
19990508	3.81	12.61	1.62
19990509	3.25	13.83	1.53
19990510	25.78	12.18	3.27
19990511	12.3	12.03	2.63
19990512	0.27	11.97	2.04
19990513	1.51	11.89	1.97
19990514	2.09	12.2	1.95
19990515	0.02	11.64	1.87
19990516	0.0	9.91	1.8
19990517	0.16	10.01	1.75
19990518	0.75	11.38	1.74
19990519	1.17	14.29	1.71
19990520	0.49	14.59	1.65
19990521	0.24	9.99	1.61
19990522	0.0	12.54	1.57
19990523	0.0	12.96	1.55
19990524	0.01	10.52	1.53
19990525	0.0	9.8	1.46
19990526	0.02	13.61	1.45
19990527	7.83	18.48	1.58
19990528	0.0	13.81	1.46
19990529	23.76	15.6	2.24
19990530	0.37	9.74	1.58
19990531	0.04	12.35	1.48
19990601	12.29	16.07	1.51
19990602	8.43	14.38	1.71
19990603	4.03	13.36	1.57
19990604	2.39	9.87	1.46
19990605	20.31	10.16	1.9
19990606	4.14	12.69	1.8
19990607	0.92	9.58	1.75
19990608	0.0	9.73	1.74
19990609	0.0	11.41	1.69
19990610	0.0	11.35	1.65
19990611	0.01	12.87	1.61
19990612	0.26	10.47	1.6
19990613	0.0	15.03	1.55
19990614	0.99	14.83	1.37
19990615	0.0	15.29	1.34
19990616	0.0	16.28	1.26
19990617	0.0	13.55	1.24
19990618	0.0	16.01	1.21
19990619	1.06	15.49	1.22
19990620	0.0	12.12	1.18
19990621	0.09	10.9	1.16
19990622	1.78	13.6	1.17
19990623	0.07	14.6	1.15
19990624	0.0	15.93	1.11
19990625	0.0	15.74	1.08
19990626	2.19	19.04	1.06
19990627	3.95	12.48	1.11
19990628	10.18	13.31	1.08
19990629	1.1	13.1	1.05
19990630	1.96	14.64	1.01
19990701	0.39	15.89	1.01
19990702	0.24	19.15	0.99
19990703	0.2	17.19	0.98
19990704	0.02	16.34	0.97
19990705	2.29	16.93	1.02
19990706	0.02	18.17	0.96
19990707	0.0	17.78	0.94
19990708	0.0	21.79	0.92
19990709	0.0	18.45	0.93
19990710	0.0	18.55	0.9
19990711	0.0	18.99	0.89
19990712	0.0	17.66	0.88
19990713	0.27	16.22	0.86
19990714	0.0	13.62	0.86
19990715	0.0	14.85	0.84
19990716	0.0	15.51	0.84
19990717	0.0	16.31	0.83
19990718	0.0	18.32	0.82
19990719	4.36	17.95	0.83
19990720	0.9	15.89	0.82
19990721	0.0	13.88	0.8
19990722	0.09	12.39	0.8
19990723	0.0	17.77	0.8
19990724	0.0	19.64	0.79
19990725	0.02	18.6	0.78
19990726	0.0	15.01	0.75
19990727	0.0	15.96	0.76
19990728	0.0	16.59	0.75
19990729	0.0	19.85	0.75
19990730	0.0	21.27	0.72
19990731	0.0	21.82	0.67
19990801	9.25	22.04	0.8
19990802	20.99	21.97	0.92
19990803	1.78	17.45	0.78
19990804	2.9	19.5	0.74
19990805	0.04	18.13	0.7
19990806	13.99	18.94	0.76
19990807	0.12	19.41	0.74
19990808	14.27	15.49	0.83
19990809	12.23	15.18	0.88
19990810	0.0	12.34	0.75
19990811	2.21	14.93	0.74
19990812	0.45	15.98	0.71
19990813	0.7	15.92	0.69
19990814	2.4	15.0	0.71
19990815	0.02	13.4	0.67
19990816	2.71	13.06	0.66
19990817	5.92	13.39	0.69
19990818	11.54	14.04	0.81
19990819	0.04	12.98	0.71
19990820	0.0	13.38	0.67
19990821	0.01	13.17	0.69
19990822	0.0	14.72	0.69
19990823	0.82	16.59	0.66
19990824	21.46	14.62	0.89
19990825	18.88	16.9	0.95
19990826	1.7	15.0	0.8
19990827	0.0	15.1	0.71
19990828	0.0	16.07	0.69
19990829	0.0	16.0	0.67
19990830	0.0	15.81	0.67
19990831	0.0	15.04	0.66
19990901	0.0	17.23	0.65
19990902	0.0	17.9	0.65
19990903	0.0	18.33	0.61
19990904	0.0	18.99	0.6
19990905	0.58	19.39	0.61
19990906	0.37	19.42	0.6
19990907	0.69	14.51	0.59
19990908	1.37	14.08	0.59
19990909	0.0	13.08	0.58
19990910	0.0	18.73	0.58
19990911	0.4	17.26	0.59
19990912	0.0	14.04	0.58
19990913	0.0	12.65	0.58
19990914	0.12	13.49	0.57
19990915	6.74	14.54	0.59
19990916	3.57	13.14	0.65
19990917	6.04	13.91	0.66
19990918	24.7	14.04	0.83
19990919	26.35	14.45	1.17
19990920	4.9	12.94	1.01
19990921	2.85	13.99	0.85
19990922	13.17	14.92	1.06
19990923	8.38	15.87	1.03
19990924	19.88	14.35	2.23
19990925	5.02	13.73	1.51
19990926	12.34	13.43	1.54
19990927	3.15	12.83	1.5
19990928	3.5	13.51	1.45
19990929	2.24	13.54	1.45
19990930	0.05	12.22	1.38
19991001	18.29	10.37	1.57
19991002	1.75	9.35	1.71
19991003	2.97	8.75	1.51
19991004	0.0	6.87	1.45
19991005	0.0	7.39	1.42
19991006	0.0	9.55	1.41
19991007	1.23	12.54	1.39
19991008	0.0	14.41	1.36
19991009	0.0	13.96	1.34
19991010	0.3	11.29	1.31
19991011	0.0	8.23	1.27
19991012	0.0	8.57	1.26
19991013	0.0	8.65	1.23
19991014	0.0	11.03	1.16
19991015	0.0	11.13	1.12
19991016	0.0	10.19	1.11
19991017	0.0	9.11	1.1
19991018	0.0	8.02	1.07
19991019	0.0	7.7	1.05
19991020	4.04	6.77	1.04
19991021	6.45	9.2	1.1
19991022	3.33	11.97	1.06
19991023	11.9	11.7	1.14
19991024	11.58	10.13	1.45
19991025	0.03	10.7	1.22
19991026	0.0	10.36	1.09
19991027	0.14	10.87	1.07
19991028	0.24	9.76	1.07
19991029	1.21	11.11	1.05
19991030	8.97	11.79	1.13
19991031	1.57	11.86	1.05
19991101	2.11	10.79	1.05
19991102	0.01	9.0	1.03
19991103	0.0	9.7	1.05
19991104	9.92	9.93	1.05
19991105	19.14	7.7	2.12
19991106	0.02	5.9	1.44
19991107	0.08	7.85	1.41
19991108	0.0	9.31	1.38
19991109	0.0	6.99	1.36
19991110	0.0	6.62	1.33
19991111	1.11	7.66	1.29
19991112	0.01	6.2	1.28
19991113	0.47	7.39	1.3
19991114	0.15	5.42	1.25
19991115	2.12	5.94	1.26
19991116	0.64	4.47	1.2
19991117	4.89	3.7	1.19
19991118	0.0	2.78	1.19
19991119	0.0	3.23	1.14
19991120	0.01	3.07	1.15
19991121	1.59	3.31	1.1
19991122	0.27	6.01	1.08
19991123	0.42	8.96	1.05
19991124	2.66	9.86	1.06
19991125	0.68	10.0	1.03
19991126	5.9	7.35	1.05
19991127	0.23	8.3	1.07
19991128	9.51	8.96	1.12
19991129	0.1	3.8	1.08
19991130	1.0	8.06	1.04
19991201	0.01	7.17	1.02
19991202	1.28	6.81	1.0
19991203	2.69	5.41	1.04
19991204	0.32	2.32	1.01
19991205	0.34	5.25	1.0
19991206	5.15	8.45	1.01
19991207	2.76	6.08	1.04
19991208	11.01	6.14	1.19
19991209	1.82	5.01	1.26
19991210	8.05	6.87	1.27
19991211	4.56	7.33	1.4
19991212	4.69	4.16	1.44
19991213	7.96	2.04	1.62
19991214	0.26	1.57	1.56
19991215	0.01	1.11	1.55
19991216	2.95	5.55	1.56
19991217	1.75	5.94	1.6
19991218	11.69	-0.65	1.63
19991219	0.04	-4.72	1.51
19991220	4.41	-2.61	1.46
19991221	1.96	4.0	1.76
19991222	10.14	7.57	1.87
19991223	27.44	7.1	2.99
19991224	12.33	7.06	4.06
19991225	3.4	3.53	3.95
19991226	1.47	3.94	3.88
19991227	0.19	1.8	3.47
19991228	0.02	1.66	3.09
19991229	2.3	2.9	2.83
19991230	5.91	5.3	2.74
19991231	2.23	5.81	2.54
20000101	0.04	6.82	2.4
20000102	1.79	8.05	2.29
20000103	7.75	4.82	2.38
20000104	1.64	3.87	2.28
20000105	5.28	7.87	2.28
20000106	0.18	5.75	2.23
20000107	2.04	6.12	2.18
20000108	0.11	3.77	2.13
20000109	0.0	1.93	2.09
20000110	0.36	3.54	2.02
20000111	0.02	8.07	1.97
20000112	10.04	4.43	2.05
20000113	0.05	1.67	2.04
20000114	1.05	2.82	1.93
20000115	0.18	1.93	1.87
20000116	0.0	1.96	1.82
20000117	0.0	3.37	1.78
20000118	0.0	4.75	1.74
20000119	0.0	2.96	1.7
20000120	0.0	2.95	1.66
20000121	0.5	4.39	1.6
20000122	0.02	2.95	1.54
20000123	0.0	2.1	1.52
20000124	0.0	0.73	1.49
20000125	0.0	0.3	1.46
20000126	0.0	-1.04	1.43
20000127	0.04	0.34	1.45
20000128	0.43	6.24	1.45
20000129	1.67	10.13	1.44
20000130	0.06	9.71	1.41
20000131	0.02	8.68	1.35
20000201	9.02	5.9	1.41
20000202	0.02	5.73	1.34
20000203	3.6	6.78	1.33
20000204	0.11	7.63	1.29
20000205	0.19	7.91	1.25
20000206	6.02	7.16	1.36
20000207	3.62	7.99	1.3
20000208	1.36	7.16	1.26
20000209	5.48	6.71	1.27
20000210	1.33	3.57	1.32
20000211	7.9	6.01	1.31
20000212	0.06	4.51	1.44
20000213	0.0	3.4	1.29
20000214	3.11	5.57	1.31
20000215	1.92	3.32	1.33
20000216	0.13	2.77	1.27
20000217	1.4	5.73	1.27
20000218	2.43	6.58	1.27
20000219	0.02	2.44	1.29
20000220	1.11	4.04	1.24
20000221	0.0	2.98	1.22
20000222	0.73	3.96	1.2
20000223	0.48	6.4	1.19
20000224	12.25	4.19	1.41
20000225	0.04	4.25	1.32
20000226	0.23	6.41	1.28
20000227	17.82	6.88	1.66
20000228	14.85	5.93	1.84
20000229	1.53	5.12	2.17
20000301	1.09	4.01	1.95
20000302	7.23	6.74	2.12
20000303	0.01	3.69	2.15
20000304	0.0	3.42	2.05
20000305	0.0	6.19	1.96
20000306	0.02	8.57	1.92
20000307	1.39	9.79	1.88
20000308	0.07	10.55	1.83
20000309	0.0	11.47	1.77
20000310	0.0	10.02	1.72
20000311	0.01	6.61	1.7
20000312	0.0	8.94	1.64
20000313	0.39	10.73	1.6
20000314	0.06	6.03	1.55
20000315	0.0	7.8	1.53
20000316	0.0	8.14	1.5
20000317	0.0	8.19	1.47
20000318	0.0	5.38	1.44
20000319	0.0	7.21	1.41
20000320	0.0	8.49	1.39
20000321	0.0	6.87	1.35
20000322	0.38	9.26	1.34
20000323	11.94	7.17	1.5
20000324	1.66	6.82	1.35
20000325	1.93	4.53	1.3
20000326	1.51	5.36	1.29
20000327	0.85	5.49	1.24
20000328	0.55	3.96	1.23
20000329	0.0	4.07	1.22
20000330	0.0	5.42	1.18
20000331	0.03	5.03	1.13
20000401	11.83	6.48	1.25
20000402	17.6	7.17	1.44
20000403	20.13	1.78	2.75
20000404	0.97	2.48	1.87
20000405	0.0	3.67	1.68
20000406	0.0	5.04	1.65
20000407	0.0	6.38	1.64
20000408	0.64	9.06	1.61
20000409	0.02	6.72	1.58
20000410	3.96	6.98	1.55
20000411	22.05	3.28	2.1
20000412	7.56	3.14	2.79
20000413	4.24	5.37	2.24
20000414	1.92	4.36	2.13
20000415	5.39	2.65	2.34
20000416	6.97	7.17	2.34
20000417	2.62	6.58	2.28
20000418	22.63	6.0	3.44
20000419	10.16	10.29	3.29
20000420	2.8	10.12	3.44
20000421	11.58	10.05	3.69
20000422	3.15	8.35	3.64
20000423	3.26	9.59	3.42
20000424	9.87	10.59	3.43
20000425	2.79	10.04	3.4
20000426	9.07	10.03	3.48
20000427	0.04	10.04	3.25
20000428	12.91	9.8	3.41
20000429	0.06	9.66	3.35
20000430	0.0	12.03	3.17
20000501	0.0	10.98	3.05
20000502	0.0	11.44	2.97
20000503	0.12	7.83	2.84
20000504	0.0	9.06	2.73
20000505	0.0	11.36	2.6
20000506	0.01	15.84	2.49
20000507	0.0	14.88	2.38
20000508	0.04	12.57	2.33
20000509	0.0	15.86	2.29
20000510	0.88	12.95	2.22
20000511	0.67	11.05	2.15
20000512	0.45	13.24	2.07
20000513	0.0	15.54	1.99
20000514	0.0	17.39	1.93
20000515	0.0	16.37	1.79
20000516	0.46	12.54	1.77
20000517	7.18	9.38	1.8
20000518	1.05	10.42	1.78
20000519	0.2	8.63	1.68
20000520	9.94	10.59	1.74
20000521	1.68	9.78	1.71
20000522	1.63	12.61	1.55
20000523	4.37	9.53	1.59
20000524	5.99	9.78	1.59
20000525	2.81	10.82	1.5
20000526	19.07	7.58	1.87
20000527	17.87	8.26	2.04
20000528	8.36	8.68	2.17
20000529	0.9	10.89	1.85
20000530	0.06	9.83	1.77
20000531	3.24	13.41	1.64
20000601	0.03	14.21	1.63
20000602	1.17	15.18	1.57
20000603	0.59	13.04	1.55
20000604	0.0	13.22	1.5
20000605	2.46	12.01	1.47
20000606	1.2	12.58	1.43
20000607	0.05	13.92	1.37
20000608	5.49	15.34	1.39
20000609	0.0	12.2	1.38
20000610	0.0	12.96	1.29
20000611	0.0	13.81	1.27
20000612	0.21	15.51	1.25
20000613	0.31	15.28	1.23
20000614	0.04	14.37	1.21
20000615	0.0	15.26	1.06
20000616	0.0	18.12	1.03
20000617	0.0	19.46	1.01
20000618	0.0	21.61	1.0
20000619	0.8	20.06	0.99
20000620	5.46	15.91	1.01
20000621	12.15	13.7	1.18
20000622	7.52	12.65	1.1
20000623	0.27	12.1	1.0
20000624	0.09	9.76	0.98
20000625	0.0	12.31	0.97
20000626	0.0	13.84	0.94
20000627	0.0	16.1	0.92
20000628	0.28	17.09	0.93
20000629	2.28	17.29	0.93
20000630	0.74	16.14	0.92
20000701	2.09	16.11	0.92
20000702	1.33	15.41	0.94
20000703	1.48	16.92	0.91
20000704	9.36	14.11	1.02
20000705	10.53	15.57	1.08
20000706	1.66	16.4	0.96
20000707	0.0	13.69	0.92
20000708	2.05	14.54	0.91
20000709	3.53	13.49	0.91
20000710	13.82	11.15	1.01
20000711	0.18	11.06	0.91
20000712	3.23	14.76	0.88
20000713	0.24	15.63	0.88
20000714	0.0	12.61	0.86
20000715	0.0	13.4	0.84
20000716	0.0	13.76	0.84
20000717	0.0	15.39	0.84
20000718	0.0	16.82	0.83
20000719	0.0	17.05	0.82
20000720	0.0	16.9	0.83
20000721	0.0	17.74	0.84
20000722	0.0	15.38	0.81
20000723	0.0	13.82	0.84
20000724	0.0	13.42	0.83
20000725	0.0	15.38	0.84
20000726	0.0	16.66	0.82
20000727	0.8	17.33	0.82
20000728	6.86	16.73	0.83
20000729	1.85	16.71	0.81
20000730	0.32	17.26	0.79
20000731	0.0	18.36	0.77
20000801	0.07	16.43	0.76
20000802	5.99	16.8	0.78
20000803	12.56	15.2	0.89
20000804	0.0	14.8	0.78
20000805	0.01	18.81	0.74
20000806	0.0	19.18	0.72
20000807	1.8	18.15	0.71
20000808	0.43	17.43	0.71
20000809	1.18	18.18	0.66
20000810	0.0	16.0	0.64
20000811	0.0	16.63	0.64
20000812	1.89	18.74	0.63
20000813	3.71	17.4	0.65
20000814	0.04	16.18	0.63
20000815	6.11	16.33	0.69
20000816	0.99	15.61	0.65
20000817	1.88	15.11	0.64
20000818	13.65	14.46	0.73
20000819	0.02	14.24	0.68
20000820	0.01	13.63	0.63
20000821	0.78	13.47	0.61
20000822	0.0	16.27	0.6
20000823	0.0	16.51	0.58
20000824	0.0	19.28	0.57
20000825	4.04	21.03	0.54
20000826	0.17	16.13	0.54
20000827	0.57	14.48	0.54
20000828	0.76	13.72	0.52
20000829	0.03	15.11	0.52
20000830	0.0	14.92	0.51
20000831	3.64	14.88	0.53
20000901	0.73	13.16	0.53
20000902	0.01	13.05	0.51
20000903	0.0	10.93	0.53
20000904	0.07	15.01	0.5
20000905	2.6	15.11	0.51
20000906	0.81	13.0	0.51
20000907	0.27	15.69	0.51
20000908	2.7	13.73	0.52
20000909	0.05	17.13	0.51
20000910	0.0	19.07	0.5
20000911	0.0	19.73	0.49
20000912	0.03	15.8	0.47
20000913	0.95	14.81	0.48
20000914	22.93	14.49	0.63
20000915	3.66	13.47	0.67
20000916	0.01	14.19	0.54
20000917	8.04	14.27	0.54
20000918	2.85	10.5	0.62
20000919	17.44	10.4	0.71
20000920	1.07	10.63	0.61
20000921	5.7	14.44	0.58
20000922	0.75	16.13	0.55
20000923	0.13	18.3	0.52
20000924	10.35	12.1	0.65
20000925	16.09	13.65	0.79
20000926	1.14	14.78	0.67
20000927	17.65	12.24	0.85
20000928	0.37	12.59	0.78
20000929	1.4	12.96	0.71
20000930	5.02	11.52	0.81
20001001	6.53	12.22	0.77
20001002	0.0	10.94	0.7
20001003	2.05	12.13	0.7
20001004	0.46	11.0	0.67
20001005	1.11	8.33	0.65
20001006	7.09	10.34	0.68
20001007	0.83	10.7	0.72
20001008	1.23	9.21	0.69
20001009	17.12	8.57	0.98
20001010	17.42	7.78	1.11
20001011	1.71	8.2	0.96
20001012	0.19	10.14	0.92
20001013	0.22	10.92	0.93
20001014	0.64	10.93	0.94
20001015	0.04	11.48	0.94
20001016	0.59	8.44	0.9
20001017	9.01	10.28	0.94
20001018	0.07	9.75	0.94
20001019	0.03	8.74	0.91
20001020	10.3	9.6	0.98
20001021	0.26	6.43	0.99
20001022	2.24	9.26	0.96
20001023	1.7	11.17	0.94
20001024	1.77	10.72	0.93
20001025	0.01	8.9	0.93
20001026	3.66	10.27	0.94
20001027	6.62	10.88	1.0
20001028	20.82	9.72	1.42
20001029	52.75	8.36	4.02
20001030	6.82	7.62	4.61
20001031	10.3	7.87	4.61
20001101	9.79	6.36	4.07
20001102	22.53	6.08	4.96
20001103	0.55	6.44	4.57
20001104	0.02	6.31	4.39
20001105	30.55	6.13	5.84
20001106	5.35	7.11	5.1
20001107	3.39	7.29	4.88
20001108	0.66	6.86	4.39
20001109	0.02	5.21	3.91
20001110	4.91	7.06	3.58
20001111	11.85	7.6	3.83
20001112	0.54	5.7	3.39
20001113	0.04	4.34	3.18
20001114	1.9	4.18	3.13
20001115	11.5	5.78	3.08
20001116	0.33	4.93	3.05
20001117	0.25	5.5	2.83
20001118	3.61	8.04	2.72
20001119	2.42	4.88	2.74
20001120	0.41	3.63	2.68
20001121	11.79	4.35	2.74
20001122	4.99	5.17	2.81
20001123	1.22	4.46	2.67
20001124	1.58	5.88	2.66
20001125	15.14	7.3	2.98
20001126	2.86	6.5	2.94
20001127	9.94	9.41	3.09
20001128	0.22	11.98	3.16
20001129	4.02	8.75	3.11
20001130	10.03	9.24	3.2
20001201	6.55	9.74	3.5
20001202	1.67	7.12	3.32
20001203	12.39	8.16	3.41
20001204	2.76	11.02	3.82
20001205	12.76	10.24	3.81
20001206	6.65	8.62	4.31
20001207	23.07	9.26	5.18
20001208	0.32	8.25	5.23
20001209	6.83	8.47	5.36
20001210	5.22	9.34	5.36
20001211	8.83	11.63	5.14
20001212	27.4	9.1	5.89
20001213	1.69	6.69	6.33
20001214	2.09	4.13	6.19
20001215	0.03	1.8	5.8
20001216	0.5	1.88	5.23
20001217	0.01	2.94	4.7
20001218	0.04	4.64	4.28
20001219	6.32	7.54	4.11
20001220	0.04	7.45	3.72
20001221	0.2	4.93	3.44
20001222	0.01	3.79	3.23
20001223	4.11	3.34	3.06
20001224	9.52	3.16	3.14
20001225	0.0	0.8	2.95
20001226	0.0	-0.16	2.78
20001227	3.62	-1.29	2.66
20001228	0.06	-2.79	2.6
20001229	0.0	-3.25	2.5
20001230	0.02	-1.91	2.43
20001231	15.95	3.19	2.93
20010101	12.05	8.09	3.05
20010102	1.7	4.97	3.15
20010103	4.3	5.08	2.96
20010104	2.6	5.75	3.06
20010105	0.59	3.35	3.03
20010106	0.18	4.31	2.92
20010107	0.01	4.12	2.78
20010108	0.0	2.62	2.68
20010109	0.0	1.16	2.58
20010110	0.0	2.98	2.53
20010111	0.0	2.37	2.42
20010112	0.0	2.28	2.35
20010113	0.0	2.51	2.28
20010114	0.0	2.33	2.2
20010115	0.0	0.18	2.13
20010116	0.0	-0.92	2.08
20010117	0.0	-0.76	2.02
20010118	0.0	0.03	1.97
20010119	0.0	-1.23	1.92
20010120	7.25	0.34	1.92
20010121	3.18	4.03	2.0
20010122	5.37	5.9	1.99
20010123	10.95	7.47	2.18
20010124	4.03	5.08	2.09
20010125	0.58	4.44	1.96
20010126	4.15	2.59	1.99
20010127	0.36	2.65	1.96
20010128	0.03	1.59	1.91
20010129	3.28	3.31	1.89
20010130	1.57	4.34	1.91
20010131	0.04	1.94	1.85
20010201	3.32	1.97	1.84
20010202	4.22	5.94	1.88
20010203	7.81	5.64	1.89
20010204	6.29	6.72	2.12
20010205	12.11	8.07	2.2
20010206	1.23	7.91	2.42
20010207	1.47	6.98	2.37
20010208	0.0	0.86	2.46
20010209	0.04	2.27	2.43
20010210	4.64	8.0	2.41
20010211	9.0	10.26	2.3
20010212	14.43	4.72	3.4
20010213	0.03	3.75	2.66
20010214	0.01	3.9	2.62
20010215	0.14	5.6	2.61
20010216	0.0	3.54	2.53
20010217	0.01	1.72	2.46
20010218	0.0	0.55	2.35
20010219	0.0	3.38	2.27
20010220	0.0	4.48	2.17
20010221	0.0	8.13	2.13
20010222	1.34	6.55	2.09
20010223	0.36	2.92	2.03
20010224	0.4	0.2	1.98
20010225	0.12	1.52	1.92
20010226	7.92	2.27	1.99
20010227	0.86	2.43	1.88
20010228	4.16	-0.1	1.91
20010301	0.26	-0.92	1.81
20010302	0.2	-1.33	1.77
20010303	0.0	-0.48	1.72
20010304	0.0	-0.99	1.66
20010305	0.0	2.66	1.59
20010306	12.27	6.6	1.79
20010307	0.01	10.24	1.71
20010308	1.34	8.25	1.63
20010309	2.01	9.65	1.55
20010310	0.93	9.74	1.57
20010311	1.79	6.97	1.56
20010312	9.31	5.46	1.65
20010313	0.05	5.63	1.65
20010314	0.05	4.86	1.55
20010315	2.15	5.83	1.54
20010316	13.21	3.61	1.71
20010317	3.89	1.04	1.84
20010318	0.29	0.99	1.76
20010319	0.01	2.86	1.71
20010320	14.58	1.0	1.99
20010321	4.41	3.0	2.36
20010322	8.31	8.73	2.29
20010323	6.14	7.32	2.8
20010324	0.21	5.13	2.69
20010325	0.0	3.75	2.68
20010326	1.11	4.22	2.61
20010327	9.88	6.24	2.74
20010328	1.95	5.85	2.6
20010329	1.15	6.48	2.44
20010330	1.12	8.78	2.32
20010331	1.76	10.1	2.28
20010401	0.02	10.89	2.2
20010402	4.0	8.88	2.2
20010403	16.33	7.55	2.45
20010404	1.08	6.41	2.39
20010405	8.06	8.41	2.54
20010406	7.89	8.21	2.62
20010407	5.65	5.67	2.66
20010408	8.8	8.11	2.79
20010409	0.05	10.79	2.74
20010410	1.55	7.95	2.69
20010411	0.04	5.92	2.68
20010412	0.57	6.94	2.62
20010413	0.03	5.18	2.53
20010414	2.27	8.6	2.47
20010415	0.3	7.73	2.39
20010416	0.0	5.04	2.28
20010417	2.95	4.93	2.26
20010418	0.0	2.9	2.18
20010419	0.25	4.91	2.1
20010420	0.0	4.11	2.06
20010421	0.03	6.48	1.99
20010422	19.89	6.14	2.4
20010423	5.37	8.6	2.12
20010424	12.87	7.44	2.59
20010425	5.95	8.14	2.31
20010426	1.12	8.32	2.25
20010427	1.56	9.59	2.23
20010428	1.87	7.66	2.24
20010429	0.03	6.59	2.19
20010430	0.0	8.23	2.12
20010501	1.26	9.47	2.09
20010502	0.38	10.25	2.04
20010503	0.0	7.68	1.98
20010504	0.09	8.19	1.93
20010505	0.0	7.9	1.88
20010506	0.0	7.08	1.84
20010507	0.0	8.52	1.79
20010508	2.59	10.92	1.73
20010509	10.88	10.46	1.78
20010510	0.02	14.27	1.73
20010511	0.09	15.95	1.64
20010512	0.0	16.51	1.56
20010513	5.49	14.65	1.63
20010514	0.32	10.77	1.54
20010515	4.74	12.89	1.55
20010516	13.93	9.47	1.64
20010517	9.31	7.97	2.04
20010518	0.0	11.25	1.63
20010519	0.01	10.63	1.52
20010520	0.0	12.34	1.45
20010521	0.0	12.33	1.43
20010522	0.0	13.78	1.39
20010523	0.0	15.58	1.31
20010524	0.0	14.92	1.31
20010525	0.0	13.73	1.3
20010526	1.6	16.22	1.27
20010527	0.93	15.88	1.27
20010528	0.0	15.39	1.26
20010529	0.0	13.59	1.2
20010530	0.0	13.59	1.17
20010531	0.02	12.2	1.14
20010601	0.17	14.12	1.12
20010602	0.13	10.03	1.12
20010603	0.0	11.17	1.09
20010604	0.0	12.06	1.07
20010605	0.0	14.9	1.05
20010606	0.83	10.18	1.05
20010607	1.6	9.04	1.07
20010608	0.01	9.13	1.03
20010609	0.42	11.03	1.02
20010610	0.0	9.57	1.01
20010611	0.0	11.6	1.01
20010612	0.0	13.23	1.0
20010613	0.01	13.06	0.99
20010614	4.71	15.25	0.96
20010615	10.41	15.14	0.99
20010616	2.35	13.66	0.96
20010617	0.0	11.38	0.93
20010618	0.0	14.65	0.9
20010619	0.0	14.57	0.9
20010620	0.0	13.84	0.89
20010621	0.0	13.08	0.88
20010622	0.0	16.02	0.87
20010623	0.0	15.95	0.87
20010624	0.0	18.1	0.86
20010625	0.0	21.96	0.87
20010626	0.0	22.79	0.84
20010627	1.81	16.82	0.85
20010628	0.3	17.52	0.87
20010629	3.75	16.58	0.87
20010630	0.79	16.23	0.85
20010701	0.0	17.98	0.83
20010702	0.0	20.25	0.81
20010703	0.11	21.39	0.8
20010704	0.1	20.56	0.79
20010705	1.26	21.1	0.79
20010706	9.21	17.47	0.91
20010707	19.97	18.68	1.06
20010708	0.0	15.04	0.84
20010709	13.31	15.34	0.87
20010710	3.63	14.52	0.83
20010711	0.35	13.46	0.76
20010712	0.73	14.26	0.75
20010713	3.25	13.95	0.76
20010714	3.33	11.75	0.77
20010715	0.04	11.2	0.74
20010716	0.0	14.03	0.72
20010717	14.58	14.27	0.83
20010718	4.61	14.07	0.79
20010719	0.02	12.38	0.74
20010720	7.35	14.59	0.77
20010721	1.76	15.74	0.76
20010722	0.0	15.13	0.72
20010723	0.0	14.74	0.69
20010724	0.0	15.94	0.69
20010725	0.03	17.23	0.68
20010726	0.0	18.86	0.67
20010727	0.0	20.18	0.67
20010728	0.0	22.43	0.66
20010729	0.0	21.06	0.65
20010730	0.0	19.21	0.63
20010731	0.0	18.95	0.64
20010801	0.0	18.91	0.63
20010802	4.2	15.58	0.66
20010803	0.69	15.05	0.66
20010804	12.21	14.06	0.8
20010805	1.48	17.26	0.68
20010806	0.8	16.88	0.65
20010807	7.84	15.88	0.72
20010808	9.82	14.56	0.77
20010809	15.66	11.5	1.12
20010810	0.53	14.64	0.76
20010811	6.6	15.64	0.74
20010812	0.9	16.84	0.76
20010813	0.04	17.64	0.71
20010814	0.08	19.53	0.69
20010815	3.83	19.5	0.69
20010816	0.41	14.88	0.67
20010817	0.05	16.58	0.66
20010818	6.21	16.76	0.7
20010819	9.6	17.4	0.85
20010820	0.0	14.54	0.68
20010821	0.07	18.06	0.65
20010822	0.04	18.18	0.63
20010823	0.33	19.17	0.59
20010824	0.0	18.62	0.58
20010825	0.01	19.67	0.58
20010826	0.0	14.52	0.57
20010827	0.0	13.96	0.56
20010828	0.03	15.04	0.55
20010829	0.09	17.37	0.55
20010830	6.19	14.55	0.57
20010831	0.84	12.71	0.56
20010901	1.52	16.7	0.55
20010902	0.32	15.78	0.55
20010903	1.26	14.24	0.55
20010904	0.01	12.46	0.52
20010905	5.16	15.08	0.55
20010906	0.01	13.66	0.54
20010907	1.34	15.57	0.51
20010908	0.0	11.74	0.51
20010909	0.01	11.11	0.5
20010910	0.0	13.73	0.49
20010911	0.0	13.83	0.5
20010912	5.79	12.74	0.53
20010913	3.69	11.26	0.51
20010914	0.1	12.77	0.5
20010915	0.03	11.83	0.48
20010916	0.05	11.61	0.47
20010917	0.08	11.3	0.47
20010918	3.5	12.36	0.5
20010919	4.89	12.47	0.53
20010920	0.65	12.65	0.5
20010921	0.02	12.72	0.49
20010922	0.0	10.61	0.49
20010923	1.92	10.82	0.5
20010924	2.79	10.75	0.53
20010925	0.07	10.67	0.51
20010926	5.98	12.8	0.54
20010927	0.7	14.24	0.47
20010928	2.79	17.59	0.44
20010929	0.46	15.26	0.46
20010930	8.25	14.47	0.48
20011001	6.0	14.22	0.46
20011002	1.3	12.94	0.47
20011003	1.41	13.64	0.44
20011004	0.74	14.51	0.44
20011005	2.96	14.41	0.45
20011006	0.83	13.82	0.45
20011007	18.8	11.62	0.7
20011008	5.45	12.06	0.65
20011009	0.02	11.91	0.53
20011010	0.45	13.55	0.48
20011011	1.5	12.79	0.49
20011012	0.03	15.67	0.48
20011013	0.02	16.95	0.49
20011014	2.69	15.29	0.49
20011015	6.89	12.22	0.56
20011016	0.41	12.99	0.48
20011017	14.14	14.31	0.58
20011018	0.02	12.46	0.62
20011019	18.82	12.9	0.7
20011020	0.11	11.76	0.79
20011021	0.03	8.16	0.63
20011022	8.95	10.7	0.71
20011023	5.96	12.5	0.73
20011024	1.64	12.69	0.75
20011025	16.46	12.87	0.74
20011026	17.4	11.17	1.79
20011027	3.36	11.9	1.02
20011028	0.04	10.32	0.98
20011029	0.02	11.42	0.94
20011030	2.54	11.87	0.92
20011031	0.0	7.23	0.89
20011101	0.0	8.29	0.87
20011102	0.0	7.55	0.9
20011103	0.39	9.23	0.87
20011104	0.06	6.82	0.87
20011105	0.38	8.29	0.85
20011106	1.89	10.9	0.89
20011107	8.25	8.36	0.9
20011108	0.26	2.86	0.88
20011109	0.0	1.26	0.87
20011110	0.0	5.52	0.9
20011111	0.92	9.41	0.87
20011112	2.1	7.53	0.88
20011113	0.06	2.31	0.87
20011114	0.04	2.88	0.87
20011115	0.0	4.47	0.87
20011116	0.0	8.41	0.86
20011117	0.05	7.14	0.85
20011118	0.01	6.2	0.86
20011119	0.04	5.69	0.84
20011120	0.06	7.42	0.84
20011121	1.5	9.84	0.84
20011122	0.0	4.88	0.85
20011123	0.1	5.18	0.85
20011124	0.24	10.74	0.86
20011125	8.97	5.85	0.91
20011126	0.09	3.97	0.85
20011127	2.4	5.69	0.85
20011128	3.12	7.3	0.84
20011129	5.22	11.64	0.88
20011130	13.17	10.73	0.97
20011201	0.99	4.83	1.19
20011202	0.04	2.81	1.03
20011203	7.55	6.72	1.03
20011204	9.59	7.95	1.08
20011205	0.12	7.75	1.18
20011206	0.11	5.86	1.12
20011207	0.0	4.89	1.12
20011208	0.0	2.55	1.16
20011209	0.0	2.0	1.13
20011210	0.0	2.29	1.11
20011211	0.0	3.18	1.09
20011212	0.0	6.39	1.1
20011213	0.0	2.29	1.05
20011214	0.0	0.03	1.04
20011215	0.01	0.97	1.03
20011216	0.0	0.69	1.01
20011217	0.14	2.14	1.01
20011218	0.03	3.57	1.0
20011219	0.82	2.13	0.99
20011220	0.05	1.0	0.98
20011221	1.13	2.17	0.98
20011222	0.03	-1.92	0.98
20011223	0.27	0.9	0.97
20011224	0.37	6.08	0.97
20011225	0.63	1.18	0.96
20011226	1.34	2.03	0.95
20011227	0.32	6.36	0.94
20011228	2.7	3.05	0.93
20011229	0.14	0.23	0.93
20011230	0.09	-0.21	0.91
20011231	0.01	-1.96	0.9
20020101	0.0	-1.38	0.9
20020102	0.0	-0.52	0.89
20020103	0.0	-1.09	0.87
20020104	0.31	1.93	0.86
20020105	3.13	5.91	0.88
20020106	0.14	5.39	0.87
20020107	0.43	3.67	0.87
20020108	0.13	2.23	0.86
20020109	4.08	2.67	0.86
20020110	0.88	2.11	0.87
20020111	0.23	2.74	0.86
20020112	1.1	5.4	0.86
20020113	0.81	8.52	0.86
20020114	1.97	7.11	0.84
20020115	0.02	3.4	0.82
20020116	0.47	6.04	0.82
20020117	2.42	4.23	0.84
20020118	3.33	4.51	0.85
20020119	1.11	7.0	0.84
20020120	3.3	10.02	0.87
20020121	1.74	8.36	0.85
20020122	8.6	7.01	0.89
20020123	7.67	8.88	1.1
20020124	0.71	4.77	0.98
20020125	15.64	7.45	1.26
20020126	17.77	8.4	2.45
20020127	7.12	9.32	2.16
20020128	1.35	8.33	2.29
20020129	0.43	9.87	2.11
20020130	6.04	7.38	2.1
20020131	10.51	7.51	2.19
20020201	12.31	10.82	2.35
20020202	11.67	9.41	2.83
20020203	0.39	6.4	2.81
20020204	20.14	8.27	3.85
20020205	1.58	7.17	3.75
20020206	0.28	4.04	3.49
20020207	1.59	7.07	3.27
20020208	5.12	10.03	3.1
20020209	5.61	6.98	2.98
20020210	11.34	8.55	2.81
20020211	10.33	9.64	3.81
20020212	0.05	7.85	3.47
20020213	1.6	5.01	3.53
20020214	0.01	2.42	3.36
20020215	0.01	4.1	3.1
20020216	0.03	2.12	2.89
20020217	1.39	3.69	2.71
20020218	0.04	6.14	2.54
20020219	8.22	8.67	2.5
20020220	0.5	3.72	2.37
20020221	2.25	6.22	2.24
20020222	0.88	6.93	2.17
20020223	0.7	2.91	2.1
20020224	2.79	6.11	2.03
20020225	21.86	8.96	2.69
20020226	3.59	5.6	2.68
20020227	12.23	2.88	2.89
20020228	1.33	3.76	2.93
20020301	0.01	2.48	2.84
20020302	0.02	4.01	2.88
20020303	0.0	7.08	2.77
20020304	0.01	5.7	2.66
20020305	0.1	7.15	2.53
20020306	0.0	9.69	2.42
20020307	0.0	9.18	2.31
20020308	0.37	5.9	2.26
20020309	0.38	5.66	2.13
20020310	5.47	8.09	2.17
20020311	0.21	5.89	2.06
20020312	3.75	7.26	2.01
20020313	0.02	4.2	1.95
20020314	5.15	4.16	1.93
20020315	4.14	6.79	1.94
20020316	0.13	10.13	1.89
20020317	3.12	8.73	1.88
20020318	7.24	7.42	1.99
20020319	4.48	8.76	1.91
20020320	2.9	10.16	1.92
20020321	0.04	10.99	1.85
20020322	0.01	9.88	1.82
20020323	0.0	5.82	1.81
20020324	0.0	6.64	1.82
20020325	0.02	7.3	1.81
20020326	0.0	5.61	1.78
20020327	0.0	6.4	1.76
20020328	0.0	6.92	1.74
20020329	0.04	8.57	1.72
20020330	0.2	10.56	1.69
20020331	1.21	10.21	1.7
20020401	1.26	9.37	1.67
20020402	0.14	11.51	1.64
20020403	0.0	11.18	1.59
20020404	0.0	10.59	1.54
20020405	0.0	9.77	1.52
20020406	0.0	7.04	1.45
20020407	0.0	6.14	1.45
20020408	0.0	6.13	1.42
20020409	0.0	6.38	1.4
20020410	0.0	6.95	1.35
20020411	0.0	6.4	1.34
20020412	0.0	6.19	1.32
20020413	0.0	6.18	1.32
20020414	2.19	5.85	1.32
20020415	0.0	6.35	1.28
20020416	0.0	7.32	1.27
20020417	2.32	8.68	1.22
20020418	4.92	7.87	1.31
20020419	1.04	9.59	1.2
20020420	0.04	10.44	1.2
20020421	0.0	12.4	1.16
20020422	0.0	11.12	1.14
20020423	0.0	12.08	1.01
20020424	0.0	13.26	0.96
20020425	0.44	10.85	0.95
20020426	1.46	9.35	0.95
20020427	8.24	8.91	0.98
20020428	6.04	8.06	0.97
20020429	7.09	9.04	0.95
20020430	12.15	7.46	1.12
20020501	0.09	7.21	0.95
20020502	0.67	7.42	0.92
20020503	0.32	8.24	0.9
20020504	0.01	8.24	0.88
20020505	0.16	9.41	0.89
20020506	2.52	9.96	0.88
20020507	0.17	9.23	0.87
20020508	0.0	10.24	0.85
20020509	0.0	10.33	0.85
20020510	0.0	12.33	0.83
20020511	0.0	10.5	0.83
20020512	6.45	12.11	0.83
20020513	10.21	10.94	0.91
20020514	0.83	11.43	0.81
20020515	0.0	11.95	0.79
20020516	0.0	18.62	0.76
20020517	8.31	16.1	0.79
20020518	0.06	12.64	0.78
20020519	0.03	13.84	0.77
20020520	18.7	13.3	0.96
20020521	6.89	12.7	0.9
20020522	5.17	12.54	0.86
20020523	10.65	11.84	0.91
20020524	5.72	10.56	0.94
20020525	6.14	10.18	0.92
20020526	1.95	7.97	0.92
20020527	2.53	10.97	0.9
20020528	6.3	11.12	0.96
20020529	1.19	11.42	0.9
20020530	1.59	11.43	0.9
20020531	0.0	11.92	0.88
20020601	0.0	15.42	0.87
20020602	0.07	16.13	0.87
20020603	2.32	11.5	0.88
20020604	0.06	12.65	0.89
20020605	18.06	13.43	1.0
20020606	4.04	14.48	1.04
20020607	1.62	12.7	0.97
20020608	0.71	14.27	0.94
20020609	10.99	12.38	1.02
20020610	1.65	11.05	0.98
20020611	1.42	12.46	0.95
20020612	0.32	12.35	0.94
20020613	0.53	15.06	0.94
20020614	1.4	15.38	0.94
20020615	4.86	15.4	0.97
20020616	0.05	16.04	0.95
20020617	0.0	16.5	0.94
20020618	0.0	14.46	0.93
20020619	0.0	13.55	0.92
20020620	0.01	14.88	0.91
20020621	4.0	15.2	0.94
20020622	0.01	12.73	0.95
20020623	0.0	13.04	0.92
20020624	0.0	13.28	0.83
20020625	0.0	12.68	0.81
20020626	0.0	13.66	0.8
20020627	0.0	11.26	0.79
20020628	0.0	11.81	0.78
20020629	0.0	13.56	0.79
20020630	1.68	14.11	0.8
20020701	4.51	11.92	0.84
20020702	12.74	12.67	0.86
20020703	3.06	12.07	0.87
20020704	5.13	14.64	0.83
20020705	1.95	14.6	0.83
20020706	0.05	15.23	0.78
20020707	3.58	15.71	0.77
20020708	8.4	14.22	0.78
20020709	5.9	11.42	0.88
20020710	0.09	13.23	0.78
20020711	1.97	12.7	0.77
20020712	4.03	12.72	0.77
20020713	0.0	14.42	0.75
20020714	0.0	17.72	0.72
20020715	0.0	19.96	0.7
20020716	0.0	16.2	0.7
20020717	0.0	14.23	0.69
20020718	0.0	17.03	0.7
20020719	0.03	17.65	0.68
20020720	0.18	14.54	0.67
20020721	0.05	13.63	0.67
20020722	0.09	16.63	0.67
20020723	0.07	15.98	0.66
20020724	0.0	14.08	0.65
20020725	0.0	17.57	0.65
20020726	0.0	17.96	0.62
20020727	0.0	16.52	0.64
20020728	0.0	18.85	0.64
20020729	0.01	21.56	0.61
20020730	11.48	18.07	0.61
20020731	16.78	14.91	0.87
20020801	0.0	14.12	0.67
20020802	0.0	16.79	0.62
20020803	2.63	17.08	0.61
20020804	4.2	16.63	0.6
20020805	0.14	17.75	0.59
20020806	0.0	18.91	0.59
20020807	4.87	17.95	0.58
20020808	4.84	14.97	0.61
20020809	17.99	14.86	0.78
20020810	0.02	14.3	0.63
20020811	0.24	15.34	0.59
20020812	0.0	17.09	0.58
20020813	0.0	18.17	0.56
20020814	0.0	17.77	0.54
20020815	0.0	16.96	0.53
20020816	0.0	18.28	0.54
20020817	0.0	19.44	0.54
20020818	0.04	18.71	0.54
20020819	1.66	15.46	0.56
20020820	0.01	15.02	0.54
20020821	0.0	15.55	0.53
20020822	0.04	17.03	0.53
20020823	4.87	15.98	0.58
20020824	2.02	16.78	0.54
20020825	0.0	14.14	0.54
20020826	0.0	15.1	0.52
20020827	0.0	16.46	0.52
20020828	0.0	17.51	0.52
20020829	0.0	17.97	0.52
20020830	1.67	15.8	0.53
20020831	0.0	12.74	0.52
20020901	0.0	12.74	0.51
20020902	0.0	16.1	0.52
20020903	0.0	15.72	0.44
20020904	0.0	17.09	0.43
20020905	2.33	17.34	0.43
20020906	6.16	15.24	0.47
20020907	1.28	11.81	0.47
20020908	0.76	13.4	0.44
20020909	20.67	11.22	0.77
20020910	0.0	13.17	0.52
20020911	0.0	17.44	0.43
20020912	0.0	17.39	0.41
20020913	0.0	17.81	0.42
20020914	0.01	15.54	0.41
20020915	0.0	13.71	0.41
20020916	0.0	13.17	0.41
20020917	0.0	13.76	0.4
20020918	0.0	13.63	0.4
20020919	0.0	14.75	0.4
20020920	0.0	14.04	0.41
20020921	0.0	13.05	0.4
20020922	0.0	11.58	0.38
20020923	0.0	11.8	0.38
20020924	0.0	12.07	0.38
20020925	0.07	12.99	0.38
20020926	0.0	14.52	0.38
20020927	0.0	13.77	0.39
20020928	0.0	13.43	0.39
20020929	0.0	13.59	0.38
20020930	0.0	14.64	0.37
20021001	4.83	14.7	0.39
20021002	1.05	13.42	0.41
20021003	0.0	12.05	0.36
20021004	0.0	12.19	0.37
20021005	0.01	14.7	0.37
20021006	0.0	12.09	0.35
20021007	0.0	12.06	0.35
20021008	0.0	11.51	0.34
20021009	0.0	11.16	0.35
20021010	0.0	11.26	0.35
20021011	11.41	11.22	0.4
20021012	0.08	9.19	0.39
20021013	49.45	7.47	0.83
20021014	7.47	8.8	0.72
20021015	40.34	7.9	1.55
20021016	0.0	5.03	0.73
20021017	5.88	6.03	0.66
20021018	0.01	4.19	0.68
20021019	0.17	6.73	0.61
20021020	13.21	7.72	0.75
20021021	12.57	13.19	0.77
20021022	3.81	10.4	0.89
20021023	0.01	4.76	0.76
20021024	1.05	8.61	0.76
20021025	10.36	10.99	0.9
20021026	5.24	11.52	0.87
20021027	0.12	7.63	0.8
20021028	0.0	8.58	0.81
20021029	2.94	9.7	0.85
20021030	6.49	8.51	0.92
20021031	0.7	10.53	0.87
20021101	7.33	11.31	0.99
20021102	12.98	11.41	1.14
20021103	4.86	9.19	1.14
20021104	0.46	10.16	1.1
20021105	12.99	12.19	1.23
20021106	1.75	7.98	1.59
20021107	5.34	7.12	1.34
20021108	5.54	9.52	1.59
20021109	8.31	9.74	1.61
20021110	0.73	9.84	1.73
20021111	4.44	9.63	1.66
20021112	8.23	8.61	1.81
20021113	17.14	8.83	2.29
20021114	1.32	8.17	2.42
20021115	1.94	9.18	2.31
20021116	1.37	7.18	2.38
20021117	0.0	5.08	2.28
20021118	0.0	5.59	2.16
20021119	2.07	6.86	2.05
20021120	1.78	8.15	2.0
20021121	10.39	8.23	2.02
20021122	11.4	6.53	2.01
20021123	2.81	6.52	2.44
20021124	0.23	5.48	2.1
20021125	0.17	4.81	2.1
20021126	0.02	8.7	2.12
20021127	4.22	8.62	2.13
20021128	0.93	7.24	2.07
20021129	0.13	6.22	1.96
20021130	5.32	8.64	1.95
20021201	1.46	8.57	1.95
20021202	0.82	7.12	1.84
20021203	1.69	7.44	1.77
20021204	0.15	5.38	1.74
20021205	0.14	5.2	1.69
20021206	1.72	5.76	1.69
20021207	0.4	3.52	1.64
20021208	0.29	2.1	1.59
20021209	0.02	1.13	1.53
20021210	0.51	-0.07	1.51
20021211	1.1	0.27	1.47
20021212	3.57	1.65	1.49
20021213	0.45	4.09	1.45
20021214	9.48	5.18	1.51
20021215	3.09	3.78	1.59
20021216	0.51	3.67	1.5
20021217	0.0	1.61	1.42
20021218	0.0	2.26	1.38
20021219	0.04	2.18	1.37
20021220	4.37	3.67	1.45
20021221	19.62	7.85	1.85
20021222	0.45	9.45	1.92
20021223	5.85	9.99	1.89
20021224	0.22	9.29	1.94
20021225	6.5	8.94	1.96
20021226	6.7	9.55	2.16
20021227	0.54	8.12	2.14
20021228	12.64	7.22	2.12
20021229	8.03	9.61	2.78
20021230	12.05	6.61	3.34
20021231	13.12	6.61	3.22
20030101	18.78	8.58	4.06
20030102	1.86	5.92	5.31
20030103	0.76	1.68	4.83
20030104	0.08	-0.77	4.48
20030105	0.0	-0.1	3.98
20030106	0.0	-0.55	3.55
20030107	0.0	-2.41	3.24
20030108	0.11	-1.42	2.97
20030109	0.18	0.78	2.77
20030110	0.16	0.43	2.6
20030111	0.0	-1.65	2.42
20030112	0.06	2.42	2.31
20030113	0.04	8.18	2.24
20030114	0.43	7.47	2.12
20030115	1.3	6.18	2.05
20030116	0.0	6.55	1.98
20030117	2.54	5.02	1.95
20030118	19.3	6.03	2.09
20030119	12.61	6.77	2.42
20030120	13.98	7.38	3.11
20030121	2.34	6.38	2.97
20030122	0.03	4.73	2.78
20030123	0.0	3.53	2.7
20030124	0.25	6.53	2.61
20030125	0.0	7.56	2.49
20030126	0.11	9.88	2.39
20030127	0.37	7.01	2.27
20030128	1.32	5.06	2.21
20030129	1.23	2.9	2.14
20030130	0.0	-0.9	2.05
20030131	4.25	0.72	1.99
20030201	1.25	4.65	1.97
20030202	0.47	4.61	1.92
20030203	0.01	2.31	1.85
20030204	0.05	1.5	1.79
20030205	0.08	0.27	1.73
20030206	2.38	3.75	1.73
20030207	0.0	8.08	1.68
20030208	5.35	7.6	1.66
20030209	0.0	2.84	1.61
20030210	9.11	3.57	1.63
20030211	0.18	4.64	1.64
20030212	0.24	2.74	1.55
20030213	0.0	-0.84	1.5
20030214	0.0	-0.56	1.47
20030215	0.0	2.17	1.45
20030216	0.0	-1.39	1.42
20030217	0.0	-1.66	1.38
20030218	0.0	-0.06	1.34
20030219	0.0	0.9	1.34
20030220	0.01	3.8	1.33
20030221	0.0	3.92	1.32
20030222	0.03	5.27	1.31
20030223	0.06	8.43	1.28
20030224	0.0	6.93	1.27
20030225	0.0	7.05	1.24
20030226	0.33	8.47	1.22
20030227	0.37	8.71	1.2
20030228	7.66	5.86	1.24
20030301	6.12	6.75	1.34
20030302	0.01	5.36	1.21
20030303	3.32	5.81	1.19
20030304	4.39	10.01	1.19
20030305	10.61	4.98	1.48
20030306	0.01	6.86	1.33
20030307	8.83	5.76	1.66
20030308	0.92	8.08	1.48
20030309	0.61	9.77	1.48
20030310	0.27	9.82	1.45
20030311	0.27	7.0	1.44
20030312	0.25	5.26	1.43
20030313	0.19	3.76	1.4
20030314	0.0	5.47	1.38
20030315	0.0	5.01	1.34
20030316	0.0	5.84	1.34
20030317	0.0	8.15	1.31
20030318	0.0	4.84	1.3
20030319	0.0	6.88	1.27
20030320	0.0	7.95	1.25
20030321	0.0	5.04	1.23
20030322	0.0	6.78	1.21
20030323	0.0	11.17	1.19
20030324	0.0	8.65	1.17
20030325	0.0	9.39	1.16
20030326	0.0	10.39	1.15
20030327	0.0	10.08	1.13
20030328	0.0	9.98	1.16
20030329	0.0	9.17	1.11
20030330	0.0	7.79	1.07
20030331	0.05	8.9	1.06
20030401	5.32	6.09	1.12
20030402	0.2	6.19	1.05
20030403	0.0	8.62	1.02
20030404	0.0	11.26	1.02
20030405	0.0	9.44	1.0
20030406	0.0	5.2	1.0
20030407	0.0	3.88	0.98
20030408	0.0	3.53	0.98
20030409	0.0	2.89	0.96
20030410	0.0	2.99	0.94
20030411	0.0	4.44	0.94
20030412	0.0	8.34	0.93
20030413	0.01	12.54	0.92
20030414	0.0	13.52	0.9
20030415	0.0	15.2	0.9
20030416	0.0	16.88	0.89
20030417	0.0	15.24	0.87
20030418	0.0	12.12	0.87
20030419	0.0	7.19	0.87
20030420	3.23	9.75	0.88
20030421	0.0	9.32	0.87
20030422	0.0	9.68	0.85
20030423	0.12	11.68	0.83
20030424	4.27	9.95	0.86
20030425	4.23	8.41	0.86
20030426	6.2	10.64	0.87
20030427	13.87	11.4	0.92
20030428	1.51	9.97	0.89
20030429	2.81	10.46	0.84
20030430	11.74	10.21	0.96
20030501	10.13	11.1	0.88
20030502	4.11	8.91	0.9
20030503	0.13	10.37	0.85
20030504	0.29	13.92	0.82
20030505	0.0	8.55	0.8
20030506	0.0	9.66	0.79
20030507	0.0	12.44	0.77
20030508	0.0	9.79	0.76
20030509	0.16	9.95	0.75
20030510	0.68	8.49	0.76
20030511	3.66	9.61	0.77
20030512	2.42	7.8	0.78
20030513	1.18	8.35	0.74
20030514	0.65	7.44	0.73
20030515	4.23	10.49	0.73
20030516	6.46	10.03	0.78
20030517	3.98	11.42	0.77
20030518	8.74	11.3	0.89
20030519	1.28	10.68	0.77
20030520	1.38	10.93	0.75
20030521	2.97	11.93	0.75
20030522	1.34	12.05	0.76
20030523	0.64	11.27	0.73
20030524	2.44	10.42	0.72
20030525	2.11	10.22	0.77
20030526	0.06	13.75	0.72
20030527	0.0	14.11	0.71
20030528	0.0	15.25	0.7
20030529	0.0	18.25	0.69
20030530	0.0	18.33	0.68
20030531	0.0	17.54	0.67
20030601	0.04	16.18	0.69
20030602	0.02	13.89	0.69
20030603	0.0	13.44	0.68
20030604	0.01	13.77	0.68
20030605	1.02	14.7	0.68
20030606	5.59	15.64	0.72
20030607	5.6	14.71	0.72
20030608	0.07	12.61	0.71
20030609	3.11	15.09	0.69
20030610	0.82	15.56	0.69
20030611	0.0	14.22	0.68
20030612	0.06	12.89	0.68
20030613	0.19	16.71	0.68
20030614	0.0	16.7	0.67
20030615	0.0	16.97	0.66
20030616	0.0	18.53	0.66
20030617	0.97	15.95	0.66
20030618	0.03	16.22	0.67
20030619	0.0	13.88	0.53
20030620	0.01	13.62	0.51
20030621	0.0	18.23	0.51
20030622	17.6	19.82	0.61
20030623	0.0	13.71	0.57
20030624	0.0	16.28	0.5
20030625	0.13	17.13	0.51
20030626	1.44	18.54	0.51
20030627	0.58	13.7	0.51
20030628	0.03	15.0	0.5
20030629	3.48	18.36	0.5
20030630	7.55	14.62	0.54
20030701	2.45	15.64	0.52
20030702	0.75	15.22	0.51
20030703	0.0	14.47	0.49
20030704	0.0	15.41	0.48
20030705	0.0	14.41	0.48
20030706	0.0	14.27	0.49
20030707	0.0	16.44	0.47
20030708	0.0	18.28	0.47
20030709	0.0	19.59	0.47
20030710	0.0	18.1	0.47
20030711	0.0	14.96	0.47
20030712	0.0	17.58	0.47
20030713	0.0	20.46	0.47
20030714	0.0	22.84	0.45
20030715	0.0	24.48	0.45
20030716	4.38	19.76	0.53
20030717	7.21	14.92	0.51
20030718	0.78	17.28	0.44
20030719	0.12	17.4	0.43
20030720	12.55	17.68	0.55
20030721	4.51	17.18	0.58
20030722	0.37	16.69	0.46
20030723	2.08	16.42	0.44
20030724	9.71	16.68	0.47
20030725	24.74	14.44	0.91
20030726	13.66	15.14	0.66
20030727	0.0	14.64	0.53
20030728	6.11	16.95	0.51
20030729	7.96	16.07	0.58
20030730	3.38	16.33	0.54
20030731	3.42	16.1	0.52
20030801	0.06	13.97	0.49
20030802	0.0	14.96	0.47
20030803	0.0	18.83	0.46
20030804	0.0	24.02	0.44
20030805	0.0	22.78	0.44
20030806	0.0	20.45	0.44
20030807	0.0	21.9	0.44
20030808	0.0	22.21	0.45
20030809	0.29	24.69	0.44
20030810	1.39	22.13	0.45
20030811	0.0	21.74	0.45
20030812	0.0	19.26	0.46
20030813	0.0	17.92	0.48
20030814	0.0	15.53	0.46
20030815	0.0	17.55	0.46
20030816	0.0	18.05	0.46
20030817	0.0	18.99	0.47
20030818	0.0	15.17	0.46
20030819	0.0	14.24	0.46
20030820	0.01	16.93	0.45
20030821	0.09	18.21	0.44
20030822	0.0	19.64	0.43
20030823	0.46	21.6	0.43
20030824	0.0	18.96	0.42
20030825	0.0	16.91	0.42
20030826	0.0	17.64	0.35
20030827	0.0	17.01	0.37
20030828	7.0	14.23	0.36
20030829	0.71	11.8	0.37
20030830	0.04	11.49	0.37
20030831	0.0	12.84	0.37
20030901	0.0	12.74	0.34
20030902	0.0	16.67	0.36
20030903	0.0	13.96	0.37
20030904	0.0	15.5	0.35
20030905	0.5	16.34	0.34
20030906	1.59	12.49	0.35
20030907	0.35	13.71	0.34
20030908	0.42	14.29	0.34
20030909	1.86	14.79	0.33
20030910	1.47	16.05	0.33
20030911	0.44	13.64	0.34
20030912	0.0	13.78	0.33
20030913	0.0	15.67	0.33
20030914	0.0	16.03	0.34
20030915	0.0	15.87	0.33
20030916	0.0	16.35	0.33
20030917	0.0	18.98	0.3
20030918	0.0	16.65	0.32
20030919	0.0	15.16	0.31
20030920	0.0	16.08	0.31
20030921	0.38	18.52	0.32
20030922	6.9	12.39	0.36
20030923	0.0	7.66	0.31
20030924	0.0	9.27	0.32
20030925	0.0	11.7	0.31
20030926	0.38	12.57	0.29
20030927	0.0	10.55	0.29
20030928	0.0	8.97	0.29
20030929	0.12	12.43	0.28
20030930	0.0	13.52	0.27
20031001	0.04	13.22	0.27
20031002	2.14	11.88	0.29
20031003	0.24	11.78	0.28
20031004	0.7	7.39	0.3
20031005	2.43	9.29	0.29
20031006	0.29	11.58	0.28
20031007	0.01	10.37	0.28
20031008	0.0	14.08	0.27
20031009	0.01	15.08	0.27
20031010	1.68	10.78	0.29
20031011	0.0	12.1	0.3
20031012	0.51	12.27	0.29
20031013	0.04	12.36	0.28
20031014	0.0	10.63	0.27
20031015	0.0	9.71	0.27
20031016	0.0	9.84	0.27
20031017	0.0	9.39	0.28
20031018	0.0	9.37	0.28
20031019	0.0	8.13	0.28
20031020	0.0	3.93	0.27
20031021	2.5	5.3	0.29
20031022	2.84	4.82	0.3
20031023	0.03	4.17	0.27
20031024	0.02	3.43	0.29
20031025	1.64	5.63	0.29
20031026	0.0	4.65	0.29
20031027	0.0	4.81	0.28
20031028	14.4	7.45	0.33
20031029	2.45	5.96	0.37
20031030	18.42	6.3	0.49
20031031	0.64	6.26	0.42
20031101	10.01	8.19	0.57
20031102	8.68	10.17	0.44
20031103	0.08	8.16	0.36
20031104	0.0	10.78	0.3
20031105	0.02	11.37	0.32
20031106	0.01	9.67	0.3
20031107	0.04	8.86	0.29
20031108	0.0	6.23	0.3
20031109	0.3	8.3	0.3
20031110	0.12	8.73	0.29
20031111	5.1	9.03	0.31
20031112	0.09	8.8	0.31
20031113	0.63	10.09	0.31
20031114	9.13	8.66	0.4
20031115	0.02	5.85	0.34
20031116	0.01	5.62	0.31
20031117	3.09	10.66	0.34
20031118	0.02	11.94	0.34
20031119	0.27	11.29	0.31
20031120	4.78	8.14	0.33
20031121	6.39	6.28	0.34
20031122	2.27	4.44	0.42
20031123	7.04	2.65	0.42
20031124	0.14	4.09	0.37
20031125	19.79	8.29	0.46
20031126	0.59	2.88	0.6
20031127	0.01	3.43	0.43
20031128	2.05	5.79	0.39
20031129	4.41	8.18	0.48
20031130	15.25	6.0	0.5
20031201	20.65	6.87	1.16
20031202	2.33	7.62	0.66
20031203	0.0	7.9	0.6
20031204	0.0	7.21	0.58
20031205	0.28	4.44	0.56
20031206	0.0	3.98	0.54
20031207	0.0	0.54	0.53
20031208	0.0	1.12	0.54
20031209	0.0	2.73	0.53
20031210	8.32	3.42	0.55
20031211	2.9	6.48	0.6
20031212	18.17	8.9	0.68
20031213	1.69	8.41	0.94
20031214	0.01	4.36	0.74
20031215	0.0	1.67	0.73
20031216	0.0	1.94	0.74
20031217	0.0	2.83	0.74
20031218	0.0	2.8	0.75
20031219	10.14	4.91	0.75
20031220	5.04	6.79	0.97
20031221	0.04	2.93	0.82
20031222	0.8	3.24	0.8
20031223	0.6	7.91	0.8
20031224	0.1	8.09	0.79
20031225	2.14	8.89	0.8
20031226	8.51	5.65	0.87
20031227	3.77	3.11	0.92
20031228	1.7	2.59	0.88
20031229	1.86	1.68	0.87
20031230	0.37	1.0	0.86
20031231	7.59	2.82	0.9
20040101	0.03	5.4	0.91
20040102	0.63	1.65	0.89
20040103	0.74	2.3	0.9
20040104	0.45	5.38	0.89
20040105	3.99	8.23	0.9
20040106	0.27	7.16	0.93
20040107	18.1	8.88	0.97
20040108	2.59	7.41	1.45
20040109	1.29	5.95	1.08
20040110	9.58	9.25	1.19
20040111	7.4	5.93	1.45
20040112	6.83	7.06	1.69
20040113	1.84	5.42	1.6
20040114	2.33	2.88	1.66
20040115	6.13	5.21	1.75
20040116	0.01	2.88	1.66
20040117	0.03	1.64	1.59
20040118	0.0	3.32	1.54
20040119	0.04	8.94	1.5
20040120	1.84	8.35	1.46
20040121	1.31	6.76	1.41
20040122	5.67	7.25	1.56
20040123	4.39	5.47	1.5
20040124	0.02	3.6	1.43
20040125	0.01	2.78	1.37
20040126	0.0	1.97	1.31
20040127	0.4	0.99	1.27
20040128	3.3	0.14	1.27
20040129	0.08	0.25	1.22
20040130	22.4	7.15	1.39
20040131	13.88	9.59	2.67
20040201	8.52	9.95	2.17
20040202	0.65	11.91	2.3
20040203	7.57	12.44	2.3
20040204	2.1	12.97	2.31
20040205	10.78	9.15	2.25
20040206	4.35	6.42	2.55
20040207	1.53	5.41	2.42
20040208	0.0	1.78	2.34
20040209	0.0	1.81	2.28
20040210	0.02	6.36	2.19
20040211	0.0	9.13	2.11
20040212	0.0	8.11	2.02
20040213	0.4	6.65	1.95
20040214	0.16	6.24	1.88
20040215	0.15	5.75	1.81
20040216	0.45	5.66	1.74
20040217	0.27	4.21	1.7
20040218	0.0	4.87	1.63
20040219	0.0	3.45	1.56
20040220	0.06	1.66	1.52
20040221	0.16	2.32	1.53
20040222	0.0	1.3	1.43
20040223	0.0	0.93	1.36
20040224	1.67	1.55	1.37
20040225	0.0	-0.4	1.31
20040226	0.95	-1.17	1.28
20040227	0.14	0.24	1.25
20040228	0.0	0.05	1.24
20040229	0.0	0.13	1.19
20040301	0.0	-0.25	1.14
20040302	0.0	2.56	1.11
20040303	1.84	6.07	1.12
20040304	0.13	6.03	1.09
20040305	0.19	5.49	1.08
20040306	1.27	5.96	1.08
20040307	0.38	4.74	1.05
20040308	0.0	3.76	1.01
20040309	0.0	3.41	1.01
20040310	0.03	2.42	1.0
20040311	9.59	1.73	1.02
20040312	11.61	3.12	1.25
20040313	4.46	7.77	1.3
20040314	3.06	9.33	1.18
20040315	0.88	10.54	1.07
20040316	0.14	11.9	1.03
20040317	2.83	9.67	1.02
20040318	6.4	8.67	1.05
20040319	4.85	9.08	1.15
20040320	5.45	9.04	1.23
20040321	1.95	6.6	1.19
20040322	1.64	5.53	1.11
20040323	2.05	5.32	1.12
20040324	0.93	4.28	1.12
20040325	1.55	3.92	1.11
20040326	0.44	6.25	1.11
20040327	0.3	7.39	1.15
20040328	0.0	7.99	1.08
20040329	0.0	7.16	1.06
20040330	0.0	8.98	1.04
20040331	0.35	12.29	1.04
20040401	5.14	10.23	1.09
20040402	0.4	10.32	1.03
20040403	10.88	8.91	1.16
20040404	2.38	8.19	1.11
20040405	2.59	6.67	1.08
20040406	3.24	5.62	1.1
20040407	1.32	5.54	1.0
20040408	0.14	3.96	0.97
20040409	0.3	9.38	0.96
20040410	0.06	7.23	0.95
20040411	0.0	9.33	0.95
20040412	0.57	10.08	0.94
20040413	0.0	9.59	0.93
20040414	0.0	9.59	0.92
20040415	0.73	10.06	0.92
20040416	8.15	9.96	0.97
20040417	11.4	9.07	1.03
20040418	9.9	5.32	1.24
20040419	0.45	6.73	1.02
20040420	3.31	9.64	1.0
20040421	7.22	9.08	1.09
20040422	0.01	8.59	1.03
20040423	0.0	10.96	0.99
20040424	0.0	13.41	0.98
20040425	0.0	15.14	1.0
20040426	1.54	13.95	0.99
20040427	1.7	11.15	0.99
20040428	19.51	7.84	1.19
20040429	2.41	7.08	1.41
20040430	5.42	9.05	1.28
20040501	3.04	10.2	1.28
20040502	2.58	12.42	1.19
20040503	9.3	9.26	1.22
20040504	6.97	7.72	1.53
20040505	4.76	8.0	1.61
20040506	0.36	7.91	1.41
20040507	1.03	11.89	1.42
20040508	2.34	10.21	1.49
20040509	0.06	13.03	1.49
20040510	4.47	14.77	1.41
20040511	0.11	13.57	1.35
20040512	0.0	11.73	1.34
20040513	0.0	11.73	1.31
20040514	0.0	12.83	1.29
20040515	0.0	14.02	1.25
20040516	0.0	15.25	1.24
20040517	0.0	14.92	1.2
20040518	0.0	14.22	1.19
20040519	0.0	15.25	1.17
20040520	1.71	11.93	1.22
20040521	0.16	8.61	1.15
20040522	0.0	9.23	1.14
20040523	0.0	11.49	1.13
20040524	0.0	13.04	1.09
20040525	0.0	13.51	1.09
20040526	0.08	12.59	1.08
20040527	0.0	12.71	1.05
20040528	1.35	14.52	1.05
20040529	0.01	13.48	1.04
20040530	1.74	12.42	1.04
20040531	11.23	14.92	1.12
20040601	0.03	12.4	1.1
20040602	0.0	13.9	1.02
20040603	0.04	16.44	1.01
20040604	0.04	17.05	1.01
20040605	0.0	17.08	1.01
20040606	0.0	17.7	1.01
20040607	0.0	19.64	0.99
20040608	0.27	20.16	0.98
20040609	0.55	17.52	0.98
20040610	0.61	16.64	0.98
20040611	0.33	13.97	0.98
20040612	0.0	14.25	0.98
20040613	0.0	17.95	0.96
20040614	0.0	18.68	0.95
20040615	0.0	19.37	0.81
20040616	0.0	18.75	0.8
20040617	0.02	13.95	0.8
20040618	0.38	10.99	0.79
20040619	0.89	11.03	0.79
20040620	1.47	10.71	0.79
20040621	3.08	11.39	0.78
20040622	29.05	15.42	0.94
20040623	0.53	13.02	0.85
20040624	0.32	12.28	0.79
20040625	0.8	14.14	0.77
20040626	11.51	14.49	0.87
20040627	0.77	14.25	0.8
20040628	0.0	15.12	0.76
20040629	0.19	15.9	0.74
20040630	0.15	13.67	0.73
20040701	3.33	14.31	0.72
20040702	0.38	14.22	0.72
20040703	0.09	14.01	0.71
20040704	0.99	13.34	0.71
20040705	0.0	13.61	0.69
20040706	0.0	16.04	0.68
20040707	21.07	15.43	0.78
20040708	1.39	12.24	0.74
20040709	0.2	11.74	0.72
20040710	4.98	13.85	0.73
20040711	0.13	13.77	0.7
20040712	0.0	11.97	0.68
20040713	1.92	16.15	0.67
20040714	0.01	18.17	0.59
20040715	0.49	18.0	0.58
20040716	0.08	17.86	0.58
20040717	0.01	16.29	0.57
20040718	0.14	13.59	0.56
20040719	0.0	15.48	0.55
20040720	0.03	19.3	0.54
20040721	2.59	16.37	0.55
20040722	1.66	15.13	0.57
20040723	0.0	15.95	0.54
20040724	0.0	15.74	0.54
20040725	0.01	16.64	0.54
20040726	0.17	16.39	0.54
20040727	0.0	17.49	0.53
20040728	0.0	18.06	0.52
20040729	1.81	19.77	0.52
20040730	0.0	17.37	0.53
20040731	0.0	18.84	0.52
20040801	0.0	20.66	0.51
20040802	14.22	21.23	0.53
20040803	23.42	17.78	0.99
20040804	0.0	19.06	0.59
20040805	17.05	18.66	0.58
20040806	0.01	17.46	0.55
20040807	0.01	20.74	0.54
20040808	10.33	22.09	0.59
20040809	3.95	17.37	0.63
20040810	0.01	18.56	0.57
20040811	3.91	18.7	0.58
20040812	11.47	17.02	0.84
20040813	2.19	17.72	0.61
20040814	0.0	18.79	0.59
20040815	1.3	17.85	0.58
20040816	1.7	17.14	0.57
20040817	2.82	18.73	0.57
20040818	8.32	16.38	0.59
20040819	0.54	16.59	0.56
20040820	10.59	14.96	0.63
20040821	0.05	14.23	0.57
20040822	16.26	16.35	0.67
20040823	9.57	16.47	0.79
20040824	6.23	15.52	0.59
20040825	0.48	15.68	0.54
20040826	4.57	16.53	0.51
20040827	0.46	13.95	0.53
20040828	1.47	14.33	0.51
20040829	1.86	14.55	0.51
20040830	0.09	12.87	0.49
20040831	0.0	12.39	0.48
20040901	0.0	13.82	0.48
20040902	0.0	16.29	0.49
20040903	0.0	17.33	0.49
20040904	0.0	17.68	0.48
20040905	0.0	20.17	0.48
20040906	0.0	18.44	0.47
20040907	0.0	16.93	0.47
20040908	0.0	17.14	0.48
20040909	5.98	18.57	0.47
20040910	3.86	16.34	0.55
20040911	1.58	14.05	0.5
20040912	12.29	13.95	0.56
20040913	3.53	13.38	0.54
20040914	0.78	11.98	0.52
20040915	0.0	10.47	0.5
20040916	11.06	15.06	0.52
20040917	5.34	14.3	0.65
20040918	0.97	12.49	0.56
20040919	2.22	13.96	0.54
20040920	0.39	12.92	0.55
20040921	0.0	12.43	0.52
20040922	0.31	15.81	0.45
20040923	0.94	12.23	0.44
20040924	0.0	9.75	0.44
20040925	1.43	12.56	0.45
20040926	0.0	15.76	0.44
20040927	0.0	14.28	0.44
20040928	0.93	14.64	0.43
20040929	6.07	13.41	0.45
20040930	0.32	12.04	0.47
20041001	6.8	11.76	0.49
20041002	3.24	11.83	0.47
20041003	33.2	12.39	0.73
20041004	0.13	10.44	0.75
20041005	3.8	11.12	0.57
20041006	3.58	9.2	0.58
20041007	0.08	10.05	0.56
20041008	0.01	10.02	0.55
20041009	0.01	10.24	0.55
20041010	0.0	10.33	0.53
20041011	0.28	10.03	0.53
20041012	3.22	8.91	0.55
20041013	10.87	9.59	0.61
20041014	2.8	9.15	0.63
20041015	6.48	8.85	0.66
20041016	3.18	7.92	0.7
20041017	0.32	9.13	0.66
20041018	0.98	7.71	0.63
20041019	13.63	9.74	0.7
20041020	7.52	10.13	0.86
20041021	3.84	11.28	0.78
20041022	1.49	13.41	0.8
20041023	19.57	13.24	1.28
20041024	3.43	12.6	1.03
20041025	0.09	8.63	1.01
20041026	0.16	8.25	1.0
20041027	9.91	10.27	1.05
20041028	9.77	11.26	1.25
20041029	9.97	10.54	1.5
20041030	0.01	11.19	1.37
20041031	0.0	9.16	1.37
20041101	0.51	9.77	1.42
20041102	1.26	8.85	1.4
20041103	2.42	10.16	1.41
20041104	0.01	7.73	1.33
20041105	2.28	8.87	1.3
20041106	5.88	10.62	1.32
20041107	1.81	10.23	1.35
20041108	0.56	9.03	1.31
20041109	5.37	7.18	1.34
20041110	0.04	4.98	1.27
20041111	0.18	7.8	1.23
20041112	0.11	6.07	1.19
20041113	0.0	2.68	1.16
20041114	0.0	4.65	1.2
20041115	0.0	8.01	1.15
20041116	0.0	10.37	1.14
20041117	2.13	9.82	1.11
20041118	8.67	5.08	1.23
20041119	0.64	2.54	1.16
20041120	11.86	2.81	1.37
20041121	0.23	8.15	1.34
20041122	0.0	10.03	1.23
20041123	0.0	8.76	1.21
20041124	0.01	7.52	1.22
20041125	0.7	7.42	1.25
20041126	0.45	7.62	1.29
20041127	4.53	6.4	1.26
20041128	2.39	4.02	1.32
20041129	0.0	3.27	1.21
20041130	0.47	3.8	1.19
20041201	0.0	2.81	1.16
20041202	0.0	1.69	1.13
20041203	0.02	2.85	1.12
20041204	0.06	6.47	1.1
20041205	0.15	9.11	1.08
20041206	0.0	7.62	1.05
20041207	0.01	7.46	1.08
20041208	0.0	6.24	1.05
20041209	0.0	2.36	1.03
20041210	0.0	4.07	1.0
20041211	0.12	5.91	1.0
20041212	0.12	3.65	0.99
20041213	0.14	4.47	0.98
20041214	0.03	8.26	0.98
20041215	2.06	9.03	0.96
20041216	11.25	7.33	0.97
20041217	2.35	4.02	1.17
20041218	19.12	3.96	1.51
20041219	0.08	0.2	1.37
20041220	0.84	1.24	1.21
20041221	7.36	4.18	1.2
20041222	0.22	9.76	1.31
20041223	0.0	8.36	1.29
20041224	1.75	4.16	1.28
20041225	0.53	-0.25	1.25
20041226	0.01	-0.35	1.23
20041227	9.73	2.43	1.38
20041228	0.02	3.11	1.42
20041229	0.12	6.49	1.29
20041230	0.25	10.08	1.28
20041231	0.02	7.75	1.24
20050101	2.19	7.05	1.26
20050102	0.01	5.47	1.2
20050103	0.02	8.26	1.18
20050104	1.29	5.27	1.22
20050105	1.64	5.28	1.18
20050106	0.15	8.63	1.14
20050107	4.87	8.72	1.16
20050108	0.45	5.57	1.15
20050109	7.04	9.56	1.17
20050110	0.47	7.72	1.3
20050111	2.89	7.93	1.2
20050112	0.08	4.13	1.14
20050113	0.0	3.8	1.12
20050114	0.97	4.96	1.1
20050115	1.69	6.75	1.11
20050116	0.06	7.7	1.09
20050117	3.32	4.78	1.13
20050118	0.05	3.77	1.13
20050119	0.02	7.86	1.08
20050120	0.31	7.92	1.07
20050121	0.42	3.77	1.08
20050122	7.89	1.81	1.16
20050123	0.07	1.93	1.11
20050124	0.08	2.36	1.05
20050125	0.5	1.52	1.03
20050126	0.72	2.32	1.02
20050127	4.76	5.14	1.05
20050128	0.85	5.41	1.1
20050129	0.0	3.91	1.04
20050130	0.0	5.86	1.02
20050131	0.0	8.32	1.01
20050201	0.0	7.08	1.01
20050202	1.57	5.97	1.06
20050203	0.36	7.25	1.0
20050204	0.01	6.54	0.98
20050205	13.89	5.18	1.24
20050206	0.04	3.65	1.17
20050207	0.0	4.42	1.08
20050208	0.05	6.88	1.05
20050209	0.13	7.72	1.03
20050210	3.58	7.15	1.05
20050211	2.15	8.25	1.07
20050212	3.95	6.19	1.12
20050213	0.51	3.03	1.1
20050214	0.0	3.4	1.05
20050215	0.14	1.9	1.03
20050216	0.14	2.53	1.03
20050217	0.42	4.74	1.04
20050218	0.28	4.87	1.02
20050219	0.04	1.56	1.04
20050220	0.0	1.45	1.01
20050221	0.38	1.38	1.01
20050222	0.35	0.99	1.01
20050223	2.21	0.98	1.0
20050224	2.76	0.26	1.05
20050225	0.95	1.44	1.01
20050226	0.47	1.14	1.01
20050227	0.01	-0.09	0.99
20050228	0.65	1.12	0.98
20050301	5.35	1.51	1.03
20050302	1.35	0.51	1.04
20050303	0.22	-0.01	1.0
20050304	2.61	3.15	1.02
20050305	0.94	2.44	0.99
20050306	0.0	0.65	0.97
20050307	0.0	3.98	0.96
20050308	0.0	4.98	0.96
20050309	0.02	5.38	0.95
20050310	0.14	5.11	0.96
20050311	0.87	4.44	0.95
20050312	0.0	3.11	0.96
20050313	0.08	1.87	0.94
20050314	0.0	5.71	0.93
20050315	0.84	10.25	0.92
20050316	4.77	10.88	0.96
20050317	0.01	10.27	0.92
20050318	0.0	10.12	0.94
20050319	0.04	11.94	0.92
20050320	0.0	10.74	0.91
20050321	8.03	12.01	0.95
20050322	0.76	10.63	0.98
20050323	6.06	12.2	0.98
20050324	2.73	11.82	0.98
20050325	0.02	9.77	0.94
20050326	0.02	10.89	0.97
20050327	0.0	6.41	0.93
20050328	0.0	9.09	0.93
20050329	31.62	6.5	1.61
20050330	6.36	7.19	1.81
20050331	0.11	8.22	1.47
20050401	0.0	9.73	1.38
20050402	0.0	11.58	1.35
20050403	1.55	12.12	1.37
20050404	1.65	7.4	1.37
20050405	6.31	8.89	1.37
20050406	3.89	7.86	1.49
20050407	4.84	6.58	1.44
20050408	0.02	2.57	1.38
20050409	0.0	7.58	1.34
20050410	0.0	8.35	1.32
20050411	0.0	9.11	1.06
20050412	0.02	9.85	1.0
20050413	1.24	8.44	0.99
20050414	0.07	6.64	0.98
20050415	0.67	6.1	0.98
20050416	0.01	4.16	0.98
20050417	19.27	8.56	1.18
20050418	1.05	7.41	1.2
20050419	0.81	7.92	1.02
20050420	0.02	7.59	1.01
20050421	0.0	7.53	1.0
20050422	0.8	11.02	1.0
20050423	0.85	8.56	1.01
20050424	7.58	10.9	1.03
20050425	1.26	9.1	1.08
20050426	10.11	9.19	1.28
20050427	1.21	10.71	1.13
20050428	0.4	10.19	1.07
20050429	0.21	14.29	1.05
20050430	1.42	16.21	1.07
20050501	0.0	14.6	1.05
20050502	4.49	13.86	1.06
20050503	8.67	11.61	1.23
20050504	0.1	9.58	1.11
20050505	0.0	12.52	1.02
20050506	0.33	11.73	1.0
20050507	0.36	8.49	0.99
20050508	0.51	7.2	0.98
20050509	0.03	6.81	0.98
20050510	0.0	6.22	0.97
20050511	0.0	7.23	0.98
20050512	0.0	9.75	0.96
20050513	0.0	10.18	0.94
20050514	0.0	7.53	0.94
20050515	0.0	11.34	0.94
20050516	0.17	9.18	0.93
20050517	0.0	7.9	0.92
20050518	0.89	11.0	0.91
20050519	5.54	14.42	0.94
20050520	5.36	10.27	0.94
20050521	17.13	10.32	1.25
20050522	7.26	9.42	1.13
20050523	2.86	11.38	0.98
20050524	0.95	12.69	0.94
20050525	0.01	15.14	0.92
20050526	0.0	15.17	0.91
20050527	0.0	19.5	0.9
20050528	0.0	11.41	0.89
20050529	0.02	10.94	0.91
20050530	0.0	11.4	0.89
20050531	0.0	13.39	0.88
20050601	4.63	13.83	0.91
20050602	0.11	13.02	0.9
20050603	4.11	13.66	0.9
20050604	0.54	13.21	0.92
20050605	3.38	13.56	0.91
20050606	0.0	9.3	0.89
20050607	0.0	10.6	0.87
20050608	0.0	13.39	0.86
20050609	0.0	16.66	0.86
20050610	0.0	12.66	0.86
20050611	0.24	13.4	0.87
20050612	0.0	9.25	0.87
20050613	0.0	12.53	0.88
20050614	7.74	14.27	0.89
20050615	1.23	14.89	0.95
20050616	0.74	16.64	0.74
20050617	0.0	18.17	0.68
20050618	0.0	21.38	0.66
20050619	0.0	22.61	0.65
20050620	0.0	16.26	0.64
20050621	0.0	15.81	0.64
20050622	0.0	18.31	0.63
20050623	6.85	20.46	0.64
20050624	12.61	17.84	0.82
20050625	0.02	13.9	0.69
20050626	0.0	14.53	0.65
20050627	0.0	17.79	0.63
20050628	7.68	19.05	0.69
20050629	0.97	16.84	0.65
20050630	0.15	15.14	0.63
20050701	1.77	17.0	0.64
20050702	0.31	15.67	0.62
20050703	1.47	15.4	0.62
20050704	6.16	12.42	0.63
20050705	5.55	14.23	0.65
20050706	0.05	13.96	0.61
20050707	0.0	14.69	0.61
20050708	0.0	16.41	0.6
20050709	0.0	18.84	0.6
20050710	0.0	21.09	0.6
20050711	0.0	21.41	0.59
20050712	0.0	20.46	0.59
20050713	0.0	21.22	0.59
20050714	0.0	21.99	0.59
20050715	0.0	16.67	0.59
20050716	0.0	16.88	0.47
20050717	0.0	19.26	0.46
20050718	0.07	15.45	0.46
20050719	0.09	16.62	0.46
20050720	0.0	15.92	0.45
20050721	0.0	17.07	0.44
20050722	0.0	16.1	0.45
20050723	5.0	18.0	0.45
20050724	13.31	15.73	0.55
20050725	0.14	13.66	0.47
20050726	2.6	15.03	0.46
20050727	8.27	14.25	0.49
20050728	0.96	17.84	0.49
20050729	0.61	15.6	0.46
20050730	1.7	15.01	0.47
20050731	0.61	15.54	0.46
20050801	0.29	15.79	0.44
20050802	0.0	17.81	0.43
20050803	0.0	15.65	0.43
20050804	3.72	15.98	0.43
20050805	0.01	15.11	0.43
20050806	0.0	13.05	0.43
20050807	0.0	13.94	0.42
20050808	0.0	15.91	0.41
20050809	0.0	18.82	0.41
20050810	0.0	16.36	0.42
20050811	0.0	18.04	0.42
20050812	0.0	14.74	0.42
20050813	10.99	14.91	0.49
20050814	0.0	14.93	0.44
20050815	0.0	16.28	0.43
20050816	0.0	16.28	0.42
20050817	0.0	17.88	0.42
20050818	0.99	19.41	0.42
20050819	0.01	15.15	0.42
20050820	0.0	14.92	0.4
20050821	5.21	18.89	0.4
20050822	2.34	13.6	0.4
20050823	0.58	16.59	0.37
20050824	3.35	13.06	0.38
20050825	1.44	12.61	0.39
20050826	0.41	14.93	0.37
20050827	0.03	14.35	0.38
20050828	0.0	17.25	0.35
20050829	0.0	17.52	0.35
20050830	0.0	20.0	0.34
20050831	3.23	21.03	0.37
20050901	0.02	15.12	0.34
20050902	0.0	16.0	0.35
20050903	0.0	19.1	0.34
20050904	1.4	21.47	0.36
20050905	0.0	16.45	0.34
20050906	0.0	17.41	0.34
20050907	0.0	18.38	0.33
20050908	0.01	17.16	0.34
20050909	0.06	18.23	0.34
20050910	10.81	16.4	0.39
20050911	0.18	13.07	0.34
20050912	0.0	15.69	0.33
20050913	0.24	17.96	0.33
20050914	2.45	18.24	0.33
20050915	9.41	14.43	0.4
20050916	0.0	8.64	0.35
20050917	0.0	11.45	0.33
20050918	0.0	13.95	0.35
20050919	0.0	14.92	0.33
20050920	0.0	14.72	0.33
20050921	0.0	15.01	0.33
20050922	0.69	15.71	0.34
20050923	2.44	10.76	0.31
20050924	1.13	13.17	0.3
20050925	3.1	13.2	0.33
20050926	3.21	14.53	0.3
20050927	0.6	11.3	0.29
20050928	8.35	10.09	0.34
20050929	0.88	13.43	0.31
20050930	6.0	13.53	0.36
20051001	1.8	10.82	0.32
20051002	0.0	11.7	0.31
20051003	0.0	11.31	0.3
20051004	0.0	10.33	0.3
20051005	0.02	11.32	0.3
20051006	0.26	13.3	0.3
20051007	0.0	14.4	0.3
20051008	6.16	9.58	0.32
20051009	0.0	11.1	0.32
20051010	0.0	16.98	0.29
20051011	10.61	18.29	0.35
20051012	13.79	13.95	0.55
20051013	0.0	11.31	0.36
20051014	0.0	12.47	0.33
20051015	0.0	14.07	0.32
20051016	0.59	14.0	0.32
20051017	0.0	13.3	0.31
20051018	16.84	10.23	0.47
20051019	3.85	10.66	0.41
20051020	7.21	11.67	0.35
20051021	3.12	12.4	0.4
20051022	0.17	9.79	0.36
20051023	18.64	12.45	0.44
20051024	11.8	13.62	0.58
20051025	3.8	12.71	0.51
20051026	0.77	14.45	0.41
20051027	2.03	15.68	0.4
20051028	0.16	13.91	0.4
20051029	4.95	14.66	0.39
20051030	5.42	13.15	0.47
20051031	4.2	10.74	0.46
20051101	11.9	11.8	0.51
20051102	14.69	14.59	0.68
20051103	4.91	10.58	0.68
20051104	0.03	6.98	0.55
20051105	19.74	10.61	0.56
20051106	12.21	9.53	1.32
20051107	0.13	10.98	0.79
20051108	22.14	9.2	1.16
20051109	0.32	8.24	0.96
20051110	0.12	12.91	0.92
20051111	4.63	8.6	0.94
20051112	0.02	6.24	0.94
20051113	0.0	3.95	0.88
20051114	0.02	6.11	0.86
20051115	0.08	7.98	0.86
20051116	0.0	2.01	0.86
20051117	0.0	0.89	0.86
20051118	0.0	1.28	0.87
20051119	0.11	-0.16	0.88
20051120	0.0	-0.09	0.86
20051121	0.04	1.96	0.85
20051122	0.02	3.57	0.84
20051123	0.02	4.0	0.83
20051124	2.69	3.73	0.85
20051125	0.14	0.54	0.86
20051126	0.15	2.76	0.85
20051127	0.09	1.69	0.83
20051128	4.91	0.45	0.84
20051129	0.39	0.67	0.84
20051130	3.76	4.65	0.87
20051201	31.36	7.07	1.34
20051202	12.61	6.48	2.08
20051203	1.78	5.8	1.5
20051204	0.0	6.14	1.41
20051205	0.4	4.47	1.37
20051206	0.31	1.76	1.32
20051207	16.03	2.77	1.61
20051208	0.27	3.71	1.59
20051209	0.0	3.91	1.42
20051210	0.01	3.82	1.48
20051211	0.34	3.36	1.44
20051212	0.02	4.12	1.38
20051213	0.0	3.85	1.36
20051214	0.0	6.65	1.32
20051215	0.0	8.43	1.29
20051216	0.13	5.54	1.26
20051217	0.0	-0.18	1.25
20051218	0.5	2.42	1.22
20051219	0.01	3.22	1.16
20051220	0.04	4.94	1.17
20051221	0.0	7.15	1.12
20051222	0.03	7.59	1.09
20051223	0.0	6.5	1.07
20051224	0.04	4.88	1.1
20051225	0.0	2.08	1.05
20051226	0.43	1.31	1.03
20051227	0.1	-1.04	1.02
20051228	0.08	-2.28	1.0
20051229	7.83	-0.25	1.01
20051230	11.33	6.29	1.23
20051231	3.15	5.82	1.1
20060101	0.01	4.26	1.04
20060102	0.54	4.15	1.02
20060103	1.33	7.09	1.01
20060104	0.0	3.26	0.99
20060105	0.26	1.21	1.0
20060106	0.12	0.99	0.98
20060107	2.1	1.12	0.99
20060108	3.98	2.29	1.0
20060109	0.03	4.9	0.98
20060110	2.7	8.19	0.98
20060111	0.02	3.79	0.97
20060112	0.01	3.86	0.96
20060113	1.76	6.93	0.96
20060114	0.81	4.23	0.96
20060115	0.03	6.57	0.95
20060116	3.84	6.59	0.96
20060117	0.02	7.84	0.98
20060118	0.02	9.52	0.93
20060119	2.87	7.74	0.93
20060120	0.0	5.27	0.94
20060121	0.03	3.53	0.92
20060122	0.0	1.04	0.9
20060123	0.0	0.14	0.9
20060124	0.0	-0.84	0.9
20060125	0.0	2.4	0.9
20060126	0.0	2.56	0.88
20060127	0.99	1.11	0.9
20060128	0.07	1.46	0.89
20060129	0.0	2.82	0.88
20060130	0.0	2.92	0.87
20060131	0.0	1.3	0.89
20060201	0.0	-1.15	0.85
20060202	0.0	-2.38	0.86
20060203	0.0	-0.53	0.85
20060204	0.03	1.7	0.84
20060205	0.0	4.16	0.83
20060206	0.0	5.42	0.83
20060207	2.6	5.87	0.83
20060208	0.06	4.67	0.82
20060209	0.0	-0.15	0.79
20060210	0.0	0.77	0.81
20060211	7.22	2.88	0.82
20060212	0.95	7.78	0.85
20060213	1.96	7.41	0.8
20060214	11.76	8.15	0.89
20060215	0.82	6.95	0.89
20060216	2.97	5.03	0.87
20060217	0.09	3.93	0.83
20060218	0.07	3.09	0.83
20060219	0.52	4.04	0.82
20060220	0.12	3.87	0.8
20060221	1.05	3.06	0.81
20060222	0.14	1.07	0.8
20060223	4.39	0.87	0.83
20060224	0.03	1.26	0.8
20060225	0.02	3.5	0.79
20060226	0.05	3.27	0.8
20060227	0.24	2.41	0.79
20060228	0.6	0.17	0.8
20060301	0.01	0.02	0.78
20060302	0.01	0.61	0.77
20060303	0.0	-0.92	0.77
20060304	0.01	0.7	0.77
20060305	0.0	2.42	0.76
20060306	3.62	4.02	0.76
20060307	9.64	6.32	0.85
20060308	7.4	8.06	0.93
20060309	3.53	6.54	0.87
20060310	0.02	4.99	0.82
20060311	1.45	1.83	0.81
20060312	0.12	0.96	0.82
20060313	0.01	3.09	0.8
20060314	1.25	5.07	0.81
20060315	0.08	3.63	0.8
20060316	0.29	1.74	0.8
20060317	0.0	1.71	0.8
20060318	0.0	2.48	0.8
20060319	0.0	5.25	0.8
20060320	0.0	3.4	0.8
20060321	0.0	1.71	0.8
20060322	0.0	1.26	0.78
20060323	3.49	5.46	0.8
20060324	2.75	10.19	0.82
20060325	6.83	10.74	0.85
20060326	7.95	11.7	0.87
20060327	13.21	8.85	1.13
20060328	2.03	8.16	0.99
20060329	12.94	10.09	1.19
20060330	13.82	11.24	1.56
20060331	8.67	10.14	1.6
20060401	0.54	8.89	1.78
20060402	0.35	8.26	1.7
20060403	0.03	5.38	1.62
20060404	0.04	2.84	1.57
20060405	0.0	4.22	1.54
20060406	0.0	6.9	1.44
20060407	9.93	6.23	1.53
20060408	1.72	5.28	1.46
20060409	1.97	3.94	1.37
20060410	0.0	4.26	1.3
20060411	3.49	6.21	1.31
20060412	0.05	10.07	1.25
20060413	0.1	9.05	1.22
20060414	0.01	10.25	1.19
20060415	0.0	10.47	1.2
20060416	0.07	9.62	1.14
20060417	0.0	9.1	1.12
20060418	1.07	9.64	1.1
20060419	5.67	10.28	1.1
20060420	0.69	10.65	1.09
20060421	0.03	11.45	1.06
20060422	1.49	11.34	1.04
20060423	0.4	9.74	1.05
20060424	0.0	10.72	1.02
20060425	0.01	10.5	1.0
20060426	0.0	11.01	0.99
20060427	0.0	9.97	0.98
20060428	0.0	10.51	0.98
20060429	0.0	8.81	0.97
20060430	6.62	9.26	1.0
20060501	0.0	8.05	0.96
20060502	1.27	11.66	0.96
20060503	0.08	13.28	0.94
20060504	0.38	16.64	0.94
20060505	0.0	10.8	0.92
20060506	0.05	10.26	0.92
20060507	11.48	13.62	0.93
20060508	3.32	11.68	1.05
20060509	0.14	12.43	0.94
20060510	6.68	14.47	0.94
20060511	0.02	14.83	0.9
20060512	6.93	16.21	0.94
20060513	2.09	12.38	0.91
20060514	1.94	13.41	0.91
20060515	1.44	13.12	0.91
20060516	0.02	13.27	0.88
20060517	12.36	12.81	0.99
20060518	13.02	13.14	1.13
20060519	12.09	11.54	1.14
20060520	5.49	11.37	1.13
20060521	23.0	12.57	1.48
20060522	7.24	9.64	2.31
20060523	6.43	10.24	1.71
20060524	11.73	10.29	2.06
20060525	4.02	14.03	1.93
20060526	0.06	14.31	1.91
20060527	6.52	11.12	2.02
20060528	0.24	12.08	1.87
20060529	4.7	9.09	1.81
20060530	0.0	8.53	1.75
20060531	0.0	9.59	1.71
20060601	0.0	13.26	1.63
20060602	0.0	13.59	1.6
20060603	0.0	15.01	1.54
20060604	0.32	16.19	1.53
20060605	0.0	13.9	1.51
20060606	0.0	15.24	1.49
20060607	0.0	18.13	1.47
20060608	0.0	18.84	1.46
20060609	0.0	18.73	1.44
20060610	0.0	20.73	1.4
20060611	8.02	20.39	1.46
20060612	0.42	18.16	1.49
20060613	3.56	15.47	1.48
20060614	0.0	13.46	1.49
20060615	0.0	14.65	1.43
20060616	0.0	18.08	1.39
20060617	0.0	18.81	1.35
20060618	0.09	16.48	1.38
20060619	0.01	14.61	1.0
20060620	0.87	14.8	0.98
20060621	0.02	13.18	0.98
20060622	0.0	12.2	0.96
20060623	0.85	16.11	0.95
20060624	0.0	17.0	0.94
20060625	6.33	17.41	0.96
20060626	7.11	13.01	0.99
20060627	0.0	15.01	0.94
20060628	0.0	15.16	0.93
20060629	0.0	17.66	0.92
20060630	0.0	18.86	0.9
20060701	0.0	21.44	0.9
20060702	0.48	23.15	0.89
20060703	0.0	22.71	0.87
20060704	0.02	21.7	0.87
20060705	25.33	19.12	0.99
20060706	6.96	18.56	1.22
20060707	0.46	15.58	0.91
20060708	3.06	16.59	0.89
20060709	0.38	16.04	0.87
20060710	0.47	16.01	0.87
20060711	0.0	15.63	0.84
20060712	0.0	17.56	0.78
20060713	0.0	15.94	0.75
20060714	0.0	16.16	0.73
20060715	0.0	17.98	0.72
20060716	0.0	20.33	0.72
20060717	0.0	22.31	0.7
20060718	0.0	23.62	0.69
20060719	0.0	25.9	0.68
20060720	0.0	21.24	0.68
20060721	0.06	21.89	0.68
20060722	13.96	20.41	0.82
20060723	0.11	17.38	0.69
20060724	0.0	21.11	0.65
20060725	0.51	23.4	0.63
20060726	1.84	22.39	0.64
20060727	0.04	19.31	0.63
20060728	0.0	19.33	0.61
20060729	6.19	17.78	0.64
20060730	1.97	18.06	0.62
20060731	12.73	17.04	0.68
20060801	0.0	15.87	0.61
20060802	1.37	16.57	0.59
20060803	0.0	18.46	0.58
20060804	0.02	18.3	0.58
20060805	0.01	19.89	0.58
20060806	0.0	20.9	0.58
20060807	0.0	16.86	0.55
20060808	2.2	19.14	0.56
20060809	0.19	15.45	0.55
20060810	0.0	15.37	0.54
20060811	0.0	15.41	0.54
20060812	0.11	15.85	0.54
20060813	1.49	14.87	0.54
20060814	0.33	15.95	0.53
20060815	0.95	15.56	0.53
20060816	0.76	17.36	0.52
20060817	16.59	16.42	0.68
20060818	7.27	15.75	0.65
20060819	2.37	17.31	0.53
20060820	1.34	15.39	0.51
20060821	0.09	13.96	0.5
20060822	2.2	16.68	0.48
20060823	9.7	14.67	0.61
20060824	0.0	13.68	0.51
20060825	3.27	16.72	0.49
20060826	1.76	15.64	0.49
20060827	3.63	16.19	0.48
20060828	1.15	14.06	0.49
20060829	2.16	13.24	0.45
20060830	1.03	15.86	0.45
20060831	0.31	17.83	0.45
20060901	1.68	17.47	0.45
20060902	5.11	16.84	0.47
20060903	0.09	17.33	0.46
20060904	0.15	18.7	0.46
20060905	0.0	19.65	0.44
20060906	0.07	16.18	0.43
20060907	0.0	12.96	0.42
20060908	0.0	14.36	0.42
20060909	0.0	14.83	0.42
20060910	0.0	18.3	0.43
20060911	0.76	20.22	0.41
20060912	0.0	18.74	0.42
20060913	10.99	17.91	0.44
20060914	8.31	14.86	0.53
20060915	0.07	15.66	0.44
20060916	0.0	13.65	0.42
20060917	0.02	16.21	0.41
20060918	1.41	14.47	0.41
20060919	0.0	14.75	0.4
20060920	0.04	17.36	0.4
20060921	0.02	19.4	0.38
20060922	14.44	15.07	0.7
20060923	6.32	17.53	0.44
20060924	0.12	16.12	0.45
20060925	0.0	16.13	0.4
20060926	0.0	15.39	0.39
20060927	3.09	16.31	0.39
20060928	1.51	15.88	0.39
20060929	5.96	12.66	0.42
20060930	23.92	15.02	0.61
20061001	15.01	14.19	0.91
20061002	1.64	12.26	0.58
20061003	0.09	10.07	0.48
20061004	1.15	10.87	0.46
20061005	6.36	13.77	0.47
20061006	4.01	12.47	0.51
20061007	0.0	12.05	0.46
20061008	2.51	14.3	0.46
20061009	7.49	14.72	0.54
20061010	1.17	16.76	0.48
20061011	4.22	11.28	0.51
20061012	0.12	13.49	0.45
20061013	0.0	12.88	0.44
20061014	0.0	13.15	0.45
20061015	0.0	13.0	0.42
20061016	0.1	13.08	0.42
20061017	1.11	13.23	0.43
20061018	12.31	15.01	0.47
20061019	9.53	12.72	0.56
20061020	0.43	13.41	0.52
20061021	2.28	13.48	0.51
20061022	10.97	10.14	0.68
20061023	4.78	10.13	0.66
20061024	0.75	9.93	0.6
20061025	6.18	12.91	0.65
20061026	0.32	9.75	0.59
20061027	0.09	11.28	0.58
20061028	0.53	12.95	0.58
20061029	0.04	12.6	0.56
20061030	0.2	12.3	0.56
20061031	0.04	7.36	0.55
20061101	0.0	3.4	0.54
20061102	0.0	2.54	0.54
20061103	0.0	3.96	0.57
20061104	0.01	5.52	0.56
20061105	0.01	5.93	0.55
20061106	0.1	5.1	0.55
20061107	0.06	7.63	0.55
20061108	0.5	8.16	0.54
20061109	0.01	5.04	0.54
20061110	8.86	7.87	0.62
20061111	0.14	8.3	0.58
20061112	0.66	10.47	0.58
20061113	0.09	11.8	0.55
20061114	4.7	11.4	0.6
20061115	1.91	10.96	0.58
20061116	9.32	6.0	0.63
20061117	10.62	6.22	0.94
20061118	1.58	4.22	0.78
20061119	5.92	6.76	0.75
20061120	0.78	7.22	0.76
20061121	0.35	4.65	0.74
20061122	13.15	7.98	0.8
20061123	5.18	7.89	0.92
20061124	18.48	10.13	1.1
20061125	5.95	7.85	1.22
20061126	6.43	10.29	1.25
20061127	11.33	11.23	1.48
20061128	0.35	7.9	1.44
20061129	0.04	9.61	1.44
20061130	6.42	9.8	1.47
20061201	1.07	9.53	1.48
20061202	11.23	8.51	1.46
20061203	7.61	7.26	1.71
20061204	7.93	9.96	1.71
20061205	7.15	8.96	1.95
20061206	10.44	8.4	2.04
20061207	9.2	7.23	2.54
20061208	0.04	4.46	2.44
20061209	0.02	3.47	2.45
20061210	9.93	7.48	2.38
20061211	3.36	5.85	2.49
20061212	1.97	7.98	2.24
20061213	0.18	10.57	2.12
20061214	0.02	10.9	2.04
20061215	8.0	6.36	2.06
20061216	0.03	4.64	2.02
20061217	4.96	5.46	1.91
20061218	1.91	5.36	1.96
20061219	0.11	1.25	1.78
20061220	0.14	-0.51	1.7
20061221	0.07	-0.31	1.69
20061222	0.15	-0.41	1.61
20061223	0.12	1.5	1.56
20061224	0.0	3.59	1.54
20061225	0.09	3.44	1.49
20061226	0.0	2.92	1.44
20061227	0.79	6.28	1.41
20061228	4.28	7.42	1.37
20061229	18.12	9.8	1.7
20061230	17.66	8.28	2.25
20061231	8.74	7.8	2.19
20070101	3.91	5.95	2.28
20070102	0.32	6.55	2.25
20070103	7.65	8.9	2.41
20070104	0.58	8.41	2.33
20070105	1.56	6.69	2.23
20070106	13.04	7.05	2.58
20070107	5.57	7.37	2.46
20070108	2.47	8.97	2.41
20070109	26.52	9.7	3.59
20070110	2.39	6.87	3.87
20070111	1.43	9.14	3.94
20070112	0.89	10.17	3.82
20070113	1.0	6.13	3.57
20070114	0.0	6.07	3.23
20070115	3.66	8.76	3.02
20070116	4.3	9.22	2.86
20070117	14.19	8.79	2.95
20070118	3.09	10.08	3.29
20070119	7.22	9.8	3.06
20070120	2.68	6.16	3.25
20070121	2.18	4.63	3.19
20070122	0.12	1.53	3.07
20070123	0.68	-0.18	2.94
20070124	0.35	1.3	2.82
20070125	0.1	0.33	2.66
20070126	0.01	4.67	2.54
20070127	0.0	5.55	2.42
20070128	0.0	6.11	2.29
20070129	0.0	6.65	2.2
20070130	0.01	3.48	2.14
20070131	0.0	7.5	2.04
20070201	0.0	8.59	1.97
20070202	0.0	4.78	1.92
20070203	0.0	3.35	1.87
20070204	0.0	3.3	1.81
20070205	0.0	0.51	1.76
20070206	0.01	-1.31	1.74
20070207	3.97	0.05	1.69
20070208	1.82	-0.23	1.68
20070209	15.99	1.05	1.84
20070210	11.36	5.49	2.13
20070211	2.21	7.61	2.04
20070212	1.31	6.54	1.92
20070213	3.61	6.52	1.96
20070214	0.01	5.52	1.93
20070215	3.31	8.31	1.9
20070216	1.91	6.39	1.91
20070217	0.02	6.15	1.85
20070218	0.43	6.76	1.82
20070219	6.64	8.27	1.88
20070220	0.49	8.33	1.85
20070221	8.61	8.73	1.84
20070222	10.84	8.47	2.2
20070223	10.31	8.74	2.47
20070224	2.49	7.52	2.42
20070225	0.61	8.17	2.42
20070226	5.81	6.67	2.45
20070227	6.76	8.59	2.59
20070228	2.59	6.82	2.64
20070301	0.0	4.4	2.43
20070302	16.37	6.68	2.81
20070303	1.27	6.74	2.75
20070304	18.39	6.99	3.46
20070305	14.41	7.68	3.66
20070306	2.38	7.53	3.94
20070307	0.37	7.03	3.96
20070308	1.16	8.25	3.83
20070309	0.06	6.83	3.56
20070310	0.01	7.73	3.3
20070311	0.0	9.45	3.07
20070312	0.0	6.83	2.88
20070313	0.0	6.85	2.72
20070314	0.0	7.46	2.57
20070315	0.22	5.91	2.45
20070316	0.0	9.12	2.35
20070317	2.68	9.32	2.27
20070318	2.67	3.82	2.21
20070319	2.07	4.28	2.15
20070320	0.03	1.33	2.07
20070321	3.26	2.79	2.02
20070322	0.58	5.92	1.96
20070323	0.02	5.7	1.9
20070324	0.08	7.04	1.86
20070325	0.0	7.02	1.82
20070326	0.0	7.54	1.77
20070327	0.0	8.04	1.73
20070328	5.82	9.46	1.71
20070329	1.67	4.75	1.77
20070330	0.05	7.85	1.65
20070331	0.07	9.11	1.58
20070401	0.0	9.01	1.57
20070402	0.04	9.98	1.55
20070403	0.01	5.5	1.53
20070404	0.0	5.51	1.48
20070405	0.0	11.04	1.45
20070406	0.0	9.54	1.41
20070407	0.0	9.07	1.4
20070408	0.0	10.11	1.37
20070409	0.0	10.74	1.38
20070410	0.0	11.13	1.32
20070411	0.0	12.61	1.27
20070412	0.0	11.61	1.24
20070413	0.0	12.07	1.22
20070414	0.0	14.62	1.2
20070415	0.0	16.22	1.17
20070416	0.0	13.0	1.12
20070417	0.03	9.03	1.1
20070418	0.0	9.31	1.0
20070419	0.0	11.61	0.98
20070420	0.0	10.89	0.98
20070421	0.0	11.92	0.97
20070422	0.64	14.27	0.98
20070423	2.35	13.53	0.96
20070424	2.49	14.44	0.95
20070425	0.0	11.19	0.94
20070426	0.5	12.94	0.93
20070427	0.0	11.77	0.92
20070428	0.0	13.68	0.9
20070429	0.0	12.07	0.9
20070430	0.0	13.17	0.89
20070501	0.0	13.77	0.87
20070502	0.0	12.8	0.85
20070503	0.0	11.2	0.85
20070504	0.0	9.7	0.84
20070505	0.0	12.22	0.84
20070506	8.02	13.69	0.83
20070507	0.49	12.62	0.82
20070508	3.15	11.89	0.83
20070509	9.09	11.37	0.86
20070510	23.72	10.08	1.03
20070511	12.65	11.31	0.97
20070512	3.18	12.02	0.88
20070513	31.2	10.36	1.42
20070514	3.33	10.13	1.1
20070515	3.25	11.8	1.0
20070516	2.98	13.59	0.96
20070517	0.0	16.04	0.91
20070518	0.24	12.17	0.89
20070519	0.25	9.65	0.87
20070520	0.0	12.96	0.85
20070521	0.0	10.57	0.85
20070522	0.0	13.71	0.84
20070523	0.0	16.58	0.83
20070524	0.0	16.2	0.82
20070525	0.03	12.37	0.83
20070526	7.77	10.93	0.84
20070527	23.32	7.48	1.11
20070528	1.47	6.95	1.01
20070529	2.65	8.7	0.9
20070530	3.66	12.16	0.91
20070531	4.29	12.2	0.92
20070601	0.0	14.1	0.88
20070602	0.0	15.26	0.87
20070603	0.35	16.37	0.87
20070604	0.0	14.71	0.86
20070605	0.0	15.21	0.86
20070606	0.0	14.64	0.85
20070607	0.01	14.42	0.85
20070608	0.14	16.81	0.85
20070609	0.05	18.49	0.84
20070610	0.01	18.39	0.83
20070611	0.0	17.55	0.83
20070612	0.0	15.95	0.82
20070613	5.24	17.01	0.86
20070614	5.59	15.8	0.83
20070615	10.33	15.01	0.86
20070616	1.09	14.29	0.8
20070617	2.7	14.86	0.78
20070618	3.76	14.94	0.8
20070619	1.37	16.94	0.76
20070620	0.07	15.28	0.75
20070621	6.83	14.88	0.78
20070622	3.76	14.55	0.81
20070623	8.12	14.91	0.9
20070624	51.82	12.97	1.77
20070625	7.8	12.34	2.91
20070626	0.23	12.6	1.38
20070627	5.48	11.2	1.33
20070628	4.18	14.76	1.16
20070629	2.61	15.47	1.08
20070630	15.25	15.2	1.25
20070701	16.38	15.42	1.64
20070702	5.88	14.73	1.57
20070703	3.53	14.77	1.57
20070704	1.3	14.28	1.51
20070705	2.65	14.39	1.52
20070706	0.01	13.74	1.43
20070707	0.0	13.09	1.37
20070708	0.04	13.61	1.3
20070709	4.71	14.36	1.32
20070710	0.04	14.46	1.28
20070711	0.54	16.38	1.22
20070712	1.14	17.31	1.2
20070713	8.88	15.92	1.29
20070714	5.23	16.72	1.2
20070715	2.26	15.81	1.27
20070716	5.02	16.51	1.2
20070717	4.69	15.72	1.27
20070718	0.08	15.25	1.14
20070719	22.14	17.45	1.24
20070720	69.49	12.14	8.39
20070721	1.72	11.9	4.57
20070722	4.03	15.07	4.0
20070723	5.02	13.45	3.65
20070724	0.09	15.09	3.04
20070725	7.26	16.19	2.75
20070726	12.84	14.46	3.19
20070727	0.01	15.4	2.65
20070728	10.55	15.26	2.64
20070729	0.0	13.31	2.57
20070730	0.0	12.43	2.41
20070731	0.0	14.66	2.29
20070801	2.52	16.12	2.23
20070802	2.5	14.16	2.22
20070803	0.08	18.57	2.1
20070804	0.0	16.54	2.06
20070805	0.0	19.75	1.99
20070806	0.0	14.21	1.92
20070807	0.01	13.22	1.87
20070808	0.0	14.25	1.83
20070809	0.0	14.64	1.78
20070810	0.0	15.99	1.74
20070811	0.73	17.72	1.72
20070812	0.27	15.42	1.66
20070813	18.93	16.57	1.66
20070814	8.86	17.18	1.96
20070815	9.25	14.06	1.79
20070816	1.16	12.96	1.6
20070817	2.88	15.4	1.55
20070818	12.85	14.94	1.66
20070819	5.47	12.08	1.77
20070820	0.04	13.78	1.55
20070821	0.0	15.51	1.47
20070822	0.0	16.8	1.42
20070823	0.0	17.88	1.37
20070824	0.0	16.7	1.32
20070825	0.0	18.46	1.3
20070826	0.0	14.78	1.27
20070827	0.0	14.43	1.24
20070828	0.0	13.84	1.23
20070829	0.0	12.8	1.19
20070830	0.0	14.74	1.17
20070831	0.0	15.77	1.16
20070901	0.0	14.96	1.14
20070902	3.4	15.7	1.13
20070903	0.0	12.06	1.1
20070904	0.0	14.74	1.07
20070905	0.0	17.34	1.05
20070906	0.0	17.16	1.05
20070907	0.0	15.9	1.03
20070908	0.0	14.93	1.01
20070909	0.0	16.01	1.01
20070910	0.0	13.45	0.99
20070911	0.0	13.73	0.98
20070912	0.0	14.27	0.97
20070913	0.0	15.96	0.97
20070914	0.0	12.15	0.95
20070915	0.0	13.87	0.94
20070916	0.44	13.89	0.94
20070917	0.26	8.88	0.93
20070918	0.49	11.06	0.91
20070919	2.86	14.91	0.91
20070920	1.81	15.64	0.91
20070921	0.88	14.55	0.9
20070922	0.0	15.57	0.89
20070923	11.98	14.04	0.92
20070924	0.07	12.03	0.91
20070925	4.66	10.38	0.89
20070926	0.0	7.69	0.87
20070927	1.3	9.65	0.86
20070928	4.38	12.09	0.87
20070929	0.12	11.65	0.8
20070930	1.35	12.41	0.77
20071001	10.42	11.6	0.86
20071002	1.22	12.14	0.79
20071003	0.63	12.63	0.77
20071004	0.04	10.64	0.76
20071005	0.0	11.35	0.75
20071006	0.0	12.06	0.74
20071007	0.0	11.85	0.73
20071008	8.89	11.76	0.73
20071009	2.44	12.61	0.8
20071010	0.01	11.01	0.73
20071011	0.04	12.58	0.72
20071012	0.06	15.52	0.72
20071013	0.03	13.9	0.71
20071014	0.0	12.78	0.69
20071015	2.45	13.46	0.69
20071016	40.33	11.18	1.22
20071017	0.09	7.89	0.86
20071018	0.01	6.81	0.78
20071019	0.0	7.22	0.76
20071020	0.03	6.94	0.75
20071021	0.0	8.24	0.75
20071022	0.0	6.94	0.76
20071023	0.01	6.7	0.75
20071024	0.0	8.65	0.75
20071025	0.18	8.49	0.76
20071026	0.12	9.99	0.74
20071027	1.01	13.09	0.74
20071028	2.82	11.14	0.76
20071029	0.01	8.4	0.73
20071030	0.0	10.22	0.73
20071031	0.02	12.2	0.73
20071101	0.02	11.43	0.74
20071102	0.01	10.31	0.73
20071103	0.0	9.03	0.73
20071104	0.07	4.92	0.72
20071105	0.61	7.39	0.72
20071106	0.01	8.39	0.72
20071107	0.0	11.03	0.72
20071108	3.81	9.04	0.73
20071109	0.01	8.97	0.71
20071110	0.41	11.0	0.71
20071111	2.67	5.09	0.72
20071112	1.03	3.26	0.71
20071113	0.93	7.23	0.71
20071114	0.04	2.69	0.69
20071115	0.04	1.96	0.69
20071116	0.9	3.03	0.69
20071117	7.68	6.28	0.73
20071118	23.65	3.37	1.26
20071119	5.38	5.47	0.92
20071120	9.48	6.75	0.9
20071121	4.47	5.76	0.89
20071122	0.09	4.87	0.86
20071123	0.01	0.56	0.83
20071124	0.73	5.04	0.83
20071125	0.68	7.98	0.85
20071126	1.21	7.91	0.86
20071127	0.59	8.52	0.87
20071128	1.03	8.0	0.87
20071129	0.17	7.16	0.86
20071130	12.16	8.68	0.98
20071201	13.39	7.14	1.22
20071202	3.73	8.15	1.22
20071203	0.05	7.57	1.06
20071204	10.95	10.44	1.16
20071205	3.8	10.49	1.5
20071206	10.78	10.04	1.69
20071207	3.95	5.87	1.58
20071208	14.48	7.83	2.04
20071209	2.37	6.34	2.29
20071210	0.3	1.98	2.06
20071211	0.0	1.48	2.03
20071212	0.0	1.05	1.95
20071213	0.01	1.59	1.86
20071214	0.0	1.27	1.77
20071215	0.02	-0.27	1.68
20071216	0.0	-0.82	1.59
20071217	0.06	1.35	1.52
20071218	0.0	1.96	1.46
20071219	0.0	-0.3	1.4
20071220	0.02	-1.28	1.36
20071221	0.06	0.96	1.33
20071222	0.6	2.16	1.29
20071223	0.07	2.76	1.26
20071224	21.82	7.89	1.43
20071225	0.46	4.47	1.73
20071226	0.09	6.52	1.38
20071227	0.15	10.22	1.32
20071228	14.88	6.94	1.53
20071229	0.16	5.04	1.46
20071230	0.07	5.22	1.38
20071231	0.15	6.34	1.38
20080101	0.03	6.02	1.39
20080102	0.01	2.19	1.37
20080103	0.1	1.37	1.37
20080104	8.44	5.09	1.51
20080105	1.61	3.86	1.5
20080106	2.42	4.84	1.42
20080107	2.71	5.45	1.41
20080108	5.74	6.18	1.45
20080109	0.62	6.12	1.46
20080110	6.65	6.58	1.48
20080111	47.18	3.05	5.05
20080112	3.75	6.03	3.39
20080113	5.28	7.72	3.83
20080114	26.78	7.8	4.26
20080115	15.36	6.32	7.12
20080116	0.71	3.83	6.19
20080117	2.42	8.04	5.84
20080118	2.52	10.14	5.1
20080119	2.3	11.65	4.44
20080120	3.11	11.08	3.95
20080121	6.58	5.35	3.79
20080122	0.14	6.0	3.45
20080123	0.47	9.42	3.21
20080124	0.02	5.0	3.01
20080125	0.0	7.54	2.87
20080126	0.0	7.2	2.71
20080127	0.07	6.32	2.58
20080128	0.04	5.25	2.46
20080129	1.8	5.75	2.37
20080130	1.2	4.87	2.28
20080131	4.85	5.03	2.33
20080201	0.01	2.16	2.16
20080202	0.33	3.13	2.1
20080203	10.28	3.79	2.2
20080204	7.28	5.9	2.2
20080205	7.07	8.17	2.42
20080206	0.01	5.18	2.18
20080207	0.0	7.43	2.11
20080208	0.01	5.72	2.09
20080209	0.0	6.31	2.06
20080210	0.01	5.3	2.03
20080211	0.02	6.36	1.98
20080212	0.0	6.36	1.94
20080213	0.01	6.17	1.88
20080214	0.0	2.8	1.84
20080215	0.0	1.49	1.79
20080216	0.02	-0.28	1.77
20080217	0.0	1.43	1.72
20080218	0.01	2.18	1.7
20080219	0.02	0.39	1.66
20080220	0.0	3.87	1.63
20080221	0.1	8.53	1.6
20080222	0.19	8.47	1.56
20080223	0.08	9.28	1.51
20080224	1.5	4.29	1.46
20080225	8.85	5.72	1.55
20080226	0.0	6.43	1.49
20080227	0.0	5.3	1.41
20080228	0.01	5.29	1.37
20080229	1.5	8.07	1.37
20080301	0.01	9.51	1.32
20080302	0.21	5.87	1.3
20080303	0.22	3.05	1.27
20080304	0.0	2.06	1.23
20080305	0.0	5.54	1.22
20080306	0.9	7.01	1.2
20080307	0.06	6.7	1.18
20080308	5.73	6.39	1.23
20080309	10.22	5.85	1.24
20080310	7.63	5.79	1.47
20080311	2.46	8.37	1.25
20080312	0.29	6.43	1.16
20080313	1.37	6.88	1.17
20080314	0.76	8.65	1.14
20080315	45.22	8.3	2.41
20080316	1.1	4.98	3.41
20080317	0.02	3.77	2.28
20080318	0.0	3.22	2.22
20080319	0.0	4.33	2.11
20080320	4.53	5.96	2.05
20080321	2.36	4.61	1.95
20080322	1.13	2.33	1.84
20080323	1.33	3.94	1.79
20080324	0.14	3.64	1.73
20080325	0.01	5.7	1.67
20080326	0.02	5.35	1.62
20080327	4.77	7.03	1.59
20080328	5.89	7.27	1.67
20080329	14.2	6.77	1.93
20080330	0.04	8.21	1.79
20080331	0.63	9.84	1.65
20080401	0.01	9.95	1.59
20080402	0.11	11.52	1.57
20080403	0.0	10.3	1.53
20080404	1.31	8.64	1.53
20080405	3.31	4.4	1.53
20080406	0.92	2.21	1.55
20080407	0.14	2.55	1.49
20080408	0.41	3.87	1.46
20080409	1.37	4.89	1.44
20080410	3.7	6.51	1.46
20080411	3.33	6.36	1.46
20080412	0.8	6.46	1.41
20080413	0.67	6.22	1.38
20080414	1.79	4.52	1.36
20080415	1.77	5.02	1.34
20080416	0.0	6.07	1.3
20080417	0.0	6.05	1.28
20080418	0.03	7.82	1.27
20080419	2.11	7.16	1.26
20080420	2.21	8.3	1.24
20080421	1.93	9.03	1.24
20080422	1.74	11.29	1.19
20080423	5.01	11.45	1.19
20080424	0.35	10.62	1.2
20080425	0.0	10.92	1.14
20080426	0.05	13.74	1.1
20080427	1.74	11.34	1.1
20080428	0.31	7.36	1.06
20080429	14.09	6.72	1.25
20080430	8.58	8.26	1.23
20080501	0.7	8.69	1.16
20080502	0.13	10.82	1.09
20080503	0.81	15.42	1.06
20080504	8.32	15.35	1.16
20080505	0.13	13.99	1.16
20080506	0.0	15.77	1.06
20080507	0.02	17.23	1.02
20080508	0.09	18.08	1.0
20080509	0.3	16.7	1.0
20080510	0.0	17.57	0.99
20080511	0.0	17.85	0.98
20080512	0.0	16.05	0.97
20080513	0.0	14.65	0.96
20080514	3.37	13.09	0.97
20080515	21.27	10.15	1.15
20080516	0.08	10.49	1.12
20080517	0.24	10.6	0.99
20080518	0.0	8.69	0.97
20080519	0.0	8.62	0.95
20080520	0.0	8.82	0.95
20080521	0.0	12.12	0.95
20080522	0.09	14.68	0.94
20080523	0.9	14.67	0.95
20080524	12.96	13.8	0.96
20080525	7.49	11.53	1.07
20080526	10.51	10.4	1.15
20080527	9.79	12.63	1.01
20080528	10.12	12.1	1.35
20080529	4.55	14.69	1.14
20080530	0.0	14.28	1.05
20080531	0.1	16.39	1.01
20080601	0.66	14.72	1.03
20080602	14.51	15.35	1.12
20080603	12.55	10.72	1.71
20080604	0.0	12.95	1.27
20080605	0.0	12.8	1.2
20080606	0.0	12.31	1.2
20080607	0.0	14.48	1.18
20080608	0.01	16.93	1.16
20080609	0.0	18.02	1.15
20080610	0.0	14.92	1.15
20080611	8.53	13.98	1.22
20080612	0.11	10.33	1.21
20080613	0.0	10.56	1.16
20080614	0.19	12.0	1.16
20080615	0.02	11.49	1.15
20080616	0.01	12.23	1.12
20080617	0.57	13.64	1.12
20080618	2.68	13.57	1.13
20080619	0.01	13.69	1.09
20080620	2.62	14.26	1.08
20080621	10.72	15.19	0.98
20080622	0.02	13.25	0.88
20080623	0.0	13.86	0.87
20080624	0.3	16.65	0.85
20080625	0.07	13.7	0.85
20080626	4.46	14.63	0.87
20080627	0.61	15.86	0.89
20080628	0.12	15.34	0.84
20080629	0.0	13.55	0.82
20080630	0.0	14.68	0.82
20080701	1.53	16.52	0.82
20080702	7.22	14.69	0.83
20080703	0.09	12.26	0.82
20080704	2.67	16.3	0.8
20080705	16.83	15.38	0.88
20080706	30.93	14.92	1.24
20080707	4.18	14.6	1.16
20080708	8.58	13.72	0.9
20080709	20.52	14.45	1.53
20080710	3.96	14.71	1.06
20080711	9.65	13.5	1.08
20080712	1.12	12.06	0.99
20080713	0.0	14.78	0.95
20080714	0.0	16.98	0.94
20080715	0.0	17.36	0.93
20080716	0.03	15.08	0.92
20080717	0.05	15.14	0.92
20080718	0.54	16.2	0.92
20080719	0.15	13.58	0.9
20080720	0.0	12.9	0.9
20080721	0.0	13.92	0.89
20080722	0.0	16.99	0.88
20080723	0.0	18.77	0.88
20080724	0.0	19.61	0.89
20080725	0.0	17.46	0.89
20080726	0.0	18.81	0.82
20080727	0.03	20.18	0.82
20080728	15.94	20.84	1.29
20080729	1.17	16.91	0.9
20080730	0.08	18.6	0.86
20080731	5.32	17.21	0.86
20080801	7.59	17.76	0.87
20080802	3.51	17.55	0.86
20080803	2.81	15.24	0.85
20080804	5.49	15.81	0.84
20080805	8.31	16.89	0.94
20080806	0.54	18.23	0.86
20080807	2.18	17.59	0.83
20080808	0.07	15.3	0.82
20080809	7.51	14.73	0.85
20080810	0.98	15.82	0.82
20080811	17.02	15.01	0.98
20080812	6.05	13.75	1.03
20080813	10.93	12.85	1.12
20080814	0.33	12.7	0.94
20080815	0.03	15.08	0.92
20080816	10.03	14.34	1.0
20080817	8.96	15.09	0.98
20080818	4.26	15.28	1.0
20080819	4.02	15.89	1.01
20080820	2.46	15.69	0.98
20080821	0.38	15.93	0.97
20080822	0.13	13.17	0.96
20080823	8.36	15.62	1.01
20080824	0.44	16.32	1.01
20080825	0.02	16.95	0.98
20080826	0.0	16.76	0.98
20080827	0.01	16.46	0.96
20080828	0.0	18.3	0.96
20080829	0.01	18.72	0.95
20080830	0.98	17.65	0.94
20080831	3.91	14.06	0.97
20080901	18.59	14.41	1.16
20080902	5.31	12.86	1.08
20080903	30.57	13.6	2.07
20080904	17.3	14.05	2.63
20080905	16.06	13.23	3.39
20080906	9.18	13.91	3.1
20080907	0.02	13.36	2.99
20080908	10.72	13.52	2.76
20080909	3.76	13.92	2.94
20080910	5.32	15.7	2.53
20080911	2.96	13.55	2.52
20080912	7.62	13.98	2.57
20080913	0.03	13.53	2.37
20080914	0.02	13.33	2.25
20080915	0.0	12.3	2.19
20080916	0.13	12.5	2.12
20080917	0.06	11.3	2.1
20080918	0.0	12.67	2.04
20080919	0.0	12.78	1.97
20080920	0.0	12.72	1.91
20080921	0.0	13.06	1.86
20080922	1.29	13.82	1.82
20080923	0.04	11.96	1.77
20080924	0.03	14.46	1.74
20080925	0.0	12.39	1.69
20080926	0.01	11.73	1.63
20080927	0.0	10.67	1.61
20080928	0.0	11.78	1.59
20080929	0.24	13.0	1.52
20080930	1.07	11.78	1.49
20081001	1.17	9.32	1.45
20081002	0.85	8.59	1.41
20081003	0.22	6.89	1.36
20081004	11.58	11.45	1.45
20081005	1.85	8.24	1.45
20081006	1.9	11.28	1.34
20081007	3.79	11.32	1.36
20081008	0.03	9.46	1.27
20081009	0.0	11.89	1.25
20081010	0.01	13.01	1.19
20081011	0.03	12.6	1.19
20081012	0.01	15.17	1.17
20081013	0.01	13.7	1.15
20081014	0.74	13.32	1.13
20081015	0.27	10.35	1.12
20081016	0.09	7.52	1.09
20081017	0.06	9.35	1.06
20081018	0.02	10.52	0.98
20081019	0.29	11.72	0.97
20081020	10.48	9.53	1.03
20081021	0.03	6.69	0.96
20081022	0.0	9.12	0.94
20081023	2.64	10.69	0.94
20081024	0.0	7.25	0.93
20081025	9.79	10.13	0.95
20081026	1.15	7.45	1.03
20081027	0.16	4.7	0.94
20081028	4.21	2.27	0.96
20081029	8.2	3.38	1.04
20081030	0.02	3.38	1.01
20081031	0.03	3.37	0.94
20081101	20.82	4.69	1.47
20081102	0.69	7.15	1.3
20081103	1.43	9.15	1.04
20081104	0.07	9.48	1.01
20081105	1.19	8.68	1.01
20081106	2.92	7.76	1.0
20081107	4.43	8.0	1.02
20081108	16.85	8.23	1.91
20081109	14.41	7.65	1.83
20081110	12.45	6.54	2.37
20081111	0.02	6.16	1.98
20081112	0.94	6.31	1.99
20081113	8.4	8.59	2.22
20081114	0.14	10.93	1.98
20081115	0.13	11.18	1.86
20081116	1.25	8.53	1.79
20081117	2.3	7.96	1.77
20081118	0.89	7.47	1.72
20081119	0.01	9.76	1.67
20081120	0.14	9.75	1.59
20081121	0.87	6.02	1.55
20081122	3.05	2.49	1.52
20081123	1.6	4.95	1.54
20081124	0.03	3.93	1.44
20081125	0.0	2.73	1.4
20081126	0.07	7.52	1.37
20081127	4.26	5.13	1.41
20081128	0.09	1.59	1.36
20081129	0.02	0.96	1.32
20081130	0.09	0.74	1.29
20081201	0.02	1.14	1.25
20081202	1.55	1.39	1.24
20081203	13.31	2.58	1.34
20081204	0.21	4.61	1.61
20081205	0.32	4.37	1.34
20081206	0.09	1.23	1.27
20081207	0.16	1.69	1.22
20081208	4.78	2.52	1.28
20081209	0.1	0.98	1.25
20081210	0.05	0.98	1.21
20081211	1.26	0.24	1.19
20081212	32.02	4.66	1.76
20081213	1.23	2.89	3.47
20081214	0.02	2.63	2.04
20081215	0.11	1.41	1.99
20081216	1.7	3.98	1.96
20081217	0.05	5.41	1.88
20081218	2.05	5.45	1.81
20081219	0.04	6.18	1.75
20081220	0.0	9.77	1.68
20081221	0.12	9.48	1.63
20081222	0.68	8.6	1.55
20081223	0.19	7.06	1.52
20081224	0.0	6.29	1.48
20081225	0.0	3.95	1.44
20081226	0.0	1.07	1.41
20081227	0.05	0.61	1.37
20081228	0.0	0.63	1.34
20081229	0.0	-0.55	1.31
20081230	0.0	-1.96	1.29
20081231	0.0	-2.27	1.25
20090101	0.0	-1.22	1.24
20090102	0.0	-1.42	1.2
20090103	0.0	-2.48	1.16
20090104	0.16	-1.68	1.15
20090105	0.69	-2.24	1.13
20090106	0.04	-4.09	1.09
20090107	0.49	0.34	1.09
20090108	0.0	-0.08	1.08
20090109	0.01	-2.97	1.06
20090110	0.09	1.22	1.03
20090111	10.1	6.82	1.09
20090112	6.9	6.88	1.42
20090113	0.46	3.0	1.17
20090114	0.49	2.8	1.1
20090115	2.01	6.21	1.1
20090116	8.06	7.27	1.16
20090117	9.79	5.1	1.46
20090118	8.69	4.57	1.47
20090119	0.73	3.13	1.72
20090120	0.26	2.38	1.51
20090121	13.83	4.39	1.75
20090122	8.15	5.82	2.15
20090123	0.06	1.87	2.21
20090124	7.34	3.56	2.25
20090125	0.6	5.12	2.48
20090126	0.09	3.0	2.21
20090127	7.73	4.06	2.2
20090128	0.25	5.44	2.18
20090129	1.03	3.35	2.06
20090130	0.17	3.74	2.0
20090131	0.0	1.85	1.95
20090201	0.05	-0.87	1.89
20090202	2.32	-2.75	1.88
20090203	3.22	-0.73	1.85
20090204	5.71	0.57	1.84
20090205	10.02	0.07	1.85
20090206	6.04	-1.42	1.94
20090207	0.47	0.21	1.81
20090208	6.45	1.01	1.81
20090209	24.27	1.8	2.75
20090210	0.07	1.22	2.51
20090211	1.02	1.28	2.24
20090212	1.02	2.15	2.21
20090213	0.0	2.61	2.37
20090214	0.02	3.52	2.42
20090215	0.06	5.68	2.58
20090216	0.0	7.54	2.71
20090217	0.11	7.85	2.84
20090218	0.24	6.43	2.86
20090219	0.14	5.89	2.72
20090220	0.02	5.9	2.56
20090221	0.03	7.27	2.42
20090222	0.0	8.16	2.32
20090223	0.14	8.47	2.21
20090224	0.02	8.13	2.13
20090225	0.0	6.26	2.06
20090226	0.0	6.87	2.0
20090227	0.0	8.15	1.95
20090228	0.0	5.54	1.9
20090301	0.0	5.58	1.82
20090302	0.55	7.5	1.81
20090303	18.57	3.87	2.18
20090304	0.08	3.09	1.91
20090305	0.0	2.25	1.8
20090306	0.01	5.76	1.73
20090307	2.83	6.73	1.73
20090308	3.29	4.95	1.73
20090309	1.35	7.43	1.65
20090310	0.01	5.09	1.58
20090311	0.02	7.67	1.56
20090312	0.11	7.93	1.53
20090313	0.11	8.36	1.5
20090314	0.0	7.09	1.46
20090315	0.0	7.01	1.43
20090316	0.0	8.45	1.38
20090317	0.0	9.05	1.37
20090318	0.02	7.52	1.36
20090319	0.0	7.88	1.31
20090320	0.0	6.11	1.3
20090321	0.0	8.25	1.27
20090322	0.0	9.12	1.25
20090323	0.22	6.74	1.23
20090324	0.89	8.24	1.23
20090325	2.44	8.43	1.21
20090326	1.1	7.33	1.19
20090327	0.3	5.05	1.16
20090328	0.74	4.0	1.14
20090329	0.0	4.14	1.1
20090330	0.0	8.59	1.08
20090331	0.0	8.01	1.07
20090401	0.0	9.23	1.05
20090402	0.0	8.45	1.04
20090403	0.09	9.33	1.02
20090404	0.0	6.66	1.01
20090405	0.0	7.54	1.0
20090406	1.59	9.6	1.0
20090407	8.05	9.52	1.05
20090408	2.45	9.53	1.01
20090409	1.42	10.27	1.0
20090410	2.46	8.29	0.98
20090411	0.01	8.38	0.97
20090412	0.0	8.08	0.95
20090413	0.15	9.83	0.94
20090414	6.52	11.05	0.95
20090415	2.68	13.12	0.94
20090416	9.17	10.21	0.96
20090417	0.6	7.07	0.94
20090418	0.0	8.81	0.91
20090419	0.0	8.8	0.9
20090420	0.0	10.62	0.89
20090421	0.0	10.43	0.88
20090422	0.0	10.35	0.87
20090423	0.0	12.28	0.87
20090424	1.15	11.88	0.86
20090425	0.0	8.8	0.86
20090426	8.23	8.99	0.87
20090427	3.17	5.85	0.92
20090428	0.18	6.93	0.87
20090429	0.87	11.79	0.86
20090430	4.41	11.34	0.88
20090501	0.43	10.65	0.85
20090502	0.09	10.59	0.79
20090503	0.0	7.59	0.76
20090504	0.42	11.21	0.77
20090505	0.0	12.78	0.76
20090506	0.04	12.04	0.75
20090507	1.84	10.38	0.71
20090508	0.27	9.04	0.69
20090509	0.0	8.39	0.68
20090510	0.02	11.65	0.68
20090511	0.0	10.28	0.66
20090512	0.52	12.1	0.65
20090513	2.43	10.89	0.68
20090514	7.75	12.1	0.72
20090515	1.01	9.69	0.71
20090516	5.96	9.54	0.69
20090517	7.66	10.25	0.76
20090518	9.72	10.84	0.82
20090519	5.73	10.5	0.79
20090520	0.08	12.15	0.7
20090521	0.68	10.69	0.68
20090522	0.0	11.14	0.66
20090523	0.0	12.23	0.65
20090524	0.06	15.13	0.64
20090525	2.33	14.93	0.64
20090526	2.4	11.32	0.63
20090527	0.89	13.29	0.64
20090528	0.0	14.47	0.63
20090529	0.0	15.96	0.62
20090530	0.0	15.65	0.6
20090531	0.0	16.69	0.6
20090601	0.0	16.3	0.6
20090602	0.01	17.58	0.58
20090603	0.0	12.69	0.59
20090604	0.0	13.13	0.6
20090605	12.74	12.26	0.65
20090606	15.94	9.33	0.78
20090607	5.78	10.47	0.8
20090608	0.04	12.28	0.67
20090609	0.06	12.17	0.64
20090610	7.14	12.1	0.7
20090611	0.03	10.86	0.66
20090612	0.0	14.7	0.64
20090613	0.0	15.02	0.56
20090614	0.0	15.54	0.54
20090615	0.38	14.16	0.54
20090616	0.0	15.85	0.54
20090617	1.85	12.55	0.55
20090618	0.0	12.12	0.54
20090619	3.56	13.33	0.54
20090620	0.41	14.56	0.55
20090621	0.01	14.13	0.54
20090622	0.12	16.7	0.53
20090623	0.0	16.29	0.52
20090624	0.0	17.16	0.51
20090625	0.84	18.52	0.51
20090626	11.28	15.2	0.62
20090627	0.82	17.77	0.53
20090628	0.59	20.2	0.51
20090629	1.41	21.94	0.5
20090630	0.97	21.56	0.5
20090701	0.0	22.29	0.48
20090702	0.22	22.0	0.47
20090703	0.01	17.18	0.48
20090704	0.03	18.04	0.48
20090705	3.25	17.22	0.49
20090706	3.65	15.74	0.51
20090707	9.15	14.13	0.57
20090708	0.18	13.82	0.5
20090709	0.0	12.05	0.49
20090710	0.73	16.18	0.49
20090711	11.69	17.42	0.56
20090712	1.73	15.92	0.52
20090713	0.96	15.43	0.51
20090714	3.15	16.92	0.51
20090715	0.12	15.7	0.51
20090716	12.98	15.89	0.65
20090717	3.72	13.79	0.54
20090718	2.96	14.97	0.5
20090719	8.21	13.65	0.58
20090720	13.65	15.33	0.54
20090721	8.55	14.86	0.74
20090722	1.42	15.4	0.54
20090723	1.01	15.75	0.51
20090724	4.46	14.32	0.53
20090725	0.24	16.64	0.48
20090726	10.7	14.47	0.54
20090727	0.31	14.79	0.51
20090728	2.23	16.65	0.48
20090729	30.81	12.62	1.04
20090730	3.75	13.85	0.67
20090731	2.57	15.74	0.56
20090801	2.91	12.66	0.57
20090802	0.0	15.21	0.53
20090803	3.13	17.79	0.53
20090804	28.87	17.15	0.87
20090805	0.1	16.73	0.91
20090806	7.14	15.86	0.72
20090807	0.03	15.08	0.67
20090808	0.02	15.33	0.64
20090809	0.0	17.76	0.63
20090810	0.42	16.63	0.64
20090811	0.01	19.45	0.64
20090812	2.7	18.34	0.63
20090813	0.0	15.77	0.64
20090814	0.68	17.94	0.64
20090815	0.0	17.5	0.59
20090816	0.0	15.97	0.58
20090817	0.0	15.96	0.57
20090818	0.0	17.17	0.57
20090819	0.73	20.62	0.58
20090820	1.37	15.76	0.59
20090821	5.1	12.85	0.64
20090822	0.0	16.83	0.6
20090823	0.02	18.23	0.59
20090824	1.55	13.82	0.6
20090825	1.97	15.64	0.6
20090826	3.47	15.38	0.6
20090827	0.46	15.5	0.6
20090828	3.6	12.85	0.59
20090829	0.02	13.45	0.58
20090830	0.13	15.57	0.59
20090831	0.03	15.99	0.59
20090901	12.63	14.98	0.73
20090902	12.22	14.19	0.79
20090903	0.32	12.22	0.65
20090904	0.0	12.39	0.61
20090905	0.01	13.69	0.6
20090906	0.02	15.25	0.59
20090907	0.03	18.45	0.59
20090908	0.55	16.5	0.58
20090909	0.01	13.09	0.58
20090910	0.0	13.0	0.57
20090911	0.0	14.23	0.56
20090912	0.0	14.5	0.56
20090913	0.0	14.54	0.56
20090914	0.0	14.2	0.55
20090915	0.0	14.65	0.55
20090916	0.0	13.24	0.55
20090917	0.0	12.29	0.55
20090918	0.0	14.46	0.55
20090919	0.03	16.16	0.54
20090920	0.01	13.0	0.54
20090921	0.0	14.64	0.54
20090922	0.05	14.81	0.54
20090923	0.01	11.28	0.53
20090924	0.0	11.37	0.52
20090925	0.0	12.18	0.51
20090926	0.0	12.34	0.51
20090927	0.0	13.95	0.51
20090928	0.0	13.67	0.5
20090929	0.0	15.46	0.49
20090930	0.01	13.83	0.49
20091001	0.0	10.69	0.48
20091002	0.18	12.78	0.47
20091003	0.47	10.94	0.48
20091004	0.01	11.8	0.47
20091005	5.67	13.45	0.48
20091006	8.03	13.73	0.55
20091007	3.77	6.93	0.51
20091008	0.0	9.14	0.48
20091009	1.14	10.43	0.46
20091010	0.02	13.81	0.45
20091011	1.83	10.02	0.46
20091012	0.01	8.22	0.45
20091013	0.0	11.09	0.44
20091014	0.02	12.41	0.44
20091015	3.59	10.56	0.45
20091016	0.1	9.0	0.46
20091017	0.01	6.57	0.4
20091018	0.0	7.7	0.41
20091019	0.26	9.36	0.4
20091020	10.92	9.99	0.48
20091021	0.39	11.86	0.45
20091022	6.72	10.43	0.47
20091023	5.19	13.12	0.44
20091024	3.07	13.85	0.48
20091025	0.76	11.46	0.44
20091026	4.2	13.18	0.43
20091027	0.01	13.8	0.43
20091028	0.0	12.56	0.43
20091029	0.0	13.25	0.42
20091030	4.19	13.44	0.42
20091031	8.66	13.33	0.42
20091101	4.6	10.21	0.56
20091102	5.94	8.89	0.49
20091103	8.71	8.14	0.61
20091104	3.29	8.63	0.5
20091105	0.45	8.53	0.48
20091106	1.76	6.25	0.48
20091107	1.39	7.07	0.49
20091108	1.41	5.68	0.49
20091109	3.81	5.0	0.5
20091110	1.4	6.0	0.53
20091111	5.92	7.53	0.58
20091112	15.35	9.9	0.79
20091113	21.92	10.96	1.16
20091114	5.26	8.22	0.97
20091115	7.55	9.34	0.94
20091116	1.54	9.26	1.08
20091117	0.8	9.9	0.96
20091118	0.98	11.96	0.95
20091119	5.6	12.32	0.94
20091120	0.81	9.52	0.95
20091121	15.15	10.23	1.25
20091122	17.16	8.54	1.27
20091123	3.39	10.17	1.72
20091124	11.07	9.43	1.75
20091125	10.75	6.83	2.11
20091126	12.32	6.25	2.73
20091127	7.38	5.24	2.83
20091128	4.68	4.9	3.07
20091129	29.13	5.44	4.88
20091130	0.01	0.95	4.57
20091201	2.0	2.85	4.16
20091202	2.03	6.44	3.85
20091203	0.21	2.63	3.31
20091204	5.63	5.63	3.0
20091205	21.1	9.2	3.08
20091206	1.57	7.78	3.64
20091207	7.34	6.21	3.41
20091208	5.62	7.68	3.44
20091209	1.94	7.11	3.29
20091210	0.06	4.31	3.06
20091211	0.08	2.78	2.91
20091212	0.04	4.61	2.76
20091213	0.67	4.32	2.62
20091214	4.13	3.51	2.49
20091215	1.06	1.48	2.42
20091216	3.23	2.42	2.33
20091217	0.04	0.62	2.19
20091218	0.07	-2.54	2.1
20091219	0.56	-1.43	2.03
20091220	0.79	-1.56	1.97
20091221	0.54	-2.08	1.9
20091222	0.86	-2.41	1.84
20091223	4.1	-1.81	1.85
20091224	2.33	1.01	1.78
20091225	1.02	2.8	1.72
20091226	3.25	5.07	1.73
20091227	0.04	1.21	1.72
20091228	2.91	0.28	1.64
20091229	17.22	1.46	2.16
20091230	4.26	1.97	2.13
20091231	0.02	-0.26	2.03
20100101	0.02	-1.07	2.07
20100102	0.11	0.94	2.07
20100103	0.02	-2.64	2.01
20100104	0.18	-3.14	1.94
20100105	5.82	-0.92	1.92
20100106	2.62	-3.97	1.85
20100107	0.1	-4.5	1.77
20100108	0.03	-2.84	1.71
20100109	0.1	-1.73	1.66
20100110	3.28	0.14	1.63
20100111	0.69	-0.99	1.58
20100112	2.64	-0.32	1.54
20100113	3.51	-0.35	1.51
20100114	3.4	0.89	1.47
20100115	8.04	3.69	1.88
20100116	4.0	4.54	2.35
20100117	0.09	5.21	2.08
20100118	0.18	5.93	2.09
20100119	6.63	3.48	2.14
20100120	5.16	0.27	2.55
20100121	13.05	3.97	2.39
20100122	15.54	5.76	3.8
20100123	0.07	1.93	3.57
20100124	0.39	3.1	3.65
20100125	0.03	2.47	3.35
20100126	0.17	-0.43	3.04
20100127	0.1	3.55	2.81
20100128	5.83	5.1	2.66
20100129	0.89	1.03	2.59
20100130	0.11	-0.2	2.42
20100131	0.09	-0.07	2.3
20100201	0.35	2.77	2.2
20100202	3.82	4.61	2.16
20100203	1.8	4.28	2.09
20100204	1.88	5.53	2.05
20100205	0.13	5.96	1.98
20100206	0.23	3.95	1.89
20100207	0.56	2.63	1.84
20100208	0.15	0.73	1.8
20100209	0.23	1.86	1.77
20100210	0.14	0.13	1.71
20100211	0.03	0.45	1.68
20100212	0.28	2.44	1.66
20100213	0.61	2.24	1.61
20100214	0.02	3.26	1.56
20100215	1.98	3.34	1.54
20100216	2.08	2.9	1.51
20100217	2.95	1.84	1.54
20100218	9.31	0.57	1.74
20100219	2.19	0.95	1.57
20100220	0.82	1.6	1.51
20100221	3.74	3.34	1.5
20100222	1.1	1.33	1.49
20100223	4.12	3.27	1.52
20100224	2.02	7.28	1.52
20100225	4.78	5.2	1.55
20100226	5.76	4.26	1.57
20100227	6.76	5.37	1.7
20100228	0.81	2.34	1.72
20100301	0.03	3.51	1.65
20100302	0.0	4.57	1.63
20100303	0.0	2.98	1.65
20100304	0.01	1.18	1.62
20100305	0.0	4.27	1.61
20100306	0.02	1.02	1.57
20100307	0.0	-0.3	1.54
20100308	0.0	3.26	1.5
20100309	0.0	5.16	1.43
20100310	0.0	1.94	1.42
20100311	0.09	2.96	1.41
20100312	0.91	4.1	1.43
20100313	0.0	5.48	1.33
20100314	0.0	5.98	1.34
20100315	0.0	4.64	1.3
20100316	0.0	6.8	1.27
20100317	0.0	9.43	1.25
20100318	2.91	10.39	1.25
20100319	14.51	9.76	1.37
20100320	4.41	7.13	1.55
20100321	0.04	9.2	1.33
20100322	2.89	5.64	1.28
20100323	5.19	7.29	1.27
20100324	8.72	10.29	1.38
20100325	4.4	8.61	1.45
20100326	4.0	8.78	1.42
20100327	0.32	8.29	1.36
20100328	3.48	9.08	1.36
20100329	4.6	9.24	1.43
20100330	10.51	6.06	1.61
20100331	0.25	3.44	1.63
20100401	5.5	5.73	1.62
20100402	6.95	5.88	1.81
20100403	9.22	5.95	1.86
20100404	0.11	6.44	1.8
20100405	0.0	8.62	1.81
20100406	0.86	9.75	1.84
20100407	0.27	6.09	1.81
20100408	0.0	9.01	1.76
20100409	0.0	10.88	1.72
20100410	0.0	11.43	1.67
20100411	0.0	8.51	1.63
20100412	0.0	7.55	1.6
20100413	0.0	9.33	1.55
20100414	0.0	7.59	1.54
20100415	0.0	6.7	1.5
20100416	0.0	6.59	1.46
20100417	0.0	8.22	1.44
20100418	0.0	10.66	1.41
20100419	0.0	7.96	1.37
20100420	0.0	6.58	1.34
20100421	0.0	5.62	1.32
20100422	0.0	6.95	1.3
20100423	0.0	8.63	1.28
20100424	0.69	13.97	1.25
20100425	0.06	12.63	1.23
20100426	0.0	10.05	1.2
20100427	0.0	12.55	1.18
20100428	0.0	14.33	1.16
20100429	5.38	9.4	1.2
20100430	1.35	10.22	1.15
20100501	28.48	9.91	1.46
20100502	0.23	6.31	1.39
20100503	0.9	5.86	1.18
20100504	0.0	9.63	1.12
20100505	0.8	11.66	1.1
20100506	0.38	9.07	1.11
20100507	1.26	9.17	1.06
20100508	1.05	7.22	1.05
20100509	0.01	6.95	1.03
20100510	0.01	8.28	1.01
20100511	0.0	5.9	1.0
20100512	0.22	5.48	1.0
20100513	0.03	8.63	0.99
20100514	0.0	8.59	0.98
20100515	0.69	9.37	0.9
20100516	3.93	8.97	0.9
20100517	0.0	9.94	0.88
20100518	0.0	14.32	0.87
20100519	0.0	14.98	0.87
20100520	0.0	16.72	0.85
20100521	0.0	17.52	0.85
20100522	0.0	16.46	0.83
20100523	0.0	17.99	0.83
20100524	0.0	17.86	0.8
20100525	0.0	13.51	0.79
20100526	4.39	11.75	0.8
20100527	0.0	11.03	0.79
20100528	0.75	12.17	0.78
20100529	6.0	12.98	0.81
20100530	0.0	11.22	0.78
20100531	2.59	12.8	0.77
20100601	3.16	10.78	0.8
20100602	0.04	14.01	0.76
20100603	0.0	15.36	0.75
20100604	0.0	17.84	0.74
20100605	0.0	18.47	0.73
20100606	1.52	15.37	0.75
20100607	12.43	13.95	0.77
20100608	3.06	14.99	0.82
20100609	1.84	15.78	0.77
20100610	0.02	13.1	0.75
20100611	0.0	14.22	0.73
20100612	0.06	13.63	0.71
20100613	9.95	14.93	0.76
20100614	0.0	11.98	0.74
20100615	0.01	11.28	0.71
20100616	0.0	12.79	0.69
20100617	0.0	14.82	0.7
20100618	0.81	13.65	0.71
20100619	0.0	9.85	0.69
20100620	0.06	14.24	0.68
20100621	0.0	16.86	0.67
20100622	0.0	16.09	0.66
20100623	0.0	17.39	0.65
20100624	0.0	16.01	0.65
20100625	0.0	17.78	0.65
20100626	0.0	18.84	0.54
20100627	0.0	17.63	0.53
20100628	0.13	19.59	0.52
20100629	0.06	18.52	0.52
20100630	0.0	17.97	0.54
20100701	2.0	18.63	0.52
20100702	0.01	16.07	0.54
20100703	0.0	15.51	0.52
20100704	0.06	16.09	0.52
20100705	0.01	14.52	0.5
20100706	0.19	17.66	0.5
20100707	0.1	17.54	0.5
20100708	0.0	17.08	0.5
20100709	0.0	19.82	0.49
20100710	0.27	19.58	0.48
20100711	0.62	17.65	0.48
20100712	0.48	16.44	0.47
20100713	4.1	15.65	0.52
20100714	8.12	17.22	0.54
20100715	9.33	15.54	0.61
20100716	5.59	15.3	0.58
20100717	0.14	14.64	0.52
20100718	0.02	16.85	0.52
20100719	0.99	19.87	0.51
20100720	0.81	18.29	0.52
20100721	2.52	16.34	0.54
20100722	1.58	16.63	0.53
20100723	0.02	15.65	0.53
20100724	0.0	16.84	0.45
20100725	0.72	20.43	0.44
20100726	0.07	20.58	0.43
20100727	0.15	16.67	0.42
20100728	0.0	16.61	0.41
20100729	0.0	15.29	0.4
20100730	1.59	17.82	0.41
20100731	0.16	17.24	0.42
20100801	0.01	16.39	0.41
20100802	0.0	15.2	0.4
20100803	0.65	16.68	0.41
20100804	2.75	14.32	0.41
20100805	0.02	15.09	0.39
20100806	1.76	16.9	0.4
20100807	3.55	16.43	0.42
20100808	0.01	15.88	0.4
20100809	4.81	16.64	0.4
20100810	7.6	13.61	0.47
20100811	0.0	15.32	0.39
20100812	0.45	14.17	0.39
20100813	9.91	14.25	0.4
20100814	5.0	14.19	0.5
20100815	0.03	16.82	0.4
20100816	1.11	18.62	0.39
20100817	0.09	15.46	0.39
20100818	1.15	15.14	0.39
20100819	10.1	16.69	0.45
20100820	2.72	18.32	0.44
20100821	8.95	16.98	0.47
20100822	29.89	17.64	0.75
20100823	6.17	14.01	0.7
20100824	0.05	14.03	0.48
20100825	41.33	13.25	0.89
20100826	6.14	12.64	0.75
20100827	0.13	12.74	0.61
20100828	0.01	14.72	0.53
20100829	1.38	11.93	0.51
20100830	0.0	11.89	0.49
20100831	0.0	12.98	0.48
20100901	0.0	14.04	0.47
20100902	0.0	15.2	0.45
20100903	0.01	14.53	0.47
20100904	1.09	15.54	0.46
20100905	2.02	15.13	0.47
20100906	11.97	15.21	0.56
20100907	1.87	13.52	0.48
20100908	0.03	14.98	0.47
20100909	0.59	16.93	0.45
20100910	1.88	17.94	0.46
20100911	0.03	14.6	0.46
20100912	0.04	13.86	0.44
20100913	0.75	15.7	0.44
20100914	1.63	12.84	0.44
20100915	0.23	13.15	0.43
20100916	0.25	11.13	0.42
20100917	0.0	9.9	0.42
20100918	0.41	12.95	0.42
20100919	0.73	14.68	0.42
20100920	0.1	13.78	0.41
20100921	0.0	14.75	0.4
20100922	4.09	16.82	0.42
20100923	2.36	13.96	0.43
20100924	0.18	7.19	0.41
20100925	0.0	8.47	0.4
20100926	0.32	10.36	0.4
20100927	0.47	11.53	0.4
20100928	4.93	14.92	0.41
20100929	5.15	9.47	0.45
20100930	12.13	13.06	0.46
20101001	19.74	10.44	0.9
20101002	15.18	12.75	0.62
20101003	0.86	11.13	0.7
20101004	1.88	13.69	0.54
20101005	5.04	13.94	0.55
20101006	1.04	11.7	0.55
20101007	0.24	14.41	0.53
20101008	0.0	16.81	0.51
20101009	0.03	13.79	0.51
20101010	0.0	13.79	0.51
20101011	0.0	11.45	0.49
20101012	0.0	9.28	0.5
20101013	0.0	7.18	0.5
20101014	0.0	8.31	0.51
20101015	0.12	8.66	0.51
20101016	0.05	6.7	0.51
20101017	0.01	7.72	0.51
20101018	0.52	9.48	0.51
20101019	2.87	6.66	0.52
20101020	0.03	3.65	0.51
20101021	0.01	7.12	0.51
20101022	4.69	9.27	0.54
20101023	0.84	5.52	0.56
20101024	0.01	4.04	0.53
20101025	1.4	5.13	0.52
20101026	6.15	10.69	0.57
20101027	2.01	12.03	0.55
20101028	0.18	12.93	0.54
20101029	0.19	9.84	0.54
20101030	0.77	10.8	0.52
20101031	0.01	9.22	0.51
20101101	0.32	10.84	0.51
20101102	0.16	11.73	0.5
20101103	0.77	13.04	0.5
20101104	0.36	14.15	0.5
20101105	15.01	10.59	0.63
20101106	3.93	6.73	0.62
20101107	18.24	4.92	0.66
20101108	3.76	5.47	1.13
20101109	0.17	3.78	0.73
20101110	4.11	5.71	0.69
20101111	2.36	10.75	0.73
20101112	3.06	8.12	0.72
20101113	0.31	4.88	0.71
20101114	0.11	2.13	0.71
20101115	0.12	3.45	0.69
20101116	2.67	3.61	0.7
20101117	7.24	5.97	0.8
20101118	0.6	5.69	0.79
20101119	1.44	6.37	0.77
20101120	0.62	5.17	0.77
20101121	0.09	4.76	0.77
20101122	0.15	4.91	0.78
20101123	0.01	2.37	0.77
20101124	0.02	0.99	0.77
20101125	0.05	-1.37	0.78
20101126	0.01	-0.76	0.78
20101127	0.15	-3.41	0.79
20101128	0.0	-4.5	0.77
20101129	0.46	-2.19	0.77
20101130	0.73	-1.46	0.76
20101201	0.01	-1.67	0.78
20101202	0.01	-3.02	0.76
20101203	2.91	-1.6	0.77
20101204	2.99	0.31	0.79
20101205	0.11	-0.76	0.77
20101206	0.0	-5.52	0.76
20101207	0.0	-4.37	0.76
20101208	0.1	-2.72	0.74
20101209	0.13	1.16	0.73
20101210	0.01	3.82	0.74
20101211	0.0	2.55	0.75
20101212	0.04	1.98	0.74
20101213	0.06	1.61	0.73
20101214	0.71	1.65	0.73
20101215	0.36	3.62	0.73
20101216	3.11	0.62	0.76
20101217	4.6	-2.94	0.73
20101218	2.45	-5.73	0.73
20101219	0.0	-6.56	0.71
20101220	1.25	-4.26	0.72
20101221	0.07	-1.57	0.71
20101222	0.05	-1.64	0.7
20101223	0.01	-2.38	0.7
20101224	0.02	-5.28	0.69
20101225	0.01	-6.73	0.68
20101226	0.6	-3.64	0.67
20101227	7.94	2.18	0.74
20101228	2.44	4.01	0.8
20101229	0.95	5.36	0.79
20101230	0.03	4.79	0.77
20101231	0.0	4.42	0.76
20110101	1.6	3.3	0.76
20110102	0.02	0.65	0.75
20110103	0.09	-1.18	0.76
20110104	1.52	2.55	0.76
20110105	3.89	2.95	0.83
20110106	9.81	1.47	0.81
20110107	4.75	5.51	0.98
20110108	0.05	2.66	0.91
20110109	0.06	2.39	0.86
20110110	14.45	6.21	1.07
20110111	6.47	5.83	1.08
20110112	10.37	10.7	1.26
20110113	9.7	10.81	1.46
20110114	0.93	8.4	1.6
20110115	0.55	10.13	1.63
20110116	5.55	7.96	1.66
20110117	4.29	4.09	1.65
20110118	0.04	2.04	1.55
20110119	0.04	1.7	1.45
20110120	0.15	0.62	1.38
20110121	0.03	-0.58	1.34
20110122	0.19	2.39	1.3
20110123	0.0	4.13	1.28
20110124	0.0	3.98	1.24
20110125	3.49	5.57	1.26
20110126	0.42	2.33	1.23
20110127	0.03	0.05	1.17
20110128	0.0	-1.31	1.16
20110129	0.0	-1.07	1.13
20110130	0.0	-1.42	1.11
20110131	0.09	-0.38	1.08
20110201	0.12	4.96	1.08
20110202	3.03	5.45	1.07
20110203	0.22	6.56	1.05
20110204	1.91	10.13	1.03
20110205	0.58	10.6	1.02
20110206	0.01	9.79	1.01
20110207	0.12	3.85	1.02
20110208	0.31	3.89	0.99
20110209	0.28	7.94	0.98
20110210	4.46	8.08	1.0
20110211	0.68	9.2	0.98
20110212	3.46	6.29	0.97
20110213	14.17	4.74	1.35
20110214	1.86	4.37	1.11
20110215	6.02	2.99	1.21
20110216	0.04	5.02	1.12
20110217	0.07	4.75	1.08
20110218	11.92	4.19	1.18
20110219	0.27	5.02	1.38
20110220	2.12	4.2	1.26
20110221	1.41	4.51	1.28
20110222	2.6	6.73	1.3
20110223	0.91	9.2	1.32
20110224	0.01	9.48	1.28
20110225	14.39	9.0	1.45
20110226	0.34	5.6	1.61
20110227	3.62	5.08	1.51
20110228	0.06	3.33	1.5
20110301	0.0	3.33	1.52
20110302	0.04	2.69	1.52
20110303	0.0	1.9	1.51
20110304	0.0	2.1	1.44
20110305	0.17	3.77	1.44
20110306	0.09	1.7	1.39
20110307	0.0	2.08	1.36
20110308	0.88	4.85	1.34
20110309	1.35	7.49	1.3
20110310	0.08	6.26	1.29
20110311	0.0	7.65	1.26
20110312	1.82	8.58	1.25
20110313	0.0	3.79	1.22
20110314	0.0	6.72	1.19
20110315	0.35	10.45	1.17
20110316	0.05	6.77	1.15
20110317	0.7	8.43	1.14
20110318	1.09	2.73	1.11
20110319	0.0	6.91	1.08
20110320	0.0	9.26	1.06
20110321	0.0	10.01	1.05
20110322	0.0	9.13	1.04
20110323	0.0	9.83	1.01
20110324	0.0	9.01	1.0
20110325	0.0	10.34	1.0
20110326	0.01	9.45	0.99
20110327	0.0	8.84	0.98
20110328	0.0	8.25	0.97
20110329	0.47	10.67	0.97
20110330	6.39	10.25	0.98
20110331	0.06	12.58	0.97
20110401	0.13	12.53	0.95
20110402	0.0	9.06	0.94
20110403	0.57	7.72	0.93
20110404	0.17	10.02	0.92
20110405	0.2	12.32	0.91
20110406	0.0	13.1	0.89
20110407	0.0	11.18	0.87
20110408	0.0	12.88	0.88
20110409	0.0	12.07	0.87
20110410	0.0	12.5	0.87
20110411	0.06	9.05	0.85
20110412	0.0	7.91	0.85
20110413	1.24	8.36	0.85
20110414	0.0	10.01	0.85
20110415	0.01	11.01	0.83
20110416	0.0	10.18	0.83
20110417	0.0	11.92	0.82
20110418	0.0	10.63	0.82
20110419	0.0	13.31	0.81
20110420	0.0	14.49	0.81
20110421	0.0	15.61	0.8
20110422	0.0	15.64	0.79
20110423	0.02	16.04	0.77
20110424	0.0	13.5	0.77
20110425	0.0	13.01	0.77
20110426	0.01	10.89	0.76
20110427	0.0	8.62	0.76
20110428	0.01	12.12	0.76
20110429	0.54	12.87	0.78
20110430	0.46	14.14	0.76
20110501	0.0	12.6	0.75
20110502	0.0	9.95	0.74
20110503	0.02	8.19	0.74
20110504	0.0	12.41	0.72
20110505	0.0	14.59	0.72
20110506	9.24	17.19	0.76
20110507	17.83	16.18	0.96
20110508	1.54	12.29	0.81
20110509	0.1	12.84	0.75
20110510	0.22	13.3	0.74
20110511	0.01	11.7	0.73
20110512	0.27	10.0	0.73
20110513	0.0	8.95	0.73
20110514	0.13	10.21	0.72
20110515	0.18	12.36	0.72
20110516	0.0	13.5	0.71
20110517	0.3	13.78	0.72
20110518	0.22	9.99	0.72
20110519	0.0	11.99	0.71
20110520	0.0	10.6	0.71
20110521	1.98	12.87	0.7
20110522	0.78	11.94	0.72
20110523	1.59	10.61	0.71
20110524	0.0	9.65	0.71
20110525	1.94	13.24	0.71
20110526	1.45	11.94	0.73
20110527	0.19	11.92	0.71
20110528	0.32	13.07	0.72
20110529	3.42	13.77	0.73
20110530	4.14	8.32	0.78
20110531	0.03	10.34	0.72
20110601	0.0	12.73	0.72
20110602	0.02	16.78	0.7
20110603	0.0	17.2	0.7
20110604	4.63	16.48	0.69
20110605	5.37	11.95	0.8
20110606	0.96	10.77	0.71
20110607	1.67	11.61	0.71
20110608	0.31	11.93	0.7
20110609	0.05	11.24	0.68
20110610	3.49	10.34	0.72
20110611	6.35	9.84	0.71
20110612	17.74	12.04	0.98
20110613	0.08	11.6	0.73
20110614	0.03	16.6	0.68
20110615	1.69	14.5	0.71
20110616	1.47	12.66	0.68
20110617	4.52	11.64	0.7
20110618	6.33	12.76	0.74
20110619	0.0	11.3	0.69
20110620	8.15	15.84	0.72
20110621	1.96	15.1	0.69
20110622	0.3	13.88	0.66
20110623	0.82	12.27	0.66
20110624	6.66	13.4	0.69
20110625	0.0	16.25	0.67
20110626	0.01	20.9	0.64
20110627	0.68	18.88	0.62
20110628	0.0	12.3	0.61
20110629	0.03	11.84	0.61
20110630	0.44	12.09	0.61
20110701	0.0	14.93	0.6
20110702	0.0	15.2	0.61
20110703	0.0	16.17	0.59
20110704	0.0	17.75	0.56
20110705	4.76	16.02	0.59
20110706	3.17	14.52	0.65
20110707	6.41	14.0	0.64
20110708	8.97	13.74	0.78
20110709	3.4	14.73	0.65
20110710	0.0	14.83	0.6
20110711	0.0	17.08	0.58
20110712	0.0	14.76	0.58
20110713	0.0	12.49	0.57
20110714	0.0	15.51	0.57
20110715	8.07	17.21	0.57
20110716	8.18	14.69	0.71
20110717	2.88	14.96	0.61
20110718	2.68	13.3	0.6
20110719	0.05	15.41	0.57
20110720	2.73	13.41	0.58
20110721	1.02	14.18	0.56
20110722	0.58	13.72	0.56
20110723	0.03	14.12	0.54
20110724	0.0	13.68	0.54
20110725	0.05	18.01	0.52
20110726	0.0	17.14	0.51
20110727	0.0	16.54	0.5
20110728	0.25	18.57	0.51
20110729	0.02	14.58	0.51
20110730	0.01	17.16	0.51
20110731	0.27	19.14	0.5
20110801	0.0	19.63	0.49
20110802	0.01	19.03	0.47
20110803	5.53	20.4	0.36
20110804	3.71	17.0	0.41
20110805	0.04	16.6	0.37
20110806	1.46	14.8	0.38
20110807	3.38	13.74	0.39
20110808	0.02	14.07	0.36
20110809	0.0	14.17	0.36
20110810	0.32	16.9	0.36
20110811	0.46	17.98	0.37
20110812	1.53	17.57	0.37
20110813	0.0	15.75	0.35
20110814	0.0	14.03	0.34
20110815	1.19	15.72	0.36
20110816	0.34	15.22	0.35
20110817	0.69	13.28	0.35
20110818	5.3	10.59	0.38
20110819	0.03	16.45	0.36
20110820	0.52	16.05	0.32
20110821	0.01	14.77	0.33
20110822	0.08	17.38	0.33
20110823	0.01	13.44	0.32
20110824	24.17	15.17	0.55
20110825	1.64	15.13	0.43
20110826	9.84	12.34	0.45
20110827	0.51	14.21	0.37
20110828	0.39	13.09	0.35
20110829	0.0	13.39	0.34
20110830	0.0	13.31	0.33
20110831	0.0	12.39	0.33
20110901	0.0	15.3	0.32
20110902	0.0	17.53	0.33
20110903	1.74	16.64	0.32
20110904	3.01	14.21	0.34
20110905	4.28	15.07	0.33
20110906	1.49	14.31	0.35
20110907	1.23	14.0	0.32
20110908	2.52	16.26	0.33
20110909	0.36	18.2	0.32
20110910	1.67	16.15	0.31
20110911	2.75	16.26	0.3
20110912	0.04	14.33	0.3
20110913	3.75	12.3	0.31
20110914	0.01	10.95	0.29
20110915	0.0	12.77	0.3
20110916	2.9	15.89	0.3
20110917	1.88	11.99	0.32
20110918	1.43	11.79	0.31
20110919	0.24	14.53	0.29
20110920	12.6	13.49	0.4
20110921	1.06	12.96	0.31
20110922	0.0	11.72	0.3
20110923	0.0	13.37	0.29
20110924	0.87	15.53	0.28
20110925	7.25	15.78	0.32
20110926	0.01	15.13	0.3
20110927	0.08	16.58	0.29
20110928	0.0	18.39	0.28
20110929	0.0	19.23	0.29
20110930	0.0	18.72	0.27
20111001	0.0	18.41	0.26
20111002	0.0	20.22	0.27
20111003	0.02	18.66	0.27
20111004	0.78	15.42	0.26
20111005	6.16	13.57	0.29
20111006	0.26	10.94	0.27
20111007	1.27	11.04	0.27
20111008	0.24	13.42	0.27
20111009	0.08	15.8	0.27
20111010	0.02	15.73	0.26
20111011	0.02	14.89	0.26
20111012	0.02	14.91	0.26
20111013	0.0	13.44	0.26
20111014	0.0	9.54	0.25
20111015	0.0	9.67	0.26
20111016	0.01	11.66	0.26
20111017	8.24	10.07	0.31
20111018	0.07	7.5	0.28
20111019	0.9	6.0	0.26
20111020	0.02	7.74	0.26
20111021	0.0	9.33	0.26
20111022	0.01	11.24	0.27
20111023	0.0	15.2	0.25
20111024	3.83	12.66	0.26
20111025	3.27	7.88	0.27
20111026	8.24	9.91	0.28
20111027	7.94	7.14	0.37
20111028	0.0	8.75	0.3
20111029	1.26	11.42	0.3
20111030	0.36	14.93	0.28
20111031	4.15	11.92	0.3
20111101	0.12	10.39	0.3
20111102	3.85	12.65	0.29
20111103	7.39	12.95	0.5
20111104	4.77	11.02	0.39
20111105	0.02	8.27	0.31
20111106	0.0	7.63	0.3
20111107	0.92	8.28	0.29
20111108	0.63	9.15	0.29
20111109	2.03	11.59	0.29
20111110	0.26	11.26	0.28
20111111	8.12	10.89	0.36
20111112	0.03	12.21	0.32
20111113	0.0	11.83	0.3
20111114	0.09	7.21	0.3
20111115	0.04	7.34	0.28
20111116	0.88	7.33	0.29
20111117	0.01	9.9	0.28
20111118	0.08	9.72	0.29
20111119	0.26	8.06	0.28
20111120	0.01	8.48	0.28
20111121	4.55	9.06	0.29
20111122	0.11	5.78	0.29
20111123	0.02	7.13	0.28
20111124	0.67	9.32	0.28
20111125	0.17	7.73	0.28
20111126	0.46	10.4	0.29
20111127	0.09	4.86	0.27
20111128	1.81	7.04	0.27
20111129	6.35	7.86	0.37
20111130	4.39	7.48	0.35
20111201	0.09	3.81	0.33
20111202	1.29	5.66	0.3
20111203	0.05	7.69	0.31
20111204	0.28	4.72	0.3
20111205	0.04	3.66	0.29
20111206	1.53	5.62	0.28
20111207	0.06	5.24	0.29
20111208	5.0	6.38	0.31
20111209	0.15	2.2	0.29
20111210	0.37	3.0	0.29
20111211	8.55	4.82	0.41
20111212	19.72	6.4	0.62
20111213	12.37	2.87	0.7
20111214	11.13	2.76	0.75
20111215	6.42	3.61	0.69
20111216	4.31	1.09	0.71
20111217	1.57	1.51	0.63
20111218	0.18	1.82	0.6
20111219	4.89	4.42	0.63
20111220	6.24	7.27	0.65
20111221	0.04	9.64	0.66
20111222	0.25	9.63	0.61
20111223	10.98	5.87	0.85
20111224	0.59	6.61	0.74
20111225	0.89	9.9	0.73
20111226	0.34	9.32	0.74
20111227	0.15	7.93	0.75
20111228	0.01	6.04	0.74
20111229	2.54	6.37	0.76
20111230	7.19	7.86	0.83
20111231	1.17	10.23	0.81
20120101	3.85	6.07	0.82
20120102	14.38	6.56	0.93
20120103	7.18	7.08	1.55
20120104	7.73	7.57	1.34
20120105	0.55	5.25	1.41
20120106	0.4	5.98	1.33
20120107	0.0	7.54	1.27
20120108	0.02	8.19	1.22
20120109	0.26	8.85	1.16
20120110	0.01	8.42	1.12
20120111	0.0	8.85	1.09
20120112	0.04	5.2	1.04
20120113	0.02	1.19	1.03
20120114	0.15	0.94	1.01
20120115	0.0	1.25	1.0
20120116	0.01	0.17	0.98
20120117	0.49	3.34	0.98
20120118	4.99	8.98	0.99
20120119	0.22	6.69	0.99
20120120	0.07	8.68	0.97
20120121	0.49	7.74	0.95
20120122	0.0	6.59	0.94
20120123	8.07	3.74	0.93
20120124	0.72	7.98	0.98
20120125	5.16	6.54	0.97
20120126	5.79	3.11	1.07
20120127	2.4	4.52	1.01
20120128	0.0	2.09	0.98
20120129	0.58	0.87	0.96
20120130	0.14	-0.82	0.94
20120131	0.0	-0.39	0.94
20120201	0.0	-1.35	0.93
20120202	0.0	-3.25	0.92
20120203	0.01	-4.11	0.91
20120204	10.03	-1.46	0.95
20120205	0.29	2.36	0.97
20120206	0.97	2.54	0.97
20120207	0.0	-1.59	0.94
20120208	0.0	-1.89	0.93
20120209	5.75	-0.56	0.93
20120210	0.91	-4.23	0.95
20120211	0.21	-2.6	0.93
20120212	0.62	3.16	0.93
20120213	0.76	4.46	0.94
20120214	0.0	5.96	0.94
20120215	0.01	6.99	0.92
20120216	0.0	7.55	0.91
20120217	0.09	8.46	0.92
20120218	3.93	4.01	0.94
20120219	0.01	2.01	0.92
20120220	0.0	4.7	0.91
20120221	0.52	8.05	0.91
20120222	0.82	9.24	0.91
20120223	0.02	10.45	0.91
20120224	0.43	7.5	0.9
20120225	0.04	5.65	0.89
20120226	0.06	7.73	0.89
20120227	0.64	9.13	0.87
20120228	0.08	8.73	0.88
20120229	0.01	7.33	0.87
20120301	0.0	7.21	0.87
20120302	0.98	7.64	0.87
20120303	6.71	7.67	0.87
20120304	8.31	3.85	1.04
20120305	0.0	3.9	0.9
20120306	1.98	6.38	0.89
20120307	1.48	5.96	0.9
20120308	0.0	8.25	0.87
20120309	0.0	9.09	0.87
20120310	0.0	9.79	0.87
20120311	0.04	9.1	0.86
20120312	0.25	7.41	0.86
20120313	0.0	6.13	0.85
20120314	0.14	3.84	0.85
20120315	0.0	5.81	0.86
20120316	3.32	7.43	0.87
20120317	6.51	5.3	0.94
20120318	0.2	3.81	0.88
20120319	0.0	7.56	0.87
20120320	0.0	8.96	0.85
20120321	0.0	8.7	0.84
20120322	0.0	10.81	0.84
20120323	0.0	10.36	0.84
20120324	0.0	11.64	0.86
20120325	0.0	9.92	0.83
20120326	0.0	10.7	0.83
20120327	0.0	10.38	0.83
20120328	0.0	11.61	0.83
20120329	0.0	11.46	0.83
20120330	0.0	9.63	0.83
20120331	0.0	4.43	0.84
20120401	0.0	5.87	0.84
20120402	0.11	8.97	0.83
20120403	3.73	6.17	0.85
20120404	1.78	4.67	0.85
20120405	0.02	2.75	0.84
20120406	0.83	7.88	0.83
20120407	1.3	8.63	0.84
20120408	2.92	10.64	0.85
20120409	11.48	6.68	0.98
20120410	2.17	6.47	0.9
20120411	0.54	7.23	0.88
20120412	2.66	5.98	0.88
20120413	1.94	7.62	0.86
20120414	0.13	4.91	0.85
20120415	0.0	3.47	0.84
20120416	5.78	7.62	0.86
20120417	3.88	8.04	0.91
20120418	10.71	7.4	0.99
20120419	2.97	6.5	1.04
20120420	2.08	6.14	0.98
20120421	0.97	7.15	0.95
20120422	2.12	7.61	0.94
20120423	3.79	6.58	0.95
20120424	10.43	8.25	1.0
20120425	12.97	8.35	1.79
20120426	12.34	9.42	1.63
20120427	5.75	7.74	1.93
20120428	16.84	5.51	1.89
20120429	15.98	7.58	3.48
20120430	15.51	12.82	3.38
20120501	1.51	10.98	4.08
20120502	8.56	10.02	3.75
20120503	1.04	7.04	3.64
20120504	0.37	5.96	3.29
20120505	0.04	6.49	2.98
20120506	2.58	6.75	2.77
20120507	15.54	9.51	3.09
20120508	1.78	11.72	2.81
20120509	14.68	12.23	3.06
20120510	1.82	12.34	3.09
20120511	0.0	7.93	2.88
20120512	0.0	8.05	2.92
20120513	1.19	10.39	2.9
20120514	3.53	8.64	2.86
20120515	2.42	6.03	2.78
20120516	0.01	8.77	2.66
20120517	0.01	10.36	2.57
20120518	0.58	11.37	2.53
20120519	0.0	10.03	2.45
20120520	0.0	9.05	2.39
20120521	0.0	13.2	2.32
20120522	0.0	16.57	2.22
20120523	0.0	18.18	2.19
20120524	0.0	19.57	2.16
20120525	0.0	19.06	2.06
20120526	0.0	17.86	2.04
20120527	0.0	18.1	2.02
20120528	0.0	16.93	2.01
20120529	0.0	15.4	1.99
20120530	0.0	16.84	1.89
20120531	0.23	14.49	1.92
20120601	0.89	16.08	1.88
20120602	14.06	13.13	2.01
20120603	21.31	10.54	2.24
20120604	0.01	10.42	1.96
20120605	7.92	12.36	1.99
20120606	7.62	14.25	1.93
20120607	25.05	12.47	2.51
20120608	0.65	11.06	2.38
20120609	0.0	10.7	2.08
20120610	5.75	13.02	2.05
20120611	16.79	10.35	2.5
20120612	0.01	9.56	2.3
20120613	0.03	11.36	2.19
20120614	14.48	13.23	2.4
20120615	1.74	13.47	2.39
20120616	3.65	12.54	2.33
20120617	6.15	13.36	2.3
20120618	0.0	13.24	2.26
20120619	0.0	13.21	2.21
20120620	12.86	15.43	2.29
20120621	12.83	13.72	2.63
20120622	1.54	12.83	2.53
20120623	11.98	13.16	2.5
20120624	0.02	14.12	2.51
20120625	0.0	16.75	2.43
20120626	1.05	16.64	2.45
20120627	1.9	18.64	2.46
20120628	2.51	18.48	2.44
20120629	5.17	15.32	2.45
20120630	2.27	13.11	2.4
20120701	3.34	14.32	2.34
20120702	9.35	14.58	2.46
20120703	8.62	15.59	2.47
20120704	2.76	15.07	2.55
20120705	1.39	17.21	2.34
20120706	19.51	14.09	3.18
20120707	6.93	14.82	2.82
20120708	2.14	17.07	2.73
20120709	0.32	14.3	2.71
20120710	1.73	14.02	2.71
20120711	5.48	12.41	2.7
20120712	20.47	14.15	3.42
20120713	9.77	14.97	3.45
20120714	3.46	12.92	3.61
20120715	3.06	14.39	3.4
20120716	2.41	15.27	3.32
20120717	2.54	17.54	3.25
20120718	2.45	15.51	3.14
20120719	0.04	14.38	2.96
20120720	0.26	13.41	2.81
20120721	0.0	15.22	2.68
20120722	0.0	15.91	2.6
20120723	0.0	17.34	2.49
20120724	0.0	19.37	2.41
20120725	0.0	20.47	2.34
20120726	0.0	20.53	2.31
20120727	0.0	15.8	2.25
20120728	0.08	13.67	2.22
20120729	2.07	12.7	2.21
20120730	6.35	14.1	2.17
20120731	1.42	16.31	2.17
20120801	3.85	16.22	2.13
20120802	8.69	14.75	2.16
20120803	3.25	16.46	2.02
20120804	3.66	15.54	1.94
20120805	10.61	14.94	2.06
20120806	2.48	14.31	1.94
20120807	2.64	16.01	1.88
20120808	0.06	17.06	1.86
20120809	0.0	18.06	1.82
20120810	0.0	18.93	1.77
20120811	0.9	17.93	1.74
20120812	5.41	18.1	1.78
20120813	5.32	16.66	1.74
20120814	0.31	19.47	1.68
20120815	22.74	16.39	2.22
20120816	7.61	17.71	1.86
20120817	6.69	18.32	2.01
20120818	0.0	19.58	1.82
20120819	0.72	19.31	1.75
20120820	0.01	17.32	1.71
20120821	1.78	15.7	1.71
20120822	0.73	15.14	1.68
20120823	0.0	14.83	1.64
20120824	6.6	15.55	1.61
20120825	4.79	15.11	1.7
20120826	0.15	15.11	1.6
20120827	13.32	14.8	1.8
20120828	6.22	16.76	1.62
20120829	10.41	13.15	2.06
20120830	0.44	11.21	1.73
20120831	0.05	14.84	1.66
20120901	0.04	16.18	1.66
20120902	0.02	14.7	1.65
20120903	0.0	17.35	1.6
20120904	0.0	14.4	1.58
20120905	0.0	12.11	1.55
20120906	0.0	14.47	1.52
20120907	0.01	14.83	1.46
20120908	0.0	14.71	1.45
20120909	0.66	18.75	1.43
20120910	2.62	14.42	1.44
20120911	0.05	10.63	1.38
20120912	0.81	11.06	1.36
20120913	0.09	14.62	1.34
20120914	0.05	12.0	1.3
20120915	0.95	14.81	1.3
20120916	0.75	12.56	1.28
20120917	0.06	11.81	1.29
20120918	0.06	10.0	1.23
20120919	0.01	11.33	1.12
20120920	0.0	12.57	1.17
20120921	3.05	9.44	1.17
20120922	0.01	10.09	1.16
20120923	42.68	9.82	1.66
20120924	3.97	10.71	1.89
20120925	3.15	11.2	1.36
20120926	12.8	10.74	1.7
20120927	0.32	11.05	1.5
20120928	0.16	10.34	1.37
20120929	0.0	10.0	1.34
20120930	1.92	12.67	1.34
20121001	2.25	12.53	1.27
20121002	7.94	11.72	1.36
20121003	2.96	8.72	1.34
20121004	15.18	11.85	1.52
20121005	16.44	8.57	2.06
20121006	0.02	9.02	1.92
20121007	1.12	9.93	1.88
20121008	1.29	9.82	1.92
20121009	0.02	10.03	1.88
20121010	0.69	11.1	1.81
20121011	11.99	10.57	1.98
20121012	2.12	7.79	1.84
20121013	0.74	5.3	1.76
20121014	0.13	7.02	1.7
20121015	6.72	10.26	1.77
20121016	8.04	9.99	1.75
20121017	7.97	12.16	2.04
20121018	0.49	10.54	1.94
20121019	0.29	8.75	1.78
20121020	0.11	9.14	1.75
20121021	2.44	9.75	1.73
20121022	0.7	12.17	1.71
20121023	0.12	12.05	1.66
20121024	0.22	11.65	1.61
20121025	0.56	8.2	1.57
20121026	0.02	3.47	1.52
20121027	1.42	3.67	1.47
20121028	4.22	7.6	1.5
20121029	2.75	7.06	1.51
20121030	0.01	7.4	1.43
20121031	14.69	7.38	1.59
20121101	4.87	4.99	1.7
20121102	2.9	4.26	1.68
20121103	14.36	3.82	1.66
20121104	6.01	3.39	2.62
20121105	0.06	3.91	2.07
20121106	0.29	5.83	2.06
20121107	0.27	7.73	2.03
20121108	0.0	8.93	1.96
20121109	3.33	8.18	1.9
20121110	0.05	4.88	1.86
20121111	1.19	6.24	1.77
20121112	4.49	9.58	1.83
20121113	0.01	11.55	1.72
20121114	0.1	7.27	1.66
20121115	0.05	5.27	1.61
20121116	7.8	8.23	1.67
20121117	0.01	4.35	1.67
20121118	0.12	4.68	1.57
20121119	8.44	9.95	1.59
20121120	29.59	9.93	2.2
20121121	17.58	8.11	5.67
20121122	18.59	7.27	5.31
20121123	0.3	4.74	4.83
20121124	34.36	6.08	7.42
20121125	5.16	7.08	6.9
20121126	9.49	6.08	6.9
20121127	1.11	5.54	6.24
20121128	0.0	2.22	5.27
20121129	0.0	0.84	4.79
20121130	0.1	0.74	4.34
20121201	0.22	1.51	3.89
20121202	8.4	4.64	3.66
20121203	0.37	4.54	3.44
20121204	0.52	2.77	3.14
20121205	0.05	-0.19	2.91
20121206	7.95	1.47	2.89
20121207	0.52	3.19	2.64
20121208	0.0	3.81	2.48
20121209	0.0	4.2	2.36
20121210	0.0	0.73	2.27
20121211	0.16	-2.9	2.21
20121212	0.01	-3.18	2.15
20121213	1.49	0.87	2.1
20121214	15.13	6.69	2.48
20121215	3.94	6.55	2.36
20121216	10.74	6.24	2.53
20121217	0.61	5.44	2.53
20121218	0.37	4.26	2.42
20121219	23.97	6.79	3.18
20121220	6.23	7.16	4.2
20121221	11.79	7.03	4.09
20121222	18.94	9.93	6.37
20121223	10.01	8.17	6.15
20121224	8.51	7.48	7.56
20121225	0.64	5.87	6.5
20121226	7.8	6.91	5.93
20121227	7.27	6.36	5.49
20121228	2.66	9.9	5.05
20121229	17.97	6.1	6.11
20121230	1.52	7.06	5.53
20121231	5.77	5.97	5.8
20130101	0.04	4.74	5.27
20130102	0.02	7.73	4.83
20130103	0.0	8.43	4.48
20130104	0.03	8.68	4.05
20130105	0.08	7.67	3.81
20130106	0.19	7.68	3.52
20130107	0.12	8.36	3.29
20130108	4.1	6.95	3.15
20130109	0.17	2.67	2.89
20130110	1.48	2.99	2.83
20130111	2.94	4.74	2.75
20130112	0.21	0.84	2.63
20130113	0.46	0.54	2.52
20130114	4.37	1.42	2.51
20130115	0.0	-0.49	2.37
20130116	0.02	-2.57	2.28
20130117	7.51	-0.2	2.23
20130118	4.11	-1.64	2.23
20130119	0.02	-1.49	2.13
20130120	2.17	-1.47	2.07
20130121	1.15	-1.08	2.02
20130122	4.23	-0.42	2.01
20130123	0.95	-0.79	1.97
20130124	0.09	-2.05	1.9
20130125	10.03	1.83	2.08
20130126	13.68	5.81	2.92
20130127	5.28	4.54	3.36
20130128	3.64	6.4	3.35
20130129	15.03	9.76	4.22
20130130	3.69	7.44	4.03
20130131	4.75	6.32	4.0
20130201	0.5	3.77	3.93
20130202	0.26	1.51	3.58
20130203	0.02	6.3	3.35
20130204	1.51	4.92	3.12
20130205	2.08	3.47	2.99
20130206	0.06	1.84	2.84
20130207	1.95	2.31	2.73
20130208	3.25	3.59	2.64
20130209	5.72	3.28	2.61
20130210	12.93	2.79	3.41
20130211	0.04	0.39	2.83
20130212	0.0	0.06	2.67
20130213	10.77	4.15	2.81
20130214	0.07	5.18	2.95
20130215	0.06	4.29	2.75
20130216	0.12	3.44	2.71
20130217	0.01	4.04	2.66
20130218	0.0	2.44	2.6
20130219	0.06	4.33	2.53
20130220	0.04	1.47	2.45
20130221	0.0	0.09	2.34
20130222	0.0	-0.25	2.24
20130223	0.0	0.25	2.19
20130224	0.02	0.53	2.13
20130225	0.32	2.4	2.06
20130226	0.09	2.5	2.02
20130227	0.0	2.0	1.99
20130228	0.18	4.55	1.95
20130301	0.0	3.75	1.9
20130302	0.0	0.98	1.84
20130303	0.0	2.43	1.8
20130304	0.0	3.63	1.76
20130305	0.36	8.08	1.71
20130306	3.9	6.6	1.7
20130307	3.08	7.57	1.74
20130308	5.99	6.89	1.72
20130309	0.24	4.26	1.66
20130310	0.0	0.19	1.59
20130311	0.0	-1.42	1.52
20130312	0.07	0.6	1.49
20130313	0.08	0.44	1.45
20130314	0.77	3.88	1.41
20130315	21.37	5.96	1.64
20130316	12.14	3.92	2.15
20130317	0.32	1.94	1.87
20130318	0.06	3.56	1.69
20130319	2.42	3.22	1.77
20130320	0.01	2.81	1.73
20130321	14.64	2.93	2.2
20130322	13.99	2.22	2.49
20130323	2.18	-0.26	2.45
20130324	0.0	-0.92	2.42
20130325	0.0	-0.0	2.42
20130326	0.0	-0.18	2.35
20130327	0.0	-0.34	2.25
20130328	0.0	0.5	2.15
20130329	0.0	0.52	2.07
20130330	0.0	0.06	1.99
20130331	0.0	2.08	1.93
20130401	0.0	0.84	1.87
20130402	0.0	2.67	1.81
20130403	0.0	3.47	1.76
20130404	0.0	1.81	1.72
20130405	0.0	2.75	1.68
20130406	0.0	2.85	1.64
20130407	0.0	5.14	1.61
20130408	0.18	5.39	1.59
20130409	0.01	5.34	1.55
20130410	2.44	7.03	1.47
20130411	9.39	7.78	1.6
20130412	1.75	6.8	1.53
20130413	5.63	10.69	1.49
20130414	1.47	11.46	1.45
20130415	1.35	11.79	1.39
20130416	0.17	10.19	1.34
20130417	0.01	10.82	1.31
20130418	0.29	9.3	1.23
20130419	0.0	6.45	1.21
20130420	0.0	7.24	1.21
20130421	0.0	7.76	1.2
20130422	0.02	9.44	1.17
20130423	0.0	11.51	1.15
20130424	0.0	11.97	1.13
20130425	4.34	10.19	1.15
20130426	0.69	6.2	1.12
20130427	0.55	5.02	1.07
20130428	1.13	6.87	1.05
20130429	0.0	6.91	1.03
20130430	0.0	6.26	1.01
20130501	0.0	9.4	1.01
20130502	0.0	9.52	0.99
20130503	0.33	11.57	0.99
20130504	0.02	10.19	0.98
20130505	0.0	10.14	0.98
20130506	0.0	12.37	0.96
20130507	2.65	15.8	0.96
20130508	0.84	10.81	0.96
20130509	5.02	10.43	0.97
20130510	2.82	9.47	0.95
20130511	7.91	8.3	1.01
20130512	1.94	9.46	0.95
20130513	1.94	8.05	0.94
20130514	23.32	6.26	1.21
20130515	0.23	6.54	1.03
20130516	0.75	8.41	0.96
20130517	0.04	9.05	0.93
20130518	0.0	10.77	0.92
20130519	0.52	13.01	0.92
20130520	0.2	13.46	0.92
20130521	0.02	10.49	0.9
20130522	0.01	9.59	0.89
20130523	1.86	7.08	0.89
20130524	0.6	7.08	0.89
20130525	0.0	9.38	0.87
20130526	0.0	10.09	0.86
20130527	6.19	11.1	0.88
20130528	17.51	8.32	1.21
20130529	5.27	11.26	0.97
20130530	3.36	12.69	0.94
20130531	0.0	13.51	0.91
20130601	0.0	10.72	0.89
20130602	0.0	11.39	0.86
20130603	0.0	12.13	0.85
20130604	0.0	13.96	0.85
20130605	0.0	12.13	0.85
20130606	0.0	13.39	0.84
20130607	0.13	13.51	0.84
20130608	0.0	13.11	0.82
20130609	0.0	11.4	0.81
20130610	0.82	11.46	0.82
20130611	0.1	14.91	0.83
20130612	4.46	14.14	0.84
20130613	0.14	11.39	0.83
20130614	6.72	12.36	0.83
20130615	2.45	12.25	0.86
20130616	2.36	12.65	0.78
20130617	0.97	14.89	0.77
20130618	0.0	15.63	0.77
20130619	3.36	18.2	0.77
20130620	0.28	15.93	0.79
20130621	1.9	15.74	0.76
20130622	0.58	13.87	0.77
20130623	0.25	11.7	0.75
20130624	0.0	11.11	0.74
20130625	0.0	13.82	0.73
20130626	0.0	15.19	0.7
20130627	8.35	14.93	0.79
20130628	0.08	16.19	0.76
20130629	0.0	16.81	0.72
20130630	0.0	14.85	0.71
20130701	0.0	13.5	0.69
20130702	1.48	14.59	0.71
20130703	0.41	14.67	0.7
20130704	0.0	14.52	0.69
20130705	0.0	17.09	0.68
20130706	0.0	18.52	0.67
20130707	0.0	20.91	0.65
20130708	0.0	18.27	0.65
20130709	0.0	18.93	0.65
20130710	0.0	17.54	0.63
20130711	0.0	16.06	0.63
20130712	0.0	19.41	0.64
20130713	0.0	22.28	0.63
20130714	0.0	19.96	0.62
20130715	0.0	20.17	0.62
20130716	0.0	20.41	0.61
20130717	0.0	21.65	0.55
20130718	0.0	20.93	0.53
20130719	0.0	21.67	0.51
20130720	0.0	19.16	0.54
20130721	0.0	20.08	0.52
20130722	7.07	23.56	0.55
20130723	0.0	19.38	0.55
20130724	4.27	20.18	0.54
20130725	0.0	17.83	0.52
20130726	0.0	17.35	0.52
20130727	22.2	18.41	0.72
20130728	1.24	18.45	0.58
20130729	3.73	17.11	0.56
20130730	0.75	18.58	0.51
20130731	1.01	19.08	0.51
20130801	0.43	22.41	0.49
20130802	2.6	17.98	0.5
20130803	2.72	17.13	0.51
20130804	7.5	16.71	0.53
20130805	15.0	14.94	0.64
20130806	0.03	15.61	0.53
20130807	0.0	14.82	0.51
20130808	0.98	19.06	0.49
20130809	0.0	15.61	0.48
20130810	0.5	16.48	0.48
20130811	0.0	15.76	0.48
20130812	0.0	13.48	0.47
20130813	0.21	13.59	0.48
20130814	2.49	17.04	0.48
20130815	3.03	19.29	0.48
20130816	0.69	17.4	0.47
20130817	2.64	15.54	0.48
20130818	0.0	15.35	0.47
20130819	0.0	14.76	0.45
20130820	0.0	16.08	0.45
20130821	4.8	18.7	0.48
20130822	0.0	19.4	0.47
20130823	1.76	18.2	0.47
20130824	0.01	14.3	0.46
20130825	0.05	17.75	0.45
20130826	0.0	17.27	0.45
20130827	0.0	17.55	0.44
20130828	0.0	15.71	0.44
20130829	0.09	17.78	0.43
20130830	0.16	16.11	0.43
20130831	0.0	12.21	0.43
20130901	0.0	14.67	0.43
20130902	0.0	16.23	0.42
20130903	0.0	16.9	0.42
20130904	0.0	17.22	0.42
20130905	6.52	17.28	0.44
20130906	0.71	11.06	0.47
20130907	0.17	11.64	0.44
20130908	11.39	12.33	0.45
20130909	1.32	12.07	0.51
20130910	0.0	13.0	0.44
20130911	4.78	14.04	0.45
20130912	2.45	17.46	0.45
20130913	16.75	12.06	0.6
20130914	0.1	9.19	0.48
20130915	2.68	10.95	0.44
20130916	0.85	10.58	0.43
20130917	10.44	12.09	0.53
20130918	0.16	10.85	0.44
20130919	0.09	13.26	0.42
20130920	0.0	12.19	0.41
20130921	0.0	16.28	0.41
20130922	0.0	17.41	0.39
20130923	0.1	14.13	0.4
20130924	0.16	15.33	0.4
20130925	0.07	16.57	0.38
20130926	0.09	13.11	0.38
20130927	0.0	13.91	0.37
20130928	0.07	14.59	0.38
20130929	0.05	15.28	0.38
20130930	0.31	13.77	0.36
20131001	3.52	13.9	0.39
20131002	4.26	16.11	0.4
20131003	9.87	16.35	0.46
20131004	0.13	15.52	0.43
20131005	0.01	12.0	0.39
20131006	0.0	14.3	0.37
20131007	0.01	15.09	0.37
20131008	0.02	14.69	0.37
20131009	0.05	9.54	0.36
20131010	0.06	8.94	0.35
20131011	3.57	11.66	0.36
20131012	9.34	11.48	0.42
20131013	11.75	8.29	0.52
20131014	5.39	7.8	0.49
20131015	2.04	8.87	0.42
20131016	9.54	12.38	0.58
20131017	0.08	13.13	0.43
20131018	7.27	14.12	0.45
20131019	8.71	14.47	0.54
20131020	8.61	13.33	0.53
20131021	7.72	15.0	0.6
20131022	16.14	14.14	0.67
20131023	0.13	9.47	0.61
20131024	9.05	12.42	0.57
20131025	4.07	14.96	0.65
20131026	8.69	11.8	0.69
20131027	38.79	11.38	1.38
20131028	5.4	8.82	1.79
20131029	0.04	6.4	1.26
20131030	2.75	9.57	1.18
20131031	3.08	9.73	1.11
20131101	0.96	10.09	1.05
20131102	2.51	8.95	1.02
20131103	15.1	7.05	1.16
20131104	4.25	6.17	1.15
20131105	1.92	9.24	1.1
20131106	10.17	9.04	1.26
20131107	0.38	6.56	1.23
20131108	7.97	4.42	1.43
20131109	5.72	4.61	1.49
20131110	5.35	6.17	1.43
20131111	3.73	10.39	1.53
20131112	0.01	5.56	1.5
20131113	2.85	5.57	1.49
20131114	0.63	4.7	1.48
20131115	0.02	4.24	1.47
20131116	0.23	5.35	1.45
20131117	0.41	7.8	1.42
20131118	2.52	4.09	1.41
20131119	0.07	1.89	1.36
20131120	9.53	4.99	1.4
20131121	0.14	4.44	1.4
20131122	0.05	2.88	1.34
20131123	0.02	2.81	1.28
20131124	0.0	4.04	1.26
20131125	0.0	1.5	1.22
20131126	0.12	3.96	1.21
20131127	0.0	7.92	1.18
20131128	0.01	7.91	1.17
20131129	0.1	6.05	1.16
20131130	0.0	3.54	1.13
20131201	0.0	5.87	1.12
20131202	0.0	5.55	1.1
20131203	0.88	5.48	1.08
20131204	0.14	2.97	1.02
20131205	0.02	5.48	1.02
20131206	0.0	5.02	1.01
20131207	0.46	6.36	1.01
20131208	0.1	7.57	1.01
20131209	0.0	6.0	0.99
20131210	0.05	5.45	0.98
20131211	0.17	3.81	0.98
20131212	3.58	8.35	0.98
20131213	1.17	6.37	0.97
20131214	3.31	7.83	0.98
20131215	7.84	9.57	1.0
20131216	9.52	6.31	1.12
20131217	0.39	4.35	1.04
20131218	21.62	5.49	1.65
20131219	1.82	3.28	1.49
20131220	6.79	6.47	1.47
20131221	6.5	7.74	1.61
20131222	4.7	5.2	1.69
20131223	34.83	7.73	3.56
20131224	0.19	3.79	3.59
20131225	2.82	3.07	3.7
20131226	8.53	5.99	3.4
20131227	4.1	4.78	3.14
20131228	0.16	3.24	2.77
20131229	10.61	5.19	2.61
20131230	6.26	6.86	3.06
20131231	6.6	6.06	2.91
20140101	20.54	7.61	4.48
20140102	5.92	7.17	4.13
20140103	15.28	5.58	4.61
20140104	3.92	3.2	5.1
20140105	11.81	6.81	5.14
20140106	11.28	8.32	4.96
20140107	0.05	7.9	5.05
20140108	10.56	7.87	4.92
20140109	0.08	4.16	4.66
20140110	1.44	4.35	4.27
20140111	0.06	2.32	3.99
20140112	6.18	4.59	3.89
20140113	4.44	3.53	3.71
20140114	5.24	4.77	3.47
20140115	10.91	6.92	3.88
20140116	10.29	6.18	4.01
20140117	1.61	5.78	4.04
20140118	10.34	4.59	4.23
20140119	0.1	2.82	4.11
20140120	0.58	2.17	3.87
20140121	7.36	2.96	3.91
20140122	0.87	5.0	3.71
20140123	1.15	4.55	3.46
20140124	11.98	6.01	3.62
20140125	3.39	6.12	3.44
20140126	7.17	5.25	3.65
20140127	9.41	5.14	3.61
20140128	5.22	5.82	4.12
20140129	3.86	3.21	3.93
20140130	0.08	1.76	3.88
20140131	18.53	4.8	4.83
20140201	5.47	4.6	4.57
20140202	0.38	5.38	4.57
20140203	3.02	3.93	4.44
20140204	11.18	4.9	4.57
20140205	8.72	6.68	5.18
20140206	22.78	4.71	5.62
20140207	5.21	6.2	5.97
20140208	8.88	6.16	6.24
20140209	1.25	2.95	6.15
20140210	7.62	3.85	5.62
20140211	5.42	4.01	5.71
20140212	9.4	4.46	5.49
20140213	5.03	3.9	5.4
20140214	19.08	6.72	6.11
20140215	1.86	4.11	6.41
20140216	0.11	5.69	6.24
20140217	8.29	6.94	6.37
20140218	1.16	6.97	5.71
20140219	3.22	8.24	5.18
20140220	0.98	6.33	4.79
20140221	1.81	5.85	4.44
20140222	0.42	8.3	4.1
20140223	0.43	8.75	3.83
20140224	6.03	7.59	3.65
20140225	2.01	6.09	3.56
20140226	6.95	7.18	3.4
20140227	4.46	5.85	3.33
20140228	4.04	1.91	3.31
20140301	0.05	5.4	3.1
20140302	14.76	4.45	3.53
20140303	0.45	4.02	3.33
20140304	0.01	4.71	3.2
20140305	0.0	6.65	3.11
20140306	1.93	8.81	3.07
20140307	0.05	8.65	2.98
20140308	0.0	9.46	2.87
20140309	0.0	10.36	2.75
20140310	0.0	7.71	2.61
20140311	0.01	5.37	2.56
20140312	0.02	5.19	2.37
20140313	0.08	6.35	2.29
20140314	0.0	8.08	2.2
20140315	0.0	10.75	2.14
20140316	0.0	10.97	2.09
20140317	0.01	9.5	2.04
20140318	0.16	8.91	2.0
20140319	0.0	9.26	1.95
20140320	5.3	7.08	1.95
20140321	5.86	5.94	1.91
20140322	0.61	4.86	1.87
20140323	1.38	3.07	1.81
20140324	4.58	6.37	1.81
20140325	1.92	4.8	1.77
20140326	0.61	4.36	1.7
20140327	2.27	4.68	1.66
20140328	4.48	7.62	1.68
20140329	0.0	11.63	1.6
20140330	0.0	12.56	1.54
20140331	0.26	11.06	1.44
20140401	0.01	11.57	1.41
20140402	0.38	12.69	1.43
20140403	2.47	10.3	1.41
20140404	0.46	10.03	1.37
20140405	4.85	11.59	1.39
20140406	6.83	12.16	1.4
20140407	3.26	8.29	1.45
20140408	0.03	8.29	1.32
20140409	0.0	8.14	1.25
20140410	0.0	7.89	1.26
20140411	0.0	9.35	1.21
20140412	0.0	7.71	1.22
20140413	0.0	9.07	1.17
20140414	0.0	8.07	1.15
20140415	0.0	7.57	1.14
20140416	0.0	9.43	1.12
20140417	0.0	8.77	1.11
20140418	0.0	6.44	1.08
20140419	0.0	8.33	1.08
20140420	7.11	8.58	1.15
20140421	9.94	12.94	1.16
20140422	1.27	10.35	1.09
20140423	0.7	9.16	1.05
20140424	0.05	10.53	1.02
20140425	8.79	9.05	1.08
20140426	3.16	10.39	1.05
20140427	1.52	10.57	1.02
20140428	3.16	10.37	1.04
20140429	0.51	10.36	1.01
20140430	0.81	12.69	0.98
20140501	4.0	11.02	1.03
20140502	0.0	6.61	0.98
20140503	0.0	8.34	0.96
20140504	0.0	8.9	0.94
20140505	8.25	13.16	0.98
20140506	2.11	12.11	0.96
20140507	2.49	11.71	0.94
20140508	2.15	11.97	0.96
20140509	4.44	12.41	0.95
20140510	1.02	10.82	0.95
20140511	0.55	9.6	0.92
20140512	2.34	10.42	0.92
20140513	1.4	9.74	0.92
20140514	0.0	11.62	0.9
20140515	0.0	13.71	0.89
20140516	0.0	14.59	0.9
20140517	0.0	14.54	0.89
20140518	0.0	15.38	0.89
20140519	0.77	18.37	0.93
20140520	0.26	11.44	0.9
20140521	12.7	14.24	1.0
20140522	10.24	12.44	1.05
20140523	11.06	10.35	1.01
20140524	11.31	11.53	1.09
20140525	0.0	10.18	1.0
20140526	4.84	12.67	0.97
20140527	5.03	12.3	0.97
20140528	6.13	11.71	1.02
20140529	13.4	14.07	1.28
20140530	0.01	12.87	1.16
20140531	0.0	12.73	1.07
20140601	0.03	14.85	1.02
20140602	0.14	14.58	1.02
20140603	1.31	13.63	1.02
20140604	18.35	10.66	1.43
20140605	0.0	11.66	1.16
20140606	1.53	17.13	1.1
20140607	2.64	15.5	1.08
20140608	3.63	16.3	1.1
20140609	0.03	16.07	1.06
20140610	2.15	14.78	1.05
20140611	0.02	13.81	1.03
20140612	0.0	16.4	1.01
20140613	9.48	18.39	1.41
20140614	0.18	16.92	1.11
20140615	0.0	15.88	1.04
20140616	0.0	13.76	1.01
20140617	0.0	16.62	1.01
20140618	0.0	17.25	0.99
20140619	0.0	15.92	0.99
20140620	0.0	15.57	0.98
20140621	0.0	15.81	0.97
20140622	0.0	17.77	0.96
20140623	2.57	17.65	0.97
20140624	0.0	16.01	0.95
20140625	0.0	15.34	0.94
20140626	5.98	16.26	0.95
20140627	5.91	13.51	0.97
20140628	2.53	14.02	0.96
20140629	0.0	13.71	0.93
20140630	0.0	14.71	0.91
20140701	0.0	14.88	0.9
20140702	0.0	16.65	0.89
20140703	0.0	18.26	0.9
20140704	7.83	17.81	0.89
20140705	0.99	14.69	0.9
20140706	1.09	14.25	0.88
20140707	0.6	14.62	0.87
20140708	5.68	14.23	0.96
20140709	0.0	15.55	0.87
20140710	0.0	17.4	0.83
20140711	0.0	17.56	0.76
20140712	0.29	20.19	0.75
20140713	0.57	14.73	0.76
20140714	3.24	17.45	0.74
20140715	0.0	16.35	0.73
20140716	0.55	17.89	0.72
20140717	3.27	21.42	0.72
20140718	28.66	20.56	0.84
20140719	19.46	18.67	1.83
20140720	1.05	18.83	0.83
20140721	0.0	18.48	0.79
20140722	0.0	19.72	0.76
20140723	0.48	20.36	0.75
20140724	0.0	20.44	0.74
20140725	2.58	19.92	0.74
20140726	0.0	21.24	0.72
20140727	0.0	17.5	0.7
20140728	0.0	17.74	0.7
20140729	0.0	17.07	0.68
20140730	0.0	17.37	0.68
20140731	0.03	17.63	0.69
20140801	8.74	18.21	0.72
20140802	5.33	15.43	0.79
20140803	0.18	15.55	0.69
20140804	1.53	16.25	0.67
20140805	17.66	18.1	0.88
20140806	0.36	17.26	0.74
20140807	0.01	17.13	0.7
20140808	0.22	16.85	0.69
20140809	18.53	17.05	0.71
20140810	8.35	14.25	0.91
20140811	2.95	14.73	0.72
20140812	5.25	13.74	0.76
20140813	0.81	15.53	0.7
20140814	5.85	13.52	0.74
20140815	0.29	13.88	0.7
20140816	0.02	15.66	0.67
20140817	0.02	14.2	0.66
20140818	1.56	13.19	0.65
20140819	2.8	10.69	0.66
20140820	0.47	10.68	0.63
20140821	3.76	13.44	0.65
20140822	0.0	12.24	0.63
20140823	0.44	11.05	0.62
20140824	6.53	13.86	0.63
20140825	15.67	14.56	0.84
20140826	1.31	12.69	0.7
20140827	2.39	16.07	0.66
20140828	2.14	16.02	0.66
20140829	1.56	14.43	0.65
20140830	0.01	13.6	0.64
20140831	0.42	16.26	0.62
20140901	0.52	14.25	0.62
20140902	0.0	16.43	0.61
20140903	0.02	16.19	0.59
20140904	0.0	16.88	0.58
20140905	0.0	16.65	0.58
20140906	0.13	16.14	0.58
20140907	0.0	13.35	0.58
20140908	0.0	13.82	0.57
20140909	0.0	14.75	0.57
20140910	0.0	14.39	0.57
20140911	0.0	13.83	0.58
20140912	0.0	15.6	0.57
20140913	0.0	14.22	0.57
20140914	0.0	15.85	0.56
20140915	0.0	14.79	0.56
20140916	0.0	17.6	0.52
20140917	0.0	18.0	0.51
20140918	24.11	18.78	0.64
20140919	0.56	16.75	0.66
20140920	0.11	13.91	0.56
20140921	0.0	10.64	0.54
20140922	0.01	12.15	0.54
20140923	2.79	14.09	0.54
20140924	0.06	11.19	0.53
20140925	0.45	15.94	0.54
20140926	0.01	15.42	0.52
20140927	0.0	15.91	0.52
20140928	0.0	16.35	0.52
20140929	0.06	15.1	0.51
20140930	0.09	15.78	0.52
20141001	0.0	14.39	0.51
20141002	0.0	14.55	0.49
20141003	4.94	15.26	0.5
20141004	2.09	8.88	0.54
20141005	15.1	11.83	0.56
20141006	8.91	9.54	0.73
20141007	1.9	9.4	0.6
20141008	3.66	12.63	0.67
20141009	3.87	11.3	0.63
20141010	3.91	11.25	0.62
20141011	1.7	9.15	0.62
20141012	4.42	8.64	0.59
20141013	23.69	10.13	0.89
20141014	2.35	10.23	0.93
20141015	7.27	11.22	0.86
20141016	1.74	13.5	0.8
20141017	5.93	15.89	0.81
20141018	0.52	15.51	0.8
20141019	0.68	13.57	0.77
20141020	2.85	12.38	0.77
20141021	0.42	8.59	0.76
20141022	0.2	11.08	0.76
20141023	0.89	13.52	0.77
20141024	7.24	10.25	0.82
20141025	0.34	11.94	0.79
20141026	0.0	12.99	0.78
20141027	0.05	12.24	0.78
20141028	0.31	13.76	0.78
20141029	3.13	11.73	0.79
20141030	0.0	15.35	0.79
20141031	0.68	15.42	0.78
20141101	10.11	13.43	0.82
20141102	2.56	10.04	0.93
20141103	2.49	5.69	0.87
20141104	3.39	5.28	0.89
20141105	0.04	4.64	0.84
20141106	12.89	8.35	0.92
20141107	8.0	7.77	1.06
20141108	5.91	6.79	1.2
20141109	1.57	7.63	1.05
20141110	2.0	9.54	1.05
20141111	17.8	9.61	1.23
20141112	1.41	9.67	1.68
20141113	12.8	11.49	1.51
20141114	1.1	9.38	1.86
20141115	0.33	9.0	1.74
20141116	12.44	8.86	1.86
20141117	2.29	6.87	2.2
20141118	0.0	8.69	1.87
20141119	1.2	8.45	1.82
20141120	1.19	6.98	1.78
20141121	9.02	9.17	1.87
20141122	5.95	10.28	1.83
20141123	0.03	3.19	1.81
20141124	0.24	3.02	1.67
20141125	6.8	3.77	1.73
20141126	1.71	6.57	1.74
20141127	0.13	7.75	1.69
20141128	1.15	8.96	1.64
20141129	0.25	8.01	1.59
20141130	0.06	8.35	1.61
20141201	0.07	6.28	1.5
20141202	0.0	3.57	1.46
20141203	0.15	3.75	1.43
20141204	0.17	1.92	1.4
20141205	0.32	2.4	1.37
20141206	1.91	4.15	1.33
20141207	0.32	4.32	1.35
20141208	0.01	2.38	1.28
20141209	2.08	5.67	1.27
20141210	0.15	5.69	1.23
20141211	14.53	6.61	1.43
20141212	0.05	1.94	1.51
20141213	0.07	2.4	1.3
20141214	1.75	5.36	1.31
20141215	0.11	3.43	1.26
20141216	9.91	6.19	1.36
20141217	0.15	11.05	1.36
20141218	4.36	8.96	1.31
20141219	0.04	6.2	1.27
20141220	0.21	6.02	1.27
20141221	0.83	9.13	1.27
20141222	0.6	10.23	1.27
20141223	2.93	8.15	1.27
20141224	0.0	4.57	1.25
20141225	0.01	3.18	1.24
20141226	10.85	4.19	1.45
20141227	2.68	2.04	1.45
20141228	0.01	0.34	1.34
20141229	0.1	0.34	1.32
20141230	0.1	1.47	1.32
20141231	0.38	5.87	1.32
20150101	5.59	8.58	1.43
20150102	9.5	4.69	1.39
20150103	1.67	1.73	1.59
20150104	0.15	3.11	1.43
20150105	0.35	7.33	1.42
20150106	0.78	4.91	1.43
20150107	9.14	7.62	1.43
20150108	3.74	7.41	1.77
20150109	1.15	11.02	1.57
20150110	2.33	6.67	1.6
20150111	1.17	6.34	1.56
20150112	13.13	6.99	1.89
20150113	5.98	2.94	1.99
20150114	17.45	5.29	2.53
20150115	7.45	3.61	3.13
20150116	0.29	1.93	3.07
20150117	1.88	1.9	3.07
20150118	0.21	0.73	2.92
20150119	0.01	-0.17	2.71
20150120	3.58	0.54	2.62
20150121	3.31	2.1	2.38
20150122	0.0	-1.25	2.27
20150123	1.13	1.95	2.13
20150124	0.04	3.14	2.02
20150125	0.36	5.57	1.96
20150126	0.0	4.9	1.82
20150127	0.6	6.77	1.81
20150128	1.56	4.87	1.77
20150129	2.5	2.59	1.77
20150130	2.71	3.08	1.7
20150131	0.85	2.88	1.67
20150201	0.0	0.31	1.61
20150202	0.04	-0.09	1.55
20150203	0.11	1.11	1.52
20150204	0.01	1.8	1.45
20150205	0.44	0.66	1.45
20150206	0.05	1.1	1.4
20150207	0.09	1.54	1.37
20150208	0.01	2.97	1.34
20150209	0.14	3.57	1.3
20150210	0.07	3.02	1.3
20150211	0.0	3.25	1.26
20150212	0.51	3.54	1.22
20150213	6.35	5.08	1.27
20150214	0.11	5.78	1.23
20150215	0.67	4.45	1.17
20150216	6.47	3.05	1.27
20150217	0.05	3.98	1.15
20150218	0.2	6.57	1.12
20150219	13.06	4.06	1.34
20150220	0.6	3.31	1.26
20150221	0.95	2.27	1.2
20150222	7.72	4.57	1.32
20150223	5.58	3.44	1.38
20150224	1.08	5.86	1.27
20150225	0.48	9.72	1.27
20150226	3.07	4.42	1.38
20150227	0.6	5.86	1.36
20150228	1.34	7.36	1.38
20150301	3.51	5.16	1.41
20150302	3.23	4.22	1.37
20150303	0.03	4.11	1.36
20150304	0.04	3.86	1.32
20150305	0.0	6.27	1.3
20150306	0.0	8.7	1.27
20150307	0.0	9.72	1.24
20150308	0.44	5.17	1.23
20150309	0.62	5.45	1.21
20150310	0.03	6.05	1.18
20150311	0.03	8.57	1.16
20150312	5.59	8.19	1.16
20150313	0.55	4.25	1.17
20150314	0.01	4.74	1.12
20150315	0.22	5.14	1.1
20150316	2.8	4.75	1.1
20150317	0.07	4.87	1.07
20150318	0.0	5.76	1.04
20150319	0.0	5.23	1.03
20150320	0.0	8.08	1.02
20150321	0.0	6.66	1.01
20150322	0.0	4.54	1.0
20150323	2.34	5.13	1.01
20150324	0.82	4.26	1.0
20150325	5.14	5.72	1.0
20150326	0.02	6.04	1.0
20150327	0.51	8.84	0.98
20150328	3.15	10.22	0.98
20150329	1.24	8.36	0.97
20150330	1.0	9.04	0.94
20150331	0.41	7.3	0.93
20150401	2.53	7.53	0.94
20150402	5.6	8.06	0.95
20150403	3.27	9.16	0.99
20150404	0.02	8.28	0.94
20150405	0.0	7.5	0.93
20150406	0.0	10.44	0.91
20150407	0.0	10.5	0.9
20150408	0.0	10.43	0.89
20150409	0.0	10.5	0.88
20150410	0.81	12.78	0.87
20150411	0.0	6.97	0.88
20150412	0.42	9.2	0.87
20150413	0.0	10.77	0.87
20150414	0.0	12.29	0.87
20150415	0.0	13.09	0.85
20150416	0.17	11.51	0.85
20150417	0.0	8.93	0.84
20150418	0.0	8.52	0.84
20150419	0.0	5.98	0.84
20150420	0.0	10.16	0.83
20150421	0.0	10.24	0.81
20150422	0.0	10.21	0.82
20150423	0.0	9.91	0.82
20150424	1.21	12.54	0.83
20150425	3.95	10.59	0.84
20150426	0.0	5.81	0.82
20150427	0.06	6.01	0.81
20150428	3.16	8.44	0.81
20150429	0.05	8.05	0.82
20150430	0.0	8.44	0.8
20150501	0.0	8.2	0.8
20150502	9.73	9.84	0.83
20150503	2.28	12.51	0.87
20150504	14.45	12.59	0.94
20150505	5.02	10.13	0.88
20150506	4.07	9.38	0.87
20150507	0.26	9.79	0.83
20150508	2.3	11.32	0.83
20150509	0.08	10.73	0.83
20150510	0.0	12.65	0.81
20150511	2.04	13.08	0.8
20150512	0.02	8.91	0.8
20150513	0.53	12.2	0.76
20150514	10.99	7.8	0.86
20150515	0.03	12.02	0.79
20150516	0.0	9.87	0.75
20150517	6.45	10.42	0.77
20150518	3.83	9.19	0.84
20150519	3.16	7.9	0.77
20150520	0.06	9.48	0.74
20150521	0.35	12.6	0.75
20150522	0.32	14.48	0.76
20150523	0.0	13.71	0.74
20150524	0.34	11.57	0.75
20150525	0.0	11.37	0.73
20150526	0.0	10.22	0.72
20150527	0.08	12.76	0.72
20150528	2.07	11.54	0.7
20150529	3.59	9.24	0.75
20150530	3.58	12.84	0.65
20150531	0.89	9.75	0.64
20150601	12.24	11.29	0.74
20150602	1.64	12.62	0.71
20150603	0.0	10.79	0.64
20150604	0.01	15.98	0.62
20150605	0.0	13.28	0.61
20150606	0.0	10.38	0.6
20150607	0.0	11.66	0.58
20150608	0.0	10.96	0.56
20150609	0.0	9.45	0.57
20150610	0.0	11.39	0.56
20150611	0.0	17.26	0.58
20150612	14.25	15.98	0.67
20150613	3.02	12.86	0.65
20150614	0.0	12.33	0.61
20150615	0.0	14.68	0.59
20150616	0.0	15.86	0.58
20150617	0.0	15.92	0.56
20150618	0.0	13.18	0.56
20150619	0.1	15.73	0.54
20150620	2.01	16.26	0.55
20150621	0.62	14.19	0.54
20150622	0.06	12.9	0.52
20150623	0.0	15.57	0.5
20150624	0.0	15.62	0.5
20150625	0.0	17.29	0.51
20150626	0.31	15.34	0.52
20150627	3.01	17.29	0.5
20150628	0.35	14.73	0.51
20150629	0.0	16.88	0.51
20150630	0.01	22.61	0.5
20150701	0.14	22.47	0.48
20150702	2.31	13.85	0.52
20150703	1.55	20.44	0.54
20150704	0.0	15.81	0.52
20150705	2.6	14.53	0.53
20150706	1.69	16.8	0.5
20150707	0.28	16.17	0.5
20150708	0.06	14.3	0.5
20150709	0.0	15.26	0.49
20150710	0.0	18.14	0.47
20150711	2.0	17.33	0.47
20150712	3.44	17.82	0.45
20150713	0.8	16.87	0.46
20150714	3.59	15.9	0.45
20150715	0.0	14.7	0.43
20150716	0.17	18.67	0.43
20150717	0.01	14.07	0.4
20150718	0.94	16.4	0.41
20150719	0.08	15.54	0.39
20150720	0.9	17.15	0.4
20150721	0.42	17.88	0.39
20150722	0.49	13.82	0.39
20150723	4.45	15.38	0.42
20150724	23.56	11.96	0.7
20150725	4.64	14.8	0.47
20150726	7.99	13.96	0.55
20150727	0.09	14.47	0.46
20150728	0.02	12.38	0.44
20150729	1.21	12.35	0.44
20150730	0.01	10.88	0.42
20150731	0.0	13.35	0.4
20150801	0.0	14.49	0.39
20150802	0.0	18.65	0.41
20150803	0.0	15.61	0.4
20150804	0.15	15.11	0.4
20150805	0.8	16.81	0.41
20150806	0.02	14.23	0.41
20150807	0.0	15.82	0.4
20150808	0.0	16.84	0.39
20150809	1.76	18.77	0.39
20150810	2.47	14.38	0.41
20150811	0.0	14.87	0.41
20150812	0.0	18.18	0.4
20150813	18.97	16.39	0.48
20150814	4.59	13.34	0.62
20150815	0.0	11.86	0.43
20150816	0.0	14.75	0.4
20150817	0.0	14.63	0.38
20150818	0.0	15.13	0.4
20150819	10.35	15.22	0.47
20150820	0.18	18.52	0.41
20150821	0.08	17.85	0.38
20150822	6.52	21.01	0.39
20150823	8.98	13.7	0.47
20150824	10.65	11.93	0.54
20150825	13.56	15.33	0.54
20150826	3.59	14.87	0.54
20150827	2.01	13.04	0.44
20150828	0.09	15.14	0.4
20150829	0.48	16.1	0.39
20150830	7.77	14.87	0.4
20150831	3.89	11.84	0.49
20150901	1.25	12.06	0.44
20150902	0.23	12.01	0.41
20150903	0.12	12.08	0.4
20150904	0.95	12.91	0.39
20150905	0.01	9.4	0.41
20150906	0.0	11.91	0.4
20150907	0.0	12.97	0.37
20150908	0.0	11.71	0.38
20150909	0.0	13.13	0.38
20150910	0.0	14.9	0.34
20150911	2.62	16.94	0.34
20150912	0.02	12.91	0.35
20150913	4.81	13.53	0.36
20150914	8.74	12.58	0.45
20150915	0.7	13.2	0.38
20150916	6.67	11.14	0.38
20150917	5.87	13.27	0.42
20150918	0.64	12.29	0.37
20150919	0.0	12.86	0.35
20150920	1.4	13.4	0.35
20150921	13.83	12.4	0.43
20150922	2.3	10.37	0.45
20150923	5.04	13.2	0.4
20150924	0.98	10.98	0.41
20150925	0.0	9.91	0.38
20150926	0.01	10.47	0.36
20150927	0.0	12.03	0.36
20150928	0.0	12.88	0.36
20150929	0.01	13.1	0.35
20150930	0.0	12.63	0.34
20151001	0.01	12.29	0.34
20151002	0.0	10.89	0.35
20151003	0.01	9.0	0.35
20151004	3.84	12.55	0.33
20151005	17.45	15.5	0.53
20151006	10.5	14.46	0.59
20151007	0.18	9.22	0.48
20151008	0.06	10.47	0.43
20151009	0.04	11.11	0.4
20151010	0.0	11.2	0.4
20151011	0.03	8.58	0.4
20151012	0.0	9.06	0.39
20151013	0.0	8.03	0.36
20151014	0.0	9.3	0.37
20151015	0.09	10.07	0.39
20151016	0.0	10.08	0.39
20151017	0.01	10.17	0.39
20151018	0.36	11.09	0.39
20151019	0.01	9.64	0.38
20151020	12.95	10.77	0.41
20151021	0.05	12.81	0.49
20151022	0.02	8.51	0.42
20151023	1.04	10.05	0.39
20151024	2.3	6.62	0.39
20151025	0.04	7.66	0.39
20151026	0.05	11.84	0.39
20151027	4.35	11.7	0.4
20151028	0.47	11.99	0.39
20151029	10.71	11.79	0.44
20151030	0.38	12.96	0.51
20151031	0.03	11.29	0.45
20151101	0.36	11.34	0.43
20151102	0.15	8.89	0.42
20151103	3.01	10.63	0.43
20151104	4.35	12.41	0.44
20151105	6.68	13.33	0.51
20151106	21.27	13.3	0.69
20151107	6.41	11.23	0.93
20151108	1.94	10.8	0.74
20151109	0.9	12.37	0.7
20151110	1.18	13.37	0.7
20151111	0.28	9.82	0.67
20151112	3.39	9.87	0.68
20151113	2.86	7.42	0.72
20151114	4.74	10.71	0.73
20151115	1.38	11.99	0.72
20151116	7.48	10.48	0.77
20151117	2.49	11.83	0.81
20151118	4.45	11.24	0.83
20151119	6.67	7.43	0.91
20151120	2.77	4.56	0.89
20151121	0.08	1.32	0.89
20151122	0.0	1.85	0.89
20151123	7.63	4.06	0.92
20151124	0.08	7.03	0.94
20151125	4.82	8.65	0.91
20151126	1.36	9.5	0.92
20151127	3.63	6.35	0.94
20151128	9.84	7.12	1.11
20151129	7.44	8.71	1.08
20151130	3.13	10.61	1.13
20151201	0.0	11.22	1.14
20151202	6.96	11.6	1.23
20151203	6.91	8.47	1.4
20151204	0.4	9.54	1.37
20151205	0.99	11.39	1.34
20151206	4.96	11.59	1.41
20151207	1.42	11.58	1.4
20151208	0.71	6.65	1.37
20151209	0.0	7.8	1.3
20151210	3.2	8.24	1.31
20151211	2.75	4.94	1.28
20151212	11.15	8.44	1.39
20151213	0.02	6.9	1.44
20151214	1.73	8.62	1.33
20151215	6.55	11.18	1.4
20151216	0.06	12.1	1.39
20151217	2.38	11.93	1.41
20151218	2.12	12.64	1.42
20151219	0.4	11.51	1.43
20151220	3.5	8.14	1.44
20151221	3.06	9.87	1.43
20151222	7.6	9.19	1.52
20151223	2.97	8.41	1.53
20151224	8.71	5.91	1.89
20151225	6.8	10.04	1.92
20151226	9.44	11.85	1.94
20151227	2.83	10.92	2.35
20151228	0.14	9.31	2.2
20151229	0.94	9.75	2.21
20151230	23.94	8.49	2.88
20151231	4.87	4.5	2.94
20160101	6.37	5.48	2.88
20160102	11.15	6.67	3.69
20160103	10.62	6.69	4.19
20160104	3.59	6.3	4.05
20160105	4.53	6.32	3.96
20160106	8.57	6.55	3.76
20160107	0.15	4.25	3.66
20160108	2.28	5.37	3.3
20160109	8.17	6.1	3.47
20160110	5.89	4.38	3.47
20160111	0.52	4.07	3.15
20160112	0.69	3.15	2.96
20160113	5.26	2.81	2.96
20160114	0.01	1.75	2.83
20160115	0.08	0.85	2.66
20160116	0.31	1.73	2.53
20160117	2.41	2.79	2.42
20160118	0.16	0.57	2.3
20160119	0.06	-0.69	2.19
20160120	0.08	0.02	2.1
20160121	5.4	4.77	2.06
20160122	4.5	8.25	2.21
20160123	2.66	9.14	2.03
20160124	0.02	10.91	1.97
20160125	0.0	8.94	1.91
20160126	12.48	10.38	2.13
20160127	5.71	6.58	2.5
20160128	0.84	6.19	2.24
20160129	14.69	7.52	2.71
20160130	0.03	4.47	2.79
20160131	0.21	8.91	2.79
20160201	0.8	8.75	2.76
20160202	0.04	4.97	2.59
20160203	0.09	6.45	2.44
20160204	0.0	10.22	2.34
20160205	15.63	8.26	2.31
20160206	32.62	6.37	4.83
20160207	16.45	6.49	4.7
20160208	5.79	4.44	5.45
20160209	0.45	4.2	5.27
20160210	0.08	2.74	4.88
20160211	0.39	3.62	4.36
20160212	1.11	4.3	3.93
20160213	2.9	1.96	3.68
20160214	0.01	2.13	3.33
20160215	0.01	0.16	2.88
20160216	0.51	2.9	2.71
20160217	7.53	2.4	2.76
20160218	0.12	3.18	2.55
20160219	0.08	5.4	2.42
20160220	2.46	9.56	2.35
20160221	1.13	8.85	2.25
20160222	0.01	4.25	2.16
20160223	0.04	2.47	2.09
20160224	0.01	1.73	2.02
20160225	0.0	2.82	1.97
20160226	0.01	3.79	1.92
20160227	0.0	3.63	1.88
20160228	0.0	2.11	1.84
20160229	2.41	4.64	1.76
20160301	4.74	7.02	1.8
20160302	3.5	4.11	1.76
20160303	2.88	3.89	1.72
20160304	2.71	2.87	1.69
20160305	1.69	3.14	1.64
20160306	0.11	1.75	1.59
20160307	0.07	1.52	1.52
20160308	34.76	4.51	2.15
20160309	4.26	3.6	3.44
20160310	0.01	3.92	2.41
20160311	0.03	4.5	2.37
20160312	0.0	6.01	2.28
20160313	0.0	5.48	2.17
20160314	0.0	5.39	2.08
20160315	0.01	7.54	2.0
20160316	0.0	5.84	1.91
20160317	0.05	4.17	1.85
20160318	0.0	3.66	1.8
20160319	0.0	5.49	1.75
20160320	0.0	5.14	1.7
20160321	0.0	5.82	1.65
20160322	0.0	6.17	1.62
20160323	0.0	6.0	1.56
20160324	6.42	6.39	1.6
20160325	0.02	8.93	1.53
20160326	9.8	7.91	1.7
20160327	28.79	6.13	2.36
20160328	3.39	6.67	2.39
20160329	8.09	5.83	2.26
20160330	0.08	5.24	2.11
20160331	0.01	5.86	2.07
20160401	0.2	8.27	2.07
20160402	0.67	9.61	2.02
20160403	1.7	9.91	1.99
20160404	2.69	7.43	1.95
20160405	0.13	8.97	1.87
20160406	1.89	7.29	1.82
20160407	5.69	7.44	1.8
20160408	2.67	6.94	1.79
20160409	1.31	3.92	1.74
20160410	7.72	8.66	1.76
20160411	5.11	6.87	1.85
20160412	0.43	7.8	1.7
20160413	0.8	10.92	1.65
20160414	3.67	10.71	1.72
20160415	3.25	5.92	1.66
20160416	0.03	3.91	1.59
20160417	0.0	5.97	1.53
20160418	0.0	9.22	1.46
20160419	0.0	8.03	1.49
20160420	0.0	9.34	1.41
20160421	0.02	10.39	1.41
20160422	5.63	5.14	1.44
20160423	0.01	6.37	1.37
20160424	0.25	7.77	1.33
20160425	1.47	6.35	1.31
20160426	0.87	4.32	1.27
20160427	1.94	3.51	1.27
20160428	3.3	6.02	1.26
20160429	0.39	4.7	1.22
20160430	0.91	5.92	1.19
20160501	0.39	11.35	1.16
20160502	4.69	8.57	1.19
20160503	0.0	7.29	1.13
20160504	0.0	9.11	1.09
20160505	0.0	12.26	1.07
20160506	0.0	15.33	1.05
20160507	3.38	16.42	1.02
20160508	0.01	18.97	1.02
20160509	10.82	17.75	1.07
20160510	24.52	15.02	1.31
20160511	6.94	14.64	2.17
20160512	0.0	15.68	1.37
20160513	0.0	11.03	1.18
20160514	0.0	8.62	1.14
20160515	0.0	10.33	1.13
20160516	0.0	11.4	1.09
20160517	5.93	12.89	1.12
20160518	2.61	11.37	1.16
20160519	0.39	13.73	1.07
20160520	9.22	14.17	1.14
20160521	5.89	10.84	1.17
20160522	5.09	10.32	1.16
20160523	0.0	11.34	1.07
20160524	0.0	10.96	1.03
20160525	0.02	9.95	1.02
20160526	0.0	13.18	1.01
20160527	1.23	14.58	1.02
20160528	0.0	13.48	1.01
20160529	0.0	13.79	1.0
20160530	0.0	14.25	0.98
20160531	12.08	14.4	1.04
20160601	0.39	11.1	0.99
20160602	0.1	11.2	0.97
20160603	0.0	13.72	0.97
20160604	0.0	15.81	0.97
20160605	0.0	17.07	0.95
20160606	0.0	18.07	0.94
20160607	3.35	18.52	0.94
20160608	0.17	17.96	0.92
20160609	0.0	18.09	0.91
20160610	1.85	17.5	0.92
20160611	5.85	15.52	0.93
20160612	11.42	16.41	0.96
20160613	4.04	14.58	0.98
20160614	1.75	13.86	0.93
20160615	3.52	15.24	0.94
20160616	7.47	15.16	0.97
20160617	2.59	14.12	0.93
20160618	0.0	13.17	0.9
20160619	16.99	15.72	0.94
20160620	1.38	15.35	1.09
20160621	0.66	15.94	0.94
20160622	0.2	16.63	0.91
20160623	0.06	14.98	0.9
20160624	2.02	13.78	0.9
20160625	7.85	14.4	0.92
20160626	4.43	15.33	0.92
20160627	0.01	13.3	0.88
20160628	5.62	13.17	0.9
20160629	3.64	13.52	0.9
20160630	1.63	15.29	0.89
20160701	0.1	12.88	0.87
20160702	2.92	12.97	0.85
20160703	0.0	13.79	0.84
20160704	0.09	15.82	0.84
20160705	0.0	13.44	0.83
20160706	0.0	15.93	0.82
20160707	0.11	17.03	0.82
20160708	0.03	17.37	0.82
20160709	1.26	19.21	0.82
20160710	3.58	17.35	0.82
20160711	2.31	14.89	0.79
20160712	8.82	12.44	0.85
20160713	2.69	12.73	0.83
20160714	0.0	14.63	0.81
20160715	0.14	15.98	0.79
20160716	0.0	18.79	0.79
20160717	0.13	18.75	0.78
20160718	0.0	20.92	0.74
20160719	0.0	25.35	0.75
20160720	0.0	19.39	0.71
20160721	2.75	17.73	0.73
20160722	0.0	18.86	0.73
20160723	0.0	18.41	0.72
20160724	0.62	16.1	0.73
20160725	0.01	15.6	0.68
20160726	1.93	17.88	0.69
20160727	0.08	16.61	0.69
20160728	0.72	17.51	0.68
20160729	0.37	16.92	0.69
20160730	0.0	14.86	0.66
20160731	0.0	14.9	0.65
20160801	24.89	15.48	0.8
20160802	4.2	17.74	0.78
20160803	0.7	17.03	0.69
20160804	0.65	15.59	0.67
20160805	0.0	15.97	0.66
20160806	0.1	20.27	0.65
20160807	0.91	15.97	0.63
20160808	0.04	13.44	0.62
20160809	0.0	14.02	0.62
20160810	0.24	15.84	0.61
20160811	0.0	16.84	0.6
20160812	0.0	18.28	0.6
20160813	0.0	16.77	0.59
20160814	0.0	14.6	0.61
20160815	0.0	16.74	0.58
20160816	0.0	16.88	0.58
20160817	0.03	19.96	0.55
20160818	3.68	19.48	0.56
20160819	5.92	16.5	0.6
20160820	3.5	15.89	0.59
20160821	1.97	17.47	0.57
20160822	0.04	16.87	0.56
20160823	0.01	21.09	0.56
20160824	2.16	20.02	0.56
20160825	2.26	16.51	0.58
20160826	0.11	16.01	0.55
20160827	11.64	17.31	0.6
20160828	3.37	17.41	0.58
20160829	0.01	16.43	0.55
20160830	0.0	17.11	0.53
20160831	0.01	15.14	0.53
20160901	0.17	17.3	0.52
20160902	0.14	14.55	0.52
20160903	10.68	15.69	0.59
20160904	7.01	15.96	0.55
20160905	0.21	18.62	0.55
20160906	0.0	19.65	0.52
20160907	0.0	18.16	0.51
20160908	0.47	16.95	0.51
20160909	14.9	17.96	0.54
20160910	1.24	11.59	0.61
20160911	0.0	14.92	0.53
20160912	0.01	18.15	0.52
20160913	4.61	19.83	0.53
20160914	0.01	18.66	0.51
20160915	0.08	19.17	0.51
20160916	0.01	13.91	0.49
20160917	0.0	13.04	0.5
20160918	0.47	15.77	0.5
20160919	1.58	13.42	0.49
20160920	0.01	13.81	0.49
20160921	0.95	15.35	0.47
20160922	0.03	12.01	0.48
20160923	0.0	14.09	0.47
20160924	8.03	16.2	0.51
20160925	0.74	12.65	0.51
20160926	2.05	13.56	0.48
20160927	0.07	15.11	0.47
20160928	3.86	16.88	0.47
20160929	1.32	12.51	0.47
20160930	5.38	11.38	0.51
20161001	4.99	9.51	0.53
20161002	0.05	9.47	0.47
20161003	0.01	11.42	0.44
20161004	0.0	13.65	0.45
20161005	0.0	10.87	0.43
20161006	0.0	10.96	0.43
20161007	0.14	11.43	0.44
20161008	0.03	10.24	0.44
20161009	0.0	8.95	0.43
20161010	0.08	8.17	0.42
20161011	0.07	10.75	0.41
20161012	0.01	9.86	0.4
20161013	0.13	9.39	0.4
20161014	0.03	10.47	0.42
20161015	10.09	11.03	0.45
20161016	0.14	12.36	0.48
20161017	4.88	11.37	0.43
20161018	0.03	9.26	0.43
20161019	0.11	9.18	0.41
20161020	0.11	8.51	0.41
20161021	0.04	7.86	0.42
20161022	0.01	8.15	0.42
20161023	0.25	9.32	0.42
20161024	5.08	9.45	0.42
20161025	0.02	9.97	0.42
20161026	0.07	9.97	0.41
20161027	0.02	11.28	0.41
20161028	0.16	12.93	0.41
20161029	0.32	12.03	0.42
20161030	0.05	10.92	0.4
20161031	0.07	10.55	0.41
20161101	0.09	5.51	0.41
20161102	0.04	4.61	0.4
20161103	1.08	6.65	0.39
20161104	2.06	5.19	0.42
20161105	0.01	3.39	0.4
20161106	1.14	4.39	0.42
20161107	0.09	2.52	0.4
20161108	23.57	3.17	0.58
20161109	1.3	6.46	0.56
20161110	0.76	5.0	0.44
20161111	7.93	5.88	0.44
20161112	0.97	7.69	0.5
20161113	0.39	8.14	0.44
20161114	0.66	11.58	0.43
20161115	1.8	11.13	0.44
20161116	1.3	8.38	0.44
20161117	5.26	5.65	0.47
20161118	1.49	2.99	0.45
20161119	23.37	3.82	0.66
20161120	15.8	4.44	0.77
20161121	23.29	6.95	1.68
20161122	2.66	5.19	1.05
20161123	0.01	6.53	0.96
20161124	0.02	5.88	0.91
20161125	0.0	6.5	0.87
20161126	0.22	5.91	0.87
20161127	0.0	5.74	0.84
20161128	0.0	2.22	0.81
20161129	0.02	-0.96	0.82
20161130	0.1	0.24	0.79
20161201	0.03	2.09	0.82
20161202	0.59	3.84	0.82
20161203	0.0	2.7	0.82
20161204	0.02	1.88	0.82
20161205	0.11	2.75	0.82
20161206	0.3	7.33	0.83
20161207	0.3	11.14	0.82
20161208	1.04	11.71	0.83
20161209	2.14	11.62	0.82
20161210	18.36	6.65	1.12
20161211	0.52	5.44	0.94
20161212	4.24	7.2	0.92
20161213	0.72	9.5	0.92
20161214	0.06	8.65	0.9
20161215	1.69	7.52	0.88
20161216	0.2	5.98	0.89
20161217	0.06	5.58	0.89
20161218	0.02	3.73	0.91
20161219	1.36	4.29	0.9
20161220	0.86	4.89	0.9
20161221	0.61	4.48	0.9
20161222	0.18	4.77	0.89
20161223	2.15	6.85	0.9
20161224	0.14	8.42	0.9
20161225	3.66	8.21	0.9
20161226	0.0	2.14	0.89
20161227	0.12	0.41	0.88
20161228	0.15	-0.23	0.88
20161229	0.39	1.67	0.88
20161230	0.08	3.32	0.87
20161231	1.98	6.05	0.88
20170101	6.18	2.93	0.92
20170102	0.1	0.14	0.88
20170103	0.13	2.0	0.87
20170104	0.08	1.51	0.85
20170105	0.03	0.27	0.84
20170106	8.4	4.83	0.9
20170107	0.53	8.82	0.9
20170108	0.98	7.59	0.89
20170109	2.18	5.62	0.89
20170110	0.01	7.68	0.88
20170111	0.0	6.12	0.87
20170112	8.2	1.89	0.94
20170113	1.35	1.9	0.91
20170114	5.16	3.88	0.91
20170115	9.02	7.42	0.97
20170116	5.8	6.07	1.15
20170117	0.14	3.17	1.08
20170118	0.1	2.23	1.09
20170119	0.01	1.96	1.14
20170120	0.05	1.13	1.15
20170121	0.07	-0.27	1.13
20170122	0.04	1.62	1.12
20170123	0.06	2.62	1.13
20170124	0.2	2.82	1.06
20170125	0.04	1.94	1.05
20170126	0.0	-0.39	1.03
20170127	8.38	3.22	1.09
20170128	0.59	3.91	1.09
20170129	8.57	5.21	1.2
20170130	2.78	6.91	1.14
20170131	14.29	8.85	1.34
20170201	5.06	9.19	1.56
20170202	0.7	7.67	1.66
20170203	5.05	3.74	1.7
20170204	0.65	4.32	1.69
20170205	0.05	1.23	1.64
20170206	5.24	2.43	1.63
20170207	7.62	5.62	1.77
20170208	0.52	2.91	1.72
20170209	0.01	0.58	1.62
20170210	0.24	0.92	1.57
20170211	1.89	1.05	1.54
20170212	0.27	2.53	1.49
20170213	0.0	5.65	1.45
20170214	0.14	5.24	1.42
20170215	5.44	7.06	1.47
20170216	0.03	8.15	1.41
20170217	0.02	7.51	1.38
20170218	0.04	6.92	1.37
20170219	0.0	9.05	1.33
20170220	0.39	10.62	1.3
20170221	0.05	9.86	1.28
20170222	3.65	9.5	1.24
20170223	0.02	5.23	1.22
20170224	0.49	6.65	1.17
20170225	3.22	8.1	1.18
20170226	1.6	7.68	1.17
20170227	6.06	3.46	1.24
20170228	1.2	4.54	1.17
20170301	3.49	6.03	1.16
20170302	5.3	6.76	1.13
20170303	6.06	6.47	1.41
20170304	6.44	7.0	1.27
20170305	2.88	4.41	1.4
20170306	1.13	5.39	1.31
20170307	4.11	7.25	1.33
20170308	0.35	9.81	1.4
20170309	0.04	9.8	1.37
20170310	0.0	10.62	1.34
20170311	2.86	10.92	1.33
20170312	2.27	7.35	1.34
20170313	0.0	10.23	1.27
20170314	0.08	9.82	1.25
20170315	0.09	9.36	1.21
20170316	0.23	5.15	1.22
20170317	0.1	8.73	1.2
20170318	0.06	10.87	1.19
20170319	2.97	10.86	1.17
20170320	6.34	6.27	1.28
20170321	9.92	6.54	1.23
20170322	4.53	4.14	1.43
20170323	0.02	8.11	1.27
20170324	0.0	6.87	1.22
20170325	0.0	8.71	1.19
20170326	0.0	9.48	1.18
20170327	0.0	7.68	1.15
20170328	4.13	10.86	1.19
20170329	2.08	12.21	1.19
20170330	0.79	14.33	1.16
20170331	0.72	11.09	1.14
20170401	0.71	9.11	1.13
20170402	0.0	7.75	1.1
20170403	0.01	11.45	1.08
20170404	0.0	7.4	1.04
20170405	0.0	8.06	1.04
20170406	0.0	7.88	1.04
20170407	0.0	8.43	1.04
20170408	0.0	12.13	1.03
20170409	0.0	13.32	1.02
20170410	0.0	7.46	1.0
20170411	0.0	9.14	0.99
20170412	0.0	8.17	1.0
20170413	0.0	6.95	0.99
20170414	0.65	10.11	0.99
20170415	0.0	8.2	0.98
20170416	1.66	9.5	0.98
20170417	0.26	6.71	0.97
20170418	0.0	6.87	0.96
20170419	0.65	9.35	0.94
20170420	0.03	9.1	0.95
20170421	0.0	11.08	0.94
20170422	0.0	8.02	0.93
20170423	0.0	8.6	0.92
20170424	1.42	5.67	0.93
20170425	0.91	4.71	0.92
20170426	0.14	3.9	0.91
20170427	0.46	6.95	0.91
20170428	0.0	8.18	0.9
20170429	0.0	10.38	0.9
20170430	3.23	11.26	0.87
20170501	0.47	9.71	0.87
20170502	0.0	11.1	0.86
20170503	0.01	10.48	0.86
20170504	0.0	10.95	0.85
20170505	0.0	12.19	0.85
20170506	0.0	10.47	0.85
20170507	0.0	10.87	0.83
20170508	0.0	9.78	0.82
20170509	0.0	6.68	0.82
20170510	0.0	11.22	0.83
20170511	10.39	15.46	0.86
20170512	2.49	13.26	0.87
20170513	7.95	12.92	0.87
20170514	1.13	12.78	0.84
20170515	1.21	14.8	0.82
20170516	10.24	14.82	0.87
20170517	12.9	8.77	1.06
20170518	1.21	12.18	0.87
20170519	0.11	10.49	0.83
20170520	1.0	9.94	0.83
20170521	0.0	13.51	0.8
20170522	0.0	16.23	0.78
20170523	0.0	15.67	0.79
20170524	0.0	17.45	0.78
20170525	0.0	18.6	0.77
20170526	1.68	19.81	0.77
20170527	0.08	15.14	0.78
20170528	5.65	17.92	0.79
20170529	12.29	15.11	0.98
20170530	0.08	14.7	0.8
20170531	0.0	15.46	0.77
20170601	0.0	16.55	0.76
20170602	5.41	14.09	0.78
20170603	0.02	12.26	0.76
20170604	3.86	11.64	0.77
20170605	26.83	11.66	1.0
20170606	3.18	12.1	0.98
20170607	1.9	14.45	0.83
20170608	5.32	13.59	0.85
20170609	0.03	15.15	0.81
20170610	5.13	15.82	0.82
20170611	0.09	15.23	0.78
20170612	0.0	13.07	0.76
20170613	0.0	15.1	0.76
20170614	0.0	17.4	0.74
20170615	0.0	14.6	0.73
20170616	0.0	16.6	0.73
20170617	0.0	19.65	0.72
20170618	0.0	21.66	0.7
20170619	0.0	23.02	0.71
20170620	0.0	21.91	0.69
20170621	0.0	23.13	0.66
20170622	0.0	16.21	0.66
20170623	0.27	16.74	0.67
20170624	0.01	16.93	0.66
20170625	0.09	14.38	0.64
20170626	0.0	17.04	0.64
20170627	17.52	16.53	0.75
20170628	0.42	12.46	0.75
20170629	4.78	13.28	0.72
20170630	1.26	15.65	0.69
20170701	0.05	16.61	0.67
20170702	0.02	17.05	0.64
20170703	0.22	17.27	0.61
20170704	0.14	15.84	0.6
20170705	0.0	20.21	0.58
20170706	0.0	20.52	0.57
20170707	0.0	18.68	0.56
20170708	0.0	19.29	0.55
20170709	0.0	19.18	0.54
20170710	1.49	16.6	0.54
20170711	15.84	14.87	0.66
20170712	0.05	16.87	0.55
20170713	0.0	17.13	0.53
20170714	1.78	16.14	0.51
20170715	0.99	17.78	0.54
20170716	0.36	16.17	0.51
20170717	0.0	19.35	0.5
20170718	4.49	20.92	0.51
20170719	13.44	16.59	0.57
20170720	0.32	15.8	0.57
20170721	17.25	13.85	0.73
20170722	2.07	13.26	0.59
20170723	5.47	15.94	0.61
20170724	0.0	15.98	0.53
20170725	5.72	18.44	0.52
20170726	1.63	15.82	0.54
20170727	2.26	15.51	0.51
20170728	1.98	15.36	0.52
20170729	9.26	15.14	0.6
20170730	5.66	14.91	0.58
20170731	0.15	15.0	0.55
20170801	0.81	16.41	0.53
20170802	7.89	16.02	0.54
20170803	1.08	15.67	0.54
20170804	1.52	15.75	0.51
20170805	3.59	13.23	0.53
20170806	1.84	16.04	0.51
20170807	6.0	15.39	0.52
20170808	8.25	13.71	0.55
20170809	4.21	12.83	0.63
20170810	0.02	13.61	0.52
20170811	0.35	16.03	0.51
20170812	0.05	13.44	0.49
20170813	1.61	14.14	0.48
20170814	1.38	15.44	0.49
20170815	0.0	14.95	0.47
20170816	3.46	17.23	0.47
20170817	4.19	16.81	0.48
20170818	4.71	13.92	0.5
20170819	0.01	13.2	0.47
20170820	10.32	16.26	0.51
20170821	0.25	17.83	0.48
20170822	0.27	18.49	0.47
20170823	0.21	15.99	0.43
20170824	0.0	13.89	0.44
20170825	0.01	17.12	0.43
20170826	0.0	17.06	0.43
20170827	0.0	18.02	0.42
20170828	0.0	18.84	0.42
20170829	2.35	15.53	0.43
20170830	1.45	11.66	0.42
20170831	0.46	13.16	0.42
20170901	0.0	13.34	0.42
20170902	0.68	14.74	0.41
20170903	7.33	14.61	0.45
20170904	1.84	18.13	0.42
20170905	2.17	14.61	0.43
20170906	0.3	13.48	0.4
20170907	2.67	15.69	0.41
20170908	5.03	13.09	0.44
20170909	9.74	11.7	0.51
20170910	2.45	12.64	0.43
20170911	2.85	12.79	0.38
20170912	4.55	13.12	0.4
20170913	1.17	11.45	0.4
20170914	4.69	10.76	0.44
20170915	2.57	10.62	0.41
20170916	0.15	10.71	0.41
20170917	0.22	11.33	0.39
20170918	0.95	11.06	0.38
20170919	0.01	12.36	0.37
20170920	3.63	15.47	0.38
20170921	2.88	9.54	0.41
20170922	0.64	14.18	0.39
20170923	0.0	14.15	0.38
20170924	6.96	16.54	0.39
20170925	0.88	13.8	0.4
20170926	0.02	15.4	0.37
20170927	5.01	14.95	0.39
20170928	5.86	15.09	0.4
20170929	0.07	12.47	0.43
20170930	7.54	13.92	0.44
20171001	0.84	14.19	0.44
20171002	0.03	10.86	0.39
20171003	0.0	10.72	0.39
20171004	0.7	12.63	0.38
20171005	0.0	10.21	0.37
20171006	0.99	11.92	0.38
20171007	0.05	12.14	0.39
20171008	0.09	13.88	0.38
20171009	0.14	13.21	0.38
20171010	2.4	14.71	0.37
20171011	2.16	11.93	0.39
20171012	0.03	13.21	0.38
20171013	0.15	16.74	0.38
20171014	0.1	14.93	0.38
20171015	0.31	15.28	0.37
20171016	0.01	13.55	0.36
20171017	1.53	11.57	0.37
20171018	2.12	10.53	0.37
20171019	19.32	12.67	0.58
20171020	4.03	12.13	0.49
20171021	4.36	10.4	0.5
20171022	0.63	10.59	0.46
20171023	0.22	14.0	0.41
20171024	3.51	13.95	0.44
20171025	0.46	11.02	0.44
20171026	1.6	10.12	0.43
20171027	0.08	8.22	0.43
20171028	0.53	11.87	0.42
20171029	0.01	6.88	0.43
20171030	0.18	7.2	0.43
20171031	0.02	9.25	0.44
20171101	0.06	7.61	0.45
20171102	0.03	8.31	0.44
20171103	9.59	9.42	0.47
20171104	0.52	6.48	0.56
20171105	0.14	4.41	0.48
20171106	2.12	7.12	0.46
20171107	12.68	5.8	0.65
20171108	0.02	5.26	0.57
20171109	0.1	8.84	0.54
20171110	6.13	8.6	0.54
20171111	4.42	7.5	0.59
20171112	0.17	2.85	0.57
20171113	0.36	5.26	0.56
20171114	0.3	9.52	0.55
20171115	0.23	10.49	0.56
20171116	0.67	5.27	0.56
20171117	0.15	3.96	0.56
20171118	11.33	5.42	0.69
20171119	0.92	6.22	0.64
20171120	0.36	10.89	0.61
20171121	2.69	11.89	0.63
20171122	11.29	9.44	0.76
20171123	0.92	5.29	0.76
20171124	0.02	3.33	0.74
20171125	0.2	3.2	0.75
20171126	3.43	5.87	0.78
20171127	0.39	5.27	0.79
20171128	0.16	2.95	0.77
20171129	0.09	1.5	0.76
20171130	0.01	1.29	0.76
20171201	0.56	2.83	0.76
20171202	1.26	5.22	0.77
20171203	0.29	5.46	0.76
20171204	0.01	6.98	0.73
20171205	0.12	7.12	0.72
20171206	4.02	10.02	0.72
20171207	1.39	5.93	0.75
20171208	0.17	-0.09	0.72
20171209	13.0	0.66	0.74
20171210	6.3	0.49	0.93
20171211	0.08	-2.7	0.83
20171212	4.83	0.17	0.78
20171213	7.67	4.08	1.08
20171214	3.02	3.1	0.99
20171215	0.04	1.69	1.01
20171216	0.06	2.34	1.01
20171217	2.34	4.78	1.02
20171218	0.13	2.83	1.0
20171219	0.14	4.36	0.99
20171220	1.11	9.7	0.98
20171221	7.79	9.56	1.03
20171222	0.16	8.65	1.08
20171223	0.2	7.89	1.01
20171224	0.46	8.6	1.0
20171225	17.78	6.09	1.59
20171226	35.99	2.83	2.47
20171227	0.54	0.69	2.52
20171228	8.2	1.51	2.18
20171229	2.59	7.4	2.77
20171230	7.84	9.81	2.77
20171231	3.74	6.16	3.07
20180101	1.68	4.41	2.85
20180102	9.21	7.94	2.92
20180103	4.25	7.87	2.65
20180104	0.75	7.0	2.56
20180105	0.03	2.46	2.41
20180106	1.03	2.14	2.26
20180107	0.01	1.68	2.12
20180108	0.26	1.69	2.03
20180109	4.29	4.55	1.97
20180110	0.19	3.61	1.9
20180111	0.04	3.83	1.8
20180112	0.0	4.53	1.74
20180113	0.0	4.2	1.68
20180114	3.45	5.53	1.63
20180115	3.92	6.38	1.7
20180116	0.32	3.27	1.59
20180117	3.19	6.6	1.56
20180118	0.05	3.4	1.5
20180119	2.51	3.51	1.44
20180120	6.07	2.37	1.48
20180121	13.26	5.28	2.09
20180122	0.88	8.06	1.81
20180123	2.79	10.34	1.83
20180124	8.71	7.43	2.17
20180125	1.62	5.17	2.0
20180126	1.73	4.25	1.98
20180127	2.32	7.62	2.01
20180128	0.24	10.12	1.95
20180129	0.24	4.1	1.9
20180130	1.63	3.78	1.82
20180131	0.14	4.08	1.78
20180201	0.0	3.75	1.74
20180202	2.52	4.22	1.7
20180203	3.87	3.11	1.78
20180204	0.0	2.25	1.71
20180205	0.0	1.07	1.66
20180206	0.14	-0.22	1.6
20180207	0.34	1.11	1.57
20180208	8.71	4.16	1.62
20180209	0.97	1.5	1.55
20180210	3.88	5.43	1.55
20180211	0.12	1.48	1.47
20180212	2.01	2.96	1.41
20180213	2.42	0.72	1.44
20180214	7.17	4.78	1.51
20180215	0.25	3.45	1.45
20180216	0.06	4.64	1.4
20180217	0.01	5.53	1.39
20180218	2.58	6.74	1.41
20180219	0.22	8.46	1.42
20180220	0.16	6.2	1.39
20180221	0.06	3.64	1.37
20180222	0.01	-0.3	1.34
20180223	0.01	0.65	1.32
20180224	0.0	1.3	1.28
20180225	0.0	0.05	1.24
20180226	0.01	-1.49	1.23
20180227	0.16	-2.46	1.2
20180228	0.39	-4.08	1.17
20180301	6.46	-4.23	1.19
20180302	2.09	-1.53	1.17
20180303	1.37	1.9	1.2
20180304	2.34	4.9	1.44
20180305	5.94	6.01	1.38
20180306	0.01	3.89	1.3
20180307	3.64	5.51	1.26
20180308	0.1	4.56	1.24
20180309	24.46	7.08	1.95
20180310	1.02	7.81	2.37
20180311	12.15	9.6	2.24
20180312	4.05	5.25	2.68
20180313	0.03	6.23	2.44
20180314	11.12	8.5	2.65
20180315	6.09	8.68	2.81
20180316	2.61	5.94	2.64
20180317	3.45	-1.41	2.47
20180318	0.87	-1.63	2.42
20180319	0.01	1.15	2.33
20180320	0.01	2.4	2.21
20180321	0.0	5.63	2.15
20180322	2.71	6.88	2.1
20180323	5.57	7.39	2.09
20180324	0.01	6.25	2.03
20180325	0.0	5.41	1.92
20180326	6.0	8.17	1.89
20180327	2.8	8.45	1.88
20180328	2.22	4.51	1.89
20180329	9.31	3.29	2.01
20180330	23.35	4.66	2.76
20180331	0.42	3.34	2.73
20180401	19.6	4.18	3.21
20180402	1.61	9.58	3.88
20180403	1.8	9.72	3.7
20180404	3.99	6.34	3.67
20180405	0.0	6.7	3.31
20180406	1.45	9.83	3.05
20180407	0.2	10.29	2.89
20180408	0.38	8.3	2.71
20180409	8.06	8.73	2.68
20180410	1.89	8.69	2.58
20180411	0.49	6.68	2.45
20180412	0.63	6.32	2.35
20180413	0.02	8.89	2.26
20180414	0.01	11.91	2.14
20180415	3.29	8.93	2.09
20180416	0.0	11.25	2.02
20180417	3.46	13.27	1.99
20180418	0.0	15.44	1.94
20180419	0.0	16.04	1.87
20180420	0.0	14.29	1.84
20180421	5.36	16.73	1.83
20180422	0.0	11.84	1.77
20180423	0.46	11.14	1.74
20180424	5.59	9.39	1.77
20180425	2.8	8.64	1.66
20180426	6.36	9.12	1.63
20180427	4.95	7.05	1.75
20180428	0.06	6.63	1.63
20180429	0.0	5.71	1.55
20180430	0.0	5.28	1.48
20180501	10.76	10.31	1.48
20180502	1.0	8.2	1.66
20180503	0.01	11.98	1.45
20180504	0.0	11.09	1.4
20180505	0.0	14.29	1.35
20180506	0.0	15.9	1.31
20180507	0.0	17.75	1.3
20180508	0.0	11.66	1.27
20180509	0.22	10.6	1.27
20180510	0.0	9.43	1.22
20180511	0.92	8.82	1.23
20180512	0.01	8.74	1.21
20180513	0.0	11.07	1.17
20180514	0.0	13.54	1.13
20180515	0.0	16.18	1.11
20180516	0.0	9.28	1.1
20180517	0.0	9.76	1.08
20180518	0.03	11.01	1.07
20180519	0.0	13.1	1.05
20180520	0.0	14.07	1.03
20180521	3.72	16.22	1.04
20180522	0.0	15.07	1.01
20180523	6.95	14.64	1.04
20180524	9.63	13.19	1.07
20180525	2.2	13.07	1.15
20180526	1.88	17.64	1.02
20180527	3.56	18.09	1.05
20180528	0.0	17.26	0.99
20180529	13.61	15.79	1.06
20180530	4.3	15.93	1.23
20180531	21.67	18.43	1.32
20180601	0.27	18.02	1.1
20180602	0.0	16.38	1.01
20180603	0.0	19.02	1.0
20180604	0.05	15.28	1.0
20180605	0.0	11.98	1.0
20180606	0.0	15.36	0.99
20180607	1.27	15.1	0.99
20180608	0.0	15.07	0.99
20180609	0.0	15.66	0.98
20180610	0.0	16.12	0.97
20180611	0.0	17.08	0.96
20180612	0.0	13.46	0.96
20180613	0.34	16.85	0.96
20180614	0.0	13.74	0.95
20180615	0.02	14.61	0.95
20180616	1.23	14.89	0.95
20180617	0.53	14.67	0.96
20180618	0.05	17.2	0.95
20180619	0.0	18.02	0.94
20180620	0.0	14.32	0.94
20180621	0.0	11.67	0.93
20180622	0.0	13.55	0.92
20180623	0.0	15.69	0.92
20180624	0.0	16.46	0.91
20180625	0.0	19.8	0.89
20180626	0.0	19.84	0.9
20180627	0.0	18.47	0.89
20180628	0.0	18.82	0.88
20180629	0.0	18.8	0.88
20180630	0.0	19.85	0.88
20180701	0.01	21.8	0.86
20180702	0.0	19.75	0.85
20180703	0.0	19.31	0.81
20180704	0.13	19.76	0.81
20180705	0.0	21.16	0.8
20180706	0.0	20.64	0.79
20180707	0.0	21.38	0.78
20180708	0.0	22.3	0.77
20180709	0.0	21.09	0.76
20180710	0.0	17.1	0.74
20180711	0.01	19.01	0.72
20180712	0.01	19.34	0.72
20180713	1.98	18.16	0.72
20180714	0.0	18.35	0.7
20180715	0.0	19.6	0.7
20180716	0.02	18.11	0.67
20180717	0.0	17.03	0.68
20180718	0.0	16.99	0.67
20180719	0.0	19.43	0.66
20180720	1.22	19.64	0.65
20180721	0.0	20.03	0.65
20180722	0.0	21.91	0.61
20180723	0.0	21.07	0.61
20180724	0.0	19.58	0.6
20180725	0.0	19.15	0.58
20180726	0.0	22.01	0.58
20180727	2.83	20.23	0.59
20180728	15.0	16.24	0.6
20180729	8.69	17.04	0.69
20180730	6.87	17.13	0.63
20180731	0.0	16.62	0.61
20180801	0.0	17.86	0.58
20180802	0.0	20.1	0.58
20180803	0.0	21.06	0.58
20180804	0.0	19.21	0.58
20180805	0.0	20.44	0.57
20180806	0.0	19.88	0.54
20180807	0.0	17.48	0.54
20180808	0.05	16.43	0.55
20180809	6.94	15.0	0.53
20180810	2.85	12.61	0.59
20180811	10.66	17.02	0.58
20180812	1.57	16.35	0.58
20180813	0.7	17.67	0.52
20180814	0.1	18.67	0.51
20180815	10.72	18.16	0.55
20180816	0.01	14.59	0.58
20180817	0.03	17.45	0.51
20180818	0.31	18.07	0.5
20180819	0.19	19.13	0.51
20180820	0.28	19.12	0.46
20180821	0.01	18.23	0.48
20180822	5.89	17.72	0.49
20180823	0.78	14.05	0.48
20180824	2.58	11.55	0.47
20180825	2.67	13.64	0.47
20180826	13.1	14.36	0.62
20180827	0.02	14.3	0.47
20180828	2.73	14.72	0.46
20180829	0.0	12.9	0.44
20180830	0.02	13.41	0.44
20180831	0.0	15.24	0.45
20180901	0.0	18.48	0.43
20180902	0.0	18.22	0.41
20180903	2.29	17.85	0.39
20180904	0.53	13.81	0.43
20180905	0.0	12.6	0.4
20180906	1.95	11.57	0.41
20180907	0.65	12.27	0.38
20180908	0.51	15.63	0.39
20180909	0.03	15.25	0.39
20180910	0.01	17.07	0.38
20180911	2.51	14.91	0.39
20180912	0.0	9.6	0.38
20180913	0.12	13.91	0.39
20180914	0.04	12.91	0.39
20180915	0.0	15.5	0.38
20180916	0.73	17.55	0.37
20180917	0.7	17.97	0.37
20180918	0.82	16.97	0.37
20180919	11.13	16.72	0.38
20180920	12.27	12.89	0.56
20180921	0.64	11.8	0.41
20180922	15.21	9.05	0.47
20180923	1.59	7.76	0.49
20180924	0.01	8.3	0.4
20180925	0.0	10.8	0.39
20180926	0.0	13.75	0.38
20180927	0.01	15.27	0.37
20180928	0.0	8.34	0.38
20180929	0.0	9.89	0.37
20180930	0.0	9.04	0.37
20181001	0.0	11.56	0.36
20181002	0.0	14.16	0.36
20181003	0.0	14.45	0.36
20181004	0.0	15.38	0.37
20181005	5.31	12.42	0.37
20181006	4.47	4.5	0.43
20181007	0.0	9.47	0.37
20181008	0.0	11.57	0.36
20181009	0.01	13.59	0.35
20181010	0.01	17.75	0.34
20181011	7.63	14.21	0.37
20181012	9.47	16.09	0.47
20181013	14.06	15.68	0.4
20181014	11.22	9.08	0.61
20181015	2.85	10.47	0.48
20181016	0.02	12.8	0.42
20181017	0.04	10.92	0.39
20181018	0.0	8.48	0.38
20181019	0.01	10.3	0.38
20181020	0.06	11.72	0.37
20181021	0.0	10.59	0.35
20181022	0.0	8.12	0.35
20181023	0.01	11.17	0.35
20181024	0.06	9.31	0.35
20181025	0.47	8.27	0.36
20181026	0.66	4.58	0.36
20181027	3.88	3.29	0.39
20181028	0.08	3.81	0.36
20181029	0.15	3.38	0.37
20181030	0.01	2.58	0.37
20181031	1.77	7.05	0.36
20181101	0.14	4.39	0.37
20181102	0.06	6.79	0.36
20181103	2.86	10.88	0.36
20181104	2.21	9.35	0.38
20181105	0.04	11.26	0.36
20181106	6.97	12.53	0.4
20181107	15.1	7.95	0.62
20181108	0.57	10.23	0.47
20181109	15.75	8.8	0.52
20181110	8.03	8.46	0.57
20181111	0.17	9.1	0.49
20181112	3.26	9.58	0.46
20181113	0.01	10.17	0.44
20181114	0.0	10.65	0.43
20181115	0.12	11.74	0.43
20181116	0.24	9.82	0.43
20181117	0.02	6.75	0.42
20181118	0.0	7.02	0.42
20181119	0.17	5.71	0.42
20181120	1.99	3.21	0.42
20181121	1.9	1.79	0.43
20181122	0.09	2.12	0.42
20181123	0.07	5.66	0.43
20181124	0.22	6.12	0.44
20181125	0.01	4.63	0.42
20181126	0.06	2.69	0.41
20181127	14.88	6.91	0.53
20181128	10.12	11.45	0.55
20181129	5.41	9.18	0.72
20181130	6.03	7.84	0.6
20181201	2.79	10.81	0.66
20181202	9.82	11.01	0.64
20181203	2.44	5.55	0.73
20181204	8.33	4.63	0.73
20181205	6.82	9.79	0.9
20181206	12.14	10.46	0.86
20181207	0.75	7.33	1.05
20181208	2.57	9.24	0.98
20181209	0.25	7.08	0.97
20181210	0.0	5.08	0.96
20181211	0.0	5.82	0.94
20181212	0.0	4.11	0.93
20181213	0.0	0.3	0.92
20181214	0.11	0.02	0.91
20181215	15.21	4.48	1.12
20181216	4.27	3.85	1.07
20181217	0.2	6.31	0.99
20181218	16.5	6.17	1.47
20181219	3.82	6.45	1.39
20181220	6.98	8.74	1.41
20181221	1.33	8.76	1.45
20181222	3.37	8.1	1.44
20181223	3.95	7.61	1.56
20181224	0.05	4.44	1.5
20181225	0.36	7.12	1.45
20181226	0.05	6.86	1.42
20181227	0.0	6.44	1.39
20181228	0.04	7.5	1.36
20181229	0.1	9.02	1.33
20181230	0.0	8.48	1.3
20181231	0.0	6.43	1.27
20190101	0.0	3.82	1.24
20190102	0.0	1.77	1.2
20190103	0.0	-0.97	1.19
20190104	0.01	-0.88	1.16
20190105	0.0	3.46	1.14
20190106	0.0	7.16	1.11
20190107	0.0	6.79	1.1
20190108	0.0	3.78	1.08
20190109	0.01	1.3	1.05
20190110	0.16	3.18	1.04
20190111	0.41	6.81	1.02
20190112	0.01	8.64	1.01
20190113	0.0	7.81	1.0
20190114	0.01	4.67	0.98
20190115	0.35	7.76	0.98
20190116	5.73	4.83	1.01
20190117	0.05	1.0	0.97
20190118	5.69	2.58	0.97
20190119	2.02	3.21	0.99
20190120	0.05	1.81	0.95
20190121	3.34	2.45	0.95
20190122	1.77	0.71	0.94
20190123	0.24	0.68	0.9
20190124	0.29	4.85	0.89
20190125	0.08	7.96	0.89
20190126	6.21	5.71	0.91
20190127	0.01	2.52	0.89
20190128	0.46	2.16	0.87
20190129	4.79	0.35	0.9
20190130	0.04	-0.96	0.88
20190131	4.41	-0.84	0.88
20190201	2.91	-0.6	0.88
20190202	0.01	-1.88	0.86
20190203	4.49	1.36	0.88
20190204	0.25	4.92	0.93
20190205	5.72	6.26	0.95
20190206	4.06	6.87	0.98
20190207	4.6	7.4	0.98
20190208	11.95	7.47	1.47
20190209	6.84	5.97	1.31
20190210	2.1	4.06	1.49
20190211	0.02	4.26	1.38
20190212	0.06	5.83	1.36
20190213	0.07	5.94	1.32
20190214	0.15	5.21	1.3
20190215	0.13	8.33	1.27
20190216	0.0	8.61	1.25
20190217	0.02	9.22	1.22
20190218	0.35	6.19	1.19
20190219	0.01	7.71	1.16
20190220	0.0	9.37	1.13
20190221	0.15	8.96	1.1
20190222	0.09	7.19	1.09
20190223	0.06	8.13	1.07
20190224	0.02	7.13	1.03
20190225	0.01	9.28	1.03
20190226	0.0	9.27	1.02
20190227	0.13	10.44	1.02
20190228	3.18	7.93	1.02
20190301	1.83	8.42	1.0
20190302	3.58	9.37	1.0
20190303	4.1	6.94	1.06
20190304	1.03	5.37	1.0
20190305	18.41	8.49	1.27
20190306	3.53	8.12	1.44
20190307	0.54	5.07	1.14
20190308	2.04	7.05	1.09
20190309	5.94	7.47	1.12
20190310	1.76	4.99	1.11
20190311	2.07	7.85	1.09
20190312	8.72	5.95	1.34
20190313	2.38	8.02	1.19
20190314	1.02	10.52	1.23
20190315	3.25	10.27	1.21
20190316	4.63	6.61	1.28
20190317	0.91	5.71	1.24
20190318	0.46	6.92	1.2
20190319	0.24	9.71	1.2
20190320	0.0	9.63	1.17
20190321	0.0	10.21	1.17
20190322	0.0	8.62	1.14
20190323	0.0	6.29	1.12
20190324	0.0	7.93	1.11
20190325	0.0	5.57	1.09
20190326	0.0	7.43	1.08
20190327	0.0	7.28	1.07
20190328	0.0	7.85	1.04
20190329	0.0	7.69	1.03
20190330	0.0	10.01	1.02
20190331	0.0	6.58	1.02
20190401	2.73	8.16	1.01
20190402	4.51	3.67	1.06
20190403	9.13	4.14	1.06
20190404	17.36	5.18	2.08
20190405	0.12	7.26	1.4
20190406	0.0	8.28	1.22
20190407	2.38	9.37	1.21
20190408	4.58	8.48	1.21
20190409	0.67	6.35	1.17
20190410	0.0	4.94	1.14
20190411	0.0	5.45	1.1
20190412	0.0	5.04	1.11
20190413	0.0	4.3	1.09
20190414	0.0	5.7	1.07
20190415	0.01	9.48	1.05
20190416	0.25	7.89	1.05
20190417	0.0	11.42	1.04
20190418	0.0	13.0	1.02
20190419	0.0	13.44	1.01
20190420	0.0	13.51	1.0
20190421	0.0	14.36	0.99
20190422	0.0	16.22	0.99
20190423	0.02	14.35	0.98
20190424	5.27	10.72	1.0
20190425	1.95	8.61	0.99
20190426	4.96	9.52	0.98
20190427	0.03	8.65	0.96
20190428	0.0	9.99	0.95
20190429	0.0	8.67	0.93
20190430	0.0	11.72	0.93
20190501	0.5	9.4	0.92
20190502	10.07	8.96	1.02
20190503	2.95	8.01	0.95
20190504	0.0	5.67	0.93
20190505	0.0	6.5	0.91
20190506	0.0	7.52	0.9
20190507	11.85	10.51	0.94
20190508	2.78	10.39	1.01
20190509	2.99	7.17	0.94
20190510	1.03	10.2	0.91
20190511	0.0	8.8	0.9
20190512	0.0	9.98	0.88
20190513	0.0	10.86	0.86
20190514	0.0	11.9	0.86
20190515	0.0	12.03	0.85
20190516	0.01	11.84	0.85
20190517	0.04	11.71	0.86
20190518	0.25	11.17	0.86
20190519	0.22	12.55	0.84
20190520	0.09	12.36	0.82
20190521	0.0	12.37	0.81
20190522	0.0	12.94	0.79
20190523	0.0	13.96	0.79
20190524	0.31	14.79	0.8
20190525	0.0	17.14	0.8
20190526	0.52	12.93	0.8
20190527	5.15	12.32	0.81
20190528	0.46	10.8	0.78
20190529	1.52	12.95	0.79
20190530	0.66	17.19	0.77
20190531	0.04	14.59	0.77
20190601	0.01	18.72	0.75
20190602	3.9	14.12	0.78
20190603	0.79	13.36	0.74
20190604	2.28	13.0	0.75
20190605	0.01	10.96	0.73
20190606	3.42	12.32	0.74
20190607	15.16	13.04	0.88
20190608	0.57	11.01	0.79
20190609	0.31	11.03	0.75
20190610	24.57	11.27	0.93
20190611	5.27	9.12	0.9
20190612	17.63	11.36	0.97
20190613	10.11	11.95	1.2
20190614	6.55	12.37	1.17
20190615	3.74	11.75	0.98
20190616	3.22	15.04	0.94
20190617	0.01	13.76	0.9
20190618	5.45	14.38	0.92
20190619	0.33	12.86	0.9
20190620	0.01	12.16	0.88
20190621	0.0	12.68	0.84
20190622	0.0	16.18	0.84
20190623	0.03	17.36	0.84
20190624	22.01	19.75	0.92
20190625	0.48	16.16	1.18
20190626	0.0	14.47	0.91
20190627	0.0	16.66	0.86
20190628	0.01	19.41	0.85
20190629	0.0	21.54	0.85
20190630	0.0	16.08	0.84
20190701	0.0	13.87	0.83
20190702	0.0	13.66	0.83
20190703	0.0	14.76	0.83
20190704	0.0	18.29	0.82
20190705	0.0	17.46	0.82
20190706	0.4	15.99	0.83
20190707	0.0	15.69	0.81
20190708	0.0	18.17	0.8
20190709	0.0	18.54	0.79
20190710	0.47	19.0	0.79
20190711	0.0	18.2	0.78
20190712	0.0	17.38	0.78
20190713	0.0	16.49	0.77
20190714	0.0	14.99	0.76
20190715	0.0	16.23	0.75
20190716	0.0	18.2	0.74
20190717	0.57	18.63	0.75
20190718	6.39	16.32	0.73
20190719	20.2	16.41	1.14
20190720	0.02	15.5	0.82
20190721	0.0	18.66	0.78
20190722	0.0	18.93	0.76
20190723	11.96	23.85	0.79
20190724	0.1	21.22	0.76
20190725	0.52	24.26	0.73
20190726	0.24	19.42	0.73
20190727	0.59	16.39	0.73
20190728	0.0	15.75	0.7
20190729	3.02	18.93	0.68
20190730	17.73	16.73	0.88
20190731	0.0	16.11	0.73
20190801	0.01	18.65	0.71
20190802	0.02	18.66	0.69
20190803	0.01	17.8	0.7
20190804	1.43	19.24	0.69
20190805	0.48	17.62	0.66
20190806	3.54	17.12	0.68
20190807	1.71	15.85	0.68
20190808	22.22	19.52	0.87
20190809	9.64	17.79	0.9
20190810	3.39	15.97	0.78
20190811	10.69	15.14	0.79
20190812	0.7	13.46	0.71
20190813	12.13	15.87	0.69
20190814	4.76	15.29	0.94
20190815	0.38	15.55	0.75
20190816	11.83	14.5	0.87
20190817	2.21	15.61	0.79
20190818	0.21	15.28	0.76
20190819	1.04	13.65	0.73
20190820	0.18	14.17	0.72
20190821	0.0	15.67	0.71
20190822	0.0	16.94	0.72
20190823	0.0	16.91	0.69
20190824	0.0	21.14	0.68
20190825	0.0	20.57	0.68
20190826	0.0	19.84	0.68
20190827	1.44	19.23	0.69
20190828	8.57	13.61	0.77
20190829	0.04	16.05	0.71
20190830	0.01	17.02	0.7
20190831	0.91	14.02	0.69
20190901	0.42	12.49	0.69
20190902	0.03	15.82	0.68
20190903	4.05	16.5	0.7
20190904	0.21	13.35	0.7
20190905	0.15	12.69	0.68
20190906	3.54	12.72	0.7
20190907	0.01	10.04	0.69
20190908	0.61	13.7	0.69
20190909	1.91	11.95	0.7
20190910	0.55	15.24	0.66
20190911	0.52	15.97	0.66
20190912	0.31	14.77	0.65
20190913	0.0	12.14	0.64
20190914	0.0	14.92	0.64
20190915	0.02	17.56	0.64
20190916	0.48	11.88	0.69
20190917	0.0	10.97	0.62
20190918	0.0	12.56	0.61
20190919	0.0	14.38	0.61
20190920	0.0	14.97	0.61
20190921	5.77	19.72	0.63
20190922	4.0	14.63	0.67
20190923	27.39	16.2	0.78
20190924	6.63	16.0	0.98
20190925	2.82	16.17	0.73
20190926	2.74	14.98	0.67
20190927	8.27	13.65	0.72
20190928	26.21	14.78	1.05
20190929	0.65	13.15	0.91
20190930	12.91	13.96	0.99
20191001	2.59	11.05	0.94
20191002	0.0	7.7	0.9
20191003	8.12	10.15	1.01
20191004	1.79	11.46	0.99
20191005	10.07	12.69	1.09
20191006	1.97	11.58	1.06
20191007	1.07	11.77	1.05
20191008	5.66	11.71	1.11
20191009	0.78	10.17	1.12
20191010	18.63	12.98	1.42
20191011	7.6	12.29	1.75
20191012	12.23	11.54	1.75
20191013	0.72	10.6	2.1
20191014	7.25	10.4	2.14
20191015	3.44	11.79	2.16
20191016	0.15	8.96	2.11
20191017	5.09	10.45	2.11
20191018	6.38	9.66	2.37
20191019	0.28	8.44	2.12
20191020	3.49	9.27	2.02
20191021	0.13	7.72	2.0
20191022	0.06	8.73	1.92
20191023	5.03	8.83	1.96
20191024	2.41	10.6	1.92
20191025	18.51	12.4	2.14
20191026	17.16	6.86	3.76
20191027	0.16	5.59	2.81
20191028	0.0	5.65	2.92
20191029	0.0	6.47	2.8
20191030	0.83	7.9	2.62
20191031	5.96	9.47	2.51
20191101	8.79	11.09	2.5
20191102	10.33	9.02	2.83
20191103	2.36	8.19	2.63
20191104	3.0	8.39	2.51
20191105	1.3	6.14	2.51
20191106	4.28	5.87	2.51
20191107	1.3	4.62	2.48
20191108	0.02	2.5	2.41
20191109	16.02	3.05	2.85
20191110	3.24	5.24	2.7
20191111	0.13	5.87	2.6
20191112	0.67	4.75	2.56
20191113	16.53	4.34	2.9
20191114	14.56	3.55	4.51
20191115	3.5	5.38	3.62
20191116	0.14	5.33	3.76
20191117	1.63	4.98	3.62
20191118	0.07	2.91	3.38
20191119	0.01	3.93	3.15
20191120	0.0	4.5	2.99
20191121	4.4	4.48	2.94
20191122	6.97	6.64	2.96
20191123	1.7	8.4	2.78
20191124	3.4	8.42	2.65
20191125	7.94	9.79	2.85
20191126	4.41	10.13	2.84
20191127	3.42	7.44	2.81
20191128	3.97	5.07	2.87
20191129	0.2	3.04	2.86
20191130	0.18	2.56	2.81
20191201	0.0	1.33	2.74
20191202	0.15	2.26	2.64
20191203	0.0	3.52	2.58
20191204	0.15	2.51	2.49
20191205	4.49	5.94	2.46
20191206	1.78	8.59	2.48
20191207	3.5	8.7	2.38
20191208	6.56	6.52	2.41
20191209	0.41	3.84	2.31
20191210	4.14	6.5	2.33
20191211	3.32	2.94	2.28
20191212	15.09	6.38	2.97
20191213	6.21	4.97	2.82
20191214	9.83	4.65	3.27
20191215	3.99	5.16	3.69
20191216	0.6	4.81	3.51
20191217	0.5	2.22	3.49
20191218	12.37	6.41	3.65
20191219	7.55	8.72	3.98
20191220	6.73	5.68	4.05
20191221	6.52	7.14	4.06
20191222	0.27	6.94	4.11
20191223	4.01	7.2	3.92
20191224	3.32	5.39	4.06
20191225	0.71	4.64	3.72
20191226	0.82	5.33	3.58
20191227	0.46	6.42	3.42
20191228	0.07	7.54	3.26
20191229	0.01	5.85	3.12
20191230	0.0	5.41	2.96
20191231	0.06	6.02	2.83
20200101	0.12	6.25	2.72
20200102	8.11	7.51	2.71
20200103	0.04	4.84	2.63
20200104	0.65	6.31	2.51
20200105	0.14	6.46	2.42
20200106	2.26	6.18	2.31
20200107	1.04	9.91	2.28
20200108	7.28	9.02	2.33
20200109	22.38	6.08	4.44
20200110	0.07	5.72	3.06
20200111	4.1	8.93	2.94
20200112	1.03	6.2	2.91
20200113	6.5	7.08	2.9
20200114	19.82	8.94	3.95
20200115	2.7	6.04	3.68
20200116	9.9	8.08	4.25
20200117	1.57	2.71	4.08
20200118	0.11	2.28	3.89
20200119	0.07	2.2	3.68
20200120	0.14	1.78	3.45
20200121	0.43	2.78	3.27
20200122	0.46	6.31	3.12
20200123	0.53	4.91	2.97
20200124	0.06	5.31	2.84
20200125	0.15	5.76	2.73
20200126	8.0	5.96	2.79
20200127	4.47	3.61	2.69
20200128	0.57	3.43	2.58
20200129	0.25	6.59	2.45
20200130	0.1	9.22	2.38
20200131	1.26	9.24	2.32
20200201	5.95	7.82	2.29
20200202	1.01	9.0	2.29
20200203	0.48	5.97	2.19
20200204	0.0	5.6	2.09
20200205	0.0	3.52	2.05
20200206	0.16	3.76	2.02
20200207	1.48	5.58	1.99
20200208	7.08	8.14	2.03
20200209	14.72	7.85	2.54
20200210	6.56	4.6	2.42
20200211	0.47	3.61	2.24
20200212	13.32	5.4	2.47
20200213	1.02	5.32	2.81
20200214	9.81	7.48	2.69
20200215	27.97	9.84	4.63
20200216	10.43	5.67	5.72
20200217	1.77	6.3	5.75
20200218	5.54	5.18	5.74
20200219	0.9	6.45	5.02
20200220	4.01	5.64	4.68
20200221	2.0	8.07	4.26
20200222	3.75	9.19	4.01
20200223	3.61	8.18	3.81
20200224	5.16	6.73	3.9
20200225	2.02	3.74	3.61
20200226	4.99	3.95	3.5
20200227	2.78	3.3	3.47
20200228	23.7	7.07	4.46
20200229	4.56	4.08	4.67
20200301	3.98	4.65	4.67
20200302	0.13	4.65	4.59
20200303	0.06	5.11	4.29
20200304	5.61	4.66	4.21
20200305	0.16	1.36	3.87
20200306	0.13	5.33	3.61
20200307	5.15	8.77	3.47
20200308	1.21	7.19	3.33
20200309	7.26	8.52	3.21
20200310	0.09	9.15	3.08
20200311	4.55	7.13	2.95
20200312	0.7	6.18	2.9
20200313	4.0	8.23	2.8
20200314	4.3	8.87	2.75
20200315	8.51	4.18	3.03
20200316	0.0	7.23	2.78
20200317	0.43	10.28	2.69
20200318	6.86	7.64	2.76
20200319	1.71	4.68	2.75
20200320	0.0	5.59	2.66
20200321	0.0	5.37	2.6
20200322	0.0	5.2	2.53
20200323	0.0	6.09	2.46
20200324	0.0	7.19	2.41
20200325	0.0	6.12	2.34
20200326	0.0	6.73	2.28
20200327	0.0	7.11	2.24
20200328	0.0	5.4	2.18
20200329	0.0	3.79	2.12
20200330	0.53	5.4	2.09
20200331	0.01	4.45	2.04
20200401	0.0	6.5	2.01
20200402	0.0	7.81	1.96
20200403	0.0	6.79	1.91
20200404	0.0	9.74	1.87
20200405	1.85	13.88	1.84
20200406	0.09	7.57	1.79
20200407	0.0	12.34	1.75
20200408	0.0	14.12	1.73
20200409	0.0	15.16	1.67
20200410	0.0	15.45	1.63
20200411	0.0	15.2	1.6
20200412	0.02	13.7	1.57
20200413	0.0	4.83	1.52
20200414	0.0	6.04	1.49
20200415	0.0	9.81	1.48
20200416	0.0	13.33	1.43
20200417	14.52	8.3	1.49
20200418	2.46	7.94	1.51
20200419	0.01	9.72	1.36
20200420	0.0	11.15	1.29
20200421	0.0	11.54	1.28
20200422	0.0	12.33	1.26
20200423	0.0	13.18	1.22
20200424	0.0	12.56	1.17
20200425	0.0	10.51	1.12
20200426	0.0	13.23	1.14
20200427	10.65	10.76	1.16
20200428	6.31	7.47	1.25
20200429	4.07	8.85	1.15
20200430	5.2	8.7	1.19
20200501	3.27	8.49	1.12
20200502	0.09	10.9	1.06
20200503	0.11	10.98	1.04
20200504	0.0	11.09	1.01
20200505	0.0	9.07	1.0
20200506	0.0	10.93	0.98
20200507	0.06	15.02	0.97
20200508	0.0	15.97	0.95
20200509	0.0	16.0	0.95
20200510	0.76	7.69	0.95
20200511	0.0	4.71	0.93
20200512	0.0	8.14	0.92
20200513	0.0	5.89	0.92
20200514	0.0	7.62	0.91
20200515	0.0	10.61	0.91
20200516	0.0	10.39	0.9
20200517	0.0	13.19	0.88
20200518	0.0	14.61	0.86
20200519	0.0	14.27	0.84
20200520	0.0	16.96	0.84
20200521	0.67	18.25	0.82
20200522	0.7	12.88	0.82
20200523	1.17	13.06	0.82
20200524	0.0	12.4	0.81
20200525	0.0	14.99	0.79
20200526	0.0	16.98	0.78
20200527	0.0	17.28	0.78
20200528	0.0	15.28	0.76
20200529	0.0	15.64	0.75
20200530	0.0	17.1	0.74
20200531	0.04	16.89	0.72
20200601	0.0	16.43	0.7
20200602	1.24	18.85	0.72
20200603	1.87	11.19	0.73
20200604	0.07	11.87	0.73
20200605	0.31	10.94	0.7
20200606	3.98	9.86	0.76
20200607	0.97	12.42	0.72
20200608	0.0	12.49	0.69
20200609	0.5	14.38	0.68
20200610	0.23	12.68	0.68
20200611	1.85	14.38	0.7
20200612	5.64	15.12	0.72
20200613	1.15	16.13	0.69
20200614	1.39	15.51	0.71
20200615	1.83	17.81	0.7
20200616	12.11	16.15	1.03
20200617	21.58	17.37	0.82
20200618	26.35	13.44	1.37
20200619	1.34	13.63	0.84
20200620	8.74	16.01	0.81
20200621	0.01	13.19	0.78
20200622	0.0	15.5	0.7
20200623	0.0	18.41	0.68
20200624	0.0	22.72	0.65
20200625	0.0	23.45	0.62
20200626	4.61	19.47	0.63
20200627	9.51	14.73	0.79
20200628	0.2	14.58	0.67
20200629	0.18	13.95	0.64
20200630	0.63	15.59	0.63
20200701	1.48	15.06	0.61
20200702	1.47	14.86	0.64
20200703	3.02	15.78	0.62
20200704	1.01	16.22	0.62
20200705	0.0	14.09	0.6
20200706	0.0	14.33	0.58
20200707	9.09	14.93	0.61
20200708	5.44	16.36	0.65
20200709	2.33	14.71	0.64
20200710	0.0	12.03	0.6
20200711	0.0	12.98	0.58
20200712	0.0	16.6	0.57
20200713	3.43	17.0	0.57
20200714	0.0	15.22	0.56
20200715	0.0	15.79	0.54
20200716	0.0	17.73	0.51
20200717	0.0	17.78	0.51
20200718	10.45	16.13	0.56
20200719	0.0	13.5	0.56
20200720	0.0	13.41	0.53
20200721	0.0	14.77	0.51
20200722	0.0	16.56	0.51
20200723	0.05	17.13	0.51
20200724	1.52	19.25	0.52
20200725	7.46	16.14	0.54
20200726	5.19	16.81	0.52
20200727	2.93	15.36	0.55
20200728	0.0	13.32	0.5
20200729	0.0	16.1	0.49
20200730	0.03	19.28	0.49
20200731	0.0	22.25	0.46
20200801	0.02	15.54	0.48
20200802	0.0	14.73	0.46
20200803	0.0	13.72	0.46
20200804	0.0	17.74	0.46
20200805	0.57	19.01	0.46
20200806	0.52	18.23	0.45
20200807	0.12	22.65	0.45
20200808	0.0	22.28	0.44
20200809	0.0	21.11	0.44
20200810	0.0	23.15	0.44
20200811	0.0	25.4	0.42
20200812	10.64	25.87	0.46
20200813	10.36	20.02	0.49
20200814	5.2	18.21	0.49
20200815	3.86	17.46	0.52
20200816	4.52	18.61	0.69
20200817	3.75	18.71	0.5
20200818	9.88	19.12	0.47
20200819	15.71	15.9	0.79
20200820	0.84	18.34	0.52
20200821	9.99	16.99	0.54
20200822	0.45	16.3	0.53
20200823	0.09	16.08	0.47
20200824	23.33	17.55	0.63
20200825	3.12	16.71	0.74
20200826	0.0	15.21	0.52
20200827	25.61	13.02	0.97
20200828	4.26	12.34	0.78
20200829	0.37	11.45	0.63
20200830	0.0	11.35	0.6
20200831	0.01	12.0	0.56
20200901	0.0	13.14	0.55
20200902	3.66	15.81	0.57
20200903	0.43	13.91	0.56
20200904	0.0	12.29	0.54
20200905	0.0	13.12	0.52
20200906	0.01	13.51	0.53
20200907	0.33	15.92	0.53
20200908	0.0	17.41	0.52
20200909	0.0	13.3	0.51
20200910	0.0	12.18	0.51
20200911	0.19	13.94	0.52
20200912	0.0	15.73	0.51
20200913	0.0	14.96	0.5
20200914	0.0	18.87	0.51
20200915	0.0	19.39	0.49
20200916	0.0	17.96	0.48
20200917	0.0	14.19	0.49
20200918	0.0	15.41	0.48
20200919	0.0	17.04	0.48
20200920	0.0	15.9	0.49
20200921	0.0	16.76	0.48
20200922	1.1	17.02	0.47
20200923	5.86	10.9	0.47
20200924	1.28	8.8	0.49
20200925	0.0	8.73	0.47
20200926	0.0	9.16	0.46
20200927	0.0	8.31	0.46
20200928	3.73	13.36	0.47
20200929	0.1	12.18	0.47
20200930	11.32	10.57	0.55
20201001	9.66	11.28	0.51
20201002	23.45	10.97	0.67
20201003	50.97	9.96	1.67
20201004	2.48	9.56	1.82
20201005	2.04	11.9	0.95
20201006	0.49	11.22	0.91
20201007	9.53	12.83	0.9
20201008	0.34	9.31	0.91
20201009	0.77	8.03	0.84
20201010	0.38	9.53	0.82
20201011	0.15	9.62	0.81
20201012	4.56	7.94	0.83
20201013	0.11	9.31	0.81
20201014	0.09	9.07	0.79
20201015	0.05	8.81	0.8
20201016	0.01	9.38	0.81
20201017	0.03	8.02	0.81
20201018	0.0	7.92	0.8
20201019	2.08	11.7	0.8
20201020	8.53	14.52	0.82
20201021	6.98	11.58	0.91
20201022	2.53	10.12	0.89
20201023	0.22	8.66	0.85
20201024	8.99	9.62	0.93
20201025	1.59	8.65	0.91
20201026	2.28	9.62	0.87
20201027	7.52	9.75	0.93
20201028	11.42	8.5	1.27
20201029	2.39	11.95	1.07
20201030	3.92	13.73	1.1
20201031	11.0	11.22	1.44
20201101	4.75	13.22	1.36
20201102	11.56	7.9	1.63
20201103	0.16	4.49	1.71
20201104	0.29	5.7	1.54
20201105	0.1	5.88	1.55
20201106	0.08	7.07	1.54
20201107	0.18	9.01	1.51
20201108	0.51	10.95	1.46
20201109	4.93	12.55	1.43
20201110	0.16	10.93	1.38
20201111	9.18	9.4	1.44
20201112	1.03	9.68	1.44
20201113	1.83	9.74	1.38
20201114	11.63	10.49	1.69
20201115	1.46	8.14	1.62
20201116	1.67	10.13	1.51
20201117	0.27	12.0	1.49
20201118	1.53	9.94	1.48
20201119	0.25	5.04	1.46
20201120	3.77	7.9	1.5
20201121	3.25	6.98	1.53
20201122	0.16	4.87	1.49
20201123	0.04	5.91	1.45
20201124	3.87	9.58	1.44
20201125	0.73	4.07	1.48
20201126	0.13	2.66	1.43
20201127	2.93	1.99	1.42
20201128	0.05	6.99	1.43
20201129	0.23	5.72	1.35
20201130	0.25	5.49	1.31
20201201	0.0	4.21	1.29
20201202	5.1	4.47	1.32
20201203	4.89	3.52	1.42
20201204	22.03	3.6	1.81
20201205	0.1	3.62	2.22
20201206	1.45	1.87	1.84
20201207	0.01	0.03	1.86
20201208	0.18	2.63	1.85
20201209	1.5	3.88	1.82
20201210	4.78	6.83	1.85
20201211	0.62	7.24	1.82
20201212	2.56	4.22	1.73
20201213	11.84	8.63	2.09
20201214	0.16	6.9	1.97
20201215	1.93	7.24	1.91
20201216	6.71	5.84	2.22
20201217	6.24	7.73	2.17
20201218	11.25	10.04	2.46
20201219	2.99	6.95	2.64
20201220	8.65	5.85	2.59
20201221	15.13	9.56	3.74
20201222	4.59	7.82	3.61
20201223	36.24	5.74	7.52
20201224	0.06	1.13	6.47
20201225	0.17	2.59	6.08
20201226	22.92	6.06	6.55
20201227	3.61	2.58	6.11
20201228	2.1	0.02	5.6
20201229	1.73	1.07	5.14
20201230	0.14	0.21	4.56
20201231	0.18	-0.65	4.08
20210101	1.08	0.1	3.76
20210102	1.76	0.51	3.49
20210103	0.86	2.25	3.25
20210104	0.06	1.96	3.03
20210105	0.0	1.89	2.9
20210106	0.0	-0.96	2.75
20210107	0.74	-1.44	2.6
20210108	0.19	0.23	2.48
20210109	0.04	-0.46	2.37
20210110	0.04	1.92	2.29
20210111	4.94	6.88	2.23
20210112	2.79	4.89	2.23
20210113	2.48	8.85	2.14
20210114	0.25	4.2	2.07
20210115	5.11	2.32	2.02
20210116	0.78	5.47	2.03
20210117	0.11	3.99	1.92
20210118	4.64	7.01	1.93
20210119	14.8	9.87	2.2
20210120	19.82	5.94	2.98
20210121	0.09	2.58	3.17
20210122	4.48	1.83	3.62
20210123	4.46	0.19	3.45
20210124	0.93	-1.07	3.27
20210125	0.58	0.57	3.0
20210126	1.89	4.58	2.9
20210127	16.38	8.8	3.29
20210128	11.72	9.22	3.65
20210129	14.6	7.02	4.09
20210130	2.57	1.57	5.42
20210131	0.76	0.58	5.22
20210201	6.64	4.97	5.27
20210202	5.74	8.38	5.0
20210203	0.48	5.11	4.5
20210204	9.31	5.36	4.59
20210205	2.02	3.87	4.35
20210206	0.46	2.38	4.17
20210207	0.01	0.28	4.01
20210208	0.05	-0.71	3.82
20210209	0.0	-1.27	3.59
20210210	0.0	-1.48	3.36
20210211	0.01	-1.52	3.17
20210212	0.0	-1.56	2.96
20210213	0.14	-0.71	2.84
20210214	10.06	4.56	2.91
20210215	5.54	9.04	2.81
20210216	4.15	8.06	2.83
20210217	12.5	8.52	2.94
20210218	2.9	5.76	3.01
20210219	5.83	9.23	3.01
20210220	0.68	10.26	3.02
20210221	5.01	8.65	2.96
20210222	0.1	7.09	3.02
20210223	0.02	10.46	2.89
20210224	0.09	10.56	2.81
20210225	0.1	4.79	2.69
20210226	0.01	4.9	2.57
20210227	0.06	5.18	2.5
20210228	0.01	6.18	2.44
20210301	0.0	4.08	2.37
20210302	0.03	3.86	2.31
20210303	0.8	5.12	2.25
20210304	0.5	2.76	2.18
20210305	0.0	1.23	2.12
20210306	0.0	1.7	2.07
20210307	0.0	1.99	2.02
20210308	0.0	4.72	1.96
20210309	0.51	7.73	1.93
20210310	9.21	8.79	2.02
20210311	7.11	6.26	1.96
20210312	11.07	6.42	2.18
20210313	0.15	5.47	2.04
20210314	0.25	7.27	1.9
20210315	0.33	8.43	1.84
20210316	0.02	8.47	1.8
20210317	0.05	5.69	1.77
20210318	0.62	9.01	1.72
20210319	0.36	7.31	1.71
20210320	0.0	8.14	1.68
20210321	0.04	5.67	1.65
20210322	0.0	6.18	1.61
20210323	0.01	8.47	1.59
20210324	0.05	7.72	1.55
20210325	3.25	9.98	1.55
20210326	3.46	5.75	1.55
20210327	0.95	8.45	1.48
20210328	0.37	10.22	1.44
20210329	0.0	8.61	1.39
20210330	0.0	14.76	1.35
20210331	0.0	13.71	1.35
20210401	0.0	7.45	1.28
20210402	0.0	6.3	1.26
20210403	0.0	3.5	1.23
20210404	0.0	9.33	1.22
20210405	0.11	2.05	1.19
20210406	0.86	1.64	1.17
20210407	0.05	3.27	1.15
20210408	0.0	6.87	1.14
20210409	2.29	5.99	1.13
20210410	0.32	3.84	1.1
20210411	1.93	3.37	1.08
20210412	0.04	3.77	1.04
20210413	0.1	7.16	1.03
20210414	0.0	5.42	1.02
20210415	0.01	4.31	1.01
20210416	0.0	4.03	1.0
20210417	0.0	5.69	1.0
20210418	0.01	7.18	0.98
20210419	0.0	8.45	0.96
20210420	0.0	11.04	0.97
20210421	0.0	6.82	0.94
20210422	0.0	7.67	0.93
20210423	0.0	9.5	0.92
20210424	0.0	9.44	0.91
20210425	0.0	7.28	0.91
20210426	0.0	6.67	0.9
20210427	5.29	8.59	0.92
20210428	6.36	4.18	0.95
20210429	0.06	5.8	0.9
20210430	1.72	5.13	0.93
20210501	0.68	4.98	0.89
20210502	1.06	9.08	0.88
20210503	15.88	7.95	1.03
20210504	0.42	6.35	0.91
20210505	5.11	5.74	0.91
20210506	0.16	6.11	0.88
20210507	14.77	9.22	0.93
20210508	9.84	12.06	1.18
20210509	0.36	12.4	0.95
20210510	3.61	9.87	0.92
20210511	2.44	10.05	0.9
20210512	9.04	11.8	0.94
20210513	15.67	9.67	1.31
20210514	3.81	10.3	1.05
20210515	4.3	9.91	1.03
20210516	4.02	11.24	1.04
20210517	2.32	10.35	0.98
20210518	6.53	10.93	0.99
20210519	5.09	10.57	1.13
20210520	17.79	10.61	1.31
20210521	8.59	9.28	1.78
20210522	0.55	7.96	1.53
20210523	18.51	8.24	2.21
20210524	5.29	8.83	2.17
20210525	0.05	9.25	1.92
20210526	0.01	9.96	1.91
20210527	0.0	13.94	1.88
20210528	0.43	14.04	1.82
20210529	0.0	13.38	1.75
20210530	0.0	12.87	1.67
20210531	0.0	15.51	1.6
20210601	0.0	17.35	1.55
20210602	0.21	18.87	1.51
20210603	0.0	13.4	1.48
20210604	0.0	12.66	1.43
20210605	1.11	17.12	1.41
20210606	0.03	16.8	1.41
20210607	0.0	13.54	1.38
20210608	0.0	15.22	1.35
20210609	0.23	18.16	1.33
20210610	0.08	18.6	1.34
20210611	0.0	15.47	1.29
20210612	0.0	16.53	1.24
20210613	0.0	19.26	1.2
20210614	0.0	16.65	1.17
20210615	0.0	17.25	1.15
20210616	1.09	19.54	1.15
20210617	1.26	16.24	1.14
20210618	7.68	12.39	1.22
20210619	6.32	13.12	1.21
20210620	0.25	11.77	1.15
20210621	1.93	12.05	1.08
20210622	0.0	10.98	1.03
20210623	0.33	16.47	1.0
20210624	2.36	16.65	1.01
20210625	0.23	13.65	1.0
20210626	0.0	16.32	0.98
20210627	6.88	15.09	1.0
20210628	0.11	14.44	0.99
20210629	0.0	14.17	0.97
20210630	0.0	15.79	0.94
20210701	0.01	16.72	0.94
20210702	4.24	18.1	0.94
20210703	2.34	17.95	0.94
20210704	9.52	16.1	1.02
20210705	10.43	14.77	1.04
20210706	1.54	15.69	0.96
20210707	4.0	15.91	0.93
20210708	0.07	16.85	0.91
20210709	0.32	16.88	0.9
20210710	0.01	14.83	0.89
20210711	7.54	15.16	0.93
20210712	0.21	16.74	0.89
20210713	0.02	17.08	0.89
20210714	0.0	17.53	0.87
20210715	0.0	17.17	0.77
20210716	0.0	20.62	0.75
20210717	0.0	21.31	0.73
20210718	0.0	22.41	0.71
20210719	0.0	22.93	0.69
20210720	0.0	22.88	0.67
20210721	0.0	22.68	0.7
20210722	0.0	22.16	0.7
20210723	0.92	19.91	0.72
20210724	0.18	17.71	0.73
20210725	0.02	17.08	0.69
20210726	0.16	20.59	0.67
20210727	8.8	17.32	0.76
20210728	1.95	14.79	0.71
20210729	10.0	16.05	0.7
20210730	4.43	15.17	0.79
20210731	1.38	15.96	0.7
20210801	0.07	14.93	0.69
20210802	4.2	14.12	0.71
20210803	0.02	15.84	0.67
20210804	0.01	16.94	0.66
20210805	21.12	15.84	0.88
20210806	0.36	15.24	0.76
20210807	6.96	15.85	0.71
20210808	2.98	15.13	0.71
20210809	0.27	15.59	0.67
20210810	0.0	16.11	0.65
20210811	0.09	16.03	0.64
20210812	1.23	16.4	0.65
20210813	0.54	16.68	0.65
20210814	0.07	18.13	0.64
20210815	0.79	15.32	0.63
20210816	0.03	14.86	0.62
20210817	0.02	16.12	0.62
20210818	0.0	16.27	0.62
20210819	0.07	17.37	0.61
20210820	2.7	17.72	0.61
20210821	12.35	15.73	0.7
20210822	0.0	17.51	0.65
20210823	0.0	15.9	0.62
20210824	0.0	17.1	0.6
20210825	0.0	15.72	0.61
20210826	0.0	14.48	0.6
20210827	0.0	12.95	0.6
20210828	0.0	14.45	0.59
20210829	0.0	15.47	0.57
20210830	0.74	13.67	0.57
20210831	0.02	14.3	0.57
20210901	0.0	14.64	0.56
20210902	0.0	15.66	0.56
20210903	0.0	16.14	0.55
20210904	0.0	15.96	0.55
20210905	0.0	18.23	0.54
20210906	0.0	20.06	0.54
20210907	0.0	21.54	0.53
20210908	0.55	21.42	0.53
20210909	7.31	18.21	0.58
20210910	1.06	17.75	0.55
20210911	0.0	14.78	0.53
20210912	0.0	16.1	0.53
20210913	4.96	15.9	0.52
20210914	1.18	14.16	0.56
20210915	0.0	15.76	0.51
20210916	0.0	15.44	0.51
20210917	0.05	15.04	0.5
20210918	1.86	17.13	0.51
20210919	0.57	13.55	0.51
20210920	0.0	13.67	0.51
20210921	0.04	14.15	0.5
20210922	0.0	15.1	0.47
20210923	0.09	15.61	0.49
20210924	0.0	18.56	0.48
20210925	0.02	16.25	0.48
20210926	8.81	15.39	0.51
20210927	1.55	12.4	0.52
20210928	32.86	10.45	0.98
20210929	2.0	10.07	0.56
20210930	6.55	13.36	0.59
20211001	1.2	10.59	0.52
20211002	13.71	9.74	0.69
20211003	2.87	10.91	0.57
20211004	26.84	11.75	1.17
20211005	0.01	10.93	0.76
20211006	0.04	13.9	0.59
20211007	0.29	15.26	0.58
20211008	0.03	12.84	0.57
20211009	0.01	13.84	0.55
20211010	0.0	11.19	0.55
20211011	0.04	10.27	0.55
20211012	0.35	12.3	0.55
20211013	0.0	13.61	0.55
20211014	0.0	13.38	0.54
20211015	0.37	10.58	0.54
20211016	1.02	12.62	0.55
20211017	0.07	12.58	0.55
20211018	4.4	14.77	0.57
20211019	22.8	14.64	0.86
20211020	12.13	10.57	1.0
20211021	0.01	7.73	0.79
20211022	0.2	10.26	0.7
20211023	0.12	10.42	0.67
20211024	1.23	10.74	0.65
20211025	1.27	11.12	0.67
20211026	0.4	13.15	0.65
20211027	0.04	13.97	0.65
20211028	11.7	13.34	0.73
20211029	17.44	10.68	0.95
20211030	16.07	9.34	1.32
20211031	7.36	9.57	1.76
20211101	0.04	6.18	1.15
20211102	0.16	5.4	1.12
20211103	0.06	5.97	1.06
20211104	0.01	4.04	1.02
20211105	0.26	7.69	1.0
20211106	0.08	8.78	0.99
20211107	0.02	6.58	0.98
20211108	0.59	8.38	0.96
20211109	0.45	11.89	0.95
20211110	2.65	11.25	0.95
20211111	1.66	10.25	0.95
20211112	0.99	11.39	0.95
20211113	0.0	9.76	0.93
20211114	0.0	8.11	0.92
20211115	0.07	8.15	0.91
20211116	0.13	8.17	0.92
20211117	0.06	7.87	0.91
20211118	0.0	10.96	0.91
20211119	0.01	9.73	0.91
20211120	0.77	6.66	0.9
20211121	0.01	3.88	0.89
20211122	0.1	3.34	0.88
20211123	0.05	4.72	0.88
20211124	0.06	4.09	0.87
20211125	0.25	3.78	0.87
20211126	6.54	4.59	0.88
20211127	2.5	0.7	0.89
20211128	1.11	0.74	0.86
20211129	0.16	4.04	0.85
20211130	2.44	8.51	0.85
20211201	2.83	3.53	0.86
20211202	4.92	2.24	0.85
20211203	2.17	5.19	0.89
20211204	1.63	4.83	0.86
20211205	0.15	2.58	0.84
20211206	3.07	4.38	0.87
20211207	13.97	5.0	1.1
20211208	0.25	4.45	0.95
20211209	4.43	4.79	0.94
20211210	0.03	3.7	0.94
20211211	1.82	7.6	0.95
20211212	0.45	11.0	0.96
20211213	0.83	9.91	0.95
20211214	0.59	10.29	0.95
20211215	0.02	10.07	0.95
20211216	0.0	8.99	0.95
20211217	0.05	6.21	0.94
20211218	0.21	4.54	0.94
20211219	0.3	3.72	0.95
20211220	0.14	3.49	0.95
20211221	0.0	0.97	0.94
20211222	1.16	3.59	0.94
20211223	1.0	7.25	0.94
20211224	9.32	6.83	1.02
20211225	9.46	6.04	1.14
20211226	1.16	6.41	1.11
20211227	6.57	9.03	1.2
20211228	3.53	8.7	1.16
20211229	7.38	11.43	1.29
20211230	5.27	12.98	1.53
20211231	0.46	12.34	1.6
20220101	2.68	11.17	1.62
20220102	4.71	8.95	1.77
20220103	5.98	5.72	1.75
20220104	0.26	1.98	1.79
20220105	0.03	0.91	1.65
20220106	5.75	3.17	1.71
20220107	2.28	4.15	1.67
20220108	3.29	5.6	1.72
20220109	0.02	5.21	1.62
20220110	3.01	7.04	1.58
20220111	0.23	3.98	1.6
20220112	0.18	3.35	1.54
20220113	0.05	2.53	1.52
20220114	0.09	2.39	1.5
20220115	0.17	2.44	1.49
20220116	0.14	3.47	1.45
20220117	0.06	2.74	1.41
20220118	0.29	2.34	1.41
20220119	0.09	3.84	1.38
20220120	0.02	0.23	1.34
20220121	0.05	1.15	1.33
20220122	0.0	3.15	1.3
20220123	0.0	2.78	1.27
20220124	0.0	1.95	1.24
20220125	0.0	1.9	1.22
20220126	0.01	5.88	1.21
20220127	0.26	5.39	1.19
20220128	0.1	5.26	1.15
20220129	0.0	5.39	1.14
20220130	0.69	4.8	1.13
20220131	0.01	6.13	1.1
20220201	0.0	10.13	1.08
20220202	0.61	8.85	1.06
20220203	11.46	6.08	1.1
20220204	0.03	3.69	1.25
20220205	9.81	6.16	1.14
20220206	0.77	5.05	1.24
20220207	0.04	6.71	1.11
20220208	0.0	9.43	1.08
20220209	0.62	6.63	1.05
20220210	0.04	3.33	1.02
20220211	0.17	4.49	1.01
20220212	4.6	6.67	1.03
20220213	14.93	7.05	1.49
20220214	1.63	4.3	1.27
20220215	10.81	9.04	1.72
20220216	0.98	9.43	1.47
20220217	3.77	8.25	1.49
20220218	1.68	4.89	1.55
20220219	8.54	6.69	1.87
20220220	5.85	7.2	1.78
20220221	0.13	7.25	1.7
20220222	0.94	6.6	1.72
20220223	3.23	6.34	1.73
20220224	0.38	3.67	1.73
20220225	0.16	4.49	1.67
20220226	0.0	5.03	1.63
20220227	0.03	6.59	1.58
20220228	11.66	7.77	1.75
20220301	3.71	6.22	1.67
20220302	2.45	6.39	1.64
20220303	4.22	6.73	1.63
20220304	0.23	5.26	1.62
20220305	0.53	5.21	1.58
20220306	0.0	3.65	1.58
20220307	0.0	3.36	1.57
20220308	0.01	6.72	1.56
20220309	0.02	9.81	1.54
20220310	0.06	9.55	1.53
20220311	6.97	7.24	1.59
20220312	4.7	8.3	1.57
20220313	0.54	5.98	1.55
20220314	0.31	6.83	1.47
20220315	0.0	9.42	1.45
20220316	16.44	5.0	1.91
20220317	0.09	6.96	1.67
20220318	0.0	9.72	1.55
20220319	0.0	8.47	1.51
20220320	0.01	5.66	1.49
20220321	0.0	9.5	1.48
20220322	0.0	10.22	1.46
20220323	0.0	9.84	1.44
20220324	0.0	9.44	1.41
20220325	0.0	10.09	1.39
20220326	0.0	10.39	1.37
20220327	0.01	7.93	1.36
20220328	2.58	10.47	1.35
20220329	0.43	7.08	1.35
20220330	1.28	4.01	1.3
20220331	0.61	2.62	1.27
20220401	0.24	3.08	1.24
20220402	0.44	2.07	1.2
20220403	3.32	6.79	1.19
20220404	0.16	11.25	1.19
20220405	1.46	10.63	1.16
20220406	5.97	8.86	1.23
20220407	0.08	5.7	1.15
20220408	0.24	4.51	1.1
20220409	0.01	4.32	1.03
20220410	0.01	7.34	1.04
20220411	6.03	12.17	1.03
20220412	0.43	11.54	1.11
20220413	0.18	10.18	1.01
20220414	0.0	10.08	1.0
20220415	0.0	12.89	0.98
20220416	0.05	12.98	0.97
20220417	0.0	11.69	0.95
20220418	0.0	8.52	0.94
20220419	0.02	9.02	0.92
20220420	0.0	10.77	0.88
20220421	0.0	11.5	0.89
20220422	0.45	10.13	0.88
20220423	0.0	10.9	0.88
20220424	0.0	10.01	0.86
20220425	0.0	8.67	0.84
20220426	0.0	8.77	0.82
20220427	0.0	6.98	0.8
20220428	0.0	8.16	0.8
20220429	0.0	5.51	0.8
20220430	2.38	11.7	0.79
20220501	0.5	9.5	0.8
20220502	0.92	11.68	0.78
20220503	0.36	11.63	0.76
20220504	0.01	10.98	0.75
20220505	0.01	13.23	0.73
20220506	0.74	12.99	0.73
20220507	0.0	14.32	0.73
20220508	0.0	12.32	0.7
20220509	0.71	15.78	0.69
20220510	4.77	13.9	0.68
20220511	3.72	11.19	0.79
20220512	0.03	12.36	0.69
20220513	0.0	11.48	0.67
20220514	10.57	14.79	0.76
20220515	9.35	15.06	0.86
20220516	0.8	14.87	0.75
20220517	3.27	15.12	0.71
20220518	6.96	13.96	0.74
20220519	0.98	14.26	0.69
20220520	0.26	12.89	0.66
20220521	0.0	12.29	0.64
20220522	0.23	16.07	0.64
20220523	6.92	12.05	0.7
20220524	0.74	12.19	0.66
20220525	0.53	13.3	0.63
20220526	0.01	12.83	0.62
20220527	0.01	11.31	0.6
20220528	0.01	12.25	0.61
20220529	0.27	9.92	0.59
20220530	0.89	10.82	0.59
20220531	1.57	11.28	0.58
20220601	0.02	11.57	0.57
20220602	0.0	14.0	0.55
20220603	1.95	15.04	0.55
20220604	7.81	13.15	0.67
20220605	5.54	11.98	0.64
20220606	0.18	12.31	0.59
20220607	2.25	16.47	0.56
20220608	0.38	14.24	0.54
20220609	0.67	14.35	0.5
20220610	0.05	15.14	0.51
20220611	0.0	14.18	0.49
20220612	0.0	13.26	0.49
20220613	0.0	12.65	0.49
20220614	0.0	14.58	0.46
20220615	0.0	16.53	0.45
20220616	0.0	19.41	0.44
20220617	0.0	21.25	0.44
20220618	16.92	10.66	0.7
20220619	0.05	12.39	0.51
20220620	0.0	13.59	0.44
20220621	0.0	16.91	0.44
20220622	0.0	18.26	0.44
20220623	0.01	18.08	0.42
20220624	0.27	14.55	0.43
20220625	0.25	13.78	0.42
20220626	1.84	14.85	0.42
20220627	0.02	13.27	0.42
20220628	2.26	14.72	0.41
20220629	2.01	14.76	0.42
20220630	1.57	13.79	0.41
20220701	0.28	14.49	0.4
20220702	3.72	13.06	0.42
20220703	0.08	13.67	0.4
20220704	0.0	13.66	0.39
20220705	0.0	15.27	0.38
20220706	0.1	18.67	0.37
20220707	0.0	17.17	0.37
20220708	0.0	18.83	0.37
20220709	0.0	17.4	0.36
20220710	0.0	19.99	0.36
20220711	0.0	22.63	0.34
20220712	0.03	20.5	0.35
20220713	0.0	16.75	0.35
20220714	0.01	15.29	0.34
20220715	0.0	16.53	0.34
20220716	0.0	20.22	0.34
20220717	0.0	21.03	0.33
20220718	0.0	27.52	0.32
20220719	0.18	26.59	0.3
20220720	0.42	17.78	0.31
20220721	0.02	18.56	0.31
20220722	5.18	16.83	0.33
20220723	0.47	18.95	0.32
20220724	2.35	19.21	0.32
20220725	0.15	16.99	0.32
20220726	0.0	15.06	0.31
20220727	0.11	16.64	0.31
20220728	0.0	16.94	0.3
20220729	0.0	19.57	0.3
20220730	1.43	19.39	0.3
20220731	0.7	18.75	0.3
20220801	0.12	21.13	0.29
20220802	0.68	20.99	0.29
20220803	0.8	17.44	0.28
20220804	0.0	15.13	0.27
20220805	0.0	14.01	0.27
20220806	0.0	16.14	0.27
20220807	0.0	18.41	0.27
20220808	0.0	19.53	0.26
20220809	0.0	19.76	0.26
20220810	0.0	21.15	0.25
20220811	0.0	22.38	0.25
20220812	0.0	23.1	0.25
20220813	0.0	23.22	0.25
20220814	0.0	23.8	0.25
20220815	0.5	19.99	0.25
20220816	22.94	18.86	0.8
20220817	0.02	17.14	0.29
20220818	1.77	18.35	0.27
20220819	0.02	16.28	0.26
20220820	0.47	17.89	0.26
20220821	0.0	17.18	0.26
20220822	0.78	18.29	0.26
20220823	0.54	21.31	0.25
20220824	1.63	19.35	0.26
20220825	1.92	14.47	0.25
20220826	0.02	17.04	0.25
20220827	0.0	18.52	0.25
20220828	0.0	18.3	0.24
20220829	0.0	16.44	0.24
20220830	0.0	17.03	0.24
20220831	0.0	17.89	0.24
20220901	1.6	17.81	0.24
20220902	0.06	16.64	0.24
20220903	0.07	18.35	0.24
20220904	4.95	17.38	0.27
20220905	16.63	16.91	0.34
20220906	0.76	17.04	0.27
20220907	1.72	16.71	0.25
20220908	13.74	15.62	0.34
20220909	1.33	15.92	0.26
20220910	0.07	15.28	0.25
20220911	0.01	17.1	0.25
20220912	0.02	18.12	0.25
20220913	0.96	14.14	0.25
20220914	0.0	15.43	0.24
20220915	0.0	12.15	0.23
20220916	0.0	9.95	0.24
20220917	0.0	11.11	0.24
20220918	0.0	12.62	0.24
20220919	0.0	12.83	0.24
20220920	0.0	14.81	0.26
20220921	0.01	13.56	0.23
20220922	2.11	15.45	0.23
20220923	0.0	12.82	0.23
20220924	0.01	10.96	0.23
20220925	3.29	12.73	0.24
20220926	0.4	11.11	0.24
20220927	0.7	9.26	0.23
20220928	3.36	9.85	0.23
20220929	0.9	9.62	0.23
20220930	8.47	11.72	0.29
