date	precipitation	temperature	discharge_spec
19960930	1.37	11.01	0.1
19961001	0.07	9.83	0.1
19961002	0.0	11.24	0.09
19961003	1.23	11.06	0.09
19961004	0.13	9.91	0.09
19961005	1.5	8.38	0.09
19961006	0.02	11.22	0.09
19961007	0.0	13.71	0.1
19961008	3.52	13.66	0.1
19961009	0.27	11.4	0.11
19961010	0.01	9.78	0.1
19961011	0.0	12.38	0.1
19961012	0.01	12.54	0.09
19961013	0.0	14.48	0.09
19961014	1.62	15.74	0.09
19961015	0.12	10.41	0.09
19961016	0.01	8.15	0.09
19961017	0.63	9.27	0.09
19961018	7.15	9.98	0.11
19961019	0.93	12.59	0.1
19961020	5.32	12.84	0.11
19961021	0.0	10.54	0.12
19961022	0.0	12.66	0.11
19961023	0.0	12.7	0.1
19961024	0.12	13.74	0.1
19961025	0.65	11.47	0.09
19961026	4.38	10.61	0.09
19961027	9.47	14.04	0.16
19961028	7.2	12.05	0.15
19961029	0.04	5.76	0.16
19961030	0.31	8.72	0.14
19961031	2.3	10.12	0.13
19961101	0.01	12.34	0.13
19961102	0.46	16.01	0.12
19961103	11.66	14.22	0.12
19961104	0.13	11.79	0.17
19961105	3.52	10.39	0.16
19961106	0.33	10.42	0.19
19961107	6.56	5.07	0.17
19961108	0.01	5.69	0.16
19961109	8.07	5.59	0.15
19961110	10.63	3.97	0.4
19961111	5.52	5.56	0.28
19961112	2.47	6.18	0.32
19961113	0.61	3.72	0.28
19961114	0.01	4.31	0.23
19961115	0.01	3.71	0.2
19961116	7.9	3.97	0.18
19961117	5.61	5.63	0.32
19961118	0.13	1.38	0.39
19961119	15.7	3.75	0.64
19961120	1.42	3.24	0.77
19961121	0.04	0.9	0.41
19961122	0.02	1.81	0.34
19961123	0.34	1.16	0.29
19961124	12.28	3.66	0.46
19961125	3.52	5.5	0.82
19961126	0.24	2.51	0.62
19961127	0.59	2.18	0.4
19961128	7.16	3.32	0.38
19961129	1.85	4.98	0.63
19961130	1.88	4.24	0.68
19961201	0.85	6.91	0.49
19961202	8.75	5.73	0.5
19961203	0.73	6.88	0.85
19961204	0.01	3.34	0.81
19961205	0.04	1.92	0.52
19961206	0.03	1.32	0.41
19961207	0.36	3.6	0.29
19961208	0.45	4.17	0.32
19961209	0.0	3.67	0.31
19961210	0.0	3.94	0.29
19961211	0.0	3.62	0.27
19961212	0.72	3.4	0.26
19961213	0.06	1.0	0.26
19961214	0.03	2.43	0.25
19961215	0.0	6.86	0.24
19961216	2.33	4.15	0.24
19961217	1.98	3.88	0.24
19961218	7.82	8.31	0.26
19961219	11.04	5.6	1.15
19961220	0.01	2.14	1.36
19961221	0.0	2.0	0.81
19961222	0.0	3.02	0.56
19961223	0.0	1.33	0.46
19961224	0.36	0.38	0.38
19961225	0.1	0.04	0.34
19961226	2.66	-0.86	0.28
19961227	0.78	-0.33	0.24
19961228	0.0	-1.88	0.28
19961229	2.1	1.34	0.26
19961230	5.75	-0.85	0.29
19961231	0.0	-3.3	0.3
19970101	0.0	-4.47	0.26
19970102	0.0	-3.65	0.23
19970103	0.0	-0.97	0.23
19970104	0.0	0.29	0.23
19970105	0.02	0.87	0.23
19970106	0.0	-2.03	0.23
19970107	0.0	-2.14	0.22
19970108	0.21	-1.41	0.21
19970109	0.02	-0.85	0.21
19970110	0.0	-1.5	0.21
19970111	0.19	1.65	0.2
19970112	0.05	4.82	0.25
19970113	0.0	4.56	0.4
19970114	0.01	1.9	0.37
19970115	0.01	0.38	0.31
19970116	0.04	3.02	0.28
19970117	0.89	3.92	0.28
19970118	0.93	4.76	0.28
19970119	3.62	3.13	0.34
19970120	0.02	2.74	0.37
19970121	0.12	2.34	0.35
19970122	1.17	4.84	0.37
19970123	0.02	3.66	0.34
19970124	0.0	4.02	0.3
19970125	0.0	3.78	0.29
19970126	0.01	2.59	0.27
19970127	0.19	3.1	0.27
19970128	0.06	3.86	0.26
19970129	0.13	4.62	0.25
19970130	0.0	3.43	0.25
19970131	0.05	3.02	0.25
19970201	0.03	2.51	0.25
19970202	0.04	1.51	0.25
19970203	0.06	3.01	0.24
19970204	3.35	4.6	0.24
19970205	0.02	4.36	0.24
19970206	0.0	8.26	0.23
19970207	1.52	4.58	0.23
19970208	0.11	4.15	0.22
19970209	0.04	8.55	0.22
19970210	2.21	6.65	0.23
19970211	5.11	8.3	0.25
19970212	3.79	8.13	0.36
19970213	2.26	3.23	0.53
19970214	0.01	2.99	0.57
19970215	0.0	4.2	0.44
19970216	1.2	5.35	0.39
19970217	7.65	7.88	0.43
19970218	1.4	4.84	0.72
19970219	3.06	6.96	0.68
19970220	0.02	8.89	0.7
19970221	0.0	9.09	0.6
19970222	0.0	8.72	0.41
19970223	2.34	9.0	0.46
19970224	4.55	8.99	0.5
19970225	0.18	8.37	0.52
19970226	3.73	6.13	0.42
19970227	0.01	7.19	0.39
19970228	0.01	7.68	0.38
19970301	0.13	9.04	0.32
19970302	1.44	6.6	0.35
19970303	0.0	6.15	0.3
19970304	2.63	6.91	0.31
19970305	1.78	6.09	0.32
19970306	0.0	6.77	0.31
19970307	0.0	9.42	0.29
19970308	0.0	7.06	0.28
19970309	0.01	7.4	0.27
19970310	0.01	6.21	0.26
19970311	0.0	8.06	0.23
19970312	0.0	9.92	0.24
19970313	0.38	9.91	0.26
19970314	0.18	11.36	0.23
19970315	0.0	12.59	0.23
19970316	0.0	9.69	0.23
19970317	0.01	11.23	0.22
19970318	4.53	8.66	0.22
19970319	0.8	5.07	0.22
19970320	0.98	6.53	0.21
19970321	0.0	3.22	0.21
19970322	0.95	8.33	0.21
19970323	0.17	8.09	0.21
19970324	0.8	6.32	0.21
19970325	0.01	10.32	0.2
19970326	0.0	9.24	0.2
19970327	0.5	10.39	0.2
19970328	0.04	6.73	0.2
19970329	0.0	7.16	0.19
19970330	0.0	6.59	0.19
19970331	0.0	8.92	0.19
19970401	0.0	12.05	0.19
19970402	0.0	9.91	0.19
19970403	0.08	6.91	0.16
19970404	0.03	8.96	0.16
19970405	0.13	9.12	0.17
19970406	0.0	7.99	0.17
19970407	0.0	6.48	0.17
19970408	0.0	7.59	0.16
19970409	0.0	9.22	0.15
19970410	0.0	11.48	0.15
19970411	0.0	7.33	0.15
19970412	0.0	5.68	0.14
19970413	0.0	10.5	0.13
19970414	0.17	7.26	0.13
19970415	0.0	5.63	0.15
19970416	0.14	8.72	0.14
19970417	0.06	6.43	0.14
19970418	0.53	7.19	0.12
19970419	0.05	5.59	0.13
19970420	0.0	2.64	0.14
19970421	0.0	5.86	0.13
19970422	0.1	5.41	0.13
19970423	0.0	10.36	0.13
19970424	1.77	10.71	0.13
19970425	8.85	8.34	0.14
19970426	1.92	9.8	0.16
19970427	0.12	12.92	0.17
19970428	3.49	13.83	0.17
19970429	0.24	9.48	0.16
19970430	0.01	11.9	0.16
19970501	0.0	15.0	0.14
19970502	0.0	16.02	0.13
19970503	0.46	16.36	0.13
19970504	0.97	14.45	0.13
19970505	13.48	11.42	0.15
19970506	1.47	3.51	0.17
19970507	4.1	7.27	0.16
19970508	10.69	8.85	0.19
19970509	1.07	9.23	0.25
19970510	0.55	10.43	0.24
19970511	1.36	11.42	0.17
19970512	1.39	10.37	0.15
19970513	0.0	11.89	0.14
19970514	0.0	12.2	0.13
19970515	4.1	12.22	0.13
19970516	0.41	15.42	0.15
19970517	0.06	18.28	0.14
19970518	0.71	16.87	0.13
19970519	0.06	15.03	0.14
19970520	4.33	14.24	0.14
19970521	0.07	9.24	0.13
19970522	0.23	8.27	0.13
19970523	0.01	7.92	0.12
19970524	0.0	8.21	0.11
19970525	0.0	9.52	0.11
19970526	0.0	14.47	0.1
19970527	0.0	10.94	0.1
19970528	0.0	8.55	0.1
19970529	0.0	12.5	0.1
19970530	0.0	13.43	0.1
19970531	0.0	14.05	0.09
19970601	0.0	14.13	0.08
19970602	0.0	13.84	0.08
19970603	0.0	11.49	0.08
19970604	0.0	13.23	0.08
19970605	8.5	18.46	0.09
19970606	11.48	20.32	0.12
19970607	1.43	18.37	0.15
19970608	3.46	16.09	0.14
19970609	0.0	16.16	0.12
19970610	3.54	17.72	0.09
19970611	11.89	16.3	0.13
19970612	0.56	16.43	0.14
19970613	3.57	16.09	0.14
19970614	0.19	13.11	0.13
19970615	0.09	12.03	0.13
19970616	0.01	12.18	0.11
19970617	0.01	12.12	0.1
19970618	0.44	14.83	0.1
19970619	3.25	13.27	0.1
19970620	3.56	13.97	0.1
19970621	3.15	14.43	0.1
19970622	3.87	14.26	0.11
19970623	1.4	11.76	0.11
19970624	0.06	12.78	0.1
19970625	8.08	13.42	0.11
19970626	20.68	13.93	0.15
19970627	26.13	13.03	0.68
19970628	3.94	14.57	1.17
19970629	9.96	13.93	1.13
19970630	9.14	12.05	1.22
19970701	2.62	12.99	1.03
19970702	1.03	13.9	0.61
19970703	0.88	13.88	0.41
19970704	3.1	14.09	0.35
19970705	0.22	15.62	0.43
19970706	0.01	17.56	0.29
19970707	0.0	18.84	0.24
19970708	0.0	17.84	0.2
19970709	0.0	17.83	0.18
19970710	0.0	15.49	0.16
19970711	0.0	16.0	0.15
19970712	0.0	18.6	0.14
19970713	7.23	17.39	0.14
19970714	1.46	17.8	0.14
19970715	0.01	18.96	0.13
19970716	0.64	16.47	0.13
19970717	5.0	15.18	0.16
19970718	0.51	15.95	0.15
19970719	0.0	16.67	0.13
19970720	0.0	15.81	0.12
19970721	0.0	17.16	0.11
19970722	0.0	17.0	0.11
19970723	0.06	20.41	0.11
19970724	2.24	19.14	0.1
19970725	0.13	16.29	0.1
19970726	0.88	17.86	0.1
19970727	0.0	16.67	0.1
19970728	0.0	17.31	0.09
19970729	1.45	20.14	0.09
19970730	0.04	18.42	0.09
19970731	2.1	15.63	0.09
19970801	0.52	15.65	0.11
19970802	0.05	16.03	0.1
19970803	0.0	16.46	0.1
19970804	0.0	17.09	0.09
19970805	0.0	18.71	0.09
19970806	0.0	20.36	0.08
19970807	0.0	20.42	0.08
19970808	0.0	22.85	0.08
19970809	0.36	23.38	0.07
19970810	0.0	23.91	0.07
19970811	0.0	22.74	0.07
19970812	0.21	23.87	0.07
19970813	4.95	22.18	0.07
19970814	0.0	19.86	0.07
19970815	0.0	20.29	0.07
19970816	0.0	21.27	0.07
19970817	0.06	22.34	0.07
19970818	0.0	21.8	0.07
19970819	0.0	20.52	0.06
19970820	0.0	22.01	0.06
19970821	3.11	23.73	0.06
19970822	0.34	22.2	0.06
19970823	0.0	22.79	0.06
19970824	5.28	21.28	0.06
19970825	7.48	16.08	0.15
19970826	0.12	18.68	0.1
19970827	3.06	15.04	0.09
19970828	6.21	16.34	0.1
19970829	6.4	16.98	0.1
19970830	0.33	15.81	0.1
19970831	0.0	18.54	0.1
19970901	0.0	15.45	0.1
19970902	0.0	17.49	0.09
19970903	2.6	17.26	0.09
19970904	0.0	15.45	0.09
19970905	1.97	14.51	0.08
19970906	0.23	16.1	0.08
19970907	0.01	15.88	0.08
19970908	0.0	15.44	0.08
19970909	0.0	11.41	0.07
19970910	0.0	15.36	0.08
19970911	1.32	15.65	0.08
19970912	3.71	12.56	0.08
19970913	0.02	10.87	0.08
19970914	0.0	13.27	0.08
19970915	0.0	15.16	0.08
19970916	0.0	16.67	0.07
19970917	0.0	15.34	0.07
19970918	1.12	17.81	0.07
19970919	0.07	12.97	0.08
19970920	0.0	12.31	0.08
19970921	0.0	12.31	0.08
19970922	0.0	13.08	0.08
19970923	0.01	13.73	0.07
19970924	0.0	15.55	0.1
19970925	0.0	15.66	0.09
19970926	0.0	14.6	0.08
19970927	0.0	13.63	0.08
19970928	0.01	14.0	0.08
19970929	0.1	17.66	0.08
19970930	0.67	17.25	0.08
19971001	0.0	15.98	0.08
19971002	0.0	12.37	0.08
19971003	0.01	14.05	0.08
19971004	0.0	15.1	0.07
19971005	0.01	12.77	0.07
19971006	8.32	16.15	0.08
19971007	2.38	12.09	0.1
19971008	14.03	15.46	0.14
19971009	6.4	14.41	0.15
19971010	0.0	11.7	0.14
19971011	6.56	9.45	0.13
19971012	0.17	7.12	0.19
19971013	3.59	7.87	0.11
19971014	3.09	7.61	0.11
19971015	0.34	10.48	0.11
19971016	0.78	13.17	0.11
19971017	0.01	13.82	0.11
19971018	0.02	13.92	0.11
19971019	0.11	15.2	0.11
19971020	0.0	9.72	0.1
19971021	0.0	5.91	0.1
19971022	0.01	9.17	0.1
19971023	0.02	8.35	0.09
19971024	0.0	5.47	0.09
19971025	0.0	6.68	0.09
19971026	0.03	8.13	0.09
19971027	0.4	5.29	0.09
19971028	0.0	2.52	0.09
19971029	0.0	3.09	0.09
19971030	0.0	3.89	0.09
19971031	0.0	5.01	0.09
19971101	0.01	5.26	0.1
19971102	0.19	6.25	0.1
19971103	0.0	8.79	0.1
19971104	2.28	10.71	0.1
19971105	8.86	12.05	0.11
19971106	10.66	10.88	0.15
19971107	0.37	8.72	0.29
19971108	2.29	8.89	0.2
19971109	0.1	7.56	0.17
19971110	0.06	7.1	0.15
19971111	0.01	5.15	0.14
19971112	0.01	5.15	0.11
19971113	0.1	4.36	0.11
19971114	0.6	7.03	0.11
19971115	0.37	12.35	0.12
19971116	0.44	13.53	0.12
19971117	0.0	10.39	0.12
19971118	8.64	9.59	0.13
19971119	1.34	10.58	0.16
19971120	2.82	7.3	0.16
19971121	0.41	6.7	0.15
19971122	0.02	5.12	0.19
19971123	0.01	7.6	0.14
19971124	0.0	6.76	0.14
19971125	0.0	7.61	0.13
19971126	0.79	9.52	0.12
19971127	4.95	8.98	0.11
19971128	6.29	10.02	0.17
19971129	11.19	9.05	0.23
19971130	0.26	4.18	0.31
19971201	8.81	2.12	0.27
19971202	9.43	2.01	0.68
19971203	2.82	3.42	0.75
19971204	0.26	2.93	0.44
19971205	0.06	3.89	0.37
19971206	0.73	8.15	0.32
19971207	0.09	7.86	0.28
19971208	0.01	9.4	0.25
19971209	11.16	9.76	0.21
19971210	6.38	11.21	0.54
19971211	2.48	9.21	0.85
19971212	0.02	4.09	0.64
19971213	0.01	3.66	0.41
19971214	0.57	4.06	0.37
19971215	0.02	3.67	0.33
19971216	0.0	1.38	0.3
19971217	1.92	3.55	0.29
19971218	25.03	7.65	0.38
19971219	9.75	6.85	2.32
19971220	0.07	5.52	2.28
19971221	0.05	5.04	1.18
19971222	2.13	5.3	0.79
19971223	3.62	9.35	0.71
19971224	5.48	9.82	1.08
19971225	3.21	8.22	1.29
19971226	0.42	5.75	1.02
19971227	0.47	3.61	0.76
19971228	2.31	3.79	0.64
19971229	0.08	5.31	0.58
19971230	2.85	8.28	0.54
19971231	0.11	4.89	0.58
19980101	4.74	5.31	0.58
19980102	8.63	7.71	0.8
19980103	5.35	7.11	1.86
19980104	3.89	5.46	1.63
19980105	10.93	2.65	1.86
19980106	3.66	5.4	2.24
19980107	2.42	6.92	1.62
19980108	0.27	9.22	1.32
19980109	0.0	10.44	1.13
19980110	0.01	7.82	0.95
19980111	0.2	7.54	0.82
19980112	0.34	7.98	0.71
19980113	4.83	8.42	0.68
19980114	1.06	5.92	0.83
19980115	0.7	7.73	0.7
19980116	0.01	3.88	0.67
19980117	1.42	6.37	0.57
19980118	15.94	5.81	1.23
19980119	3.72	2.7	2.08
19980120	0.24	1.2	1.56
19980121	0.13	2.52	1.24
19980122	0.01	0.92	1.0
19980123	0.08	3.02	0.78
19980124	0.0	4.26	0.7
19980125	0.0	2.09	0.58
19980126	0.84	2.67	0.54
19980127	0.0	1.16	0.52
19980128	0.01	1.28	0.49
19980129	0.04	4.28	0.45
19980130	0.07	3.08	0.43
19980131	0.22	-0.09	0.36
19980201	0.0	-1.44	0.36
19980202	0.03	1.36	0.36
19980203	0.0	1.1	0.35
19980204	0.01	3.67	0.33
19980205	0.01	6.12	0.32
19980206	2.1	6.72	0.32
19980207	0.01	3.44	0.32
19980208	0.0	6.72	0.31
19980209	0.0	7.86	0.3
19980210	0.0	8.94	0.29
19980211	0.0	11.21	0.29
19980212	0.0	11.64	0.27
19980213	0.01	10.92	0.27
19980214	0.0	11.51	0.24
19980215	0.0	11.93	0.26
19980216	0.46	6.55	0.27
19980217	0.01	6.96	0.25
19980218	0.0	6.72	0.24
19980219	0.0	9.37	0.25
19980220	0.0	10.25	0.25
19980221	0.99	6.56	0.26
19980222	0.01	4.49	0.25
19980223	0.7	7.64	0.24
19980224	0.0	8.7	0.23
19980225	0.0	7.08	0.23
19980226	0.0	9.28	0.23
19980227	3.76	5.85	0.24
19980228	0.47	3.44	0.25
19980301	0.94	5.21	0.24
19980302	7.92	9.01	0.28
19980303	4.41	10.48	0.35
19980304	0.9	6.53	0.4
19980305	11.99	6.59	0.3
19980306	14.85	9.47	1.57
19980307	3.91	9.09	2.43
19980308	0.8	1.66	1.42
19980309	0.0	3.73	0.93
19980310	6.98	5.16	0.83
19980311	1.81	4.19	1.08
19980312	0.11	5.83	0.98
19980313	0.03	8.36	0.78
19980314	0.0	8.57	0.59
19980315	0.0	8.68	0.55
19980316	0.0	8.85	0.51
19980317	0.0	8.53	0.46
19980318	0.0	6.61	0.38
19980319	0.0	6.57	0.36
19980320	0.0	8.9	0.35
19980321	0.01	7.34	0.34
19980322	0.0	7.84	0.32
19980323	0.59	3.69	0.31
19980324	0.87	5.51	0.3
19980325	2.73	7.42	0.3
19980326	2.98	10.88	0.38
19980327	0.01	12.7	0.34
19980328	0.02	10.38	0.31
19980329	0.0	13.42	0.3
19980330	0.01	11.37	0.3
19980331	0.0	10.55	0.24
19980401	2.5	8.44	0.25
19980402	5.58	10.3	0.32
19980403	2.85	10.15	0.38
19980404	2.32	10.29	0.35
19980405	2.4	9.4	0.29
19980406	2.86	7.87	0.33
19980407	1.19	8.85	0.32
19980408	4.64	8.17	0.74
19980409	34.35	6.26	1.68
19980410	5.41	6.68	5.0
19980411	1.1	4.24	3.02
19980412	1.08	3.87	1.51
19980413	1.96	3.07	1.07
19980414	8.87	5.45	0.9
19980415	8.15	3.53	1.81
19980416	1.05	6.38	2.02
19980417	0.07	6.14	1.29
19980418	4.03	6.58	1.08
19980419	5.87	9.41	1.03
19980420	3.38	8.13	1.43
19980421	0.11	10.8	1.34
19980422	0.96	13.59	1.03
19980423	0.2	13.25	0.82
19980424	1.98	12.04	0.61
19980425	2.07	10.01	0.63
19980426	2.74	8.87	0.56
19980427	0.21	9.26	0.48
19980428	0.96	9.09	0.48
19980429	0.01	11.44	0.42
19980430	1.64	8.67	0.38
19980501	0.39	8.97	0.38
19980502	0.3	9.46	0.34
19980503	0.01	7.26	0.32
19980504	0.01	10.13	0.31
19980505	1.22	11.51	0.31
19980506	0.02	13.94	0.31
19980507	0.0	11.91	0.29
19980508	0.0	16.71	0.26
19980509	0.09	16.87	0.25
19980510	0.0	12.76	0.25
19980511	0.0	12.8	0.22
19980512	0.0	15.29	0.23
19980513	0.0	17.49	0.25
19980514	0.0	14.35	0.18
19980515	0.0	14.12	0.19
19980516	0.0	13.68	0.19
19980517	0.0	11.81	0.19
19980518	0.0	11.57	0.16
19980519	0.0	15.13	0.19
19980520	0.67	15.06	0.16
19980521	0.0	9.43	0.2
19980522	0.0	11.46	0.16
19980523	0.85	12.86	0.16
19980524	0.12	13.22	0.18
19980525	4.88	13.8	0.18
19980526	0.56	10.65	0.2
19980527	4.31	9.06	0.18
19980528	1.69	12.8	0.21
19980529	0.0	12.67	0.2
19980530	0.01	14.6	0.18
19980531	0.0	14.06	0.17
19980601	3.9	16.22	0.16
19980602	6.63	15.1	0.23
19980603	8.95	13.88	0.28
19980604	0.01	10.56	0.25
19980605	0.04	13.93	0.2
19980606	0.26	17.37	0.19
19980607	2.08	15.3	0.18
19980608	5.84	16.1	0.19
19980609	0.51	15.94	0.19
19980610	4.82	13.76	0.19
19980611	17.65	9.17	0.65
19980612	1.43	11.07	0.47
19980613	7.69	13.8	0.38
19980614	6.74	14.48	0.65
19980615	20.19	14.14	1.37
19980616	0.13	10.82	1.39
19980617	2.6	14.13	0.72
19980618	1.73	16.71	0.49
19980619	0.03	18.9	0.43
19980620	0.0	21.67	0.34
19980621	0.0	18.27	0.29
19980622	1.97	16.39	0.2
19980623	0.54	18.03	0.23
19980624	1.02	19.06	0.21
19980625	0.18	15.78	0.2
19980626	5.02	15.4	0.19
19980627	7.58	15.17	0.26
19980628	1.76	15.3	0.26
19980629	2.08	14.95	0.22
19980630	0.7	14.28	0.21
19980701	0.0	13.54	0.2
19980702	0.0	12.99	0.19
19980703	0.0	14.21	0.16
19980704	0.0	16.46	0.16
19980705	0.0	18.0	0.16
19980706	0.01	13.87	0.15
19980707	0.0	12.6	0.15
19980708	0.45	16.71	0.15
19980709	0.08	16.0	0.15
19980710	0.05	17.28	0.15
19980711	2.75	16.72	0.14
19980712	1.24	14.57	0.15
19980713	0.35	14.46	0.14
19980714	1.47	15.51	0.14
19980715	1.03	16.39	0.14
19980716	0.38	16.6	0.14
19980717	2.68	15.45	0.14
19980718	0.0	14.19	0.13
19980719	0.0	17.86	0.13
19980720	1.87	22.27	0.13
19980721	0.0	17.19	0.13
19980722	0.75	18.62	0.13
19980723	0.03	16.38	0.13
19980724	0.0	13.97	0.12
19980725	0.0	16.43	0.12
19980726	2.29	17.48	0.13
19980727	1.94	17.7	0.13
19980728	2.97	18.99	0.13
19980729	2.59	15.71	0.14
19980730	10.06	15.94	0.19
19980731	9.51	15.44	0.28
19980801	0.07	14.42	0.32
19980802	0.0	13.8	0.21
19980803	0.89	15.29	0.19
19980804	0.0	16.97	0.15
19980805	0.0	17.03	0.14
19980806	0.0	20.75	0.14
19980807	0.0	20.34	0.13
19980808	0.0	21.33	0.13
19980809	0.0	18.31	0.12
19980810	0.0	20.16	0.12
19980811	0.0	21.34	0.12
19980812	0.0	17.19	0.11
19980813	0.0	18.68	0.11
19980814	4.3	19.78	0.11
19980815	0.01	14.88	0.11
19980816	0.0	18.76	0.11
19980817	0.01	18.2	0.11
19980818	0.0	13.78	0.11
19980819	0.0	17.49	0.1
19980820	2.07	18.52	0.1
19980821	0.01	16.02	0.1
19980822	2.14	13.62	0.12
19980823	19.09	15.4	0.14
19980824	0.34	11.51	0.18
19980825	7.56	15.41	0.15
19980826	1.87	11.69	0.17
19980827	0.01	12.82	0.17
19980828	0.01	12.99	0.15
19980829	0.03	15.24	0.14
19980830	0.0	12.99	0.13
19980831	1.7	16.55	0.13
19980901	2.55	15.86	0.13
19980902	3.51	17.54	0.13
19980903	0.27	13.54	0.14
19980904	13.91	17.09	0.14
19980905	3.53	15.69	0.43
19980906	0.45	17.21	0.32
19980907	3.22	19.02	0.24
19980908	6.99	17.96	0.24
19980909	2.63	17.47	0.3
19980910	1.81	16.16	0.34
19980911	0.12	11.87	0.27
19980912	5.17	9.54	0.24
19980913	2.25	11.22	0.24
19980914	0.0	12.9	0.22
19980915	1.11	11.82	0.21
19980916	0.0	12.96	0.19
19980917	0.0	12.66	0.15
19980918	0.03	17.52	0.15
19980919	0.0	16.68	0.15
19980920	0.0	15.98	0.15
19980921	0.0	15.77	0.15
19980922	0.0	14.36	0.15
19980923	0.0	15.47	0.17
19980924	0.0	15.2	0.14
19980925	0.0	16.81	0.13
19980926	0.59	17.83	0.13
19980927	0.12	15.02	0.13
19980928	0.04	13.37	0.12
19980929	0.89	14.96	0.12
19980930	8.6	15.2	0.16
19981001	1.99	13.96	0.17
19981002	0.07	8.8	0.15
19981003	1.39	8.5	0.14
19981004	4.83	8.99	0.16
19981005	6.95	10.75	0.19
19981006	0.24	10.53	0.23
19981007	7.53	10.62	0.24
19981008	2.83	10.13	0.29
19981009	3.4	11.5	0.28
19981010	2.66	10.75	0.26
19981011	0.04	12.01	0.25
19981012	0.11	10.47	0.22
19981013	0.9	13.06	0.2
19981014	0.37	12.14	0.19
19981015	0.0	10.24	0.19
19981016	9.0	12.21	0.18
19981017	2.01	6.73	0.26
19981018	0.0	6.37	0.28
19981019	0.01	7.68	0.24
19981020	0.59	11.19	0.22
19981021	0.13	15.7	0.21
19981022	2.11	16.7	0.19
19981023	1.33	10.81	0.18
19981024	16.69	11.09	0.6
19981025	2.08	8.48	0.79
19981026	3.86	9.22	0.39
19981027	23.42	12.88	1.02
19981028	0.01	10.05	2.95
19981029	1.15	8.8	1.28
19981030	0.07	7.29	0.73
19981031	8.79	5.73	0.67
19981101	0.0	5.4	0.89
19981102	14.74	6.64	1.2
19981103	2.75	5.55	1.88
19981104	0.13	3.83	1.29
19981105	1.11	7.44	0.92
19981106	0.01	5.79	0.7
19981107	15.53	9.34	0.59
19981108	8.42	12.21	2.23
19981109	1.63	11.26	2.94
19981110	0.0	6.14	1.66
19981111	1.92	6.79	1.07
19981112	1.47	7.35	0.95
19981113	0.0	4.25	0.82
19981114	2.78	5.18	0.71
19981115	6.39	4.68	0.77
19981116	0.47	2.02	1.01
19981117	0.01	1.26	0.85
19981118	0.74	1.09	0.71
19981119	0.02	3.47	0.62
19981120	0.0	2.22	0.53
19981121	0.0	2.36	0.46
19981122	0.0	0.26	0.47
19981123	0.0	0.97	0.44
19981124	2.25	3.62	0.43
19981125	0.01	3.34	0.43
19981126	2.47	5.26	0.43
19981127	0.44	6.11	0.43
19981128	2.3	5.92	0.46
19981129	0.11	5.11	0.49
19981130	0.0	3.66	0.45
19981201	0.0	3.35	0.42
19981202	0.0	2.45	0.41
19981203	0.86	1.76	0.41
19981204	3.27	2.13	0.4
19981205	4.19	0.54	0.41
19981206	0.06	-0.98	0.4
19981207	0.23	2.33	0.37
19981208	5.8	6.85	0.72
19981209	0.28	7.49	0.97
19981210	8.98	6.66	0.92
19981211	2.0	8.26	1.65
19981212	2.39	9.69	1.28
19981213	4.52	10.19	1.25
19981214	0.04	12.85	1.32
19981215	11.46	8.38	1.68
19981216	0.02	7.13	2.22
19981217	0.2	6.81	1.35
19981218	8.7	6.41	1.21
19981219	2.24	4.09	1.65
19981220	0.46	1.89	1.27
19981221	0.2	0.44	1.1
19981222	0.99	4.25	0.98
19981223	9.86	4.04	1.49
19981224	2.26	5.79	1.84
19981225	7.83	7.78	1.75
19981226	5.12	8.31	2.45
19981227	1.42	6.53	2.1
19981228	0.0	3.55	1.4
19981229	0.0	6.51	1.13
19981230	1.63	9.29	0.98
19981231	1.02	7.28	0.9
19990101	0.47	7.68	0.81
19990102	3.61	5.9	0.74
19990103	7.44	8.12	1.18
19990104	1.79	10.53	1.68
19990105	0.3	11.04	1.28
19990106	3.74	8.33	1.09
19990107	3.1	4.89	1.16
19990108	0.82	3.12	1.17
19990109	0.52	1.48	0.95
19990110	1.41	1.87	0.82
19990111	0.22	0.28	0.74
19990112	9.48	1.26	1.25
19990113	1.45	3.97	1.45
19990114	0.02	5.81	1.4
19990115	8.35	7.59	1.2
19990116	0.02	5.09	1.8
19990117	0.0	4.78	1.32
19990118	0.78	7.15	1.04
19990119	1.19	11.14	0.98
19990120	0.18	7.42	0.89
19990121	0.0	3.28	0.77
19990122	0.03	1.01	0.69
19990123	2.49	4.74	0.7
19990124	0.07	8.27	0.74
19990125	3.19	7.97	0.96
19990126	3.74	4.33	1.05
19990127	4.14	4.74	1.08
19990128	0.58	5.11	1.2
19990129	0.01	3.2	1.03
19990130	0.01	2.2	0.83
19990131	0.02	4.21	0.73
19990201	0.01	3.96	0.61
19990202	0.0	5.8	0.62
19990203	0.0	8.19	0.6
19990204	0.0	9.7	0.59
19990205	0.04	5.65	0.56
19990206	1.32	3.67	0.53
19990207	0.18	0.15	0.51
19990208	1.74	-0.29	0.45
19990209	1.28	-0.11	0.46
19990210	2.76	-0.12	0.45
19990211	0.06	1.62	0.45
19990212	0.0	1.7	0.45
19990213	0.0	0.45	0.44
19990214	1.7	2.62	0.44
19990215	0.19	4.41	0.46
19990216	0.04	4.5	0.46
19990217	4.95	4.74	0.44
19990218	1.43	7.99	0.48
19990219	0.2	7.96	0.49
19990220	4.55	6.79	0.46
19990221	1.11	5.47	0.59
19990222	0.01	4.08	0.55
19990223	0.17	3.04	0.46
19990224	0.0	2.17	0.44
19990225	0.41	5.68	0.42
19990226	9.51	9.59	0.49
19990227	0.01	6.56	0.77
19990228	4.91	9.39	0.66
19990301	13.13	11.24	1.24
19990302	4.5	10.38	2.61
19990303	1.95	7.53	2.18
19990304	0.37	4.03	1.32
19990305	1.09	3.23	1.02
19990306	4.35	2.66	0.85
19990307	5.3	3.23	1.3
19990308	4.17	4.15	1.47
19990309	16.78	3.26	2.48
19990310	0.1	2.37	4.13
19990311	0.2	5.5	2.53
19990312	1.04	9.63	1.42
19990313	0.03	7.77	1.13
19990314	0.01	7.34	0.92
19990315	0.0	7.45	0.8
19990316	0.0	8.34	0.71
19990317	0.13	10.08	0.64
19990318	0.05	7.56	0.56
19990319	0.0	6.81	0.54
19990320	4.17	7.45	0.52
19990321	8.91	7.37	0.91
19990322	0.63	6.98	1.13
19990323	0.0	10.54	0.86
19990324	0.0	8.47	0.74
19990325	0.46	9.2	0.68
19990326	1.39	5.48	0.64
19990327	0.0	5.99	0.56
19990328	0.01	10.76	0.45
19990329	0.59	11.54	0.47
19990330	0.1	10.96	0.46
19990331	0.0	12.93	0.43
19990401	0.0	11.46	0.42
19990402	0.38	11.99	0.41
19990403	0.07	9.83	0.39
19990404	1.52	14.07	0.38
19990405	0.0	13.58	0.39
19990406	0.48	12.78	0.38
19990407	1.63	9.1	0.36
19990408	0.01	11.79	0.35
19990409	0.0	12.32	0.34
19990410	0.01	10.01	0.34
19990411	6.68	9.57	0.35
19990412	2.54	8.52	0.44
19990413	8.3	3.59	0.49
19990414	0.21	2.97	0.56
19990415	0.11	4.46	0.4
19990416	1.57	5.49	0.38
19990417	4.2	5.63	0.48
19990418	3.14	4.99	0.65
19990419	0.37	6.44	0.47
19990420	6.85	9.26	0.6
19990421	0.26	11.88	0.76
19990422	1.29	10.47	0.5
19990423	1.39	10.81	0.46
19990424	3.29	10.18	0.43
19990425	0.01	11.81	0.42
19990426	0.05	12.28	0.35
19990427	0.0	11.64	0.33
19990428	0.0	11.13	0.31
19990429	0.0	8.32	0.3
19990430	0.0	11.18	0.3
19990501	0.0	11.27	0.29
19990502	0.0	10.64	0.27
19990503	0.0	13.01	0.26
19990504	0.0	11.95	0.25
19990505	0.8	12.86	0.25
19990506	0.01	12.69	0.25
19990507	8.63	13.88	0.3
19990508	2.08	14.23	0.35
19990509	0.68	15.88	0.29
19990510	2.13	14.3	0.29
19990511	4.07	13.9	0.28
19990512	2.02	13.58	0.28
19990513	0.1	12.69	0.28
19990514	1.39	12.47	0.27
19990515	0.02	9.91	0.24
19990516	0.07	10.44	0.22
19990517	0.13	11.61	0.22
19990518	2.07	12.79	0.24
19990519	0.0	14.7	0.23
19990520	0.0	13.54	0.23
19990521	0.66	13.49	0.21
19990522	0.0	12.9	0.2
19990523	0.0	14.94	0.2
19990524	0.22	13.64	0.19
19990525	0.0	11.78	0.19
19990526	0.0	14.21	0.18
19990527	0.0	17.81	0.18
19990528	0.0	15.87	0.18
19990529	1.31	16.94	0.17
19990530	0.75	10.63	0.17
19990531	0.0	11.33	0.17
19990601	10.78	15.03	0.17
19990602	3.25	16.44	0.25
19990603	0.72	14.45	0.22
19990604	4.06	12.84	0.21
19990605	8.09	12.38	0.23
19990606	7.52	11.96	0.35
19990607	12.64	11.21	0.58
19990608	2.91	10.2	0.45
19990609	0.01	12.32	0.36
19990610	1.35	11.84	0.3
19990611	1.72	10.55	0.27
19990612	17.4	11.26	0.78
19990613	0.01	13.59	0.83
19990614	0.63	16.37	0.45
19990615	0.0	16.81	0.37
19990616	0.0	17.93	0.3
19990617	0.0	13.17	0.22
19990618	0.0	15.99	0.22
19990619	2.06	18.05	0.21
19990620	0.27	13.16	0.21
19990621	1.19	10.88	0.21
19990622	0.19	14.56	0.2
19990623	0.01	14.97	0.19
19990624	0.0	11.93	0.19
19990625	0.0	13.88	0.18
19990626	1.44	17.44	0.17
19990627	3.26	14.82	0.18
19990628	6.97	14.88	0.18
19990629	6.23	14.69	0.3
19990630	1.84	15.53	0.21
19990701	1.87	17.71	0.21
19990702	20.41	20.24	0.26
19990703	0.01	18.69	0.63
19990704	1.21	18.22	0.3
19990705	9.48	17.79	0.65
19990706	6.49	19.94	0.79
19990707	0.02	18.92	0.74
19990708	0.0	19.31	0.33
19990709	0.0	17.35	0.27
19990710	0.0	18.84	0.23
19990711	0.01	18.76	0.2
19990712	0.0	16.9	0.18
19990713	2.83	18.27	0.15
19990714	0.24	13.7	0.16
19990715	0.01	15.57	0.15
19990716	0.0	17.85	0.15
19990717	0.0	18.07	0.14
19990718	0.28	21.07	0.14
19990719	1.38	21.17	0.13
19990720	0.58	18.65	0.13
19990721	0.07	15.84	0.13
19990722	0.1	12.53	0.12
19990723	0.0	18.84	0.12
19990724	0.0	21.96	0.12
19990725	0.0	16.7	0.12
19990726	0.0	14.27	0.12
19990727	0.0	16.46	0.12
19990728	0.0	16.69	0.12
19990729	0.0	17.84	0.11
19990730	0.0	19.38	0.11
19990731	0.0	19.95	0.11
19990801	1.38	21.8	0.11
19990802	0.0	22.63	0.11
19990803	2.83	20.76	0.11
19990804	11.35	20.28	0.12
19990805	0.13	19.5	0.17
19990806	1.42	21.0	0.14
19990807	3.82	17.6	0.13
19990808	19.96	16.81	0.36
19990809	18.35	17.42	0.52
19990810	4.83	12.0	0.85
19990811	0.01	13.17	0.6
19990812	0.03	15.1	0.34
19990813	4.86	17.79	0.27
19990814	8.44	16.28	0.31
19990815	0.0	13.47	0.36
19990816	2.65	13.51	0.27
19990817	8.77	15.11	0.23
19990818	4.36	15.23	0.25
19990819	4.1	14.35	0.25
19990820	0.7	12.56	0.21
19990821	0.0	10.71	0.2
19990822	0.0	14.23	0.2
19990823	0.0	15.39	0.18
19990824	0.01	17.95	0.17
19990825	0.81	20.9	0.17
19990826	0.05	17.43	0.17
19990827	0.0	15.49	0.16
19990828	0.0	18.42	0.15
19990829	0.0	18.99	0.14
19990830	0.0	16.44	0.14
19990831	0.0	17.68	0.14
19990901	0.0	18.01	0.14
19990902	0.0	19.49	0.14
19990903	0.0	17.94	0.13
19990904	0.0	18.46	0.13
19990905	0.0	17.95	0.13
19990906	0.04	20.06	0.13
19990907	0.0	16.7	0.13
19990908	0.18	18.32	0.12
19990909	0.0	13.97	0.12
19990910	0.0	19.13	0.12
19990911	0.0	21.51	0.12
19990912	1.35	14.61	0.12
19990913	4.72	13.25	0.14
19990914	17.17	15.44	0.15
19990915	5.35	14.77	0.37
19990916	4.31	13.37	0.24
19990917	0.04	14.97	0.23
19990918	0.0	17.64	0.2
19990919	6.97	17.46	0.18
19990920	3.28	16.24	0.21
19990921	6.04	14.99	0.23
19990922	1.43	18.21	0.23
19990923	4.02	17.26	0.24
19990924	3.87	15.89	0.32
19990925	5.49	15.45	0.52
19990926	5.3	14.15	0.7
19990927	0.07	14.83	0.41
19990928	4.99	15.07	0.37
19990929	0.97	15.3	0.37
19990930	0.44	13.3	0.34
19991001	10.94	11.28	0.29
19991002	0.02	10.26	0.43
19991003	4.47	10.42	0.53
19991004	1.16	8.29	0.46
19991005	0.68	7.26	0.35
19991006	0.02	8.84	0.28
19991007	6.6	11.47	0.24
19991008	0.09	14.84	0.31
19991009	0.02	15.38	0.31
19991010	0.0	13.79	0.28
19991011	0.0	8.92	0.28
19991012	0.01	8.46	0.23
19991013	0.0	9.07	0.19
19991014	0.01	12.31	0.19
19991015	0.0	11.98	0.2
19991016	0.01	10.34	0.2
19991017	0.0	9.61	0.19
19991018	0.0	9.45	0.18
19991019	0.0	9.16	0.17
19991020	0.2	9.12	0.17
19991021	6.26	10.74	0.2
19991022	5.87	12.59	0.23
19991023	8.52	12.75	0.26
19991024	5.04	11.14	0.62
19991025	0.04	10.73	0.6
19991026	0.0	11.02	0.4
19991027	0.01	11.41	0.26
19991028	0.02	10.25	0.26
19991029	0.05	12.46	0.25
19991030	2.73	13.36	0.26
19991031	0.0	12.63	0.25
19991101	0.17	12.98	0.23
19991102	0.01	8.23	0.22
19991103	0.01	10.66	0.2
19991104	0.02	11.2	0.2
19991105	10.54	7.75	0.23
19991106	0.0	5.7	0.34
19991107	0.02	7.98	0.28
19991108	0.08	9.61	0.25
19991109	0.02	9.2	0.23
19991110	0.44	9.29	0.22
19991111	1.52	6.8	0.22
19991112	0.01	5.34	0.22
19991113	0.66	8.47	0.21
19991114	0.61	7.16	0.21
19991115	1.43	6.52	0.21
19991116	1.45	4.08	0.21
19991117	2.49	2.53	0.22
19991118	7.92	3.88	0.31
19991119	5.73	5.13	0.86
19991120	1.44	4.55	0.93
19991121	2.32	4.99	0.73
19991122	1.01	5.12	0.73
19991123	0.06	7.46	0.64
19991124	2.34	11.19	0.53
19991125	0.34	10.35	0.49
19991126	2.69	7.96	0.46
19991127	0.05	8.94	0.45
19991128	1.94	9.84	0.43
19991129	1.58	4.02	0.43
19991130	0.07	8.28	0.41
19991201	0.03	7.23	0.4
19991202	0.38	7.38	0.36
19991203	1.25	6.39	0.35
19991204	1.44	2.48	0.33
19991205	0.01	4.97	0.31
19991206	0.49	9.74	0.25
19991207	0.14	6.76	0.28
19991208	1.66	7.22	0.29
19991209	0.26	6.06	0.3
19991210	6.05	6.23	0.29
19991211	13.73	8.2	1.25
19991212	2.4	4.21	1.48
19991213	10.86	2.02	1.43
19991214	2.38	0.77	2.21
19991215	3.44	1.7	1.45
19991216	3.36	4.55	1.49
19991217	0.33	4.7	1.55
19991218	0.06	0.11	1.25
19991219	1.41	-1.53	0.94
19991220	0.19	-0.86	0.67
19991221	1.83	2.49	0.69
19991222	8.13	6.45	0.78
19991223	2.03	7.33	1.5
19991224	6.77	7.1	1.46
19991225	0.35	4.19	1.74
19991226	2.62	4.2	1.31
19991227	1.57	1.66	1.35
19991228	0.27	0.9	1.11
19991229	0.24	0.71	0.92
19991230	4.96	2.28	0.91
19991231	0.25	4.97	1.09
20000101	0.18	5.2	0.95
20000102	0.02	7.01	0.82
20000103	6.78	5.08	0.91
20000104	0.3	3.59	1.29
20000105	0.52	6.67	1.04
20000106	0.11	5.57	0.88
20000107	0.94	7.01	0.7
20000108	0.0	3.59	0.68
20000109	0.01	1.09	0.58
20000110	0.05	2.93	0.53
20000111	0.01	7.99	0.51
20000112	2.43	5.47	0.51
20000113	1.98	2.51	0.55
20000114	0.4	3.58	0.55
20000115	0.33	3.85	0.49
20000116	0.01	2.67	0.43
20000117	0.0	4.42	0.46
20000118	0.48	5.98	0.44
20000119	0.3	3.07	0.46
20000120	0.02	3.62	0.43
20000121	1.65	4.88	0.45
20000122	1.83	3.77	0.48
20000123	1.04	3.06	0.47
20000124	0.18	1.82	0.5
20000125	0.08	1.68	0.49
20000126	0.01	3.24	0.46
20000127	0.01	2.66	0.44
20000128	1.38	7.2	0.46
20000129	0.08	10.6	0.49
20000130	0.22	10.55	0.41
20000131	0.13	10.27	0.38
20000201	8.38	7.2	0.43
20000202	0.01	5.63	0.69
20000203	0.06	6.53	0.58
20000204	0.02	8.96	0.52
20000205	0.0	8.44	0.49
20000206	2.5	7.51	0.44
20000207	5.77	7.42	0.61
20000208	2.59	8.31	0.88
20000209	0.08	6.9	0.7
20000210	2.41	4.27	0.68
20000211	0.92	6.19	0.56
20000212	0.24	5.53	0.55
20000213	0.01	2.73	0.48
20000214	2.59	4.51	0.4
20000215	3.41	3.58	0.49
20000216	0.62	1.88	0.55
20000217	2.18	3.7	0.5
20000218	2.62	6.33	0.53
20000219	0.36	3.04	0.51
20000220	1.31	3.55	0.47
20000221	0.1	2.91	0.46
20000222	0.03	4.33	0.44
20000223	0.13	8.44	0.39
20000224	5.26	5.07	0.41
20000225	0.01	4.0	0.52
20000226	0.0	6.21	0.48
20000227	4.43	7.48	0.5
20000228	2.42	6.54	0.65
20000229	4.9	5.57	1.01
20000301	0.53	3.44	1.04
20000302	4.12	6.86	0.83
20000303	3.02	4.2	0.96
20000304	0.0	2.3	0.88
20000305	0.0	5.19	0.69
20000306	0.0	9.63	0.64
20000307	0.14	12.15	0.58
20000308	0.0	13.85	0.52
20000309	0.28	10.32	0.43
20000310	0.25	9.99	0.42
20000311	0.0	6.65	0.41
20000312	0.0	8.35	0.37
20000313	0.03	11.49	0.32
20000314	0.32	6.04	0.34
20000315	0.0	7.06	0.32
20000316	0.0	7.81	0.31
20000317	0.06	7.84	0.3
20000318	0.0	6.0	0.3
20000319	0.0	7.01	0.29
20000320	0.0	7.02	0.29
20000321	0.01	6.65	0.28
20000322	0.01	6.1	0.29
20000323	2.03	7.46	0.29
20000324	0.43	8.53	0.29
20000325	1.68	6.14	0.29
20000326	0.15	5.56	0.27
20000327	2.7	5.97	0.28
20000328	0.38	5.01	0.27
20000329	0.01	5.94	0.29
20000330	0.0	5.6	0.26
20000331	0.04	4.69	0.26
20000401	2.57	8.6	0.27
20000402	4.12	9.78	0.28
20000403	3.49	6.92	0.32
20000404	6.06	4.29	0.4
20000405	0.11	3.69	0.36
20000406	0.0	3.96	0.3
20000407	0.01	6.68	0.27
20000408	0.53	9.77	0.27
20000409	0.02	6.97	0.27
20000410	0.06	4.95	0.26
20000411	7.78	4.91	0.28
20000412	2.54	5.61	0.39
20000413	1.15	5.63	0.37
20000414	1.41	5.85	0.37
20000415	7.75	4.17	0.59
20000416	1.68	8.7	0.62
20000417	0.61	8.8	0.46
20000418	1.17	10.28	0.37
20000419	0.35	12.3	0.33
20000420	2.11	11.7	0.31
20000421	1.77	12.07	0.27
20000422	1.7	11.63	0.3
20000423	1.91	9.42	0.31
20000424	3.58	12.14	0.29
20000425	12.75	13.19	0.34
20000426	0.51	10.53	1.0
20000427	1.92	12.47	0.63
20000428	0.46	10.52	0.45
20000429	0.04	12.24	0.41
20000430	0.21	9.67	0.35
20000501	0.0	10.82	0.31
20000502	0.25	9.51	0.27
20000503	0.18	9.03	0.27
20000504	0.0	9.53	0.27
20000505	0.0	13.0	0.26
20000506	0.01	15.53	0.23
20000507	0.0	13.79	0.23
20000508	0.0	15.04	0.21
20000509	4.4	14.94	0.21
20000510	0.03	13.95	0.24
20000511	0.0	12.21	0.21
20000512	5.36	14.32	0.2
20000513	0.0	15.12	0.31
20000514	0.05	17.75	0.19
20000515	0.45	19.55	0.16
20000516	0.05	16.75	0.15
20000517	1.49	11.85	0.15
20000518	9.28	10.67	0.16
20000519	4.12	8.36	0.17
20000520	3.39	11.24	0.16
20000521	2.03	9.36	0.16
20000522	0.5	13.65	0.16
20000523	5.33	11.36	0.19
20000524	7.71	12.51	0.18
20000525	1.91	11.15	0.21
20000526	14.36	10.23	0.3
20000527	22.8	10.85	0.39
20000528	8.76	8.88	2.02
20000529	2.62	9.93	2.2
20000530	1.43	9.72	0.73
20000531	6.04	14.39	0.68
20000601	0.22	14.74	0.68
20000602	0.0	16.25	0.5
20000603	0.01	17.06	0.41
20000604	0.0	14.38	0.35
20000605	0.0	11.17	0.31
20000606	1.35	13.11	0.3
20000607	0.0	14.77	0.27
20000608	0.0	16.13	0.2
20000609	0.55	16.85	0.21
20000610	0.0	14.21	0.2
20000611	0.0	14.77	0.19
20000612	0.0	20.5	0.18
20000613	0.12	16.77	0.17
20000614	3.14	16.34	0.18
20000615	0.0	14.83	0.18
20000616	0.0	15.19	0.17
20000617	0.0	18.62	0.16
20000618	0.0	21.28	0.14
20000619	0.0	24.58	0.13
20000620	6.44	20.19	0.14
20000621	0.01	15.65	0.17
20000622	2.44	15.92	0.16
20000623	0.1	14.0	0.16
20000624	0.9	12.4	0.15
20000625	0.0	9.92	0.15
20000626	0.0	12.53	0.14
20000627	0.0	15.52	0.14
20000628	3.1	13.56	0.14
20000629	2.98	11.73	0.16
20000630	0.06	13.09	0.17
20000701	1.83	15.29	0.16
20000702	1.47	17.25	0.16
20000703	5.05	16.71	0.19
20000704	6.78	14.61	0.21
20000705	1.46	13.51	0.2
20000706	0.55	14.51	0.18
20000707	0.13	12.02	0.17
20000708	2.22	14.74	0.16
20000709	6.88	15.85	0.18
20000710	19.32	13.2	0.41
20000711	0.39	10.38	0.46
20000712	0.25	14.9	0.27
20000713	1.19	15.18	0.22
20000714	2.45	13.03	0.19
20000715	1.06	12.3	0.18
20000716	0.08	11.97	0.18
20000717	0.0	11.71	0.17
20000718	0.0	14.83	0.17
20000719	0.0	17.33	0.16
20000720	0.0	16.18	0.15
20000721	0.0	16.36	0.14
20000722	0.14	13.9	0.13
20000723	0.13	14.06	0.12
20000724	0.1	13.13	0.16
20000725	0.02	13.57	0.14
20000726	0.0	15.6	0.14
20000727	9.34	17.63	0.16
20000728	2.83	18.47	0.19
20000729	2.35	17.32	0.19
20000730	0.05	18.28	0.17
20000731	0.08	20.06	0.15
20000801	0.0	17.32	0.14
20000802	4.91	18.51	0.15
20000803	7.0	15.49	0.17
20000804	0.0	16.7	0.18
20000805	0.0	18.46	0.15
20000806	0.01	19.38	0.15
20000807	1.0	18.6	0.14
20000808	0.03	19.19	0.13
20000809	0.0	20.65	0.13
20000810	0.0	17.99	0.12
20000811	0.01	17.77	0.11
20000812	0.0	19.7	0.11
20000813	0.02	22.57	0.11
20000814	0.0	20.17	0.11
20000815	0.34	19.36	0.11
20000816	0.04	18.24	0.11
20000817	0.01	17.09	0.1
20000818	8.54	16.6	0.12
20000819	0.03	15.64	0.14
20000820	4.22	15.66	0.14
20000821	1.83	14.11	0.19
20000822	0.01	16.05	0.16
20000823	0.0	14.5	0.13
20000824	0.0	16.63	0.13
20000825	0.0	18.92	0.12
20000826	0.43	18.9	0.12
20000827	2.52	16.07	0.13
20000828	2.23	14.74	0.13
20000829	0.03	14.22	0.13
20000830	0.01	12.34	0.13
20000831	7.4	16.5	0.13
20000901	4.39	14.0	0.19
20000902	2.01	14.75	0.17
20000903	0.06	12.98	0.17
20000904	0.0	13.28	0.15
20000905	0.29	16.79	0.14
20000906	1.0	14.14	0.13
20000907	0.99	16.46	0.13
20000908	1.07	16.04	0.13
20000909	0.26	19.19	0.13
20000910	0.0	20.16	0.12
20000911	0.0	20.61	0.12
20000912	0.0	17.77	0.11
20000913	0.0	16.07	0.11
20000914	1.35	18.03	0.11
20000915	20.92	15.49	0.2
20000916	1.89	12.48	0.31
20000917	0.0	15.89	0.22
20000918	9.43	14.7	0.2
20000919	7.05	14.82	0.23
20000920	0.03	12.24	0.32
20000921	0.2	16.64	0.28
20000922	0.09	17.31	0.22
20000923	0.0	18.17	0.19
20000924	2.28	14.54	0.16
20000925	17.55	15.43	0.19
20000926	0.04	16.31	0.44
20000927	6.73	15.66	0.36
20000928	1.58	14.1	0.36
20000929	0.23	15.68	0.34
20000930	0.06	13.49	0.29
20001001	0.72	14.15	0.25
20001002	0.87	11.26	0.22
20001003	0.21	13.6	0.2
20001004	0.03	12.81	0.18
20001005	0.83	9.56	0.17
20001006	0.15	8.95	0.17
20001007	3.95	10.42	0.17
20001008	0.07	8.05	0.17
20001009	18.09	9.01	0.3
20001010	9.02	8.64	0.96
20001011	0.75	9.3	1.07
20001012	0.44	9.03	0.65
20001013	0.01	9.54	0.39
20001014	0.07	9.22	0.35
20001015	0.02	12.06	0.27
20001016	6.46	8.75	0.34
20001017	3.31	11.11	0.35
20001018	1.52	10.72	0.35
20001019	0.05	9.62	0.36
20001020	14.27	12.82	0.48
20001021	0.22	10.62	1.34
20001022	0.38	11.68	0.86
20001023	1.24	12.6	0.61
20001024	0.22	11.59	0.46
20001025	0.08	10.48	0.42
20001026	6.72	10.11	0.34
20001027	5.53	12.05	0.68
20001028	9.84	11.28	1.31
20001029	24.16	10.37	1.61
20001030	0.9	8.82	3.5
20001031	0.48	8.92	2.71
20001101	0.03	7.11	1.08
20001102	9.95	7.95	1.33
20001103	0.03	5.82	1.22
20001104	0.08	5.54	0.83
20001105	21.78	7.73	0.83
20001106	15.7	9.5	3.67
20001107	4.94	8.19	4.95
20001108	1.68	6.51	3.52
20001109	2.41	7.1	1.93
20001110	1.84	8.02	1.43
20001111	7.69	9.81	1.45
20001112	0.05	5.81	2.36
20001113	0.0	4.51	1.47
20001114	0.45	4.39	1.05
20001115	6.31	4.87	0.87
20001116	1.56	4.95	1.4
20001117	0.32	4.12	1.26
20001118	4.33	7.16	1.04
20001119	0.53	4.78	1.2
20001120	0.18	3.83	1.07
20001121	5.1	5.36	0.92
20001122	1.76	6.49	1.17
20001123	5.28	5.94	1.38
20001124	1.89	6.75	1.49
20001125	3.63	8.26	1.44
20001126	0.01	6.58	1.44
20001127	5.97	9.12	1.08
20001128	0.04	12.25	1.42
20001129	0.13	9.32	1.2
20001130	1.76	8.82	0.95
20001201	4.56	10.09	1.12
20001202	0.06	7.58	1.11
20001203	0.27	7.54	0.92
20001204	1.42	10.8	0.86
20001205	0.28	10.9	0.78
20001206	0.1	8.55	0.7
20001207	6.47	9.68	0.73
20001208	0.8	9.33	1.08
20001209	3.16	9.04	0.87
20001210	5.11	10.29	1.02
20001211	4.03	12.65	1.37
20001212	2.59	10.77	1.59
20001213	0.02	7.31	1.35
20001214	1.96	5.33	1.04
20001215	0.0	1.52	0.86
20001216	0.07	0.87	0.72
20001217	0.01	0.3	0.64
20001218	0.02	4.48	0.59
20001219	0.35	7.24	0.55
20001220	0.0	6.54	0.54
20001221	0.01	4.0	0.51
20001222	0.0	4.7	0.49
20001223	9.67	4.64	0.49
20001224	12.26	3.76	1.95
20001225	0.53	2.18	2.61
20001226	0.0	1.62	1.43
20001227	0.16	-0.76	1.05
20001228	0.19	-2.36	0.86
20001229	0.07	-1.72	0.69
20001230	0.06	-2.02	0.59
20001231	8.64	2.27	0.65
20010101	0.57	8.42	1.35
20010102	0.22	6.27	1.24
20010103	1.98	6.12	0.96
20010104	13.9	7.25	1.75
20010105	0.26	3.99	2.95
20010106	0.11	3.92	1.73
20010107	0.31	4.01	1.16
20010108	0.08	2.97	0.93
20010109	0.02	1.6	0.81
20010110	0.1	3.91	0.73
20010111	0.0	3.58	0.63
20010112	0.0	3.21	0.58
20010113	0.08	3.03	0.54
20010114	0.08	3.64	0.52
20010115	0.01	-0.01	0.52
20010116	0.08	-1.17	0.48
20010117	0.01	-0.7	0.46
20010118	0.15	-0.52	0.45
20010119	0.2	-0.94	0.44
20010120	0.01	-1.23	0.43
20010121	2.85	2.57	0.48
20010122	1.78	5.68	0.53
20010123	10.15	8.14	0.8
20010124	2.41	6.52	1.79
20010125	0.02	5.58	1.39
20010126	13.31	4.18	1.52
20010127	0.6	2.24	2.71
20010128	0.09	2.53	1.48
20010129	0.08	1.06	1.07
20010130	2.22	2.48	0.92
20010131	0.07	0.97	0.87
20010201	2.72	0.29	0.8
20010202	5.01	3.99	0.98
20010203	8.34	5.66	1.52
20010204	16.43	5.17	3.91
20010205	5.32	8.1	5.01
20010206	1.17	9.1	3.49
20010207	10.96	8.27	1.91
20010208	3.09	2.95	3.65
20010209	0.15	2.63	2.5
20010210	1.73	8.16	1.47
20010211	1.17	11.39	1.31
20010212	9.93	5.49	2.23
20010213	0.01	3.89	2.0
20010214	0.09	4.12	1.36
20010215	0.01	2.57	1.13
20010216	0.01	4.71	0.95
20010217	0.0	2.89	0.83
20010218	0.08	1.89	0.77
20010219	0.1	2.37	0.72
20010220	0.0	4.47	0.68
20010221	0.17	6.5	0.67
20010222	1.41	4.76	0.65
20010223	1.36	2.55	0.67
20010224	0.86	0.99	0.61
20010225	0.31	1.06	0.57
20010226	3.16	3.88	0.59
20010227	3.04	2.07	0.68
20010228	9.83	2.17	1.09
20010301	3.64	0.06	2.21
20010302	5.84	-0.93	1.91
20010303	0.73	0.21	1.64
20010304	0.01	0.03	1.51
20010305	0.0	2.9	1.35
20010306	6.04	7.23	1.26
20010307	0.02	10.15	1.52
20010308	15.38	7.74	2.46
20010309	1.61	10.56	3.76
20010310	1.57	10.09	1.8
20010311	12.07	7.98	2.11
20010312	9.11	6.73	3.16
20010313	0.29	4.99	3.06
20010314	0.0	6.04	1.7
20010315	1.38	7.66	1.29
20010316	8.36	4.07	1.13
20010317	2.74	2.71	1.78
20010318	5.17	2.14	1.86
20010319	0.04	1.57	1.82
20010320	1.92	2.93	1.36
20010321	8.41	2.19	1.98
20010322	3.98	5.87	2.07
20010323	2.95	7.84	2.19
20010324	0.02	5.72	1.75
20010325	0.11	3.2	1.32
20010326	0.19	2.9	1.09
20010327	3.37	6.41	1.0
20010328	4.61	6.29	1.31
20010329	3.58	7.19	1.52
20010330	0.16	8.09	1.32
20010331	0.01	11.27	1.11
20010401	0.08	11.74	0.95
20010402	7.47	13.1	0.99
20010403	2.49	10.34	1.12
20010404	2.62	6.74	1.11
20010405	7.83	9.05	1.4
20010406	1.29	8.94	1.57
20010407	6.94	7.92	1.51
20010408	1.04	8.56	1.45
20010409	3.07	10.34	1.22
20010410	1.42	7.65	1.12
20010411	0.0	6.67	0.97
20010412	0.0	5.65	0.87
20010413	0.01	3.65	0.77
20010414	1.77	7.26	0.76
20010415	1.58	7.56	0.75
20010416	0.2	4.91	0.66
20010417	4.43	5.81	0.66
20010418	2.68	3.98	0.74
20010419	6.98	4.36	0.68
20010420	3.32	4.74	0.96
20010421	0.03	5.83	0.93
20010422	0.0	8.05	0.8
20010423	0.48	6.27	0.69
20010424	2.33	7.62	0.65
20010425	1.38	9.72	0.61
20010426	2.92	8.1	0.59
20010427	5.16	10.38	0.58
20010428	1.86	8.79	0.73
20010429	4.73	8.93	0.81
20010430	0.01	9.06	0.7
20010501	0.0	8.65	0.59
20010502	0.72	8.7	0.55
20010503	0.36	9.56	0.54
20010504	0.07	6.66	0.49
20010505	0.0	8.05	0.45
20010506	0.01	8.71	0.42
20010507	0.0	8.04	0.4
20010508	0.01	9.23	0.4
20010509	0.06	13.36	0.4
20010510	0.0	14.93	0.39
20010511	0.0	14.37	0.37
20010512	0.0	14.48	0.33
20010513	0.0	15.58	0.35
20010514	20.34	13.04	0.75
20010515	8.46	12.82	0.98
20010516	6.02	12.15	1.12
20010517	4.62	8.73	0.98
20010518	0.22	11.47	0.96
20010519	0.0	11.37	0.64
20010520	0.0	10.54	0.55
20010521	0.0	10.09	0.49
20010522	0.0	11.64	0.45
20010523	0.0	12.79	0.41
20010524	0.0	13.96	0.38
20010525	0.0	13.39	0.36
20010526	0.02	19.07	0.34
20010527	0.0	19.03	0.33
20010528	0.0	17.67	0.33
20010529	0.0	14.82	0.29
20010530	0.01	16.0	0.29
20010531	0.17	12.2	0.28
20010601	1.74	13.74	0.28
20010602	0.89	9.24	0.29
20010603	0.01	9.87	0.28
20010604	0.0	11.81	0.28
20010605	0.0	15.99	0.27
20010606	0.76	13.08	0.27
20010607	0.03	10.14	0.26
20010608	0.01	8.85	0.25
20010609	2.27	11.54	0.27
20010610	0.29	8.89	0.27
20010611	0.0	12.93	0.26
20010612	0.0	12.81	0.26
20010613	0.0	13.73	0.25
20010614	2.65	16.16	0.25
20010615	17.25	15.23	0.33
20010616	31.28	14.78	1.43
20010617	0.03	10.81	2.19
20010618	0.0	13.6	1.05
20010619	0.0	16.73	0.54
20010620	0.0	15.4	0.42
20010621	0.0	12.25	0.38
20010622	0.0	11.49	0.34
20010623	0.0	14.37	0.32
20010624	0.0	16.2	0.29
20010625	0.0	18.54	0.27
20010626	2.76	19.38	0.25
20010627	0.01	18.09	0.26
20010628	0.03	17.85	0.24
20010629	0.26	19.43	0.21
20010630	0.0	17.38	0.21
20010701	0.0	19.79	0.21
20010702	0.0	19.23	0.21
20010703	0.0	19.43	0.21
20010704	0.0	19.61	0.23
20010705	0.26	21.68	0.19
20010706	5.41	20.5	0.19
20010707	13.26	17.14	0.29
20010708	0.02	16.98	0.33
20010709	3.15	18.03	0.26
20010710	4.08	16.39	0.26
20010711	0.14	15.0	0.26
20010712	1.56	15.37	0.24
20010713	4.04	14.9	0.24
20010714	12.87	12.02	0.34
20010715	0.1	13.07	0.36
20010716	4.84	14.36	0.31
20010717	26.48	17.0	0.51
20010718	1.47	15.76	1.06
20010719	17.88	14.74	0.86
20010720	4.52	16.1	1.24
20010721	0.03	17.67	0.89
20010722	0.0	17.85	0.58
20010723	0.0	17.89	0.39
20010724	0.0	16.61	0.35
20010725	0.0	17.15	0.3
20010726	0.0	18.85	0.24
20010727	0.47	19.5	0.25
20010728	0.0	21.14	0.24
20010729	0.0	22.88	0.22
20010730	0.0	20.59	0.21
20010731	0.0	14.74	0.2
20010801	0.0	16.23	0.2
20010802	5.51	17.49	0.21
20010803	2.34	18.44	0.24
20010804	2.35	17.22	0.23
20010805	0.83	17.34	0.22
20010806	8.14	17.84	0.24
20010807	2.57	17.27	0.25
20010808	9.78	15.54	0.24
20010809	5.17	13.17	0.42
20010810	0.01	13.81	0.35
20010811	1.3	18.27	0.26
20010812	7.43	17.92	0.31
20010813	0.02	20.22	0.29
20010814	0.0	20.93	0.27
20010815	8.84	23.87	0.24
20010816	0.01	17.01	0.27
20010817	0.0	17.87	0.27
20010818	8.65	20.1	0.25
20010819	6.21	17.72	0.54
20010820	0.0	17.48	0.49
20010821	0.34	19.04	0.33
20010822	0.0	19.7	0.27
20010823	0.01	20.94	0.23
20010824	0.0	21.05	0.21
20010825	0.0	21.73	0.21
20010826	1.9	16.03	0.23
20010827	0.0	13.38	0.21
20010828	0.0	14.89	0.2
20010829	0.01	17.55	0.19
20010830	0.75	16.07	0.2
20010831	0.12	15.24	0.2
20010901	0.0	16.63	0.19
20010902	5.05	16.2	0.27
20010903	9.46	14.62	0.27
20010904	0.4	10.46	0.32
20010905	14.26	14.82	0.47
20010906	0.01	14.59	0.77
20010907	0.35	14.88	0.44
20010908	0.09	12.26	0.32
20010909	3.74	12.18	0.29
20010910	0.87	10.12	0.28
20010911	0.03	13.88	0.25
20010912	1.43	13.85	0.24
20010913	3.63	12.02	0.24
20010914	1.97	13.02	0.25
20010915	1.32	12.07	0.24
20010916	0.91	11.61	0.22
20010917	13.52	13.18	0.27
20010918	19.84	14.02	1.22
20010919	6.36	13.71	2.91
20010920	0.11	13.41	2.33
20010921	0.03	11.31	0.91
20010922	0.44	12.04	0.63
20010923	3.04	12.55	0.52
20010924	0.8	11.2	0.43
20010925	2.86	11.74	0.38
20010926	0.14	13.37	0.39
20010927	0.28	15.75	0.38
20010928	0.49	17.51	0.34
20010929	1.66	13.85	0.32
20010930	2.33	15.33	0.32
20011001	7.77	15.64	0.32
20011002	2.85	14.17	0.68
20011003	0.03	14.22	0.6
20011004	0.06	15.18	0.39
20011005	0.23	15.78	0.37
20011006	1.7	14.84	0.35
20011007	6.44	14.07	0.35
20011008	1.75	13.23	0.38
20011009	0.07	11.96	0.34
20011010	0.07	14.08	0.3
20011011	0.01	15.09	0.28
20011012	0.0	16.27	0.27
20011013	0.01	16.62	0.27
20011014	0.95	16.32	0.28
20011015	3.43	12.82	0.3
20011016	0.04	12.25	0.28
20011017	0.01	15.47	0.26
20011018	0.36	12.01	0.26
20011019	0.27	15.32	0.26
20011020	14.31	15.21	0.34
20011021	4.57	13.45	1.06
20011022	3.08	12.63	0.84
20011023	0.19	13.95	0.74
20011024	1.21	12.35	0.67
20011025	0.14	14.44	0.57
20011026	5.56	12.89	0.6
20011027	0.04	11.62	0.7
20011028	0.01	10.23	0.49
20011029	0.0	12.27	0.45
20011030	0.71	14.25	0.42
20011031	0.0	7.98	0.38
20011101	0.0	8.31	0.34
20011102	0.01	8.12	0.31
20011103	0.07	9.66	0.31
20011104	0.0	6.78	0.31
20011105	0.75	7.74	0.29
20011106	0.01	9.22	0.29
20011107	9.25	7.7	0.31
20011108	12.87	4.39	0.87
20011109	1.75	3.58	1.6
20011110	0.0	5.79	1.09
20011111	1.85	10.15	0.81
20011112	1.89	7.45	0.73
20011113	4.9	4.78	0.68
20011114	0.36	3.39	0.96
20011115	0.08	4.77	0.89
20011116	0.0	9.33	0.7
20011117	1.4	8.46	0.62
20011118	2.46	6.2	0.6
20011119	0.02	5.27	0.63
20011120	0.08	6.93	0.63
20011121	2.64	9.94	0.56
20011122	2.06	5.35	0.56
20011123	0.66	5.53	0.55
20011124	0.12	10.13	0.54
20011125	2.41	6.44	0.54
20011126	0.01	2.98	0.54
20011127	1.91	5.36	0.54
20011128	6.37	7.0	0.53
20011129	11.14	11.04	1.51
20011130	2.19	13.2	2.37
20011201	1.62	6.53	1.93
20011202	0.04	3.91	1.27
20011203	2.22	6.79	1.02
20011204	1.08	6.62	0.94
20011205	2.18	7.52	0.94
20011206	0.01	4.94	0.81
20011207	0.0	4.46	0.7
20011208	0.0	3.05	0.6
20011209	0.01	2.14	0.55
20011210	0.19	3.17	0.52
20011211	0.03	5.42	0.49
20011212	0.16	6.57	0.48
20011213	0.08	2.22	0.45
20011214	0.0	0.8	0.42
20011215	1.39	3.23	0.42
20011216	0.01	3.15	0.42
20011217	0.31	4.29	0.41
20011218	0.0	4.64	0.39
20011219	1.89	2.13	0.41
20011220	0.1	2.49	0.42
20011221	5.78	3.14	0.52
20011222	1.87	-0.22	0.72
20011223	1.81	1.38	0.62
20011224	1.47	5.59	1.12
20011225	0.01	1.33	0.94
20011226	1.48	0.53	0.7
20011227	0.52	5.69	0.66
20011228	0.01	2.74	0.6
20011229	0.66	-0.4	0.54
20011230	1.33	-1.07	0.44
20011231	0.01	-2.3	0.41
20020101	0.09	-3.05	0.38
20020102	0.16	-0.19	0.37
20020103	0.0	0.5	0.38
20020104	0.28	1.68	0.38
20020105	0.23	3.2	0.37
20020106	0.54	2.48	0.39
20020107	0.14	3.64	0.43
20020108	0.0	2.12	0.44
20020109	0.08	2.79	0.42
20020110	3.79	3.47	0.43
20020111	0.81	3.39	0.52
20020112	0.03	5.69	0.55
20020113	0.12	7.1	0.54
20020114	7.25	8.32	0.53
20020115	0.52	4.08	1.27
20020116	0.09	4.1	1.08
20020117	3.01	4.76	0.95
20020118	1.88	4.12	0.95
20020119	0.15	7.04	0.94
20020120	0.62	10.37	0.81
20020121	0.11	10.07	0.73
20020122	1.97	8.2	0.66
20020123	2.75	8.19	0.72
20020124	0.41	4.12	0.75
20020125	5.04	5.52	0.76
20020126	6.22	9.32	1.64
20020127	4.41	10.25	1.6
20020128	0.38	9.51	1.44
20020129	0.0	10.0	1.08
20020130	1.87	8.77	0.89
20020131	0.89	7.75	0.75
20020201	0.03	11.49	0.67
20020202	0.04	10.81	0.59
20020203	13.34	6.96	0.89
20020204	5.42	8.49	2.14
20020205	0.75	8.37	1.88
20020206	0.78	4.19	1.24
20020207	2.27	6.28	1.01
20020208	1.72	10.48	1.02
20020209	0.13	8.16	1.02
20020210	1.56	9.72	0.81
20020211	5.5	11.4	0.99
20020212	0.09	7.84	1.09
20020213	0.4	6.02	0.83
20020214	0.0	2.05	0.67
20020215	0.08	3.95	0.6
20020216	0.0	2.43	0.56
20020217	0.03	3.73	0.55
20020218	2.26	6.19	0.5
20020219	7.01	8.26	0.74
20020220	5.28	4.92	1.26
20020221	1.85	6.36	1.12
20020222	0.3	7.18	1.15
20020223	1.0	2.49	0.98
20020224	5.67	4.47	0.83
20020225	5.3	9.24	1.34
20020226	0.31	6.87	1.58
20020227	0.02	5.25	1.09
20020228	0.07	3.79	0.85
20020301	0.02	2.9	0.66
20020302	0.1	2.95	0.59
20020303	0.0	5.71	0.54
20020304	0.01	6.87	0.51
20020305	0.04	7.7	0.49
20020306	0.0	9.95	0.49
20020307	0.0	7.02	0.43
20020308	0.0	7.95	0.41
20020309	0.02	6.09	0.41
20020310	0.76	8.68	0.4
20020311	2.31	6.91	0.45
20020312	0.15	8.23	0.45
20020313	0.0	5.23	0.4
20020314	6.81	5.22	0.41
20020315	1.61	6.41	0.51
20020316	8.4	10.12	0.63
20020317	0.54	10.34	1.22
20020318	11.26	7.79	1.79
20020319	1.07	10.01	2.26
20020320	5.81	11.07	1.32
20020321	0.04	11.35	1.34
20020322	0.0	6.9	1.0
20020323	0.01	4.94	0.78
20020324	0.0	6.59	0.67
20020325	0.13	7.65	0.56
20020326	0.01	5.71	0.54
20020327	0.01	4.95	0.5
20020328	0.0	5.82	0.47
20020329	0.0	7.54	0.45
20020330	0.15	10.76	0.43
20020331	0.0	11.2	0.42
20020401	0.07	9.99	0.41
20020402	0.0	12.65	0.4
20020403	0.02	9.96	0.37
20020404	0.0	10.12	0.35
20020405	0.0	8.4	0.35
20020406	0.07	5.48	0.33
20020407	0.0	6.8	0.33
20020408	0.0	6.08	0.32
20020409	0.58	6.98	0.31
20020410	0.08	7.02	0.3
20020411	0.0	6.58	0.31
20020412	0.31	7.57	0.3
20020413	0.22	5.58	0.29
20020414	0.01	6.96	0.29
20020415	0.0	5.74	0.29
20020416	0.0	7.32	0.28
20020417	0.28	9.53	0.28
20020418	0.63	9.31	0.27
20020419	0.01	6.93	0.24
20020420	0.0	10.76	0.25
20020421	0.0	13.26	0.27
20020422	0.0	14.54	0.25
20020423	0.0	15.16	0.25
20020424	0.0	14.36	0.25
20020425	0.18	11.53	0.24
20020426	6.08	8.54	0.27
20020427	8.1	10.18	0.3
20020428	4.09	9.5	0.42
20020429	3.28	10.12	0.29
20020430	5.56	8.75	0.4
20020501	0.15	8.63	0.33
20020502	7.48	7.62	0.41
20020503	0.06	8.65	0.41
20020504	0.31	7.63	0.3
20020505	3.18	8.88	0.29
20020506	0.57	11.27	0.32
20020507	0.01	10.57	0.28
20020508	0.0	10.89	0.28
20020509	0.0	10.63	0.27
20020510	0.76	11.38	0.27
20020511	0.9	9.35	0.28
20020512	0.32	12.23	0.27
20020513	8.19	12.95	0.28
20020514	0.94	13.2	0.34
20020515	0.0	13.53	0.27
20020516	0.0	15.28	0.24
20020517	4.4	14.71	0.24
20020518	0.11	13.1	0.26
20020519	0.02	15.85	0.26
20020520	3.12	15.7	0.23
20020521	5.21	16.15	0.24
20020522	0.24	13.8	0.25
20020523	4.3	13.78	0.24
20020524	1.56	13.23	0.25
20020525	4.49	12.51	0.24
20020526	2.97	9.45	0.26
20020527	1.58	11.4	0.34
20020528	1.28	11.74	0.27
20020529	1.11	12.21	0.25
20020530	3.11	12.26	0.25
20020531	0.07	13.38	0.27
20020601	0.07	14.43	0.23
20020602	0.82	17.94	0.23
20020603	0.16	13.92	0.22
20020604	2.55	12.89	0.22
20020605	5.19	15.73	0.36
20020606	0.01	14.58	0.27
20020607	0.02	13.06	0.25
20020608	0.0	14.59	0.23
20020609	3.99	13.01	0.22
20020610	3.53	12.82	0.27
20020611	0.68	14.09	0.26
20020612	0.0	14.31	0.23
20020613	1.08	15.64	0.21
20020614	0.3	17.53	0.21
20020615	2.72	17.8	0.2
20020616	0.0	19.82	0.2
20020617	7.63	22.59	0.19
20020618	5.18	16.02	0.27
20020619	0.11	15.85	0.23
20020620	0.03	15.88	0.2
20020621	0.61	16.8	0.18
20020622	0.0	14.61	0.17
20020623	0.0	13.73	0.16
20020624	0.0	14.87	0.15
20020625	0.0	14.64	0.15
20020626	0.28	16.57	0.15
20020627	0.59	13.37	0.14
20020628	0.15	10.98	0.14
20020629	0.0	15.48	0.14
20020630	1.3	15.75	0.14
20020701	1.5	14.85	0.14
20020702	10.93	14.83	0.15
20020703	3.75	12.54	0.21
20020704	2.48	15.47	0.19
20020705	1.46	14.35	0.18
20020706	0.12	14.94	0.18
20020707	0.1	16.56	0.17
20020708	8.04	17.81	0.17
20020709	0.83	14.88	0.25
20020710	0.09	14.59	0.19
20020711	0.65	14.17	0.18
20020712	0.27	14.99	0.17
20020713	0.02	14.55	0.15
20020714	0.01	15.24	0.15
20020715	0.0	17.39	0.15
20020716	0.24	16.44	0.15
20020717	0.62	16.62	0.15
20020718	0.0	14.0	0.14
20020719	0.09	16.7	0.14
20020720	7.44	15.46	0.19
20020721	2.05	13.61	0.29
20020722	0.08	17.18	0.18
20020723	0.69	17.33	0.17
20020724	0.0	15.4	0.16
20020725	0.01	20.1	0.15
20020726	0.0	21.57	0.14
20020727	0.0	21.97	0.13
20020728	1.69	21.67	0.13
20020729	14.73	21.53	0.21
20020730	11.51	22.15	0.2
20020731	2.1	18.64	0.32
20020801	4.02	16.14	0.25
20020802	0.04	18.64	0.2
20020803	8.49	15.8	0.18
20020804	11.79	16.73	0.23
20020805	0.41	18.46	0.33
20020806	0.0	17.72	0.25
20020807	0.01	20.1	0.21
20020808	10.85	17.56	0.21
20020809	4.34	15.77	0.26
20020810	0.1	17.22	0.26
20020811	0.0	18.16	0.22
20020812	0.0	16.02	0.19
20020813	0.0	19.91	0.16
20020814	0.0	20.91	0.16
20020815	1.43	21.78	0.15
20020816	0.0	19.81	0.14
20020817	0.0	22.95	0.14
20020818	7.36	21.56	0.18
20020819	3.47	21.17	0.24
20020820	2.43	16.66	0.31
20020821	0.08	15.18	0.22
20020822	0.01	17.49	0.17
20020823	0.05	16.73	0.17
20020824	0.28	16.2	0.17
20020825	0.09	17.11	0.16
20020826	0.33	16.31	0.16
20020827	0.27	16.9	0.16
20020828	0.01	17.33	0.15
20020829	0.0	20.21	0.14
20020830	0.09	18.34	0.14
20020831	0.0	14.31	0.13
20020901	0.0	13.89	0.13
20020902	0.0	16.71	0.13
20020903	0.09	15.92	0.13
20020904	0.09	15.89	0.13
20020905	0.27	19.24	0.13
20020906	3.75	18.12	0.12
20020907	1.64	14.77	0.13
20020908	6.13	12.95	0.14
20020909	15.0	14.21	0.32
20020910	0.08	14.26	0.22
20020911	0.0	16.63	0.18
20020912	0.09	17.5	0.16
20020913	0.0	18.21	0.15
20020914	0.0	14.76	0.14
20020915	0.0	14.11	0.14
20020916	0.02	14.31	0.14
20020917	0.0	13.4	0.14
20020918	0.01	14.36	0.16
20020919	0.01	13.4	0.16
20020920	0.0	14.16	0.16
20020921	0.96	14.62	0.16
20020922	1.05	13.42	0.16
20020923	0.31	12.36	0.15
20020924	0.01	13.06	0.15
20020925	3.43	13.66	0.15
20020926	0.12	9.77	0.16
20020927	0.0	11.07	0.15
20020928	0.0	13.02	0.15
20020929	0.09	13.71	0.14
20020930	0.0	13.16	0.14
20021001	0.0	16.12	0.14
20021002	0.72	15.61	0.14
20021003	0.02	12.27	0.14
20021004	0.0	11.87	0.13
20021005	4.83	14.61	0.14
20021006	0.05	10.05	0.15
20021007	0.0	9.94	0.15
20021008	0.09	9.05	0.14
20021009	0.0	12.02	0.14
20021010	0.0	11.5	0.14
20021011	5.31	10.09	0.14
20021012	3.5	6.46	0.16
20021013	15.03	9.83	0.22
20021014	5.87	9.63	0.39
20021015	32.32	11.04	1.17
20021016	0.64	7.75	1.6
20021017	0.02	6.82	0.67
20021018	0.62	5.78	0.38
20021019	0.08	4.95	0.3
20021020	4.68	7.5	0.29
20021021	5.51	12.57	0.32
20021022	2.53	10.79	0.46
20021023	0.02	5.36	0.45
20021024	0.16	9.06	0.34
20021025	5.43	11.65	0.35
20021026	3.8	11.4	0.33
20021027	1.96	8.72	0.31
20021028	0.04	8.24	0.27
20021029	1.66	7.98	0.27
20021030	0.45	9.13	0.27
20021031	0.02	10.66	0.25
20021101	4.51	11.6	0.27
20021102	16.29	12.25	0.66
20021103	0.35	9.34	1.82
20021104	0.01	7.47	0.85
20021105	3.48	10.86	0.55
20021106	15.54	8.7	2.09
20021107	0.12	6.04	2.77
20021108	19.75	8.95	2.35
20021109	3.04	5.71	4.06
20021110	3.67	7.73	3.12
20021111	4.43	10.35	2.02
20021112	9.46	8.61	2.13
20021113	4.6	8.05	3.1
20021114	0.47	9.75	2.9
20021115	0.2	7.89	1.55
20021116	0.03	7.52	1.05
20021117	0.38	6.01	0.83
20021118	0.11	3.14	0.69
20021119	0.01	5.95	0.62
20021120	3.26	9.91	0.59
20021121	1.04	9.82	0.66
20021122	1.47	9.05	0.63
20021123	0.25	7.94	0.56
20021124	0.66	6.98	0.55
20021125	0.12	6.67	0.52
20021126	0.01	7.09	0.48
20021127	1.54	8.68	0.46
20021128	0.26	8.6	0.47
20021129	0.23	6.9	0.43
20021130	1.61	7.73	0.41
20021201	4.4	7.98	0.61
20021202	0.41	7.18	0.82
20021203	0.02	6.84	0.6
20021204	6.32	5.86	0.74
20021205	0.84	6.24	0.96
20021206	1.36	6.05	0.77
20021207	0.16	4.14	0.68
20021208	0.0	2.82	0.63
20021209	0.0	2.42	0.54
20021210	0.0	0.87	0.48
20021211	0.0	1.29	0.44
20021212	1.17	3.55	0.42
20021213	3.0	5.57	0.42
20021214	2.93	5.87	0.44
20021215	7.17	5.57	0.88
20021216	1.25	4.56	1.29
20021217	0.51	2.68	1.02
20021218	0.08	2.74	0.81
20021219	0.0	2.84	0.71
20021220	0.01	1.93	0.65
20021221	23.01	6.53	0.64
20021222	1.33	8.96	4.03
20021223	0.8	9.41	3.71
20021224	0.23	10.59	1.58
20021225	5.78	7.89	1.14
20021226	6.91	10.5	1.82
20021227	0.14	9.09	2.82
20021228	1.09	6.17	1.64
20021229	21.84	8.76	2.77
20021230	0.48	4.99	4.84
20021231	8.26	3.95	2.57
20030101	13.0	7.89	3.57
20030102	12.44	5.9	5.81
20030103	1.33	2.04	4.75
20030104	1.52	1.29	2.53
20030105	0.56	1.23	1.57
20030106	0.39	-0.16	1.29
20030107	0.12	-1.55	1.11
20030108	1.65	0.0	0.99
20030109	2.11	1.33	0.87
20030110	2.06	-0.16	1.04
20030111	0.0	-1.35	1.12
20030112	0.08	2.25	0.94
20030113	0.02	8.83	0.94
20030114	0.0	8.77	0.87
20030115	0.08	6.26	0.81
20030116	0.0	6.63	0.72
20030117	0.01	4.39	0.7
20030118	5.2	5.01	0.65
20030119	3.34	6.09	1.03
20030120	2.21	7.24	1.25
20030121	6.76	6.93	1.25
20030122	0.52	6.47	1.56
20030123	0.62	3.24	1.25
20030124	0.75	5.3	1.04
20030125	1.81	7.38	0.96
20030126	1.78	9.49	1.03
20030127	1.01	8.68	1.06
20030128	3.13	5.02	1.02
20030129	8.75	2.67	1.64
20030130	7.8	0.36	2.42
20030131	7.67	-1.01	1.72
20030201	0.94	1.73	1.76
20030202	0.69	3.44	2.65
20030203	0.06	2.0	2.85
20030204	0.19	0.79	1.55
20030205	0.04	0.38	1.16
20030206	0.48	2.77	1.0
20030207	0.03	8.0	0.92
20030208	0.58	8.36	0.85
20030209	2.36	6.0	0.84
20030210	2.16	4.68	0.79
20030211	4.4	5.07	0.97
20030212	0.04	2.38	1.22
20030213	0.0	0.04	1.06
20030214	0.08	0.65	0.87
20030215	0.0	2.09	0.75
20030216	0.0	0.52	0.69
20030217	0.0	-0.58	0.64
20030218	0.08	1.57	0.6
20030219	0.08	2.36	0.61
20030220	0.0	2.52	0.58
20030221	0.09	4.38	0.53
20030222	0.09	4.86	0.52
20030223	0.14	6.3	0.51
20030224	0.01	6.78	0.5
20030225	0.07	5.49	0.49
20030226	0.0	6.44	0.49
20030227	0.03	9.59	0.47
20030228	1.52	6.95	0.45
20030301	3.48	6.39	0.48
20030302	0.02	4.26	0.52
20030303	0.34	7.51	0.46
20030304	0.47	8.8	0.46
20030305	12.58	8.64	0.61
20030306	0.04	6.58	1.44
20030307	2.82	7.07	1.07
20030308	0.81	8.46	0.91
20030309	0.0	10.32	0.78
20030310	0.0	10.03	0.67
20030311	0.65	8.94	0.62
20030312	0.38	5.68	0.52
20030313	0.01	3.17	0.49
20030314	0.01	5.2	0.47
20030315	0.01	4.37	0.44
20030316	0.01	4.02	0.43
20030317	0.0	7.65	0.41
20030318	0.02	3.66	0.41
20030319	0.0	5.12	0.4
20030320	0.0	8.04	0.39
20030321	0.01	2.98	0.38
20030322	0.01	4.57	0.37
20030323	0.0	9.85	0.37
20030324	0.0	9.43	0.36
20030325	0.0	8.28	0.35
20030326	0.0	7.28	0.35
20030327	0.0	8.07	0.34
20030328	0.0	8.58	0.34
20030329	0.01	6.43	0.34
20030330	0.0	6.22	0.33
20030331	0.0	7.89	0.31
20030401	6.91	6.61	0.4
20030402	0.71	5.51	0.36
20030403	0.93	8.05	0.36
20030404	0.0	10.11	0.33
20030405	0.02	9.09	0.31
20030406	0.0	3.84	0.31
20030407	0.0	2.71	0.3
20030408	0.11	2.91	0.3
20030409	0.51	4.41	0.31
20030410	1.26	4.1	0.31
20030411	0.01	4.9	0.3
20030412	0.0	8.19	0.29
20030413	0.0	12.55	0.28
20030414	0.0	13.44	0.27
20030415	0.0	11.6	0.27
20030416	0.0	14.87	0.26
20030417	0.0	12.39	0.26
20030418	0.0	10.72	0.25
20030419	0.0	7.88	0.24
20030420	0.87	11.04	0.25
20030421	0.0	10.62	0.26
20030422	0.0	10.16	0.25
20030423	0.01	9.3	0.24
20030424	0.16	12.04	0.24
20030425	7.89	12.64	0.27
20030426	0.11	11.63	0.3
20030427	7.38	13.31	0.3
20030428	0.71	12.33	0.38
20030429	0.59	13.65	0.3
20030430	1.16	11.9	0.27
20030501	8.74	12.52	0.29
20030502	4.59	11.49	0.41
20030503	0.0	12.59	0.36
20030504	0.15	15.67	0.29
20030505	0.0	10.97	0.27
20030506	0.0	10.73	0.24
20030507	0.0	13.0	0.24
20030508	0.01	11.15	0.2
20030509	0.02	10.4	0.22
20030510	0.04	11.35	0.23
20030511	0.15	11.59	0.23
20030512	5.63	9.41	0.22
20030513	5.62	9.1	0.26
20030514	2.66	7.6	0.26
20030515	0.03	9.73	0.26
20030516	2.66	11.74	0.27
20030517	1.26	12.92	0.3
20030518	0.95	12.81	0.27
20030519	5.27	11.7	0.26
20030520	8.12	12.16	0.33
20030521	2.64	14.06	0.32
20030522	0.34	15.19	0.3
20030523	0.91	12.59	0.27
20030524	1.63	13.12	0.25
20030525	0.19	11.42	0.22
20030526	0.0	13.04	0.23
20030527	0.0	14.26	0.22
20030528	0.01	14.59	0.22
20030529	0.0	15.24	0.19
20030530	0.0	16.41	0.19
20030531	0.16	17.67	0.19
20030601	5.76	18.79	0.22
20030602	4.0	16.01	0.25
20030603	0.3	16.9	0.23
20030604	4.1	16.21	0.23
20030605	0.0	15.87	0.21
20030606	5.37	16.47	0.2
20030607	1.42	17.54	0.22
20030608	1.62	15.24	0.24
20030609	0.99	16.59	0.21
20030610	0.58	16.9	0.2
20030611	0.0	16.01	0.19
20030612	0.0	15.55	0.18
20030613	0.0	16.65	0.16
20030614	0.0	13.4	0.16
20030615	0.0	17.06	0.16
20030616	0.0	17.9	0.15
20030617	5.95	16.73	0.17
20030618	0.01	17.45	0.18
20030619	0.0	16.46	0.17
20030620	0.0	12.28	0.16
20030621	0.05	16.89	0.16
20030622	15.75	19.5	0.16
20030623	2.72	15.22	0.34
20030624	0.0	14.02	0.23
20030625	0.01	15.5	0.19
20030626	0.0	16.75	0.17
20030627	6.36	17.71	0.18
20030628	0.0	16.21	0.21
20030629	0.95	17.77	0.18
20030630	10.44	15.06	0.26
20030701	7.63	16.08	0.27
20030702	3.07	15.37	0.28
20030703	2.24	14.16	0.26
20030704	0.21	14.9	0.24
20030705	0.1	15.55	0.22
20030706	0.0	15.84	0.2
20030707	0.03	17.25	0.18
20030708	0.06	18.24	0.17
20030709	0.01	19.14	0.16
20030710	0.0	22.51	0.15
20030711	0.0	15.42	0.14
20030712	0.0	16.73	0.14
20030713	0.0	18.11	0.13
20030714	0.02	19.05	0.13
20030715	0.01	21.02	0.13
20030716	3.0	22.86	0.13
20030717	2.66	18.43	0.15
20030718	0.02	19.16	0.14
20030719	8.84	22.55	0.14
20030720	0.0	18.47	0.18
20030721	0.0	18.81	0.16
20030722	0.3	19.04	0.14
20030723	0.19	19.47	0.13
20030724	0.46	18.95	0.13
20030725	8.16	14.81	0.15
20030726	27.91	18.17	0.33
20030727	0.25	15.85	0.55
20030728	0.11	19.1	0.25
20030729	2.84	19.7	0.19
20030730	4.03	18.16	0.2
20030731	4.98	19.03	0.17
20030801	1.59	16.25	0.22
20030802	0.08	18.18	0.2
20030803	0.0	19.16	0.17
20030804	0.0	20.53	0.15
20030805	0.0	21.99	0.14
20030806	0.0	24.32	0.14
20030807	0.0	21.81	0.13
20030808	0.0	18.81	0.13
20030809	0.0	22.5	0.13
20030810	0.16	25.51	0.13
20030811	0.04	23.33	0.12
20030812	0.0	20.57	0.12
20030813	0.0	18.45	0.12
20030814	0.0	14.47	0.11
20030815	0.0	14.95	0.11
20030816	0.0	15.63	0.11
20030817	0.03	18.63	0.11
20030818	0.0	18.89	0.11
20030819	0.0	15.06	0.11
20030820	0.0	16.33	0.11
20030821	0.0	19.43	0.1
20030822	0.1	21.33	0.11
20030823	0.36	18.35	0.11
20030824	0.0	18.5	0.11
20030825	0.0	17.22	0.11
20030826	0.0	16.52	0.11
20030827	0.04	14.47	0.11
20030828	0.02	15.74	0.11
20030829	0.48	14.05	0.11
20030830	0.48	12.44	0.11
20030831	0.08	13.5	0.11
20030901	0.06	11.98	0.11
20030902	0.0	12.41	0.11
20030903	0.0	14.27	0.11
20030904	0.01	15.64	0.11
20030905	0.27	18.33	0.11
20030906	0.05	13.48	0.1
20030907	0.0	12.04	0.1
20030908	0.01	14.42	0.1
20030909	6.31	15.27	0.11
20030910	1.57	10.79	0.13
20030911	1.18	15.57	0.12
20030912	0.01	11.92	0.12
20030913	0.0	15.8	0.12
20030914	0.0	16.32	0.11
20030915	0.0	16.26	0.11
20030916	0.0	17.89	0.11
20030917	0.03	18.61	0.11
20030918	0.0	17.58	0.1
20030919	0.0	16.34	0.1
20030920	0.0	17.36	0.1
20030921	0.0	19.17	0.1
20030922	9.48	14.7	0.13
20030923	0.25	7.38	0.18
20030924	0.0	9.86	0.12
20030925	0.0	11.44	0.12
20030926	0.71	10.95	0.12
20030927	0.58	13.44	0.12
20030928	0.22	8.75	0.12
20030929	0.0	11.93	0.12
20030930	0.0	13.72	0.12
20031001	0.0	12.84	0.11
20031002	0.01	13.92	0.11
20031003	0.01	12.05	0.12
20031004	4.04	8.98	0.12
20031005	1.42	8.82	0.12
20031006	4.75	10.41	0.12
20031007	0.07	8.0	0.13
20031008	0.15	12.33	0.12
20031009	0.01	15.41	0.12
20031010	0.0	11.5	0.12
20031011	0.0	10.16	0.11
20031012	0.0	12.6	0.11
20031013	0.0	12.51	0.11
20031014	0.0	10.68	0.11
20031015	0.0	10.31	0.11
20031016	0.01	9.66	0.11
20031017	0.01	8.5	0.11
20031018	0.0	8.74	0.11
20031019	0.34	8.67	0.12
20031020	1.29	6.73	0.12
20031021	2.15	4.62	0.12
20031022	1.76	7.55	0.13
20031023	3.26	4.58	0.18
20031024	3.97	4.72	0.15
20031025	4.1	7.21	0.15
20031026	0.7	5.95	0.15
20031027	0.03	5.53	0.14
20031028	5.41	7.37	0.14
20031029	1.88	5.0	0.17
20031030	9.16	7.24	0.17
20031031	1.01	9.1	0.21
20031101	1.68	7.19	0.19
20031102	6.52	10.51	0.23
20031103	0.17	7.87	0.25
20031104	0.0	10.65	0.2
20031105	0.01	9.09	0.17
20031106	0.05	9.86	0.14
20031107	0.0	9.81	0.15
20031108	0.0	6.54	0.15
20031109	0.19	8.72	0.15
20031110	0.04	8.2	0.15
20031111	0.69	9.33	0.15
20031112	3.54	7.5	0.16
20031113	0.08	10.03	0.21
20031114	0.54	10.27	0.16
20031115	0.0	7.67	0.16
20031116	0.03	4.96	0.16
20031117	2.8	9.28	0.16
20031118	0.02	12.59	0.16
20031119	0.0	12.57	0.16
20031120	3.52	9.75	0.16
20031121	7.08	7.99	0.18
20031122	22.71	8.28	0.67
20031123	12.09	7.18	1.13
20031124	0.08	5.59	0.83
20031125	4.73	8.41	0.51
20031126	9.26	4.75	0.77
20031127	0.03	3.16	0.73
20031128	0.05	4.31	0.39
20031129	3.06	6.49	0.34
20031130	2.3	6.88	0.29
20031201	1.29	7.22	0.35
20031202	0.54	6.8	0.39
20031203	0.0	7.57	0.31
20031204	0.0	7.75	0.28
20031205	0.09	6.61	0.24
20031206	0.02	4.28	0.23
20031207	0.0	1.52	0.23
20031208	0.01	3.55	0.22
20031209	0.03	3.87	0.22
20031210	1.82	4.02	0.21
20031211	5.24	4.63	0.26
20031212	7.6	7.59	0.3
20031213	3.97	9.29	0.68
20031214	0.31	4.94	0.61
20031215	0.07	1.6	0.35
20031216	0.01	1.75	0.37
20031217	0.01	3.5	0.29
20031218	0.05	3.61	0.26
20031219	0.18	4.26	0.26
20031220	13.14	7.12	0.4
20031221	6.34	2.71	0.61
20031222	6.14	1.71	0.7
20031223	1.4	6.18	1.28
20031224	0.03	8.55	1.0
20031225	0.02	9.2	0.77
20031226	1.27	6.39	0.56
20031227	0.28	4.77	0.52
20031228	0.01	1.38	0.44
20031229	3.54	0.81	0.33
20031230	0.61	1.17	0.34
20031231	9.43	2.96	0.34
20040101	4.12	4.02	1.06
20040102	0.01	0.46	1.12
20040103	0.68	1.99	0.78
20040104	0.33	5.44	0.61
20040105	0.75	7.46	0.53
20040106	4.21	6.34	0.61
20040107	0.82	7.36	0.68
20040108	4.47	6.23	0.85
20040109	0.19	4.11	0.89
20040110	6.35	7.35	0.68
20040111	0.13	7.48	1.1
20040112	4.98	6.14	1.04
20040113	0.22	5.59	1.01
20040114	1.28	2.44	0.8
20040115	6.84	4.58	0.73
20040116	0.24	3.38	1.12
20040117	3.49	2.36	1.05
20040118	0.53	4.16	0.96
20040119	4.2	8.54	0.91
20040120	2.53	7.08	1.01
20040121	2.76	6.43	1.14
20040122	4.03	6.18	1.36
20040123	4.37	5.42	1.37
20040124	0.1	3.94	1.33
20040125	0.25	2.51	1.1
20040126	1.46	2.52	0.87
20040127	2.7	1.16	0.77
20040128	7.02	-0.78	0.77
20040129	0.19	0.03	0.66
20040130	14.87	5.07	1.11
20040131	6.11	9.34	3.64
20040201	3.85	9.94	3.59
20040202	0.94	12.06	2.14
20040203	0.1	13.94	1.57
20040204	0.03	14.47	1.21
20040205	6.75	11.12	0.98
20040206	5.96	7.41	1.66
20040207	8.15	4.81	1.82
20040208	0.06	2.38	2.4
20040209	0.0	1.71	1.84
20040210	0.01	6.43	1.26
20040211	0.1	7.25	1.01
20040212	0.08	7.94	0.85
20040213	0.79	7.42	0.76
20040214	1.53	5.72	0.7
20040215	1.3	5.98	0.72
20040216	0.26	3.85	0.67
20040217	3.1	4.35	0.7
20040218	1.04	4.5	0.78
20040219	0.0	3.24	0.73
20040220	0.0	1.22	0.66
20040221	0.04	4.28	0.6
20040222	1.52	2.52	0.55
20040223	1.99	1.42	0.52
20040224	4.42	1.6	0.61
20040225	0.0	-0.04	0.64
20040226	3.98	-0.13	0.64
20040227	3.23	0.95	0.79
20040228	2.86	0.28	0.83
20040229	0.42	0.53	1.01
20040301	0.01	1.15	0.89
20040302	0.03	2.19	0.76
20040303	1.13	4.96	0.68
20040304	0.54	6.39	0.62
20040305	1.69	4.28	0.63
20040306	2.78	4.57	0.61
20040307	1.2	4.38	0.62
20040308	0.02	3.96	0.61
20040309	0.79	3.16	0.59
20040310	1.08	2.59	0.58
20040311	0.14	2.56	0.56
20040312	4.53	4.38	0.56
20040313	2.11	7.23	0.62
20040314	0.38	9.77	0.63
20040315	0.26	12.36	0.6
20040316	0.0	11.57	0.56
20040317	0.0	10.56	0.53
20040318	0.91	10.17	0.5
20040319	5.15	10.13	0.63
20040320	0.74	10.45	0.64
20040321	3.04	7.51	0.58
20040322	2.32	4.64	0.61
20040323	2.6	5.03	0.58
20040324	0.74	4.65	0.56
20040325	0.47	4.09	0.52
20040326	0.41	6.45	0.48
20040327	0.04	7.41	0.47
20040328	0.0	8.33	0.44
20040329	0.02	7.63	0.4
20040330	0.01	8.06	0.39
20040331	0.07	11.32	0.38
20040401	1.07	12.04	0.36
20040402	2.66	9.64	0.38
20040403	2.06	10.6	0.37
20040404	2.52	8.85	0.37
20040405	1.03	7.47	0.36
20040406	10.41	6.24	0.41
20040407	1.73	6.6	0.57
20040408	4.29	4.57	0.59
20040409	1.5	8.51	0.72
20040410	0.13	4.83	0.64
20040411	0.0	6.57	0.53
20040412	5.67	10.74	0.53
20040413	0.02	8.47	0.59
20040414	0.0	10.38	0.52
20040415	0.0	10.09	0.46
20040416	0.0	10.4	0.4
20040417	1.53	10.91	0.38
20040418	5.19	7.09	0.44
20040419	0.32	6.57	0.41
20040420	0.2	11.03	0.34
20040421	2.74	10.84	0.32
20040422	0.02	10.21	0.3
20040423	0.0	11.82	0.28
20040424	0.0	13.26	0.27
20040425	0.0	11.64	0.27
20040426	0.0	12.75	0.26
20040427	3.81	13.64	0.26
20040428	7.34	9.73	0.3
20040429	5.95	8.85	0.47
20040430	2.21	10.73	0.42
20040501	0.06	10.87	0.37
20040502	2.92	12.98	0.34
20040503	14.01	8.18	0.73
20040504	5.36	8.69	1.33
20040505	2.65	8.27	1.18
20040506	0.02	9.22	0.98
20040507	7.44	10.6	0.74
20040508	0.15	11.77	0.88
20040509	0.5	10.67	0.74
20040510	0.05	11.92	0.59
20040511	0.03	9.2	0.44
20040512	0.0	8.12	0.43
20040513	0.0	10.75	0.39
20040514	0.0	14.53	0.36
20040515	0.0	13.88	0.31
20040516	0.0	14.52	0.28
20040517	0.0	15.61	0.26
20040518	0.0	14.58	0.25
20040519	0.0	16.66	0.23
20040520	0.31	12.86	0.23
20040521	0.6	7.91	0.23
20040522	0.0	8.83	0.22
20040523	0.0	11.14	0.21
20040524	0.0	11.32	0.2
20040525	0.0	12.2	0.2
20040526	0.0	8.75	0.2
20040527	0.0	9.56	0.19
20040528	0.02	13.26	0.18
20040529	1.13	16.72	0.18
20040530	0.79	13.48	0.19
20040531	1.19	15.72	0.15
20040601	2.47	14.38	0.17
20040602	0.05	12.98	0.18
20040603	2.16	15.56	0.18
20040604	0.23	14.56	0.18
20040605	0.0	16.67	0.21
20040606	0.0	19.04	0.16
20040607	0.0	19.74	0.15
20040608	0.0	22.2	0.15
20040609	0.0	18.65	0.14
20040610	0.0	18.05	0.14
20040611	0.01	15.66	0.14
20040612	0.94	13.48	0.14
20040613	0.0	17.77	0.14
20040614	0.0	20.26	0.13
20040615	0.0	16.95	0.12
20040616	0.0	18.34	0.12
20040617	0.02	15.29	0.12
20040618	1.43	11.55	0.13
20040619	1.34	11.06	0.13
20040620	2.21	11.05	0.14
20040621	1.49	11.48	0.14
20040622	13.45	16.73	0.16
20040623	7.24	13.8	0.32
20040624	0.24	13.31	0.21
20040625	0.0	13.38	0.15
20040626	4.25	16.76	0.15
20040627	1.04	16.03	0.16
20040628	0.01	15.33	0.15
20040629	0.02	17.5	0.15
20040630	0.02	15.94	0.14
20040701	2.55	14.5	0.14
20040702	4.48	15.25	0.15
20040703	0.46	14.99	0.15
20040704	1.17	14.18	0.14
20040705	0.32	12.37	0.14
20040706	0.12	14.68	0.13
20040707	21.93	15.66	0.21
20040708	9.13	16.2	0.32
20040709	2.05	11.56	0.28
20040710	4.03	14.09	0.2
20040711	1.04	14.04	0.2
20040712	0.78	12.98	0.19
20040713	0.08	15.32	0.17
20040714	0.35	18.5	0.16
20040715	2.85	17.9	0.16
20040716	3.41	17.96	0.18
20040717	9.18	17.17	0.22
20040718	6.9	14.75	0.23
20040719	0.02	16.14	0.22
20040720	0.03	18.67	0.19
20040721	0.0	17.68	0.17
20040722	6.05	20.26	0.17
20040723	0.04	17.13	0.14
20040724	0.32	17.62	0.13
20040725	1.79	14.83	0.14
20040726	0.02	17.37	0.13
20040727	0.0	19.47	0.13
20040728	0.01	18.94	0.12
20040729	0.07	20.99	0.12
20040730	0.25	19.8	0.12
20040731	0.0	17.59	0.12
20040801	0.0	18.61	0.12
20040802	0.22	19.0	0.12
20040803	0.2	19.98	0.12
20040804	0.01	20.3	0.12
20040805	1.17	20.61	0.11
20040806	0.0	20.46	0.11
20040807	0.0	21.99	0.11
20040808	2.49	23.98	0.1
20040809	13.18	21.36	0.13
20040810	9.39	17.88	0.26
20040811	3.71	21.52	0.19
20040812	3.83	18.1	0.19
20040813	1.73	17.4	0.16
20040814	0.01	18.42	0.16
20040815	0.28	20.58	0.13
20040816	7.26	18.95	0.13
20040817	11.03	19.37	0.15
20040818	12.49	18.8	0.17
20040819	1.58	18.14	0.27
20040820	8.49	16.51	0.21
20040821	0.08	14.66	0.2
20040822	9.74	17.5	0.19
20040823	2.73	17.17	0.27
20040824	12.62	17.02	0.31
20040825	4.37	16.05	0.55
20040826	5.8	17.15	0.31
20040827	0.29	14.26	0.31
20040828	0.01	14.82	0.27
20040829	8.43	15.23	0.26
20040830	2.13	14.54	0.45
20040831	0.0	12.3	0.27
20040901	0.0	15.18	0.24
20040902	0.0	16.64	0.21
20040903	0.0	17.95	0.17
20040904	0.0	19.64	0.14
20040905	0.0	19.2	0.13
20040906	0.0	18.49	0.14
20040907	0.01	15.76	0.15
20040908	0.0	16.24	0.13
20040909	0.01	17.84	0.12
20040910	0.03	20.4	0.13
20040911	2.7	16.18	0.12
20040912	2.07	16.23	0.12
20040913	2.44	14.42	0.14
20040914	2.93	13.89	0.14
20040915	0.0	9.94	0.14
20040916	0.0	15.77	0.13
20040917	0.07	17.44	0.12
20040918	1.96	15.0	0.11
20040919	0.57	15.4	0.12
20040920	0.2	14.61	0.12
20040921	0.34	13.91	0.12
20040922	12.5	13.91	0.15
20040923	2.45	11.44	0.2
20040924	0.53	8.19	0.19
20040925	0.59	10.45	0.16
20040926	0.0	15.64	0.16
20040927	0.0	16.41	0.15
20040928	0.29	13.91	0.14
20040929	0.33	13.35	0.14
20040930	6.76	11.72	0.18
20041001	2.59	12.58	0.18
20041002	1.25	11.83	0.17
20041003	9.48	13.91	0.18
20041004	0.92	10.74	0.27
20041005	0.59	12.19	0.23
20041006	0.17	10.73	0.21
20041007	0.17	10.43	0.19
20041008	0.45	10.05	0.16
20041009	0.0	11.11	0.16
20041010	0.0	11.41	0.16
20041011	0.13	11.01	0.15
20041012	2.52	11.98	0.15
20041013	15.82	12.19	0.18
20041014	16.61	8.59	0.56
20041015	2.95	8.07	0.86
20041016	1.03	8.54	0.73
20041017	3.44	7.83	0.47
20041018	0.04	7.24	0.45
20041019	4.52	11.5	0.39
20041020	9.46	11.98	0.47
20041021	0.02	12.25	0.82
20041022	0.35	14.61	0.53
20041023	7.54	15.25	0.48
20041024	5.3	14.06	0.74
20041025	0.0	8.84	0.94
20041026	0.22	7.92	0.58
20041027	0.36	11.8	0.39
20041028	2.65	12.8	0.39
20041029	0.05	12.22	0.38
20041030	0.03	10.89	0.32
20041031	0.0	11.02	0.28
20041101	1.08	11.06	0.26
20041102	0.14	9.03	0.26
20041103	2.32	10.65	0.25
20041104	0.1	8.98	0.25
20041105	0.0	9.02	0.24
20041106	0.51	9.34	0.23
20041107	2.56	9.89	0.23
20041108	4.32	9.46	0.25
20041109	4.51	8.1	0.31
20041110	2.48	8.67	0.61
20041111	0.03	8.75	0.55
20041112	1.5	8.57	0.44
20041113	0.9	4.77	0.37
20041114	0.01	5.23	0.28
20041115	0.0	8.14	0.31
20041116	1.06	11.27	0.29
20041117	0.15	9.64	0.28
20041118	16.27	4.11	0.63
20041119	0.08	1.14	1.25
20041120	0.01	-1.1	0.79
20041121	0.57	6.7	0.51
20041122	0.12	10.63	0.49
20041123	0.53	9.22	0.43
20041124	0.04	8.03	0.37
20041125	0.75	7.63	0.36
20041126	1.95	7.52	0.36
20041127	1.01	6.55	0.36
20041128	0.58	5.68	0.37
20041129	0.01	3.96	0.35
20041130	0.0	4.16	0.33
20041201	0.12	3.9	0.32
20041202	0.13	3.13	0.25
20041203	0.32	2.75	0.27
20041204	0.0	8.2	0.26
20041205	0.11	5.84	0.25
20041206	0.0	6.65	0.25
20041207	0.01	5.09	0.25
20041208	0.0	4.58	0.24
20041209	0.08	4.52	0.23
20041210	0.0	2.46	0.24
20041211	0.0	5.69	0.23
20041212	0.0	4.85	0.23
20041213	0.0	2.91	0.22
20041214	0.14	7.34	0.22
20041215	0.75	9.79	0.22
20041216	1.87	7.91	0.23
20041217	6.28	3.57	0.35
20041218	0.39	3.81	0.31
20041219	0.17	1.18	0.3
20041220	0.37	1.0	0.27
20041221	5.69	3.12	0.26
20041222	0.92	8.84	0.41
20041223	0.0	9.05	0.52
20041224	4.29	4.82	0.53
20041225	0.0	0.57	0.53
20041226	0.25	0.16	0.45
20041227	8.52	2.29	0.36
20041228	0.05	2.8	0.99
20041229	0.19	5.02	0.68
20041230	0.01	10.14	0.63
20041231	0.74	6.3	0.54
20050101	2.02	6.97	0.52
20050102	0.01	4.88	0.49
20050103	0.0	7.9	0.38
20050104	1.93	5.92	0.41
20050105	1.41	5.33	0.39
20050106	0.02	8.46	0.39
20050107	0.72	11.05	0.34
20050108	0.08	6.44	0.35
20050109	0.13	9.36	0.32
20050110	1.74	9.01	0.31
20050111	0.22	8.78	0.3
20050112	0.0	5.49	0.28
20050113	0.0	2.12	0.24
20050114	1.18	4.43	0.24
20050115	1.55	4.94	0.26
20050116	0.04	6.63	0.27
20050117	1.65	5.74	0.27
20050118	0.03	3.57	0.3
20050119	0.97	6.72	0.29
20050120	10.38	7.39	0.68
20050121	0.0	2.66	1.06
20050122	0.09	1.94	0.64
20050123	2.68	2.77	0.52
20050124	2.45	2.77	0.51
20050125	0.5	1.73	0.51
20050126	1.41	2.88	0.48
20050127	5.33	5.84	0.56
20050128	2.18	5.01	1.07
20050129	0.44	5.34	0.97
20050130	0.0	4.83	0.77
20050131	0.12	7.04	0.65
20050201	0.11	6.09	0.55
20050202	0.14	6.07	0.47
20050203	0.0	6.87	0.43
20050204	0.0	5.87	0.39
20050205	0.0	3.38	0.4
20050206	0.01	3.24	0.38
20050207	0.09	3.56	0.33
20050208	0.09	4.35	0.32
20050209	0.57	8.07	0.31
20050210	0.45	7.12	0.31
20050211	9.44	8.3	0.3
20050212	1.01	7.37	0.73
20050213	4.74	3.52	0.63
20050214	2.79	2.91	0.83
20050215	0.51	3.63	0.85
20050216	0.0	1.21	0.68
20050217	0.89	3.55	0.53
20050218	3.79	4.51	0.58
20050219	7.36	2.08	1.08
20050220	7.02	1.96	2.17
20050221	2.88	2.39	2.33
20050222	2.57	0.59	1.61
20050223	9.09	0.87	1.45
20050224	4.56	1.21	2.3
20050225	2.25	1.77	2.45
20050226	2.01	2.11	2.05
20050227	0.96	-1.58	1.61
20050228	1.62	0.55	1.24
20050301	1.1	2.17	1.15
20050302	1.95	0.86	1.05
20050303	1.57	-1.2	0.94
20050304	9.84	1.8	0.98
20050305	2.42	0.73	1.35
20050306	0.24	1.73	1.38
20050307	1.63	4.81	1.59
20050308	0.94	5.12	1.62
20050309	0.24	4.58	1.32
20050310	0.0	6.11	1.09
20050311	4.84	4.53	1.08
20050312	0.04	3.18	1.12
20050313	0.0	3.04	0.91
20050314	0.73	5.8	0.76
20050315	0.01	9.75	0.67
20050316	0.16	14.64	0.6
20050317	0.0	13.02	0.54
20050318	0.0	12.88	0.47
20050319	0.38	11.32	0.52
20050320	0.05	6.6	0.49
20050321	0.06	10.59	0.46
20050322	2.92	10.18	0.47
20050323	0.01	11.34	0.42
20050324	1.23	9.55	0.42
20050325	0.49	9.99	0.4
20050326	4.7	8.58	0.44
20050327	3.05	7.22	0.53
20050328	0.04	6.57	0.54
20050329	0.04	7.17	0.49
20050330	0.12	8.03	0.45
20050331	0.01	8.83	0.41
20050401	0.0	10.06	0.35
20050402	0.0	10.41	0.38
20050403	0.71	13.02	0.36
20050404	3.16	7.47	0.37
20050405	0.06	8.86	0.37
20050406	0.69	8.52	0.35
20050407	3.58	7.8	0.37
20050408	3.51	2.96	0.4
20050409	0.41	7.36	0.37
20050410	0.0	9.08	0.35
20050411	0.0	10.16	0.32
20050412	1.51	10.5	0.31
20050413	3.31	7.67	0.36
20050414	4.04	6.03	0.43
20050415	7.78	4.75	0.92
20050416	0.04	7.55	0.93
20050417	2.14	10.49	0.68
20050418	0.74	8.68	0.59
20050419	0.14	9.02	0.43
20050420	0.2	6.6	0.43
20050421	0.0	7.18	0.37
20050422	0.0	8.97	0.31
20050423	0.0	10.04	0.32
20050424	0.0	10.61	0.32
20050425	0.33	10.66	0.3
20050426	2.37	10.43	0.31
20050427	0.05	11.14	0.27
20050428	0.01	11.66	0.27
20050429	0.0	13.86	0.27
20050430	1.15	16.3	0.26
20050501	1.39	17.22	0.26
20050502	0.54	15.43	0.26
20050503	1.96	13.04	0.24
20050504	0.99	6.18	0.24
20050505	0.63	12.35	0.24
20050506	12.05	11.37	0.3
20050507	6.81	7.99	0.5
20050508	2.13	7.26	0.35
20050509	0.59	6.6	0.32
20050510	0.76	6.55	0.29
20050511	0.0	6.35	0.26
20050512	0.0	9.24	0.24
20050513	0.0	9.16	0.21
20050514	0.0	8.23	0.22
20050515	0.0	10.74	0.23
20050516	1.84	8.02	0.21
20050517	0.17	6.34	0.23
20050518	0.55	11.76	0.22
20050519	3.1	13.69	0.21
20050520	0.78	13.38	0.22
20050521	4.56	12.02	0.23
20050522	0.05	11.98	0.22
20050523	0.01	12.85	0.21
20050524	0.0	13.47	0.19
20050525	0.0	17.18	0.18
20050526	0.0	18.51	0.18
20050527	0.0	20.17	0.17
20050528	0.0	14.77	0.17
20050529	10.47	12.6	0.16
20050530	4.7	10.48	0.28
20050531	0.45	11.61	0.25
20050601	1.0	15.51	0.22
20050602	0.0	16.53	0.2
20050603	14.73	14.79	0.29
20050604	1.83	14.96	0.34
20050605	3.61	13.9	0.27
20050606	0.0	9.85	0.23
20050607	0.0	9.09	0.2
20050608	0.0	12.27	0.18
20050609	0.5	14.05	0.17
20050610	0.92	9.53	0.16
20050611	0.29	9.11	0.17
20050612	4.14	10.47	0.19
20050613	0.0	12.29	0.21
20050614	0.0	14.13	0.18
20050615	1.82	15.58	0.18
20050616	0.0	19.44	0.17
20050617	0.01	21.09	0.16
20050618	0.0	19.59	0.15
20050619	0.0	21.96	0.14
20050620	3.79	18.08	0.16
20050621	0.0	17.63	0.16
20050622	0.0	20.17	0.15
20050623	0.0	21.67	0.13
20050624	2.25	20.68	0.13
20050625	0.0	14.42	0.13
20050626	0.0	12.27	0.13
20050627	0.0	14.28	0.13
20050628	3.42	17.02	0.12
20050629	4.6	17.76	0.26
20050630	7.79	16.19	0.3
20050701	0.02	18.73	0.22
20050702	0.0	17.69	0.18
20050703	5.82	17.37	0.16
20050704	22.0	13.51	0.44
20050705	9.82	15.89	0.46
20050706	10.42	14.61	0.55
20050707	1.04	15.3	0.51
20050708	0.1	15.67	0.3
20050709	0.0	16.44	0.27
20050710	0.0	19.63	0.22
20050711	0.0	17.5	0.18
20050712	0.0	16.73	0.17
20050713	0.0	19.64	0.16
20050714	0.33	22.46	0.15
20050715	1.19	18.03	0.13
20050716	0.0	16.19	0.14
20050717	0.0	19.22	0.13
20050718	0.18	18.4	0.13
20050719	0.0	16.64	0.13
20050720	0.01	16.14	0.12
20050721	0.01	16.68	0.12
20050722	0.0	13.51	0.12
20050723	0.0	15.99	0.12
20050724	10.38	15.85	0.14
20050725	0.59	14.11	0.2
20050726	0.11	15.21	0.15
20050727	2.68	14.91	0.14
20050728	1.77	17.76	0.15
20050729	0.01	17.9	0.15
20050730	3.18	16.6	0.14
20050731	0.02	13.25	0.14
20050801	0.04	16.22	0.14
20050802	0.97	18.33	0.13
20050803	0.3	16.21	0.13
20050804	1.55	17.82	0.12
20050805	0.57	14.93	0.12
20050806	0.32	14.09	0.12
20050807	0.2	14.64	0.12
20050808	0.85	11.82	0.11
20050809	0.61	15.42	0.12
20050810	0.27	17.83	0.11
20050811	0.35	17.36	0.11
20050812	1.76	15.03	0.12
20050813	6.85	15.57	0.13
20050814	2.82	13.67	0.14
20050815	0.0	15.07	0.14
20050816	0.0	16.72	0.13
20050817	0.0	16.93	0.12
20050818	0.0	19.7	0.11
20050819	9.13	14.94	0.12
20050820	0.41	15.53	0.13
20050821	0.0	15.35	0.13
20050822	6.85	15.66	0.14
20050823	0.01	16.34	0.14
20050824	8.51	13.23	0.15
20050825	0.95	13.6	0.16
20050826	0.12	13.95	0.14
20050827	0.08	14.88	0.13
20050828	0.0	18.18	0.12
20050829	0.0	19.32	0.12
20050830	0.0	20.06	0.11
20050831	0.08	22.51	0.11
20050901	0.01	18.62	0.11
20050902	0.0	16.9	0.1
20050903	0.0	17.74	0.1
20050904	0.03	19.8	0.1
20050905	0.02	19.45	0.1
20050906	0.0	18.94	0.1
20050907	0.01	19.05	0.1
20050908	0.02	19.38	0.1
20050909	9.64	20.54	0.1
20050910	2.75	17.56	0.13
20050911	0.14	16.36	0.12
20050912	0.0	14.98	0.12
20050913	0.0	18.49	0.11
20050914	0.01	16.57	0.11
20050915	23.33	14.6	0.23
20050916	2.98	10.66	0.27
20050917	0.04	12.45	0.19
20050918	0.0	14.65	0.16
20050919	0.0	14.34	0.15
20050920	0.0	15.77	0.14
20050921	0.0	15.44	0.13
20050922	0.1	14.75	0.13
20050923	2.26	13.37	0.13
20050924	0.01	13.34	0.13
20050925	0.32	14.32	0.13
20050926	2.91	15.0	0.12
20050927	0.03	13.33	0.13
20050928	8.91	12.02	0.14
20050929	1.84	11.5	0.16
20050930	3.64	13.84	0.16
20051001	4.61	11.45	0.16
20051002	0.2	9.16	0.17
20051003	0.0	11.06	0.16
20051004	0.08	12.86	0.15
20051005	0.01	15.29	0.14
20051006	0.0	15.09	0.14
20051007	0.0	14.37	0.14
20051008	1.6	12.06	0.13
20051009	0.0	11.96	0.13
20051010	0.0	17.44	0.12
20051011	0.3	18.62	0.13
20051012	4.53	16.92	0.13
20051013	3.75	13.12	0.16
20051014	0.38	14.25	0.15
20051015	0.33	14.91	0.14
20051016	0.09	13.3	0.14
20051017	0.08	12.34	0.14
20051018	0.81	12.75	0.13
20051019	6.5	11.96	0.14
20051020	0.67	11.79	0.16
20051021	5.45	13.45	0.23
20051022	0.03	11.16	0.17
20051023	9.79	11.9	0.17
20051024	9.04	15.14	0.34
20051025	0.13	13.86	0.47
20051026	0.01	15.74	0.29
20051027	0.02	16.83	0.25
20051028	4.79	13.47	0.22
20051029	0.01	14.73	0.23
20051030	6.21	15.86	0.2
20051031	8.0	11.61	0.44
20051101	3.02	11.28	0.53
20051102	1.76	15.19	0.4
20051103	0.07	12.24	0.3
20051104	0.0	7.75	0.28
20051105	0.01	10.02	0.24
20051106	4.36	10.6	0.24
20051107	0.02	11.05	0.24
20051108	0.02	10.38	0.23
20051109	0.11	7.29	0.21
20051110	0.05	12.41	0.2
20051111	1.24	9.74	0.19
20051112	0.09	5.9	0.19
20051113	0.19	4.84	0.19
20051114	1.61	5.99	0.19
20051115	0.06	7.02	0.2
20051116	1.02	4.27	0.2
20051117	0.4	2.59	0.19
20051118	0.23	2.98	0.18
20051119	0.17	2.31	0.16
20051120	0.08	2.03	0.17
20051121	0.12	2.28	0.17
20051122	0.02	5.44	0.19
20051123	0.0	3.34	0.16
20051124	0.41	3.82	0.15
20051125	11.53	1.99	0.18
20051126	5.43	4.17	0.44
20051127	5.84	3.37	0.67
20051128	0.24	2.19	0.77
20051129	0.01	-0.01	0.49
20051130	0.91	2.76	0.36
20051201	1.59	5.9	0.34
20051202	0.96	7.74	0.34
20051203	0.18	5.81	0.29
20051204	0.1	4.24	0.29
20051205	0.17	4.3	0.27
20051206	0.77	3.66	0.25
20051207	0.2	3.85	0.24
20051208	0.0	3.28	0.23
20051209	0.1	2.67	0.22
20051210	0.0	4.16	0.21
20051211	0.08	4.45	0.2
20051212	0.02	5.87	0.2
20051213	0.38	4.53	0.2
20051214	0.11	4.96	0.2
20051215	1.07	7.69	0.2
20051216	1.32	4.53	0.2
20051217	1.44	0.05	0.2
20051218	1.32	1.68	0.19
20051219	0.1	2.83	0.19
20051220	0.04	3.99	0.19
20051221	0.01	7.0	0.19
20051222	0.0	7.85	0.19
20051223	0.0	6.46	0.19
20051224	0.09	4.28	0.18
20051225	0.37	3.51	0.18
20051226	3.34	2.81	0.18
20051227	4.2	0.11	0.2
20051228	1.08	-1.11	0.2
20051229	0.08	-1.34	0.19
20051230	13.34	2.08	0.46
20051231	0.5	4.15	1.29
20060101	0.77	4.1	1.01
20060102	0.02	3.02	0.64
20060103	1.68	5.43	0.51
20060104	0.19	3.12	0.46
20060105	0.37	2.84	0.42
20060106	0.33	3.05	0.38
20060107	0.14	2.85	0.34
20060108	0.61	3.37	0.3
20060109	0.0	4.64	0.3
20060110	1.58	6.83	0.29
20060111	0.9	3.71	0.3
20060112	0.1	3.72	0.28
20060113	0.01	4.77	0.27
20060114	0.0	5.62	0.27
20060115	0.03	4.99	0.26
20060116	5.17	5.67	0.27
20060117	0.74	5.87	0.33
20060118	0.71	7.18	0.35
20060119	0.48	9.22	0.36
20060120	0.19	6.07	0.34
20060121	0.0	4.58	0.31
20060122	0.07	2.88	0.27
20060123	0.0	-1.01	0.25
20060124	0.09	-0.4	0.25
20060125	0.1	3.78	0.24
20060126	0.0	2.54	0.22
20060127	0.04	1.1	0.21
20060128	0.0	2.43	0.21
20060129	0.09	3.46	0.21
20060130	0.0	4.27	0.21
20060131	0.0	2.51	0.21
20060201	0.01	0.07	0.21
20060202	0.0	-1.12	0.25
20060203	0.0	1.37	0.2
20060204	0.0	4.67	0.19
20060205	0.0	5.36	0.19
20060206	0.0	5.8	0.19
20060207	3.14	6.62	0.19
20060208	0.06	3.52	0.2
20060209	1.45	2.17	0.21
20060210	0.43	2.65	0.2
20060211	2.91	3.57	0.19
20060212	7.1	6.15	0.26
20060213	0.16	7.45	0.37
20060214	11.73	7.52	0.45
20060215	0.3	7.09	1.35
20060216	1.94	5.89	0.98
20060217	0.08	3.39	0.69
20060218	0.09	3.82	0.52
20060219	0.0	4.62	0.43
20060220	2.27	3.36	0.37
20060221	1.99	3.27	0.32
20060222	1.03	1.71	0.34
20060223	6.0	2.3	0.69
20060224	0.02	2.57	0.77
20060225	0.15	2.97	0.57
20060226	0.25	3.44	0.45
20060227	6.65	2.67	0.43
20060228	2.22	0.14	0.77
20060301	0.27	-0.18	0.72
20060302	0.08	-1.01	0.56
20060303	0.0	-0.16	0.46
20060304	0.03	0.57	0.39
20060305	0.08	1.61	0.29
20060306	0.0	0.99	0.29
20060307	7.22	4.93	0.33
20060308	6.44	8.4	0.73
20060309	4.46	7.05	1.09
20060310	2.83	3.92	1.14
20060311	0.38	0.14	0.89
20060312	0.0	1.4	0.69
20060313	0.0	1.11	0.58
20060314	0.36	3.17	0.51
20060315	0.0	3.16	0.43
20060316	0.16	2.25	0.38
20060317	0.0	3.07	0.35
20060318	0.0	3.37	0.33
20060319	0.14	3.81	0.28
20060320	0.0	2.9	0.29
20060321	0.0	1.51	0.28
20060322	0.0	1.02	0.27
20060323	0.43	5.36	0.26
20060324	1.58	8.31	0.28
20060325	0.88	12.91	0.27
20060326	1.72	13.87	0.26
20060327	0.02	10.83	0.26
20060328	0.76	9.57	0.25
20060329	7.36	10.46	0.25
20060330	2.39	13.16	0.38
20060331	1.41	12.38	0.28
20060401	3.56	10.24	0.28
20060402	3.63	9.27	0.29
20060403	0.12	5.99	0.28
20060404	0.97	3.23	0.24
20060405	0.05	4.66	0.24
20060406	0.46	6.67	0.24
20060407	1.0	6.68	0.23
20060408	0.82	5.63	0.23
20060409	4.63	4.18	0.23
20060410	0.11	4.14	0.24
20060411	4.21	6.06	0.25
20060412	0.04	10.81	0.26
20060413	2.88	10.4	0.26
20060414	0.0	9.66	0.25
20060415	0.03	8.25	0.24
20060416	0.01	9.1	0.23
20060417	0.11	10.58	0.21
20060418	0.23	9.91	0.2
20060419	1.46	11.71	0.2
20060420	0.15	10.92	0.2
20060421	0.47	9.17	0.19
20060422	0.12	9.84	0.17
20060423	0.07	9.5	0.17
20060424	0.0	10.14	0.17
20060425	0.0	10.74	0.18
20060426	0.0	11.39	0.18
20060427	0.0	8.59	0.16
20060428	0.94	6.66	0.19
20060429	0.02	7.22	0.16
20060430	7.07	8.77	0.17
20060501	1.21	7.99	0.23
20060502	0.0	12.09	0.23
20060503	0.0	14.43	0.18
20060504	0.0	16.69	0.17
20060505	0.0	14.35	0.16
20060506	6.46	13.44	0.16
20060507	1.3	12.35	0.18
20060508	0.53	13.27	0.18
20060509	0.0	12.77	0.16
20060510	0.0	11.73	0.15
20060511	0.0	12.0	0.15
20060512	0.8	15.66	0.14
20060513	1.26	13.08	0.14
20060514	0.0	10.86	0.14
20060515	0.22	13.3	0.14
20060516	0.0	13.1	0.14
20060517	6.95	14.34	0.16
20060518	1.9	14.94	0.17
20060519	9.38	14.08	0.17
20060520	5.83	12.37	0.26
20060521	4.86	12.15	0.25
20060522	5.0	10.56	0.25
20060523	0.76	11.38	0.25
20060524	4.95	10.99	0.26
20060525	5.11	12.26	0.2
20060526	2.72	15.61	0.27
20060527	3.24	13.37	0.24
20060528	0.02	12.88	0.25
20060529	1.81	8.79	0.21
20060530	4.59	8.43	0.21
20060531	0.11	7.29	0.2
20060601	0.57	11.31	0.19
20060602	0.0	13.24	0.18
20060603	0.01	13.24	0.17
20060604	0.05	15.23	0.16
20060605	0.0	9.58	0.15
20060606	0.0	12.82	0.14
20060607	1.05	15.99	0.14
20060608	0.0	15.31	0.13
20060609	0.0	17.28	0.12
20060610	0.0	18.82	0.12
20060611	0.0	20.81	0.11
20060612	0.09	21.48	0.1
20060613	12.53	16.44	0.18
20060614	0.0	13.34	0.17
20060615	0.0	13.94	0.15
20060616	0.0	18.01	0.13
20060617	0.0	19.58	0.11
20060618	0.0	19.87	0.11
20060619	0.06	18.15	0.11
20060620	1.88	17.75	0.1
20060621	0.0	14.88	0.1
20060622	0.0	14.06	0.1
20060623	0.42	15.58	0.09
20060624	0.0	16.07	0.09
20060625	1.67	16.38	0.09
20060626	0.95	12.1	0.1
20060627	0.0	11.69	0.1
20060628	0.0	14.29	0.1
20060629	0.0	14.85	0.09
20060630	0.0	17.15	0.09
20060701	0.0	19.66	0.09
20060702	0.0	21.33	0.08
20060703	0.0	20.05	0.08
20060704	0.59	20.54	0.07
20060705	0.88	20.69	0.08
20060706	0.0	20.58	0.08
20060707	0.46	17.18	0.08
20060708	2.07	18.42	0.08
20060709	0.0	17.52	0.08
20060710	1.96	20.66	0.08
20060711	0.0	18.51	0.08
20060712	0.0	19.57	0.08
20060713	0.0	15.01	0.08
20060714	0.0	14.51	0.08
20060715	0.0	17.51	0.08
20060716	0.0	17.85	0.07
20060717	0.0	19.17	0.07
20060718	0.0	20.8	0.07
20060719	0.03	23.43	0.07
20060720	0.35	23.04	0.07
20060721	0.17	23.77	0.06
20060722	0.12	22.37	0.06
20060723	0.01	21.21	0.06
20060724	0.0	20.45	0.06
20060725	0.0	22.17	0.06
20060726	15.18	24.31	0.08
20060727	0.24	22.27	0.1
20060728	0.0	21.14	0.09
20060729	0.17	23.51	0.09
20060730	0.11	20.91	0.08
20060731	5.44	19.89	0.07
20060801	1.83	17.6	0.08
20060802	14.1	16.14	0.09
20060803	0.1	14.71	0.13
20060804	0.0	14.22	0.11
20060805	0.0	18.83	0.1
20060806	2.06	20.96	0.09
20060807	0.15	15.62	0.09
20060808	0.21	18.71	0.09
20060809	0.01	15.93	0.08
20060810	1.84	14.85	0.09
20060811	8.04	15.63	0.09
20060812	21.62	15.33	0.11
20060813	4.44	16.44	0.14
20060814	0.31	13.38	0.13
20060815	0.0	15.18	0.13
20060816	8.16	17.41	0.12
20060817	1.48	18.08	0.23
20060818	0.62	17.6	0.15
20060819	7.92	18.35	0.13
20060820	5.15	16.57	0.15
20060821	11.11	15.09	0.23
20060822	0.01	15.8	0.19
20060823	24.69	17.64	0.24
20060824	1.69	13.45	0.46
20060825	0.78	17.12	0.36
20060826	0.02	15.47	0.28
20060827	3.68	15.93	0.16
20060828	4.85	13.33	0.16
20060829	5.29	13.63	0.17
20060830	0.25	15.63	0.17
20060831	0.35	17.84	0.17
20060901	0.1	18.35	0.16
20060902	1.95	19.24	0.15
20060903	0.01	18.9	0.14
20060904	0.32	19.25	0.13
20060905	0.0	20.42	0.12
20060906	0.04	19.5	0.11
20060907	0.0	13.42	0.11
20060908	0.0	14.14	0.1
20060909	0.0	14.61	0.1
20060910	0.09	17.04	0.1
20060911	0.06	20.33	0.1
20060912	0.1	20.16	0.1
20060913	11.43	20.18	0.12
20060914	0.25	18.4	0.14
20060915	0.0	18.23	0.12
20060916	0.0	18.41	0.11
20060917	0.94	17.52	0.1
20060918	0.0	16.4	0.11
20060919	0.08	14.76	0.1
20060920	0.0	18.88	0.1
20060921	0.04	20.15	0.09
20060922	7.21	15.53	0.12
20060923	2.35	18.67	0.12
20060924	12.26	18.41	0.14
20060925	7.97	14.18	0.47
20060926	0.0	15.21	0.31
20060927	0.0	17.18	0.24
20060928	9.01	18.19	0.23
20060929	0.79	15.23	0.36
20060930	0.56	16.84	0.25
20061001	3.24	15.96	0.22
20061002	0.31	13.12	0.2
20061003	0.19	12.29	0.17
20061004	0.04	10.39	0.15
20061005	6.43	13.71	0.15
20061006	3.01	13.56	0.17
20061007	0.08	12.01	0.17
20061008	0.0	14.21	0.15
20061009	1.56	16.83	0.15
20061010	0.11	16.96	0.14
20061011	2.96	13.94	0.16
20061012	0.08	12.52	0.15
20061013	0.01	13.92	0.15
20061014	0.0	15.2	0.14
20061015	0.0	14.01	0.13
20061016	0.13	13.68	0.14
20061017	2.96	14.97	0.14
20061018	1.16	15.38	0.14
20061019	1.92	15.22	0.18
20061020	0.46	14.48	0.14
20061021	0.23	14.58	0.14
20061022	8.22	13.13	0.17
20061023	7.8	11.81	0.18
20061024	0.01	9.65	0.18
20061025	2.47	13.68	0.19
20061026	0.37	12.27	0.18
20061027	0.13	10.29	0.18
20061028	0.08	13.27	0.16
20061029	0.0	10.96	0.15
20061030	0.04	13.6	0.14
20061031	1.45	8.54	0.14
20061101	6.85	5.94	0.14
20061102	1.23	6.12	0.16
20061103	0.0	5.15	0.18
20061104	0.08	7.47	0.16
20061105	0.08	7.33	0.15
20061106	0.09	6.73	0.15
20061107	0.01	6.58	0.15
20061108	0.59	9.04	0.15
20061109	0.09	4.56	0.14
20061110	6.42	7.69	0.15
20061111	0.44	7.82	0.18
20061112	2.26	9.57	0.17
20061113	0.18	11.34	0.17
20061114	5.13	11.46	0.18
20061115	0.94	12.85	0.22
20061116	4.09	8.22	0.31
20061117	11.34	7.32	0.33
20061118	0.01	4.64	0.69
20061119	0.93	7.4	0.44
20061120	0.13	8.18	0.34
20061121	0.0	5.95	0.31
20061122	14.38	8.21	0.32
20061123	0.09	8.73	0.92
20061124	3.93	11.49	0.7
20061125	3.87	10.28	0.72
20061126	1.46	10.79	0.79
20061127	0.33	11.85	0.59
20061128	1.04	7.91	0.49
20061129	0.11	8.83	0.4
20061130	0.4	9.06	0.3
20061201	2.9	10.57	0.39
20061202	2.19	8.37	0.31
20061203	0.42	8.11	0.41
20061204	0.07	10.68	0.31
20061205	0.16	10.75	0.33
20061206	6.96	8.1	0.31
20061207	0.5	8.55	0.38
20061208	0.47	4.75	0.4
20061209	0.0	2.76	0.34
20061210	2.92	6.41	0.31
20061211	5.86	7.35	0.43
20061212	1.54	7.29	0.65
20061213	0.02	11.0	0.51
20061214	0.01	11.24	0.39
20061215	6.6	7.67	0.39
20061216	0.18	4.06	0.48
20061217	0.0	2.21	0.46
20061218	0.09	0.69	0.41
20061219	0.01	-0.5	0.36
20061220	0.11	-0.72	0.33
20061221	0.01	-1.22	0.3
20061222	0.22	-0.2	0.28
20061223	0.08	4.36	0.28
20061224	0.01	6.48	0.25
20061225	0.0	6.05	0.25
20061226	0.28	5.18	0.26
20061227	1.28	5.56	0.25
20061228	0.05	6.48	0.26
20061229	4.01	8.47	0.26
20061230	10.39	9.13	0.61
20061231	2.63	8.58	0.98
20070101	1.48	5.95	0.81
20070102	0.72	5.01	0.7
20070103	4.55	9.03	0.69
20070104	0.01	7.88	1.08
20070105	1.16	6.98	0.8
20070106	11.43	6.64	1.2
20070107	2.94	7.67	1.66
20070108	2.82	9.12	1.42
20070109	11.26	11.84	1.39
20070110	2.83	7.26	3.14
20070111	2.2	9.12	2.54
20070112	0.02	10.69	1.47
20070113	0.42	7.32	1.05
20070114	0.08	5.71	0.79
20070115	0.94	7.61	0.68
20070116	7.82	9.47	0.94
20070117	14.52	9.33	1.43
20070118	4.65	10.77	3.41
20070119	1.51	10.7	2.99
20070120	0.02	6.81	1.47
20070121	0.21	4.46	1.04
20070122	1.17	2.0	0.78
20070123	1.21	1.5	0.69
20070124	1.61	1.82	0.67
20070125	0.55	1.23	0.57
20070126	0.88	3.15	0.59
20070127	0.1	4.96	0.54
20070128	0.03	6.98	0.54
20070129	0.01	7.46	0.5
20070130	0.0	4.21	0.47
20070131	0.08	6.73	0.44
20070201	0.09	7.81	0.41
20070202	0.0	4.22	0.38
20070203	0.09	2.82	0.35
20070204	0.11	1.86	0.35
20070205	0.33	1.39	0.37
20070206	0.33	-1.44	0.37
20070207	0.13	-0.63	0.35
20070208	2.41	0.54	0.36
20070209	6.42	3.12	0.39
20070210	7.73	6.72	0.91
20070211	3.45	8.07	1.74
20070212	5.44	7.81	1.86
20070213	4.79	7.35	1.66
20070214	2.73	3.71	1.76
20070215	0.01	7.44	1.44
20070216	0.11	6.03	1.07
20070217	0.0	7.61	0.85
20070218	0.02	6.68	0.68
20070219	0.42	7.81	0.6
20070220	5.12	8.43	0.59
20070221	1.85	7.79	0.9
20070222	2.69	8.4	1.01
20070223	3.69	9.58	1.12
20070224	4.79	8.07	1.17
20070225	2.01	7.73	1.38
20070226	2.62	4.52	1.34
20070227	8.01	8.07	1.92
20070228	0.94	8.01	2.03
20070301	0.06	4.86	1.33
20070302	15.52	6.93	1.07
20070303	0.12	6.29	2.66
20070304	6.87	8.24	1.95
20070305	1.55	9.36	1.83
20070306	0.49	8.66	1.41
20070307	0.15	6.15	1.08
20070308	1.44	9.57	0.82
20070309	0.0	6.59	0.69
20070310	0.0	8.61	0.61
20070311	0.0	10.65	0.57
20070312	0.0	10.38	0.53
20070313	0.0	8.15	0.47
20070314	0.0	8.07	0.44
20070315	0.0	7.94	0.43
20070316	0.0	9.63	0.41
20070317	3.63	10.52	0.41
20070318	2.3	4.78	0.5
20070319	11.83	3.64	0.49
20070320	2.48	3.6	0.92
20070321	0.02	2.05	0.83
20070322	0.01	4.49	0.65
20070323	0.27	5.54	0.53
20070324	0.55	7.24	0.52
20070325	0.09	6.93	0.48
20070326	0.0	7.63	0.44
20070327	0.0	8.1	0.42
20070328	0.0	9.15	0.4
20070329	0.36	5.72	0.39
20070330	0.0	8.24	0.36
20070331	0.0	9.27	0.33
20070401	0.0	9.14	0.31
20070402	0.14	9.53	0.31
20070403	0.08	5.34	0.3
20070404	0.0	5.22	0.29
20070405	0.0	11.29	0.29
20070406	0.0	7.91	0.29
20070407	0.0	7.85	0.26
20070408	0.0	11.38	0.26
20070409	0.0	10.76	0.26
20070410	0.0	10.07	0.26
20070411	0.0	10.27	0.26
20070412	0.0	9.56	0.25
20070413	0.0	10.66	0.25
20070414	0.08	11.87	0.25
20070415	0.0	13.39	0.24
20070416	0.0	13.34	0.24
20070417	0.0	9.25	0.23
20070418	0.0	8.93	0.23
20070419	0.0	12.31	0.23
20070420	0.0	8.85	0.23
20070421	0.0	11.06	0.22
20070422	0.0	14.0	0.22
20070423	0.04	16.21	0.22
20070424	0.0	16.03	0.22
20070425	0.12	14.93	0.21
20070426	0.0	12.23	0.2
20070427	0.0	11.66	0.2
20070428	0.0	12.45	0.2
20070429	0.0	12.65	0.19
20070430	0.08	12.36	0.19
20070501	0.0	12.45	0.18
20070502	0.0	12.07	0.18
20070503	0.0	9.66	0.18
20070504	0.0	10.06	0.18
20070505	0.0	8.69	0.18
20070506	2.5	14.55	0.17
20070507	3.79	11.96	0.2
20070508	3.4	12.78	0.22
20070509	4.04	12.79	0.21
20070510	23.52	12.74	0.32
20070511	5.1	12.45	0.63
20070512	0.5	12.73	0.45
20070513	10.52	12.0	0.43
20070514	0.64	7.67	0.45
20070515	1.85	11.77	0.34
20070516	7.68	11.91	0.34
20070517	0.06	14.78	0.47
20070518	0.04	14.78	0.35
20070519	0.0	11.23	0.24
20070520	0.0	12.96	0.24
20070521	0.35	12.82	0.23
20070522	0.0	13.66	0.21
20070523	0.0	17.87	0.19
20070524	0.0	17.12	0.19
20070525	0.0	14.02	0.18
20070526	1.08	11.1	0.18
20070527	40.3	10.35	0.63
20070528	16.83	7.87	1.76
20070529	3.31	7.57	1.95
20070530	0.28	11.47	1.29
20070531	0.01	12.38	0.76
20070601	0.08	13.66	0.46
20070602	0.0	14.43	0.38
20070603	0.0	15.18	0.33
20070604	0.0	14.95	0.3
20070605	0.0	14.35	0.25
20070606	0.09	12.71	0.24
20070607	4.12	14.43	0.24
20070608	8.15	14.59	0.44
20070609	0.0	15.31	0.34
20070610	0.01	14.48	0.27
20070611	0.0	15.72	0.24
20070612	1.3	17.83	0.24
20070613	9.64	18.53	0.24
20070614	20.43	16.95	0.47
20070615	0.03	16.55	1.36
20070616	4.86	16.15	0.83
20070617	1.42	17.09	0.59
20070618	5.31	14.99	0.49
20070619	14.2	18.16	0.65
20070620	0.16	17.18	1.16
20070621	0.03	17.37	0.63
20070622	1.63	16.3	0.42
20070623	8.37	15.93	0.42
20070624	20.51	14.48	0.59
20070625	4.79	14.05	2.39
20070626	0.41	9.83	1.95
20070627	2.14	12.17	0.97
20070628	2.74	16.21	0.63
20070629	2.47	14.77	0.52
20070630	7.55	17.37	0.46
20070701	0.38	16.86	0.59
20070702	9.08	15.73	0.7
20070703	8.07	15.42	1.07
20070704	10.76	16.26	1.23
20070705	7.06	16.75	1.61
20070706	0.06	15.26	1.45
20070707	0.06	14.42	0.92
20070708	0.08	15.28	0.58
20070709	3.1	14.44	0.5
20070710	0.02	16.49	0.46
20070711	0.0	14.14	0.41
20070712	0.04	17.6	0.36
20070713	0.12	19.6	0.3
20070714	0.19	18.74	0.29
20070715	1.05	18.71	0.27
20070716	0.35	19.02	0.27
20070717	2.17	17.12	0.27
20070718	0.24	16.12	0.26
20070719	0.12	17.33	0.24
20070720	13.53	15.07	0.38
20070721	4.67	15.31	0.52
20070722	0.27	15.51	0.4
20070723	6.23	16.49	0.39
20070724	1.45	15.95	0.39
20070725	0.11	18.32	0.35
20070726	3.17	15.99	0.32
20070727	0.0	17.37	0.29
20070728	4.19	16.49	0.26
20070729	0.34	13.44	0.26
20070730	0.0	12.81	0.24
20070731	0.0	15.45	0.22
20070801	0.0	16.7	0.21
20070802	0.0	14.55	0.21
20070803	0.0	19.22	0.2
20070804	0.0	20.14	0.18
20070805	0.0	21.22	0.18
20070806	0.0	15.83	0.18
20070807	2.74	15.49	0.18
20070808	0.08	14.08	0.19
20070809	0.0	13.0	0.19
20070810	0.0	14.62	0.18
20070811	0.0	17.49	0.17
20070812	4.84	16.36	0.17
20070813	0.31	17.55	0.17
20070814	6.22	17.47	0.17
20070815	6.21	16.83	0.29
20070816	1.15	13.58	0.26
20070817	0.33	15.04	0.21
20070818	0.94	17.63	0.2
20070819	26.63	15.96	0.46
20070820	3.01	14.82	1.07
20070821	1.97	16.64	0.97
20070822	7.29	15.74	0.7
20070823	1.21	15.75	0.78
20070824	0.12	14.53	0.72
20070825	0.0	19.52	0.54
20070826	0.0	14.96	0.38
20070827	0.0	13.99	0.35
20070828	0.0	14.16	0.31
20070829	0.0	14.18	0.29
20070830	0.05	16.31	0.27
20070831	0.0	17.02	0.24
20070901	0.0	16.21	0.22
20070902	4.58	16.43	0.22
20070903	0.91	12.96	0.23
20070904	0.0	12.86	0.21
20070905	0.0	18.56	0.19
20070906	0.01	17.16	0.18
20070907	0.0	16.81	0.18
20070908	0.0	15.86	0.18
20070909	0.0	16.91	0.18
20070910	0.01	14.21	0.17
20070911	0.0	12.7	0.17
20070912	0.0	15.37	0.16
20070913	0.0	16.63	0.16
20070914	0.0	12.55	0.16
20070915	0.0	14.38	0.16
20070916	0.05	15.98	0.16
20070917	6.18	12.36	0.16
20070918	0.08	10.16	0.18
20070919	0.09	16.07	0.17
20070920	2.78	16.83	0.17
20070921	0.14	15.81	0.17
20070922	0.08	16.25	0.17
20070923	2.15	17.1	0.16
20070924	6.64	12.58	0.18
20070925	3.83	11.73	0.19
20070926	8.83	10.28	0.22
20070927	1.2	12.92	0.28
20070928	9.62	13.65	0.34
20070929	0.03	10.0	0.34
20070930	0.0	12.44	0.3
20071001	0.25	13.13	0.25
20071002	0.0	13.28	0.24
20071003	0.01	12.6	0.22
20071004	0.0	10.39	0.21
20071005	0.0	13.75	0.2
20071006	0.0	11.11	0.19
20071007	0.03	12.71	0.19
20071008	0.17	10.48	0.19
20071009	22.83	11.97	0.51
20071010	0.01	10.31	0.95
20071011	0.0	13.17	0.63
20071012	0.09	14.58	0.45
20071013	0.0	11.99	0.34
20071014	0.08	11.74	0.31
20071015	1.04	13.68	0.29
20071016	26.37	13.06	0.47
20071017	0.12	9.05	1.88
20071018	0.03	7.18	1.41
20071019	0.0	7.2	0.76
20071020	0.0	7.34	0.52
20071021	0.0	7.38	0.41
20071022	0.26	6.68	0.4
20071023	0.0	7.61	0.36
20071024	0.0	10.03	0.33
20071025	0.06	9.6	0.31
20071026	0.0	9.55	0.29
20071027	0.01	12.77	0.28
20071028	3.75	10.85	0.29
20071029	0.0	8.79	0.3
20071030	0.0	7.99	0.27
20071031	0.08	10.57	0.25
20071101	0.0	11.96	0.24
20071102	0.0	10.92	0.24
20071103	0.01	9.06	0.24
20071104	0.08	6.53	0.23
20071105	0.11	7.55	0.23
20071106	0.0	6.75	0.22
20071107	0.1	10.2	0.21
20071108	2.87	8.51	0.23
20071109	1.89	6.67	0.23
20071110	2.42	10.53	0.25
20071111	2.75	5.87	0.26
20071112	0.83	3.74	0.27
20071113	10.28	5.92	0.3
20071114	1.24	4.54	0.64
20071115	0.02	3.07	0.54
20071116	0.08	2.64	0.48
20071117	0.0	4.43	0.38
20071118	2.73	5.43	0.37
20071119	3.84	6.66	0.39
20071120	7.72	8.81	0.63
20071121	0.52	9.28	1.19
20071122	1.85	6.38	0.96
20071123	0.37	2.7	0.72
20071124	0.03	3.86	0.59
20071125	0.06	4.64	0.48
20071126	0.0	2.6	0.42
20071127	0.1	5.98	0.39
20071128	0.23	8.45	0.39
20071129	0.15	6.34	0.39
20071130	1.96	9.15	0.36
20071201	1.01	7.21	0.37
20071202	5.71	8.15	0.62
20071203	1.6	5.79	0.62
20071204	0.41	9.57	0.55
20071205	4.93	10.54	0.58
20071206	8.92	10.34	1.01
20071207	0.03	5.76	1.52
20071208	6.31	6.69	1.39
20071209	5.15	6.45	1.72
20071210	3.47	4.06	1.77
20071211	0.03	0.9	1.38
20071212	0.09	1.64	1.03
20071213	0.0	1.92	0.8
20071214	0.0	2.53	0.66
20071215	0.0	3.47	0.56
20071216	0.09	1.05	0.53
20071217	0.0	3.06	0.49
20071218	0.09	2.04	0.45
20071219	0.09	2.03	0.42
20071220	0.0	2.69	0.41
20071221	0.0	0.42	0.41
20071222	0.44	1.97	0.39
20071223	0.12	2.54	0.37
20071224	3.64	7.25	0.36
20071225	8.4	4.79	0.87
20071226	0.12	5.88	1.15
20071227	0.0	10.06	0.87
20071228	3.39	7.85	0.75
20071229	0.39	4.75	0.78
20071230	0.58	5.21	0.61
20071231	0.04	6.13	0.55
20080101	0.93	5.08	0.53
20080102	0.0	2.27	0.5
20080103	0.25	3.06	0.46
20080104	4.64	5.86	0.48
20080105	0.0	4.44	0.57
20080106	0.91	4.74	0.49
20080107	0.21	5.41	0.49
20080108	2.07	6.62	0.46
20080109	0.01	6.64	0.48
20080110	1.13	6.99	0.47
20080111	11.67	4.81	1.09
20080112	0.33	5.62	1.56
20080113	0.31	8.12	1.17
20080114	3.69	7.99	0.94
20080115	9.74	7.48	1.27
20080116	0.03	4.27	1.75
20080117	1.71	6.87	1.23
20080118	6.37	10.07	1.2
20080119	4.34	11.27	1.51
20080120	3.29	12.34	1.73
20080121	4.37	6.37	1.46
20080122	0.29	5.92	1.41
20080123	0.01	10.66	1.14
20080124	0.16	6.41	0.91
20080125	0.01	7.49	0.73
20080126	0.0	7.82	0.63
20080127	0.0	5.73	0.58
20080128	0.0	4.44	0.48
20080129	0.81	6.62	0.51
20080130	0.0	4.96	0.48
20080131	3.46	5.6	0.54
20080201	3.56	2.81	0.61
20080202	0.64	2.8	0.64
20080203	1.86	4.63	0.63
20080204	2.13	6.62	0.62
20080205	2.56	9.16	0.65
20080206	0.01	4.5	0.65
20080207	0.01	7.31	0.56
20080208	0.0	6.75	0.52
20080209	0.08	5.57	0.45
20080210	0.0	5.86	0.43
20080211	0.08	4.78	0.42
20080212	0.04	4.66	0.4
20080213	0.09	4.21	0.38
20080214	0.01	4.37	0.37
20080215	0.0	1.6	0.35
20080216	0.0	-0.65	0.34
20080217	0.1	0.59	0.33
20080218	0.02	1.21	0.33
20080219	0.09	1.06	0.34
20080220	0.0	3.51	0.34
20080221	0.11	8.55	0.33
20080222	0.13	8.35	0.31
20080223	0.0	9.61	0.31
20080224	2.92	6.01	0.32
20080225	4.19	7.39	0.34
20080226	0.25	7.44	0.38
20080227	0.0	4.92	0.35
20080228	0.07	5.33	0.33
20080229	3.09	8.05	0.33
20080301	0.01	9.82	0.34
20080302	0.0	7.11	0.3
20080303	0.39	3.52	0.29
20080304	0.77	3.24	0.27
20080305	0.09	5.61	0.27
20080306	0.1	9.9	0.28
20080307	0.36	7.1	0.28
20080308	2.18	7.51	0.29
20080309	5.75	6.27	0.32
20080310	9.7	6.48	0.63
20080311	3.94	8.28	0.76
20080312	0.02	6.64	0.61
20080313	0.41	6.77	0.5
20080314	0.04	9.03	0.45
20080315	20.43	8.88	0.55
20080316	1.77	5.21	2.61
20080317	1.02	3.93	1.82
20080318	5.28	3.77	1.11
20080319	0.45	3.78	1.13
20080320	7.35	6.31	1.24
20080321	11.44	4.26	1.97
20080322	2.04	1.34	3.09
20080323	6.48	1.22	2.53
20080324	2.34	0.96	2.24
20080325	1.7	3.02	1.74
20080326	3.07	4.29	1.32
20080327	2.04	4.8	1.26
20080328	5.01	6.16	1.49
20080329	0.49	9.55	1.5
20080330	0.08	7.32	1.15
20080331	0.22	9.66	0.82
20080401	0.08	10.44	0.72
20080402	0.0	7.6	0.64
20080403	0.0	9.53	0.56
20080404	1.64	10.1	0.53
20080405	1.9	4.59	0.54
20080406	1.79	2.04	0.53
20080407	1.2	2.56	0.54
20080408	0.16	4.33	0.46
20080409	0.0	5.23	0.45
20080410	0.1	6.17	0.43
20080411	3.4	7.74	0.43
20080412	1.24	7.06	0.41
20080413	6.11	8.21	0.42
20080414	5.9	5.34	0.92
20080415	4.89	7.1	0.72
20080416	0.86	5.5	0.81
20080417	0.0	6.03	0.64
20080418	0.0	7.9	0.55
20080419	0.46	7.72	0.48
20080420	0.09	9.56	0.41
20080421	0.0	8.87	0.4
20080422	0.0	8.56	0.38
20080423	1.51	9.76	0.37
20080424	1.48	9.87	0.36
20080425	0.01	12.93	0.34
20080426	0.0	15.93	0.33
20080427	0.25	13.49	0.32
20080428	1.22	10.39	0.32
20080429	11.88	9.61	0.4
20080430	1.55	9.2	0.61
20080501	1.98	9.21	0.42
20080502	0.05	10.31	0.39
20080503	0.05	13.76	0.34
20080504	0.0	15.11	0.32
20080505	0.0	13.06	0.29
20080506	0.0	14.15	0.28
20080507	0.0	14.02	0.27
20080508	0.0	15.67	0.25
20080509	0.0	16.07	0.25
20080510	0.0	16.61	0.24
20080511	0.0	15.57	0.23
20080512	0.0	15.0	0.22
20080513	0.0	13.56	0.22
20080514	0.0	12.66	0.22
20080515	6.28	12.37	0.22
20080516	2.14	11.17	0.27
20080517	0.5	8.78	0.29
20080518	0.0	7.94	0.24
20080519	0.0	6.94	0.23
20080520	0.0	8.48	0.22
20080521	0.0	10.63	0.21
20080522	0.0	14.17	0.21
20080523	0.0	15.13	0.2
20080524	0.3	14.55	0.2
20080525	17.57	12.39	0.46
20080526	17.72	11.77	0.44
20080527	8.05	15.26	0.94
20080528	0.0	14.87	0.91
20080529	15.7	14.97	0.99
20080530	0.02	12.7	1.32
20080531	0.02	14.54	0.66
20080601	0.02	13.96	0.47
20080602	11.84	15.13	0.49
20080603	0.74	14.08	0.75
20080604	0.04	12.54	0.49
20080605	1.2	14.97	0.44
20080606	14.2	13.3	0.74
20080607	4.76	13.5	1.78
20080608	0.0	14.86	1.67
20080609	0.0	17.87	0.85
20080610	0.0	14.75	0.5
20080611	2.75	14.21	0.45
20080612	0.01	10.3	0.4
20080613	0.57	11.57	0.35
20080614	2.57	11.86	0.32
20080615	5.71	10.67	0.49
20080616	0.09	12.36	0.49
20080617	0.0	14.49	0.34
20080618	0.54	15.95	0.32
20080619	0.0	14.54	0.29
20080620	0.11	14.87	0.26
20080621	1.04	17.15	0.27
20080622	0.0	16.77	0.25
20080623	0.0	13.86	0.23
20080624	0.0	15.38	0.22
20080625	0.0	15.89	0.21
20080626	3.81	16.18	0.2
20080627	0.07	18.64	0.21
20080628	0.0	16.69	0.2
20080629	0.16	15.31	0.19
20080630	0.0	16.06	0.18
20080701	0.06	19.32	0.18
20080702	0.98	16.44	0.18
20080703	1.76	14.73	0.19
20080704	0.06	17.29	0.18
20080705	1.14	17.54	0.17
20080706	2.48	16.3	0.18
20080707	8.39	14.61	0.21
20080708	0.46	14.31	0.22
20080709	11.5	16.18	0.27
20080710	0.0	17.1	0.27
20080711	6.38	15.68	0.23
20080712	0.2	12.32	0.23
20080713	0.01	15.06	0.2
20080714	0.0	18.94	0.19
20080715	0.0	19.09	0.18
20080716	0.01	16.19	0.17
20080717	1.32	14.94	0.18
20080718	1.32	17.65	0.18
20080719	2.16	15.04	0.18
20080720	1.17	13.75	0.17
20080721	0.0	12.99	0.17
20080722	0.0	18.46	0.16
20080723	0.01	18.85	0.16
20080724	0.0	19.03	0.15
20080725	0.06	19.94	0.14
20080726	0.0	20.39	0.14
20080727	0.01	20.55	0.14
20080728	8.52	21.29	0.14
20080729	0.01	18.09	0.18
20080730	0.0	20.06	0.14
20080731	3.87	21.6	0.14
20080801	0.56	18.91	0.14
20080802	2.24	16.32	0.14
20080803	5.06	16.66	0.16
20080804	0.4	16.49	0.16
20080805	6.78	18.45	0.16
20080806	3.66	19.39	0.18
20080807	18.14	18.86	0.68
20080808	0.88	14.0	0.94
20080809	5.67	18.17	0.58
20080810	0.28	18.13	0.33
20080811	16.03	16.8	0.26
20080812	5.24	16.4	1.42
20080813	4.88	15.24	1.26
20080814	1.82	14.57	0.69
20080815	0.02	15.33	0.38
20080816	3.27	18.43	0.29
20080817	4.63	17.17	0.3
20080818	0.49	17.93	0.3
20080819	2.94	17.21	0.3
20080820	0.57	17.68	0.29
20080821	0.7	17.41	0.26
20080822	3.2	15.15	0.25
20080823	1.12	16.25	0.23
20080824	0.87	16.06	0.23
20080825	0.0	19.01	0.22
20080826	0.03	19.03	0.2
20080827	0.0	18.58	0.19
20080828	0.0	19.07	0.19
20080829	0.0	18.43	0.18
20080830	0.0	17.94	0.18
20080831	5.4	19.13	0.18
20080901	4.27	17.65	0.17
20080902	1.99	13.66	0.19
20080903	0.02	15.8	0.18
20080904	7.12	14.36	0.19
20080905	7.63	15.45	0.27
20080906	3.47	15.92	0.27
20080907	5.32	14.75	0.57
20080908	0.2	15.3	0.63
20080909	1.27	15.86	0.41
20080910	0.02	18.18	0.32
20080911	1.76	17.4	0.27
20080912	6.86	11.97	0.35
20080913	0.03	13.05	0.41
20080914	0.0	13.18	0.32
20080915	0.0	13.1	0.25
20080916	0.0	12.68	0.24
20080917	0.01	11.83	0.23
20080918	0.0	11.51	0.22
20080919	0.0	12.85	0.2
20080920	0.0	12.6	0.19
20080921	0.0	13.44	0.19
20080922	0.59	13.97	0.19
20080923	0.86	13.98	0.19
20080924	0.77	13.3	0.19
20080925	0.15	12.01	0.18
20080926	0.0	11.65	0.18
20080927	0.01	11.73	0.18
20080928	0.23	11.38	0.18
20080929	1.9	13.02	0.18
20080930	4.78	12.15	0.18
20081001	0.49	10.14	0.2
20081002	0.6	7.01	0.19
20081003	3.37	5.23	0.2
20081004	27.77	10.64	0.23
20081005	20.66	7.88	2.8
20081006	0.01	12.72	3.67
20081007	0.22	12.41	1.58
20081008	0.01	9.36	0.8
20081009	0.0	13.76	0.54
20081010	0.0	13.47	0.42
20081011	0.08	12.21	0.38
20081012	0.1	14.37	0.36
20081013	0.0	13.02	0.34
20081014	0.77	14.28	0.32
20081015	6.49	12.31	0.38
20081016	0.01	8.41	0.37
20081017	0.0	8.9	0.31
20081018	0.0	10.9	0.29
20081019	0.0	12.24	0.28
20081020	7.41	11.75	0.33
20081021	0.01	6.83	0.36
20081022	0.0	8.29	0.3
20081023	1.37	12.11	0.28
20081024	0.1	6.9	0.28
20081025	7.89	10.98	0.27
20081026	3.74	7.97	0.62
20081027	0.04	4.84	0.59
20081028	0.19	2.63	0.48
20081029	0.87	2.84	0.41
20081030	5.27	3.08	0.41
20081031	0.23	5.14	0.42
20081101	16.75	8.7	0.86
20081102	0.25	8.43	1.89
20081103	1.73	10.14	1.26
20081104	0.51	10.46	0.98
20081105	0.65	9.93	0.82
20081106	0.52	10.07	0.64
20081107	0.26	9.11	0.62
20081108	3.11	8.65	0.56
20081109	4.86	9.15	0.7
20081110	11.32	7.56	1.73
20081111	0.22	7.84	2.33
20081112	0.04	5.76	1.26
20081113	0.3	8.25	0.87
20081114	0.02	11.44	0.7
20081115	0.6	10.77	0.61
20081116	0.18	5.15	0.51
20081117	1.85	6.16	0.5
20081118	0.14	7.37	0.51
20081119	0.01	9.47	0.45
20081120	0.21	8.48	0.39
20081121	3.03	3.7	0.44
20081122	5.33	0.4	0.62
20081123	11.5	1.68	0.95
20081124	3.78	4.79	2.05
20081125	0.44	3.16	1.87
20081126	0.2	6.93	1.33
20081127	3.09	6.92	1.09
20081128	4.94	4.45	1.15
20081129	4.56	4.47	1.44
20081130	2.86	5.0	1.72
20081201	0.49	2.15	1.53
20081202	1.6	0.93	1.24
20081203	2.61	1.88	1.05
20081204	1.7	3.25	1.14
20081205	0.88	3.44	1.07
20081206	0.55	1.86	0.83
20081207	0.18	2.49	0.72
20081208	2.85	3.02	0.65
20081209	2.08	2.25	0.79
20081210	1.52	2.19	0.81
20081211	1.13	0.55	0.85
20081212	1.47	2.15	0.77
20081213	10.76	3.38	1.26
20081214	0.19	3.69	1.96
20081215	0.0	4.04	1.28
20081216	0.83	3.84	1.04
20081217	0.06	4.47	0.87
20081218	0.57	6.53	0.76
20081219	0.73	7.46	0.61
20081220	1.4	9.12	0.69
20081221	0.02	10.15	0.63
20081222	0.0	7.94	0.59
20081223	0.2	6.85	0.55
20081224	0.0	5.1	0.49
20081225	0.0	3.67	0.49
20081226	0.0	1.59	0.47
20081227	0.18	1.16	0.45
20081228	0.01	0.9	0.44
20081229	0.0	-0.33	0.43
20081230	0.08	-0.23	0.41
20081231	0.0	1.94	0.4
20090101	0.14	1.81	0.39
20090102	0.01	0.93	0.38
20090103	0.0	0.32	0.37
20090104	2.97	0.28	0.37
20090105	0.27	-2.26	0.39
20090106	0.15	-2.46	0.36
20090107	0.15	1.11	0.35
20090108	0.0	-0.13	0.36
20090109	0.0	-2.17	0.36
20090110	0.03	-0.43	0.35
20090111	0.45	5.49	0.35
20090112	2.95	7.43	0.39
20090113	0.09	3.21	0.49
20090114	0.12	2.14	0.46
20090115	2.65	3.89	0.43
20090116	1.25	5.84	0.46
20090117	4.41	5.92	0.61
20090118	5.84	4.31	0.95
20090119	1.26	3.53	1.44
20090120	0.18	1.76	1.17
20090121	3.59	3.29	0.82
20090122	4.39	5.48	1.24
20090123	2.62	1.95	1.55
20090124	0.62	2.88	1.3
20090125	5.44	5.06	1.22
20090126	0.09	3.85	1.34
20090127	1.31	4.04	1.05
20090128	1.97	2.57	0.97
20090129	0.01	2.99	0.95
20090130	0.08	3.88	0.82
20090131	0.0	2.62	0.69
20090201	0.47	-0.23	0.63
20090202	7.11	0.45	0.78
20090203	0.0	0.24	1.17
20090204	2.85	1.39	0.93
20090205	4.05	2.06	1.02
20090206	5.15	-0.65	1.88
20090207	0.06	-0.19	1.66
20090208	1.02	0.99	1.15
20090209	18.6	2.01	1.45
20090210	1.31	0.68	3.9
20090211	1.54	1.5	2.75
20090212	3.9	1.37	1.53
20090213	0.04	1.6	1.42
20090214	0.09	2.68	1.26
20090215	0.55	4.89	1.09
20090216	0.1	7.96	0.96
20090217	0.83	6.95	0.86
20090218	0.39	5.21	0.78
20090219	0.53	6.64	0.69
20090220	0.01	5.69	0.65
20090221	0.0	8.04	0.61
20090222	0.27	7.42	0.59
20090223	0.99	7.23	0.56
20090224	0.13	7.4	0.53
20090225	0.01	7.49	0.51
20090226	0.15	7.46	0.5
20090227	0.0	9.36	0.48
20090228	0.0	5.78	0.47
20090301	0.02	3.89	0.47
20090302	0.07	7.36	0.44
20090303	8.09	6.7	0.46
20090304	1.12	2.64	0.72
20090305	0.03	2.79	0.59
20090306	0.0	4.19	0.49
20090307	0.92	8.48	0.47
20090308	2.69	5.86	0.5
20090309	8.7	7.43	0.49
20090310	0.17	3.73	0.99
20090311	0.01	8.23	0.84
20090312	0.0	7.42	0.71
20090313	0.01	9.18	0.58
20090314	0.0	7.49	0.56
20090315	0.0	7.44	0.49
20090316	0.0	9.33	0.44
20090317	0.0	3.94	0.43
20090318	0.07	6.72	0.41
20090319	0.0	5.84	0.41
20090320	0.02	3.88	0.39
20090321	0.0	8.54	0.36
20090322	0.0	10.11	0.37
20090323	8.93	6.52	0.42
20090324	4.51	7.01	0.64
20090325	4.35	7.87	0.68
20090326	2.02	8.42	0.69
20090327	0.68	5.26	0.64
20090328	3.91	3.51	0.59
20090329	0.09	3.32	0.5
20090330	0.0	9.78	0.5
20090331	0.0	7.47	0.46
20090401	0.0	9.17	0.43
20090402	0.0	7.37	0.41
20090403	0.0	8.75	0.41
20090404	0.0	8.57	0.4
20090405	0.0	8.72	0.37
20090406	0.23	11.63	0.37
20090407	1.23	11.11	0.37
20090408	0.32	9.8	0.36
20090409	0.11	12.86	0.35
20090410	0.66	13.46	0.35
20090411	8.6	11.71	0.43
20090412	0.13	10.3	0.48
20090413	0.0	10.21	0.4
20090414	0.2	11.36	0.37
20090415	0.54	13.08	0.36
20090416	0.58	11.38	0.34
20090417	0.0	9.28	0.33
20090418	0.0	8.76	0.31
20090419	0.0	8.73	0.3
20090420	0.0	8.93	0.29
20090421	0.0	11.11	0.29
20090422	0.0	10.65	0.27
20090423	0.0	11.29	0.27
20090424	0.0	11.85	0.26
20090425	0.0	9.86	0.25
20090426	0.0	9.61	0.26
20090427	2.82	9.3	0.27
20090428	0.03	7.56	0.27
20090429	0.0	10.25	0.25
20090430	0.0	11.63	0.23
20090501	0.0	14.1	0.23
20090502	0.0	12.71	0.22
20090503	0.0	8.4	0.22
20090504	0.11	11.53	0.22
20090505	1.01	14.17	0.22
20090506	0.0	14.49	0.22
20090507	0.02	12.7	0.21
20090508	2.47	9.91	0.22
20090509	0.0	9.97	0.21
20090510	0.0	11.88	0.2
20090511	0.0	9.97	0.2
20090512	0.0	12.06	0.19
20090513	9.51	12.82	0.26
20090514	11.87	12.27	0.29
20090515	2.36	11.83	0.43
20090516	1.72	11.63	0.28
20090517	2.17	12.31	0.27
20090518	0.21	12.66	0.25
20090519	1.56	11.92	0.23
20090520	0.0	12.77	0.22
20090521	0.06	12.86	0.21
20090522	0.0	13.7	0.2
20090523	0.0	13.33	0.19
20090524	0.0	13.06	0.18
20090525	5.3	14.95	0.18
20090526	2.89	11.22	0.23
20090527	0.18	14.43	0.2
20090528	0.0	15.23	0.19
20090529	0.0	13.98	0.18
20090530	0.0	13.86	0.17
20090531	0.0	15.25	0.16
20090601	0.0	14.83	0.16
20090602	0.0	15.77	0.15
20090603	0.0	10.75	0.14
20090604	0.0	11.17	0.14
20090605	0.0	11.81	0.14
20090606	0.02	12.16	0.14
20090607	5.76	10.93	0.2
20090608	3.75	13.21	0.19
20090609	0.29	12.86	0.2
20090610	6.99	13.35	0.22
20090611	3.23	10.92	0.24
20090612	0.0	14.82	0.2
20090613	0.2	17.38	0.17
20090614	0.0	15.71	0.16
20090615	13.29	15.28	0.24
20090616	0.0	15.22	0.24
20090617	0.26	15.16	0.22
20090618	0.0	13.97	0.17
20090619	0.0	14.27	0.16
20090620	3.49	14.0	0.16
20090621	0.32	12.56	0.16
20090622	0.0	15.41	0.16
20090623	0.0	14.24	0.15
20090624	0.0	16.15	0.14
20090625	0.01	17.81	0.14
20090626	0.0	17.65	0.13
20090627	4.28	18.55	0.36
20090628	23.72	18.95	0.43
20090629	0.01	18.64	1.01
20090630	0.0	18.86	0.76
20090701	0.0	17.54	0.28
20090702	5.92	19.96	0.23
20090703	1.99	19.27	0.3
20090704	0.62	19.99	0.21
20090705	0.0	18.06	0.19
20090706	7.56	16.22	0.19
20090707	6.84	16.66	0.22
20090708	0.37	14.35	0.22
20090709	3.06	13.84	0.2
20090710	0.0	14.52	0.18
20090711	5.76	17.37	0.18
20090712	0.02	17.09	0.19
20090713	0.03	17.68	0.17
20090714	3.04	18.1	0.15
20090715	0.22	17.88	0.14
20090716	14.37	19.33	0.17
20090717	9.36	16.32	0.29
20090718	0.17	16.11	0.25
20090719	4.09	15.43	0.2
20090720	1.8	16.15	0.19
20090721	2.68	17.89	0.19
20090722	0.01	17.95	0.18
20090723	2.77	17.53	0.16
20090724	5.56	15.85	0.18
20090725	0.02	17.18	0.17
20090726	6.39	17.76	0.15
20090727	3.65	14.91	0.18
20090728	1.18	18.23	0.18
20090729	6.83	16.62	0.19
20090730	2.48	13.48	0.25
20090731	0.11	18.03	0.19
20090801	4.19	18.55	0.16
20090802	0.01	15.51	0.16
20090803	0.0	18.35	0.15
20090804	0.01	19.87	0.14
20090805	0.0	21.04	0.14
20090806	1.8	21.81	0.13
20090807	0.02	15.9	0.13
20090808	0.0	17.2	0.13
20090809	0.0	18.2	0.13
20090810	0.73	19.11	0.13
20090811	3.07	20.03	0.13
20090812	2.57	17.68	0.15
20090813	0.0	15.59	0.14
20090814	0.0	19.38	0.13
20090815	0.0	19.04	0.13
20090816	0.0	18.88	0.12
20090817	0.0	16.99	0.12
20090818	0.0	18.63	0.12
20090819	0.0	21.44	0.12
20090820	0.15	18.93	0.11
20090821	0.29	14.3	0.11
20090822	0.0	18.15	0.11
20090823	0.0	20.98	0.1
20090824	0.0	17.47	0.1
20090825	0.01	16.79	0.1
20090826	0.03	20.27	0.1
20090827	0.0	18.4	0.1
20090828	1.16	14.59	0.1
20090829	0.0	14.56	0.1
20090830	0.02	18.9	0.1
20090831	0.0	19.94	0.1
20090901	1.2	17.23	0.1
20090902	11.18	15.91	0.12
20090903	0.19	13.87	0.14
20090904	0.3	13.78	0.12
20090905	0.0	16.12	0.11
20090906	0.26	16.87	0.11
20090907	0.0	18.77	0.11
20090908	0.0	20.27	0.11
20090909	0.01	12.93	0.1
20090910	0.0	13.32	0.1
20090911	0.07	14.48	0.1
20090912	0.0	14.9	0.1
20090913	0.0	14.25	0.1
20090914	1.28	16.38	0.11
20090915	0.06	15.46	0.11
20090916	0.0	15.48	0.11
20090917	0.0	14.47	0.1
20090918	0.0	14.05	0.1
20090919	0.32	17.84	0.1
20090920	0.0	12.61	0.1
20090921	0.0	16.02	0.1
20090922	0.0	16.74	0.1
20090923	0.0	13.47	0.1
20090924	0.0	12.71	0.1
20090925	0.0	13.12	0.1
20090926	0.0	12.43	0.1
20090927	0.01	14.59	0.1
20090928	0.0	15.5	0.1
20090929	0.01	16.86	0.1
20090930	0.0	15.63	0.11
20091001	0.0	10.15	0.11
20091002	0.0	13.43	0.1
20091003	0.28	12.72	0.11
20091004	0.0	9.91	0.1
20091005	0.63	12.98	0.11
20091006	9.36	15.07	0.12
20091007	0.2	9.25	0.14
20091008	0.01	8.72	0.16
20091009	8.36	12.71	0.15
20091010	0.0	12.45	0.17
20091011	1.02	12.39	0.14
20091012	0.02	10.43	0.13
20091013	0.73	11.7	0.13
20091014	0.0	8.97	0.13
20091015	0.86	11.24	0.13
20091016	0.19	11.22	0.13
20091017	0.0	7.63	0.12
20091018	0.0	7.92	0.13
20091019	0.0	9.38	0.13
20091020	3.97	11.55	0.13
20091021	19.9	10.97	0.23
20091022	0.13	11.48	0.28
20091023	0.73	13.07	0.22
20091024	0.69	13.38	0.16
20091025	0.07	13.58	0.15
20091026	0.67	10.84	0.14
20091027	0.59	12.67	0.15
20091028	0.01	11.79	0.15
20091029	0.11	12.88	0.14
20091030	3.59	12.83	0.14
20091031	1.94	11.5	0.17
20091101	9.03	10.78	0.2
20091102	0.86	8.42	0.19
20091103	5.66	8.12	0.31
20091104	0.48	8.0	0.22
20091105	0.54	7.51	0.2
20091106	7.25	6.6	0.21
20091107	0.13	6.15	0.22
20091108	0.17	6.38	0.21
20091109	0.05	5.32	0.2
20091110	0.06	4.41	0.18
20091111	1.87	7.54	0.18
20091112	8.45	10.72	0.19
20091113	8.52	11.93	0.32
20091114	10.76	9.28	0.48
20091115	4.17	9.33	0.57
20091116	0.83	10.79	0.54
20091117	0.0	10.7	0.4
20091118	0.0	12.96	0.32
20091119	0.41	12.43	0.26
20091120	0.93	9.84	0.24
20091121	4.31	11.46	0.21
20091122	2.09	9.3	0.24
20091123	2.64	10.13	0.24
20091124	5.68	10.93	0.25
20091125	0.02	8.68	0.4
20091126	0.0	6.36	0.35
20091127	2.83	5.42	0.3
20091128	9.77	6.23	0.3
20091129	5.7	6.69	0.78
20091130	0.94	3.85	0.74
20091201	2.08	4.72	0.57
20091202	6.95	7.51	0.6
20091203	8.37	5.28	1.02
20091204	5.38	5.37	1.14
20091205	5.95	9.74	1.22
20091206	2.84	8.52	1.47
20091207	2.28	6.9	1.11
20091208	2.34	7.55	0.81
20091209	0.49	8.3	0.75
20091210	0.21	4.97	0.65
20091211	0.15	5.62	0.54
20091212	1.26	5.84	0.48
20091213	1.69	3.53	0.45
20091214	0.24	2.01	0.44
20091215	0.09	0.04	0.39
20091216	4.63	1.61	0.41
20091217	9.92	1.03	0.58
20091218	3.43	-0.91	0.82
20091219	2.95	-2.46	0.78
20091220	0.33	-3.03	0.74
20091221	3.37	-0.86	0.66
20091222	0.05	-3.41	0.85
20091223	3.72	-0.66	0.84
20091224	1.79	2.43	1.41
20091225	0.26	2.19	1.73
20091226	0.14	5.01	1.24
20091227	0.1	2.24	0.94
20091228	0.12	1.6	0.72
20091229	12.9	3.07	0.81
20091230	5.5	3.16	1.93
20091231	0.77	0.9	1.79
20100101	0.26	-0.88	1.26
20100102	1.93	-0.76	0.89
20100103	0.2	-1.65	0.7
20100104	0.02	-1.67	0.6
20100105	0.04	-2.62	0.55
20100106	3.87	-2.31	0.49
20100107	1.45	-2.78	0.43
20100108	3.04	-2.66	0.38
20100109	2.6	0.04	0.37
20100110	3.34	0.92	0.44
20100111	0.11	1.19	0.51
20100112	1.15	1.07	0.58
20100113	1.27	0.17	0.64
20100114	4.99	1.86	0.98
20100115	0.69	2.84	1.98
20100116	6.86	3.96	2.61
20100117	0.12	3.93	2.29
20100118	0.14	3.8	1.36
20100119	0.01	3.17	1.04
20100120	0.0	3.29	0.87
20100121	0.18	2.81	0.69
20100122	10.75	5.07	0.76
20100123	0.09	4.09	1.61
20100124	1.53	3.34	1.27
20100125	0.02	0.87	0.99
20100126	0.0	-1.16	0.8
20100127	2.99	3.39	0.78
20100128	6.38	4.24	0.85
20100129	1.8	0.63	1.45
20100130	0.8	-0.5	1.23
20100131	0.11	-0.3	0.91
20100201	2.44	1.43	0.7
20100202	5.74	2.25	1.17
20100203	4.0	2.45	1.58
20100204	1.03	5.46	1.61
20100205	2.04	3.96	1.37
20100206	0.36	4.5	1.14
20100207	1.77	1.94	0.96
20100208	0.43	0.34	0.9
20100209	1.28	1.9	0.8
20100210	2.06	0.1	0.72
20100211	2.11	0.03	0.65
20100212	0.17	1.71	0.68
20100213	1.59	0.67	0.78
20100214	0.1	0.33	0.76
20100215	1.93	1.47	0.71
20100216	11.22	2.82	1.11
20100217	0.01	1.06	2.3
20100218	8.46	1.19	1.74
20100219	0.58	0.87	2.02
20100220	0.19	0.62	1.44
20100221	6.12	1.11	1.33
20100222	4.55	1.2	1.7
20100223	2.65	3.13	1.77
20100224	1.15	5.85	1.54
20100225	4.17	6.75	1.44
20100226	2.99	3.38	1.57
20100227	7.1	6.5	1.42
20100228	9.17	2.72	2.8
20100301	0.03	2.77	3.25
20100302	0.08	2.12	1.62
20100303	0.02	2.15	1.22
20100304	0.0	1.09	1.0
20100305	0.5	4.19	0.83
20100306	0.0	-0.08	0.75
20100307	0.0	-0.59	0.65
20100308	0.0	2.89	0.62
20100309	0.01	3.96	0.59
20100310	0.0	1.81	0.55
20100311	1.43	1.37	0.53
20100312	0.33	5.15	0.53
20100313	0.02	6.54	0.49
20100314	1.13	6.58	0.48
20100315	0.01	5.99	0.47
20100316	0.0	7.14	0.45
20100317	0.0	9.28	0.44
20100318	0.41	12.25	0.43
20100319	5.52	12.75	0.48
20100320	2.03	9.06	0.54
20100321	0.01	8.35	0.47
20100322	0.15	6.88	0.43
20100323	0.66	9.17	0.41
20100324	0.24	12.3	0.42
20100325	2.81	10.21	0.44
20100326	0.14	10.08	0.42
20100327	0.34	8.43	0.37
20100328	0.29	8.82	0.35
20100329	10.46	9.15	0.5
20100330	5.68	7.55	0.94
20100331	0.88	4.07	0.8
20100401	2.07	6.68	0.6
20100402	1.37	6.89	0.56
20100403	2.24	6.12	0.55
20100404	0.26	5.71	0.49
20100405	0.07	9.19	0.44
20100406	0.0	9.98	0.42
20100407	1.17	7.33	0.4
20100408	0.0	9.35	0.37
20100409	0.0	8.97	0.35
20100410	0.0	9.23	0.34
20100411	0.0	8.01	0.33
20100412	0.0	8.33	0.32
20100413	0.0	8.52	0.31
20100414	0.01	7.51	0.31
20100415	0.0	6.84	0.3
20100416	0.01	5.38	0.25
20100417	0.0	8.58	0.28
20100418	0.01	10.25	0.28
20100419	0.2	6.8	0.28
20100420	0.02	6.91	0.27
20100421	0.04	4.32	0.26
20100422	0.0	6.13	0.26
20100423	0.0	8.3	0.28
20100424	0.0	11.29	0.25
20100425	2.15	12.31	0.26
20100426	0.34	11.1	0.26
20100427	0.0	12.85	0.25
20100428	0.0	15.13	0.25
20100429	2.08	13.84	0.25
20100430	1.73	12.0	0.25
20100501	0.79	11.07	0.25
20100502	2.31	6.73	0.25
20100503	1.97	6.24	0.25
20100504	0.0	7.66	0.25
20100505	0.0	10.14	0.24
20100506	0.0	8.55	0.23
20100507	4.6	8.92	0.23
20100508	4.5	7.56	0.26
20100509	0.1	7.35	0.27
20100510	0.56	5.25	0.25
20100511	0.07	5.06	0.24
20100512	0.02	4.83	0.23
20100513	0.0	7.26	0.22
20100514	0.02	10.13	0.22
20100515	0.0	8.93	0.19
20100516	0.01	10.51	0.2
20100517	0.13	8.63	0.19
20100518	0.06	10.34	0.19
20100519	0.01	15.5	0.2
20100520	0.0	15.4	0.19
20100521	0.0	14.23	0.19
20100522	0.0	14.3	0.18
20100523	0.0	19.57	0.17
20100524	0.0	16.28	0.17
20100525	0.0	11.3	0.17
20100526	1.88	10.66	0.16
20100527	0.01	9.55	0.17
20100528	0.0	13.12	0.17
20100529	5.84	13.46	0.18
20100530	2.32	13.3	0.19
20100531	0.09	11.04	0.18
20100601	1.04	10.5	0.19
20100602	0.01	11.99	0.18
20100603	0.0	13.32	0.17
20100604	0.01	15.19	0.16
20100605	0.9	19.27	0.15
20100606	6.55	16.37	0.21
20100607	7.12	15.54	0.2
20100608	8.36	15.27	0.37
20100609	0.05	16.29	0.25
20100610	0.56	14.12	0.21
20100611	0.02	13.38	0.2
20100612	0.0	11.99	0.18
20100613	1.83	14.56	0.16
20100614	0.02	11.9	0.17
20100615	0.0	11.51	0.16
20100616	0.0	11.48	0.15
20100617	0.0	13.94	0.15
20100618	0.42	11.86	0.15
20100619	1.53	11.2	0.14
20100620	0.0	12.68	0.13
20100621	0.0	15.57	0.14
20100622	0.0	17.64	0.13
20100623	0.0	18.59	0.13
20100624	0.0	17.57	0.13
20100625	0.0	16.48	0.12
20100626	0.0	17.22	0.12
20100627	0.0	20.54	0.11
20100628	1.51	20.02	0.11
20100629	0.04	20.47	0.11
20100630	0.0	19.13	0.11
20100701	0.0	21.56	0.11
20100702	0.01	21.96	0.11
20100703	0.0	17.53	0.1
20100704	0.0	19.16	0.1
20100705	0.0	16.0	0.1
20100706	0.01	17.34	0.1
20100707	0.01	20.55	0.1
20100708	0.0	20.01	0.1
20100709	0.0	22.44	0.1
20100710	0.0	22.55	0.09
20100711	2.96	21.61	0.09
20100712	14.98	16.94	0.21
20100713	0.32	18.15	0.18
20100714	1.81	19.05	0.15
20100715	0.93	18.04	0.13
20100716	0.14	18.01	0.12
20100717	0.36	14.76	0.11
20100718	0.0	19.42	0.1
20100719	0.0	22.59	0.1
20100720	0.0	21.51	0.1
20100721	0.02	18.61	0.1
20100722	3.92	17.26	0.1
20100723	0.01	13.88	0.1
20100724	0.0	19.24	0.1
20100725	0.03	19.88	0.1
20100726	0.76	19.09	0.1
20100727	2.9	18.0	0.1
20100728	1.64	17.67	0.11
20100729	0.65	15.8	0.11
20100730	8.65	18.96	0.11
20100731	1.7	16.85	0.13
20100801	0.01	17.14	0.12
20100802	0.58	15.28	0.11
20100803	2.16	18.18	0.11
20100804	0.23	14.58	0.11
20100805	0.0	14.31	0.11
20100806	8.84	18.84	0.1
20100807	0.99	18.35	0.12
20100808	0.01	16.89	0.12
20100809	3.92	19.17	0.11
20100810	2.16	14.41	0.12
20100811	0.28	16.43	0.11
20100812	2.05	15.2	0.1
20100813	11.52	15.17	0.14
20100814	0.13	17.27	0.15
20100815	0.01	16.81	0.13
20100816	0.52	14.7	0.12
20100817	2.41	15.9	0.13
20100818	0.0	14.75	0.13
20100819	1.24	18.4	0.11
20100820	0.0	22.71	0.11
20100821	4.61	20.63	0.1
20100822	14.85	20.33	0.13
20100823	6.9	15.93	0.27
20100824	0.22	14.76	0.18
20100825	30.76	15.44	0.19
20100826	16.36	14.33	0.69
20100827	0.05	12.92	0.61
20100828	1.25	15.12	0.32
20100829	6.39	13.5	0.23
20100830	0.03	12.56	0.21
20100831	0.0	12.07	0.18
20100901	0.0	14.06	0.16
20100902	0.0	13.15	0.15
20100903	0.0	12.69	0.15
20100904	0.0	15.0	0.14
20100905	0.0	16.51	0.14
20100906	10.56	16.02	0.14
20100907	1.4	16.51	0.19
20100908	0.07	13.82	0.16
20100909	3.22	16.77	0.17
20100910	0.97	17.42	0.19
20100911	0.09	16.0	0.16
20100912	0.0	13.95	0.14
20100913	2.87	16.47	0.14
20100914	8.99	14.22	0.17
20100915	0.83	12.83	0.21
20100916	0.89	11.69	0.16
20100917	0.08	9.17	0.14
20100918	0.01	13.12	0.14
20100919	0.0	15.24	0.13
20100920	0.0	14.53	0.13
20100921	0.0	16.68	0.13
20100922	0.0	18.13	0.12
20100923	2.19	13.7	0.13
20100924	8.21	10.77	0.21
20100925	8.92	10.93	0.21
20100926	15.91	12.45	0.6
20100927	3.12	13.35	0.69
20100928	0.08	14.63	0.41
20100929	12.39	12.12	0.4
20100930	0.0	12.82	0.62
20101001	6.06	12.31	0.47
20101002	5.33	14.38	0.45
20101003	2.22	15.16	0.47
20101004	2.53	13.4	0.45
20101005	6.21	15.04	0.42
20101006	0.3	11.64	0.51
20101007	0.0	14.78	0.41
20101008	0.01	15.84	0.32
20101009	0.09	13.76	0.3
20101010	0.18	13.83	0.26
20101011	0.0	12.78	0.23
20101012	0.0	11.94	0.22
20101013	0.28	10.46	0.21
20101014	0.86	10.18	0.2
20101015	2.41	9.77	0.21
20101016	0.04	8.98	0.2
20101017	1.01	7.88	0.19
20101018	1.98	9.3	0.2
20101019	6.6	7.26	0.23
20101020	0.61	3.69	0.27
20101021	0.0	7.53	0.23
20101022	7.69	10.29	0.21
20101023	2.3	7.31	0.39
20101024	1.82	6.15	0.3
20101025	0.1	5.39	0.31
20101026	8.78	10.41	0.4
20101027	0.11	12.09	0.54
20101028	0.0	12.46	0.41
20101029	0.63	10.39	0.31
20101030	0.11	10.59	0.34
20101031	2.59	10.81	0.28
20101101	0.41	9.89	0.32
20101102	0.92	11.64	0.27
20101103	0.81	13.21	0.26
20101104	1.12	15.21	0.25
20101105	7.64	11.09	0.25
20101106	0.78	5.58	0.4
20101107	1.08	4.47	0.38
20101108	11.49	6.47	0.55
20101109	3.72	5.75	1.09
20101110	6.07	3.33	0.99
20101111	3.33	10.17	1.33
20101112	0.1	9.22	1.21
20101113	0.01	6.37	0.75
20101114	0.82	3.85	0.56
20101115	0.09	2.35	0.44
20101116	0.09	4.56	0.38
20101117	0.0	5.87	0.37
20101118	0.33	7.04	0.35
20101119	0.2	5.2	0.32
20101120	0.74	4.41	0.31
20101121	2.89	6.09	0.31
20101122	2.54	5.18	0.38
20101123	2.36	3.94	0.46
20101124	4.01	1.93	0.54
20101125	3.1	1.13	0.77
20101126	2.4	-0.75	0.81
20101127	2.38	-0.75	0.69
20101128	2.04	-1.45	0.56
20101129	5.82	-0.13	0.49
20101130	0.46	0.22	0.53
20101201	0.38	-0.41	0.51
20101202	0.66	-2.46	0.49
20101203	2.28	-2.0	0.43
20101204	0.82	0.99	0.59
20101205	0.0	-0.85	1.25
20101206	0.03	-3.37	1.03
20101207	0.19	-2.26	0.7
20101208	0.51	0.3	0.55
20101209	0.19	1.25	0.45
20101210	0.07	4.51	0.41
20101211	0.04	3.82	0.56
20101212	0.23	1.24	0.43
20101213	0.7	1.41	0.46
20101214	0.04	0.93	0.35
20101215	2.81	2.8	0.38
20101216	5.69	0.66	0.76
20101217	0.97	-5.75	0.94
20101218	0.05	-4.54	0.64
20101219	0.07	-4.87	0.48
20101220	0.01	-5.58	0.38
20101221	0.06	-0.61	0.37
20101222	0.45	0.41	0.35
20101223	0.36	1.39	0.33
20101224	0.02	-0.09	0.32
20101225	0.0	-2.99	0.31
20101226	0.12	-1.48	0.29
20101227	2.14	1.8	0.28
20101228	1.28	2.76	0.33
20101229	0.26	4.49	0.39
20101230	0.05	4.31	0.52
20101231	0.24	4.31	0.63
20110101	0.56	2.99	0.55
20110102	0.04	1.51	0.56
20110103	0.0	0.39	0.45
20110104	0.0	2.63	0.48
20110105	2.21	3.37	0.46
20110106	0.18	1.15	0.49
20110107	9.45	6.06	0.8
20110108	0.13	4.77	1.29
20110109	0.17	1.67	0.89
20110110	7.29	4.04	0.67
20110111	5.66	3.27	1.33
20110112	10.17	8.59	1.91
20110113	4.88	11.72	3.16
20110114	1.53	9.24	2.81
20110115	0.02	9.88	1.6
20110116	2.01	9.19	1.12
20110117	9.1	4.18	1.74
20110118	0.03	2.79	1.72
20110119	1.71	3.74	1.21
20110120	0.9	2.83	1.03
20110121	0.5	2.02	0.91
20110122	0.05	5.3	0.8
20110123	0.08	5.4	0.73
20110124	1.22	4.4	0.67
20110125	1.65	5.84	0.68
20110126	0.35	3.24	0.67
20110127	0.03	0.46	0.58
20110128	0.0	-0.05	0.52
20110129	0.01	1.42	0.49
20110130	0.03	1.77	0.46
20110131	0.0	0.18	0.43
20110201	0.66	3.02	0.42
20110202	0.15	5.84	0.4
20110203	0.0	7.56	0.39
20110204	0.0	11.51	0.39
20110205	0.0	11.81	0.38
20110206	0.0	10.09	0.36
20110207	0.0	5.59	0.36
20110208	0.09	4.18	0.33
20110209	0.15	6.55	0.32
20110210	4.01	7.78	0.36
20110211	3.78	8.29	0.34
20110212	0.3	5.78	0.44
20110213	0.48	5.95	0.4
20110214	0.01	5.37	0.4
20110215	0.47	4.28	0.37
20110216	0.01	5.78	0.35
20110217	0.0	4.92	0.32
20110218	0.0	2.84	0.28
20110219	2.77	3.74	0.31
20110220	0.0	2.62	0.31
20110221	0.01	2.5	0.31
20110222	1.41	3.99	0.3
20110223	7.33	6.98	0.48
20110224	0.11	8.76	0.53
20110225	12.06	11.33	0.63
20110226	3.01	5.75	1.89
20110227	0.05	5.4	1.57
20110228	0.13	2.89	1.0
20110301	0.0	2.89	0.74
20110302	0.0	3.13	0.61
20110303	0.0	2.13	0.56
20110304	0.0	2.04	0.51
20110305	0.13	3.36	0.44
20110306	0.0	1.86	0.42
20110307	0.01	2.53	0.4
20110308	0.0	6.2	0.39
20110309	0.07	7.39	0.38
20110310	0.0	7.67	0.36
20110311	0.0	7.85	0.33
20110312	0.01	9.7	0.33
20110313	2.83	5.62	0.34
20110314	0.01	6.86	0.31
20110315	0.02	6.71	0.3
20110316	0.0	5.34	0.3
20110317	0.01	5.03	0.29
20110318	0.03	1.91	0.26
20110319	0.07	5.68	0.26
20110320	0.0	8.32	0.26
20110321	0.0	9.2	0.27
20110322	0.0	8.8	0.27
20110323	0.0	7.89	0.26
20110324	0.0	8.42	0.26
20110325	0.0	9.59	0.26
20110326	0.33	5.8	0.26
20110327	0.0	5.53	0.25
20110328	0.0	6.63	0.25
20110329	0.01	10.0	0.24
20110330	2.88	10.17	0.25
20110331	0.04	14.26	0.26
20110401	0.0	13.92	0.25
20110402	0.0	11.68	0.24
20110403	2.29	9.53	0.24
20110404	1.55	10.45	0.24
20110405	0.04	12.67	0.24
20110406	0.0	15.78	0.23
20110407	0.0	10.5	0.22
20110408	0.0	11.09	0.2
20110409	0.0	8.35	0.21
20110410	0.0	9.32	0.2
20110411	0.42	12.75	0.2
20110412	0.0	7.38	0.2
20110413	0.0	8.94	0.25
20110414	0.03	10.57	0.2
20110415	0.0	11.36	0.2
20110416	0.49	10.17	0.22
20110417	0.0	10.42	0.21
20110418	0.0	11.54	0.2
20110419	0.0	13.68	0.16
20110420	0.0	14.14	0.17
20110421	0.0	14.57	0.17
20110422	0.0	15.18	0.17
20110423	0.05	16.14	0.18
20110424	0.0	13.23	0.15
20110425	0.0	12.31	0.15
20110426	0.0	10.38	0.15
20110427	0.0	9.63	0.16
20110428	0.1	11.49	0.16
20110429	0.0	13.5	0.17
20110430	0.0	12.0	0.16
20110501	0.0	11.6	0.16
20110502	0.0	8.6	0.15
20110503	0.0	5.89	0.15
20110504	0.0	8.64	0.15
20110505	0.0	11.87	0.13
20110506	0.0	16.37	0.16
20110507	0.18	18.82	0.15
20110508	0.48	16.11	0.14
20110509	0.02	14.55	0.14
20110510	0.0	14.34	0.13
20110511	0.0	11.61	0.12
20110512	0.9	11.2	0.13
20110513	0.0	11.83	0.13
20110514	0.91	10.97	0.13
20110515	0.43	13.04	0.13
20110516	0.36	14.96	0.13
20110517	0.01	15.56	0.13
20110518	0.28	12.23	0.12
20110519	0.08	12.76	0.13
20110520	0.0	12.64	0.13
20110521	0.45	15.91	0.13
20110522	0.01	13.65	0.13
20110523	0.48	13.88	0.12
20110524	0.01	10.99	0.12
20110525	0.0	14.92	0.12
20110526	4.59	12.91	0.13
20110527	0.91	10.99	0.13
20110528	0.02	14.42	0.14
20110529	0.0	16.92	0.13
20110530	6.02	15.15	0.13
20110531	0.82	10.47	0.12
20110601	0.0	15.86	0.12
20110602	0.0	15.74	0.11
20110603	0.0	16.02	0.11
20110604	0.0	15.79	0.11
20110605	0.73	13.93	0.1
20110606	1.62	13.08	0.11
20110607	0.0	13.01	0.1
20110608	0.0	13.95	0.1
20110609	1.19	12.31	0.09
20110610	1.76	10.72	0.09
20110611	0.01	11.41	0.1
20110612	6.55	14.77	0.16
20110613	0.0	15.78	0.12
20110614	0.0	16.79	0.1
20110615	0.0	17.95	0.1
20110616	2.6	13.5	0.1
20110617	12.63	13.87	0.14
20110618	3.66	14.38	0.17
20110619	0.3	13.03	0.14
20110620	0.69	17.46	0.12
20110621	0.0	16.39	0.11
20110622	7.92	14.52	0.13
20110623	3.8	13.02	0.14
20110624	7.0	14.91	0.14
20110625	0.04	18.2	0.15
20110626	0.0	21.1	0.12
20110627	0.05	23.49	0.11
20110628	5.8	15.89	0.12
20110629	0.92	14.37	0.12
20110630	0.9	13.54	0.11
20110701	0.0	13.7	0.11
20110702	0.0	13.82	0.1
20110703	0.0	16.0	0.1
20110704	0.0	16.45	0.1
20110705	6.52	18.77	0.1
20110706	1.3	17.08	0.11
20110707	4.64	16.1	0.11
20110708	0.58	16.13	0.11
20110709	0.91	16.34	0.1
20110710	1.52	16.52	0.1
20110711	0.0	16.68	0.1
20110712	0.0	15.57	0.09
20110713	3.88	13.94	0.09
20110714	1.13	13.8	0.11
20110715	1.05	18.97	0.1
20110716	12.53	14.58	0.15
20110717	9.4	16.12	0.2
20110718	9.75	15.23	0.22
20110719	1.78	16.01	0.27
20110720	0.08	15.91	0.18
20110721	1.15	13.68	0.14
20110722	0.05	13.29	0.15
20110723	0.02	12.99	0.13
20110724	0.0	13.82	0.12
20110725	0.01	15.55	0.11
20110726	0.55	14.71	0.11
20110727	0.0	16.05	0.11
20110728	0.0	15.83	0.11
20110729	0.0	14.21	0.11
20110730	0.0	12.22	0.1
20110731	0.0	18.51	0.1
20110801	0.0	19.28	0.1
20110802	0.0	21.05	0.09
20110803	10.29	21.39	0.1
20110804	7.64	16.22	0.15
20110805	0.98	18.74	0.14
20110806	0.04	15.83	0.13
20110807	0.12	14.86	0.11
20110808	0.84	15.84	0.1
20110809	0.06	12.97	0.1
20110810	0.04	18.05	0.1
20110811	0.35	18.86	0.09
20110812	0.57	17.24	0.09
20110813	1.61	17.89	0.1
20110814	0.0	15.72	0.1
20110815	0.0	17.78	0.09
20110816	0.0	16.16	0.09
20110817	0.36	13.5	0.09
20110818	10.38	12.75	0.14
20110819	0.0	17.27	0.12
20110820	0.03	17.38	0.11
20110821	0.0	17.33	0.1
20110822	1.47	17.19	0.1
20110823	2.73	14.77	0.11
20110824	0.47	15.77	0.11
20110825	9.91	16.28	0.1
20110826	13.24	14.57	0.15
20110827	4.76	13.98	0.24
20110828	0.07	15.04	0.2
20110829	0.0	13.51	0.16
20110830	0.01	14.11	0.13
20110831	0.0	12.76	0.12
20110901	0.0	14.6	0.12
20110902	0.0	19.18	0.12
20110903	0.0	19.25	0.1
20110904	4.8	15.82	0.11
20110905	3.56	16.24	0.1
20110906	3.6	14.73	0.12
20110907	0.14	14.77	0.12
20110908	0.1	15.67	0.11
20110909	0.0	19.89	0.11
20110910	0.85	19.08	0.11
20110911	0.55	17.87	0.1
20110912	0.09	17.01	0.1
20110913	2.81	14.13	0.09
20110914	0.0	12.52	0.09
20110915	0.08	14.03	0.09
20110916	0.42	15.79	0.14
20110917	1.95	12.45	0.1
20110918	2.02	12.52	0.11
20110919	0.02	16.71	0.1
20110920	3.95	16.18	0.1
20110921	0.01	13.66	0.11
20110922	0.0	12.76	0.1
20110923	0.0	13.42	0.1
20110924	0.0	15.06	0.1
20110925	0.19	18.31	0.1
20110926	0.52	15.56	0.1
20110927	0.01	16.65	0.1
20110928	0.09	18.5	0.1
20110929	0.0	19.14	0.1
20110930	0.0	18.95	0.09
20111001	0.0	19.14	0.09
20111002	0.0	22.37	0.09
20111003	0.0	20.77	0.09
20111004	0.0	16.94	0.09
20111005	0.49	15.64	0.09
20111006	0.7	10.83	0.09
20111007	1.01	10.91	0.09
20111008	10.89	13.05	0.1
20111009	0.26	17.13	0.13
20111010	0.0	17.76	0.12
20111011	1.87	15.43	0.11
20111012	4.0	14.15	0.12
20111013	0.18	11.37	0.16
20111014	0.0	8.86	0.12
20111015	0.08	9.11	0.11
20111016	0.01	11.38	0.11
20111017	2.8	10.71	0.11
20111018	0.0	8.11	0.11
20111019	1.49	5.55	0.1
20111020	0.0	6.12	0.11
20111021	0.0	9.95	0.1
20111022	0.0	10.76	0.1
20111023	0.0	13.99	0.1
20111024	1.29	12.48	0.12
20111025	1.63	10.49	0.13
20111026	0.7	10.79	0.12
20111027	1.39	9.99	0.12
20111028	0.01	11.11	0.11
20111029	0.0	13.82	0.11
20111030	0.02	15.48	0.11
20111031	0.0	13.79	0.12
20111101	0.14	9.89	0.12
20111102	0.13	13.05	0.11
20111103	13.5	14.3	0.18
20111104	1.65	11.8	0.2
20111105	0.89	11.94	0.17
20111106	0.3	10.96	0.16
20111107	0.08	11.04	0.14
20111108	0.16	10.33	0.14
20111109	0.02	10.74	0.13
20111110	0.01	11.54	0.12
20111111	0.0	10.25	0.12
20111112	0.09	11.55	0.1
20111113	0.01	10.68	0.11
20111114	0.01	7.28	0.12
20111115	0.0	6.11	0.18
20111116	0.07	6.53	0.13
20111117	0.11	9.28	0.13
20111118	0.03	8.25	0.12
20111119	0.24	7.39	0.13
20111120	0.04	6.95	0.13
20111121	0.01	7.38	0.13
20111122	1.5	5.75	0.13
20111123	0.07	6.25	0.13
20111124	0.49	10.12	0.13
20111125	0.09	7.65	0.13
20111126	1.17	10.42	0.13
20111127	0.37	5.96	0.13
20111128	0.05	6.35	0.13
20111129	2.0	8.52	0.13
20111130	0.12	8.34	0.14
20111201	0.05	5.26	0.15
20111202	2.66	5.79	0.13
20111203	0.03	7.51	0.14
20111204	0.74	4.14	0.13
20111205	0.0	2.94	0.13
20111206	1.66	4.39	0.13
20111207	0.16	4.41	0.13
20111208	4.09	7.17	0.14
20111209	0.07	2.29	0.16
20111210	0.15	1.88	0.15
20111211	2.14	4.26	0.15
20111212	5.81	6.63	0.15
20111213	0.02	4.7	0.16
20111214	0.56	3.14	0.16
20111215	3.92	3.76	0.15
20111216	8.0	0.97	0.27
20111217	3.73	0.87	0.23
20111218	0.48	-0.4	0.23
20111219	2.27	3.08	0.2
20111220	2.17	4.3	0.18
20111221	0.04	7.85	0.18
20111222	0.0	8.65	0.18
20111223	4.06	6.47	0.17
20111224	0.0	6.02	0.18
20111225	0.01	10.18	0.17
20111226	0.0	9.82	0.16
20111227	0.0	8.32	0.15
20111228	0.12	7.67	0.15
20111229	3.56	5.34	0.17
20111230	6.24	6.83	0.19
20111231	0.13	10.82	0.26
20120101	2.73	7.27	0.2
20120102	3.23	7.34	0.19
20120103	5.84	8.21	0.32
20120104	2.91	7.55	0.28
20120105	0.8	4.98	0.23
20120106	0.2	5.97	0.22
20120107	0.0	7.51	0.2
20120108	0.0	7.22	0.18
20120109	0.0	7.26	0.17
20120110	0.0	7.42	0.17
20120111	0.08	8.7	0.16
20120112	0.04	5.81	0.16
20120113	0.27	2.65	0.16
20120114	0.0	1.15	0.15
20120115	0.0	1.39	0.15
20120116	0.02	1.63	0.14
20120117	0.31	2.32	0.14
20120118	1.92	7.89	0.15
20120119	2.04	5.63	0.15
20120120	3.78	7.15	0.17
20120121	1.15	7.45	0.18
20120122	0.01	6.48	0.18
20120123	0.63	3.35	0.16
20120124	5.9	4.64	0.18
20120125	2.2	7.15	0.24
20120126	0.52	4.08	0.2
20120127	1.94	3.29	0.2
20120128	0.04	2.24	0.19
20120129	0.15	1.39	0.18
20120130	0.45	0.68	0.17
20120131	0.17	0.39	0.17
20120201	0.09	0.16	0.16
20120202	0.0	-2.15	0.15
20120203	0.02	-0.75	0.15
20120204	7.28	-1.63	0.15
20120205	0.01	-1.83	0.16
20120206	0.17	-0.48	0.16
20120207	0.0	-2.97	0.16
20120208	0.0	-0.55	0.15
20120209	0.66	-1.9	0.15
20120210	0.0	-5.07	0.15
20120211	0.0	-3.97	0.14
20120212	0.72	2.1	0.15
20120213	1.86	3.48	0.18
20120214	0.46	5.52	0.21
20120215	0.36	6.86	0.22
20120216	0.0	7.1	0.2
20120217	0.02	9.19	0.19
20120218	2.08	5.01	0.19
20120219	0.08	0.53	0.18
20120220	0.0	4.71	0.17
20120221	0.0	8.87	0.16
20120222	0.56	9.64	0.16
20120223	0.0	13.13	0.15
20120224	0.0	7.82	0.14
20120225	0.0	5.59	0.14
20120226	0.0	8.09	0.14
20120227	0.25	9.29	0.15
20120228	0.12	10.61	0.14
20120229	0.08	8.85	0.14
20120301	0.01	6.95	0.14
20120302	0.43	6.36	0.14
20120303	0.05	7.94	0.14
20120304	18.67	4.65	0.26
20120305	22.44	4.29	1.55
20120306	0.57	5.11	1.81
20120307	3.71	5.08	1.08
20120308	0.01	7.43	0.73
20120309	0.0	9.04	0.52
20120310	0.0	9.21	0.37
20120311	0.0	8.67	0.35
20120312	0.0	7.49	0.31
20120313	0.0	6.63	0.28
20120314	0.0	3.75	0.26
20120315	0.0	10.41	0.24
20120316	0.14	7.17	0.23
20120317	4.92	7.35	0.23
20120318	1.11	3.24	0.25
20120319	0.08	7.07	0.22
20120320	0.0	9.0	0.2
20120321	0.0	7.26	0.19
20120322	0.1	9.12	0.18
20120323	0.01	8.65	0.18
20120324	0.08	8.76	0.17
20120325	0.02	5.94	0.17
20120326	0.0	7.5	0.16
20120327	0.0	8.75	0.16
20120328	0.0	10.85	0.16
20120329	0.0	9.63	0.16
20120330	0.0	8.9	0.16
20120331	0.01	4.75	0.16
20120401	0.0	6.73	0.15
20120402	0.0	8.78	0.15
20120403	11.77	9.45	0.17
20120404	17.81	6.55	1.07
20120405	0.0	2.58	0.99
20120406	2.02	8.05	0.49
20120407	0.01	4.21	0.4
20120408	2.19	9.03	0.29
20120409	3.17	8.26	0.35
20120410	0.0	6.88	0.28
20120411	0.91	7.36	0.27
20120412	1.41	5.69	0.25
20120413	4.1	4.57	0.28
20120414	0.26	6.16	0.27
20120415	0.55	4.07	0.25
20120416	1.8	5.96	0.22
20120417	2.34	7.74	0.24
20120418	7.52	8.03	0.3
20120419	2.98	8.23	0.43
20120420	1.39	8.19	0.36
20120421	3.12	7.59	0.32
20120422	1.12	8.41	0.29
20120423	7.9	9.33	0.29
20120424	0.85	5.98	0.47
20120425	12.12	9.29	0.98
20120426	0.66	11.17	1.2
20120427	6.71	9.46	0.87
20120428	13.78	6.88	1.11
20120429	2.72	9.65	2.25
20120430	1.03	13.33	1.53
20120501	0.85	10.86	0.97
20120502	5.04	10.24	0.73
20120503	1.23	7.47	0.68
20120504	0.39	6.65	0.58
20120505	0.03	6.77	0.46
20120506	0.15	6.59	0.4
20120507	5.47	11.09	0.37
20120508	1.27	13.02	0.42
20120509	6.65	14.28	0.41
20120510	1.96	15.68	0.73
20120511	0.9	10.01	0.58
20120512	0.01	8.06	0.37
20120513	0.36	11.59	0.34
20120514	3.57	7.85	0.36
20120515	1.33	6.3	0.34
20120516	0.0	8.68	0.28
20120517	0.0	10.99	0.25
20120518	1.44	13.0	0.24
20120519	0.0	11.67	0.24
20120520	0.08	10.32	0.22
20120521	0.0	11.72	0.21
20120522	0.0	14.31	0.19
20120523	0.0	15.65	0.18
20120524	0.0	16.53	0.17
20120525	0.0	16.13	0.16
20120526	0.0	15.63	0.15
20120527	0.0	15.55	0.14
20120528	0.0	17.84	0.13
20120529	0.0	13.09	0.13
20120530	4.21	17.4	0.14
20120531	2.16	14.55	0.16
20120601	0.11	11.92	0.15
20120602	5.1	12.16	0.14
20120603	11.99	8.85	0.22
20120604	0.08	8.4	0.32
20120605	6.32	13.32	0.25
20120606	4.28	15.29	0.28
20120607	7.76	14.58	0.36
20120608	3.12	12.35	0.36
20120609	0.0	11.38	0.3
20120610	2.86	14.36	0.21
20120611	0.69	11.32	0.22
20120612	0.0	8.73	0.21
20120613	1.46	12.03	0.2
20120614	5.35	13.79	0.18
20120615	3.44	14.8	0.23
20120616	0.03	15.4	0.22
20120617	2.37	15.71	0.18
20120618	0.44	12.55	0.16
20120619	0.0	14.25	0.15
20120620	4.28	14.36	0.13
20120621	3.38	15.74	0.16
20120622	2.21	13.88	0.16
20120623	11.12	14.7	0.16
20120624	2.68	14.01	0.31
20120625	0.0	13.62	0.21
20120626	0.0	19.27	0.19
20120627	0.24	19.39	0.16
20120628	0.01	18.75	0.15
20120629	0.01	17.88	0.13
20120630	0.74	15.92	0.13
20120701	0.0	14.44	0.11
20120702	5.82	16.91	0.11
20120703	3.93	18.31	0.13
20120704	0.01	18.67	0.14
20120705	13.89	18.79	0.14
20120706	2.72	15.76	0.46
20120707	7.36	16.81	0.27
20120708	1.7	14.5	0.46
20120709	0.04	16.64	0.35
20120710	6.57	14.49	0.24
20120711	4.77	13.06	0.25
20120712	16.64	15.97	0.32
20120713	2.49	15.19	0.97
20120714	0.12	13.54	0.81
20120715	0.0	13.88	0.44
20120716	6.31	16.05	0.38
20120717	0.02	18.69	0.36
20120718	21.43	15.48	0.82
20120719	4.01	13.69	2.3
20120720	0.65	13.34	1.51
20120721	0.0	14.86	0.83
20120722	0.0	16.83	0.53
20120723	0.0	19.93	0.35
20120724	0.0	19.61	0.3
20120725	0.0	19.58	0.24
20120726	0.0	17.3	0.2
20120727	0.01	17.12	0.19
20120728	0.0	14.51	0.18
20120729	7.65	13.78	0.21
20120730	2.92	13.58	0.21
20120731	1.45	16.15	0.21
20120801	0.67	18.36	0.2
20120802	4.18	17.17	0.2
20120803	0.78	16.6	0.2
20120804	3.29	16.38	0.21
20120805	6.84	16.46	0.25
20120806	1.92	16.15	0.38
20120807	1.3	15.97	0.28
20120808	0.0	16.35	0.23
20120809	0.0	16.54	0.19
20120810	0.0	17.41	0.16
20120811	0.0	17.22	0.15
20120812	0.0	18.21	0.14
20120813	0.05	19.8	0.14
20120814	0.25	19.76	0.14
20120815	0.03	19.16	0.13
20120816	0.0	19.7	0.12
20120817	0.0	23.19	0.11
20120818	0.0	23.74	0.11
20120819	0.1	21.08	0.1
20120820	0.0	19.2	0.11
20120821	0.08	17.52	0.11
20120822	0.13	16.24	0.11
20120823	0.0	17.22	0.1
20120824	0.42	18.11	0.1
20120825	17.81	18.0	0.14
20120826	0.35	14.4	0.21
20120827	0.52	17.37	0.18
20120828	0.0	17.62	0.15
20120829	3.63	16.51	0.13
20120830	10.31	13.82	0.18
20120831	0.44	13.02	0.18
20120901	0.0	14.83	0.17
20120902	0.02	15.62	0.15
20120903	0.0	17.1	0.14
20120904	0.01	16.04	0.13
20120905	0.0	11.57	0.12
20120906	0.0	16.19	0.12
20120907	0.0	18.27	0.11
20120908	0.0	17.44	0.11
20120909	0.0	21.32	0.1
20120910	0.83	17.18	0.1
20120911	0.16	11.53	0.1
20120912	4.57	11.95	0.11
20120913	0.0	14.55	0.11
20120914	0.2	13.17	0.1
20120915	0.0	14.54	0.1
20120916	0.0	13.32	0.1
20120917	0.0	14.0	0.1
20120918	0.31	10.78	0.1
20120919	0.37	10.22	0.1
20120920	0.01	13.77	0.1
20120921	2.27	10.49	0.11
20120922	0.08	9.62	0.11
20120923	16.34	11.52	0.16
20120924	9.0	12.16	0.29
20120925	0.59	12.63	0.27
20120926	1.43	12.5	0.2
20120927	0.04	11.12	0.17
20120928	0.99	11.86	0.15
20120929	0.08	9.77	0.14
20120930	1.11	14.21	0.13
20121001	1.58	12.5	0.14
20121002	2.37	13.71	0.14
20121003	0.34	9.9	0.13
20121004	12.54	12.04	0.14
20121005	10.64	9.65	0.33
20121006	0.1	8.92	0.7
20121007	0.0	9.22	0.49
20121008	0.01	9.43	0.32
20121009	0.0	7.3	0.23
20121010	0.0	9.26	0.23
20121011	2.59	12.63	0.22
20121012	0.31	8.28	0.21
20121013	0.19	7.56	0.2
20121014	4.29	6.33	0.2
20121015	3.88	9.18	0.21
20121016	3.78	9.45	0.21
20121017	1.63	14.01	0.27
20121018	1.46	13.15	0.25
20121019	7.16	11.22	0.36
20121020	7.22	10.64	0.61
20121021	2.94	11.84	0.87
20121022	0.14	12.91	0.89
20121023	0.1	13.75	0.61
20121024	3.06	12.46	0.47
20121025	0.04	9.31	0.49
20121026	6.23	5.36	0.48
20121027	6.07	3.84	0.72
20121028	3.26	6.08	0.98
20121029	0.59	7.58	0.93
20121030	0.0	6.56	0.74
20121031	5.76	8.51	0.59
20121101	2.11	5.67	0.81
20121102	0.11	4.81	0.86
20121103	1.7	4.27	0.64
20121104	9.81	4.68	1.12
20121105	0.6	4.61	1.42
20121106	2.25	5.56	0.94
20121107	0.01	8.17	0.78
20121108	0.0	9.33	0.65
20121109	1.51	8.51	0.55
20121110	1.31	5.05	0.54
20121111	0.06	5.1	0.46
20121112	2.11	7.92	0.4
20121113	0.0	12.3	0.38
20121114	0.16	7.31	0.39
20121115	0.09	6.62	0.39
20121116	0.37	8.02	0.37
20121117	0.12	5.88	0.36
20121118	0.15	4.12	0.32
20121119	1.28	8.19	0.3
20121120	0.2	10.46	0.3
20121121	3.61	7.09	0.32
20121122	6.06	8.57	0.36
20121123	0.11	4.11	0.72
20121124	10.16	6.45	0.83
20121125	6.06	7.77	1.63
20121126	5.13	8.24	1.74
20121127	5.48	6.07	2.19
20121128	2.37	4.98	1.92
20121129	0.53	2.78	1.39
20121130	0.2	0.94	1.07
20121201	0.87	0.95	0.85
20121202	5.49	0.86	0.7
20121203	0.15	4.67	1.0
20121204	1.58	2.7	1.0
20121205	1.16	-0.13	0.83
20121206	10.7	0.6	0.9
20121207	8.22	2.44	2.58
20121208	1.2	3.9	2.68
20121209	1.23	5.51	1.52
20121210	0.77	1.42	1.12
20121211	0.24	-0.33	0.9
20121212	0.03	-2.2	0.78
20121213	0.04	1.1	0.69
20121214	9.23	7.31	1.31
20121215	0.16	6.2	1.58
20121216	0.17	5.2	1.09
20121217	0.77	5.55	0.87
20121218	0.04	4.83	0.71
20121219	3.47	5.24	0.64
20121220	5.77	6.35	1.07
20121221	2.19	6.28	1.42
20121222	14.42	9.82	1.96
20121223	4.45	8.69	3.25
20121224	1.54	8.51	2.46
20121225	2.22	5.59	1.86
20121226	3.29	6.37	1.51
20121227	6.27	4.74	1.82
20121228	1.87	8.17	1.9
20121229	0.92	7.31	1.57
20121230	0.0	7.67	1.21
20121231	4.81	6.84	1.12
20130101	0.01	4.0	1.17
20130102	1.58	6.9	0.93
20130103	0.02	9.46	0.82
20130104	0.12	7.74	0.75
20130105	0.13	6.66	0.7
20130106	0.19	6.18	0.65
20130107	0.01	6.93	0.62
20130108	3.61	7.74	0.61
20130109	0.04	3.02	0.68
20130110	1.07	1.38	0.7
20130111	0.02	1.53	0.63
20130112	0.08	1.56	0.59
20130113	0.03	-0.12	0.53
20130114	7.93	-0.52	0.54
20130115	4.02	-4.2	0.55
20130116	0.1	-5.49	0.47
20130117	1.59	-3.04	0.45
20130118	0.17	-0.59	0.51
20130119	0.0	-0.56	0.57
20130120	6.11	-1.02	0.61
20130121	0.44	-1.82	0.72
20130122	0.03	0.5	0.81
20130123	0.01	0.22	0.9
20130124	0.01	-2.74	0.86
20130125	3.69	-1.63	0.81
20130126	11.77	4.82	1.39
20130127	0.13	5.34	5.37
20130128	1.34	6.13	3.37
20130129	5.38	10.66	1.68
20130130	1.19	8.08	1.77
20130131	0.65	7.26	1.42
20130201	2.3	3.69	1.21
20130202	2.75	1.96	1.13
20130203	0.04	5.64	1.12
20130204	1.85	5.04	0.98
20130205	4.54	2.24	1.02
20130206	6.63	2.57	1.38
20130207	0.69	1.56	1.82
20130208	3.44	1.19	1.44
20130209	1.55	2.2	1.35
20130210	1.54	1.43	1.34
20130211	0.08	0.9	1.18
20130212	0.0	-0.32	0.98
20130213	11.09	1.67	0.86
20130214	0.8	5.73	2.4
20130215	0.0	5.54	1.78
20130216	0.0	3.93	1.23
20130217	0.07	3.14	1.02
20130218	0.0	1.07	0.84
20130219	0.03	2.99	0.77
20130220	0.0	1.29	0.68
20130221	0.0	0.5	0.62
20130222	0.24	0.15	0.59
20130223	0.25	0.72	0.56
20130224	0.63	1.64	0.52
20130225	0.08	2.88	0.5
20130226	0.28	2.85	0.48
20130227	0.0	3.47	0.47
20130228	0.31	4.12	0.46
20130301	0.12	3.94	0.43
20130302	0.0	1.63	0.44
20130303	0.0	3.55	0.44
20130304	0.0	3.69	0.43
20130305	0.0	7.81	0.44
20130306	0.17	8.37	0.43
20130307	2.23	6.84	0.43
20130308	18.15	4.96	0.62
20130309	26.32	1.98	3.78
20130310	2.01	-0.61	5.19
20130311	0.11	-1.24	3.07
20130312	2.52	1.08	1.57
20130313	1.56	1.04	1.51
20130314	2.75	2.74	1.33
20130315	2.98	5.78	1.37
20130316	0.41	4.76	1.49
20130317	7.39	4.13	1.44
20130318	0.01	3.19	1.72
20130319	5.19	3.23	1.31
20130320	0.04	0.88	1.33
20130321	0.0	2.67	1.1
20130322	0.01	1.83	0.94
20130323	3.62	-0.35	0.86
20130324	0.15	0.18	0.77
20130325	0.0	0.81	0.69
20130326	0.0	1.03	0.64
20130327	0.0	0.91	0.6
20130328	0.0	1.18	0.56
20130329	0.16	2.04	0.53
20130330	0.15	0.97	0.5
20130331	0.0	1.79	0.48
20130401	0.0	2.0	0.47
20130402	0.0	3.42	0.44
20130403	0.0	3.25	0.43
20130404	0.1	2.97	0.43
20130405	0.0	2.79	0.41
20130406	0.01	2.01	0.39
20130407	0.0	4.71	0.39
20130408	0.08	3.79	0.4
20130409	0.0	5.66	0.4
20130410	1.85	7.31	0.38
20130411	1.14	6.23	0.39
20130412	5.11	7.1	0.47
20130413	2.26	12.31	0.42
20130414	0.0	15.44	0.39
20130415	0.0	13.15	0.36
20130416	0.0	11.56	0.35
20130417	0.0	12.71	0.35
20130418	1.21	10.64	0.35
20130419	0.26	4.13	0.32
20130420	0.0	5.1	0.32
20130421	0.0	8.6	0.32
20130422	0.0	12.09	0.31
20130423	0.0	12.81	0.3
20130424	0.14	15.79	0.29
20130425	4.58	14.71	0.29
20130426	0.72	6.53	0.33
20130427	1.37	4.19	0.33
20130428	1.78	9.06	0.31
20130429	0.0	8.07	0.3
20130430	0.0	5.04	0.29
20130501	0.0	6.63	0.28
20130502	0.0	7.3	0.27
20130503	0.0	12.85	0.27
20130504	0.05	10.65	0.26
20130505	0.0	13.5	0.26
20130506	0.0	12.6	0.25
20130507	0.02	13.48	0.25
20130508	0.01	12.81	0.25
20130509	0.21	12.62	0.25
20130510	1.34	12.28	0.25
20130511	5.45	9.48	0.28
20130512	2.39	11.93	0.29
20130513	1.74	8.99	0.28
20130514	8.91	10.07	0.31
20130515	0.39	7.83	0.37
20130516	0.0	10.22	0.3
20130517	3.79	8.89	0.3
20130518	0.0	8.81	0.3
20130519	0.02	12.74	0.28
20130520	0.0	12.15	0.27
20130521	0.0	9.04	0.26
20130522	4.05	8.47	0.27
20130523	9.69	7.02	0.29
20130524	5.29	6.79	0.57
20130525	0.0	9.65	0.37
20130526	0.0	11.68	0.3
20130527	0.0	13.22	0.27
20130528	3.19	12.22	0.26
20130529	1.36	10.86	0.29
20130530	0.01	10.58	0.27
20130531	0.0	13.34	0.25
20130601	0.0	10.18	0.24
20130602	0.0	9.64	0.23
20130603	0.0	10.09	0.22
20130604	0.0	12.21	0.21
20130605	0.0	11.6	0.21
20130606	0.0	11.36	0.2
20130607	0.0	11.82	0.2
20130608	0.0	11.11	0.19
20130609	0.0	11.09	0.2
20130610	0.0	10.15	0.19
20130611	0.0	16.9	0.19
20130612	0.14	17.17	0.19
20130613	0.36	13.24	0.19
20130614	3.01	14.98	0.18
20130615	3.01	13.57	0.21
20130616	0.0	12.98	0.19
20130617	0.0	14.65	0.18
20130618	0.29	17.44	0.18
20130619	0.0	18.21	0.18
20130620	0.78	16.04	0.18
20130621	3.87	15.85	0.19
20130622	0.8	15.21	0.21
20130623	1.4	14.66	0.2
20130624	0.23	11.29	0.19
20130625	0.0	13.26	0.18
20130626	0.64	14.88	0.18
20130627	0.64	15.45	0.17
20130628	6.28	14.46	0.2
20130629	0.0	16.12	0.2
20130630	0.0	18.19	0.18
20130701	0.0	13.7	0.17
20130702	0.84	15.82	0.17
20130703	0.0	15.34	0.18
20130704	0.0	17.36	0.17
20130705	0.0	16.27	0.16
20130706	0.0	17.52	0.15
20130707	0.0	18.15	0.14
20130708	0.0	15.34	0.14
20130709	0.0	15.45	0.14
20130710	0.0	15.44	0.14
20130711	0.0	14.99	0.14
20130712	0.0	17.02	0.14
20130713	0.0	19.63	0.14
20130714	0.0	16.83	0.14
20130715	0.0	19.1	0.13
20130716	0.0	19.46	0.12
20130717	0.0	20.09	0.12
20130718	0.0	17.37	0.12
20130719	0.0	19.9	0.12
20130720	0.0	17.29	0.12
20130721	0.0	18.16	0.13
20130722	0.23	22.74	0.13
20130723	0.91	20.42	0.13
20130724	2.42	20.9	0.13
20130725	0.0	20.11	0.13
20130726	0.0	19.91	0.12
20130727	3.27	20.61	0.12
20130728	0.02	20.06	0.12
20130729	0.82	19.19	0.12
20130730	2.87	17.54	0.13
20130731	0.24	20.13	0.13
20130801	0.24	23.6	0.12
20130802	3.64	19.75	0.12
20130803	0.15	18.38	0.11
20130804	0.38	20.22	0.11
20130805	11.47	18.76	0.14
20130806	0.0	15.08	0.16
20130807	0.0	14.17	0.14
20130808	0.95	18.9	0.13
20130809	0.99	17.64	0.13
20130810	0.19	14.95	0.13
20130811	0.01	16.39	0.12
20130812	0.08	15.08	0.12
20130813	0.0	14.46	0.11
20130814	1.59	19.68	0.11
20130815	0.39	20.71	0.12
20130816	1.57	16.6	0.12
20130817	0.11	18.87	0.12
20130818	0.0	17.88	0.12
20130819	0.0	16.68	0.11
20130820	0.0	17.5	0.11
20130821	1.18	20.57	0.11
20130822	1.11	19.04	0.11
20130823	14.78	20.68	0.12
20130824	6.5	17.89	0.18
20130825	0.09	18.31	0.19
20130826	0.01	17.28	0.16
20130827	0.08	15.94	0.14
20130828	0.0	17.49	0.13
20130829	0.0	18.81	0.12
20130830	0.0	18.51	0.12
20130831	0.0	13.81	0.11
20130901	0.0	15.59	0.11
20130902	0.0	18.58	0.11
20130903	0.0	18.34	0.11
20130904	0.0	19.61	0.11
20130905	0.3	21.56	0.1
20130906	2.32	14.69	0.11
20130907	0.02	13.49	0.11
20130908	0.44	12.69	0.11
20130909	7.87	12.9	0.12
20130910	7.59	12.57	0.15
20130911	0.03	13.32	0.16
20130912	4.08	15.34	0.14
20130913	19.07	14.36	0.22
20130914	0.19	9.68	0.3
20130915	3.87	10.5	0.21
20130916	0.75	10.59	0.17
20130917	0.54	10.35	0.15
20130918	0.0	11.31	0.14
20130919	1.76	12.65	0.14
20130920	0.0	14.28	0.13
20130921	0.03	15.16	0.13
20130922	0.04	16.09	0.13
20130923	0.09	15.16	0.13
20130924	0.0	15.12	0.13
20130925	0.0	14.55	0.13
20130926	0.0	11.54	0.12
20130927	0.01	11.67	0.12
20130928	0.0	15.19	0.12
20130929	0.0	14.02	0.12
20130930	0.07	12.74	0.12
20131001	0.0	14.31	0.11
20131002	0.01	14.67	0.11
20131003	3.83	16.93	0.12
20131004	0.12	16.52	0.13
20131005	0.0	12.26	0.12
20131006	0.01	13.44	0.12
20131007	0.08	14.8	0.12
20131008	0.32	15.35	0.12
20131009	8.89	11.02	0.13
20131010	7.65	9.95	0.17
20131011	7.48	11.97	0.24
20131012	17.31	10.86	0.23
20131013	3.99	10.12	0.47
20131014	0.17	9.19	0.32
20131015	0.09	9.82	0.22
20131016	2.53	11.18	0.21
20131017	0.0	11.5	0.17
20131018	0.33	13.1	0.17
20131019	0.49	13.56	0.17
20131020	7.64	13.82	0.18
20131021	0.63	15.51	0.19
20131022	4.5	15.25	0.26
20131023	0.06	10.65	0.22
20131024	0.99	12.77	0.18
20131025	0.05	15.47	0.17
20131026	2.89	13.97	0.16
20131027	14.96	12.87	0.18
20131028	0.49	9.66	0.44
20131029	0.14	7.36	0.31
20131030	1.84	9.6	0.23
20131031	1.62	10.68	0.25
20131101	0.49	11.03	0.23
20131102	0.18	9.84	0.22
20131103	7.41	7.75	0.19
20131104	1.07	5.01	0.23
20131105	3.61	7.65	0.35
20131106	5.63	10.08	0.32
20131107	0.02	6.31	0.39
20131108	5.4	6.48	0.33
20131109	1.17	4.19	0.37
20131110	0.14	3.74	0.32
20131111	4.54	9.56	0.27
20131112	0.08	6.07	0.29
20131113	1.61	5.89	0.28
20131114	1.29	6.84	0.28
20131115	0.12	5.27	0.25
20131116	0.14	5.9	0.24
20131117	0.45	8.52	0.22
20131118	2.26	4.63	0.21
20131119	4.05	1.46	0.22
20131120	7.47	3.31	0.41
20131121	3.02	5.1	0.53
20131122	0.5	5.01	0.47
20131123	1.8	5.97	0.41
20131124	0.94	5.28	0.33
20131125	0.26	3.94	0.32
20131126	1.62	3.73	0.28
20131127	0.12	6.34	0.28
20131128	0.0	7.41	0.26
20131129	1.42	6.74	0.25
20131130	0.43	4.09	0.25
20131201	0.02	4.84	0.24
20131202	0.01	5.0	0.23
20131203	0.11	4.65	0.22
20131204	0.35	4.02	0.22
20131205	1.36	5.54	0.2
20131206	0.04	3.66	0.21
20131207	0.09	6.34	0.2
20131208	0.0	7.97	0.2
20131209	0.13	5.1	0.19
20131210	0.19	3.51	0.18
20131211	0.17	3.93	0.18
20131212	0.1	5.89	0.18
20131213	2.07	6.17	0.19
20131214	0.99	6.31	0.2
20131215	0.87	9.58	0.2
20131216	10.02	7.87	0.22
20131217	0.99	4.44	0.53
20131218	2.83	6.35	0.58
20131219	1.04	4.28	0.52
20131220	0.24	6.21	0.41
20131221	2.19	8.48	0.37
20131222	0.84	5.41	0.37
20131223	7.76	8.79	0.38
20131224	3.48	5.36	0.85
20131225	1.89	3.26	0.93
20131226	1.28	5.7	0.73
20131227	0.18	6.0	0.64
20131228	0.01	3.23	0.51
20131229	0.13	4.76	0.4
20131230	0.88	6.58	0.36
20131231	2.77	6.58	0.37
20140101	3.98	7.83	0.45
20140102	2.83	7.37	0.58
20140103	4.82	7.48	0.91
20140104	1.0	4.89	1.08
20140105	2.38	6.54	0.8
20140106	2.06	9.76	0.73
20140107	3.62	8.2	0.83
20140108	3.71	8.86	0.85
20140109	0.13	4.79	0.81
20140110	2.87	5.0	0.67
20140111	0.01	1.97	0.64
20140112	2.85	4.0	0.61
20140113	0.7	5.38	0.72
20140114	4.26	4.39	0.67
20140115	1.36	8.37	0.9
20140116	0.75	7.89	0.98
20140117	0.08	6.25	0.76
20140118	4.43	7.51	0.61
20140119	0.21	3.79	0.69
20140120	0.04	1.05	0.66
20140121	1.71	1.33	0.59
20140122	0.58	5.02	0.56
20140123	2.96	2.09	0.59
20140124	3.93	2.81	0.66
20140125	1.7	5.01	0.94
20140126	5.62	3.87	1.33
20140127	1.55	4.1	1.42
20140128	3.75	6.47	1.15
20140129	0.62	4.29	1.1
20140130	2.29	4.39	0.96
20140131	8.49	6.34	1.08
20140201	0.01	5.92	2.06
20140202	0.11	5.72	1.4
20140203	0.05	5.76	0.99
20140204	4.73	6.56	0.81
20140205	1.13	7.17	0.91
20140206	21.51	6.65	1.27
20140207	1.04	5.68	3.77
20140208	1.74	7.29	2.89
20140209	0.27	5.17	1.42
20140210	10.53	3.68	1.51
20140211	2.5	3.85	2.91
20140212	5.52	4.79	2.29
20140213	0.02	3.77	1.97
20140214	10.24	6.82	1.96
20140215	0.19	6.31	2.42
20140216	0.01	4.53	1.33
20140217	2.4	7.19	1.04
20140218	0.89	6.93	0.95
20140219	0.17	8.05	0.84
20140220	1.81	6.47	0.81
20140221	0.0	6.16	0.77
20140222	0.0	7.93	0.67
20140223	0.0	9.34	0.6
20140224	0.04	10.62	0.56
20140225	1.65	6.02	0.55
20140226	4.1	7.22	0.48
20140227	1.98	4.77	0.61
20140228	1.45	4.36	0.6
20140301	0.43	2.79	0.56
20140302	6.35	6.82	0.6
20140303	0.13	4.83	0.89
20140304	0.01	4.92	0.7
20140305	0.0	8.42	0.56
20140306	0.0	9.8	0.5
20140307	0.19	8.61	0.47
20140308	0.0	10.08	0.43
20140309	0.0	11.0	0.42
20140310	0.0	7.46	0.38
20140311	0.01	6.1	0.36
20140312	0.11	6.53	0.35
20140313	0.02	7.14	0.35
20140314	0.0	9.39	0.34
20140315	0.0	10.71	0.33
20140316	0.0	12.12	0.32
20140317	0.0	9.68	0.31
20140318	1.52	10.22	0.32
20140319	0.07	9.06	0.3
20140320	2.29	10.6	0.31
20140321	1.36	8.03	0.32
20140322	0.04	5.4	0.31
20140323	0.3	3.59	0.29
20140324	0.01	6.13	0.28
20140325	0.11	6.28	0.27
20140326	3.08	3.43	0.29
20140327	5.42	5.6	0.37
20140328	0.01	7.31	0.34
20140329	0.0	10.57	0.3
20140330	0.0	13.19	0.29
20140331	0.0	11.88	0.28
20140401	0.0	11.65	0.28
20140402	0.0	11.24	0.27
20140403	0.0	11.97	0.27
20140404	0.0	8.92	0.26
20140405	2.54	14.98	0.25
20140406	2.45	14.89	0.27
20140407	4.15	10.66	0.32
20140408	0.01	7.99	0.3
20140409	0.0	11.31	0.26
20140410	0.0	11.87	0.25
20140411	0.0	8.98	0.24
20140412	0.0	8.51	0.23
20140413	0.0	10.26	0.23
20140414	0.0	6.86	0.22
20140415	0.0	5.71	0.21
20140416	0.0	9.37	0.21
20140417	0.0	9.91	0.21
20140418	0.01	7.97	0.21
20140419	1.18	9.27	0.21
20140420	0.19	10.51	0.2
20140421	1.87	13.11	0.21
20140422	0.11	11.04	0.21
20140423	0.11	13.59	0.21
20140424	3.08	11.68	0.2
20140425	1.81	10.32	0.23
20140426	0.24	9.98	0.23
20140427	0.01	11.82	0.21
20140428	0.01	10.94	0.21
20140429	0.0	10.99	0.2
20140430	1.03	12.04	0.2
20140501	1.04	11.27	0.21
20140502	0.03	7.67	0.19
20140503	0.0	6.25	0.18
20140504	0.0	10.65	0.18
20140505	1.38	14.33	0.18
20140506	0.2	13.76	0.18
20140507	1.15	13.54	0.19
20140508	11.65	12.52	0.29
20140509	6.49	12.16	0.3
20140510	2.78	13.64	0.29
20140511	10.64	11.66	0.45
20140512	5.02	11.07	0.47
20140513	0.18	9.6	0.34
20140514	0.0	9.88	0.28
20140515	0.0	13.17	0.24
20140516	0.0	15.55	0.22
20140517	0.0	16.36	0.21
20140518	0.0	15.7	0.2
20140519	0.0	17.24	0.19
20140520	0.02	17.56	0.18
20140521	23.86	15.29	0.28
20140522	1.12	14.05	0.61
20140523	12.39	13.37	0.33
20140524	2.52	12.75	0.6
20140525	0.0	13.9	0.43
20140526	9.8	15.25	0.33
20140527	25.03	13.04	1.06
20140528	0.66	13.98	1.62
20140529	0.27	12.86	0.91
20140530	0.0	10.11	0.55
20140531	0.0	13.14	0.4
20140601	0.0	13.46	0.33
20140602	0.14	15.79	0.29
20140603	1.82	15.18	0.25
20140604	3.68	11.34	0.29
20140605	0.01	12.12	0.28
20140606	0.67	16.15	0.23
20140607	2.83	17.24	0.23
20140608	0.13	17.55	0.21
20140609	0.37	19.4	0.19
20140610	0.0	16.35	0.18
20140611	0.0	15.78	0.16
20140612	0.0	16.12	0.16
20140613	0.0	17.84	0.16
20140614	0.0	15.22	0.16
20140615	0.01	14.47	0.15
20140616	0.05	14.17	0.15
20140617	0.07	14.87	0.15
20140618	0.01	11.6	0.15
20140619	0.05	12.72	0.15
20140620	0.0	14.55	0.14
20140621	0.0	15.46	0.14
20140622	0.0	16.67	0.13
20140623	4.31	17.01	0.16
20140624	6.27	14.17	0.18
20140625	0.0	12.43	0.16
20140626	0.33	15.16	0.14
20140627	5.04	14.7	0.16
20140628	19.73	14.07	0.25
20140629	9.91	13.19	0.63
20140630	0.03	12.79	0.35
20140701	0.0	12.69	0.24
20140702	0.0	17.55	0.19
20140703	0.0	19.08	0.17
20140704	4.75	21.8	0.15
20140705	1.05	17.75	0.18
20140706	1.77	14.61	0.17
20140707	0.0	15.72	0.15
20140708	1.97	16.91	0.17
20140709	0.02	16.41	0.15
20140710	13.06	14.38	0.22
20140711	0.22	15.24	0.3
20140712	0.47	19.12	0.21
20140713	4.63	17.12	0.19
20140714	0.0	19.9	0.18
20140715	0.0	16.84	0.15
20140716	0.03	20.72	0.14
20140717	0.58	19.45	0.13
20140718	4.13	22.39	0.13
20140719	6.92	21.99	0.17
20140720	3.87	20.08	0.19
20140721	0.0	19.62	0.17
20140722	0.01	18.28	0.14
20140723	0.0	19.96	0.13
20140724	0.0	20.34	0.12
20140725	0.0	20.36	0.11
20140726	0.07	20.79	0.11
20140727	0.21	18.37	0.11
20140728	0.28	16.86	0.11
20140729	0.0	18.38	0.11
20140730	0.0	17.84	0.11
20140731	0.18	18.91	0.1
20140801	1.64	19.36	0.1
20140802	0.1	17.35	0.11
20140803	0.0	17.52	0.1
20140804	0.0	17.54	0.1
20140805	4.55	20.44	0.09
20140806	5.06	19.28	0.13
20140807	0.18	18.8	0.11
20140808	15.49	17.3	0.14
20140809	1.51	18.58	0.23
20140810	13.48	16.57	0.35
20140811	2.98	16.41	0.37
20140812	0.01	15.59	0.25
20140813	0.01	16.6	0.19
20140814	4.35	15.32	0.16
20140815	1.01	14.43	0.15
20140816	0.02	16.41	0.14
20140817	0.09	15.94	0.13
20140818	1.74	13.63	0.13
20140819	0.01	11.78	0.13
20140820	0.06	11.79	0.12
20140821	0.0	14.92	0.12
20140822	2.84	12.16	0.12
20140823	2.13	11.39	0.13
20140824	0.06	13.85	0.13
20140825	18.83	14.5	0.19
20140826	0.17	13.34	0.28
20140827	1.68	16.59	0.19
20140828	1.55	16.82	0.18
20140829	0.39	17.78	0.16
20140830	0.0	15.87	0.14
20140831	0.0	14.92	0.14
20140901	5.87	14.56	0.15
20140902	0.0	15.64	0.16
20140903	0.01	16.78	0.14
20140904	0.0	16.46	0.13
20140905	0.0	15.89	0.13
20140906	0.0	15.23	0.14
20140907	0.0	12.59	0.13
20140908	0.0	13.78	0.12
20140909	0.0	13.54	0.12
20140910	0.0	13.17	0.12
20140911	0.0	14.51	0.12
20140912	0.01	15.31	0.12
20140913	0.01	15.38	0.12
20140914	1.58	16.25	0.12
20140915	0.11	16.34	0.11
20140916	0.0	18.29	0.12
20140917	0.0	17.17	0.12
20140918	0.05	19.37	0.11
20140919	1.8	18.78	0.11
20140920	0.34	13.61	0.11
20140921	0.19	13.47	0.11
20140922	0.07	12.57	0.1
20140923	3.13	14.78	0.1
20140924	3.57	11.24	0.12
20140925	0.0	15.24	0.12
20140926	0.0	15.37	0.15
20140927	0.0	16.4	0.12
20140928	0.0	16.29	0.12
20140929	1.96	15.92	0.12
20140930	0.0	16.6	0.12
20141001	0.0	16.42	0.11
20141002	0.01	15.42	0.11
20141003	0.1	16.52	0.11
20141004	7.15	11.16	0.14
20141005	0.07	10.38	0.14
20141006	5.89	9.5	0.14
20141007	1.15	9.51	0.14
20141008	9.17	13.24	0.17
20141009	0.88	12.51	0.21
20141010	0.12	12.98	0.18
20141011	2.2	10.75	0.15
20141012	25.45	10.97	0.18
20141013	7.07	13.66	1.09
20141014	0.05	12.75	1.04
20141015	6.83	13.29	0.51
20141016	0.04	13.74	0.55
20141017	1.09	16.74	0.43
20141018	2.16	18.16	0.32
20141019	0.01	14.68	0.26
20141020	2.53	13.52	0.25
20141021	1.86	9.51	0.23
20141022	0.0	11.05	0.22
20141023	0.42	13.48	0.21
20141024	0.74	11.18	0.19
20141025	0.0	11.96	0.19
20141026	0.02	12.48	0.17
20141027	0.08	14.29	0.17
20141028	0.15	14.0	0.17
20141029	1.8	12.59	0.17
20141030	0.18	14.73	0.16
20141031	0.0	16.88	0.16
20141101	0.09	13.91	0.16
20141102	3.23	12.23	0.16
20141103	2.46	6.5	0.2
20141104	1.28	7.28	0.18
20141105	7.26	5.8	0.33
20141106	3.44	7.68	0.44
20141107	0.39	9.31	0.36
20141108	8.7	10.54	0.32
20141109	0.73	7.53	0.59
20141110	0.1	9.96	0.56
20141111	0.0	11.54	0.4
20141112	0.24	10.38	0.33
20141113	0.33	11.13	0.27
20141114	3.92	8.22	0.28
20141115	0.17	7.18	0.29
20141116	13.88	7.82	0.55
20141117	4.0	8.12	1.4
20141118	0.02	7.77	1.09
20141119	0.69	8.25	0.77
20141120	0.01	8.09	0.56
20141121	1.89	9.34	0.47
20141122	12.14	10.89	0.49
20141123	19.18	4.75	2.91
20141124	0.11	2.79	4.09
20141125	7.01	4.54	2.04
20141126	4.52	8.76	1.92
20141127	0.03	10.38	1.97
20141128	0.07	9.76	1.27
20141129	0.01	7.27	0.89
20141130	0.15	8.2	0.75
20141201	0.27	6.08	0.64
20141202	2.82	6.84	0.58
20141203	0.44	6.03	0.54
20141204	1.22	3.88	0.52
20141205	0.02	3.02	0.48
20141206	0.34	3.5	0.42
20141207	0.48	4.7	0.41
20141208	0.01	1.88	0.39
20141209	2.12	5.42	0.36
20141210	0.18	4.95	0.38
20141211	5.86	6.55	0.38
20141212	0.25	2.56	0.61
20141213	0.11	1.24	0.54
20141214	2.87	5.38	0.51
20141215	0.03	4.18	0.52
20141216	7.4	6.17	0.54
20141217	0.04	11.25	1.15
20141218	3.24	10.12	0.99
20141219	0.0	6.29	0.85
20141220	0.0	6.03	0.67
20141221	0.0	9.63	0.57
20141222	0.0	11.33	0.52
20141223	1.77	9.57	0.43
20141224	0.0	5.16	0.46
20141225	0.03	2.44	0.37
20141226	21.48	1.78	0.8
20141227	0.33	3.13	3.05
20141228	0.01	2.33	1.8
20141229	0.38	0.98	1.04
20141230	0.13	1.12	0.82
20141231	0.22	3.49	0.69
20150101	0.99	9.64	0.63
20150102	3.41	4.63	0.58
20150103	4.31	0.06	0.9
20150104	0.17	0.9	1.08
20150105	0.0	5.86	0.9
20150106	0.6	3.84	0.77
20150107	0.52	6.43	0.65
20150108	2.87	7.21	0.67
20150109	0.02	12.29	0.68
20150110	1.52	7.7	0.63
20150111	0.0	6.17	0.53
20150112	6.93	8.63	0.58
20150113	2.11	4.45	0.87
20150114	1.28	5.91	0.91
20150115	0.05	5.86	0.81
20150116	0.0	1.51	0.61
20150117	0.24	1.22	0.52
20150118	0.1	-0.1	0.48
20150119	0.12	-1.57	0.43
20150120	0.11	-0.22	0.43
20150121	1.53	0.97	0.42
20150122	0.0	-0.79	0.39
20150123	5.06	1.46	0.38
20150124	0.02	3.0	0.54
20150125	0.59	4.92	0.54
20150126	0.08	5.17	0.53
20150127	0.0	5.51	0.48
20150128	3.67	5.27	0.61
20150129	1.6	1.92	0.67
20150130	0.33	1.36	0.63
20150131	10.77	1.95	0.9
20150201	4.07	1.23	1.92
20150202	2.95	0.43	1.79
20150203	1.74	2.15	1.29
20150204	2.26	2.05	1.16
20150205	0.36	2.28	1.12
20150206	0.18	1.63	0.99
20150207	0.02	3.86	0.79
20150208	0.09	3.47	0.7
20150209	0.0	3.19	0.64
20150210	0.0	3.99	0.58
20150211	0.0	3.58	0.52
20150212	0.01	2.84	0.52
20150213	0.21	6.48	0.51
20150214	0.37	5.02	0.5
20150215	0.0	5.06	0.44
20150216	4.09	3.98	0.43
20150217	0.01	3.72	0.44
20150218	0.08	6.1	0.4
20150219	8.26	6.39	0.5
20150220	0.02	3.24	0.95
20150221	0.01	2.05	0.8
20150222	5.45	4.48	0.74
20150223	0.02	5.36	0.95
20150224	0.68	5.42	0.75
20150225	0.01	7.76	0.6
20150226	5.69	5.01	0.74
20150227	0.1	4.62	0.78
20150228	3.62	7.77	0.74
20150301	0.01	5.86	0.8
20150302	0.68	4.07	0.66
20150303	0.05	4.81	0.55
20150304	0.01	4.41	0.45
20150305	0.0	7.08	0.43
20150306	0.0	9.02	0.42
20150307	0.0	10.6	0.41
20150308	0.64	6.16	0.4
20150309	0.01	6.79	0.38
20150310	0.06	4.74	0.36
20150311	0.31	7.18	0.34
20150312	0.0	7.29	0.33
20150313	0.0	6.78	0.32
20150314	0.03	6.33	0.31
20150315	0.01	6.06	0.3
20150316	0.3	5.59	0.3
20150317	0.36	5.58	0.27
20150318	0.0	6.7	0.28
20150319	0.0	5.67	0.28
20150320	0.42	7.78	0.28
20150321	0.13	4.42	0.28
20150322	0.02	3.09	0.28
20150323	0.22	7.68	0.28
20150324	0.05	4.19	0.28
20150325	3.88	4.59	0.27
20150326	1.67	6.33	0.32
20150327	0.44	6.61	0.29
20150328	0.88	11.36	0.28
20150329	6.48	8.67	0.4
20150330	6.99	8.74	0.36
20150331	0.6	7.24	0.43
20150401	3.97	7.55	0.34
20150402	0.89	5.96	0.34
20150403	1.47	7.07	0.33
20150404	0.01	6.03	0.32
20150405	0.0	6.02	0.3
20150406	0.0	5.22	0.28
20150407	0.0	10.36	0.28
20150408	0.07	8.16	0.27
20150409	0.01	8.56	0.26
20150410	0.16	12.52	0.26
20150411	1.44	7.08	0.26
20150412	1.37	8.9	0.25
20150413	0.06	10.0	0.24
20150414	0.0	14.11	0.24
20150415	0.0	13.78	0.23
20150416	0.0	9.85	0.22
20150417	0.0	7.5	0.22
20150418	0.0	8.2	0.21
20150419	0.0	5.76	0.21
20150420	0.03	8.51	0.21
20150421	0.01	8.65	0.2
20150422	0.0	9.87	0.2
20150423	0.0	8.63	0.2
20150424	0.62	15.39	0.2
20150425	4.79	12.25	0.21
20150426	0.04	5.71	0.22
20150427	0.07	6.86	0.2
20150428	0.0	8.85	0.19
20150429	3.51	7.81	0.21
20150430	0.14	6.63	0.2
20150501	0.0	5.7	0.19
20150502	2.02	10.48	0.19
20150503	2.7	15.08	0.23
20150504	11.5	14.41	0.24
20150505	0.38	13.18	0.34
20150506	1.19	10.68	0.24
20150507	0.66	10.57	0.22
20150508	2.32	13.31	0.22
20150509	1.65	10.09	0.23
20150510	0.0	14.79	0.21
20150511	0.27	15.6	0.2
20150512	0.26	10.71	0.19
20150513	0.0	9.58	0.18
20150514	0.7	9.12	0.18
20150515	0.02	11.97	0.17
20150516	0.0	10.87	0.17
20150517	2.84	12.0	0.16
20150518	6.49	9.54	0.21
20150519	3.63	8.79	0.22
20150520	1.96	9.39	0.22
20150521	0.0	13.12	0.19
20150522	0.02	15.7	0.18
20150523	0.0	9.92	0.17
20150524	1.48	12.41	0.17
20150525	0.03	10.89	0.17
20150526	0.0	11.24	0.16
20150527	0.01	13.54	0.15
20150528	0.03	12.14	0.15
20150529	4.0	9.13	0.16
20150530	3.86	12.99	0.16
20150531	0.89	10.23	0.17
20150601	0.76	13.22	0.17
20150602	0.08	14.79	0.15
20150603	0.0	12.67	0.15
20150604	1.73	14.99	0.14
20150605	0.19	15.78	0.14
20150606	0.0	12.42	0.13
20150607	0.0	11.56	0.12
20150608	0.06	11.07	0.12
20150609	0.0	10.87	0.12
20150610	0.0	11.7	0.12
20150611	0.03	14.21	0.12
20150612	5.87	17.97	0.12
20150613	4.12	13.63	0.16
20150614	0.82	11.62	0.15
20150615	0.06	10.82	0.15
20150616	0.0	15.3	0.14
20150617	0.26	16.77	0.13
20150618	0.0	13.85	0.12
20150619	0.08	13.03	0.12
20150620	0.47	15.37	0.14
20150621	0.33	14.53	0.12
20150622	4.38	13.06	0.12
20150623	0.11	11.85	0.13
20150624	0.0	16.75	0.12
20150625	0.01	17.66	0.12
20150626	0.16	18.35	0.11
20150627	0.01	17.58	0.11
20150628	1.6	15.43	0.11
20150629	0.0	17.73	0.11
20150630	0.03	20.07	0.1
20150701	0.0	24.51	0.1
20150702	0.01	19.02	0.09
20150703	6.27	20.46	0.1
20150704	0.01	20.94	0.12
20150705	5.57	15.93	0.12
20150706	0.1	17.59	0.11
20150707	1.75	17.82	0.1
20150708	2.5	14.24	0.11
20150709	0.0	14.97	0.11
20150710	0.0	19.08	0.1
20150711	0.98	19.76	0.1
20150712	2.94	18.37	0.1
20150713	1.18	18.08	0.1
20150714	0.53	18.38	0.11
20150715	0.02	15.18	0.11
20150716	2.55	18.33	0.11
20150717	0.0	18.09	0.11
20150718	0.58	17.99	0.09
20150719	0.0	15.61	0.09
20150720	0.0	18.59	0.09
20150721	0.0	19.74	0.09
20150722	0.26	15.2	0.08
20150723	0.0	16.86	0.08
20150724	46.81	15.18	0.22
20150725	0.22	13.21	0.42
20150726	13.72	15.19	0.3
20150727	2.57	16.86	0.28
20150728	2.85	13.41	0.24
20150729	1.44	13.79	0.19
20150730	4.26	11.37	0.19
20150731	0.0	14.75	0.16
20150801	0.0	15.87	0.14
20150802	0.0	18.64	0.13
20150803	0.04	19.73	0.12
20150804	0.0	17.57	0.11
20150805	0.67	16.69	0.1
20150806	0.0	17.77	0.1
20150807	0.0	16.03	0.1
20150808	0.0	17.18	0.1
20150809	0.03	20.32	0.1
20150810	0.0	18.94	0.1
20150811	0.58	17.27	0.09
20150812	0.0	17.48	0.1
20150813	2.01	18.74	0.1
20150814	0.8	19.46	0.11
20150815	0.01	15.04	0.1
20150816	0.0	13.27	0.1
20150817	7.05	15.74	0.09
20150818	10.97	15.13	0.16
20150819	1.54	18.59	0.16
20150820	0.25	19.79	0.13
20150821	0.0	19.73	0.12
20150822	0.0	22.74	0.1
20150823	7.91	17.55	0.12
20150824	10.74	14.53	0.16
20150825	1.86	16.86	0.17
20150826	26.72	15.98	0.81
20150827	0.67	14.25	0.69
20150828	0.0	16.46	0.32
20150829	3.08	18.43	0.22
20150830	2.63	16.27	0.2
20150831	9.15	14.04	0.27
20150901	0.19	12.74	0.29
20150902	7.22	12.83	0.41
20150903	0.05	13.04	0.35
20150904	0.66	11.43	0.24
20150905	0.11	11.73	0.2
20150906	0.0	12.15	0.17
20150907	0.19	13.73	0.16
20150908	0.17	13.54	0.16
20150909	0.05	13.45	0.15
20150910	0.04	14.48	0.14
20150911	1.13	15.38	0.13
20150912	0.35	14.89	0.14
20150913	4.65	12.04	0.14
20150914	1.24	13.99	0.16
20150915	1.33	13.78	0.15
20150916	16.49	12.93	0.32
20150917	0.03	14.0	0.34
20150918	9.49	13.0	0.65
20150919	0.01	12.06	0.6
20150920	0.01	15.43	0.31
20150921	7.66	11.06	0.29
20150922	0.24	11.84	0.33
20150923	5.07	14.26	0.26
20150924	0.01	11.89	0.27
20150925	0.0	10.54	0.27
20150926	0.1	11.13	0.23
20150927	0.0	12.21	0.19
20150928	0.09	12.71	0.17
20150929	0.0	12.93	0.16
20150930	0.1	12.68	0.15
20151001	0.03	11.99	0.15
20151002	0.1	11.33	0.15
20151003	0.0	12.39	0.15
20151004	0.04	11.41	0.15
20151005	9.07	15.0	0.16
20151006	8.9	15.74	0.23
20151007	0.44	10.96	0.34
20151008	0.04	9.42	0.27
20151009	0.08	10.67	0.2
20151010	0.86	10.98	0.2
20151011	0.0	9.38	0.18
20151012	0.17	9.62	0.17
20151013	1.65	8.87	0.16
20151014	4.52	10.33	0.18
20151015	2.56	10.92	0.19
20151016	0.84	11.36	0.2
20151017	1.06	10.18	0.2
20151018	0.77	12.01	0.2
20151019	0.02	9.37	0.19
20151020	3.01	10.1	0.18
20151021	0.69	11.85	0.19
20151022	0.05	7.93	0.19
20151023	0.0	9.67	0.18
20151024	2.33	7.82	0.18
20151025	0.01	7.24	0.19
20151026	0.13	11.83	0.18
20151027	1.83	12.31	0.18
20151028	2.96	10.18	0.23
20151029	0.49	13.09	0.22
20151030	2.03	11.53	0.22
20151031	0.07	9.76	0.22
20151101	0.38	11.5	0.2
20151102	0.01	10.54	0.2
20151103	4.0	11.12	0.2
20151104	2.92	11.7	0.25
20151105	3.59	14.02	0.31
20151106	7.05	13.85	0.49
20151107	2.31	11.41	0.8
20151108	0.15	11.48	0.67
20151109	0.69	12.69	0.47
20151110	0.37	14.49	0.38
20151111	0.06	11.17	0.31
20151112	0.55	11.08	0.3
20151113	0.36	7.97	0.29
20151114	5.84	10.88	0.33
20151115	0.01	13.8	0.37
20151116	2.8	10.75	0.35
20151117	1.63	11.33	0.35
20151118	3.57	11.71	0.36
20151119	1.86	7.72	0.39
20151120	2.87	4.85	0.38
20151121	3.19	2.88	0.48
20151122	5.09	1.53	0.74
20151123	5.24	3.84	0.81
20151124	2.36	5.6	1.02
20151125	1.21	4.84	1.08
20151126	0.17	6.51	0.81
20151127	2.45	7.04	0.69
20151128	1.77	5.82	0.69
20151129	6.86	8.28	0.8
20151130	8.03	8.07	1.51
20151201	0.12	10.03	1.79
20151202	0.81	11.75	1.2
20151203	2.89	8.27	0.85
20151204	0.0	8.46	0.73
20151205	0.0	11.81	0.62
20151206	1.29	12.13	0.54
20151207	2.96	11.23	0.45
20151208	0.71	7.48	0.5
20151209	0.03	7.33	0.47
20151210	4.32	8.8	0.45
20151211	0.02	5.29	0.52
20151212	4.75	7.91	0.54
20151213	1.67	5.95	0.68
20151214	0.36	7.07	0.74
20151215	4.99	10.58	0.7
20151216	0.03	12.44	1.0
20151217	0.17	11.32	0.87
20151218	0.04	11.96	0.68
20151219	0.0	13.01	0.58
20151220	0.06	9.38	0.51
20151221	1.57	10.16	0.44
20151222	3.69	11.11	0.44
20151223	0.01	8.67	0.49
20151224	1.93	7.53	0.49
20151225	2.09	9.4	0.49
20151226	3.77	11.83	0.51
20151227	3.27	10.15	0.83
20151228	0.1	10.28	0.94
20151229	0.02	9.87	0.73
20151230	4.57	9.54	0.64
20151231	1.93	4.32	0.72
20160101	1.12	4.36	0.71
20160102	2.2	7.57	0.72
20160103	8.81	5.81	1.26
20160104	1.23	6.65	1.73
20160105	1.37	6.95	1.24
20160106	9.77	5.95	0.98
20160107	8.83	4.22	3.31
20160108	0.71	4.36	3.12
20160109	1.78	7.15	1.44
20160110	3.79	5.14	1.15
20160111	1.76	4.31	1.23
20160112	1.99	3.97	1.12
20160113	1.26	2.86	0.95
20160114	5.21	1.6	1.12
20160115	0.34	1.76	1.26
20160116	0.27	1.23	0.94
20160117	0.06	1.46	0.78
20160118	0.01	-0.39	0.7
20160119	0.01	0.46	0.61
20160120	0.0	0.65	0.55
20160121	0.09	1.95	0.49
20160122	8.15	5.05	0.86
20160123	3.4	7.67	1.03
20160124	0.14	11.05	1.14
20160125	0.04	8.44	1.0
20160126	0.39	9.96	0.84
20160127	0.2	7.36	0.73
20160128	0.11	6.76	0.58
20160129	6.48	8.97	0.5
20160130	0.13	4.91	0.76
20160131	2.16	8.41	0.66
20160201	0.0	10.02	0.61
20160202	0.62	5.08	0.56
20160203	3.2	4.22	0.5
20160204	0.23	8.77	0.52
20160205	0.18	9.72	0.51
20160206	1.1	7.64	0.54
20160207	1.98	7.09	0.53
20160208	0.82	5.78	0.51
20160209	0.05	4.35	0.46
20160210	0.0	2.96	0.41
20160211	0.18	2.67	0.37
20160212	1.57	2.46	0.39
20160213	0.9	3.55	0.4
20160214	2.44	2.72	0.42
20160215	3.43	0.81	0.41
20160216	0.09	3.0	0.43
20160217	3.11	4.32	0.47
20160218	0.13	1.69	0.52
20160219	0.8	4.85	0.49
20160220	5.92	9.62	0.6
20160221	2.58	10.03	1.09
20160222	0.02	4.48	0.97
20160223	0.04	2.13	0.74
20160224	0.05	1.78	0.62
20160225	0.0	2.08	0.56
20160226	0.0	2.39	0.49
20160227	0.03	3.39	0.47
20160228	0.0	3.11	0.41
20160229	2.11	4.78	0.37
20160301	9.56	7.23	0.75
20160302	7.52	4.11	1.05
20160303	10.04	5.29	1.33
20160304	1.31	3.16	2.36
20160305	5.17	3.55	1.62
20160306	2.09	2.62	1.42
20160307	3.81	1.88	1.33
20160308	8.22	3.66	1.23
20160309	3.98	5.3	2.51
20160310	0.01	4.73	2.17
20160311	0.03	6.0	1.29
20160312	0.07	3.12	0.98
20160313	0.0	5.33	0.82
20160314	0.06	6.01	0.66
20160315	0.01	5.51	0.61
20160316	0.05	4.31	0.56
20160317	0.14	6.02	0.52
20160318	0.09	6.21	0.5
20160319	0.27	5.74	0.46
20160320	0.03	7.67	0.44
20160321	0.08	5.0	0.42
20160322	0.0	7.61	0.41
20160323	0.0	7.39	0.4
20160324	2.11	8.13	0.4
20160325	0.0	8.97	0.4
20160326	3.55	8.73	0.41
20160327	8.63	8.21	0.47
20160328	3.13	6.32	0.95
20160329	2.99	7.1	0.78
20160330	0.01	6.64	0.65
20160331	1.2	5.05	0.52
20160401	0.0	9.04	0.49
20160402	2.93	10.86	0.47
20160403	6.71	11.83	0.54
20160404	1.73	9.18	0.74
20160405	0.52	8.36	0.61
20160406	1.63	8.38	0.55
20160407	1.11	5.84	0.45
20160408	1.25	8.51	0.43
20160409	5.32	4.83	0.62
20160410	0.01	9.38	0.58
20160411	3.25	10.96	0.49
20160412	1.88	7.98	0.52
20160413	0.11	10.45	0.51
20160414	9.0	10.45	1.12
20160415	10.33	5.95	1.58
20160416	0.48	4.6	1.86
20160417	0.05	6.77	1.18
20160418	0.0	8.05	0.84
20160419	0.0	6.15	0.63
20160420	0.11	7.33	0.55
20160421	0.0	9.38	0.5
20160422	0.39	6.33	0.46
20160423	2.03	5.72	0.43
20160424	0.49	5.27	0.42
20160425	2.44	5.54	0.41
20160426	7.42	5.35	0.46
20160427	0.43	4.84	0.52
20160428	3.09	6.45	0.43
20160429	0.07	5.89	0.42
20160430	0.4	6.1	0.37
20160501	0.04	12.69	0.34
20160502	2.91	10.55	0.34
20160503	0.0	8.67	0.34
20160504	0.0	11.81	0.31
20160505	0.0	12.13	0.3
20160506	0.0	13.82	0.29
20160507	0.0	16.59	0.28
20160508	0.0	17.98	0.27
20160509	2.82	17.04	0.25
20160510	5.53	14.28	0.29
20160511	0.09	14.31	0.3
20160512	0.0	14.63	0.28
20160513	0.04	9.83	0.26
20160514	0.0	6.91	0.24
20160515	0.0	10.01	0.24
20160516	0.0	9.87	0.23
20160517	0.02	14.11	0.23
20160518	0.6	12.12	0.23
20160519	0.01	15.13	0.23
20160520	0.04	15.5	0.22
20160521	0.34	15.58	0.22
20160522	0.43	14.12	0.22
20160523	0.0	10.44	0.21
20160524	0.05	11.26	0.2
20160525	0.69	10.76	0.21
20160526	0.06	11.04	0.21
20160527	0.0	11.98	0.21
20160528	0.0	12.51	0.2
20160529	0.0	13.64	0.2
20160530	36.61	12.15	0.34
20160531	1.36	11.4	1.48
20160601	0.32	11.15	0.73
20160602	0.02	10.22	0.46
20160603	0.05	11.62	0.35
20160604	0.0	14.81	0.33
20160605	0.0	12.81	0.29
20160606	0.0	14.0	0.25
20160607	0.0	17.14	0.23
20160608	0.0	15.22	0.21
20160609	0.0	13.99	0.2
20160610	0.0	15.19	0.2
20160611	6.78	18.02	0.22
20160612	13.04	16.45	0.36
20160613	6.77	15.46	0.68
20160614	0.99	15.46	0.58
20160615	2.26	14.71	0.4
20160616	1.52	15.24	0.33
20160617	4.02	13.72	0.3
20160618	0.32	12.48	0.29
20160619	2.87	17.84	0.26
20160620	9.76	16.4	0.44
20160621	0.06	17.44	0.41
20160622	12.42	18.95	0.36
20160623	14.43	18.26	1.38
20160624	2.64	16.2	2.23
20160625	10.95	14.67	2.08
20160626	2.51	16.68	2.04
20160627	0.07	14.02	1.13
20160628	5.34	15.16	0.73
20160629	1.49	15.29	0.63
20160630	1.19	17.79	0.5
20160701	0.04	14.18	0.4
20160702	2.2	13.98	0.35
20160703	0.14	14.99	0.31
20160704	0.01	18.76	0.27
20160705	0.0	14.0	0.25
20160706	0.0	16.75	0.23
20160707	0.8	17.99	0.21
20160708	0.21	17.67	0.21
20160709	3.41	20.1	0.22
20160710	0.0	18.29	0.21
20160711	3.72	16.93	0.21
20160712	3.74	15.27	0.22
20160713	2.75	13.8	0.22
20160714	0.0	14.64	0.21
20160715	0.0	18.29	0.18
20160716	0.58	20.19	0.18
20160717	0.0	19.04	0.17
20160718	0.0	20.53	0.16
20160719	0.0	23.01	0.15
20160720	1.48	22.31	0.15
20160721	0.06	18.41	0.14
20160722	0.13	17.61	0.14
20160723	0.0	19.9	0.14
20160724	0.01	20.39	0.14
20160725	0.0	17.54	0.13
20160726	1.77	19.1	0.13
20160727	0.97	17.01	0.14
20160728	3.23	18.39	0.15
20160729	3.0	18.34	0.15
20160730	0.16	15.32	0.15
20160731	0.0	15.64	0.14
20160801	3.73	17.28	0.14
20160802	1.07	19.14	0.15
20160803	0.0	19.53	0.15
20160804	1.49	16.93	0.14
20160805	0.11	17.49	0.14
20160806	0.0	20.28	0.13
20160807	0.0	20.44	0.12
20160808	0.0	14.6	0.12
20160809	0.56	14.88	0.12
20160810	3.31	15.2	0.12
20160811	0.03	17.69	0.13
20160812	0.0	20.79	0.13
20160813	0.0	17.1	0.12
20160814	0.0	14.76	0.12
20160815	0.0	14.75	0.12
20160816	0.0	15.48	0.12
20160817	0.05	17.55	0.12
20160818	0.0	16.5	0.12
20160819	0.85	17.31	0.12
20160820	1.92	18.31	0.12
20160821	5.96	19.62	0.12
20160822	0.0	19.92	0.14
20160823	0.0	22.46	0.12
20160824	0.35	22.54	0.12
20160825	0.14	20.66	0.12
20160826	0.0	19.09	0.11
20160827	0.04	19.69	0.11
20160828	6.72	18.07	0.12
20160829	0.0	16.51	0.14
20160830	0.0	18.81	0.12
20160831	0.0	18.63	0.12
20160901	0.01	18.18	0.12
20160902	0.29	15.95	0.1
20160903	8.55	17.78	0.12
20160904	0.04	16.59	0.13
20160905	0.1	19.2	0.13
20160906	0.04	22.01	0.12
20160907	0.03	18.51	0.13
20160908	0.0	18.38	0.12
20160909	0.2	20.63	0.11
20160910	3.27	14.64	0.12
20160911	0.0	15.8	0.12
20160912	0.0	21.55	0.11
20160913	0.01	22.57	0.11
20160914	0.0	21.93	0.1
20160915	3.87	21.31	0.1
20160916	30.87	14.86	0.35
20160917	0.23	16.38	0.38
20160918	0.0	14.73	0.31
20160919	0.05	16.6	0.18
20160920	0.69	14.72	0.16
20160921	0.05	16.42	0.16
20160922	0.01	13.5	0.14
20160923	0.0	14.31	0.13
20160924	0.01	18.87	0.12
20160925	0.0	13.16	0.12
20160926	1.39	13.57	0.12
20160927	0.03	15.98	0.12
20160928	0.23	19.23	0.11
20160929	0.24	13.64	0.11
20160930	0.53	12.83	0.11
20161001	9.23	12.35	0.12
20161002	0.12	10.33	0.15
20161003	0.15	13.24	0.12
20161004	0.0	14.39	0.12
20161005	0.0	12.15	0.11
20161006	0.04	13.22	0.1
20161007	2.45	13.19	0.1
20161008	1.9	11.11	0.11
20161009	2.54	9.87	0.12
20161010	4.44	8.65	0.21
20161011	3.3	11.82	0.22
20161012	4.09	10.29	0.24
20161013	0.01	10.12	0.24
20161014	0.14	11.54	0.16
20161015	1.06	11.36	0.15
20161016	0.43	13.28	0.14
20161017	1.21	12.12	0.14
20161018	3.02	9.5	0.18
20161019	4.04	10.74	0.17
20161020	3.4	10.92	0.18
20161021	2.79	9.72	0.18
20161022	0.47	9.62	0.18
20161023	0.03	9.4	0.18
20161024	0.03	8.17	0.17
20161025	0.0	10.0	0.16
20161026	0.02	10.77	0.16
20161027	0.03	11.67	0.15
20161028	0.0	12.8	0.15
20161029	0.07	12.42	0.15
20161030	0.08	10.28	0.15
20161031	0.12	11.33	0.15
20161101	0.24	6.46	0.14
20161102	0.1	4.73	0.14
20161103	0.04	6.13	0.14
20161104	1.33	4.92	0.14
20161105	2.18	5.48	0.14
20161106	7.05	6.01	0.17
20161107	2.22	4.72	0.19
20161108	3.85	3.59	0.18
20161109	3.32	3.79	0.28
20161110	2.4	4.96	0.25
20161111	0.06	6.27	0.23
20161112	5.77	6.6	0.24
20161113	2.27	7.19	0.26
20161114	0.48	10.0	0.26
20161115	3.03	12.66	0.27
20161116	0.79	8.19	0.27
20161117	3.22	6.22	0.3
20161118	0.04	3.07	0.31
20161119	13.31	5.0	0.29
20161120	10.81	6.62	0.82
20161121	3.36	9.83	1.35
20161122	0.03	6.29	1.15
20161123	0.04	6.25	0.7
20161124	0.0	7.4	0.46
20161125	0.12	6.34	0.4
20161126	0.08	6.79	0.36
20161127	0.01	4.85	0.27
20161128	0.01	2.35	0.24
20161129	0.02	1.71	0.24
20161130	0.07	2.7	0.27
20161201	0.11	5.05	0.22
20161202	0.41	6.12	0.21
20161203	0.0	4.62	0.22
20161204	0.0	2.34	0.22
20161205	0.12	2.9	0.21
20161206	0.11	5.1	0.21
20161207	0.0	9.91	0.21
20161208	0.14	10.3	0.2
20161209	0.0	11.81	0.22
20161210	11.87	8.34	0.27
20161211	0.03	5.85	0.53
20161212	1.9	6.03	0.44
20161213	0.55	9.02	0.41
20161214	0.15	7.55	0.38
20161215	0.07	5.94	0.33
20161216	0.08	6.94	0.31
20161217	0.08	5.31	0.29
20161218	0.01	5.26	0.27
20161219	0.0	4.11	0.26
20161220	0.59	4.62	0.26
20161221	0.12	5.0	0.25
20161222	0.15	4.7	0.24
20161223	2.0	7.16	0.24
20161224	0.01	7.87	0.24
20161225	0.74	9.44	0.23
20161226	0.0	3.66	0.22
20161227	0.0	1.42	0.21
20161228	0.2	1.17	0.2
20161229	0.18	2.11	0.2
20161230	0.13	1.89	0.21
20161231	0.51	5.85	0.21
20170101	6.25	3.67	0.26
20170102	0.16	1.5	0.3
20170103	0.61	3.8	0.31
20170104	1.0	3.52	0.31
20170105	0.14	2.26	0.29
20170106	2.7	3.93	0.28
20170107	0.19	7.25	0.31
20170108	0.03	7.59	0.34
20170109	5.06	5.63	0.4
20170110	0.01	7.07	0.54
20170111	0.01	6.44	0.48
20170112	4.52	2.8	0.45
20170113	4.42	1.6	0.72
20170114	0.71	1.78	0.64
20170115	2.76	1.99	0.64
20170116	0.0	2.38	0.51
20170117	0.0	0.63	0.51
20170118	0.02	0.39	0.44
20170119	0.0	1.29	0.4
20170120	0.08	2.56	0.35
20170121	0.01	-0.22	0.33
20170122	0.09	-0.33	0.3
20170123	0.0	1.84	0.29
20170124	0.03	3.07	0.28
20170125	0.13	0.93	0.27
20170126	0.04	-0.7	0.26
20170127	0.12	3.98	0.26
20170128	0.73	4.96	0.26
20170129	6.8	4.27	0.3
20170130	0.01	5.29	0.47
20170131	6.27	5.52	0.56
20170201	2.16	8.1	0.88
20170202	0.01	8.39	1.0
20170203	0.21	5.23	0.72
20170204	1.04	4.1	0.6
20170205	0.13	4.19	0.5
20170206	1.99	5.21	0.37
20170207	1.67	3.84	0.44
20170208	0.39	1.93	0.42
20170209	0.07	1.08	0.4
20170210	0.76	0.96	0.39
20170211	10.43	1.57	0.4
20170212	0.15	2.37	0.93
20170213	0.0	4.25	1.12
20170214	0.21	6.34	0.81
20170215	1.63	8.42	0.65
20170216	0.26	7.89	0.56
20170217	0.01	7.16	0.49
20170218	0.01	6.03	0.44
20170219	0.0	9.57	0.41
20170220	0.08	12.7	0.36
20170221	0.09	10.96	0.36
20170222	12.4	9.93	0.45
20170223	1.62	6.55	1.14
20170224	0.2	4.01	0.85
20170225	0.79	8.62	0.68
20170226	2.53	9.5	0.6
20170227	3.49	5.59	0.68
20170228	1.4	4.36	0.76
20170301	6.8	6.14	0.65
20170302	0.56	5.77	0.97
20170303	2.81	6.3	0.98
20170304	0.63	7.19	0.9
20170305	4.46	6.34	0.89
20170306	1.57	5.34	0.88
20170307	6.23	6.83	0.76
20170308	0.38	8.78	1.06
20170309	0.0	7.96	1.02
20170310	0.0	9.6	0.71
20170311	0.13	10.0	0.63
20170312	0.02	9.6	0.55
20170313	0.0	9.5	0.46
20170314	0.0	10.74	0.41
20170315	0.0	10.17	0.38
20170316	0.0	9.25	0.37
20170317	0.18	9.11	0.36
20170318	3.49	12.9	0.37
20170319	1.41	13.23	0.36
20170320	5.6	8.4	0.42
20170321	0.08	6.71	0.41
20170322	0.96	7.87	0.35
20170323	0.01	7.81	0.33
20170324	0.02	6.12	0.29
20170325	0.0	7.59	0.27
20170326	0.0	8.46	0.28
20170327	0.0	6.74	0.28
20170328	1.07	10.36	0.27
20170329	0.06	13.35	0.27
20170330	0.0	15.54	0.27
20170331	0.0	11.46	0.26
20170401	0.0	10.27	0.25
20170402	0.0	10.23	0.24
20170403	0.0	10.74	0.22
20170404	0.01	9.03	0.23
20170405	0.0	7.84	0.21
20170406	0.0	9.73	0.21
20170407	0.0	8.24	0.18
20170408	0.04	11.44	0.2
20170409	0.0	14.84	0.19
20170410	0.0	8.15	0.19
20170411	0.0	10.53	0.18
20170412	0.0	9.11	0.18
20170413	0.0	9.41	0.18
20170414	2.53	10.62	0.19
20170415	0.0	9.35	0.19
20170416	2.54	8.75	0.19
20170417	1.17	7.04	0.19
20170418	0.03	4.57	0.19
20170419	0.0	7.2	0.18
20170420	0.02	10.09	0.18
20170421	0.45	9.82	0.18
20170422	0.1	8.28	0.18
20170423	0.0	8.74	0.17
20170424	0.77	7.02	0.17
20170425	5.58	6.02	0.18
20170426	2.15	4.53	0.21
20170427	1.44	6.17	0.2
20170428	0.02	8.93	0.19
20170429	0.0	11.01	0.18
20170430	1.33	11.96	0.18
20170501	0.01	8.7	0.18
20170502	0.02	10.72	0.17
20170503	0.08	9.82	0.17
20170504	0.01	9.73	0.17
20170505	0.03	11.12	0.16
20170506	0.0	10.24	0.16
20170507	0.0	10.41	0.16
20170508	0.0	9.42	0.15
20170509	0.0	6.52	0.15
20170510	0.0	9.14	0.15
20170511	0.19	13.58	0.15
20170512	0.07	14.27	0.15
20170513	0.54	13.15	0.14
20170514	0.04	13.16	0.14
20170515	0.26	17.21	0.14
20170516	14.2	20.09	0.14
20170517	8.84	15.07	0.32
20170518	17.19	12.9	0.39
20170519	1.44	10.15	0.62
20170520	1.25	12.29	0.37
20170521	0.01	13.4	0.26
20170522	0.0	16.15	0.21
20170523	0.0	16.1	0.19
20170524	0.0	16.91	0.17
20170525	0.0	16.8	0.16
20170526	0.03	18.16	0.15
20170527	1.12	18.43	0.14
20170528	5.04	18.25	0.14
20170529	0.05	17.09	0.16
20170530	0.0	16.39	0.14
20170531	0.01	14.88	0.13
20170601	0.0	17.69	0.13
20170602	3.19	18.32	0.13
20170603	0.0	15.23	0.13
20170604	0.0	15.77	0.12
20170605	3.08	15.58	0.12
20170606	12.85	12.08	0.2
20170607	2.2	15.3	0.2
20170608	0.54	15.14	0.15
20170609	0.58	15.79	0.14
20170610	0.0	19.5	0.13
20170611	0.0	16.92	0.12
20170612	0.0	15.17	0.11
20170613	0.0	15.58	0.11
20170614	0.0	17.77	0.11
20170615	0.0	17.57	0.1
20170616	0.0	18.91	0.1
20170617	0.0	21.6	0.09
20170618	0.0	22.31	0.09
20170619	0.0	21.42	0.09
20170620	0.0	18.47	0.09
20170621	0.0	21.26	0.09
20170622	0.53	17.61	0.09
20170623	0.0	19.85	0.09
20170624	0.01	19.45	0.09
20170625	0.02	14.66	0.09
20170626	0.0	15.84	0.09
20170627	35.48	15.92	0.16
20170628	1.54	12.95	0.39
20170629	0.0	13.31	0.25
20170630	0.23	15.94	0.17
20170701	0.0	17.77	0.14
20170702	0.0	16.31	0.12
20170703	0.01	17.18	0.11
20170704	0.0	17.63	0.11
20170705	0.0	18.62	0.1
20170706	11.99	18.61	0.14
20170707	0.0	20.71	0.13
20170708	0.0	16.64	0.11
20170709	0.0	19.21	0.1
20170710	3.01	18.54	0.1
20170711	14.84	16.9	0.13
20170712	0.01	12.7	0.17
20170713	0.85	17.18	0.13
20170714	0.0	15.99	0.12
20170715	0.22	18.53	0.11
20170716	1.92	17.95	0.11
20170717	0.0	17.7	0.1
20170718	13.83	19.99	0.1
20170719	0.05	21.58	0.15
20170720	1.34	16.38	0.13
20170721	5.18	18.28	0.11
20170722	0.81	15.27	0.11
20170723	2.28	14.99	0.11
20170724	8.05	15.44	0.12
20170725	0.17	14.5	0.15
20170726	0.01	16.93	0.13
20170727	0.42	16.27	0.12
20170728	2.76	18.32	0.11
20170729	9.36	17.62	0.11
20170730	0.08	16.73	0.13
20170731	0.0	16.13	0.11
20170801	0.37	18.37	0.1
20170802	4.18	17.92	0.1
20170803	0.02	18.17	0.1
20170804	0.15	17.35	0.1
20170805	5.16	13.78	0.1
20170806	0.0	16.88	0.1
20170807	4.83	17.62	0.1
20170808	14.22	15.5	0.11
20170809	26.04	14.47	0.47
20170810	0.01	13.07	0.7
20170811	0.01	19.14	0.38
20170812	0.01	15.45	0.22
20170813	0.0	15.27	0.17
20170814	0.06	17.88	0.14
20170815	0.23	16.34	0.13
20170816	7.05	18.75	0.12
20170817	0.19	19.05	0.14
20170818	6.0	15.3	0.14
20170819	0.23	14.96	0.16
20170820	0.01	15.6	0.13
20170821	0.0	16.7	0.12
20170822	0.25	18.48	0.12
20170823	0.0	17.99	0.11
20170824	0.0	15.9	0.1
20170825	0.01	17.71	0.1
20170826	0.01	17.38	0.1
20170827	0.0	17.36	0.1
20170828	0.0	20.16	0.09
20170829	0.93	19.13	0.09
20170830	5.37	11.48	0.1
20170831	0.07	13.71	0.11
20170901	0.01	14.28	0.1
20170902	0.95	14.29	0.1
20170903	0.95	16.6	0.1
20170904	0.05	18.15	0.1
20170905	0.6	15.63	0.1
20170906	0.0	13.82	0.1
20170907	3.01	16.72	0.1
20170908	11.52	12.81	0.16
20170909	2.85	12.94	0.37
20170910	2.96	13.41	0.27
20170911	2.48	13.92	0.21
20170912	6.02	14.96	0.18
20170913	1.37	12.16	0.17
20170914	2.73	10.68	0.17
20170915	6.19	10.81	0.21
20170916	3.58	10.27	0.25
20170917	4.83	12.45	0.24
20170918	1.78	11.9	0.23
20170919	0.07	11.83	0.2
20170920	0.0	15.06	0.18
20170921	0.62	12.83	0.16
20170922	0.05	13.43	0.14
20170923	0.0	14.7	0.13
20170924	0.0	16.35	0.12
20170925	0.0	16.36	0.12
20170926	0.07	14.06	0.12
20170927	6.81	16.39	0.13
20170928	1.99	16.1	0.15
20170929	1.88	13.69	0.16
20170930	0.57	14.66	0.15
20171001	0.68	15.21	0.14
20171002	0.0	12.42	0.13
20171003	0.0	12.1	0.12
20171004	3.1	12.87	0.12
20171005	0.43	10.86	0.13
20171006	0.21	10.86	0.12
20171007	2.92	12.13	0.13
20171008	0.1	11.73	0.13
20171009	0.22	13.18	0.13
20171010	0.1	15.34	0.12
20171011	0.18	13.17	0.11
20171012	0.0	12.97	0.11
20171013	0.0	17.56	0.11
20171014	0.03	15.69	0.11
20171015	0.12	16.02	0.12
20171016	0.0	16.08	0.11
20171017	0.06	12.43	0.11
20171018	1.17	13.06	0.11
20171019	2.12	14.53	0.12
20171020	2.81	11.67	0.13
20171021	0.13	12.56	0.13
20171022	0.79	9.82	0.12
20171023	0.0	13.13	0.12
20171024	0.02	16.3	0.12
20171025	0.0	12.13	0.12
20171026	0.05	10.45	0.12
20171027	0.09	9.07	0.12
20171028	0.15	11.65	0.13
20171029	0.75	8.0	0.12
20171030	0.02	7.13	0.12
20171031	0.16	10.17	0.12
20171101	0.0	8.68	0.12
20171102	0.01	8.81	0.12
20171103	3.52	11.02	0.12
20171104	3.23	7.78	0.15
20171105	0.74	3.76	0.14
20171106	0.05	5.79	0.13
20171107	1.37	9.07	0.13
20171108	0.42	5.13	0.13
20171109	0.0	8.6	0.13
20171110	0.53	7.91	0.13
20171111	0.0	5.66	0.13
20171112	8.91	4.41	0.16
20171113	0.2	4.75	0.2
20171114	0.14	9.12	0.17
20171115	0.07	10.21	0.15
20171116	0.05	5.69	0.14
20171117	0.14	4.19	0.14
20171118	0.1	4.79	0.14
20171119	2.16	4.46	0.14
20171120	1.1	10.05	0.14
20171121	0.64	12.06	0.15
20171122	0.54	12.22	0.14
20171123	0.0	5.7	0.14
20171124	0.0	2.42	0.13
20171125	0.13	2.3	0.13
20171126	7.19	5.11	0.13
20171127	0.77	5.11	0.17
20171128	3.56	3.31	0.18
20171129	3.36	2.59	0.2
20171130	9.29	2.46	0.22
20171201	0.51	3.53	0.39
20171202	0.02	3.6	0.35
20171203	0.11	4.48	0.27
20171204	0.08	3.96	0.23
20171205	0.01	7.18	0.2
20171206	0.04	9.03	0.19
20171207	4.39	5.73	0.21
20171208	0.0	0.72	0.21
20171209	1.88	0.13	0.19
20171210	7.85	1.11	0.26
20171211	11.37	0.82	0.68
20171212	6.76	1.78	0.87
20171213	10.24	3.45	1.05
20171214	1.8	2.82	1.36
20171215	2.38	2.42	1.03
20171216	0.02	-0.29	0.8
20171217	2.14	2.73	0.62
20171218	0.06	2.98	0.54
20171219	0.28	3.93	0.47
20171220	0.46	8.19	0.42
20171221	0.46	8.01	0.39
20171222	0.06	8.19	0.37
20171223	0.01	8.28	0.35
20171224	0.0	9.18	0.34
20171225	3.77	6.36	0.34
20171226	18.06	4.48	0.61
20171227	6.85	1.42	2.74
20171228	1.53	0.58	2.75
20171229	16.76	6.94	1.91
20171230	3.73	10.22	3.34
20171231	1.24	7.43	2.9
20180101	2.03	4.15	1.83
20180102	7.82	6.72	1.4
20180103	1.23	7.12	1.96
20180104	1.17	6.73	1.56
20180105	0.32	3.29	1.15
20180106	0.37	2.82	0.83
20180107	0.0	3.25	0.61
20180108	0.0	3.41	0.59
20180109	0.02	5.57	0.56
20180110	4.0	6.71	0.53
20180111	0.18	4.84	0.53
20180112	0.07	4.91	0.52
20180113	0.0	4.99	0.52
20180114	6.3	4.93	0.49
20180115	4.22	5.92	1.04
20180116	0.12	3.44	1.31
20180117	4.99	6.44	1.03
20180118	0.65	3.01	1.06
20180119	0.09	2.59	0.89
20180120	1.8	0.85	0.75
20180121	6.58	3.15	0.8
20180122	2.05	5.43	1.24
20180123	0.31	10.1	1.1
20180124	4.45	9.09	1.2
20180125	0.02	3.97	1.24
20180126	0.08	2.45	0.93
20180127	1.17	6.86	0.74
20180128	0.0	10.74	0.66
20180129	0.72	5.25	0.6
20180130	1.09	5.03	0.54
20180131	2.05	3.83	0.58
20180201	6.21	3.87	0.59
20180202	2.81	3.75	0.82
20180203	0.52	2.55	1.03
20180204	0.7	2.13	0.8
20180205	0.28	1.52	0.68
20180206	4.35	0.52	0.63
20180207	0.14	0.31	0.65
20180208	8.22	2.56	0.72
20180209	1.75	1.28	1.53
20180210	3.57	4.8	1.53
20180211	0.22	2.4	1.46
20180212	0.01	3.1	1.11
20180213	0.06	3.85	0.89
20180214	12.31	5.52	1.09
20180215	0.0	4.3	2.11
20180216	0.09	3.4	1.39
20180217	0.05	4.47	1.0
20180218	1.3	6.17	0.75
20180219	4.66	6.39	0.76
20180220	2.29	3.4	0.92
20180221	0.21	2.43	0.97
20180222	0.0	1.93	0.84
20180223	0.0	1.0	0.7
20180224	0.0	1.78	0.6
20180225	0.0	0.5	0.51
20180226	4.26	-3.06	0.47
20180227	4.83	-4.1	0.48
20180228	2.05	-4.2	0.46
20180301	0.19	-2.71	0.43
20180302	2.66	-1.08	0.44
20180303	0.3	1.63	0.47
20180304	9.54	4.72	1.69
20180305	0.12	6.14	3.78
20180306	1.8	4.5	2.5
20180307	4.36	4.2	1.69
20180308	1.52	3.15	1.58
20180309	8.66	7.42	1.46
20180310	0.37	9.33	2.26
20180311	3.85	7.66	1.83
20180312	6.96	7.09	1.9
20180313	0.06	5.38	2.33
20180314	0.0	8.28	1.58
20180315	2.34	7.01	1.24
20180316	2.97	5.07	1.08
20180317	0.53	-1.12	1.25
20180318	0.0	-0.27	0.97
20180319	0.5	2.5	0.77
20180320	0.01	2.65	0.67
20180321	0.81	6.24	0.6
20180322	0.09	8.78	0.6
20180323	0.0	9.16	0.55
20180324	0.25	6.84	0.53
20180325	0.0	6.24	0.48
20180326	0.94	7.76	0.44
20180327	1.26	6.84	0.46
20180328	6.81	2.83	0.6
20180329	2.77	6.51	0.61
20180330	11.23	6.17	1.11
20180331	8.74	5.49	2.29
20180401	16.28	6.17	2.76
20180402	3.85	9.16	4.8
20180403	0.01	10.46	3.51
20180404	1.49	8.91	1.77
20180405	0.0	7.31	1.13
20180406	0.0	8.86	0.94
20180407	3.08	13.24	0.8
20180408	1.72	8.99	0.78
20180409	4.47	7.0	0.76
20180410	0.38	8.9	0.85
20180411	0.47	8.03	0.77
20180412	0.6	6.84	0.72
20180413	0.0	9.08	0.65
20180414	0.04	10.5	0.57
20180415	0.23	10.65	0.56
20180416	0.05	11.63	0.52
20180417	0.0	14.31	0.47
20180418	0.0	16.27	0.43
20180419	0.0	17.79	0.42
20180420	0.0	14.56	0.39
20180421	0.05	15.09	0.38
20180422	2.53	15.76	0.38
20180423	0.0	13.35	0.38
20180424	4.89	10.69	0.38
20180425	0.83	10.16	0.39
20180426	0.26	9.42	0.34
20180427	11.62	8.35	0.38
20180428	2.29	7.02	0.59
20180429	8.43	5.74	0.53
20180430	8.18	6.03	1.38
20180501	0.01	10.36	1.4
20180502	3.89	7.25	0.96
20180503	0.0	11.34	0.73
20180504	0.0	11.55	0.53
20180505	0.0	12.18	0.49
20180506	0.0	13.38	0.43
20180507	0.0	15.03	0.4
20180508	0.0	17.17	0.35
20180509	0.16	14.53	0.34
20180510	0.0	11.49	0.32
20180511	0.01	12.63	0.3
20180512	6.23	14.28	0.31
20180513	0.03	11.79	0.34
20180514	0.0	12.89	0.31
20180515	0.0	12.82	0.28
20180516	0.0	8.48	0.27
20180517	0.06	9.56	0.26
20180518	0.0	8.37	0.25
20180519	0.0	11.44	0.25
20180520	0.0	12.25	0.24
20180521	0.0	14.82	0.24
20180522	0.0	14.07	0.23
20180523	0.0	13.56	0.22
20180524	7.04	16.92	0.24
20180525	0.01	16.19	0.27
20180526	0.0	16.52	0.24
20180527	1.1	16.67	0.22
20180528	0.0	18.05	0.21
20180529	4.11	15.96	0.21
20180530	0.01	15.18	0.23
20180531	0.12	16.29	0.22
20180601	7.74	18.33	0.22
20180602	10.38	17.38	0.37
20180603	0.11	17.17	0.41
20180604	0.13	12.95	0.31
20180605	0.0	11.96	0.25
20180606	0.0	14.38	0.22
20180607	0.61	13.78	0.21
20180608	0.0	14.63	0.21
20180609	1.16	13.9	0.2
20180610	0.0	12.13	0.2
20180611	0.15	15.76	0.19
20180612	0.0	10.86	0.19
20180613	0.03	17.56	0.18
20180614	0.0	15.62	0.17
20180615	0.04	16.58	0.17
20180616	0.01	15.45	0.16
20180617	0.0	16.68	0.16
20180618	0.0	20.36	0.16
20180619	0.0	19.28	0.16
20180620	0.0	17.14	0.15
20180621	0.04	11.65	0.15
20180622	0.0	12.03	0.14
20180623	0.0	14.47	0.14
20180624	0.0	16.58	0.14
20180625	0.0	17.46	0.14
20180626	0.0	17.85	0.13
20180627	0.0	16.12	0.13
20180628	0.0	17.17	0.13
20180629	0.0	18.22	0.13
20180630	0.0	18.13	0.13
20180701	0.0	18.12	0.12
20180702	0.0	17.82	0.12
20180703	0.0	15.19	0.12
20180704	0.0	16.64	0.12
20180705	0.01	20.59	0.12
20180706	0.0	19.85	0.12
20180707	0.0	18.74	0.11
20180708	0.0	19.84	0.11
20180709	0.0	19.14	0.11
20180710	0.0	15.42	0.12
20180711	0.0	17.22	0.12
20180712	0.0	16.36	0.12
20180713	0.0	15.47	0.12
20180714	0.0	19.93	0.11
20180715	0.0	20.94	0.1
20180716	0.0	22.1	0.1
20180717	0.0	18.6	0.1
20180718	0.03	18.13	0.1
20180719	0.0	18.41	0.1
20180720	0.0	20.71	0.1
20180721	0.0	20.0	0.1
20180722	0.0	20.53	0.1
20180723	0.0	24.19	0.1
20180724	0.0	23.35	0.09
20180725	0.0	21.34	0.09
20180726	0.01	24.95	0.09
20180727	16.93	25.71	0.11
20180728	0.21	19.19	0.15
20180729	2.76	18.11	0.13
20180730	11.84	19.47	0.16
20180731	0.01	18.51	0.19
20180801	0.0	19.57	0.14
20180802	0.0	22.35	0.12
20180803	0.0	23.95	0.11
20180804	0.0	17.91	0.1
20180805	0.0	20.49	0.1
20180806	0.0	23.41	0.1
20180807	3.87	23.87	0.1
20180808	0.41	19.89	0.11
20180809	16.1	13.38	0.16
20180810	5.42	13.8	0.2
20180811	2.35	18.79	0.16
20180812	2.93	19.19	0.14
20180813	3.6	18.82	0.16
20180814	0.0	18.6	0.17
20180815	1.12	20.73	0.13
20180816	6.44	13.9	0.15
20180817	0.0	17.74	0.15
20180818	0.0	19.07	0.13
20180819	0.0	19.68	0.12
20180820	0.02	20.03	0.12
20180821	0.0	19.7	0.12
20180822	0.48	19.78	0.11
20180823	1.52	14.8	0.11
20180824	3.44	12.93	0.12
20180825	0.02	13.39	0.12
20180826	7.11	14.6	0.13
20180827	0.01	16.89	0.15
20180828	1.77	15.18	0.13
20180829	1.82	13.54	0.13
20180830	0.0	12.2	0.13
20180831	0.0	15.0	0.12
20180901	0.0	15.68	0.11
20180902	0.0	14.8	0.11
20180903	0.0	16.83	0.11
20180904	4.22	16.51	0.11
20180905	0.2	15.09	0.12
20180906	3.77	13.42	0.12
20180907	0.09	12.53	0.12
20180908	0.03	15.52	0.12
20180909	0.0	17.29	0.11
20180910	0.0	17.13	0.11
20180911	2.48	16.37	0.11
20180912	0.05	10.6	0.12
20180913	0.06	14.97	0.11
20180914	0.01	13.4	0.11
20180915	0.0	16.27	0.11
20180916	0.0	18.99	0.1
20180917	0.0	19.93	0.1
20180918	0.0	19.61	0.09
20180919	3.88	18.38	0.1
20180920	4.69	15.21	0.1
20180921	1.69	11.8	0.11
20180922	4.13	11.68	0.14
20180923	4.46	8.25	0.15
20180924	0.0	8.82	0.14
20180925	0.0	12.31	0.12
20180926	0.0	16.23	0.11
20180927	0.0	16.61	0.11
20180928	0.0	8.76	0.1
20180929	0.0	10.23	0.1
20180930	0.5	10.03	0.11
20181001	0.14	11.86	0.1
20181002	0.0	12.86	0.11
20181003	0.0	12.76	0.1
20181004	0.0	14.63	0.1
20181005	0.02	14.75	0.11
20181006	3.53	7.62	0.12
20181007	0.0	10.54	0.12
20181008	0.0	12.57	0.11
20181009	0.0	13.74	0.11
20181010	0.51	17.29	0.11
20181011	1.51	17.31	0.11
20181012	0.0	18.51	0.11
20181013	0.39	19.68	0.11
20181014	14.1	13.4	0.12
20181015	0.69	13.33	0.16
20181016	0.02	15.57	0.15
20181017	0.89	10.48	0.14
20181018	0.0	8.94	0.16
20181019	0.0	9.19	0.13
20181020	0.0	12.3	0.12
20181021	0.24	12.13	0.12
20181022	0.0	8.99	0.12
20181023	0.0	12.79	0.11
20181024	0.03	9.13	0.12
20181025	0.42	10.55	0.12
20181026	3.55	7.16	0.13
20181027	13.79	6.11	0.18
20181028	4.08	5.55	0.25
20181029	2.18	6.11	0.22
20181030	2.69	4.51	0.2
20181031	9.54	8.48	0.18
20181101	8.59	6.28	0.39
20181102	0.08	5.5	0.31
20181103	0.0	9.13	0.22
20181104	0.07	9.59	0.18
20181105	0.06	11.53	0.17
20181106	0.72	13.03	0.16
20181107	0.08	8.52	0.16
20181108	0.12	8.83	0.15
20181109	6.89	10.28	0.16
20181110	12.36	10.11	0.27
20181111	0.43	9.92	0.43
20181112	0.09	10.68	0.27
20181113	0.01	10.03	0.22
20181114	0.08	10.53	0.19
20181115	0.16	11.57	0.18
20181116	0.41	6.44	0.17
20181117	0.13	7.47	0.16
20181118	0.12	7.85	0.16
20181119	1.72	6.68	0.16
20181120	7.32	3.41	0.17
20181121	0.54	2.51	0.2
20181122	0.03	4.48	0.2
20181123	0.0	6.91	0.19
20181124	0.02	5.79	0.18
20181125	1.69	5.93	0.17
20181126	0.71	4.0	0.17
20181127	8.09	6.82	0.18
20181128	1.62	11.26	0.27
20181129	0.02	9.91	0.31
20181130	0.01	8.11	0.23
20181201	2.28	10.14	0.21
20181202	0.1	11.41	0.21
20181203	3.33	5.82	0.21
20181204	1.9	3.52	0.2
20181205	3.58	9.14	0.23
20181206	3.36	11.57	0.26
20181207	7.54	8.52	0.46
20181208	1.26	8.8	0.51
20181209	0.1	5.1	0.33
20181210	0.04	2.44	0.27
20181211	0.08	3.06	0.23
20181212	0.05	4.33	0.21
20181213	0.0	4.18	0.2
20181214	0.01	2.73	0.19
20181215	10.12	3.34	0.24
20181216	1.58	5.36	0.35
20181217	0.03	6.26	0.32
20181218	3.51	6.6	0.31
20181219	0.71	6.46	0.33
20181220	11.61	7.6	0.31
20181221	9.43	9.13	1.07
20181222	0.78	7.11	1.39
20181223	6.39	5.01	1.12
20181224	0.05	3.04	1.04
20181225	0.15	3.94	0.68
20181226	0.0	6.7	0.56
20181227	0.0	6.99	0.47
20181228	0.0	7.6	0.4
20181229	0.16	7.24	0.35
20181230	0.0	8.73	0.33
20181231	0.0	8.21	0.3
20190101	0.28	5.99	0.28
20190102	0.88	3.19	0.26
20190103	0.11	1.14	0.26
20190104	0.04	2.59	0.24
20190105	0.01	4.21	0.24
20190106	0.0	6.15	0.23
20190107	0.04	8.29	0.22
20190108	3.04	5.37	0.22
20190109	1.46	3.61	0.23
20190110	0.32	4.43	0.23
20190111	0.03	6.98	0.22
20190112	0.13	8.74	0.22
20190113	0.2	7.1	0.22
20190114	0.14	4.21	0.21
20190115	0.0	7.4	0.21
20190116	3.8	4.85	0.23
20190117	0.08	0.57	0.23
20190118	0.08	0.85	0.21
20190119	0.0	-0.14	0.2
20190120	0.03	0.16	0.2
20190121	4.37	2.49	0.2
20190122	0.01	1.38	0.23
20190123	0.12	0.13	0.23
20190124	0.4	0.05	0.22
20190125	0.15	6.39	0.22
20190126	3.44	5.9	0.22
20190127	3.01	3.31	0.27
20190128	0.16	0.4	0.31
20190129	4.64	2.02	0.33
20190130	0.0	-1.26	0.39
20190131	0.92	-0.99	0.39
20190201	1.15	2.09	0.4
20190202	2.9	0.57	0.39
20190203	4.72	1.71	0.46
20190204	0.78	2.83	0.73
20190205	3.65	4.49	0.8
20190206	2.06	7.85	0.85
20190207	2.43	6.68	1.0
20190208	0.7	8.05	0.93
20190209	4.79	7.26	0.67
20190210	4.17	2.98	0.99
20190211	0.01	3.6	1.03
20190212	0.0	6.01	0.74
20190213	0.01	5.76	0.59
20190214	0.04	6.1	0.5
20190215	0.1	8.14	0.37
20190216	0.01	7.83	0.41
20190217	0.07	9.73	0.39
20190218	0.21	6.37	0.36
20190219	0.01	8.36	0.34
20190220	0.0	9.46	0.29
20190221	0.0	8.13	0.28
20190222	0.01	9.95	0.26
20190223	0.03	7.91	0.25
20190224	0.05	7.09	0.25
20190225	0.0	8.73	0.24
20190226	0.0	9.3	0.23
20190227	0.0	10.3	0.23
20190228	0.08	9.02	0.24
20190301	0.2	6.87	0.23
20190302	1.57	10.07	0.23
20190303	2.8	8.08	0.26
20190304	0.0	5.75	0.25
20190305	7.78	8.6	0.24
20190306	0.39	7.85	0.32
20190307	3.51	5.31	0.31
20190308	3.02	7.37	0.3
20190309	9.65	7.95	0.31
20190310	1.92	4.87	0.93
20190311	0.75	6.89	0.71
20190312	7.88	6.03	0.87
20190313	3.02	8.05	0.97
20190314	2.65	9.8	0.89
20190315	3.86	10.97	0.73
20190316	2.65	8.13	0.81
20190317	0.53	4.76	0.68
20190318	0.02	6.11	0.55
20190319	0.0	9.21	0.46
20190320	0.0	9.9	0.41
20190321	0.0	11.53	0.35
20190322	0.0	8.47	0.35
20190323	0.0	7.22	0.34
20190324	0.0	7.88	0.31
20190325	0.0	4.9	0.28
20190326	0.0	7.07	0.26
20190327	0.0	8.95	0.25
20190328	0.0	8.03	0.25
20190329	0.0	9.2	0.24
20190330	0.0	11.51	0.24
20190331	0.0	5.6	0.23
20190401	0.0	6.48	0.22
20190402	1.32	4.38	0.23
20190403	1.05	3.34	0.24
20190404	0.07	7.31	0.23
20190405	0.0	8.2	0.22
20190406	0.25	7.3	0.21
20190407	4.35	7.41	0.24
20190408	0.0	11.4	0.23
20190409	0.0	7.4	0.22
20190410	0.0	4.65	0.2
20190411	0.0	3.49	0.2
20190412	0.04	3.38	0.2
20190413	0.51	4.3	0.19
20190414	0.25	5.02	0.19
20190415	0.06	7.78	0.19
20190416	0.0	8.67	0.2
20190417	0.0	10.48	0.19
20190418	0.0	11.59	0.19
20190419	0.02	11.85	0.17
20190420	0.03	12.88	0.16
20190421	0.0	11.17	0.16
20190422	0.0	14.75	0.16
20190423	0.0	11.96	0.16
20190424	0.97	13.88	0.16
20190425	0.06	10.43	0.15
20190426	0.54	11.94	0.15
20190427	2.75	8.33	0.16
20190428	0.86	8.36	0.15
20190429	0.0	7.12	0.15
20190430	0.0	8.15	0.15
20190501	0.57	13.48	0.15
20190502	2.37	11.38	0.15
20190503	1.79	5.66	0.15
20190504	3.33	6.79	0.16
20190505	0.06	6.02	0.15
20190506	0.11	7.24	0.15
20190507	4.78	10.35	0.15
20190508	10.58	9.71	0.29
20190509	0.06	9.54	0.23
20190510	5.54	9.24	0.22
20190511	0.03	7.47	0.2
20190512	0.0	7.52	0.17
20190513	0.0	8.54	0.16
20190514	0.0	9.13	0.15
20190515	0.01	10.31	0.15
20190516	0.01	12.37	0.14
20190517	1.6	11.01	0.15
20190518	0.09	11.04	0.15
20190519	1.26	12.98	0.15
20190520	0.06	12.26	0.14
20190521	0.0	12.09	0.14
20190522	0.0	13.68	0.13
20190523	0.0	15.19	0.12
20190524	0.0	14.19	0.12
20190525	0.0	16.77	0.11
20190526	0.14	14.54	0.11
20190527	1.71	12.65	0.11
20190528	0.85	10.41	0.12
20190529	0.98	15.4	0.12
20190530	0.0	16.74	0.11
20190531	0.0	16.26	0.11
20190601	0.0	19.09	0.11
20190602	0.0	18.69	0.1
20190603	0.0	14.32	0.1
20190604	5.98	14.32	0.11
20190605	2.29	14.27	0.11
20190606	0.0	13.68	0.11
20190607	6.64	14.26	0.11
20190608	4.77	11.28	0.16
20190609	0.9	14.93	0.14
20190610	26.91	12.12	0.34
20190611	2.34	12.21	0.62
20190612	21.05	12.46	0.64
20190613	3.85	13.55	0.94
20190614	0.03	14.98	0.56
20190615	0.2	14.52	0.34
20190616	1.88	15.94	0.27
20190617	0.0	16.51	0.21
20190618	6.1	16.2	0.21
20190619	7.52	15.95	0.45
20190620	0.01	14.12	0.49
20190621	0.0	14.85	0.27
20190622	0.0	14.38	0.2
20190623	0.0	19.71	0.17
20190624	9.64	21.12	0.17
20190625	0.06	17.86	0.22
20190626	0.0	15.34	0.19
20190627	0.0	14.74	0.16
20190628	0.0	16.66	0.14
20190629	0.0	21.44	0.13
20190630	0.0	17.91	0.12
20190701	0.0	14.94	0.11
20190702	0.0	14.11	0.11
20190703	0.0	13.64	0.11
20190704	0.0	18.98	0.1
20190705	0.0	18.47	0.1
20190706	1.77	13.96	0.1
20190707	0.0	14.36	0.1
20190708	0.01	15.17	0.1
20190709	0.52	16.76	0.1
20190710	0.08	20.31	0.1
20190711	1.14	20.3	0.1
20190712	0.85	18.09	0.1
20190713	0.08	16.82	0.1
20190714	0.0	15.73	0.1
20190715	0.0	14.34	0.1
20190716	0.47	19.97	0.09
20190717	0.34	20.53	0.09
20190718	1.01	15.58	0.1
20190719	9.95	18.05	0.11
20190720	1.22	17.67	0.14
20190721	0.0	19.33	0.11
20190722	0.0	22.11	0.1
20190723	3.07	24.69	0.09
20190724	0.0	25.01	0.09
20190725	5.0	26.89	0.1
20190726	5.52	22.77	0.13
20190727	8.72	17.19	0.11
20190728	0.09	15.75	0.14
20190729	0.0	20.27	0.12
20190730	0.22	19.96	0.11
20190731	0.02	18.53	0.1
20190801	0.12	18.82	0.09
20190802	0.0	16.89	0.09
20190803	0.0	18.05	0.09
20190804	0.01	20.0	0.09
20190805	0.39	19.61	0.09
20190806	0.75	18.74	0.08
20190807	0.04	17.95	0.08
20190808	3.05	20.71	0.07
20190809	1.47	21.57	0.08
20190810	0.21	18.34	0.08
20190811	0.86	17.11	0.07
20190812	0.04	13.26	0.07
20190813	0.0	14.98	0.08
20190814	8.4	16.9	0.09
20190815	0.13	15.46	0.1
20190816	5.04	16.9	0.09
20190817	0.09	18.79	0.09
20190818	0.67	16.96	0.08
20190819	2.87	15.25	0.08
20190820	0.0	14.83	0.08
20190821	0.0	17.11	0.08
20190822	0.0	19.09	0.08
20190823	0.0	18.54	0.07
20190824	0.0	20.09	0.07
20190825	0.0	21.83	0.07
20190826	0.0	22.59	0.07
20190827	0.41	24.29	0.07
20190828	1.22	19.69	0.07
20190829	0.01	18.1	0.07
20190830	0.0	18.38	0.07
20190831	0.0	17.04	0.06
20190901	0.04	13.69	0.06
20190902	0.0	17.11	0.06
20190903	3.9	18.81	0.07
20190904	0.18	14.62	0.07
20190905	0.01	13.32	0.07
20190906	1.05	13.39	0.07
20190907	0.24	12.57	0.07
20190908	0.0	10.56	0.07
20190909	0.32	12.4	0.07
20190910	0.08	15.75	0.07
20190911	0.35	17.44	0.07
20190912	0.06	18.84	0.07
20190913	0.0	11.71	0.07
20190914	0.0	15.97	0.07
20190915	2.06	18.03	0.06
20190916	0.16	11.15	0.06
20190917	0.0	10.42	0.07
20190918	0.0	11.89	0.06
20190919	0.0	12.79	0.06
20190920	0.0	15.44	0.08
20190921	0.0	18.13	0.07
20190922	2.87	19.33	0.07
20190923	1.96	17.72	0.07
20190924	8.17	16.17	0.08
20190925	6.95	16.64	0.1
20190926	0.03	16.38	0.09
20190927	4.03	14.38	0.09
20190928	9.93	15.74	0.09
20190929	13.27	14.43	0.18
20190930	14.09	14.87	0.2
20191001	11.2	12.77	0.31
20191002	0.0	7.69	0.27
20191003	8.33	10.73	0.19
20191004	1.92	13.11	0.23
20191005	15.92	12.94	0.18
20191006	33.39	10.46	1.97
20191007	0.19	12.19	1.86
20191008	1.58	12.69	0.73
20191009	0.19	11.21	0.39
20191010	1.3	13.59	0.27
20191011	4.0	13.82	0.23
20191012	8.63	11.95	0.24
20191013	1.88	12.69	0.36
20191014	5.64	12.82	0.4
20191015	0.19	10.78	0.55
20191016	0.54	10.04	0.36
20191017	2.01	11.86	0.3
20191018	3.18	11.08	0.27
20191019	0.1	8.64	0.26
20191020	0.59	9.42	0.23
20191021	1.4	8.82	0.2
20191022	0.06	7.8	0.18
20191023	1.59	11.01	0.18
20191024	6.27	10.58	0.32
20191025	0.25	13.09	0.39
20191026	3.25	9.64	0.32
20191027	0.02	5.69	0.28
20191028	0.16	6.91	0.24
20191029	0.49	7.69	0.21
20191030	0.0	7.03	0.19
20191031	1.97	6.43	0.18
20191101	1.57	12.13	0.2
20191102	3.49	9.71	0.22
20191103	1.69	9.12	0.24
20191104	0.2	7.79	0.23
20191105	0.72	7.86	0.22
20191106	4.74	7.05	0.2
20191107	2.26	4.27	0.33
20191108	0.71	5.06	0.37
20191109	0.25	4.86	0.31
20191110	5.93	6.91	0.27
20191111	2.5	5.16	0.44
20191112	2.93	4.47	0.6
20191113	5.32	5.07	0.58
20191114	7.93	5.28	1.25
20191115	2.61	5.66	1.55
20191116	0.0	5.09	1.14
20191117	0.82	5.84	0.79
20191118	0.43	3.2	0.63
20191119	0.06	3.18	0.53
20191120	0.0	5.41	0.46
20191121	0.77	6.1	0.42
20191122	1.44	8.56	0.39
20191123	0.4	7.21	0.38
20191124	0.01	8.46	0.36
20191125	1.49	9.66	0.34
20191126	19.29	10.6	0.4
20191127	4.59	9.34	2.24
20191128	2.6	5.59	2.88
20191129	0.11	2.71	2.01
20191130	0.8	3.44	1.22
20191201	0.63	3.74	0.82
20191202	0.08	2.26	0.69
20191203	0.07	3.83	0.6
20191204	0.16	3.56	0.54
20191205	5.18	6.37	0.48
20191206	5.05	9.39	0.84
20191207	3.05	9.43	1.16
20191208	0.18	6.8	1.07
20191209	0.45	2.97	0.83
20191210	3.45	6.26	0.67
20191211	0.04	3.23	0.67
20191212	7.8	3.98	0.91
20191213	0.04	5.38	1.34
20191214	1.86	5.16	1.03
20191215	0.35	6.18	0.79
20191216	5.08	6.23	0.67
20191217	3.68	3.63	0.99
20191218	3.52	6.18	1.18
20191219	15.52	10.34	1.33
20191220	6.98	7.18	3.84
20191221	1.43	8.05	4.31
20191222	0.32	5.9	2.63
20191223	2.55	6.98	1.48
20191224	0.34	6.15	1.19
20191225	0.06	3.09	1.0
20191226	6.38	6.58	1.04
20191227	0.02	6.27	1.29
20191228	0.0	6.63	1.11
20191229	0.0	5.35	0.94
20191230	0.0	6.03	0.78
20191231	0.14	5.52	0.61
20200101	0.0	4.77	0.6
20200102	11.67	8.15	0.59
20200103	0.71	5.97	1.6
20200104	0.0	5.67	1.46
20200105	0.0	6.56	1.06
20200106	0.28	5.36	0.89
20200107	0.2	8.98	0.7
20200108	4.43	9.31	0.72
20200109	5.21	8.37	0.83
20200110	0.02	5.08	0.96
20200111	1.03	9.03	0.9
20200112	0.07	7.45	0.81
20200113	3.79	7.99	0.77
20200114	8.79	10.18	0.95
20200115	1.05	6.57	1.64
20200116	2.04	8.93	1.54
20200117	1.1	5.67	1.26
20200118	0.04	3.01	1.02
20200119	0.19	3.47	0.8
20200120	0.01	2.48	0.69
20200121	0.05	2.1	0.64
20200122	0.99	5.51	0.6
20200123	0.31	6.31	0.56
20200124	0.01	5.91	0.58
20200125	0.0	5.43	0.54
20200126	1.0	7.54	0.53
20200127	8.39	5.7	0.78
20200128	0.01	4.09	1.14
20200129	0.02	5.35	0.87
20200130	0.15	9.46	0.74
20200131	0.34	10.36	0.65
20200201	5.81	8.17	0.59
20200202	0.44	8.58	0.74
20200203	0.02	6.67	0.69
20200204	0.26	5.69	0.6
20200205	0.02	3.86	0.51
20200206	0.22	4.12	0.45
20200207	0.25	6.63	0.49
20200208	0.05	7.96	0.47
20200209	5.61	8.83	0.57
20200210	3.78	4.98	0.61
20200211	0.02	3.89	0.59
20200212	4.25	4.25	0.51
20200213	0.44	6.21	0.61
20200214	1.25	7.52	0.52
20200215	3.28	11.83	0.54
20200216	5.55	7.9	1.03
20200217	0.14	6.64	1.16
20200218	1.87	5.61	0.85
20200219	3.12	6.36	0.76
20200220	4.76	6.78	0.95
20200221	0.0	8.17	1.03
20200222	13.32	9.88	0.86
20200223	1.91	7.66	2.23
20200224	3.53	7.25	2.41
20200225	2.25	4.47	1.87
20200226	1.42	3.71	1.34
20200227	1.2	2.93	1.11
20200228	10.44	6.39	1.68
20200229	2.81	6.13	2.66
20200301	1.79	5.67	1.88
20200302	0.03	4.52	1.24
20200303	0.88	4.32	0.97
20200304	1.77	6.59	0.82
20200305	0.85	3.47	0.8
20200306	0.07	3.67	0.63
20200307	0.21	7.93	0.58
20200308	0.94	8.31	0.58
20200309	5.15	9.1	0.58
20200310	0.24	10.66	0.69
20200311	0.11	8.67	0.59
20200312	0.01	7.33	0.54
20200313	0.02	6.86	0.47
20200314	0.4	8.71	0.46
20200315	1.64	6.61	0.47
20200316	0.0	7.18	0.43
20200317	0.0	11.84	0.39
20200318	2.26	9.12	0.4
20200319	0.0	6.96	0.4
20200320	0.02	6.32	0.37
20200321	0.0	4.05	0.36
20200322	0.0	4.98	0.36
20200323	0.0	5.09	0.35
20200324	0.07	6.05	0.34
20200325	0.02	5.47	0.33
20200326	0.02	6.01	0.32
20200327	0.0	7.85	0.31
20200328	1.07	6.0	0.31
20200329	1.07	4.05	0.3
20200330	0.65	5.57	0.3
20200331	0.0	3.84	0.31
20200401	0.0	4.83	0.3
20200402	0.0	7.34	0.3
20200403	0.0	6.39	0.29
20200404	0.0	9.87	0.28
20200405	0.01	12.99	0.27
20200406	0.0	10.78	0.27
20200407	0.0	11.24	0.26
20200408	0.0	13.11	0.26
20200409	0.0	12.8	0.26
20200410	0.0	11.94	0.26
20200411	0.01	14.15	0.26
20200412	2.12	13.91	0.26
20200413	0.06	5.97	0.25
20200414	0.0	6.0	0.24
20200415	0.0	8.48	0.24
20200416	0.0	12.05	0.24
20200417	0.44	8.96	0.23
20200418	1.88	7.96	0.25
20200419	0.07	9.82	0.24
20200420	0.0	10.68	0.23
20200421	0.0	10.74	0.22
20200422	0.0	11.0	0.22
20200423	0.0	12.38	0.21
20200424	0.0	11.96	0.21
20200425	0.0	8.24	0.21
20200426	0.0	13.1	0.2
20200427	2.13	11.4	0.2
20200428	7.19	7.6	0.25
20200429	7.16	10.06	0.28
20200430	2.94	10.19	0.32
20200501	0.47	10.29	0.27
20200502	0.0	10.65	0.24
20200503	0.56	10.71	0.23
20200504	0.0	9.38	0.22
20200505	0.0	6.72	0.21
20200506	0.0	7.6	0.2
20200507	0.0	14.12	0.2
20200508	0.43	15.48	0.2
20200509	0.0	14.65	0.19
20200510	0.91	9.85	0.19
20200511	0.11	5.42	0.18
20200512	0.02	8.45	0.18
20200513	0.26	5.99	0.18
20200514	0.0	6.31	0.18
20200515	0.0	11.06	0.17
20200516	0.0	10.88	0.17
20200517	0.0	15.16	0.17
20200518	0.0	17.22	0.16
20200519	0.0	16.93	0.16
20200520	0.0	18.52	0.16
20200521	1.13	20.18	0.15
20200522	0.0	16.16	0.16
20200523	0.05	14.49	0.14
20200524	0.0	13.56	0.14
20200525	0.0	16.38	0.14
20200526	0.0	16.7	0.14
20200527	0.0	13.62	0.14
20200528	0.0	12.54	0.14
20200529	0.0	12.98	0.13
20200530	0.0	15.08	0.13
20200531	0.0	15.5	0.13
20200601	0.0	14.99	0.12
20200602	0.0	15.87	0.12
20200603	0.12	13.85	0.12
20200604	2.28	11.61	0.12
20200605	6.05	9.55	0.15
20200606	7.54	10.55	0.18
20200607	2.31	11.54	0.18
20200608	0.0	8.67	0.16
20200609	0.06	11.42	0.15
20200610	6.86	12.42	0.15
20200611	3.52	15.21	0.17
20200612	0.49	16.65	0.18
20200613	0.0	17.19	0.16
20200614	0.0	18.13	0.14
20200615	0.06	17.69	0.14
20200616	0.78	16.7	0.13
20200617	25.62	17.42	0.15
20200618	0.32	16.2	0.49
20200619	0.33	15.36	0.28
20200620	0.57	17.2	0.19
20200621	0.09	15.44	0.16
20200622	0.0	17.28	0.14
20200623	0.0	19.08	0.13
20200624	0.0	20.02	0.13
20200625	0.34	20.47	0.12
20200626	0.55	21.21	0.12
20200627	1.15	16.65	0.12
20200628	0.39	15.87	0.11
20200629	0.0	16.0	0.11
20200630	0.35	17.18	0.11
20200701	3.04	16.6	0.13
20200702	0.33	15.49	0.13
20200703	0.23	17.94	0.12
20200704	0.18	19.25	0.12
20200705	0.01	17.02	0.11
20200706	1.42	12.8	0.11
20200707	8.5	15.65	0.13
20200708	9.23	15.28	0.17
20200709	7.31	15.52	0.23
20200710	1.08	13.27	0.22
20200711	0.0	13.5	0.17
20200712	0.0	15.9	0.14
20200713	4.08	19.3	0.13
20200714	0.0	14.14	0.14
20200715	0.97	16.01	0.13
20200716	0.0	17.47	0.14
20200717	0.0	19.8	0.13
20200718	2.13	18.62	0.12
20200719	0.01	13.96	0.12
20200720	0.0	13.7	0.12
20200721	0.0	14.75	0.11
20200722	0.0	17.5	0.11
20200723	0.03	19.71	0.1
20200724	0.22	19.28	0.11
20200725	4.84	17.69	0.11
20200726	0.57	18.93	0.12
20200727	1.64	15.77	0.11
20200728	0.0	14.35	0.11
20200729	0.0	16.89	0.1
20200730	0.0	20.7	0.1
20200731	0.0	24.54	0.09
20200801	0.2	18.61	0.09
20200802	1.21	17.06	0.09
20200803	0.37	14.36	0.09
20200804	0.0	19.16	0.09
20200805	0.0	22.26	0.09
20200806	0.0	20.12	0.08
20200807	0.0	26.23	0.08
20200808	0.0	21.73	0.08
20200809	0.0	21.99	0.08
20200810	0.0	24.18	0.08
20200811	0.0	23.56	0.08
20200812	0.0	24.62	0.08
20200813	1.92	21.18	0.08
20200814	0.1	21.02	0.1
20200815	1.71	18.71	0.1
20200816	6.37	19.67	0.11
20200817	5.79	18.21	0.17
20200818	0.03	19.47	0.14
20200819	4.19	20.22	0.12
20200820	0.0	21.77	0.12
20200821	0.0	19.72	0.1
20200822	0.0	19.3	0.1
20200823	1.54	16.81	0.09
20200824	6.23	18.39	0.09
20200825	1.5	18.5	0.12
20200826	0.01	14.92	0.1
20200827	19.12	15.29	0.16
20200828	8.54	15.24	0.3
20200829	7.26	13.93	0.37
20200830	0.01	13.1	0.26
20200831	0.0	11.45	0.19
20200901	0.0	12.3	0.15
20200902	6.7	17.34	0.14
20200903	0.44	16.53	0.18
20200904	0.08	14.2	0.15
20200905	0.02	12.99	0.13
20200906	0.1	14.09	0.13
20200907	0.21	15.94	0.12
20200908	0.0	20.39	0.12
20200909	0.0	15.08	0.11
20200910	0.0	13.02	0.11
20200911	0.0	14.63	0.11
20200912	0.0	16.47	0.11
20200913	0.0	18.23	0.1
20200914	0.0	19.18	0.1
20200915	0.01	21.28	0.09
20200916	0.0	16.18	0.09
20200917	0.0	14.5	0.09
20200918	0.0	15.45	0.09
20200919	0.08	17.22	0.09
20200920	0.07	14.36	0.09
20200921	0.02	16.68	0.09
20200922	2.58	20.04	0.09
20200923	8.91	13.32	0.11
20200924	28.22	12.1	0.15
20200925	41.67	8.47	1.57
20200926	4.01	10.09	1.94
20200927	0.59	11.37	0.93
20200928	1.37	11.88	0.43
20200929	4.32	11.38	0.37
20200930	7.04	14.34	0.36
20201001	0.96	10.61	0.48
20201002	3.7	13.71	0.43
20201003	5.98	11.77	0.44
20201004	6.68	10.06	0.56
20201005	4.91	12.27	0.73
20201006	5.28	12.56	0.93
20201007	8.8	12.92	0.87
20201008	3.11	11.25	1.16
20201009	1.89	8.68	1.07
20201010	2.42	8.89	0.79
20201011	1.82	9.07	0.65
20201012	2.59	10.41	0.54
20201013	2.34	9.47	0.54
20201014	5.87	9.91	0.64
20201015	1.87	9.85	0.82
20201016	0.29	10.28	0.77
20201017	1.07	9.22	0.63
20201018	0.79	10.11	0.47
20201019	1.57	11.86	0.44
20201020	6.25	14.5	0.46
20201021	5.32	13.05	0.84
20201022	0.1	11.53	1.16
20201023	1.44	10.6	0.81
20201024	9.6	11.56	0.7
20201025	0.04	9.32	1.04
20201026	1.24	8.42	0.9
20201027	2.85	9.33	0.74
20201028	1.02	9.55	0.7
20201029	5.45	11.6	0.72
20201030	0.54	14.57	0.9
20201031	2.93	12.1	0.83
20201101	0.18	15.13	0.8
20201102	3.84	11.44	0.68
20201103	1.32	4.97	0.59
20201104	0.06	5.51	0.54
20201105	0.0	5.9	0.44
20201106	0.08	7.54	0.45
20201107	0.07	10.04	0.43
20201108	1.35	13.13	0.41
20201109	4.45	13.12	0.5
20201110	0.15	11.62	0.88
20201111	3.51	10.38	0.89
20201112	0.1	9.68	0.85
20201113	1.2	10.0	0.73
20201114	12.77	12.68	0.67
20201115	2.27	9.6	2.22
20201116	1.96	10.74	2.46
20201117	0.01	12.51	1.47
20201118	0.23	11.04	1.08
20201119	0.56	4.0	0.83
20201120	0.42	6.19	0.66
20201121	0.64	8.58	0.56
20201122	0.08	4.6	0.54
20201123	0.12	5.93	0.49
20201124	0.03	8.67	0.47
20201125	0.39	5.69	0.45
20201126	0.23	2.56	0.41
20201127	0.07	4.63	0.38
20201128	0.0	7.74	0.38
20201129	0.28	6.4	0.36
20201130	2.69	6.94	0.36
20201201	0.05	4.73	0.37
20201202	0.62	3.66	0.36
20201203	17.83	3.95	0.65
20201204	3.31	2.55	2.64
20201205	0.21	3.21	2.55
20201206	0.11	1.84	1.43
20201207	0.12	-1.39	1.02
20201208	5.55	0.7	0.82
20201209	0.08	4.39	1.02
20201210	3.42	5.7	1.03
20201211	1.7	6.57	1.16
20201212	0.98	4.37	1.18
20201213	3.87	6.6	1.04
20201214	2.2	8.83	1.18
20201215	0.19	7.99	1.22
20201216	0.4	7.26	1.05
20201217	0.15	8.15	0.89
20201218	0.49	10.21	0.78
20201219	0.59	9.06	0.73
20201220	1.73	6.93	0.6
20201221	8.14	9.39	0.92
20201222	1.68	7.15	1.28
20201223	43.59	7.36	4.21
20201224	8.02	3.42	11.17
20201225	0.23	2.07	7.78
20201226	5.95	6.22	5.06
20201227	0.42	2.97	4.24
20201228	0.44	2.92	2.88
20201229	0.14	1.36	1.77
20201230	0.02	-0.36	1.39
20201231	0.1	-1.41	1.2
20210101	0.24	1.81	1.06
20210102	0.91	1.84	0.97
20210103	3.46	3.13	0.97
20210104	2.05	3.17	1.12
20210105	10.63	3.54	1.85
20210106	0.84	2.17	3.32
20210107	0.12	0.5	2.33
20210108	0.13	-1.39	1.42
20210109	0.05	-0.74	1.14
20210110	0.13	1.99	1.01
20210111	3.72	6.45	0.96
20210112	0.13	2.15	1.02
20210113	13.43	1.45	1.03
20210114	4.34	1.6	3.31
20210115	3.08	1.41	3.4
20210116	6.71	2.31	2.46
20210117	0.09	3.65	2.73
20210118	8.91	6.72	2.19
20210119	0.79	10.23	3.43
20210120	1.02	6.69	2.75
20210121	0.0	3.97	1.68
20210122	0.86	3.01	1.26
20210123	0.14	-0.91	1.1
20210124	0.47	-0.18	0.97
20210125	0.16	0.73	0.85
20210126	2.77	2.54	0.81
20210127	13.01	5.72	0.92
20210128	8.06	7.96	3.12
20210129	0.9	6.3	4.16
20210130	0.01	1.37	2.61
20210131	0.94	2.91	1.49
20210201	6.23	1.44	1.23
20210202	2.81	7.93	1.96
20210203	0.1	5.1	1.95
20210204	3.58	6.74	1.47
20210205	3.44	6.99	1.47
20210206	5.23	3.11	1.7
20210207	3.83	-1.21	1.8
20210208	1.71	-1.16	1.56
20210209	2.33	-1.32	1.47
20210210	0.94	-2.23	1.39
20210211	0.13	-1.71	1.24
20210212	0.07	-1.71	1.09
20210213	0.0	-0.35	0.97
20210214	6.62	2.1	1.0
20210215	1.03	6.82	2.25
20210216	0.6	7.15	2.11
20210217	0.51	9.19	1.47
20210218	2.21	6.36	1.3
20210219	0.0	8.99	1.16
20210220	0.0	11.06	1.05
20210221	0.0	9.75	0.93
20210222	0.96	9.3	0.84
20210223	0.0	10.2	0.72
20210224	0.01	12.37	0.72
20210225	0.02	5.54	0.67
20210226	0.05	5.34	0.61
20210227	0.1	4.89	0.58
20210228	0.06	5.17	0.58
20210301	0.02	4.38	0.57
20210302	0.0	4.93	0.56
20210303	9.28	3.47	0.68
20210304	0.55	3.3	0.92
20210305	0.0	3.09	0.73
20210306	0.0	3.0	0.67
20210307	0.0	4.44	0.6
20210308	0.33	6.07	0.61
20210309	4.02	7.96	0.59
20210310	7.22	8.41	1.04
20210311	1.33	7.7	1.19
20210312	2.64	7.32	1.02
20210313	0.98	6.67	0.93
20210314	3.57	7.52	0.78
20210315	1.99	5.45	0.71
20210316	1.01	7.55	0.76
20210317	1.37	6.62	0.73
20210318	4.63	4.95	0.82
20210319	0.0	5.63	0.98
20210320	0.0	7.36	0.89
20210321	0.0	4.55	0.77
20210322	0.0	5.25	0.69
20210323	0.0	7.3	0.63
20210324	0.07	7.34	0.59
20210325	0.76	10.38	0.57
20210326	2.14	7.84	0.58
20210327	0.0	8.25	0.52
20210328	0.0	11.3	0.49
20210329	0.0	11.26	0.46
20210330	0.0	13.42	0.45
20210331	0.0	13.64	0.45
20210401	0.0	7.21	0.43
20210402	0.0	6.11	0.41
20210403	0.0	6.18	0.41
20210404	0.39	8.19	0.41
20210405	0.09	2.41	0.41
20210406	0.39	2.53	0.39
20210407	0.0	4.26	0.38
20210408	0.0	9.25	0.38
20210409	1.5	6.57	0.39
20210410	0.02	3.34	0.39
20210411	0.58	3.04	0.38
20210412	0.08	4.12	0.36
20210413	0.0	5.78	0.36
20210414	0.23	3.92	0.35
20210415	0.43	3.52	0.36
20210416	0.02	4.49	0.35
20210417	0.0	4.94	0.35
20210418	0.04	7.32	0.35
20210419	0.0	7.82	0.34
20210420	0.0	8.8	0.34
20210421	0.02	5.15	0.33
20210422	0.0	4.95	0.32
20210423	0.0	7.05	0.32
20210424	0.0	7.97	0.31
20210425	0.0	7.79	0.31
20210426	0.0	5.45	0.31
20210427	0.01	9.52	0.31
20210428	0.0	8.84	0.31
20210429	0.13	5.94	0.27
20210430	0.69	5.44	0.27
20210501	4.45	4.98	0.29
20210502	0.95	8.98	0.29
20210503	7.34	9.5	0.33
20210504	4.42	6.88	0.42
20210505	2.65	6.01	0.36
20210506	2.49	5.07	0.34
20210507	4.85	8.91	0.31
20210508	8.19	11.81	0.64
20210509	7.25	15.11	0.52
20210510	0.02	11.58	0.61
20210511	0.06	12.1	0.43
20210512	0.01	11.44	0.36
20210513	0.47	11.47	0.32
20210514	1.48	9.53	0.31
20210515	1.79	9.2	0.32
20210516	0.6	11.96	0.31
20210517	1.03	9.38	0.29
20210518	10.36	11.35	0.33
20210519	1.95	10.45	0.43
20210520	1.0	11.69	0.38
20210521	7.58	10.38	0.43
20210522	1.18	7.88	0.49
20210523	4.6	10.14	0.43
20210524	5.19	10.68	0.5
20210525	1.07	9.24	0.68
20210526	0.73	9.37	0.53
20210527	0.01	10.71	0.43
20210528	0.05	12.36	0.32
20210529	0.0	13.24	0.32
20210530	0.0	12.04	0.29
20210531	0.0	14.21	0.27
20210601	0.0	16.32	0.26
20210602	0.05	17.39	0.24
20210603	0.0	18.15	0.23
20210604	10.3	14.99	0.25
20210605	0.0	14.42	0.27
20210606	0.13	16.62	0.24
20210607	0.0	16.28	0.22
20210608	0.0	17.31	0.2
20210609	0.0	19.81	0.19
20210610	0.0	19.36	0.19
20210611	0.0	18.77	0.18
20210612	0.0	14.53	0.17
20210613	0.0	19.43	0.17
20210614	0.0	19.02	0.17
20210615	0.0	16.28	0.16
20210616	4.93	22.23	0.16
20210617	6.63	16.85	0.18
20210618	10.37	12.83	0.34
20210619	9.04	13.05	0.33
20210620	0.31	11.55	0.43
20210621	0.01	12.97	0.33
20210622	0.0	10.51	0.25
20210623	0.0	12.63	0.22
20210624	2.13	17.6	0.21
20210625	0.2	16.08	0.21
20210626	0.35	17.23	0.2
20210627	1.2	16.83	0.19
20210628	0.03	14.61	0.2
20210629	0.75	14.26	0.2
20210630	0.14	12.75	0.2
20210701	0.05	14.69	0.19
20210702	4.95	18.08	0.19
20210703	1.58	18.42	0.23
20210704	2.25	17.95	0.23
20210705	7.42	17.81	0.21
20210706	2.19	15.36	0.28
20210707	0.01	16.71	0.2
20210708	5.48	17.52	0.25
20210709	6.52	17.98	0.24
20210710	1.12	15.79	0.29
20210711	1.72	17.54	0.23
20210712	0.19	17.24	0.2
20210713	0.0	17.18	0.19
20210714	0.0	16.25	0.18
20210715	0.0	14.34	0.18
20210716	0.0	16.9	0.17
20210717	0.0	20.04	0.16
20210718	0.0	20.94	0.15
20210719	0.0	18.8	0.14
20210720	0.03	20.01	0.14
20210721	0.0	19.28	0.14
20210722	0.0	18.15	0.14
20210723	0.0	15.71	0.14
20210724	0.53	19.09	0.14
20210725	12.54	18.73	0.36
20210726	0.0	18.66	0.27
20210727	14.26	17.72	0.29
20210728	4.68	16.62	0.3
20210729	4.74	16.8	0.26
20210730	6.19	16.47	0.27
20210731	0.94	17.0	0.27
20210801	0.07	13.36	0.23
20210802	0.0	15.24	0.2
20210803	0.01	14.49	0.18
20210804	0.0	16.22	0.17
20210805	4.98	19.1	0.17
20210806	1.14	17.26	0.19
20210807	5.65	16.65	0.19
20210808	3.4	15.48	0.18
20210809	3.81	15.97	0.19
20210810	0.27	17.72	0.19
20210811	0.0	19.3	0.17
20210812	0.01	18.54	0.16
20210813	0.0	18.44	0.15
20210814	0.0	18.71	0.14
20210815	0.0	18.18	0.14
20210816	0.59	14.09	0.14
20210817	0.09	15.68	0.14
20210818	0.0	17.19	0.15
20210819	0.52	17.5	0.14
20210820	0.0	17.1	0.14
20210821	0.53	18.32	0.14
20210822	6.35	17.21	0.17
20210823	0.05	15.28	0.16
20210824	0.0	16.43	0.15
20210825	0.05	16.17	0.14
20210826	0.15	15.07	0.14
20210827	0.21	15.72	0.14
20210828	0.29	14.28	0.13
20210829	0.02	16.0	0.13
20210830	0.01	15.13	0.14
20210831	0.02	15.23	0.14
20210901	0.0	15.45	0.14
20210902	0.0	16.12	0.14
20210903	0.0	16.66	0.14
20210904	0.0	15.8	0.13
20210905	0.0	16.9	0.13
20210906	0.0	20.08	0.13
20210907	0.0	20.86	0.12
20210908	0.14	21.13	0.12
20210909	0.0	20.53	0.11
20210910	4.99	20.02	0.13
20210911	0.07	17.81	0.13
20210912	0.0	15.84	0.13
20210913	0.07	15.77	0.12
20210914	8.06	16.26	0.15
20210915	0.01	14.21	0.15
20210916	0.0	17.25	0.14
20210917	0.04	15.98	0.13
20210918	0.0	19.33	0.13
20210919	3.35	18.08	0.13
20210920	3.11	13.91	0.15
20210921	0.0	15.02	0.14
20210922	0.02	15.95	0.13
20210923	0.0	16.39	0.12
20210924	0.0	18.79	0.12
20210925	0.02	18.63	0.12
20210926	0.31	17.68	0.12
20210927	2.48	12.4	0.13
20210928	6.89	13.7	0.14
20210929	0.03	9.98	0.16
20210930	3.23	13.65	0.14
20211001	0.18	11.81	0.15
20211002	12.23	12.88	0.21
20211003	0.12	12.64	0.22
20211004	21.11	13.86	0.19
20211005	6.32	11.97	0.45
20211006	0.05	10.4	0.36
20211007	0.01	15.54	0.27
20211008	0.04	11.64	0.23
20211009	0.07	12.41	0.2
20211010	0.11	10.34	0.19
20211011	0.0	11.07	0.18
20211012	0.97	8.1	0.17
20211013	0.01	11.99	0.17
20211014	0.29	12.19	0.16
20211015	0.01	8.8	0.16
20211016	0.0	11.73	0.16
20211017	0.0	12.32	0.16
20211018	2.73	14.91	0.16
20211019	17.33	17.11	0.18
20211020	13.49	12.17	0.45
20211021	0.09	7.1	0.61
20211022	1.37	9.94	0.43
20211023	0.01	10.82	0.31
20211024	0.0	11.49	0.22
20211025	0.73	11.24	0.23
20211026	0.0	13.14	0.21
20211027	0.09	13.71	0.2
20211028	0.0	14.01	0.19
20211029	1.59	11.63	0.18
20211030	1.96	9.9	0.19
20211031	3.78	10.84	0.21
20211101	0.08	7.03	0.2
20211102	0.07	5.66	0.19
20211103	6.98	5.92	0.23
20211104	1.76	6.02	0.24
20211105	0.0	6.98	0.23
20211106	0.31	9.44	0.21
20211107	0.09	6.27	0.2
20211108	0.02	8.22	0.19
20211109	0.88	12.55	0.19
20211110	0.24	10.85	0.19
20211111	0.43	10.32	0.19
20211112	1.53	11.78	0.19
20211113	1.06	10.75	0.2
20211114	0.02	11.08	0.2
20211115	0.0	8.8	0.19
20211116	0.03	8.58	0.19
20211117	0.0	7.54	0.18
20211118	0.16	9.77	0.18
20211119	0.0	10.41	0.18
20211120	0.33	6.79	0.17
20211121	3.14	6.0	0.18
20211122	0.02	5.83	0.18
20211123	0.06	4.21	0.18
20211124	0.51	4.29	0.18
20211125	2.3	3.73	0.18
20211126	2.15	3.83	0.2
20211127	13.73	4.46	0.29
20211128	1.1	1.75	0.71
20211129	0.93	4.42	0.57
20211130	1.07	8.52	0.44
20211201	4.02	4.52	0.39
20211202	1.13	1.79	0.39
20211203	2.42	3.64	0.38
20211204	3.27	4.44	0.41
20211205	1.81	4.17	0.5
20211206	5.53	2.38	0.74
20211207	5.19	3.44	0.98
20211208	2.62	5.12	1.04
20211209	11.36	4.2	0.91
20211210	0.09	2.74	2.05
20211211	4.11	5.97	1.65
20211212	0.06	11.15	1.21
20211213	0.01	9.83	0.97
20211214	0.08	9.96	0.76
20211215	0.05	8.51	0.61
20211216	0.09	5.2	0.51
20211217	0.54	5.32	0.44
20211218	0.4	3.91	0.42
20211219	0.62	4.29	0.41
20211220	0.01	4.28	0.4
20211221	0.0	1.42	0.38
20211222	1.43	1.25	0.36
20211223	1.09	6.65	0.38
20211224	4.09	5.92	0.39
20211225	2.15	3.52	0.49
20211226	2.89	5.43	0.68
20211227	2.69	7.78	0.87
20211228	6.94	7.36	1.61
20211229	1.7	10.43	1.77
20211230	2.5	13.49	1.27
20211231	1.21	12.41	1.13
20220101	0.41	12.38	1.03
20220102	3.98	9.66	0.95
20220103	0.53	6.96	0.99
20220104	0.89	2.05	0.86
20220105	0.03	0.9	0.67
20220106	2.0	1.79	0.59
20220107	1.85	2.45	0.59
20220108	5.09	5.28	0.9
20220109	0.04	2.88	1.08
20220110	0.35	4.24	0.79
20220111	0.04	3.73	0.68
20220112	0.22	3.58	0.63
20220113	0.11	3.38	0.59
20220114	0.17	3.04	0.55
20220115	0.0	3.57	0.53
20220116	0.0	3.89	0.48
20220117	0.07	3.61	0.42
20220118	0.15	4.59	0.4
20220119	0.55	4.76	0.41
20220120	1.34	1.37	0.39
20220121	0.01	1.91	0.36
20220122	0.17	3.3	0.35
20220123	0.0	4.81	0.34
20220124	0.0	3.64	0.29
20220125	0.0	1.72	0.32
20220126	0.0	5.34	0.32
20220127	0.02	5.61	0.32
20220128	0.04	5.48	0.3
20220129	0.0	6.35	0.3
20220130	0.37	3.87	0.29
20220131	0.62	4.38	0.29
20220201	0.09	10.45	0.28
20220202	0.09	8.98	0.28
20220203	3.13	6.95	0.28
20220204	3.25	3.69	0.39
20220205	3.58	6.57	0.34
20220206	1.93	4.78	0.44
20220207	0.0	5.68	0.43
20220208	0.0	10.48	0.4
20220209	0.35	7.77	0.38
20220210	0.01	2.98	0.36
20220211	0.1	4.11	0.33
20220212	0.0	6.4	0.31
20220213	6.09	7.63	0.36
20220214	1.94	5.34	0.49
20220215	7.81	8.45	0.86
20220216	0.76	10.6	1.18
20220217	0.77	8.01	0.88
20220218	0.75	6.62	0.7
20220219	9.45	5.54	0.82
20220220	8.83	7.21	1.73
20220221	1.67	7.07	2.57
20220222	1.03	7.26	1.52
20220223	4.62	7.09	1.06
20220224	1.64	4.53	1.15
20220225	0.02	4.04	1.02
20220226	0.0	6.24	0.81
20220227	0.01	5.23	0.69
20220228	5.55	9.18	0.63
20220301	1.48	6.79	0.67
20220302	0.88	6.72	0.67
20220303	0.0	7.86	0.65
20220304	4.61	7.3	0.59
20220305	1.07	4.47	0.67
20220306	0.11	4.28	0.69
20220307	0.07	3.76	0.64
20220308	0.0	5.86	0.54
20220309	0.02	7.94	0.5
20220310	0.0	10.02	0.45
20220311	0.92	9.82	0.45
20220312	0.01	9.48	0.42
20220313	0.82	7.51	0.39
20220314	0.19	8.25	0.36
20220315	0.02	10.11	0.34
20220316	5.66	6.48	0.38
20220317	0.01	7.54	0.38
20220318	0.16	9.73	0.33
20220319	0.0	7.18	0.32
20220320	0.01	3.97	0.32
20220321	0.0	8.13	0.31
20220322	0.0	9.94	0.3
20220323	0.02	9.64	0.29
20220324	0.0	9.16	0.28
20220325	0.0	8.85	0.27
20220326	0.0	10.02	0.27
20220327	0.06	7.53	0.27
20220328	0.01	9.24	0.27
20220329	0.06	6.3	0.27
20220330	3.91	4.34	0.3
20220331	1.42	3.69	0.3
20220401	0.96	2.83	0.28
20220402	0.12	2.53	0.26
20220403	1.86	7.28	0.25
20220404	0.3	10.66	0.27
20220405	0.1	11.34	0.27
20220406	0.88	10.61	0.27
20220407	3.14	5.63	0.28
20220408	0.0	4.85	0.27
20220409	0.0	5.18	0.25
20220410	0.0	7.9	0.24
20220411	0.0	10.33	0.24
20220412	0.0	12.61	0.23
20220413	0.66	12.31	0.23
20220414	0.0	12.76	0.22
20220415	0.0	10.64	0.22
20220416	0.0	9.5	0.21
20220417	0.0	10.64	0.21
20220418	0.0	9.39	0.2
20220419	0.0	10.22	0.2
20220420	0.0	10.3	0.2
20220421	0.0	11.97	0.19
20220422	0.0	11.03	0.19
20220423	0.0	11.01	0.19
20220424	0.0	9.77	0.18
20220425	0.0	8.16	0.18
20220426	0.0	9.98	0.18
20220427	0.0	8.83	0.17
20220428	0.0	9.02	0.17
20220429	0.0	5.86	0.17
20220430	0.0	11.04	0.17
20220501	0.0	11.92	0.17
20220502	0.0	12.35	0.16
20220503	0.0	10.33	0.16
20220504	3.49	11.31	0.17
20220505	0.01	13.0	0.18
20220506	1.31	16.77	0.16
20220507	0.14	11.19	0.16
20220508	0.0	8.27	0.16
20220509	0.12	16.75	0.15
20220510	0.29	15.96	0.15
20220511	3.87	9.55	0.17
20220512	0.0	13.84	0.17
20220513	0.0	13.27	0.15
20220514	0.0	15.24	0.14
20220515	0.32	14.77	0.14
20220516	0.01	16.51	0.14
20220517	0.0	17.69	0.13
20220518	2.85	17.9	0.13
20220519	0.08	15.52	0.14
20220520	2.66	12.89	0.15
20220521	0.0	13.57	0.14
20220522	0.01	15.45	0.13
20220523	6.96	13.53	0.16
20220524	1.03	12.49	0.16
20220525	0.03	13.93	0.14
20220526	0.35	15.12	0.14
20220527	0.0	12.27	0.13
20220528	0.28	10.42	0.13
20220529	0.33	8.1	0.13
20220530	0.48	11.58	0.13
20220531	3.34	10.63	0.14
20220601	0.74	10.19	0.14
20220602	0.0	12.68	0.13
20220603	0.0	15.39	0.12
20220604	3.12	13.55	0.12
20220605	4.26	11.82	0.14
20220606	1.3	12.25	0.18
20220607	6.46	16.22	0.16
20220608	2.56	15.37	0.2
20220609	0.21	17.31	0.17
20220610	0.0	16.75	0.14
20220611	0.0	16.08	0.13
20220612	0.0	14.77	0.12
20220613	0.0	14.22	0.11
20220614	0.0	15.78	0.11
20220615	0.0	16.22	0.11
20220616	0.0	21.04	0.1
20220617	0.0	23.12	0.09
20220618	4.24	13.06	0.1
20220619	0.0	13.59	0.11
20220620	0.0	13.1	0.1
20220621	0.0	15.77	0.1
20220622	0.0	16.43	0.1
20220623	0.0	19.57	0.1
20220624	0.15	18.47	0.09
20220625	0.2	15.7	0.09
20220626	0.0	15.76	0.09
20220627	2.64	14.76	0.1
20220628	0.0	16.57	0.09
20220629	2.65	17.05	0.09
20220630	0.15	13.7	0.1
20220701	0.13	16.16	0.09
20220702	0.53	16.99	0.09
20220703	0.1	15.15	0.09
20220704	0.0	14.73	0.09
20220705	0.0	14.39	0.09
20220706	0.04	18.85	0.09
20220707	0.0	16.01	0.09
20220708	0.0	20.1	0.08
20220709	0.0	17.03	0.08
20220710	0.0	19.37	0.08
20220711	0.0	22.05	0.08
20220712	0.02	22.64	0.08
20220713	0.0	17.92	0.08
20220714	0.0	15.83	0.08
20220715	0.0	17.48	0.08
20220716	0.0	18.56	0.08
20220717	0.0	21.84	0.07
20220718	0.0	27.42	0.07
20220719	0.01	28.19	0.06
20220720	0.04	23.39	0.06
20220721	0.0	17.0	0.07
20220722	0.0	16.74	0.07
20220723	0.08	22.33	0.07
20220724	0.37	24.14	0.07
20220725	0.24	18.49	0.06
20220726	0.11	15.78	0.07
20220727	0.0	17.45	0.07
20220728	0.0	16.26	0.07
20220729	0.0	18.26	0.07
20220730	2.6	22.21	0.07
20220731	0.28	19.79	0.08
20220801	0.0	21.78	0.08
20220802	0.0	23.71	0.07
20220803	0.0	22.38	0.06
20220804	0.0	18.76	0.06
20220805	0.0	15.6	0.06
20220806	0.0	16.27	0.07
20220807	0.0	18.11	0.07
20220808	0.0	18.48	0.07
20220809	0.0	18.32	0.06
20220810	0.05	19.9	0.06
20220811	0.0	22.53	0.06
20220812	0.02	22.87	0.06
20220813	0.0	23.03	0.06
20220814	0.0	23.33	0.06
20220815	0.0	21.69	0.06
20220816	0.84	21.85	0.06
20220817	2.13	19.77	0.08
20220818	0.39	21.33	0.08
20220819	0.0	17.38	0.07
20220820	0.0	18.56	0.06
20220821	0.0	18.44	0.06
20220822	0.0	20.8	0.07
20220823	0.0	22.53	0.07
20220824	3.32	23.43	0.07
20220825	1.06	16.06	0.08
20220826	0.0	17.12	0.08
20220827	0.0	16.41	0.07
20220828	0.08	17.62	0.07
20220829	0.04	17.47	0.07
20220830	0.0	17.6	0.07
20220831	0.0	17.88	0.07
20220901	0.0	18.65	0.06
20220902	0.0	20.35	0.06
20220903	0.01	20.23	0.06
20220904	0.07	21.77	0.06
20220905	4.16	20.72	0.07
20220906	0.34	18.79	0.08
20220907	10.12	18.6	0.09
20220908	2.26	16.99	0.12
20220909	2.42	16.73	0.1
20220910	1.44	16.88	0.11
20220911	0.04	18.66	0.08
20220912	0.73	19.75	0.08
20220913	0.0	15.78	0.08
20220914	0.01	15.9	0.08
20220915	0.27	12.42	0.07
20220916	5.04	10.85	0.08
20220917	0.01	11.81	0.08
20220918	0.08	11.32	0.08
20220919	0.0	10.95	0.08
20220920	0.0	12.71	0.08
20220921	0.0	15.16	0.08
20220922	1.7	16.68	0.08
20220923	0.49	13.03	0.1
20220924	1.06	11.91	0.09
20220925	2.66	12.92	0.08
20220926	2.2	9.46	0.09
20220927	0.25	8.93	0.09
20220928	1.51	9.14	0.09
20220929	0.04	10.84	0.09
20220930	12.63	12.03	0.11
