date	precipitation	temperature	discharge_spec
19980502	0.0	9.18	0.82
19980503	0.14	6.7	0.74
19980504	2.13	9.05	0.71
19980505	7.51	8.99	0.9
19980506	2.78	10.37	1.2
19980507	3.3	11.31	1.2
19980508	0.03	12.89	0.89
19980509	0.02	9.95	0.72
19980510	5.2	10.39	0.65
19980511	1.27	10.22	0.65
19980512	0.01	14.48	0.61
19980513	1.77	18.69	0.55
19980514	0.04	15.95	0.51
19980515	0.0	14.2	0.49
19980516	0.0	12.33	0.45
19980517	0.0	13.73	0.41
19980518	0.0	14.03	0.37
19980519	0.0	13.8	0.35
19980520	0.0	14.89	0.32
19980521	0.0	10.69	0.31
19980522	0.94	12.14	0.31
19980523	1.05	10.91	0.33
19980524	0.08	12.01	0.32
19980525	1.94	10.98	0.31
19980526	3.87	7.28	0.34
19980527	0.63	7.15	0.32
19980528	0.09	11.14	0.28
19980529	0.01	10.95	0.26
19980530	0.62	13.63	0.25
19980531	0.41	12.02	0.24
19980601	21.7	13.06	0.29
19980602	13.25	9.61	1.23
19980603	0.49	8.43	0.66
19980604	0.02	11.9	0.48
19980605	4.13	13.18	0.44
19980606	5.43	13.07	0.49
19980607	1.87	11.68	0.47
19980608	13.79	12.97	0.8
19980609	4.81	12.25	1.4
19980610	26.22	10.15	3.02
19980611	0.04	8.21	3.6
19980612	3.31	9.8	1.72
19980613	8.68	11.58	2.49
19980614	0.45	10.5	2.12
19980615	5.88	10.08	1.68
19980616	0.98	11.13	1.86
19980617	11.69	12.36	1.83
19980618	0.68	15.36	2.53
19980619	0.0	17.96	1.53
19980620	0.84	18.41	1.31
19980621	0.37	14.3	1.12
19980622	1.67	13.56	1.0
19980623	4.05	16.12	0.92
19980624	2.25	13.68	0.89
19980625	5.63	13.56	0.76
19980626	13.5	11.89	1.61
19980627	4.52	12.11	3.62
19980628	0.93	13.38	1.42
19980629	0.12	12.05	1.08
19980630	0.22	12.34	0.91
19980701	0.07	13.89	0.79
19980702	0.0	13.82	0.71
19980703	0.28	13.48	0.64
19980704	0.13	15.03	0.6
19980705	0.98	13.49	0.57
19980706	0.23	12.13	0.53
19980707	0.12	12.17	0.47
19980708	2.29	14.27	0.45
19980709	0.25	12.74	0.45
19980710	3.17	13.8	0.43
19980711	3.67	13.89	0.41
19980712	2.81	12.47	0.46
19980713	5.71	11.82	0.56
19980714	1.13	12.39	0.51
19980715	0.06	12.97	0.42
19980716	3.34	14.26	0.37
19980717	1.91	13.02	0.38
19980718	0.83	13.77	0.35
19980719	1.75	15.62	0.33
19980720	8.75	14.79	0.4
19980721	2.46	13.54	0.42
19980722	6.65	14.5	0.45
19980723	1.08	11.93	0.52
19980724	0.44	11.27	0.41
19980725	3.86	14.12	0.35
19980726	4.38	13.0	0.42
19980727	0.27	15.2	0.41
19980728	2.04	14.6	0.36
19980729	5.89	13.75	0.34
19980730	9.03	12.98	0.85
19980731	1.03	12.39	0.93
19980801	2.11	13.42	0.58
19980802	6.48	15.15	0.51
19980803	3.52	13.42	1.04
19980804	0.0	14.94	0.66
19980805	0.0	14.75	0.5
19980806	0.02	15.81	0.46
19980807	0.0	16.03	0.4
19980808	0.0	19.17	0.36
19980809	0.0	19.51	0.34
19980810	0.0	16.93	0.31
19980811	0.71	16.95	0.3
19980812	0.4	13.56	0.3
19980813	1.08	14.39	0.29
19980814	2.89	13.31	0.31
19980815	0.0	14.09	0.3
19980816	3.99	15.18	0.28
19980817	0.52	13.22	0.31
19980818	0.0	11.63	0.29
19980819	0.07	14.95	0.26
19980820	8.73	13.86	0.29
19980821	0.78	12.71	0.39
19980822	3.18	12.04	0.29
19980823	25.02	14.21	1.57
19980824	0.52	10.95	1.15
19980825	4.52	13.95	0.6
19980826	0.12	10.43	0.56
19980827	0.0	12.47	0.45
19980828	0.09	11.76	0.39
19980829	0.0	12.47	0.37
19980830	0.0	15.2	0.34
19980831	2.78	15.27	0.33
19980901	2.49	14.87	0.35
19980902	0.72	15.09	0.33
19980903	0.04	12.44	0.32
19980904	2.92	14.43	0.33
19980905	0.06	14.96	0.32
19980906	0.81	15.65	0.3
19980907	6.98	15.78	0.31
19980908	11.91	15.15	0.52
19980909	10.84	14.1	2.25
19980910	9.66	10.36	2.2
19980911	9.28	9.18	1.95
19980912	26.5	8.05	7.0
19980913	6.15	9.83	5.39
19980914	1.61	10.1	4.16
19980915	2.14	11.35	2.78
19980916	0.14	10.76	2.07
19980917	0.63	13.61	1.65
19980918	0.28	12.98	1.36
19980919	0.06	13.81	1.14
19980920	0.0	15.82	0.99
19980921	0.01	13.29	0.87
19980922	0.0	13.21	0.79
19980923	0.0	13.33	0.72
19980924	0.0	13.42	0.67
19980925	0.03	13.59	0.59
19980926	0.75	13.83	0.59
19980927	0.02	13.24	0.57
19980928	0.01	10.11	0.53
19980929	11.85	12.27	0.52
19980930	20.42	12.04	2.84
19981001	6.05	12.38	2.29
19981002	0.01	7.03	1.52
19981003	0.02	8.71	1.22
19981004	0.51	8.49	1.08
19981005	0.39	9.36	0.96
19981006	0.2	6.92	0.91
19981007	0.0	7.83	0.84
19981008	0.0	6.84	0.76
19981009	5.87	11.14	0.84
19981010	4.92	10.5	0.93
19981011	2.03	9.88	0.98
19981012	0.74	10.09	0.78
19981013	11.0	13.31	1.0
19981014	0.09	10.11	1.57
19981015	3.28	8.36	1.0
19981016	16.01	11.07	3.54
19981017	10.59	4.31	4.58
19981018	2.5	5.87	2.91
19981019	6.46	6.97	2.48
19981020	15.12	9.85	4.48
19981021	3.52	13.73	6.1
19981022	26.93	12.54	9.41
19981023	3.05	7.85	9.41
19981024	32.11	9.16	18.87
19981025	3.21	6.4	9.5
19981026	34.07	9.28	7.75
19981027	9.01	9.88	16.46
19981028	4.93	7.33	8.19
19981029	10.27	6.51	6.32
19981030	3.89	6.75	6.08
19981031	4.54	5.34	4.87
19981101	5.76	5.59	4.66
19981102	18.08	6.18	8.42
19981103	5.84	3.25	7.49
19981104	2.01	3.88	5.68
19981105	1.19	6.8	4.29
19981106	0.17	7.03	3.15
19981107	13.46	9.36	3.4
19981108	8.26	11.7	5.42
19981109	2.54	8.51	4.29
19981110	0.01	5.12	2.96
19981111	3.39	6.71	2.6
19981112	5.1	5.99	2.85
19981113	11.49	4.53	3.62
19981114	5.35	5.82	6.09
19981115	1.81	2.35	4.14
19981116	0.1	1.95	3.17
19981117	0.02	3.18	2.54
19981118	0.02	2.89	2.11
19981119	0.08	2.85	1.79
19981120	0.04	6.48	1.59
19981121	0.09	6.85	1.61
19981122	4.71	3.59	1.3
19981123	3.32	4.87	1.22
19981124	0.25	5.01	1.19
19981125	2.72	5.84	1.07
19981126	5.83	8.17	1.45
19981127	5.39	9.71	1.35
19981128	2.98	5.44	2.06
19981129	0.97	5.54	1.4
19981130	0.61	5.7	1.36
19981201	0.13	4.09	1.28
19981202	0.42	1.52	1.2
19981203	2.45	2.74	1.21
19981204	0.4	1.7	1.13
19981205	2.46	-0.31	1.15
19981206	0.07	0.88	1.01
19981207	4.4	6.89	1.06
19981208	2.39	6.15	1.59
19981209	0.2	7.12	1.26
19981210	5.83	6.81	1.72
19981211	4.51	7.73	1.8
19981212	8.11	7.93	3.09
19981213	6.92	9.68	3.91
19981214	5.78	9.57	5.06
19981215	0.13	6.57	3.58
19981216	0.1	8.77	2.88
19981217	3.53	7.39	2.5
19981218	9.81	5.55	3.26
19981219	7.41	2.52	3.34
19981220	0.08	-0.36	2.77
19981221	0.57	2.18	2.41
19981222	3.8	4.82	2.3
19981223	0.96	2.62	2.29
19981224	4.73	6.66	2.5
19981225	10.65	5.87	3.55
19981226	6.48	6.2	5.4
19981227	16.92	3.14	5.57
19981228	2.09	2.24	5.54
19981229	2.8	6.8	4.8
19981230	0.88	5.48	3.72
19981231	0.99	5.66	2.86
19990101	18.79	5.36	4.96
19990102	9.68	3.63	5.98
19990103	6.42	6.28	7.57
19990104	20.6	7.96	8.45
19990105	7.56	8.57	13.24
19990106	2.56	4.96	7.83
19990107	11.21	3.48	8.32
19990108	0.48	1.55	5.76
19990109	0.23	-0.43	4.17
19990110	0.11	-0.98	3.11
19990111	10.7	-0.23	2.6
19990112	2.03	3.36	5.93
19990113	2.36	5.11	4.48
19990114	11.48	5.5	4.4
19990115	33.62	5.22	19.1
19990116	9.47	2.02	9.82
19990117	5.21	3.56	8.3
19990118	12.62	6.99	10.15
19990119	8.05	8.53	9.33
19990120	1.29	4.45	7.23
19990121	0.2	2.26	4.7
19990122	0.12	2.72	3.67
19990123	3.67	5.29	3.45
19990124	15.92	7.4	5.94
19990125	2.46	4.27	6.08
19990126	12.43	3.36	7.38
19990127	14.58	5.55	6.06
19990128	0.73	5.66	8.09
19990129	3.09	6.41	5.3
19990130	0.23	7.57	4.28
19990131	0.01	7.07	3.43
19990201	0.04	4.04	2.8
19990202	0.0	6.5	2.28
19990203	0.01	8.59	1.98
19990204	1.6	7.56	1.67
19990205	8.61	5.17	1.56
19990206	5.43	2.78	2.09
19990207	3.4	0.82	2.0
19990208	3.56	-0.83	1.79
19990209	0.12	0.13	1.51
19990210	0.18	0.72	1.36
19990211	0.07	2.57	1.33
19990212	1.5	3.46	1.41
19990213	0.11	5.46	1.44
19990214	1.93	5.36	1.31
19990215	0.44	5.71	1.18
19990216	2.52	4.09	1.06
19990217	6.8	6.09	1.49
19990218	2.63	8.54	1.55
19990219	0.71	6.42	1.53
19990220	7.1	5.42	1.38
19990221	8.9	3.26	2.33
19990222	3.71	2.62	2.35
19990223	7.33	2.63	2.88
19990224	0.07	4.06	3.09
19990225	2.05	7.07	2.56
19990226	1.78	5.01	2.4
19990227	0.48	5.3	2.11
19990228	25.5	8.02	5.4
19990301	14.11	9.03	7.44
19990302	22.23	7.6	13.17
19990303	6.2	4.2	11.69
19990304	7.25	2.1	9.03
19990305	0.32	2.06	6.05
19990306	9.78	2.55	5.52
19990307	7.43	1.63	9.08
19990308	0.88	2.31	6.53
19990309	2.84	2.57	5.2
19990310	0.09	2.02	3.98
19990311	0.2	3.98	3.09
19990312	0.14	6.65	2.52
19990313	0.01	6.99	2.11
19990314	0.11	7.45	1.71
19990315	0.24	8.94	1.56
19990316	0.0	9.46	1.35
19990317	0.24	9.87	1.22
19990318	0.0	6.29	1.05
19990319	0.0	5.9	0.89
19990320	6.4	6.37	0.86
19990321	3.94	4.88	1.15
19990322	0.95	6.79	0.96
19990323	1.66	8.26	0.85
19990324	6.62	6.86	1.2
19990325	3.89	3.15	1.52
19990326	0.91	4.59	1.15
19990327	0.13	4.7	0.91
19990328	5.6	8.22	1.08
19990329	1.78	8.88	1.47
19990330	0.3	9.79	1.0
19990331	0.02	11.54	0.88
19990401	3.27	12.66	0.81
19990402	2.65	8.01	0.84
19990403	0.02	11.14	0.78
19990404	6.7	12.43	0.95
19990405	3.81	10.84	1.48
19990406	5.01	8.86	1.93
19990407	0.23	7.9	1.46
19990408	0.01	11.33	1.1
19990409	1.39	10.73	1.13
19990410	0.55	7.36	0.9
19990411	18.44	7.29	2.53
19990412	8.03	5.16	2.91
19990413	4.24	1.41	2.34
19990414	7.86	1.41	2.53
19990415	2.21	2.0	2.94
19990416	4.81	4.22	3.42
19990417	0.14	3.27	2.72
19990418	2.47	2.69	1.98
19990419	0.84	6.14	1.7
19990420	17.09	7.7	3.07
19990421	9.87	8.5	6.84
19990422	1.51	8.25	4.15
19990423	0.29	8.54	2.75
19990424	0.05	9.04	2.18
19990425	1.12	8.91	1.78
19990426	1.74	10.14	1.6
19990427	0.0	10.41	1.29
19990428	0.01	10.84	1.1
19990429	0.01	10.61	1.01
19990430	0.0	10.29	0.92
19990501	0.0	9.59	0.82
19990502	0.0	10.34	0.77
19990503	0.0	13.89	0.69
19990504	0.01	11.88	0.64
19990505	1.4	12.48	0.56
19990506	1.16	10.32	0.58
19990507	12.53	10.61	0.89
19990508	10.51	12.54	1.2
19990509	3.46	12.58	1.2
19990510	7.53	11.48	1.11
19990511	5.82	11.34	1.15
19990512	5.99	10.97	1.38
19990513	8.31	10.44	3.04
19990514	0.25	10.04	1.81
19990515	0.0	10.38	1.21
19990516	0.0	10.06	1.0
19990517	0.0	8.4	0.87
19990518	0.15	12.22	0.77
19990519	0.07	12.94	0.71
19990520	1.02	12.79	0.65
19990521	0.65	9.54	0.74
19990522	0.0	11.31	0.61
19990523	2.55	12.2	0.56
19990524	2.21	9.72	0.57
19990525	0.15	10.82	0.51
19990526	0.0	11.71	0.48
19990527	3.46	17.22	0.41
19990528	1.87	12.73	0.48
19990529	0.62	10.1	0.41
19990530	0.91	8.92	0.39
19990531	0.03	11.58	0.36
19990601	6.69	13.38	0.37
19990602	5.36	12.17	0.51
19990603	3.03	11.65	0.5
19990604	4.59	8.55	0.54
19990605	0.08	9.3	0.51
19990606	2.79	9.85	0.42
19990607	3.65	8.65	0.46
19990608	0.0	7.75	0.36
19990609	0.35	11.24	0.33
19990610	0.0	9.96	0.32
19990611	1.58	10.15	0.31
19990612	0.18	10.33	0.31
19990613	0.07	13.12	0.29
19990614	0.26	14.62	0.28
19990615	0.0	15.15	0.26
19990616	1.91	15.08	0.25
19990617	0.0	10.13	0.24
19990618	0.0	15.84	0.23
19990619	6.28	12.95	0.23
19990620	2.64	10.21	0.25
19990621	0.01	9.23	0.24
19990622	1.15	12.27	0.22
19990623	0.01	13.2	0.21
19990624	0.0	15.97	0.2
19990625	0.0	15.62	0.19
19990626	22.77	16.76	0.54
19990627	3.93	11.28	0.54
19990628	0.33	10.23	0.38
19990629	0.0	13.25	0.29
19990630	5.22	12.86	0.28
19990701	0.34	15.76	0.28
19990702	1.7	18.08	0.28
19990703	0.07	15.37	0.26
19990704	0.22	15.58	0.24
19990705	2.04	15.5	0.27
19990706	0.23	17.21	0.31
19990707	0.0	16.53	0.24
19990708	0.0	18.56	0.23
19990709	0.0	20.15	0.22
19990710	0.0	18.66	0.19
19990711	0.0	16.37	0.15
19990712	0.0	15.73	0.14
19990713	2.05	14.29	0.15
19990714	1.0	13.09	0.14
19990715	0.1	14.52	0.14
19990716	0.01	15.64	0.16
19990717	0.66	15.77	0.15
19990718	0.06	16.68	0.13
19990719	7.71	16.37	0.13
19990720	0.83	13.73	0.18
19990721	2.56	12.28	0.16
19990722	0.01	11.41	0.15
19990723	0.0	16.66	0.14
19990724	0.0	16.72	0.13
19990725	0.0	13.26	0.13
19990726	0.0	13.13	0.12
19990727	0.0	14.32	0.11
19990728	0.0	15.16	0.11
19990729	0.0	17.78	0.1
19990730	0.0	19.2	0.1
19990731	0.0	20.15	0.09
19990801	14.71	19.03	0.2
19990802	13.84	19.81	0.36
19990803	1.64	16.49	0.5
19990804	10.9	18.95	0.3
19990805	2.78	16.15	0.43
19990806	16.72	18.46	0.33
19990807	3.46	15.27	0.74
19990808	4.48	13.39	0.43
19990809	12.66	11.61	0.62
19990810	0.01	11.54	0.63
19990811	1.1	12.8	0.42
19990812	0.86	15.61	0.37
19990813	7.37	14.2	0.57
19990814	1.1	13.4	0.5
19990815	0.01	11.49	0.39
19990816	3.83	11.72	0.35
19990817	4.53	12.66	0.33
19990818	3.87	12.91	0.35
19990819	0.07	11.07	0.32
19990820	0.0	10.29	0.28
19990821	0.0	11.22	0.26
19990822	0.06	13.62	0.24
19990823	0.19	14.04	0.23
19990824	8.46	13.66	0.24
19990825	5.22	15.54	0.36
19990826	1.31	13.86	0.33
19990827	0.05	15.16	0.29
19990828	0.0	14.25	0.26
19990829	3.06	12.46	0.25
19990830	0.01	13.81	0.26
19990831	0.0	13.91	0.23
19990901	0.01	17.41	0.22
19990902	0.0	16.43	0.2
19990903	0.0	16.35	0.19
19990904	0.01	16.81	0.18
19990905	0.0	18.08	0.17
19990906	17.35	16.84	0.2
19990907	0.04	13.36	0.47
19990908	5.19	13.53	0.3
19990909	0.0	10.68	0.29
19990910	0.0	16.85	0.24
19990911	3.11	13.21	0.23
19990912	0.12	11.62	0.23
19990913	0.0	10.18	0.21
19990914	0.0	9.57	0.21
19990915	0.76	13.92	0.18
19990916	3.7	12.03	0.21
19990917	2.46	11.93	0.2
19990918	20.15	13.81	0.22
19990919	41.45	13.86	2.39
19990920	3.89	13.65	5.9
19990921	1.88	12.62	2.07
19990922	1.39	14.01	1.5
19990923	8.52	14.53	1.48
19990924	2.65	13.33	1.8
19990925	11.22	12.47	1.78
19990926	4.18	11.91	1.88
19990927	2.47	11.72	1.68
19990928	9.82	12.59	1.54
19990929	22.78	11.75	8.16
19990930	5.0	10.4	5.69
19991001	29.73	8.67	7.98
19991002	13.82	8.65	8.18
19991003	15.02	8.19	11.47
19991004	2.69	7.01	7.81
19991005	0.01	6.42	5.4
19991006	2.58	9.81	3.8
19991007	2.47	12.01	3.16
19991008	2.1	13.26	2.7
19991009	0.13	14.22	2.28
19991010	1.86	10.15	1.99
19991011	0.0	7.67	1.65
19991012	0.0	7.74	1.41
19991013	0.01	9.0	1.28
19991014	0.0	9.77	1.18
19991015	0.0	10.21	1.09
19991016	0.0	10.06	1.0
19991017	0.0	8.41	0.91
19991018	0.0	6.57	0.83
19991019	0.0	6.72	0.79
19991020	0.01	6.79	0.68
19991021	2.84	8.25	0.58
19991022	0.98	10.6	0.56
19991023	11.92	10.64	0.77
19991024	39.11	9.55	5.54
19991025	7.76	10.85	7.14
19991026	0.6	9.84	5.27
19991027	1.66	10.29	3.53
19991028	0.03	7.09	2.82
19991029	1.46	11.57	2.36
19991030	8.26	11.62	2.73
19991031	1.56	10.91	2.18
19991101	6.77	8.82	1.99
19991102	0.4	8.96	1.99
19991103	0.05	10.58	1.65
19991104	22.82	10.37	1.58
19991105	23.31	7.56	12.01
19991106	0.5	7.03	7.6
19991107	0.49	9.58	4.87
19991108	0.28	8.17	3.56
19991109	0.04	5.32	2.79
19991110	0.02	5.99	2.29
19991111	0.3	7.01	1.97
19991112	1.03	7.26	1.74
19991113	0.31	6.24	1.46
19991114	1.49	7.47	1.31
19991115	5.64	5.75	1.42
19991116	11.93	4.01	2.21
19991117	11.85	3.45	3.39
19991118	0.01	3.23	3.69
19991119	0.0	2.94	2.75
19991120	0.01	1.28	2.2
19991121	2.26	2.82	1.83
19991122	1.06	7.34	1.79
19991123	3.78	9.12	1.68
19991124	14.83	7.88	3.9
19991125	1.66	8.4	3.22
19991126	4.94	7.2	3.6
19991127	0.61	8.45	2.62
19991128	5.07	7.36	2.95
19991129	0.38	5.63	2.29
19991130	0.51	9.12	2.0
19991201	1.19	5.71	1.71
19991202	26.68	7.13	2.55
19991203	1.63	4.19	8.99
19991204	7.36	2.57	4.25
19991205	2.94	6.32	4.01
19991206	6.65	7.97	5.28
19991207	5.39	5.82	4.46
19991208	11.3	6.31	6.84
19991209	8.19	4.83	5.8
19991210	7.42	5.99	4.65
19991211	18.6	6.01	7.93
19991212	17.5	3.41	14.92
19991213	9.46	0.91	8.34
19991214	3.66	1.36	6.19
19991215	4.38	2.96	5.36
19991216	18.87	7.25	10.04
19991217	0.44	2.88	9.26
19991218	0.01	-1.5	5.52
19991219	0.0	-2.42	3.84
19991220	7.66	0.39	3.26
19991221	0.09	5.53	3.94
19991222	10.8	6.27	4.7
19991223	20.24	6.59	7.42
19991224	20.35	6.2	11.38
19991225	7.68	3.15	8.17
19991226	4.53	3.01	7.78
19991227	11.27	2.05	6.32
19991228	2.54	2.31	5.6
19991229	6.44	3.33	5.63
19991230	6.31	6.07	6.68
19991231	1.47	5.01	4.6
20000101	0.11	4.34	3.58
20000102	2.89	6.7	3.24
20000103	1.15	5.05	2.85
20000104	4.95	4.63	2.96
20000105	3.06	8.19	2.67
20000106	1.89	4.86	2.52
20000107	4.84	5.75	2.92
20000108	0.03	3.85	2.29
20000109	0.18	2.64	1.88
20000110	4.08	6.4	1.83
20000111	22.46	6.98	6.42
20000112	34.23	2.51	20.48
20000113	6.98	1.59	10.38
20000114	0.01	2.3	7.45
20000115	0.05	0.9	5.14
20000116	1.04	3.86	3.92
20000117	0.23	4.59	3.05
20000118	1.1	4.52	2.55
20000119	0.01	3.96	2.14
20000120	1.79	2.71	1.87
20000121	4.3	4.01	1.69
20000122	0.16	3.49	1.67
20000123	2.77	1.75	1.4
20000124	0.35	1.64	1.42
20000125	0.19	2.01	1.24
20000126	0.05	2.13	1.14
20000127	0.88	4.09	1.08
20000128	10.67	7.05	2.01
20000129	6.15	7.93	2.45
20000130	3.59	8.69	2.44
20000131	0.85	8.6	2.28
20000201	5.48	6.1	2.44
20000202	0.22	5.5	1.89
20000203	1.96	6.79	1.81
20000204	0.38	8.18	2.09
20000205	2.08	8.24	1.75
20000206	4.79	6.91	1.7
20000207	6.03	7.34	2.7
20000208	2.39	6.13	2.07
20000209	14.33	5.29	2.21
20000210	0.01	4.32	3.65
20000211	13.43	5.23	3.61
20000212	3.46	3.13	3.98
20000213	1.62	2.42	2.84
20000214	2.62	6.15	2.67
20000215	9.08	3.07	3.87
20000216	4.79	1.61	3.02
20000217	5.08	5.36	2.87
20000218	5.95	5.04	3.56
20000219	0.11	1.42	3.11
20000220	3.02	3.25	2.46
20000221	0.07	2.19	2.17
20000222	0.06	4.35	1.87
20000223	0.93	6.71	1.72
20000224	1.99	3.74	1.45
20000225	0.57	4.95	1.31
20000226	8.38	6.77	1.73
20000227	23.94	5.54	8.98
20000228	7.85	4.72	5.69
20000229	3.3	4.16	5.65
20000301	5.6	3.34	3.6
20000302	21.27	5.87	10.13
20000303	0.27	2.58	6.84
20000304	1.07	2.74	4.28
20000305	0.54	6.07	3.34
20000306	3.95	9.37	2.51
20000307	3.23	10.14	2.58
20000308	0.42	10.96	2.44
20000309	1.73	9.32	1.75
20000310	0.09	8.36	1.57
20000311	0.02	5.31	1.28
20000312	0.07	8.21	1.16
20000313	1.58	9.48	1.09
20000314	0.77	4.73	0.97
20000315	0.0	6.76	0.87
20000316	0.0	7.36	0.79
20000317	0.04	6.98	0.74
20000318	0.0	5.83	0.69
20000319	0.0	6.14	0.65
20000320	0.0	6.92	0.61
20000321	0.0	5.23	0.59
20000322	0.28	5.57	0.55
20000323	6.96	6.03	0.64
20000324	3.13	5.99	0.7
20000325	1.75	4.58	0.62
20000326	2.02	5.1	0.57
20000327	0.16	4.37	0.52
20000328	0.0	2.47	0.47
20000329	0.0	2.88	0.45
20000330	0.0	2.99	0.41
20000331	0.34	4.84	0.39
20000401	3.66	5.36	0.38
20000402	25.12	3.54	1.47
20000403	10.2	0.66	3.13
20000404	0.12	2.26	2.92
20000405	0.0	2.94	3.43
20000406	0.0	5.12	2.72
20000407	0.0	5.68	2.12
20000408	0.68	6.81	1.73
20000409	0.01	3.52	1.45
20000410	5.2	6.32	1.28
20000411	8.38	3.41	1.9
20000412	11.34	3.94	3.97
20000413	11.01	3.6	6.05
20000414	0.04	2.7	3.83
20000415	0.05	3.36	2.66
20000416	8.0	6.08	2.16
20000417	4.45	4.16	2.9
20000418	1.6	6.28	2.78
20000419	1.79	10.12	2.0
20000420	3.19	10.05	1.79
20000421	5.28	9.15	1.79
20000422	2.69	8.14	1.74
20000423	5.98	7.92	2.21
20000424	13.74	9.69	2.51
20000425	9.22	9.55	5.87
20000426	3.05	8.18	4.11
20000427	0.44	7.53	2.93
20000428	3.76	10.13	2.38
20000429	0.08	8.77	2.22
20000430	0.06	10.36	1.67
20000501	0.0	11.33	1.37
20000502	0.0	10.34	1.15
20000503	0.0	9.02	1.01
20000504	0.0	7.83	0.95
20000505	0.0	10.51	0.85
20000506	0.0	14.7	0.77
20000507	0.0	14.48	0.7
20000508	0.0	14.61	0.64
20000509	0.01	14.17	0.6
20000510	0.06	13.35	0.57
20000511	0.0	11.14	0.52
20000512	0.43	14.28	0.49
20000513	0.06	14.65	0.47
20000514	0.0	17.55	0.44
20000515	0.0	14.32	0.42
20000516	9.48	9.69	0.44
20000517	10.72	8.07	0.47
20000518	4.06	8.36	0.58
20000519	0.05	8.16	0.5
20000520	8.09	8.95	0.53
20000521	0.43	8.7	0.52
20000522	1.6	9.58	0.45
20000523	2.7	8.68	0.51
20000524	3.84	8.52	0.39
20000525	9.66	8.25	0.46
20000526	9.69	7.38	1.38
20000527	1.52	6.65	1.06
20000528	0.39	7.83	0.63
20000529	0.01	7.92	0.49
20000530	0.1	8.23	0.4
20000531	6.01	12.66	0.45
20000601	4.59	13.32	0.92
20000602	5.19	12.3	1.18
20000603	17.02	10.71	1.99
20000604	0.01	11.39	1.35
20000605	0.63	10.69	0.81
20000606	0.22	10.05	0.68
20000607	0.29	12.23	0.61
20000608	6.14	12.89	0.56
20000609	2.27	9.56	0.63
20000610	1.22	11.65	0.6
20000611	0.13	12.43	0.53
20000612	2.22	14.2	0.57
20000613	2.93	12.4	0.48
20000614	2.37	11.59	0.53
20000615	0.01	11.34	0.5
20000616	0.0	17.87	0.42
20000617	0.0	19.34	0.37
20000618	0.01	21.03	0.34
20000619	0.1	18.25	0.32
20000620	2.25	15.32	0.32
20000621	10.61	12.65	0.34
20000622	4.25	12.0	0.71
20000623	4.08	10.66	0.52
20000624	0.73	8.9	0.59
20000625	0.0	9.3	0.45
20000626	0.05	11.57	0.39
20000627	0.0	13.34	0.35
20000628	0.0	16.23	0.34
20000629	0.03	14.48	0.32
20000630	1.03	14.48	0.31
20000701	4.83	13.88	0.37
20000702	10.36	14.42	0.75
20000703	17.04	15.18	1.38
20000704	2.2	14.6	0.64
20000705	0.71	12.83	0.52
20000706	0.81	14.14	0.48
20000707	4.51	12.76	0.45
20000708	2.87	13.02	0.54
20000709	37.49	12.02	1.47
20000710	12.6	10.14	12.34
20000711	0.09	10.56	5.56
20000712	3.73	12.87	2.97
20000713	0.36	12.12	2.39
20000714	0.02	11.29	1.75
20000715	0.0	11.15	1.39
20000716	0.28	11.3	1.15
20000717	0.01	12.62	0.91
20000718	0.0	13.38	0.79
20000719	0.0	15.38	0.69
20000720	0.0	12.52	0.65
20000721	0.0	16.6	0.6
20000722	0.0	16.5	0.55
20000723	0.0	14.32	0.51
20000724	0.21	13.72	0.49
20000725	0.36	12.87	0.48
20000726	0.57	15.36	0.45
20000727	2.21	15.82	0.43
20000728	5.69	15.24	0.47
20000729	6.75	15.21	1.1
20000730	11.15	16.76	0.58
20000731	8.96	15.03	1.25
20000801	9.18	15.14	0.81
20000802	13.22	13.92	2.1
20000803	1.2	13.61	2.06
20000804	0.0	13.2	1.01
20000805	0.6	17.38	0.8
20000806	0.66	17.04	0.69
20000807	2.81	15.27	0.66
20000808	6.62	16.23	1.16
20000809	2.14	15.99	0.94
20000810	0.22	14.08	0.75
20000811	0.01	14.87	0.64
20000812	4.43	16.67	0.6
20000813	19.55	16.94	1.3
20000814	0.77	13.89	2.83
20000815	13.26	12.96	3.54
20000816	2.57	13.09	2.38
20000817	0.53	13.11	1.64
20000818	5.82	13.21	1.43
20000819	0.77	10.77	1.28
20000820	2.67	11.53	1.06
20000821	5.75	12.11	1.2
20000822	0.01	13.91	1.0
20000823	0.0	13.91	0.82
20000824	0.0	15.02	0.73
20000825	7.6	18.73	0.72
20000826	1.16	14.62	0.81
20000827	1.76	12.88	0.65
20000828	0.93	11.5	0.66
20000829	0.14	12.73	0.58
20000830	0.0	14.87	0.54
20000831	6.72	13.49	0.6
20000901	12.85	13.45	1.33
20000902	0.05	11.4	0.9
20000903	0.02	10.4	0.73
20000904	3.49	15.25	0.68
20000905	4.13	14.8	0.72
20000906	0.29	12.37	0.7
20000907	1.67	14.03	0.64
20000908	0.01	12.42	0.64
20000909	2.45	14.46	0.58
20000910	0.56	17.57	0.56
20000911	0.24	18.69	0.51
20000912	2.08	12.35	0.51
20000913	1.24	13.81	0.51
20000914	4.37	13.48	0.49
20000915	12.8	12.04	1.89
20000916	0.02	13.01	1.21
20000917	15.9	11.59	1.75
20000918	0.06	8.33	2.05
20000919	17.12	10.42	2.42
20000920	0.82	8.41	2.96
20000921	3.36	12.31	2.07
20000922	0.13	12.67	1.9
20000923	0.07	17.47	1.38
20000924	7.99	12.14	1.36
20000925	11.12	13.67	2.14
20000926	3.68	13.65	2.26
20000927	18.71	10.23	3.94
20000928	1.73	11.69	5.22
20000929	0.2	12.51	2.58
20000930	0.13	11.16	1.96
20001001	8.5	11.52	1.78
20001002	0.78	10.63	2.23
20001003	2.66	12.0	1.74
20001004	17.81	9.5	3.47
20001005	6.81	7.5	5.12
20001006	7.12	9.16	4.05
20001007	0.54	9.06	4.1
20001008	5.14	7.73	3.24
20001009	14.0	8.1	5.54
20001010	0.74	5.7	4.37
20001011	5.06	6.93	3.26
20001012	14.49	9.36	9.07
20001013	4.18	9.6	7.8
20001014	1.99	8.87	5.28
20001015	0.06	9.12	3.74
20001016	2.38	7.72	2.88
20001017	12.27	9.51	4.5
20001018	3.92	8.86	4.06
20001019	1.16	7.66	2.91
20001020	1.43	8.56	2.4
20001021	0.07	5.64	1.95
20001022	6.77	8.61	1.86
20001023	8.26	9.7	3.59
20001024	11.29	10.14	4.38
20001025	2.0	8.31	3.92
20001026	8.05	10.44	3.0
20001027	5.2	10.27	3.84
20001028	16.67	9.55	9.86
20001029	50.17	4.81	14.36
20001030	14.03	5.82	22.95
20001031	5.38	5.8	9.14
20001101	7.03	5.6	7.71
20001102	11.67	4.54	8.03
20001103	10.12	6.06	6.0
20001104	0.97	5.11	5.22
20001105	43.76	4.96	12.52
20001106	11.74	6.36	21.76
20001107	23.01	6.42	17.07
20001108	43.06	5.99	23.27
20001109	25.57	4.52	38.84
20001110	7.0	6.38	11.6
20001111	17.68	6.21	11.92
20001112	5.44	5.53	8.98
20001113	8.08	4.77	6.95
20001114	5.15	3.48	8.12
20001115	4.49	5.44	5.37
20001116	2.91	4.32	4.25
20001117	2.61	5.34	3.37
20001118	8.78	7.41	3.48
20001119	8.91	4.59	3.88
20001120	9.57	3.21	5.18
20001121	11.86	3.18	5.59
20001122	3.45	4.05	5.69
20001123	1.73	4.34	4.13
20001124	4.4	5.71	3.85
20001125	23.07	6.38	7.41
20001126	5.0	5.3	6.72
20001127	12.51	8.73	5.56
20001128	11.45	11.63	14.06
20001129	2.96	8.07	7.2
20001130	11.33	9.03	5.51
20001201	5.08	9.56	8.29
20001202	6.18	7.14	5.12
20001203	11.14	8.21	5.88
20001204	14.18	10.37	8.73
20001205	6.14	9.15	9.69
20001206	2.38	7.71	6.42
20001207	17.3	8.08	7.84
20001208	13.49	7.19	8.95
20001209	15.84	7.21	11.7
20001210	21.62	8.28	17.35
20001211	8.88	10.67	11.85
20001212	18.65	8.55	13.87
20001213	16.38	4.74	14.02
20001214	8.47	3.5	9.64
20001215	1.85	1.12	7.62
20001216	2.24	1.79	5.6
20001217	0.6	2.64	4.21
20001218	0.02	3.75	3.25
20001219	3.44	7.14	2.95
20001220	0.08	6.89	2.39
20001221	0.01	4.09	2.0
20001222	0.01	3.46	1.75
20001223	3.06	2.6	1.58
20001224	3.54	1.24	1.85
20001225	0.1	-0.17	1.55
20001226	0.07	-1.97	1.35
20001227	0.68	-1.56	1.2
20001228	0.94	-4.5	1.09
20001229	1.59	-2.19	1.02
20001230	2.0	-0.65	0.94
20001231	5.19	3.85	1.83
20010101	4.92	6.38	3.02
20010102	5.26	4.18	2.57
20010103	8.04	4.92	2.59
20010104	0.34	2.86	2.76
20010105	0.84	2.5	2.13
20010106	1.38	4.53	1.93
20010107	4.07	3.91	1.84
20010108	0.64	2.02	1.77
20010109	0.15	0.45	1.51
20010110	0.01	1.68	1.35
20010111	0.0	1.67	1.21
20010112	0.01	1.69	1.12
20010113	0.01	1.64	1.02
20010114	0.07	1.1	0.95
20010115	0.01	-1.32	0.89
20010116	0.01	-2.76	0.81
20010117	0.01	-1.63	0.76
20010118	0.01	-1.31	0.73
20010119	0.01	-0.64	0.69
20010120	2.52	0.28	0.65
20010121	0.75	1.88	0.67
20010122	5.14	4.96	1.02
20010123	16.73	6.51	3.23
20010124	3.32	3.7	1.95
20010125	9.88	3.33	2.72
20010126	0.22	2.58	2.46
20010127	0.06	1.48	1.85
20010128	2.22	1.6	1.74
20010129	4.78	3.19	1.7
20010130	1.65	4.97	1.84
20010131	0.57	2.15	1.68
20010201	2.98	3.88	1.59
20010202	5.84	5.57	1.59
20010203	11.25	3.09	1.93
20010204	10.28	3.05	5.45
20010205	10.51	6.26	5.85
20010206	14.4	6.93	6.75
20010207	10.89	3.04	9.12
20010208	0.04	-0.81	5.37
20010209	0.23	1.87	3.64
20010210	15.0	7.4	5.34
20010211	21.43	6.12	8.47
20010212	0.11	2.91	8.67
20010213	0.04	2.44	4.78
20010214	0.02	4.02	3.35
20010215	1.25	4.28	2.61
20010216	0.03	1.93	2.13
20010217	0.05	1.18	1.77
20010218	0.14	0.83	1.51
20010219	0.19	2.57	1.33
20010220	0.09	4.57	1.19
20010221	3.57	6.37	1.11
20010222	4.66	4.29	1.12
20010223	2.36	1.13	1.35
20010224	0.89	0.47	1.09
20010225	1.13	1.73	0.99
20010226	5.76	0.66	1.15
20010227	6.1	-0.21	1.34
20010228	0.94	-1.7	1.3
20010301	0.02	-3.32	1.23
20010302	0.01	-3.67	1.08
20010303	0.0	-2.65	1.03
20010304	0.0	-0.98	0.97
20010305	0.01	2.31	0.96
20010306	20.5	5.81	3.55
20010307	0.94	9.25	3.95
20010308	1.53	8.76	1.94
20010309	1.55	8.43	1.88
20010310	0.88	8.52	1.86
20010311	2.56	5.8	1.63
20010312	1.18	3.85	1.52
20010313	1.48	4.64	1.29
20010314	0.03	3.42	1.26
20010315	2.81	3.74	1.11
20010316	3.02	2.16	1.09
20010317	3.49	0.72	1.16
20010318	0.59	-0.66	1.18
20010319	0.0	1.71	1.06
20010320	5.73	1.62	0.99
20010321	11.65	1.6	1.29
20010322	0.99	5.31	3.82
20010323	1.89	7.19	2.87
20010324	0.11	5.07	1.91
20010325	0.0	3.56	1.53
20010326	1.72	3.19	1.33
20010327	8.84	4.02	1.33
20010328	0.71	5.49	1.32
20010329	1.93	5.66	1.17
20010330	2.19	7.72	1.12
20010331	1.44	8.46	1.44
20010401	2.01	10.99	1.13
20010402	2.85	7.45	1.16
20010403	20.62	5.69	2.41
20010404	1.43	5.08	3.91
20010405	17.43	6.39	6.66
20010406	11.52	7.17	7.5
20010407	4.42	4.62	6.39
20010408	7.49	5.42	5.29
20010409	5.19	8.44	4.02
20010410	0.77	5.86	3.34
20010411	0.02	5.08	2.55
20010412	0.79	5.97	2.16
20010413	0.22	6.33	1.85
20010414	9.24	8.5	2.67
20010415	0.77	6.1	2.82
20010416	0.02	3.68	1.8
20010417	3.35	3.93	1.57
20010418	0.65	2.96	1.44
20010419	1.85	3.55	1.25
20010420	0.02	3.3	1.13
20010421	2.26	6.56	1.06
20010422	11.62	3.32	2.1
20010423	0.24	5.88	1.41
20010424	3.06	6.5	1.18
20010425	1.75	8.23	1.07
20010426	0.01	6.02	0.93
20010427	3.44	8.11	0.95
20010428	3.75	5.62	1.03
20010429	4.11	4.13	1.07
20010430	0.01	5.98	1.23
20010501	0.0	8.78	0.88
20010502	0.3	9.41	0.79
20010503	0.05	7.35	0.74
20010504	0.02	5.81	0.68
20010505	0.0	7.33	0.63
20010506	0.0	5.28	0.59
20010507	0.0	7.46	0.56
20010508	0.0	9.35	0.53
20010509	5.45	10.94	0.52
20010510	0.26	15.09	0.53
20010511	3.52	16.62	0.52
20010512	0.01	15.55	0.55
20010513	16.05	15.52	0.57
20010514	16.44	9.79	1.64
20010515	0.38	9.61	1.62
20010516	3.51	8.82	0.94
20010517	1.36	8.14	0.81
20010518	0.0	9.83	0.72
20010519	0.01	10.52	0.65
20010520	0.0	10.44	0.61
20010521	0.0	11.75	0.54
20010522	0.0	13.98	0.5
20010523	0.0	14.98	0.47
20010524	0.0	15.26	0.44
20010525	0.02	15.89	0.47
20010526	1.5	15.06	0.48
20010527	5.61	14.84	0.51
20010528	0.3	12.99	0.53
20010529	0.05	13.4	0.41
20010530	0.86	11.51	0.38
20010531	0.72	11.11	0.38
20010601	3.63	11.22	0.42
20010602	0.03	7.28	0.42
20010603	0.0	10.72	0.39
20010604	0.0	10.8	0.37
20010605	0.01	13.14	0.35
20010606	4.18	8.83	0.36
20010607	3.18	7.79	0.36
20010608	0.14	8.84	0.35
20010609	0.31	9.5	0.33
20010610	0.01	8.95	0.31
20010611	0.0	10.82	0.31
20010612	0.0	10.85	0.3
20010613	0.0	10.14	0.3
20010614	8.73	14.28	0.3
20010615	5.91	12.03	0.39
20010616	3.55	11.57	0.36
20010617	0.01	8.78	0.35
20010618	0.29	13.7	0.32
20010619	0.4	14.68	0.29
20010620	0.0	12.31	0.28
20010621	0.0	11.2	0.27
20010622	0.0	13.95	0.26
20010623	0.0	14.4	0.25
20010624	0.0	15.95	0.24
20010625	0.44	17.69	0.23
20010626	0.03	21.2	0.22
20010627	0.9	14.96	0.21
20010628	0.28	15.98	0.22
20010629	1.13	15.7	0.22
20010630	0.05	15.81	0.22
20010701	0.06	16.44	0.22
20010702	0.0	18.29	0.2
20010703	41.02	18.47	3.66
20010704	0.02	17.67	1.28
20010705	0.2	18.7	0.65
20010706	5.17	18.04	0.5
20010707	2.48	15.76	0.54
20010708	0.03	13.21	0.47
20010709	0.32	14.01	0.41
20010710	7.73	12.37	0.4
20010711	3.93	12.2	0.49
20010712	2.08	12.09	0.44
20010713	0.02	10.24	0.39
20010714	0.39	9.73	0.35
20010715	0.0	8.74	0.33
20010716	0.0	12.06	0.31
20010717	15.44	13.29	0.33
20010718	2.71	10.95	0.96
20010719	1.01	10.25	0.54
20010720	1.17	14.15	0.42
20010721	1.21	14.45	0.38
20010722	0.05	14.47	0.4
20010723	0.07	14.66	0.36
20010724	0.91	13.85	0.33
20010725	0.0	15.18	0.31
20010726	0.0	15.21	0.29
20010727	0.0	17.18	0.28
20010728	0.0	20.33	0.26
20010729	0.0	17.78	0.24
20010730	1.28	16.98	0.23
20010731	0.04	12.53	0.23
20010801	0.01	17.22	0.23
20010802	2.42	15.92	0.23
20010803	0.66	12.69	0.23
20010804	4.09	13.14	0.23
20010805	9.86	13.76	0.23
20010806	9.16	13.22	0.31
20010807	20.84	13.76	1.02
20010808	1.07	11.75	0.66
20010809	0.11	11.63	0.44
20010810	0.88	14.03	0.37
20010811	3.13	16.67	0.36
20010812	3.82	16.38	0.42
20010813	1.28	17.48	0.49
20010814	0.02	17.51	0.46
20010815	12.82	16.36	0.46
20010816	2.58	14.12	0.58
20010817	0.72	14.8	0.49
20010818	7.93	15.1	0.47
20010819	4.64	14.32	1.27
20010820	0.02	14.38	0.62
20010821	0.47	14.98	0.49
20010822	0.0	14.79	0.44
20010823	0.25	15.7	0.41
20010824	1.99	15.18	0.4
20010825	0.05	16.07	0.38
20010826	0.05	12.14	0.36
20010827	0.01	10.7	0.34
20010828	0.0	13.28	0.32
20010829	1.76	15.24	0.31
20010830	9.81	12.43	0.37
20010831	0.46	12.48	0.4
20010901	0.51	14.68	0.35
20010902	4.45	12.64	0.34
20010903	3.76	11.94	0.34
20010904	2.47	11.74	0.33
20010905	12.13	12.91	0.57
20010906	0.14	12.87	0.61
20010907	5.92	13.79	0.44
20010908	0.45	11.13	0.6
20010909	0.02	10.81	0.44
20010910	0.08	12.43	0.38
20010911	0.22	13.16	0.36
20010912	14.95	11.36	0.63
20010913	14.14	9.26	1.56
20010914	3.44	11.5	0.94
20010915	2.92	10.78	0.74
20010916	2.26	10.14	0.64
20010917	0.67	10.19	0.58
20010918	0.51	12.01	0.53
20010919	7.5	11.5	0.58
20010920	0.13	11.15	0.57
20010921	0.02	10.73	0.51
20010922	0.03	9.17	0.66
20010923	2.05	10.41	0.54
20010924	4.53	10.59	0.51
20010925	0.03	10.12	0.51
20010926	5.44	11.54	0.46
20010927	9.84	14.46	1.38
20010928	4.37	16.4	1.04
20010929	0.2	14.08	1.11
20010930	26.77	13.66	4.61
20011001	13.69	13.3	9.66
20011002	2.44	12.64	5.18
20011003	1.96	12.41	3.12
20011004	4.23	13.12	2.31
20011005	8.33	13.08	3.14
20011006	5.74	12.45	2.73
20011007	17.95	10.51	4.36
20011008	14.14	12.14	5.12
20011009	0.99	11.54	5.58
20011010	3.27	12.65	3.73
20011011	0.24	13.26	2.95
20011012	0.0	14.75	2.18
20011013	0.88	14.03	1.77
20011014	2.57	14.96	1.55
20011015	2.8	11.77	1.5
20011016	0.15	12.42	1.33
20011017	11.36	12.62	1.44
20011018	0.01	11.37	1.9
20011019	31.89	11.3	3.19
20011020	0.6	8.56	6.93
20011021	0.57	8.28	3.48
20011022	2.77	10.83	2.71
20011023	7.75	12.13	2.61
20011024	0.79	11.16	2.75
20011025	8.47	11.29	3.16
20011026	5.49	9.65	3.36
20011027	0.05	8.72	2.33
20011028	0.02	9.12	1.95
20011029	0.0	12.41	1.81
20011030	12.17	11.12	2.26
20011031	0.31	7.07	2.11
20011101	0.05	9.19	1.59
20011102	0.0	9.44	1.43
20011103	2.78	8.28	1.36
20011104	0.84	6.47	1.23
20011105	3.78	7.84	1.15
20011106	7.59	9.08	1.21
20011107	13.88	6.46	2.01
20011108	1.21	2.73	2.42
20011109	0.09	3.23	1.76
20011110	0.74	8.18	1.59
20011111	5.47	10.03	1.54
20011112	5.28	6.5	2.61
20011113	3.49	3.36	1.93
20011114	0.13	4.62	1.98
20011115	0.08	6.96	1.65
20011116	0.05	7.21	1.51
20011117	0.01	6.28	1.38
20011118	1.99	5.51	1.26
20011119	0.06	5.49	1.32
20011120	2.5	8.67	1.17
20011121	6.28	9.34	1.5
20011122	0.77	3.75	1.42
20011123	0.03	7.21	1.13
20011124	4.07	10.8	1.04
20011125	4.04	6.06	1.67
20011126	7.19	4.51	1.22
20011127	5.29	6.14	3.01
20011128	14.61	8.65	3.07
20011129	2.87	11.05	3.72
20011130	4.57	10.17	3.93
20011201	2.13	3.85	3.0
20011202	0.15	2.67	2.32
20011203	13.99	6.44	3.62
20011204	5.74	6.84	3.43
20011205	0.38	6.27	4.24
20011206	3.42	6.04	2.94
20011207	1.31	8.09	2.69
20011208	0.0	4.45	2.14
20011209	0.01	1.74	1.82
20011210	0.01	3.15	1.56
20011211	0.0	5.07	1.38
20011212	0.08	5.89	1.25
20011213	0.0	2.58	1.15
20011214	0.0	-0.79	1.03
20011215	0.15	1.12	0.95
20011216	0.0	0.18	0.89
20011217	0.52	1.01	0.82
20011218	1.54	2.42	0.8
20011219	6.66	1.36	1.03
20011220	0.43	1.86	1.03
20011221	2.15	2.89	0.94
20011222	0.02	-0.46	0.84
20011223	4.81	3.32	0.86
20011224	9.5	4.3	1.11
20011225	2.77	0.75	2.08
20011226	12.4	2.8	1.97
20011227	5.77	5.11	5.99
20011228	0.97	1.6	3.11
20011229	3.74	0.85	2.3
20011230	3.38	-1.85	1.98
20011231	0.21	-1.94	1.6
20020101	0.3	-1.68	1.54
20020102	0.12	0.26	1.42
20020103	0.03	0.19	1.3
20020104	0.67	2.8	1.22
20020105	0.26	3.17	3.14
20020106	0.03	5.48	2.51
20020107	0.05	5.46	2.3
20020108	0.07	3.21	1.9
20020109	0.04	-0.01	1.63
20020110	0.34	0.01	1.46
20020111	0.09	5.73	1.44
20020112	0.18	7.31	1.33
20020113	0.66	8.23	1.21
20020114	10.12	6.3	1.37
20020115	0.46	4.18	2.0
20020116	7.14	7.68	1.67
20020117	1.64	4.15	3.05
20020118	5.94	5.81	2.64
20020119	4.23	7.12	2.26
20020120	6.8	9.62	4.21
20020121	6.22	8.15	5.04
20020122	7.75	6.76	3.82
20020123	10.01	7.27	6.74
20020124	2.72	2.66	4.74
20020125	21.3	6.93	7.71
20020126	2.68	6.93	10.04
20020127	6.96	8.45	6.66
20020128	6.32	8.64	6.28
20020129	11.33	9.05	4.57
20020130	4.69	6.56	6.52
20020131	23.06	7.22	8.8
20020201	34.86	9.27	28.53
20020202	15.57	7.86	19.65
20020203	4.1	5.06	11.38
20020204	17.23	7.48	13.54
20020205	11.94	6.02	9.88
20020206	1.49	3.31	6.4
20020207	1.83	7.87	5.16
20020208	15.97	8.32	9.15
20020209	4.24	6.41	5.66
20020210	32.51	8.51	13.54
20020211	0.63	9.22	11.96
20020212	2.01	7.04	5.44
20020213	1.46	2.1	4.29
20020214	0.12	2.57	3.22
20020215	0.13	3.99	2.62
20020216	0.0	4.76	2.21
20020217	2.64	5.25	1.96
20020218	6.27	5.46	1.83
20020219	21.15	6.79	5.55
20020220	2.12	2.86	3.6
20020221	9.26	6.31	3.45
20020222	3.5	3.67	3.76
20020223	1.56	2.11	2.69
20020224	17.1	5.1	3.89
20020225	25.84	7.33	11.85
20020226	3.39	4.82	9.06
20020227	5.11	3.5	5.58
20020228	0.43	3.02	4.0
20020301	0.09	1.65	3.02
20020302	1.22	3.96	2.62
20020303	0.01	6.56	2.24
20020304	1.11	3.94	1.89
20020305	4.39	6.44	1.78
20020306	1.02	8.89	1.94
20020307	0.01	8.53	1.39
20020308	6.37	5.41	1.43
20020309	9.06	4.42	2.33
20020310	13.18	5.26	4.14
20020311	1.26	4.3	2.99
20020312	0.03	4.43	2.34
20020313	0.0	3.85	1.97
20020314	4.76	3.59	1.7
20020315	1.46	5.66	1.66
20020316	0.55	7.71	1.49
20020317	0.92	8.33	1.35
20020318	5.43	4.91	1.42
20020319	0.57	7.7	1.33
20020320	2.91	8.91	1.2
20020321	0.96	10.19	1.08
20020322	0.0	9.06	0.95
20020323	0.02	8.82	0.91
20020324	0.34	9.53	0.83
20020325	0.7	5.47	0.77
20020326	0.0	5.94	0.7
20020327	0.01	6.96	0.65
20020328	0.0	5.84	0.59
20020329	0.11	8.23	0.55
20020330	0.41	10.18	0.56
20020331	1.82	9.73	0.58
20020401	2.54	5.48	0.52
20020402	4.42	8.81	0.46
20020403	2.66	7.89	0.5
20020404	0.01	8.35	0.47
20020405	0.0	9.07	0.41
20020406	0.0	5.72	0.36
20020407	0.0	6.09	0.33
20020408	0.01	6.26	0.31
20020409	0.0	6.84	0.3
20020410	0.0	4.33	0.25
20020411	0.02	6.36	0.24
20020412	0.03	3.39	0.25
20020413	0.47	4.66	0.24
20020414	1.83	3.51	0.25
20020415	0.0	4.95	0.24
20020416	0.0	7.73	0.22
20020417	2.17	8.42	0.23
20020418	6.9	5.74	0.31
20020419	2.23	8.68	0.28
20020420	1.69	10.5	0.28
20020421	2.61	13.19	0.32
20020422	0.05	11.0	0.26
20020423	0.03	10.51	0.18
20020424	0.29	11.47	0.16
20020425	3.09	9.26	0.15
20020426	3.39	7.61	0.23
20020427	17.8	7.24	0.5
20020428	13.84	6.38	1.19
20020429	15.72	6.61	1.27
20020430	6.15	7.93	3.41
20020501	3.18	6.92	1.98
20020502	0.03	7.48	1.31
20020503	0.01	6.18	0.97
20020504	0.05	7.88	0.81
20020505	0.29	9.34	0.7
20020506	0.07	7.77	0.64
20020507	0.0	9.22	0.55
20020508	0.0	9.2	0.51
20020509	0.0	11.96	0.49
20020510	0.0	10.82	0.46
20020511	0.0	6.46	0.41
20020512	0.7	11.62	0.39
20020513	5.68	10.94	0.54
20020514	2.38	10.65	0.54
20020515	0.44	11.98	0.49
20020516	0.0	18.29	0.38
20020517	13.25	14.69	0.37
20020518	5.2	11.45	0.95
20020519	4.08	12.55	0.67
20020520	1.81	11.3	0.77
20020521	5.17	11.45	0.59
20020522	8.77	11.9	0.93
20020523	5.16	10.91	1.26
20020524	3.85	9.41	1.41
20020525	3.81	7.98	1.11
20020526	3.64	9.32	1.0
20020527	1.41	10.41	0.77
20020528	7.36	10.55	0.81
20020529	14.11	10.16	1.94
20020530	0.95	10.72	3.0
20020531	0.01	10.97	1.32
20020601	0.2	15.71	1.02
20020602	4.74	14.97	0.98
20020603	2.33	10.75	0.88
20020604	0.05	9.29	0.78
20020605	8.89	12.81	0.63
20020606	0.31	14.76	0.77
20020607	1.09	12.85	0.63
20020608	1.65	13.11	0.56
20020609	16.35	10.97	1.13
20020610	10.09	10.05	3.39
20020611	1.86	9.58	1.58
20020612	0.06	11.74	1.16
20020613	6.71	12.4	0.98
20020614	16.53	13.92	2.36
20020615	1.72	13.53	3.08
20020616	3.26	15.81	1.83
20020617	0.03	14.51	1.42
20020618	0.47	12.89	1.07
20020619	0.01	11.66	0.84
20020620	0.63	12.68	0.74
20020621	1.05	13.25	0.72
20020622	1.94	12.44	0.66
20020623	0.0	12.01	0.55
20020624	0.0	13.26	0.48
20020625	0.0	12.04	0.45
20020626	2.54	12.14	0.44
20020627	0.06	10.91	0.42
20020628	0.0	11.62	0.37
20020629	0.13	12.59	0.35
20020630	2.69	11.75	0.35
20020701	6.61	10.35	0.38
20020702	3.62	10.75	0.42
20020703	0.01	12.27	0.41
20020704	13.08	12.35	0.37
20020705	0.66	10.56	0.57
20020706	0.28	14.05	0.42
20020707	2.5	14.4	0.34
20020708	0.34	11.94	0.33
20020709	2.95	11.17	0.3
20020710	0.88	12.98	0.29
20020711	3.18	11.1	0.31
20020712	0.5	12.1	0.26
20020713	0.0	12.95	0.24
20020714	0.05	14.93	0.22
20020715	0.29	17.06	0.21
20020716	0.0	13.01	0.2
20020717	0.0	11.61	0.2
20020718	0.0	15.81	0.19
20020719	7.76	13.65	0.21
20020720	2.54	12.67	0.3
20020721	0.02	12.7	0.22
20020722	1.73	15.05	0.21
20020723	0.19	13.72	0.2
20020724	0.03	12.95	0.19
20020725	0.03	15.79	0.17
20020726	0.0	15.56	0.16
20020727	0.0	17.1	0.15
20020728	0.0	18.67	0.14
20020729	0.03	18.7	0.14
20020730	5.99	15.97	0.18
20020731	4.21	14.92	0.2
20020801	32.23	14.34	0.77
20020802	0.38	13.45	1.09
20020803	0.01	15.84	0.5
20020804	0.05	15.9	0.35
20020805	0.0	15.82	0.29
20020806	0.26	17.57	0.26
20020807	2.43	14.77	0.27
20020808	11.15	13.26	0.28
20020809	27.67	12.5	3.69
20020810	0.37	12.18	2.62
20020811	1.28	14.35	1.47
20020812	0.13	15.72	1.12
20020813	0.9	16.74	0.95
20020814	0.05	16.54	0.87
20020815	0.0	11.85	0.76
20020816	0.0	15.68	0.67
20020817	15.12	19.14	0.63
20020818	4.69	13.27	1.79
20020819	0.01	13.4	0.93
20020820	0.0	12.79	0.71
20020821	0.0	12.85	0.61
20020822	0.01	15.09	0.55
20020823	4.49	15.05	0.51
20020824	5.61	12.77	0.65
20020825	0.01	14.84	0.55
20020826	0.0	13.44	0.49
20020827	0.0	15.08	0.45
20020828	1.07	16.86	0.41
20020829	0.45	15.9	0.4
20020830	3.14	14.59	0.4
20020831	0.01	9.95	0.39
20020901	0.04	11.15	0.35
20020902	0.01	14.4	0.32
20020903	0.0	15.38	0.31
20020904	0.0	14.69	0.3
20020905	3.37	13.25	0.3
20020906	5.91	11.19	0.36
20020907	1.83	11.03	0.35
20020908	1.78	10.58	0.4
20020909	16.72	12.71	1.06
20020910	0.0	12.62	0.84
20020911	0.0	14.81	0.47
20020912	0.0	16.0	0.39
20020913	0.01	15.47	0.34
20020914	0.0	14.16	0.32
20020915	0.01	12.56	0.3
20020916	0.06	12.31	0.29
20020917	0.0	12.53	0.28
20020918	0.0	12.24	0.27
20020919	0.0	11.45	0.25
20020920	0.17	11.91	0.24
20020921	0.23	12.5	0.22
20020922	0.03	9.38	0.21
20020923	0.0	8.97	0.21
20020924	0.01	9.71	0.21
20020925	7.12	11.5	0.2
20020926	0.92	12.88	0.36
20020927	0.03	12.04	0.28
20020928	0.0	11.67	0.24
20020929	0.02	12.76	0.22
20020930	0.55	13.79	0.2
20021001	0.03	14.53	0.2
20021002	3.88	12.66	0.21
20021003	0.05	10.49	0.21
20021004	0.68	12.69	0.2
20021005	2.13	12.42	0.31
20021006	0.0	11.03	0.2
20021007	0.21	10.62	0.19
20021008	0.01	10.29	0.19
20021009	0.01	9.08	0.19
20021010	0.0	9.86	0.18
20021011	18.15	9.23	0.28
20021012	0.32	7.54	0.65
20021013	17.23	6.75	0.59
20021014	2.7	8.03	1.7
20021015	2.57	6.4	1.03
20021016	1.66	4.8	0.8
20021017	6.13	4.48	0.89
20021018	1.42	4.15	0.83
20021019	0.91	4.82	0.68
20021020	28.66	4.72	3.31
20021021	2.36	9.58	3.41
20021022	16.1	8.77	3.46
20021023	3.32	3.8	3.83
20021024	17.38	7.17	3.01
20021025	12.2	8.61	8.93
20021026	29.69	9.23	8.11
20021027	8.99	6.54	14.31
20021028	6.74	7.75	6.64
20021029	7.2	6.28	6.76
20021030	0.32	7.24	4.46
20021031	0.55	9.81	3.44
20021101	7.65	9.24	4.17
20021102	12.23	10.61	5.25
20021103	3.98	8.91	4.61
20021104	0.5	10.02	3.67
20021105	12.44	11.39	3.37
20021106	2.68	7.35	4.7
20021107	7.06	7.13	3.07
20021108	24.71	8.71	11.45
20021109	7.33	8.68	7.16
20021110	1.81	8.99	5.96
20021111	12.83	6.89	4.84
20021112	2.48	6.74	6.3
20021113	11.33	7.47	4.71
20021114	4.13	5.75	6.73
20021115	0.3	5.45	4.34
20021116	0.13	4.28	3.42
20021117	0.15	3.99	2.82
20021118	0.01	6.08	2.39
20021119	3.31	5.53	2.07
20021120	1.16	6.03	1.99
20021121	0.4	7.04	1.73
20021122	0.86	5.6	1.49
20021123	0.55	6.27	1.35
20021124	0.02	5.98	1.22
20021125	0.25	5.79	1.12
20021126	0.98	8.64	1.01
20021127	8.01	7.95	1.29
20021128	7.0	6.9	2.12
20021129	0.35	6.88	1.51
20021130	5.01	7.09	1.47
20021201	14.19	7.25	3.05
20021202	18.53	6.63	5.23
20021203	4.76	6.96	5.86
20021204	1.32	5.64	4.53
20021205	0.01	4.61	3.42
20021206	0.01	4.27	2.83
20021207	0.16	3.35	2.42
20021208	0.01	1.96	2.09
20021209	0.0	0.99	1.81
20021210	0.07	0.57	1.55
20021211	0.01	-0.23	1.35
20021212	0.59	0.41	1.24
20021213	0.26	1.92	1.2
20021214	6.08	2.96	1.2
20021215	13.02	3.21	2.63
20021216	3.63	2.49	3.76
20021217	0.0	-0.35	2.43
20021218	0.16	-0.34	2.03
20021219	0.0	1.32	1.88
20021220	0.01	3.07	1.71
20021221	12.21	6.46	2.55
20021222	1.31	8.0	2.69
20021223	4.27	9.83	2.26
20021224	7.84	8.32	4.1
20021225	2.61	7.14	3.05
20021226	10.06	7.23	3.27
20021227	1.9	7.28	4.9
20021228	11.36	5.78	3.35
20021229	11.73	7.07	9.01
20021230	0.73	3.97	5.4
20021231	5.14	4.57	4.16
20030101	0.59	7.25	4.46
20030102	12.36	3.33	3.92
20030103	0.62	0.22	4.06
20030104	0.08	-1.86	3.09
20030105	0.09	-1.48	2.66
20030106	0.09	-2.38	2.28
20030107	0.0	-3.46	1.95
20030108	0.01	-1.57	1.66
20030109	0.2	1.26	1.54
20030110	0.0	0.44	1.44
20030111	0.08	0.56	1.3
20030112	0.56	5.77	1.29
20030113	1.02	8.38	1.49
20030114	6.61	7.15	1.55
20030115	0.02	6.02	2.57
20030116	6.0	7.19	1.55
20030117	3.47	4.95	2.61
20030118	3.54	6.23	1.92
20030119	8.81	5.61	2.18
20030120	3.15	6.35	3.95
20030121	5.15	5.36	2.73
20030122	5.45	2.85	3.96
20030123	0.15	4.59	3.0
20030124	4.99	8.41	2.84
20030125	1.6	8.16	3.1
20030126	0.16	9.78	2.46
20030127	3.53	7.2	2.35
20030128	7.5	3.66	2.63
20030129	4.68	1.3	2.24
20030130	0.02	-1.39	2.15
20030131	3.92	1.27	1.94
20030201	3.36	4.16	2.71
20030202	5.48	2.74	3.01
20030203	6.94	1.79	2.18
20030204	8.05	0.83	1.98
20030205	1.25	-0.21	1.94
20030206	0.96	5.27	4.77
20030207	0.21	7.18	4.15
20030208	13.54	6.2	3.86
20030209	0.14	2.28	4.86
20030210	2.76	4.0	3.28
20030211	0.14	3.66	2.82
20030212	0.02	2.21	2.33
20030213	0.0	-0.57	2.02
20030214	0.0	-1.23	1.7
20030215	0.12	0.96	1.5
20030216	0.0	-1.5	1.37
20030217	0.0	-1.71	1.17
20030218	0.0	-0.65	1.05
20030219	0.0	0.23	0.96
20030220	0.0	2.45	0.91
20030221	0.01	4.55	0.88
20030222	0.57	4.13	0.82
20030223	3.14	4.94	0.89
20030224	0.02	5.88	0.85
20030225	0.03	6.46	0.76
20030226	0.38	8.02	0.69
20030227	0.58	6.16	0.67
20030228	7.99	6.25	0.84
20030301	13.78	5.61	3.14
20030302	0.11	5.35	2.02
20030303	2.12	6.71	1.45
20030304	2.44	7.85	1.97
20030305	0.03	4.92	1.55
20030306	0.02	6.46	1.28
20030307	12.22	4.69	1.69
20030308	16.43	8.01	7.92
20030309	8.79	8.0	4.8
20030310	8.14	8.1	6.25
20030311	3.09	6.16	5.33
20030312	0.01	4.13	4.14
20030313	0.0	2.56	3.02
20030314	0.0	4.18	2.47
20030315	0.0	3.69	2.08
20030316	0.0	5.98	1.77
20030317	0.0	7.19	1.49
20030318	0.0	6.14	1.32
20030319	0.02	5.47	1.14
20030320	0.0	5.23	1.04
20030321	0.0	6.03	0.99
20030322	0.0	6.44	0.91
20030323	0.01	11.16	0.83
20030324	0.0	7.47	0.78
20030325	0.0	7.23	0.73
20030326	0.02	8.49	0.65
20030327	0.0	8.44	0.59
20030328	0.0	11.03	0.56
20030329	0.0	5.35	0.5
20030330	0.0	4.59	0.49
20030331	14.7	8.99	0.51
20030401	2.86	6.1	1.01
20030402	0.02	6.59	0.64
20030403	0.0	8.06	0.55
20030404	0.01	8.23	0.5
20030405	0.0	9.26	0.47
20030406	0.0	8.13	0.45
20030407	0.0	4.57	0.4
20030408	0.0	3.85	0.37
20030409	0.0	2.34	0.39
20030410	0.0	4.24	0.37
20030411	0.0	6.42	0.36
20030412	0.0	6.98	0.34
20030413	3.73	11.36	0.34
20030414	0.0	12.99	0.34
20030415	0.0	15.55	0.31
20030416	0.0	15.66	0.31
20030417	0.0	13.44	0.28
20030418	0.0	11.37	0.27
20030419	0.0	7.66	0.27
20030420	0.32	7.61	0.26
20030421	1.4	7.96	0.25
20030422	0.04	6.91	0.24
20030423	0.0	10.2	0.23
20030424	3.24	8.69	0.24
20030425	3.04	9.02	0.27
20030426	8.43	9.33	0.27
20030427	21.76	10.11	0.37
20030428	3.97	10.55	1.43
20030429	6.28	10.18	0.79
20030430	6.82	9.4	0.74
20030501	9.74	9.13	1.16
20030502	17.91	6.95	6.01
20030503	9.7	9.6	4.26
20030504	5.73	11.55	2.9
20030505	0.4	8.31	2.19
20030506	0.31	9.66	1.64
20030507	1.43	10.86	1.5
20030508	0.46	9.26	1.19
20030509	2.95	6.75	1.1
20030510	3.68	9.68	0.97
20030511	3.69	8.43	1.09
20030512	1.78	7.58	0.9
20030513	1.96	8.06	0.8
20030514	0.21	6.27	0.7
20030515	7.42	9.96	0.61
20030516	4.97	9.68	0.85
20030517	12.52	10.58	2.42
20030518	2.35	10.55	3.52
20030519	17.7	9.48	2.95
20030520	5.4	10.03	4.66
20030521	14.55	11.17	3.42
20030522	3.56	11.0	3.9
20030523	4.11	10.27	2.86
20030524	5.71	10.41	3.46
20030525	0.29	9.68	2.98
20030526	1.52	12.9	2.06
20030527	0.24	13.16	1.75
20030528	0.04	14.46	1.42
20030529	0.0	16.24	1.22
20030530	0.03	17.92	1.05
20030531	0.0	15.87	0.94
20030601	0.46	15.35	0.83
20030602	0.05	12.34	0.73
20030603	0.01	12.52	0.69
20030604	8.47	11.88	0.74
20030605	3.75	13.62	0.76
20030606	0.56	13.87	0.71
20030607	5.92	14.1	0.6
20030608	1.06	12.88	0.65
20030609	1.34	14.13	0.56
20030610	2.34	14.21	0.56
20030611	0.58	12.97	0.47
20030612	0.1	12.63	0.44
20030613	0.01	13.76	0.4
20030614	0.0	14.76	0.39
20030615	0.0	12.88	0.36
20030616	7.34	17.7	0.37
20030617	0.12	14.7	0.39
20030618	1.94	15.0	0.36
20030619	0.0	13.45	0.34
20030620	0.0	11.31	0.32
20030621	0.58	15.78	0.3
20030622	0.66	17.13	0.29
20030623	0.01	13.67	0.28
20030624	0.0	13.04	0.25
20030625	0.16	17.47	0.24
20030626	3.72	16.76	0.23
20030627	4.22	12.63	0.27
20030628	0.0	13.49	0.24
20030629	13.77	16.8	0.22
20030630	9.89	12.94	0.57
20030701	0.82	13.54	0.42
20030702	0.08	14.06	0.34
20030703	0.01	13.39	0.29
20030704	0.0	12.82	0.27
20030705	0.0	12.59	0.25
20030706	0.05	14.0	0.24
20030707	1.21	16.63	0.22
20030708	0.04	16.32	0.22
20030709	0.02	18.42	0.2
20030710	0.54	14.67	0.2
20030711	0.01	12.52	0.2
20030712	0.0	14.49	0.19
20030713	0.0	19.32	0.18
20030714	0.0	21.68	0.15
20030715	0.0	22.44	0.14
20030716	2.27	21.74	0.14
20030717	44.94	15.39	2.16
20030718	0.02	18.61	0.78
20030719	1.45	16.98	0.48
20030720	7.82	15.69	0.49
20030721	1.28	15.73	0.7
20030722	0.04	15.31	0.47
20030723	2.67	15.11	0.4
20030724	11.72	15.38	0.38
20030725	3.16	14.36	0.76
20030726	1.61	13.74	0.53
20030727	1.5	13.85	0.42
20030728	4.65	15.22	0.39
20030729	14.12	14.98	0.79
20030730	2.06	13.93	1.58
20030731	1.83	14.61	0.84
20030801	0.0	14.41	0.64
20030802	0.0	13.05	0.49
20030803	0.01	14.83	0.42
20030804	0.0	21.25	0.37
20030805	0.06	21.17	0.34
20030806	0.0	17.53	0.32
20030807	0.0	19.11	0.31
20030808	0.07	21.36	0.29
20030809	7.54	23.22	0.27
20030810	1.24	17.22	0.36
20030811	0.02	16.31	0.3
20030812	0.02	16.25	0.27
20030813	0.09	13.14	0.25
20030814	0.0	13.29	0.24
20030815	0.01	13.64	0.23
20030816	0.0	16.02	0.22
20030817	0.03	16.48	0.2
20030818	0.01	15.04	0.19
20030819	0.0	13.18	0.19
20030820	0.01	14.53	0.17
20030821	1.15	16.33	0.17
20030822	0.92	16.86	0.18
20030823	0.73	18.94	0.18
20030824	0.0	15.47	0.16
20030825	0.0	14.93	0.15
20030826	0.0	13.59	0.14
20030827	0.0	14.07	0.14
20030828	1.33	11.3	0.16
20030829	8.49	10.45	0.22
20030830	0.15	10.25	0.21
20030831	0.02	10.94	0.16
20030901	0.16	11.75	0.16
20030902	0.5	12.27	0.16
20030903	0.02	13.38	0.15
20030904	0.0	14.19	0.13
20030905	1.99	14.99	0.13
20030906	1.87	11.23	0.14
20030907	9.1	13.69	0.14
20030908	4.47	10.11	0.22
20030909	6.83	12.24	0.23
20030910	6.0	12.64	0.29
20030911	1.12	13.32	0.29
20030912	0.01	13.69	0.25
20030913	0.0	16.05	0.2
20030914	0.0	16.82	0.18
20030915	0.0	15.04	0.16
20030916	0.0	15.41	0.14
20030917	0.0	18.75	0.14
20030918	18.92	15.86	0.13
20030919	26.22	13.34	1.95
20030920	4.16	10.66	1.5
20030921	9.52	14.99	0.83
20030922	11.44	9.32	2.34
20030923	1.87	8.22	1.75
20030924	0.0	9.15	1.12
20030925	1.18	11.13	0.89
20030926	1.87	8.4	0.82
20030927	2.12	8.55	0.76
20030928	1.64	9.64	0.71
20030929	2.24	11.82	0.68
20030930	0.07	10.94	0.63
20031001	0.08	10.27	0.56
20031002	0.01	10.99	0.5
20031003	0.95	10.36	0.47
20031004	8.85	6.18	0.49
20031005	4.81	8.36	0.72
20031006	4.31	8.7	0.77
20031007	1.72	10.3	0.72
20031008	1.9	12.89	0.68
20031009	1.37	12.11	0.66
20031010	0.01	9.54	0.6
20031011	0.01	11.6	0.54
20031012	4.25	10.55	0.51
20031013	2.23	9.18	0.67
20031014	0.01	9.05	0.65
20031015	0.0	8.42	0.55
20031016	0.0	9.07	0.51
20031017	0.0	7.59	0.48
20031018	0.01	6.1	0.46
20031019	0.31	5.66	0.46
20031020	1.93	3.37	0.45
20031021	15.54	3.11	0.62
20031022	1.37	2.77	1.28
20031023	4.68	4.18	0.87
20031024	6.32	4.17	1.31
20031025	11.16	4.96	3.0
20031026	0.08	3.86	2.44
20031027	0.08	6.11	1.78
20031028	8.72	7.18	2.0
20031029	16.52	4.85	5.12
20031030	15.15	4.44	5.13
20031031	2.19	6.16	6.71
20031101	8.7	7.55	4.16
20031102	23.67	8.04	8.26
20031103	0.05	7.03	7.75
20031104	0.04	11.31	4.5
20031105	0.01	10.76	3.35
20031106	0.01	11.41	2.63
20031107	0.0	8.94	2.18
20031108	0.0	4.94	1.88
20031109	0.28	7.34	1.65
20031110	0.01	9.04	1.44
20031111	2.81	8.48	1.32
20031112	4.86	7.74	1.32
20031113	7.71	8.3	1.43
20031114	10.42	7.72	3.8
20031115	5.45	5.86	2.28
20031116	4.1	6.94	2.82
20031117	1.11	11.84	2.37
20031118	1.6	11.45	2.19
20031119	5.08	10.45	2.62
20031120	2.37	5.93	2.78
20031121	0.1	4.04	2.19
20031122	0.01	1.91	1.9
20031123	0.25	2.85	1.69
20031124	2.0	5.35	1.55
20031125	13.73	6.26	3.16
20031126	1.35	3.43	4.03
20031127	0.81	3.39	2.66
20031128	1.18	6.01	2.35
20031129	6.22	7.2	2.86
20031130	3.56	4.35	2.58
20031201	19.82	6.49	8.12
20031202	1.76	6.09	5.4
20031203	0.36	5.85	4.21
20031204	0.04	4.03	3.31
20031205	0.22	5.65	2.74
20031206	0.0	3.0	2.35
20031207	0.0	0.28	2.04
20031208	0.09	1.3	1.81
20031209	0.03	3.63	1.66
20031210	7.18	6.53	1.53
20031211	3.32	4.41	1.63
20031212	10.47	8.55	2.07
20031213	4.69	7.76	2.99
20031214	2.44	4.46	2.14
20031215	0.02	2.34	1.92
20031216	0.0	3.41	1.7
20031217	0.08	2.5	1.56
20031218	0.11	3.17	1.44
20031219	2.93	4.19	1.4
20031220	16.42	4.16	2.59
20031221	5.31	2.26	3.99
20031222	5.01	3.83	3.03
20031223	1.86	7.82	4.05
20031224	0.79	8.02	3.24
20031225	6.23	8.37	4.16
20031226	8.1	5.12	5.46
20031227	3.74	2.09	3.95
20031228	1.88	0.71	3.62
20031229	0.03	-1.11	2.85
20031230	0.1	-1.65	2.41
20031231	18.48	2.39	4.84
20040101	4.94	3.39	8.44
20040102	2.24	2.27	4.74
20040103	0.07	4.22	3.89
20040104	0.16	6.78	3.19
20040105	8.56	7.93	3.46
20040106	0.75	5.76	3.79
20040107	8.06	8.48	3.31
20040108	5.06	5.79	3.86
20040109	0.73	5.75	3.41
20040110	11.71	7.66	4.0
20040111	0.94	4.66	5.46
20040112	7.39	5.67	4.24
20040113	2.58	4.05	4.14
20040114	4.14	2.43	3.41
20040115	26.77	4.65	11.29
20040116	6.8	2.7	10.02
20040117	0.04	1.0	6.14
20040118	2.05	4.12	4.52
20040119	11.89	8.13	4.16
20040120	8.97	6.91	10.57
20040121	0.76	6.4	5.91
20040122	0.06	8.43	4.47
20040123	2.97	6.28	3.55
20040124	0.39	3.75	2.88
20040125	0.11	2.08	2.46
20040126	0.4	0.38	2.13
20040127	4.66	0.51	1.94
20040128	5.58	0.23	1.88
20040129	1.57	2.3	1.67
20040130	18.02	6.85	4.44
20040131	14.35	7.43	11.92
20040201	16.76	8.7	7.68
20040202	26.36	11.19	14.54
20040203	21.81	11.41	31.24
20040204	23.18	11.02	27.36
20040205	1.25	8.76	9.89
20040206	7.72	5.45	7.27
20040207	5.79	3.25	5.73
20040208	0.44	0.99	4.45
20040209	0.66	3.7	3.56
20040210	0.03	7.1	3.04
20040211	0.0	6.88	2.49
20040212	0.0	7.95	2.13
20040213	0.56	4.98	1.91
20040214	0.17	4.24	1.65
20040215	0.09	3.52	1.44
20040216	3.99	5.21	1.35
20040217	0.01	1.81	1.26
20040218	0.05	2.87	1.1
20040219	0.08	2.59	0.98
20040220	0.02	2.03	0.89
20040221	0.0	1.55	0.79
20040222	0.0	0.43	0.71
20040223	1.17	1.82	0.66
20040224	3.77	1.91	0.87
20040225	1.03	-0.29	0.84
20040226	7.85	-1.55	0.73
20040227	2.85	-0.6	0.7
20040228	0.02	-1.39	0.61
20040229	0.01	-1.34	0.59
20040301	0.05	-0.25	0.58
20040302	0.04	2.31	0.62
20040303	4.09	5.5	1.89
20040304	0.17	5.61	1.76
20040305	0.6	4.22	1.09
20040306	0.56	5.11	0.94
20040307	0.04	3.25	0.84
20040308	0.01	2.19	0.75
20040309	0.0	2.14	0.7
20040310	0.18	1.35	0.67
20040311	0.72	1.11	0.7
20040312	0.81	2.65	0.65
20040313	8.46	6.51	0.8
20040314	3.5	8.57	2.2
20040315	5.4	10.43	1.69
20040316	1.79	9.92	2.0
20040317	0.12	7.43	1.26
20040318	19.83	7.24	1.94
20040319	3.99	7.69	6.5
20040320	3.24	7.98	5.78
20040321	2.97	6.2	3.42
20040322	2.11	4.8	2.86
20040323	0.12	4.48	2.49
20040324	3.53	4.69	2.1
20040325	2.03	3.14	2.48
20040326	0.66	5.53	2.14
20040327	0.02	6.58	1.85
20040328	0.01	7.65	1.6
20040329	0.06	7.09	1.4
20040330	0.0	7.42	1.28
20040331	0.1	10.33	1.12
20040401	1.32	8.93	1.06
20040402	2.68	9.73	1.05
20040403	12.05	7.76	1.88
20040404	9.35	6.78	3.2
20040405	3.56	5.9	2.59
20040406	4.42	4.74	2.37
20040407	0.31	5.26	1.88
20040408	0.44	3.25	1.63
20040409	1.07	7.53	1.48
20040410	0.0	8.54	1.39
20040411	0.01	8.3	1.24
20040412	0.08	8.0	1.12
20040413	0.97	8.74	1.06
20040414	0.02	8.63	1.07
20040415	3.34	6.83	0.94
20040416	0.88	5.7	0.88
20040417	8.91	7.0	1.14
20040418	0.5	5.69	1.44
20040419	0.33	6.79	1.02
20040420	1.22	9.13	0.8
20040421	3.07	9.87	0.88
20040422	0.0	9.54	0.72
20040423	0.0	12.21	0.65
20040424	0.0	12.28	0.55
20040425	0.0	12.56	0.49
20040426	0.02	11.2	0.47
20040427	1.77	8.55	0.45
20040428	0.61	7.17	0.47
20040429	0.02	7.29	0.47
20040430	0.01	8.93	0.44
20040501	0.0	10.72	0.41
20040502	0.8	10.42	0.38
20040503	15.65	8.21	0.47
20040504	13.99	6.19	1.09
20040505	12.56	6.6	4.38
20040506	0.48	6.87	2.16
20040507	0.29	9.77	1.47
20040508	5.78	8.73	1.41
20040509	0.17	10.42	1.43
20040510	0.04	11.44	1.24
20040511	0.1	11.59	1.08
20040512	0.05	11.42	0.99
20040513	0.08	11.48	0.91
20040514	0.0	12.2	0.83
20040515	0.0	11.99	0.74
20040516	0.0	14.41	0.69
20040517	0.0	11.53	0.59
20040518	0.0	13.31	0.58
20040519	0.27	12.87	0.5
20040520	0.07	9.02	0.45
20040521	0.1	7.84	0.41
20040522	0.0	8.6	0.41
20040523	0.0	9.66	0.4
20040524	0.0	9.88	0.34
20040525	0.0	9.22	0.32
20040526	0.0	10.32	0.31
20040527	0.08	13.06	0.31
20040528	2.05	12.55	0.31
20040529	0.98	11.96	0.3
20040530	0.5	11.4	0.33
20040531	5.0	14.05	0.3
20040601	0.12	11.6	0.36
20040602	0.12	12.36	0.29
20040603	1.22	14.16	0.28
20040604	0.03	14.79	0.27
20040605	0.0	14.47	0.25
20040606	0.01	16.62	0.22
20040607	0.0	17.42	0.2
20040608	0.06	16.82	0.19
20040609	0.63	15.86	0.18
20040610	1.03	14.03	0.17
20040611	1.17	13.26	0.18
20040612	0.0	12.52	0.17
20040613	0.0	17.37	0.15
20040614	0.0	17.06	0.13
20040615	0.52	14.97	0.14
20040616	0.0	16.21	0.13
20040617	2.63	12.09	0.13
20040618	5.17	9.51	0.13
20040619	0.99	9.61	0.15
20040620	1.69	10.04	0.13
20040621	2.85	9.4	0.13
20040622	20.83	14.04	0.23
20040623	9.4	12.15	0.41
20040624	5.21	10.13	0.36
20040625	0.36	11.67	0.29
20040626	2.42	13.91	0.22
20040627	3.15	12.75	0.21
20040628	2.16	13.64	0.17
20040629	3.18	13.83	0.15
20040630	5.51	12.21	0.18
20040701	1.5	12.67	0.21
20040702	6.32	12.73	0.2
20040703	1.17	12.04	0.25
20040704	1.48	12.46	0.23
20040705	0.0	12.21	0.19
20040706	4.93	14.04	0.21
20040707	1.44	13.69	0.2
20040708	8.82	10.42	0.27
20040709	0.22	11.72	0.25
20040710	1.33	11.75	0.2
20040711	0.1	12.09	0.18
20040712	0.04	10.73	0.16
20040713	4.26	14.87	0.15
20040714	1.82	14.96	0.16
20040715	13.61	13.91	0.4
20040716	11.7	13.42	0.36
20040717	1.62	12.59	0.7
20040718	0.01	12.74	0.41
20040719	4.1	15.06	0.31
20040720	1.44	16.79	0.29
20040721	0.02	14.95	0.25
20040722	3.03	13.68	0.24
20040723	0.01	13.85	0.22
20040724	2.51	13.31	0.21
20040725	4.32	12.8	0.24
20040726	0.35	14.35	0.26
20040727	0.15	16.01	0.23
20040728	1.1	16.35	0.22
20040729	0.9	17.36	0.19
20040730	0.02	14.21	0.16
20040731	0.0	13.91	0.15
20040801	0.36	19.63	0.13
20040802	0.48	19.47	0.12
20040803	9.66	17.16	0.21
20040804	0.11	17.15	0.22
20040805	5.07	17.94	0.37
20040806	0.02	16.18	0.24
20040807	0.0	19.94	0.18
20040808	31.45	20.27	0.29
20040809	1.36	17.32	0.95
20040810	0.64	17.08	0.46
20040811	10.17	18.08	0.37
20040812	3.2	16.18	0.61
20040813	0.31	16.17	0.51
20040814	0.04	17.11	0.37
20040815	5.12	17.43	0.31
20040816	1.11	15.82	0.3
20040817	4.61	17.06	0.28
20040818	9.37	16.2	0.44
20040819	18.69	14.42	1.78
20040820	8.34	11.7	4.51
20040821	0.28	11.32	2.0
20040822	11.14	14.41	1.38
20040823	14.35	14.61	2.4
20040824	3.99	14.3	2.58
20040825	0.17	14.48	2.05
20040826	10.58	14.57	1.84
20040827	0.11	12.43	2.06
20040828	1.18	12.52	1.43
20040829	2.12	13.28	1.25
20040830	0.07	11.46	1.09
20040831	0.0	10.7	0.98
20040901	0.02	12.94	0.84
20040902	0.01	13.96	0.74
20040903	0.18	16.66	0.67
20040904	0.02	15.44	0.61
20040905	0.0	17.1	0.56
20040906	0.0	15.83	0.51
20040907	0.0	14.33	0.51
20040908	0.0	14.31	0.46
20040909	1.18	16.51	0.42
20040910	12.55	14.99	0.59
20040911	12.19	11.91	1.12
20040912	18.66	11.74	2.78
20040913	10.05	10.99	2.56
20040914	8.32	10.79	2.97
20040915	0.21	9.99	2.49
20040916	7.08	13.17	1.96
20040917	5.38	13.52	2.02
20040918	0.68	11.85	2.04
20040919	13.88	12.39	2.11
20040920	0.41	11.33	3.09
20040921	3.76	11.3	1.66
20040922	14.67	13.03	2.37
20040923	1.07	10.09	4.22
20040924	0.02	10.18	2.3
20040925	0.08	13.76	1.89
20040926	0.08	14.44	1.57
20040927	0.05	14.34	1.4
20040928	0.56	12.18	1.24
20040929	6.19	12.36	1.15
20040930	0.34	10.65	1.31
20041001	5.5	10.29	1.16
20041002	3.95	9.79	1.6
20041003	25.0	11.29	4.0
20041004	10.91	9.82	5.28
20041005	9.93	9.28	6.91
20041006	3.3	8.46	4.47
20041007	0.51	7.72	3.4
20041008	0.01	7.69	2.62
20041009	0.0	8.25	2.18
20041010	0.0	8.96	1.84
20041011	0.0	8.19	1.6
20041012	1.09	7.5	1.44
20041013	0.4	7.65	1.32
20041014	23.78	7.97	3.06
20041015	20.88	7.9	8.26
20041016	8.22	8.2	7.18
20041017	14.83	7.78	8.04
20041018	0.86	6.69	8.04
20041019	17.96	8.31	6.01
20041020	9.48	7.44	8.76
20041021	13.19	8.51	9.98
20041022	41.9	10.55	27.09
20041023	6.03	11.07	13.55
20041024	11.83	10.94	9.21
20041025	2.19	6.18	7.72
20041026	0.12	7.54	5.33
20041027	3.29	8.66	4.26
20041028	0.24	10.48	3.56
20041029	0.52	10.25	2.84
20041030	0.05	8.71	2.37
20041031	0.0	8.51	2.06
20041101	0.0	7.44	1.83
20041102	0.6	8.63	1.66
20041103	4.3	8.64	1.5
20041104	0.05	8.14	1.48
20041105	6.14	8.93	1.25
20041106	9.87	9.96	2.58
20041107	4.72	9.35	2.6
20041108	3.16	7.57	2.86
20041109	10.53	7.66	4.43
20041110	0.34	6.15	4.4
20041111	0.18	9.32	3.43
20041112	4.13	6.52	3.19
20041113	0.78	4.67	2.64
20041114	0.01	6.22	2.29
20041115	0.42	8.51	2.05
20041116	1.28	10.68	1.87
20041117	13.05	7.26	2.37
20041118	24.88	1.35	7.18
20041119	2.3	1.38	5.01
20041120	2.74	3.75	4.92
20041121	1.24	9.18	6.01
20041122	0.04	10.04	4.14
20041123	0.07	8.47	3.25
20041124	0.34	8.76	2.78
20041125	6.23	8.79	2.48
20041126	0.22	5.92	2.84
20041127	10.41	5.35	2.79
20041128	0.01	2.38	3.1
20041129	0.2	2.94	2.5
20041130	0.07	4.81	2.29
20041201	1.28	3.82	2.08
20041202	0.51	3.52	1.92
20041203	0.04	7.09	1.72
20041204	0.26	8.28	1.57
20041205	0.05	7.85	1.44
20041206	2.74	6.74	1.39
20041207	0.07	5.78	1.37
20041208	0.08	4.9	1.21
20041209	0.19	1.92	1.11
20041210	0.17	6.44	1.03
20041211	0.08	6.48	0.98
20041212	0.0	3.5	0.95
20041213	0.01	5.49	0.91
20041214	10.9	8.71	0.9
20041215	4.04	6.58	2.28
20041216	5.29	5.49	1.97
20041217	8.1	3.95	3.39
20041218	0.6	2.12	2.45
20041219	0.04	-0.66	1.96
20041220	11.68	2.93	3.04
20041221	15.12	4.95	3.81
20041222	4.16	9.29	6.55
20041223	2.59	6.88	4.39
20041224	11.39	2.65	6.23
20041225	9.33	0.95	4.51
20041226	0.37	1.03	4.65
20041227	12.43	4.69	7.59
20041228	0.46	3.63	5.64
20041229	0.1	7.73	4.22
20041230	5.09	8.82	3.57
20041231	0.05	6.96	3.29
20050101	8.21	5.94	4.1
20050102	0.31	5.09	2.97
20050103	3.57	7.54	2.77
20050104	2.87	5.67	3.19
20050105	10.59	5.64	5.82
20050106	8.98	8.68	5.01
20050107	43.71	7.05	26.46
20050108	1.45	5.54	11.38
20050109	12.21	9.17	10.93
20050110	0.7	7.77	7.72
20050111	4.47	7.31	5.96
20050112	0.12	4.02	3.95
20050113	0.14	3.41	3.08
20050114	0.42	6.95	2.62
20050115	0.69	9.09	2.3
20050116	5.16	7.6	2.11
20050117	7.21	3.78	2.55
20050118	3.5	2.78	2.58
20050119	5.35	7.62	2.1
20050120	12.25	6.89	3.57
20050121	1.63	2.25	2.73
20050122	1.57	0.92	2.36
20050123	0.08	1.8	2.1
20050124	0.05	1.94	1.77
20050125	0.06	3.54	1.61
20050126	0.4	3.59	1.47
20050127	0.24	4.21	1.38
20050128	0.02	4.11	1.26
20050129	0.05	4.71	1.13
20050130	0.23	5.89	1.08
20050131	1.69	7.51	1.06
20050201	0.61	5.01	1.54
20050202	1.6	5.95	1.23
20050203	0.22	6.63	1.18
20050204	4.01	5.48	1.24
20050205	0.39	2.49	1.23
20050206	0.02	1.48	1.04
20050207	0.16	3.44	0.98
20050208	2.78	6.33	0.97
20050209	14.3	6.89	2.17
20050210	0.02	3.71	2.91
20050211	18.41	6.35	4.04
20050212	4.65	3.6	4.74
20050213	2.33	2.7	3.32
20050214	0.23	2.4	2.72
20050215	0.0	0.73	2.31
20050216	1.27	2.07	2.02
20050217	0.04	4.58	1.79
20050218	3.44	3.66	1.72
20050219	0.41	0.89	1.6
20050220	0.28	0.53	1.38
20050221	0.06	0.82	1.21
20050222	0.54	-0.07	1.07
20050223	2.8	-0.23	1.0
20050224	1.43	0.54	1.0
20050225	0.49	1.45	1.03
20050226	0.52	1.67	1.05
20050227	0.24	-0.02	1.02
20050228	7.1	1.77	0.99
20050301	0.98	1.41	1.59
20050302	1.1	0.08	1.16
20050303	3.41	1.89	1.02
20050304	0.1	3.01	1.22
20050305	0.07	-0.01	1.02
20050306	0.1	1.19	0.88
20050307	0.31	4.63	0.86
20050308	0.0	3.0	0.82
20050309	0.81	4.51	0.77
20050310	0.02	5.35	0.75
20050311	3.19	3.58	0.78
20050312	0.85	2.24	0.72
20050313	1.64	1.21	0.74
20050314	7.64	5.49	1.24
20050315	6.97	9.53	2.61
20050316	3.26	10.21	3.82
20050317	0.06	10.05	2.31
20050318	0.02	8.44	1.68
20050319	0.0	12.54	1.38
20050320	0.0	12.52	1.3
20050321	2.64	11.35	1.15
20050322	1.32	10.84	1.26
20050323	2.58	11.54	1.0
20050324	1.69	11.78	0.97
20050325	0.07	8.54	0.83
20050326	1.07	8.78	0.77
20050327	1.85	6.46	0.8
20050328	0.13	7.29	0.82
20050329	3.9	7.53	0.73
20050330	23.8	5.98	4.65
20050331	1.0	8.01	2.59
20050401	0.49	7.69	2.0
20050402	0.01	10.44	1.69
20050403	0.54	8.99	1.5
20050404	0.69	6.35	1.32
20050405	17.07	7.03	1.74
20050406	11.48	4.98	3.89
20050407	0.6	4.43	3.35
20050408	0.78	2.3	2.22
20050409	0.4	6.31	1.89
20050410	0.16	9.66	1.63
20050411	0.26	9.96	1.5
20050412	9.49	7.25	1.37
20050413	4.12	6.59	1.59
20050414	9.13	5.51	1.85
20050415	29.96	2.49	9.89
20050416	1.0	2.54	10.11
20050417	19.79	6.25	6.55
20050418	1.76	3.97	9.93
20050419	9.1	6.44	6.5
20050420	0.17	5.71	4.79
20050421	0.01	6.64	3.63
20050422	0.54	9.46	2.89
20050423	0.52	8.7	2.38
20050424	0.0	8.55	1.99
20050425	0.86	10.8	1.7
20050426	3.51	8.49	1.55
20050427	4.49	9.67	1.44
20050428	0.57	9.83	1.52
20050429	9.44	11.09	1.12
20050430	0.75	13.03	1.58
20050501	1.18	13.65	1.19
20050502	6.78	12.64	1.21
20050503	5.75	10.92	1.08
20050504	0.06	8.59	1.16
20050505	2.0	9.69	1.04
20050506	7.45	8.53	1.08
20050507	1.36	7.46	1.22
20050508	1.95	6.73	0.99
20050509	0.63	4.72	0.93
20050510	0.0	5.17	0.77
20050511	0.0	6.87	0.68
20050512	0.0	8.94	0.65
20050513	0.0	9.74	0.58
20050514	0.0	7.96	0.53
20050515	0.0	11.0	0.5
20050516	1.26	6.54	0.49
20050517	0.33	5.83	0.46
20050518	3.55	8.97	0.49
20050519	2.89	12.35	0.48
20050520	0.94	9.41	0.52
20050521	5.11	9.2	0.41
20050522	3.94	8.22	0.42
20050523	6.87	9.3	0.55
20050524	3.12	11.39	0.61
20050525	0.79	14.25	0.64
20050526	0.08	12.29	0.45
20050527	0.03	16.64	0.36
20050528	0.04	9.7	0.39
20050529	0.0	8.78	0.28
20050530	0.38	10.36	0.21
20050531	0.82	11.69	0.21
20050601	4.23	13.56	0.27
20050602	2.64	12.54	0.33
20050603	0.77	12.55	0.31
20050604	1.54	12.29	0.28
20050605	1.15	12.03	0.27
20050606	0.0	10.79	0.26
20050607	0.0	11.19	0.24
20050608	0.0	12.19	0.21
20050609	0.0	13.57	0.2
20050610	0.0	12.18	0.19
20050611	0.0	10.56	0.18
20050612	0.32	8.71	0.17
20050613	3.34	10.46	0.18
20050614	1.95	11.42	0.21
20050615	1.0	13.89	0.17
20050616	2.71	15.35	0.17
20050617	0.11	16.82	0.17
20050618	0.0	20.27	0.15
20050619	0.12	17.46	0.13
20050620	0.3	15.3	0.11
20050621	0.01	15.68	0.1
20050622	0.0	16.09	0.09
20050623	0.08	16.0	0.09
20050624	7.47	15.42	0.12
20050625	0.01	12.22	0.11
20050626	0.01	12.83	0.09
20050627	0.0	13.25	0.08
20050628	9.17	17.58	0.09
20050629	18.29	15.59	1.07
20050630	3.22	14.6	0.67
20050701	1.87	14.85	0.39
20050702	0.83	13.96	0.32
20050703	2.4	12.72	0.26
20050704	1.86	11.69	0.22
20050705	7.76	13.42	0.25
20050706	0.04	12.15	0.33
20050707	0.0	14.17	0.25
20050708	0.0	14.42	0.18
20050709	0.0	17.22	0.15
20050710	0.0	18.66	0.12
20050711	0.0	19.92	0.1
20050712	0.0	20.29	0.08
20050713	0.0	17.1	0.08
20050714	0.01	18.95	0.07
20050715	0.0	14.71	0.06
20050716	0.0	15.17	0.06
20050717	0.38	17.54	0.05
20050718	1.99	14.18	0.05
20050719	0.24	14.26	0.05
20050720	0.0	14.12	0.05
20050721	0.0	14.24	0.04
20050722	0.14	14.57	0.04
20050723	0.01	16.28	0.05
20050724	15.82	12.18	0.17
20050725	0.02	12.12	0.14
20050726	0.01	13.51	0.08
20050727	9.0	14.07	0.07
20050728	6.97	13.07	0.18
20050729	9.15	13.99	0.27
20050730	1.21	14.03	0.22
20050731	0.06	12.82	0.15
20050801	0.1	12.32	0.12
20050802	0.48	14.8	0.09
20050803	0.12	14.82	0.07
20050804	5.19	14.74	0.08
20050805	0.1	13.35	0.1
20050806	0.01	12.5	0.07
20050807	0.0	11.86	0.06
20050808	0.0	13.9	0.06
20050809	0.0	16.9	0.05
20050810	0.0	15.7	0.04
20050811	0.14	15.75	0.04
20050812	4.05	13.35	0.04
20050813	16.45	14.68	0.24
20050814	0.0	13.59	0.16
20050815	0.6	15.6	0.11
20050816	0.0	15.61	0.09
20050817	0.0	17.12	0.09
20050818	0.02	15.31	0.06
20050819	0.43	14.36	0.05
20050820	0.01	12.8	0.04
20050821	17.56	16.53	0.06
20050822	0.01	11.68	0.2
20050823	7.78	14.41	0.11
20050824	3.96	12.6	0.17
20050825	2.35	11.59	0.21
20050826	0.23	12.36	0.15
20050827	0.01	14.19	0.11
20050828	2.2	15.41	0.08
20050829	3.76	13.78	0.1
20050830	0.0	17.64	0.12
20050831	4.74	17.52	0.1
20050901	1.01	11.0	0.1
20050902	0.0	13.18	0.11
20050903	0.07	16.33	0.08
20050904	7.38	19.34	0.07
20050905	0.04	14.41	0.1
20050906	0.0	16.45	0.07
20050907	0.54	16.07	0.06
20050908	11.14	15.1	0.09
20050909	9.09	14.63	0.15
20050910	2.0	13.74	0.61
20050911	0.01	13.17	0.35
20050912	0.0	15.79	0.23
20050913	2.19	15.46	0.16
20050914	2.7	13.81	0.14
20050915	9.43	10.77	0.35
20050916	1.55	8.63	0.41
20050917	0.01	11.41	0.26
20050918	0.0	11.68	0.2
20050919	0.84	13.69	0.16
20050920	0.0	12.01	0.14
20050921	0.27	13.33	0.12
20050922	0.65	14.91	0.11
20050923	0.9	9.6	0.11
20050924	1.52	11.13	0.11
20050925	0.04	11.98	0.1
20050926	7.75	13.46	0.12
20050927	0.35	10.07	0.21
20050928	18.59	9.61	0.9
20050929	3.77	12.42	0.69
20050930	6.66	12.51	0.85
20051001	4.93	9.63	0.89
20051002	0.07	11.1	0.7
20051003	0.0	10.08	0.5
20051004	0.0	8.83	0.42
20051005	0.0	10.23	0.36
20051006	0.01	11.4	0.33
20051007	2.22	12.45	0.31
20051008	2.55	8.34	0.36
20051009	0.07	11.02	0.33
20051010	11.57	14.76	0.3
20051011	53.36	11.96	9.35
20051012	1.65	9.84	6.55
20051013	0.0	7.68	3.07
20051014	0.01	10.39	2.22
20051015	0.0	13.32	1.75
20051016	0.53	13.19	1.44
20051017	0.0	12.62	1.23
20051018	14.91	9.66	1.18
20051019	2.88	9.5	2.05
20051020	4.78	10.25	1.54
20051021	5.91	10.53	1.85
20051022	0.97	8.83	1.66
20051023	33.06	11.17	3.43
20051024	17.84	12.24	12.33
20051025	14.06	11.11	11.74
20051026	7.41	14.0	7.99
20051027	1.61	15.02	4.92
20051028	0.99	12.7	3.62
20051029	4.64	14.09	2.89
20051030	3.32	12.21	3.59
20051031	5.4	9.61	2.68
20051101	8.71	10.09	2.89
20051102	13.08	13.47	4.38
20051103	14.67	10.28	9.08
20051104	3.63	6.89	6.64
20051105	10.63	10.86	5.82
20051106	6.11	8.21	6.23
20051107	31.61	9.34	9.71
20051108	16.92	7.73	19.87
20051109	2.43	8.68	8.17
20051110	8.09	11.96	6.55
20051111	5.64	8.09	7.59
20051112	6.63	6.08	5.33
20051113	0.08	4.57	4.45
20051114	1.63	7.99	3.55
20051115	1.33	6.09	2.96
20051116	0.01	2.1	2.45
20051117	0.09	1.27	2.01
20051118	0.1	0.81	1.64
20051119	0.18	1.33	1.4
20051120	0.01	3.33	1.33
20051121	0.16	2.61	1.17
20051122	0.19	1.83	1.05
20051123	0.88	4.45	0.96
20051124	6.45	3.77	1.09
20051125	7.16	3.08	1.4
20051126	2.61	3.78	2.36
20051127	0.09	2.48	1.58
20051128	1.6	1.37	1.29
20051129	1.92	2.71	1.25
20051130	0.25	6.41	1.34
20051201	6.53	6.15	1.61
20051202	5.46	5.59	2.05
20051203	16.84	5.33	3.28
20051204	9.35	5.96	4.79
20051205	10.94	4.42	5.46
20051206	0.08	2.37	4.52
20051207	4.26	2.64	3.6
20051208	0.0	4.3	3.05
20051209	0.32	6.78	2.52
20051210	0.01	7.53	2.15
20051211	0.45	5.77	1.9
20051212	0.06	1.77	1.71
20051213	0.1	4.17	1.49
20051214	0.56	7.69	1.37
20051215	0.8	8.27	1.29
20051216	1.24	4.81	1.21
20051217	0.0	0.96	1.07
20051218	3.86	4.66	1.15
20051219	0.3	5.02	1.1
20051220	1.34	6.78	1.07
20051221	2.88	7.82	1.1
20051222	0.21	8.06	1.07
20051223	1.01	7.31	0.95
20051224	0.06	4.03	0.91
20051225	0.03	1.67	0.85
20051226	0.16	0.84	0.79
20051227	0.05	-1.74	0.74
20051228	0.07	-3.22	0.67
20051229	5.73	-0.67	0.65
20051230	4.73	6.48	1.17
20051231	9.63	5.8	2.43
20060101	1.75	5.15	4.46
20060102	1.13	6.73	2.75
20060103	0.8	4.17	2.29
20060104	0.02	1.98	2.02
20060105	0.02	-0.72	1.75
20060106	0.2	-0.26	1.54
20060107	0.58	-1.23	1.44
20060108	0.36	-1.08	1.28
20060109	2.9	4.41	1.27
20060110	14.13	7.48	4.19
20060111	0.07	4.17	3.52
20060112	0.0	6.77	2.29
20060113	4.6	6.36	1.97
20060114	0.08	4.27	1.96
20060115	2.93	5.6	1.65
20060116	1.05	5.61	1.74
20060117	1.52	7.51	1.53
20060118	0.5	9.15	1.5
20060119	2.98	6.64	1.61
20060120	0.2	5.54	1.63
20060121	0.0	3.74	1.3
20060122	0.13	2.54	1.21
20060123	0.02	1.44	1.12
20060124	0.0	1.71	1.07
20060125	0.0	1.2	0.98
20060126	0.07	1.14	0.9
20060127	0.52	2.12	0.89
20060128	0.0	-0.59	0.83
20060129	0.03	-0.18	0.74
20060130	0.15	-0.35	0.69
20060131	0.09	-1.62	0.65
20060201	0.01	-0.07	0.64
20060202	0.01	0.42	0.61
20060203	0.01	2.1	0.57
20060204	0.0	3.97	0.58
20060205	0.0	4.3	0.58
20060206	0.0	6.53	0.52
20060207	6.08	6.22	0.56
20060208	1.16	3.43	0.66
20060209	0.01	-0.83	0.56
20060210	0.15	0.71	0.48
20060211	4.69	4.65	0.47
20060212	8.66	8.21	1.4
20060213	4.21	6.83	1.16
20060214	13.24	6.99	2.93
20060215	4.56	5.49	3.08
20060216	8.41	4.19	3.57
20060217	0.07	2.92	3.0
20060218	0.02	1.86	2.25
20060219	0.09	3.32	1.87
20060220	0.05	3.78	1.6
20060221	0.69	2.87	1.39
20060222	0.57	0.54	1.26
20060223	18.91	1.81	2.73
20060224	0.52	0.58	4.18
20060225	0.38	2.95	2.55
20060226	0.47	2.45	2.15
20060227	3.33	2.5	1.92
20060228	2.11	-0.13	1.77
20060301	8.11	-0.7	1.6
20060302	5.91	-3.8	1.4
20060303	3.38	-2.11	1.35
20060304	4.03	0.71	1.24
20060305	2.74	1.74	1.29
20060306	4.2	2.61	1.58
20060307	6.01	6.54	8.22
20060308	8.49	7.04	7.68
20060309	13.23	5.33	5.87
20060310	10.91	4.23	8.76
20060311	9.75	1.46	5.82
20060312	1.54	0.72	4.65
20060313	4.1	2.89	4.52
20060314	5.64	6.5	6.01
20060315	0.05	2.41	4.44
20060316	0.88	0.62	3.22
20060317	0.87	0.59	2.7
20060318	0.07	2.31	2.27
20060319	0.23	3.82	1.98
20060320	0.22	2.14	1.74
20060321	0.01	0.17	1.48
20060322	0.01	0.68	1.31
20060323	2.66	3.51	1.21
20060324	6.05	7.3	1.37
20060325	9.14	10.02	2.73
20060326	13.95	11.12	3.87
20060327	15.21	8.9	10.38
20060328	6.08	4.96	8.62
20060329	7.98	7.09	5.78
20060330	6.27	8.6	6.77
20060331	6.16	7.51	5.73
20060401	1.76	8.34	5.42
20060402	14.73	6.31	6.73
20060403	0.8	4.19	5.28
20060404	0.01	0.82	3.85
20060405	0.1	4.98	2.98
20060406	6.38	5.34	2.92
20060407	7.18	4.63	2.75
20060408	4.14	4.5	2.84
20060409	2.64	1.69	2.59
20060410	7.85	4.33	2.33
20060411	4.34	7.56	4.44
20060412	3.04	8.74	2.8
20060413	0.37	8.17	2.42
20060414	0.09	7.67	1.95
20060415	1.72	9.49	1.72
20060416	0.15	8.62	1.59
20060417	4.55	7.89	1.43
20060418	11.65	8.48	1.49
20060419	0.18	6.68	2.2
20060420	0.68	9.44	1.51
20060421	0.01	9.06	1.3
20060422	0.69	10.07	1.24
20060423	0.01	6.7	1.06
20060424	2.14	10.71	1.09
20060425	0.48	10.04	0.98
20060426	0.57	9.94	0.85
20060427	0.0	9.17	0.77
20060428	0.01	8.1	0.71
20060429	0.0	7.95	0.67
20060430	6.89	7.25	0.68
20060501	0.62	7.16	0.73
20060502	0.92	10.18	0.73
20060503	0.65	10.97	0.55
20060504	0.99	15.5	0.51
20060505	0.01	9.34	0.49
20060506	0.35	11.39	0.47
20060507	1.14	10.64	0.46
20060508	12.52	10.87	0.63
20060509	0.01	11.01	0.57
20060510	0.0	14.05	0.49
20060511	0.84	14.63	0.51
20060512	6.6	13.91	1.43
20060513	0.4	9.17	1.18
20060514	1.41	12.49	0.81
20060515	1.43	11.97	0.74
20060516	0.02	13.23	0.74
20060517	9.83	13.18	1.1
20060518	7.92	12.03	1.22
20060519	15.23	10.68	1.73
20060520	4.08	8.09	4.15
20060521	19.85	10.46	4.61
20060522	7.71	6.11	7.31
20060523	11.97	7.93	5.51
20060524	0.14	6.84	4.79
20060525	6.04	10.74	3.24
20060526	0.12	13.55	2.94
20060527	0.99	12.23	2.3
20060528	1.76	9.84	1.86
20060529	3.6	8.08	1.78
20060530	0.01	7.43	1.44
20060531	0.0	9.68	1.22
20060601	0.07	11.26	1.07
20060602	0.0	11.75	0.93
20060603	0.0	13.15	0.81
20060604	0.0	14.22	0.75
20060605	0.0	14.36	0.7
20060606	0.01	15.7	0.61
20060607	0.0	14.65	0.57
20060608	0.0	17.44	0.54
20060609	0.0	19.17	0.51
20060610	0.0	20.58	0.48
20060611	3.37	17.93	0.46
20060612	0.01	15.33	0.44
20060613	0.2	12.09	0.42
20060614	0.0	12.5	0.39
20060615	0.0	13.78	0.37
20060616	0.08	16.05	0.36
20060617	0.32	17.81	0.34
20060618	6.09	14.0	0.36
20060619	1.34	12.76	0.36
20060620	4.38	12.31	0.34
20060621	1.2	11.48	0.32
20060622	0.01	11.6	0.3
20060623	0.22	13.6	0.28
20060624	0.33	14.14	0.27
20060625	1.5	13.76	0.26
20060626	7.47	12.71	0.28
20060627	4.01	13.13	0.34
20060628	0.09	13.86	0.29
20060629	0.0	15.4	0.25
20060630	0.0	15.95	0.24
20060701	0.08	18.81	0.23
20060702	12.1	20.9	0.26
20060703	0.02	18.85	0.33
20060704	0.01	20.32	0.26
20060705	3.87	20.88	0.27
20060706	0.16	18.38	0.26
20060707	0.07	13.93	0.22
20060708	6.04	13.73	0.22
20060709	0.51	14.29	0.25
20060710	0.58	14.31	0.25
20060711	0.0	14.43	0.22
20060712	0.23	14.7	0.21
20060713	0.01	12.05	0.21
20060714	0.0	15.89	0.21
20060715	0.0	16.41	0.21
20060716	0.0	18.32	0.19
20060717	0.0	19.5	0.18
20060718	0.0	22.46	0.2
20060719	1.63	24.7	0.18
20060720	0.01	20.01	0.17
20060721	0.0	18.17	0.16
20060722	0.14	18.96	0.16
20060723	0.0	16.58	0.16
20060724	0.0	18.38	0.16
20060725	0.0	22.14	0.16
20060726	0.0	18.89	0.16
20060727	0.0	17.23	0.16
20060728	0.0	18.48	0.16
20060729	2.38	16.75	0.16
20060730	3.72	15.8	0.16
20060731	2.9	15.59	0.16
20060801	1.45	14.67	0.16
20060802	0.12	14.13	0.16
20060803	0.02	15.69	0.16
20060804	3.24	16.18	0.16
20060805	0.02	18.6	0.16
20060806	2.08	17.72	0.16
20060807	0.01	13.52	0.16
20060808	1.84	15.92	0.16
20060809	4.11	14.43	0.16
20060810	1.18	13.72	0.16
20060811	0.61	13.69	0.16
20060812	0.28	13.63	0.16
20060813	2.66	13.65	0.16
20060814	0.07	14.49	0.16
20060815	3.12	12.54	0.16
20060816	1.62	14.12	0.16
20060817	4.93	13.82	0.16
20060818	14.36	13.79	0.16
20060819	7.02	14.27	0.16
20060820	7.67	13.73	0.16
20060821	0.25	12.69	0.16
20060822	0.49	16.09	0.16
20060823	1.11	14.43	0.16
20060824	0.01	11.68	0.16
20060825	7.15	14.46	0.16
20060826	1.66	13.55	0.16
20060827	8.81	14.02	0.16
20060828	3.29	12.29	0.16
20060829	0.87	12.76	0.16
20060830	12.48	13.44	0.16
20060831	8.64	15.8	0.16
20060901	6.24	15.0	0.16
20060902	11.42	15.43	0.16
20060903	0.77	15.04	0.16
20060904	5.74	15.61	0.16
20060905	0.88	18.5	0.16
20060906	1.61	14.17	0.16
20060907	0.02	10.88	0.16
20060908	0.0	12.35	0.16
20060909	0.0	13.46	0.16
20060910	0.01	16.81	0.16
20060911	0.12	18.18	0.16
20060912	0.03	17.82	0.16
20060913	1.86	17.2	0.16
20060914	8.05	11.54	0.16
20060915	0.03	12.36	0.16
20060916	0.12	13.38	0.16
20060917	0.1	14.6	0.16
20060918	5.97	14.17	0.16
20060919	0.03	14.46	0.16
20060920	0.45	17.47	0.16
20060921	0.0	17.62	0.16
20060922	0.02	14.52	0.16
20060923	0.87	16.55	0.16
20060924	2.01	14.27	0.16
20060925	0.17	14.47	0.16
20060926	0.01	14.38	0.16
20060927	5.79	14.92	0.16
20060928	0.71	13.22	0.16
20060929	1.7	10.37	0.16
20060930	7.94	13.16	0.16
20061001	12.36	12.98	0.28
20061002	6.87	11.63	0.5
20061003	5.23	9.53	1.24
20061004	3.08	9.92	0.79
20061005	16.7	12.67	1.62
20061006	4.0	11.84	2.1
20061007	0.22	12.1	1.12
20061008	3.11	12.64	0.75
20061009	0.05	9.37	0.66
20061010	11.07	12.94	0.55
20061011	3.38	11.42	1.54
20061012	0.14	11.17	0.92
20061013	0.02	11.66	0.68
20061014	0.01	12.4	0.58
20061015	0.01	11.09	0.52
20061016	4.07	11.97	0.51
20061017	5.37	11.16	0.75
20061018	9.3	13.41	0.75
20061019	2.91	12.51	1.54
20061020	3.9	12.4	1.17
20061021	11.51	12.07	1.73
20061022	4.1	9.38	2.55
20061023	0.0	8.79	1.77
20061024	0.02	8.93	1.42
20061025	21.98	11.15	3.53
20061026	0.06	10.21	2.63
20061027	2.84	11.67	2.04
20061028	1.11	11.34	1.79
20061029	0.26	11.76	1.46
20061030	1.86	11.76	1.27
20061031	1.05	6.9	1.17
20061101	0.01	3.2	0.98
20061102	0.06	2.26	0.84
20061103	0.1	3.81	0.75
20061104	0.0	7.92	0.68
20061105	0.06	7.66	0.62
20061106	0.08	6.58	0.58
20061107	6.43	9.16	0.55
20061108	2.02	7.91	0.74
20061109	0.01	5.55	0.64
20061110	9.37	8.88	1.11
20061111	3.77	8.38	1.41
20061112	2.15	10.73	1.07
20061113	0.53	9.51	1.17
20061114	8.05	9.6	1.1
20061115	5.78	9.82	2.33
20061116	6.84	5.88	1.96
20061117	3.47	4.89	2.9
20061118	4.31	3.47	2.22
20061119	23.37	6.05	6.5
20061120	3.65	5.93	5.96
20061121	1.09	5.65	4.15
20061122	10.33	7.91	3.66
20061123	8.54	6.46	5.73
20061124	13.37	7.74	6.77
20061125	5.02	7.11	5.6
20061126	4.91	8.84	4.7
20061127	12.58	9.25	5.1
20061128	8.0	7.28	6.05
20061129	6.29	10.16	6.59
20061130	7.53	9.11	5.24
20061201	4.28	7.81	5.1
20061202	27.29	7.63	8.44
20061203	5.17	7.3	11.33
20061204	31.81	9.31	16.48
20061205	17.66	7.12	18.56
20061206	10.54	7.51	14.13
20061207	15.72	6.41	16.66
20061208	9.64	5.15	11.42
20061209	4.24	4.14	9.12
20061210	25.85	8.77	12.19
20061211	0.37	6.09	13.64
20061212	10.69	8.67	10.25
20061213	10.43	10.65	13.05
20061214	13.04	8.12	12.55
20061215	18.5	3.6	18.83
20061216	2.86	4.84	11.02
20061217	1.7	5.01	7.63
20061218	0.01	4.04	5.55
20061219	0.08	3.02	4.1
20061220	0.01	2.81	3.15
20061221	0.15	2.97	2.61
20061222	0.08	3.03	2.25
20061223	0.0	-0.91	1.99
20061224	0.15	-1.0	1.75
20061225	0.09	1.2	1.6
20061226	0.01	1.51	1.49
20061227	8.76	5.38	1.94
20061228	4.14	7.28	1.82
20061229	21.87	9.14	6.28
20061230	6.72	7.07	6.86
20061231	5.52	7.3	6.32
20070101	5.29	5.17	5.87
20070102	0.84	7.48	4.06
20070103	8.54	8.72	4.92
20070104	1.29	7.75	4.34
20070105	1.98	6.97	3.78
20070106	9.65	7.09	4.1
20070107	13.82	6.66	8.49
20070108	17.72	8.3	10.16
20070109	13.92	7.02	18.29
20070110	29.06	6.21	14.72
20070111	2.18	8.47	19.01
20070112	1.68	9.83	8.49
20070113	4.62	6.44	7.45
20070114	0.2	6.36	5.55
20070115	11.65	6.67	5.55
20070116	15.23	6.39	7.18
20070117	26.88	7.37	12.19
20070118	3.0	8.0	14.94
20070119	13.18	8.23	10.84
20070120	9.21	4.64	9.17
20070121	7.84	2.47	8.26
20070122	0.01	1.13	6.64
20070123	3.93	1.59	5.24
20070124	0.08	0.47	4.56
20070125	1.43	1.4	3.49
20070126	2.24	5.73	3.4
20070127	0.23	5.66	2.86
20070128	0.01	6.46	2.4
20070129	0.01	5.79	2.11
20070130	0.0	5.39	1.87
20070131	0.1	8.06	1.64
20070201	0.01	7.85	1.45
20070202	0.01	3.52	1.3
20070203	0.09	3.47	1.15
20070204	0.09	2.65	1.04
20070205	0.01	0.55	0.97
20070206	0.39	-1.87	0.88
20070207	1.33	-1.36	0.78
20070208	0.91	-2.01	0.73
20070209	6.45	-0.64	0.7
20070210	6.85	2.84	0.92
20070211	5.35	5.82	2.1
20070212	2.79	5.75	2.38
20070213	2.78	5.05	1.98
20070214	0.07	5.69	1.79
20070215	3.66	8.16	1.68
20070216	4.78	5.58	1.96
20070217	0.05	3.83	1.88
20070218	0.01	5.64	1.56
20070219	1.33	6.98	1.45
20070220	4.82	6.9	1.48
20070221	5.71	7.16	1.73
20070222	2.99	7.7	2.74
20070223	5.19	7.72	2.54
20070224	9.34	7.02	2.75
20070225	3.91	5.78	4.28
20070226	4.82	5.43	3.46
20070227	6.2	8.2	4.7
20070228	7.16	6.12	5.82
20070301	0.51	3.31	4.0
20070302	4.74	5.67	3.35
20070303	0.25	5.74	3.04
20070304	13.99	6.32	4.79
20070305	17.03	6.78	7.36
20070306	1.69	6.14	6.82
20070307	0.26	6.51	4.74
20070308	2.73	6.58	3.85
20070309	0.09	6.58	3.12
20070310	0.0	8.48	2.59
20070311	3.23	8.31	2.25
20070312	0.07	5.52	1.99
20070313	0.02	6.26	1.63
20070314	0.07	7.96	1.44
20070315	3.16	4.48	1.4
20070316	0.46	6.83	1.3
20070317	7.33	6.61	1.35
20070318	7.53	1.86	1.76
20070319	0.63	2.73	1.76
20070320	0.01	0.02	1.41
20070321	3.54	3.94	1.24
20070322	0.93	5.45	1.38
20070323	0.02	3.86	1.23
20070324	0.0	6.34	1.06
20070325	0.0	6.36	0.94
20070326	0.01	6.59	0.84
20070327	0.01	7.98	0.78
20070328	0.77	7.15	0.72
20070329	0.65	5.35	0.66
20070330	0.05	6.27	0.61
20070331	0.07	5.83	0.56
20070401	0.0	6.93	0.52
20070402	0.04	8.12	0.49
20070403	0.0	4.69	0.46
20070404	0.0	6.4	0.44
20070405	0.01	7.43	0.41
20070406	0.0	6.43	0.39
20070407	0.0	7.91	0.37
20070408	0.0	9.68	0.35
20070409	0.24	9.93	0.34
20070410	0.07	10.43	0.33
20070411	0.0	9.44	0.32
20070412	0.0	10.75	0.3
20070413	0.0	13.65	0.28
20070414	0.0	15.11	0.28
20070415	0.0	14.0	0.27
20070416	0.0	8.7	0.23
20070417	0.0	8.37	0.22
20070418	0.0	7.41	0.24
20070419	0.0	7.77	0.23
20070420	0.0	11.32	0.22
20070421	0.2	14.28	0.21
20070422	1.17	12.86	0.21
20070423	8.06	13.27	0.22
20070424	2.27	12.9	0.28
20070425	0.02	8.55	0.25
20070426	0.0	9.62	0.22
20070427	0.13	11.29	0.22
20070428	0.0	12.03	0.2
20070429	0.0	12.31	0.19
20070430	0.0	11.63	0.18
20070501	0.0	12.51	0.17
20070502	0.0	11.38	0.17
20070503	0.0	11.48	0.17
20070504	0.01	8.52	0.16
20070505	1.24	13.71	0.16
20070506	0.75	10.09	0.16
20070507	6.23	10.28	0.16
20070508	1.99	9.08	0.17
20070509	8.05	9.92	0.2
20070510	0.87	9.9	0.2
20070511	8.72	9.89	0.2
20070512	3.7	9.97	0.22
20070513	34.99	9.16	1.6
20070514	2.41	9.22	1.65
20070515	3.77	9.53	0.69
20070516	13.75	11.1	1.11
20070517	1.25	14.13	1.78
20070518	2.22	11.0	1.25
20070519	2.29	8.32	0.98
20070520	0.0	8.22	0.78
20070521	0.02	10.18	0.62
20070522	0.02	12.57	0.5
20070523	0.0	15.53	0.45
20070524	1.41	12.97	0.41
20070525	0.27	9.03	0.38
20070526	7.02	7.98	0.39
20070527	7.29	7.14	0.72
20070528	9.62	6.66	0.63
20070529	0.44	6.77	0.73
20070530	0.68	10.54	0.54
20070531	4.0	11.25	0.51
20070601	0.01	14.18	0.46
20070602	0.0	17.04	0.39
20070603	0.7	14.58	0.37
20070604	0.0	13.37	0.34
20070605	0.01	12.85	0.32
20070606	0.0	12.98	0.3
20070607	0.0	14.63	0.29
20070608	0.01	14.77	0.28
20070609	0.13	16.73	0.26
20070610	0.01	18.61	0.25
20070611	1.61	18.69	0.24
20070612	0.02	15.31	0.22
20070613	9.27	13.85	0.23
20070614	27.05	11.42	0.37
20070615	5.06	12.81	1.08
20070616	0.26	12.03	0.65
20070617	0.2	13.22	0.44
20070618	5.85	13.11	0.41
20070619	5.06	14.71	0.42
20070620	1.89	15.38	0.38
20070621	0.81	14.7	0.34
20070622	0.13	14.79	0.3
20070623	5.1	12.72	0.3
20070624	46.51	12.67	0.71
20070625	43.02	9.59	26.68
20070626	1.03	10.82	8.85
20070627	4.29	9.45	6.28
20070628	12.1	11.47	5.1
20070629	2.92	12.71	4.38
20070630	13.34	14.07	5.01
20070701	19.65	14.13	6.86
20070702	7.15	13.32	8.67
20070703	4.52	12.89	5.73
20070704	5.32	12.85	5.33
20070705	8.9	12.29	4.79
20070706	4.92	13.05	4.88
20070707	0.14	13.05	3.66
20070708	2.39	12.01	3.14
20070709	5.9	12.35	2.22
20070710	0.33	12.52	2.08
20070711	0.63	13.62	1.7
20070712	4.37	14.98	1.48
20070713	16.17	13.65	3.96
20070714	0.02	13.27	2.62
20070715	4.1	13.78	2.03
20070716	0.4	15.35	1.82
20070717	4.4	14.47	1.48
20070718	0.02	13.14	1.26
20070719	7.97	14.84	1.11
20070720	29.16	11.44	5.15
20070721	2.99	10.79	5.87
20070722	6.55	13.19	4.27
20070723	3.51	13.14	4.35
20070724	3.58	13.8	3.17
20070725	6.01	14.75	2.87
20070726	5.02	13.47	3.32
20070727	3.05	13.16	2.58
20070728	1.11	12.7	2.14
20070729	0.1	11.79	1.72
20070730	0.0	11.02	1.4
20070731	0.0	13.23	1.18
20070801	0.23	14.25	1.04
20070802	0.01	13.65	0.9
20070803	1.06	16.64	0.79
20070804	0.99	15.81	0.76
20070805	0.15	16.41	0.68
20070806	4.37	13.1	0.6
20070807	0.36	11.16	0.58
20070808	0.0	11.86	0.51
20070809	0.01	13.61	0.47
20070810	0.24	14.99	0.44
20070811	9.47	15.11	0.44
20070812	0.83	13.0	0.52
20070813	3.46	14.01	0.44
20070814	20.92	14.85	0.52
20070815	8.19	12.07	2.79
20070816	3.3	11.6	1.34
20070817	2.28	12.99	0.88
20070818	22.97	13.61	1.72
20070819	4.96	9.17	9.39
20070820	0.01	12.22	3.87
20070821	0.0	14.82	2.79
20070822	0.06	14.56	2.19
20070823	0.0	15.02	1.73
20070824	0.08	15.43	1.48
20070825	0.07	15.13	1.29
20070826	0.0	12.4	1.16
20070827	0.01	13.11	1.02
20070828	0.27	12.59	0.85
20070829	0.97	13.04	0.74
20070830	0.87	14.11	0.69
20070831	0.77	14.19	0.64
20070901	0.14	14.74	0.59
20070902	6.75	12.9	0.67
20070903	0.46	10.63	0.58
20070904	2.79	14.43	0.51
20070905	0.03	16.36	0.51
20070906	0.0	14.54	0.46
20070907	0.07	13.42	0.43
20070908	0.0	14.22	0.41
20070909	0.16	13.7	0.39
20070910	0.2	12.28	0.36
20070911	0.0	14.46	0.35
20070912	0.0	13.85	0.33
20070913	1.27	14.56	0.32
20070914	0.0	10.86	0.31
20070915	0.02	14.4	0.29
20070916	6.7	12.09	0.29
20070917	14.46	8.51	0.41
20070918	1.1	10.35	0.58
20070919	7.62	13.34	0.49
20070920	24.55	12.98	0.85
20070921	16.68	12.69	9.26
20070922	1.35	13.81	3.33
20070923	18.26	12.83	3.57
20070924	11.18	10.49	6.68
20070925	11.19	9.19	5.37
20070926	0.75	6.63	5.19
20070927	0.45	8.12	3.5
20070928	0.33	10.54	2.85
20070929	0.01	10.86	2.3
20070930	0.02	10.36	1.93
20071001	0.15	11.41	1.62
20071002	0.02	12.13	1.42
20071003	4.28	10.52	1.33
20071004	0.01	8.58	1.18
20071005	0.01	10.56	1.06
20071006	0.0	10.12	0.87
20071007	0.0	11.01	0.79
20071008	7.99	12.38	0.72
20071009	1.52	10.99	1.02
20071010	0.02	10.39	0.81
20071011	0.16	13.83	0.7
20071012	0.62	13.91	0.64
20071013	0.36	12.99	0.61
20071014	0.07	12.2	0.58
20071015	8.23	11.33	0.62
20071016	0.65	8.03	1.18
20071017	0.48	7.22	0.84
20071018	0.01	7.71	0.63
20071019	0.0	7.4	0.57
20071020	0.01	7.62	0.52
20071021	0.0	8.14	0.5
20071022	0.0	7.15	0.52
20071023	0.01	5.9	0.45
20071024	0.07	6.5	0.42
20071025	0.0	7.8	0.41
20071026	0.71	10.23	0.4
20071027	18.01	12.97	0.42
20071028	4.62	9.22	3.02
20071029	1.37	7.86	1.44
20071030	0.01	10.63	0.97
20071031	0.01	12.31	0.83
20071101	0.02	11.88	0.81
20071102	0.03	10.99	0.71
20071103	1.42	7.72	0.69
20071104	0.06	9.07	0.67
20071105	2.24	9.49	0.65
20071106	0.18	8.93	0.62
20071107	0.36	10.17	0.58
20071108	9.49	7.98	0.73
20071109	0.22	8.43	0.8
20071110	5.8	9.87	0.69
20071111	1.75	3.94	1.05
20071112	1.47	4.05	0.88
20071113	3.22	6.77	0.95
20071114	0.66	3.28	0.95
20071115	0.1	4.02	0.85
20071116	0.05	6.09	0.84
20071117	7.04	6.11	0.91
20071118	3.26	3.11	1.26
20071119	1.53	4.5	1.3
20071120	5.0	5.65	1.27
20071121	6.33	6.58	1.54
20071122	6.27	3.83	4.05
20071123	0.58	1.56	2.39
20071124	2.35	7.15	2.23
20071125	2.34	7.86	1.98
20071126	1.49	8.66	1.91
20071127	0.55	8.29	1.8
20071128	12.29	7.29	3.01
20071129	1.86	8.06	2.95
20071130	11.87	7.97	4.5
20071201	12.53	7.07	3.81
20071202	10.52	7.1	8.67
20071203	4.74	6.83	5.91
20071204	9.61	10.85	5.51
20071205	7.64	9.32	7.54
20071206	29.75	9.01	15.49
20071207	4.74	4.53	9.71
20071208	15.94	6.21	10.88
20071209	1.52	5.04	9.66
20071210	0.0	1.87	6.14
20071211	0.13	3.44	4.52
20071212	0.0	3.29	3.52
20071213	0.0	1.67	2.81
20071214	0.07	0.67	2.32
20071215	0.15	-1.3	1.98
20071216	0.0	-2.05	1.7
20071217	0.09	0.94	1.52
20071218	0.0	0.37	1.35
20071219	0.09	-0.18	1.21
20071220	0.01	-0.26	1.06
20071221	0.29	0.33	0.94
20071222	3.69	3.09	1.11
20071223	3.11	4.95	0.97
20071224	11.32	4.78	3.65
20071225	2.81	3.94	2.37
20071226	2.57	8.08	2.17
20071227	15.0	9.46	4.65
20071228	23.62	6.83	16.3
20071229	3.98	5.38	8.85
20071230	0.58	6.04	5.69
20071231	0.51	7.69	4.43
20080101	0.04	5.52	3.63
20080102	0.14	1.47	3.03
20080103	0.1	-0.82	2.57
20080104	8.81	2.82	2.8
20080105	0.12	4.17	2.63
20080106	6.99	5.1	2.22
20080107	6.99	4.95	2.56
20080108	10.9	4.96	4.74
20080109	44.73	5.75	16.71
20080110	5.87	4.56	19.23
20080111	0.13	2.5	8.17
20080112	7.88	6.4	6.73
20080113	12.85	7.05	8.89
20080114	12.79	6.48	7.95
20080115	5.13	4.07	8.22
20080116	1.67	4.23	5.96
20080117	14.45	7.24	7.63
20080118	18.86	9.71	12.46
20080119	13.43	9.34	11.92
20080120	10.51	9.26	11.56
20080121	3.99	4.65	10.97
20080122	2.38	5.84	7.04
20080123	2.59	7.28	6.28
20080124	0.08	5.92	4.88
20080125	0.01	8.2	3.68
20080126	0.0	7.72	3.04
20080127	0.01	6.53	2.46
20080128	0.85	7.2	2.08
20080129	9.08	5.56	2.7
20080130	13.88	4.68	2.69
20080131	4.01	3.0	6.95
20080201	0.76	1.71	4.11
20080202	4.19	3.87	3.45
20080203	6.41	3.04	3.62
20080204	11.72	4.94	4.07
20080205	13.87	5.65	8.44
20080206	1.43	5.7	6.23
20080207	0.22	10.04	4.92
20080208	0.0	7.32	3.82
20080209	0.0	6.72	3.1
20080210	0.01	5.18	2.53
20080211	0.01	7.4	2.04
20080212	0.0	7.9	1.8
20080213	0.08	6.66	1.58
20080214	0.0	2.02	1.41
20080215	0.0	0.76	1.27
20080216	0.07	-0.3	1.18
20080217	0.08	0.31	1.0
20080218	0.01	3.44	0.91
20080219	0.0	3.39	0.84
20080220	0.89	4.26	0.79
20080221	5.54	8.34	0.77
20080222	0.79	7.59	1.16
20080223	1.38	8.34	0.94
20080224	3.2	4.05	1.03
20080225	14.19	6.41	2.22
20080226	0.06	5.79	2.08
20080227	0.0	4.98	1.19
20080228	0.69	5.58	0.95
20080229	11.7	7.89	2.57
20080301	2.13	8.39	2.23
20080302	0.91	4.54	1.69
20080303	3.33	2.36	1.46
20080304	1.44	2.35	1.54
20080305	0.01	5.77	1.42
20080306	5.43	5.66	1.32
20080307	3.33	6.04	1.51
20080308	8.7	5.38	3.53
20080309	11.13	4.16	2.78
20080310	5.43	4.55	5.37
20080311	2.69	6.6	3.41
20080312	0.19	5.87	2.63
20080313	2.68	5.2	2.3
20080314	0.21	6.71	2.1
20080315	26.24	6.84	5.51
20080316	0.01	4.29	5.87
20080317	0.0	2.02	3.85
20080318	0.03	2.2	3.01
20080319	0.01	5.13	2.44
20080320	4.48	4.94	2.25
20080321	2.22	3.91	2.12
20080322	6.27	2.41	1.73
20080323	4.44	2.32	2.16
20080324	1.69	2.47	2.0
20080325	4.01	3.66	1.81
20080326	0.32	3.56	1.85
20080327	7.85	5.4	1.59
20080328	6.26	5.85	3.48
20080329	18.03	6.04	6.68
20080330	0.33	5.68	4.7
20080331	2.87	8.75	3.65
20080401	0.26	8.0	3.09
20080402	0.08	9.15	2.4
20080403	0.0	10.42	2.12
20080404	3.48	7.36	1.89
20080405	3.08	2.51	1.74
20080406	3.17	2.1	1.79
20080407	1.37	3.1	1.62
20080408	1.73	3.58	1.53
20080409	2.02	4.93	1.44
20080410	6.49	4.7	1.34
20080411	11.37	4.26	2.44
20080412	6.71	5.31	3.1
20080413	2.99	4.99	2.56
20080414	0.52	3.33	2.16
20080415	1.41	3.73	1.94
20080416	1.88	4.19	1.74
20080417	0.02	4.59	1.6
20080418	0.0	5.82	1.43
20080419	3.0	5.87	1.3
20080420	0.11	6.57	1.25
20080421	0.0	7.19	1.11
20080422	1.66	11.74	0.98
20080423	3.72	10.04	0.92
20080424	0.45	9.75	0.98
20080425	1.78	10.63	0.9
20080426	8.98	11.79	0.87
20080427	4.03	8.51	1.35
20080428	0.81	6.93	1.27
20080429	20.83	8.06	3.51
20080430	0.63	7.46	3.51
20080501	0.61	7.59	2.21
20080502	0.03	10.55	1.82
20080503	0.16	15.43	1.63
20080504	0.39	11.28	1.44
20080505	0.0	13.33	1.3
20080506	0.0	14.88	1.16
20080507	0.0	16.19	1.02
20080508	0.22	17.5	0.91
20080509	1.86	14.55	0.85
20080510	0.05	15.12	0.8
20080511	5.14	14.95	0.98
20080512	0.0	14.65	0.75
20080513	0.0	12.3	0.63
20080514	0.0	10.97	0.56
20080515	0.0	11.61	0.51
20080516	4.43	10.02	0.49
20080517	4.52	8.15	0.53
20080518	0.0	7.15	0.56
20080519	0.0	9.25	0.45
20080520	0.0	10.16	0.41
20080521	0.0	11.27	0.39
20080522	1.46	13.0	0.37
20080523	0.0	13.14	0.36
20080524	0.0	11.8	0.33
20080525	3.05	11.89	0.33
20080526	3.34	11.45	0.31
20080527	2.91	10.48	0.36
20080528	4.46	12.25	0.38
20080529	1.06	14.61	0.34
20080530	0.0	13.65	0.31
20080531	0.0	14.89	0.28
20080601	0.04	13.08	0.28
20080602	3.55	14.41	0.29
20080603	0.0	11.87	0.28
20080604	0.54	13.6	0.25
20080605	2.8	12.5	0.25
20080606	0.0	10.48	0.24
20080607	0.0	12.18	0.23
20080608	0.0	13.48	0.22
20080609	0.0	16.94	0.2
20080610	0.01	13.7	0.18
20080611	4.21	11.91	0.18
20080612	0.09	9.86	0.19
20080613	0.0	9.38	0.18
20080614	0.14	10.82	0.17
20080615	0.0	8.41	0.16
20080616	1.85	9.39	0.16
20080617	13.67	12.68	0.17
20080618	21.23	12.05	0.67
20080619	2.75	12.42	0.61
20080620	2.77	10.25	0.35
20080621	6.18	12.3	0.33
20080622	0.67	10.81	0.38
20080623	0.01	10.8	0.3
20080624	0.66	15.17	0.26
20080625	3.9	12.85	0.24
20080626	29.13	11.43	1.81
20080627	1.17	13.92	1.18
20080628	1.27	13.62	0.69
20080629	4.33	12.75	0.61
20080630	0.03	14.55	0.49
20080701	0.67	15.84	0.41
20080702	2.7	13.7	0.37
20080703	1.13	12.7	0.34
20080704	2.57	14.83	0.31
20080705	1.74	14.41	0.3
20080706	2.76	13.54	0.29
20080707	1.86	12.13	0.29
20080708	0.24	12.94	0.27
20080709	15.87	13.9	0.38
20080710	3.92	14.29	0.75
20080711	3.28	11.01	0.76
20080712	0.47	10.59	0.56
20080713	0.09	14.27	0.42
20080714	0.01	17.5	0.35
20080715	0.01	14.99	0.3
20080716	4.34	12.69	0.29
20080717	1.98	13.2	0.33
20080718	1.72	13.19	0.31
20080719	1.18	12.06	0.3
20080720	0.02	11.33	0.28
20080721	0.0	14.18	0.25
20080722	0.01	16.61	0.24
20080723	0.0	18.61	0.23
20080724	0.0	18.82	0.21
20080725	0.75	17.48	0.2
20080726	0.13	15.97	0.2
20080727	0.02	17.67	0.19
20080728	21.56	20.65	0.25
20080729	7.96	17.02	0.84
20080730	1.65	17.55	0.52
20080731	4.43	15.53	0.44
20080801	3.99	14.21	0.97
20080802	1.79	15.66	0.66
20080803	1.07	14.09	0.59
20080804	2.38	13.97	0.46
20080805	3.05	16.04	0.45
20080806	8.9	15.69	0.97
20080807	4.71	15.06	1.02
20080808	1.32	13.44	0.71
20080809	8.2	15.12	1.17
20080810	1.07	14.64	1.26
20080811	16.39	13.72	1.16
20080812	6.65	12.35	2.51
20080813	1.32	12.82	1.66
20080814	0.04	12.89	1.07
20080815	1.48	13.64	0.82
20080816	10.49	13.39	0.99
20080817	2.33	14.23	1.31
20080818	18.97	14.61	1.82
20080819	4.56	13.8	4.88
20080820	13.4	13.88	2.33
20080821	4.11	13.17	4.61
20080822	0.0	11.18	2.65
20080823	4.09	14.46	2.07
20080824	0.51	14.74	1.85
20080825	1.68	15.41	1.54
20080826	0.29	15.13	1.49
20080827	0.02	15.11	1.25
20080828	0.05	16.95	1.07
20080829	0.0	16.98	0.92
20080830	0.13	16.78	0.8
20080831	5.36	13.14	0.77
20080901	3.1	12.46	0.79
20080902	9.51	11.52	1.44
20080903	12.87	10.24	3.42
20080904	10.51	10.48	2.22
20080905	50.63	12.13	14.09
20080906	13.62	12.01	21.54
20080907	0.64	11.82	9.39
20080908	2.44	13.14	5.33
20080909	4.17	13.02	4.24
20080910	4.06	14.05	3.43
20080911	1.7	13.3	2.9
20080912	0.01	12.25	2.34
20080913	0.16	12.11	1.95
20080914	2.47	13.57	1.68
20080915	6.09	11.48	1.63
20080916	3.7	10.56	2.07
20080917	0.02	9.91	1.7
20080918	0.01	12.36	1.41
20080919	0.0	12.76	1.25
20080920	0.0	12.63	1.12
20080921	0.0	13.56	1.01
20080922	0.01	9.89	0.88
20080923	0.0	10.26	0.79
20080924	0.0	11.3	0.81
20080925	0.01	10.91	0.7
20080926	0.0	10.79	0.64
20080927	1.98	11.56	0.6
20080928	0.23	9.06	0.57
20080929	13.6	10.65	0.56
20080930	13.27	9.68	1.81
20081001	13.62	7.35	2.47
20081002	22.95	6.83	7.45
20081003	0.63	5.87	5.6
20081004	36.89	9.5	11.87
20081005	0.09	5.56	12.24
20081006	2.25	10.03	5.78
20081007	13.58	10.58	7.63
20081008	0.13	9.05	5.01
20081009	0.33	12.4	4.15
20081010	4.36	13.15	3.42
20081011	2.1	11.63	3.32
20081012	0.13	13.65	2.77
20081013	5.15	12.32	2.31
20081014	14.48	11.02	4.0
20081015	4.33	8.6	3.75
20081016	1.31	7.67	2.89
20081017	0.04	8.79	2.57
20081018	1.35	10.12	2.31
20081019	11.51	11.57	3.33
20081020	6.06	8.55	4.56
20081021	0.57	6.79	3.19
20081022	0.34	9.2	2.61
20081023	7.89	9.62	3.73
20081024	0.01	8.06	2.76
20081025	28.41	10.7	6.23
20081026	2.52	6.85	6.82
20081027	18.53	4.43	5.55
20081028	11.2	1.12	10.29
20081029	9.38	1.54	7.95
20081030	0.93	2.84	6.32
20081031	2.25	2.54	5.42
20081101	0.04	4.51	4.19
20081102	1.19	6.13	3.38
20081103	0.1	6.9	2.89
20081104	0.22	7.86	2.51
20081105	0.08	7.35	2.24
20081106	2.21	7.32	2.03
20081107	8.05	7.94	2.1
20081108	12.41	6.96	4.41
20081109	18.77	5.5	6.86
20081110	8.47	5.64	7.18
20081111	0.22	7.12	4.97
20081112	4.11	6.94	3.99
20081113	2.28	10.33	4.02
20081114	1.67	10.9	3.3
20081115	2.02	9.17	3.16
20081116	0.57	5.62	2.82
20081117	4.88	8.47	2.79
20081118	0.4	7.78	2.9
20081119	0.41	9.07	2.33
20081120	1.91	7.59	2.1
20081121	6.63	5.44	2.1
20081122	5.58	4.45	2.38
20081123	9.18	4.71	3.78
20081124	0.26	3.73	3.41
20081125	0.7	5.54	2.69
20081126	1.42	8.52	2.48
20081127	3.99	4.44	2.7
20081128	0.89	0.86	2.33
20081129	0.14	-0.56	2.03
20081130	0.08	-0.73	1.78
20081201	4.05	0.2	1.64
20081202	2.36	0.8	1.82
20081203	11.24	2.03	2.07
20081204	10.12	3.64	5.51
20081205	3.48	3.46	4.92
20081206	0.02	1.23	3.68
20081207	0.13	2.76	3.17
20081208	11.89	4.11	4.47
20081209	2.24	2.24	4.02
20081210	0.28	1.38	3.31
20081211	0.41	1.34	2.88
20081212	17.03	5.58	5.91
20081213	1.27	2.15	5.06
20081214	1.29	1.68	3.93
20081215	0.21	3.46	3.3
20081216	3.22	5.2	3.24
20081217	0.41	6.09	2.79
20081218	2.49	6.23	2.59
20081219	2.6	6.95	2.55
20081220	1.26	8.9	2.63
20081221	1.5	9.63	2.49
20081222	0.07	7.93	2.23
20081223	0.0	5.85	1.92
20081224	0.0	5.72	1.66
20081225	0.0	4.17	1.47
20081226	0.0	-0.32	1.34
20081227	0.16	-0.93	1.22
20081228	0.0	-0.17	1.11
20081229	0.0	-2.27	0.99
20081230	0.07	-3.26	0.86
20081231	0.01	-3.53	0.79
20090101	0.07	-3.76	0.7
20090102	0.01	-2.4	0.71
20090103	0.01	-2.82	0.59
20090104	1.23	-0.85	0.64
20090105	0.46	-3.99	0.57
20090106	0.0	-4.29	0.55
20090107	0.27	0.15	0.55
20090108	0.09	2.0	0.52
20090109	0.01	-1.01	0.51
20090110	2.9	4.22	0.59
20090111	26.74	8.0	8.49
20090112	5.54	6.5	7.81
20090113	4.75	2.47	5.96
20090114	0.84	3.95	4.18
20090115	3.72	6.66	3.6
20090116	8.09	5.95	4.15
20090117	9.96	4.3	6.46
20090118	6.05	3.58	5.46
20090119	6.37	1.94	6.1
20090120	2.03	2.28	4.74
20090121	6.62	4.9	4.61
20090122	4.66	3.84	5.19
20090123	0.08	2.33	4.38
20090124	12.54	3.61	4.45
20090125	0.03	3.36	5.51
20090126	0.1	3.58	3.66
20090127	12.05	5.06	4.29
20090128	0.11	3.58	4.38
20090129	0.64	4.72	3.38
20090130	0.02	4.53	2.86
20090131	0.01	2.11	2.33
20090201	0.1	-0.67	1.96
20090202	1.84	-1.03	1.81
20090203	1.14	-1.52	1.68
20090204	2.22	-0.36	1.52
20090205	1.86	-0.84	1.38
20090206	3.33	0.62	1.29
20090207	4.52	-0.54	1.27
20090208	0.98	0.68	1.16
20090209	3.27	1.91	1.23
20090210	1.01	2.24	1.39
20090211	2.37	1.38	2.23
20090212	1.69	3.7	2.75
20090213	1.39	4.16	4.61
20090214	0.46	5.08	3.24
20090215	0.49	6.11	2.68
20090216	0.12	7.37	2.22
20090217	0.06	7.0	1.87
20090218	0.01	5.18	1.67
20090219	0.19	3.28	1.5
20090220	0.09	4.38	1.36
20090221	0.03	6.59	1.26
20090222	0.0	7.11	1.2
20090223	0.0	7.64	1.06
20090224	0.07	6.73	0.96
20090225	0.05	5.99	0.88
20090226	0.59	7.28	0.83
20090227	1.36	6.81	0.78
20090228	0.06	5.77	0.77
20090301	0.08	5.57	0.71
20090302	0.79	6.07	0.66
20090303	13.24	2.07	1.33
20090304	1.4	0.28	1.36
20090305	0.72	1.86	0.98
20090306	0.54	4.82	0.87
20090307	4.51	5.85	1.28
20090308	2.4	3.83	1.64
20090309	9.78	5.6	1.46
20090310	0.55	4.16	2.35
20090311	2.99	8.46	1.83
20090312	0.05	7.52	1.63
20090313	3.32	7.39	1.61
20090314	0.01	7.11	1.52
20090315	0.0	7.03	1.28
20090316	0.0	7.33	1.16
20090317	0.0	7.36	1.05
20090318	0.01	7.33	0.97
20090319	0.0	8.57	0.89
20090320	0.0	7.49	0.82
20090321	0.0	6.82	0.76
20090322	0.02	8.38	0.72
20090323	2.68	5.95	0.73
20090324	2.31	6.78	0.69
20090325	2.44	7.41	0.66
20090326	4.0	5.77	0.78
20090327	2.7	5.06	0.7
20090328	0.28	1.96	0.64
20090329	0.11	4.92	0.57
20090330	0.07	7.93	0.53
20090331	0.0	7.91	0.51
20090401	0.0	7.03	0.48
20090402	0.01	8.28	0.46
20090403	1.36	9.75	0.44
20090404	0.01	5.61	0.43
20090405	0.0	7.01	0.41
20090406	2.57	7.15	0.39
20090407	4.55	8.12	0.41
20090408	1.07	8.22	0.47
20090409	1.64	10.06	0.43
20090410	0.13	6.18	0.41
20090411	0.0	5.88	0.38
20090412	0.0	7.46	0.37
20090413	0.05	10.44	0.35
20090414	4.65	10.85	0.35
20090415	5.7	11.73	0.56
20090416	1.67	8.91	0.44
20090417	0.28	7.12	0.41
20090418	0.0	7.33	0.37
20090419	0.0	9.5	0.34
20090420	0.0	9.74	0.32
20090421	0.0	8.75	0.3
20090422	0.01	10.48	0.29
20090423	0.0	12.05	0.26
20090424	0.58	11.91	0.25
20090425	0.64	8.41	0.25
20090426	9.54	8.91	0.24
20090427	1.89	5.27	0.35
20090428	6.68	7.87	0.28
20090429	1.76	9.94	0.37
20090430	1.66	9.93	0.31
20090501	1.36	8.73	0.29
20090502	3.17	9.14	0.28
20090503	1.59	7.54	0.27
20090504	2.96	9.29	0.27
20090505	0.95	11.1	0.3
20090506	6.78	9.5	0.32
20090507	1.33	8.69	0.55
20090508	3.52	8.46	0.35
20090509	1.38	8.8	0.34
20090510	0.32	7.64	0.32
20090511	0.01	8.92	0.28
20090512	0.0	8.94	0.25
20090513	0.1	10.56	0.24
20090514	10.42	9.5	0.29
20090515	0.96	7.44	0.38
20090516	5.65	7.96	0.35
20090517	16.19	9.12	0.95
20090518	1.61	9.57	1.56
20090519	4.27	10.72	0.93
20090520	7.55	10.28	1.06
20090521	1.22	10.25	1.42
20090522	0.43	11.44	0.88
20090523	0.1	10.12	0.7
20090524	0.0	11.41	0.58
20090525	1.37	13.37	0.51
20090526	2.01	10.56	0.46
20090527	0.54	13.2	0.45
20090528	0.0	14.75	0.41
20090529	0.0	16.66	0.36
20090530	0.0	14.6	0.33
20090531	0.0	16.12	0.32
20090601	0.01	16.58	0.32
20090602	0.0	16.68	0.3
20090603	0.0	11.49	0.29
20090604	0.0	11.31	0.28
20090605	7.62	10.08	0.29
20090606	5.54	8.43	0.4
20090607	2.2	9.47	0.34
20090608	0.02	10.44	0.31
20090609	0.19	9.9	0.28
20090610	1.3	9.83	0.27
20090611	0.01	8.2	0.26
20090612	0.06	13.0	0.24
20090613	0.02	13.45	0.23
20090614	0.0	12.8	0.22
20090615	2.71	11.66	0.31
20090616	1.09	15.65	0.23
20090617	4.87	11.49	0.24
20090618	0.89	11.41	0.23
20090619	2.69	12.06	0.2
20090620	0.52	12.39	0.21
20090621	0.89	13.5	0.21
20090622	0.01	15.83	0.2
20090623	0.28	16.44	0.17
20090624	0.01	16.14	0.15
20090625	0.0	16.76	0.15
20090626	18.92	17.57	0.29
20090627	1.7	16.52	0.49
20090628	2.09	19.27	0.32
20090629	0.16	20.2	0.25
20090630	2.29	20.44	0.24
20090701	5.04	21.6	0.37
20090702	2.96	20.6	0.37
20090703	1.01	16.23	0.32
20090704	4.7	16.14	0.29
20090705	5.99	15.31	0.31
20090706	15.67	14.08	0.68
20090707	0.72	13.2	1.04
20090708	0.37	12.31	0.55
20090709	0.0	11.55	0.41
20090710	0.03	14.54	0.35
20090711	8.28	16.82	0.34
20090712	0.61	14.55	0.4
20090713	7.84	14.28	0.41
20090714	9.92	14.87	0.68
20090715	0.53	15.36	0.67
20090716	41.52	14.15	3.16
20090717	21.29	12.89	18.87
20090718	4.82	13.51	5.82
20090719	0.39	12.36	3.95
20090720	1.16	12.73	2.69
20090721	7.4	15.14	2.38
20090722	10.86	14.75	2.53
20090723	4.96	14.15	4.12
20090724	0.96	12.88	2.51
20090725	2.62	14.74	1.89
20090726	4.73	14.11	1.78
20090727	3.99	13.88	1.58
20090728	12.59	14.14	2.47
20090729	3.15	12.93	2.63
20090730	1.14	12.39	1.92
20090731	3.35	13.77	1.58
20090801	0.01	13.66	1.44
20090802	0.22	14.0	1.13
20090803	3.6	16.08	1.03
20090804	0.42	16.71	0.96
20090805	0.0	14.3	0.79
20090806	0.0	14.05	0.7
20090807	0.01	13.63	0.63
20090808	0.0	13.76	0.57
20090809	0.9	16.43	0.53
20090810	0.65	14.01	0.51
20090811	12.58	16.66	0.52
20090812	2.13	14.25	0.76
20090813	0.01	12.89	0.55
20090814	1.16	15.77	0.5
20090815	3.27	14.25	0.53
20090816	0.14	14.39	0.5
20090817	0.0	15.31	0.44
20090818	0.06	17.37	0.41
20090819	7.98	18.59	0.38
20090820	3.77	13.62	0.67
20090821	2.42	11.6	0.73
20090822	0.3	16.28	0.45
20090823	4.43	13.95	0.42
20090824	2.07	13.65	0.43
20090825	3.12	13.52	0.4
20090826	3.83	14.2	0.5
20090827	3.76	13.44	0.47
20090828	5.92	11.64	0.71
20090829	0.11	11.92	0.55
20090830	6.91	15.31	0.5
20090831	8.34	14.7	0.95
20090901	7.29	12.35	1.68
20090902	28.61	12.6	6.14
20090903	0.91	11.39	5.33
20090904	1.13	11.66	2.58
20090905	0.07	13.03	1.94
20090906	1.12	13.84	1.68
20090907	0.38	15.96	1.4
20090908	2.67	13.13	1.37
20090909	0.02	10.87	1.13
20090910	0.02	11.79	0.93
20090911	0.0	12.36	0.83
20090912	0.01	12.0	0.74
20090913	0.0	11.83	0.67
20090914	0.0	9.27	0.63
20090915	0.01	10.3	0.59
20090916	0.02	10.73	0.56
20090917	0.0	11.1	0.51
20090918	0.0	13.94	0.47
20090919	0.98	11.36	0.46
20090920	0.1	11.14	0.44
20090921	0.67	13.95	0.41
20090922	0.18	13.02	0.41
20090923	0.12	11.15	0.37
20090924	0.04	10.91	0.36
20090925	0.0	12.55	0.36
20090926	0.0	12.23	0.35
20090927	0.01	13.86	0.34
20090928	0.02	13.69	0.33
20090929	1.1	13.39	0.32
20090930	0.77	12.66	0.33
20091001	0.02	10.13	0.31
20091002	0.32	11.57	0.29
20091003	1.07	9.77	0.27
20091004	0.11	7.59	0.27
20091005	8.72	10.1	0.26
20091006	24.58	10.43	2.33
20091007	0.08	6.72	1.01
20091008	0.0	6.76	0.56
20091009	1.78	9.74	0.46
20091010	0.64	11.57	0.43
20091011	0.58	8.19	0.41
20091012	0.02	7.71	0.38
20091013	0.0	10.76	0.36
20091014	0.14	12.0	0.35
20091015	0.37	12.25	0.34
20091016	0.07	6.86	0.33
20091017	0.01	6.45	0.32
20091018	0.91	9.04	0.32
20091019	0.05	9.52	0.31
20091020	9.19	7.93	0.37
20091021	0.03	10.53	0.44
20091022	2.97	10.36	0.37
20091023	0.54	11.36	0.41
20091024	5.7	12.64	0.56
20091025	0.72	11.53	0.58
20091026	0.31	11.43	0.46
20091027	2.83	13.6	0.4
20091028	0.01	11.41	0.44
20091029	0.0	13.51	0.39
20091030	5.59	12.87	0.37
20091031	20.73	11.63	0.62
20091101	3.13	9.84	4.83
20091102	5.38	7.72	1.59
20091103	5.2	7.59	1.72
20091104	26.97	7.57	6.46
20091105	9.78	7.29	8.08
20091106	4.97	6.53	5.37
20091107	10.71	6.23	5.55
20091108	0.03	4.14	4.34
20091109	2.08	4.88	3.25
20091110	0.98	5.62	2.88
20091111	3.88	6.56	2.53
20091112	10.15	7.52	3.39
20091113	29.32	8.99	10.07
20091114	7.21	6.64	9.57
20091115	4.34	8.49	6.91
20091116	8.18	8.12	6.32
20091117	43.05	8.91	11.92
20091118	6.37	10.06	23.25
20091119	17.34	11.25	13.09
20091120	1.05	7.64	9.93
20091121	26.76	8.89	12.42
20091122	13.56	7.12	16.84
20091123	14.69	9.19	12.64
20091124	10.64	8.92	12.19
20091125	8.99	6.38	10.16
20091126	3.85	5.03	6.73
20091127	7.07	3.89	5.78
20091128	7.57	3.07	5.96
20091129	32.8	3.7	18.65
20091130	0.01	0.74	12.24
20091201	1.86	3.07	6.73
20091202	7.51	4.42	4.92
20091203	2.53	2.64	5.73
20091204	8.02	4.47	4.42
20091205	16.95	7.94	7.99
20091206	9.14	6.29	9.21
20091207	10.13	5.58	9.26
20091208	3.3	7.35	7.22
20091209	3.8	7.61	5.64
20091210	0.02	4.17	4.35
20091211	0.04	3.64	3.51
20091212	0.01	2.08	2.94
20091213	0.22	1.94	2.55
20091214	5.23	3.68	2.49
20091215	1.22	3.43	2.41
20091216	5.67	3.2	2.74
20091217	0.04	0.21	2.46
20091218	0.06	-2.21	2.1
20091219	4.86	-0.66	2.03
20091220	2.28	-0.01	1.92
20091221	2.28	0.14	1.81
20091222	0.85	0.62	1.66
20091223	0.44	-0.67	1.49
20091224	2.94	0.08	1.39
20091225	8.99	2.08	2.14
20091226	13.58	4.12	7.4
20091227	2.73	0.67	6.41
20091228	0.37	-0.24	4.21
20091229	12.04	0.7	3.62
20091230	8.29	0.26	3.79
20091231	0.99	-1.59	3.26
20100101	2.01	-0.68	2.82
20100102	7.19	-0.34	2.66
20100103	0.5	-3.64	2.32
20100104	1.3	-2.4	2.09
20100105	2.02	-1.57	1.99
20100106	1.25	-4.23	1.75
20100107	0.66	-5.46	1.56
20100108	0.16	-4.11	2.31
20100109	0.11	-2.75	1.41
20100110	2.33	-0.32	1.37
20100111	1.05	-0.8	1.23
20100112	0.74	-0.39	1.17
20100113	1.54	-0.58	1.13
20100114	6.13	1.52	1.08
20100115	8.72	5.28	10.34
20100116	1.18	4.45	12.55
20100117	0.18	5.69	6.01
20100118	0.02	4.49	5.42
20100119	8.34	3.38	4.02
20100120	3.58	1.09	4.7
20100121	6.37	4.19	3.69
20100122	0.07	4.34	3.83
20100123	0.7	2.69	2.87
20100124	4.81	2.91	2.97
20100125	0.01	1.55	2.75
20100126	0.0	1.91	2.23
20100127	1.89	5.41	2.21
20100128	10.42	3.98	2.83
20100129	0.92	0.94	3.71
20100130	1.89	0.37	2.5
20100131	6.04	0.95	2.23
20100201	7.77	3.45	2.37
20100202	4.78	2.6	7.0
20100203	5.08	2.63	4.83
20100204	0.43	5.12	3.82
20100205	0.09	3.72	3.06
20100206	0.13	2.01	2.53
20100207	0.21	0.95	2.21
20100208	0.07	0.86	1.97
20100209	0.0	0.86	1.73
20100210	0.01	-0.84	1.49
20100211	0.01	0.47	1.33
20100212	0.17	0.91	1.25
20100213	0.0	0.63	1.15
20100214	9.36	2.29	1.41
20100215	8.04	2.72	2.55
20100216	1.54	-0.76	2.18
20100217	0.16	-0.79	1.69
20100218	0.8	-0.37	1.56
20100219	3.09	-0.08	1.49
20100220	6.15	0.36	1.49
20100221	2.84	-1.25	1.46
20100222	0.03	-0.62	1.29
20100223	3.49	1.09	1.23
20100224	0.19	3.68	2.11
20100225	0.33	4.33	2.28
20100226	0.77	2.36	2.05
20100227	0.71	2.98	1.83
20100228	0.11	0.88	1.69
20100301	0.09	1.53	1.49
20100302	0.02	2.83	1.31
20100303	0.0	1.08	1.21
20100304	0.01	1.41	1.08
20100305	0.17	4.57	1.0
20100306	0.03	0.79	0.94
20100307	0.0	-0.79	0.84
20100308	0.01	0.68	0.77
20100309	0.0	2.48	0.72
20100310	0.01	1.37	0.69
20100311	0.66	3.73	0.63
20100312	0.0	3.25	0.6
20100313	0.0	4.66	0.56
20100314	0.01	5.5	0.53
20100315	0.0	3.95	0.54
20100316	0.19	6.73	0.47
20100317	0.0	9.64	0.46
20100318	2.58	9.48	0.47
20100319	15.45	7.86	0.49
20100320	1.14	3.72	1.68
20100321	0.62	7.89	0.88
20100322	2.52	5.7	0.83
20100323	3.18	7.33	0.7
20100324	0.38	9.06	0.76
20100325	8.96	8.78	0.85
20100326	1.01	6.97	1.31
20100327	0.1	6.56	0.83
20100328	3.71	5.56	0.71
20100329	7.48	5.8	1.43
20100330	10.28	4.74	1.94
20100331	16.22	1.99	3.54
20100401	1.98	3.19	4.56
20100402	3.47	3.87	5.55
20100403	7.62	5.57	4.56
20100404	2.74	5.6	3.67
20100405	0.13	8.88	3.56
20100406	4.06	8.0	2.39
20100407	0.02	5.81	2.05
20100408	0.01	8.14	1.71
20100409	0.0	8.55	1.48
20100410	0.0	11.35	1.32
20100411	0.0	7.87	1.16
20100412	0.0	6.33	1.02
20100413	0.0	7.82	0.91
20100414	0.0	4.96	0.88
20100415	0.0	5.29	0.75
20100416	0.0	6.25	0.68
20100417	0.0	7.55	0.65
20100418	0.0	8.51	0.61
20100419	0.0	5.06	0.57
20100420	0.03	4.69	0.52
20100421	0.01	2.85	0.49
20100422	0.0	5.04	0.47
20100423	0.0	7.61	0.45
20100424	0.27	13.6	0.42
20100425	0.23	11.37	0.44
20100426	0.0	10.03	0.39
20100427	0.0	13.98	0.38
20100428	0.1	14.59	0.41
20100429	6.65	8.84	0.4
20100430	3.56	7.02	0.41
20100501	4.55	7.61	0.39
20100502	0.84	4.96	0.39
20100503	0.0	5.01	0.35
20100504	0.54	8.05	0.33
20100505	4.79	8.48	0.33
20100506	1.32	7.53	0.36
20100507	0.24	8.5	0.33
20100508	0.02	5.65	0.31
20100509	0.29	7.84	0.29
20100510	2.02	5.42	0.29
20100511	3.86	5.01	0.3
20100512	0.29	4.2	0.27
20100513	2.58	8.01	0.24
20100514	3.48	5.54	0.26
20100515	0.16	9.1	0.24
20100516	0.02	8.85	0.22
20100517	0.0	7.56	0.21
20100518	1.27	12.78	0.21
20100519	0.01	13.75	0.2
20100520	0.01	14.82	0.2
20100521	0.0	16.31	0.2
20100522	0.0	17.05	0.19
20100523	0.0	16.42	0.18
20100524	0.0	11.31	0.18
20100525	0.0	11.27	0.17
20100526	0.9	8.32	0.17
20100527	1.17	8.82	0.2
20100528	5.05	9.89	0.18
20100529	1.96	11.13	0.2
20100530	0.0	9.13	0.18
20100531	8.73	12.67	0.18
20100601	0.41	9.8	0.24
20100602	0.07	12.84	0.2
20100603	0.02	15.46	0.19
20100604	0.0	16.15	0.16
20100605	0.01	15.83	0.16
20100606	0.84	13.48	0.14
20100607	9.62	13.84	0.16
20100608	0.86	13.74	0.2
20100609	4.13	13.08	0.2
20100610	0.01	10.89	0.23
20100611	0.0	12.4	0.19
20100612	0.22	11.67	0.16
20100613	8.72	12.58	0.17
20100614	0.0	10.03	0.17
20100615	0.0	10.95	0.15
20100616	0.0	13.37	0.14
20100617	0.0	14.5	0.13
20100618	0.02	13.02	0.12
20100619	0.0	10.24	0.12
20100620	0.0	13.05	0.11
20100621	0.0	15.16	0.11
20100622	0.0	15.25	0.11
20100623	0.23	16.57	0.11
20100624	0.0	13.36	0.1
20100625	0.0	15.2	0.1
20100626	0.0	16.95	0.1
20100627	0.0	17.04	0.09
20100628	9.87	17.4	0.1
20100629	0.0	13.98	0.11
20100630	0.02	17.89	0.1
20100701	5.11	16.03	0.1
20100702	0.1	15.45	0.11
20100703	0.1	14.52	0.1
20100704	2.04	14.44	0.11
20100705	0.0	13.15	0.1
20100706	3.51	15.4	0.1
20100707	0.48	14.8	0.11
20100708	1.56	15.32	0.11
20100709	3.38	17.54	0.11
20100710	2.62	16.1	0.11
20100711	0.34	13.6	0.11
20100712	0.02	12.82	0.1
20100713	6.91	14.08	0.11
20100714	7.03	16.0	0.12
20100715	8.4	13.69	0.13
20100716	1.14	13.08	0.18
20100717	2.6	13.97	0.17
20100718	2.7	16.2	0.14
20100719	6.82	16.95	0.14
20100720	31.63	13.67	1.25
20100721	27.34	14.48	0.93
20100722	3.21	14.02	3.35
20100723	0.02	13.21	0.94
20100724	0.54	15.42	0.56
20100725	8.07	16.47	0.44
20100726	0.78	18.01	0.78
20100727	0.36	14.62	0.5
20100728	1.92	14.25	0.4
20100729	0.0	14.17	0.36
20100730	4.06	14.83	0.34
20100731	1.44	14.67	0.33
20100801	0.49	13.36	0.31
20100802	0.11	12.72	0.29
20100803	14.84	13.85	0.3
20100804	0.57	13.38	0.62
20100805	0.27	13.7	0.4
20100806	5.61	14.68	0.34
20100807	1.04	12.39	0.46
20100808	0.1	12.86	0.37
20100809	0.69	14.71	0.31
20100810	0.0	13.05	0.28
20100811	2.75	13.91	0.26
20100812	1.67	13.51	0.29
20100813	9.99	13.52	0.34
20100814	0.05	12.93	0.49
20100815	0.0	14.55	0.37
20100816	3.86	15.83	0.31
20100817	1.02	13.43	0.31
20100818	0.55	14.02	0.29
20100819	27.02	15.82	0.51
20100820	11.46	16.34	5.42
20100821	0.04	14.43	1.83
20100822	1.11	15.19	1.12
20100823	3.23	12.49	0.92
20100824	3.26	11.52	0.77
20100825	0.04	13.58	0.67
20100826	0.02	10.49	0.57
20100827	0.22	12.47	0.5
20100828	1.46	12.97	0.46
20100829	1.19	9.52	0.42
20100830	0.0	9.73	0.41
20100831	0.07	12.12	0.36
20100901	0.0	12.81	0.34
20100902	0.0	14.48	0.35
20100903	0.0	14.37	0.32
20100904	0.05	15.31	0.31
20100905	0.57	14.81	0.32
20100906	8.54	13.33	0.3
20100907	2.26	12.3	0.33
20100908	0.33	14.62	0.28
20100909	4.45	14.91	0.28
20100910	9.02	16.11	0.38
20100911	5.63	13.6	0.63
20100912	0.3	13.68	0.43
20100913	11.41	15.41	0.4
20100914	2.14	12.78	1.38
20100915	5.12	12.0	0.72
20100916	7.35	10.54	0.92
20100917	0.28	9.46	1.42
20100918	15.14	11.4	1.66
20100919	10.14	13.61	3.8
20100920	0.22	13.63	2.37
20100921	0.01	14.18	1.6
20100922	14.52	14.32	2.42
20100923	27.7	12.24	6.41
20100924	0.34	7.5	5.82
20100925	0.01	6.43	3.12
20100926	0.0	8.59	2.38
20100927	0.23	11.09	2.02
20100928	9.47	14.09	1.76
20100929	1.18	11.0	2.44
20100930	1.19	12.67	1.76
20101001	2.97	10.27	1.84
20101002	15.94	11.02	1.58
20101003	3.55	10.11	4.4
20101004	2.64	12.58	2.41
20101005	12.71	11.24	2.76
20101006	0.91	10.68	3.68
20101007	0.03	12.81	2.47
20101008	0.0	14.89	2.1
20101009	0.0	13.01	1.86
20101010	0.0	9.85	1.59
20101011	0.09	7.83	1.39
20101012	0.02	7.74	1.25
20101013	0.15	7.75	1.12
20101014	0.09	8.38	1.01
20101015	6.5	7.82	1.01
20101016	0.01	6.18	0.93
20101017	0.59	7.8	0.82
20101018	5.32	9.08	0.81
20101019	11.82	5.91	1.6
20101020	1.5	4.21	1.72
20101021	0.26	8.23	1.39
20101022	9.38	8.6	1.89
20101023	6.39	5.24	2.82
20101024	0.13	2.84	2.22
20101025	3.91	4.97	1.82
20101026	5.2	11.33	2.16
20101027	9.06	10.32	3.43
20101028	3.99	11.5	3.3
20101029	4.37	10.04	3.23
20101030	2.0	7.59	2.99
20101031	0.8	7.94	2.43
20101101	3.06	9.36	2.24
20101102	31.88	10.42	10.66
20101103	10.65	11.35	6.23
20101104	19.27	12.22	15.22
20101105	2.28	8.59	7.86
20101106	6.98	5.28	5.73
20101107	9.42	3.94	5.1
20101108	1.25	4.51	5.19
20101109	0.03	3.78	3.74
20101110	8.2	5.58	3.19
20101111	3.61	8.98	4.56
20101112	3.56	6.59	3.16
20101113	7.55	4.75	3.66
20101114	3.25	2.63	3.68
20101115	5.85	4.13	3.37
20101116	5.35	4.88	3.18
20101117	3.43	5.53	3.81
20101118	0.92	4.91	3.06
20101119	0.18	5.27	2.6
20101120	3.56	4.17	2.37
20101121	1.66	2.82	2.39
20101122	0.06	3.85	2.12
20101123	1.25	2.69	1.91
20101124	0.62	1.7	1.78
20101125	2.11	-0.0	1.65
20101126	6.36	-2.18	1.62
20101127	0.46	-4.4	1.45
20101128	0.1	-5.4	1.37
20101129	1.32	-3.77	1.45
20101130	1.12	-2.0	1.2
20101201	0.91	-2.13	1.11
20101202	0.01	-4.11	0.99
20101203	1.15	-0.89	1.02
20101204	4.81	0.53	1.28
20101205	1.41	-2.01	1.25
20101206	0.09	-3.23	1.02
20101207	0.02	-2.87	0.98
20101208	0.17	-1.14	0.83
20101209	0.26	3.95	1.22
20101210	0.16	5.65	2.76
20101211	0.0	2.4	2.53
20101212	0.04	1.25	1.92
20101213	0.08	0.57	1.71
20101214	0.08	2.25	1.52
20101215	1.24	4.23	1.44
20101216	4.81	0.8	1.79
20101217	5.22	-1.97	1.56
20101218	0.13	-6.39	1.36
20101219	0.0	-7.89	2.49
20101220	0.04	-7.37	6.28
20101221	4.29	-3.23	3.77
20101222	0.08	-4.46	1.35
20101223	0.01	-3.49	1.09
20101224	0.01	-3.66	1.16
20101225	0.07	-3.57	1.72
20101226	4.94	-0.71	2.1
20101227	12.47	3.53	2.76
20101228	1.21	5.79	5.42
20101229	0.05	5.46	3.83
20101230	0.01	5.49	2.78
20101231	0.61	4.95	2.36
20110101	2.49	2.67	2.29
20110102	0.01	-0.44	2.04
20110103	0.03	0.23	1.79
20110104	9.8	3.84	1.73
20110105	0.53	2.14	2.56
20110106	0.52	-0.2	1.84
20110107	11.75	2.61	2.48
20110108	0.75	2.25	3.12
20110109	5.29	2.66	2.24
20110110	12.27	5.32	5.51
20110111	5.21	5.47	4.3
20110112	6.26	9.25	4.79
20110113	2.0	9.35	4.0
20110114	12.7	7.26	4.41
20110115	21.33	9.49	15.17
20110116	3.84	6.35	10.2
20110117	0.01	3.46	5.69
20110118	0.09	1.88	4.06
20110119	0.09	0.99	3.21
20110120	0.2	0.55	2.65
20110121	0.02	-0.31	2.29
20110122	0.22	0.84	2.01
20110123	0.05	3.44	1.89
20110124	2.62	4.95	1.68
20110125	5.46	4.66	2.39
20110126	0.12	1.79	2.01
20110127	0.07	-1.11	1.59
20110128	0.0	-3.16	1.38
20110129	0.02	-3.62	1.21
20110130	0.07	-2.74	1.11
20110131	1.16	2.42	1.07
20110201	0.34	6.5	1.19
20110202	2.25	6.04	1.49
20110203	20.55	6.19	4.15
20110204	20.18	8.75	9.84
20110205	36.75	8.65	28.94
20110206	6.48	8.86	17.16
20110207	1.55	4.44	8.89
20110208	1.52	4.4	5.69
20110209	14.29	8.08	5.91
20110210	0.26	6.32	6.59
20110211	2.0	6.43	4.41
20110212	3.64	5.55	3.69
20110213	4.76	4.8	3.81
20110214	0.43	2.11	3.42
20110215	1.88	2.86	2.86
20110216	0.94	3.75	2.55
20110217	0.16	4.47	2.23
20110218	5.51	4.33	2.11
20110219	0.0	5.45	2.16
20110220	0.06	3.74	1.87
20110221	0.23	4.81	1.61
20110222	1.27	7.62	1.52
20110223	0.31	8.9	1.5
20110224	1.56	9.15	1.47
20110225	12.53	8.09	1.68
20110226	1.89	4.81	2.61
20110227	0.45	3.22	1.86
20110228	0.01	2.47	1.58
20110301	0.01	2.56	1.44
20110302	0.08	1.53	1.33
20110303	0.02	2.96	1.24
20110304	0.07	2.78	1.13
20110305	0.1	3.07	1.05
20110306	0.01	1.1	0.95
20110307	0.09	1.65	0.86
20110308	3.7	4.77	0.99
20110309	2.0	6.32	0.96
20110310	1.67	5.99	0.93
20110311	1.07	6.6	0.93
20110312	3.89	5.11	0.78
20110313	0.02	2.04	0.85
20110314	0.04	5.74	0.65
20110315	0.27	5.72	0.61
20110316	0.0	4.89	0.57
20110317	0.03	3.24	0.55
20110318	0.02	4.71	0.51
20110319	0.64	7.37	0.54
20110320	0.07	8.07	0.54
20110321	0.0	8.33	0.43
20110322	0.0	8.0	0.4
20110323	0.0	7.99	0.38
20110324	0.0	8.56	0.4
20110325	0.01	6.37	0.4
20110326	0.0	6.34	0.37
20110327	0.02	3.96	0.35
20110328	0.01	7.52	0.34
20110329	0.38	10.97	0.33
20110330	4.45	9.94	0.34
20110331	6.63	11.47	0.47
20110401	10.76	10.8	1.03
20110402	7.31	9.15	1.54
20110403	3.08	6.29	1.6
20110404	7.67	8.57	2.45
20110405	3.04	11.22	3.01
20110406	0.05	12.11	2.09
20110407	0.35	8.38	1.27
20110408	0.0	10.54	1.07
20110409	0.0	14.18	0.91
20110410	0.02	12.98	0.76
20110411	3.59	7.68	0.73
20110412	1.18	7.07	0.69
20110413	0.58	7.47	0.76
20110414	0.01	9.38	0.59
20110415	0.0	8.56	0.54
20110416	0.0	8.45	0.5
20110417	0.0	9.73	0.47
20110418	0.0	10.52	0.44
20110419	0.0	10.29	0.4
20110420	0.0	13.28	0.37
20110421	0.0	16.09	0.37
20110422	2.29	16.8	0.36
20110423	0.0	8.38	0.35
20110424	0.0	9.28	0.34
20110425	0.16	10.08	0.32
20110426	0.23	8.99	0.29
20110427	0.0	7.78	0.3
20110428	0.01	9.06	0.28
20110429	0.0	11.92	0.27
20110430	0.0	11.76	0.26
20110501	0.0	11.32	0.24
20110502	0.0	9.06	0.23
20110503	0.0	8.09	0.22
20110504	0.01	12.06	0.23
20110505	3.86	13.06	0.24
20110506	4.97	14.85	0.24
20110507	14.06	14.32	0.27
20110508	4.04	12.49	0.39
20110509	4.48	12.18	0.32
20110510	1.65	12.09	0.28
20110511	2.97	11.08	0.27
20110512	0.21	8.92	0.25
20110513	6.21	8.3	0.26
20110514	3.15	9.12	0.28
20110515	3.48	10.15	0.32
20110516	2.44	11.77	0.34
20110517	1.81	11.82	0.29
20110518	0.13	9.04	0.26
20110519	0.08	10.37	0.24
20110520	3.53	9.85	0.25
20110521	12.95	10.74	0.28
20110522	1.51	10.83	0.57
20110523	6.53	9.5	0.7
20110524	0.0	9.26	0.43
20110525	4.62	12.67	0.32
20110526	5.83	8.81	0.38
20110527	2.36	10.36	0.54
20110528	1.21	11.28	0.44
20110529	2.36	11.05	0.41
20110530	1.54	9.0	0.38
20110531	0.3	10.39	0.35
20110601	0.0	12.73	0.31
20110602	0.01	13.4	0.28
20110603	0.0	15.53	0.26
20110604	1.21	15.09	0.23
20110605	0.19	10.91	0.23
20110606	1.26	10.36	0.22
20110607	5.45	10.5	0.22
20110608	1.36	10.21	0.23
20110609	0.78	8.28	0.21
20110610	2.57	7.13	0.24
20110611	0.87	7.45	0.22
20110612	11.53	10.57	0.25
20110613	0.01	10.47	0.37
20110614	0.67	15.26	0.27
20110615	1.05	13.46	0.23
20110616	0.94	12.19	0.21
20110617	5.75	11.19	0.22
20110618	0.74	12.25	0.24
20110619	0.0	10.15	0.21
20110620	9.13	14.67	0.2
20110621	6.05	13.32	0.31
20110622	3.32	12.61	0.44
20110623	0.95	10.63	0.31
20110624	11.86	11.53	0.34
20110625	0.33	16.62	0.65
20110626	0.01	19.13	0.39
20110627	0.33	14.55	0.29
20110628	0.0	11.23	0.25
20110629	0.37	11.06	0.22
20110630	0.01	10.38	0.24
20110701	0.0	10.39	0.21
20110702	0.06	12.25	0.2
20110703	0.0	14.91	0.18
20110704	0.11	18.36	0.17
20110705	3.69	13.88	0.17
20110706	6.51	13.58	0.19
20110707	0.31	12.13	0.2
20110708	6.31	13.47	0.2
20110709	0.18	14.4	0.21
20110710	1.99	12.59	0.26
20110711	0.0	12.95	0.2
20110712	0.02	13.44	0.18
20110713	0.0	11.72	0.16
20110714	0.0	15.55	0.15
20110715	4.27	15.85	0.14
20110716	4.9	13.6	0.16
20110717	32.81	12.41	1.14
20110718	4.53	12.41	1.61
20110719	0.79	11.8	0.86
20110720	0.52	11.84	0.57
20110721	4.74	13.26	0.48
20110722	0.56	11.21	0.48
20110723	0.01	12.22	0.39
20110724	0.0	12.24	0.34
20110725	0.19	15.03	0.31
20110726	0.08	14.08	0.29
20110727	0.03	16.58	0.27
20110728	1.6	14.04	0.27
20110729	0.01	12.82	0.27
20110730	0.0	16.7	0.26
20110731	0.15	17.17	0.25
20110801	7.4	16.8	0.25
20110802	0.46	15.62	0.29
20110803	5.55	16.94	0.25
20110804	0.17	15.76	0.27
20110805	0.01	13.33	0.24
20110806	6.78	12.97	0.25
20110807	3.18	12.19	0.29
20110808	2.16	12.88	0.26
20110809	0.34	12.67	0.24
20110810	25.65	14.39	0.93
20110811	1.46	15.39	1.6
20110812	2.61	15.67	0.72
20110813	1.64	14.51	0.57
20110814	0.03	12.99	0.47
20110815	5.74	14.31	0.4
20110816	0.63	12.33	0.48
20110817	0.0	11.3	0.41
20110818	3.38	11.04	0.38
20110819	1.21	13.93	0.39
20110820	1.08	15.07	0.38
20110821	1.59	14.22	0.37
20110822	0.08	14.26	0.33
20110823	0.05	14.32	0.3
20110824	2.39	11.43	0.29
20110825	3.34	12.01	0.29
20110826	5.66	12.77	0.34
20110827	10.63	11.42	0.6
20110828	1.51	11.51	0.63
20110829	1.43	11.26	0.51
20110830	0.25	9.33	0.47
20110831	0.0	10.53	0.4
20110901	0.01	15.23	0.34
20110902	0.17	16.32	0.32
20110903	4.72	11.91	0.33
20110904	5.81	12.43	0.38
20110905	15.54	12.68	0.94
20110906	8.97	12.14	3.31
20110907	5.14	11.68	2.2
20110908	1.19	14.16	1.67
20110909	0.29	16.76	1.29
20110910	6.94	15.13	1.19
20110911	6.93	13.77	1.63
20110912	0.04	13.22	1.76
20110913	0.84	11.97	1.09
20110914	0.48	10.83	0.89
20110915	0.0	11.86	0.79
20110916	11.6	12.12	1.09
20110917	11.45	11.14	2.05
20110918	2.22	11.72	2.48
20110919	7.88	12.87	1.73
20110920	0.87	10.99	2.61
20110921	3.64	11.29	1.91
20110922	0.03	12.72	1.63
20110923	0.1	13.49	1.4
20110924	0.58	12.49	1.27
20110925	9.93	12.46	1.54
20110926	0.01	11.95	1.63
20110927	0.01	15.42	1.16
20110928	0.0	18.87	0.98
20110929	0.0	18.35	0.83
20110930	0.0	19.55	0.72
20111001	0.03	18.94	0.69
20111002	1.49	17.06	0.65
20111003	0.35	13.63	0.61
20111004	1.3	12.34	0.56
20111005	6.4	11.23	0.77
20111006	7.93	8.42	0.98
20111007	3.13	9.94	0.99
20111008	3.87	12.63	0.93
20111009	1.02	14.79	1.11
20111010	2.82	14.76	1.24
20111011	1.16	14.01	1.23
20111012	0.51	12.17	1.02
20111013	0.09	12.93	0.87
20111014	0.01	10.16	0.77
20111015	0.37	11.22	0.7
20111016	1.96	11.08	0.66
20111017	12.79	8.69	1.68
20111018	8.0	6.88	1.98
20111019	7.97	5.42	2.38
20111020	2.01	8.04	1.97
20111021	0.2	9.44	1.91
20111022	3.5	10.32	1.62
20111023	0.41	13.61	1.74
20111024	0.75	11.17	1.45
20111025	3.92	7.46	1.38
20111026	0.2	8.18	1.24
20111027	0.15	6.5	1.09
20111028	0.09	7.16	0.98
20111029	7.93	10.71	1.41
20111030	1.51	13.25	1.47
20111031	6.22	10.97	1.49
20111101	0.1	9.2	1.72
20111102	1.13	12.01	1.39
20111103	2.41	10.97	1.36
20111104	0.7	8.73	1.27
20111105	0.5	6.69	1.07
20111106	0.09	3.22	0.98
20111107	0.64	4.33	0.98
20111108	0.13	8.5	0.98
20111109	3.07	9.98	0.97
20111110	0.03	10.69	0.98
20111111	3.79	9.51	0.94
20111112	0.03	10.44	0.94
20111113	0.0	9.26	0.92
20111114	0.01	6.52	0.8
20111115	0.0	5.54	0.76
20111116	1.16	6.56	0.73
20111117	0.92	9.17	0.71
20111118	0.24	9.23	0.73
20111119	0.01	6.71	0.66
20111120	4.66	7.91	0.62
20111121	2.41	8.45	0.99
20111122	0.1	5.76	0.87
20111123	1.87	10.24	0.83
20111124	11.29	8.1	1.79
20111125	0.79	7.81	2.02
20111126	10.27	9.19	2.33
20111127	0.01	5.39	3.24
20111128	3.67	9.34	2.19
20111129	10.56	8.15	3.65
20111130	4.94	6.32	2.72
20111201	1.55	3.46	2.64
20111202	6.56	6.61	2.7
20111203	4.01	5.78	2.74
20111204	7.44	3.86	4.14
20111205	4.72	2.94	2.97
20111206	7.19	4.63	3.43
20111207	4.04	6.41	3.2
20111208	13.5	6.56	10.48
20111209	1.67	2.47	4.7
20111210	8.23	4.54	3.58
20111211	8.58	4.09	6.91
20111212	17.64	5.4	9.21
20111213	0.24	3.06	7.13
20111214	5.26	2.77	4.52
20111215	4.63	2.48	4.97
20111216	8.55	2.11	4.56
20111217	7.86	2.09	4.92
20111218	7.52	2.45	5.82
20111219	7.67	5.14	7.31
20111220	2.54	7.73	5.64
20111221	0.02	10.75	4.28
20111222	7.89	9.3	3.72
20111223	9.64	5.54	8.35
20111224	3.7	7.25	5.15
20111225	1.18	10.1	4.7
20111226	0.71	9.19	3.96
20111227	4.9	7.1	3.19
20111228	4.92	5.01	3.22
20111229	3.36	5.78	3.16
20111230	5.64	8.03	3.25
20111231	10.19	9.27	3.53
20120101	5.25	5.24	8.85
20120102	21.41	6.43	9.12
20120103	1.9	5.0	14.54
20120104	10.82	7.06	8.4
20120105	1.16	4.72	6.1
20120106	1.41	6.62	4.56
20120107	0.02	7.04	3.62
20120108	1.18	8.31	3.03
20120109	0.73	6.48	2.63
20120110	2.11	7.97	2.34
20120111	0.99	8.88	2.23
20120112	0.19	4.55	1.99
20120113	0.01	1.5	1.74
20120114	0.17	0.33	1.61
20120115	0.01	0.33	1.47
20120116	0.1	0.83	1.29
20120117	1.22	5.43	1.22
20120118	3.69	6.53	1.34
20120119	6.67	5.02	1.63
20120120	2.62	8.31	2.01
20120121	0.99	6.73	1.74
20120122	0.8	5.99	1.53
20120123	5.85	4.2	1.48
20120124	0.74	8.61	1.86
20120125	6.81	4.68	1.91
20120126	3.72	3.28	2.41
20120127	4.82	1.91	2.62
20120128	0.03	1.63	2.32
20120129	1.47	1.06	2.12
20120130	0.0	-1.32	1.95
20120131	0.07	-1.73	1.69
20120201	0.0	-3.12	1.48
20120202	0.01	-3.5	1.34
20120203	0.01	-2.48	1.21
20120204	4.73	2.61	1.35
20120205	0.66	4.39	1.4
20120206	0.99	1.57	1.42
20120207	0.03	-0.57	1.19
20120208	0.01	-1.71	0.99
20120209	8.2	1.45	1.36
20120210	0.1	1.56	1.6
20120211	0.01	2.23	1.3
20120212	0.88	4.51	1.23
20120213	0.25	5.09	1.22
20120214	0.09	5.9	1.12
20120215	0.51	5.24	1.07
20120216	3.55	6.97	1.1
20120217	5.41	7.87	1.26
20120218	4.08	3.21	2.42
20120219	1.07	2.66	1.72
20120220	1.09	6.74	1.82
20120221	5.03	8.55	1.91
20120222	3.9	10.11	3.91
20120223	0.04	10.31	2.38
20120224	0.86	5.89	1.87
20120225	0.0	5.55	1.64
20120226	1.07	7.56	1.56
20120227	0.45	8.8	1.44
20120228	0.01	8.82	1.3
20120229	0.0	7.46	1.2
20120301	0.01	7.28	1.05
20120302	1.9	8.58	0.96
20120303	8.95	5.27	1.07
20120304	3.28	3.55	1.7
20120305	0.11	2.71	1.36
20120306	5.54	6.08	1.48
20120307	0.31	5.22	1.8
20120308	0.06	7.51	1.37
20120309	0.21	9.51	1.16
20120310	0.0	8.6	1.03
20120311	0.08	8.59	0.96
20120312	0.24	7.64	0.91
20120313	0.0	6.58	0.84
20120314	0.0	7.16	0.81
20120315	0.0	6.68	0.76
20120316	5.91	6.99	0.79
20120317	3.77	5.19	0.96
20120318	0.02	4.34	0.87
20120319	0.0	7.72	0.71
20120320	0.0	9.45	0.62
20120321	0.01	5.24	0.56
20120322	0.0	10.28	0.53
20120323	0.0	9.62	0.51
20120324	0.0	12.39	0.47
20120325	0.0	11.15	0.44
20120326	0.0	11.48	0.42
20120327	0.0	11.83	0.41
20120328	0.0	10.23	0.39
20120329	0.0	10.02	0.38
20120330	0.09	8.71	0.35
20120331	0.0	4.62	0.33
20120401	0.13	6.75	0.34
20120402	0.93	7.04	0.34
20120403	26.18	4.01	0.46
20120404	5.7	1.81	1.17
20120405	0.02	2.56	1.3
20120406	3.09	6.9	2.95
20120407	4.77	8.2	3.78
20120408	9.28	7.73	3.33
20120409	7.28	5.52	4.22
20120410	1.43	5.83	3.08
20120411	0.92	7.18	2.27
20120412	0.16	4.65	1.85
20120413	1.05	5.15	1.68
20120414	0.57	3.05	1.53
20120415	0.01	2.37	1.28
20120416	8.12	6.43	1.3
20120417	2.88	6.42	1.55
20120418	8.64	5.46	1.69
20120419	0.39	6.04	2.13
20120420	3.47	4.48	1.65
20120421	3.41	6.65	1.59
20120422	2.37	7.34	1.63
20120423	9.67	5.92	2.31
20120424	3.51	6.02	2.08
20120425	14.67	6.26	4.61
20120426	19.56	7.0	10.07
20120427	0.08	5.76	7.63
20120428	1.16	6.17	4.61
20120429	28.26	6.38	15.58
20120430	2.39	12.05	7.0
20120501	2.26	8.54	5.1
20120502	0.03	10.03	3.8
20120503	0.01	8.53	3.01
20120504	0.02	3.73	2.48
20120505	0.01	4.2	2.07
20120506	0.45	6.06	1.78
20120507	9.3	7.41	1.88
20120508	0.01	7.39	1.83
20120509	19.66	10.79	3.32
20120510	3.88	10.35	4.4
20120511	1.59	6.63	2.63
20120512	0.0	8.19	2.12
20120513	4.44	9.58	2.06
20120514	6.34	7.18	1.7
20120515	2.71	5.85	1.78
20120516	1.51	6.51	1.44
20120517	0.35	8.78	1.39
20120518	6.69	8.8	1.35
20120519	0.02	7.02	1.43
20120520	0.0	8.03	1.15
20120521	0.0	9.87	0.96
20120522	0.0	13.14	0.82
20120523	0.0	14.31	0.72
20120524	0.0	17.48	0.65
20120525	0.0	18.47	0.59
20120526	0.0	16.12	0.53
20120527	0.0	17.3	0.48
20120528	0.0	15.04	0.46
20120529	0.01	12.67	0.43
20120530	0.51	15.84	0.42
20120531	1.75	13.11	0.42
20120601	0.01	13.44	0.41
20120602	13.02	11.72	0.44
20120603	9.03	7.22	0.77
20120604	0.03	8.69	0.57
20120605	1.55	12.23	0.48
20120606	3.35	12.79	0.45
20120607	4.72	12.3	0.49
20120608	19.82	10.35	1.21
20120609	0.16	10.34	1.46
20120610	0.05	10.66	0.9
20120611	0.02	10.74	0.75
20120612	0.03	11.05	0.65
20120613	8.72	10.87	0.93
20120614	10.48	12.27	1.08
20120615	13.7	11.77	1.99
20120616	11.9	11.09	4.74
20120617	0.02	9.97	2.59
20120618	0.07	11.83	1.97
20120619	0.02	10.49	1.58
20120620	4.86	13.6	1.36
20120621	14.16	12.46	1.54
20120622	4.61	12.26	2.4
20120623	12.68	11.45	2.32
20120624	0.2	12.74	2.79
20120625	0.01	13.31	1.81
20120626	2.63	16.19	1.63
20120627	2.53	16.87	1.51
20120628	13.91	16.17	2.79
20120629	4.99	13.79	2.76
20120630	2.94	11.67	2.14
20120701	0.88	12.84	1.77
20120702	4.41	14.67	1.68
20120703	2.11	15.39	1.51
20120704	13.8	14.49	2.89
20120705	10.19	15.95	2.44
20120706	24.38	12.1	15.35
20120707	0.29	14.09	6.5
20120708	5.81	14.12	4.7
20120709	0.66	12.63	3.65
20120710	9.19	11.45	3.12
20120711	0.84	10.73	3.65
20120712	3.18	13.63	2.43
20120713	18.84	11.67	5.73
20120714	0.46	11.08	4.0
20120715	1.28	13.14	2.88
20120716	8.28	14.67	3.29
20120717	3.72	15.95	2.75
20120718	2.72	14.43	2.39
20120719	2.19	11.57	2.01
20120720	0.1	10.58	1.7
20120721	0.0	14.48	1.47
20120722	1.53	16.56	1.37
20120723	0.05	18.08	1.22
20120724	0.85	17.27	1.01
20120725	1.9	16.44	0.93
20120726	0.0	14.99	0.85
20120727	0.17	12.4	0.81
20120728	1.95	12.38	0.7
20120729	1.06	11.95	0.65
20120730	1.46	12.05	0.6
20120731	1.38	14.27	0.58
20120801	2.61	14.94	0.56
20120802	0.41	14.42	0.53
20120803	3.66	14.89	0.49
20120804	9.47	13.96	0.73
20120805	11.81	13.57	1.23
20120806	1.31	13.14	0.94
20120807	0.01	14.39	0.62
20120808	0.01	13.69	0.52
20120809	0.0	15.2	0.47
20120810	0.01	17.47	0.43
20120811	1.25	17.11	0.41
20120812	3.2	16.17	0.41
20120813	5.05	16.67	0.44
20120814	0.01	17.21	0.41
20120815	14.77	15.92	0.63
20120816	4.62	16.92	0.63
20120817	15.92	18.15	2.11
20120818	0.3	16.52	2.45
20120819	4.1	15.25	1.24
20120820	0.09	16.62	0.93
20120821	1.46	15.33	0.76
20120822	2.41	14.61	0.75
20120823	0.21	12.76	0.78
20120824	12.35	14.89	1.07
20120825	1.75	13.4	1.41
20120826	0.47	13.54	0.84
20120827	5.34	13.34	0.88
20120828	2.68	13.99	0.87
20120829	13.44	13.74	1.68
20120830	0.47	9.81	1.69
20120831	0.13	13.34	1.07
20120901	0.42	15.81	0.9
20120902	0.18	13.31	0.79
20120903	0.29	16.37	0.7
20120904	0.03	11.93	0.65
20120905	0.0	10.0	0.64
20120906	0.0	14.47	0.6
20120907	0.0	14.74	0.51
20120908	0.01	14.36	0.48
20120909	3.87	15.96	0.47
20120910	21.54	11.79	1.31
20120911	1.08	9.8	1.49
20120912	4.32	10.45	1.02
20120913	1.97	12.96	0.82
20120914	0.09	10.91	0.75
20120915	0.17	13.03	0.64
20120916	4.21	11.42	0.66
20120917	2.95	10.7	0.64
20120918	3.79	9.27	0.7
20120919	1.33	10.33	0.65
20120920	5.75	11.5	0.62
20120921	1.77	6.52	0.98
20120922	0.01	7.44	0.75
20120923	31.14	8.37	1.16
20120924	36.05	9.14	20.36
20120925	19.41	8.94	20.27
20120926	8.55	9.64	9.21
20120927	3.62	9.72	7.27
20120928	3.87	9.7	5.46
20120929	2.26	10.91	4.17
20120930	10.2	11.93	5.78
20121001	11.02	10.99	5.06
20121002	11.83	9.65	10.7
20121003	8.47	8.71	6.82
20121004	10.8	9.72	7.04
20121005	0.25	7.44	5.6
20121006	0.01	8.36	3.85
20121007	0.5	7.75	3.05
20121008	0.14	8.21	2.56
20121009	0.09	6.45	2.15
20121010	6.99	10.18	1.89
20121011	17.7	9.14	5.33
20121012	4.83	7.22	4.46
20121013	0.48	5.52	3.57
20121014	0.45	6.45	2.83
20121015	4.19	7.91	2.6
20121016	6.71	7.12	2.51
20121017	3.34	9.98	2.93
20121018	0.51	9.29	2.37
20121019	0.84	9.85	1.98
20121020	0.09	7.9	1.79
20121021	0.56	8.94	1.58
20121022	2.61	10.12	1.53
20121023	0.33	11.69	1.47
20121024	0.09	10.52	1.37
20121025	0.02	5.44	1.3
20121026	0.15	3.33	1.13
20121027	5.79	4.4	1.04
20121028	4.8	6.67	1.57
20121029	2.38	6.85	1.39
20121030	4.95	7.03	1.44
20121031	5.83	5.08	2.59
20121101	2.19	4.16	1.9
20121102	4.41	4.62	1.99
20121103	9.98	3.47	2.77
20121104	0.19	3.02	3.14
20121105	1.42	4.93	2.37
20121106	0.53	7.12	2.11
20121107	0.3	8.34	1.9
20121108	0.2	6.83	1.66
20121109	4.76	5.0	1.76
20121110	2.94	4.67	1.68
20121111	2.76	6.63	1.56
20121112	1.12	10.09	1.8
20121113	0.11	9.92	1.65
20121114	0.01	7.4	1.31
20121115	0.0	5.81	1.21
20121116	10.15	5.63	1.37
20121117	0.38	3.44	1.91
20121118	1.11	5.19	1.54
20121119	8.05	10.06	2.37
20121120	4.94	8.95	2.47
20121121	0.28	7.97	2.21
20121122	24.5	7.45	8.35
20121123	1.95	3.37	4.7
20121124	17.45	3.38	6.41
20121125	15.79	5.06	10.7
20121126	65.31	4.66	42.62
20121127	0.47	4.75	28.13
20121128	0.01	0.97	8.85
20121129	0.97	1.77	5.78
20121130	2.16	2.73	4.35
20121201	2.41	2.5	3.59
20121202	5.44	5.01	3.58
20121203	1.8	4.8	3.35
20121204	7.16	2.81	3.57
20121205	0.03	0.31	3.32
20121206	25.02	3.55	9.62
20121207	3.56	3.38	7.86
20121208	0.6	4.27	5.19
20121209	0.75	3.49	4.13
20121210	0.01	-0.15	3.31
20121211	0.1	-1.32	2.78
20121212	0.15	-2.14	2.43
20121213	1.2	-1.32	2.13
20121214	13.45	4.27	4.04
20121215	5.78	5.86	4.79
20121216	9.78	6.09	5.46
20121217	8.68	4.43	7.22
20121218	0.18	3.61	5.15
20121219	9.79	5.06	4.41
20121220	8.8	6.06	7.4
20121221	7.42	5.7	5.51
20121222	8.1	8.87	8.31
20121223	0.11	6.73	5.69
20121224	7.6	5.66	5.15
20121225	6.34	4.5	5.91
20121226	9.75	5.66	7.9
20121227	2.77	6.03	5.28
20121228	18.21	8.29	8.53
20121229	6.33	4.4	11.96
20121230	19.36	6.59	12.15
20121231	3.35	5.92	14.13
20130101	0.04	5.5	6.82
20130102	0.19	9.55	5.06
20130103	0.12	8.37	4.01
20130104	0.03	8.5	3.37
20130105	0.04	8.45	2.8
20130106	0.01	8.57	2.45
20130107	0.25	9.29	2.14
20130108	2.42	4.89	1.98
20130109	0.15	1.92	1.8
20130110	1.62	1.72	1.66
20130111	1.79	3.68	1.66
20130112	0.01	-0.85	1.51
20130113	8.52	0.64	1.36
20130114	4.16	1.49	2.4
20130115	0.02	0.27	1.83
20130116	0.52	-0.46	1.57
20130117	1.67	0.33	1.54
20130118	3.35	-1.94	1.49
20130119	0.17	-1.45	1.41
20130120	1.49	-0.97	1.37
20130121	1.97	-2.06	1.32
20130122	0.17	-1.49	1.22
20130123	0.09	-1.57	1.14
20130124	0.01	-1.36	1.05
20130125	22.6	2.25	5.06
20130126	13.32	6.29	8.8
20130127	1.32	4.19	6.68
20130128	8.48	6.38	7.13
20130129	16.61	8.84	13.27
20130130	7.83	6.4	8.13
20130131	1.4	4.82	5.96
20130201	1.76	3.38	4.52
20130202	0.74	3.16	3.62
20130203	0.56	7.3	3.08
20130204	2.22	3.04	2.71
20130205	6.18	2.63	2.93
20130206	0.25	2.06	2.55
20130207	9.22	2.56	2.84
20130208	2.5	3.65	3.22
20130209	5.17	4.84	3.38
20130210	5.94	1.78	4.2
20130211	0.02	0.67	3.12
20130212	0.21	0.07	2.58
20130213	26.42	3.69	8.67
20130214	0.19	5.62	6.73
20130215	0.01	3.94	4.32
20130216	0.0	4.56	3.45
20130217	0.0	3.6	2.84
20130218	0.0	3.38	2.37
20130219	0.02	3.98	2.05
20130220	0.09	0.39	1.77
20130221	0.0	-0.38	1.54
20130222	0.0	-1.03	1.42
20130223	0.32	-0.52	1.32
20130224	0.28	0.11	1.17
20130225	0.01	2.54	1.05
20130226	0.01	2.21	0.96
20130227	0.0	1.4	0.88
20130228	0.03	2.77	0.81
20130301	0.0	1.23	0.78
20130302	0.0	1.98	0.74
20130303	0.0	1.97	0.7
20130304	0.01	2.47	0.67
20130305	0.01	5.94	0.63
20130306	2.21	5.44	0.62
20130307	4.51	6.53	0.68
20130308	0.66	5.66	0.71
20130309	0.37	2.59	0.63
20130310	0.15	-1.52	0.56
20130311	0.02	-1.99	0.51
20130312	0.14	0.96	0.5
20130313	0.37	-0.32	0.5
20130314	6.38	3.24	0.47
20130315	7.41	4.14	1.26
20130316	3.82	2.8	1.09
20130317	1.39	2.66	0.88
20130318	1.72	2.64	0.74
20130319	6.05	2.45	0.8
20130320	0.01	1.07	1.08
20130321	15.27	1.08	0.95
20130322	11.87	-0.38	1.44
20130323	3.51	-1.31	1.36
20130324	0.51	-1.21	1.24
20130325	0.01	-0.33	1.24
20130326	0.05	-0.48	1.24
20130327	0.36	-1.1	1.28
20130328	0.0	-0.58	1.36
20130329	0.0	-0.51	1.44
20130330	0.0	-0.45	1.51
20130331	0.0	0.81	1.5
20130401	0.0	-0.63	1.39
20130402	0.0	0.29	1.43
20130403	0.01	2.65	1.64
20130404	0.0	2.86	1.66
20130405	0.0	1.15	1.75
20130406	0.0	1.65	1.75
20130407	0.0	3.26	1.7
20130408	0.0	4.03	1.6
20130409	0.01	4.04	1.49
20130410	0.67	5.25	1.45
20130411	3.51	5.08	1.7
20130412	0.81	5.86	1.7
20130413	9.27	9.8	1.83
20130414	6.75	10.66	4.97
20130415	1.65	10.72	2.31
20130416	1.1	9.16	1.71
20130417	2.46	9.4	1.93
20130418	3.68	7.35	1.6
20130419	0.02	4.66	1.41
20130420	0.05	7.97	1.12
20130421	1.17	6.81	1.03
20130422	0.1	9.25	0.98
20130423	0.41	10.45	0.83
20130424	0.41	10.38	0.8
20130425	1.54	7.06	0.78
20130426	1.84	5.46	0.74
20130427	0.01	4.48	0.69
20130428	1.18	6.72	0.7
20130429	0.23	6.0	0.63
20130430	0.0	5.07	0.58
20130501	0.01	6.28	0.53
20130502	0.0	9.47	0.49
20130503	2.59	9.67	0.54
20130504	0.03	9.72	0.5
20130505	0.0	9.66	0.48
20130506	0.0	11.72	0.4
20130507	0.78	15.59	0.38
20130508	1.33	9.62	0.41
20130509	15.65	7.9	0.61
20130510	0.62	8.49	0.67
20130511	3.15	7.52	0.5
20130512	2.64	7.64	0.46
20130513	1.62	6.97	0.45
20130514	14.8	6.82	0.7
20130515	0.75	5.7	1.44
20130516	4.81	7.47	0.83
20130517	0.24	8.9	0.75
20130518	0.0	9.22	0.61
20130519	0.11	11.12	0.51
20130520	0.36	10.74	0.47
20130521	0.21	8.83	0.46
20130522	2.0	6.88	0.42
20130523	1.91	6.09	0.49
20130524	0.02	5.65	0.45
20130525	0.0	8.09	0.38
20130526	0.22	10.31	0.41
20130527	10.88	7.34	0.59
20130528	18.09	8.73	2.14
20130529	3.52	11.06	1.92
20130530	0.75	10.38	1.41
20130531	0.01	11.35	1.02
20130601	0.0	9.64	0.81
20130602	0.0	9.75	0.71
20130603	0.01	11.89	0.65
20130604	0.0	12.62	0.6
20130605	0.0	11.63	0.56
20130606	0.0	12.91	0.52
20130607	0.0	13.99	0.49
20130608	0.0	12.93	0.47
20130609	0.0	13.41	0.44
20130610	0.4	13.22	0.42
20130611	1.76	14.21	0.41
20130612	5.08	13.21	0.42
20130613	7.91	10.81	0.51
20130614	14.93	11.04	0.59
20130615	1.8	11.76	0.73
20130616	0.92	13.06	0.53
20130617	0.02	12.18	0.45
20130618	0.0	15.64	0.39
20130619	0.0	11.51	0.35
20130620	4.96	13.69	0.36
20130621	3.99	13.54	0.35
20130622	7.11	12.32	0.37
20130623	1.56	10.53	0.55
20130624	0.0	10.54	0.44
20130625	0.03	11.87	0.36
20130626	0.0	12.16	0.32
20130627	16.17	12.34	0.45
20130628	3.49	12.8	0.79
20130629	0.01	13.87	0.55
20130630	0.31	12.06	0.42
20130701	1.09	12.21	0.38
20130702	4.4	12.42	0.37
20130703	0.61	14.21	0.36
20130704	0.01	13.01	0.34
20130705	0.0	14.09	0.32
20130706	0.0	14.99	0.3
20130707	0.0	17.62	0.28
20130708	0.0	18.09	0.26
20130709	0.0	18.52	0.25
20130710	0.0	18.6	0.24
20130711	0.0	17.23	0.23
20130712	0.0	18.13	0.24
20130713	0.0	17.33	0.23
20130714	0.0	15.95	0.23
20130715	0.0	15.35	0.22
20130716	0.0	15.74	0.21
20130717	0.0	16.66	0.21
20130718	0.0	19.5	0.2
20130719	0.0	20.81	0.19
20130720	0.0	18.83	0.18
20130721	0.01	17.7	0.18
20130722	0.2	20.77	0.17
20130723	0.03	18.01	0.17
20130724	5.09	18.9	0.17
20130725	0.03	17.12	0.17
20130726	0.58	16.19	0.16
20130727	17.03	17.29	0.2
20130728	17.15	17.32	0.3
20130729	4.74	15.63	0.48
20130730	2.75	15.77	0.32
20130731	12.39	16.32	0.6
20130801	0.29	20.2	0.71
20130802	0.94	16.46	0.39
20130803	3.61	15.59	0.3
20130804	35.54	16.11	0.58
20130805	1.85	12.46	3.56
20130806	0.01	12.98	1.1
20130807	0.0	13.8	0.66
20130808	0.75	16.77	0.51
20130809	0.01	13.83	0.44
20130810	3.14	14.44	0.4
20130811	0.13	13.94	0.37
20130812	2.31	13.03	0.34
20130813	0.19	13.37	0.34
20130814	1.55	17.17	0.32
20130815	7.66	16.32	0.33
20130816	0.12	15.81	0.39
20130817	5.03	14.65	0.39
20130818	0.14	13.44	0.43
20130819	0.01	13.91	0.34
20130820	0.02	16.82	0.3
20130821	0.04	17.06	0.28
20130822	0.02	16.84	0.26
20130823	5.45	16.06	0.26
20130824	0.01	11.01	0.29
20130825	0.0	14.71	0.26
20130826	0.0	15.86	0.24
20130827	0.0	14.44	0.24
20130828	0.0	13.96	0.22
20130829	0.03	16.62	0.21
20130830	0.06	13.57	0.21
20130831	0.0	11.62	0.19
20130901	0.0	13.32	0.19
20130902	0.03	15.75	0.2
20130903	0.09	13.99	0.22
20130904	0.0	15.93	0.19
20130905	0.1	11.82	0.18
20130906	27.01	10.37	0.48
20130907	3.3	9.22	0.71
20130908	2.15	9.13	0.46
20130909	5.0	11.49	0.4
20130910	0.4	12.38	0.42
20130911	6.74	13.43	0.42
20130912	2.31	14.83	0.55
20130913	3.99	10.49	0.55
20130914	0.54	9.3	0.57
20130915	6.89	11.1	0.69
20130916	0.84	9.42	0.67
20130917	7.78	8.99	0.7
20130918	1.38	9.86	0.83
20130919	0.73	12.36	0.62
20130920	0.04	10.92	0.51
20130921	0.01	16.34	0.46
20130922	0.01	15.22	0.44
20130923	0.08	14.01	0.42
20130924	4.96	15.13	0.44
20130925	0.2	13.58	0.47
20130926	0.24	12.35	0.43
20130927	0.01	13.55	0.4
20130928	0.31	13.52	0.35
20130929	0.0	12.72	0.34
20130930	0.48	12.7	0.33
20131001	3.51	12.92	0.37
20131002	7.47	15.77	0.42
20131003	11.39	15.38	0.62
20131004	1.6	12.68	1.26
20131005	0.07	12.4	0.89
20131006	0.63	15.08	0.61
20131007	1.32	14.77	0.57
20131008	0.11	12.77	0.51
20131009	1.36	8.76	0.48
20131010	0.07	8.08	0.41
20131011	0.0	10.62	0.36
20131012	0.09	10.4	0.34
20131013	5.58	8.94	0.34
20131014	1.43	8.8	0.45
20131015	0.37	9.34	0.47
20131016	12.1	9.87	1.08
20131017	0.47	11.42	0.83
20131018	9.68	12.43	0.78
20131019	11.52	13.33	2.24
20131020	10.8	12.25	3.2
20131021	11.41	13.92	4.43
20131022	15.53	13.19	4.12
20131023	0.14	7.79	5.96
20131024	8.34	11.28	3.32
20131025	11.23	13.16	5.33
20131026	15.52	10.97	5.19
20131027	22.59	9.52	12.19
20131028	5.59	7.95	9.62
20131029	0.82	6.32	5.64
20131030	4.7	9.09	4.65
20131031	1.2	8.62	3.84
20131101	4.15	6.2	3.58
20131102	15.66	7.58	5.78
20131103	3.0	4.18	4.97
20131104	5.82	5.69	3.84
20131105	1.49	7.12	3.99
20131106	6.16	6.07	3.73
20131107	5.01	6.24	3.36
20131108	7.21	4.13	5.73
20131109	3.68	5.09	4.1
20131110	5.66	7.32	3.7
20131111	0.62	10.04	4.01
20131112	0.07	5.62	3.02
20131113	7.98	6.18	2.83
20131114	2.32	5.73	3.07
20131115	0.01	7.39	2.54
20131116	0.5	7.77	2.25
20131117	2.4	8.55	2.07
20131118	5.64	4.12	2.42
20131119	19.34	3.38	3.33
20131120	4.98	4.57	7.72
20131121	0.22	4.14	5.06
20131122	0.08	2.13	3.85
20131123	0.1	2.61	3.16
20131124	0.08	2.2	2.73
20131125	0.02	2.65	2.32
20131126	0.6	6.62	2.06
20131127	0.36	8.05	1.9
20131128	0.44	7.63	1.76
20131129	1.35	5.77	1.58
20131130	0.02	5.77	1.44
20131201	0.41	7.25	1.32
20131202	0.01	6.05	1.23
20131203	3.41	6.15	1.13
20131204	0.1	5.04	1.18
20131205	5.15	5.17	1.38
20131206	1.31	5.57	1.31
20131207	0.82	7.48	1.25
20131208	0.05	9.3	1.16
20131209	0.07	7.43	1.05
20131210	0.0	6.13	0.95
20131211	0.11	7.07	0.88
20131212	4.49	11.21	1.01
20131213	3.25	7.26	1.5
20131214	7.85	7.54	2.61
20131215	11.64	8.39	3.14
20131216	0.12	2.93	4.1
20131217	2.11	4.76	2.59
20131218	16.66	6.78	6.28
20131219	6.48	3.04	5.33
20131220	11.94	7.6	8.13
20131221	15.9	6.21	9.75
20131222	7.93	3.77	8.04
20131223	23.91	5.9	17.16
20131224	8.18	2.95	11.56
20131225	0.35	1.38	7.31
20131226	10.26	5.21	6.19
20131227	0.52	5.17	6.1
20131228	0.3	3.85	4.23
20131229	14.7	5.92	4.07
20131230	9.57	6.41	9.03
20131231	5.43	5.12	7.36
20140101	11.73	7.18	9.48
20140102	10.19	6.19	7.27
20140103	7.23	4.56	9.26
20140104	1.99	2.99	6.5
20140105	14.02	6.57	8.62
20140106	9.28	7.77	8.53
20140107	9.08	7.03	8.4
20140108	19.31	5.45	12.6
20140109	0.96	4.42	9.8
20140110	8.09	4.75	7.4
20140111	0.02	1.85	6.1
20140112	4.58	4.25	5.01
20140113	5.19	3.21	4.83
20140114	6.31	5.09	4.52
20140115	2.85	6.29	5.1
20140116	3.7	5.31	4.06
20140117	3.14	4.53	3.8
20140118	8.4	4.33	4.37
20140119	1.36	3.31	4.51
20140120	0.39	3.04	3.55
20140121	4.01	4.44	3.34
20140122	2.05	5.07	3.17
20140123	1.44	4.09	2.76
20140124	6.32	6.81	3.26
20140125	10.83	5.67	3.58
20140126	5.41	4.74	6.28
20140127	15.88	3.86	6.5
20140128	9.06	4.31	9.98
20140129	0.81	2.52	6.86
20140130	0.06	0.58	4.88
20140131	11.51	3.04	6.19
20140201	13.73	4.19	9.08
20140202	0.56	5.55	6.46
20140203	2.96	3.82	4.74
20140204	2.02	4.35	4.15
20140205	16.36	5.43	7.36
20140206	8.2	3.94	6.28
20140207	9.51	4.57	7.04
20140208	22.16	4.54	11.69
20140209	3.19	2.16	11.06
20140210	9.12	2.68	7.31
20140211	4.72	2.47	6.5
20140212	22.63	4.12	16.98
20140213	0.65	3.75	7.9
20140214	33.08	5.01	12.37
20140215	5.37	3.83	15.67
20140216	0.1	5.26	7.63
20140217	2.47	6.47	5.51
20140218	0.64	6.32	4.41
20140219	1.78	8.3	3.65
20140220	3.43	5.52	3.63
20140221	7.67	5.09	4.16
20140222	2.8	7.3	3.65
20140223	10.04	6.61	4.7
20140224	3.61	6.49	4.79
20140225	2.62	5.81	3.98
20140226	8.09	6.26	4.05
20140227	0.48	4.36	3.94
20140228	0.04	3.08	3.16
20140301	3.37	5.31	2.9
20140302	7.15	4.03	3.96
20140303	0.86	4.1	3.04
20140304	0.03	5.17	2.51
20140305	0.21	7.67	2.37
20140306	8.69	9.22	2.25
20140307	0.01	5.22	3.17
20140308	0.0	10.33	2.15
20140309	0.21	8.68	1.8
20140310	0.09	3.94	1.59
20140311	0.07	5.92	1.44
20140312	0.03	6.49	1.33
20140313	0.02	5.51	1.22
20140314	0.01	7.54	1.12
20140315	0.0	8.75	1.0
20140316	0.09	9.5	0.92
20140317	2.11	7.91	0.85
20140318	0.76	8.51	0.84
20140319	0.02	8.54	0.81
20140320	9.58	6.27	1.1
20140321	6.41	4.41	1.28
20140322	6.29	4.52	1.24
20140323	0.7	2.56	1.54
20140324	1.81	5.63	1.05
20140325	5.63	5.02	1.19
20140326	3.39	4.43	1.4
20140327	2.13	3.87	1.41
20140328	3.84	6.3	1.44
20140329	0.0	10.89	1.41
20140330	0.0	11.08	1.22
20140331	7.2	10.49	1.42
20140401	0.15	9.55	1.48
20140402	0.27	9.75	1.31
20140403	6.61	10.43	1.48
20140404	0.23	9.69	1.63
20140405	10.48	12.06	2.1
20140406	6.22	9.81	4.26
20140407	9.67	7.26	4.79
20140408	0.08	7.97	3.41
20140409	0.0	10.08	2.59
20140410	0.01	8.09	2.12
20140411	0.0	7.91	1.83
20140412	0.17	8.4	1.65
20140413	0.0	8.31	1.41
20140414	0.0	6.49	1.21
20140415	0.0	8.42	1.07
20140416	0.0	11.14	1.06
20140417	0.24	7.0	0.86
20140418	0.0	6.51	0.77
20140419	0.0	6.46	0.7
20140420	2.22	9.19	0.67
20140421	0.29	12.95	0.63
20140422	0.89	9.36	0.59
20140423	1.27	8.58	0.56
20140424	0.01	8.65	0.51
20140425	5.61	9.26	0.51
20140426	0.44	9.84	0.54
20140427	4.88	9.91	0.51
20140428	0.01	10.77	0.49
20140429	0.32	13.11	0.43
20140430	0.81	12.59	0.41
20140501	1.57	9.33	0.45
20140502	0.01	7.69	0.4
20140503	0.05	10.76	0.38
20140504	0.0	9.43	0.38
20140505	3.08	10.63	0.34
20140506	2.48	10.58	0.37
20140507	3.73	10.22	0.34
20140508	7.72	10.79	0.39
20140509	8.83	10.51	0.46
20140510	22.57	9.58	2.25
20140511	9.53	9.09	4.45
20140512	3.37	8.72	4.09
20140513	0.06	9.18	1.91
20140514	0.0	10.69	1.28
20140515	0.0	11.86	0.98
20140516	0.0	12.85	0.83
20140517	0.0	13.55	0.73
20140518	0.29	13.38	0.63
20140519	18.55	15.78	1.21
20140520	2.31	12.62	1.16
20140521	3.87	11.44	0.84
20140522	12.91	9.57	0.82
20140523	13.92	9.29	6.59
20140524	8.34	8.81	5.28
20140525	9.24	11.44	5.46
20140526	2.79	12.23	4.32
20140527	0.29	11.2	3.24
20140528	1.71	11.09	2.61
20140529	0.42	10.81	2.26
20140530	0.01	11.46	1.87
20140531	0.0	12.65	1.57
20140601	0.38	14.49	1.4
20140602	0.22	13.43	1.22
20140603	0.05	10.78	1.13
20140604	1.72	10.31	0.97
20140605	0.0	9.52	0.83
20140606	7.06	15.75	0.75
20140607	4.07	13.68	0.91
20140608	11.7	14.51	0.72
20140609	3.11	13.91	1.71
20140610	3.43	14.01	1.04
20140611	0.01	13.19	0.84
20140612	0.0	13.92	0.68
20140613	0.34	15.93	0.61
20140614	0.0	14.31	0.56
20140615	0.86	14.77	0.52
20140616	0.01	13.44	0.49
20140617	0.04	15.57	0.46
20140618	0.01	16.43	0.44
20140619	0.0	12.61	0.43
20140620	0.0	13.56	0.41
20140621	0.0	12.83	0.39
20140622	0.0	13.84	0.38
20140623	0.0	14.16	0.36
20140624	0.13	13.95	0.35
20140625	0.06	15.58	0.34
20140626	1.23	14.3	0.33
20140627	4.59	12.3	0.36
20140628	1.35	10.34	0.36
20140629	0.07	10.74	0.38
20140630	0.0	12.94	0.31
20140701	0.0	14.98	0.3
20140702	0.47	16.91	0.28
20140703	0.86	15.68	0.28
20140704	10.39	13.07	0.31
20140705	0.09	11.88	0.34
20140706	3.5	12.96	0.34
20140707	6.37	12.85	0.32
20140708	6.82	13.15	0.43
20140709	0.0	13.17	0.4
20140710	0.0	14.21	0.32
20140711	0.01	15.64	0.29
20140712	3.48	16.42	0.27
20140713	0.22	12.21	0.27
20140714	2.21	14.61	0.26
20140715	0.04	13.98	0.26
20140716	1.14	15.24	0.25
20140717	0.17	18.29	0.24
20140718	6.07	19.91	0.22
20140719	5.46	16.09	0.29
20140720	0.13	16.43	0.24
20140721	0.0	16.51	0.22
20140722	0.0	18.05	0.26
20140723	0.0	19.13	0.2
20140724	0.0	19.63	0.18
20140725	0.0	19.93	0.17
20140726	1.96	18.38	0.17
20140727	10.49	15.62	0.2
20140728	0.12	14.67	0.26
20140729	0.43	14.86	0.2
20140730	0.02	16.79	0.18
20140731	7.67	16.24	0.24
20140801	12.79	15.56	0.31
20140802	4.32	15.28	0.33
20140803	0.18	13.6	0.33
20140804	0.01	14.27	0.26
20140805	10.78	17.25	0.24
20140806	0.74	15.45	0.33
20140807	0.0	13.81	0.33
20140808	0.01	15.23	0.24
20140809	8.76	15.13	0.2
20140810	1.35	13.04	0.24
20140811	1.93	13.55	0.22
20140812	1.75	13.88	0.21
20140813	0.95	13.38	0.2
20140814	0.57	12.82	0.21
20140815	0.17	12.93	0.19
20140816	2.1	13.18	0.17
20140817	5.56	12.92	0.17
20140818	10.18	10.82	0.19
20140819	5.25	10.03	0.47
20140820	0.8	10.14	0.36
20140821	7.82	11.55	0.31
20140822	2.62	10.14	0.43
20140823	2.81	9.7	0.38
20140824	2.11	12.16	0.32
20140825	16.91	12.78	0.63
20140826	0.02	12.18	0.96
20140827	0.64	14.53	0.51
20140828	6.39	14.86	0.4
20140829	5.65	13.55	1.61
20140830	1.97	13.6	1.1
20140831	0.89	15.19	0.69
20140901	0.0	11.98	0.54
20140902	0.0	13.36	0.46
20140903	0.0	16.67	0.4
20140904	0.0	14.45	0.36
20140905	0.03	15.18	0.36
20140906	0.03	12.02	0.34
20140907	0.0	10.0	0.32
20140908	0.0	11.67	0.32
20140909	0.0	12.33	0.31
20140910	0.0	14.7	0.29
20140911	0.01	13.68	0.27
20140912	0.0	13.92	0.26
20140913	0.0	14.06	0.23
20140914	0.01	12.13	0.21
20140915	0.0	13.18	0.2
20140916	0.0	15.94	0.17
20140917	0.07	15.79	0.17
20140918	0.01	17.37	0.2
20140919	0.01	16.19	0.2
20140920	0.01	10.76	0.21
20140921	0.0	11.19	0.24
20140922	0.0	12.98	0.2
20140923	6.4	13.3	0.2
20140924	0.03	11.36	0.22
20140925	0.28	15.13	0.22
20140926	0.17	11.19	0.2
20140927	0.1	14.07	0.19
20140928	0.01	13.17	0.19
20140929	1.82	13.34	0.19
20140930	1.15	14.55	0.18
20141001	0.98	9.75	0.18
20141002	0.0	12.48	0.23
20141003	16.2	12.57	0.18
20141004	0.92	7.76	0.39
20141005	13.94	10.83	0.28
20141006	6.71	8.01	0.85
20141007	2.43	8.43	1.06
20141008	14.91	9.76	1.3
20141009	5.75	9.08	1.68
20141010	4.85	9.48	1.87
20141011	0.89	7.88	1.45
20141012	0.06	8.62	1.03
20141013	4.58	9.35	0.88
20141014	0.22	9.41	0.93
20141015	8.72	9.85	1.06
20141016	7.59	12.48	1.78
20141017	5.03	14.75	1.91
20141018	1.81	14.49	1.79
20141019	4.16	12.2	1.67
20141020	9.56	10.33	1.99
20141021	3.13	8.17	3.04
20141022	0.86	10.92	2.01
20141023	3.6	11.38	1.79
20141024	0.74	9.5	1.92
20141025	1.11	11.06	1.62
20141026	3.39	12.87	1.94
20141027	0.29	14.06	1.99
20141028	9.07	8.54	2.42
20141029	2.58	9.22	2.1
20141030	0.1	15.27	1.9
20141031	3.95	13.89	1.61
20141101	9.19	10.73	2.42
20141102	10.38	7.4	3.46
20141103	10.08	5.39	4.5
20141104	7.76	5.03	5.19
20141105	0.05	4.73	4.17
20141106	3.54	9.25	3.31
20141107	5.09	6.81	3.22
20141108	1.62	7.55	2.74
20141109	2.04	7.24	2.4
20141110	5.65	8.58	2.51
20141111	2.51	9.06	2.66
20141112	2.66	8.39	2.49
20141113	4.35	9.77	2.26
20141114	0.06	8.02	2.27
20141115	0.02	6.44	1.95
20141116	7.75	7.87	1.81
20141117	0.15	6.68	2.63
20141118	0.01	7.21	2.03
20141119	1.08	7.43	1.82
20141120	0.09	6.1	1.71
20141121	6.03	8.55	1.69
20141122	0.5	8.54	1.86
20141123	0.28	4.29	1.57
20141124	0.1	4.68	1.43
20141125	1.62	4.03	1.35
20141126	0.37	4.85	1.33
20141127	0.09	5.01	1.25
20141128	0.44	8.37	1.14
20141129	0.17	8.32	1.05
20141130	0.09	6.17	0.97
20141201	4.41	5.68	1.02
20141202	0.01	2.7	1.34
20141203	0.17	2.79	1.08
20141204	5.22	2.88	1.03
20141205	3.22	3.41	1.52
20141206	5.44	5.59	1.63
20141207	3.53	3.35	2.09
20141208	7.7	3.11	2.7
20141209	8.13	6.77	4.21
20141210	7.48	4.28	4.01
20141211	19.27	3.27	5.51
20141212	4.29	1.85	7.36
20141213	3.2	3.62	5.51
20141214	8.27	5.66	6.01
20141215	1.27	4.57	4.47
20141216	11.92	7.07	4.47
20141217	2.28	10.4	5.1
20141218	12.64	7.91	8.35
20141219	1.85	5.11	5.82
20141220	0.59	6.61	4.1
20141221	1.48	9.34	3.78
20141222	6.48	10.18	4.56
20141223	4.71	6.61	4.74
20141224	0.33	4.57	3.63
20141225	1.77	3.49	2.93
20141226	18.29	1.91	3.72
20141227	7.48	0.78	5.78
20141228	0.23	0.61	4.14
20141229	0.22	1.38	3.31
20141230	0.01	4.68	3.32
20141231	4.11	8.16	4.65
20150101	12.4	7.98	9.48
20150102	3.46	3.44	5.15
20150103	3.18	1.16	4.74
20150104	0.17	2.98	3.55
20150105	3.16	6.2	2.92
20150106	0.96	4.65	2.83
20150107	8.08	7.54	4.7
20150108	6.91	6.8	4.43
20150109	15.15	8.97	8.67
20150110	0.64	4.27	9.03
20150111	15.38	6.66	5.33
20150112	7.22	5.02	13.27
20150113	2.77	1.22	6.19
20150114	16.61	4.88	9.03
20150115	5.0	2.91	7.04
20150116	1.66	1.01	5.1
20150117	1.6	0.92	4.1
20150118	4.18	-0.45	3.53
20150119	0.11	-1.07	3.0
20150120	0.47	-0.13	2.61
20150121	0.36	0.59	2.36
20150122	0.14	0.93	2.1
20150123	2.97	4.81	2.42
20150124	0.0	3.85	2.1
20150125	4.14	6.25	1.96
20150126	0.02	4.5	1.98
20150127	5.97	5.79	1.85
20150128	3.91	2.77	2.4
20150129	11.23	1.39	2.38
20150130	9.55	2.55	4.0
20150131	0.08	2.31	5.01
20150201	0.73	0.33	3.54
20150202	0.44	-1.44	2.85
20150203	0.15	-0.41	2.42
20150204	0.03	1.05	2.12
20150205	0.09	0.14	1.95
20150206	0.09	0.29	1.73
20150207	0.01	0.84	1.58
20150208	0.18	1.81	1.48
20150209	0.0	3.03	1.46
20150210	0.0	1.39	1.45
20150211	0.0	2.52	1.34
20150212	0.0	3.38	1.22
20150213	1.86	4.37	1.25
20150214	0.07	4.04	1.15
20150215	6.33	5.17	1.11
20150216	0.82	3.01	1.39
20150217	0.3	4.55	1.26
20150218	2.85	6.95	1.26
20150219	10.02	3.86	2.49
20150220	2.01	2.71	1.84
20150221	1.1	2.12	1.58
20150222	5.92	5.04	2.06
20150223	4.83	3.44	2.14
20150224	2.42	3.96	1.97
20150225	8.94	7.28	1.96
20150226	0.44	3.86	3.58
20150227	0.27	5.43	2.37
20150228	3.09	6.63	2.23
20150301	8.77	3.77	3.04
20150302	1.26	3.01	2.51
20150303	0.76	3.1	2.1
20150304	0.0	4.17	1.82
20150305	0.0	6.75	1.74
20150306	0.02	8.32	1.86
20150307	1.77	8.2	1.53
20150308	6.32	3.37	1.75
20150309	2.97	6.01	1.78
20150310	0.0	4.57	1.41
20150311	3.13	5.53	1.42
20150312	18.0	6.75	3.26
20150313	1.37	2.04	4.0
20150314	0.01	1.96	2.78
20150315	0.01	4.78	2.36
20150316	0.3	3.04	2.08
20150317	0.08	3.37	1.84
20150318	0.02	3.18	1.63
20150319	0.01	4.58	1.46
20150320	0.68	6.27	1.36
20150321	0.01	3.09	1.23
20150322	0.04	5.38	1.16
20150323	0.89	4.45	1.02
20150324	2.64	3.11	0.97
20150325	7.84	4.62	1.01
20150326	0.1	4.87	1.43
20150327	4.92	7.43	1.08
20150328	10.88	8.14	2.21
20150329	5.32	6.0	3.99
20150330	11.57	7.6	3.96
20150331	0.98	5.09	3.05
20150401	10.21	5.65	2.6
20150402	2.47	6.84	3.15
20150403	2.72	7.53	3.5
20150404	0.02	7.58	2.94
20150405	0.06	8.21	2.42
20150406	0.07	8.71	2.09
20150407	0.0	8.82	1.86
20150408	0.0	10.12	1.62
20150409	0.0	9.85	1.46
20150410	4.22	10.91	1.48
20150411	0.36	7.0	1.29
20150412	6.95	4.79	1.6
20150413	0.02	9.02	1.27
20150414	0.01	8.85	1.1
20150415	0.01	6.38	0.93
20150416	0.0	7.13	0.84
20150417	0.0	6.85	0.74
20150418	0.0	6.92	0.66
20150419	0.0	5.33	0.62
20150420	0.0	7.34	0.58
20150421	0.0	8.26	0.54
20150422	0.0	10.06	0.51
20150423	0.0	10.33	0.48
20150424	1.05	10.17	0.48
20150425	5.69	6.35	0.66
20150426	0.0	3.31	0.56
20150427	1.05	5.63	0.48
20150428	7.9	5.82	0.5
20150429	3.1	6.5	0.61
20150430	0.09	4.92	0.53
20150501	2.61	6.31	0.46
20150502	14.01	6.53	0.59
20150503	2.73	10.09	1.72
20150504	7.91	10.72	1.23
20150505	11.11	8.69	2.05
20150506	5.76	7.51	3.49
20150507	0.85	6.28	2.1
20150508	19.81	9.08	5.78
20150509	0.43	9.48	3.84
20150510	3.01	12.08	2.84
20150511	2.63	10.76	2.39
20150512	0.07	9.07	1.84
20150513	0.12	8.86	1.51
20150514	0.81	6.62	1.35
20150515	0.87	10.58	1.23
20150516	0.01	8.92	0.99
20150517	13.93	8.64	0.98
20150518	9.13	7.65	1.97
20150519	4.43	7.17	2.23
20150520	0.01	9.15	1.5
20150521	0.05	11.74	1.21
20150522	0.59	11.03	0.95
20150523	0.39	11.26	0.91
20150524	0.01	10.05	0.79
20150525	0.0	11.08	0.7
20150526	0.0	9.43	0.64
20150527	1.45	9.97	0.72
20150528	8.72	8.91	0.57
20150529	1.95	7.56	0.74
20150530	6.81	9.68	0.63
20150531	1.21	7.67	0.8
20150601	27.65	8.74	4.17
20150602	1.39	10.66	2.72
20150603	0.01	10.07	1.56
20150604	0.01	13.17	1.27
20150605	0.05	11.54	1.26
20150606	0.16	9.05	0.95
20150607	0.0	8.26	0.77
20150608	0.0	7.42	0.7
20150609	0.14	8.63	0.63
20150610	0.0	10.67	0.58
20150611	0.0	14.59	0.54
20150612	0.0	15.05	0.5
20150613	0.04	10.73	0.47
20150614	0.0	10.54	0.44
20150615	0.0	12.92	0.41
20150616	0.05	15.06	0.39
20150617	0.52	12.94	0.42
20150618	0.0	11.66	0.38
20150619	5.69	13.21	0.39
20150620	0.27	14.37	0.42
20150621	4.01	11.46	0.37
20150622	0.02	10.76	0.38
20150623	0.0	14.09	0.34
20150624	0.05	14.11	0.33
20150625	0.26	15.87	0.32
20150626	0.19	15.06	0.31
20150627	3.68	15.43	0.29
20150628	0.39	14.49	0.29
20150629	0.01	17.87	0.28
20150630	0.08	20.66	0.27
20150701	0.9	20.52	0.27
20150702	0.78	13.83	0.26
20150703	0.46	18.6	0.25
20150704	0.13	14.18	0.24
20150705	6.23	14.4	0.26
20150706	12.74	13.99	0.33
20150707	4.85	14.0	0.34
20150708	0.48	10.99	0.35
20150709	0.0	13.41	0.3
20150710	0.37	17.98	0.27
20150711	3.51	14.9	0.25
20150712	3.57	14.59	0.25
20150713	1.78	14.76	0.27
20150714	0.11	13.44	0.26
20150715	0.0	10.44	0.24
20150716	4.18	16.85	0.23
20150717	0.02	13.25	0.24
20150718	12.25	14.0	0.23
20150719	0.03	12.99	0.38
20150720	3.89	16.19	0.26
20150721	4.56	13.48	0.26
20150722	0.61	13.44	0.29
20150723	0.13	11.48	0.26
20150724	4.37	11.9	0.26
20150725	1.16	11.69	0.27
20150726	5.67	11.76	0.28
20150727	4.59	12.56	0.33
20150728	3.58	11.86	0.37
20150729	2.5	11.38	0.36
20150730	0.03	9.77	0.38
20150731	2.88	13.01	0.3
20150801	6.5	13.16	0.45
20150802	1.05	16.71	0.42
20150803	4.22	14.28	0.32
20150804	3.54	13.43	0.53
20150805	2.89	15.42	0.47
20150806	0.06	11.18	0.36
20150807	0.0	12.5	0.31
20150808	0.3	16.26	0.27
20150809	2.71	16.08	0.25
20150810	1.2	12.84	0.26
20150811	0.0	11.31	0.26
20150812	0.0	13.66	0.23
20150813	10.13	16.35	0.23
20150814	1.21	11.67	0.32
20150815	0.0	10.92	0.29
20150816	0.0	11.57	0.25
20150817	0.0	12.63	0.24
20150818	0.03	15.58	0.2
20150819	4.38	14.82	0.21
20150820	1.87	18.08	0.21
20150821	1.12	15.9	0.21
20150822	10.55	16.25	0.3
20150823	6.55	13.7	1.19
20150824	0.16	12.15	0.64
20150825	5.3	14.18	0.41
20150826	2.63	13.7	0.47
20150827	1.75	13.07	0.41
20150828	4.29	14.15	0.39
20150829	0.16	13.11	0.56
20150830	1.09	13.21	0.38
20150831	4.34	11.72	0.34
20150901	8.1	12.11	0.34
20150902	4.71	10.92	1.43
20150903	0.74	11.43	0.94
20150904	4.23	11.87	0.64
20150905	0.01	9.64	0.74
20150906	0.0	11.7	0.51
20150907	0.01	12.02	0.43
20150908	0.0	11.96	0.38
20150909	0.0	11.55	0.35
20150910	0.0	13.39	0.33
20150911	9.1	15.03	0.31
20150912	0.54	11.86	0.41
20150913	1.06	12.23	0.35
20150914	10.25	10.68	0.36
20150915	0.05	9.51	0.82
20150916	0.0	9.77	0.47
20150917	0.96	11.2	0.38
20150918	0.13	10.99	0.34
20150919	0.09	11.98	0.32
20150920	2.63	12.48	0.31
20150921	8.88	11.16	0.32
20150922	1.91	9.58	0.71
20150923	1.4	11.53	0.53
20150924	0.32	10.91	0.49
20150925	0.0	8.42	0.38
20150926	0.01	9.7	0.34
20150927	0.0	10.05	0.32
20150928	0.01	11.74	0.31
20150929	0.0	11.14	0.29
20150930	0.0	11.39	0.29
20151001	0.01	10.18	0.28
20151002	0.09	9.23	0.27
20151003	0.0	9.0	0.27
20151004	1.46	11.89	0.26
20151005	1.24	13.96	0.26
20151006	11.82	13.16	0.3
20151007	0.12	9.21	0.49
20151008	0.0	9.4	0.36
20151009	0.0	10.05	0.31
20151010	0.01	9.72	0.29
20151011	0.25	7.13	0.28
20151012	0.18	7.67	0.27
20151013	0.0	6.2	0.26
20151014	0.07	6.32	0.25
20151015	0.08	7.53	0.25
20151016	0.01	8.33	0.25
20151017	0.21	8.26	0.24
20151018	0.0	9.17	0.24
20151019	1.43	8.43	0.22
20151020	14.86	9.77	0.25
20151021	0.38	11.93	1.07
20151022	0.02	8.0	0.49
20151023	3.16	10.04	0.35
20151024	2.69	6.59	0.57
20151025	0.03	7.12	0.47
20151026	0.02	10.09	0.39
20151027	3.09	10.34	0.37
20151028	1.9	10.14	0.37
20151029	8.38	9.59	0.39
20151030	3.59	12.05	1.23
20151031	0.03	11.83	1.13
20151101	0.11	10.97	0.72
20151102	0.04	9.57	0.62
20151103	1.75	8.21	0.59
20151104	0.4	10.69	0.57
20151105	6.62	12.26	1.05
20151106	24.77	12.3	1.32
20151107	7.21	10.59	8.13
20151108	18.11	9.6	6.59
20151109	15.18	12.28	12.24
20151110	3.89	13.04	6.64
20151111	4.15	10.56	6.64
20151112	11.25	8.59	4.92
20151113	5.93	5.63	5.01
20151114	26.25	9.47	10.93
20151115	8.67	9.77	18.15
20151116	2.74	7.34	7.59
20151117	12.47	10.4	8.26
20151118	11.11	9.46	12.15
20151119	2.32	6.18	6.77
20151120	7.19	3.7	5.01
20151121	13.17	3.08	4.79
20151122	1.55	2.36	7.4
20151123	4.55	4.88	4.97
20151124	10.09	7.25	4.88
20151125	5.64	8.33	6.55
20151126	0.26	9.99	5.15
20151127	16.47	6.61	8.26
20151128	14.05	7.17	9.39
20151129	11.79	7.01	7.13
20151130	15.13	7.75	17.38
20151201	2.07	10.62	10.2
20151202	7.22	8.9	7.9
20151203	21.66	8.07	14.4
20151204	12.73	9.54	10.25
20151205	25.34	10.2	26.91
20151206	1.16	8.26	16.03
20151207	5.06	10.46	8.53
20151208	6.46	5.92	7.68
20151209	22.23	7.49	9.26
20151210	4.47	5.38	13.23
20151211	7.42	4.38	7.18
20151212	23.23	5.84	21.72
20151213	1.54	5.35	9.17
20151214	1.41	6.62	6.1
20151215	7.96	9.86	5.37
20151216	2.5	12.15	6.19
20151217	4.05	11.16	6.23
20151218	4.59	12.16	5.73
20151219	25.49	10.61	14.22
20151220	8.83	6.88	11.78
20151221	16.51	9.28	12.15
20151222	16.1	7.93	22.62
20151223	9.18	7.52	10.7
20151224	3.51	4.99	9.3
20151225	51.56	8.19	27.59
20151226	17.71	7.39	39.64
20151227	1.33	7.64	12.15
20151228	0.87	9.39	7.22
20151229	5.32	10.01	5.28
20151230	16.09	7.33	7.36
20151231	12.38	2.71	12.28
20160101	3.19	5.21	7.04
20160102	4.27	6.03	5.64
20160103	8.55	5.35	6.64
20160104	1.12	5.33	4.92
20160105	0.11	4.97	3.87
20160106	6.56	5.31	3.42
20160107	32.16	3.21	6.28
20160108	8.1	4.1	20.59
20160109	9.87	4.19	10.7
20160110	2.53	2.36	7.77
20160111	5.73	2.64	5.91
20160112	13.65	2.68	8.22
20160113	24.18	1.93	10.88
20160114	8.49	1.8	10.16
20160115	7.93	0.51	7.18
20160116	3.76	1.74	5.96
20160117	0.39	2.62	6.68
20160118	0.27	2.49	6.23
20160119	0.01	2.06	4.61
20160120	0.0	1.69	3.55
20160121	7.02	5.69	3.69
20160122	0.96	8.02	5.15
20160123	4.89	9.65	3.77
20160124	0.22	11.36	3.61
20160125	6.44	9.26	2.94
20160126	27.86	9.64	13.14
20160127	5.24	6.42	16.3
20160128	14.03	7.28	10.52
20160129	5.11	5.47	10.02
20160130	1.83	3.46	5.78
20160131	2.02	7.68	4.97
20160201	1.42	7.55	4.65
20160202	5.52	3.35	3.29
20160203	2.64	5.87	3.15
20160204	0.98	8.79	2.87
20160205	11.57	4.96	4.1
20160206	11.47	5.03	5.91
20160207	22.69	5.5	9.3
20160208	10.85	3.8	13.73
20160209	11.68	3.02	7.81
20160210	0.28	2.6	7.77
20160211	0.66	2.96	5.06
20160212	0.15	2.32	3.97
20160213	0.0	0.96	3.21
20160214	0.32	1.55	2.61
20160215	0.02	-0.38	2.19
20160216	8.42	4.09	2.23
20160217	5.26	1.11	3.54
20160218	0.73	2.75	2.36
20160219	1.8	6.07	2.5
20160220	8.9	7.6	3.03
20160221	2.76	6.69	3.82
20160222	1.83	3.9	2.75
20160223	0.01	0.96	2.37
20160224	0.86	1.47	2.08
20160225	1.13	1.24	1.89
20160226	0.07	2.74	1.68
20160227	0.0	1.71	1.48
20160228	0.0	1.37	1.28
20160229	17.64	4.81	1.55
20160301	5.21	5.99	4.52
20160302	12.59	3.44	5.87
20160303	10.16	3.57	7.81
20160304	21.63	2.36	14.22
20160305	1.52	2.62	8.67
20160306	3.06	1.36	5.69
20160307	1.24	2.35	4.45
20160308	7.39	5.1	3.77
20160309	0.16	2.94	4.61
20160310	0.02	2.93	3.07
20160311	0.05	7.0	2.61
20160312	0.03	8.34	2.3
20160313	0.0	5.64	2.0
20160314	0.0	6.7	1.72
20160315	0.0	6.97	1.54
20160316	0.0	4.99	1.39
20160317	0.0	3.98	1.25
20160318	0.0	4.51	1.12
20160319	0.0	4.68	1.03
20160320	0.08	3.21	0.9
20160321	0.0	5.01	0.83
20160322	0.0	5.81	0.76
20160323	0.86	5.77	0.73
20160324	2.95	5.43	0.83
20160325	0.02	8.23	0.74
20160326	12.89	7.98	1.15
20160327	11.75	4.73	1.69
20160328	3.25	5.24	1.94
20160329	3.11	4.38	1.66
20160330	0.38	4.39	1.43
20160331	0.01	4.97	1.22
20160401	7.45	7.13	1.48
20160402	1.35	5.96	2.0
20160403	13.36	8.35	3.4
20160404	1.89	7.66	3.12
20160405	1.78	7.22	2.35
20160406	13.78	5.29	2.2
20160407	2.69	6.93	4.4
20160408	6.38	5.23	3.53
20160409	1.87	2.25	3.29
20160410	2.51	7.66	2.55
20160411	11.73	8.61	4.1
20160412	0.03	6.3	3.34
20160413	1.16	8.3	2.55
20160414	0.0	8.22	2.23
20160415	9.72	4.38	2.42
20160416	1.53	3.37	2.58
20160417	0.16	6.57	2.12
20160418	0.0	6.96	1.79
20160419	0.0	6.16	1.57
20160420	0.0	8.65	1.42
20160421	0.0	9.85	1.28
20160422	0.0	5.33	1.21
20160423	0.0	6.03	1.08
20160424	3.61	7.08	0.99
20160425	1.57	5.22	0.97
20160426	3.69	4.1	0.85
20160427	1.13	2.95	0.84
20160428	12.73	3.28	1.21
20160429	5.74	3.48	1.65
20160430	3.33	6.43	1.4
20160501	2.05	8.87	1.46
20160502	1.6	7.92	1.34
20160503	0.0	7.5	0.98
20160504	0.0	9.56	0.92
20160505	0.0	10.64	0.75
20160506	0.07	12.0	0.7
20160507	6.72	14.43	0.73
20160508	0.11	17.26	0.76
20160509	0.68	18.13	0.65
20160510	10.19	14.45	0.79
20160511	0.4	13.88	0.78
20160512	0.0	13.94	0.64
20160513	0.0	10.16	0.56
20160514	0.0	6.13	0.49
20160515	0.0	8.12	0.47
20160516	0.0	9.5	0.44
20160517	2.14	12.72	0.51
20160518	1.25	9.62	0.45
20160519	2.89	11.22	0.45
20160520	8.28	12.24	0.44
20160521	1.11	11.03	0.56
20160522	1.5	9.79	0.43
20160523	0.0	8.21	0.38
20160524	0.0	10.04	0.34
20160525	2.07	8.68	0.33
20160526	0.01	10.05	0.34
20160527	0.68	13.84	0.32
20160528	1.56	13.02	0.31
20160529	0.0	12.16	0.3
20160530	0.0	13.02	0.28
20160531	0.0	13.73	0.28
20160601	0.0	11.16	0.3
20160602	0.0	10.16	0.29
20160603	0.0	14.61	0.28
20160604	0.0	17.03	0.27
20160605	0.0	18.36	0.26
20160606	0.6	19.85	0.25
20160607	6.13	16.59	0.43
20160608	0.33	17.2	0.3
20160609	5.75	18.3	0.35
20160610	6.9	16.24	0.54
20160611	1.61	14.89	0.39
20160612	7.08	14.62	0.37
20160613	3.82	13.53	0.39
20160614	16.52	13.47	1.33
20160615	4.47	13.93	0.85
20160616	14.87	13.69	0.86
20160617	0.55	12.75	1.58
20160618	0.03	13.42	1.0
20160619	7.54	15.0	0.85
20160620	1.55	14.12	0.98
20160621	0.71	14.64	0.74
20160622	0.09	13.54	0.61
20160623	1.3	15.18	0.53
20160624	0.73	13.21	0.51
20160625	0.09	13.42	0.47
20160626	4.97	13.07	0.46
20160627	0.13	11.79	0.48
20160628	12.64	10.86	0.47
20160629	7.8	11.54	1.71
20160630	5.47	12.13	1.08
20160701	6.27	11.09	0.98
20160702	2.5	11.93	0.89
20160703	0.0	11.46	0.67
20160704	3.63	13.64	0.58
20160705	0.0	11.7	0.56
20160706	1.05	15.0	0.49
20160707	2.51	15.56	0.46
20160708	8.7	16.15	0.49
20160709	5.52	15.93	1.02
20160710	17.12	15.0	2.36
20160711	3.83	12.65	2.97
20160712	1.57	10.77	1.85
20160713	1.38	12.52	1.36
20160714	0.06	13.41	1.04
20160715	2.9	15.84	1.0
20160716	3.55	14.72	1.0
20160717	0.01	17.35	0.83
20160718	0.0	19.17	0.66
20160719	1.12	23.82	0.57
20160720	0.25	17.35	0.52
20160721	0.01	16.04	0.48
20160722	0.22	15.67	0.46
20160723	0.2	16.69	0.42
20160724	2.49	15.85	0.44
20160725	0.22	14.31	0.43
20160726	3.55	15.18	0.42
20160727	0.25	12.86	0.42
20160728	2.81	15.9	0.4
20160729	0.47	13.16	0.39
20160730	0.31	13.43	0.4
20160731	0.05	13.25	0.35
20160801	1.56	14.51	0.35
20160802	0.71	16.77	0.34
20160803	6.12	15.21	0.34
20160804	3.66	13.61	0.45
20160805	0.02	15.34	0.37
20160806	0.95	17.4	0.35
20160807	0.59	14.52	0.36
20160808	0.13	12.6	0.33
20160809	2.51	12.11	0.31
20160810	3.07	13.43	0.3
20160811	1.65	14.92	0.32
20160812	1.94	14.92	0.3
20160813	0.07	14.84	0.29
20160814	0.0	12.07	0.29
20160815	0.0	16.22	0.27
20160816	0.0	16.73	0.26
20160817	0.0	17.65	0.25
20160818	5.97	17.57	0.25
20160819	15.03	15.42	0.34
20160820	15.99	14.38	1.76
20160821	6.52	15.68	1.29
20160822	2.88	16.34	1.26
20160823	0.01	18.05	0.73
20160824	0.01	15.16	0.51
20160825	1.39	14.64	0.44
20160826	0.05	12.99	0.38
20160827	5.94	16.01	0.46
20160828	0.15	13.53	0.96
20160829	0.0	15.9	0.5
20160830	0.26	16.14	0.41
20160831	0.15	12.99	0.37
20160901	1.13	14.8	0.34
20160902	1.18	14.04	0.33
20160903	17.19	14.21	1.32
20160904	2.59	14.28	0.98
20160905	0.15	18.2	0.66
20160906	0.09	17.69	0.54
20160907	3.17	18.25	0.47
20160908	1.91	14.7	0.47
20160909	7.52	13.54	0.79
20160910	0.01	12.37	0.94
20160911	0.0	15.02	0.57
20160912	0.01	17.43	0.46
20160913	2.51	16.75	0.43
20160914	0.0	19.28	0.42
20160915	0.49	17.04	0.42
20160916	0.0	12.38	0.41
20160917	0.02	11.25	0.4
20160918	4.03	14.05	0.4
20160919	0.0	11.02	0.41
20160920	0.0	11.07	0.39
20160921	2.61	12.46	0.38
20160922	0.44	10.88	0.37
20160923	0.01	13.22	0.35
20160924	4.55	14.44	0.35
20160925	5.91	11.08	0.37
20160926	3.42	12.83	0.45
20160927	0.16	14.83	0.51
20160928	3.49	14.96	0.42
20160929	0.57	10.29	0.62
20160930	5.05	10.34	0.59
20161001	6.79	7.4	1.22
20161002	0.09	9.13	1.04
20161003	0.01	10.63	0.7
20161004	0.0	12.81	0.61
20161005	0.0	9.74	0.54
20161006	0.0	9.98	0.5
20161007	0.12	10.7	0.45
20161008	0.01	9.91	0.42
20161009	0.03	7.99	0.4
20161010	0.06	6.4	0.36
20161011	1.23	9.74	0.32
20161012	0.12	9.26	0.31
20161013	0.76	8.11	0.35
20161014	1.3	9.29	0.26
20161015	5.86	9.56	0.25
20161016	9.44	10.71	0.38
20161017	5.61	9.53	0.8
20161018	6.03	8.66	0.82
20161019	0.9	9.17	1.75
20161020	0.33	7.49	0.88
20161021	0.01	6.41	0.66
20161022	0.1	5.99	0.57
20161023	0.07	6.99	0.52
20161024	0.0	7.17	0.48
20161025	0.27	9.58	0.45
20161026	0.0	11.81	0.43
20161027	0.13	12.48	0.41
20161028	0.06	12.49	0.4
20161029	0.01	10.83	0.39
20161030	0.0	8.82	0.38
20161031	0.01	11.49	0.37
20161101	0.85	6.31	0.37
20161102	0.07	5.75	0.36
20161103	4.12	6.45	0.37
20161104	6.09	5.75	0.45
20161105	0.99	4.5	0.59
20161106	4.22	4.11	0.51
20161107	0.28	3.93	0.58
20161108	14.4	4.77	1.1
20161109	9.76	5.76	2.51
20161110	5.45	3.99	2.2
20161111	2.91	5.88	1.71
20161112	3.71	7.77	1.7
20161113	2.04	9.15	1.57
20161114	2.21	12.88	1.41
20161115	1.81	9.66	1.45
20161116	2.77	7.72	1.46
20161117	8.26	4.16	2.07
20161118	3.44	3.76	1.86
20161119	0.3	3.15	1.76
20161120	3.53	1.79	1.51
20161121	49.35	3.23	16.29
20161122	5.59	4.47	12.73
20161123	0.06	4.39	6.75
20161124	0.0	2.9	4.49
20161125	0.18	2.02	3.4
20161126	0.21	2.54	2.75
20161127	0.0	4.77	2.32
20161128	0.0	1.08	1.99
20161129	0.1	1.16	1.73
20161130	0.09	2.51	1.56
20161201	0.17	4.15	1.43
20161202	0.35	4.4	1.32
20161203	0.01	1.3	1.21
20161204	0.14	1.44	1.09
20161205	0.0	4.34	1.0
20161206	0.18	10.59	0.93
20161207	15.18	12.22	1.04
20161208	1.34	10.31	3.31
20161209	7.67	10.42	3.26
20161210	1.99	8.03	2.6
20161211	0.11	4.96	2.02
20161212	3.68	6.8	1.83
20161213	3.05	9.09	2.37
20161214	0.03	8.47	2.08
20161215	0.53	7.6	1.73
20161216	0.45	6.28	1.55
20161217	0.03	4.21	1.43
20161218	0.01	6.32	1.34
20161219	1.77	6.58	1.31
20161220	1.52	5.43	1.3
20161221	4.27	5.12	1.87
20161222	0.13	6.24	1.44
20161223	8.88	7.32	2.61
20161224	2.04	8.89	1.95
20161225	1.56	7.5	2.04
20161226	0.0	2.72	1.72
20161227	0.01	1.88	1.51
20161228	0.16	2.08	1.4
20161229	0.03	4.31	1.31
20161230	0.01	8.76	1.24
20161231	9.88	6.29	1.29
20170101	1.1	1.31	2.39
20170102	0.19	1.71	1.55
20170103	0.86	4.85	1.37
20170104	0.03	0.91	1.34
20170105	0.26	1.1	1.21
20170106	5.36	7.34	1.58
20170107	0.49	7.78	1.5
20170108	2.58	7.8	1.32
20170109	4.24	6.19	2.07
20170110	0.11	8.1	1.64
20170111	4.5	4.27	1.44
20170112	7.21	1.5	1.93
20170113	6.87	1.91	1.84
20170114	14.69	5.42	6.33
20170115	4.86	7.81	7.17
20170116	1.24	7.03	6.26
20170117	0.53	6.34	4.25
20170118	0.05	6.43	3.32
20170119	0.01	3.95	2.75
20170120	0.0	1.63	2.31
20170121	0.15	0.13	1.99
20170122	0.33	1.36	1.76
20170123	0.1	4.01	1.58
20170124	0.04	6.45	1.47
20170125	0.0	3.02	1.34
20170126	0.0	-0.27	1.21
20170127	3.86	2.87	1.07
20170128	3.92	2.41	1.44
20170129	1.45	2.62	1.38
20170130	0.21	5.85	1.23
20170131	1.86	8.24	1.11
20170201	1.55	8.37	1.15
20170202	4.54	7.69	1.2
20170203	3.47	3.56	1.56
20170204	0.56	2.5	1.37
20170205	0.03	2.36	1.18
20170206	7.99	3.51	1.37
20170207	2.42	4.31	1.89
20170208	0.0	1.95	1.61
20170209	0.01	-0.03	1.39
20170210	0.47	1.2	1.29
20170211	1.76	1.67	1.3
20170212	1.23	2.03	1.28
20170213	0.01	5.09	1.22
20170214	0.03	4.59	1.03
20170215	0.36	7.36	0.96
20170216	0.93	7.47	0.94
20170217	0.07	7.29	0.84
20170218	0.45	8.46	0.8
20170219	0.11	9.94	0.77
20170220	0.66	9.84	0.64
20170221	8.87	9.02	0.73
20170222	15.75	6.37	2.2
20170223	12.25	3.98	7.77
20170224	1.84	5.38	4.37
20170225	4.4	7.55	4.02
20170226	16.46	5.12	6.69
20170227	6.01	2.29	6.91
20170228	13.5	2.92	8.96
20170301	18.3	4.38	8.28
20170302	0.37	5.29	8.35
20170303	3.15	5.47	5.42
20170304	4.74	4.92	4.23
20170305	8.91	2.65	5.63
20170306	6.01	4.53	4.63
20170307	6.58	6.71	4.74
20170308	0.03	8.7	4.3
20170309	0.23	7.56	3.12
20170310	0.43	9.32	2.73
20170311	0.36	8.92	2.3
20170312	0.35	6.21	2.0
20170313	0.01	9.06	1.8
20170314	0.01	7.48	1.58
20170315	0.02	9.43	1.45
20170316	2.18	6.44	1.37
20170317	7.96	8.25	1.53
20170318	1.99	10.3	1.88
20170319	8.05	9.21	2.0
20170320	6.69	5.23	3.11
20170321	6.23	3.82	2.34
20170322	2.54	2.5	2.57
20170323	0.01	5.1	2.01
20170324	0.08	5.39	1.7
20170325	0.0	7.71	1.51
20170326	0.0	8.4	1.36
20170327	0.0	8.25	1.25
20170328	3.48	10.71	1.21
20170329	17.3	11.73	1.85
20170330	6.54	11.46	5.18
20170331	4.5	9.93	2.99
20170401	1.27	8.09	2.83
20170402	0.0	7.37	2.24
20170403	1.3	9.71	2.02
20170404	0.15	6.6	1.7
20170405	0.0	6.17	1.5
20170406	0.0	7.02	1.37
20170407	0.01	6.26	1.24
20170408	0.0	11.3	1.11
20170409	0.12	10.2	1.01
20170410	0.0	6.3	0.88
20170411	0.0	9.1	0.83
20170412	0.28	7.79	0.76
20170413	0.1	7.66	0.7
20170414	5.2	7.87	0.72
20170415	0.3	7.11	0.66
20170416	4.28	8.79	0.62
20170417	0.83	5.21	0.64
20170418	0.0	6.24	0.56
20170419	1.51	9.41	0.52
20170420	0.0	10.44	0.5
20170421	0.01	8.51	0.45
20170422	0.0	7.8	0.42
20170423	0.07	9.05	0.4
20170424	4.22	5.28	0.39
20170425	0.33	4.28	0.41
20170426	0.13	3.9	0.37
20170427	2.48	7.27	0.36
20170428	0.57	6.53	0.4
20170429	0.0	8.88	0.38
20170430	2.18	10.68	0.36
20170501	0.01	8.9	0.36
20170502	0.0	9.38	0.33
20170503	0.0	11.26	0.31
20170504	0.0	10.14	0.29
20170505	0.0	10.5	0.28
20170506	0.0	8.51	0.28
20170507	0.0	8.23	0.27
20170508	0.0	6.16	0.25
20170509	0.0	6.36	0.25
20170510	0.0	8.46	0.26
20170511	0.04	14.14	0.25
20170512	5.47	12.52	0.27
20170513	1.61	11.16	0.26
20170514	3.52	11.78	0.24
20170515	19.97	13.85	0.52
20170516	1.48	11.84	1.52
20170517	0.01	9.25	0.62
20170518	0.03	9.71	0.42
20170519	5.2	9.2	0.36
20170520	3.5	10.18	0.48
20170521	0.01	13.27	0.43
20170522	0.04	15.36	0.35
20170523	0.0	15.29	0.3
20170524	0.01	16.51	0.28
20170525	0.0	19.55	0.26
20170526	2.21	19.9	0.23
20170527	2.04	17.02	0.24
20170528	3.81	14.16	0.25
20170529	1.59	14.65	0.26
20170530	1.82	11.32	0.27
20170531	0.9	15.42	0.28
20170601	3.54	15.2	0.27
20170602	0.65	10.71	0.28
20170603	0.57	12.24	0.25
20170604	10.43	12.52	0.23
20170605	32.36	11.36	1.58
20170606	0.18	11.43	2.89
20170607	12.69	12.44	1.05
20170608	6.32	12.4	2.84
20170609	12.44	13.63	1.79
20170610	6.94	14.5	5.05
20170611	0.41	13.07	2.33
20170612	0.34	13.18	1.47
20170613	0.0	14.09	1.2
20170614	0.67	16.24	0.94
20170615	0.0	13.16	0.78
20170616	0.0	16.12	0.65
20170617	0.0	16.79	0.57
20170618	0.0	18.05	0.51
20170619	0.0	19.01	0.47
20170620	0.0	20.03	0.44
20170621	0.45	20.63	0.41
20170622	0.63	14.87	0.4
20170623	2.53	13.6	0.39
20170624	0.19	13.76	0.38
20170625	0.59	11.9	0.36
20170626	5.7	14.32	0.35
20170627	1.01	14.41	0.37
20170628	14.06	10.92	0.42
20170629	13.62	11.57	1.33
20170630	5.66	12.21	3.06
20170701	0.79	13.63	1.62
20170702	0.09	14.87	1.08
20170703	0.64	14.81	0.87
20170704	0.22	15.78	0.76
20170705	0.0	17.34	0.67
20170706	0.0	17.63	0.6
20170707	0.79	13.81	0.56
20170708	0.01	15.34	0.52
20170709	0.67	16.57	0.48
20170710	5.66	13.47	0.5
20170711	3.7	12.44	0.53
20170712	0.0	13.78	0.5
20170713	1.76	15.19	0.42
20170714	1.8	14.49	0.41
20170715	3.48	16.2	0.4
20170716	0.02	12.76	0.4
20170717	0.0	14.58	0.45
20170718	0.03	20.07	0.38
20170719	27.54	16.14	1.84
20170720	3.78	13.5	1.09
20170721	6.95	12.15	1.26
20170722	7.94	12.77	1.31
20170723	0.39	15.22	1.02
20170724	0.0	14.44	0.67
20170725	4.86	16.1	0.57
20170726	3.28	14.26	0.68
20170727	5.22	13.82	0.83
20170728	11.9	13.36	2.02
20170729	0.08	13.67	1.36
20170730	5.9	13.27	0.85
20170731	5.11	14.09	1.11
20170801	1.48	14.67	1.46
20170802	9.8	16.31	1.0
20170803	1.95	14.55	2.13
20170804	0.58	13.41	1.17
20170805	4.61	12.4	1.15
20170806	18.95	13.07	2.68
20170807	0.09	12.7	2.32
20170808	8.4	13.2	1.59
20170809	0.02	12.87	1.59
20170810	0.42	12.97	1.21
20170811	1.01	14.62	1.19
20170812	1.46	11.33	1.23
20170813	3.04	14.35	1.01
20170814	13.19	14.5	2.05
20170815	0.0	13.68	1.95
20170816	9.59	15.59	1.47
20170817	6.3	14.44	2.05
20170818	2.87	13.0	1.85
20170819	0.62	12.65	1.44
20170820	5.26	13.67	1.42
20170821	0.05	17.43	1.39
20170822	0.47	18.61	1.21
20170823	0.22	15.52	1.06
20170824	0.04	15.43	0.96
20170825	0.01	14.27	0.89
20170826	0.0	14.45	0.83
20170827	0.01	16.58	0.77
20170828	2.32	15.58	0.73
20170829	0.14	11.88	0.72
20170830	2.14	12.09	0.68
20170831	1.41	11.06	0.66
20170901	0.01	10.38	0.62
20170902	2.37	13.36	0.59
20170903	4.81	14.21	0.66
20170904	13.24	16.71	0.66
20170905	2.21	13.28	2.38
20170906	0.14	12.1	1.07
20170907	16.51	13.1	1.68
20170908	5.47	12.5	3.28
20170909	3.96	11.23	2.89
20170910	17.59	11.86	3.02
20170911	3.73	11.56	5.41
20170912	14.18	11.25	5.16
20170913	14.04	10.51	6.19
20170914	21.61	10.49	8.06
20170915	19.2	10.47	14.3
20170916	0.64	8.45	10.08
20170917	0.76	10.21	5.83
20170918	0.9	9.33	4.32
20170919	0.24	12.38	3.38
20170920	10.61	14.24	2.92
20170921	0.12	9.86	3.58
20170922	2.26	12.24	2.68
20170923	0.01	13.44	2.34
20170924	3.92	13.7	2.17
20170925	0.04	12.84	1.81
20170926	0.0	13.47	1.54
20170927	5.81	12.06	1.56
20170928	0.86	13.27	1.51
20170929	7.27	11.38	1.36
20170930	6.17	11.28	2.77
20171001	0.48	13.26	1.99
20171002	0.12	10.67	1.61
20171003	0.01	10.1	1.43
20171004	11.66	11.51	2.06
20171005	0.78	10.09	2.52
20171006	0.99	11.35	1.65
20171007	5.06	11.08	1.77
20171008	0.35	11.28	1.69
20171009	2.35	12.54	1.49
20171010	12.74	13.32	1.85
20171011	6.07	10.58	5.78
20171012	4.16	12.44	2.7
20171013	15.9	15.39	6.46
20171014	0.08	13.23	4.59
20171015	0.09	14.24	2.99
20171016	0.93	14.09	2.44
20171017	0.0	7.85	2.09
20171018	0.34	9.07	1.85
20171019	5.2	10.32	1.73
20171020	5.11	10.31	1.73
20171021	21.57	9.09	6.03
20171022	1.07	9.9	3.54
20171023	5.37	13.15	2.69
20171024	8.57	11.7	4.49
20171025	0.08	11.58	3.65
20171026	0.61	8.83	2.68
20171027	0.02	8.6	2.3
20171028	0.8	11.3	2.07
20171029	0.0	5.42	1.86
20171030	0.02	7.11	1.63
20171031	0.02	10.37	1.4
20171101	1.25	9.08	1.21
20171102	0.08	8.79	1.12
20171103	10.16	8.89	1.19
20171104	9.78	6.02	1.97
20171105	5.05	5.1	3.11
20171106	4.77	7.42	2.26
20171107	4.43	4.31	3.29
20171108	0.21	6.76	2.48
20171109	2.31	7.7	2.22
20171110	6.16	6.74	2.09
20171111	8.63	5.52	2.43
20171112	0.36	2.98	3.12
20171113	1.32	5.78	2.37
20171114	2.86	9.17	2.21
20171115	2.11	8.42	2.1
20171116	1.19	4.86	2.1
20171117	0.11	5.01	1.81
20171118	0.01	6.2	1.65
20171119	3.14	7.87	1.53
20171120	0.85	11.8	1.7
20171121	12.79	11.83	2.35
20171122	28.81	8.25	12.2
20171123	0.67	3.37	6.08
20171124	1.81	3.22	4.16
20171125	4.17	3.21	3.59
20171126	11.85	6.62	3.81
20171127	8.27	3.63	5.21
20171128	3.24	2.98	5.29
20171129	0.56	2.66	3.88
20171130	0.05	2.37	3.19
20171201	2.77	3.85	2.74
20171202	2.96	7.02	2.99
20171203	0.89	6.83	2.71
20171204	1.43	6.42	2.41
20171205	0.06	7.07	2.07
20171206	15.22	8.58	3.23
20171207	10.84	3.04	5.11
20171208	19.32	0.15	3.45
20171209	3.8	-0.39	3.15
20171210	2.82	-2.86	2.97
20171211	0.97	-1.68	2.64
20171212	6.65	2.04	4.6
20171213	18.17	3.08	11.18
20171214	7.98	3.37	9.67
20171215	1.49	2.62	7.44
20171216	2.74	4.66	5.35
20171217	2.18	5.84	4.84
20171218	0.02	5.04	3.71
20171219	0.18	8.26	3.16
20171220	0.8	9.5	2.78
20171221	0.9	8.0	2.5
20171222	0.05	6.79	2.2
20171223	0.53	8.29	1.96
20171224	3.41	9.38	2.26
20171225	16.43	5.54	4.73
20171226	0.1	2.99	3.68
20171227	11.35	1.72	2.92
20171228	6.97	0.88	2.71
20171229	8.29	4.48	6.75
20171230	7.09	8.14	8.63
20171231	7.63	5.56	6.84
20180101	3.87	4.46	4.94
20180102	13.81	6.92	8.5
20180103	3.83	5.66	5.48
20180104	2.99	5.36	5.12
20180105	0.75	1.95	4.01
20180106	0.0	1.46	3.19
20180107	0.04	-0.27	2.66
20180108	0.09	0.25	2.35
20180109	0.73	2.53	2.19
20180110	0.04	3.84	2.01
20180111	0.0	1.18	1.77
20180112	0.18	2.54	1.61
20180113	0.9	3.26	1.49
20180114	5.56	5.14	1.46
20180115	5.43	5.22	2.12
20180116	3.38	1.78	1.88
20180117	11.21	4.96	3.11
20180118	3.07	2.51	3.66
20180119	1.85	2.07	2.53
20180120	8.16	-0.0	2.67
20180121	7.66	5.42	5.77
20180122	1.73	8.02	3.78
20180123	15.54	8.07	4.19
20180124	7.28	5.49	9.56
20180125	8.76	4.58	8.09
20180126	0.55	5.01	5.44
20180127	1.09	9.15	4.16
20180128	7.09	9.5	3.57
20180129	1.68	4.34	4.74
20180130	6.52	3.99	3.47
20180131	5.73	3.08	3.79
20180201	0.28	3.89	3.58
20180202	4.92	3.61	2.79
20180203	8.12	2.31	5.84
20180204	0.02	1.07	3.96
20180205	0.43	0.34	3.23
20180206	2.82	-0.29	2.81
20180207	0.46	2.15	2.47
20180208	13.88	4.25	4.56
20180209	5.91	2.03	4.65
20180210	5.62	5.04	6.34
20180211	2.16	1.29	4.51
20180212	4.53	2.39	3.67
20180213	4.61	0.81	4.24
20180214	5.9	4.35	4.36
20180215	0.02	3.06	3.42
20180216	0.79	4.73	2.71
20180217	0.89	4.96	2.37
20180218	3.96	6.54	2.3
20180219	1.68	7.24	2.31
20180220	0.01	4.36	2.1
20180221	0.07	2.73	1.81
20180222	0.01	0.03	1.69
20180223	0.01	0.29	1.56
20180224	0.0	0.24	1.41
20180225	0.0	-0.05	1.28
20180226	2.16	-1.75	1.07
20180227	2.66	-3.98	1.04
20180228	0.42	-5.18	0.94
20180301	4.88	-3.95	0.92
20180302	0.81	-2.22	0.84
20180303	0.86	-0.75	0.79
20180304	2.6	1.54	0.92
20180305	6.96	3.55	1.93
20180306	0.33	2.79	2.33
20180307	7.16	3.18	1.97
20180308	0.09	2.78	2.64
20180309	8.62	5.14	2.91
20180310	0.74	7.48	4.29
20180311	7.44	7.08	2.73
20180312	4.78	3.78	4.14
20180313	0.01	4.19	3.31
20180314	3.58	7.61	2.77
20180315	4.82	8.07	2.56
20180316	6.4	4.3	3.99
20180317	4.4	-1.4	2.71
20180318	0.58	-2.03	2.35
20180319	0.01	1.46	2.22
20180320	0.0	1.7	2.22
20180321	0.07	5.07	2.12
20180322	2.59	6.06	2.17
20180323	3.39	5.5	2.1
20180324	0.1	2.7	1.88
20180325	0.01	3.82	1.52
20180326	4.0	7.47	1.39
20180327	0.55	5.4	1.4
20180328	3.43	3.68	1.44
20180329	4.8	3.8	1.52
20180330	15.64	4.14	1.86
20180331	2.92	1.66	6.55
20180401	15.48	2.74	3.92
20180402	10.95	5.43	9.42
20180403	1.53	8.01	6.05
20180404	4.86	4.33	4.7
20180405	0.01	6.18	3.58
20180406	3.43	8.97	2.94
20180407	4.62	5.34	3.11
20180408	0.04	6.51	2.53
20180409	3.12	9.61	2.17
20180410	3.5	6.61	2.3
20180411	0.03	6.14	2.0
20180412	1.87	6.23	1.82
20180413	0.15	7.84	1.76
20180414	0.09	11.29	1.57
20180415	1.8	9.84	1.51
20180416	3.85	10.27	1.53
20180417	6.15	11.44	1.83
20180418	0.02	14.55	1.82
20180419	0.13	12.12	1.33
20180420	0.0	9.08	1.06
20180421	0.94	15.19	0.97
20180422	0.46	9.94	0.96
20180423	0.6	9.16	0.97
20180424	13.51	7.46	1.56
20180425	4.4	8.23	1.59
20180426	2.49	7.43	1.35
20180427	2.06	4.48	1.27
20180428	0.11	5.43	1.09
20180429	0.02	4.63	0.92
20180430	0.0	5.0	0.83
20180501	11.53	8.36	1.07
20180502	0.66	7.42	1.83
20180503	0.38	9.99	1.11
20180504	0.0	10.64	0.82
20180505	0.01	11.85	0.79
20180506	0.0	13.67	0.71
20180507	0.0	14.85	0.65
20180508	0.2	9.81	0.61
20180509	2.1	7.63	0.58
20180510	0.0	7.91	0.57
20180511	3.82	8.1	0.56
20180512	0.0	8.64	0.55
20180513	0.0	8.21	0.5
20180514	0.0	10.12	0.46
20180515	5.22	11.7	0.45
20180516	0.04	6.56	0.47
20180517	0.0	8.9	0.41
20180518	0.0	10.41	0.38
20180519	0.0	12.14	0.38
20180520	0.0	12.66	0.34
20180521	0.0	12.95	0.29
20180522	0.0	11.15	0.28
20180523	0.0	13.79	0.28
20180524	0.04	13.98	0.31
20180525	6.21	13.81	0.32
20180526	7.38	15.84	0.3
20180527	14.41	15.96	1.05
20180528	0.0	16.58	0.79
20180529	0.0	15.87	0.43
20180530	0.73	16.3	0.37
20180531	4.8	18.03	0.34
20180601	10.1	17.7	0.9
20180602	0.03	14.92	0.57
20180603	0.0	15.06	0.48
20180604	0.0	15.6	0.4
20180605	0.0	12.44	0.37
20180606	0.0	13.86	0.34
20180607	0.0	15.62	0.32
20180608	0.0	15.15	0.31
20180609	0.01	15.85	0.29
20180610	1.64	16.26	0.28
20180611	0.0	13.41	0.27
20180612	0.0	12.7	0.26
20180613	2.65	15.09	0.25
20180614	0.0	12.78	0.25
20180615	1.49	11.86	0.24
20180616	0.69	13.32	0.24
20180617	0.21	13.7	0.23
20180618	1.98	13.15	0.22
20180619	2.8	14.88	0.23
20180620	1.58	11.68	0.25
20180621	0.0	10.95	0.23
20180622	0.0	11.26	0.22
20180623	0.0	12.0	0.22
20180624	0.0	15.03	0.21
20180625	0.0	17.86	0.2
20180626	0.0	19.68	0.17
20180627	0.0	18.93	0.15
20180628	0.0	18.04	0.14
20180629	0.0	18.41	0.15
20180630	0.0	18.4	0.16
20180701	0.0	18.69	0.15
20180702	0.0	18.03	0.15
20180703	0.07	17.34	0.14
20180704	0.0	17.76	0.13
20180705	0.0	15.62	0.13
20180706	0.0	16.51	0.13
20180707	0.0	17.75	0.13
20180708	0.0	18.51	0.12
20180709	0.0	15.62	0.12
20180710	0.0	16.38	0.12
20180711	0.06	17.18	0.12
20180712	3.1	17.26	0.14
20180713	0.86	14.57	0.14
20180714	0.0	18.01	0.12
20180715	3.07	18.28	0.11
20180716	12.96	13.5	0.18
20180717	0.1	14.24	0.16
20180718	0.35	14.28	0.13
20180719	0.51	15.04	0.12
20180720	4.5	14.77	0.13
20180721	0.08	16.04	0.13
20180722	0.39	18.97	0.12
20180723	0.31	18.73	0.11
20180724	0.09	13.34	0.11
20180725	0.0	15.44	0.11
20180726	0.0	18.28	0.13
20180727	4.31	18.09	0.11
20180728	14.33	13.77	0.11
20180729	4.44	15.35	0.2
20180730	4.69	14.65	0.21
20180731	0.09	15.29	0.19
20180801	0.28	17.14	0.15
20180802	0.07	18.73	0.14
20180803	0.57	17.14	0.13
20180804	0.0	14.99	0.12
20180805	0.0	17.72	0.12
20180806	0.04	16.8	0.13
20180807	0.47	13.65	0.12
20180808	0.89	13.47	0.11
20180809	1.04	13.0	0.11
20180810	2.0	11.43	0.11
20180811	5.9	16.16	0.12
20180812	4.19	16.13	0.12
20180813	1.09	15.42	0.12
20180814	0.11	16.9	0.12
20180815	12.4	15.09	0.13
20180816	0.08	13.4	0.26
20180817	0.33	14.3	0.2
20180818	1.89	17.37	0.16
20180819	0.04	17.25	0.15
20180820	0.21	16.75	0.14
20180821	0.05	18.33	0.13
20180822	3.0	13.27	0.13
20180823	1.38	12.55	0.12
20180824	6.85	10.64	0.13
20180825	3.39	11.03	0.14
20180826	4.42	12.9	0.21
20180827	0.03	12.61	0.25
20180828	2.6	12.9	0.19
20180829	0.01	10.62	0.17
20180830	0.14	11.13	0.15
20180831	0.0	13.96	0.13
20180901	0.01	17.16	0.12
20180902	4.05	16.66	0.13
20180903	0.13	12.07	0.12
20180904	0.0	11.44	0.11
20180905	1.68	12.13	0.11
20180906	3.96	10.42	0.12
20180907	2.12	11.86	0.12
20180908	8.66	14.39	0.14
20180909	1.28	12.67	0.16
20180910	16.13	12.84	0.18
20180911	7.43	11.58	0.92
20180912	0.52	10.91	0.74
20180913	0.91	12.49	0.39
20180914	0.93	12.11	0.3
20180915	3.81	13.93	0.27
20180916	0.29	12.97	0.3
20180917	4.13	15.56	0.3
20180918	2.4	14.82	0.41
20180919	2.49	12.78	0.43
20180920	49.37	11.0	5.65
20180921	3.13	9.33	3.41
20180922	1.59	8.05	1.72
20180923	2.43	8.23	1.25
20180924	0.01	7.3	1.0
20180925	0.04	10.58	0.85
20180926	0.0	14.47	0.73
20180927	0.76	11.95	0.65
20180928	0.0	7.18	0.61
20180929	0.28	10.37	0.57
20180930	1.99	8.61	0.54
20181001	0.57	10.42	0.52
20181002	1.44	12.22	0.52
20181003	0.19	13.2	0.48
20181004	0.36	12.78	0.42
20181005	6.84	9.1	0.49
20181006	0.23	6.18	0.58
20181007	0.09	9.21	0.47
20181008	0.12	12.64	0.4
20181009	0.0	11.11	0.38
20181010	0.0	16.23	0.36
20181011	9.99	10.98	0.44
20181012	41.0	14.99	4.27
20181013	15.18	13.03	11.26
20181014	1.34	6.58	4.51
20181015	0.04	8.44	2.93
20181016	0.38	11.26	2.27
20181017	0.01	7.83	1.85
20181018	0.07	6.76	1.55
20181019	0.08	10.74	1.38
20181020	0.0	12.36	1.21
20181021	0.64	9.5	1.07
20181022	0.0	8.99	0.93
20181023	0.04	9.37	0.84
20181024	0.0	9.12	0.79
20181025	4.63	7.52	0.76
20181026	8.46	4.7	1.24
20181027	0.62	3.93	1.5
20181028	0.0	1.69	1.1
20181029	0.04	1.52	0.94
20181030	0.23	2.71	0.85
20181031	6.09	6.86	0.81
20181101	2.0	5.12	1.13
20181102	0.93	8.0	0.94
20181103	6.71	10.76	1.27
20181104	1.16	9.45	1.73
20181105	0.17	9.15	1.29
20181106	5.03	11.51	1.16
20181107	7.12	6.86	1.78
20181108	2.11	8.17	2.19
20181109	13.89	8.28	3.05
20181110	3.98	7.2	3.73
20181111	1.25	8.16	3.03
20181112	8.54	8.51	2.99
20181113	3.94	9.55	3.14
20181114	0.03	8.33	3.19
20181115	0.0	10.45	2.51
20181116	0.01	10.26	2.12
20181117	0.0	6.21	1.8
20181118	0.09	5.88	1.59
20181119	0.4	5.36	1.44
20181120	3.61	3.02	1.36
20181121	0.07	1.1	1.32
20181122	0.2	1.62	1.15
20181123	0.33	3.81	1.0
20181124	0.0	3.8	0.88
20181125	0.01	4.07	0.8
20181126	0.2	2.37	0.74
20181127	13.64	6.9	1.28
20181128	11.34	10.71	2.26
20181129	10.87	9.32	5.29
20181130	1.73	6.21	3.66
20181201	2.62	9.11	3.16
20181202	15.96	9.25	3.59
20181203	3.13	4.27	6.08
20181204	4.64	3.56	3.89
20181205	6.05	8.17	4.86
20181206	11.26	8.88	4.57
20181207	3.05	6.57	6.02
20181208	17.96	7.55	6.16
20181209	6.25	6.54	7.88
20181210	0.19	6.34	5.68
20181211	0.08	7.23	4.23
20181212	0.0	4.14	3.38
20181213	0.0	0.26	2.75
20181214	0.03	0.83	2.32
20181215	12.69	4.05	3.07
20181216	2.93	4.48	3.11
20181217	3.47	7.15	2.6
20181218	15.94	6.17	5.37
20181219	17.8	5.43	8.6
20181220	4.67	6.92	8.06
20181221	2.44	7.33	6.03
20181222	6.59	6.72	4.71
20181223	3.98	4.24	5.89
20181224	0.06	4.56	4.34
20181225	0.02	8.44	3.55
20181226	0.02	7.69	2.99
20181227	0.16	7.36	2.55
20181228	0.51	8.69	2.21
20181229	0.14	8.33	1.98
20181230	0.05	8.39	1.76
20181231	0.1	7.7	1.58
20190101	0.44	2.15	1.43
20190102	0.09	-0.18	1.3
20190103	0.01	0.81	1.2
20190104	0.0	1.28	1.1
20190105	0.0	5.28	1.01
20190106	0.02	8.02	0.89
20190107	0.37	7.78	0.82
20190108	0.0	3.51	0.76
20190109	0.09	1.65	0.7
20190110	1.54	5.05	0.68
20190111	0.48	7.16	0.65
20190112	0.03	8.23	0.61
20190113	0.71	7.67	0.61
20190114	0.03	6.21	0.57
20190115	4.41	6.71	0.55
20190116	10.61	3.17	1.01
20190117	0.09	0.86	1.28
20190118	3.59	1.72	0.95
20190119	0.55	3.98	1.02
20190120	0.37	1.84	0.9
20190121	9.82	1.81	1.19
20190122	10.7	1.08	1.73
20190123	5.16	1.98	1.57
20190124	1.83	5.88	2.99
20190125	0.56	7.58	3.41
20190126	16.42	5.4	5.09
20190127	0.33	2.44	5.08
20190128	0.85	2.29	3.42
20190129	12.99	0.63	3.29
20190130	3.68	-2.34	2.75
20190131	0.05	-1.66	2.33
20190201	0.05	0.07	2.1
20190202	0.13	-0.78	1.87
20190203	4.45	4.06	3.11
20190204	0.01	2.71	3.6
20190205	5.98	5.62	3.48
20190206	19.67	4.52	3.43
20190207	13.49	6.08	7.91
20190208	5.64	6.63	11.59
20190209	4.29	4.6	5.92
20190210	1.28	3.28	5.33
20190211	0.01	5.2	3.9
20190212	0.66	7.78	3.25
20190213	0.0	5.85	2.8
20190214	0.0	6.64	2.23
20190215	0.06	9.67	2.02
20190216	0.33	8.38	1.75
20190217	1.47	8.12	1.58
20190218	1.08	6.24	1.46
20190219	2.06	7.04	1.32
20190220	1.8	9.49	1.33
20190221	0.0	8.69	1.32
20190222	0.0	10.72	1.02
20190223	0.14	8.53	0.87
20190224	0.02	9.16	0.83
20190225	0.0	11.27	0.77
20190226	0.0	11.74	0.67
20190227	0.25	8.97	0.63
20190228	7.71	7.31	0.74
20190301	0.57	8.74	0.84
20190302	6.71	7.59	1.26
20190303	13.38	5.9	3.18
20190304	3.68	4.84	2.58
20190305	14.77	7.65	2.86
20190306	7.08	7.2	5.43
20190307	15.53	3.52	9.41
20190308	5.04	5.81	6.52
20190309	12.55	3.8	4.65
20190310	4.25	3.47	5.67
20190311	20.3	5.5	5.74
20190312	3.84	4.3	10.89
20190313	9.87	7.02	6.0
20190314	5.62	7.9	6.12
20190315	25.11	7.14	6.36
20190316	23.53	5.82	28.63
20190317	1.13	4.57	9.43
20190318	1.62	6.16	5.87
20190319	0.13	8.65	4.33
20190320	0.03	10.56	3.37
20190321	0.01	9.97	2.72
20190322	2.11	6.67	2.46
20190323	0.0	3.94	1.97
20190324	0.42	6.52	1.7
20190325	0.01	4.9	1.48
20190326	0.0	5.94	1.33
20190327	0.0	6.11	1.19
20190328	0.0	6.99	1.08
20190329	0.0	6.05	0.95
20190330	0.0	7.35	0.81
20190331	0.0	7.01	0.72
20190401	11.23	7.51	0.8
20190402	7.78	3.23	1.08
20190403	7.87	2.38	2.18
20190404	13.02	3.27	2.87
20190405	0.03	6.49	2.78
20190406	0.0	6.68	1.96
20190407	0.0	8.88	1.66
20190408	0.05	9.67	1.48
20190409	0.0	5.75	1.34
20190410	0.0	4.86	1.16
20190411	0.0	5.7	1.01
20190412	0.0	5.41	0.91
20190413	0.0	4.46	0.8
20190414	0.0	5.15	0.74
20190415	0.03	8.15	0.7
20190416	0.17	8.32	0.62
20190417	0.0	11.13	0.57
20190418	0.0	10.95	0.52
20190419	0.0	15.13	0.48
20190420	0.0	15.15	0.42
20190421	0.0	13.81	0.4
20190422	0.01	14.5	0.39
20190423	0.0	13.52	0.37
20190424	10.51	10.91	0.48
20190425	4.26	9.91	0.43
20190426	17.2	7.37	0.6
20190427	20.94	6.07	2.49
20190428	2.66	9.08	1.76
20190429	0.0	10.56	1.35
20190430	4.59	11.7	1.02
20190501	2.09	8.75	0.99
20190502	1.95	7.07	1.14
20190503	2.22	5.74	1.0
20190504	0.09	4.57	0.83
20190505	0.44	5.92	0.72
20190506	0.02	5.61	0.65
20190507	4.21	8.34	0.63
20190508	4.45	6.81	0.75
20190509	2.61	5.65	0.86
20190510	0.49	6.92	0.78
20190511	0.0	5.75	0.62
20190512	0.0	9.28	0.53
20190513	0.0	11.09	0.49
20190514	0.0	13.26	0.48
20190515	0.0	12.66	0.45
20190516	1.19	11.85	0.42
20190517	0.12	11.72	0.41
20190518	0.51	10.44	0.41
20190519	0.09	8.78	0.39
20190520	0.01	9.04	0.35
20190521	0.0	10.48	0.31
20190522	0.01	10.25	0.31
20190523	0.0	11.93	0.28
20190524	0.26	12.59	0.29
20190525	2.84	14.04	0.29
20190526	1.98	12.19	0.29
20190527	5.23	10.45	0.31
20190528	0.44	7.55	0.29
20190529	3.98	11.54	0.29
20190530	0.57	14.65	0.31
20190531	0.31	14.07	0.32
20190601	1.02	15.72	0.29
20190602	1.21	12.27	0.3
20190603	1.6	11.27	0.27
20190604	11.37	10.74	0.31
20190605	0.21	9.14	0.34
20190606	0.95	9.84	0.31
20190607	47.92	10.72	3.09
20190608	1.53	9.86	5.53
20190609	0.05	9.31	2.47
20190610	4.86	11.7	1.75
20190611	34.18	8.63	3.57
20190612	20.2	9.9	12.06
20190613	5.1	9.39	15.22
20190614	0.35	11.34	7.11
20190615	4.04	10.68	4.52
20190616	12.47	12.74	4.44
20190617	0.1	12.57	4.05
20190618	4.55	13.17	2.98
20190619	1.69	13.11	2.48
20190620	0.05	11.83	2.05
20190621	0.0	10.09	1.62
20190622	0.0	14.73	1.41
20190623	8.85	15.63	1.39
20190624	0.67	16.7	1.28
20190625	1.86	15.32	1.15
20190626	0.0	13.8	0.93
20190627	0.0	16.99	0.76
20190628	0.0	19.93	0.68
20190629	0.02	17.28	0.62
20190630	0.01	14.8	0.61
20190701	0.11	11.35	0.55
20190702	0.0	11.39	0.49
20190703	0.0	11.78	0.47
20190704	0.01	14.36	0.44
20190705	0.69	15.75	0.42
20190706	0.48	11.35	0.42
20190707	0.0	12.29	0.4
20190708	0.02	15.54	0.37
20190709	0.49	16.21	0.37
20190710	1.22	16.98	0.35
20190711	3.16	15.6	0.35
20190712	1.37	15.15	0.34
20190713	0.1	13.12	0.34
20190714	0.0	15.41	0.32
20190715	0.05	17.56	0.3
20190716	0.0	16.83	0.29
20190717	3.35	15.56	0.29
20190718	8.75	15.14	0.28
20190719	11.88	16.14	0.43
20190720	0.82	15.08	0.42
20190721	5.47	16.87	0.37
20190722	0.21	17.61	0.38
20190723	2.64	21.49	0.35
20190724	0.0	18.98	0.32
20190725	0.03	22.67	0.27
20190726	0.05	17.6	0.26
20190727	5.87	14.82	0.27
20190728	5.63	14.87	0.3
20190729	0.13	15.99	0.28
20190730	23.78	16.19	0.86
20190731	2.06	14.37	1.57
20190801	0.01	15.14	0.76
20190802	0.0	17.27	0.52
20190803	1.54	17.54	0.44
20190804	2.25	16.07	0.4
20190805	3.39	15.82	0.37
20190806	2.72	15.56	0.38
20190807	0.52	15.01	0.42
20190808	15.2	17.6	0.42
20190809	17.28	17.56	1.73
20190810	18.18	14.56	5.04
20190811	3.77	11.68	4.94
20190812	1.99	12.18	2.68
20190813	4.97	13.9	2.04
20190814	6.7	15.01	2.12
20190815	1.31	14.53	1.85
20190816	9.37	15.0	2.2
20190817	0.58	13.66	1.86
20190818	1.98	13.25	1.44
20190819	1.9	13.38	1.25
20190820	2.19	14.33	1.12
20190821	5.76	14.87	1.01
20190822	2.67	16.32	1.62
20190823	0.11	15.64	1.2
20190824	0.02	20.07	0.88
20190825	0.0	18.05	0.74
20190826	0.0	16.7	0.68
20190827	0.49	16.18	0.64
20190828	0.82	12.7	0.6
20190829	0.05	15.1	0.57
20190830	2.47	15.24	0.55
20190831	1.54	12.16	0.54
20190901	0.44	11.63	0.51
20190902	0.71	13.64	0.6
20190903	6.16	13.5	0.62
20190904	1.45	11.79	0.61
20190905	0.63	12.53	0.56
20190906	2.33	12.87	0.54
20190907	0.11	9.55	0.52
20190908	10.68	12.38	0.5
20190909	3.98	12.86	0.95
20190910	3.38	13.59	1.01
20190911	0.22	14.06	0.81
20190912	2.7	12.27	0.72
20190913	0.01	10.0	0.68
20190914	0.33	14.77	0.55
20190915	11.38	12.74	0.63
20190916	0.02	9.89	0.98
20190917	0.01	9.65	0.69
20190918	0.01	10.88	0.58
20190919	0.0	13.14	0.53
20190920	0.0	14.33	0.49
20190921	1.48	17.65	0.45
20190922	3.11	13.39	0.45
20190923	10.36	14.19	0.47
20190924	5.63	13.2	1.09
20190925	6.81	14.24	0.74
20190926	14.28	12.74	2.06
20190927	11.26	12.19	5.24
20190928	24.38	12.73	7.09
20190929	5.85	10.61	9.34
20190930	22.27	12.11	11.26
20191001	7.66	8.57	8.88
20191002	0.24	6.11	5.19
20191003	5.19	8.84	4.07
20191004	0.64	11.97	3.68
20191005	8.52	11.82	3.26
20191006	3.23	10.17	3.32
20191007	0.78	11.91	2.96
20191008	1.07	10.69	2.52
20191009	3.02	9.78	2.28
20191010	19.6	11.76	3.05
20191011	3.23	9.77	6.22
20191012	3.01	9.83	3.66
20191013	3.54	8.74	3.47
20191014	0.66	9.93	2.89
20191015	1.42	10.72	2.54
20191016	0.59	8.95	2.28
20191017	5.12	8.6	2.11
20191018	18.75	7.39	4.03
20191019	2.57	7.58	4.44
20191020	0.59	7.59	3.42
20191021	0.02	6.36	2.93
20191022	0.0	8.18	2.57
20191023	0.23	9.16	2.28
20191024	4.93	8.35	2.08
20191025	48.54	6.68	10.04
20191026	2.06	5.58	13.12
20191027	0.02	5.59	6.26
20191028	0.04	3.93	4.49
20191029	0.12	5.42	3.55
20191030	0.01	5.41	2.98
20191031	5.64	8.42	2.63
20191101	10.05	9.9	3.22
20191102	2.84	6.86	3.58
20191103	2.07	7.71	2.7
20191104	6.23	7.35	2.49
20191105	1.29	5.69	3.1
20191106	8.89	5.54	2.91
20191107	13.79	4.84	5.58
20191108	2.55	1.96	4.69
20191109	4.7	1.35	4.36
20191110	9.41	3.48	4.22
20191111	5.24	4.96	4.36
20191112	15.19	5.0	7.82
20191113	0.18	4.06	6.08
20191114	22.86	4.12	8.58
20191115	2.05	5.72	10.01
20191116	10.3	5.87	6.56
20191117	1.99	3.65	6.43
20191118	0.05	2.24	4.96
20191119	0.06	4.31	4.09
20191120	0.0	4.54	3.43
20191121	0.18	3.6	2.94
20191122	2.69	5.53	2.61
20191123	3.58	6.53	2.48
20191124	1.59	7.92	2.26
20191125	4.92	8.7	2.22
20191126	6.47	8.54	2.48
20191127	1.46	7.26	2.55
20191128	5.03	2.82	2.78
20191129	0.15	1.3	2.43
20191130	0.2	0.43	2.23
20191201	0.25	0.32	2.11
20191202	0.15	3.1	1.96
20191203	0.0	4.77	1.77
20191204	0.2	5.27	1.55
20191205	6.77	8.7	1.71
20191206	3.22	8.68	2.44
20191207	8.63	8.47	2.26
20191208	9.03	5.92	3.29
20191209	3.26	5.0	3.04
20191210	19.01	7.28	8.57
20191211	3.48	3.08	5.4
20191212	18.69	5.0	6.09
20191213	7.21	4.09	7.42
20191214	6.39	2.83	5.9
20191215	11.56	3.1	7.73
20191216	0.22	2.45	6.24
20191217	0.3	2.61	4.59
20191218	10.82	6.08	4.49
20191219	5.3	7.16	6.69
20191220	0.68	4.42	4.58
20191221	0.38	5.57	3.7
20191222	2.77	6.07	3.11
20191223	2.57	5.98	2.82
20191224	1.27	6.07	2.6
20191225	2.19	4.16	2.27
20191226	1.07	4.92	2.22
20191227	0.05	8.17	2.01
20191228	0.0	8.75	1.84
20191229	0.0	6.57	1.68
20191230	0.14	6.28	1.53
20191231	0.01	4.43	1.41
20200101	0.01	4.51	1.33
20200102	7.66	6.73	1.37
20200103	0.21	4.74	1.91
20200104	0.16	6.25	1.47
20200105	0.33	6.64	1.37
20200106	3.0	6.46	1.47
20200107	1.06	9.03	1.58
20200108	15.46	5.68	2.33
20200109	0.36	4.74	3.06
20200110	4.41	5.96	2.13
20200111	16.62	7.4	5.61
20200112	2.58	4.69	5.73
20200113	13.01	5.57	7.1
20200114	10.2	6.09	9.32
20200115	2.76	5.69	6.09
20200116	14.38	6.29	6.94
20200117	0.7	2.78	6.84
20200118	0.01	1.9	4.55
20200119	0.18	2.84	3.66
20200120	0.03	3.86	3.1
20200121	0.27	5.33	2.67
20200122	0.06	5.71	2.37
20200123	0.07	5.15	2.15
20200124	0.22	5.42	1.88
20200125	2.36	5.79	1.64
20200126	6.8	4.65	1.78
20200127	5.28	2.95	2.4
20200128	2.65	3.32	2.22
20200129	0.23	6.51	2.03
20200130	0.64	8.78	1.87
20200131	2.06	9.2	2.16
20200201	5.05	6.07	1.8
20200202	7.12	7.29	3.19
20200203	1.01	4.81	2.84
20200204	0.2	3.78	2.16
20200205	0.01	3.1	1.89
20200206	0.17	3.5	1.69
20200207	1.36	5.29	1.69
20200208	57.19	7.62	7.53
20200209	12.8	7.02	38.57
20200210	4.29	2.73	8.79
20200211	1.95	2.58	5.52
20200212	8.56	3.64	4.48
20200213	2.54	3.98	5.5
20200214	3.43	7.38	4.31
20200215	56.14	7.62	29.36
20200216	3.5	4.64	17.2
20200217	2.49	5.01	7.34
20200218	4.29	4.49	5.88
20200219	13.76	6.05	6.24
20200220	5.97	5.21	9.47
20200221	27.6	7.55	16.83
20200222	23.01	6.62	15.13
20200223	18.36	5.41	14.24
20200224	3.43	5.83	14.98
20200225	3.43	2.96	7.36
20200226	4.13	2.81	5.44
20200227	2.09	2.88	4.45
20200228	17.54	5.8	7.51
20200229	7.66	3.26	8.67
20200301	0.57	2.44	5.35
20200302	4.78	3.06	4.11
20200303	0.16	3.64	3.66
20200304	0.02	3.05	2.94
20200305	0.01	2.18	2.49
20200306	0.07	5.26	2.14
20200307	10.91	8.02	2.88
20200308	2.02	6.44	3.4
20200309	7.16	8.03	3.24
20200310	1.25	7.26	3.61
20200311	6.18	5.68	3.55
20200312	3.46	4.93	2.98
20200313	1.82	5.59	2.57
20200314	15.97	7.07	4.39
20200315	0.28	4.41	5.02
20200316	2.4	6.22	3.6
20200317	11.62	7.27	4.37
20200318	0.56	4.06	4.77
20200319	0.0	3.67	3.27
20200320	0.0	4.75	2.64
20200321	0.0	3.0	2.18
20200322	0.0	4.24	1.89
20200323	0.0	7.11	1.69
20200324	0.0	10.41	1.56
20200325	0.0	8.04	1.3
20200326	0.0	5.66	1.14
20200327	0.0	5.87	0.99
20200328	0.0	4.8	0.86
20200329	0.0	3.36	0.77
20200330	0.0	4.68	0.72
20200331	0.24	4.93	0.67
20200401	1.24	5.77	0.64
20200402	0.23	6.66	0.61
20200403	0.01	7.1	0.58
20200404	0.0	8.98	0.54
20200405	2.06	13.57	0.54
20200406	0.87	6.9	0.5
20200407	0.0	9.81	0.44
20200408	0.0	10.63	0.49
20200409	0.0	13.13	0.39
20200410	4.82	14.09	0.4
20200411	0.02	12.78	0.36
20200412	1.42	8.59	0.35
20200413	0.0	3.9	0.32
20200414	0.0	5.54	0.3
20200415	0.0	7.67	0.29
20200416	0.0	12.3	0.28
20200417	0.41	8.79	0.3
20200418	1.21	6.83	0.29
20200419	0.07	8.26	0.28
20200420	0.0	8.71	0.27
20200421	0.0	9.75	0.3
20200422	0.0	10.1	0.24
20200423	0.0	11.17	0.3
20200424	0.0	13.06	0.28
20200425	0.0	12.53	0.24
20200426	0.01	10.57	0.23
20200427	0.49	8.07	0.24
20200428	5.73	6.52	0.26
20200429	10.99	7.83	0.27
20200430	3.83	7.4	0.33
20200501	1.42	7.74	0.3
20200502	0.0	7.58	0.26
20200503	0.0	7.77	0.24
20200504	0.0	9.66	0.23
20200505	0.0	8.03	0.22
20200506	0.0	11.21	0.21
20200507	0.02	12.94	0.21
20200508	0.0	12.14	0.22
20200509	0.79	13.15	0.22
20200510	0.25	5.85	0.22
20200511	0.08	4.0	0.21
20200512	0.47	6.65	0.22
20200513	0.02	4.59	0.22
20200514	0.0	7.2	0.19
20200515	0.0	8.67	0.17
20200516	0.0	10.14	0.17
20200517	0.03	12.2	0.17
20200518	0.34	12.32	0.17
20200519	0.0	11.51	0.16
20200520	0.3	15.37	0.15
20200521	6.04	14.42	0.18
20200522	7.47	11.35	0.16
20200523	0.04	11.75	0.22
20200524	0.0	11.03	0.2
20200525	0.01	13.56	0.19
20200526	0.0	10.95	0.16
20200527	0.0	13.86	0.16
20200528	0.0	16.4	0.15
20200529	0.0	16.03	0.14
20200530	0.0	16.15	0.14
20200531	0.0	15.21	0.14
20200601	0.0	14.71	0.12
20200602	10.56	16.3	0.12
20200603	3.22	9.32	0.18
20200604	1.85	9.89	0.15
20200605	9.87	8.37	0.15
20200606	2.43	9.77	0.24
20200607	0.04	11.09	0.19
20200608	0.04	11.32	0.17
20200609	0.98	11.68	0.15
20200610	6.2	11.89	0.18
20200611	12.99	11.98	0.19
20200612	0.69	14.34	0.27
20200613	0.26	16.49	0.22
20200614	2.82	15.61	0.2
20200615	4.5	15.95	0.19
20200616	5.63	16.02	0.19
20200617	13.13	15.88	0.23
20200618	14.38	13.12	0.74
20200619	1.71	12.19	0.56
20200620	5.16	15.33	0.39
20200621	0.66	12.88	0.33
20200622	1.29	15.5	0.29
20200623	0.15	16.53	0.25
20200624	0.01	19.28	0.23
20200625	0.51	22.28	0.19
20200626	6.14	17.62	0.17
20200627	11.03	13.24	0.26
20200628	9.8	11.76	0.3
20200629	0.95	11.98	0.43
20200630	0.6	13.56	0.39
20200701	4.17	13.51	0.35
20200702	1.49	13.25	0.32
20200703	7.85	13.55	0.36
20200704	1.87	13.54	0.61
20200705	1.18	12.54	0.53
20200706	0.76	12.15	0.39
20200707	5.76	12.29	0.35
20200708	11.31	13.4	0.45
20200709	0.38	11.18	0.8
20200710	0.01	11.35	0.51
20200711	0.0	9.89	0.38
20200712	2.63	15.46	0.32
20200713	0.64	13.51	0.31
20200714	4.56	12.54	0.31
20200715	0.72	13.39	0.34
20200716	0.01	15.58	0.32
20200717	0.64	16.36	0.29
20200718	4.58	11.65	0.29
20200719	0.0	10.38	0.3
20200720	0.0	9.8	0.26
20200721	0.44	12.89	0.24
20200722	3.0	15.11	0.23
20200723	1.64	14.68	0.26
20200724	8.12	17.04	0.24
20200725	0.34	14.24	0.3
20200726	8.72	14.93	0.28
20200727	5.5	13.66	0.65
20200728	0.07	12.57	0.49
20200729	0.52	14.09	0.34
20200730	0.07	17.7	0.29
20200731	0.16	20.89	0.25
20200801	0.59	13.52	0.23
20200802	2.17	12.94	0.22
20200803	1.96	11.58	0.21
20200804	4.72	14.71	0.21
20200805	1.64	16.08	0.25
20200806	0.38	17.93	0.27
20200807	0.01	18.06	0.24
20200808	0.0	15.62	0.22
20200809	0.01	17.0	0.2
20200810	21.64	19.1	0.36
20200811	0.21	20.05	0.49
20200812	12.27	21.67	1.01
20200813	0.1	20.56	0.77
20200814	0.0	18.03	0.43
20200815	0.5	18.54	0.34
20200816	6.02	16.5	0.32
20200817	13.28	15.91	0.37
20200818	0.32	15.9	1.16
20200819	3.13	15.94	0.61
20200820	17.06	16.14	0.5
20200821	11.79	14.35	2.46
20200822	7.12	14.03	4.23
20200823	4.24	12.73	2.45
20200824	17.03	14.26	1.66
20200825	30.83	14.32	11.07
20200826	0.1	13.66	5.48
20200827	21.06	11.7	5.68
20200828	7.91	11.11	7.82
20200829	0.09	9.12	4.49
20200830	0.0	8.9	3.05
20200831	0.0	10.26	2.26
20200901	0.22	13.24	2.03
20200902	20.45	14.51	3.38
20200903	0.04	13.17	3.1
20200904	1.95	11.93	2.09
20200905	0.12	11.65	1.78
20200906	0.35	12.67	1.57
20200907	0.44	14.82	1.43
20200908	3.1	15.36	1.3
20200909	0.09	11.8	1.2
20200910	0.0	10.98	1.05
20200911	4.68	12.8	1.02
20200912	0.04	14.37	1.12
20200913	0.01	14.07	0.84
20200914	0.01	18.19	0.74
20200915	0.03	17.16	0.67
20200916	0.0	14.55	0.62
20200917	0.0	13.17	0.58
20200918	0.0	12.45	0.54
20200919	0.0	12.27	0.51
20200920	0.0	12.27	0.49
20200921	0.0	14.61	0.47
20200922	14.24	12.34	0.47
20200923	2.67	7.78	0.79
20200924	5.54	7.54	0.96
20200925	2.77	8.2	0.97
20200926	0.01	7.49	0.84
20200927	0.0	7.98	0.62
20200928	2.02	11.45	0.57
20200929	1.23	10.02	0.52
20200930	10.01	9.85	0.86
20201001	1.41	8.58	1.18
20201002	2.3	9.9	0.82
20201003	38.79	9.35	6.15
20201004	7.91	10.75	8.85
20201005	12.95	10.19	8.29
20201006	11.31	10.11	10.18
20201007	20.11	11.17	8.22
20201008	1.98	8.06	8.19
20201009	1.5	7.84	5.27
20201010	14.28	9.16	5.55
20201011	0.59	9.33	5.18
20201012	15.67	8.17	5.23
20201013	0.85	7.94	7.47
20201014	0.74	7.84	4.63
20201015	0.26	6.99	3.67
20201016	0.08	6.47	3.05
20201017	0.03	7.06	2.6
20201018	0.08	8.56	2.25
20201019	0.93	10.83	1.96
20201020	3.44	13.15	1.77
20201021	0.8	10.3	1.73
20201022	0.75	6.7	1.56
20201023	2.74	8.61	1.46
20201024	17.91	8.16	2.88
20201025	6.14	7.11	3.87
20201026	2.19	7.92	3.3
20201027	7.74	8.71	3.07
20201028	5.41	8.26	3.42
20201029	19.96	11.71	8.38
20201030	6.46	9.38	7.55
20201031	6.34	10.6	7.05
20201101	46.6	10.92	23.61
20201102	6.46	6.58	15.83
20201103	2.26	4.74	7.33
20201104	1.37	6.14	5.33
20201105	0.07	6.79	4.1
20201106	0.02	6.09	3.33
20201107	0.06	8.95	2.92
20201108	0.83	9.73	2.56
20201109	0.1	10.86	2.18
20201110	0.13	9.95	1.95
20201111	8.29	8.97	2.0
20201112	3.52	7.54	2.12
20201113	1.67	7.57	2.01
20201114	8.88	10.04	2.23
20201115	9.42	7.73	3.54
20201116	4.83	9.99	3.23
20201117	2.53	12.05	3.89
20201118	9.84	9.39	3.8
20201119	2.7	5.18	4.49
20201120	2.89	9.6	3.58
20201121	1.29	6.88	3.27
20201122	0.33	4.17	2.77
20201123	1.88	6.76	2.5
20201124	5.56	8.34	2.53
20201125	0.08	5.09	2.51
20201126	0.54	5.51	2.12
20201127	0.04	2.3	1.89
20201128	0.01	5.32	1.73
20201129	0.15	6.86	1.59
20201130	2.31	4.76	1.58
20201201	0.22	5.04	1.48
20201202	4.8	4.64	1.44
20201203	8.88	2.31	2.3
20201204	15.4	3.13	6.1
20201205	0.29	1.67	4.64
20201206	0.06	2.33	3.5
20201207	3.2	2.7	3.07
20201208	11.66	4.61	4.4
20201209	2.63	4.36	4.18
20201210	6.56	6.63	3.97
20201211	8.27	6.85	4.57
20201212	3.77	4.02	4.57
20201213	14.59	7.73	6.5
20201214	9.45	6.48	9.38
20201215	9.55	6.87	6.27
20201216	3.95	6.19	7.86
20201217	12.25	8.76	8.17
20201218	17.3	9.96	12.18
20201219	22.32	6.13	13.42
20201220	1.84	5.51	10.56
20201221	8.83	5.51	8.26
20201222	3.3	3.04	6.7
20201223	12.29	3.12	9.14
20201224	0.02	1.41	6.52
20201225	0.43	3.45	4.87
20201226	31.02	4.87	12.81
20201227	6.36	2.15	9.98
20201228	1.92	1.19	6.66
20201229	5.98	1.53	5.58
20201230	7.44	0.06	5.19
20201231	2.86	0.63	4.48
20210101	3.13	1.22	4.88
20210102	1.38	1.4	4.3
20210103	0.06	1.44	4.06
20210104	0.07	1.36	3.46
20210105	0.01	1.16	3.02
20210106	0.01	-1.0	2.65
20210107	6.68	-0.87	2.5
20210108	10.98	-1.18	2.62
20210109	0.08	-0.04	2.29
20210110	0.17	3.75	2.71
20210111	19.21	6.12	9.64
20210112	1.99	2.83	8.01
20210113	8.07	7.3	5.61
20210114	2.07	2.08	6.37
20210115	5.47	2.64	4.89
20210116	1.11	5.01	4.65
20210117	0.27	4.4	3.51
20210118	16.62	6.47	3.66
20210119	32.73	8.64	14.65
20210120	36.83	4.85	33.28
20210121	1.81	2.26	12.57
20210122	4.97	1.58	7.31
20210123	4.5	-0.19	5.4
20210124	1.28	-1.35	4.18
20210125	1.55	0.86	3.43
20210126	0.79	4.98	4.01
20210127	16.21	7.81	4.98
20210128	5.34	8.12	5.87
20210129	3.84	4.22	5.27
20210130	1.5	-0.46	4.84
20210131	0.06	-0.23	3.75
20210201	6.11	3.44	3.27
20210202	8.42	6.59	5.72
20210203	6.03	5.42	5.06
20210204	0.07	5.46	4.2
20210205	5.16	4.16	3.44
20210206	1.13	2.08	3.1
20210207	0.0	-0.64	2.58
20210208	0.0	-1.49	2.19
20210209	0.08	-2.56	1.93
20210210	0.09	-2.6	1.67
20210211	0.01	-2.5	1.49
20210212	0.0	-2.05	1.33
20210213	0.5	-0.01	1.16
20210214	6.17	5.33	1.66
20210215	2.84	8.46	1.96
20210216	4.39	7.16	2.15
20210217	7.47	6.33	2.07
20210218	4.63	5.71	2.55
20210219	20.47	8.63	7.17
20210220	15.02	7.82	11.96
20210221	4.74	7.46	6.94
20210222	0.17	6.82	5.03
20210223	24.89	10.43	10.03
20210224	2.58	7.16	8.88
20210225	0.04	4.49	5.37
20210226	0.16	5.26	4.0
20210227	0.02	4.15	3.22
20210228	0.19	4.16	2.66
20210301	0.01	3.78	2.28
20210302	0.09	3.66	1.98
20210303	0.03	4.07	1.71
20210304	0.33	1.0	1.54
20210305	0.0	-0.17	1.37
20210306	0.0	0.49	1.23
20210307	0.03	2.41	1.12
20210308	0.12	6.14	1.08
20210309	12.91	6.96	1.37
20210310	21.46	7.97	7.55
20210311	5.23	4.82	6.51
20210312	12.26	4.68	5.3
20210313	2.72	4.93	5.38
20210314	5.44	6.18	4.34
20210315	3.83	8.13	3.58
20210316	0.03	6.38	3.39
20210317	0.24	6.16	2.73
20210318	0.09	8.05	2.38
20210319	0.01	8.22	2.08
20210320	0.0	7.23	1.83
20210321	0.0	4.5	1.63
20210322	0.0	7.29	1.49
20210323	2.54	6.42	1.5
20210324	3.51	7.99	1.33
20210325	7.92	7.29	1.47
20210326	3.98	4.85	1.74
20210327	16.64	7.19	2.3
20210328	14.18	10.04	11.76
20210329	0.14	7.76	5.62
20210330	0.01	13.15	3.5
20210331	0.01	10.92	2.77
20210401	0.0	4.48	2.28
20210402	0.0	4.53	1.93
20210403	0.0	4.16	1.69
20210404	0.92	6.55	1.53
20210405	0.75	1.44	1.35
20210406	0.76	1.61	1.22
20210407	0.36	4.23	1.11
20210408	2.15	5.71	1.13
20210409	1.78	2.44	0.98
20210410	0.01	1.68	0.84
20210411	2.23	2.61	0.76
20210412	0.01	3.17	0.73
20210413	0.09	4.18	0.65
20210414	0.02	4.64	0.61
20210415	0.0	5.2	0.56
20210416	0.0	5.21	0.52
20210417	0.0	6.24	0.49
20210418	0.0	6.27	0.46
20210419	0.0	8.51	0.44
20210420	0.0	7.7	0.42
20210421	0.0	6.58	0.4
20210422	0.0	7.69	0.35
20210423	0.0	9.7	0.33
20210424	0.0	9.34	0.32
20210425	0.0	7.38	0.32
20210426	0.15	9.76	0.31
20210427	6.82	6.61	0.34
20210428	0.29	5.16	0.35
20210429	0.15	4.05	0.32
20210430	0.11	3.59	0.3
20210501	0.01	4.22	0.28
20210502	3.44	7.49	0.29
20210503	43.07	6.58	2.0
20210504	12.29	4.48	5.33
20210505	3.28	3.53	3.12
20210506	0.21	4.47	2.12
20210507	15.48	6.42	1.78
20210508	6.05	9.05	4.84
20210509	0.61	11.01	2.84
20210510	2.1	9.1	2.25
20210511	8.7	8.1	2.32
20210512	0.6	9.02	2.2
20210513	0.76	9.2	1.76
20210514	13.43	9.31	2.56
20210515	5.52	9.47	3.14
20210516	9.9	8.56	3.73
20210517	0.05	9.06	3.15
20210518	2.69	7.95	2.7
20210519	3.28	9.09	2.39
20210520	35.69	8.58	10.6
20210521	19.45	7.38	17.42
20210522	4.49	7.33	9.17
20210523	13.62	6.96	8.38
20210524	2.23	8.57	6.52
20210525	0.98	9.58	4.55
20210526	0.0	8.1	3.51
20210527	0.51	12.95	2.78
20210528	1.35	12.3	2.38
20210529	0.24	12.55	2.04
20210530	0.0	13.38	1.71
20210531	0.0	15.75	1.48
20210601	0.0	16.28	1.23
20210602	2.81	17.95	1.08
20210603	0.0	11.09	0.99
20210604	0.0	11.78	0.8
20210605	0.2	14.42	0.71
20210606	0.0	12.35	0.63
20210607	0.0	13.22	0.64
20210608	0.01	14.53	0.61
20210609	0.09	16.4	0.58
20210610	2.56	15.45	0.53
20210611	0.04	13.05	0.52
20210612	0.0	14.77	0.47
20210613	0.25	17.29	0.43
20210614	0.0	11.03	0.41
20210615	0.02	16.04	0.39
20210616	0.09	14.3	0.38
20210617	0.0	12.19	0.36
20210618	0.0	12.84	0.35
20210619	0.09	14.12	0.33
20210620	0.01	11.7	0.32
20210621	0.16	10.71	0.32
20210622	0.1	10.69	0.3
20210623	2.65	13.66	0.3
20210624	3.6	14.21	0.31
20210625	14.36	10.66	0.56
20210626	0.01	12.3	0.42
20210627	0.0	14.05	0.35
20210628	0.24	15.23	0.32
20210629	0.0	14.98	0.3
20210630	0.1	15.27	0.3
20210701	0.0	14.52	0.33
20210702	1.84	16.55	0.3
20210703	7.68	16.7	0.35
20210704	6.54	15.14	0.34
20210705	22.36	13.67	0.53
20210706	1.68	14.62	1.05
20210707	1.67	13.87	0.54
20210708	0.09	13.96	0.45
20210709	1.68	14.17	0.4
20210710	0.8	14.71	0.38
20210711	1.81	15.55	0.36
20210712	0.15	15.62	0.35
20210713	0.0	15.62	0.32
20210714	0.0	16.43	0.3
20210715	0.0	15.35	0.29
20210716	0.0	17.23	0.27
20210717	0.0	18.53	0.26
20210718	0.0	19.44	0.25
20210719	0.0	19.7	0.24
20210720	0.0	19.57	0.23
20210721	0.0	20.29	0.22
20210722	0.01	21.05	0.21
20210723	0.0	19.71	0.2
20210724	0.0	15.57	0.19
20210725	0.0	15.49	0.19
20210726	0.0	17.55	0.2
20210727	10.43	15.64	0.52
20210728	10.25	13.77	0.41
20210729	6.02	14.2	0.35
20210730	4.46	13.14	0.47
20210731	2.0	12.9	0.38
20210801	0.28	12.42	0.34
20210802	0.01	11.38	0.3
20210803	0.02	12.9	0.28
20210804	0.01	14.78	0.27
20210805	23.08	14.79	0.31
20210806	9.97	14.04	0.88
20210807	18.67	14.72	1.59
20210808	1.7	13.84	2.36
20210809	0.28	15.28	1.18
20210810	0.11	14.43	0.79
20210811	1.35	14.66	0.65
20210812	0.01	14.88	0.56
20210813	0.01	15.23	0.48
20210814	1.01	14.78	0.45
20210815	2.28	14.34	0.45
20210816	1.26	13.05	0.41
20210817	0.41	13.55	0.4
20210818	0.15	13.35	0.39
20210819	0.22	15.72	0.36
20210820	3.11	16.59	0.35
20210821	3.26	15.0	0.37
20210822	0.02	14.38	0.37
20210823	0.0	14.81	0.34
20210824	0.0	14.73	0.31
20210825	0.0	14.71	0.3
20210826	0.0	12.35	0.29
20210827	0.0	12.35	0.27
20210828	0.0	13.9	0.27
20210829	0.0	14.74	0.26
20210830	0.0	12.99	0.25
20210831	0.0	11.29	0.25
20210901	0.0	12.43	0.25
20210902	0.0	14.39	0.24
20210903	0.0	13.52	0.23
20210904	0.0	13.17	0.22
20210905	0.0	17.63	0.22
20210906	0.0	16.91	0.21
20210907	0.0	19.64	0.2
20210908	7.46	20.95	0.21
20210909	18.0	17.67	0.59
20210910	1.6	16.71	0.53
20210911	0.54	14.21	0.38
20210912	5.71	13.15	0.35
20210913	6.08	13.77	0.41
20210914	0.03	13.42	0.52
20210915	0.26	14.82	0.39
20210916	0.0	15.04	0.32
20210917	0.01	16.07	0.28
20210918	5.39	13.91	0.28
20210919	0.8	11.43	0.29
20210920	0.0	12.95	0.26
20210921	0.05	14.4	0.24
20210922	0.01	15.27	0.22
20210923	0.02	13.86	0.21
20210924	0.11	17.77	0.2
20210925	0.44	16.18	0.2
20210926	11.94	12.63	0.21
20210927	12.07	10.45	0.31
20210928	12.15	9.13	1.52
20210929	3.85	10.26	0.89
20210930	15.07	12.62	2.0
20211001	4.39	9.41	2.02
20211002	8.46	8.31	2.3
20211003	4.29	9.86	1.9
20211004	22.56	9.54	2.68
20211005	3.0	10.16	5.8
20211006	0.98	13.26	2.89
20211007	0.34	14.75	2.22
20211008	0.01	14.02	1.77
20211009	0.63	12.69	1.5
20211010	0.01	10.31	1.29
20211011	0.0	10.88	1.1
20211012	2.08	12.21	1.01
20211013	0.11	10.57	0.94
20211014	1.82	9.71	0.82
20211015	0.0	7.33	0.75
20211016	2.85	11.53	0.66
20211017	0.41	11.98	0.66
20211018	7.67	14.58	0.63
20211019	8.91	12.78	1.85
20211020	7.66	8.46	2.75
20211021	1.85	7.51	2.0
20211022	0.75	9.05	1.62
20211023	0.7	10.34	1.44
20211024	5.65	10.48	1.48
20211025	0.74	9.4	1.67
20211026	3.41	13.42	1.45
20211027	13.62	13.41	3.75
20211028	15.46	11.74	5.92
20211029	20.27	9.22	8.64
20211030	6.22	8.29	7.4
20211031	20.67	8.06	9.32
20211101	6.34	5.74	9.47
20211102	7.43	6.54	6.05
20211103	4.04	6.34	5.67
20211104	0.78	6.43	4.33
20211105	0.11	9.25	3.58
20211106	4.18	9.6	3.37
20211107	0.15	7.09	2.83
20211108	0.69	10.97	2.42
20211109	3.53	10.73	2.21
20211110	0.01	7.95	2.07
20211111	8.51	9.43	1.92
20211112	2.6	10.37	3.02
20211113	0.09	8.12	2.19
20211114	0.0	9.24	1.88
20211115	0.9	9.18	1.74
20211116	0.11	8.35	1.67
20211117	0.06	9.04	1.49
20211118	0.04	10.61	1.39
20211119	0.11	9.65	1.26
20211120	2.69	7.66	1.2
20211121	0.01	2.75	1.16
20211122	0.14	3.63	1.04
20211123	0.01	5.83	0.96
20211124	4.62	5.32	0.99
20211125	8.2	4.97	1.06
20211126	7.78	4.25	2.85
20211127	0.01	1.81	1.88
20211128	1.31	1.46	1.52
20211129	1.42	4.76	1.41
20211130	18.65	7.91	2.16
20211201	10.98	3.11	7.44
20211202	5.06	3.49	4.82
20211203	2.63	5.13	4.33
20211204	5.92	4.49	4.24
20211205	0.52	2.78	3.56
20211206	3.96	3.64	3.41
20211207	25.95	4.19	6.74
20211208	9.97	4.26	10.61
20211209	6.4	5.08	7.48
20211210	0.42	4.55	5.69
20211211	3.51	8.34	4.53
20211212	3.6	9.08	4.52
20211213	8.37	5.78	5.23
20211214	0.42	7.43	4.34
20211215	0.01	8.79	3.59
20211216	0.0	7.55	3.05
20211217	0.01	4.98	2.51
20211218	0.0	3.49	2.15
20211219	0.14	2.75	1.9
20211220	0.01	2.17	1.69
20211221	0.0	0.08	1.52
20211222	3.37	4.88	1.48
20211223	1.11	7.84	1.53
20211224	4.48	6.22	1.53
20211225	8.01	3.71	1.81
20211226	0.68	4.67	2.03
20211227	10.04	6.2	1.7
20211228	3.89	6.46	3.47
20211229	9.19	10.33	3.82
20211230	15.23	11.68	9.45
20211231	1.11	12.77	7.21
20220101	4.13	10.37	4.89
20220102	5.62	7.87	4.75
20220103	2.79	5.16	3.77
20220104	4.53	2.24	3.3
20220105	0.95	2.51	3.06
20220106	6.42	3.99	3.46
20220107	6.45	5.17	3.14
20220108	6.42	5.69	5.57
20220109	0.51	5.56	3.69
20220110	2.08	6.95	3.11
20220111	0.02	3.53	2.79
20220112	0.22	4.14	2.36
20220113	0.13	2.69	2.11
20220114	0.17	2.64	1.92
20220115	1.34	4.0	1.76
20220116	1.04	3.9	1.74
20220117	0.05	3.19	1.56
20220118	1.36	5.25	1.44
20220119	0.2	4.05	1.39
20220120	0.0	1.41	1.26
20220121	0.0	3.46	1.1
20220122	0.05	4.16	0.99
20220123	0.0	3.05	0.93
20220124	0.0	1.07	0.86
20220125	0.0	2.37	0.81
20220126	3.25	6.43	0.77
20220127	0.0	5.48	0.85
20220128	0.23	7.82	0.75
20220129	0.32	5.74	0.7
20220130	3.17	4.59	0.68
20220131	3.2	6.17	0.72
20220201	0.26	9.17	0.77
20220202	0.5	7.77	0.68
20220203	13.2	5.39	1.08
20220204	0.34	3.97	2.08
20220205	18.25	6.76	3.51
20220206	1.11	4.61	4.8
20220207	0.3	7.41	2.69
20220208	2.3	8.1	2.42
20220209	0.31	4.76	2.22
20220210	0.96	2.64	1.8
20220211	0.92	3.64	1.78
20220212	12.54	6.67	2.01
20220213	14.43	6.66	6.31
20220214	13.73	4.81	7.42
20220215	2.72	8.51	6.78
20220216	8.48	8.0	7.0
20220217	18.42	5.44	6.41
20220218	8.7	2.99	10.15
20220219	24.99	5.13	12.33
20220220	19.55	6.27	24.77
20220221	5.59	6.62	8.34
20220222	0.33	6.39	6.49
20220223	9.27	4.61	6.03
20220224	1.22	3.12	5.24
20220225	0.0	5.31	3.78
20220226	0.0	5.18	3.09
20220227	1.1	6.01	2.57
20220228	7.93	4.51	2.97
20220301	0.72	4.76	2.5
20220302	2.22	5.96	2.24
20220303	5.52	4.39	2.33
20220304	1.66	4.21	2.39
20220305	0.09	3.24	2.02
20220306	0.01	2.31	1.8
20220307	0.0	2.91	1.68
20220308	0.12	5.59	1.56
20220309	0.49	8.87	1.43
20220310	0.24	7.76	1.24
20220311	6.59	7.16	1.26
20220312	2.83	7.48	1.45
20220313	1.04	6.13	1.33
20220314	0.08	3.76	1.08
20220315	0.03	8.58	0.91
20220316	2.96	4.58	0.92
20220317	0.23	5.92	0.95
20220318	0.0	9.67	0.78
20220319	0.01	7.6	0.71
20220320	0.0	4.71	0.66
20220321	0.01	8.97	0.62
20220322	0.0	9.95	0.58
20220323	0.0	9.98	0.54
20220324	0.0	9.77	0.55
20220325	0.0	9.41	0.53
20220326	0.0	9.21	0.46
20220327	0.0	10.57	0.44
20220328	0.0	7.69	0.43
20220329	0.48	7.34	0.41
20220330	6.55	2.67	0.51
20220331	1.12	2.41	0.47
20220401	2.07	2.28	0.46
20220402	0.15	2.47	0.41
20220403	7.75	6.2	0.46
20220404	8.16	9.31	0.68
20220405	4.48	8.34	1.28
20220406	6.31	6.71	1.41
20220407	6.6	2.99	2.5
20220408	0.77	3.6	1.54
20220409	0.83	2.62	1.11
20220410	0.0	7.42	0.95
20220411	3.21	10.11	0.83
20220412	1.25	10.53	0.84
20220413	0.0	9.58	0.69
20220414	0.0	10.17	0.66
20220415	0.0	11.22	0.63
20220416	0.0	12.75	0.61
20220417	0.86	12.23	0.59
20220418	0.09	6.62	0.53
20220419	0.03	6.01	0.47
20220420	0.0	10.07	0.43
20220421	0.0	10.41	0.41
20220422	0.0	10.3	0.39
20220423	0.0	9.37	0.38
20220424	0.0	8.23	0.38
20220425	0.0	5.94	0.37
20220426	0.0	7.11	0.36
20220427	0.0	5.77	0.31
20220428	0.0	5.23	0.28
20220429	0.0	7.05	0.28
20220430	5.56	10.12	0.3
20220501	0.46	9.1	0.33
20220502	0.02	9.79	0.3
20220503	7.11	10.47	0.31
20220504	0.74	10.05	0.37
20220505	0.01	12.77	0.33
20220506	2.5	10.49	0.33
20220507	0.08	10.82	0.32
20220508	0.0	12.34	0.3
20220509	3.23	12.63	0.3
20220510	5.45	11.8	0.31
20220511	0.45	9.75	0.31
20220512	0.05	11.26	0.29
20220513	0.0	11.76	0.26
20220514	0.01	12.97	0.24
20220515	2.99	15.93	0.23
20220516	3.13	14.63	0.24
20220517	2.19	14.63	0.22
20220518	1.31	13.33	0.21
20220519	0.0	12.55	0.19
20220520	1.9	11.66	0.2
20220521	0.46	12.97	0.19
20220522	1.49	12.31	0.18
20220523	2.24	10.01	0.19
20220524	2.22	11.4	0.2
20220525	1.38	12.59	0.2
20220526	1.5	11.41	0.22
20220527	0.0	9.87	0.26
20220528	1.54	8.56	0.2
20220529	0.88	8.05	0.18
20220530	4.06	8.83	0.19
20220531	5.72	9.84	0.19
20220601	0.0	10.18	0.24
20220602	4.8	13.32	0.22
20220603	1.3	11.99	0.21
20220604	7.77	11.89	0.2
20220605	3.97	9.61	0.3
20220606	0.0	11.86	0.3
20220607	3.85	15.56	0.26
20220608	3.57	12.51	0.29
20220609	0.78	14.11	0.33
20220610	0.17	14.5	0.26
20220611	0.09	13.34	0.23
20220612	0.01	12.71	0.2
20220613	0.0	10.44	0.19
20220614	0.0	10.52	0.18
20220615	0.0	12.85	0.17
20220616	0.0	18.02	0.16
20220617	1.18	16.78	0.15
20220618	0.01	10.19	0.15
20220619	0.01	11.38	0.15
20220620	0.0	12.9	0.14
20220621	0.0	14.59	0.13
20220622	0.0	15.03	0.12
20220623	4.59	17.88	0.13
20220624	2.86	13.41	0.13
20220625	2.49	12.62	0.13
20220626	21.25	12.44	0.16
20220627	0.01	12.8	0.35
20220628	1.94	12.82	0.24
20220629	3.31	12.8	0.21
20220630	8.72	13.31	0.28
20220701	8.91	13.34	0.38
20220702	0.73	13.5	0.45
20220703	1.75	13.23	0.32
20220704	0.07	13.12	0.27
20220705	0.33	15.11	0.24
20220706	0.29	14.79	0.21
20220707	0.0	15.11	0.2
20220708	0.0	16.31	0.2
20220709	0.0	14.96	0.16
20220710	0.0	17.1	0.15
20220711	0.0	21.08	0.15
20220712	0.01	17.5	0.15
20220713	0.0	13.29	0.14
20220714	0.0	13.8	0.15
20220715	0.0	13.15	0.14
20220716	0.0	18.51	0.13
20220717	0.0	21.57	0.13
20220718	0.0	25.87	0.12
20220719	0.26	24.44	0.12
20220720	0.0	14.57	0.13
20220721	0.03	14.37	0.13
20220722	4.91	13.68	0.16
20220723	3.71	16.68	0.16
20220724	5.31	16.42	0.16
20220725	1.13	13.2	0.17
20220726	0.0	11.58	0.16
20220727	0.59	14.55	0.15
20220728	0.35	15.43	0.14
20220729	0.95	17.55	0.14
20220730	11.67	16.58	0.16
20220731	0.01	13.51	0.21
20220801	17.72	17.85	0.19
20220802	10.33	17.74	0.61
20220803	0.11	15.21	0.83
20220804	0.44	12.06	0.37
20220805	0.15	11.54	0.28
20220806	0.0	14.16	0.24
20220807	0.0	13.96	0.21
20220808	0.0	14.76	0.19
20220809	0.0	16.81	0.17
20220810	0.0	18.39	0.15
20220811	0.0	19.63	0.14
20220812	0.0	21.76	0.14
20220813	0.0	21.7	0.13
20220814	0.27	21.94	0.13
20220815	1.29	17.41	0.14
20220816	1.93	14.71	0.15
20220817	0.08	14.99	0.14
20220818	1.41	14.0	0.14
20220819	0.37	15.27	0.13
20220820	0.79	15.56	0.13
20220821	0.18	15.48	0.14
20220822	1.92	17.06	0.14
20220823	2.69	17.65	0.14
20220824	0.04	14.32	0.14
20220825	0.05	14.41	0.15
20220826	0.17	16.06	0.12
20220827	0.0	15.71	0.11
20220828	0.21	17.94	0.11
20220829	0.0	15.21	0.11
20220830	0.0	13.88	0.11
20220831	0.0	15.28	0.11
20220901	0.0	16.54	0.11
20220902	0.6	17.75	0.11
20220903	1.65	16.3	0.11
20220904	9.71	17.27	0.12
20220905	7.99	16.68	0.13
20220906	3.55	16.01	0.15
20220907	7.18	15.04	0.17
20220908	15.27	14.73	0.39
20220909	2.47	15.8	0.3
20220910	0.03	14.31	0.21
20220911	5.4	16.63	0.19
20220912	2.24	13.63	0.2
20220913	0.0	12.39	0.22
20220914	0.03	13.35	0.18
20220915	1.1	11.48	0.16
20220916	0.87	9.51	0.15
20220917	0.0	10.89	0.14
20220918	0.7	12.5	0.13
20220919	0.04	11.6	0.12
20220920	0.0	12.47	0.13
20220921	0.0	14.23	0.13
20220922	3.48	11.45	0.13
20220923	1.53	11.52	0.13
20220924	4.0	9.42	0.13
20220925	3.46	11.18	0.14
20220926	14.72	9.69	0.16
20220927	10.7	9.0	0.55
20220928	14.88	10.04	1.3
20220929	0.13	10.38	1.45
20220930	17.86	12.4	2.12
