date	precipitation	temperature	discharge_spec
20041223	12.19	2.45	2.58
20041224	3.95	-1.44	3.53
20041225	7.27	-0.66	2.05
20041226	0.29	3.02	1.58
20041227	3.38	3.0	4.35
20041228	6.82	1.7	3.42
20041229	4.38	8.07	3.23
20041230	6.84	2.88	4.7
20041231	1.67	1.69	2.98
20050101	17.82	2.36	4.65
20050102	8.65	2.18	3.32
20050103	2.14	6.92	4.31
20050104	7.65	2.87	3.37
20050105	6.14	2.9	2.73
20050106	11.23	7.35	2.37
20050107	25.2	3.73	4.13
20050108	4.48	1.52	5.57
20050109	2.96	6.81	5.31
20050110	0.23	5.63	5.26
20050111	12.11	4.66	3.07
20050112	6.59	1.92	3.85
20050113	0.35	-0.46	2.62
20050114	0.98	5.81	1.93
20050115	1.92	7.68	1.84
20050116	0.14	5.18	1.62
20050117	2.54	0.17	1.44
20050118	1.94	-0.31	1.27
20050119	8.78	3.68	1.42
20050120	7.84	1.72	2.82
20050121	1.86	-0.03	2.26
20050122	0.27	-1.66	1.67
20050123	2.76	0.26	1.4
20050124	7.41	1.39	1.33
20050125	10.43	4.42	7.81
20050126	3.71	4.4	6.38
20050127	2.82	3.4	3.99
20050128	3.29	4.13	3.11
20050129	0.0	5.78	2.63
20050130	0.39	6.89	1.88
20050131	1.97	7.05	1.62
20050201	0.27	5.53	1.64
20050202	0.01	5.45	1.45
20050203	0.53	6.39	1.26
20050204	6.47	4.67	1.15
20050205	23.01	1.84	3.2
20050206	1.36	-0.21	7.74
20050207	0.65	3.09	3.49
20050208	0.06	4.38	2.51
20050209	7.38	3.13	2.2
20050210	3.49	0.81	1.86
20050211	4.95	1.91	1.55
20050212	10.31	0.63	2.66
20050213	10.79	1.04	5.06
20050214	1.95	0.65	2.8
20050215	0.01	1.75	1.93
20050216	1.14	4.05	2.18
20050217	2.07	4.24	2.84
20050218	1.05	1.35	3.18
20050219	0.66	-1.19	2.06
20050220	6.82	-1.09	1.54
20050221	5.4	-1.69	1.34
20050222	5.98	-1.86	1.22
20050223	1.52	-1.99	1.1
20050224	1.27	-1.41	1.03
20050225	6.4	0.77	1.0
20050226	0.77	1.23	1.61
20050227	0.42	1.51	1.6
20050228	9.43	1.16	1.49
20050301	9.56	0.72	1.81
20050302	4.6	-0.72	1.62
20050303	9.7	1.37	1.42
20050304	2.57	0.86	1.65
20050305	0.63	1.02	1.62
20050306	0.08	3.07	1.67
20050307	0.02	3.86	3.75
20050308	1.6	4.2	6.34
20050309	3.6	2.25	7.43
20050310	9.49	3.19	5.07
20050311	3.24	0.43	5.16
20050312	1.44	-0.64	2.68
20050313	0.83	-1.39	1.84
20050314	5.44	2.31	1.46
20050315	4.06	6.71	2.56
20050316	0.94	10.6	3.99
20050317	3.64	11.15	2.29
20050318	4.18	10.82	1.82
20050319	0.08	9.39	1.55
20050320	0.02	6.71	1.32
20050321	0.02	7.85	1.15
20050322	0.01	9.81	1.05
20050323	0.01	10.04	0.95
20050324	0.01	9.15	0.88
20050325	0.19	9.77	0.84
20050326	4.56	5.38	0.84
20050327	0.34	4.41	0.86
20050328	0.42	4.48	0.86
20050329	3.81	4.24	0.99
20050330	0.01	3.49	1.23
20050331	0.02	7.78	1.07
20050401	0.01	7.64	0.94
20050402	0.0	11.83	0.87
20050403	0.03	7.18	0.82
20050404	1.31	4.31	0.79
20050405	0.03	6.75	0.77
20050406	8.41	4.15	0.77
20050407	13.54	-0.33	1.41
20050408	3.87	0.49	1.42
20050409	2.24	5.67	3.58
20050410	0.0	9.59	3.93
20050411	1.71	7.9	2.07
20050412	1.49	3.82	1.44
20050413	0.77	4.0	1.19
20050414	5.48	4.84	1.06
20050415	5.18	2.6	1.04
20050416	1.12	5.09	1.27
20050417	0.04	6.62	1.3
20050418	0.26	5.48	1.1
20050419	0.0	5.66	0.98
20050420	0.0	4.48	0.9
20050421	0.0	4.92	0.85
20050422	0.0	3.9	0.82
20050423	0.0	5.85	0.79
20050424	0.0	5.76	0.77
20050425	0.0	7.08	0.75
20050426	0.07	8.44	0.74
20050427	12.0	3.5	0.93
20050428	0.17	8.71	0.98
20050429	0.01	9.02	0.88
20050430	0.1	10.0	0.81
20050501	4.59	9.49	0.83
20050502	0.56	10.94	0.8
20050503	12.51	7.85	1.07
20050504	2.12	8.86	1.35
20050505	9.93	7.43	1.63
20050506	3.71	5.91	1.51
20050507	6.87	4.7	1.25
20050508	4.98	4.03	1.53
20050509	3.68	4.14	2.16
20050510	0.39	4.86	1.83
20050511	0.42	6.44	1.31
20050512	0.65	8.09	1.06
20050513	0.0	6.38	0.91
20050514	0.0	10.07	0.83
20050515	2.84	7.92	0.79
20050516	1.23	2.31	0.75
20050517	0.51	1.47	0.73
20050518	1.74	7.31	0.71
20050519	0.23	9.79	0.7
20050520	5.6	10.14	0.7
20050521	1.19	7.22	0.68
20050522	3.85	7.03	0.78
20050523	8.85	7.51	1.13
20050524	1.36	9.56	1.12
20050525	2.6	11.93	0.94
20050526	2.55	10.27	0.83
20050527	8.42	7.29	0.81
20050528	5.02	7.58	1.32
20050529	1.69	6.93	2.0
20050530	1.72	6.66	1.5
20050531	0.02	7.34	1.16
20050601	5.06	9.61	1.06
20050602	7.47	11.3	1.32
20050603	8.42	12.62	2.87
20050604	0.53	9.21	3.94
20050605	0.07	5.28	1.98
20050606	0.03	5.96	1.32
20050607	0.0	15.01	1.03
20050608	0.0	15.6	0.87
20050609	0.0	10.91	0.77
20050610	3.1	10.01	0.7
20050611	8.59	8.2	0.7
20050612	52.67	7.67	6.21
20050613	9.8	7.95	20.9
20050614	7.19	9.73	6.1
20050615	4.64	10.33	3.26
20050616	0.02	11.15	2.17
20050617	0.0	16.34	1.54
20050618	8.97	18.3	1.25
20050619	0.01	14.62	1.36
20050620	3.6	14.08	1.15
20050621	2.33	13.02	1.0
20050622	0.04	16.37	0.88
20050623	0.0	13.41	0.78
20050624	0.42	11.69	0.72
20050625	0.0	11.27	0.67
20050626	0.01	15.04	0.62
20050627	0.0	14.45	0.59
20050628	0.0	15.67	0.57
20050629	3.02	14.43	0.55
20050630	0.25	13.42	0.55
20050701	0.64	11.14	0.54
20050702	1.03	14.65	0.52
20050703	0.16	10.12	0.5
20050704	3.45	11.94	0.51
20050705	5.32	12.18	0.54
20050706	0.77	10.97	0.6
20050707	0.0	13.14	0.54
20050708	0.0	16.83	0.52
20050709	0.01	19.34	0.5
20050710	0.0	17.88	0.49
20050711	0.0	19.59	0.48
20050712	0.0	16.91	0.48
20050713	1.87	16.17	0.47
20050714	2.87	13.25	0.5
20050715	0.0	11.04	0.49
20050716	0.02	16.24	0.48
20050717	0.87	17.64	0.47
20050718	2.14	12.0	0.48
20050719	7.93	11.05	0.52
20050720	0.09	13.29	0.5
20050721	0.22	13.0	0.49
20050722	0.76	11.46	0.48
20050723	0.18	10.83	0.49
20050724	1.75	9.88	0.48
20050725	0.01	9.23	0.48
20050726	0.1	10.12	0.47
20050727	1.2	9.14	0.46
20050728	3.73	10.43	0.48
20050729	3.08	9.38	0.54
20050730	1.29	8.99	0.62
20050731	1.07	9.62	0.61
20050801	0.02	10.4	0.58
20050802	2.71	12.41	0.56
20050803	0.64	12.59	0.53
20050804	0.6	12.13	0.51
20050805	13.07	10.83	0.62
20050806	2.74	11.09	0.7
20050807	0.02	9.91	0.62
20050808	0.11	13.02	0.57
20050809	6.53	13.61	0.57
20050810	0.29	14.87	0.57
20050811	0.15	11.95	0.55
20050812	2.71	12.11	0.54
20050813	10.68	13.28	0.61
20050814	1.76	13.4	0.89
20050815	1.29	15.6	0.89
20050816	1.34	17.19	0.75
20050817	19.43	14.19	0.75
20050818	1.77	10.74	2.17
20050819	0.04	12.35	1.49
20050820	0.0	12.47	1.03
20050821	3.84	15.22	0.84
20050822	0.79	11.77	0.74
20050823	0.55	13.37	0.68
20050824	0.22	9.45	0.62
20050825	0.95	9.19	0.58
20050826	0.96	9.87	0.56
20050827	12.9	11.01	0.57
20050828	0.96	14.53	0.69
20050829	0.0	11.2	0.62
20050830	0.0	16.0	0.57
20050831	35.13	14.74	2.06
20050901	0.09	8.66	4.63
20050902	0.22	11.24	2.0
20050903	0.01	15.04	1.3
20050904	0.0	15.78	1.0
20050905	0.0	16.21	0.84
20050906	0.0	16.67	0.75
20050907	3.9	13.17	0.69
20050908	0.24	9.33	0.65
20050909	0.01	7.43	0.6
20050910	0.0	9.27	0.58
20050911	0.02	13.71	0.55
20050912	5.53	15.93	0.56
20050913	4.33	13.97	0.6
20050914	0.85	9.95	0.56
20050915	2.71	6.74	0.55
20050916	3.45	7.82	0.55
20050917	0.97	10.79	0.57
20050918	0.0	12.66	0.55
20050919	1.08	11.21	0.54
20050920	0.0	11.02	0.52
20050921	0.09	13.93	0.51
20050922	1.05	15.02	0.51
20050923	1.42	9.02	0.51
20050924	0.33	9.27	0.5
20050925	1.82	10.47	0.5
20050926	4.35	12.05	0.52
20050927	0.06	7.93	0.52
20050928	3.01	8.49	0.52
20050929	3.48	10.82	0.54
20050930	3.64	12.48	0.55
20051001	5.47	7.87	0.63
20051002	0.32	10.43	0.63
20051003	0.0	10.92	0.59
20051004	0.0	8.47	0.56
20051005	0.0	9.91	0.54
20051006	0.0	11.74	0.53
20051007	11.6	10.5	0.58
20051008	1.11	6.57	0.76
20051009	0.05	10.5	0.77
20051010	35.46	11.14	0.94
20051011	48.39	6.87	8.64
20051012	9.68	6.32	14.68
20051013	0.03	5.08	5.69
20051014	0.0	7.22	2.77
20051015	0.04	11.52	1.8
20051016	0.01	10.33	1.36
20051017	0.01	9.25	1.11
20051018	0.0	9.6	0.96
20051019	1.22	8.33	0.88
20051020	0.06	7.36	0.81
20051021	11.87	8.04	0.78
20051022	5.13	4.0	1.11
20051023	0.57	3.68	1.55
20051024	11.72	6.98	1.5
20051025	2.77	7.86	1.66
20051026	8.19	11.52	1.71
20051027	0.04	14.42	1.95
20051028	1.06	9.74	1.41
20051029	0.68	11.02	1.12
20051030	1.67	10.74	1.0
20051031	0.02	8.46	0.89
20051101	0.21	4.91	0.8
20051102	2.09	7.41	0.74
20051103	3.84	9.48	0.72
20051104	0.48	5.19	0.83
20051105	0.93	5.88	0.9
20051106	0.37	6.93	0.82
20051107	3.28	5.84	0.75
20051108	0.01	3.76	0.7
20051109	2.95	6.46	0.67
20051110	7.76	6.75	0.69
20051111	5.73	7.89	1.12
20051112	6.53	2.9	1.69
20051113	0.2	5.68	1.65
20051114	0.52	7.3	1.2
20051115	4.13	2.44	1.03
20051116	1.9	0.87	0.98
20051117	0.26	-1.8	0.96
20051118	0.08	-2.48	0.87
20051119	0.31	2.18	0.81
20051120	0.0	5.89	0.85
20051121	0.0	2.42	0.85
20051122	0.22	0.79	0.78
20051123	5.77	4.33	0.74
20051124	22.69	-0.11	0.83
20051125	43.14	2.38	13.51
20051126	16.98	2.52	23.8
20051127	4.97	0.78	8.78
20051128	2.31	-0.18	3.97
20051129	2.8	-0.56	2.39
20051130	0.76	3.65	2.55
20051201	0.1	3.77	4.33
20051202	2.42	4.01	3.03
20051203	3.74	3.53	2.33
20051204	7.21	2.93	2.48
20051205	4.72	2.84	3.0
20051206	0.39	0.68	2.38
20051207	0.0	-0.6	1.89
20051208	0.86	1.86	1.49
20051209	2.04	8.11	1.37
20051210	0.0	10.37	1.29
20051211	6.78	5.72	1.3
20051212	0.22	3.75	1.28
20051213	1.76	6.8	1.16
20051214	0.0	7.18	1.07
20051215	11.3	4.45	1.18
20051216	0.4	-0.7	1.8
20051217	0.08	-1.15	1.37
20051218	3.71	2.99	1.14
20051219	0.02	4.61	1.08
20051220	0.64	5.87	1.02
20051221	3.16	3.17	0.95
20051222	4.38	6.01	1.21
20051223	0.72	5.42	1.3
20051224	6.57	2.04	1.15
20051225	0.35	0.81	1.05
20051226	2.49	-0.74	1.01
20051227	0.03	-4.01	0.95
20051228	0.0	-5.03	0.85
20051229	0.08	-2.56	0.83
20051230	5.26	0.65	0.76
20051231	0.66	0.58	0.74
20060101	1.67	2.0	0.74
20060102	3.41	4.54	0.83
20060103	0.01	0.27	0.99
20060104	0.22	1.26	0.93
20060105	0.09	1.17	0.83
20060106	0.18	0.77	0.75
20060107	0.0	-0.1	0.71
20060108	0.01	-1.73	0.66
20060109	0.27	3.66	0.65
20060110	3.5	6.07	0.65
20060111	1.99	3.32	0.67
20060112	0.14	6.85	0.67
20060113	0.43	4.12	0.66
20060114	0.02	1.52	0.63
20060115	0.85	4.76	0.61
20060116	0.28	1.46	0.6
20060117	0.37	2.23	0.59
20060118	1.7	7.09	0.59
20060119	4.19	5.93	0.62
20060120	4.9	2.97	0.81
20060121	0.01	4.36	0.95
20060122	0.37	5.81	0.89
20060123	0.02	5.56	0.76
20060124	0.33	3.56	0.69
20060125	0.0	1.18	0.65
20060126	0.0	1.06	0.61
20060127	2.49	1.68	0.6
20060128	2.02	1.26	0.64
20060129	0.01	-2.51	0.66
20060130	0.01	-2.15	0.71
20060131	0.17	-3.29	0.85
20060201	0.01	-3.76	0.78
20060202	0.37	-1.93	0.74
20060203	0.51	3.85	0.6
20060204	0.01	5.4	0.55
20060205	0.0	6.37	0.57
20060206	0.54	8.43	0.57
20060207	6.81	4.99	0.65
20060208	1.42	0.26	0.77
20060209	1.02	-2.23	0.72
20060210	0.8	-0.65	0.65
20060211	0.35	2.74	0.64
20060212	0.08	4.31	0.67
20060213	2.36	6.26	0.71
20060214	0.99	4.79	0.73
20060215	0.01	3.31	0.69
20060216	5.23	3.16	0.68
20060217	0.7	0.51	0.96
20060218	3.33	0.0	0.96
20060219	4.33	1.58	0.94
20060220	1.73	1.81	1.16
20060221	2.01	-1.08	1.14
20060222	0.69	-0.9	0.98
20060223	8.57	3.04	1.42
20060224	0.5	1.22	2.64
20060225	0.92	1.74	1.7
20060226	3.39	1.74	1.27
20060227	11.77	-0.23	1.59
20060228	12.46	-2.57	1.61
20060301	8.81	-4.72	1.3
20060302	9.15	-3.85	1.12
20060303	3.43	-3.03	0.99
20060304	2.92	-1.66	0.89
20060305	0.26	-1.63	0.81
20060306	0.64	-0.6	0.75
20060307	1.79	2.59	0.83
20060308	0.39	2.87	2.63
20060309	0.38	3.3	3.92
20060310	0.83	1.33	3.59
20060311	2.71	-0.9	2.43
20060312	3.64	1.0	1.8
20060313	0.42	2.36	1.83
20060314	0.0	3.93	2.37
20060315	0.3	-0.92	2.38
20060316	1.13	1.05	1.75
20060317	0.44	2.31	1.49
20060318	1.77	2.34	1.58
20060319	3.36	3.21	2.6
20060320	0.92	-0.76	2.51
20060321	1.6	-3.22	1.75
20060322	11.51	-0.44	1.37
20060323	0.14	1.3	1.39
20060324	1.26	3.39	1.57
20060325	7.53	5.47	2.48
20060326	7.77	7.01	5.99
20060327	2.2	7.29	6.56
20060328	4.5	2.93	3.35
20060329	3.44	3.3	2.34
20060330	3.66	2.95	1.79
20060331	3.83	3.87	2.54
20060401	1.18	5.39	3.26
20060402	1.33	2.04	1.99
20060403	9.08	1.25	1.72
20060404	0.88	2.18	1.84
20060405	1.31	4.23	1.73
20060406	4.13	2.8	1.55
20060407	3.46	0.31	1.38
20060408	13.41	1.72	1.59
20060409	1.63	0.1	2.38
20060410	1.34	3.18	2.02
20060411	1.15	5.67	3.38
20060412	2.01	6.86	2.4
20060413	4.52	4.21	1.73
20060414	0.2	4.44	1.37
20060415	0.82	5.55	1.14
20060416	0.48	5.08	1.01
20060417	1.23	4.6	0.92
20060418	0.73	3.6	0.85
20060419	1.08	5.09	0.81
20060420	0.91	6.12	0.79
20060421	0.0	8.49	0.76
20060422	1.73	6.66	0.73
20060423	0.0	6.58	0.7
20060424	1.12	9.58	0.67
20060425	1.15	7.08	0.65
20060426	0.35	6.24	0.62
20060427	0.22	7.46	0.61
20060428	0.0	5.89	0.6
20060429	0.0	5.5	0.59
20060430	0.23	7.54	0.58
20060501	0.94	3.37	0.58
20060502	0.29	7.49	0.57
20060503	0.0	10.24	0.55
20060504	0.09	14.02	0.54
20060505	0.0	9.77	0.54
20060506	0.99	13.07	0.54
20060507	0.02	10.73	0.54
20060508	0.0	9.88	0.54
20060509	0.0	12.2	0.53
20060510	0.0	11.81	0.53
20060511	13.3	9.56	0.57
20060512	1.73	3.49	0.67
20060513	0.35	5.5	0.6
20060514	7.03	7.5	0.62
20060515	3.05	7.2	0.7
20060516	8.17	9.82	0.86
20060517	3.83	12.43	1.66
20060518	0.31	10.28	1.45
20060519	1.75	9.87	1.09
20060520	3.77	6.17	1.0
20060521	1.06	6.29	1.16
20060522	0.45	3.25	1.04
20060523	0.34	6.1	0.86
20060524	2.45	5.46	0.78
20060525	2.2	6.04	0.71
20060526	7.6	8.42	0.8
20060527	6.55	9.82	0.98
20060528	2.58	7.33	0.94
20060529	2.21	5.14	1.18
20060530	1.32	5.53	1.18
20060531	1.36	8.88	0.97
20060601	1.04	12.16	0.85
20060602	0.47	13.51	0.75
20060603	1.26	9.51	0.72
20060604	0.16	12.25	0.68
20060605	0.01	12.02	0.65
20060606	0.25	17.11	0.61
20060607	0.01	12.37	0.59
20060608	0.0	13.87	0.57
20060609	0.0	14.45	0.55
20060610	0.0	17.32	0.52
20060611	0.68	16.57	0.51
20060612	0.01	14.86	0.5
20060613	0.01	12.32	0.47
20060614	0.0	12.21	0.47
20060615	0.29	16.16	0.46
20060616	1.8	15.17	0.47
20060617	6.99	14.31	0.54
20060618	12.12	13.83	0.58
20060619	1.54	9.9	0.6
20060620	0.89	11.45	0.56
20060621	9.32	10.12	0.54
20060622	1.83	11.17	0.71
20060623	4.26	11.16	0.8
20060624	2.15	10.39	0.93
20060625	0.01	8.33	0.8
20060626	0.0	9.77	0.65
20060627	0.0	9.57	0.57
20060628	0.33	15.85	0.52
20060629	0.05	16.26	0.49
20060630	2.7	12.91	0.49
20060701	0.0	16.81	0.47
20060702	13.27	15.97	0.49
20060703	0.04	13.12	0.61
20060704	0.01	14.89	0.56
20060705	0.21	18.07	0.5
20060706	0.18	16.72	0.46
20060707	0.01	12.33	0.43
20060708	4.39	12.06	0.43
20060709	1.17	12.91	0.44
20060710	2.23	12.69	0.43
20060711	0.01	14.46	0.4
20060712	0.0	12.36	0.39
20060713	0.0	10.07	0.38
20060714	0.0	13.48	0.38
20060715	0.0	16.67	0.37
20060716	0.0	20.5	0.36
20060717	0.0	19.59	0.36
20060718	0.0	18.17	0.36
20060719	0.01	18.91	0.36
20060720	0.0	18.93	0.36
20060721	25.73	18.05	0.98
20060722	0.05	16.43	1.14
20060723	0.0	16.85	0.75
20060724	1.25	16.94	0.57
20060725	1.23	19.44	0.49
20060726	1.35	17.87	0.46
20060727	7.15	17.66	0.75
20060728	5.42	16.64	0.71
20060729	1.19	15.33	0.68
20060730	0.33	15.51	0.56
20060731	5.89	13.48	0.5
20060801	39.25	13.43	1.14
20060802	4.54	11.01	4.74
20060803	0.68	12.72	2.07
20060804	0.01	16.58	1.27
20060805	0.03	20.73	0.93
20060806	0.01	13.48	0.74
20060807	0.0	12.82	0.63
20060808	2.82	12.29	0.59
20060809	5.05	11.21	0.55
20060810	14.46	11.32	0.74
20060811	2.85	10.98	2.02
20060812	2.93	11.04	1.53
20060813	3.81	10.85	1.37
20060814	2.16	10.9	1.76
20060815	1.67	9.63	1.38
20060816	2.8	11.8	1.18
20060817	3.0	13.67	1.12
20060818	14.41	15.46	1.13
20060819	25.18	12.56	6.81
20060820	0.77	12.43	4.14
20060821	0.06	13.34	2.3
20060822	1.18	13.78	1.49
20060823	0.14	13.23	1.14
20060824	0.0	10.8	0.92
20060825	0.22	12.88	0.79
20060826	0.94	12.68	0.7
20060827	5.01	10.53	0.71
20060828	0.1	10.87	0.69
20060829	2.04	10.29	0.65
20060830	0.0	12.49	0.6
20060831	12.12	14.58	0.58
20060901	0.93	12.56	0.8
20060902	1.18	11.7	0.84
20060903	0.07	13.53	0.7
20060904	0.02	11.35	0.61
20060905	15.96	12.84	0.8
20060906	0.69	11.92	1.31
20060907	0.11	8.38	1.04
20060908	0.01	10.48	0.8
20060909	0.0	11.96	0.67
20060910	0.0	16.16	0.6
20060911	1.5	16.95	0.56
20060912	0.27	15.88	0.54
20060913	1.42	16.58	0.52
20060914	49.21	12.53	3.65
20060915	0.2	11.09	6.12
20060916	0.02	13.86	2.29
20060917	0.34	12.51	1.42
20060918	3.06	11.89	1.07
20060919	0.3	12.4	0.88
20060920	2.96	16.26	0.76
20060921	0.01	16.26	0.7
20060922	1.85	13.16	0.64
20060923	0.01	13.01	0.6
20060924	4.29	10.6	0.61
20060925	2.06	14.01	0.61
20060926	0.36	12.91	0.59
20060927	1.91	14.23	0.59
20060928	0.11	10.79	0.56
20060929	4.41	9.26	0.56
20060930	0.2	9.48	0.57
20061001	32.39	10.84	2.28
20061002	16.62	9.37	13.38
20061003	4.46	7.94	6.6
20061004	0.33	6.97	3.91
20061005	3.66	9.84	2.26
20061006	11.08	10.4	2.21
20061007	1.06	9.87	2.91
20061008	0.04	11.64	1.88
20061009	0.02	8.16	1.36
20061010	0.21	9.64	1.1
20061011	10.64	10.7	1.12
20061012	0.16	9.99	1.6
20061013	0.02	11.25	1.25
20061014	0.15	8.98	1.01
20061015	0.02	6.96	0.88
20061016	0.18	5.81	0.8
20061017	5.02	9.0	0.77
20061018	11.19	9.12	1.53
20061019	8.1	9.51	3.47
20061020	17.86	10.48	3.92
20061021	1.82	7.83	7.35
20061022	0.02	7.77	3.08
20061023	3.75	7.62	1.91
20061024	3.76	6.51	1.63
20061025	17.04	8.87	2.13
20061026	13.79	6.57	11.38
20061027	5.91	6.7	6.26
20061028	4.95	8.82	4.16
20061029	4.24	9.58	2.88
20061030	9.07	9.34	2.23
20061031	7.2	3.25	3.08
20061101	0.13	3.05	2.37
20061102	0.18	4.59	1.7
20061103	0.65	6.38	1.37
20061104	0.01	8.96	1.17
20061105	0.0	9.99	1.04
20061106	0.0	9.64	0.94
20061107	1.79	7.73	0.87
20061108	2.35	4.86	0.83
20061109	0.29	3.24	0.81
20061110	11.31	5.68	0.83
20061111	6.07	3.03	1.45
20061112	3.39	6.76	1.76
20061113	1.18	4.8	1.43
20061114	2.23	3.07	1.25
20061115	12.2	3.35	1.29
20061116	0.02	2.43	2.63
20061117	12.55	1.46	2.07
20061118	0.52	0.55	1.97
20061119	5.74	3.7	1.83
20061120	3.81	3.41	2.9
20061121	4.01	3.22	2.63
20061122	0.1	1.63	2.36
20061123	13.36	3.9	4.22
20061124	0.14	5.03	3.52
20061125	0.05	4.96	2.04
20061126	0.07	5.5	1.48
20061127	1.95	7.55	1.22
20061128	0.26	6.23	1.06
20061129	7.52	7.79	1.09
20061130	5.87	7.27	1.27
20061201	0.84	4.99	1.43
20061202	0.88	5.76	1.29
20061203	3.75	4.72	1.12
20061204	10.21	4.93	1.2
20061205	2.18	3.31	1.59
20061206	0.76	1.54	1.56
20061207	12.56	2.94	1.48
20061208	0.54	2.25	3.25
20061209	0.84	3.39	2.17
20061210	4.59	6.38	1.59
20061211	6.9	2.47	1.42
20061212	19.06	3.29	3.69
20061213	9.26	7.64	4.34
20061214	4.15	4.14	2.92
20061215	0.0	1.04	2.07
20061216	2.42	1.6	1.55
20061217	0.02	-0.29	1.29
20061218	0.03	0.64	1.11
20061219	0.39	3.45	0.99
20061220	0.2	2.44	0.92
20061221	0.03	6.35	0.88
20061222	0.01	6.19	0.84
20061223	0.04	0.6	0.8
20061224	0.0	-3.45	0.75
20061225	0.18	-1.18	0.72
20061226	0.21	0.83	0.71
20061227	0.0	-0.72	0.69
20061228	0.19	2.26	0.67
20061229	3.38	6.91	0.69
20061230	0.2	2.78	0.67
20061231	17.92	2.48	0.9
20070101	2.56	1.44	1.53
20070102	3.38	5.37	1.34
20070103	1.77	7.78	1.31
20070104	0.53	5.15	1.16
20070105	0.57	4.49	0.97
20070106	0.1	4.38	0.86
20070107	4.29	2.81	0.82
20070108	3.36	5.27	0.87
20070109	2.69	2.78	0.92
20070110	12.25	0.58	1.05
20070111	7.72	4.99	3.4
20070112	5.22	6.21	3.05
20070113	6.42	4.14	2.12
20070114	0.72	4.73	1.8
20070115	3.0	3.71	1.56
20070116	0.03	0.54	1.23
20070117	1.33	0.69	1.06
20070118	2.85	0.83	0.93
20070119	11.27	2.06	0.91
20070120	3.57	1.2	1.33
20070121	4.72	0.55	1.27
20070122	2.79	-0.47	1.14
20070123	8.78	0.39	1.1
20070124	2.49	-0.33	1.37
20070125	3.66	1.82	1.2
20070126	3.23	3.51	4.7
20070127	1.85	5.96	4.38
20070128	1.99	7.38	2.86
20070129	0.0	5.65	1.87
20070130	3.53	7.31	1.41
20070131	0.72	9.32	1.19
20070201	4.9	6.73	1.06
20070202	0.02	5.1	1.07
20070203	0.0	4.88	1.01
20070204	2.67	2.4	0.91
20070205	2.52	-0.65	0.85
20070206	4.32	-1.1	0.83
20070207	2.25	-3.69	0.8
20070208	2.8	-1.45	0.78
20070209	1.72	-0.11	0.75
20070210	10.94	0.52	0.74
20070211	8.51	2.15	1.0
20070212	1.3	2.44	2.2
20070213	0.2	3.79	2.68
20070214	0.72	3.56	2.51
20070215	0.66	7.0	4.08
20070216	0.06	5.53	2.86
20070217	0.02	2.97	1.74
20070218	0.43	2.43	1.29
20070219	4.37	5.36	1.09
20070220	0.06	4.63	1.09
20070221	4.05	3.78	1.01
20070222	2.78	4.84	1.11
20070223	0.29	5.49	1.22
20070224	0.3	6.26	1.07
20070225	3.28	3.29	0.98
20070226	1.13	0.47	0.98
20070227	9.4	3.64	1.8
20070228	14.3	4.6	2.17
20070301	2.63	0.77	5.79
20070302	1.15	2.18	3.03
20070303	0.01	3.31	1.81
20070304	1.85	3.87	1.38
20070305	2.64	5.87	1.13
20070306	0.01	5.0	0.99
20070307	0.02	4.91	0.88
20070308	4.72	4.41	0.82
20070309	3.77	5.37	0.8
20070310	0.04	10.5	0.76
20070311	0.99	6.46	0.74
20070312	0.31	5.63	0.71
20070313	0.56	6.46	0.68
20070314	0.01	8.74	0.65
20070315	3.35	5.23	0.65
20070316	8.11	5.34	0.67
20070317	4.21	4.75	0.67
20070318	8.81	0.33	0.8
20070319	12.97	-0.54	0.88
20070320	4.42	-1.58	0.85
20070321	11.69	2.87	1.04
20070322	0.03	2.33	6.5
20070323	0.18	4.58	3.64
20070324	0.0	4.65	2.36
20070325	0.0	6.14	1.82
20070326	0.01	5.87	1.5
20070327	0.03	5.69	1.19
20070328	12.05	6.68	1.05
20070329	0.67	4.42	1.4
20070330	0.0	2.94	1.3
20070331	0.01	2.82	1.07
20070401	0.01	4.23	0.91
20070402	1.25	5.25	0.82
20070403	0.01	4.37	0.77
20070404	0.01	11.06	0.71
20070405	0.0	8.11	0.67
20070406	0.23	6.61	0.64
20070407	0.0	9.42	0.62
20070408	0.0	9.47	0.6
20070409	0.18	10.16	0.59
20070410	0.0	11.27	0.58
20070411	0.16	10.71	0.57
20070412	0.0	9.33	0.56
20070413	0.0	10.98	0.55
20070414	0.0	13.63	0.54
20070415	0.2	12.12	0.54
20070416	2.03	7.34	0.54
20070417	0.98	5.43	0.55
20070418	10.69	7.59	0.55
20070419	0.29	2.89	0.6
20070420	3.77	6.54	0.57
20070421	3.2	10.91	0.59
20070422	0.45	12.15	0.57
20070423	0.53	13.15	0.56
20070424	5.15	13.0	0.57
20070425	0.81	10.53	0.61
20070426	0.0	7.81	0.57
20070427	0.0	7.72	0.56
20070428	0.0	8.9	0.54
20070429	0.0	8.55	0.53
20070430	0.0	8.99	0.52
20070501	0.03	9.95	0.52
20070502	0.01	8.12	0.52
20070503	0.0	10.01	0.52
20070504	0.0	7.88	0.52
20070505	1.99	12.42	0.51
20070506	0.64	7.8	0.51
20070507	4.47	7.91	0.52
20070508	4.28	6.88	0.56
20070509	23.43	7.83	0.68
20070510	1.73	4.14	1.78
20070511	1.63	5.19	1.28
20070512	12.98	6.47	1.45
20070513	0.37	4.5	1.9
20070514	4.36	4.75	1.37
20070515	0.01	6.32	1.22
20070516	0.79	8.27	0.99
20070517	0.54	10.96	0.84
20070518	1.66	8.1	0.74
20070519	0.77	8.44	0.67
20070520	0.11	7.91	0.62
20070521	2.68	9.49	0.6
20070522	0.32	9.84	0.58
20070523	0.01	13.05	0.56
20070524	3.1	8.17	0.57
20070525	0.96	6.42	0.55
20070526	1.69	5.75	0.54
20070527	3.07	6.32	0.54
20070528	13.6	6.85	0.56
20070529	34.22	6.95	1.5
20070530	20.13	9.24	16.62
20070531	0.01	10.78	5.23
20070601	0.01	14.18	1.97
20070602	4.17	15.23	1.27
20070603	7.82	13.07	1.1
20070604	2.28	11.06	1.11
20070605	0.22	9.84	1.06
20070606	0.0	9.39	0.95
20070607	1.44	12.31	0.82
20070608	0.01	12.79	0.74
20070609	0.23	14.62	0.68
20070610	0.01	12.0	0.65
20070611	0.14	12.79	0.62
20070612	9.42	8.91	0.65
20070613	0.48	6.0	0.72
20070614	0.0	7.74	0.69
20070615	5.39	9.5	0.63
20070616	7.96	8.73	0.73
20070617	1.2	10.36	1.14
20070618	0.0	11.64	1.09
20070619	0.49	13.15	0.83
20070620	3.38	12.59	0.74
20070621	4.7	12.07	0.75
20070622	0.34	12.5	0.86
20070623	26.67	9.43	1.35
20070624	12.24	8.7	9.39
20070625	6.57	6.82	6.05
20070626	1.65	8.55	4.01
20070627	5.24	7.89	2.12
20070628	21.08	9.78	3.24
20070629	0.94	7.7	6.26
20070630	5.16	12.83	2.44
20070701	3.65	12.86	1.67
20070702	21.64	13.08	1.5
20070703	7.77	12.78	1.38
20070704	2.62	12.51	1.39
20070705	5.47	13.04	1.27
20070706	5.47	12.57	1.14
20070707	8.92	11.08	1.15
20070708	0.02	10.76	1.22
20070709	0.57	12.66	1.01
20070710	0.2	12.52	0.85
20070711	0.0	12.03	0.76
20070712	1.89	12.18	0.72
20070713	25.67	12.77	0.96
20070714	4.34	11.7	5.32
20070715	2.06	12.83	2.41
20070716	3.09	11.52	1.6
20070717	3.33	13.31	1.36
20070718	0.85	10.83	1.14
20070719	0.0	8.86	0.98
20070720	0.2	10.37	0.85
20070721	15.43	9.63	0.87
20070722	2.81	10.22	2.23
20070723	3.13	12.13	2.37
20070724	1.25	12.61	1.53
20070725	5.19	13.78	1.21
20070726	7.79	11.8	1.14
20070727	0.27	12.12	1.21
20070728	8.57	9.19	1.94
20070729	5.01	9.84	1.96
20070730	2.86	10.88	1.48
20070731	1.77	14.6	1.14
20070801	0.01	12.83	0.95
20070802	0.3	11.46	0.82
20070803	1.38	14.75	0.75
20070804	0.01	14.32	0.69
20070805	29.58	11.95	0.84
20070806	7.04	9.28	5.41
20070807	0.05	9.36	2.6
20070808	0.0	10.5	1.47
20070809	0.02	13.41	1.07
20070810	0.0	12.94	0.88
20070811	16.81	13.29	0.82
20070812	7.28	12.32	1.81
20070813	0.47	9.65	1.89
20070814	0.12	11.93	1.24
20070815	2.08	11.07	0.98
20070816	0.57	9.94	0.85
20070817	1.05	10.31	0.76
20070818	36.51	9.81	4.19
20070819	0.21	8.45	8.23
20070820	3.45	10.29	2.61
20070821	0.2	11.89	1.82
20070822	0.02	12.44	1.42
20070823	0.1	15.27	1.11
20070824	4.82	16.38	0.93
20070825	1.26	13.24	0.85
20070826	1.0	11.44	0.77
20070827	1.74	8.65	0.73
20070828	1.07	10.07	0.7
20070829	2.2	11.43	0.68
20070830	1.41	13.0	0.66
20070831	1.16	12.15	0.65
20070901	1.41	12.82	0.63
20070902	0.68	10.04	0.61
20070903	0.21	7.11	0.6
20070904	0.02	13.52	0.59
20070905	0.37	15.37	0.59
20070906	0.0	14.62	0.58
20070907	0.02	15.12	0.57
20070908	0.02	12.85	0.57
20070909	1.57	11.48	0.57
20070910	0.0	8.78	0.57
20070911	5.28	13.14	0.57
20070912	0.03	11.67	0.59
20070913	4.36	11.77	0.58
20070914	1.98	5.96	0.59
20070915	7.78	10.13	0.65
20070916	23.55	7.87	1.01
20070917	12.74	4.15	6.16
20070918	1.63	7.62	2.96
20070919	0.12	9.73	1.65
20070920	0.7	8.79	1.19
20070921	1.52	10.03	0.96
20070922	0.04	12.44	0.82
20070923	0.12	11.27	0.73
20070924	2.09	8.84	0.7
20070925	14.6	5.5	0.91
20070926	0.77	4.48	1.45
20070927	0.0	5.44	1.17
20070928	1.49	5.75	0.95
20070929	0.0	6.11	0.83
20070930	0.5	8.75	0.75
20071001	0.0	9.35	0.7
20071002	0.05	11.2	0.66
20071003	1.24	11.36	0.63
20071004	0.1	7.94	0.62
20071005	0.0	12.14	0.6
20071006	0.72	7.3	0.59
20071007	0.05	7.56	0.58
20071008	1.21	8.8	0.57
20071009	0.09	9.9	0.57
20071010	0.4	12.76	0.57
20071011	0.3	13.96	0.57
20071012	0.16	12.02	0.57
20071013	0.01	11.56	0.56
20071014	0.07	10.85	0.56
20071015	0.39	9.54	0.56
20071016	0.24	7.11	0.56
20071017	1.04	4.39	0.55
20071018	0.0	5.22	0.55
20071019	0.0	9.21	0.55
20071020	0.0	8.99	0.54
20071021	0.22	9.51	0.54
20071022	0.0	9.25	0.54
20071023	0.01	7.5	0.53
20071024	0.0	6.6	0.53
20071025	0.02	6.86	0.53
20071026	1.54	7.17	0.53
20071027	28.06	9.48	0.86
20071028	0.48	6.21	2.51
20071029	1.88	4.59	1.33
20071030	2.11	8.82	1.04
20071031	0.6	12.52	0.91
20071101	5.87	11.41	1.05
20071102	0.0	10.72	1.14
20071103	0.0	6.21	0.92
20071104	3.32	7.2	0.79
20071105	2.63	5.42	0.77
20071106	0.01	7.42	0.73
20071107	1.87	7.49	0.69
20071108	2.57	2.48	0.66
20071109	17.23	4.8	0.74
20071110	7.8	5.37	3.34
20071111	1.25	0.68	3.47
20071112	4.93	2.18	1.95
20071113	1.9	4.35	2.02
20071114	1.07	4.49	1.83
20071115	0.0	3.2	1.37
20071116	0.0	5.7	1.12
20071117	9.8	6.05	0.98
20071118	6.56	4.16	3.69
20071119	5.65	4.68	2.56
20071120	4.9	3.39	2.13
20071121	60.45	4.72	12.26
20071122	1.43	1.11	19.1
20071123	3.95	2.07	4.45
20071124	8.44	3.02	3.11
20071125	0.01	0.36	2.71
20071126	2.99	3.93	1.81
20071127	3.07	7.2	1.58
20071128	12.86	2.58	3.52
20071129	4.01	3.79	3.09
20071130	2.73	2.74	2.37
20071201	0.24	1.84	2.05
20071202	6.63	1.71	1.52
20071203	8.4	1.8	2.51
20071204	2.14	7.08	2.67
20071205	5.53	5.99	2.11
20071206	4.79	5.37	1.76
20071207	4.89	0.75	1.85
20071208	14.49	1.41	2.04
20071209	14.03	1.81	7.1
20071210	0.18	-0.39	4.15
20071211	0.05	2.39	2.19
20071212	0.0	6.65	1.58
20071213	0.0	5.93	1.3
20071214	0.0	5.06	1.11
20071215	0.0	1.12	0.98
20071216	0.0	-3.33	0.87
20071217	0.0	-4.1	0.8
20071218	0.0	-3.25	0.75
20071219	0.0	-4.48	0.7
20071220	0.0	-3.76	0.67
20071221	0.0	-4.21	0.65
20071222	1.0	1.15	0.64
20071223	2.28	4.98	0.64
20071224	0.02	1.44	0.64
20071225	0.06	1.91	0.62
20071226	6.28	6.07	0.64
20071227	9.55	2.48	0.72
20071228	2.63	2.51	1.55
20071229	6.4	0.74	2.11
20071230	0.43	1.04	1.78
20071231	3.12	3.45	1.35
20080101	7.31	4.63	1.61
20080102	0.28	1.47	2.1
20080103	0.91	-1.17	1.59
20080104	9.63	1.4	1.37
20080105	1.36	3.1	1.63
20080106	0.33	0.17	1.63
20080107	1.65	-0.31	1.43
20080108	15.23	1.02	1.3
20080109	14.87	-0.59	4.25
20080110	2.26	-0.07	2.53
20080111	0.2	-1.3	1.63
20080112	5.79	-0.7	1.28
20080113	14.74	3.0	2.36
20080114	0.4	0.71	7.16
20080115	11.02	0.29	3.62
20080116	0.04	-1.95	3.46
20080117	1.73	1.72	2.2
20080118	2.55	4.67	2.69
20080119	0.03	2.65	2.67
20080120	0.32	2.39	1.73
20080121	0.59	-1.74	1.42
20080122	0.53	3.23	1.21
20080123	6.94	4.85	1.35
20080124	11.99	3.39	1.34
20080125	17.17	5.13	3.87
20080126	9.53	5.58	7.02
20080127	0.03	8.17	4.15
20080128	4.7	5.66	2.28
20080129	4.25	1.08	1.82
20080130	8.59	1.85	1.67
20080131	16.62	1.37	2.52
20080201	15.0	-3.13	3.83
20080202	5.07	-0.03	2.49
20080203	0.09	2.67	4.76
20080204	0.14	1.93	3.51
20080205	0.53	1.37	2.44
20080206	0.1	4.18	1.87
20080207	0.04	8.47	3.12
20080208	0.01	7.18	3.33
20080209	0.25	7.55	2.02
20080210	0.0	3.34	1.49
20080211	0.02	6.39	1.23
20080212	0.0	5.59	1.06
20080213	0.19	2.87	0.94
20080214	0.01	-0.86	0.87
20080215	0.17	-0.81	0.82
20080216	0.0	2.08	0.78
20080217	0.0	5.39	0.76
20080218	0.0	2.79	0.74
20080219	0.01	2.75	0.71
20080220	0.14	6.17	0.7
20080221	7.97	7.28	0.7
20080222	6.8	4.53	0.92
20080223	0.47	7.79	1.03
20080224	0.38	3.17	0.97
20080225	0.4	4.98	0.86
20080226	7.76	4.77	0.86
20080227	0.39	3.1	0.88
20080228	0.61	4.1	0.85
20080229	26.55	4.5	3.31
20080301	8.22	2.19	5.0
20080302	1.26	1.2	2.66
20080303	1.96	0.58	2.01
20080304	1.02	0.56	1.52
20080305	6.87	6.9	1.69
20080306	1.42	5.17	2.45
20080307	7.94	4.23	2.04
20080308	5.56	3.73	2.1
20080309	0.04	1.98	1.75
20080310	4.95	3.27	1.42
20080311	4.65	3.08	1.66
20080312	1.31	3.14	1.68
20080313	1.55	3.51	1.37
20080314	0.46	4.05	1.16
20080315	2.52	4.28	1.03
20080316	2.99	1.87	1.01
20080317	0.61	1.87	1.01
20080318	0.46	1.71	0.95
20080319	3.78	4.9	0.91
20080320	3.9	4.04	0.97
20080321	4.14	0.39	1.14
20080322	3.04	-0.53	1.11
20080323	4.72	-0.86	1.04
20080324	3.19	-2.62	0.94
20080325	0.68	-3.15	0.85
20080326	1.34	0.56	0.82
20080327	3.29	0.97	0.81
20080328	1.44	3.56	1.31
20080329	0.06	3.16	2.65
20080330	0.59	4.76	2.74
20080331	0.06	5.85	1.99
20080401	2.8	6.31	1.53
20080402	0.17	6.94	1.27
20080403	6.47	9.46	1.08
20080404	7.08	4.44	1.2
20080405	10.49	-0.2	1.82
20080406	12.88	1.04	1.91
20080407	16.61	1.93	4.58
20080408	14.43	1.87	8.55
20080409	1.41	1.65	5.85
20080410	8.17	2.44	4.17
20080411	3.41	3.78	4.31
20080412	4.48	3.3	4.85
20080413	8.4	3.67	5.25
20080414	2.39	2.62	4.63
20080415	0.67	1.83	3.54
20080416	0.01	1.89	2.65
20080417	0.05	1.9	2.07
20080418	0.0	3.48	1.77
20080419	0.0	2.4	1.48
20080420	0.02	3.39	1.26
20080421	0.0	4.98	1.11
20080422	0.0	7.45	1.01
20080423	0.2	6.16	0.93
20080424	1.06	7.37	0.87
20080425	3.87	10.21	0.84
20080426	0.18	8.9	0.81
20080427	2.54	9.88	0.77
20080428	6.24	5.14	0.83
20080429	7.49	5.32	1.16
20080430	6.83	6.49	1.99
20080501	7.36	6.76	2.07
20080502	5.92	7.15	1.91
20080503	0.03	12.08	1.42
20080504	0.03	11.6	1.15
20080505	0.01	12.39	0.99
20080506	0.0	11.61	0.88
20080507	0.0	12.44	0.8
20080508	0.0	13.5	0.75
20080509	0.1	16.18	0.7
20080510	5.87	14.59	0.73
20080511	0.33	11.43	0.72
20080512	0.0	10.9	0.69
20080513	0.0	7.3	0.67
20080514	0.0	8.13	0.65
20080515	0.0	7.47	0.65
20080516	0.44	8.18	0.64
20080517	0.49	4.64	0.63
20080518	0.59	4.52	0.63
20080519	0.02	6.4	0.62
20080520	0.22	6.88	0.62
20080521	0.0	9.02	0.61
20080522	0.07	9.59	0.61
20080523	0.0	6.45	0.6
20080524	0.0	7.85	0.6
20080525	0.0	8.85	0.6
20080526	0.0	8.12	0.6
20080527	0.26	9.57	0.6
20080528	5.79	11.12	0.65
20080529	1.32	12.79	0.62
20080530	1.54	11.85	0.63
20080531	0.02	12.23	0.61
20080601	11.04	10.74	0.7
20080602	0.03	13.08	0.72
20080603	2.27	11.24	0.69
20080604	0.0	12.31	0.65
20080605	0.02	13.07	0.65
20080606	0.21	14.05	0.64
20080607	0.0	13.52	0.64
20080608	0.0	13.55	0.62
20080609	0.02	14.33	0.61
20080610	4.61	10.14	0.63
20080611	3.81	8.35	0.68
20080612	3.68	7.48	0.72
20080613	3.69	7.13	0.85
20080614	2.69	7.54	1.14
20080615	1.38	7.73	1.3
20080616	1.86	10.93	1.06
20080617	0.06	9.58	0.9
20080618	0.92	10.34	0.79
20080619	4.4	9.99	0.77
20080620	1.65	8.12	0.74
20080621	22.42	10.93	0.71
20080622	16.72	7.72	5.9
20080623	0.25	6.68	4.01
20080624	4.56	10.3	1.97
20080625	2.34	10.96	1.66
20080626	0.32	12.09	1.35
20080627	0.39	13.43	1.06
20080628	0.34	12.84	0.89
20080629	0.26	11.21	0.77
20080630	1.44	13.21	0.69
20080701	1.46	14.26	0.64
20080702	0.01	12.32	0.6
20080703	0.56	13.9	0.57
20080704	0.01	13.1	0.55
20080705	0.0	12.83	0.53
20080706	7.72	10.94	0.54
20080707	16.16	10.99	0.65
20080708	3.47	12.28	0.75
20080709	0.61	10.64	0.68
20080710	21.73	9.03	1.48
20080711	15.44	9.6	4.84
20080712	1.95	9.75	5.8
20080713	0.31	14.55	2.67
20080714	1.83	16.08	1.59
20080715	1.93	12.2	1.17
20080716	0.75	11.01	0.96
20080717	3.96	11.8	0.85
20080718	10.43	11.71	0.82
20080719	3.33	9.76	1.35
20080720	0.98	9.64	1.59
20080721	0.0	14.6	1.22
20080722	0.0	17.78	0.94
20080723	0.0	16.88	0.79
20080724	0.0	16.14	0.7
20080725	0.0	16.95	0.65
20080726	0.01	16.11	0.61
20080727	6.1	16.9	0.65
20080728	2.36	17.72	0.6
20080729	0.02	16.35	0.6
20080730	0.0	18.12	0.56
20080731	3.82	17.84	0.54
20080801	3.15	14.07	0.58
20080802	2.25	13.4	0.57
20080803	5.11	13.54	0.66
20080804	0.24	11.73	0.64
20080805	0.21	13.09	0.59
20080806	14.68	10.59	0.69
20080807	0.55	10.7	1.06
20080808	0.03	10.48	0.98
20080809	6.53	13.66	0.85
20080810	3.63	12.75	0.83
20080811	2.13	12.19	0.85
20080812	3.46	14.28	0.79
20080813	0.86	9.55	0.81
20080814	1.86	10.93	0.75
20080815	17.18	10.53	1.15
20080816	0.02	14.14	1.6
20080817	0.08	14.15	1.06
20080818	8.08	14.13	0.87
20080819	5.79	11.58	1.38
20080820	11.51	12.29	1.69
20080821	24.97	9.72	9.84
20080822	2.72	9.4	6.0
20080823	1.86	13.44	2.98
20080824	3.06	14.19	1.81
20080825	0.61	11.12	1.35
20080826	2.75	13.02	1.08
20080827	0.43	13.4	0.95
20080828	0.18	13.89	0.84
20080829	0.02	17.31	0.76
20080830	0.02	17.12	0.71
20080831	2.91	13.59	0.68
20080901	2.93	9.69	0.68
20080902	13.02	9.0	0.77
20080903	0.79	9.5	0.69
20080904	0.83	8.22	0.65
20080905	1.25	11.08	0.62
20080906	3.9	10.36	0.64
20080907	0.0	8.84	0.67
20080908	0.17	11.24	0.66
20080909	8.58	11.65	0.8
20080910	0.84	13.03	1.07
20080911	0.0	13.41	0.88
20080912	0.05	14.39	0.75
20080913	0.6	12.91	0.7
20080914	6.9	13.24	0.68
20080915	10.26	10.74	0.78
20080916	3.6	9.79	2.17
20080917	0.2	10.81	2.26
20080918	12.42	10.58	2.02
20080919	0.02	11.64	2.67
20080920	0.0	14.45	1.63
20080921	1.14	9.52	1.22
20080922	0.0	8.7	1.01
20080923	0.0	9.7	0.89
20080924	0.0	9.11	0.81
20080925	0.0	11.56	0.75
20080926	0.0	13.37	0.7
20080927	6.69	8.07	0.75
20080928	0.21	8.79	0.76
20080929	3.56	8.42	0.75
20080930	1.72	6.85	0.75
20081001	10.47	4.12	2.02
20081002	20.59	5.17	4.61
20081003	1.48	4.02	5.02
20081004	4.63	4.32	2.61
20081005	0.25	5.35	1.96
20081006	2.09	8.67	1.5
20081007	10.94	8.71	1.61
20081008	0.05	8.16	3.02
20081009	6.07	11.01	1.9
20081010	0.04	11.74	1.55
20081011	0.01	8.43	1.29
20081012	1.29	9.25	1.09
20081013	0.32	7.94	1.0
20081014	0.03	6.41	0.93
20081015	1.96	6.48	0.86
20081016	2.29	6.37	0.82
20081017	2.37	7.86	0.79
20081018	2.51	6.68	0.8
20081019	4.29	9.8	0.83
20081020	4.78	4.74	0.99
20081021	2.43	2.39	1.14
20081022	0.25	7.05	1.01
20081023	4.24	8.27	0.93
20081024	9.4	6.04	1.01
20081025	1.31	8.06	1.46
20081026	10.16	3.17	1.35
20081027	7.67	1.11	3.24
20081028	12.48	-0.05	2.64
20081029	4.54	0.61	2.36
20081030	22.05	2.36	3.12
20081031	4.01	2.12	4.98
20081101	2.54	2.73	3.26
20081102	0.01	3.87	3.24
20081103	1.74	6.9	3.31
20081104	0.17	3.72	3.7
20081105	0.03	3.44	2.35
20081106	2.11	6.32	1.82
20081107	0.09	6.43	1.54
20081108	3.71	4.98	1.3
20081109	0.13	1.92	1.2
20081110	0.25	3.51	1.11
20081111	10.83	4.7	1.41
20081112	0.24	4.86	3.05
20081113	1.64	9.33	1.93
20081114	1.34	9.3	1.51
20081115	0.98	5.05	1.24
20081116	0.0	0.91	1.06
20081117	3.07	5.41	1.0
20081118	0.0	7.87	0.95
20081119	2.04	7.27	0.91
20081120	10.29	1.9	1.15
20081121	2.02	-1.18	1.78
20081122	19.26	-1.13	1.46
20081123	11.77	1.69	3.31
20081124	10.4	1.4	4.68
20081125	2.53	5.57	5.14
20081126	1.14	6.38	7.56
20081127	0.6	0.97	3.28
20081128	0.02	-2.72	1.99
20081129	0.0	-4.04	1.48
20081130	5.21	-0.52	1.25
20081201	0.41	-1.93	1.19
20081202	0.93	-2.88	1.08
20081203	0.39	-2.3	0.98
20081204	15.16	0.83	0.94
20081205	8.82	0.57	3.24
20081206	0.47	1.19	2.85
20081207	1.8	3.48	2.37
20081208	0.38	0.42	2.51
20081209	3.84	0.53	1.79
20081210	0.68	-0.79	1.54
20081211	0.04	-1.64	1.37
20081212	0.99	2.43	1.22
20081213	5.16	2.29	1.19
20081214	0.14	1.13	1.36
20081215	1.95	5.2	1.29
20081216	2.22	4.55	1.18
20081217	7.23	5.37	1.19
20081218	1.04	2.22	1.35
20081219	2.6	4.88	1.22
20081220	2.31	5.28	1.13
20081221	0.08	6.49	1.09
20081222	0.0	5.68	0.99
20081223	1.32	3.4	0.92
20081224	0.01	2.84	0.86
20081225	0.05	1.85	0.82
20081226	0.01	-1.03	0.78
20081227	0.0	-3.45	0.74
20081228	0.01	-4.66	0.7
20081229	0.0	-5.67	0.68
20081230	0.0	-7.29	0.66
20081231	0.04	-3.44	0.65
20090101	0.77	-1.77	0.63
20090102	0.0	-3.81	0.62
20090103	6.7	-1.01	0.61
20090104	13.21	-1.93	0.9
20090105	0.03	-3.04	1.05
20090106	2.0	1.23	0.91
20090107	0.18	2.27	0.87
20090108	0.0	2.36	0.93
20090109	0.08	2.25	1.0
20090110	3.58	5.88	1.03
20090111	6.33	7.64	1.54
20090112	0.76	2.63	1.79
20090113	0.82	0.55	1.35
20090114	3.64	2.03	1.12
20090115	0.39	5.22	1.06
20090116	0.07	3.93	1.0
20090117	1.31	1.57	0.92
20090118	0.08	0.42	0.84
20090119	0.12	-1.71	0.78
20090120	0.38	0.08	0.73
20090121	3.94	1.02	0.72
20090122	0.02	1.43	0.75
20090123	2.83	-0.11	0.72
20090124	0.58	-0.43	0.68
20090125	0.13	1.38	0.68
20090126	0.35	2.08	0.65
20090127	0.0	1.72	0.65
20090128	0.21	2.81	0.63
20090129	0.0	3.3	0.62
20090130	0.09	4.67	0.62
20090131	0.0	2.44	0.61
20090201	0.01	-0.24	0.59
20090202	2.8	-1.16	0.59
20090203	6.66	0.68	0.62
20090204	12.66	-0.89	0.83
20090205	1.07	-3.06	1.16
20090206	19.59	-1.04	1.03
20090207	3.88	-4.24	1.08
20090208	0.0	-7.64	1.39
20090209	0.0	-6.65	1.51
20090210	4.01	-4.12	1.22
20090211	4.42	-2.76	1.01
20090212	7.51	-2.11	1.02
20090213	1.93	-0.68	0.77
20090214	5.49	2.79	1.48
20090215	14.25	5.24	5.38
20090216	0.69	7.72	20.1
20090217	0.13	7.73	17.36
20090218	0.17	5.47	7.26
20090219	0.25	3.75	4.68
20090220	4.4	6.23	3.99
20090221	0.34	7.05	5.29
20090222	5.09	6.12	3.32
20090223	0.82	6.41	2.93
20090224	0.64	5.7	2.24
20090225	4.72	4.59	1.73
20090226	5.27	5.51	1.7
20090227	0.4	6.59	2.01
20090228	0.45	5.99	1.68
20090301	0.02	4.02	1.34
20090302	4.41	4.19	1.15
20090303	6.47	1.97	1.08
20090304	4.75	-0.72	1.11
20090305	2.71	0.34	1.06
20090306	0.13	3.63	1.05
20090307	7.57	2.7	2.12
20090308	4.01	1.14	2.7
20090309	2.18	2.67	2.04
20090310	1.94	2.63	1.72
20090311	1.25	6.63	1.53
20090312	0.53	5.4	1.36
20090313	0.19	6.95	1.13
20090314	0.02	7.32	0.98
20090315	0.41	7.37	0.88
20090316	4.41	3.71	0.86
20090317	0.2	5.6	0.83
20090318	0.0	8.62	0.8
20090319	0.0	6.29	0.76
20090320	0.0	7.32	0.72
20090321	0.49	6.73	0.7
20090322	17.35	5.16	0.78
20090323	7.23	2.34	1.7
20090324	3.36	4.04	2.1
20090325	6.78	4.84	1.73
20090326	10.03	2.99	1.86
20090327	21.73	2.28	6.89
20090328	2.97	-1.02	5.06
20090329	0.33	4.74	3.0
20090330	0.21	7.39	3.02
20090331	0.0	9.1	1.96
20090401	0.01	7.04	1.42
20090402	0.01	8.47	1.16
20090403	0.03	9.39	1.0
20090404	11.64	4.61	1.16
20090405	0.01	4.89	1.36
20090406	0.03	6.16	1.12
20090407	11.41	6.41	0.99
20090408	5.91	4.78	1.93
20090409	0.05	8.56	1.75
20090410	0.02	7.39	1.28
20090411	0.01	5.7	1.03
20090412	0.01	5.87	0.89
20090413	0.0	6.71	0.81
20090414	0.0	6.65	0.76
20090415	0.0	8.11	0.73
20090416	0.01	6.1	0.71
20090417	0.0	4.57	0.69
20090418	0.0	3.78	0.67
20090419	0.01	7.39	0.65
20090420	0.17	10.13	0.64
20090421	8.21	4.34	0.76
20090422	0.01	11.26	0.77
20090423	0.86	10.63	0.72
20090424	0.38	10.06	0.68
20090425	8.75	8.09	0.67
20090426	0.35	8.24	0.81
20090427	0.06	7.47	0.76
20090428	0.0	6.42	0.72
20090429	0.0	9.74	0.69
20090430	2.48	8.45	0.67
20090501	0.02	7.77	0.65
20090502	1.91	7.16	0.64
20090503	0.84	6.72	0.64
20090504	0.29	8.1	0.63
20090505	10.29	6.07	0.7
20090506	3.04	6.49	0.73
20090507	2.96	5.52	0.74
20090508	0.98	6.08	0.72
20090509	1.87	6.07	0.7
20090510	0.01	5.55	0.68
20090511	0.0	6.5	0.67
20090512	0.0	7.79	0.65
20090513	0.0	6.88	0.64
20090514	0.54	9.03	0.63
20090515	7.25	7.15	0.67
20090516	1.18	6.97	0.69
20090517	0.66	8.24	0.67
20090518	2.83	8.52	0.68
20090519	5.4	8.82	0.71
20090520	0.55	8.84	0.71
20090521	8.35	8.25	0.8
20090522	1.49	8.94	0.87
20090523	2.16	8.59	0.82
20090524	0.58	11.98	0.75
20090525	10.9	8.76	0.81
20090526	1.23	8.21	1.4
20090527	3.01	9.22	1.15
20090528	0.14	13.27	0.98
20090529	0.0	17.22	0.83
20090530	0.0	13.87	0.74
20090531	0.0	14.46	0.68
20090601	0.02	15.09	0.65
20090602	0.14	9.54	0.64
20090603	0.2	7.58	0.63
20090604	2.65	6.89	0.63
20090605	16.92	6.46	0.98
20090606	5.18	6.12	3.16
20090607	3.68	6.0	1.81
20090608	1.25	6.06	1.35
20090609	2.41	8.41	1.1
20090610	6.8	7.14	1.35
20090611	2.73	7.03	1.38
20090612	3.42	10.52	1.19
20090613	1.9	11.22	1.06
20090614	1.5	11.88	0.97
20090615	0.03	9.47	0.87
20090616	5.23	13.55	0.83
20090617	11.15	8.93	1.68
20090618	8.55	10.28	1.78
20090619	8.94	9.7	2.72
20090620	0.2	10.89	1.79
20090621	0.52	14.3	1.22
20090622	1.56	16.32	1.0
20090623	0.0	16.02	0.86
20090624	0.0	15.17	0.75
20090625	0.0	14.37	0.68
20090626	0.48	17.31	0.64
20090627	0.0	15.33	0.61
20090628	0.03	16.98	0.58
20090629	3.25	17.01	0.58
20090630	0.24	18.88	0.56
20090701	3.55	20.42	0.54
20090702	0.49	18.9	0.52
20090703	2.15	17.37	0.51
20090704	0.03	16.2	0.51
20090705	0.22	15.44	0.49
20090706	26.79	13.7	0.99
20090707	4.51	10.8	1.28
20090708	11.95	9.99	1.16
20090709	1.76	10.1	1.75
20090710	2.13	11.15	1.35
20090711	2.59	11.7	1.09
20090712	10.29	10.62	1.34
20090713	5.92	14.16	1.74
20090714	3.69	12.67	1.52
20090715	13.34	13.48	3.08
20090716	9.52	14.45	2.14
20090717	18.45	11.37	2.73
20090718	7.35	11.1	9.69
20090719	0.25	11.67	3.84
20090720	0.0	11.35	1.91
20090721	16.76	13.05	1.76
20090722	7.31	12.78	3.13
20090723	5.24	13.67	2.81
20090724	30.08	10.93	8.81
20090725	4.24	11.8	3.95
20090726	0.69	13.34	2.33
20090727	0.29	12.37	1.87
20090728	0.05	13.21	1.45
20090729	0.0	11.6	1.12
20090730	0.43	11.31	0.93
20090731	2.2	14.33	0.82
20090801	0.4	14.8	0.75
20090802	0.65	11.02	0.69
20090803	0.02	16.45	0.65
20090804	0.07	16.39	0.62
20090805	0.0	14.1	0.6
20090806	0.0	13.79	0.58
20090807	3.57	12.45	0.58
20090808	0.05	13.36	0.57
20090809	8.34	14.55	0.6
20090810	0.03	13.16	0.61
20090811	6.69	14.11	0.63
20090812	2.75	13.2	0.62
20090813	0.27	12.95	0.62
20090814	18.87	11.97	0.85
20090815	1.62	13.91	1.27
20090816	4.22	12.87	1.63
20090817	0.17	11.63	1.34
20090818	0.83	14.49	1.01
20090819	2.73	16.83	0.85
20090820	10.24	12.79	1.69
20090821	0.26	11.39	1.46
20090822	1.85	12.58	1.08
20090823	0.79	12.98	0.91
20090824	0.0	11.54	0.8
20090825	0.41	11.55	0.72
20090826	2.92	11.55	0.7
20090827	29.76	10.82	0.79
20090828	7.69	10.29	8.2
20090829	2.7	10.85	3.06
20090830	1.02	13.66	1.78
20090831	1.65	12.96	1.32
20090901	0.11	10.7	1.07
20090902	18.85	11.82	0.93
20090903	99.21	9.51	25.49
20090904	7.64	9.3	25.36
20090905	0.72	12.23	7.34
20090906	3.14	12.88	3.34
20090907	1.06	13.7	1.97
20090908	0.18	14.1	1.4
20090909	0.0	11.86	1.06
20090910	0.0	10.95	0.89
20090911	0.0	11.72	0.78
20090912	1.16	14.7	0.7
20090913	1.97	11.68	0.68
20090914	0.03	10.32	0.65
20090915	0.89	10.34	0.62
20090916	0.02	8.98	0.59
20090917	0.01	11.13	0.57
20090918	0.16	9.65	0.54
20090919	0.17	9.45	0.53
20090920	0.02	11.98	0.51
20090921	2.26	14.0	0.52
20090922	0.52	10.7	0.51
20090923	0.98	10.98	0.49
20090924	0.0	12.5	0.49
20090925	0.0	12.5	0.47
20090926	0.0	14.56	0.47
20090927	7.66	13.68	0.49
20090928	14.83	11.34	0.66
20090929	0.79	7.09	0.93
20090930	0.45	7.09	0.96
20091001	8.82	6.14	0.88
20091002	5.23	7.7	1.19
20091003	12.99	5.92	1.39
20091004	0.03	4.12	2.37
20091005	2.95	6.66	1.44
20091006	0.22	6.13	1.11
20091007	0.55	5.32	0.93
20091008	0.1	3.71	0.79
20091009	0.15	7.23	0.71
20091010	3.67	9.05	0.66
20091011	4.03	7.36	0.68
20091012	8.91	8.63	0.72
20091013	5.25	11.75	1.73
20091014	0.05	12.92	2.29
20091015	1.08	7.86	1.45
20091016	0.01	5.13	1.14
20091017	0.17	5.4	0.98
20091018	2.96	5.61	0.87
20091019	1.32	6.05	0.84
20091020	0.72	8.74	0.81
20091021	25.81	9.44	1.69
20091022	4.71	8.61	6.89
20091023	0.27	8.26	3.82
20091024	8.46	10.2	2.51
20091025	17.26	9.29	9.84
20091026	2.79	7.14	7.44
20091027	13.61	9.5	5.98
20091028	0.21	9.98	4.14
20091029	3.17	12.0	2.38
20091030	3.68	11.8	1.84
20091031	2.44	10.29	1.85
20091101	61.72	7.62	17.86
20091102	0.26	5.92	12.22
20091103	12.18	3.61	6.1
20091104	0.06	3.33	3.89
20091105	0.76	3.37	2.23
20091106	1.01	1.94	1.63
20091107	0.2	1.11	1.32
20091108	0.04	0.82	1.11
20091109	3.42	1.7	0.99
20091110	0.6	3.58	0.99
20091111	0.5	3.33	0.98
20091112	0.47	5.51	0.94
20091113	3.95	4.43	0.88
20091114	1.26	4.98	0.9
20091115	0.01	5.6	0.86
20091116	6.0	7.02	0.87
20091117	2.11	4.24	1.54
20091118	4.53	6.26	1.52
20091119	4.27	8.74	1.39
20091120	1.18	4.89	1.32
20091121	1.27	6.4	1.15
20091122	6.79	4.56	1.07
20091123	0.19	3.95	1.64
20091124	5.86	5.19	1.72
20091125	10.23	4.12	2.58
20091126	0.36	2.81	2.72
20091127	0.93	1.92	1.86
20091128	11.81	1.77	1.86
20091129	4.34	0.47	2.43
20091130	0.96	-2.08	1.94
20091201	0.15	-0.32	1.53
20091202	2.97	2.23	1.3
20091203	15.4	1.16	3.23
20091204	2.03	0.85	3.96
20091205	0.91	5.13	2.36
20091206	0.04	3.71	1.82
20091207	0.02	1.12	1.44
20091208	0.41	2.82	1.22
20091209	0.06	2.61	1.08
20091210	0.03	0.14	1.01
20091211	0.07	-2.11	0.93
20091212	0.02	-4.03	0.87
20091213	4.25	0.56	0.83
20091214	8.33	4.44	2.12
20091215	9.54	4.4	6.44
20091216	9.38	2.11	10.79
20091217	2.41	-1.85	4.98
20091218	3.61	-1.18	2.69
20091219	6.71	-2.94	1.91
20091220	4.42	-2.55	1.55
20091221	0.47	-5.29	1.35
20091222	14.02	-3.89	1.38
20091223	5.2	-4.25	1.55
20091224	15.3	-2.92	1.32
20091225	7.03	-2.69	1.09
20091226	0.07	-5.2	1.19
20091227	1.67	-3.61	1.04
20091228	2.72	-6.55	2.92
20091229	7.29	-6.16	4.01
20091230	10.18	-1.18	1.4
20091231	26.51	-1.92	0.9
20100101	16.75	-0.58	0.91
20100102	1.63	-3.51	0.86
20100103	1.72	-2.94	0.84
20100104	9.32	-2.62	0.85
20100105	19.67	-3.22	0.88
20100106	0.71	-4.03	0.85
20100107	0.38	-7.08	1.54
20100108	5.02	-5.74	3.59
20100109	0.0	-7.36	2.21
20100110	0.0	-6.31	5.85
20100111	0.13	-0.39	2.86
20100112	1.4	0.63	0.91
20100113	2.47	0.64	1.0
20100114	0.94	0.2	0.98
20100115	1.67	3.38	1.14
20100116	0.09	1.67	4.17
20100117	0.02	2.94	3.93
20100118	0.0	0.59	3.88
20100119	0.06	-0.04	2.89
20100120	0.02	1.06	2.32
20100121	4.81	2.26	1.92
20100122	1.75	2.16	2.87
20100123	6.37	0.89	3.49
20100124	1.73	0.72	3.36
20100125	0.3	-0.09	2.6
20100126	0.54	4.98	4.89
20100127	3.21	3.45	16.19
20100128	15.61	-0.29	9.75
20100129	0.89	-2.61	6.56
20100130	1.18	-1.71	3.41
20100131	0.37	-2.13	2.27
20100201	6.64	-0.59	1.83
20100202	1.12	-2.25	1.64
20100203	1.4	-0.89	1.43
20100204	0.81	1.98	1.41
20100205	2.63	3.56	2.75
20100206	1.14	2.18	5.03
20100207	0.35	-0.4	4.16
20100208	0.78	-0.03	2.77
20100209	1.37	0.55	2.0
20100210	2.28	0.2	1.64
20100211	2.22	2.01	1.52
20100212	0.08	0.23	1.64
20100213	1.65	2.16	1.6
20100214	5.92	3.76	3.09
20100215	1.5	-0.28	4.94
20100216	19.24	-0.57	3.34
20100217	1.07	-3.25	2.29
20100218	0.11	-4.23	1.83
20100219	0.92	-4.5	1.43
20100220	0.02	-4.79	1.63
20100221	0.03	-5.03	2.63
20100222	0.32	-5.14	3.11
20100223	1.21	-5.14	2.63
20100224	13.82	-1.17	2.58
20100225	35.75	-0.44	3.32
20100226	7.14	0.33	4.42
20100227	0.92	0.02	2.96
20100228	0.97	-0.81	0.91
20100301	0.24	-1.15	0.87
20100302	0.26	-2.0	0.91
20100303	0.04	-3.2	1.24
20100304	0.35	-0.28	1.14
20100305	5.9	3.86	1.14
20100306	0.02	2.71	2.38
20100307	0.0	1.84	2.85
20100308	0.0	0.55	2.39
20100309	0.01	0.31	1.87
20100310	0.02	2.51	1.57
20100311	4.18	4.52	3.62
20100312	0.14	3.75	8.97
20100313	6.0	4.96	11.46
20100314	20.36	5.31	16.39
20100315	0.62	3.37	17.89
20100316	0.24	4.56	6.7
20100317	0.0	8.73	7.82
20100318	0.06	7.66	10.99
20100319	0.0	6.07	8.31
20100320	0.0	4.38	4.29
20100321	0.31	5.01	2.93
20100322	0.79	5.3	2.82
20100323	0.0	3.36	2.33
20100324	0.0	3.6	2.07
20100325	4.55	3.83	2.0
20100326	3.44	5.44	2.2
20100327	2.98	6.03	2.23
20100328	3.9	0.8	2.88
20100329	3.99	1.86	2.3
20100330	12.79	-0.19	1.88
20100331	32.42	-0.14	1.77
20100401	19.9	0.33	2.43
20100402	3.3	1.5	1.98
20100403	7.73	4.03	2.06
20100404	3.76	2.8	3.06
20100405	0.05	8.26	12.32
20100406	2.46	4.81	22.57
20100407	0.35	6.72	9.59
20100408	0.52	7.16	9.47
20100409	0.17	7.07	6.71
20100410	0.0	9.59	4.96
20100411	0.0	8.01	3.93
20100412	0.41	8.87	3.03
20100413	0.0	4.4	2.39
20100414	0.0	6.5	1.86
20100415	0.0	5.54	1.63
20100416	0.02	9.32	1.48
20100417	9.81	5.87	1.51
20100418	0.9	1.76	1.55
20100419	2.56	4.08	1.4
20100420	0.25	1.87	1.29
20100421	1.55	3.44	1.22
20100422	1.93	3.85	1.2
20100423	13.46	4.64	1.68
20100424	0.03	8.9	2.59
20100425	2.66	9.98	1.89
20100426	0.19	10.19	1.5
20100427	5.72	11.68	1.37
20100428	0.33	11.33	1.27
20100429	0.26	7.45	1.16
20100430	6.95	7.55	1.13
20100501	1.18	3.79	1.21
20100502	1.55	3.76	1.18
20100503	2.79	4.42	1.14
20100504	3.9	7.69	1.28
20100505	3.54	8.48	1.58
20100506	2.9	6.27	1.86
20100507	0.01	4.6	1.91
20100508	1.03	6.13	1.55
20100509	1.88	5.25	1.35
20100510	2.61	2.58	1.29
20100511	6.75	2.15	1.77
20100512	1.42	5.41	2.79
20100513	0.57	5.99	2.07
20100514	1.09	7.14	1.58
20100515	0.0	7.47	1.32
20100516	0.9	7.79	1.19
20100517	0.14	7.13	1.11
20100518	0.16	11.24	1.06
20100519	0.01	13.57	1.03
20100520	0.04	15.5	1.01
20100521	1.55	16.21	0.99
20100522	0.01	15.81	0.96
20100523	3.75	13.91	0.96
20100524	0.41	5.9	0.99
20100525	0.77	5.14	0.96
20100526	4.65	5.95	0.98
20100527	3.8	5.33	1.04
20100528	5.22	6.93	1.35
20100529	19.83	7.44	2.02
20100530	0.72	7.14	4.0
20100531	0.35	12.1	2.04
20100601	0.31	11.95	1.44
20100602	0.0	11.06	1.16
20100603	0.01	11.91	1.01
20100604	0.0	13.67	0.92
20100605	4.13	15.15	0.89
20100606	5.87	10.42	0.92
20100607	3.89	11.11	0.91
20100608	10.12	10.05	1.33
20100609	0.4	8.7	3.73
20100610	0.02	8.58	1.87
20100611	2.93	10.05	1.4
20100612	3.1	8.7	1.29
20100613	4.47	8.07	1.91
20100614	0.01	7.34	1.87
20100615	0.02	12.8	1.34
20100616	0.66	15.1	1.11
20100617	0.14	14.33	0.99
20100618	0.4	10.0	0.88
20100619	0.0	8.04	0.82
20100620	0.0	13.34	0.78
20100621	0.0	14.39	0.75
20100622	0.0	15.69	0.72
20100623	0.0	14.7	0.69
20100624	0.03	13.54	0.67
20100625	0.0	12.28	0.66
20100626	0.0	14.86	0.65
20100627	0.46	15.5	0.63
20100628	0.0	13.22	0.62
20100629	0.21	12.87	0.62
20100630	1.95	16.38	0.61
20100701	1.93	16.09	0.62
20100702	0.12	15.35	0.6
20100703	3.16	13.41	0.6
20100704	0.36	13.2	0.61
20100705	1.04	11.72	0.6
20100706	2.64	12.47	0.61
20100707	0.04	13.5	0.59
20100708	0.73	12.52	0.6
20100709	3.65	11.34	0.6
20100710	5.03	14.14	0.62
20100711	1.18	12.01	0.61
20100712	3.46	11.78	0.6
20100713	0.11	12.46	0.58
20100714	34.4	10.24	0.87
20100715	8.27	11.48	3.3
20100716	1.7	11.81	2.27
20100717	0.18	11.31	1.55
20100718	0.0	13.16	1.13
20100719	5.93	14.14	0.97
20100720	29.9	14.96	1.55
20100721	19.08	9.08	10.95
20100722	0.0	9.29	5.54
20100723	0.0	11.51	2.31
20100724	0.36	14.58	1.48
20100725	4.36	13.15	1.17
20100726	7.25	14.59	1.07
20100727	1.76	13.52	0.94
20100728	5.41	13.25	0.88
20100729	0.07	10.14	0.88
20100730	0.98	12.88	0.83
20100731	7.11	13.32	0.81
20100801	4.48	11.17	1.23
20100802	0.05	12.19	1.7
20100803	0.07	12.98	1.22
20100804	3.58	12.92	0.98
20100805	3.15	12.41	0.85
20100806	4.76	14.21	0.8
20100807	0.01	13.13	0.77
20100808	4.55	13.91	0.72
20100809	6.83	11.3	0.89
20100810	15.58	11.29	1.18
20100811	23.62	11.7	4.62
20100812	5.12	12.45	10.58
20100813	1.44	11.14	4.04
20100814	0.16	11.33	2.21
20100815	0.0	13.54	1.53
20100816	8.09	13.37	1.24
20100817	1.87	11.38	1.39
20100818	0.02	10.7	1.42
20100819	2.43	12.45	1.16
20100820	0.37	15.85	1.04
20100821	0.0	13.07	0.91
20100822	0.67	13.34	0.83
20100823	25.54	10.69	0.98
20100824	3.98	9.8	3.63
20100825	0.0	8.97	2.36
20100826	0.62	10.52	1.59
20100827	6.51	10.48	1.83
20100828	5.93	8.97	2.91
20100829	1.09	7.99	2.33
20100830	0.01	8.29	1.71
20100831	0.0	10.21	1.29
20100901	0.46	11.29	1.08
20100902	0.0	11.6	0.95
20100903	0.01	13.32	0.85
20100904	0.0	14.15	0.79
20100905	0.0	13.69	0.75
20100906	0.01	13.31	0.71
20100907	7.36	12.01	0.74
20100908	0.02	11.35	0.73
20100909	1.1	11.97	0.71
20100910	8.1	12.55	0.7
20100911	3.32	11.03	0.87
20100912	5.42	12.59	0.87
20100913	3.29	12.38	0.88
20100914	21.15	8.21	1.05
20100915	4.22	9.11	2.25
20100916	2.81	7.86	2.43
20100917	8.08	7.63	1.73
20100918	4.2	7.62	2.84
20100919	14.53	9.51	2.95
20100920	1.13	9.71	4.44
20100921	1.71	12.79	2.62
20100922	32.41	11.87	2.32
20100923	23.48	6.9	16.9
20100924	4.6	5.95	7.84
20100925	0.0	5.51	3.94
20100926	0.03	4.94	2.29
20100927	0.08	7.0	1.63
20100928	2.86	11.62	1.34
20100929	13.55	7.6	2.58
20100930	0.04	9.59	2.7
20101001	5.57	8.14	1.85
20101002	0.57	9.91	1.56
20101003	0.1	9.75	1.32
20101004	0.12	10.93	1.14
20101005	0.1	9.65	1.01
20101006	0.0	9.51	0.91
20101007	0.01	9.5	0.84
20101008	0.04	11.29	0.8
20101009	0.0	10.71	0.78
20101010	0.01	6.33	0.75
20101011	0.2	6.14	0.74
20101012	0.04	6.7	0.73
20101013	1.34	7.65	0.73
20101014	1.41	8.48	0.72
20101015	5.36	7.31	0.77
20101016	0.03	6.02	0.79
20101017	0.95	9.25	0.8
20101018	6.27	5.82	0.81
20101019	7.93	1.03	1.6
20101020	17.74	1.66	2.74
20101021	12.91	2.55	9.91
20101022	3.75	2.14	5.07
20101023	12.29	3.33	3.7
20101024	1.77	1.88	4.91
20101025	6.88	5.47	2.85
20101026	0.55	10.43	2.63
20101027	0.81	6.33	1.95
20101028	0.38	9.56	1.52
20101029	15.79	8.49	2.09
20101030	0.06	5.92	2.97
20101031	0.0	2.85	1.8
20101101	4.38	4.71	1.44
20101102	6.06	5.63	1.42
20101103	0.76	4.22	1.4
20101104	3.82	4.35	1.35
20101105	2.28	2.95	1.41
20101106	1.65	1.7	1.37
20101107	0.5	1.55	1.29
20101108	20.78	3.07	3.24
20101109	1.36	1.71	4.43
20101110	0.73	1.67	2.35
20101111	3.31	4.24	1.76
20101112	4.28	4.12	1.71
20101113	2.58	2.24	1.99
20101114	1.25	0.61	1.78
20101115	0.2	0.75	1.59
20101116	0.49	2.99	1.35
20101117	1.65	5.17	1.21
20101118	0.75	5.5	1.1
20101119	1.48	4.62	1.02
20101120	5.24	1.68	0.98
20101121	4.84	1.74	1.35
20101122	3.48	1.75	1.77
20101123	6.91	1.83	2.1
20101124	10.68	-0.14	2.3
20101125	7.99	-0.55	1.79
20101126	16.32	-3.16	1.57
20101127	8.48	-5.14	1.43
20101128	0.78	-5.34	1.29
20101129	0.33	-7.04	1.19
20101130	0.06	-8.86	1.1
20101201	0.23	-8.15	1.06
20101202	0.03	-8.41	1.01
20101203	0.33	-4.75	0.97
20101204	2.38	-1.46	0.95
20101205	1.0	-3.46	0.91
20101206	0.02	-4.04	0.88
20101207	0.08	-5.12	0.85
20101208	0.23	-1.81	0.81
20101209	0.86	3.76	1.42
20101210	0.08	6.04	11.15
20101211	0.29	3.75	11.49
20101212	0.44	-0.1	5.08
20101213	2.94	0.39	2.72
20101214	2.69	3.2	3.03
20101215	11.91	1.82	5.71
20101216	11.56	-4.28	6.18
20101217	0.31	-8.51	3.12
20101218	1.45	-7.67	3.75
20101219	3.88	-5.37	1.49
20101220	1.73	-4.48	1.28
20101221	0.03	-9.01	1.84
20101222	0.7	-8.85	4.66
20101223	0.12	-4.87	4.96
20101224	0.04	-4.18	5.06
20101225	0.18	-2.83	1.4
20101226	3.04	-1.63	0.84
20101227	0.76	0.87	0.84
20101228	0.4	1.82	1.18
20101229	0.23	1.91	2.75
20101230	2.99	2.71	3.53
20101231	2.63	3.19	5.4
20110101	0.3	0.4	3.99
20110102	1.08	0.3	2.28
20110103	6.01	2.22	2.01
20110104	0.75	0.77	2.05
20110105	8.9	-0.3	1.91
20110106	0.02	-4.27	1.85
20110107	2.76	-3.15	1.45
20110108	0.8	-3.87	1.22
20110109	3.29	-1.34	1.08
20110110	1.01	-0.63	1.01
20110111	1.98	-0.99	0.94
20110112	8.99	3.36	0.99
20110113	3.75	3.06	3.88
20110114	0.49	4.15	4.65
20110115	4.48	7.21	4.39
20110116	0.94	5.11	4.09
20110117	0.01	1.84	2.49
20110118	0.2	1.93	1.77
20110119	0.0	0.12	1.44
20110120	0.26	-0.14	1.22
20110121	0.08	3.66	1.11
20110122	0.38	4.19	1.05
20110123	0.21	3.95	1.04
20110124	6.47	5.27	1.18
20110125	5.65	3.5	2.51
20110126	4.91	1.02	2.72
20110127	0.02	-0.76	2.19
20110128	0.04	-0.39	1.67
20110129	0.28	1.22	1.37
20110130	0.08	2.84	1.2
20110131	0.07	5.11	1.1
20110201	0.43	4.62	1.04
20110202	5.88	3.25	1.1
20110203	11.08	1.28	1.43
20110204	12.58	3.12	2.99
20110205	0.01	1.78	3.37
20110206	3.0	2.0	2.05
20110207	3.02	1.21	1.73
20110208	0.11	1.07	1.49
20110209	3.8	3.38	1.62
20110210	0.01	0.3	2.15
20110211	6.26	1.56	1.65
20110212	0.11	1.82	1.69
20110213	7.0	2.43	2.77
20110214	0.56	0.53	2.6
20110215	3.61	1.29	1.89
20110216	0.08	1.55	1.75
20110217	0.23	1.89	1.54
20110218	0.13	3.14	1.3
20110219	0.01	1.88	1.15
20110220	0.0	1.77	1.04
20110221	0.0	0.71	0.95
20110222	6.58	3.9	0.93
20110223	0.18	7.9	1.05
20110224	1.07	9.64	1.01
20110225	0.12	6.11	0.95
20110226	0.68	3.01	0.88
20110227	0.03	1.48	0.82
20110228	0.01	3.43	0.78
20110301	0.0	6.22	0.75
20110302	0.97	6.64	0.73
20110303	0.0	5.82	0.72
20110304	0.41	5.88	0.71
20110305	0.0	3.55	0.7
20110306	0.0	4.92	0.68
20110307	0.0	6.46	0.67
20110308	4.45	2.69	0.69
20110309	16.21	0.85	0.77
20110310	4.99	0.87	1.35
20110311	2.94	-0.08	1.35
20110312	25.29	-0.67	1.24
20110313	30.27	1.05	1.61
20110314	0.32	0.38	1.97
20110315	8.86	0.15	1.79
20110316	0.74	3.41	1.7
20110317	0.54	1.74	1.84
20110318	0.26	2.3	1.68
20110319	0.01	4.08	1.76
20110320	0.0	8.37	7.4
20110321	0.55	9.78	21.5
20110322	0.01	6.81	8.25
20110323	0.01	7.04	3.86
20110324	0.03	6.83	2.48
20110325	2.47	6.48	1.88
20110326	6.33	5.5	1.69
20110327	0.86	3.43	1.62
20110328	0.23	4.95	1.45
20110329	2.99	5.59	1.29
20110330	9.2	5.03	1.21
20110331	0.6	8.04	1.96
20110401	11.93	9.65	1.75
20110402	0.58	6.45	2.71
20110403	0.61	5.54	1.99
20110404	0.8	8.33	1.47
20110405	0.54	11.63	1.21
20110406	3.69	9.7	1.08
20110407	0.0	9.3	0.96
20110408	0.0	10.07	0.88
20110409	0.0	12.03	0.83
20110410	2.32	14.39	0.79
20110411	3.47	6.22	0.85
20110412	1.27	5.72	0.79
20110413	0.39	7.58	0.77
20110414	0.0	8.7	0.74
20110415	0.38	8.68	0.71
20110416	0.0	8.83	0.7
20110417	0.0	9.64	0.68
20110418	2.75	11.44	0.68
20110419	2.25	9.76	0.7
20110420	2.41	12.01	0.7
20110421	0.01	9.68	0.71
20110422	0.01	14.31	0.68
20110423	2.24	8.89	0.72
20110424	0.1	9.06	0.7
20110425	0.02	6.23	0.7
20110426	0.02	5.62	0.7
20110427	0.0	9.97	0.7
20110428	0.01	8.25	0.72
20110429	0.01	8.94	0.72
20110430	0.0	8.05	0.72
20110501	0.0	8.21	0.73
20110502	0.0	6.83	0.72
20110503	0.0	5.11	0.71
20110504	0.0	8.36	0.71
20110505	2.62	10.16	0.72
20110506	1.12	13.87	0.72
20110507	4.52	14.42	0.71
20110508	1.9	11.01	0.75
20110509	1.14	12.11	0.7
20110510	0.44	11.14	0.68
20110511	1.2	9.46	0.66
20110512	3.89	8.13	0.69
20110513	10.06	8.03	0.68
20110514	4.56	7.6	1.03
20110515	4.78	10.26	0.98
20110516	0.14	10.04	0.93
20110517	0.29	10.24	0.82
20110518	0.19	8.36	0.73
20110519	7.12	7.44	0.69
20110520	0.23	7.44	0.8
20110521	3.44	8.16	0.78
20110522	2.03	7.66	0.76
20110523	6.61	7.71	0.77
20110524	0.79	5.79	0.75
20110525	14.52	8.51	0.81
20110526	9.14	6.64	3.0
20110527	4.33	8.07	2.8
20110528	0.48	7.48	1.67
20110529	1.84	7.73	1.22
20110530	1.28	6.18	1.0
20110531	0.08	11.05	0.85
20110601	0.01	13.69	0.75
20110602	0.0	15.27	0.69
20110603	0.01	15.24	0.64
20110604	0.0	7.42	0.62
20110605	1.26	8.36	0.6
20110606	0.98	8.87	0.6
20110607	11.55	6.68	0.68
20110608	3.44	9.33	0.68
20110609	2.23	5.92	0.66
20110610	4.11	7.6	0.64
20110611	2.42	7.7	0.64
20110612	6.1	10.46	0.64
20110613	3.12	9.24	0.71
20110614	0.37	12.0	0.67
20110615	5.67	11.55	0.68
20110616	7.48	9.05	1.07
20110617	0.22	10.55	1.22
20110618	2.69	8.26	0.99
20110619	0.2	11.44	0.91
20110620	10.18	11.08	0.89
20110621	20.62	8.84	3.34
20110622	2.97	8.11	6.59
20110623	6.44	8.62	3.25
20110624	1.01	10.0	2.76
20110625	0.59	13.51	1.78
20110626	5.55	14.3	1.62
20110627	0.27	10.16	1.41
20110628	2.06	10.31	1.17
20110629	2.27	10.39	0.95
20110630	1.87	10.36	0.82
20110701	0.0	10.69	0.75
20110702	0.0	11.07	0.68
20110703	0.0	14.98	0.65
20110704	0.0	16.77	0.61
20110705	1.52	13.74	0.61
20110706	5.14	10.47	0.63
20110707	0.58	11.3	0.61
20110708	13.14	12.68	0.73
20110709	5.77	12.51	0.79
20110710	19.57	12.47	1.94
20110711	0.01	10.81	2.9
20110712	0.02	7.98	1.66
20110713	0.0	11.08	1.16
20110714	0.02	14.72	0.93
20110715	6.94	14.35	0.82
20110716	11.96	14.64	3.0
20110717	0.47	12.22	4.03
20110718	16.87	12.72	2.95
20110719	11.87	10.91	12.81
20110720	0.24	9.96	5.48
20110721	2.86	9.87	2.65
20110722	1.18	9.25	1.79
20110723	0.01	9.89	1.37
20110724	0.48	11.2	1.11
20110725	1.28	10.78	0.98
20110726	0.03	10.67	0.87
20110727	2.78	15.5	0.79
20110728	0.05	9.47	0.76
20110729	0.0	12.83	0.71
20110730	2.99	13.59	0.68
20110731	0.32	15.24	0.69
20110801	1.96	15.04	0.67
20110802	7.69	14.48	0.77
20110803	1.16	15.6	0.81
20110804	10.74	15.31	0.89
20110805	0.05	11.78	1.19
20110806	19.33	12.24	1.14
20110807	39.29	9.43	8.09
20110808	6.82	9.33	11.55
20110809	6.84	10.25	4.81
20110810	31.25	9.54	13.71
20110811	0.02	9.6	7.84
20110812	1.09	14.4	3.09
20110813	0.08	13.09	1.96
20110814	0.04	11.8	1.44
20110815	0.56	10.66	1.17
20110816	1.85	10.44	1.04
20110817	2.51	12.18	0.95
20110818	7.47	9.51	1.13
20110819	0.13	12.09	1.15
20110820	0.03	12.63	0.96
20110821	0.02	13.45	0.86
20110822	0.01	11.65	0.81
20110823	0.0	10.74	0.77
20110824	1.82	10.13	0.75
20110825	0.29	9.6	0.73
20110826	2.92	11.15	0.82
20110827	18.77	10.32	1.02
20110828	40.15	6.94	14.73
20110829	1.59	9.66	6.77
20110830	5.71	9.33	3.91
20110831	0.06	9.74	2.77
20110901	5.88	12.13	1.89
20110902	1.12	12.85	1.56
20110903	0.14	10.72	1.3
20110904	2.68	12.36	1.11
20110905	1.65	10.61	1.04
20110906	4.15	11.08	1.01
20110907	1.01	9.3	1.02
20110908	1.82	10.2	0.95
20110909	3.01	11.23	0.94
20110910	0.74	14.21	0.94
20110911	1.81	12.53	0.9
20110912	13.81	12.45	0.95
20110913	10.71	9.69	1.48
20110914	2.82	8.52	3.17
20110915	0.03	6.8	2.02
20110916	1.93	10.19	1.5
20110917	10.95	11.07	1.32
20110918	3.29	8.15	1.46
20110919	0.18	10.45	1.57
20110920	0.29	10.54	1.29
20110921	12.52	8.8	1.21
20110922	0.31	10.0	1.37
20110923	0.04	12.99	1.23
20110924	0.03	11.27	1.04
20110925	0.98	11.19	0.94
20110926	0.22	10.09	0.86
20110927	0.01	14.9	0.82
20110928	0.0	17.74	0.78
20110929	0.03	15.87	0.76
20110930	4.93	16.84	0.75
20111001	15.7	11.37	1.61
20111002	2.76	11.62	2.14
20111003	0.29	11.91	1.67
20111004	0.2	11.26	1.25
20111005	2.08	9.82	1.05
20111006	2.27	6.36	0.96
20111007	1.99	7.63	0.92
20111008	8.01	10.23	1.03
20111009	0.58	10.15	1.38
20111010	1.15	7.76	1.23
20111011	0.63	5.15	1.06
20111012	0.02	7.71	0.93
20111013	0.0	9.97	0.85
20111014	0.01	13.28	0.8
20111015	0.18	10.35	0.77
20111016	5.26	8.06	0.75
20111017	5.94	4.05	0.78
20111018	13.39	3.73	1.22
20111019	0.59	2.68	1.76
20111020	4.36	7.81	1.5
20111021	0.69	10.81	1.55
20111022	0.17	9.39	1.27
20111023	0.03	10.86	1.07
20111024	0.35	10.63	0.96
20111025	2.08	7.4	0.89
20111026	0.04	6.78	0.84
20111027	0.16	6.68	0.8
20111028	0.2	8.27	0.76
20111029	0.81	10.54	0.74
20111030	0.0	12.25	0.72
20111031	1.0	11.02	0.72
20111101	0.01	6.31	0.71
20111102	0.18	10.03	0.69
20111103	0.39	10.72	0.67
20111104	0.18	6.09	0.66
20111105	0.01	3.3	0.65
20111106	0.21	4.84	0.66
20111107	0.04	5.07	0.65
20111108	0.01	7.7	0.65
20111109	0.26	9.18	0.65
20111110	0.02	8.68	0.64
20111111	2.54	8.46	0.65
20111112	0.02	5.57	0.65
20111113	0.16	5.96	0.64
20111114	0.03	5.68	0.63
20111115	0.0	3.54	0.62
20111116	0.24	3.96	0.62
20111117	0.22	8.81	0.62
20111118	0.01	10.85	0.61
20111119	0.03	8.51	0.6
20111120	0.0	8.82	0.6
20111121	2.04	6.71	0.6
20111122	0.04	5.71	0.6
20111123	0.79	6.05	0.6
20111124	4.54	5.62	0.61
20111125	11.89	3.84	0.72
20111126	10.13	7.51	1.5
20111127	2.16	3.5	3.08
20111128	3.49	7.27	2.01
20111129	6.33	4.5	1.96
20111130	9.54	3.68	1.84
20111201	1.36	0.24	2.03
20111202	9.94	3.51	1.78
20111203	7.82	0.68	2.78
20111204	4.32	-2.22	2.1
20111205	2.65	-2.08	1.56
20111206	5.18	-2.15	1.28
20111207	14.52	0.44	1.19
20111208	23.66	2.51	5.95
20111209	0.09	-2.3	4.43
20111210	4.58	-0.96	2.36
20111211	0.26	0.69	1.91
20111212	2.03	1.42	1.63
20111213	8.74	1.67	1.86
20111214	0.47	2.21	2.22
20111215	0.02	-2.41	1.75
20111216	0.11	-2.98	1.37
20111217	0.26	-2.49	1.15
20111218	0.03	-3.29	1.02
20111219	15.3	0.55	1.66
20111220	6.98	1.08	2.1
20111221	1.43	6.01	7.56
20111222	0.21	5.95	11.5
20111223	0.19	1.79	4.53
20111224	0.11	6.4	2.36
20111225	0.25	9.67	1.98
20111226	2.76	5.5	1.67
20111227	2.21	3.3	1.33
20111228	9.08	2.41	1.35
20111229	8.41	0.05	1.6
20111230	16.29	3.26	3.9
20111231	0.17	6.04	5.56
20120101	0.38	1.39	2.64
20120102	4.65	0.97	1.77
20120103	13.66	1.22	1.93
20120104	26.11	1.78	3.98
20120105	8.2	0.77	5.93
20120106	2.85	3.69	4.71
20120107	1.1	3.89	4.89
20120108	1.8	6.34	2.99
20120109	0.04	4.07	2.12
20120110	1.55	4.69	1.6
20120111	5.04	5.56	1.42
20120112	4.64	0.91	1.59
20120113	0.01	-1.2	1.58
20120114	0.02	-1.63	1.32
20120115	0.19	-3.12	1.14
20120116	0.04	-1.54	1.02
20120117	0.3	5.5	0.97
20120118	4.32	2.29	0.95
20120119	3.66	0.28	0.94
20120120	15.43	3.39	1.15
20120121	9.74	1.65	4.26
20120122	5.43	1.71	4.23
20120123	1.44	-0.11	2.79
20120124	1.8	3.39	2.04
20120125	4.28	2.57	3.25
20120126	0.09	-0.6	2.43
20120127	0.44	-0.67	1.68
20120128	0.05	0.03	1.35
20120129	0.03	0.49	1.17
20120130	0.05	-0.3	1.03
20120131	0.0	-0.93	0.95
20120201	0.01	-2.51	0.87
20120202	0.0	-4.13	0.82
20120203	1.85	-2.59	0.79
20120204	2.06	1.48	0.78
20120205	1.37	1.46	0.76
20120206	0.38	-1.2	0.73
20120207	0.19	-1.95	0.7
20120208	10.45	2.6	0.74
20120209	0.97	3.47	1.1
20120210	0.09	3.68	1.25
20120211	2.39	2.5	1.29
20120212	1.32	2.31	1.35
20120213	0.03	4.79	1.29
20120214	1.56	6.12	1.19
20120215	0.39	6.38	1.15
20120216	1.1	6.07	1.12
20120217	10.18	3.75	1.15
20120218	3.45	-1.27	1.92
20120219	1.46	1.13	1.54
20120220	1.51	7.82	2.16
20120221	0.51	8.55	2.28
20120222	0.73	9.17	1.62
20120223	0.02	8.41	1.29
20120224	0.03	4.72	1.07
20120225	2.41	5.23	0.97
20120226	0.01	8.38	0.89
20120227	0.01	10.88	0.83
20120228	0.0	10.2	0.78
20120229	0.04	8.82	0.74
20120301	2.08	6.34	0.72
20120302	0.0	6.59	0.7
20120303	0.01	3.63	0.67
20120304	0.01	0.55	0.65
20120305	0.03	1.67	0.63
20120306	1.74	6.2	0.63
20120307	0.86	1.82	0.62
20120308	0.23	7.12	0.62
20120309	0.19	7.97	0.61
20120310	0.0	7.88	0.6
20120311	0.0	8.66	0.59
20120312	0.0	7.42	0.59
20120313	0.0	7.7	0.58
20120314	0.0	7.55	0.58
20120315	0.0	7.1	0.57
20120316	0.89	5.38	0.57
20120317	0.21	1.86	0.57
20120318	0.21	4.33	0.56
20120319	0.02	8.39	0.56
20120320	0.0	9.84	0.55
20120321	0.01	6.36	0.55
20120322	0.03	4.71	0.55
20120323	0.0	7.95	0.54
20120324	0.0	8.34	0.54
20120325	0.0	12.01	0.54
20120326	0.0	11.68	0.54
20120327	0.0	14.65	0.53
20120328	0.0	11.76	0.53
20120329	0.0	9.87	0.53
20120330	1.23	9.0	0.53
20120331	0.0	2.86	0.53
20120401	9.64	5.19	0.59
20120402	26.63	0.9	0.7
20120403	3.97	-0.08	0.71
20120404	1.17	0.18	0.7
20120405	5.43	4.38	1.49
20120406	3.5	4.61	8.59
20120407	1.2	6.21	5.54
20120408	0.92	6.66	3.65
20120409	7.33	4.46	2.26
20120410	3.3	4.05	2.25
20120411	6.48	3.73	2.3
20120412	6.67	2.75	2.72
20120413	6.71	2.85	2.58
20120414	5.83	1.8	2.8
20120415	0.58	1.54	2.26
20120416	4.42	4.11	1.66
20120417	6.47	2.17	1.84
20120418	3.59	3.55	1.98
20120419	5.91	4.95	2.03
20120420	10.12	5.86	2.82
20120421	6.25	4.96	4.12
20120422	1.81	4.94	3.17
20120423	18.18	5.16	2.57
20120424	13.56	4.76	6.25
20120425	51.48	4.56	15.79
20120426	20.66	2.28	25.23
20120427	8.81	1.52	8.37
20120428	0.01	1.52	4.06
20120429	4.42	4.44	2.38
20120430	0.97	3.87	1.94
20120501	0.01	7.79	1.62
20120502	0.16	7.97	1.35
20120503	4.36	8.15	1.21
20120504	1.9	2.05	1.33
20120505	3.45	2.55	1.31
20120506	0.01	2.22	1.22
20120507	2.62	5.51	1.1
20120508	1.65	4.88	1.06
20120509	2.79	6.52	1.0
20120510	23.84	3.7	1.47
20120511	8.66	3.74	9.34
20120512	0.0	8.79	4.16
20120513	3.08	6.98	2.19
20120514	7.0	5.78	1.63
20120515	0.25	3.32	1.34
20120516	8.0	3.77	1.19
20120517	6.4	2.97	2.25
20120518	2.06	4.16	3.5
20120519	0.0	3.75	2.37
20120520	0.0	6.86	1.61
20120521	0.0	10.85	1.26
20120522	0.0	15.48	1.06
20120523	0.04	17.76	0.94
20120524	1.15	16.5	0.88
20120525	0.0	15.16	0.82
20120526	0.0	14.89	0.76
20120527	0.0	16.31	0.72
20120528	0.09	11.05	0.7
20120529	0.03	8.21	0.7
20120530	1.44	9.67	0.69
20120531	0.47	8.37	0.71
20120601	0.09	7.98	0.67
20120602	2.11	5.35	0.65
20120603	4.47	5.47	0.67
20120604	1.1	6.22	0.67
20120605	0.42	9.3	0.65
20120606	12.81	9.86	0.83
20120607	0.83	12.36	0.96
20120608	2.58	10.53	0.9
20120609	0.23	8.99	0.93
20120610	0.02	8.12	0.89
20120611	2.14	7.07	0.82
20120612	4.14	7.4	0.81
20120613	0.02	7.72	0.9
20120614	0.08	7.64	0.87
20120615	1.25	6.5	0.81
20120616	2.42	7.18	0.79
20120617	5.74	7.98	0.82
20120618	4.24	9.21	0.86
20120619	8.89	8.99	1.89
20120620	0.35	10.89	1.84
20120621	12.13	10.25	1.48
20120622	9.62	12.11	2.36
20120623	16.69	11.3	6.36
20120624	7.71	10.24	13.73
20120625	0.0	9.75	4.68
20120626	4.14	14.37	2.44
20120627	1.11	13.23	1.79
20120628	4.38	13.57	1.65
20120629	1.66	13.79	1.71
20120630	2.5	12.45	1.32
20120701	1.96	8.64	1.14
20120702	0.37	12.21	1.04
20120703	0.15	15.21	0.96
20120704	0.79	15.21	0.88
20120705	0.17	16.95	0.81
20120706	2.14	13.86	0.77
20120707	30.96	9.19	2.76
20120708	4.92	10.08	10.14
20120709	3.24	9.87	4.58
20120710	14.26	9.09	5.4
20120711	1.11	9.14	6.27
20120712	1.6	9.4	2.96
20120713	1.68	8.67	2.04
20120714	0.38	9.53	1.58
20120715	3.85	10.89	1.3
20120716	0.02	11.57	1.11
20120717	8.62	13.1	0.98
20120718	11.46	9.05	2.69
20120719	0.48	9.31	3.16
20120720	0.18	9.72	1.98
20120721	1.33	13.33	1.46
20120722	0.1	16.45	1.26
20120723	0.08	12.97	1.08
20120724	0.0	13.74	0.94
20120725	0.0	12.67	0.85
20120726	0.0	12.36	0.8
20120727	0.63	11.36	0.76
20120728	8.21	10.93	0.78
20120729	5.09	9.57	0.88
20120730	9.88	8.53	1.28
20120731	3.8	12.77	1.19
20120801	1.31	14.01	1.06
20120802	0.95	10.34	1.01
20120803	0.17	13.21	0.93
20120804	0.41	13.76	0.84
20120805	2.1	12.86	0.8
20120806	2.39	13.42	0.78
20120807	1.89	11.71	0.89
20120808	0.02	12.19	0.84
20120809	0.0	11.49	0.78
20120810	0.0	13.39	0.73
20120811	0.0	13.09	0.71
20120812	0.01	15.56	0.68
20120813	2.59	16.78	0.69
20120814	2.25	14.53	0.71
20120815	3.33	15.34	0.7
20120816	3.44	15.48	0.68
20120817	4.04	14.83	0.75
20120818	0.38	15.22	0.71
20120819	0.74	14.94	0.69
20120820	2.03	13.88	0.68
20120821	7.31	13.39	0.68
20120822	6.71	12.35	1.3
20120823	2.51	12.45	1.48
20120824	31.91	11.83	2.03
20120825	5.0	10.15	9.63
20120826	1.04	10.56	3.91
20120827	3.23	11.99	2.26
20120828	0.54	11.49	1.69
20120829	9.35	9.97	1.8
20120830	0.05	5.78	3.08
20120831	1.09	11.58	1.88
20120901	0.6	13.4	1.43
20120902	0.0	15.16	1.16
20120903	2.12	14.84	1.03
20120904	0.02	11.81	0.91
20120905	0.04	10.95	0.83
20120906	0.26	12.92	0.8
20120907	0.0	14.63	0.77
20120908	0.0	13.88	0.74
20120909	1.43	13.24	0.72
20120910	1.25	7.1	0.72
20120911	3.08	6.71	0.72
20120912	7.91	7.33	0.72
20120913	6.12	10.81	0.83
20120914	0.88	10.99	0.81
20120915	0.3	12.57	0.75
20120916	0.68	9.32	0.72
20120917	6.09	7.36	0.75
20120918	2.96	5.77	0.86
20120919	1.61	6.55	0.89
20120920	1.52	5.64	0.84
20120921	9.39	5.44	0.88
20120922	0.01	4.74	0.9
20120923	0.33	6.94	0.83
20120924	19.65	8.33	0.86
20120925	37.27	8.1	12.86
20120926	7.35	7.34	13.16
20120927	1.25	7.73	5.64
20120928	0.93	7.83	2.76
20120929	3.66	8.82	1.88
20120930	0.13	9.85	1.5
20121001	0.03	7.97	1.24
20121002	3.07	6.02	1.11
20121003	3.99	5.73	1.11
20121004	0.06	5.16	1.06
20121005	1.83	6.63	0.97
20121006	0.45	5.94	0.93
20121007	0.04	6.48	0.89
20121008	0.21	4.46	0.85
20121009	0.0	4.85	0.81
20121010	0.0	5.74	0.78
20121011	6.73	10.33	0.8
20121012	23.18	7.28	4.03
20121013	0.69	6.33	4.66
20121014	9.86	4.96	2.58
20121015	5.77	0.97	5.94
20121016	0.23	-0.43	3.55
20121017	9.92	1.71	2.43
20121018	7.55	5.6	4.24
20121019	4.12	4.85	4.51
20121020	0.02	5.27	3.16
20121021	0.01	6.11	2.07
20121022	0.35	4.62	1.56
20121023	0.04	4.23	1.3
20121024	2.01	5.07	1.16
20121025	1.8	2.69	1.12
20121026	1.51	0.36	1.08
20121027	13.64	3.55	1.52
20121028	8.82	5.11	3.42
20121029	1.0	2.63	4.37
20121030	1.22	4.54	2.55
20121031	0.47	0.86	1.85
20121101	0.4	0.83	1.48
20121102	0.04	0.45	1.27
20121103	0.17	1.04	1.13
20121104	0.08	2.27	1.03
20121105	2.68	3.7	0.97
20121106	0.34	7.81	0.99
20121107	0.14	8.56	0.98
20121108	0.47	6.24	0.94
20121109	0.06	4.93	0.92
20121110	0.69	4.36	0.88
20121111	0.25	0.49	0.84
20121112	3.02	5.86	0.87
20121113	0.35	8.81	0.86
20121114	0.17	4.37	0.84
20121115	0.04	4.79	0.82
20121116	1.07	3.12	0.81
20121117	0.25	1.58	0.8
20121118	6.35	2.94	0.79
20121119	0.03	8.08	0.97
20121120	0.36	6.46	1.02
20121121	0.23	4.85	0.93
20121122	0.67	4.46	0.87
20121123	0.04	1.76	0.82
20121124	1.24	0.91	0.79
20121125	22.13	2.18	1.59
20121126	8.83	2.88	5.07
20121127	7.79	2.49	6.23
20121128	0.34	-0.24	4.67
20121129	0.05	-1.05	2.61
20121130	3.55	-0.13	1.86
20121201	0.78	-1.41	1.54
20121202	0.65	-2.2	1.31
20121203	21.35	0.19	2.43
20121204	2.66	-0.64	3.58
20121205	0.18	-3.13	2.06
20121206	5.14	-0.34	1.55
20121207	6.05	0.72	3.04
20121208	4.84	3.68	6.34
20121209	4.21	1.79	7.43
20121210	0.55	-1.49	3.96
20121211	0.0	-3.36	2.37
20121212	0.08	-4.7	1.75
20121213	0.09	-3.25	1.42
20121214	12.83	2.07	1.41
20121215	0.69	1.76	2.15
20121216	0.06	1.39	2.1
20121217	1.06	1.76	1.7
20121218	0.27	0.73	1.55
20121219	0.4	4.27	1.39
20121220	4.12	3.44	1.36
20121221	3.68	2.96	1.35
20121222	10.82	4.37	1.58
20121223	3.87	3.45	5.01
20121224	2.82	1.41	2.97
20121225	3.82	1.63	2.23
20121226	0.1	-1.07	2.06
20121227	6.17	0.43	1.71
20121228	0.04	7.2	2.04
20121229	0.13	2.57	1.96
20121230	2.85	4.05	1.55
20121231	0.56	3.26	1.4
20130101	9.33	2.87	1.28
20130102	0.1	7.28	2.23
20130103	0.0	7.99	1.91
20130104	0.0	6.0	1.49
20130105	0.28	5.44	1.27
20130106	0.04	6.04	1.15
20130107	4.3	5.5	1.14
20130108	0.03	5.66	1.16
20130109	1.37	3.7	1.11
20130110	0.25	0.57	1.06
20130111	0.07	-0.79	1.02
20130112	0.57	-0.68	0.97
20130113	2.92	-0.92	0.95
20130114	1.04	-1.99	0.93
20130115	0.01	-5.11	0.9
20130116	0.0	-3.38	0.87
20130117	0.06	-0.37	0.85
20130118	0.11	-1.3	0.84
20130119	0.23	-1.35	0.83
20130120	0.02	-1.47	0.81
20130121	0.21	-0.99	0.81
20130122	0.09	-2.88	0.8
20130123	0.07	-3.1	0.8
20130124	0.73	-1.28	0.79
20130125	14.34	0.65	0.85
20130126	10.39	2.5	1.02
20130127	2.05	2.28	2.04
20130128	0.59	3.28	1.93
20130129	1.22	5.2	3.16
20130130	5.96	2.18	3.35
20130131	8.55	1.79	2.93
20130201	1.36	0.24	3.37
20130202	4.02	2.08	2.38
20130203	5.98	3.33	2.6
20130204	3.74	-0.49	3.02
20130205	13.58	1.53	4.77
20130206	2.85	-0.01	4.32
20130207	3.58	0.49	2.33
20130208	3.62	1.97	1.88
20130209	0.06	1.28	2.12
20130210	1.7	0.33	1.94
20130211	0.05	-0.27	1.57
20130212	0.1	-0.47	1.33
20130213	9.3	1.87	1.33
20130214	0.74	4.5	2.16
20130215	0.5	2.92	3.96
20130216	0.07	5.81	3.34
20130217	0.0	2.38	2.78
20130218	0.03	2.12	1.86
20130219	0.18	1.56	1.43
20130220	0.01	0.77	1.24
20130221	0.0	-2.36	1.11
20130222	0.01	-2.15	1.01
20130223	0.44	-1.04	0.96
20130224	3.17	-0.3	0.93
20130225	0.35	-0.91	0.9
20130226	0.04	0.26	0.88
20130227	0.01	3.61	0.86
20130228	0.03	4.04	0.87
20130301	0.0	4.58	0.9
20130302	1.39	5.15	0.99
20130303	0.04	4.13	1.1
20130304	0.0	1.9	1.06
20130305	0.02	2.75	0.96
20130306	2.42	3.06	0.92
20130307	1.71	3.3	1.06
20130308	1.38	1.56	1.1
20130309	0.05	0.02	1.02
20130310	3.28	-4.37	0.96
20130311	1.26	-2.97	0.91
20130312	2.36	-0.3	0.91
20130313	3.76	-1.23	0.91
20130314	3.11	1.9	1.04
20130315	1.92	0.28	1.58
20130316	6.18	-0.06	2.21
20130317	4.21	1.64	2.58
20130318	2.38	-0.7	2.07
20130319	3.92	-1.72	1.61
20130320	0.81	-3.09	1.34
20130321	0.22	-0.6	1.16
20130322	0.05	-1.14	1.04
20130323	0.05	-1.75	0.95
20130324	0.03	-1.56	0.9
20130325	0.3	-1.09	0.88
20130326	0.1	-1.31	0.85
20130327	0.37	-2.21	0.84
20130328	1.0	-2.46	0.83
20130329	0.02	-2.45	0.82
20130330	0.01	-2.21	0.81
20130331	0.0	-2.17	0.8
20130401	0.03	-2.35	0.8
20130402	0.0	0.76	0.79
20130403	0.47	2.0	0.79
20130404	0.96	1.89	0.82
20130405	0.01	0.77	0.85
20130406	2.05	2.53	0.87
20130407	3.37	-0.22	0.92
20130408	0.06	-0.27	1.0
20130409	0.2	1.11	1.03
20130410	0.23	2.46	0.99
20130411	0.01	1.58	0.98
20130412	0.0	1.92	0.96
20130413	1.24	7.33	0.96
20130414	0.39	9.81	1.24
20130415	0.06	9.11	1.2
20130416	1.65	7.02	1.04
20130417	5.01	6.94	1.11
20130418	8.97	4.94	2.07
20130419	0.02	6.0	2.23
20130420	0.08	7.72	1.45
20130421	0.03	5.98	1.15
20130422	1.18	8.21	1.01
20130423	1.32	6.96	0.93
20130424	0.06	6.18	0.88
20130425	1.39	4.5	0.86
20130426	9.44	3.29	0.9
20130427	1.71	4.6	0.94
20130428	2.08	4.65	1.02
20130429	4.02	3.07	1.11
20130430	1.34	6.86	1.1
20130501	0.98	2.64	1.04
20130502	10.5	4.58	1.04
20130503	11.02	2.42	3.69
20130504	0.05	6.91	3.83
20130505	0.01	11.74	2.15
20130506	0.47	10.66	1.5
20130507	0.0	11.28	1.2
20130508	0.02	8.34	1.03
20130509	0.18	7.48	0.93
20130510	10.91	8.17	0.98
20130511	3.03	6.52	1.53
20130512	1.15	5.35	1.45
20130513	0.05	5.51	1.19
20130514	5.15	6.09	1.06
20130515	2.15	4.52	1.17
20130516	0.08	5.13	1.32
20130517	6.02	8.34	1.19
20130518	8.5	7.96	4.04
20130519	0.26	11.64	4.09
20130520	0.02	11.05	2.2
20130521	0.81	7.71	1.55
20130522	6.59	4.89	1.28
20130523	13.07	4.05	1.67
20130524	0.02	5.95	3.75
20130525	0.02	10.45	1.97
20130526	0.03	10.88	1.4
20130527	0.01	8.95	1.14
20130528	0.0	7.82	1.01
20130529	0.43	11.05	0.93
20130530	0.26	11.35	0.89
20130531	3.02	8.85	0.9
20130601	2.84	8.01	0.87
20130602	0.0	7.89	0.83
20130603	0.01	13.56	0.82
20130604	0.01	11.89	0.81
20130605	0.0	8.23	0.8
20130606	0.0	11.07	0.79
20130607	0.0	11.85	0.78
20130608	0.0	11.28	0.77
20130609	0.0	10.66	0.76
20130610	0.0	10.58	0.75
20130611	2.73	12.63	0.72
20130612	0.45	11.72	0.73
20130613	0.0	10.39	0.7
20130614	1.23	11.87	0.69
20130615	0.26	10.69	0.68
20130616	0.42	11.76	0.68
20130617	0.31	12.42	0.68
20130618	0.0	12.03	0.67
20130619	0.57	11.77	0.66
20130620	2.86	13.75	0.67
20130621	2.42	12.85	0.68
20130622	22.23	11.7	0.82
20130623	45.24	8.89	16.03
20130624	3.24	8.33	9.58
20130625	0.62	11.04	2.8
20130626	0.04	9.52	1.59
20130627	5.58	12.99	1.14
20130628	0.22	10.69	0.99
20130629	0.0	13.18	0.83
20130630	0.31	11.86	0.72
20130701	0.35	9.56	0.65
20130702	5.29	11.91	0.64
20130703	0.9	14.36	0.61
20130704	0.0	13.07	0.57
20130705	0.0	14.81	0.53
20130706	0.0	16.43	0.5
20130707	0.0	15.27	0.49
20130708	0.0	18.6	0.48
20130709	0.35	17.76	0.47
20130710	0.01	13.45	0.47
20130711	0.0	17.18	0.45
20130712	0.19	18.65	0.44
20130713	0.0	13.27	0.44
20130714	0.0	15.89	0.44
20130715	0.0	17.1	0.43
20130716	0.0	16.35	0.42
20130717	0.31	18.33	0.42
20130718	0.0	16.55	0.42
20130719	0.0	16.21	0.41
20130720	0.0	15.49	0.41
20130721	0.0	17.22	0.4
20130722	0.0	16.44	0.41
20130723	6.28	17.92	0.43
20130724	0.04	18.14	0.42
20130725	4.27	15.2	0.45
20130726	3.22	14.6	0.45
20130727	7.62	16.31	0.44
20130728	16.19	11.44	0.8
20130729	6.23	14.81	0.96
20130730	1.91	12.73	1.01
20130731	2.76	14.41	0.72
20130801	4.88	16.4	0.67
20130802	0.06	16.95	0.6
20130803	0.01	13.0	0.52
20130804	0.66	11.25	0.49
20130805	2.87	12.07	0.47
20130806	3.75	13.41	0.46
20130807	8.2	12.17	0.57
20130808	2.42	14.29	0.51
20130809	2.08	12.2	0.52
20130810	0.36	11.91	0.49
20130811	4.9	11.37	0.49
20130812	5.1	10.59	0.5
20130813	0.66	11.77	0.48
20130814	1.22	15.66	0.46
20130815	1.54	15.02	0.45
20130816	0.12	12.75	0.44
20130817	0.72	13.32	0.43
20130818	0.0	11.49	0.42
20130819	0.0	12.74	0.41
20130820	16.19	14.34	0.47
20130821	1.95	15.8	0.54
20130822	0.01	14.74	0.49
20130823	0.61	15.75	0.46
20130824	0.66	13.34	0.46
20130825	0.01	13.8	0.44
20130826	0.83	16.26	0.43
20130827	0.91	13.68	0.44
20130828	0.33	12.62	0.42
20130829	0.0	13.54	0.42
20130830	0.34	12.24	0.41
20130831	0.05	10.57	0.4
20130901	0.01	14.22	0.41
20130902	0.01	16.9	0.4
20130903	0.0	15.01	0.39
20130904	0.02	14.21	0.39
20130905	1.17	10.65	0.39
20130906	19.62	9.39	0.45
20130907	0.5	9.6	0.6
20130908	0.0	9.13	0.49
20130909	0.3	10.42	0.45
20130910	1.98	10.98	0.44
20130911	0.73	11.4	0.45
20130912	10.76	10.75	0.52
20130913	0.8	7.94	0.59
20130914	2.07	10.29	0.55
20130915	7.55	7.65	0.57
20130916	2.25	8.03	0.57
20130917	0.77	7.64	0.54
20130918	1.52	7.36	0.53
20130919	2.31	7.47	0.54
20130920	0.01	11.54	0.52
20130921	0.0	14.61	0.49
20130922	0.17	14.14	0.47
20130923	0.0	14.32	0.46
20130924	4.34	12.11	0.47
20130925	0.23	5.43	0.47
20130926	0.02	8.85	0.46
20130927	0.0	12.62	0.45
20130928	0.0	12.59	0.44
20130929	0.0	9.83	0.44
20130930	0.0	9.84	0.44
20131001	0.08	10.7	0.43
20131002	0.89	12.34	0.44
20131003	12.05	13.51	0.52
20131004	0.48	11.56	0.63
20131005	0.0	12.53	0.58
20131006	0.02	15.44	0.52
20131007	1.06	13.82	0.49
20131008	1.76	9.42	0.49
20131009	18.19	4.87	0.74
20131010	0.15	3.22	1.34
20131011	0.16	4.52	0.99
20131012	0.0	6.56	0.76
20131013	1.37	7.91	0.67
20131014	10.23	6.33	0.82
20131015	0.06	4.82	1.3
20131016	1.77	5.47	1.02
20131017	0.07	7.18	0.83
20131018	12.56	8.64	0.8
20131019	3.58	8.52	1.36
20131020	0.98	9.08	1.32
20131021	4.62	9.69	1.1
20131022	1.03	10.46	1.07
20131023	2.83	8.08	0.98
20131024	0.07	5.91	0.85
20131025	3.99	8.26	0.79
20131026	2.02	7.1	0.8
20131027	0.55	6.18	0.78
20131028	0.7	5.97	0.71
20131029	2.25	3.41	0.67
20131030	1.91	5.86	0.62
20131031	2.74	4.24	0.66
20131101	0.17	3.73	0.67
20131102	33.75	2.79	1.44
20131103	2.21	3.53	6.98
20131104	1.02	1.1	2.53
20131105	1.89	0.64	1.77
20131106	0.19	2.95	1.35
20131107	0.67	3.44	1.09
20131108	0.01	1.48	0.9
20131109	1.4	0.97	0.78
20131110	10.41	3.62	0.81
20131111	0.05	6.55	1.34
20131112	1.23	4.0	1.17
20131113	2.22	5.32	0.97
20131114	0.63	5.48	0.86
20131115	0.0	9.52	0.78
20131116	1.79	4.89	0.73
20131117	0.64	2.03	0.69
20131118	0.45	0.28	0.66
20131119	16.21	0.13	0.71
20131120	10.92	1.77	3.18
20131121	0.77	-0.98	2.76
20131122	0.91	1.6	1.63
20131123	0.99	3.28	1.5
20131124	0.0	-0.56	1.48
20131125	1.77	1.51	1.12
20131126	2.52	8.37	1.09
20131127	0.37	6.96	1.08
20131128	8.3	4.62	0.94
20131129	1.96	2.75	1.01
20131130	0.01	6.07	0.97
20131201	0.0	3.42	0.86
20131202	0.21	6.43	0.78
20131203	10.99	3.48	0.95
20131204	13.25	3.36	1.12
20131205	0.55	-0.85	2.12
20131206	0.06	-1.87	1.52
20131207	2.74	3.91	1.21
20131208	3.06	9.5	1.36
20131209	0.0	8.92	1.41
20131210	0.01	10.43	1.12
20131211	0.0	9.57	0.92
20131212	0.3	9.58	0.79
20131213	0.79	6.52	0.72
20131214	6.33	5.2	0.7
20131215	3.3	3.92	0.7
20131216	4.53	2.02	0.76
20131217	0.05	4.09	0.82
20131218	5.74	4.17	0.83
20131219	3.78	0.6	0.87
20131220	9.44	4.06	0.97
20131221	1.32	2.53	2.21
20131222	1.94	-0.17	1.57
20131223	5.12	2.96	1.18
20131224	10.74	2.04	1.66
20131225	0.28	2.58	2.71
20131226	6.2	1.61	1.78
20131227	5.17	4.25	1.6
20131228	1.34	1.58	1.59
20131229	1.03	2.19	1.29
20131230	5.97	1.17	1.29
20131231	0.08	3.18	1.36
20140101	2.4	3.7	1.12
20140102	1.26	3.27	0.99
20140103	0.86	4.3	0.9
20140104	0.04	0.26	0.8
20140105	1.63	1.27	0.74
20140106	1.8	5.25	0.75
20140107	0.54	4.68	0.76
20140108	0.41	2.84	0.72
20140109	0.03	2.83	0.7
20140110	0.01	1.83	0.66
20140111	0.01	-0.89	0.62
20140112	1.21	0.21	0.59
20140113	0.32	0.17	0.6
20140114	0.53	0.58	0.58
20140115	1.29	2.5	0.58
20140116	2.86	1.47	0.58
20140117	0.8	1.56	0.6
20140118	2.13	3.87	0.59
20140119	3.03	2.63	0.66
20140120	0.23	2.15	0.72
20140121	3.57	3.47	0.7
20140122	0.33	3.55	0.74
20140123	0.06	-0.38	0.66
20140124	4.99	3.65	0.63
20140125	7.79	1.76	1.01
20140126	3.96	2.18	1.16
20140127	2.88	1.45	1.01
20140128	15.18	1.64	1.21
20140129	1.87	2.0	2.69
20140130	0.34	0.71	1.8
20140131	3.12	1.68	1.28
20140201	2.16	2.24	1.06
20140202	0.4	3.62	0.99
20140203	0.15	3.87	0.93
20140204	1.27	2.14	0.83
20140205	5.37	2.7	0.78
20140206	0.77	1.9	0.91
20140207	1.11	0.89	0.95
20140208	3.52	2.27	0.86
20140209	2.3	3.64	0.94
20140210	0.02	1.28	0.91
20140211	0.01	0.17	0.8
20140212	10.07	0.52	0.73
20140213	1.99	0.75	0.85
20140214	11.13	2.1	1.04
20140215	2.94	2.09	2.71
20140216	0.02	-0.6	2.58
20140217	9.87	0.87	1.98
20140218	4.75	2.37	4.05
20140219	1.41	4.9	3.04
20140220	0.02	5.05	1.86
20140221	0.45	3.67	1.3
20140222	0.06	6.65	1.02
20140223	0.4	5.9	0.86
20140224	0.04	4.92	0.76
20140225	0.12	4.95	0.7
20140226	0.05	5.15	0.65
20140227	0.18	2.4	0.62
20140228	0.03	2.15	0.6
20140301	1.2	2.86	0.58
20140302	6.74	3.73	0.58
20140303	6.13	1.48	0.65
20140304	0.84	3.1	0.87
20140305	0.03	6.42	1.01
20140306	9.23	4.81	1.06
20140307	2.18	2.04	1.3
20140308	0.01	7.34	1.04
20140309	0.03	4.07	0.84
20140310	0.02	4.73	0.73
20140311	0.01	4.43	0.67
20140312	0.19	8.51	0.62
20140313	0.43	7.78	0.59
20140314	1.97	7.9	0.58
20140315	0.01	9.16	0.57
20140316	0.18	9.78	0.54
20140317	0.4	7.85	0.53
20140318	0.52	8.11	0.52
20140319	1.18	8.5	0.51
20140320	1.86	3.26	0.52
20140321	1.13	1.34	0.51
20140322	1.63	2.69	0.5
20140323	0.61	0.4	0.49
20140324	0.0	4.3	0.48
20140325	0.0	4.47	0.47
20140326	0.92	4.66	0.47
20140327	1.79	3.59	0.48
20140328	0.03	4.72	0.47
20140329	0.0	5.83	0.47
20140330	0.01	6.62	0.47
20140331	0.21	8.27	0.46
20140401	0.01	5.03	0.46
20140402	0.85	5.92	0.46
20140403	6.86	6.17	0.49
20140404	2.82	4.98	0.5
20140405	0.01	9.77	0.49
20140406	0.06	8.46	0.48
20140407	0.48	5.6	0.47
20140408	0.18	7.43	0.46
20140409	0.85	8.4	0.46
20140410	1.22	5.14	0.46
20140411	0.18	7.81	0.45
20140412	0.02	7.17	0.44
20140413	5.45	6.18	0.47
20140414	1.79	3.5	0.47
20140415	0.0	9.89	0.45
20140416	2.08	8.47	0.44
20140417	1.59	3.16	0.46
20140418	0.0	7.08	0.46
20140419	0.0	6.84	0.45
20140420	0.0	8.3	0.44
20140421	0.0	7.81	0.44
20140422	1.68	8.7	0.46
20140423	0.12	11.16	0.45
20140424	0.44	8.68	0.44
20140425	4.89	7.76	0.45
20140426	0.03	9.38	0.47
20140427	0.19	7.75	0.44
20140428	0.0	9.5	0.44
20140429	3.3	9.6	0.45
20140430	8.97	4.51	0.53
20140501	0.19	1.91	0.56
20140502	0.01	4.1	0.54
20140503	6.42	10.12	0.52
20140504	2.84	11.94	0.58
20140505	9.5	9.93	0.62
20140506	2.3	9.68	1.13
20140507	7.95	8.55	1.38
20140508	5.17	9.52	1.92
20140509	1.77	7.91	1.6
20140510	1.92	7.89	1.2
20140511	0.04	6.9	0.97
20140512	0.0	6.02	0.81
20140513	0.37	6.08	0.7
20140514	1.29	11.86	0.63
20140515	0.0	11.35	0.59
20140516	1.47	10.4	0.55
20140517	0.37	11.61	0.53
20140518	0.2	11.49	0.51
20140519	0.14	12.41	0.49
20140520	3.77	14.28	0.48
20140521	1.96	10.08	0.49
20140522	13.38	6.24	0.62
20140523	3.27	7.63	1.19
20140524	3.77	10.28	1.22
20140525	2.77	9.35	1.07
20140526	1.62	10.17	1.14
20140527	0.39	11.88	1.2
20140528	0.01	9.17	0.92
20140529	0.0	7.81	0.75
20140530	0.0	12.44	0.65
20140531	0.0	13.01	0.59
20140601	3.96	14.75	0.55
20140602	1.23	13.16	0.57
20140603	4.64	8.99	0.6
20140604	20.1	10.97	0.69
20140605	4.24	11.88	3.23
20140606	0.0	12.89	2.27
20140607	16.43	13.64	1.86
20140608	2.77	12.95	2.97
20140609	5.01	14.08	1.68
20140610	5.13	13.14	1.32
20140611	0.91	13.48	1.09
20140612	3.26	14.95	0.86
20140613	1.72	14.6	0.82
20140614	1.35	13.73	0.79
20140615	0.0	11.49	0.75
20140616	0.16	16.01	0.68
20140617	0.0	15.54	0.63
20140618	0.0	16.86	0.58
20140619	0.14	12.16	0.55
20140620	1.84	12.44	0.54
20140621	3.29	12.27	0.56
20140622	3.67	12.74	0.55
20140623	7.17	13.33	0.6
20140624	0.0	10.37	0.73
20140625	0.0	10.27	0.67
20140626	0.03	10.81	0.59
20140627	3.14	8.39	0.56
20140628	4.11	9.54	0.56
20140629	0.23	10.0	0.69
20140630	0.0	11.28	0.72
20140701	0.16	13.73	0.62
20140702	3.96	12.61	0.58
20140703	0.01	14.45	0.54
20140704	6.8	12.61	0.57
20140705	3.89	10.06	0.64
20140706	11.64	10.71	0.7
20140707	2.68	10.91	0.71
20140708	2.28	12.21	0.72
20140709	0.01	11.85	0.7
20140710	0.0	11.69	0.6
20140711	0.0	16.79	0.55
20140712	6.12	15.4	0.54
20140713	0.01	13.83	0.53
20140714	2.57	13.59	0.52
20140715	1.8	13.0	0.5
20140716	0.34	15.64	0.49
20140717	0.0	14.04	0.48
20140718	0.01	15.96	0.47
20140719	2.07	15.56	0.49
20140720	1.34	17.11	0.48
20140721	0.15	15.89	0.46
20140722	0.0	17.74	0.45
20140723	0.0	15.63	0.45
20140724	0.0	17.23	0.44
20140725	0.0	17.69	0.43
20140726	16.71	16.67	0.54
20140727	5.54	13.6	1.2
20140728	0.0	16.74	1.27
20140729	0.02	14.58	0.9
20140730	0.22	14.07	0.73
20140731	10.82	12.48	1.04
20140801	17.06	11.47	1.92
20140802	14.03	14.59	2.09
20140803	0.39	15.33	3.16
20140804	0.01	10.66	1.59
20140805	0.03	15.82	1.11
20140806	4.09	12.9	0.88
20140807	2.73	12.7	0.78
20140808	10.26	13.93	0.78
20140809	0.18	10.15	0.97
20140810	123.1	11.83	13.9
20140811	10.96	10.57	20.74
20140812	8.0	11.8	6.44
20140813	17.55	12.25	4.72
20140814	3.58	11.68	5.83
20140815	0.01	11.19	2.77
20140816	3.42	12.74	1.75
20140817	38.96	9.87	7.13
20140818	5.23	8.62	8.82
20140819	7.33	8.99	4.34
20140820	10.27	8.64	3.48
20140821	5.0	8.5	4.17
20140822	12.7	9.33	4.15
20140823	5.0	8.14	3.6
20140824	0.3	6.69	2.32
20140825	0.0	8.0	1.57
20140826	0.19	8.19	1.16
20140827	0.33	12.18	0.94
20140828	3.66	13.16	0.84
20140829	11.6	12.96	0.85
20140830	11.62	12.69	2.18
20140831	0.96	14.27	2.2
20140901	0.02	12.86	1.39
20140902	0.0	13.9	1.0
20140903	0.0	14.04	0.83
20140904	7.94	15.31	0.73
20140905	3.24	9.4	0.82
20140906	16.86	10.3	1.37
20140907	3.68	9.73	3.31
20140908	0.0	10.25	2.2
20140909	0.0	11.54	1.42
20140910	0.0	14.37	1.04
20140911	0.0	14.53	0.83
20140912	0.01	13.37	0.72
20140913	0.17	12.98	0.65
20140914	0.0	12.71	0.6
20140915	3.56	12.13	0.59
20140916	0.18	11.61	0.57
20140917	0.02	12.69	0.54
20140918	0.0	13.43	0.53
20140919	1.11	13.62	0.51
20140920	1.99	11.28	0.51
20140921	0.01	8.89	0.49
20140922	4.35	10.68	0.49
20140923	5.15	10.61	0.51
20140924	1.18	11.3	0.55
20140925	0.76	13.33	0.54
20140926	0.34	10.76	0.52
20140927	0.05	12.44	0.49
20140928	0.87	11.09	0.49
20140929	0.0	12.37	0.47
20140930	0.59	13.26	0.46
20141001	0.21	8.9	0.45
20141002	0.6	11.3	0.44
20141003	3.64	8.94	0.44
20141004	0.85	6.15	0.46
20141005	0.35	9.22	0.44
20141006	11.62	6.05	0.47
20141007	73.61	7.19	10.17
20141008	1.1	7.3	11.9
20141009	1.6	6.92	3.2
20141010	2.04	7.67	1.89
20141011	0.01	7.56	1.33
20141012	1.05	6.84	1.02
20141013	0.12	6.08	0.84
20141014	0.18	4.4	0.74
20141015	0.05	6.03	0.67
20141016	2.39	9.06	0.64
20141017	4.6	12.87	0.64
20141018	2.39	12.64	0.65
20141019	2.07	10.12	0.68
20141020	6.37	8.21	0.67
20141021	1.48	5.1	0.79
20141022	1.31	9.62	0.81
20141023	0.72	8.85	0.75
20141024	0.02	7.34	0.67
20141025	0.4	9.28	0.62
20141026	1.7	10.33	0.57
20141027	19.31	10.52	0.6
20141028	0.47	4.56	2.3
20141029	4.82	4.66	1.74
20141030	1.6	10.5	1.47
20141031	2.63	10.87	1.31
20141101	5.55	8.21	1.25
20141102	0.03	4.47	1.49
20141103	22.34	4.18	2.43
20141104	14.91	4.74	6.62
20141105	1.69	2.65	4.38
20141106	10.56	7.45	2.59
20141107	1.76	4.65	3.39
20141108	7.91	4.62	2.63
20141109	0.04	2.04	2.56
20141110	0.47	2.98	1.81
20141111	1.38	8.91	1.38
20141112	1.87	8.04	1.13
20141113	1.84	8.81	0.99
20141114	5.97	5.56	1.07
20141115	15.55	4.11	1.43
20141116	3.95	6.67	3.03
20141117	2.39	6.16	2.46
20141118	0.72	6.49	2.19
20141119	0.4	5.37	1.66
20141120	0.03	5.32	1.27
20141121	2.45	6.55	1.06
20141122	0.02	4.91	0.96
20141123	0.23	3.39	0.85
20141124	0.0	3.39	0.78
20141125	0.03	0.21	0.72
20141126	0.2	1.43	0.68
20141127	0.28	4.53	0.65
20141128	0.56	6.16	0.63
20141129	0.78	6.93	0.61
20141130	0.05	4.4	0.59
20141201	12.84	3.22	0.85
20141202	0.05	2.19	1.65
20141203	0.22	3.44	1.18
20141204	3.66	2.07	0.98
20141205	0.22	0.82	1.02
20141206	3.62	4.13	0.98
20141207	13.31	0.44	0.95
20141208	1.63	0.58	0.92
20141209	14.97	3.78	2.36
20141210	15.65	0.18	2.9
20141211	5.24	-0.88	1.93
20141212	12.91	-0.64	1.57
20141213	2.93	2.02	1.41
20141214	2.09	2.17	2.94
20141215	2.65	0.25	2.29
20141216	8.88	2.78	2.04
20141217	0.21	4.89	5.51
20141218	3.3	2.71	4.69
20141219	18.73	1.52	3.01
20141220	7.34	4.12	3.31
20141221	19.99	6.21	10.24
20141222	0.39	3.32	5.02
20141223	1.11	1.35	2.51
20141224	8.69	-0.26	2.04
20141225	0.01	-3.31	2.01
20141226	0.02	-3.87	1.51
20141227	0.31	-1.22	1.2
20141228	1.21	-1.2	1.02
20141229	0.81	1.48	0.91
20141230	0.0	4.6	1.11
20141231	2.25	7.41	1.43
20150101	16.06	5.24	1.81
20150102	7.38	0.86	2.48
20150103	0.08	0.61	1.87
20150104	0.24	4.43	1.43
20150105	3.93	5.67	2.03
20150106	1.01	2.92	2.09
20150107	5.97	5.06	1.8
20150108	5.91	2.39	1.64
20150109	15.93	5.22	1.75
20150110	3.44	0.17	2.66
20150111	8.08	3.68	2.61
20150112	7.77	0.19	3.78
20150113	0.94	-1.36	2.26
20150114	3.89	1.31	1.6
20150115	21.85	0.86	3.36
20150116	0.22	-1.83	3.26
20150117	10.31	-0.55	1.87
20150118	1.44	-3.24	1.41
20150119	0.0	-5.55	1.13
20150120	0.03	-2.43	0.98
20150121	0.01	-3.2	0.87
20150122	1.22	-0.71	0.8
20150123	1.11	2.67	0.98
20150124	2.61	2.93	1.14
20150125	2.8	4.66	4.1
20150126	0.88	2.99	3.36
20150127	10.89	3.65	2.66
20150128	3.04	-1.51	3.16
20150129	1.71	-0.81	2.02
20150130	16.02	0.72	1.58
20150131	10.73	-0.8	1.61
20150201	0.76	-1.7	1.28
20150202	1.95	-2.64	1.06
20150203	2.1	-1.2	0.96
20150204	0.46	0.65	0.88
20150205	0.18	2.64	0.97
20150206	0.16	1.07	1.13
20150207	0.01	3.13	1.76
20150208	0.0	4.55	3.12
20150209	0.02	4.78	4.24
20150210	0.0	1.76	3.11
20150211	0.17	1.35	2.03
20150212	0.03	3.5	1.5
20150213	0.0	1.01	1.27
20150214	0.02	2.74	1.14
20150215	1.02	4.47	1.3
20150216	1.7	2.21	1.59
20150217	0.01	6.09	1.31
20150218	1.53	7.83	1.83
20150219	0.05	3.22	1.45
20150220	0.0	1.13	1.07
20150221	2.84	0.38	0.97
20150222	2.05	0.82	0.92
20150223	10.03	1.3	0.91
20150224	1.13	0.57	1.04
20150225	0.75	4.74	1.05
20150226	0.19	2.08	1.79
20150227	0.07	3.88	1.33
20150228	5.79	3.76	1.14
20150301	2.59	1.52	1.17
20150302	0.58	-0.29	1.47
20150303	6.24	0.88	1.4
20150304	0.03	4.15	1.41
20150305	1.63	6.07	1.7
20150306	0.47	8.21	1.76
20150307	1.14	7.72	1.67
20150308	1.07	3.49	1.5
20150309	1.01	4.55	1.36
20150310	0.05	1.89	1.28
20150311	0.68	2.0	1.24
20150312	0.9	5.12	1.21
20150313	0.0	2.76	1.18
20150314	0.0	0.58	1.16
20150315	0.2	3.97	1.13
20150316	1.8	2.43	1.14
20150317	0.0	4.45	1.13
20150318	0.21	4.87	1.12
20150319	2.96	7.79	1.12
20150320	2.87	5.63	1.17
20150321	0.91	5.42	1.2
20150322	3.07	7.09	1.23
20150323	0.25	3.05	1.24
20150324	1.18	2.62	1.24
20150325	2.35	4.44	1.23
20150326	4.04	2.27	1.27
20150327	2.69	5.06	1.28
20150328	0.23	6.24	1.29
20150329	3.91	3.04	1.28
20150330	7.76	3.08	1.33
20150331	7.75	0.95	1.6
20150401	6.37	1.67	1.95
20150402	0.26	4.69	2.31
20150403	1.63	5.44	2.69
20150404	0.19	6.68	2.4
20150405	0.0	10.13	1.86
20150406	0.0	11.94	1.55
20150407	0.49	8.3	1.39
20150408	0.0	10.42	1.25
20150409	0.0	10.37	1.16
20150410	3.9	8.99	1.13
20150411	3.19	3.65	1.13
20150412	0.49	3.56	1.11
20150413	0.03	8.14	1.08
20150414	12.41	8.56	1.15
20150415	0.59	4.85	1.31
20150416	0.0	6.38	1.3
20150417	0.01	5.08	1.24
20150418	0.0	6.39	1.18
20150419	0.16	3.86	1.15
20150420	0.0	6.31	1.11
20150421	0.0	11.02	1.09
20150422	0.0	11.24	1.06
20150423	0.0	10.31	1.06
20150424	8.72	7.28	1.09
20150425	2.57	3.72	1.13
20150426	18.51	1.74	1.24
20150427	2.36	1.16	1.51
20150428	3.38	3.42	2.19
20150429	8.64	4.16	3.14
20150430	2.76	3.82	3.15
20150501	0.89	1.67	2.43
20150502	0.42	4.48	2.02
20150503	1.75	4.92	1.67
20150504	0.01	9.22	1.43
20150505	11.26	4.75	1.51
20150506	4.59	5.13	2.28
20150507	0.19	2.38	2.32
20150508	0.35	5.93	1.83
20150509	0.56	6.44	1.51
20150510	0.42	10.27	1.33
20150511	4.63	9.28	1.24
20150512	2.95	8.23	1.16
20150513	0.0	6.2	1.09
20150514	0.0	5.39	1.02
20150515	5.73	7.81	1.01
20150516	4.23	6.06	1.01
20150517	2.84	6.6	1.01
20150518	3.41	4.67	1.08
20150519	13.7	7.0	2.05
20150520	1.69	9.63	2.77
20150521	0.0	11.35	1.88
20150522	0.0	7.25	1.44
20150523	2.69	11.25	1.22
20150524	1.07	8.55	1.14
20150525	0.75	8.14	1.09
20150526	0.44	8.26	1.02
20150527	5.21	6.72	1.02
20150528	3.49	5.83	1.07
20150529	7.13	5.97	1.18
20150530	5.94	7.99	1.45
20150531	0.83	5.25	1.64
20150601	1.69	5.38	1.47
20150602	3.75	6.49	1.28
20150603	0.23	6.56	1.19
20150604	1.14	9.97	1.11
20150605	0.53	10.36	1.05
20150606	0.43	9.16	0.98
20150607	5.87	6.79	1.01
20150608	0.25	9.31	1.03
20150609	0.01	11.03	1.01
20150610	0.0	11.17	0.95
20150611	0.0	12.75	0.9
20150612	1.07	11.81	0.87
20150613	1.72	5.99	0.89
20150614	0.2	6.29	0.86
20150615	0.02	9.17	0.85
20150616	2.83	12.97	0.85
20150617	0.16	10.08	0.84
20150618	0.79	8.51	0.83
20150619	1.69	9.63	0.83
20150620	0.35	11.89	0.83
20150621	26.54	9.42	1.33
20150622	3.71	8.34	3.27
20150623	0.06	9.64	2.82
20150624	4.17	10.12	2.05
20150625	4.99	13.37	1.78
20150626	7.72	11.35	2.11
20150627	8.29	14.6	2.33
20150628	0.91	13.27	2.22
20150629	0.2	15.08	1.84
20150630	0.0	19.52	1.46
20150701	4.79	21.03	1.24
20150702	14.08	16.14	1.29
20150703	4.25	15.55	1.53
20150704	5.05	12.62	1.86
20150705	3.2	13.14	1.84
20150706	9.95	14.92	1.96
20150707	16.6	11.98	3.96
20150708	4.5	8.98	5.51
20150709	5.95	10.28	2.87
20150710	0.01	14.25	2.31
20150711	1.29	13.98	1.85
20150712	0.02	11.77	1.5
20150713	1.45	11.3	1.29
20150714	2.06	11.22	1.16
20150715	1.1	10.29	1.06
20150716	15.94	13.1	1.02
20150717	1.38	13.22	3.08
20150718	2.49	9.63	2.11
20150719	2.0	11.49	1.6
20150720	0.76	11.31	1.35
20150721	0.0	9.7	1.16
20150722	0.01	11.38	1.03
20150723	0.08	10.48	0.94
20150724	7.62	10.94	0.93
20150725	0.22	9.22	0.93
20150726	0.29	10.19	0.88
20150727	14.05	9.67	0.86
20150728	20.52	9.51	1.85
20150729	0.78	8.98	2.06
20150730	0.0	9.58	1.73
20150731	1.92	10.05	1.37
20150801	1.61	9.92	1.16
20150802	3.31	13.53	1.03
20150803	0.0	15.02	0.97
20150804	0.29	13.41	0.91
20150805	11.25	13.64	0.87
20150806	1.13	10.71	1.16
20150807	0.01	11.63	1.22
20150808	1.12	14.06	1.05
20150809	0.0	13.88	0.94
20150810	21.71	13.91	1.29
20150811	0.04	11.73	2.3
20150812	0.02	11.24	1.59
20150813	0.11	15.24	1.27
20150814	4.63	12.21	1.11
20150815	5.65	8.26	1.24
20150816	0.17	9.06	1.32
20150817	0.07	12.37	1.16
20150818	18.58	12.87	1.48
20150819	1.57	16.07	2.21
20150820	0.05	16.37	1.64
20150821	0.01	14.95	1.36
20150822	1.04	15.4	1.19
20150823	2.94	16.91	1.03
20150824	14.47	13.96	1.07
20150825	0.97	8.99	1.76
20150826	5.54	9.87	1.66
20150827	0.58	11.29	1.58
20150828	0.16	13.06	1.35
20150829	0.21	12.12	1.16
20150830	0.01	12.94	1.04
20150831	5.38	11.14	0.96
20150901	52.58	9.48	3.76
20150902	12.53	8.62	5.42
20150903	5.56	8.96	4.63
20150904	4.32	9.45	3.63
20150905	0.0	9.54	2.69
20150906	0.0	10.98	1.94
20150907	0.03	12.48	1.52
20150908	0.21	10.75	1.28
20150909	0.17	11.17	1.13
20150910	0.0	12.61	1.03
20150911	0.0	12.89	0.96
20150912	0.15	9.26	0.93
20150913	0.01	9.44	0.88
20150914	0.1	9.33	0.87
20150915	0.0	10.24	0.85
20150916	7.33	10.84	0.87
20150917	1.76	10.32	0.87
20150918	0.02	8.93	0.86
20150919	0.0	11.1	0.84
20150920	0.58	11.77	0.83
20150921	27.87	10.39	1.14
20150922	5.03	8.08	2.08
20150923	1.57	9.53	2.25
20150924	0.7	8.57	1.63
20150925	0.02	9.05	1.32
20150926	0.0	8.84	1.14
20150927	0.0	11.42	1.03
20150928	0.17	12.07	0.96
20150929	0.02	11.02	0.91
20150930	0.03	11.38	0.87
20151001	0.34	12.27	0.87
20151002	0.0	10.85	0.87
20151003	0.0	6.73	0.87
20151004	0.0	7.35	0.87
20151005	2.11	11.08	0.87
20151006	10.03	11.31	0.87
20151007	7.63	5.15	0.87
20151008	0.17	7.2	0.87
20151009	0.0	9.94	0.87
20151010	0.01	10.11	0.87
20151011	10.95	6.8	0.87
20151012	3.17	6.06	0.87
20151013	0.0	6.31	0.87
20151014	0.0	5.69	0.87
20151015	0.17	5.3	0.87
20151016	0.03	4.76	0.87
20151017	0.2	5.25	0.87
20151018	0.0	7.3	0.87
20151019	0.04	7.66	0.87
20151020	3.3	9.48	0.87
20151021	0.0	12.29	0.87
20151022	0.0	8.26	0.87
20151023	17.04	8.23	0.87
20151024	0.82	4.37	0.87
20151025	0.03	6.85	0.87
20151026	0.01	7.04	0.87
20151027	0.01	9.6	0.87
20151028	0.33	9.6	0.87
20151029	1.79	6.92	0.87
20151030	0.03	9.0	0.87
20151031	0.03	9.53	0.87
20151101	0.0	9.35	0.87
20151102	0.2	9.13	0.87
20151103	0.27	7.18	0.87
20151104	0.38	5.35	0.87
20151105	2.58	7.47	0.87
20151106	0.09	8.56	0.87
20151107	2.24	5.65	0.87
20151108	4.35	6.93	0.87
20151109	0.98	9.06	0.87
20151110	1.6	7.2	0.87
20151111	1.56	6.14	0.87
20151112	5.27	5.76	0.87
20151113	7.72	2.21	0.87
20151114	1.24	2.54	0.87
20151115	3.63	7.09	0.87
20151116	0.31	3.88	0.87
20151117	0.2	4.0	0.87
20151118	0.82	5.33	0.87
20151119	1.61	3.27	0.87
20151120	13.87	-0.43	0.87
20151121	4.07	-0.57	0.87
20151122	0.4	1.57	0.87
20151123	7.94	4.87	0.87
20151124	3.61	3.33	0.87
20151125	0.42	5.51	0.87
20151126	0.03	10.15	0.87
20151127	9.7	4.09	0.87
20151128	3.5	1.27	0.87
20151129	2.96	-0.46	0.87
20151130	0.13	-0.66	0.87
20151201	6.58	5.03	0.87
20151202	1.42	4.35	0.87
20151203	0.25	1.26	0.87
20151204	12.76	6.08	0.87
20151205	13.39	4.06	0.87
20151206	0.09	1.93	0.87
20151207	0.48	7.63	0.87
20151208	0.59	4.48	0.87
20151209	8.99	4.55	0.87
20151210	1.18	0.48	0.87
20151211	4.76	1.16	0.87
20151212	0.02	-1.6	0.87
20151213	5.59	-2.12	0.87
20151214	0.23	0.09	0.87
20151215	2.33	4.6	0.87
20151216	0.51	9.28	0.87
20151217	0.2	10.26	0.87
20151218	0.43	11.2	0.87
20151219	0.47	8.88	0.87
20151220	0.13	5.27	0.87
20151221	3.77	5.84	0.87
20151222	15.9	3.92	0.87
20151223	7.25	4.95	0.87
20151224	9.7	2.18	0.87
20151225	3.59	1.46	0.87
20151226	17.78	1.43	0.87
20151227	0.93	3.94	0.87
20151228	0.51	7.75	0.87
20151229	10.17	7.84	0.87
20151230	10.14	4.56	0.87
20151231	0.31	0.31	0.87
20160101	0.35	2.49	0.87
20160102	1.53	4.9	0.87
20160103	14.03	4.16	0.87
20160104	4.2	2.41	0.87
20160105	0.46	2.47	0.87
20160106	8.21	3.26	0.87
20160107	26.33	1.2	0.87
20160108	0.4	-1.66	0.87
20160109	19.67	0.41	0.87
20160110	0.75	1.27	0.87
20160111	7.93	1.28	0.87
20160112	2.64	0.65	0.87
20160113	0.0	-2.81	0.87
20160114	0.61	-2.31	0.87
20160115	3.5	-2.19	0.87
20160116	0.0	-4.06	0.87
20160117	0.02	-2.72	0.87
20160118	0.22	-2.4	0.87
20160119	0.01	-2.51	0.87
20160120	0.08	-0.84	0.87
20160121	3.4	3.75	0.87
20160122	0.12	6.21	0.87
20160123	0.02	6.43	0.87
20160124	0.0	10.95	0.87
20160125	3.74	7.04	0.87
20160126	2.43	6.03	0.87
20160127	6.55	0.77	0.87
20160128	8.56	4.99	0.87
20160129	12.55	0.98	0.87
20160130	7.69	-0.29	0.87
20160131	4.61	3.28	0.87
20160201	8.09	4.13	0.87
20160202	17.57	1.49	0.87
20160203	2.82	0.74	0.87
20160204	2.47	4.09	0.87
20160205	3.15	3.67	0.87
20160206	0.31	2.99	0.87
20160207	3.86	1.16	0.87
20160208	0.34	0.85	0.87
20160209	7.06	1.49	0.87
20160210	11.35	0.79	0.87
20160211	1.53	-0.67	0.87
20160212	1.74	-1.73	0.87
20160213	0.83	-1.91	0.87
20160214	7.1	-0.97	0.87
20160215	0.23	-0.5	0.87
20160216	0.71	3.33	0.87
20160217	0.03	-0.1	0.87
20160218	0.03	0.77	0.87
20160219	4.52	2.34	0.87
20160220	7.45	1.42	0.87
20160221	2.25	1.06	0.87
20160222	1.81	2.25	0.87
20160223	1.61	-0.05	0.87
20160224	0.5	-0.07	0.87
20160225	0.83	-0.68	0.87
20160226	0.06	-1.66	0.87
20160227	0.02	-1.11	0.87
20160228	0.01	0.85	0.87
20160229	4.67	4.85	0.87
20160301	2.66	2.36	0.87
20160302	10.86	0.03	0.87
20160303	0.19	0.78	0.87
20160304	12.58	2.02	0.87
20160305	3.07	-0.14	0.87
20160306	0.79	-1.17	0.87
20160307	2.43	0.65	0.87
20160308	8.04	3.39	0.87
20160309	0.01	0.78	0.87
20160310	1.5	3.71	0.87
20160311	5.55	6.53	0.87
20160312	3.15	7.52	0.87
20160313	0.0	6.49	0.87
20160314	0.18	5.35	0.87
20160315	0.02	6.16	0.87
20160316	0.23	5.01	0.87
20160317	0.46	6.19	0.87
20160318	0.23	4.75	0.87
20160319	0.01	4.13	0.87
20160320	0.0	5.93	0.87
20160321	0.14	6.98	0.87
20160322	0.18	7.14	0.87
20160323	0.89	5.08	0.87
20160324	0.79	5.02	0.87
20160325	0.03	7.32	0.87
20160326	2.04	5.45	0.87
20160327	0.14	3.16	0.87
20160328	0.51	4.0	0.87
20160329	3.31	2.16	0.87
20160330	2.2	2.16	0.87
20160331	0.21	3.5	0.87
20160401	0.01	4.28	0.87
20160402	2.95	7.65	0.87
20160403	4.55	4.75	0.87
20160404	19.24	4.85	0.87
20160405	3.37	3.65	0.87
20160406	5.84	5.3	0.87
20160407	8.05	3.89	0.87
20160408	1.05	5.56	0.87
20160409	4.08	5.86	0.87
20160410	0.79	4.57	0.87
20160411	0.0	4.82	0.87
20160412	4.04	6.03	0.87
20160413	0.99	4.02	0.87
20160414	2.35	3.28	0.87
20160415	6.46	1.88	0.87
20160416	2.11	1.31	0.87
20160417	0.63	6.73	0.87
20160418	0.08	4.27	0.87
20160419	0.0	5.39	0.87
20160420	0.0	7.1	0.87
20160421	0.02	4.43	0.87
20160422	1.57	1.87	0.87
20160423	1.55	1.68	0.87
20160424	3.33	3.64	0.87
20160425	7.46	1.28	0.87
20160426	6.42	1.15	0.87
20160427	6.32	-0.03	0.87
20160428	3.46	2.33	0.87
20160429	1.55	2.53	0.87
20160430	0.99	6.16	0.87
20160501	2.84	9.1	0.87
20160502	0.27	5.62	0.87
20160503	0.11	7.47	0.87
20160504	0.01	9.67	0.87
20160505	0.0	7.95	0.87
20160506	0.01	9.28	0.87
20160507	0.06	8.59	0.87
20160508	0.0	11.32	0.87
20160509	0.0	12.76	0.87
20160510	0.0	11.99	0.87
20160511	0.0	10.92	0.87
20160512	1.07	9.57	0.87
20160513	0.0	4.64	0.87
20160514	0.01	5.65	0.87
20160515	0.03	8.13	0.87
20160516	0.0	9.35	0.87
20160517	12.53	10.95	0.87
20160518	2.79	7.96	0.87
20160519	0.99	8.7	0.87
20160520	4.12	10.67	0.87
20160521	3.13	9.71	0.87
20160522	11.65	8.1	0.87
20160523	0.42	10.67	0.87
20160524	0.0	8.11	0.87
20160525	0.46	7.15	0.87
20160526	0.0	8.98	0.87
20160527	0.23	11.86	0.87
20160528	0.0	11.27	0.87
20160529	6.85	12.19	0.87
20160530	0.0	10.92	0.87
20160531	0.38	10.49	0.87
20160601	0.16	9.59	0.87
20160602	4.52	9.09	0.87
20160603	4.85	10.05	0.87
20160604	0.0	10.15	0.87
20160605	0.01	12.0	0.87
20160606	0.0	13.54	0.87
20160607	0.09	15.49	0.87
20160608	0.0	12.67	0.87
20160609	0.01	13.42	0.87
20160610	0.61	11.53	0.87
20160611	1.74	10.57	0.87
20160612	0.79	13.22	0.87
20160613	0.24	10.1	0.87
20160614	17.43	11.24	0.87
20160615	17.86	8.34	0.87
20160616	8.87	8.1	0.87
20160617	12.74	7.14	0.87
20160618	0.0	9.82	0.87
20160619	4.28	13.79	0.87
20160620	0.02	11.74	0.87
20160621	0.01	13.96	0.87
20160622	1.08	13.15	0.87
20160623	0.1	14.57	0.87
20160624	19.04	13.44	0.87
20160625	0.02	11.96	0.87
20160626	3.83	13.59	0.87
20160627	1.01	10.84	0.87
20160628	1.63	11.1	0.87
20160629	8.22	10.63	0.87
20160630	0.38	10.91	0.87
20160701	2.68	8.37	0.87
20160702	10.71	11.25	0.87
20160703	0.15	11.0	0.87
20160704	5.67	11.4	0.87
20160705	7.43	9.82	0.87
20160706	1.37	12.71	0.87
20160707	1.15	14.01	0.87
20160708	0.04	12.06	0.87
20160709	5.34	14.43	0.87
20160710	5.74	13.27	0.87
20160711	0.78	11.53	0.87
20160712	0.07	10.38	0.87
20160713	1.92	11.98	0.87
20160714	0.22	11.71	0.87
20160715	8.8	13.26	0.87
20160716	1.22	12.53	0.87
20160717	2.16	13.65	0.87
20160718	3.51	16.01	0.87
20160719	5.04	19.6	0.87
20160720	13.71	15.81	0.87
20160721	0.81	16.05	0.87
20160722	0.48	14.77	0.87
20160723	0.0	14.76	0.87
20160724	23.14	12.32	0.87
20160725	6.36	13.15	0.87
20160726	0.97	11.68	0.87
20160727	0.07	12.33	0.87
20160728	0.01	12.17	0.87
20160729	1.74	12.24	0.87
20160730	1.97	12.04	0.87
20160731	1.21	11.32	0.87
20160801	0.61	10.07	0.87
20160802	5.49	13.31	0.87
20160803	26.57	14.06	0.87
20160804	5.21	10.56	0.87
20160805	7.44	11.35	0.87
20160806	3.21	14.44	0.87
20160807	4.9	12.36	0.87
20160808	0.53	9.8	0.87
20160809	0.79	6.47	0.87
20160810	21.92	11.09	0.87
20160811	9.39	14.65	0.87
20160812	4.74	14.62	0.87
20160813	0.82	12.76	0.87
20160814	0.0	11.44	0.87
20160815	0.17	13.1	0.87
20160816	0.01	16.51	0.87
20160817	0.0	16.12	0.87
20160818	0.0	13.93	0.87
20160819	7.11	13.21	0.87
20160820	1.3	14.07	0.87
20160821	0.01	13.56	0.87
20160822	0.24	13.77	0.87
20160823	1.69	13.43	0.87
20160824	0.0	13.58	0.87
20160825	0.17	13.16	0.87
20160826	0.16	11.55	0.87
20160827	0.01	12.58	0.87
20160828	0.1	12.67	0.87
20160829	0.15	15.17	0.87
20160830	0.17	16.37	0.87
20160831	0.01	12.4	0.87
20160901	1.07	12.06	0.87
20160902	1.31	12.23	0.87
20160903	0.32	13.44	0.87
20160904	0.37	13.31	0.87
20160905	0.01	15.41	0.87
20160906	1.72	16.22	0.87
20160907	0.22	16.85	0.87
20160908	11.13	12.41	0.87
20160909	0.09	12.12	0.87
20160910	0.0	10.78	0.87
20160911	0.0	14.14	0.87
20160912	5.75	15.98	0.87
20160913	5.11	12.43	0.87
20160914	0.24	11.63	0.87
20160915	17.27	15.58	0.87
20160916	0.22	9.95	0.87
20160917	0.0	12.62	0.87
20160918	0.22	12.36	0.87
20160919	0.0	10.79	0.87
20160920	0.01	9.57	0.87
20160921	0.74	11.35	0.87
20160922	1.01	9.38	0.87
20160923	0.49	12.18	0.87
20160924	5.5	13.67	0.87
20160925	0.4	8.75	0.87
20160926	0.35	10.05	0.87
20160927	1.08	12.43	0.87
20160928	8.2	11.83	0.87
20160929	13.15	6.77	0.87
20160930	0.25	7.22	0.87
20161001	0.07	5.92	0.87
20161002	0.16	6.49	0.87
20161003	0.0	9.73	0.87
20161004	0.0	10.35	0.87
20161005	0.0	8.69	0.87
20161006	0.17	5.81	0.87
20161007	0.01	7.74	0.87
20161008	0.0	6.49	0.87
20161009	0.01	5.27	0.87
20161010	0.17	5.64	0.87
20161011	0.73	6.59	0.87
20161012	0.97	7.36	0.87
20161013	8.88	8.37	0.87
20161014	5.38	8.16	0.87
20161015	6.77	7.33	0.87
20161016	0.12	9.06	0.87
20161017	3.82	7.84	0.87
20161018	4.13	6.99	0.87
20161019	2.87	6.83	0.87
20161020	0.02	7.15	0.87
20161021	0.18	5.64	0.87
20161022	0.17	3.74	0.87
20161023	0.24	3.1	0.87
20161024	0.01	2.36	0.87
20161025	0.19	5.32	0.87
20161026	0.09	9.76	0.87
20161027	1.88	8.39	0.87
20161028	0.22	6.37	0.87
20161029	0.54	9.41	0.87
20161030	7.4	11.6	0.87
20161031	15.59	6.39	0.87
20161101	0.62	4.66	0.87
20161102	1.25	4.13	0.87
20161103	1.58	3.28	0.87
20161104	19.68	3.28	0.87
20161105	3.71	2.68	0.87
20161106	16.07	3.07	0.87
20161107	1.22	1.63	0.87
20161108	1.04	1.55	0.87
20161109	0.84	1.4	0.87
20161110	0.2	1.67	0.87
20161111	6.11	4.94	0.87
20161112	0.23	4.49	0.87
20161113	7.33	8.67	0.87
20161114	0.77	10.14	0.87
20161115	2.54	5.83	0.87
20161116	2.26	1.91	0.87
20161117	0.07	-1.19	0.87
20161118	0.03	-1.73	0.87
20161119	0.03	-2.6	0.87
20161120	0.0	-3.86	0.87
20161121	12.63	-1.55	0.87
20161122	6.22	0.34	0.87
20161123	0.0	-2.18	0.87
20161124	0.01	-0.78	0.87
20161125	0.41	4.37	0.87
20161126	1.57	5.37	0.87
20161127	0.01	-0.59	0.87
20161128	0.22	-0.72	0.87
20161129	0.55	4.3	0.87
20161130	0.01	6.94	0.87
20161201	0.59	5.92	0.87
20161202	0.21	3.18	0.87
20161203	0.0	-0.27	0.87
20161204	0.0	-2.98	0.87
20161205	0.0	-3.66	0.87
20161206	7.85	5.06	0.87
20161207	0.0	10.98	0.87
20161208	1.66	6.87	0.87
20161209	0.09	7.93	0.87
20161210	0.01	5.98	0.87
20161211	0.03	4.73	0.87
20161212	0.02	3.2	0.87
20161213	0.03	5.52	0.87
20161214	4.07	6.44	0.87
20161215	0.0	5.77	0.87
20161216	3.4	3.02	0.87
20161217	5.82	7.14	0.87
20161218	0.01	7.92	0.87
20161219	0.29	3.01	0.87
20161220	2.1	3.27	0.87
20161221	7.14	1.1	0.87
20161222	4.91	2.33	0.87
20161223	9.61	3.72	0.87
20161224	5.37	5.72	0.87
20161225	8.98	5.51	0.87
20161226	6.51	2.07	0.87
20161227	0.04	2.88	0.87
20161228	0.0	6.22	0.87
20161229	0.01	8.83	0.87
20161230	2.68	10.1	0.87
20161231	24.54	4.02	0.87
20170101	12.38	0.6	0.87
20170102	1.51	3.71	0.87
20170103	2.59	4.45	0.87
20170104	0.09	-0.9	0.87
20170105	3.67	1.31	0.87
20170106	1.23	5.13	0.87
20170107	0.02	4.79	0.87
20170108	1.11	6.57	0.87
20170109	13.31	3.32	0.87
20170110	6.25	4.98	0.87
20170111	5.72	0.31	0.87
20170112	12.68	-0.61	0.87
20170113	2.92	-1.86	0.87
20170114	12.38	1.24	0.87
20170115	7.23	5.16	0.87
20170116	0.05	7.08	0.87
20170117	0.0	7.87	0.87
20170118	0.0	6.49	0.87
20170119	0.0	4.94	0.87
20170120	0.0	1.0	0.87
20170121	0.19	-0.37	0.87
20170122	0.05	-0.23	0.87
20170123	0.17	3.38	0.87
20170124	0.0	8.01	0.87
20170125	0.01	4.31	0.87
20170126	0.0	1.79	0.87
20170127	0.18	1.55	0.87
20170128	16.5	0.52	0.87
20170129	0.03	-1.72	0.87
20170130	0.7	-0.37	0.87
20170131	1.31	2.25	0.87
20170201	0.03	3.94	0.87
20170202	0.02	7.6	0.87
20170203	1.81	5.14	0.87
20170204	0.49	1.24	0.87
20170205	0.24	0.02	0.87
20170206	4.78	2.02	0.87
20170207	2.64	1.17	0.87
20170208	0.02	0.89	0.87
20170209	0.02	-1.09	0.87
20170210	3.15	-1.67	0.87
20170211	2.04	-0.14	0.87
20170212	0.52	0.17	0.87
20170213	0.02	1.96	0.87
20170214	0.01	3.1	0.87
20170215	0.24	5.6	0.87
20170216	0.22	3.3	0.87
20170217	0.0	4.85	0.87
20170218	0.59	7.64	0.87
20170219	0.18	8.3	0.87
20170220	0.09	6.64	0.87
20170221	8.26	5.57	0.87
20170222	3.28	1.89	0.87
20170223	6.56	-0.43	0.87
20170224	3.57	3.25	0.87
20170225	1.1	5.07	0.87
20170226	4.57	2.03	0.87
20170227	0.04	-1.38	0.87
20170228	4.19	0.69	0.87
20170301	0.13	1.49	0.87
20170302	0.2	1.07	0.87
20170303	3.03	2.71	0.87
20170304	14.98	0.71	0.87
20170305	0.48	1.82	0.87
20170306	1.22	2.3	0.87
20170307	4.9	3.52	0.87
20170308	11.55	3.83	0.87
20170309	0.2	3.68	0.87
20170310	0.46	6.04	0.87
20170311	0.19	6.8	0.87
20170312	1.22	7.15	0.87
20170313	0.01	8.36	0.87
20170314	1.8	5.82	0.87
20170315	0.0	8.05	0.87
20170316	3.24	4.79	0.87
20170317	11.35	1.17	0.87
20170318	2.34	4.79	0.87
20170319	3.94	4.7	0.87
20170320	0.51	2.64	0.87
20170321	1.02	0.24	0.87
20170322	1.2	0.73	0.87
20170323	0.21	2.42	0.87
20170324	0.0	4.9	0.87
20170325	0.0	6.91	0.87
20170326	0.0	7.06	0.87
20170327	0.01	6.79	0.87
20170328	0.0	6.12	0.87
20170329	2.4	8.06	0.87
20170330	0.06	11.35	0.87
20170331	1.39	7.9	0.87
20170401	4.57	7.05	0.87
20170402	0.0	7.73	0.87
20170403	0.77	7.87	0.87
20170404	0.2	6.77	0.87
20170405	0.0	6.43	0.87
20170406	0.0	8.02	0.87
20170407	0.0	7.87	0.87
20170408	0.0	8.7	0.87
20170409	2.93	7.5	0.87
20170410	1.46	5.74	0.87
20170411	3.18	7.18	0.87
20170412	1.67	5.34	0.87
20170413	0.93	5.75	0.87
20170414	1.73	4.67	0.87
20170415	1.96	5.07	0.87
20170416	0.78	2.28	0.87
20170417	0.84	1.26	0.87
20170418	0.02	5.5	0.87
20170419	0.02	9.43	0.87
20170420	7.41	9.77	0.87
20170421	0.98	5.27	0.87
20170422	0.23	4.69	0.87
20170423	4.05	4.9	0.87
20170424	26.51	1.1	0.87
20170425	4.85	1.65	0.87
20170426	4.28	4.44	0.87
20170427	0.48	4.72	0.87
20170428	0.78	5.28	0.87
20170429	0.0	7.26	0.87
20170430	0.0	7.51	0.87
20170501	0.0	7.11	0.87
20170502	0.0	7.57	0.87
20170503	0.0	8.29	0.87
20170504	0.14	7.5	0.87
20170505	0.0	6.24	0.87
20170506	2.26	8.47	0.87
20170507	0.18	7.08	0.87
20170508	0.0	4.82	0.87
20170509	0.0	8.59	0.87
20170510	0.0	7.2	0.87
20170511	0.0	9.78	0.87
20170512	0.07	12.0	0.87
20170513	1.39	11.84	0.87
20170514	0.55	10.0	0.87
20170515	1.49	12.85	0.87
20170516	0.54	11.06	0.87
20170517	0.16	9.6	0.87
20170518	2.29	8.46	0.87
20170519	7.76	10.03	0.87
20170520	10.36	6.58	0.87
20170521	0.1	10.15	0.87
20170522	10.5	10.3	0.87
20170523	0.22	12.49	0.87
20170524	0.0	15.2	0.87
20170525	0.01	16.27	0.87
20170526	0.0	18.37	0.87
20170527	5.22	17.24	0.87
20170528	0.01	10.8	0.87
20170529	1.26	11.57	0.87
20170530	3.02	10.24	0.87
20170531	0.0	12.06	0.87
20170601	0.78	12.79	0.87
20170602	0.03	9.93	0.87
20170603	5.05	9.74	0.87
20170604	10.3	9.49	0.87
20170605	14.88	10.08	0.87
20170606	107.75	8.11	0.87
20170607	2.52	5.8	0.87
20170608	12.18	9.66	0.87
20170609	2.06	9.41	0.87
20170610	3.62	13.56	0.87
20170611	5.78	12.92	0.87
20170612	0.67	11.42	0.87
20170613	1.18	13.47	0.87
20170614	0.01	14.4	0.87
20170615	0.33	12.97	0.87
20170616	0.98	15.06	0.87
20170617	0.0	17.67	0.87
20170618	2.47	15.39	0.87
20170619	1.1	10.49	0.87
20170620	0.0	12.99	0.87
20170621	3.9	16.87	0.87
20170622	3.33	13.47	0.87
20170623	0.0	11.92	0.87
20170624	2.49	10.21	0.87
20170625	0.41	10.19	0.87
20170626	0.1	10.28	0.87
20170627	0.65	10.04	0.87
20170628	1.53	10.25	0.87
20170629	39.32	9.37	0.87
20170630	3.54	10.91	0.87
20170701	0.36	12.78	0.87
20170702	2.34	10.78	0.87
20170703	1.07	10.51	0.87
20170704	0.9	9.78	0.87
20170705	3.42	12.57	0.87
20170706	2.34	14.83	0.87
20170707	3.13	10.85	0.87
20170708	3.26	12.73	0.87
20170709	0.01	10.71	0.87
20170710	2.07	11.13	0.87
20170711	1.08	10.81	0.87
20170712	0.0	10.94	0.87
20170713	1.79	13.56	0.87
20170714	1.68	13.09	0.87
20170715	5.67	14.21	0.87
20170716	0.0	13.25	0.87
20170717	0.0	13.43	0.87
20170718	0.0	16.42	0.87
20170719	2.36	14.94	0.87
20170720	13.0	10.01	0.87
20170721	0.01	13.81	0.87
20170722	5.41	14.56	0.87
20170723	2.05	12.51	0.87
20170724	1.81	13.3	0.87
20170725	4.67	13.33	0.87
20170726	5.83	12.34	0.87
20170727	0.41	12.08	0.87
20170728	2.98	11.89	0.87
20170729	0.45	12.21	0.87
20170730	4.0	12.49	0.87
20170731	4.0	11.58	0.87
20170801	3.03	11.56	0.87
20170802	1.23	13.9	0.87
20170803	28.99	14.09	0.87
20170804	2.85	11.07	0.87
20170805	1.66	9.66	0.87
20170806	0.39	11.13	0.87
20170807	2.09	11.76	0.87
20170808	3.02	11.88	0.87
20170809	0.0	11.14	0.87
20170810	2.96	14.04	0.87
20170811	0.78	13.63	0.87
20170812	1.37	9.97	0.87
20170813	6.65	10.55	0.87
20170814	16.53	12.68	0.87
20170815	0.09	11.93	0.87
20170816	0.66	12.64	0.87
20170817	0.24	12.96	0.87
20170818	3.92	10.94	0.87
20170819	5.84	12.47	0.87
20170820	0.02	11.57	0.87
20170821	0.44	13.65	0.87
20170822	3.38	15.91	0.87
20170823	3.14	13.11	0.87
20170824	11.5	13.6	0.87
20170825	19.84	13.79	0.87
20170826	0.68	12.69	0.87
20170827	2.45	15.18	0.87
20170828	0.03	13.28	0.87
20170829	0.15	10.39	0.87
20170830	1.93	10.54	0.87
20170831	0.28	10.49	0.87
20170901	0.26	9.74	0.87
20170902	0.18	11.02	0.87
20170903	1.1	14.42	0.87
20170904	2.3	12.69	0.87
20170905	0.45	11.3	0.87
20170906	2.57	11.61	0.87
20170907	5.36	10.12	0.87
20170908	11.17	11.27	0.87
20170909	2.91	10.69	0.87
20170910	14.03	9.56	0.87
20170911	8.8	10.19	0.87
20170912	13.12	9.59	0.87
20170913	5.79	8.82	0.87
20170914	21.47	9.32	0.87
20170915	15.63	8.41	0.87
20170916	15.67	8.88	0.87
20170917	1.65	8.66	0.87
20170918	0.2	6.39	0.87
20170919	0.05	9.74	0.87
20170920	32.38	12.19	0.87
20170921	8.09	5.39	0.87
20170922	0.01	8.51	0.87
20170923	0.1	14.17	0.87
20170924	12.03	12.57	0.87
20170925	2.13	11.33	0.87
20170926	0.0	13.23	0.87
20170927	1.19	12.89	0.87
20170928	0.19	13.5	0.87
20170929	0.01	9.61	0.87
20170930	0.66	5.86	0.87
20171001	6.78	10.69	0.87
20171002	3.77	9.42	0.87
20171003	1.36	8.64	0.87
20171004	3.6	8.22	0.87
20171005	0.92	7.26	0.87
20171006	2.9	8.88	0.87
20171007	5.91	10.7	0.87
20171008	1.37	11.18	0.87
20171009	3.69	9.53	0.87
20171010	0.23	9.13	0.87
20171011	6.58	8.11	0.87
20171012	0.27	12.23	0.87
20171013	0.0	12.02	0.87
20171014	0.0	11.04	0.87
20171015	3.83	11.72	0.87
20171016	14.51	9.19	0.87
20171017	7.2	8.11	0.87
20171018	0.01	7.62	0.87
20171019	6.3	10.68	0.87
20171020	0.99	10.67	0.87
20171021	1.99	9.56	0.87
20171022	1.83	7.2	0.87
20171023	1.55	8.85	0.87
20171024	0.37	9.67	0.87
20171025	0.0	9.6	0.87
20171026	1.45	7.93	0.87
20171027	0.0	9.67	0.87
20171028	0.31	8.39	0.87
20171029	2.26	2.31	0.87
20171030	3.66	5.33	0.87
20171031	0.66	11.77	0.87
20171101	5.65	8.42	0.87
20171102	0.03	3.99	0.87
20171103	0.68	5.76	0.87
20171104	2.07	3.38	0.87
20171105	0.01	0.7	0.87
20171106	6.7	6.7	0.87
20171107	0.01	1.88	0.87
20171108	1.34	6.7	0.87
20171109	5.74	4.04	0.87
20171110	6.19	2.02	0.87
20171111	2.93	2.0	0.87
20171112	4.91	1.15	0.87
20171113	13.19	3.73	0.87
20171114	0.41	3.4	0.87
20171115	5.57	4.91	0.87
20171116	0.36	2.53	0.87
20171117	8.66	3.25	0.87
20171118	1.18	1.82	0.87
20171119	13.36	1.96	0.87
20171120	7.81	3.15	0.87
20171121	23.64	4.83	0.87
20171122	5.41	0.68	0.87
20171123	5.57	-0.91	0.87
20171124	0.35	-1.04	0.87
20171125	6.98	0.85	0.87
20171126	3.46	1.57	0.87
20171127	10.02	1.56	0.87
20171128	11.92	1.33	0.87
20171129	3.24	-0.3	0.87
20171130	1.76	-0.54	0.87
20171201	0.65	2.27	0.87
20171202	0.18	5.61	0.87
20171203	0.14	4.84	0.87
20171204	0.0	6.17	0.87
20171205	0.13	7.94	0.87
20171206	0.66	7.46	0.87
20171207	6.23	0.54	0.87
20171208	1.8	-1.3	0.87
20171209	0.17	-4.57	0.87
20171210	1.5	-3.82	0.87
20171211	6.37	-1.24	0.87
20171212	2.68	-1.03	0.87
20171213	0.61	-1.25	0.87
20171214	7.85	-0.97	0.87
20171215	2.31	-0.06	0.87
20171216	4.67	0.3	0.87
20171217	3.04	2.9	0.87
20171218	0.06	5.67	0.87
20171219	2.23	8.0	0.87
20171220	0.26	5.25	0.87
20171221	1.39	2.65	0.87
20171222	0.07	6.14	0.87
20171223	12.66	9.43	0.87
20171224	9.52	4.56	0.87
20171225	1.14	0.92	0.87
20171226	2.22	-0.61	0.87
20171227	4.55	-0.67	0.87
20171228	0.83	-3.96	0.87
20171229	0.65	-1.97	0.87
20171230	1.9	0.06	0.87
20171231	4.45	-0.23	0.87
20180101	0.85	-0.67	0.87
20180102	1.05	-0.17	0.87
20180103	0.01	-0.32	0.87
20180104	1.46	0.19	0.87
20180105	6.95	0.8	0.87
20180106	1.02	-2.9	0.87
20180107	0.0	-4.27	0.87
20180108	2.3	-0.61	0.87
20180109	0.05	2.54	0.87
20180110	1.81	1.8	0.87
20180111	0.07	-0.08	0.87
20180112	0.24	3.07	0.87
20180113	0.03	3.5	0.87
20180114	0.67	4.02	0.87
20180115	0.53	0.7	0.87
20180116	1.61	-2.27	0.87
20180117	0.09	-2.11	0.87
20180118	0.02	-2.19	0.87
20180119	0.0	-3.56	0.87
20180120	0.0	-4.93	0.87
20180121	2.51	-1.17	0.87
20180122	1.57	4.82	0.87
20180123	7.04	4.97	0.87
20180124	3.25	1.68	0.87
20180125	1.46	1.31	0.87
20180126	0.06	3.39	0.87
20180127	3.42	5.89	0.87
20180128	27.86	4.52	0.87
20180129	0.57	2.15	0.87
20180130	1.38	2.55	0.87
20180131	5.54	0.84	0.87
20180201	6.44	1.91	0.87
20180202	1.33	0.61	0.87
20180203	12.44	0.46	0.87
20180204	0.18	0.18	0.87
20180205	3.1	0.39	0.87
20180206	0.16	-2.66	0.87
20180207	0.57	-0.81	0.87
20180208	0.07	1.55	0.87
20180209	0.2	0.26	0.87
20180210	0.51	1.06	0.87
20180211	0.25	-1.43	0.87
20180212	2.61	0.22	0.87
20180213	3.19	-1.06	0.87
20180214	0.48	1.18	0.87
20180215	0.09	0.97	0.87
20180216	0.03	1.43	0.87
20180217	0.06	1.62	0.87
20180218	7.51	3.03	0.87
20180219	7.76	4.67	0.87
20180220	0.68	0.86	0.87
20180221	0.05	0.76	0.87
20180222	0.18	1.18	0.87
20180223	0.0	0.79	0.87
20180224	0.0	-0.54	0.87
20180225	0.0	0.45	0.87
20180226	1.69	-1.48	0.87
20180227	2.09	-3.39	0.87
20180228	3.57	-7.04	0.87
20180301	0.85	-4.17	0.87
20180302	0.6	-2.23	0.87
20180303	0.63	-1.16	0.87
20180304	4.56	-0.28	0.87
20180305	6.1	0.78	0.87
20180306	11.73	0.38	0.87
20180307	0.02	1.04	0.87
20180308	0.03	0.85	0.87
20180309	0.05	0.14	0.87
20180310	5.79	1.39	0.87
20180311	0.25	3.49	0.87
20180312	1.03	2.31	0.87
20180313	0.04	2.96	0.87
20180314	0.0	4.65	0.87
20180315	1.9	2.48	0.87
20180316	0.9	0.57	0.87
20180317	0.56	-2.34	0.87
20180318	0.28	-2.88	0.87
20180319	0.01	-0.27	0.87
20180320	3.34	2.01	0.87
20180321	1.11	6.05	0.87
20180322	11.76	6.63	0.87
20180323	4.7	3.03	0.87
20180324	0.97	4.12	0.87
20180325	1.81	3.54	0.87
20180326	1.89	3.84	0.87
20180327	2.23	2.95	0.87
20180328	0.23	0.74	0.87
20180329	2.6	2.46	0.87
20180330	2.33	1.7	0.87
20180331	0.02	-1.16	0.87
20180401	2.83	1.79	0.87
20180402	9.71	0.65	0.87
20180403	14.77	0.57	0.87
20180404	0.53	-0.44	0.87
20180405	0.05	2.98	0.87
20180406	0.02	5.72	0.87
20180407	4.95	7.12	0.87
20180408	0.08	6.74	0.87
20180409	0.17	6.41	0.87
20180410	7.46	4.6	0.87
20180411	0.16	5.56	0.87
20180412	0.32	7.31	0.87
20180413	0.21	5.51	0.87
20180414	0.0	6.64	0.87
20180415	0.0	9.27	0.87
20180416	0.15	10.74	0.87
20180417	0.02	10.9	0.87
20180418	0.0	13.82	0.87
20180419	0.0	10.42	0.87
20180420	0.04	7.49	0.87
20180421	0.0	10.36	0.87
20180422	0.9	8.65	0.87
20180423	3.15	7.32	0.87
20180424	0.39	6.31	0.87
20180425	0.32	6.26	0.87
20180426	2.15	6.18	0.87
20180427	6.29	4.52	0.87
20180428	0.4	3.1	0.87
20180429	0.19	2.19	0.87
20180430	0.0	3.51	0.87
20180501	7.18	6.92	0.87
20180502	1.34	4.85	0.87
20180503	0.95	9.47	0.87
20180504	0.0	12.36	0.87
20180505	0.0	13.11	0.87
20180506	0.0	12.82	0.87
20180507	0.67	12.4	0.87
20180508	0.21	10.26	0.87
20180509	0.04	7.33	0.87
20180510	0.02	6.18	0.87
20180511	2.43	9.4	0.87
20180512	5.2	10.99	0.87
20180513	3.22	7.39	0.87
20180514	0.0	11.71	0.87
20180515	0.15	10.3	0.87
20180516	0.0	6.91	0.87
20180517	0.0	8.96	0.87
20180518	0.0	11.91	0.87
20180519	1.07	15.53	0.87
20180520	3.23	14.07	0.87
20180521	7.85	10.27	0.87
20180522	0.32	7.6	0.87
20180523	0.0	10.48	0.87
20180524	0.0	13.06	0.87
20180525	0.33	11.44	0.87
20180526	0.16	11.3	0.87
20180527	0.0	12.47	0.87
20180528	0.0	15.6	0.87
20180529	0.03	13.45	0.87
20180530	0.18	14.09	0.87
20180531	0.0	15.54	0.87
20180601	5.34	17.62	0.87
20180602	0.68	16.59	0.87
20180603	0.04	15.43	0.87
20180604	0.04	11.01	0.87
20180605	0.0	9.71	0.87
20180606	0.0	11.28	0.87
20180607	0.0	11.8	0.87
20180608	0.01	12.17	0.87
20180609	0.09	12.57	0.87
20180610	0.05	12.35	0.87
20180611	0.0	10.89	0.87
20180612	0.0	10.9	0.87
20180613	2.66	13.45	0.87
20180614	0.89	10.86	0.87
20180615	0.03	9.92	0.87
20180616	4.47	9.94	0.87
20180617	0.87	12.44	0.87
20180618	0.01	10.9	0.87
20180619	12.71	10.92	0.87
20180620	11.04	8.18	0.87
20180621	0.02	9.09	0.87
20180622	0.15	11.78	0.87
20180623	0.0	12.83	0.87
20180624	0.0	13.62	0.87
20180625	0.0	15.41	0.87
20180626	0.0	15.01	0.87
20180627	0.0	18.84	0.87
20180628	0.01	18.79	0.87
20180629	0.0	14.82	0.87
20180630	0.0	16.33	0.87
20180701	0.02	17.8	0.87
20180702	0.0	13.73	0.87
20180703	0.0	16.81	0.87
20180704	0.01	17.69	0.87
20180705	0.06	14.69	0.87
20180706	0.0	13.66	0.87
20180707	0.0	18.73	0.87
20180708	1.03	16.17	0.87
20180709	0.78	14.68	0.87
20180710	2.04	14.21	0.87
20180711	4.97	12.69	0.87
20180712	0.02	13.45	0.87
20180713	0.33	14.53	0.87
20180714	0.08	18.54	0.87
20180715	3.0	16.76	0.87
20180716	0.09	13.6	0.87
20180717	4.55	12.25	0.87
20180718	0.0	11.96	0.87
20180719	11.54	15.78	0.87
20180720	4.33	14.93	0.87
20180721	0.0	16.68	0.87
20180722	1.24	18.77	0.87
20180723	0.89	15.84	0.87
20180724	0.0	12.71	0.87
20180725	0.0	16.02	0.87
20180726	0.02	19.08	0.87
20180727	4.52	20.76	0.87
20180728	2.06	13.79	0.87
20180729	2.37	11.83	0.87
20180730	1.35	12.63	0.87
20180731	0.0	14.58	0.87
20180801	0.94	15.63	0.87
20180802	4.44	18.35	0.87
20180803	4.25	16.57	0.87
20180804	0.01	15.46	0.87
20180805	4.95	15.9	0.87
20180806	0.0	15.57	0.87
20180807	0.0	12.15	0.87
20180808	0.64	10.39	0.87
20180809	0.0	10.2	0.87
20180810	1.68	11.19	0.87
20180811	0.05	12.35	0.87
20180812	5.58	12.24	0.87
20180813	1.36	13.24	0.87
20180814	2.66	15.26	0.87
20180815	0.85	12.0	0.87
20180816	0.6	12.63	0.87
20180817	0.0	13.94	0.87
20180818	0.04	12.25	0.87
20180819	0.0	12.16	0.87
20180820	0.0	12.57	0.87
20180821	1.91	16.0	0.87
20180822	0.31	12.34	0.87
20180823	1.18	10.67	0.87
20180824	4.65	9.61	0.87
20180825	0.42	8.49	0.87
20180826	10.21	9.43	0.87
20180827	0.51	11.0	0.87
20180828	1.58	10.26	0.87
20180829	0.02	9.92	0.87
20180830	0.03	8.36	0.87
20180831	0.0	13.37	0.87
20180901	0.0	14.5	0.87
20180902	7.62	14.98	0.87
20180903	0.0	10.06	0.87
20180904	0.0	10.54	0.87
20180905	4.85	10.18	0.87
20180906	13.02	9.39	0.87
20180907	0.03	10.89	0.87
20180908	6.16	11.77	0.87
20180909	1.5	11.88	0.87
20180910	5.36	11.06	0.87
20180911	0.02	10.59	0.87
20180912	1.36	10.31	0.87
20180913	1.85	9.42	0.87
20180914	0.35	7.46	0.87
20180915	6.46	10.89	0.87
20180916	1.06	10.79	0.87
20180917	18.44	13.12	0.87
20180918	5.6	10.56	0.87
20180919	7.48	9.21	0.87
20180920	11.92	8.57	0.87
20180921	3.42	7.19	0.87
20180922	3.43	6.52	0.87
20180923	2.85	6.04	0.87
20180924	0.22	8.79	0.87
20180925	1.19	11.59	0.87
20180926	10.3	12.06	0.87
20180927	5.47	6.93	0.87
20180928	0.0	8.32	0.87
20180929	1.76	8.29	0.87
20180930	4.18	5.93	0.87
20181001	8.34	8.05	0.87
20181002	1.39	7.52	0.87
20181003	0.72	9.9	0.87
20181004	3.24	8.22	0.87
20181005	0.35	5.0	0.87
20181006	0.42	4.5	0.87
20181007	0.27	8.77	0.87
20181008	0.31	10.85	0.87
20181009	5.2	12.5	0.87
20181010	0.0	14.26	0.87
20181011	1.63	9.32	0.87
20181012	4.43	11.15	0.87
20181013	30.95	7.14	0.87
20181014	0.2	5.52	0.87
20181015	0.0	7.78	0.87
20181016	0.01	9.56	0.87
20181017	0.0	5.87	0.87
20181018	0.06	7.04	0.87
20181019	1.21	8.01	0.87
20181020	6.35	12.47	0.87
20181021	0.75	6.86	0.87
20181022	0.84	9.16	0.87
20181023	0.0	11.55	0.87
20181024	0.0	8.93	0.87
20181025	5.88	5.92	0.87
20181026	16.09	2.19	0.87
20181027	12.02	1.44	0.87
20181028	2.99	0.82	0.87
20181029	0.41	0.73	0.87
20181030	0.31	0.08	0.87
20181031	1.63	2.22	0.87
20181101	0.02	2.23	0.87
20181102	3.79	7.33	0.87
20181103	3.5	10.53	0.87
20181104	4.06	7.4	0.87
20181105	1.31	7.2	0.87
20181106	0.03	10.25	0.87
20181107	0.47	5.11	0.87
20181108	0.12	4.78	0.87
20181109	3.27	6.77	0.87
20181110	3.44	4.33	0.87
20181111	0.2	4.03	0.87
20181112	0.03	4.87	0.87
20181113	0.43	6.5	0.87
20181114	0.51	11.82	0.87
20181115	0.02	6.6	0.87
20181116	0.36	5.99	0.87
20181117	0.01	4.15	0.87
20181118	0.05	2.47	0.87
20181119	1.03	2.67	0.87
20181120	5.03	3.23	0.87
20181121	3.98	3.48	0.87
20181122	0.56	4.14	0.87
20181123	0.31	2.6	0.87
20181124	1.02	1.27	0.87
20181125	0.22	0.78	0.87
20181126	0.01	-0.07	0.87
20181127	1.16	4.37	0.87
20181128	0.35	8.96	0.87
20181129	12.11	5.56	0.87
20181130	0.06	3.44	0.87
20181201	0.0	0.46	0.87
20181202	4.22	1.0	0.87
20181203	0.53	0.06	0.87
20181204	0.01	-2.34	0.87
20181205	3.34	-0.2	0.87
20181206	0.31	6.09	0.87
20181207	10.03	4.82	0.87
20181208	7.48	3.96	0.87
20181209	0.89	1.2	0.87
20181210	0.0	0.07	0.87
20181211	0.19	3.87	0.87
20181212	0.02	3.95	0.87
20181213	0.01	1.43	0.87
20181214	0.0	1.1	0.87
20181215	3.99	2.14	0.87
20181216	0.0	1.22	0.87
20181217	0.24	3.77	0.87
20181218	0.44	4.15	0.87
20181219	0.04	1.65	0.87
20181220	0.05	0.68	0.87
20181221	0.19	0.22	0.87
20181222	0.5	1.88	0.87
20181223	0.35	2.15	0.87
20181224	0.21	-1.33	0.87
20181225	0.03	5.34	0.87
20181226	0.0	8.53	0.87
20181227	0.86	6.56	0.87
20181228	2.81	5.19	0.87
20181229	2.43	6.05	0.87
20181230	0.02	8.82	0.87
20181231	0.68	6.87	0.87
20190101	0.51	0.89	0.87
20190102	0.0	-2.7	0.87
20190103	0.0	1.38	0.87
20190104	0.0	3.53	0.87
20190105	1.24	3.72	0.87
20190106	0.09	6.68	0.87
20190107	2.83	5.62	0.87
20190108	1.39	1.19	0.87
20190109	1.6	2.66	0.87
20190110	0.24	6.43	0.87
20190111	2.0	6.09	0.87
20190112	6.36	7.49	0.87
20190113	6.27	1.5	0.87
20190114	1.59	2.94	0.87
20190115	10.33	5.37	0.87
20190116	15.88	0.11	0.87
20190117	0.02	-3.27	0.87
20190118	0.01	-2.87	0.87
20190119	0.02	-2.67	0.87
20190120	1.98	-0.37	0.87
20190121	0.93	-0.14	0.87
20190122	0.0	-2.97	0.87
20190123	0.06	-2.69	0.87
20190124	1.82	1.04	0.87
20190125	15.25	3.78	0.87
20190126	21.11	2.22	0.87
20190127	10.06	-0.73	0.87
20190128	0.03	-1.97	0.87
20190129	1.75	-3.15	0.87
20190130	0.01	-4.35	0.87
20190131	1.38	-5.21	0.87
20190201	15.78	-2.26	0.87
20190202	0.04	-3.79	0.87
20190203	11.83	0.99	0.87
20190204	0.88	-0.9	0.87
20190205	4.06	0.2	0.87
20190206	1.28	1.97	0.87
20190207	0.91	1.71	0.87
20190208	2.06	4.85	0.87
20190209	0.64	1.7	0.87
20190210	9.37	1.12	0.87
20190211	1.46	2.93	0.87
20190212	0.0	7.31	0.87
20190213	0.0	8.99	0.87
20190214	0.01	7.99	0.87
20190215	2.45	8.33	0.87
20190216	0.04	7.47	0.87
20190217	1.16	7.41	0.87
20190218	0.64	4.42	0.87
20190219	4.91	5.98	0.87
20190220	0.02	7.88	0.87
20190221	0.0	10.38	0.87
20190222	0.0	10.99	0.87
20190223	0.0	6.32	0.87
20190224	0.19	7.48	0.87
20190225	0.0	11.19	0.87
20190226	0.0	8.71	0.87
20190227	0.0	7.58	0.87
20190228	0.04	4.86	0.87
20190301	2.92	5.81	0.87
20190302	6.26	6.02	0.87
20190303	2.86	5.41	0.87
20190304	0.22	1.1	0.87
20190305	0.06	0.96	0.87
20190306	23.03	3.06	0.87
20190307	8.48	1.01	0.87
20190308	2.89	2.63	0.87
20190309	1.27	0.43	0.87
20190310	14.3	1.72	0.87
20190311	3.24	3.52	0.87
20190312	13.82	3.26	0.87
20190313	6.88	4.58	0.87
20190314	6.54	4.38	0.87
20190315	2.95	2.38	0.87
20190316	14.37	0.71	0.87
20190317	6.64	0.79	0.87
20190318	0.26	4.15	0.87
20190319	0.76	8.46	0.87
20190320	4.63	10.57	0.87
20190321	0.61	9.53	0.87
20190322	0.49	5.9	0.87
20190323	0.17	4.9	0.87
20190324	5.34	4.02	0.87
20190325	0.2	5.52	0.87
20190326	0.0	8.33	0.87
20190327	0.01	8.87	0.87
20190328	0.0	9.12	0.87
20190329	6.36	6.97	0.87
20190330	0.01	2.01	0.87
20190331	0.19	2.53	0.87
20190401	0.32	3.18	0.87
20190402	40.4	3.34	0.87
20190403	18.51	2.29	0.87
20190404	2.1	3.18	0.87
20190405	3.37	3.41	0.87
20190406	0.04	4.95	0.87
20190407	0.0	4.39	0.87
20190408	0.01	4.45	0.87
20190409	0.0	3.03	0.87
20190410	0.0	5.66	0.87
20190411	0.15	5.6	0.87
20190412	0.16	4.42	0.87
20190413	0.0	3.19	0.87
20190414	0.05	4.26	0.87
20190415	0.0	6.24	0.87
20190416	0.02	6.21	0.87
20190417	0.0	6.67	0.87
20190418	0.0	10.64	0.87
20190419	0.0	14.37	0.87
20190420	2.67	14.57	0.87
20190421	0.0	14.13	0.87
20190422	0.0	13.28	0.87
20190423	0.0	10.36	0.87
20190424	0.21	9.37	0.87
20190425	0.09	9.85	0.87
20190426	0.11	8.94	0.87
20190427	0.27	7.96	0.87
20190428	0.0	7.22	0.87
20190429	0.0	9.15	0.87
20190430	0.0	10.36	0.87
20190501	3.2	9.16	0.87
20190502	2.22	3.6	0.87
20190503	5.77	2.51	0.87
20190504	1.37	3.94	0.87
20190505	3.82	4.17	0.87
20190506	1.18	3.09	0.87
20190507	1.38	3.84	0.87
20190508	1.28	2.85	0.87
20190509	0.22	3.66	0.87
20190510	3.9	5.36	0.87
20190511	0.02	4.49	0.87
20190512	0.0	9.14	0.87
20190513	0.0	10.39	0.87
20190514	0.0	12.94	0.87
20190515	0.0	13.63	0.87
20190516	0.0	10.02	0.87
20190517	1.06	11.22	0.87
20190518	6.58	9.05	0.87
20190519	12.29	11.1	0.87
20190520	30.59	9.89	0.87
20190521	9.72	8.0	0.87
20190522	17.91	9.03	0.87
20190523	0.09	9.01	0.87
20190524	0.15	8.84	0.87
20190525	26.61	8.35	0.87
20190526	15.35	8.16	0.87
20190527	1.97	6.28	0.87
20190528	0.32	3.89	0.87
20190529	5.77	9.63	0.87
20190530	11.2	8.03	0.87
20190531	10.47	11.0	0.87
20190601	4.26	10.64	0.87
20190602	2.19	12.5	0.87
20190603	0.04	10.59	0.87
20190604	16.47	10.3	0.87
20190605	9.01	7.61	0.87
20190606	7.75	7.34	0.87
20190607	0.01	10.93	0.87
20190608	0.01	9.42	0.87
20190609	17.1	9.74	0.87
20190610	0.96	9.17	0.87
20190611	5.73	8.37	0.87
20190612	10.07	6.12	0.87
20190613	11.99	7.49	0.87
20190614	0.01	10.13	0.87
20190615	1.31	11.28	0.87
20190616	4.56	11.13	0.87
20190617	0.49	10.58	0.87
20190618	0.01	11.01	0.87
20190619	2.96	11.52	0.87
20190620	0.6	10.16	0.87
20190621	0.55	8.17	0.87
20190622	0.01	12.41	0.87
20190623	3.3	14.05	0.87
20190624	9.87	10.58	0.87
20190625	0.08	9.78	0.87
20190626	0.0	12.41	0.87
20190627	0.0	14.97	0.87
20190628	0.0	18.77	0.87
20190629	3.07	16.57	0.87
20190630	0.25	13.48	0.87
20190701	4.52	10.09	0.87
20190702	1.17	9.65	0.87
20190703	0.79	12.88	0.87
20190704	2.24	12.02	0.87
20190705	1.24	12.32	0.87
20190706	0.22	8.71	0.87
20190707	0.01	8.38	0.87
20190708	4.29	13.86	0.87
20190709	8.43	14.54	0.87
20190710	26.86	16.15	0.87
20190711	14.37	15.26	0.87
20190712	1.28	13.54	0.87
20190713	0.77	12.12	0.87
20190714	0.0	11.77	0.87
20190715	0.01	15.22	0.87
20190716	0.25	15.43	0.87
20190717	7.31	12.38	0.87
20190718	0.87	12.75	0.87
20190719	2.28	15.25	0.87
20190720	2.37	12.68	0.87
20190721	2.16	16.08	0.87
20190722	0.01	18.26	0.87
20190723	11.06	20.29	0.87
20190724	0.02	18.33	0.87
20190725	0.28	21.47	0.87
20190726	13.23	19.62	0.87
20190727	0.03	17.76	0.87
20190728	0.57	17.35	0.87
20190729	0.13	17.67	0.87
20190730	4.38	17.24	0.87
20190731	0.29	15.7	0.87
20190801	0.0	14.71	0.87
20190802	0.0	13.88	0.87
20190803	0.0	14.72	0.87
20190804	4.55	15.4	0.87
20190805	2.65	14.24	0.87
20190806	51.82	14.36	0.87
20190807	28.59	13.13	0.87
20190808	2.31	12.77	0.87
20190809	18.49	11.97	0.87
20190810	9.31	13.88	0.87
20190811	6.34	8.56	0.87
20190812	0.34	10.02	0.87
20190813	1.31	9.98	0.87
20190814	8.08	12.47	0.87
20190815	5.34	12.16	0.87
20190816	2.72	13.84	0.87
20190817	0.18	12.89	0.87
20190818	1.01	12.35	0.87
20190819	2.84	11.99	0.87
20190820	1.48	10.12	0.87
20190821	0.23	11.32	0.87
20190822	0.02	14.65	0.87
20190823	0.03	15.69	0.87
20190824	0.02	14.59	0.87
20190825	0.0	17.76	0.87
20190826	0.0	14.47	0.87
20190827	1.13	15.97	0.87
20190828	2.55	11.2	0.87
20190829	1.45	12.77	0.87
20190830	10.13	14.6	0.87
20190831	29.07	9.73	0.87
20190901	3.27	7.3	0.87
20190902	8.1	11.7	0.87
20190903	0.46	10.64	0.87
20190904	6.74	8.77	0.87
20190905	5.53	10.99	0.87
20190906	4.8	9.83	0.87
20190907	0.0	6.86	0.87
20190908	11.18	12.5	0.87
20190909	4.42	10.57	0.87
20190910	4.36	12.66	0.87
20190911	0.5	11.96	0.87
20190912	0.78	10.15	0.87
20190913	0.02	11.56	0.87
20190914	2.18	11.54	0.87
20190915	0.0	8.71	0.87
20190916	0.46	8.67	0.87
20190917	5.1	8.58	0.87
20190918	1.26	10.87	0.87
20190919	0.19	11.23	0.87
20190920	0.0	13.13	0.87
20190921	0.0	13.07	0.87
20190922	0.25	15.11	0.87
20190923	0.6	13.34	0.87
20190924	2.5	14.69	0.87
20190925	2.22	13.57	0.87
20190926	4.49	10.8	0.87
20190927	12.94	10.79	0.87
20190928	9.25	10.0	0.87
20190929	9.73	9.28	0.87
20190930	1.25	5.43	0.87
20191001	2.33	5.38	0.87
20191002	0.73	5.44	0.87
20191003	0.56	7.37	0.87
20191004	0.51	5.0	0.87
20191005	11.08	8.85	0.87
20191006	0.04	9.29	0.87
20191007	2.19	9.28	0.87
20191008	0.04	9.19	0.87
20191009	0.33	8.62	0.87
20191010	6.2	8.72	0.87
20191011	1.05	8.16	0.87
20191012	0.01	4.93	0.87
20191013	0.25	5.64	0.87
20191014	0.0	6.35	0.87
20191015	0.35	6.93	0.87
20191016	1.66	4.71	0.87
20191017	0.65	6.14	0.87
20191018	18.42	7.45	0.87
20191019	10.1	6.8	0.87
20191020	1.05	3.56	0.87
20191021	4.11	5.05	0.87
20191022	0.67	9.39	0.87
20191023	0.0	9.18	0.87
20191024	0.06	5.13	0.87
20191025	0.02	3.21	0.87
20191026	9.47	4.57	0.87
20191027	6.35	3.38	0.87
20191028	7.33	2.94	0.87
20191029	0.17	1.52	0.87
20191030	0.17	0.88	0.87
20191031	0.58	2.65	0.87
20191101	7.65	6.43	0.87
20191102	8.08	8.58	0.87
20191103	10.95	7.4	0.87
20191104	14.8	5.26	0.87
20191105	8.16	2.11	0.87
20191106	1.77	1.44	0.87
20191107	4.46	1.55	0.87
20191108	5.14	-0.9	0.87
20191109	0.38	-0.35	0.87
20191110	1.99	0.56	0.87
20191111	22.74	2.69	0.87
20191112	9.42	0.37	0.87
20191113	4.79	-1.48	0.87
20191114	7.46	1.03	0.87
20191115	1.29	2.13	0.87
20191116	0.17	0.18	0.87
20191117	0.85	-0.68	0.87
20191118	0.03	-2.89	0.87
20191119	0.18	-0.45	0.87
20191120	0.05	4.07	0.87
20191121	0.71	3.48	0.87
20191122	0.93	3.83	0.87
20191123	7.79	5.89	0.87
20191124	0.03	5.97	0.87
20191125	0.52	6.15	0.87
20191126	16.84	7.42	0.87
20191127	31.33	4.92	0.87
20191128	4.44	1.92	0.87
20191129	0.07	-1.55	0.87
20191130	0.0	-2.36	0.87
20191201	2.56	0.89	0.87
20191202	8.53	5.98	0.87
20191203	0.0	4.65	0.87
20191204	1.47	5.44	0.87
20191205	6.03	8.03	0.87
20191206	2.1	4.76	0.87
20191207	4.94	5.92	0.87
20191208	13.94	2.32	0.87
20191209	0.08	3.15	0.87
20191210	11.06	5.89	0.87
20191211	4.96	0.85	0.87
20191212	5.77	1.04	0.87
20191213	6.62	1.55	0.87
20191214	0.22	-0.21	0.87
20191215	0.0	-1.68	0.87
20191216	5.66	-2.17	0.87
20191217	0.86	-1.82	0.87
20191218	1.66	1.5	0.87
20191219	3.02	5.61	0.87
20191220	0.0	3.77	0.87
20191221	0.01	-0.08	0.87
20191222	0.01	-2.23	0.87
20191223	0.75	-0.53	0.87
20191224	1.17	0.93	0.87
20191225	0.05	1.19	0.87
20191226	1.75	3.64	0.87
20191227	2.62	7.6	0.87
20191228	0.05	9.62	0.87
20191229	4.39	8.9	0.87
20191230	0.42	2.91	0.87
20191231	0.21	1.52	0.87
20200101	0.0	6.14	0.87
20200102	3.66	5.24	0.87
20200103	8.0	3.78	0.87
20200104	0.5	6.33	0.87
20200105	0.0	7.84	0.87
20200106	0.37	5.98	0.87
20200107	10.95	7.14	0.87
20200108	0.02	0.38	0.87
20200109	0.01	-2.89	0.87
20200110	9.47	3.56	0.87
20200111	6.87	3.24	0.87
20200112	0.33	1.85	0.87
20200113	8.16	2.72	0.87
20200114	0.85	1.6	0.87
20200115	0.8	3.29	0.87
20200116	0.4	5.06	0.87
20200117	0.3	2.37	0.87
20200118	0.81	0.93	0.87
20200119	0.03	4.98	0.87
20200120	0.77	7.7	0.87
20200121	1.58	8.14	0.87
20200122	0.18	8.61	0.87
20200123	1.85	6.14	0.87
20200124	0.01	5.63	0.87
20200125	0.0	6.06	0.87
20200126	0.14	1.89	0.87
20200127	1.89	-0.79	0.87
20200128	0.55	-0.28	0.87
20200129	6.59	3.39	0.87
20200130	1.53	5.72	0.87
20200131	1.09	7.35	0.87
20200201	3.78	0.84	0.87
20200202	1.5	-0.05	0.87
20200203	2.93	2.19	0.87
20200204	0.03	3.03	0.87
20200205	0.0	4.47	0.87
20200206	0.0	2.69	0.87
20200207	0.92	2.91	0.87
20200208	8.11	2.85	0.87
20200209	3.56	3.25	0.87
20200210	9.91	0.53	0.87
20200211	20.65	0.71	0.87
20200212	1.3	-2.25	0.87
20200213	0.02	-1.15	0.87
20200214	2.31	3.7	0.87
20200215	8.79	3.38	0.87
20200216	18.01	2.47	0.87
20200217	1.81	2.94	0.87
20200218	5.46	1.69	0.87
20200219	4.53	3.69	0.87
20200220	1.8	2.83	0.87
20200221	15.1	4.14	0.87
20200222	2.84	0.93	0.87
20200223	0.06	0.84	0.87
20200224	12.48	-1.22	0.87
20200225	1.09	-0.15	0.87
20200226	0.39	-0.14	0.87
20200227	5.58	0.13	0.87
20200228	10.43	2.36	0.87
20200229	3.09	1.53	0.87
20200301	0.26	1.3	0.87
20200302	1.92	3.05	0.87
20200303	1.52	1.22	0.87
20200304	0.2	1.02	0.87
20200305	0.03	0.03	0.87
20200306	6.13	2.34	0.87
20200307	0.67	6.71	0.87
20200308	0.03	2.68	0.87
20200309	6.71	4.68	0.87
20200310	3.55	4.14	0.87
20200311	1.32	1.6	0.87
20200312	7.23	1.92	0.87
20200313	0.03	1.97	0.87
20200314	0.3	4.64	0.87
20200315	8.76	0.78	0.87
20200316	1.16	4.43	0.87
20200317	0.3	3.71	0.87
20200318	0.0	2.96	0.87
20200319	0.2	0.27	0.87
20200320	0.03	0.85	0.87
20200321	0.17	3.04	0.87
20200322	0.0	4.48	0.87
20200323	0.0	7.12	0.87
20200324	0.6	9.57	0.87
20200325	3.61	5.77	0.87
20200326	0.36	5.33	0.87
20200327	1.15	4.34	0.87
20200328	0.58	1.82	0.87
20200329	2.54	3.52	0.87
20200330	1.87	4.44	0.87
20200331	0.53	4.9	0.87
20200401	0.52	5.5	0.87
20200402	0.54	0.9	0.87
20200403	0.18	3.33	0.87
20200404	0.0	6.41	0.87
20200405	0.04	10.43	0.87
20200406	0.05	6.01	0.87
20200407	0.0	9.33	0.87
20200408	2.78	6.57	0.87
20200409	0.0	6.91	0.87
20200410	0.52	12.08	0.87
20200411	0.01	9.23	0.87
20200412	2.73	4.93	0.87
20200413	0.0	1.22	0.87
20200414	0.0	7.29	0.87
20200415	1.68	9.85	0.87
20200416	0.0	4.32	0.87
20200417	0.0	4.06	0.87
20200418	0.0	4.11	0.87
20200419	0.0	6.56	0.87
20200420	0.0	6.52	0.87
20200421	0.0	7.07	0.87
20200422	0.0	7.34	0.87
20200423	0.0	8.54	0.87
20200424	0.0	7.9	0.87
20200425	0.58	9.98	0.87
20200426	5.08	7.27	0.87
20200427	1.28	4.69	0.87
20200428	0.05	2.95	0.87
20200429	2.92	6.49	0.87
20200430	1.41	5.27	0.87
20200501	3.2	8.13	0.87
20200502	0.22	4.74	0.87
20200503	2.1	5.91	0.87
20200504	0.0	4.03	0.87
20200505	0.0	6.96	0.87
20200506	0.0	9.71	0.87
20200507	0.42	12.1	0.87
20200508	1.79	10.29	0.87
20200509	19.58	6.86	0.87
20200510	1.86	1.89	0.87
20200511	2.63	5.03	0.87
20200512	5.99	3.22	0.87
20200513	0.03	3.3	0.87
20200514	1.28	7.58	0.87
20200515	0.25	8.0	0.87
20200516	1.79	9.85	0.87
20200517	2.6	11.43	0.87
20200518	0.88	11.59	0.87
20200519	0.01	13.93	0.87
20200520	0.0	13.26	0.87
20200521	1.42	12.05	0.87
20200522	0.2	10.04	0.87
20200523	0.59	10.14	0.87
20200524	0.01	10.16	0.87
20200525	0.0	12.58	0.87
20200526	0.0	10.91	0.87
20200527	1.84	13.37	0.87
20200528	0.0	14.57	0.87
20200529	0.0	16.66	0.87
20200530	0.0	13.27	0.87
20200531	0.0	13.17	0.87
20200601	0.0	16.06	0.87
20200602	6.36	9.53	0.87
20200603	0.3	6.92	0.87
20200604	5.24	6.19	0.87
20200605	37.93	6.88	0.87
20200606	6.65	9.13	0.87
20200607	1.91	4.71	0.87
20200608	0.01	8.08	0.87
20200609	5.41	9.68	0.87
20200610	2.49	7.56	0.87
20200611	0.02	9.02	0.87
20200612	2.16	10.94	0.87
20200613	0.16	13.94	0.87
20200614	0.4	15.36	0.87
20200615	0.01	15.76	0.87
20200616	1.8	15.3	0.87
20200617	0.03	12.85	0.87
20200618	0.0	13.76	0.87
20200619	0.0	13.28	0.87
20200620	0.59	14.91	0.87
20200621	2.43	11.68	0.87
20200622	1.25	13.67	0.87
20200623	0.29	15.83	0.87
20200624	0.0	15.34	0.87
20200625	0.0	18.39	0.87
20200626	0.25	17.17	0.87
20200627	0.17	15.81	0.87
20200628	11.68	12.4	0.87
20200629	4.38	12.97	0.87
20200630	7.42	11.98	0.87
20200701	0.11	8.37	0.87
20200702	1.83	9.97	0.87
20200703	4.91	8.65	0.87
20200704	20.48	10.8	0.87
20200705	9.21	10.53	0.87
20200706	1.42	10.46	0.87
20200707	0.98	9.58	0.87
20200708	0.35	11.08	0.87
20200709	0.37	11.09	0.87
20200710	5.95	10.6	0.87
20200711	0.0	11.46	0.87
20200712	0.64	14.25	0.87
20200713	2.04	13.79	0.87
20200714	0.02	12.66	0.87
20200715	0.58	14.22	0.87
20200716	0.67	16.24	0.87
20200717	0.0	12.97	0.87
20200718	0.0	11.25	0.87
20200719	0.9	11.12	0.87
20200720	11.16	9.87	0.87
20200721	0.63	10.94	0.87
20200722	1.0	13.27	0.87
20200723	2.56	13.03	0.87
20200724	4.05	15.44	0.87
20200725	2.51	13.66	0.87
20200726	2.08	10.76	0.87
20200727	41.36	9.88	0.87
20200728	0.31	10.08	0.87
20200729	0.03	9.19	0.87
20200730	2.21	15.24	0.87
20200731	0.42	18.53	0.87
20200801	0.16	12.86	0.87
20200802	0.03	10.41	0.87
20200803	0.03	10.63	0.87
20200804	5.93	13.96	0.87
20200805	0.01	13.03	0.87
20200806	0.0	17.39	0.87
20200807	2.23	14.05	0.87
20200808	0.0	12.45	0.87
20200809	0.0	15.14	0.87
20200810	0.08	15.79	0.87
20200811	14.67	17.86	0.87
20200812	0.01	18.92	0.87
20200813	0.42	14.57	0.87
20200814	0.2	14.42	0.87
20200815	0.24	15.32	0.87
20200816	0.01	14.67	0.87
20200817	0.25	14.2	0.87
20200818	18.69	14.96	0.87
20200819	0.53	15.28	0.87
20200820	0.04	16.25	0.87
20200821	4.57	14.03	0.87
20200822	4.23	11.88	0.87
20200823	1.18	8.27	0.87
20200824	0.01	10.38	0.87
20200825	7.03	10.52	0.87
20200826	0.35	9.79	0.87
20200827	1.84	10.09	0.87
20200828	6.33	8.84	0.87
20200829	1.13	6.82	0.87
20200830	0.0	10.15	0.87
20200831	0.01	8.46	0.87
20200901	0.09	14.75	0.87
20200902	0.92	14.32	0.87
20200903	0.55	13.39	0.87
20200904	0.5	10.68	0.87
20200905	1.63	7.85	0.87
20200906	1.72	11.45	0.87
20200907	0.19	14.46	0.87
20200908	19.02	13.05	0.87
20200909	0.75	8.48	0.87
20200910	0.03	10.54	0.87
20200911	0.17	10.56	0.87
20200912	17.26	11.2	0.87
20200913	0.7	15.02	0.87
20200914	2.03	15.44	0.87
20200915	4.96	13.98	0.87
20200916	0.0	9.69	0.87
20200917	0.0	14.36	0.87
20200918	0.02	14.96	0.87
20200919	0.01	11.48	0.87
20200920	0.0	14.05	0.87
20200921	0.0	13.38	0.87
20200922	3.26	7.89	0.87
20200923	0.09	5.18	0.87
20200924	2.56	5.6	0.87
20200925	0.96	6.3	0.87
20200926	0.0	5.71	0.87
20200927	0.0	6.7	0.87
20200928	0.23	8.47	0.87
20200929	0.01	8.97	0.87
20200930	17.9	8.27	0.87
20201001	9.84	6.22	0.87
20201002	2.39	8.21	0.87
20201003	51.93	8.59	0.87
20201004	7.44	10.04	0.87
20201005	2.5	9.04	0.87
20201006	2.38	9.09	0.87
20201007	1.64	6.56	0.87
20201008	1.68	5.79	0.87
20201009	10.27	4.98	0.87
20201010	7.21	7.29	0.87
20201011	2.59	6.52	0.87
20201012	18.66	7.31	0.87
20201013	9.3	7.62	0.87
20201014	0.03	7.4	0.87
20201015	2.29	5.21	0.87
20201016	3.28	6.51	0.87
20201017	3.23	4.86	0.87
20201018	7.16	5.19	0.87
20201019	10.77	8.29	0.87
20201020	7.87	9.77	0.87
20201021	40.47	8.87	0.87
20201022	3.85	5.64	0.87
20201023	6.57	5.23	0.87
20201024	0.32	5.47	0.87
20201025	0.2	6.31	0.87
20201026	3.02	5.66	0.87
20201027	9.87	4.55	0.87
20201028	0.02	4.81	0.87
20201029	6.53	8.15	0.87
20201030	2.63	6.33	0.87
20201031	0.72	9.21	0.87
20201101	2.12	6.99	0.87
20201102	0.53	3.8	0.87
20201103	0.31	4.71	0.87
20201104	0.69	8.23	0.87
20201105	0.0	8.18	0.87
20201106	0.02	5.69	0.87
20201107	0.18	3.4	0.87
20201108	3.55	6.12	0.87
20201109	0.03	6.55	0.87
20201110	0.05	7.04	0.87
20201111	0.03	8.93	0.87
20201112	2.15	7.42	0.87
20201113	0.02	5.46	0.87
20201114	0.11	7.7	0.87
20201115	1.11	7.19	0.87
20201116	1.98	8.25	0.87
20201117	0.53	11.27	0.87
20201118	14.34	6.36	0.87
20201119	0.42	0.09	0.87
20201120	0.09	6.74	0.87
20201121	0.84	4.24	0.87
20201122	0.01	3.33	0.87
20201123	0.88	5.87	0.87
20201124	8.25	3.88	0.87
20201125	1.03	2.72	0.87
20201126	0.17	2.35	0.87
20201127	2.22	3.3	0.87
20201128	0.01	0.44	0.87
20201129	1.4	2.52	0.87
20201130	1.77	3.84	0.87
20201201	1.14	4.61	0.87
20201202	0.13	0.06	0.87
20201203	38.17	-2.14	0.87
20201204	36.72	2.75	0.87
20201205	17.41	2.56	0.87
20201206	1.38	1.39	0.87
20201207	62.25	2.56	0.87
20201208	6.67	3.79	0.87
20201209	0.03	3.33	0.87
20201210	0.16	4.24	0.87
20201211	2.34	5.29	0.87
20201212	0.14	4.24	0.87
20201213	1.43	5.73	0.87
20201214	1.99	4.53	0.87
20201215	0.58	2.83	0.87
20201216	0.56	5.74	0.87
20201217	0.76	6.23	0.87
20201218	2.51	7.04	0.87
20201219	0.02	5.68	0.87
20201220	0.01	3.65	0.87
20201221	0.47	2.88	0.87
20201222	0.58	1.6	0.87
20201223	5.61	0.52	0.87
20201224	2.01	-0.33	0.87
20201225	0.95	3.62	0.87
20201226	5.53	1.46	0.87
20201227	2.23	-1.94	0.87
20201228	2.6	-1.92	0.87
20201229	4.53	-1.41	0.87
20201230	23.93	-0.57	0.87
20201231	8.27	2.16	0.87
20210101	1.04	0.34	0.87
20210102	9.91	0.15	0.87
20210103	0.29	-0.93	0.87
20210104	2.83	-1.07	0.87
20210105	1.43	-2.46	0.87
20210106	4.51	-2.82	0.87
20210107	8.01	-1.9	0.87
20210108	0.0	-4.12	0.87
20210109	4.36	1.0	0.87
20210110	8.46	2.93	0.87
20210111	9.31	0.91	0.87
20210112	0.01	-1.07	0.87
20210113	6.46	-0.5	0.87
20210114	7.51	0.67	0.87
20210115	4.35	0.32	0.87
20210116	0.57	3.22	0.87
20210117	4.81	2.11	0.87
20210118	1.24	0.31	0.87
20210119	2.77	-2.0	0.87
20210120	20.28	-0.05	0.87
20210121	19.51	0.85	0.87
20210122	0.62	-2.11	0.87
20210123	0.01	-3.1	0.87
20210124	4.7	-1.87	0.87
20210125	0.46	-0.91	0.87
20210126	1.31	-1.71	0.87
20210127	0.59	-1.16	0.87
20210128	8.05	0.03	0.87
20210129	2.07	-1.76	0.87
20210130	0.05	-3.36	0.87
20210131	0.02	-4.16	0.87
20210201	0.29	-4.09	0.87
20210202	1.73	-0.62	0.87
20210203	1.05	-0.3	0.87
20210204	10.6	0.14	0.87
20210205	2.01	0.15	0.87
20210206	0.57	-1.35	0.87
20210207	0.6	-3.4	0.87
20210208	0.28	-5.71	0.87
20210209	0.81	-6.39	0.87
20210210	0.01	-9.59	0.87
20210211	0.03	-8.14	0.87
20210212	0.03	-2.43	0.87
20210213	0.09	-1.07	0.87
20210214	0.49	3.11	0.87
20210215	0.02	4.94	0.87
20210216	0.49	4.36	0.87
20210217	3.72	3.87	0.87
20210218	0.01	4.24	0.87
20210219	0.12	5.08	0.87
20210220	1.39	6.62	0.87
20210221	0.0	4.86	0.87
20210222	0.0	4.84	0.87
20210223	7.28	7.82	0.87
20210224	0.16	7.09	0.87
20210225	0.0	5.16	0.87
20210226	0.0	6.78	0.87
20210227	0.0	5.28	0.87
20210228	0.02	6.07	0.87
20210301	0.0	2.71	0.87
20210302	0.24	2.15	0.87
20210303	2.41	1.17	0.87
20210304	0.02	0.09	0.87
20210305	0.0	-1.8	0.87
20210306	6.54	1.28	0.87
20210307	13.99	4.38	0.87
20210308	0.62	5.61	0.87
20210309	2.43	4.9	0.87
20210310	1.19	4.91	0.87
20210311	1.02	2.79	0.87
20210312	0.04	0.23	0.87
20210313	2.12	3.01	0.87
20210314	0.01	3.53	0.87
20210315	8.59	5.59	0.87
20210316	0.02	5.78	0.87
20210317	0.05	7.64	0.87
20210318	0.06	9.24	0.87
20210319	0.01	5.95	0.87
20210320	0.51	7.34	0.87
20210321	0.0	5.37	0.87
20210322	0.0	6.98	0.87
20210323	0.15	5.82	0.87
20210324	0.07	5.21	0.87
20210325	7.1	6.08	0.87
20210326	3.03	2.13	0.87
20210327	4.16	4.63	0.87
20210328	0.11	8.4	0.87
20210329	0.03	12.7	0.87
20210330	18.5	10.3	0.87
20210331	7.52	1.9	0.87
20210401	0.0	1.82	0.87
20210402	0.0	3.95	0.87
20210403	0.0	7.83	0.87
20210404	2.4	1.84	0.87
20210405	3.0	-1.18	0.87
20210406	2.02	-0.94	0.87
20210407	0.03	2.53	0.87
20210408	7.22	2.95	0.87
20210409	1.78	-0.27	0.87
20210410	1.07	-0.63	0.87
20210411	1.8	-1.14	0.87
20210412	0.2	0.44	0.87
20210413	0.0	1.95	0.87
20210414	0.01	3.41	0.87
20210415	0.0	5.33	0.87
20210416	0.0	6.19	0.87
20210417	0.02	7.05	0.87
20210418	0.37	7.61	0.87
20210419	2.84	9.77	0.87
20210420	0.06	3.16	0.87
20210421	0.0	3.57	0.87
20210422	0.0	7.41	0.87
20210423	0.0	5.95	0.87
20210424	0.0	5.95	0.87
20210425	1.74	8.24	0.87
20210426	9.37	7.31	0.87
20210427	9.43	3.36	0.87
20210428	7.1	3.43	0.87
20210429	4.29	3.31	0.87
20210430	3.32	3.7	0.87
20210501	0.93	4.47	0.87
20210502	0.43	2.72	0.87
20210503	19.19	4.16	0.87
20210504	1.2	3.02	0.87
20210505	16.72	2.47	0.87
20210506	5.21	2.82	0.87
20210507	0.58	2.94	0.87
20210508	3.46	4.87	0.87
20210509	0.22	9.53	0.87
20210510	4.47	8.83	0.87
20210511	2.24	9.3	0.87
20210512	10.45	5.99	0.87
20210513	0.98	6.79	0.87
20210514	0.05	5.63	0.87
20210515	0.01	5.82	0.87
20210516	1.71	9.65	0.87
20210517	4.27	8.42	0.87
20210518	6.22	9.31	0.87
20210519	1.43	7.68	0.87
20210520	10.14	7.27	0.87
20210521	18.94	3.96	0.87
20210522	1.86	4.4	0.87
20210523	12.08	7.83	0.87
20210524	7.46	6.78	0.87
20210525	5.73	8.45	0.87
20210526	1.73	7.72	0.87
20210527	0.0	9.98	0.87
20210528	0.0	9.92	0.87
20210529	0.01	12.31	0.87
20210530	0.0	12.94	0.87
20210531	0.0	15.49	0.87
20210601	0.0	14.3	0.87
20210602	0.0	13.31	0.87
20210603	0.0	14.27	0.87
20210604	0.0	12.38	0.87
20210605	0.61	13.49	0.87
20210606	0.01	10.85	0.87
20210607	0.0	13.67	0.87
20210608	2.49	15.51	0.87
20210609	0.6	16.28	0.87
20210610	0.33	16.19	0.87
20210611	0.43	12.38	0.87
20210612	0.0	14.49	0.87
20210613	0.59	15.04	0.87
20210614	0.0	9.38	0.87
20210615	0.41	13.15	0.87
20210616	0.0	11.66	0.87
20210617	0.03	11.38	0.87
20210618	0.0	10.51	0.87
20210619	0.04	12.05	0.87
20210620	0.64	8.5	0.87
20210621	0.61	6.93	0.87
20210622	0.07	13.38	0.87
20210623	0.07	16.34	0.87
20210624	4.22	12.24	0.87
20210625	6.42	8.26	0.87
20210626	0.0	10.64	0.87
20210627	0.0	11.81	0.87
20210628	0.0	13.65	0.87
20210629	0.73	13.43	0.87
20210630	0.0	9.9	0.87
20210701	0.0	12.33	0.87
20210702	1.61	14.7	0.87
20210703	1.06	16.24	0.87
20210704	7.21	15.32	0.87
20210705	0.78	12.56	0.87
20210706	2.23	14.14	0.87
20210707	1.05	12.83	0.87
20210708	0.73	14.48	0.87
20210709	8.58	13.79	0.87
20210710	5.02	14.78	0.87
20210711	12.52	14.39	0.87
20210712	0.09	14.06	0.87
20210713	0.0	15.33	0.87
20210714	0.0	15.78	0.87
20210715	0.0	17.78	0.87
20210716	0.0	18.59	0.87
20210717	0.01	17.55	0.87
20210718	0.0	13.94	0.87
20210719	0.0	17.29	0.87
20210720	0.0	17.47	0.87
20210721	0.19	18.01	0.87
20210722	0.16	15.99	0.87
20210723	0.03	15.33	0.87
20210724	0.17	14.56	0.87
20210725	0.6	16.65	0.87
20210726	0.5	17.57	0.87
20210727	57.2	15.64	0.87
20210728	22.45	13.97	0.87
20210729	4.42	12.54	0.87
20210730	2.87	12.29	0.87
20210731	0.28	10.9	0.87
20210801	0.04	9.87	0.87
20210802	0.01	10.87	0.87
20210803	1.35	12.54	0.87
20210804	1.64	15.19	0.87
20210805	2.84	16.3	0.87
20210806	6.95	14.63	0.87
20210807	0.4	14.4	0.87
20210808	0.24	12.93	0.87
20210809	25.65	14.97	0.87
20210810	5.53	13.4	0.87
20210811	4.72	10.63	0.87
20210812	0.36	12.95	0.87
20210813	0.53	13.18	0.87
20210814	2.28	13.2	0.87
20210815	6.33	11.7	0.87
20210816	0.12	13.37	0.87
20210817	0.0	14.1	0.87
20210818	0.94	13.08	0.87
20210819	0.14	12.12	0.87
20210820	2.88	14.64	0.87
20210821	2.85	14.65	0.87
20210822	2.34	15.85	0.87
20210823	0.01	15.8	0.87
20210824	0.0	16.19	0.87
20210825	0.67	14.28	0.87
20210826	0.0	11.87	0.87
20210827	0.0	11.97	0.87
20210828	1.02	14.53	0.87
20210829	0.96	11.47	0.87
20210830	1.3	10.62	0.87
20210831	0.01	10.65	0.87
20210901	0.0	13.86	0.87
20210902	0.21	13.16	0.87
20210903	1.19	10.89	0.87
20210904	0.02	11.05	0.87
20210905	3.09	13.94	0.87
20210906	0.01	17.47	0.87
20210907	0.02	15.81	0.87
20210908	0.41	18.98	0.87
20210909	3.7	14.29	0.87
20210910	5.06	14.51	0.87
20210911	11.4	11.41	0.87
20210912	0.47	9.43	0.87
20210913	0.0	11.84	0.87
20210914	0.39	14.37	0.87
20210915	0.44	13.32	0.87
20210916	0.2	14.37	0.87
20210917	2.95	12.03	0.87
20210918	6.57	12.81	0.87
20210919	0.05	9.97	0.87
20210920	0.05	13.14	0.87
20210921	0.02	15.02	0.87
20210922	11.81	11.98	0.87
20210923	0.02	12.3	0.87
20210924	0.65	11.87	0.87
20210925	0.0	15.79	0.87
20210926	37.88	13.24	0.87
20210927	11.25	6.78	0.87
20210928	0.07	7.07	0.87
20210929	1.96	6.38	0.87
20210930	4.25	9.18	0.87
20211001	0.46	7.04	0.87
20211002	0.49	5.57	0.87
20211003	0.26	7.54	0.87
20211004	2.6	7.79	0.87
20211005	10.14	7.26	0.87
20211006	11.81	11.2	0.87
20211007	0.34	14.05	0.87
20211008	2.12	15.18	0.87
20211009	1.77	10.12	0.87
20211010	1.03	8.84	0.87
20211011	17.4	8.7	0.87
20211012	0.23	9.08	0.87
20211013	0.01	10.85	0.87
20211014	12.03	7.88	0.87
20211015	0.0	4.57	0.87
20211016	1.87	6.83	0.87
20211017	0.04	9.12	0.87
20211018	1.74	12.43	0.87
20211019	4.21	10.7	0.87
20211020	18.05	5.2	0.87
20211021	6.15	4.08	0.87
20211022	0.01	3.77	0.87
20211023	0.64	9.18	0.87
20211024	0.22	9.1	0.87
20211025	5.68	6.29	0.87
20211026	3.64	10.58	0.87
20211027	0.18	10.4	0.87
20211028	2.5	8.01	0.87
20211029	23.68	5.4	0.87
20211030	0.39	5.15	0.87
20211031	17.8	5.4	0.87
20211101	14.15	6.03	0.87
20211102	2.99	6.06	0.87
20211103	2.64	3.89	0.87
20211104	0.41	5.42	0.87
20211105	2.67	8.49	0.87
20211106	4.3	7.91	0.87
20211107	0.01	4.59	0.87
20211108	4.7	8.72	0.87
20211109	1.11	6.19	0.87
20211110	0.78	5.26	0.87
20211111	1.08	6.91	0.87
20211112	2.88	7.17	0.87
20211113	0.01	5.39	0.87
20211114	2.02	8.65	0.87
20211115	0.2	6.82	0.87
20211116	2.47	5.37	0.87
20211117	0.08	7.85	0.87
20211118	0.0	12.21	0.87
20211119	6.34	10.44	0.87
20211120	8.21	4.77	0.87
20211121	3.97	3.16	0.87
20211122	0.01	5.39	0.87
20211123	2.91	4.98	0.87
20211124	4.75	2.33	0.87
20211125	12.82	2.33	0.87
20211126	23.42	0.47	0.87
20211127	0.31	-1.45	0.87
20211128	1.37	-1.27	0.87
20211129	4.53	3.58	0.87
20211130	11.9	3.87	0.87
20211201	2.53	-0.14	0.87
20211202	2.51	1.15	0.87
20211203	9.24	2.72	0.87
20211204	14.02	2.18	0.87
20211205	0.09	-0.19	0.87
20211206	0.04	-0.17	0.87
20211207	19.43	0.53	0.87
20211208	4.78	1.3	0.87
20211209	5.89	1.46	0.87
20211210	0.02	1.07	0.87
20211211	2.34	4.42	0.87
20211212	0.03	6.46	0.87
20211213	0.02	3.9	0.87
20211214	0.03	8.45	0.87
20211215	0.0	7.57	0.87
20211216	0.01	5.05	0.87
20211217	0.19	0.82	0.87
20211218	0.39	0.13	0.87
20211219	0.31	1.6	0.87
20211220	0.37	-1.42	0.87
20211221	0.06	-3.93	0.87
20211222	2.31	-0.96	0.87
20211223	10.38	1.63	0.87
20211224	0.48	-0.92	0.87
20211225	0.0	-0.72	0.87
20211226	0.04	0.86	0.87
20211227	0.26	-0.09	0.87
20211228	0.04	-2.12	0.87
20211229	7.75	4.47	0.87
20211230	0.0	6.6	0.87
20211231	0.89	7.41	0.87
20220101	3.54	7.7	0.87
20220102	12.9	4.07	0.87
20220103	3.08	-0.52	0.87
20220104	8.74	-0.11	0.87
20220105	0.09	-0.66	0.87
20220106	0.91	0.81	0.87
20220107	1.65	-0.38	0.87
20220108	0.29	0.22	0.87
20220109	0.76	-0.48	0.87
20220110	3.82	3.75	0.87
20220111	0.03	5.23	0.87
20220112	0.02	7.68	0.87
20220113	0.01	7.91	0.87
20220114	0.02	4.82	0.87
20220115	0.51	3.42	0.87
20220116	0.0	4.55	0.87
20220117	0.0	3.76	0.87
20220118	3.3	4.8	0.87
20220119	2.57	1.91	0.87
20220120	0.07	2.34	0.87
20220121	0.02	5.07	0.87
20220122	0.0	6.77	0.87
20220123	0.0	5.51	0.87
20220124	0.0	5.09	0.87
20220125	0.41	5.03	0.87
20220126	0.23	6.4	0.87
20220127	0.61	3.48	0.87
20220128	0.05	7.67	0.87
20220129	1.73	3.77	0.87
20220130	2.33	2.18	0.87
20220131	1.05	4.28	0.87
20220201	2.18	5.19	0.87
20220202	0.03	6.83	0.87
20220203	6.59	4.02	0.87
20220204	2.46	0.52	0.87
20220205	6.26	1.41	0.87
20220206	1.81	0.17	0.87
20220207	1.6	5.46	0.87
20220208	1.27	2.23	0.87
20220209	0.73	0.37	0.87
20220210	5.01	-0.73	0.87
20220211	0.05	2.14	0.87
20220212	0.62	4.73	0.87
20220213	4.46	3.45	0.87
20220214	6.95	0.52	0.87
20220215	9.93	1.91	0.87
20220216	21.97	1.07	0.87
20220217	1.34	-0.09	0.87
20220218	13.98	-1.12	0.87
20220219	8.43	1.79	0.87
20220220	7.23	2.63	0.87
20220221	10.45	2.6	0.87
20220222	4.68	2.68	0.87
20220223	10.39	1.68	0.87
20220224	9.5	0.53	0.87
20220225	0.25	3.42	0.87
20220226	0.0	5.57	0.87
20220227	0.01	5.71	0.87
20220228	0.26	3.81	0.87
20220301	0.02	0.6	0.87
20220302	0.02	2.52	0.87
20220303	2.91	4.34	0.87
20220304	0.03	1.39	0.87
20220305	0.23	0.92	0.87
20220306	0.01	2.07	0.87
20220307	0.0	2.32	0.87
20220308	0.06	4.0	0.87
20220309	7.29	4.84	0.87
20220310	0.01	7.11	0.87
20220311	3.69	6.9	0.87
20220312	3.69	4.87	0.87
20220313	0.03	4.63	0.87
20220314	1.88	5.34	0.87
20220315	0.92	4.62	0.87
20220316	0.02	1.56	0.87
20220317	1.24	4.11	0.87
20220318	0.0	6.28	0.87
20220319	0.0	8.43	0.87
20220320	0.0	2.07	0.87
20220321	0.0	3.63	0.87
20220322	0.02	6.54	0.87
20220323	0.01	9.47	0.87
20220324	0.01	7.9	0.87
20220325	0.0	7.28	0.87
20220326	0.2	5.77	0.87
20220327	0.0	8.15	0.87
20220328	0.01	7.56	0.87
20220329	2.62	1.39	0.87
20220330	5.85	0.22	0.87
20220331	9.41	-0.06	0.87
20220401	5.58	0.42	0.87
20220402	0.09	1.91	0.87
20220403	8.29	5.83	0.87
20220404	17.43	3.46	0.87
20220405	19.89	2.17	0.87
20220406	22.01	3.93	0.87
20220407	8.06	2.15	0.87
20220408	2.47	2.15	0.87
20220409	0.8	1.62	0.87
20220410	0.0	4.59	0.87
20220411	0.74	6.23	0.87
20220412	20.4	7.55	0.87
20220413	0.64	6.11	0.87
20220414	1.65	8.09	0.87
20220415	0.04	11.31	0.87
20220416	0.0	11.9	0.87
20220417	0.25	11.08	0.87
20220418	0.0	7.46	0.87
20220419	0.08	6.16	0.87
20220420	0.0	8.76	0.87
20220421	0.0	6.09	0.87
20220422	0.01	6.65	0.87
20220423	0.07	6.15	0.87
20220424	0.69	5.12	0.87
20220425	3.51	4.66	0.87
20220426	0.02	2.53	0.87
20220427	0.0	5.61	0.87
20220428	0.17	8.91	0.87
20220429	0.01	8.2	0.87
20220430	6.39	8.57	0.87
20220501	0.28	10.76	0.87
20220502	0.07	5.9	0.87
20220503	0.63	8.63	0.87
20220504	1.72	10.5	0.87
20220505	5.24	12.78	0.87
20220506	3.66	9.31	0.87
20220507	0.0	8.58	0.87
20220508	0.0	13.01	0.87
20220509	0.18	9.62	0.87
20220510	1.67	9.16	0.87
20220511	0.95	8.11	0.87
20220512	0.01	9.11	0.87
20220513	0.06	10.26	0.87
20220514	0.0	9.9	0.87
20220515	0.02	11.83	0.87
20220516	16.89	9.3	0.87
20220517	0.89	12.19	0.87
20220518	2.82	11.7	0.87
20220519	0.0	12.44	0.87
20220520	3.32	11.01	0.87
20220521	0.18	11.56	0.87
20220522	1.43	11.53	0.87
20220523	13.47	8.45	0.87
20220524	2.08	9.46	0.87
20220525	2.35	9.05	0.87
20220526	13.68	8.27	0.87
20220527	9.04	8.14	0.87
20220528	3.79	7.81	0.87
20220529	5.33	6.67	0.87
20220530	2.42	6.11	0.87
20220531	7.91	7.21	0.87
20220601	0.01	9.06	0.87
20220602	0.44	10.29	0.87
20220603	0.0	8.33	0.87
20220604	0.0	13.33	0.87
20220605	0.0	10.68	0.87
20220606	0.0	9.54	0.87
20220607	0.0	10.43	0.87
20220608	0.87	10.39	0.87
20220609	0.02	14.2	0.87
20220610	0.19	13.85	0.87
20220611	0.76	11.79	0.87
20220612	1.36	10.4	0.87
20220613	0.52	11.56	0.87
20220614	1.4	11.69	0.87
20220615	0.0	14.06	0.87
20220616	7.18	15.49	0.87
20220617	0.0	13.1	0.87
20220618	0.72	11.03	0.87
20220619	0.02	8.5	0.87
20220620	6.15	15.69	0.87
20220621	0.05	14.14	0.87
20220622	0.0	14.66	0.87
20220623	0.45	16.62	0.87
20220624	0.03	15.83	0.87
20220625	0.02	12.29	0.87
20220626	0.94	12.56	0.87
20220627	4.69	11.84	0.87
20220628	0.09	12.85	0.87
20220629	4.19	12.92	0.87
20220630	2.54	11.5	0.87
20220701	9.77	11.82	0.87
20220702	16.9	11.49	0.87
20220703	0.87	11.73	0.87
20220704	2.85	10.47	0.87
20220705	3.36	13.07	0.87
20220706	1.26	13.24	0.87
20220707	0.0	16.8	0.87
20220708	0.0	14.91	0.87
20220709	0.02	15.78	0.87
20220710	0.0	17.3	0.87
20220711	0.39	19.58	0.87
20220712	0.0	14.3	0.87
20220713	0.04	12.61	0.87
20220714	0.35	12.75	0.87
20220715	0.12	11.6	0.87
20220716	0.62	17.03	0.87
20220717	0.0	17.99	0.87
20220718	0.0	19.74	0.87
20220719	8.27	19.15	0.87
20220720	0.47	14.61	0.87
20220721	0.0	12.72	0.87
20220722	0.0	12.98	0.87
20220723	16.15	15.65	0.87
20220724	11.9	15.45	0.87
20220725	5.37	10.14	0.87
20220726	1.02	11.81	0.87
20220727	0.03	11.62	0.87
20220728	0.02	13.4	0.87
20220729	4.95	16.63	0.87
20220730	0.0	13.88	0.87
20220731	0.0	11.84	0.87
20220801	2.32	15.0	0.87
20220802	0.3	16.76	0.87
20220803	2.16	13.07	0.87
20220804	3.2	9.38	0.87
20220805	2.15	11.2	0.87
20220806	1.18	13.59	0.87
20220807	0.0	15.83	0.87
20220808	0.28	17.14	0.87
20220809	0.0	16.92	0.87
20220810	0.0	16.03	0.87
20220811	0.0	18.31	0.87
20220812	0.0	16.58	0.87
20220813	0.02	15.81	0.87
20220814	3.84	16.31	0.87
20220815	28.53	12.96	0.87
20220816	5.62	8.08	0.87
20220817	2.08	11.31	0.87
20220818	0.96	13.82	0.87
20220819	0.6	11.45	0.87
20220820	0.03	11.91	0.87
20220821	0.05	10.47	0.87
20220822	1.53	14.78	0.87
20220823	1.22	15.58	0.87
20220824	0.04	13.79	0.87
20220825	0.0	12.22	0.87
20220826	0.14	13.03	0.87
20220827	0.0	14.29	0.87
20220828	0.0	15.26	0.87
20220829	0.02	13.14	0.87
20220830	0.0	10.8	0.87
20220831	0.01	9.41	0.87
20220901	0.0	12.81	0.87
20220902	0.0	14.99	0.87
20220903	3.65	16.49	0.87
20220904	6.56	14.49	0.87
20220905	0.43	15.57	0.87
20220906	36.06	14.76	0.87
20220907	8.99	14.51	0.87
20220908	5.01	14.03	0.87
20220909	0.17	11.04	0.87
20220910	0.01	10.5	0.87
20220911	4.21	13.96	0.87
20220912	0.84	12.27	0.87
20220913	0.4	12.27	0.87
20220914	1.12	9.84	0.87
20220915	11.31	8.47	0.87
20220916	1.6	8.11	0.87
20220917	11.58	8.9	0.87
20220918	1.42	8.05	0.87
20220919	0.14	10.9	0.87
20220920	0.07	13.49	0.87
20220921	3.99	13.85	0.87
20220922	0.09	9.82	0.87
20220923	2.54	9.17	0.87
20220924	0.02	9.83	0.87
20220925	1.6	9.73	0.87
20220926	10.87	6.14	0.87
20220927	18.54	7.29	0.87
20220928	4.9	9.31	0.87
20220929	0.58	10.51	0.87
20220930	3.12	9.37	0.87
