date	precipitation	temperature	discharge_spec
19760531	1.77	12.73	1.03
19760601	3.62	10.2	1.09
19760602	5.11	10.63	1.54
19760603	0.36	11.17	1.43
19760604	0.05	13.84	1.12
19760605	0.09	15.0	0.95
19760606	0.0	16.64	0.92
19760607	0.0	18.25	0.85
19760608	0.0	19.86	0.79
19760609	0.01	17.0	0.75
19760610	0.01	12.68	0.65
19760611	0.55	14.12	0.64
19760612	0.49	14.16	0.64
19760613	0.03	15.9	0.64
19760614	0.05	14.13	0.61
19760615	0.59	14.11	0.61
19760616	4.58	11.32	0.68
19760617	2.3	12.6	1.07
19760618	3.33	11.84	0.9
19760619	3.16	10.42	0.97
19760620	0.01	10.61	0.84
19760621	0.01	15.72	0.79
19760622	0.0	19.02	0.78
19760623	0.0	18.15	0.76
19760624	0.0	18.27	0.7
19760625	0.0	20.65	0.68
19760626	0.0	18.72	0.62
19760627	0.0	18.91	0.62
19760628	0.0	20.77	0.64
19760629	0.0	21.94	0.63
19760630	0.0	21.07	0.63
19760701	0.0	20.4	0.62
19760702	0.0	22.16	0.57
19760703	0.83	23.66	0.56
19760704	2.23	22.12	0.56
19760705	0.06	21.51	0.6
19760706	0.0	20.93	0.55
19760707	0.0	19.56	0.6
19760708	0.0	21.13	0.51
19760709	1.11	16.04	0.51
19760710	0.0	16.57	0.52
19760711	1.06	20.64	0.52
19760712	12.16	19.03	1.09
19760713	0.22	16.98	0.74
19760714	0.19	16.31	0.57
19760715	7.75	16.63	0.73
19760716	0.05	14.59	0.48
19760717	0.0	15.15	0.36
19760718	3.48	19.23	0.3
19760719	5.77	14.31	0.5
19760720	0.39	12.91	0.43
19760721	0.03	12.59	0.34
19760722	0.09	13.78	0.36
19760723	0.51	14.17	0.35
19760724	0.03	14.01	0.34
19760725	0.0	15.18	0.33
19760726	0.0	15.59	0.34
19760727	0.0	15.1	0.39
19760728	0.0	14.45	0.4
19760729	2.1	14.98	0.41
19760730	1.16	11.56	0.44
19760731	0.08	10.64	0.41
19760801	2.69	12.95	0.41
19760802	1.41	14.14	0.41
19760803	1.47	12.62	0.47
19760804	0.0	13.06	0.42
19760805	0.0	14.27	0.4
19760806	0.28	15.31	0.38
19760807	0.0	15.43	0.37
19760808	0.0	15.86	0.36
19760809	0.0	15.81	0.35
19760810	0.0	16.69	0.34
19760811	0.0	17.34	0.34
19760812	0.0	18.33	0.35
19760813	0.85	17.63	0.41
19760814	0.0	17.36	0.34
19760815	0.51	17.73	0.3
19760816	0.14	18.22	0.32
19760817	0.0	18.55	0.3
19760818	0.0	16.34	0.31
19760819	0.0	17.36	0.32
19760820	0.0	18.27	0.32
19760821	0.0	17.86	0.32
19760822	0.0	17.58	0.32
19760823	0.0	17.72	0.31
19760824	0.0	18.94	0.31
19760825	0.0	18.88	0.31
19760826	0.0	18.7	0.31
19760827	0.01	14.53	0.31
19760828	12.62	14.86	0.35
19760829	0.29	16.19	0.47
19760830	0.02	14.77	0.33
19760831	0.25	14.1	0.33
19760901	1.75	10.21	0.33
19760902	0.02	8.72	0.32
19760903	0.0	12.49	0.27
19760904	0.0	11.94	0.26
19760905	0.0	13.2	0.26
19760906	0.0	11.66	0.25
19760907	0.0	13.13	0.25
19760908	9.08	12.31	0.41
19760909	1.82	7.22	0.62
19760910	13.74	8.81	0.57
19760911	10.24	8.7	0.65
19760912	0.27	7.33	0.45
19760913	8.33	10.49	0.67
19760914	0.81	9.7	0.42
19760915	3.19	9.07	0.38
19760916	3.15	9.1	0.51
19760917	7.72	8.67	0.99
19760918	0.01	12.06	0.51
19760919	0.06	14.2	0.35
19760920	0.17	16.5	0.33
19760921	0.34	15.72	0.31
19760922	8.4	13.45	0.58
19760923	0.23	13.82	0.46
19760924	26.83	13.88	0.54
19760925	17.84	14.55	2.92
19760926	1.26	14.71	1.33
19760927	1.09	14.89	0.67
19760928	3.59	13.75	0.69
19760929	0.33	13.08	0.54
19760930	9.49	13.4	0.61
19761001	11.52	13.84	1.31
19761002	0.95	12.68	1.27
19761003	4.0	9.81	0.83
19761004	6.85	8.1	0.96
19761005	9.66	11.54	1.08
19761006	6.25	11.4	1.26
19761007	2.02	10.64	1.28
19761008	3.67	10.05	0.87
19761009	0.39	8.62	0.83
19761010	5.85	11.69	0.63
19761011	8.72	13.52	1.77
19761012	9.23	6.9	2.15
19761013	6.72	8.64	1.39
19761014	25.85	9.67	3.16
19761015	6.83	8.6	5.98
19761016	0.16	8.48	2.49
19761017	4.83	9.58	1.76
19761018	3.48	8.43	1.77
19761019	0.11	8.5	1.51
19761020	4.79	8.53	1.29
19761021	0.86	9.19	1.39
19761022	3.04	9.64	1.18
19761023	0.68	7.05	1.13
19761024	2.46	7.99	0.89
19761025	1.62	8.49	1.07
19761026	0.16	8.74	0.93
19761027	0.05	9.31	0.87
19761028	1.77	8.55	0.81
19761029	2.72	7.45	0.85
19761030	0.06	5.82	0.87
19761031	5.52	6.21	0.81
19761101	6.93	5.82	1.2
19761102	0.54	3.45	1.37
19761103	0.68	4.64	1.06
19761104	5.58	6.32	1.03
19761105	0.49	6.82	1.27
19761106	2.58	5.67	1.1
19761107	0.03	6.02	1.06
19761108	0.13	5.85	0.97
19761109	3.94	3.94	1.11
19761110	0.14	3.4	1.02
19761111	0.01	3.59	0.89
19761112	0.0	2.28	0.88
19761113	0.04	1.59	0.72
19761114	3.57	3.88	0.7
19761115	10.6	6.77	1.09
19761116	0.59	5.12	1.93
19761117	2.87	5.34	1.2
19761118	0.04	7.47	1.08
19761119	0.0	6.21	0.91
19761120	0.0	5.69	0.79
19761121	0.02	4.97	0.72
19761122	0.06	2.15	0.71
19761123	0.1	4.16	0.71
19761124	0.07	7.92	0.7
19761125	0.07	6.95	0.64
19761126	6.23	7.25	0.74
19761127	9.67	7.26	0.85
19761128	2.22	5.37	1.66
19761129	1.53	2.9	1.16
19761130	3.54	1.2	1.01
19761201	0.91	0.89	1.19
19761202	0.16	-1.28	1.04
19761203	0.03	-2.24	0.88
19761204	0.06	-1.75	0.8
19761205	6.37	0.49	0.76
19761206	14.28	2.94	2.8
19761207	7.52	3.37	2.74
19761208	2.39	3.35	2.38
19761209	0.11	0.66	1.36
19761210	4.46	-0.0	1.1
19761211	2.39	1.35	0.88
19761212	1.84	3.26	1.13
19761213	0.77	2.93	1.22
19761214	1.27	2.91	1.0
19761215	5.15	0.89	1.31
19761216	2.55	0.35	1.21
19761217	0.48	0.42	1.09
19761218	1.49	1.23	0.96
19761219	4.4	0.9	0.94
19761220	7.86	1.05	1.17
19761221	1.45	1.05	1.61
19761222	0.32	3.25	1.31
19761223	0.06	3.09	1.39
19761224	0.01	1.47	1.3
19761225	0.09	0.57	1.12
19761226	0.3	1.39	0.93
19761227	8.0	0.46	1.29
19761228	0.08	-2.19	1.26
19761229	0.02	-1.18	0.91
19761230	3.47	1.56	0.84
19761231	7.39	1.7	0.9
19770101	11.12	-0.34	1.89
19770102	0.03	-1.59	1.35
19770103	0.08	0.37	0.98
19770104	4.67	3.47	1.1
19770105	2.59	3.8	2.0
19770106	0.17	2.49	1.44
19770107	0.09	4.59	1.13
19770108	9.32	4.77	1.08
19770109	5.75	1.7	2.35
19770110	0.7	-0.34	1.9
19770111	0.04	-2.26	1.68
19770112	0.03	-3.02	1.42
19770113	10.41	-1.48	1.28
19770114	3.14	0.9	1.2
19770115	0.51	0.42	1.31
19770116	0.02	-1.76	1.2
19770117	0.74	-1.22	1.03
19770118	1.75	0.46	0.95
19770119	0.19	1.75	0.9
19770120	1.42	3.82	1.05
19770121	3.25	4.84	1.9
19770122	1.4	4.7	2.03
19770123	0.12	4.11	1.62
19770124	8.23	5.58	1.61
19770125	15.2	6.55	3.6
19770126	3.48	3.47	5.39
19770127	14.25	1.91	3.34
19770128	0.21	-0.49	2.87
19770129	0.0	-1.97	1.9
19770130	0.06	-0.58	1.52
19770131	4.45	-0.56	1.46
19770201	12.87	1.06	1.2
19770202	6.9	4.68	3.4
19770203	2.43	4.48	2.65
19770204	8.22	4.57	1.29
19770205	3.05	5.21	1.34
19770206	9.1	6.46	0.99
19770207	8.24	5.72	2.08
19770208	0.06	5.73	1.44
19770209	9.98	6.13	2.96
19770210	32.07	5.09	11.59
19770211	4.93	2.68	12.25
19770212	0.88	1.96	3.56
19770213	1.11	3.71	2.9
19770214	0.07	3.73	2.73
19770215	6.25	2.57	2.56
19770216	0.54	2.49	2.27
19770217	11.71	4.67	2.92
19770218	11.44	3.95	6.26
19770219	4.24	3.56	5.65
19770220	5.36	2.39	4.74
19770221	1.97	4.99	3.7
19770222	9.73	4.26	3.34
19770223	6.28	1.61	4.27
19770224	27.73	1.19	6.09
19770225	2.85	-1.62	7.56
19770226	0.03	-0.11	3.65
19770227	0.0	-0.25	2.73
19770228	6.1	1.65	2.39
19770301	1.6	5.87	3.41
19770302	4.18	10.26	6.51
19770303	0.91	7.59	4.88
19770304	0.04	5.48	2.61
19770305	0.01	5.91	2.05
19770306	0.0	6.67	1.86
19770307	0.75	7.66	1.69
19770308	0.01	8.18	1.5
19770309	2.79	8.68	1.47
19770310	0.64	6.77	1.41
19770311	3.99	5.8	1.31
19770312	0.68	5.69	1.25
19770313	3.38	5.22	1.1
19770314	2.55	5.06	1.23
19770315	4.49	6.67	1.32
19770316	1.44	7.31	1.39
19770317	2.66	8.11	1.3
19770318	7.34	6.48	1.34
19770319	4.13	5.8	2.12
19770320	4.99	4.82	1.84
19770321	0.48	4.27	1.76
19770322	1.92	4.02	1.52
19770323	0.41	5.63	1.58
19770324	0.0	4.32	1.41
19770325	0.01	6.63	1.29
19770326	7.67	3.95	1.5
19770327	0.97	0.68	1.62
19770328	0.12	0.38	1.28
19770329	0.01	1.99	1.19
19770330	3.5	2.39	1.11
19770331	13.11	5.26	2.5
19770401	7.0	6.16	2.4
19770402	0.39	3.38	2.22
19770403	3.62	2.5	1.67
19770404	0.81	4.71	1.49
19770405	0.42	6.4	1.31
19770406	0.97	3.65	1.24
19770407	0.17	1.0	1.19
19770408	0.02	1.79	1.06
19770409	0.06	3.65	1.03
19770410	0.64	4.32	0.97
19770411	5.58	6.84	0.95
19770412	4.36	8.69	1.25
19770413	3.0	5.48	1.36
19770414	0.51	4.91	1.25
19770415	0.0	4.7	1.05
19770416	0.12	7.22	0.92
19770417	0.0	2.89	0.92
19770418	0.19	4.85	0.89
19770419	1.05	5.72	0.87
19770420	5.33	9.46	0.96
19770421	11.56	10.36	1.33
19770422	10.61	9.28	2.38
19770423	11.07	6.28	3.72
19770424	0.84	6.96	3.38
19770425	8.43	9.02	2.12
19770426	3.74	6.0	3.33
19770427	0.72	6.39	2.43
19770428	6.25	5.98	2.64
19770429	4.63	6.16	2.57
19770430	1.12	6.4	2.1
19770501	2.58	8.44	1.72
19770502	6.58	6.82	1.65
19770503	5.39	7.71	2.48
19770504	0.03	8.1	1.93
19770505	0.01	6.6	1.52
19770506	3.25	7.06	1.52
19770507	10.34	7.52	1.63
19770508	0.26	6.84	2.11
19770509	1.96	9.19	1.52
19770510	0.07	11.25	1.41
19770511	5.12	9.58	1.55
19770512	12.23	7.55	1.84
19770513	2.02	4.55	3.07
19770514	0.41	6.25	1.85
19770515	0.54	7.22	1.56
19770516	0.0	7.02	1.41
19770517	0.0	7.29	1.24
19770518	0.0	8.4	1.14
19770519	0.0	11.28	1.05
19770520	0.0	11.13	0.98
19770521	0.0	11.93	0.88
19770522	0.01	13.9	0.8
19770523	0.03	10.25	0.83
19770524	0.0	11.47	0.79
19770525	0.0	12.81	0.77
19770526	0.0	13.14	0.74
19770527	0.0	13.5	0.71
19770528	0.0	15.55	0.68
19770529	0.0	9.26	0.65
19770530	0.0	7.2	0.67
19770531	0.0	7.88	0.66
19770601	0.0	12.4	0.65
19770602	0.0	14.87	0.62
19770603	0.0	15.49	0.58
19770604	7.29	12.46	0.58
19770605	1.92	9.43	0.76
19770606	13.75	8.59	1.08
19770607	8.13	7.68	1.19
19770608	1.26	8.37	1.09
19770609	5.59	11.52	0.8
19770610	14.1	7.81	1.3
19770611	5.43	10.14	1.39
19770612	17.2	11.65	1.81
19770613	9.97	10.89	3.13
19770614	0.53	10.95	1.83
19770615	0.0	10.14	1.33
19770616	0.0	10.39	0.97
19770617	0.01	9.31	0.86
19770618	0.02	8.72	0.85
19770619	0.0	10.1	0.83
19770620	0.0	8.94	0.78
19770621	0.0	11.72	0.71
19770622	0.0	14.81	0.68
19770623	0.0	14.9	0.66
19770624	0.35	14.98	0.64
19770625	0.07	12.71	0.6
19770626	1.55	12.13	0.56
19770627	9.85	12.49	0.72
19770628	2.22	11.3	1.07
19770629	1.15	13.13	0.69
19770630	16.51	13.01	0.63
19770701	9.08	14.27	2.72
19770702	0.03	16.98	1.19
19770703	0.0	18.3	0.8
19770704	0.0	19.26	0.74
19770705	0.0	17.61	0.68
19770706	0.0	19.36	0.64
19770707	0.0	19.37	0.63
19770708	0.0	16.92	0.62
19770709	0.0	13.71	0.6
19770710	0.0	13.48	0.57
19770711	0.01	14.99	0.59
19770712	0.04	12.8	0.59
19770713	0.08	11.08	0.59
19770714	0.0	10.29	0.58
19770715	0.7	15.26	0.56
19770716	0.01	13.35	0.56
19770717	6.37	13.8	0.62
19770718	9.08	12.7	0.84
19770719	3.98	13.95	0.78
19770720	2.07	12.71	0.89
19770721	0.26	13.34	0.65
19770722	1.47	16.71	0.64
19770723	3.23	15.57	0.59
19770724	7.4	12.96	0.73
19770725	4.25	12.18	0.93
19770726	1.09	12.4	0.69
19770727	0.01	10.69	0.59
19770728	0.11	12.75	0.57
19770729	0.05	12.47	0.55
19770730	0.07	14.48	0.53
19770731	0.0	15.03	0.51
19770801	0.01	17.53	0.53
19770802	0.34	17.32	0.53
19770803	0.0	12.53	0.52
19770804	6.1	15.25	0.53
19770805	0.39	12.94	0.67
19770806	1.48	13.16	0.53
19770807	0.48	12.9	0.5
19770808	0.01	12.39	0.51
19770809	0.0	14.06	0.51
19770810	0.0	16.03	0.5
19770811	0.0	16.13	0.52
19770812	0.02	15.82	0.64
19770813	0.07	16.66	0.52
19770814	7.61	15.92	0.51
19770815	0.57	16.13	0.52
19770816	0.01	15.81	0.5
19770817	0.12	13.92	0.64
19770818	7.4	12.32	1.16
19770819	3.61	12.71	0.84
19770820	2.19	14.91	0.63
19770821	4.08	13.55	0.51
19770822	0.15	12.37	0.5
19770823	1.11	14.62	0.75
19770824	6.17	13.33	0.57
19770825	11.67	14.0	0.55
19770826	1.28	12.46	0.58
19770827	0.27	9.22	0.58
19770828	0.02	13.53	0.61
19770829	5.61	14.63	0.6
19770830	0.28	12.76	0.58
19770831	0.17	13.43	0.55
19770901	2.74	13.93	1.03
19770902	0.41	11.87	0.69
19770903	0.08	11.12	1.21
19770904	6.45	11.86	0.88
19770905	0.1	13.9	0.65
19770906	1.26	12.78	0.58
19770907	0.05	9.97	0.56
19770908	7.65	9.53	0.54
19770909	4.82	11.31	0.52
19770910	8.37	15.12	0.51
19770911	0.89	14.66	0.49
19770912	0.33	9.99	0.5
19770913	0.0	12.38	0.51
19770914	0.11	14.5	0.52
19770915	0.13	12.27	0.51
19770916	0.0	9.56	0.51
19770917	0.0	8.51	0.49
19770918	0.02	10.06	0.62
19770919	0.13	8.73	0.56
19770920	0.05	9.06	0.57
19770921	0.53	9.38	0.56
19770922	0.12	8.83	0.59
19770923	0.0	11.41	3.16
19770924	1.01	13.26	2.21
19770925	5.14	12.86	1.27
19770926	0.87	14.46	0.96
19770927	3.16	15.25	2.22
19770928	0.75	12.74	1.54
19770929	12.09	13.33	0.58
19770930	27.76	10.73	3.14
19771001	7.23	8.4	2.12
19771002	0.23	8.6	1.25
19771003	12.3	10.93	1.02
19771004	7.69	8.98	2.31
19771005	0.1	10.57	1.53
19771006	2.63	11.93	1.12
19771007	0.03	8.99	1.01
19771008	3.9	9.52	0.9
19771009	5.17	10.53	1.06
19771010	0.14	7.64	1.14
19771011	4.26	10.33	0.99
19771012	0.04	9.93	1.08
19771013	0.0	9.87	0.84
19771014	0.04	10.77	0.78
19771015	0.02	11.23	0.73
19771016	0.04	11.36	0.7
19771017	0.03	11.97	0.7
19771018	0.25	13.03	0.69
19771019	3.48	14.29	0.73
19771020	3.01	14.08	0.88
19771021	0.87	13.97	0.73
19771022	1.33	12.35	0.66
19771023	8.2	10.73	0.73
19771024	7.15	9.65	1.71
19771025	0.06	9.58	1.16
19771026	0.07	10.32	0.86
19771027	1.4	7.54	0.8
19771028	0.08	9.75	0.73
19771029	0.27	9.84	0.68
19771030	7.21	10.81	0.7
19771031	6.49	7.36	1.42
19771101	17.6	7.48	2.11
19771102	4.49	7.76	3.03
19771103	5.72	6.47	2.0
19771104	6.01	6.94	2.0
19771105	0.96	8.3	1.89
19771106	0.51	8.52	1.46
19771107	6.76	8.09	1.95
19771108	2.83	8.23	1.69
19771109	9.31	11.32	2.48
19771110	0.99	12.1	1.89
19771111	6.41	8.31	1.64
19771112	9.45	3.08	1.95
19771113	2.47	6.05	2.16
19771114	14.83	5.16	3.14
19771115	7.85	3.61	4.16
19771116	1.14	1.67	3.48
19771117	0.05	2.12	2.57
19771118	4.82	2.94	2.09
19771119	18.87	4.28	3.71
19771120	0.05	1.78	4.73
19771121	2.76	1.65	2.88
19771122	1.5	3.58	2.38
19771123	24.46	4.57	7.11
19771124	0.35	2.26	5.3
19771125	0.0	1.83	3.2
19771126	0.3	1.39	2.51
19771127	0.58	1.68	2.16
19771128	0.01	0.21	1.93
19771129	0.0	-0.19	1.73
19771130	0.87	1.54	1.59
19771201	0.66	3.41	1.56
19771202	0.03	0.87	1.43
19771203	0.0	0.87	1.28
19771204	0.0	1.62	1.2
19771205	0.1	2.56	1.14
19771206	1.07	2.21	1.1
19771207	8.84	2.43	1.16
19771208	4.67	6.11	1.77
19771209	5.19	6.59	1.6
19771210	8.22	7.56	1.98
19771211	3.65	7.68	2.64
19771212	4.07	7.35	2.15
19771213	1.14	7.95	2.29
19771214	0.01	6.39	1.94
19771215	0.11	6.68	1.73
19771216	0.26	5.22	1.64
19771217	4.41	4.6	1.54
19771218	0.75	5.21	1.8
19771219	0.01	4.32	1.55
19771220	0.09	2.6	1.35
19771221	3.25	4.05	1.29
19771222	6.64	8.29	1.37
19771223	9.65	10.37	2.24
19771224	3.88	7.3	2.98
19771225	1.22	5.98	2.17
19771226	9.53	4.34	2.03
19771227	1.63	2.23	3.44
19771228	0.24	2.26	2.18
19771229	3.53	4.68	2.0
19771230	0.22	3.88	2.1
19771231	1.1	5.7	1.73
19780101	1.8	5.41	1.67
19780102	10.46	4.48	1.7
19780103	3.76	1.57	2.91
19780104	1.46	0.9	2.03
19780105	0.17	4.81	1.88
19780106	0.01	4.41	1.68
19780107	0.01	3.84	1.34
19780108	3.91	4.78	1.24
19780109	4.29	3.29	1.71
19780110	14.46	1.9	2.23
19780111	3.76	-0.09	3.38
19780112	0.23	-1.05	2.1
19780113	0.35	2.11	1.64
19780114	0.0	3.25	1.59
19780115	0.43	2.23	1.55
19780116	2.25	0.02	1.52
19780117	0.17	-1.28	1.47
19780118	4.03	-1.36	1.31
19780119	7.86	1.0	1.44
19780120	5.67	1.52	2.94
19780121	4.39	2.67	2.17
19780122	4.17	1.8	3.19
19780123	12.34	4.15	3.97
19780124	0.46	3.42	4.69
19780125	3.08	1.71	2.87
19780126	3.65	1.47	2.68
19780127	13.87	2.52	2.58
19780128	21.44	2.12	8.54
19780129	3.64	1.5	5.89
19780130	0.44	-0.86	4.07
19780131	6.38	1.28	3.51
19780201	14.66	3.98	7.32
19780202	0.9	2.11	6.08
19780203	6.63	1.93	3.91
19780204	9.03	3.21	5.53
19780205	5.58	4.15	5.01
19780206	0.55	3.06	4.15
19780207	0.07	2.17	3.11
19780208	1.03	-1.33	2.58
19780209	0.94	-2.75	2.27
19780210	0.43	-5.21	1.98
19780211	1.27	-3.68	1.76
19780212	2.88	-2.79	1.67
19780213	0.75	-1.71	1.56
19780214	0.08	-1.72	1.31
19780215	0.03	-1.55	1.2
19780216	0.03	-1.46	1.16
19780217	0.0	-1.92	1.06
19780218	0.0	-1.37	1.03
19780219	0.0	-2.78	0.99
19780220	1.03	-2.31	0.91
19780221	1.63	1.07	0.95
19780222	4.64	4.89	1.43
19780223	2.48	6.42	1.86
19780224	0.52	8.31	1.77
19780225	4.13	7.12	1.54
19780226	4.21	7.14	1.88
19780227	2.46	6.97	2.03
19780228	1.8	6.84	1.68
19780301	1.79	6.22	1.67
19780302	2.22	5.72	1.63
19780303	0.06	4.71	1.51
19780304	0.0	2.31	1.33
19780305	0.0	4.08	1.21
19780306	0.0	6.04	1.17
19780307	2.5	6.86	1.1
19780308	0.39	4.91	1.11
19780309	1.56	6.88	1.05
19780310	0.03	10.37	1.03
19780311	0.74	9.06	0.95
19780312	3.16	5.24	1.02
19780313	4.13	5.99	1.14
19780314	20.0	5.88	2.16
19780315	2.39	3.59	4.54
19780316	3.46	2.02	2.41
19780317	0.29	1.49	1.81
19780318	0.08	3.52	1.56
19780319	11.48	5.41	2.82
19780320	16.1	3.0	4.27
19780321	1.33	3.48	3.63
19780322	8.91	5.42	3.72
19780323	10.06	3.47	4.83
19780324	2.38	6.08	4.23
19780325	10.01	4.29	4.88
19780326	2.39	6.13	3.48
19780327	1.22	7.96	3.49
19780328	2.78	7.9	2.66
19780329	0.17	5.73	2.22
19780330	0.33	6.23	1.77
19780331	2.95	6.32	1.63
19780401	4.39	7.76	1.73
19780402	1.24	7.82	1.75
19780403	0.19	4.93	1.55
19780404	0.02	5.6	1.35
19780405	0.0	5.09	1.23
19780406	0.01	5.1	1.12
19780407	0.0	4.88	1.04
19780408	0.03	4.58	0.97
19780409	1.77	2.24	0.96
19780410	1.67	-1.82	1.05
19780411	3.47	1.87	0.95
19780412	1.18	2.09	1.01
19780413	6.32	0.52	1.3
19780414	0.27	2.39	1.02
19780415	0.07	5.55	0.88
19780416	0.03	5.53	0.82
19780417	0.99	7.74	0.8
19780418	0.35	5.28	0.8
19780419	3.94	8.83	0.76
19780420	3.57	8.03	1.0
19780421	0.15	8.06	0.88
19780422	0.0	9.11	0.75
19780423	0.0	8.46	0.71
19780424	0.0	7.27	0.71
19780425	0.29	5.02	0.69
19780426	2.74	3.92	0.7
19780427	0.09	3.61	0.71
19780428	0.01	6.19	0.7
19780429	0.37	6.79	0.65
19780430	2.84	5.53	0.64
19780501	0.58	5.26	0.66
19780502	0.64	6.69	0.69
19780503	0.49	10.66	0.67
19780504	11.8	10.66	1.21
19780505	8.11	7.72	1.24
19780506	0.65	9.4	1.1
19780507	0.58	12.01	0.89
19780508	0.02	9.4	0.78
19780509	0.0	10.71	0.72
19780510	0.05	13.62	0.73
19780511	2.82	10.06	0.74
19780512	1.79	7.16	0.81
19780513	1.24	7.7	0.74
19780514	0.93	7.62	0.74
19780515	2.93	9.37	0.83
19780516	1.19	10.2	0.77
19780517	0.02	9.8	0.68
19780518	0.0	8.5	0.65
19780519	0.0	9.64	0.6
19780520	0.0	10.98	0.57
19780521	0.0	10.78	0.56
19780522	0.0	10.2	0.67
19780523	0.0	12.05	0.59
19780524	0.38	9.11	0.59
19780525	0.01	11.7	0.6
19780526	0.0	14.41	0.6
19780527	0.0	15.61	0.56
19780528	0.01	17.21	0.55
19780529	0.0	16.12	0.55
19780530	0.0	17.26	0.54
19780531	0.1	19.08	0.54
19780601	11.07	18.76	1.98
19780602	0.01	17.32	1.02
19780603	0.01	18.35	0.63
19780604	6.85	17.26	0.8
19780605	1.9	15.14	0.72
19780606	1.01	14.14	0.64
19780607	7.78	9.86	0.92
19780608	0.0	10.83	0.71
19780609	0.0	9.85	0.59
19780610	0.02	10.24	0.54
19780611	0.0	11.85	0.53
19780612	0.0	8.96	0.54
19780613	0.01	8.67	0.54
19780614	0.14	10.43	0.55
19780615	12.4	9.84	0.56
19780616	14.33	11.52	1.57
19780617	0.02	11.17	0.95
19780618	0.0	15.28	0.64
19780619	0.01	12.99	0.61
19780620	0.07	13.54	0.57
19780621	5.32	11.13	0.65
19780622	1.69	10.11	0.65
19780623	7.99	8.85	0.85
19780624	4.59	9.37	0.85
19780625	1.5	9.8	0.77
19780626	0.32	9.67	0.65
19780627	3.85	11.49	0.62
19780628	1.24	13.86	0.71
19780629	10.31	11.71	1.01
19780630	2.07	11.44	1.42
19780701	12.65	12.12	0.97
19780702	10.55	11.25	2.47
19780703	3.18	9.41	2.33
19780704	3.89	10.73	1.55
19780705	0.84	10.11	1.35
19780706	0.02	11.02	1.15
19780707	6.67	11.6	1.05
19780708	4.78	11.79	1.69
19780709	0.01	11.98	1.2
19780710	0.0	12.87	0.99
19780711	0.0	13.17	0.87
19780712	0.0	15.32	0.8
19780713	0.0	15.97	0.76
19780714	0.2	14.91	0.73
19780715	0.05	13.77	0.68
19780716	0.0	12.32	0.63
19780717	0.03	15.04	0.65
19780718	0.31	13.79	0.65
19780719	2.54	11.65	0.67
19780720	0.41	11.26	0.67
19780721	0.01	12.6	0.63
19780722	6.36	15.24	0.6
19780723	6.7	14.13	0.96
19780724	0.01	12.6	0.79
19780725	7.44	14.71	0.61
19780726	2.83	14.78	1.09
19780727	7.06	17.95	0.83
19780728	0.11	15.38	0.83
19780729	2.63	17.46	0.62
19780730	1.37	14.63	0.67
19780731	4.8	13.0	0.68
19780801	0.4	14.15	0.69
19780802	6.01	15.04	0.76
19780803	9.72	13.27	1.09
19780804	1.31	14.6	1.21
19780805	8.27	14.21	1.13
19780806	5.33	12.66	1.7
19780807	9.91	13.12	1.65
19780808	12.65	11.91	3.12
19780809	0.4	11.98	2.45
19780810	0.0	13.0	1.61
19780811	0.06	15.9	1.28
19780812	1.35	13.77	1.11
19780813	4.82	15.66	1.08
19780814	10.48	14.22	1.36
19780815	4.96	13.64	1.89
19780816	2.04	11.94	1.36
19780817	0.06	13.47	1.11
19780818	0.01	14.87	0.95
19780819	0.62	18.26	0.81
19780820	1.03	14.63	0.76
19780821	4.44	16.93	0.76
19780822	6.81	12.78	1.39
19780823	0.01	12.4	0.98
19780824	0.06	13.17	0.77
19780825	0.0	13.97	0.71
19780826	0.0	13.72	0.65
19780827	0.46	14.02	0.63
19780828	0.14	12.8	0.64
19780829	1.81	11.84	0.67
19780830	2.18	10.21	0.7
19780831	12.23	10.82	1.08
19780901	0.05	10.83	1.33
19780902	0.07	11.77	0.83
19780903	0.02	13.06	0.71
19780904	0.0	13.13	0.69
19780905	11.49	12.2	1.1
19780906	3.9	13.47	1.56
19780907	1.03	12.11	1.13
19780908	6.14	14.7	1.16
19780909	2.62	15.93	1.32
19780910	4.27	16.06	1.08
19780911	1.84	11.64	1.28
19780912	0.4	14.42	1.02
19780913	3.8	14.94	0.94
19780914	0.39	12.34	1.01
19780915	0.76	13.31	0.86
19780916	0.72	13.71	0.81
19780917	0.02	10.6	0.73
19780918	0.0	10.95	0.71
19780919	0.0	10.82	0.67
19780920	0.61	13.6	0.67
19780921	0.0	14.29	0.66
19780922	0.02	13.06	0.66
19780923	0.04	15.42	0.63
19780924	5.61	13.89	0.72
19780925	0.19	10.66	0.78
19780926	21.7	10.86	1.34
19780927	12.89	10.03	3.03
19780928	25.04	10.83	6.59
19780929	30.13	8.73	8.55
19780930	1.71	9.59	9.44
19781001	0.08	9.02	3.92
19781002	3.02	9.88	2.75
19781003	0.27	9.17	2.2
19781004	0.07	10.7	1.82
19781005	0.01	13.59	1.73
19781006	0.0	11.66	1.55
19781007	0.0	12.58	1.28
19781008	0.05	14.79	1.16
19781009	2.41	13.81	1.12
19781010	0.05	14.58	1.24
19781011	0.02	17.08	1.09
19781012	0.0	15.36	1.05
19781013	0.01	12.06	1.06
19781014	1.41	10.55	0.93
19781015	5.05	9.55	1.12
19781016	9.5	7.93	1.4
19781017	0.05	5.41	1.47
19781018	0.27	7.91	1.07
19781019	0.75	10.16	0.96
19781020	0.34	7.86	0.91
19781021	4.31	9.39	0.83
19781022	0.24	8.51	1.04
19781023	0.08	10.59	1.01
19781024	11.5	12.9	1.03
19781025	1.43	12.57	1.94
19781026	0.12	10.08	1.32
19781027	0.01	10.58	1.12
19781028	0.0	9.61	1.01
19781029	0.04	8.54	0.94
19781030	0.09	10.81	0.92
19781031	1.2	8.87	0.88
19781101	0.16	10.69	0.84
19781102	0.25	9.16	0.79
19781103	0.05	9.89	0.78
19781104	0.04	12.08	0.74
19781105	0.09	10.65	0.72
19781106	0.01	8.95	0.72
19781107	0.04	10.51	0.7
19781108	0.02	7.62	0.69
19781109	0.0	7.45	0.68
19781110	0.04	9.94	0.68
19781111	0.0	9.15	0.65
19781112	7.79	7.42	1.11
19781113	0.09	7.84	0.9
19781114	0.8	11.91	0.74
19781115	11.92	8.24	1.44
19781116	2.13	7.36	1.26
19781117	3.01	10.67	0.99
19781118	25.25	11.69	5.82
19781119	10.3	7.07	4.89
19781120	8.09	6.55	3.26
19781121	1.35	10.58	3.78
19781122	1.44	10.89	2.59
19781123	9.06	8.09	2.29
19781124	6.31	3.43	3.89
19781125	1.68	1.01	3.14
19781126	0.03	-0.89	2.46
19781127	0.0	-1.14	2.06
19781128	0.0	-1.28	1.74
19781129	0.01	-0.53	1.61
19781130	0.0	-2.63	1.57
19781201	0.48	-2.14	1.46
19781202	1.26	1.11	1.33
19781203	8.96	3.02	1.52
19781204	0.04	1.89	2.39
19781205	0.08	1.24	1.59
19781206	0.0	0.33	1.47
19781207	8.68	2.54	1.78
19781208	12.54	6.72	3.65
19781209	3.49	8.18	3.24
19781210	2.72	10.61	2.83
19781211	3.11	9.14	2.57
19781212	11.36	6.24	3.03
19781213	0.36	3.7	3.91
19781214	19.11	3.47	5.34
19781215	3.51	3.2	5.91
19781216	0.02	1.2	3.74
19781217	0.0	-0.61	2.79
19781218	0.0	-1.22	2.35
19781219	0.0	-3.74	2.06
19781220	2.14	-0.69	1.89
19781221	3.94	0.41	1.76
19781222	0.17	-1.12	1.66
19781223	2.73	-1.03	1.47
19781224	7.65	3.48	1.97
19781225	2.04	4.81	2.75
19781226	6.26	6.1	2.29
19781227	24.71	6.17	4.53
19781228	42.7	3.46	20.02
19781229	4.3	-0.17	13.27
19781230	1.8	-3.34	5.57
19781231	0.17	-6.42	3.68
19790101	10.45	-3.75	2.83
19790102	3.58	-2.55	2.58
19790103	0.16	-3.54	2.19
19790104	0.01	-4.51	1.81
19790105	0.03	-4.07	1.59
19790106	4.34	1.84	1.99
19790107	3.88	4.55	6.82
19790108	3.44	2.16	4.16
19790109	5.53	0.87	3.22
19790110	1.36	0.43	3.01
19790111	1.43	-0.82	2.31
19790112	0.01	-4.35	1.99
19790113	0.01	-3.85	1.72
19790114	1.03	0.91	1.71
19790115	0.28	3.65	1.82
19790116	1.22	1.79	2.11
19790117	6.92	0.99	2.24
19790118	0.85	-1.04	2.01
19790119	11.19	-1.15	1.73
19790120	3.42	-0.45	1.75
19790121	0.1	-0.71	1.5
19790122	0.23	-1.46	1.41
19790123	0.24	-2.07	1.3
19790124	3.65	-0.29	1.35
19790125	3.88	-2.05	1.39
19790126	0.47	-3.13	1.28
19790127	0.06	-5.08	1.16
19790128	3.63	-2.35	1.17
19790129	0.75	0.29	1.23
19790130	0.16	-0.34	1.17
19790131	10.84	2.58	1.36
19790201	9.0	-0.51	6.01
19790202	0.27	-0.69	2.9
19790203	1.73	1.21	2.24
19790204	0.03	0.07	2.21
19790205	0.01	-0.37	1.81
19790206	0.13	-1.08	1.57
19790207	0.08	-1.88	1.44
19790208	0.01	-0.64	1.27
19790209	0.0	-0.09	1.21
19790210	0.01	-0.35	1.13
19790211	0.78	0.28	1.05
19790212	5.66	-0.28	1.05
19790213	4.22	-1.26	1.1
19790214	1.32	-5.1	1.08
19790215	1.84	-4.19	0.98
19790216	0.4	-2.15	0.99
19790217	0.15	-1.51	0.94
19790218	0.28	-0.89	0.93
19790219	0.14	0.55	0.95
19790220	0.04	0.7	0.97
19790221	3.13	0.97	1.01
19790222	0.28	2.78	1.23
19790223	0.0	2.01	1.45
19790224	0.0	1.53	1.31
19790225	0.0	1.91	1.16
19790226	0.02	3.62	1.18
19790227	11.29	2.8	1.81
19790228	2.19	1.37	2.77
19790301	6.55	4.67	2.06
19790302	1.84	8.67	6.69
19790303	5.07	5.68	10.67
19790304	0.01	4.27	4.08
19790305	0.01	5.56	2.84
19790306	11.4	2.75	3.2
19790307	1.75	2.84	2.96
19790308	17.32	4.41	3.72
19790309	3.22	1.5	8.0
19790310	13.23	4.81	3.56
19790311	10.22	5.94	12.7
19790312	0.02	4.68	5.0
19790313	2.08	3.16	3.42
19790314	0.3	1.98	2.72
19790315	1.14	0.03	2.25
19790316	10.51	-1.07	2.19
19790317	6.33	-0.66	2.06
19790318	2.15	1.12	2.13
19790319	0.04	1.3	2.13
19790320	2.1	1.57	2.01
19790321	2.57	0.28	2.08
19790322	1.89	0.85	1.81
19790323	0.06	1.78	1.65
19790324	7.07	5.42	1.8
19790325	5.48	6.81	8.58
19790326	16.98	2.42	5.99
19790327	4.64	2.21	6.65
19790328	14.41	2.23	5.13
19790329	2.23	3.44	5.12
19790330	1.51	4.12	4.68
19790331	0.42	5.79	3.99
19790401	4.87	3.94	3.66
19790402	1.86	1.39	3.06
19790403	0.84	2.13	2.35
19790404	1.13	2.03	2.03
19790405	0.58	2.21	1.87
19790406	0.38	2.66	1.71
19790407	25.5	4.24	1.8
19790408	14.39	3.67	9.14
19790409	5.93	5.65	6.5
19790410	2.45	10.2	6.03
19790411	5.91	9.61	5.49
19790412	2.95	7.68	3.82
19790413	0.33	9.57	2.97
19790414	0.0	12.09	2.46
19790415	0.0	8.29	2.04
19790416	0.0	6.93	1.72
19790417	0.0	6.54	1.57
19790418	0.1	9.25	1.43
19790419	2.38	8.2	1.39
19790420	1.1	7.64	1.43
19790421	0.54	7.38	1.29
19790422	8.84	7.19	1.35
19790423	2.16	7.08	1.89
19790424	1.01	6.46	1.35
19790425	2.66	5.16	1.24
19790426	0.69	6.15	1.14
19790427	2.64	7.86	1.05
19790428	1.3	8.04	1.1
19790429	4.52	4.49	1.15
19790430	2.99	3.53	1.35
19790501	2.44	1.09	1.29
19790502	0.22	3.21	1.18
19790503	2.32	2.04	1.1
19790504	0.03	3.16	1.05
19790505	2.36	3.43	1.02
19790506	15.56	6.06	1.21
19790507	17.93	7.88	7.12
19790508	2.27	7.72	4.22
19790509	0.12	7.55	2.59
19790510	12.1	8.33	2.51
19790511	3.87	11.0	4.45
19790512	0.17	13.52	2.98
19790513	0.0	15.36	2.36
19790514	0.0	16.33	2.03
19790515	0.0	14.86	1.79
19790516	2.07	9.17	1.67
19790517	9.77	8.56	1.95
19790518	7.19	6.13	2.59
19790519	0.03	8.87	1.85
19790520	13.76	9.42	2.0
19790521	3.24	8.52	3.17
19790522	5.55	9.88	2.14
19790523	2.68	8.07	2.26
19790524	1.91	7.6	1.94
19790525	0.37	9.3	1.82
19790526	14.92	7.89	2.74
19790527	3.95	9.34	2.98
19790528	10.09	10.3	2.63
19790529	1.51	11.73	3.52
19790530	12.99	10.12	3.99
19790531	0.1	9.03	3.22
19790601	0.04	13.61	2.43
19790602	0.49	11.76	2.11
19790603	0.01	17.38	1.82
19790604	0.19	16.61	1.67
19790605	0.11	12.65	1.53
19790606	1.04	11.73	1.46
19790607	5.82	10.58	1.61
19790608	0.67	11.51	1.33
19790609	0.0	13.53	1.16
19790610	0.0	14.56	1.08
19790611	0.0	14.21	1.01
19790612	6.49	15.4	1.02
19790613	5.03	12.13	1.65
19790614	11.61	9.58	1.69
19790615	4.62	10.84	2.58
19790616	0.01	12.61	1.48
19790617	0.0	13.99	1.21
19790618	0.0	16.54	1.06
19790619	0.0	20.46	0.9
19790620	0.0	18.78	0.85
19790621	2.4	12.7	0.87
19790622	0.01	13.54	0.82
19790623	6.16	12.03	1.06
19790624	19.28	10.74	2.32
19790625	0.78	10.35	1.69
19790626	0.01	11.03	1.14
19790627	0.01	14.45	0.99
19790628	0.35	13.17	0.93
19790629	1.15	11.12	0.89
19790630	0.04	10.82	0.81
19790701	0.0	12.05	0.76
19790702	0.0	12.67	0.76
19790703	0.0	14.1	0.73
19790704	0.0	15.9	0.71
19790705	0.0	14.98	0.7
19790706	1.0	17.11	0.69
19790707	1.28	13.72	0.7
19790708	2.29	15.17	0.67
19790709	0.01	12.03	0.7
19790710	0.0	14.66	0.65
19790711	0.0	15.67	0.65
19790712	0.0	17.31	0.64
19790713	0.01	13.73	0.62
19790714	0.0	12.97	0.59
19790715	0.07	14.56	0.58
19790716	0.58	16.01	0.6
19790717	3.56	17.11	0.63
19790718	0.06	12.0	0.68
19790719	1.27	11.41	0.61
19790720	2.85	11.92	0.64
19790721	3.82	11.54	0.69
19790722	0.13	11.69	0.62
19790723	0.33	13.05	0.61
19790724	5.98	15.13	0.61
19790725	0.47	16.18	0.79
19790726	0.01	16.96	0.62
19790727	0.0	19.65	0.59
19790728	0.44	18.06	0.57
19790729	4.5	17.26	0.65
19790730	15.34	15.28	0.91
19790731	3.44	14.15	1.34
19790801	7.72	14.53	0.94
19790802	1.0	12.93	1.02
19790803	0.9	12.75	0.72
19790804	0.0	14.26	0.64
19790805	0.03	16.41	0.59
19790806	0.4	17.19	0.59
19790807	11.04	14.18	1.08
19790808	10.77	12.64	0.8
19790809	4.74	10.85	1.65
19790810	2.2	14.02	0.96
19790811	0.83	16.62	0.76
19790812	2.87	18.96	0.68
19790813	22.74	16.23	1.66
19790814	28.68	12.74	4.2
19790815	1.3	12.5	4.18
19790816	11.11	13.28	1.93
19790817	5.15	12.87	3.13
19790818	0.18	14.92	1.86
19790819	0.68	14.25	1.36
19790820	4.35	13.44	1.36
19790821	2.37	11.36	1.28
19790822	4.22	11.4	1.58
19790823	10.21	9.91	2.66
19790824	0.1	10.3	2.0
19790825	0.05	12.23	1.49
19790826	1.04	11.74	1.34
19790827	0.01	11.48	1.23
19790828	0.0	12.73	1.11
19790829	0.0	14.87	0.86
19790830	0.0	16.59	0.81
19790831	0.01	18.15	0.75
19790901	9.06	15.87	0.84
19790902	15.59	14.16	1.23
19790903	2.51	12.92	2.4
19790904	0.02	14.31	1.26
19790905	0.0	15.56	0.98
19790906	0.26	15.12	0.9
19790907	0.11	14.26	0.82
19790908	0.47	14.67	0.75
19790909	0.03	12.27	0.73
19790910	0.0	13.72	0.73
19790911	2.08	14.17	0.72
19790912	0.17	12.67	0.76
19790913	0.13	10.47	0.7
19790914	2.06	7.63	0.72
19790915	0.01	9.82	0.67
19790916	0.93	13.72	0.65
19790917	7.35	14.88	0.68
19790918	2.28	13.67	1.03
19790919	2.72	12.26	0.81
19790920	5.01	9.01	0.75
19790921	3.89	5.83	1.07
19790922	0.52	8.29	0.76
19790923	0.44	8.08	0.7
19790924	0.94	10.98	0.69
19790925	4.38	14.56	0.75
19790926	9.72	12.67	1.5
19790927	0.03	8.66	1.24
19790928	0.01	8.98	0.82
19790929	0.0	10.1	0.72
19790930	0.08	11.8	0.73
19791001	0.31	10.72	0.7
19791002	0.69	13.61	0.68
19791003	10.5	13.76	0.89
19791004	1.53	10.49	1.18
19791005	0.01	8.8	0.82
19791006	1.08	11.37	0.69
19791007	0.04	14.08	0.68
19791008	0.37	16.51	0.64
19791009	0.01	15.69	0.64
19791010	2.42	11.77	0.69
19791011	0.01	12.61	0.69
19791012	6.78	12.89	0.65
19791013	2.44	11.4	1.11
19791014	3.02	11.24	1.1
19791015	0.86	10.64	0.92
19791016	0.03	9.12	0.74
19791017	3.86	10.07	0.77
19791018	0.55	10.51	0.81
19791019	3.11	9.92	0.82
19791020	0.01	7.21	0.76
19791021	0.01	8.4	0.68
19791022	0.0	7.28	0.68
19791023	0.0	6.64	0.64
19791024	0.36	8.21	0.66
19791025	17.78	9.56	1.03
19791026	0.11	6.87	1.96
19791027	0.0	5.04	1.01
19791028	0.3	6.25	0.83
19791029	1.15	6.94	0.83
19791030	3.73	9.81	0.86
19791031	2.29	7.86	0.93
19791101	2.67	6.94	0.96
19791102	9.33	8.55	1.03
19791103	13.84	11.25	1.97
19791104	6.98	7.37	4.23
19791105	7.14	7.26	3.03
19791106	1.18	5.22	2.6
19791107	15.31	5.58	3.87
19791108	15.98	4.45	4.21
19791109	6.01	1.3	5.69
19791110	4.72	3.72	4.08
19791111	12.86	4.17	4.8
19791112	0.01	-0.55	4.33
19791113	2.65	0.23	3.01
19791114	6.33	1.8	2.72
19791115	10.04	2.59	3.57
19791116	0.46	2.52	3.16
19791117	5.58	4.32	2.73
19791118	4.64	5.26	4.45
19791119	0.12	3.04	2.91
19791120	0.04	1.61	2.18
19791121	0.22	4.6	1.95
19791122	0.24	9.57	1.79
19791123	3.46	5.59	1.86
19791124	4.87	4.47	1.72
19791125	11.5	8.86	2.38
19791126	8.35	8.53	4.38
19791127	0.91	8.08	3.33
19791128	0.03	11.08	2.45
19791129	0.18	11.32	2.1
19791130	2.1	9.88	1.9
19791201	0.09	9.32	1.75
19791202	10.76	9.0	2.14
19791203	11.58	7.82	4.95
19791204	25.42	9.05	4.57
19791205	2.92	5.03	10.97
19791206	5.49	7.89	4.35
19791207	5.51	9.64	4.05
19791208	10.2	8.08	4.62
19791209	10.84	8.54	6.82
19791210	11.43	5.37	6.28
19791211	2.36	3.56	6.71
19791212	9.59	5.78	5.7
19791213	20.74	4.31	6.49
19791214	4.91	4.11	9.17
19791215	3.19	3.81	6.3
19791216	1.8	4.22	4.74
19791217	5.72	3.85	4.1
19791218	4.93	1.82	4.24
19791219	0.02	1.32	3.4
19791220	0.04	0.98	2.88
19791221	0.32	0.27	2.12
19791222	0.29	0.15	1.83
19791223	1.48	0.52	1.71
19791224	0.04	0.39	1.61
19791225	0.8	2.42	1.45
19791226	7.58	5.32	1.66
19791227	22.01	5.8	7.76
19791228	3.06	1.97	3.82
19791229	8.37	0.04	3.24
19791230	0.03	-0.42	2.49
19791231	0.0	-1.9	1.98
19800101	0.0	-3.84	1.68
19800102	7.24	-2.71	1.52
19800103	16.15	4.52	2.25
19800104	4.35	3.87	5.05
19800105	5.71	4.95	4.5
19800106	0.39	3.62	4.06
19800107	0.04	2.68	3.11
19800108	0.0	0.79	2.72
19800109	0.0	0.52	2.46
19800110	0.0	-0.13	2.02
19800111	0.44	0.62	1.73
19800112	0.03	-0.79	1.68
19800113	0.21	-1.48	1.56
19800114	11.17	0.4	1.86
19800115	0.66	1.14	1.76
19800116	0.05	1.59	1.67
19800117	0.0	-0.22	1.55
19800118	0.01	-1.96	1.31
19800119	0.65	0.39	1.13
19800120	6.9	1.43	1.1
19800121	13.49	2.11	2.79
19800122	6.18	2.48	3.79
19800123	4.49	2.89	3.21
19800124	7.51	3.54	3.4
19800125	0.14	1.98	3.13
19800126	0.0	-0.12	2.35
19800127	4.8	0.07	2.0
19800128	5.7	3.31	3.0
19800129	7.05	5.36	3.26
19800130	14.43	4.7	3.62
19800131	5.55	-1.09	6.08
19800201	5.0	-0.28	3.56
19800202	9.91	2.47	4.37
19800203	5.9	1.32	5.68
19800204	20.3	2.98	6.04
19800205	7.63	4.33	11.09
19800206	10.16	1.82	7.44
19800207	13.28	4.86	6.31
19800208	2.0	8.7	9.78
19800209	2.85	7.21	5.54
19800210	1.43	5.87	4.47
19800211	0.65	6.45	3.78
19800212	0.02	5.98	3.22
19800213	0.02	5.95	2.83
19800214	9.13	6.72	2.61
19800215	0.7	4.99	3.28
19800216	0.68	5.96	2.55
19800217	0.46	7.19	2.04
19800218	0.03	6.59	2.03
19800219	0.0	4.02	2.03
19800220	1.76	4.67	1.61
19800221	12.21	6.95	1.86
19800222	6.46	5.01	3.97
19800223	0.14	3.97	2.47
19800224	0.6	3.74	1.93
19800225	10.53	3.32	2.0
19800226	1.89	2.28	2.41
19800227	0.05	1.86	2.11
19800228	0.47	4.06	1.97
19800229	0.01	5.9	1.86
19800301	0.0	5.87	1.71
19800302	0.03	2.52	1.57
19800303	0.0	1.53	1.33
19800304	0.04	3.62	1.23
19800305	3.01	3.55	1.22
19800306	4.47	3.72	1.44
19800307	3.62	4.74	1.43
19800308	0.91	4.75	1.29
19800309	4.69	4.64	1.22
19800310	1.16	2.96	1.54
19800311	12.5	5.57	1.38
19800312	8.2	3.97	5.62
19800313	0.04	2.24	2.95
19800314	1.05	2.51	2.28
19800315	0.07	1.72	1.92
19800316	4.6	1.21	1.6
19800317	15.93	2.03	2.23
19800318	23.84	0.95	7.56
19800319	3.96	-0.91	4.36
19800320	0.34	-1.13	2.78
19800321	0.03	-1.43	2.31
19800322	0.04	1.14	2.03
19800323	1.47	2.2	1.85
19800324	8.28	5.12	2.89
19800325	3.71	5.44	4.35
19800326	5.45	6.14	3.73
19800327	2.06	5.88	4.1
19800328	10.88	4.69	4.77
19800329	0.08	5.12	4.24
19800330	0.01	6.15	3.23
19800331	3.6	6.98	2.81
19800401	0.13	6.09	2.77
19800402	0.39	5.21	2.06
19800403	0.0	5.01	1.74
19800404	0.0	8.06	1.53
19800405	0.0	7.99	1.41
19800406	0.0	9.0	1.3
19800407	0.0	6.15	1.29
19800408	0.0	4.49	1.22
19800409	0.1	5.35	1.11
19800410	0.0	6.73	1.05
19800411	0.0	7.68	0.99
19800412	0.0	10.18	0.95
19800413	0.0	12.42	0.92
19800414	0.0	11.74	0.91
19800415	0.0	14.16	0.87
19800416	0.0	10.68	0.83
19800417	0.45	8.24	0.83
19800418	0.01	9.51	0.82
19800419	0.0	5.99	0.78
19800420	0.01	4.51	0.74
19800421	1.41	7.8	0.77
19800422	0.7	6.92	0.79
19800423	0.63	8.77	0.8
19800424	0.91	8.08	0.79
19800425	0.0	4.72	0.75
19800426	0.01	9.35	0.7
19800427	0.07	9.01	0.69
19800428	0.02	7.35	0.69
19800429	2.13	8.12	0.66
19800430	0.09	6.93	0.68
19800501	0.01	7.99	0.66
19800502	0.0	7.56	0.65
19800503	0.0	7.19	0.61
19800504	0.0	8.2	0.59
19800505	0.0	7.13	0.59
19800506	0.02	5.76	0.63
19800507	0.08	5.97	0.63
19800508	0.0	5.24	0.63
19800509	0.0	7.85	0.62
19800510	0.0	11.21	0.6
19800511	0.0	13.64	0.58
19800512	0.0	16.61	0.58
19800513	0.0	15.02	0.6
19800514	0.0	13.08	0.59
19800515	0.0	12.05	0.58
19800516	0.0	13.28	0.57
19800517	0.0	13.87	0.56
19800518	0.0	14.37	0.55
19800519	4.5	15.46	0.56
19800520	3.75	9.56	0.78
19800521	0.04	10.04	0.64
19800522	0.07	8.77	0.57
19800523	0.0	11.39	0.57
19800524	0.0	11.15	0.56
19800525	0.08	10.45	0.57
19800526	3.22	11.73	0.62
19800527	0.95	11.85	0.62
19800528	2.84	7.53	0.62
19800529	1.3	7.92	0.56
19800530	2.09	9.5	0.6
19800531	5.44	9.44	0.61
19800601	1.02	10.54	0.6
19800602	2.31	14.0	0.55
19800603	0.01	17.94	0.55
19800604	0.03	22.02	0.52
19800605	25.31	16.53	2.64
19800606	0.04	12.17	1.16
19800607	6.82	12.37	0.82
19800608	0.08	11.96	0.87
19800609	4.41	14.36	0.65
19800610	9.52	12.67	0.8
19800611	6.43	11.04	1.8
19800612	1.08	12.63	0.92
19800613	1.62	14.51	0.73
19800614	18.22	12.67	1.68
19800615	2.08	13.55	1.38
19800616	13.06	12.52	1.13
19800617	0.92	12.61	1.88
19800618	0.86	14.31	1.04
19800619	7.51	10.49	0.81
19800620	5.09	10.19	1.14
19800621	5.31	10.23	1.55
19800622	2.7	9.52	1.46
19800623	4.32	11.42	1.09
19800624	5.51	11.03	1.48
19800625	4.3	11.63	1.71
19800626	8.33	11.45	2.25
19800627	7.32	11.16	1.5
19800628	0.53	11.37	1.6
19800629	0.02	12.5	1.09
19800630	19.6	10.15	2.41
19800701	0.63	11.66	2.24
19800702	1.07	13.2	1.43
19800703	5.44	14.78	0.92
19800704	8.4	12.32	1.14
19800705	1.12	10.61	1.3
19800706	0.22	11.85	1.0
19800707	0.11	12.11	0.86
19800708	1.73	12.42	0.76
19800709	0.06	10.59	0.72
19800710	0.0	10.93	0.72
19800711	4.15	11.75	0.7
19800712	9.94	11.16	1.14
19800713	0.07	12.41	1.29
19800714	0.08	11.74	0.8
19800715	0.08	10.88	0.68
19800716	0.32	11.56	0.64
19800717	5.24	11.55	0.62
19800718	4.33	13.7	0.64
19800719	13.1	13.5	2.1
19800720	2.61	9.94	1.6
19800721	0.0	11.9	0.89
19800722	0.01	15.89	0.7
19800723	0.31	14.86	0.63
19800724	0.0	16.74	0.58
19800725	0.78	20.77	0.55
19800726	6.98	17.81	0.82
19800727	0.05	17.34	0.61
19800728	0.06	18.57	0.51
19800729	9.88	17.44	0.49
19800730	0.04	15.66	0.88
19800731	0.2	15.22	0.55
19800801	2.24	14.61	0.51
19800802	3.64	17.18	0.53
19800803	4.13	17.6	0.53
19800804	1.15	15.3	0.56
19800805	2.16	14.81	0.51
19800806	18.91	14.15	1.58
19800807	10.65	13.76	1.73
19800808	0.17	13.1	1.33
19800809	0.28	13.56	0.74
19800810	0.56	16.95	0.65
19800811	16.62	13.66	0.89
19800812	2.18	12.57	2.23
19800813	0.46	17.68	1.12
19800814	18.21	18.09	2.19
19800815	0.33	14.89	3.11
19800816	1.64	16.86	1.56
19800817	2.1	15.32	1.25
19800818	1.24	13.16	1.11
19800819	2.0	14.56	0.96
19800820	10.25	14.62	1.15
19800821	0.25	12.0	1.94
19800822	0.05	11.5	1.08
19800823	0.01	11.02	0.93
19800824	0.01	11.19	0.84
19800825	0.0	13.82	0.78
19800826	0.01	14.05	0.74
19800827	1.13	16.73	0.62
19800828	2.63	15.28	0.61
19800829	25.07	13.82	1.89
19800830	7.11	11.58	3.44
19800831	0.05	14.12	1.53
19800901	0.0	16.01	1.14
19800902	0.0	15.91	1.0
19800903	0.01	14.81	0.9
19800904	1.85	14.65	0.82
19800905	4.81	12.78	0.94
19800906	0.0	15.34	0.8
19800907	0.23	15.35	0.7
19800908	2.22	12.28	0.67
19800909	2.34	12.01	0.62
19800910	10.06	13.07	0.64
19800911	4.71	12.91	1.09
19800912	5.03	12.01	0.96
19800913	7.62	12.16	0.97
19800914	4.17	13.1	1.38
19800915	0.1	15.16	1.03
19800916	21.22	13.18	4.08
19800917	0.77	12.43	2.76
19800918	0.89	13.63	1.6
19800919	9.63	15.44	1.28
19800920	3.77	15.08	2.53
19800921	1.65	14.92	1.57
19800922	2.6	14.56	1.41
19800923	2.31	13.79	1.24
19800924	0.49	11.08	1.13
19800925	0.01	11.84	0.95
19800926	1.7	13.93	0.85
19800927	2.95	12.47	0.86
19800928	0.25	9.95	0.85
19800929	1.3	11.51	0.78
19800930	0.3	10.28	0.75
19801001	2.18	11.44	0.71
19801002	0.06	9.11	0.68
19801003	5.16	11.48	0.65
19801004	0.03	9.18	0.78
19801005	3.37	9.33	0.63
19801006	32.3	9.12	5.6
19801007	14.73	7.02	4.19
19801008	19.52	6.87	6.67
19801009	2.17	5.78	5.38
19801010	1.43	5.72	2.97
19801011	0.87	5.04	2.19
19801012	0.02	6.2	1.73
19801013	0.15	8.13	1.44
19801014	0.17	7.93	1.25
19801015	1.41	6.38	1.13
19801016	19.57	4.98	2.61
19801017	3.53	4.22	2.62
19801018	9.36	4.73	1.65
19801019	3.42	4.36	3.11
19801020	1.06	6.94	2.04
19801021	5.92	10.34	2.03
19801022	17.88	10.33	2.21
19801023	6.45	8.18	6.74
19801024	12.99	7.04	5.1
19801025	3.55	7.09	3.93
19801026	26.75	11.45	5.03
19801027	36.33	12.56	16.75
19801028	4.43	9.89	14.57
19801029	0.09	5.1	6.39
19801030	0.0	5.02	4.33
19801031	0.0	5.58	3.24
19801101	0.0	3.94	2.51
19801102	0.04	2.17	2.23
19801103	0.04	2.19	1.84
19801104	1.38	4.26	1.82
19801105	2.31	3.79	1.8
19801106	1.61	4.49	1.74
19801107	19.15	3.46	2.71
19801108	1.3	3.39	3.38
19801109	0.08	2.67	2.32
19801110	1.41	3.69	1.75
19801111	2.9	2.5	1.73
19801112	2.36	3.41	1.46
19801113	6.16	6.17	1.46
19801114	16.2	8.19	5.33
19801115	11.83	10.63	4.89
19801116	2.18	10.66	3.56
19801117	15.48	8.31	4.11
19801118	7.18	5.33	5.09
19801119	8.96	9.29	6.5
19801120	0.94	10.15	3.92
19801121	20.94	10.92	3.88
19801122	0.03	10.84	7.55
19801123	3.9	10.79	3.22
19801124	4.52	8.76	3.47
19801125	4.82	2.41	2.89
19801126	7.39	2.51	2.45
19801127	4.47	2.29	3.43
19801128	0.26	0.22	2.4
19801129	0.1	-0.02	1.82
19801130	0.01	-0.43	1.61
19801201	7.75	2.46	1.63
19801202	0.01	2.26	2.52
19801203	0.1	2.19	1.64
19801204	2.13	4.56	1.41
19801205	2.11	4.03	1.62
19801206	0.0	0.16	1.47
19801207	0.01	-0.87	1.18
19801208	0.09	1.13	1.1
19801209	0.3	5.67	1.09
19801210	12.88	9.39	1.22
19801211	0.56	7.59	2.59
19801212	4.42	9.71	1.48
19801213	0.88	7.74	1.67
19801214	3.97	5.78	1.42
19801215	0.94	2.51	1.52
19801216	10.23	5.62	1.21
19801217	11.03	5.49	4.28
19801218	2.84	1.74	3.1
19801219	7.71	1.42	2.97
19801220	0.44	1.95	2.71
19801221	2.84	4.44	2.1
19801222	3.02	9.36	2.21
19801223	1.35	8.03	2.23
19801224	7.84	6.74	2.34
19801225	8.89	2.56	2.97
19801226	5.12	0.71	3.1
19801227	1.24	1.87	2.29
19801228	4.08	6.23	3.06
19801229	0.1	7.61	2.73
19801230	2.77	7.55	2.27
19801231	6.96	4.35	2.69
19810101	19.15	5.09	2.88
19810102	23.74	6.92	12.11
19810103	4.07	3.21	9.51
19810104	0.24	-0.13	4.7
19810105	2.99	0.99	3.31
19810106	4.96	-0.12	3.42
19810107	0.96	2.56	2.79
19810108	2.47	7.1	2.81
19810109	1.78	2.6	2.82
19810110	0.46	0.32	2.45
19810111	4.65	2.11	2.2
19810112	0.82	-0.6	2.51
19810113	14.92	1.98	2.27
19810114	17.94	3.44	8.82
19810115	3.17	-1.24	4.47
19810116	13.93	1.78	4.55
19810117	9.81	1.82	7.39
19810118	3.97	3.35	4.61
19810119	1.54	2.12	4.07
19810120	6.24	3.22	3.19
19810121	4.37	7.63	4.14
19810122	1.34	7.88	3.31
19810123	1.55	7.0	2.73
19810124	0.21	4.96	2.43
19810125	2.2	5.24	2.08
19810126	3.57	6.58	2.11
19810127	0.1	5.12	1.89
19810128	0.02	4.25	1.81
19810129	0.04	4.17	1.52
19810130	0.01	3.42	1.26
19810131	0.0	3.1	1.13
19810201	0.02	4.96	1.06
19810202	26.3	7.19	1.98
19810203	8.02	3.67	5.88
19810204	2.19	2.84	3.33
19810205	1.85	6.71	2.61
19810206	3.69	8.49	2.28
19810207	2.74	8.06	2.27
19810208	14.97	3.83	2.48
19810209	10.71	0.09	5.06
19810210	0.08	0.0	2.99
19810211	0.24	0.82	2.11
19810212	0.08	1.48	2.06
19810213	0.0	0.19	2.05
19810214	0.0	-0.44	1.81
19810215	0.76	1.98	1.65
19810216	0.06	3.16	1.6
19810217	0.0	2.05	1.41
19810218	0.07	0.85	1.15
19810219	0.3	-0.04	0.93
19810220	0.02	0.12	0.85
19810221	0.32	-0.73	0.78
19810222	1.31	-1.19	0.76
19810223	0.25	-1.9	0.76
19810224	0.01	-1.55	0.72
19810225	0.01	-0.22	0.7
19810226	0.01	-0.61	0.68
19810227	7.54	1.46	0.68
19810228	2.66	1.87	1.0
19810301	6.79	4.51	1.08
19810302	8.88	3.8	1.95
19810303	0.18	1.53	2.38
19810304	0.01	1.05	1.34
19810305	5.78	3.32	1.19
19810306	6.5	8.48	1.8
19810307	6.93	10.88	2.9
19810308	2.79	8.92	2.85
19810309	19.22	8.38	2.79
19810310	21.35	10.42	7.41
19810311	14.21	9.39	14.93
19810312	3.78	8.09	7.78
19810313	1.17	6.39	4.35
19810314	3.53	4.82	3.98
19810315	0.47	3.1	3.33
19810316	2.07	2.62	2.37
19810317	1.79	3.31	2.05
19810318	23.82	5.67	2.0
19810319	6.42	5.95	10.79
19810320	2.71	7.63	4.78
19810321	27.86	4.63	4.47
19810322	1.73	1.38	12.29
19810323	18.45	7.04	8.64
19810324	7.18	10.96	5.78
19810325	12.17	9.29	12.41
19810326	0.04	7.15	6.51
19810327	0.13	9.69	3.13
19810328	0.04	9.05	2.7
19810329	0.1	8.64	2.27
19810330	0.0	5.94	1.73
19810331	4.2	5.83	1.5
19810401	2.5	6.89	1.7
19810402	0.02	7.88	1.45
19810403	0.03	6.7	1.31
19810404	0.18	5.76	1.23
19810405	0.01	4.66	1.26
19810406	1.93	4.9	1.0
19810407	0.37	5.9	0.95
19810408	1.27	9.74	0.88
19810409	0.02	10.5	0.81
19810410	0.43	14.12	0.76
19810411	0.12	12.66	0.74
19810412	0.87	8.49	0.71
19810413	0.0	6.8	0.74
19810414	0.0	8.08	0.65
19810415	0.0	8.37	0.61
19810416	0.0	8.95	0.57
19810417	0.0	5.82	0.51
19810418	0.0	7.48	0.49
19810419	0.02	3.86	0.48
19810420	0.0	5.27	0.48
19810421	0.05	6.22	0.51
19810422	1.36	1.27	0.54
19810423	5.38	2.94	0.53
19810424	29.65	0.32	1.16
19810425	10.27	1.41	2.75
19810426	10.77	2.2	1.73
19810427	0.38	5.17	1.83
19810428	5.06	6.57	2.78
19810429	2.04	9.43	3.73
19810430	5.87	6.04	3.93
19810501	0.02	4.6	2.45
19810502	2.52	4.61	1.68
19810503	8.84	6.07	2.21
19810504	1.88	4.11	2.1
19810505	7.01	7.48	1.86
19810506	0.52	11.52	2.19
19810507	0.76	12.99	1.69
19810508	0.05	11.61	1.34
19810509	5.64	10.02	1.16
19810510	0.83	11.97	1.34
19810511	0.0	14.88	1.11
19810512	0.0	13.22	0.92
19810513	1.86	13.64	0.91
19810514	0.21	10.03	1.02
19810515	6.0	11.83	0.86
19810516	0.04	10.57	0.9
19810517	2.45	8.45	0.79
19810518	1.75	10.0	0.75
19810519	0.04	13.53	0.72
19810520	6.04	13.1	0.74
19810521	4.28	11.41	0.83
19810522	4.58	11.9	0.7
19810523	1.46	10.86	0.74
19810524	4.61	9.83	0.74
19810525	5.36	8.57	0.79
19810526	2.95	10.99	0.95
19810527	10.23	11.19	1.07
19810528	1.68	10.35	1.17
19810529	1.75	11.23	0.99
19810530	0.01	14.55	0.95
19810531	3.58	13.14	0.95
19810601	9.41	14.48	0.84
19810602	2.71	13.48	1.48
19810603	0.04	12.9	0.85
19810604	0.14	11.26	0.71
19810605	0.0	12.59	0.68
19810606	3.28	11.64	0.65
19810607	2.85	12.26	0.65
19810608	1.44	13.1	0.63
19810609	1.91	10.65	0.61
19810610	3.85	11.23	0.65
19810611	8.09	11.43	0.82
19810612	0.43	12.81	0.79
19810613	1.01	16.44	0.59
19810614	10.87	14.3	0.92
19810615	0.11	11.41	1.07
19810616	0.53	10.55	0.66
19810617	0.81	10.8	0.6
19810618	1.75	10.68	0.58
19810619	1.62	11.48	0.61
19810620	0.59	10.63	0.64
19810621	0.04	13.47	0.6
19810622	0.0	15.69	0.52
19810623	0.22	13.39	0.51
19810624	0.46	11.69	0.51
19810625	0.07	10.11	0.49
19810626	0.04	8.01	0.47
19810627	0.05	7.93	0.45
19810628	0.0	9.34	0.44
19810629	1.19	13.56	0.45
19810630	0.16	12.83	0.47
19810701	0.1	12.2	0.46
19810702	0.9	12.59	0.45
19810703	0.72	12.42	0.46
19810704	0.11	15.81	0.44
19810705	1.97	13.54	0.42
19810706	0.3	13.92	0.46
19810707	0.0	15.98	0.44
19810708	1.11	17.59	0.43
19810709	9.28	16.27	0.58
19810710	1.36	16.85	0.56
19810711	2.36	13.86	0.46
19810712	0.11	13.32	0.44
19810713	0.05	15.15	0.44
19810714	0.2	13.0	0.42
19810715	3.52	14.62	0.42
19810716	5.4	11.9	0.65
19810717	8.67	10.7	0.86
19810718	1.25	12.89	0.62
19810719	7.07	14.5	0.54
19810720	10.68	15.02	0.94
19810721	5.72	13.52	1.21
19810722	12.35	12.47	1.38
19810723	3.38	11.04	1.83
19810724	0.59	10.5	0.97
19810725	0.97	13.34	0.72
19810726	0.13	14.96	0.66
19810727	0.0	16.03	0.61
19810728	0.03	16.93	0.54
19810729	0.0	12.96	0.49
19810730	0.0	14.71	0.47
19810731	0.0	14.46	0.48
19810801	0.0	12.31	0.48
19810802	0.0	16.32	0.46
19810803	0.0	19.21	0.46
19810804	0.0	18.07	0.46
19810805	34.87	18.65	3.13
19810806	23.14	13.73	6.85
19810807	7.15	12.24	2.9
19810808	0.32	12.45	1.84
19810809	0.38	12.27	1.12
19810810	0.0	14.34	0.87
19810811	0.0	17.53	0.72
19810812	0.0	17.19	0.67
19810813	0.17	17.32	0.62
19810814	0.03	15.3	0.57
19810815	0.27	13.0	0.51
19810816	0.0	12.47	0.47
19810817	1.54	16.01	0.45
19810818	3.02	14.34	0.57
19810819	18.84	13.09	0.95
19810820	0.11	12.63	2.43
19810821	3.4	12.48	0.77
19810822	1.43	11.37	0.64
19810823	0.03	15.32	0.56
19810824	0.05	15.96	0.52
19810825	0.0	16.16	0.49
19810826	0.0	15.6	0.48
19810827	0.0	17.62	0.45
19810828	0.0	17.51	0.45
19810829	0.0	17.27	0.45
19810830	0.06	14.98	0.43
19810831	0.11	13.48	0.4
19810901	0.0	12.97	0.42
19810902	0.0	13.36	0.41
19810903	0.0	15.32	0.4
19810904	0.0	16.31	0.39
19810905	0.0	16.27	0.37
19810906	0.0	16.78	0.36
19810907	2.79	17.67	0.41
19810908	0.08	13.82	0.48
19810909	0.19	16.79	0.41
19810910	17.14	16.15	0.97
19810911	10.6	13.0	0.95
19810912	0.33	11.95	0.96
19810913	0.22	11.22	0.51
19810914	12.99	14.5	0.78
19810915	1.41	13.65	1.05
19810916	0.62	14.43	0.62
19810917	12.21	15.69	0.76
19810918	4.02	12.31	1.6
19810919	22.35	12.5	2.21
19810920	0.84	11.45	2.63
19810921	1.86	11.89	1.23
19810922	0.69	11.05	0.89
19810923	4.04	12.33	0.79
19810924	1.89	11.45	1.08
19810925	12.78	11.75	0.84
19810926	18.28	9.66	6.92
19810927	1.52	10.51	2.79
19810928	0.62	10.69	1.19
19810929	7.6	12.3	1.16
19810930	2.26	15.62	1.39
19811001	4.32	13.43	1.27
19811002	1.88	7.27	1.21
19811003	9.71	6.53	1.14
19811004	0.06	8.04	1.8
19811005	1.79	9.05	1.06
19811006	12.21	7.69	2.57
19811007	14.97	8.93	2.11
19811008	11.96	12.69	5.86
19811009	27.94	9.03	7.77
19811010	14.28	6.8	8.64
19811011	8.44	6.58	6.58
19811012	6.42	5.6	5.71
19811013	3.1	4.98	4.18
19811014	0.05	3.77	2.84
19811015	0.01	3.46	2.15
19811016	0.0	4.84	1.73
19811017	0.02	4.76	1.48
19811018	5.32	8.02	1.26
19811019	20.14	8.57	3.82
19811020	2.99	4.43	5.29
19811021	0.04	6.03	2.52
19811022	0.02	4.66	1.81
19811023	3.25	6.44	1.52
19811024	22.35	6.28	5.47
19811025	1.72	2.82	4.6
19811026	4.56	5.01	2.73
19811027	1.53	5.51	2.6
19811028	5.42	6.25	2.07
19811029	5.1	5.42	2.53
19811030	9.93	7.97	3.12
19811031	0.6	8.88	3.39
19811101	6.41	10.76	2.19
19811102	0.99	10.28	2.83
19811103	0.9	9.61	1.98
19811104	0.0	5.41	1.59
19811105	0.0	4.42	1.35
19811106	0.0	3.67	1.17
19811107	0.0	3.87	1.04
19811108	0.01	5.1	0.96
19811109	0.09	5.62	0.9
19811110	2.34	7.52	0.91
19811111	6.41	7.58	1.52
19811112	0.29	6.36	1.22
19811113	0.53	6.24	0.95
19811114	0.09	6.2	0.81
19811115	3.91	5.01	0.81
19811116	0.03	4.1	0.95
19811117	32.27	6.84	3.05
19811118	11.18	5.16	13.04
19811119	4.26	8.12	4.02
19811120	10.42	7.72	6.3
19811121	3.16	8.16	3.82
19811122	0.27	11.21	2.94
19811123	14.58	6.07	3.79
19811124	5.28	2.17	3.06
19811125	2.72	4.54	2.93
19811126	18.71	8.42	3.96
19811127	7.42	4.22	7.37
19811128	0.73	3.21	4.33
19811129	10.29	4.95	3.58
19811130	12.17	4.43	8.76
19811201	0.08	2.09	4.2
19811202	0.44	5.62	2.83
19811203	7.47	6.96	2.48
19811204	1.04	4.16	3.23
19811205	2.74	3.71	2.33
19811206	4.42	2.62	2.57
19811207	0.42	-0.32	2.17
19811208	0.57	-2.28	1.66
19811209	6.16	-1.85	1.49
19811210	1.24	-3.32	1.49
19811211	0.09	-4.39	1.35
19811212	0.01	-4.89	1.16
19811213	10.42	-1.85	1.2
19811214	15.22	-0.65	2.02
19811215	0.21	-3.16	1.7
19811216	0.04	-4.26	1.14
19811217	0.0	-5.61	0.98
19811218	0.0	-5.53	0.86
19811219	3.85	-3.07	0.81
19811220	8.31	0.09	1.4
19811221	1.06	-0.99	1.37
19811222	0.03	-4.35	1.05
19811223	1.59	-2.63	0.9
19811224	0.38	-2.15	0.81
19811225	0.12	-2.88	0.74
19811226	0.06	-1.06	0.72
19811227	3.95	-0.25	0.75
19811228	3.57	0.74	0.82
19811229	7.96	2.03	2.03
19811230	4.46	3.23	5.57
19811231	0.71	0.79	3.71
19820101	1.6	0.57	2.24
19820102	9.37	6.39	5.15
19820103	9.74	8.44	7.7
19820104	9.36	7.79	4.89
19820105	7.8	1.95	7.34
19820106	0.03	-3.98	3.57
19820107	1.48	-4.22	2.77
19820108	1.52	-3.75	2.32
19820109	0.11	-5.53	1.97
19820110	0.0	-5.66	1.73
19820111	0.0	-3.99	1.52
19820112	0.0	-4.74	1.31
19820113	0.0	-4.8	1.29
19820114	0.0	-4.2	1.39
19820115	0.12	-2.63	1.1
19820116	2.55	3.95	1.35
19820117	0.36	5.1	1.94
19820118	0.2	5.44	1.76
19820119	1.51	5.54	1.59
19820120	2.31	5.27	1.58
19820121	3.58	5.37	1.62
19820122	13.44	3.54	2.89
19820123	0.04	3.39	2.73
19820124	2.32	4.95	1.85
19820125	6.84	6.57	2.22
19820126	3.21	2.53	2.7
19820127	2.06	2.45	1.94
19820128	4.89	6.5	1.83
19820129	5.18	8.16	3.02
19820130	2.25	7.8	2.46
19820131	0.22	7.17	2.21
19820201	0.01	6.24	1.93
19820202	0.0	3.89	1.83
19820203	0.02	3.65	1.58
19820204	0.69	6.53	1.35
19820205	8.82	7.41	1.89
19820206	1.35	4.59	1.7
19820207	0.55	2.85	1.46
19820208	4.36	4.52	1.24
19820209	1.21	8.94	1.46
19820210	1.35	7.55	1.21
19820211	4.61	4.33	1.77
19820212	1.24	7.16	1.47
19820213	0.33	4.49	1.3
19820214	0.01	2.61	1.15
19820215	0.01	1.46	1.08
19820216	0.11	2.1	1.02
19820217	0.78	0.53	0.98
19820218	0.19	1.76	0.92
19820219	0.01	-0.52	0.89
19820220	0.0	-0.83	0.84
19820221	0.0	0.11	0.8
19820222	0.0	-0.34	0.76
19820223	0.0	0.88	0.71
19820224	1.4	3.88	0.63
19820225	4.0	2.78	0.68
19820226	1.78	4.84	0.76
19820227	0.66	6.29	0.69
19820228	1.48	8.27	0.67
19820301	5.31	4.59	0.98
19820302	6.92	6.73	1.0
19820303	5.1	5.35	1.25
19820304	5.62	2.44	1.58
19820305	3.35	4.82	1.12
19820306	12.43	5.03	2.29
19820307	0.11	3.08	2.35
19820308	3.15	2.32	1.85
19820309	12.25	4.99	2.18
19820310	4.79	4.44	3.21
19820311	4.31	3.93	2.19
19820312	3.0	2.25	2.37
19820313	4.61	5.0	1.91
19820314	27.45	4.92	4.73
19820315	1.17	2.88	6.93
19820316	10.69	3.86	4.0
19820317	5.55	4.45	4.17
19820318	0.22	3.57	3.19
19820319	10.64	3.74	3.25
19820320	1.45	3.89	2.94
19820321	1.79	4.27	2.33
19820322	0.03	4.91	2.02
19820323	0.0	6.36	1.68
19820324	0.0	7.73	1.47
19820325	0.0	8.66	1.2
19820326	0.0	9.19	0.99
19820327	0.0	7.02	0.9
19820328	0.81	7.01	0.84
19820329	0.59	4.19	0.83
19820330	0.0	3.83	0.74
19820331	0.07	5.29	0.72
19820401	0.46	4.46	0.71
19820402	0.0	6.58	0.69
19820403	0.6	9.75	0.67
19820404	0.02	10.06	0.65
19820405	4.12	11.28	0.67
19820406	8.53	9.14	1.15
19820407	8.59	7.28	1.23
19820408	0.48	2.87	1.21
19820409	3.48	4.49	0.86
19820410	0.08	5.37	0.85
19820411	0.02	2.68	0.71
19820412	0.0	4.01	0.67
19820413	0.0	5.93	0.66
19820414	0.0	7.38	0.65
19820415	0.0	9.73	0.62
19820416	0.0	7.28	0.6
19820417	0.0	5.91	0.57
19820418	0.0	7.68	0.57
19820419	0.0	8.05	0.57
19820420	0.0	8.81	0.58
19820421	0.0	9.17	0.59
19820422	0.34	8.83	0.52
19820423	0.01	8.39	0.51
19820424	0.0	9.57	0.5
19820425	0.0	9.56	0.51
19820426	0.0	10.44	0.52
19820427	0.0	11.67	0.51
19820428	0.49	8.92	0.5
19820429	1.83	7.11	0.52
19820430	7.36	6.34	0.47
19820501	1.55	4.31	0.67
19820502	11.49	5.84	0.75
19820503	1.87	6.05	0.73
19820504	1.09	3.97	0.58
19820505	0.03	5.01	0.5
19820506	2.75	6.6	0.56
19820507	0.52	5.44	0.47
19820508	0.01	6.9	0.41
19820509	0.0	8.82	0.39
19820510	0.0	9.63	0.4
19820511	0.0	10.57	0.39
19820512	0.0	13.66	0.38
19820513	0.0	13.88	0.37
19820514	0.0	13.35	0.38
19820515	3.53	15.07	0.46
19820516	0.0	11.26	0.42
19820517	0.42	11.2	0.4
19820518	1.01	10.79	0.41
19820519	1.45	11.9	0.42
19820520	0.03	10.78	0.42
19820521	6.42	14.01	0.49
19820522	1.03	11.54	0.51
19820523	5.66	10.27	0.6
19820524	0.52	12.53	0.49
19820525	0.08	12.97	0.43
19820526	0.08	12.15	0.4
19820527	1.61	11.66	0.48
19820528	0.0	11.13	0.41
19820529	0.0	14.9	0.37
19820530	0.0	15.34	0.36
19820531	0.0	17.45	0.35
19820601	0.89	18.28	0.38
19820602	1.37	19.11	0.4
19820603	0.28	19.33	0.36
19820604	0.53	20.91	0.35
19820605	3.26	21.18	0.39
19820606	5.37	17.22	0.74
19820607	0.01	15.99	0.42
19820608	1.89	18.17	0.36
19820609	0.62	15.48	0.4
19820610	12.08	13.85	0.56
19820611	0.67	13.0	0.81
19820612	0.94	11.69	0.41
19820613	0.02	9.21	0.36
19820614	0.01	10.45	0.38
19820615	5.69	12.24	0.42
19820616	0.02	13.81	0.46
19820617	1.51	13.91	0.37
19820618	20.76	10.29	0.97
19820619	1.63	11.7	0.82
19820620	2.42	13.02	0.51
19820621	9.9	9.8	0.59
19820622	18.63	9.14	1.43
19820623	1.17	11.4	1.41
19820624	3.15	13.05	0.73
19820625	31.45	12.76	3.68
19820626	5.42	14.21	3.07
19820627	4.31	13.99	1.65
19820628	10.38	12.73	1.96
19820629	4.49	12.63	2.09
19820630	0.15	14.9	1.2
19820701	0.01	14.47	0.91
19820702	2.2	11.97	0.77
19820703	0.08	12.66	0.7
19820704	1.43	12.5	0.64
19820705	0.63	14.46	0.61
19820706	0.37	14.17	0.58
19820707	0.0	18.14	0.55
19820708	0.0	19.7	0.52
19820709	4.17	19.05	0.62
19820710	0.01	15.94	0.56
19820711	0.0	17.94	0.48
19820712	0.0	14.67	0.48
19820713	0.0	16.65	0.46
19820714	2.88	17.32	0.53
19820715	4.45	12.34	0.55
19820716	0.47	12.51	0.52
19820717	0.26	16.18	0.43
19820718	0.0	14.72	0.41
19820719	0.0	15.04	0.41
19820720	0.03	15.64	0.41
19820721	0.02	14.58	0.42
19820722	0.0	14.65	0.39
19820723	0.01	13.8	0.39
19820724	0.0	15.19	0.37
19820725	0.0	15.98	0.38
19820726	0.0	14.33	0.39
19820727	0.0	14.18	0.37
19820728	0.02	15.1	0.36
19820729	0.0	15.96	0.36
19820730	0.79	18.01	0.37
19820731	4.19	17.43	0.43
19820801	5.7	17.9	0.66
19820802	0.05	19.11	0.47
19820803	0.4	21.02	0.39
19820804	16.14	19.47	1.04
19820805	1.54	19.47	0.8
19820806	0.18	16.06	0.47
19820807	0.09	13.73	0.4
19820808	2.85	15.06	0.41
19820809	7.74	13.46	0.64
19820810	0.01	14.42	0.51
19820811	5.22	15.63	0.39
19820812	3.98	14.33	0.57
19820813	4.12	11.62	0.61
19820814	11.08	14.61	0.53
19820815	2.15	15.56	0.88
19820816	7.06	12.51	0.91
19820817	27.76	13.75	1.5
19820818	3.85	11.65	2.4
19820819	17.33	11.35	1.95
19820820	4.34	11.76	1.85
19820821	1.08	13.52	1.04
19820822	6.81	13.71	1.09
19820823	2.81	12.7	0.92
19820824	11.47	12.35	2.08
19820825	0.59	12.5	1.23
19820826	7.58	11.81	1.37
19820827	1.83	11.34	1.28
19820828	0.01	13.04	0.83
19820829	2.75	14.47	0.72
19820830	11.04	10.51	1.48
19820831	0.88	12.76	1.04
19820901	0.19	11.98	0.78
19820902	0.0	12.24	0.69
19820903	0.69	15.71	0.65
19820904	1.15	15.59	0.69
19820905	9.3	13.88	0.83
19820906	8.02	13.33	1.09
19820907	0.72	13.52	1.26
19820908	0.01	11.29	0.84
19820909	0.0	15.69	0.75
19820910	0.28	13.75	0.69
19820911	0.01	14.18	0.58
19820912	0.0	15.26	0.56
19820913	0.0	11.51	0.56
19820914	0.0	13.82	0.53
19820915	0.0	13.12	0.52
19820916	0.0	16.89	0.51
19820917	0.0	19.05	0.5
19820918	0.72	19.6	0.48
19820919	8.65	15.78	0.53
19820920	18.68	11.75	1.19
19820921	4.47	8.4	2.33
19820922	0.57	10.32	0.92
19820923	3.07	9.61	0.9
19820924	14.81	11.25	2.53
19820925	1.62	12.27	1.41
19820926	4.46	11.78	1.25
19820927	5.91	10.68	1.36
19820928	13.54	10.81	2.38
19820929	0.1	8.85	1.9
19820930	0.01	11.23	1.33
19821001	6.59	12.56	1.16
19821002	0.02	10.07	1.36
19821003	1.52	11.81	1.01
19821004	0.97	10.55	0.94
19821005	15.63	9.42	1.78
19821006	0.92	11.15	2.08
19821007	5.33	9.86	1.34
19821008	0.44	9.26	1.39
19821009	0.16	8.79	1.1
19821010	0.07	8.89	0.99
19821011	1.63	9.08	0.97
19821012	6.47	7.69	1.03
19821013	2.21	8.12	1.27
19821014	0.16	5.89	0.96
19821015	0.04	7.2	0.83
19821016	6.81	9.1	0.92
19821017	0.09	10.66	1.15
19821018	2.5	9.52	0.91
19821019	9.27	10.5	1.17
19821020	8.9	7.86	2.88
19821021	0.04	6.96	1.61
19821022	0.01	5.58	1.43
19821023	0.07	5.58	1.32
19821024	4.87	7.37	1.42
19821025	0.15	9.02	1.25
19821026	1.22	8.63	0.97
19821027	0.03	7.5	0.83
19821028	0.0	8.71	0.77
19821029	0.02	10.76	0.74
19821030	0.88	10.79	0.71
19821031	1.41	11.76	0.74
19821101	0.31	11.54	0.73
19821102	12.82	8.72	1.21
19821103	6.38	8.92	1.71
19821104	0.33	10.18	1.52
19821105	3.13	10.22	1.2
19821106	0.03	8.15	1.15
19821107	2.53	8.6	0.98
19821108	5.99	9.18	1.12
19821109	1.3	8.73	1.27
19821110	3.18	10.05	1.14
19821111	10.95	10.46	1.19
19821112	5.06	5.82	2.91
19821113	8.07	3.51	2.26
19821114	3.2	1.34	2.83
19821115	13.09	4.74	2.17
19821116	5.84	5.51	4.06
19821117	10.56	8.05	4.05
19821118	6.14	7.19	5.0
19821119	3.67	5.0	3.71
19821120	3.2	7.49	3.34
19821121	11.87	6.66	5.07
19821122	7.41	6.03	4.06
19821123	6.31	5.94	3.64
19821124	5.64	4.46	3.59
19821125	1.26	2.7	3.06
19821126	1.78	2.05	2.39
19821127	4.49	3.42	2.3
19821128	2.07	2.1	2.25
19821129	0.11	1.62	1.82
19821130	0.01	1.11	1.38
19821201	0.01	1.85	1.24
19821202	0.01	1.27	1.03
19821203	0.0	2.51	0.93
19821204	9.84	4.82	1.16
19821205	0.02	3.01	1.45
19821206	0.02	1.17	1.07
19821207	20.94	3.77	2.94
19821208	7.19	3.08	3.53
19821209	10.44	3.55	4.08
19821210	1.1	2.69	3.48
19821211	0.85	1.4	2.55
19821212	0.08	0.33	1.98
19821213	0.03	1.04	1.57
19821214	9.53	6.28	1.73
19821215	8.26	7.29	2.52
19821216	3.11	1.35	2.49
19821217	6.48	-0.57	2.3
19821218	3.67	1.41	2.0
19821219	11.58	5.43	6.76
19821220	9.79	3.5	3.53
19821221	0.67	1.65	3.91
19821222	0.27	-2.61	2.53
19821223	7.19	1.24	2.4
19821224	0.95	7.73	2.86
19821225	0.21	8.53	2.18
19821226	7.69	6.73	2.36
19821227	0.57	4.87	2.4
19821228	1.24	4.22	1.77
19821229	0.69	5.4	1.74
19821230	3.15	4.55	1.65
19821231	1.28	5.85	1.63
19830101	5.23	4.78	2.02
19830102	4.78	6.34	1.79
19830103	29.56	7.26	4.05
19830104	7.19	6.7	9.13
19830105	6.83	8.96	4.73
19830106	5.58	3.53	5.5
19830107	2.25	3.78	3.49
19830108	8.97	5.26	3.18
19830109	1.19	5.03	3.7
19830110	2.28	8.03	2.83
19830111	0.03	6.97	2.37
19830112	11.95	4.4	2.51
19830113	16.36	3.34	3.19
19830114	6.84	6.4	7.5
19830115	6.73	7.68	6.53
19830116	1.61	6.51	4.69
19830117	1.8	4.61	3.22
19830118	0.56	0.82	2.63
19830119	0.15	0.5	2.12
19830120	0.13	3.63	1.66
19830121	0.01	4.46	1.47
19830122	0.0	2.39	1.28
19830123	0.78	3.08	1.16
19830124	3.93	6.86	1.25
19830125	0.44	6.53	1.09
19830126	1.64	7.87	0.99
19830127	9.49	8.49	1.13
19830128	9.2	6.93	3.39
19830129	3.42	2.38	1.85
19830130	4.41	0.44	1.94
19830131	20.94	4.34	6.1
19830201	3.2	1.54	4.06
19830202	2.6	1.82	2.6
19830203	0.06	-1.89	2.29
19830204	11.32	0.56	2.72
19830205	8.96	2.49	4.21
19830206	0.79	1.48	3.19
19830207	1.52	-0.29	2.36
19830208	0.06	-2.12	1.96
19830209	0.45	-1.64	1.66
19830210	1.54	-1.71	1.49
19830211	0.01	-0.4	1.34
19830212	0.01	-0.04	1.25
19830213	0.0	-0.88	1.2
19830214	0.05	0.44	1.13
19830215	0.1	0.69	1.06
19830216	0.18	-0.21	0.99
19830217	0.0	-0.91	0.95
19830218	0.0	0.12	0.9
19830219	0.0	-0.27	0.86
19830220	0.0	-0.5	0.85
19830221	0.0	-0.9	0.83
19830222	0.0	-1.42	0.79
19830223	0.06	0.62	0.75
19830224	0.04	2.61	0.74
19830225	2.09	4.22	0.7
19830226	6.58	5.05	1.01
19830227	5.32	4.88	1.55
19830228	0.23	2.21	1.03
19830301	0.43	3.34	0.79
19830302	6.92	5.54	0.95
19830303	5.67	4.76	1.31
19830304	0.04	4.68	1.64
19830305	0.02	6.69	1.85
19830306	0.04	6.62	1.54
19830307	0.0	5.04	0.81
19830308	0.0	5.52	0.76
19830309	0.06	6.68	0.72
19830310	0.01	7.36	0.69
19830311	0.02	5.42	0.69
19830312	0.03	6.17	0.67
19830313	3.22	7.84	0.68
19830314	4.24	4.44	0.95
19830315	0.96	5.62	0.94
19830316	7.54	7.65	1.03
19830317	7.81	10.22	1.7
19830318	13.33	8.29	2.38
19830319	1.04	6.4	2.75
19830320	1.9	4.84	1.73
19830321	8.5	2.64	2.29
19830322	8.32	3.2	2.2
19830323	16.4	4.81	5.84
19830324	3.97	2.53	3.55
19830325	7.01	2.75	4.25
19830326	3.19	3.69	2.98
19830327	0.13	1.65	2.63
19830328	0.22	3.92	1.95
19830329	9.3	5.07	2.2
19830330	3.66	3.25	2.48
19830331	2.73	4.12	2.03
19830401	0.04	3.76	1.72
19830402	1.58	2.43	1.61
19830403	5.43	3.13	1.78
19830404	4.16	3.31	2.25
19830405	1.25	3.09	2.27
19830406	2.34	3.44	1.97
19830407	5.43	4.57	1.68
19830408	0.58	3.49	1.9
19830409	0.84	5.93	1.5
19830410	19.24	3.04	2.7
19830411	0.84	2.98	2.44
19830412	0.02	4.92	1.69
19830413	4.08	5.17	1.84
19830414	0.0	5.86	1.86
19830415	0.0	6.94	1.7
19830416	2.56	8.07	1.51
19830417	0.0	4.11	1.19
19830418	5.19	3.62	1.03
19830419	7.77	2.06	1.83
19830420	22.08	3.88	3.59
19830421	1.18	5.86	3.82
19830422	4.45	8.29	2.91
19830423	0.9	7.21	2.46
19830424	3.81	7.98	2.07
19830425	11.76	7.83	4.24
19830426	9.95	9.29	3.14
19830427	1.24	7.93	3.37
19830428	5.25	7.03	2.53
19830429	0.19	7.43	2.47
19830430	5.34	9.16	1.7
19830501	12.55	5.36	2.56
19830502	3.26	6.22	3.21
19830503	0.08	5.3	2.55
19830504	0.04	9.68	2.23
19830505	6.69	10.98	2.0
19830506	0.29	12.86	1.96
19830507	12.49	11.0	1.71
19830508	1.13	8.5	2.36
19830509	3.31	6.48	1.8
19830510	0.45	6.53	1.56
19830511	2.72	7.99	1.35
19830512	3.53	8.47	1.51
19830513	1.62	9.22	1.39
19830514	3.65	9.22	1.42
19830515	2.18	8.81	1.21
19830516	6.03	11.73	1.29
19830517	4.06	10.68	1.17
19830518	4.54	9.36	1.32
19830519	0.52	9.14	1.16
19830520	0.32	8.52	0.97
19830521	1.83	8.13	0.95
19830522	6.47	7.41	1.33
19830523	0.25	10.1	1.05
19830524	0.61	10.48	0.88
19830525	0.24	11.47	0.81
19830526	0.0	9.32	0.76
19830527	13.19	7.2	0.81
19830528	1.54	7.27	1.66
19830529	0.13	9.14	1.04
19830530	3.32	10.34	0.87
19830531	12.71	13.67	0.94
19830601	4.25	12.34	2.32
19830602	5.44	11.89	2.03
19830603	0.43	11.59	1.42
19830604	0.0	12.47	1.05
19830605	0.0	10.43	0.93
19830606	0.0	12.12	0.87
19830607	0.9	17.55	0.83
19830608	0.61	15.78	0.75
19830609	1.02	11.9	0.75
19830610	0.13	13.08	0.71
19830611	3.88	11.3	0.73
19830612	0.03	11.32	0.71
19830613	3.39	11.04	0.68
19830614	2.96	10.32	0.73
19830615	0.01	9.58	0.66
19830616	0.04	10.1	0.6
19830617	0.0	14.12	0.57
19830618	0.0	13.35	0.55
19830619	0.0	17.95	0.54
19830620	0.0	14.9	0.53
19830621	0.0	16.43	0.51
19830622	0.26	18.1	0.5
19830623	0.25	12.43	0.49
19830624	0.01	12.52	0.48
19830625	0.04	14.28	0.47
19830626	0.11	11.49	0.48
19830627	0.03	10.72	0.47
19830628	7.46	13.35	0.49
19830629	0.31	12.22	0.69
19830630	0.34	11.07	0.49
19830701	9.06	14.64	0.54
19830702	0.01	12.75	0.7
19830703	0.05	15.14	0.49
19830704	0.0	16.55	0.47
19830705	0.0	19.51	0.43
19830706	1.48	19.25	0.47
19830707	0.01	19.14	0.45
19830708	0.0	20.19	0.45
19830709	0.0	21.2	0.4
19830710	0.0	17.91	0.39
19830711	0.0	21.84	0.41
19830712	0.0	23.81	0.41
19830713	0.0	21.89	0.4
19830714	0.0	22.3	0.39
19830715	0.0	21.0	0.4
19830716	9.45	20.14	0.62
19830717	9.43	18.56	1.28
19830718	0.08	15.43	0.61
19830719	0.03	14.37	0.46
19830720	0.0	14.34	0.43
19830721	0.0	17.58	0.42
19830722	1.11	20.02	0.43
19830723	7.17	17.39	0.57
19830724	2.28	18.33	0.59
19830725	1.32	17.86	0.53
19830726	0.05	19.2	0.44
19830727	0.02	17.72	0.41
19830728	0.0	17.44	0.39
19830729	0.0	16.88	0.39
19830730	0.0	18.26	0.39
19830731	13.91	15.19	1.51
19830801	7.85	11.41	0.76
19830802	4.06	10.54	1.06
19830803	1.27	15.12	0.55
19830804	0.82	14.26	0.5
19830805	0.0	16.05	0.45
19830806	0.0	16.33	0.42
19830807	0.0	16.88	0.41
19830808	0.0	15.22	0.41
19830809	0.0	15.57	0.38
19830810	0.0	14.62	0.37
19830811	0.0	17.71	0.37
19830812	0.0	13.36	0.36
19830813	0.0	17.03	0.37
19830814	0.01	20.18	0.37
19830815	1.36	19.29	0.36
19830816	28.18	15.73	1.96
19830817	0.79	16.18	1.1
19830818	0.0	18.42	1.01
19830819	0.21	19.69	0.48
19830820	0.03	18.43	0.42
19830821	0.41	17.53	0.41
19830822	0.1	18.9	0.44
19830823	1.25	18.63	0.41
19830824	0.01	16.03	0.39
19830825	0.0	16.48	0.39
19830826	0.0	16.49	0.38
19830827	0.84	17.26	0.37
19830828	0.0	12.11	0.36
19830829	0.01	12.07	0.35
19830830	0.0	14.54	0.37
19830831	17.28	17.74	0.62
19830901	0.4	13.04	2.66
19830902	28.98	14.76	1.01
19830903	3.09	11.45	2.17
19830904	1.47	14.21	0.82
19830905	0.16	11.51	0.59
19830906	0.09	10.22	0.49
19830907	0.01	13.9	0.46
19830908	8.43	12.87	0.66
19830909	19.72	12.02	0.66
19830910	14.36	9.78	2.6
19830911	1.87	8.83	1.81
19830912	0.02	8.93	0.92
19830913	3.7	11.06	0.78
19830914	4.24	13.39	0.79
19830915	5.7	12.44	0.88
19830916	15.68	11.85	1.37
19830917	14.43	11.7	2.82
19830918	1.49	12.16	2.51
19830919	2.54	10.78	1.4
19830920	8.7	9.95	1.44
19830921	8.46	7.88	2.3
19830922	0.67	11.51	1.56
19830923	0.15	15.49	1.22
19830924	0.16	10.87	1.05
19830925	0.02	12.69	0.92
19830926	0.0	15.81	0.8
19830927	0.01	14.83	0.7
19830928	0.02	13.77	0.67
19830929	0.24	12.92	0.63
19830930	0.99	12.04	0.64
19831001	0.55	12.95	0.67
19831002	4.84	15.02	0.69
19831003	1.44	16.19	0.67
19831004	2.0	14.34	0.6
19831005	3.43	12.39	0.6
19831006	7.89	11.83	0.59
19831007	3.75	10.04	1.02
19831008	11.98	10.47	1.37
19831009	32.59	11.68	5.48
19831010	7.41	9.4	4.61
19831011	8.85	8.55	4.03
19831012	3.76	11.67	3.22
19831013	2.22	8.1	2.66
19831014	0.75	8.57	2.03
19831015	20.59	9.08	2.84
19831016	7.0	8.41	3.93
19831017	7.29	9.89	2.82
19831018	3.48	10.66	3.23
19831019	0.11	7.32	2.24
19831020	0.02	4.98	1.63
19831021	0.0	4.19	1.37
19831022	0.0	5.39	1.13
19831023	0.18	6.34	1.03
19831024	0.01	5.36	0.92
19831025	0.01	8.17	0.81
19831026	0.0	8.86	0.76
19831027	2.49	6.94	0.75
19831028	0.05	2.43	0.73
19831029	0.03	3.32	0.66
19831030	2.99	8.17	0.71
19831031	1.06	9.45	0.67
19831101	2.0	12.06	0.69
19831102	10.35	11.58	0.83
19831103	1.59	11.02	1.39
19831104	0.01	7.5	0.92
19831105	0.0	6.77	0.8
19831106	0.0	8.25	0.77
19831107	0.05	10.19	0.76
19831108	0.03	10.73	0.76
19831109	0.1	10.72	0.71
19831110	0.01	9.28	0.73
19831111	0.03	8.7	0.71
19831112	0.0	6.26	0.68
19831113	0.0	3.88	0.66
19831114	0.0	1.7	0.66
19831115	0.02	5.15	0.66
19831116	0.01	5.3	0.65
19831117	0.01	5.63	0.63
19831118	0.0	4.82	0.6
19831119	1.58	5.29	0.58
19831120	0.08	2.17	0.59
19831121	0.0	-1.31	0.56
19831122	0.0	-1.63	0.55
19831123	0.0	0.2	0.52
19831124	1.73	5.33	0.53
19831125	24.85	11.18	1.19
19831126	21.61	9.2	4.6
19831127	5.18	7.49	4.82
19831128	4.25	5.79	2.59
19831129	0.01	4.53	1.99
19831130	0.0	4.39	1.48
19831201	0.0	4.05	1.2
19831202	0.0	4.23	1.05
19831203	0.0	4.31	0.94
19831204	0.16	5.93	0.87
19831205	0.14	4.1	0.81
19831206	0.0	0.3	0.75
19831207	2.28	3.64	0.72
19831208	40.52	8.33	3.36
19831209	27.98	2.66	16.03
19831210	0.03	-1.72	5.97
19831211	7.35	-1.48	3.48
19831212	1.36	0.85	3.0
19831213	4.31	4.99	4.24
19831214	22.46	5.13	5.56
19831215	0.42	3.07	8.55
19831216	1.63	3.8	3.98
19831217	1.89	3.51	3.15
19831218	4.69	4.3	2.65
19831219	9.75	5.36	3.51
19831220	14.25	5.91	6.37
19831221	16.89	5.56	9.72
19831222	6.89	6.32	8.28
19831223	6.51	5.93	5.57
19831224	0.98	8.65	5.08
19831225	9.71	6.7	3.69
19831226	3.63	7.98	4.65
19831227	0.2	10.14	3.97
19831228	2.63	8.39	3.18
19831229	0.54	6.11	2.94
19831230	0.02	4.78	2.39
19831231	13.81	7.51	2.05
19840101	19.16	5.61	10.76
19840102	9.59	5.44	6.83
19840103	3.91	1.23	5.05
19840104	2.29	2.51	3.53
19840105	2.73	4.93	3.83
19840106	4.96	4.71	3.4
19840107	3.59	2.1	3.85
19840108	0.25	0.12	3.0
19840109	1.45	2.44	2.39
19840110	5.4	8.05	2.37
19840111	3.45	5.44	2.91
19840112	20.06	5.77	3.93
19840113	6.55	3.79	8.32
19840114	2.91	0.76	4.63
19840115	5.62	0.68	3.46
19840116	11.64	4.45	5.52
19840117	3.17	1.38	5.03
19840118	2.68	0.25	3.71
19840119	0.28	-2.05	2.9
19840120	0.05	-1.54	2.51
19840121	4.25	-1.04	2.24
19840122	7.06	-0.33	2.12
19840123	12.27	-0.22	2.36
19840124	5.93	-1.87	2.06
19840125	6.6	-0.96	1.89
19840126	6.68	1.08	2.37
19840127	0.82	2.24	3.69
19840128	3.54	3.03	3.8
19840129	3.04	3.19	5.64
19840130	6.53	2.18	5.84
19840131	2.52	1.94	4.79
19840201	19.19	3.71	7.27
19840202	5.05	5.4	12.2
19840203	7.24	4.14	8.33
19840204	4.74	5.41	8.03
19840205	16.55	3.87	6.26
19840206	12.05	3.3	12.07
19840207	5.59	3.71	7.03
19840208	0.07	2.43	5.9
19840209	0.52	3.6	3.9
19840210	2.67	5.61	3.4
19840211	0.2	5.57	3.12
19840212	0.03	1.91	2.62
19840213	0.0	-1.53	2.24
19840214	0.0	0.54	1.87
19840215	0.0	-0.11	1.77
19840216	0.28	-0.75	1.6
19840217	0.57	1.81	1.47
19840218	0.76	1.45	1.36
19840219	0.0	-0.94	1.28
19840220	4.32	0.52	1.25
19840221	2.33	3.62	1.37
19840222	1.38	3.16	1.51
19840223	0.12	1.61	1.48
19840224	0.04	0.94	1.23
19840225	0.1	0.91	1.16
19840226	0.89	0.73	1.11
19840227	0.4	2.29	1.07
19840228	0.14	1.62	1.03
19840229	0.28	3.95	1.01
19840301	8.74	3.53	1.13
19840302	0.95	1.08	1.88
19840303	5.96	3.4	1.27
19840304	4.37	6.96	2.43
19840305	0.04	7.82	1.74
19840306	0.0	6.6	1.46
19840307	0.0	4.92	1.32
19840308	0.0	3.35	1.21
19840309	0.11	4.33	1.14
19840310	1.36	4.9	1.1
19840311	5.77	4.41	1.43
19840312	1.41	3.41	1.35
19840313	2.4	2.06	1.18
19840314	0.51	2.27	1.16
19840315	0.13	0.99	1.09
19840316	0.02	1.85	1.03
19840317	0.08	0.88	0.97
19840318	0.29	0.87	0.94
19840319	0.02	0.55	0.92
19840320	0.1	1.99	0.91
19840321	0.01	2.93	0.89
19840322	0.0	2.99	0.86
19840323	14.24	4.25	0.99
19840324	6.62	2.45	2.75
19840325	8.19	4.31	2.06
19840326	1.23	4.05	2.35
19840327	0.9	5.22	1.88
19840328	0.65	4.83	1.6
19840329	3.75	3.98	1.62
19840330	2.93	2.55	1.83
19840331	0.16	2.01	1.46
19840401	0.09	1.4	1.24
19840402	0.02	2.84	1.17
19840403	0.0	3.56	1.12
19840404	0.0	2.79	1.03
19840405	0.36	5.18	0.97
19840406	2.95	4.16	0.98
19840407	0.01	5.29	0.98
19840408	0.88	5.56	0.91
19840409	0.28	5.24	0.89
19840410	4.89	6.12	1.0
19840411	0.92	4.41	1.09
19840412	0.01	6.35	0.91
19840413	0.0	6.1	0.83
19840414	2.0	8.43	0.8
19840415	2.6	4.91	0.87
19840416	0.45	4.26	0.86
19840417	0.28	6.76	0.75
19840418	0.05	8.75	0.68
19840419	0.02	11.22	0.67
19840420	0.0	12.0	0.64
19840421	0.0	13.25	0.62
19840422	0.0	8.58	0.6
19840423	0.0	9.29	0.58
19840424	0.0	11.14	0.59
19840425	0.0	12.22	0.6
19840426	0.0	12.53	0.6
19840427	0.0	11.01	0.59
19840428	0.0	9.85	0.57
19840429	0.0	8.65	0.57
19840430	0.0	9.8	0.59
19840501	0.0	10.93	0.58
19840502	0.0	10.67	0.59
19840503	0.36	9.11	0.58
19840504	0.0	9.4	0.56
19840505	0.0	10.95	0.55
19840506	0.0	6.99	0.53
19840507	0.1	5.54	0.53
19840508	0.0	5.51	0.54
19840509	0.04	6.82	0.54
19840510	5.02	6.78	0.67
19840511	0.01	6.53	0.58
19840512	0.0	6.51	0.52
19840513	0.02	7.11	0.52
19840514	0.0	10.79	0.53
19840515	0.41	11.27	0.52
19840516	1.57	9.21	0.53
19840517	0.17	8.48	0.54
19840518	0.01	8.39	0.52
19840519	0.01	11.11	0.53
19840520	2.74	10.26	0.56
19840521	18.5	9.57	0.6
19840522	2.14	10.0	1.65
19840523	0.04	13.47	0.69
19840524	2.28	13.92	1.48
19840525	0.28	8.95	0.7
19840526	0.93	6.78	0.56
19840527	8.66	7.09	0.73
19840528	0.07	8.01	0.65
19840529	0.09	10.61	0.57
19840530	0.0	13.35	0.52
19840531	0.89	13.55	0.5
19840601	9.32	9.06	0.79
19840602	9.97	10.91	0.86
19840603	2.85	9.81	1.27
19840604	8.54	12.4	0.8
19840605	0.91	10.96	1.13
19840606	0.67	13.01	0.75
19840607	0.0	14.79	0.63
19840608	0.0	13.36	0.56
19840609	0.0	16.27	0.52
19840610	0.16	12.9	0.51
19840611	0.0	13.78	0.53
19840612	4.68	14.79	0.49
19840613	12.56	13.6	0.89
19840614	0.03	11.54	1.04
19840615	0.0	14.89	0.59
19840616	0.01	17.02	0.51
19840617	0.0	15.16	0.49
19840618	0.0	16.96	0.57
19840619	0.0	19.09	0.57
19840620	1.47	16.25	0.68
19840621	6.59	11.75	0.57
19840622	1.69	10.54	0.8
19840623	1.6	9.25	0.57
19840624	2.46	12.47	0.52
19840625	0.17	13.02	0.54
19840626	0.16	14.52	0.53
19840627	0.66	12.0	0.51
19840628	0.1	10.39	0.48
19840629	1.28	10.09	0.47
19840630	0.01	11.42	0.46
19840701	0.44	11.24	0.45
19840702	0.11	11.39	0.47
19840703	0.0	12.04	0.4
19840704	0.0	14.77	0.43
19840705	0.0	16.83	0.43
19840706	0.0	17.39	0.42
19840707	0.0	19.74	0.41
19840708	0.0	20.87	0.39
19840709	0.0	17.79	0.39
19840710	0.01	16.49	0.39
19840711	0.39	15.79	0.37
19840712	10.3	14.78	0.61
19840713	2.44	13.61	0.67
19840714	3.05	13.51	0.56
19840715	2.27	13.85	0.52
19840716	0.04	13.75	0.43
19840717	1.31	16.39	0.39
19840718	1.51	15.21	0.4
19840719	0.01	15.62	0.39
19840720	0.0	17.83	0.39
19840721	0.0	16.08	0.38
19840722	0.0	16.12	0.37
19840723	0.0	15.21	0.36
19840724	0.0	15.01	0.36
19840725	0.0	16.13	0.35
19840726	0.01	16.4	0.34
19840727	1.07	15.52	0.37
19840728	1.01	16.32	0.41
19840729	0.02	18.96	0.38
19840730	2.82	18.34	0.36
19840731	0.25	13.16	0.39
19840801	14.43	17.31	0.51
19840802	6.6	15.78	1.27
19840803	8.43	15.17	0.77
19840804	3.37	12.15	0.94
19840805	0.03	12.36	0.5
19840806	11.09	12.53	0.63
19840807	1.88	12.99	1.01
19840808	0.02	14.44	0.52
19840809	0.0	15.22	0.44
19840810	0.0	13.94	0.39
19840811	0.0	15.75	0.39
19840812	0.0	15.94	0.38
19840813	0.09	17.17	0.38
19840814	0.24	17.26	0.38
19840815	0.21	15.98	0.36
19840816	0.03	16.37	0.35
19840817	0.0	17.84	0.34
19840818	0.0	17.37	0.41
19840819	0.0	20.23	0.36
19840820	0.0	19.92	0.37
19840821	0.0	20.93	0.35
19840822	0.0	19.65	0.35
19840823	0.0	20.36	0.35
19840824	0.49	16.65	0.36
19840825	0.0	16.6	0.35
19840826	0.0	18.04	0.33
19840827	0.03	17.14	0.34
19840828	2.28	16.99	0.37
19840829	0.54	14.85	0.39
19840830	2.94	18.47	0.34
19840831	3.3	18.28	0.38
19840901	1.27	17.17	0.39
19840902	1.3	18.31	0.37
19840903	31.11	13.73	1.1
19840904	0.38	9.56	1.96
19840905	0.0	8.59	0.58
19840906	0.0	10.1	0.4
19840907	1.11	11.84	0.38
19840908	4.64	12.91	0.39
19840909	11.79	11.7	0.88
19840910	2.44	11.79	0.77
19840911	6.0	13.46	0.57
19840912	1.78	14.64	0.72
19840913	8.98	15.3	0.59
19840914	13.47	13.81	2.04
19840915	0.66	13.42	1.1
19840916	8.86	14.08	0.64
19840917	5.01	10.66	1.7
19840918	0.29	12.19	0.87
19840919	4.36	11.12	0.62
19840920	6.82	9.41	0.83
19840921	31.99	7.79	3.57
19840922	21.18	9.04	5.88
19840923	0.6	9.57	3.54
19840924	0.47	9.35	1.79
19840925	0.01	8.72	1.37
19840926	0.0	10.52	1.11
19840927	0.26	14.11	0.92
19840928	3.3	13.88	0.84
19840929	11.49	12.44	0.93
19840930	0.95	8.69	1.6
19841001	0.14	8.66	0.93
19841002	1.55	7.6	0.84
19841003	4.39	7.49	0.97
19841004	0.09	9.14	0.82
19841005	0.0	8.21	0.66
19841006	1.28	9.03	0.6
19841007	4.79	11.71	0.61
19841008	2.85	12.76	0.86
19841009	0.01	9.29	0.78
19841010	0.83	10.97	0.65
19841011	0.33	11.17	0.62
19841012	0.01	12.68	0.57
19841013	0.05	13.54	0.55
19841014	0.53	13.88	0.52
19841015	0.21	9.57	0.54
19841016	1.59	10.38	0.52
19841017	14.74	10.73	0.9
19841018	4.99	10.19	1.92
19841019	14.91	8.73	2.1
19841020	4.99	6.75	2.74
19841021	7.86	10.38	1.58
19841022	7.62	11.41	2.98
19841023	1.78	8.08	2.13
19841024	14.27	10.52	2.87
19841025	8.74	7.61	3.44
19841026	2.34	4.79	3.13
19841027	10.23	7.28	2.41
19841028	0.91	12.66	3.27
19841029	5.08	13.26	2.36
19841030	4.72	8.96	2.72
19841031	0.03	10.58	2.15
19841101	0.75	11.38	1.75
19841102	42.29	6.9	5.3
19841103	21.93	5.36	15.19
19841104	0.07	4.99	6.74
19841105	0.2	3.45	4.02
19841106	2.82	5.25	2.96
19841107	0.15	8.09	2.43
19841108	5.62	9.08	2.4
19841109	11.12	8.83	3.24
19841110	0.03	8.7	3.49
19841111	2.72	9.47	2.38
19841112	9.88	7.08	3.31
19841113	0.04	6.85	3.15
19841114	0.57	6.38	2.22
19841115	0.02	3.9	1.88
19841116	1.49	4.2	1.68
19841117	1.66	4.4	1.56
19841118	0.3	4.17	1.54
19841119	0.45	4.12	1.41
19841120	6.68	6.01	1.61
19841121	5.98	8.15	2.15
19841122	20.79	7.34	6.38
19841123	7.99	7.64	6.31
19841124	0.07	6.19	4.29
19841125	6.09	5.11	3.15
19841126	0.07	5.36	2.88
19841127	9.51	8.18	2.78
19841128	1.03	7.48	3.52
19841129	0.53	8.62	2.39
19841130	2.51	7.24	2.02
19841201	2.19	6.55	2.07
19841202	2.27	4.35	1.8
19841203	1.09	6.92	1.8
19841204	0.8	8.18	1.61
19841205	0.15	7.25	1.52
19841206	0.04	5.86	1.37
19841207	0.03	5.84	1.29
19841208	1.09	4.06	1.24
19841209	0.1	4.76	1.19
19841210	0.0	4.5	1.12
19841211	0.02	3.07	1.03
19841212	0.03	1.39	1.0
19841213	3.88	2.97	0.96
19841214	0.39	3.14	1.2
19841215	1.33	1.68	0.98
19841216	2.47	1.67	0.94
19841217	9.05	2.37	1.78
19841218	8.67	3.7	1.7
19841219	2.04	7.23	2.5
19841220	5.47	5.05	2.27
19841221	0.64	3.96	2.24
19841222	5.41	7.43	1.94
19841223	5.99	7.59	2.28
19841224	2.01	2.29	2.86
19841225	4.14	2.01	2.42
19841226	0.01	-0.39	2.11
19841227	0.01	0.59	1.64
19841228	0.03	1.16	1.39
19841229	3.89	2.34	1.45
19841230	2.52	5.58	1.47
19841231	0.01	3.49	1.65
19850101	0.14	1.65	1.39
19850102	0.02	0.22	1.27
19850103	0.22	0.58	1.17
19850104	0.31	-0.36	1.14
19850105	0.18	-1.35	1.08
19850106	1.74	-0.99	1.07
19850107	0.42	-3.16	1.04
19850108	0.38	-2.12	0.99
19850109	0.05	-0.7	0.97
19850110	0.05	0.72	0.94
19850111	0.05	-0.77	0.91
19850112	0.82	-0.62	0.87
19850113	0.6	-2.27	0.88
19850114	1.63	-1.34	0.86
19850115	1.29	-2.73	0.87
19850116	0.89	-5.32	0.85
19850117	0.11	-4.5	0.79
19850118	0.14	-1.06	0.71
19850119	0.07	-0.94	0.68
19850120	5.07	-0.37	0.67
19850121	9.67	2.99	2.53
19850122	3.01	0.37	2.03
19850123	3.7	-0.27	1.48
19850124	12.1	1.69	2.57
19850125	0.02	2.32	3.3
19850126	0.02	-1.78	2.23
19850127	8.63	1.13	1.69
19850128	4.43	5.15	5.06
19850129	16.91	6.3	6.93
19850130	6.29	6.48	4.67
19850131	7.26	7.08	4.73
19850201	0.02	7.6	4.36
19850202	0.79	5.48	2.76
19850203	0.73	6.67	2.31
19850204	0.01	4.5	1.99
19850205	0.41	4.64	1.73
19850206	0.63	2.88	1.52
19850207	2.83	0.84	1.55
19850208	1.16	-1.27	1.56
19850209	0.07	-3.19	1.3
19850210	0.0	-4.9	1.06
19850211	0.0	-4.66	0.93
19850212	0.0	-3.37	0.94
19850213	0.0	-2.09	0.91
19850214	0.07	-1.91	0.87
19850215	0.01	-3.25	0.81
19850216	0.0	-0.93	0.77
19850217	0.0	-1.46	0.75
19850218	0.03	-2.82	0.73
19850219	1.22	-0.4	0.71
19850220	0.17	2.77	0.75
19850221	0.03	2.61	0.77
19850222	0.61	2.9	0.81
19850223	0.36	4.79	0.88
19850224	0.01	6.35	0.92
19850225	0.51	4.67	0.96
19850226	0.12	6.21	1.01
19850227	0.07	6.36	1.0
19850228	0.28	4.26	1.02
19850301	3.03	1.75	1.11
19850302	0.75	3.57	0.95
19850303	4.86	5.62	1.07
19850304	2.74	3.91	1.18
19850305	0.02	3.91	0.96
19850306	4.76	6.55	0.82
19850307	0.02	4.32	0.94
19850308	0.01	6.42	0.77
19850309	0.05	6.37	0.68
19850310	0.47	3.48	0.67
19850311	0.0	3.0	0.65
19850312	1.97	4.01	0.63
19850313	1.08	3.62	0.69
19850314	1.24	1.99	0.69
19850315	4.31	0.72	0.87
19850316	0.73	-0.89	0.79
19850317	0.09	0.25	0.71
19850318	0.02	1.02	0.67
19850319	0.22	-0.83	0.62
19850320	0.18	-0.47	0.62
19850321	3.23	1.6	0.63
19850322	4.74	3.33	0.77
19850323	6.98	2.96	1.31
19850324	6.13	2.82	1.65
19850325	0.06	4.31	1.46
19850326	0.15	3.93	1.09
19850327	0.42	2.52	0.92
19850328	5.58	3.8	1.04
19850329	8.11	6.58	1.6
19850330	0.6	9.6	1.75
19850331	7.43	9.47	1.42
19850401	1.58	10.06	1.71
19850402	0.13	10.66	1.32
19850403	11.1	9.38	2.17
19850404	6.87	8.73	2.5
19850405	5.47	8.32	2.41
19850406	1.06	7.66	2.26
19850407	14.19	7.23	2.94
19850408	0.48	6.45	3.27
19850409	2.38	6.01	2.34
19850410	13.16	6.17	2.44
19850411	18.7	4.77	10.06
19850412	3.95	5.7	5.16
19850413	11.72	5.75	4.15
19850414	0.35	5.16	5.15
19850415	0.14	8.92	3.21
19850416	0.01	9.47	2.63
19850417	0.0	9.69	2.21
19850418	0.0	11.88	1.88
19850419	0.14	8.06	1.73
19850420	1.54	4.83	1.57
19850421	1.2	5.23	1.55
19850422	0.27	5.65	1.39
19850423	0.02	3.53	1.32
19850424	0.12	6.36	1.19
19850425	0.12	2.6	1.08
19850426	1.4	6.19	1.06
19850427	0.3	2.85	1.08
19850428	9.19	3.33	1.54
19850429	7.44	7.1	1.57
19850430	2.18	7.16	2.1
19850501	0.07	5.66	1.59
19850502	0.01	6.98	1.26
19850503	0.37	8.12	1.09
19850504	2.39	5.99	1.14
19850505	1.63	7.34	1.15
19850506	0.13	8.47	1.07
19850507	0.04	11.47	0.92
19850508	0.02	10.25	0.87
19850509	0.0	8.08	0.79
19850510	0.01	9.05	0.76
19850511	0.0	7.25	0.71
19850512	1.54	8.99	0.69
19850513	1.76	7.76	0.72
19850514	32.24	8.15	2.97
19850515	0.73	10.28	3.76
19850516	0.0	11.89	1.51
19850517	0.0	13.59	1.22
19850518	0.53	12.15	1.06
19850519	1.59	9.17	1.04
19850520	2.07	8.94	0.98
19850521	1.2	7.24	0.96
19850522	0.08	8.79	0.88
19850523	4.49	11.73	1.04
19850524	0.24	11.64	0.93
19850525	7.73	13.62	0.88
19850526	0.1	15.29	1.24
19850527	14.99	11.15	2.18
19850528	0.01	9.24	1.78
19850529	0.0	12.13	1.04
19850530	0.0	10.88	0.87
19850531	0.0	10.68	0.78
19850601	0.0	12.54	0.72
19850602	0.0	12.95	0.68
19850603	0.0	14.45	0.67
19850604	2.98	15.19	0.68
19850605	5.09	10.16	0.77
19850606	8.69	7.01	1.12
19850607	1.85	5.81	0.98
19850608	9.63	9.92	0.91
19850609	2.96	9.51	1.45
19850610	2.04	10.51	0.94
19850611	22.22	9.88	2.08
19850612	0.96	9.78	3.31
19850613	0.01	8.71	1.45
19850614	1.55	8.61	1.18
19850615	0.02	9.35	1.0
19850616	0.01	9.35	0.91
19850617	2.52	11.7	0.91
19850618	0.03	10.76	0.89
19850619	1.83	11.76	1.03
19850620	4.05	13.92	0.86
19850621	4.21	12.1	1.03
19850622	5.54	12.0	0.96
19850623	0.14	13.07	1.24
19850624	0.06	11.74	0.87
19850625	0.15	11.62	0.76
19850626	0.83	12.6	0.72
19850627	0.16	12.32	0.7
19850628	0.01	13.04	0.68
19850629	0.0	13.84	0.65
19850630	2.8	14.23	0.72
19850701	0.02	13.47	0.68
19850702	0.0	17.02	0.63
19850703	0.0	18.11	0.61
19850704	0.01	19.29	0.68
19850705	0.3	15.8	0.67
19850706	0.19	12.1	0.67
19850707	0.24	15.37	0.65
19850708	1.34	16.06	0.65
19850709	0.05	12.66	0.59
19850710	0.1	15.8	0.59
19850711	0.63	15.62	0.59
19850712	1.83	16.76	0.6
19850713	8.87	17.4	0.68
19850714	0.08	13.19	0.88
19850715	5.01	12.69	0.63
19850716	0.1	13.26	0.72
19850717	5.81	14.02	0.86
19850718	2.34	13.29	0.69
19850719	2.1	11.77	0.71
19850720	2.5	11.44	0.64
19850721	6.8	13.91	0.66
19850722	1.95	13.41	0.85
19850723	0.03	17.02	0.64
19850724	0.0	17.77	0.58
19850725	0.45	20.11	0.56
19850726	5.26	15.62	0.58
19850727	4.35	15.71	0.67
19850728	10.47	14.21	0.97
19850729	10.09	13.69	1.67
19850730	0.1	14.01	1.3
19850731	0.04	12.48	0.79
19850801	1.78	12.64	0.57
19850802	4.45	13.79	0.59
19850803	4.53	12.3	0.84
19850804	10.77	12.43	0.81
19850805	1.76	12.4	1.16
19850806	3.3	11.73	0.85
19850807	1.69	11.85	0.84
19850808	3.15	14.18	0.78
19850809	0.26	12.7	0.73
19850810	0.46	13.03	0.61
19850811	16.18	11.83	1.68
19850812	3.14	12.72	1.22
19850813	0.75	14.54	0.85
19850814	4.02	13.46	0.84
19850815	4.58	13.99	0.75
19850816	4.95	13.63	1.12
19850817	0.81	14.69	0.87
19850818	2.84	15.15	0.76
19850819	3.0	14.46	0.78
19850820	4.22	14.69	1.07
19850821	3.33	14.36	0.88
19850822	0.11	12.46	0.8
19850823	18.7	12.04	1.31
19850824	5.85	10.94	2.68
19850825	9.69	11.19	2.4
19850826	0.8	11.22	1.84
19850827	2.0	15.24	1.31
19850828	0.08	14.26	1.18
19850829	0.01	15.37	1.07
19850830	0.29	15.34	0.93
19850831	7.69	13.39	0.95
19850901	4.45	11.03	1.49
19850902	6.96	11.48	1.44
19850903	6.56	11.8	1.77
19850904	1.91	11.14	1.88
19850905	0.24	10.07	1.35
19850906	0.58	9.98	1.13
19850907	8.0	11.73	1.04
19850908	2.79	13.48	1.66
19850909	0.05	15.36	1.3
19850910	0.0	14.76	1.1
19850911	0.0	16.55	1.0
19850912	0.04	16.36	0.91
19850913	3.65	12.18	0.86
19850914	4.11	12.05	0.98
19850915	3.12	10.58	0.99
19850916	11.76	13.13	1.47
19850917	2.1	12.35	1.8
19850918	0.22	16.25	1.23
19850919	0.43	10.98	1.08
19850920	0.78	12.64	0.99
19850921	5.38	14.65	1.23
19850922	0.09	15.1	1.17
19850923	0.0	12.64	0.98
19850924	0.06	12.83	0.82
19850925	0.08	15.91	0.78
19850926	0.0	16.22	0.76
19850927	0.0	16.32	0.74
19850928	0.0	16.19	0.72
19850929	0.02	16.35	0.71
19850930	0.06	18.49	0.71
19851001	0.0	18.43	0.69
19851002	2.16	16.53	0.66
19851003	2.03	13.9	0.73
19851004	0.49	12.68	0.67
19851005	0.39	12.07	0.61
19851006	34.42	11.58	3.54
19851007	2.96	9.36	2.26
19851008	11.71	9.09	1.73
19851009	3.63	10.64	2.25
19851010	1.66	13.02	1.75
19851011	0.03	9.29	1.37
19851012	0.0	9.88	1.09
19851013	0.0	11.53	0.98
19851014	0.0	10.77	0.93
19851015	0.0	11.48	0.88
19851016	0.01	9.46	0.82
19851017	0.01	9.28	0.88
19851018	0.11	8.6	0.8
19851019	0.02	9.13	0.75
19851020	0.02	9.83	0.73
19851021	0.01	8.5	0.69
19851022	0.0	9.67	0.65
19851023	0.0	8.01	0.66
19851024	0.0	8.02	0.66
19851025	0.0	7.29	0.65
19851026	0.0	6.99	0.62
19851027	0.0	6.12	0.62
19851028	0.01	7.52	0.63
19851029	0.01	7.27	0.61
19851030	0.01	7.58	0.6
19851031	2.33	4.92	0.6
19851101	2.07	3.23	0.63
19851102	0.0	0.46	0.62
19851103	0.0	2.94	0.57
19851104	14.35	6.81	0.59
19851105	13.13	4.03	2.58
19851106	4.05	5.7	1.62
19851107	10.14	7.64	1.53
19851108	10.8	10.14	3.1
19851109	9.39	3.79	3.39
19851110	0.54	0.3	2.68
19851111	0.01	0.5	1.68
19851112	0.0	-0.13	1.43
19851113	0.02	1.38	1.22
19851114	3.62	3.52	1.22
19851115	1.28	2.97	1.3
19851116	4.92	3.07	1.56
19851117	0.13	2.99	1.47
19851118	0.17	2.36	1.25
19851119	0.87	1.76	1.2
19851120	1.18	2.03	1.17
19851121	1.2	2.45	0.98
19851122	1.29	2.81	0.98
19851123	1.83	3.79	0.97
19851124	0.55	3.54	1.07
19851125	0.22	2.18	0.98
19851126	3.3	0.43	0.9
19851127	2.12	-1.37	1.0
19851128	0.42	-2.08	0.84
19851129	2.83	-0.98	0.79
19851130	2.15	6.78	1.02
19851201	1.25	11.47	1.36
19851202	5.21	11.56	1.47
19851203	5.5	10.03	1.35
19851204	4.96	8.82	2.3
19851205	11.94	5.55	2.21
19851206	13.18	5.86	6.11
19851207	0.71	4.02	3.66
19851208	0.07	2.64	2.45
19851209	0.05	1.49	1.93
19851210	4.88	3.41	1.85
19851211	0.09	4.86	1.81
19851212	17.38	7.9	1.63
19851213	4.42	9.81	5.49
19851214	0.31	9.9	2.89
19851215	5.79	9.81	2.83
19851216	0.13	8.18	2.79
19851217	6.92	7.78	2.48
19851218	1.19	5.45	2.49
19851219	5.13	6.06	2.05
19851220	2.0	8.35	2.49
19851221	29.97	7.53	8.04
19851222	1.06	5.2	7.11
19851223	0.47	4.45	3.67
19851224	2.26	2.82	2.84
19851225	1.37	2.69	2.49
19851226	0.02	-0.71	2.16
19851227	0.0	-3.75	1.64
19851228	0.0	-4.81	1.5
19851229	0.17	-4.4	1.37
19851230	3.23	0.61	1.31
19851231	4.09	2.45	1.52
19860101	7.31	1.34	1.69
19860102	2.54	0.77	2.12
19860103	0.01	-1.65	1.67
19860104	7.01	-0.56	1.6
19860105	1.01	-0.22	1.74
19860106	0.05	-1.67	1.43
19860107	3.63	-1.02	1.28
19860108	1.64	-0.21	1.32
19860109	11.6	3.81	1.23
19860110	3.36	5.81	7.55
19860111	0.95	4.19	3.49
19860112	13.31	5.93	3.25
19860113	8.22	6.45	6.46
19860114	8.43	3.96	5.23
19860115	0.21	1.74	4.93
19860116	0.03	0.2	3.05
19860117	14.52	4.36	2.59
19860118	16.74	7.47	7.43
19860119	10.7	5.38	11.96
19860120	11.86	5.12	5.97
19860121	3.77	3.31	7.18
19860122	12.14	4.3	5.96
19860123	4.08	1.61	6.01
19860124	0.03	-0.55	3.9
19860125	0.0	-1.58	2.88
19860126	3.4	0.24	2.37
19860127	1.02	0.63	2.47
19860128	9.8	0.67	2.29
19860129	16.35	1.05	3.24
19860130	2.37	1.73	4.22
19860131	3.68	0.97	3.36
19860201	8.98	0.98	2.91
19860202	4.47	0.53	3.57
19860203	1.71	0.36	2.75
19860204	0.35	-0.83	2.25
19860205	2.38	-1.93	1.93
19860206	1.98	-2.12	1.76
19860207	1.79	-1.96	1.64
19860208	0.39	-1.72	1.49
19860209	0.2	-3.35	1.34
19860210	0.0	-4.82	1.24
19860211	0.0	-2.54	1.16
19860212	0.04	-2.42	1.1
19860213	0.03	-1.16	1.04
19860214	0.11	-2.16	1.03
19860215	0.12	-1.4	1.04
19860216	0.02	-1.57	0.99
19860217	0.05	-0.63	0.99
19860218	0.02	-1.32	0.87
19860219	0.04	-2.56	0.83
19860220	0.01	-4.85	0.82
19860221	0.01	-4.16	0.79
19860222	0.07	-2.66	0.77
19860223	0.01	-3.8	0.75
19860224	0.08	-0.84	0.73
19860225	0.1	-2.75	0.74
19860226	0.01	-3.3	0.7
19860227	0.03	-1.86	0.7
19860228	0.03	-0.98	0.7
19860301	0.0	-1.64	0.67
19860302	0.0	-3.41	0.66
19860303	7.15	0.88	0.66
19860304	8.74	6.44	2.85
19860305	1.94	4.54	5.34
19860306	0.39	3.58	3.05
19860307	0.0	3.61	2.15
19860308	1.15	4.84	1.86
19860309	0.91	3.65	1.87
19860310	0.29	3.46	1.69
19860311	0.0	4.02	1.58
19860312	0.02	1.8	1.5
19860313	0.27	1.95	1.35
19860314	0.17	5.74	1.22
19860315	0.02	7.37	1.52
19860316	4.63	4.71	1.67
19860317	0.04	5.63	1.43
19860318	5.76	4.52	1.35
19860319	1.37	5.57	1.52
19860320	0.47	4.98	1.32
19860321	1.53	6.98	1.15
19860322	14.02	7.09	1.55
19860323	11.35	3.29	3.56
19860324	4.65	2.12	3.53
19860325	3.54	3.76	2.6
19860326	7.05	5.76	3.24
19860327	1.66	5.5	3.75
19860328	10.85	5.6	3.9
19860329	5.84	3.91	5.18
19860330	7.09	2.37	4.42
19860331	11.49	2.76	7.74
19860401	0.72	3.58	5.82
19860402	0.14	3.14	3.82
19860403	0.04	3.28	2.61
19860404	1.42	3.21	2.12
19860405	0.43	3.05	1.87
19860406	1.34	1.65	1.67
19860407	6.64	1.4	1.79
19860408	1.0	1.95	1.79
19860409	0.09	3.92	1.46
19860410	0.01	1.75	1.33
19860411	0.99	3.49	1.21
19860412	0.4	3.96	1.24
19860413	3.63	3.71	1.32
19860414	14.95	5.11	1.43
19860415	10.15	4.5	5.47
19860416	18.64	4.13	4.37
19860417	4.26	2.96	6.16
19860418	0.21	3.11	3.76
19860419	18.36	5.72	3.15
19860420	1.14	5.54	7.01
19860421	6.3	4.22	3.8
19860422	1.21	5.79	3.5
19860423	2.05	7.05	2.89
19860424	2.77	5.99	2.51
19860425	1.0	6.38	2.3
19860426	0.01	8.91	1.87
19860427	0.03	6.98	1.61
19860428	5.14	5.82	1.82
19860429	0.28	7.18	1.54
19860430	0.0	9.34	1.36
19860501	0.0	12.39	1.26
19860502	0.01	13.82	1.23
19860503	2.38	10.92	1.34
19860504	2.06	9.84	1.18
19860505	1.27	8.61	1.17
19860506	11.02	10.18	1.23
19860507	5.55	9.32	2.13
19860508	6.55	8.46	2.49
19860509	3.85	10.7	1.7
19860510	10.62	11.3	1.49
19860511	6.66	10.42	3.19
19860512	0.36	10.64	2.52
19860513	0.07	8.42	1.7
19860514	10.97	7.29	1.78
19860515	2.26	6.6	2.4
19860516	0.01	10.08	1.58
19860517	2.39	11.32	1.43
19860518	0.02	10.94	1.33
19860519	7.04	13.28	1.24
19860520	7.21	11.54	1.91
19860521	5.53	8.93	2.32
19860522	0.51	11.32	1.57
19860523	0.32	10.67	1.24
19860524	3.09	10.93	1.21
19860525	1.13	12.22	1.21
19860526	0.19	10.76	1.08
19860527	3.2	8.5	1.04
19860528	0.18	8.74	1.2
19860529	0.2	9.23	0.9
19860530	1.92	10.27	0.85
19860531	1.85	10.61	0.87
19860601	2.28	12.57	0.89
19860602	4.97	12.16	0.89
19860603	1.65	8.96	1.26
19860604	0.46	8.07	0.89
19860605	0.05	8.15	0.75
19860606	0.03	8.78	0.71
19860607	0.04	9.17	0.66
19860608	2.18	12.69	0.66
19860609	15.69	13.08	0.9
19860610	10.3	9.06	2.35
19860611	0.13	9.72	1.39
19860612	0.01	14.31	0.94
19860613	0.0	15.15	0.81
19860614	0.0	16.48	0.83
19860615	0.01	16.6	0.73
19860616	0.01	19.82	0.7
19860617	0.1	13.03	0.66
19860618	0.0	11.97	0.65
19860619	0.0	13.61	0.63
19860620	0.0	10.51	0.62
19860621	0.22	13.47	0.59
19860622	3.38	11.85	0.76
19860623	15.01	12.03	0.98
19860624	0.57	14.22	1.41
19860625	0.0	16.69	0.75
19860626	0.0	17.94	0.66
19860627	0.0	19.79	0.62
19860628	0.0	19.47	0.58
19860629	0.0	17.79	0.58
19860630	0.0	16.55	0.56
19860701	0.0	16.81	0.59
19860702	0.0	17.41	0.58
19860703	3.27	16.46	0.57
19860704	0.29	14.69	0.66
19860705	0.11	12.49	0.55
19860706	1.2	13.03	0.54
19860707	0.56	13.36	0.55
19860708	0.48	11.89	0.57
19860709	2.22	13.18	0.54
19860710	0.08	12.93	0.57
19860711	4.46	14.92	0.54
19860712	0.57	13.28	0.68
19860713	1.17	17.29	0.54
19860714	1.16	18.26	0.57
19860715	0.02	19.87	0.58
19860716	0.08	18.14	0.53
19860717	0.0	12.26	0.5
19860718	0.0	11.88	0.49
19860719	4.94	13.97	0.53
19860720	0.05	12.95	0.63
19860721	1.51	12.2	0.52
19860722	3.63	11.35	0.53
19860723	5.43	11.05	0.76
19860724	8.85	14.96	0.61
19860725	0.31	13.49	0.88
19860726	0.12	14.04	0.55
19860727	1.22	16.89	0.5
19860728	11.37	15.14	0.67
19860729	1.94	12.16	0.98
19860730	7.41	12.46	1.04
19860731	2.74	10.7	0.84
19860801	4.77	14.08	0.79
19860802	0.0	13.02	0.7
19860803	0.82	12.16	0.57
19860804	4.31	13.42	0.74
19860805	0.73	14.44	0.68
19860806	7.59	14.2	0.67
19860807	2.92	13.29	0.85
19860808	0.36	11.11	0.67
19860809	0.05	14.08	0.59
19860810	2.18	14.21	0.55
19860811	1.31	12.05	0.61
19860812	1.59	13.83	0.62
19860813	2.54	14.57	0.66
19860814	0.4	13.98	0.63
19860815	2.25	11.46	0.71
19860816	0.23	12.52	0.58
19860817	0.2	12.79	0.53
19860818	1.28	10.46	0.54
19860819	2.79	11.45	0.53
19860820	0.09	11.37	0.58
19860821	3.12	12.4	0.6
19860822	1.07	10.52	0.55
19860823	0.04	10.57	0.51
19860824	0.04	11.83	0.48
19860825	58.88	10.94	2.5
19860826	7.03	10.54	6.87
19860827	5.34	9.98	2.46
19860828	0.49	10.38	1.69
19860829	0.31	10.87	1.38
19860830	0.14	9.31	1.24
19860831	3.98	11.57	1.14
19860901	0.99	13.29	1.25
19860902	17.79	12.32	1.31
19860903	0.1	9.96	2.4
19860904	0.0	11.61	1.19
19860905	0.1	11.24	1.07
19860906	1.4	9.71	1.01
19860907	0.12	10.82	0.94
19860908	0.18	8.73	0.87
19860909	0.0	10.16	0.78
19860910	0.03	9.31	0.71
19860911	0.02	8.49	0.67
19860912	0.01	8.24	0.64
19860913	0.0	8.63	0.59
19860914	0.0	7.64	0.57
19860915	0.0	6.29	0.57
19860916	0.0	7.27	0.55
19860917	0.04	8.22	0.54
19860918	0.0	7.49	0.52
19860919	0.0	10.19	0.51
19860920	0.0	11.84	0.5
19860921	0.89	11.24	0.51
19860922	0.28	11.58	0.54
19860923	0.03	11.82	0.52
19860924	0.01	9.08	0.52
19860925	0.0	9.02	0.51
19860926	0.02	10.65	0.51
19860927	0.01	12.75	0.49
19860928	0.11	15.18	0.48
19860929	0.03	13.38	0.49
19860930	0.0	12.87	0.48
19861001	0.05	11.54	0.47
19861002	0.0	9.65	0.47
19861003	0.0	11.82	0.48
19861004	0.41	13.16	0.49
19861005	0.47	14.27	0.51
19861006	0.03	14.83	0.53
19861007	6.8	12.55	0.77
19861008	0.07	14.18	0.71
19861009	5.92	12.32	0.8
19861010	0.07	9.12	0.76
19861011	0.0	8.81	0.61
19861012	0.28	10.7	0.57
19861013	0.49	12.69	0.54
19861014	1.71	10.04	0.61
19861015	0.0	7.34	0.5
19861016	0.0	7.81	0.48
19861017	0.2	8.77	0.48
19861018	13.69	6.79	0.86
19861019	11.63	5.62	1.2
19861020	8.77	6.32	2.06
19861021	7.64	7.91	1.45
19861022	12.88	5.79	1.81
19861023	6.0	5.35	2.53
19861024	5.77	7.95	1.9
19861025	18.94	7.67	4.64
19861026	3.42	9.41	2.27
19861027	10.16	13.07	2.48
19861028	3.76	9.7	2.66
19861029	2.92	8.11	1.93
19861030	5.12	7.95	2.4
19861031	27.77	6.48	3.06
19861101	1.58	3.31	6.94
19861102	1.4	4.62	3.1
19861103	0.25	6.5	2.44
19861104	0.02	7.51	2.0
19861105	5.52	7.24	2.09
19861106	0.61	6.9	1.77
19861107	8.4	8.47	1.7
19861108	0.05	6.03	2.46
19861109	4.8	9.6	1.8
19861110	2.25	9.41	1.84
19861111	0.57	6.28	1.57
19861112	0.07	7.73	1.39
19861113	6.79	8.6	1.84
19861114	8.19	7.35	2.21
19861115	0.1	7.36	2.15
19861116	1.57	6.45	1.79
19861117	7.83	4.26	1.68
19861118	22.35	7.56	4.74
19861119	2.84	4.69	5.58
19861120	10.82	3.12	4.15
19861121	1.25	4.04	3.69
19861122	14.99	4.18	3.36
19861123	8.88	6.96	8.19
19861124	1.1	10.94	4.69
19861125	26.61	8.02	5.02
19861126	1.98	5.45	6.81
19861127	0.02	7.36	4.05
19861128	0.0	5.54	3.02
19861129	0.0	4.48	2.46
19861130	0.01	5.09	2.12
19861201	1.63	6.82	2.03
19861202	0.05	8.41	1.84
19861203	16.89	9.76	2.2
19861204	4.02	10.26	4.05
19861205	3.9	5.62	3.69
19861206	0.01	3.33	2.64
19861207	7.62	6.88	2.18
19861208	7.08	6.72	3.47
19861209	2.12	2.74	3.41
19861210	5.14	3.37	2.65
19861211	2.74	3.64	2.34
19861212	7.56	3.5	2.69
19861213	10.0	2.03	6.13
19861214	7.94	2.22	4.2
19861215	7.39	4.31	5.37
19861216	4.38	3.74	4.05
19861217	13.67	6.32	6.82
19861218	22.04	2.61	9.32
19861219	7.5	2.4	6.66
19861220	2.32	2.64	5.02
19861221	1.51	1.23	4.19
19861222	0.01	0.46	3.1
19861223	0.13	1.73	2.41
19861224	11.9	4.95	2.35
19861225	0.84	3.95	6.36
19861226	2.63	2.99	2.87
19861227	5.06	4.97	2.51
19861228	3.7	8.3	4.02
19861229	41.37	8.51	9.58
19861230	17.52	7.71	20.39
19861231	10.01	5.15	11.73
19870101	9.25	4.87	9.32
19870102	0.03	0.28	6.91
19870103	1.13	1.11	4.16
19870104	16.02	5.93	6.69
19870105	4.71	3.13	5.94
19870106	0.04	0.97	4.41
19870107	0.0	-0.83	3.19
19870108	0.0	-1.33	2.59
19870109	0.1	-0.53	2.25
19870110	0.04	-4.17	1.99
19870111	0.21	-7.55	1.72
19870112	2.05	-8.0	1.54
19870113	4.12	-5.03	1.51
19870114	1.91	-2.95	1.61
19870115	0.33	-0.82	1.42
19870116	0.02	-1.38	1.27
19870117	0.04	-3.25	1.16
19870118	0.0	-2.87	1.14
19870119	2.79	0.3	1.15
19870120	1.2	4.02	1.55
19870121	0.46	4.79	2.01
19870122	0.26	3.81	2.04
19870123	0.01	4.55	1.8
19870124	0.0	4.61	1.94
19870125	0.01	2.91	1.72
19870126	0.02	1.36	1.55
19870127	0.0	0.05	1.37
19870128	0.0	0.85	1.29
19870129	0.0	-0.76	1.21
19870130	0.0	-3.12	1.11
19870131	0.0	-0.58	1.04
19870201	2.43	0.82	1.01
19870202	5.31	3.9	1.43
19870203	0.2	3.02	1.37
19870204	0.1	4.53	1.23
19870205	2.86	8.35	1.37
19870206	0.05	5.54	1.59
19870207	7.56	6.12	1.21
19870208	10.63	7.06	2.24
19870209	14.03	5.65	3.85
19870210	0.29	3.34	3.79
19870211	0.06	2.7	2.36
19870212	0.0	2.1	1.87
19870213	0.02	1.65	1.58
19870214	0.43	-0.39	1.4
19870215	0.05	-0.16	1.26
19870216	0.28	-0.69	1.18
19870217	0.09	-0.51	1.14
19870218	0.0	-0.53	1.05
19870219	0.01	-0.0	1.01
19870220	0.01	0.19	0.98
19870221	0.28	2.55	0.93
19870222	0.43	3.12	0.91
19870223	0.17	0.51	0.9
19870224	0.02	-0.81	0.88
19870225	0.03	0.29	0.85
19870226	8.23	5.08	1.21
19870227	2.44	9.75	1.11
19870228	3.27	7.9	1.02
19870301	14.52	7.98	2.22
19870302	0.03	3.17	2.65
19870303	0.65	-1.64	1.39
19870304	0.42	0.82	1.24
19870305	7.92	2.79	1.38
19870306	6.49	0.43	1.94
19870307	1.95	-0.75	1.68
19870308	0.04	-0.23	1.48
19870309	0.01	-0.36	1.35
19870310	0.0	0.05	1.25
19870311	0.0	-0.43	1.21
19870312	0.01	1.55	1.13
19870313	0.0	0.75	1.11
19870314	0.03	2.31	1.04
19870315	0.03	3.11	1.06
19870316	3.69	4.05	1.07
19870317	9.76	4.92	1.9
19870318	1.54	1.73	2.19
19870319	0.74	1.87	1.57
19870320	0.65	1.06	1.36
19870321	0.06	2.01	1.22
19870322	6.04	4.74	1.19
19870323	7.08	6.18	2.06
19870324	13.45	5.95	2.24
19870325	0.9	4.47	4.7
19870326	6.54	7.54	2.94
19870327	12.28	6.25	3.75
19870328	0.53	2.9	3.93
19870329	1.4	3.8	2.54
19870330	0.7	6.92	2.11
19870331	7.18	7.38	1.83
19870401	8.13	3.3	3.68
19870402	0.05	3.52	2.78
19870403	0.95	6.29	2.07
19870404	4.41	5.02	1.84
19870405	0.44	5.8	2.24
19870406	1.1	6.36	1.8
19870407	13.31	6.3	3.18
19870408	3.58	7.06	3.12
19870409	8.1	5.92	3.35
19870410	10.81	6.14	4.29
19870411	0.04	3.99	3.96
19870412	0.03	7.75	2.58
19870413	1.38	7.87	2.21
19870414	0.02	10.55	1.92
19870415	0.01	9.55	1.67
19870416	0.0	11.06	1.49
19870417	0.0	13.98	1.35
19870418	0.13	13.23	1.28
19870419	8.95	9.33	1.28
19870420	1.22	7.92	1.61
19870421	0.01	9.83	1.32
19870422	0.01	9.89	1.08
19870423	0.0	12.66	0.99
19870424	0.0	12.63	0.95
19870425	0.0	11.8	0.91
19870426	0.0	13.23	0.84
19870427	0.0	13.58	0.83
19870428	0.0	15.55	0.83
19870429	0.8	15.15	0.89
19870430	0.88	11.11	0.8
19870501	2.47	5.47	0.79
19870502	4.48	5.29	0.97
19870503	0.31	4.28	0.79
19870504	0.02	9.11	0.66
19870505	0.0	9.2	0.67
19870506	0.0	11.44	0.65
19870507	0.0	13.22	0.63
19870508	0.0	13.28	0.63
19870509	0.0	9.84	0.62
19870510	3.37	9.02	0.6
19870511	15.58	9.0	1.15
19870512	9.11	5.72	1.89
19870513	8.47	7.94	1.07
19870514	5.0	6.03	1.64
19870515	4.96	5.88	1.48
19870516	2.19	7.64	1.19
19870517	6.86	7.58	1.46
19870518	0.04	6.35	1.27
19870519	0.01	8.07	0.92
19870520	0.02	10.01	0.84
19870521	0.54	7.75	0.77
19870522	5.97	8.41	0.74
19870523	0.01	8.17	0.85
19870524	0.0	9.62	0.68
19870525	0.0	11.07	0.64
19870526	0.0	11.89	0.61
19870527	1.18	11.68	0.61
19870528	0.73	9.89	0.62
19870529	0.28	12.32	0.61
19870530	2.48	11.18	0.63
19870531	1.97	13.62	0.63
19870601	7.34	11.56	0.84
19870602	10.02	11.07	1.32
19870603	31.8	11.68	4.17
19870604	0.09	8.77	5.43
19870605	7.05	11.9	2.57
19870606	17.67	11.18	2.65
19870607	5.72	9.47	5.44
19870608	6.44	8.93	3.99
19870609	4.62	8.54	4.26
19870610	1.97	10.36	2.94
19870611	6.85	9.35	2.95
19870612	2.02	8.56	2.79
19870613	0.07	9.43	2.07
19870614	4.88	8.6	1.86
19870615	1.47	7.69	1.86
19870616	2.83	10.33	1.83
19870617	0.91	10.53	1.58
19870618	15.68	12.64	1.68
19870619	0.2	10.36	3.14
19870620	0.0	11.02	1.73
19870621	3.18	12.58	1.4
19870622	0.52	11.7	1.42
19870623	7.61	12.44	1.49
19870624	1.94	12.22	1.65
19870625	34.18	12.1	8.14
19870626	2.36	12.35	6.63
19870627	0.62	17.18	3.37
19870628	2.89	19.05	2.55
19870629	3.2	15.78	2.24
19870630	0.03	13.82	1.84
19870701	0.0	12.24	1.51
19870702	0.0	13.98	1.34
19870703	0.0	16.73	1.23
19870704	0.0	18.1	1.15
19870705	0.0	19.64	1.08
19870706	0.0	18.92	1.02
19870707	0.0	13.46	0.94
19870708	0.0	12.68	0.91
19870709	3.87	15.16	0.92
19870710	6.26	16.69	1.02
19870711	0.89	15.15	1.16
19870712	0.02	14.23	0.89
19870713	0.02	18.67	0.85
19870714	1.42	16.85	0.84
19870715	5.44	16.02	0.98
19870716	1.14	14.82	0.91
19870717	5.59	13.58	0.93
19870718	22.52	11.51	2.85
19870719	3.25	13.29	1.96
19870720	0.77	13.28	1.29
19870721	0.51	13.09	1.04
19870722	0.04	12.32	0.97
19870723	0.74	15.09	0.88
19870724	1.26	12.05	0.87
19870725	0.31	11.9	0.8
19870726	26.29	13.33	2.11
19870727	0.19	14.15	3.04
19870728	7.08	14.75	1.54
19870729	3.02	15.46	2.13
19870730	3.75	14.24	1.55
19870731	3.72	14.91	1.63
19870801	1.47	12.94	1.57
19870802	0.44	13.67	1.36
19870803	3.33	12.56	1.3
19870804	0.02	11.4	1.2
19870805	0.07	11.19	1.05
19870806	0.86	10.87	0.98
19870807	11.0	10.99	1.36
19870808	4.08	12.03	1.69
19870809	7.28	10.87	2.18
19870810	0.02	13.89	1.83
19870811	4.7	14.24	1.52
19870812	11.72	15.69	1.92
19870813	0.42	15.23	3.01
19870814	0.03	14.91	1.75
19870815	0.02	16.58	1.45
19870816	1.21	19.8	1.31
19870817	2.41	19.34	1.28
19870818	3.45	15.77	1.36
19870819	0.0	18.57	1.14
19870820	1.11	20.63	1.06
19870821	0.51	18.57	1.02
19870822	12.17	16.09	1.8
19870823	19.96	11.8	4.64
19870824	0.01	11.98	2.5
19870825	0.86	13.31	1.5
19870826	11.99	10.25	2.49
19870827	0.07	12.88	2.07
19870828	3.13	15.37	1.48
19870829	0.04	15.74	1.5
19870830	0.0	14.62	1.29
19870831	0.41	13.46	1.18
19870901	0.91	12.39	1.17
19870902	0.04	16.3	1.11
19870903	0.91	14.23	1.07
19870904	2.24	14.28	1.01
19870905	7.38	12.98	1.49
19870906	11.06	11.89	2.02
19870907	2.08	13.05	1.6
19870908	0.06	11.23	1.35
19870909	4.18	13.24	1.25
19870910	0.44	12.76	1.23
19870911	5.99	15.54	1.06
19870912	0.97	12.55	1.32
19870913	0.16	12.73	1.09
19870914	2.46	12.6	1.01
19870915	0.5	13.72	0.93
19870916	21.94	14.73	1.47
19870917	0.19	12.93	3.77
19870918	0.01	9.72	1.58
19870919	18.91	12.51	3.84
19870920	0.11	16.42	2.9
19870921	3.13	14.48	1.9
19870922	0.17	13.74	1.61
19870923	8.67	12.01	1.4
19870924	4.52	9.95	2.49
19870925	0.4	7.18	1.86
19870926	0.02	7.29	1.39
19870927	0.07	7.47	1.26
19870928	0.02	8.09	1.18
19870929	0.0	8.52	1.05
19870930	0.0	8.58	1.02
19871001	0.02	10.24	0.96
19871002	0.0	11.81	0.95
19871003	6.85	11.65	0.93
19871004	2.43	11.58	1.69
19871005	6.0	12.7	1.13
19871006	3.36	7.84	1.72
19871007	11.54	11.02	1.42
19871008	18.59	6.57	5.11
19871009	17.26	7.89	6.24
19871010	1.55	5.05	5.41
19871011	0.24	7.55	3.13
19871012	2.47	8.0	2.44
19871013	1.18	7.34	2.09
19871014	7.77	8.12	1.86
19871015	17.53	7.91	3.22
19871016	17.38	8.22	7.94
19871017	0.49	10.47	6.21
19871018	3.52	12.53	3.24
19871019	0.67	12.51	2.61
19871020	10.85	11.08	2.52
19871021	1.54	8.68	3.59
19871022	0.57	5.52	2.22
19871023	0.01	5.01	1.86
19871024	0.0	5.88	1.62
19871025	0.01	7.45	1.49
19871026	3.32	8.89	1.39
19871027	14.37	6.99	4.15
19871028	0.02	5.62	2.48
19871029	0.0	5.37	1.77
19871030	0.3	7.75	1.56
19871031	0.37	9.0	1.43
19871101	0.11	8.62	1.35
19871102	0.0	8.56	1.27
19871103	0.0	6.99	1.22
19871104	0.0	6.93	1.13
19871105	0.0	5.97	1.14
19871106	0.0	4.23	1.11
19871107	0.01	2.66	1.07
19871108	4.51	4.59	1.21
19871109	0.08	5.99	1.16
19871110	5.53	5.1	1.55
19871111	5.79	5.76	1.74
19871112	12.23	5.25	1.53
19871113	2.21	5.77	2.68
19871114	5.87	5.56	1.73
19871115	1.78	7.84	2.25
19871116	4.59	8.11	1.95
19871117	0.05	8.75	1.89
19871118	11.7	10.15	1.87
19871119	11.17	7.08	5.4
19871120	0.5	6.4	3.16
19871121	3.55	6.58	2.39
19871122	3.14	3.41	2.69
19871123	15.25	3.67	4.2
19871124	1.53	4.26	5.01
19871125	0.38	3.16	2.95
19871126	0.27	1.77	2.34
19871127	0.0	1.17	1.9
19871128	0.05	1.83	1.64
19871129	0.47	3.98	1.51
19871130	0.41	3.3	1.4
19871201	0.46	4.04	1.29
19871202	0.18	3.63	1.23
19871203	0.01	2.37	1.14
19871204	0.0	3.23	1.08
19871205	0.24	3.56	1.04
19871206	0.79	1.82	1.0
19871207	0.02	-0.36	0.96
19871208	0.0	-1.35	0.9
19871209	0.0	-0.64	0.86
19871210	0.02	1.43	0.88
19871211	0.29	2.65	0.88
19871212	0.04	1.76	0.86
19871213	0.05	1.3	0.83
19871214	0.0	-0.61	0.8
19871215	8.45	2.27	0.96
19871216	8.89	7.93	1.67
19871217	21.15	10.17	2.96
19871218	0.42	7.73	4.85
19871219	1.53	8.15	2.23
19871220	0.91	9.29	1.9
19871221	0.98	6.74	1.68
19871222	0.0	3.75	1.5
19871223	0.01	3.27	1.35
19871224	1.46	6.08	1.27
19871225	0.17	6.53	1.16
19871226	10.44	9.04	1.32
19871227	1.56	10.21	2.14
19871228	3.39	11.45	1.58
19871229	2.75	8.79	1.82
19871230	4.73	7.97	1.88
19871231	2.76	6.89	1.87
19880101	28.51	8.94	3.52
19880102	16.4	5.18	13.31
19880103	9.75	4.22	8.64
19880104	9.08	3.7	8.8
19880105	9.8	4.2	5.5
19880106	1.48	3.58	6.3
19880107	1.29	1.65	3.57
19880108	4.56	6.46	3.08
19880109	2.75	6.84	3.34
19880110	6.13	3.53	2.84
19880111	0.62	3.49	2.84
19880112	1.82	4.62	2.36
19880113	0.02	4.19	2.08
19880114	0.5	3.89	1.78
19880115	0.25	4.1	1.61
19880116	0.03	3.17	1.49
19880117	11.1	4.51	1.65
19880118	2.51	5.25	2.96
19880119	0.21	5.07	2.07
19880120	3.44	2.62	1.7
19880121	5.52	1.39	1.87
19880122	4.33	1.06	2.04
19880123	22.73	3.56	4.62
19880124	1.33	5.05	9.04
19880125	3.14	4.42	3.83
19880126	0.35	3.41	3.15
19880127	0.64	2.57	2.4
19880128	2.25	3.1	2.09
19880129	5.64	3.22	2.09
19880130	8.16	3.32	3.38
19880131	7.21	3.36	3.58
19880201	7.08	5.36	4.37
19880202	3.52	2.86	4.11
19880203	6.72	4.0	2.93
19880204	6.27	2.36	4.22
19880205	0.59	1.96	3.36
19880206	2.5	1.45	2.81
19880207	7.07	1.72	2.54
19880208	3.77	3.52	2.68
19880209	15.87	2.79	3.27
19880210	3.88	2.29	4.59
19880211	5.87	1.95	4.01
19880212	3.39	1.81	3.21
19880213	3.83	6.11	4.63
19880214	0.18	6.86	4.96
19880215	6.92	6.59	3.44
19880216	0.02	4.18	3.18
19880217	0.09	5.32	2.32
19880218	0.04	5.98	2.13
19880219	0.05	6.34	1.98
19880220	0.05	5.61	1.82
19880221	0.09	4.26	1.75
19880222	0.33	3.84	1.73
19880223	0.0	2.1	1.72
19880224	0.37	1.57	1.72
19880225	0.02	0.42	1.64
19880226	0.57	2.88	1.45
19880227	0.07	5.67	1.35
19880228	0.41	2.71	1.28
19880229	0.0	0.23	1.15
19880301	0.0	-0.28	1.13
19880302	6.56	1.72	1.14
19880303	1.86	0.98	1.61
19880304	0.02	-0.15	1.02
19880305	7.39	2.78	0.91
19880306	4.67	4.71	1.83
19880307	0.37	4.74	1.35
19880308	0.5	6.53	1.08
19880309	11.44	5.71	2.3
19880310	0.74	5.11	1.8
19880311	13.41	5.21	1.72
19880312	13.84	3.14	5.0
19880313	17.63	2.63	10.28
19880314	12.22	4.32	7.12
19880315	11.23	6.0	11.76
19880316	0.22	3.0	5.88
19880317	0.0	4.61	3.71
19880318	12.45	6.39	3.25
19880319	13.5	8.73	8.42
19880320	7.17	8.37	5.89
19880321	0.27	6.24	4.63
19880322	14.45	7.11	5.23
19880323	3.06	6.47	5.31
19880324	8.76	5.01	4.25
19880325	4.91	5.67	4.94
19880326	4.39	5.97	4.02
19880327	4.4	6.34	3.07
19880328	4.92	6.4	3.16
19880329	0.07	4.76	2.83
19880330	1.53	5.66	2.16
19880331	0.0	5.21	1.81
19880401	5.87	6.7	1.79
19880402	0.04	7.83	1.9
19880403	3.47	7.9	1.57
19880404	0.06	5.52	1.63
19880405	0.01	5.19	1.44
19880406	0.03	5.49	1.42
19880407	1.02	7.88	1.32
19880408	4.17	4.24	1.26
19880409	0.19	2.86	1.26
19880410	0.0	6.84	1.21
19880411	0.01	6.4	1.13
19880412	0.0	5.26	1.04
19880413	0.0	4.62	0.97
19880414	0.0	7.83	0.95
19880415	3.79	10.92	0.96
19880416	1.52	11.51	1.09
19880417	0.53	11.63	0.98
19880418	3.27	12.94	1.03
19880419	0.53	11.24	1.07
19880420	0.4	11.38	1.01
19880421	2.62	8.89	0.93
19880422	0.34	5.02	0.99
19880423	0.0	3.13	0.86
19880424	0.02	5.01	0.79
19880425	0.4	8.27	0.8
19880426	6.34	6.75	0.89
19880427	3.25	4.86	1.06
19880428	0.02	6.04	0.92
19880429	0.23	7.27	0.8
19880430	3.86	7.53	0.78
19880501	5.44	9.96	1.08
19880502	3.45	10.43	1.25
19880503	6.97	10.83	1.32
19880504	1.83	9.75	1.18
19880505	0.26	8.96	0.93
19880506	0.03	12.42	0.81
19880507	0.0	12.43	0.77
19880508	0.24	11.26	0.75
19880509	0.05	8.89	0.73
19880510	0.01	10.45	0.71
19880511	1.87	10.66	0.7
19880512	0.09	11.66	0.75
19880513	0.0	13.34	0.69
19880514	0.0	14.42	0.65
19880515	0.0	14.13	0.63
19880516	0.0	12.94	0.62
19880517	0.15	8.72	0.61
19880518	0.27	7.31	0.61
19880519	1.46	7.14	0.62
19880520	0.0	7.51	0.63
19880521	0.0	11.32	0.6
19880522	0.0	11.19	0.57
19880523	7.16	11.92	0.95
19880524	3.64	10.37	0.79
19880525	2.1	10.79	0.66
19880526	5.61	9.11	1.01
19880527	0.01	11.05	0.67
19880528	0.04	12.92	0.56
19880529	5.54	11.77	0.73
19880530	6.0	11.7	0.69
19880531	1.1	11.46	0.74
19880601	0.37	11.33	0.58
19880602	1.07	13.39	0.56
19880603	9.41	10.69	0.88
19880604	3.08	11.09	0.89
19880605	0.02	10.05	0.59
19880606	0.02	11.86	0.51
19880607	7.09	13.12	0.49
19880608	3.71	12.34	0.89
19880609	0.47	10.03	0.58
19880610	0.0	11.34	0.51
19880611	0.0	11.41	0.47
19880612	0.0	13.15	0.45
19880613	0.0	14.27	0.46
19880614	0.0	16.16	0.46
19880615	0.0	15.74	0.47
19880616	0.0	13.5	0.48
19880617	0.0	13.35	0.47
19880618	0.0	15.04	0.45
19880619	0.0	16.35	0.43
19880620	0.01	17.36	0.43
19880621	0.13	13.4	0.43
19880622	0.0	13.58	0.43
19880623	0.0	14.68	0.42
19880624	0.0	17.1	0.43
19880625	16.11	16.93	1.14
19880626	0.02	13.0	1.06
19880627	0.04	12.99	0.52
19880628	0.0	15.43	0.49
19880629	9.34	16.64	1.06
19880630	4.3	16.55	0.68
19880701	2.62	12.89	0.64
19880702	3.38	11.72	0.67
19880703	13.5	13.22	0.56
19880704	6.8	12.34	1.43
19880705	4.35	13.1	1.08
19880706	9.35	13.66	0.87
19880707	7.76	12.96	1.56
19880708	14.62	12.35	2.74
19880709	3.87	14.87	1.49
19880710	1.03	13.52	1.03
19880711	3.43	14.05	0.87
19880712	17.38	13.37	1.34
19880713	2.59	14.49	2.13
19880714	3.59	12.81	1.32
19880715	0.01	12.66	1.18
19880716	20.53	13.05	2.87
19880717	0.96	12.5	2.55
19880718	0.01	13.29	1.44
19880719	0.35	14.48	1.17
19880720	4.83	15.4	1.07
19880721	4.84	16.43	1.18
19880722	2.57	15.96	1.23
19880723	10.64	14.65	2.14
19880724	2.93	14.39	1.63
19880725	1.31	13.84	1.19
19880726	3.55	13.54	1.09
19880727	0.69	12.5	0.96
19880728	5.6	11.26	0.96
19880729	2.92	12.15	1.08
19880730	4.83	12.93	0.96
19880731	0.08	13.0	1.04
19880801	0.23	12.21	0.85
19880802	0.48	12.62	0.77
19880803	2.86	13.3	0.72
19880804	1.41	15.55	0.82
19880805	0.04	14.01	0.73
19880806	0.0	16.8	0.67
19880807	0.0	19.83	0.63
19880808	3.44	18.0	0.67
19880809	0.01	15.28	0.77
19880810	1.96	14.35	0.65
19880811	10.69	13.39	0.74
19880812	4.8	13.26	1.41
19880813	4.95	14.47	0.96
19880814	2.23	15.0	0.86
19880815	0.01	12.72	0.73
19880816	0.0	13.99	0.65
19880817	11.66	17.97	0.64
19880818	43.59	13.96	11.46
19880819	14.17	14.22	3.95
19880820	9.75	12.49	5.19
19880821	0.64	11.73	3.53
19880822	0.0	12.23	2.43
19880823	0.1	14.2	1.86
19880824	6.75	12.54	1.79
19880825	0.63	11.3	1.82
19880826	8.05	15.25	1.7
19880827	12.16	13.82	2.94
19880828	1.42	12.45	3.2
19880829	3.46	12.56	2.33
19880830	2.92	12.96	1.94
19880831	3.02	13.57	1.77
19880901	17.95	13.01	2.61
19880902	8.69	10.89	7.76
19880903	0.2	11.85	3.23
19880904	0.18	13.15	2.19
19880905	0.02	13.38	1.78
19880906	0.03	15.37	1.52
19880907	0.02	19.39	1.37
19880908	0.04	15.67	1.23
19880909	0.02	12.71	1.14
19880910	3.74	13.26	1.09
19880911	0.21	12.22	1.06
19880912	2.19	10.83	0.91
19880913	0.13	11.0	0.86
19880914	0.0	9.37	0.8
19880915	0.0	11.53	0.76
19880916	0.0	13.53	0.73
19880917	0.0	10.51	0.7
19880918	0.01	11.4	0.67
19880919	0.0	11.27	0.66
19880920	0.0	10.05	0.65
19880921	0.86	11.35	0.66
19880922	9.79	11.15	0.78
19880923	22.39	9.57	2.19
19880924	0.26	8.58	2.54
19880925	16.09	12.56	1.87
19880926	0.5	12.89	4.03
19880927	5.56	11.99	2.02
19880928	13.14	8.93	3.24
19880929	0.99	6.46	3.42
19880930	0.01	7.39	2.13
19881001	0.0	10.0	1.61
19881002	0.0	9.51	1.4
19881003	0.0	9.67	1.29
19881004	7.65	10.11	1.44
19881005	6.54	10.47	1.62
19881006	16.45	8.33	2.71
19881007	6.59	7.51	4.79
19881008	0.88	9.78	2.83
19881009	3.08	8.11	2.07
19881010	0.18	6.13	1.88
19881011	4.62	8.51	1.65
19881012	4.14	9.12	1.94
19881013	0.02	7.89	1.74
19881014	0.02	9.63	1.43
19881015	0.03	10.23	1.33
19881016	0.01	10.9	1.22
19881017	0.18	10.39	1.16
19881018	11.62	12.6	1.42
19881019	14.82	13.68	2.65
19881020	2.86	9.76	5.49
19881021	0.09	11.68	2.46
19881022	0.22	11.86	1.88
19881023	3.35	10.26	1.75
19881024	3.63	11.15	1.68
19881025	4.21	12.56	1.81
19881026	6.01	12.25	2.03
19881027	4.36	9.42	2.37
19881028	0.0	4.65	2.15
19881029	0.0	2.18	1.59
19881030	0.0	2.36	1.43
19881031	0.0	3.53	1.35
19881101	0.19	4.78	1.26
19881102	0.0	3.62	1.21
19881103	0.01	3.2	1.14
19881104	0.0	2.88	1.1
19881105	0.0	5.19	1.04
19881106	0.02	6.08	1.02
19881107	0.01	6.54	1.01
19881108	6.35	8.18	1.14
19881109	1.04	10.77	1.35
19881110	1.39	8.14	1.17
19881111	0.03	6.61	1.1
19881112	0.47	6.41	0.99
19881113	0.16	6.79	0.93
19881114	0.0	5.75	0.91
19881115	0.0	6.33	0.89
19881116	0.2	6.16	0.85
19881117	8.12	8.82	0.96
19881118	0.01	4.14	1.31
19881119	7.36	1.62	1.03
19881120	0.1	-0.31	1.27
19881121	0.01	-1.89	0.99
19881122	0.0	0.39	0.89
19881123	0.08	1.01	0.86
19881124	0.02	3.38	0.86
19881125	0.0	4.02	0.89
19881126	0.05	1.05	0.9
19881127	3.72	2.79	0.86
19881128	1.95	7.73	1.22
19881129	25.29	6.33	2.69
19881130	5.09	6.6	5.57
19881201	1.94	3.15	3.03
19881202	0.94	1.5	2.43
19881203	4.76	4.01	2.34
19881204	3.45	4.86	2.55
19881205	2.71	4.04	2.27
19881206	0.02	2.65	1.98
19881207	0.49	4.57	1.68
19881208	7.99	7.6	1.65
19881209	3.17	8.43	2.98
19881210	0.07	8.49	2.11
19881211	0.41	7.42	1.75
19881212	0.48	6.54	1.57
19881213	0.33	7.0	1.5
19881214	0.04	6.7	1.35
19881215	0.82	5.34	1.27
19881216	0.28	4.53	1.27
19881217	1.6	5.72	1.15
19881218	13.28	8.04	1.18
19881219	3.24	4.46	3.38
19881220	5.61	6.82	2.0
19881221	6.63	8.1	2.73
19881222	10.25	7.91	3.65
19881223	5.28	6.81	3.9
19881224	2.12	7.34	3.41
19881225	0.36	9.23	2.54
19881226	9.33	8.22	2.95
19881227	0.03	7.7	2.9
19881228	0.01	8.12	2.08
19881229	0.01	6.65	1.78
19881230	0.0	6.41	1.61
19881231	0.0	5.84	1.45
19890101	0.0	5.15	1.33
19890102	0.0	4.19	1.26
19890103	0.53	5.64	1.21
19890104	3.74	4.42	1.21
19890105	8.68	5.99	1.78
19890106	0.36	7.35	1.6
19890107	4.29	8.63	1.38
19890108	0.06	8.44	1.58
19890109	2.96	5.03	1.42
19890110	0.05	3.02	1.4
19890111	4.21	4.83	1.26
19890112	0.89	3.5	1.5
19890113	11.36	6.86	1.64
19890114	0.02	6.86	2.93
19890115	0.01	8.56	1.76
19890116	5.37	5.39	1.62
19890117	0.02	3.49	1.91
19890118	0.0	2.32	1.48
19890119	0.01	2.23	1.33
19890120	3.49	5.06	1.28
19890121	3.25	3.49	1.6
19890122	0.1	5.15	1.38
19890123	0.21	7.96	1.28
19890124	0.0	4.26	1.2
19890125	1.05	3.27	1.13
19890126	0.48	7.38	1.12
19890127	4.82	7.39	1.07
19890128	0.04	3.46	1.32
19890129	0.01	5.01	1.1
19890130	0.01	6.99	1.05
19890131	0.0	4.16	1.01
19890201	0.0	3.88	0.98
19890202	0.57	4.43	0.96
19890203	0.48	7.69	0.96
19890204	9.3	6.54	1.21
19890205	0.41	7.17	1.36
19890206	0.01	10.39	1.07
19890207	0.04	8.11	0.98
19890208	0.01	6.32	0.91
19890209	0.49	6.36	0.9
19890210	0.02	3.67	0.89
19890211	4.77	4.28	0.93
19890212	0.67	4.32	0.95
19890213	7.06	5.93	1.2
19890214	3.01	6.52	1.14
19890215	6.24	4.95	1.75
19890216	0.27	0.86	1.24
19890217	20.63	5.29	1.19
19890218	4.61	9.07	6.41
19890219	0.25	5.07	2.96
19890220	0.47	3.04	2.22
19890221	2.2	4.52	1.95
19890222	0.0	3.14	1.85
19890223	5.37	2.15	1.59
19890224	24.72	1.1	3.88
19890225	0.54	1.2	3.79
19890226	3.17	1.95	2.29
19890227	2.19	3.83	2.98
19890228	15.18	4.13	5.35
19890301	1.99	4.08	6.33
19890302	3.88	4.04	4.32
19890303	0.42	6.57	3.54
19890304	4.43	7.98	3.05
19890305	0.03	10.52	3.18
19890306	3.44	7.76	2.43
19890307	0.03	3.34	1.83
19890308	3.1	6.06	1.61
19890309	4.94	8.83	1.75
19890310	0.28	5.93	2.14
19890311	0.0	6.32	1.7
19890312	8.06	5.49	1.6
19890313	1.65	4.63	2.33
19890314	10.38	5.89	2.57
19890315	0.39	3.17	3.3
19890316	0.47	1.86	2.05
19890317	0.01	1.4	1.71
19890318	10.93	5.46	2.28
19890319	6.03	6.17	3.91
19890320	13.46	3.3	3.77
19890321	5.87	6.22	4.2
19890322	6.94	4.88	5.76
19890323	23.86	5.89	5.61
19890324	0.49	5.1	10.15
19890325	0.88	6.5	4.18
19890326	0.01	10.79	3.13
19890327	3.41	9.99	2.56
19890328	0.23	4.24	2.52
19890329	0.03	7.97	1.98
19890330	2.68	9.63	1.72
19890331	0.01	9.85	1.63
19890401	1.0	7.35	1.49
19890402	14.3	2.0	2.23
19890403	1.59	1.25	1.94
19890404	10.86	1.71	1.7
19890405	6.18	2.5	2.61
19890406	12.48	3.07	4.25
19890407	7.86	4.06	5.64
19890408	0.09	4.79	5.7
19890409	12.58	8.33	3.67
19890410	3.76	6.1	6.55
19890411	4.93	7.4	5.01
19890412	5.05	7.51	3.57
19890413	5.9	5.76	4.31
19890414	0.08	5.03	2.92
19890415	0.0	8.28	2.24
19890416	0.28	7.43	1.93
19890417	0.01	4.38	1.81
19890418	0.0	5.08	1.57
19890419	0.03	6.48	1.38
19890420	0.34	5.05	1.27
19890421	0.08	6.56	1.19
19890422	14.17	4.72	1.29
19890423	2.74	1.71	2.36
19890424	0.09	1.47	1.59
19890425	0.07	2.77	1.28
19890426	2.48	5.85	1.18
19890427	0.42	4.63	1.19
19890428	2.29	7.26	1.09
19890429	2.18	7.59	1.21
19890430	0.17	10.51	1.04
19890501	0.0	11.56	1.01
19890502	0.0	12.29	0.99
19890503	0.01	13.57	0.95
19890504	0.01	13.81	0.91
19890505	0.0	11.06	0.89
19890506	0.0	11.04	0.85
19890507	0.0	12.65	0.83
19890508	0.0	13.01	0.82
19890509	0.0	7.46	0.79
19890510	0.21	9.2	0.77
19890511	8.78	6.62	0.89
19890512	4.46	6.54	1.22
19890513	0.07	8.49	0.94
19890514	0.03	12.18	0.8
19890515	2.05	11.11	0.76
19890516	0.01	9.37	0.75
19890517	1.18	15.95	0.7
19890518	0.05	14.45	0.69
19890519	0.16	15.72	0.64
19890520	0.0	14.79	0.65
19890521	0.13	16.13	0.63
19890522	0.25	15.36	0.6
19890523	3.0	17.18	0.85
19890524	15.78	16.36	1.84
19890525	0.01	9.94	1.02
19890526	0.0	10.38	0.82
19890527	0.0	12.53	0.77
19890528	0.0	13.59	0.72
19890529	0.0	9.71	0.68
19890530	0.49	7.63	0.66
19890531	7.73	7.13	0.93
19890601	0.27	6.71	0.86
19890602	3.1	8.3	0.83
19890603	0.02	7.31	0.68
19890604	0.04	9.89	0.63
19890605	9.4	9.17	0.76
19890606	1.55	9.2	1.31
19890607	5.87	9.59	0.92
19890608	1.38	8.92	1.07
19890609	0.64	12.37	0.74
19890610	0.0	12.83	0.69
19890611	0.61	18.12	0.63
19890612	0.01	19.13	0.62
19890613	8.4	19.27	0.98
19890614	0.0	15.51	0.82
19890615	0.0	17.34	0.63
19890616	0.0	17.98	0.6
19890617	0.0	19.27	0.58
19890618	0.0	18.25	0.55
19890619	0.0	19.42	0.54
19890620	0.0	18.25	0.55
19890621	0.0	14.38	0.53
19890622	0.0	15.11	0.54
19890623	0.01	13.01	0.54
19890624	0.0	13.27	0.53
19890625	0.01	17.18	0.54
19890626	11.46	15.02	0.8
19890627	12.75	10.98	1.88
19890628	12.86	11.21	1.46
19890629	0.02	10.1	0.96
19890630	36.54	12.79	3.43
19890701	2.77	12.27	3.19
19890702	0.0	13.29	1.22
19890703	0.0	15.15	0.92
19890704	0.0	16.1	0.78
19890705	0.0	17.43	0.68
19890706	0.39	20.06	0.67
19890707	10.75	16.4	1.25
19890708	6.2	13.54	0.91
19890709	0.02	14.02	0.91
19890710	0.95	14.36	0.73
19890711	0.11	15.93	0.65
19890712	0.0	14.78	0.6
19890713	0.0	13.08	0.58
19890714	0.0	14.68	0.57
19890715	0.0	16.99	0.56
19890716	0.0	16.51	0.54
19890717	0.0	17.19	0.56
19890718	0.0	17.1	0.57
19890719	0.0	19.48	0.55
19890720	0.0	21.58	0.53
19890721	0.01	22.17	0.53
19890722	0.0	21.24	0.53
19890723	0.0	20.17	0.52
19890724	0.0	20.29	0.51
19890725	2.19	20.63	0.53
19890726	0.08	15.13	0.54
19890727	0.26	16.23	0.47
19890728	0.63	16.13	0.48
19890729	11.95	16.37	0.56
19890730	2.47	12.76	1.11
19890731	3.59	10.63	0.74
19890801	0.01	13.66	0.58
19890802	1.28	15.44	0.51
19890803	0.13	14.16	0.5
19890804	0.0	13.69	0.48
19890805	0.0	18.18	0.46
19890806	0.0	18.64	0.46
19890807	0.01	15.82	0.48
19890808	0.09	18.9	0.47
19890809	6.08	15.5	0.57
19890810	9.91	14.66	0.74
19890811	2.84	15.42	0.95
19890812	0.37	15.09	0.62
19890813	4.74	15.1	0.72
19890814	6.28	16.82	0.69
19890815	2.03	15.69	0.75
19890816	1.75	14.33	0.56
19890817	0.64	14.21	0.5
19890818	0.0	13.94	0.48
19890819	0.0	17.99	0.46
19890820	1.1	16.8	0.43
19890821	0.29	15.3	0.45
19890822	0.47	13.03	0.44
19890823	0.05	15.55	0.43
19890824	3.43	15.03	0.45
19890825	5.47	13.43	0.5
19890826	6.79	12.61	0.91
19890827	0.14	9.89	0.6
19890828	0.45	12.87	0.45
19890829	1.37	16.15	0.45
19890830	10.21	15.43	0.9
19890831	0.06	11.92	0.71
19890901	1.19	11.54	0.5
19890902	0.02	9.96	0.5
19890903	0.0	11.56	0.42
19890904	0.02	12.23	0.42
19890905	0.0	14.68	0.43
19890906	0.0	15.16	0.42
19890907	0.0	15.32	0.4
19890908	0.26	11.44	0.41
19890909	0.0	11.96	0.39
19890910	0.92	13.11	0.37
19890911	1.69	14.26	0.39
19890912	0.19	13.22	0.44
19890913	5.38	12.04	0.57
19890914	0.44	11.12	0.46
19890915	2.52	14.89	0.41
19890916	10.02	11.73	0.51
19890917	0.05	13.79	0.83
19890918	1.06	14.87	0.46
19890919	0.0	14.26	0.41
19890920	0.0	15.78	0.4
19890921	1.94	18.12	0.4
19890922	3.09	12.83	0.51
19890923	0.04	13.32	0.44
19890924	0.01	14.16	0.38
19890925	0.11	14.3	0.39
19890926	0.82	13.52	0.39
19890927	0.02	10.55	0.38
19890928	0.0	10.64	0.37
19890929	0.0	12.02	0.37
19890930	0.0	13.84	0.38
19891001	0.0	10.43	0.36
19891002	0.0	10.02	0.37
19891003	0.0	10.63	0.37
19891004	0.05	11.75	0.37
19891005	3.45	9.7	0.43
19891006	7.79	11.19	0.62
19891007	6.57	8.71	0.7
19891008	0.66	10.24	0.56
19891009	0.01	9.96	0.43
19891010	1.14	11.71	0.39
19891011	0.67	12.82	0.39
19891012	9.75	11.36	0.44
19891013	8.06	9.24	1.03
19891014	1.26	7.61	0.94
19891015	1.54	10.29	0.57
19891016	0.28	12.58	0.5
19891017	0.0	10.36	0.49
19891018	0.0	10.87	0.45
19891019	19.91	11.15	0.97
19891020	6.96	10.94	1.76
19891021	5.86	11.64	1.28
19891022	9.77	9.7	2.15
19891023	0.97	9.62	1.14
19891024	2.63	10.16	0.85
19891025	6.0	11.04	0.95
19891026	4.15	8.53	1.08
19891027	3.39	10.69	1.02
19891028	30.1	10.09	1.77
19891029	11.99	10.82	5.9
19891030	1.49	9.26	3.15
19891031	0.22	9.66	1.9
19891101	3.22	9.58	1.44
19891102	3.22	7.51	1.35
19891103	11.1	7.19	2.07
19891104	21.83	5.62	4.18
19891105	0.04	3.27	4.24
19891106	2.85	4.69	2.1
19891107	2.17	6.74	1.84
19891108	19.17	4.33	3.85
19891109	4.73	6.19	3.24
19891110	13.27	9.21	3.24
19891111	1.71	9.26	4.27
19891112	0.24	8.74	2.48
19891113	0.01	9.32	1.96
19891114	0.02	8.68	1.78
19891115	0.02	6.36	1.66
19891116	0.0	5.3	1.39
19891117	0.61	5.22	1.15
19891118	0.05	6.75	1.04
19891119	0.02	7.36	0.96
19891120	0.09	8.74	0.9
19891121	0.02	6.08	0.81
19891122	0.13	2.55	0.75
19891123	0.0	0.9	0.75
19891124	0.0	1.91	0.76
19891125	0.0	1.44	0.73
19891126	0.0	1.11	0.69
19891127	0.01	1.9	0.69
19891128	0.01	3.0	0.65
19891129	0.0	2.57	0.64
19891130	0.08	3.11	0.61
19891201	0.0	1.96	0.61
19891202	0.0	-0.25	0.58
19891203	0.0	0.53	0.57
19891204	0.19	2.77	0.58
19891205	0.43	5.83	0.57
19891206	0.04	4.46	0.56
19891207	0.01	4.06	0.55
19891208	0.0	2.07	0.55
19891209	0.05	2.96	0.54
19891210	0.0	1.98	0.53
19891211	4.22	1.69	0.57
19891212	2.24	1.63	0.76
19891213	12.65	1.64	0.97
19891214	21.67	2.12	3.17
19891215	5.2	3.42	2.11
19891216	4.43	6.92	2.98
19891217	3.2	5.76	2.88
19891218	8.0	1.6	2.16
19891219	3.63	2.95	2.28
19891220	13.68	8.07	3.5
19891221	17.61	6.23	8.19
19891222	0.39	4.02	5.68
19891223	3.43	6.98	3.96
19891224	7.01	7.97	4.26
19891225	0.12	5.21	3.43
19891226	0.08	2.98	2.49
19891227	0.0	3.24	1.81
19891228	0.01	3.43	1.51
19891229	0.0	1.99	1.3
19891230	0.01	1.17	1.18
19891231	0.12	1.77	1.1
19900101	8.61	2.14	1.47
19900102	5.44	4.98	1.87
19900103	0.07	3.83	1.8
19900104	0.01	5.39	1.29
19900105	2.09	7.63	1.12
19900106	5.49	4.56	1.73
19900107	6.66	4.17	1.66
19900108	0.64	5.42	1.71
19900109	0.14	7.08	1.37
19900110	7.74	9.16	1.33
19900111	0.09	8.44	2.0
19900112	3.75	4.39	1.77
19900113	2.82	3.45	1.59
19900114	7.49	7.4	1.72
19900115	3.17	10.78	2.67
19900116	7.68	7.14	2.72
19900117	0.12	3.6	2.61
19900118	1.36	5.09	1.84
19900119	2.73	5.33	2.08
19900120	2.39	6.92	2.03
19900121	4.27	8.76	2.09
19900122	11.35	6.78	2.32
19900123	4.59	3.23	4.04
19900124	9.59	4.94	3.16
19900125	13.08	5.16	7.98
19900126	0.13	2.45	4.21
19900127	31.8	2.02	7.18
19900128	4.47	3.02	7.99
19900129	2.21	6.32	6.57
19900130	5.41	5.6	4.57
19900131	1.21	4.35	3.75
19900201	2.41	4.17	3.13
19900202	1.42	4.05	2.55
19900203	0.16	4.9	2.0
19900204	0.04	9.02	1.76
19900205	0.0	9.75	1.56
19900206	11.34	8.17	1.5
19900207	22.58	7.79	7.11
19900208	0.46	4.9	5.06
19900209	1.78	7.09	3.09
19900210	3.29	4.67	2.78
19900211	5.75	3.24	2.69
19900212	3.75	2.36	2.65
19900213	6.1	4.45	3.2
19900214	9.51	2.98	3.5
19900215	1.98	1.17	3.87
19900216	1.28	4.27	2.8
19900217	4.39	6.69	3.79
19900218	0.1	7.28	2.91
19900219	2.73	10.73	2.47
19900220	4.54	7.58	2.19
19900221	0.02	6.71	2.22
19900222	0.0	9.85	1.78
19900223	0.18	12.21	1.57
19900224	3.1	7.6	1.61
19900225	6.81	6.83	1.78
19900226	7.64	3.14	2.22
19900227	3.92	2.82	2.3
19900228	10.36	2.77	3.31
19900301	3.84	0.39	3.01
19900302	1.37	2.76	2.21
19900303	2.31	5.3	2.31
19900304	3.1	7.11	2.97
19900305	1.71	7.14	2.45
19900306	1.07	8.54	2.16
19900307	0.02	8.11	1.98
19900308	0.85	6.33	1.78
19900309	3.54	7.39	1.61
19900310	0.04	9.65	1.6
19900311	0.01	7.88	1.42
19900312	2.39	7.73	1.28
19900313	2.72	7.15	1.42
19900314	0.01	8.48	1.21
19900315	0.0	9.44	1.11
19900316	0.0	10.63	1.07
19900317	0.01	13.29	1.03
19900318	0.58	12.91	0.99
19900319	0.22	6.27	0.91
19900320	0.32	8.94	0.8
19900321	0.36	8.28	0.82
19900322	0.02	7.1	0.78
19900323	11.45	7.52	0.76
19900324	4.04	4.31	1.62
19900325	0.01	3.37	1.11
19900326	0.01	3.76	0.88
19900327	0.48	5.24	0.81
19900328	0.05	4.9	0.76
19900329	0.41	6.51	0.73
19900330	0.0	9.53	0.71
19900331	0.0	10.1	0.71
19900401	1.29	12.09	0.68
19900402	3.09	6.07	0.73
19900403	2.56	1.55	0.79
19900404	0.01	1.68	0.67
19900405	0.8	3.65	0.61
19900406	0.0	5.58	0.63
19900407	0.0	3.67	0.61
19900408	0.0	3.44	0.59
19900409	1.97	7.04	0.61
19900410	1.7	7.91	0.66
19900411	0.51	8.76	0.61
19900412	0.51	7.58	0.61
19900413	0.43	4.89	0.58
19900414	7.67	5.29	0.69
19900415	2.95	5.24	0.8
19900416	4.77	4.45	0.76
19900417	8.25	4.52	1.15
19900418	5.28	5.84	1.11
19900419	12.7	5.48	1.51
19900420	2.17	7.26	1.97
19900421	0.06	9.0	1.23
19900422	0.0	9.43	1.0
19900423	0.0	9.39	0.88
19900424	0.0	10.82	0.81
19900425	1.68	12.55	0.76
19900426	8.73	6.19	1.3
19900427	0.0	5.34	0.99
19900428	0.0	11.56	0.79
19900429	0.01	12.45	0.73
19900430	0.01	15.62	0.73
19900501	0.0	14.26	0.68
19900502	0.0	15.66	0.65
19900503	0.0	17.17	0.65
19900504	0.0	16.64	0.63
19900505	0.0	14.29	0.59
19900506	0.11	9.84	0.57
19900507	5.33	9.52	0.68
19900508	4.02	9.09	0.92
19900509	5.67	8.23	1.04
19900510	1.33	9.71	0.84
19900511	0.03	8.83	0.67
19900512	0.0	9.25	0.61
19900513	0.0	9.79	0.58
19900514	4.41	13.61	0.66
19900515	9.89	13.06	1.26
19900516	0.19	12.86	0.78
19900517	0.0	11.14	0.61
19900518	0.0	8.58	0.57
19900519	0.0	8.92	0.55
19900520	0.0	8.54	0.53
19900521	0.0	9.59	0.54
19900522	0.0	12.41	0.52
19900523	0.0	10.53	0.51
19900524	0.0	9.48	0.51
19900525	0.0	9.41	0.51
19900526	0.0	11.86	0.48
19900527	0.07	12.48	0.47
19900528	0.09	15.47	0.45
19900529	3.52	13.88	0.47
19900530	0.7	12.63	0.58
19900531	0.0	16.89	0.49
19900601	4.66	13.31	0.47
19900602	5.33	11.72	0.81
19900603	12.01	10.8	0.99
19900604	1.32	11.02	0.93
19900605	2.83	9.94	0.71
19900606	2.74	9.59	0.65
19900607	8.36	10.81	0.62
19900608	7.83	9.23	1.59
19900609	3.52	11.51	1.04
19900610	1.2	11.57	0.77
19900611	0.02	9.89	0.65
19900612	0.0	9.86	0.58
19900613	0.0	11.3	0.56
19900614	0.0	12.28	0.54
19900615	0.0	14.77	0.53
19900616	0.0	15.97	0.5
19900617	0.71	15.76	0.49
19900618	7.92	12.32	0.86
19900619	0.74	12.25	0.78
19900620	5.3	13.05	0.71
19900621	19.05	12.62	1.35
19900622	3.7	12.68	1.61
19900623	3.37	12.66	1.16
19900624	5.73	13.32	0.92
19900625	0.24	14.94	0.9
19900626	0.26	17.81	0.77
19900627	4.42	14.86	0.93
19900628	0.02	12.19	0.91
19900629	1.24	15.72	0.67
19900630	9.58	14.74	1.23
19900701	4.09	10.61	0.89
19900702	0.17	10.66	0.79
19900703	2.37	12.01	0.65
19900704	11.5	11.66	1.27
19900705	1.75	11.75	1.05
19900706	8.4	12.95	0.89
19900707	1.97	16.09	1.48
19900708	0.02	13.83	0.95
19900709	4.69	12.49	0.81
19900710	0.0	13.22	0.9
19900711	0.0	16.42	0.73
19900712	0.0	16.77	0.66
19900713	0.0	16.76	0.63
19900714	0.0	16.05	0.61
19900715	1.05	18.72	0.6
19900716	0.0	15.91	0.58
19900717	0.0	17.18	0.54
19900718	0.0	19.86	0.52
19900719	0.0	20.42	0.51
19900720	0.0	19.6	0.51
19900721	0.0	16.46	0.48
19900722	0.0	14.28	0.46
19900723	0.0	13.4	0.45
19900724	0.0	15.48	0.45
19900725	0.0	17.45	0.45
19900726	0.0	15.29	0.42
19900727	2.28	16.21	0.48
19900728	0.04	16.32	0.48
19900729	5.26	18.75	0.46
19900730	0.0	16.03	0.59
19900731	0.0	17.24	0.45
19900801	0.0	21.69	0.44
19900802	0.0	25.24	0.41
19900803	0.0	24.03	0.42
19900804	0.08	16.66	0.41
19900805	0.05	13.93	0.4
19900806	1.95	13.6	0.41
19900807	0.01	14.59	0.49
19900808	0.0	16.22	0.45
19900809	0.09	17.4	0.45
19900810	0.0	17.65	0.45
19900811	0.09	17.07	0.42
19900812	1.66	16.05	0.5
19900813	2.62	16.11	0.49
19900814	5.07	14.58	0.48
19900815	8.81	14.23	0.62
19900816	14.97	11.82	1.55
19900817	2.77	11.81	1.0
19900818	12.61	15.05	0.63
19900819	22.75	14.7	3.46
19900820	4.79	12.44	1.76
19900821	0.16	15.17	0.99
19900822	0.04	17.61	0.74
19900823	0.24	21.5	0.63
19900824	0.25	20.77	0.58
19900825	0.0	17.24	0.54
19900826	0.01	18.65	0.52
19900827	0.36	18.05	0.51
19900828	0.88	18.71	0.51
19900829	5.42	15.4	0.71
19900830	0.01	13.37	0.57
19900831	0.13	14.9	0.5
19900901	0.01	15.63	0.48
19900902	0.31	16.62	0.46
19900903	2.45	12.86	0.54
19900904	0.13	11.28	0.49
19900905	4.82	12.5	0.53
19900906	6.2	11.32	0.7
19900907	0.01	11.74	0.71
19900908	0.0	12.13	0.51
19900909	0.0	14.1	0.48
19900910	0.0	12.89	0.47
19900911	0.0	13.24	0.44
19900912	0.0	13.89	0.44
19900913	0.0	13.92	0.44
19900914	0.0	12.28	0.44
19900915	0.0	9.96	0.43
19900916	1.81	12.66	0.43
19900917	1.45	11.17	0.49
19900918	16.05	12.07	0.69
19900919	1.28	9.45	1.29
19900920	12.72	8.52	0.89
19900921	1.33	8.34	1.15
19900922	9.92	9.3	1.39
19900923	4.54	8.64	1.35
19900924	8.18	8.14	1.51
19900925	0.02	8.54	1.1
19900926	0.0	8.82	0.74
19900927	0.28	10.42	0.63
19900928	0.0	12.5	0.6
19900929	7.69	11.88	0.59
19900930	1.06	9.98	0.99
19901001	0.01	11.17	0.69
19901002	12.9	12.8	0.8
19901003	6.84	9.06	1.76
19901004	8.02	11.59	1.51
19901005	4.64	15.02	2.03
19901006	7.22	9.66	1.66
19901007	0.09	6.02	1.3
19901008	0.03	8.9	1.0
19901009	6.32	11.83	0.97
19901010	9.02	12.7	1.66
19901011	0.2	11.47	1.74
19901012	0.01	15.66	1.11
19901013	0.01	15.71	0.92
19901014	0.01	14.05	0.83
19901015	4.49	13.43	0.95
19901016	0.18	11.17	0.9
19901017	19.73	12.68	1.58
19901018	9.3	11.09	2.64
19901019	1.38	11.78	1.89
19901020	0.02	11.87	1.26
19901021	0.02	9.38	1.07
19901022	0.0	6.71	0.97
19901023	0.01	9.36	0.89
19901024	6.43	9.82	1.19
19901025	11.66	10.41	1.16
19901026	0.1	7.68	2.11
19901027	13.94	7.74	1.37
19901028	16.38	5.16	5.8
19901029	2.93	5.76	3.19
19901030	5.91	7.74	2.32
19901031	18.65	7.07	4.44
19901101	3.08	5.55	5.38
19901102	1.4	3.56	3.16
19901103	0.06	4.47	2.27
19901104	0.13	4.57	1.83
19901105	0.05	5.56	1.57
19901106	0.08	5.87	1.36
19901107	0.01	5.16	1.22
19901108	0.02	5.11	1.13
19901109	0.84	7.14	1.05
19901110	4.95	9.34	1.05
19901111	8.27	9.59	1.29
19901112	0.7	11.93	2.06
19901113	5.56	10.62	1.56
19901114	5.1	8.95	1.82
19901115	3.64	10.03	1.83
19901116	15.35	9.79	2.03
19901117	5.94	7.23	4.83
19901118	5.76	5.19	3.41
19901119	16.81	3.76	5.56
19901120	0.8	2.31	4.91
19901121	0.03	2.07	3.42
19901122	0.0	1.87	2.37
19901123	2.44	2.2	1.92
19901124	4.67	2.78	2.1
19901125	0.99	4.31	1.94
19901126	1.76	4.35	1.77
19901127	0.1	4.05	1.62
19901128	0.0	2.79	1.43
19901129	0.02	2.99	1.23
19901130	0.0	4.53	1.16
19901201	0.0	3.99	1.08
19901202	0.24	5.03	1.04
19901203	0.26	4.8	1.02
19901204	0.01	2.75	0.96
19901205	0.07	2.59	0.9
19901206	0.25	3.77	0.87
19901207	11.76	2.28	1.1
19901208	14.67	0.72	2.28
19901209	4.29	2.11	2.38
19901210	0.84	2.12	2.97
19901211	7.28	4.31	4.18
19901212	0.02	2.0	4.75
19901213	0.01	0.72	2.54
19901214	0.01	0.33	1.91
19901215	0.82	1.15	1.59
19901216	0.1	1.79	1.67
19901217	0.25	0.99	1.56
19901218	0.67	0.13	1.34
19901219	5.59	2.07	1.25
19901220	12.45	5.75	5.82
19901221	1.39	7.37	3.83
19901222	0.52	8.46	3.41
19901223	2.76	6.23	2.51
19901224	5.78	4.15	2.09
19901225	18.43	4.3	5.66
19901226	16.72	5.62	10.16
19901227	3.83	2.33	5.92
19901228	21.24	4.8	10.99
19901229	0.86	2.56	6.84
19901230	1.01	2.82	3.81
19901231	1.89	2.65	2.99
19910101	11.06	6.22	3.53
19910102	4.26	4.58	4.96
19910103	2.69	2.91	3.2
19910104	4.32	3.68	2.52
19910105	9.38	3.64	2.95
19910106	3.58	2.09	4.24
19910107	1.74	1.97	3.01
19910108	8.97	3.24	3.33
19910109	10.41	4.85	4.22
19910110	1.34	3.19	5.02
19910111	0.3	2.67	2.94
19910112	0.08	-0.66	2.3
19910113	0.02	-0.28	1.86
19910114	0.03	-0.3	1.69
19910115	0.0	-0.47	1.54
19910116	0.61	1.62	1.3
19910117	0.23	3.85	1.31
19910118	8.05	3.22	1.61
19910119	0.11	3.77	1.82
19910120	0.58	5.47	1.47
19910121	0.02	2.05	1.34
19910122	0.02	1.12	1.19
19910123	0.65	1.15	1.11
19910124	0.12	0.59	1.12
19910125	0.0	-0.44	1.05
19910126	0.0	-0.61	0.99
19910127	0.0	-0.46	0.95
19910128	0.01	0.71	0.93
19910129	0.0	-1.14	0.92
19910130	0.02	-0.38	0.88
19910131	0.61	-0.26	0.85
19910201	0.28	-0.66	0.85
19910202	0.01	-0.54	0.84
19910203	0.04	-1.31	0.82
19910204	0.01	-1.7	0.8
19910205	0.07	-1.03	0.76
19910206	1.24	-3.49	0.76
19910207	6.2	-3.29	0.75
19910208	4.17	-4.09	0.82
19910209	1.29	-4.15	0.77
19910210	0.11	-1.94	0.83
19910211	0.62	-1.85	0.87
19910212	1.4	-0.5	0.9
19910213	0.05	-1.67	0.88
19910214	6.09	1.17	0.89
19910215	0.46	2.09	2.09
19910216	0.03	1.16	1.55
19910217	0.11	2.17	1.28
19910218	0.0	0.79	1.14
19910219	0.1	1.53	0.99
19910220	0.36	4.96	1.11
19910221	9.93	2.93	2.21
19910222	17.64	5.89	3.43
19910223	3.02	9.88	6.53
19910224	0.23	5.68	3.39
19910225	0.05	6.72	2.3
19910226	0.77	5.34	1.89
19910227	6.47	4.07	1.77
19910228	0.03	3.3	2.04
19910301	0.03	2.71	1.57
19910302	2.67	3.32	1.43
19910303	0.91	3.83	1.42
19910304	5.9	5.94	1.63
19910305	2.4	7.79	1.64
19910306	1.5	7.69	1.56
19910307	5.92	6.69	1.83
19910308	1.99	9.14	1.72
19910309	0.4	7.82	1.5
19910310	1.86	8.71	1.37
19910311	0.06	8.7	1.36
19910312	0.64	10.45	1.23
19910313	0.94	12.7	1.15
19910314	0.39	8.27	1.15
19910315	1.61	8.18	1.14
19910316	5.4	8.9	1.27
19910317	2.13	7.3	1.46
19910318	11.54	8.87	2.11
19910319	8.46	9.59	3.02
19910320	6.24	8.09	3.5
19910321	0.2	5.53	2.58
19910322	1.22	3.72	2.03
19910323	0.01	4.85	1.84
19910324	0.08	5.32	1.79
19910325	0.0	4.75	1.65
19910326	0.0	4.37	1.57
19910327	0.0	6.25	1.04
19910328	0.0	5.33	0.98
19910329	0.01	4.76	0.9
19910330	0.79	7.22	0.85
19910331	0.28	8.0	0.88
19910401	4.35	9.24	0.9
19910402	13.93	6.03	2.41
19910403	1.31	6.46	1.7
19910404	4.94	6.4	1.42
19910405	2.64	5.35	1.39
19910406	3.26	6.33	1.49
19910407	0.2	6.65	1.36
19910408	0.05	8.12	1.15
19910409	0.0	9.91	1.06
19910410	0.0	11.01	1.02
19910411	0.01	11.94	0.94
19910412	0.44	12.16	0.88
19910413	0.0	6.64	0.88
19910414	0.02	6.57	0.81
19910415	0.0	7.77	0.77
19910416	0.0	4.96	0.71
19910417	1.06	3.34	0.67
19910418	4.04	5.06	0.84
19910419	1.36	2.55	0.75
19910420	0.56	2.97	0.69
19910421	1.99	4.9	0.77
19910422	0.01	5.18	0.69
19910423	0.01	7.85	0.64
19910424	0.0	7.78	0.64
19910425	0.0	6.98	0.63
19910426	0.0	7.38	0.77
19910427	0.0	6.47	0.72
19910428	1.19	8.32	0.7
19910429	18.88	5.47	0.71
19910430	1.05	5.07	1.16
19910501	0.23	5.64	1.14
19910502	0.03	6.47	0.76
19910503	4.28	7.56	0.71
19910504	0.16	5.7	0.81
19910505	0.01	5.83	0.66
19910506	4.63	7.82	0.59
19910507	0.23	6.17	0.77
19910508	0.0	7.26	0.61
19910509	0.0	8.98	0.57
19910510	0.04	8.78	0.58
19910511	0.0	8.33	0.56
19910512	0.51	14.19	0.55
19910513	2.57	9.73	0.57
19910514	0.05	9.23	0.58
19910515	2.29	9.7	0.58
19910516	1.22	8.94	0.61
19910517	0.95	9.41	0.57
19910518	0.83	11.71	0.57
19910519	0.24	12.71	0.54
19910520	0.0	14.25	0.53
19910521	0.0	13.2	0.54
19910522	0.0	13.22	0.51
19910523	0.74	13.66	0.51
19910524	0.05	13.34	0.53
19910525	0.0	12.16	0.49
19910526	0.0	12.86	0.49
19910527	0.0	12.14	0.47
19910528	0.0	9.22	0.47
19910529	0.02	10.59	0.47
19910530	0.0	9.27	0.47
19910531	0.0	8.34	0.47
19910601	0.04	7.59	0.47
19910602	4.14	6.34	0.54
19910603	0.4	6.18	0.51
19910604	0.37	7.06	0.49
19910605	2.99	10.97	0.51
19910606	2.56	10.62	0.58
19910607	0.15	6.92	0.52
19910608	4.44	11.38	0.51
19910609	9.54	12.24	0.9
19910610	0.67	9.25	0.74
19910611	1.28	11.41	0.58
19910612	7.91	11.4	0.55
19910613	3.84	11.06	1.15
19910614	3.92	9.91	0.66
19910615	9.0	8.86	1.41
19910616	3.03	10.53	1.43
19910617	2.7	9.49	0.8
19910618	13.06	9.0	1.22
19910619	5.77	9.47	1.96
19910620	1.2	12.1	1.24
19910621	4.09	13.1	1.31
19910622	5.36	12.67	1.26
19910623	0.36	12.58	1.19
19910624	8.66	14.86	0.91
19910625	3.36	13.44	1.6
19910626	3.77	12.45	1.62
19910627	10.29	12.59	2.37
19910628	0.2	12.45	2.15
19910629	3.42	15.34	1.33
19910630	0.12	15.71	1.15
19910701	3.84	14.97	1.03
19910702	1.56	15.67	0.99
19910703	0.1	16.08	0.83
19910704	0.02	18.35	0.77
19910705	4.22	19.0	0.7
19910706	6.47	18.05	1.92
19910707	6.73	19.49	1.27
19910708	7.3	15.21	1.18
19910709	0.06	15.26	1.12
19910710	0.0	18.99	0.78
19910711	3.53	18.04	0.78
19910712	0.11	14.96	0.76
19910713	0.24	15.7	0.68
19910714	1.8	15.93	0.62
19910715	4.22	13.89	0.68
19910716	0.03	14.01	0.72
19910717	8.72	14.19	0.66
19910718	6.57	15.78	1.32
19910719	1.37	14.7	1.13
19910720	0.02	14.61	0.78
19910721	0.04	15.73	0.64
19910722	0.32	18.36	0.62
19910723	2.83	15.33	0.61
19910724	11.13	14.8	0.66
19910725	0.05	16.0	1.19
19910726	0.0	16.29	0.68
19910727	0.0	17.66	0.6
19910728	0.0	18.37	0.56
19910729	0.0	21.05	0.55
19910730	0.44	18.53	0.56
19910731	0.31	16.5	0.55
19910801	0.01	17.88	0.53
19910802	0.14	16.66	0.51
19910803	1.08	16.58	0.52
19910804	0.2	17.54	0.53
19910805	3.72	16.6	0.52
19910806	3.93	16.46	0.7
19910807	0.37	14.51	0.72
19910808	1.56	14.94	0.61
19910809	10.81	16.67	0.85
19910810	12.2	17.24	1.41
19910811	0.01	14.37	1.33
19910812	0.0	12.64	0.71
19910813	0.0	14.93	0.61
19910814	0.0	15.95	0.55
19910815	0.03	16.29	0.54
19910816	5.95	16.05	0.6
19910817	0.22	12.42	0.74
19910818	0.04	12.39	0.53
19910819	4.73	13.33	0.64
19910820	0.01	16.57	0.64
19910821	0.15	19.3	0.53
19910822	4.26	16.45	0.67
19910823	4.24	13.68	0.73
19910824	0.04	14.07	0.63
19910825	0.07	16.7	0.52
19910826	0.01	16.24	0.5
19910827	0.06	17.7	0.5
19910828	0.0	15.73	0.5
19910829	0.0	16.7	0.48
19910830	0.0	17.17	0.46
19910831	0.0	17.76	0.45
19910901	0.0	17.62	0.44
19910902	0.0	17.53	0.45
19910903	0.0	16.74	0.44
19910904	0.0	16.03	0.44
19910905	0.0	16.72	0.44
19910906	0.0	12.53	0.43
19910907	0.0	14.3	0.42
19910908	0.0	15.1	0.41
19910909	0.0	16.83	0.42
19910910	0.17	15.76	0.42
19910911	0.0	10.84	0.42
19910912	0.0	13.71	0.42
19910913	0.11	17.31	0.42
19910914	4.63	14.99	0.48
19910915	5.45	14.25	0.53
19910916	1.42	16.31	0.67
19910917	1.16	15.29	0.51
19910918	0.09	11.7	0.45
19910919	0.02	10.45	0.43
19910920	0.03	11.83	0.42
19910921	9.77	14.69	0.52
19910922	1.98	11.82	0.73
19910923	8.5	13.63	0.62
19910924	1.21	11.39	0.91
19910925	9.09	11.57	0.54
19910926	7.56	9.54	1.43
19910927	4.02	8.1	1.34
19910928	5.26	9.71	0.86
19910929	1.87	5.93	0.74
19910930	1.43	9.62	0.58
19911001	4.44	10.55	0.57
19911002	5.5	12.11	0.59
19911003	0.41	10.23	0.92
19911004	5.31	10.54	0.6
19911005	0.53	7.32	0.87
19911006	0.06	10.21	0.59
19911007	7.16	10.54	0.61
19911008	0.42	11.11	0.86
19911009	0.73	12.53	0.61
19911010	0.04	12.67	0.54
19911011	0.1	15.09	0.52
19911012	0.0	12.65	0.5
19911013	0.69	12.68	0.48
19911014	0.61	10.56	0.52
19911015	5.2	9.71	0.54
19911016	4.86	9.09	0.75
19911017	16.73	6.5	2.07
19911018	0.03	4.64	1.32
19911019	0.0	4.12	0.71
19911020	0.02	5.2	0.6
19911021	0.02	7.17	0.58
19911022	0.0	8.02	0.58
19911023	0.0	7.27	0.57
19911024	0.23	7.59	0.5
19911025	0.61	7.88	0.49
19911026	0.08	7.57	0.5
19911027	0.02	7.5	0.49
19911028	0.25	9.13	0.49
19911029	13.18	9.93	0.81
19911030	1.09	7.88	1.34
19911031	13.07	9.71	1.9
19911101	4.7	9.88	1.51
19911102	11.29	7.51	1.4
19911103	8.35	3.48	2.88
19911104	10.24	3.65	3.46
19911105	0.53	2.6	1.98
19911106	15.91	7.31	1.98
19911107	7.12	8.62	3.82
19911108	5.04	4.96	2.93
19911109	0.59	3.34	2.43
19911110	17.26	5.6	3.03
19911111	0.13	4.02	3.5
19911112	5.82	4.04	2.51
19911113	1.24	2.47	2.04
19911114	2.35	4.0	1.74
19911115	0.02	4.02	1.57
19911116	0.01	2.63	1.3
19911117	9.41	3.63	1.26
19911118	9.57	6.06	1.97
19911119	0.68	3.35	2.61
19911120	0.01	1.96	1.69
19911121	4.46	5.05	1.7
19911122	0.02	7.26	1.65
19911123	0.01	6.57	1.37
19911124	0.42	5.79	1.25
19911125	0.04	6.94	1.16
19911126	0.01	7.82	1.06
19911127	3.55	8.36	0.99
19911128	3.85	8.85	1.65
19911129	0.02	6.73	1.23
19911130	0.12	5.19	1.07
19911201	0.22	6.25	1.0
19911202	0.09	5.87	0.94
19911203	0.02	4.96	0.87
19911204	0.0	4.19	0.83
19911205	0.0	3.77	0.8
19911206	0.0	1.97	0.77
19911207	0.0	0.93	0.74
19911208	0.0	0.95	0.71
19911209	0.0	0.24	0.69
19911210	0.0	-1.88	0.68
19911211	0.0	-3.75	0.65
19911212	0.51	0.32	0.66
19911213	0.01	2.68	0.68
19911214	0.0	2.2	0.66
19911215	0.19	3.21	0.64
19911216	0.26	5.34	0.65
19911217	14.18	6.0	1.37
19911218	17.54	7.34	1.85
19911219	11.01	5.72	4.24
19911220	28.99	4.96	3.56
19911221	44.26	10.39	22.5
19911222	2.02	11.08	16.92
19911223	3.56	7.2	6.82
19911224	0.02	2.96	3.89
19911225	3.9	5.34	2.9
19911226	0.12	5.51	2.72
19911227	0.2	4.49	2.1
19911228	0.05	5.21	1.79
19911229	0.6	6.35	1.59
19911230	0.0	5.28	1.46
19911231	0.05	6.55	1.37
19920101	0.04	8.21	1.27
19920102	0.03	8.75	1.19
19920103	13.97	7.03	2.28
19920104	12.74	5.36	2.45
19920105	30.3	8.37	14.8
19920106	0.02	7.32	7.99
19920107	0.96	7.86	3.85
19920108	9.21	6.32	3.3
19920109	0.58	1.77	3.73
19920110	0.02	0.56	2.3
19920111	0.22	1.95	1.92
19920112	0.3	3.39	1.76
19920113	0.02	3.96	1.59
19920114	0.0	2.83	1.45
19920115	0.04	2.34	1.33
19920116	0.1	3.14	1.25
19920117	0.02	3.47	1.17
19920118	0.02	5.14	1.13
19920119	1.05	5.57	1.1
19920120	0.0	1.02	1.07
19920121	0.0	-2.42	0.96
19920122	0.0	-2.32	0.91
19920123	0.01	-3.06	0.86
19920124	0.0	-1.13	0.84
19920125	2.13	1.27	0.91
19920126	0.04	0.5	0.83
19920127	0.0	-0.68	0.79
19920128	0.02	-0.4	0.76
19920129	0.01	-0.04	0.75
19920130	0.0	-0.92	0.73
19920131	0.02	-0.65	0.69
19920201	0.2	2.29	0.69
19920202	3.61	5.21	0.74
19920203	16.64	5.82	1.32
19920204	2.82	7.47	3.51
19920205	0.03	7.52	1.82
19920206	0.0	6.66	1.39
19920207	0.0	4.66	1.24
19920208	1.74	4.82	1.17
19920209	3.2	4.34	1.29
19920210	0.22	3.67	1.23
19920211	0.06	5.85	1.08
19920212	3.15	6.69	1.16
19920213	3.21	4.66	1.2
19920214	4.76	6.31	1.27
19920215	1.41	3.84	1.3
19920216	0.06	0.92	1.16
19920217	5.75	1.73	1.08
19920218	1.66	1.04	1.51
19920219	0.16	2.47	1.23
19920220	0.11	3.32	1.16
19920221	0.06	5.58	1.12
19920222	5.83	7.04	1.13
19920223	0.4	7.65	1.44
19920224	0.01	5.08	1.11
19920225	0.01	5.1	1.0
19920226	0.04	8.26	0.93
19920227	5.28	5.69	1.07
19920228	0.0	4.08	1.06
19920229	7.06	5.58	0.93
19920301	6.24	5.11	1.97
19920302	6.19	6.44	1.68
19920303	0.26	8.81	2.04
19920304	0.0	8.3	1.43
19920305	1.83	6.66	1.28
19920306	0.27	8.33	1.21
19920307	1.5	7.11	1.16
19920308	0.31	3.86	1.08
19920309	1.25	6.31	0.99
19920310	8.03	4.76	1.46
19920311	11.38	6.59	1.6
19920312	13.47	6.43	3.39
19920313	4.37	3.6	4.5
19920314	12.38	4.02	3.22
19920315	2.14	5.29	5.39
19920316	0.36	7.97	3.23
19920317	0.97	8.45	2.47
19920318	4.4	6.51	2.38
19920319	2.85	9.29	2.11
19920320	5.66	8.04	2.3
19920321	11.54	6.01	2.68
19920322	5.01	4.94	4.36
19920323	1.58	5.08	3.21
19920324	0.58	5.66	2.41
19920325	4.73	4.72	2.32
19920326	0.41	3.85	2.19
19920327	1.02	4.02	1.71
19920328	0.09	6.11	1.59
19920329	6.58	4.25	1.73
19920330	7.47	4.63	2.2
19920331	0.65	4.62	2.42
19920401	0.23	5.04	1.83
19920402	1.52	2.64	1.61
19920403	0.28	2.75	1.42
19920404	0.01	4.43	1.32
19920405	3.78	5.82	1.23
19920406	1.95	6.7	1.41
19920407	3.93	6.61	1.46
19920408	0.02	8.26	1.31
19920409	0.0	11.65	1.1
19920410	0.0	10.9	1.03
19920411	1.89	11.61	0.99
19920412	11.26	5.93	1.14
19920413	7.28	6.49	1.87
19920414	10.07	4.27	2.64
19920415	0.38	3.76	2.53
19920416	3.34	6.07	1.74
19920417	5.7	9.73	2.03
19920418	6.36	8.77	3.18
19920419	0.06	9.03	2.68
19920420	0.13	11.14	1.84
19920421	0.02	8.37	1.57
19920422	1.3	9.29	1.42
19920423	0.04	10.25	1.33
19920424	2.83	7.91	1.26
19920425	3.28	10.15	1.23
19920426	4.26	9.35	1.3
19920427	1.43	8.14	1.17
19920428	0.54	7.22	1.07
19920429	3.31	7.19	0.99
19920430	14.14	9.63	2.2
19920501	1.05	6.6	2.02
19920502	1.52	7.55	1.28
19920503	0.01	9.93	1.16
19920504	0.83	10.2	1.04
19920505	0.23	9.97	1.02
19920506	1.23	11.83	1.01
19920507	1.04	9.85	0.99
19920508	4.22	6.58	1.0
19920509	6.24	5.13	1.32
19920510	0.98	7.07	1.11
19920511	10.28	9.58	1.14
19920512	0.04	13.2	1.68
19920513	0.0	16.16	1.14
19920514	0.0	16.34	1.01
19920515	0.0	11.54	0.87
19920516	0.0	10.62	0.81
19920517	0.0	11.26	0.77
19920518	0.0	13.01	0.78
19920519	0.0	16.82	0.74
19920520	0.0	16.35	0.69
19920521	0.0	13.94	0.66
19920522	0.0	14.82	0.65
19920523	0.06	14.5	0.63
19920524	0.01	16.56	0.61
19920525	0.0	17.58	0.58
19920526	0.0	15.5	0.57
19920527	0.06	15.56	0.56
19920528	7.31	16.08	0.58
19920529	1.63	14.39	0.8
19920530	8.83	13.64	1.01
19920531	4.61	15.2	0.85
19920601	7.23	14.82	1.56
19920602	0.03	15.02	1.13
19920603	5.94	13.93	1.38
19920604	11.78	9.75	1.43
19920605	2.45	11.58	1.32
19920606	0.02	14.55	0.94
19920607	0.16	15.55	0.75
19920608	1.7	14.44	0.81
19920609	3.29	15.73	0.96
19920610	0.01	14.24	0.76
19920611	0.01	14.59	0.64
19920612	0.0	15.62	0.57
19920613	0.0	18.48	0.53
19920614	0.0	17.7	0.53
19920615	0.0	13.57	0.53
19920616	0.0	11.15	0.55
19920617	0.0	14.26	0.54
19920618	0.01	12.0	0.53
19920619	0.0	11.86	0.53
19920620	0.0	15.09	0.52
19920621	0.0	15.88	0.52
19920622	0.01	13.78	0.53
19920623	0.0	13.79	0.54
19920624	0.0	13.1	0.53
19920625	0.0	15.87	0.51
19920626	0.0	17.26	0.5
19920627	0.0	18.42	0.51
19920628	0.0	19.11	0.49
19920629	0.0	20.71	0.5
19920630	3.58	16.25	0.57
19920701	1.54	11.41	0.56
19920702	5.89	12.86	0.54
19920703	12.39	12.56	1.21
19920704	2.48	11.59	0.8
19920705	0.05	13.42	0.56
19920706	0.24	16.67	0.52
19920707	0.06	16.4	0.48
19920708	6.31	15.96	0.78
19920709	3.7	12.69	0.9
19920710	0.16	14.42	0.63
19920711	16.13	14.3	1.51
19920712	6.16	14.19	1.25
19920713	0.33	13.35	0.95
19920714	0.01	12.95	0.64
19920715	0.2	16.49	0.57
19920716	4.8	18.62	0.61
19920717	0.92	16.85	0.67
19920718	0.73	17.09	0.54
19920719	0.27	16.77	0.56
19920720	11.35	15.59	0.79
19920721	2.25	14.36	1.23
19920722	0.05	15.74	0.67
19920723	1.04	15.19	0.59
19920724	0.05	14.75	0.55
19920725	0.14	14.96	0.51
19920726	2.61	14.09	0.5
19920727	0.09	13.09	0.54
19920728	0.0	13.88	0.5
19920729	0.02	16.14	0.48
19920730	0.0	15.72	0.49
19920731	0.24	17.89	0.47
19920801	0.48	16.52	0.48
19920802	0.95	15.98	0.47
19920803	6.22	14.37	0.65
19920804	5.24	15.37	0.58
19920805	1.48	15.01	0.73
19920806	0.01	13.65	0.51
19920807	10.13	14.78	0.51
19920808	20.14	13.88	1.98
19920809	1.07	14.3	1.46
19920810	0.77	14.96	0.8
19920811	18.44	14.58	0.8
19920812	8.15	13.18	2.36
19920813	0.08	11.55	1.12
19920814	0.0	13.42	0.72
19920815	7.12	16.02	0.67
19920816	3.23	13.13	0.79
19920817	2.03	12.56	1.08
19920818	0.01	13.25	0.67
19920819	0.0	15.7	0.56
19920820	0.0	15.3	0.53
19920821	0.11	16.67	0.52
19920822	11.47	12.49	1.18
19920823	5.51	13.0	0.9
19920824	1.28	15.0	0.77
19920825	0.02	14.39	0.6
19920826	11.75	12.18	0.83
19920827	9.62	13.02	1.81
19920828	0.34	10.77	1.19
19920829	12.04	12.52	0.83
19920830	3.74	10.11	2.0
19920831	5.4	10.85	1.09
19920901	3.39	11.66	1.23
19920902	10.93	12.62	1.39
19920903	3.31	10.5	2.12
19920904	0.24	9.53	1.29
19920905	6.12	9.54	0.99
19920906	2.95	13.02	1.48
19920907	0.44	9.98	1.09
19920908	0.22	11.33	0.87
19920909	0.01	12.54	0.76
19920910	1.2	13.28	0.71
19920911	3.94	10.49	0.8
19920912	16.43	11.7	1.19
19920913	2.64	9.13	1.94
19920914	0.53	12.04	1.32
19920915	0.0	13.4	1.08
19920916	0.05	12.46	0.84
19920917	1.01	13.98	0.79
19920918	1.18	15.18	0.76
19920919	2.19	12.61	0.85
19920920	0.08	11.81	0.76
19920921	17.3	11.56	1.46
19920922	2.02	12.47	2.25
19920923	0.41	10.44	1.38
19920924	0.29	10.67	1.0
19920925	3.63	10.27	0.89
19920926	0.07	12.94	0.95
19920927	0.18	14.61	0.83
19920928	0.04	16.81	0.78
19920929	3.46	13.78	0.78
19920930	0.89	9.96	0.96
19921001	2.3	11.66	0.75
19921002	22.35	10.6	3.13
19921003	5.15	10.38	3.67
19921004	0.15	10.52	1.95
19921005	0.32	9.35	1.37
19921006	0.04	9.01	1.14
19921007	0.01	8.29	1.0
19921008	0.77	9.17	0.91
19921009	0.07	8.5	0.9
19921010	0.02	7.63	0.79
19921011	0.01	8.7	0.75
19921012	0.0	7.75	0.73
19921013	0.82	9.87	0.71
19921014	11.36	5.55	1.33
19921015	0.02	3.86	1.12
19921016	0.04	3.19	0.82
19921017	7.89	5.39	0.95
19921018	0.62	3.51	1.38
19921019	0.02	4.16	0.95
19921020	0.02	4.25	0.82
19921021	0.25	5.33	0.78
19921022	6.79	5.82	0.8
19921023	16.64	4.82	2.14
19921024	20.55	4.1	4.86
19921025	2.26	3.73	5.34
19921026	10.77	5.1	3.25
19921027	26.58	4.05	9.73
19921028	3.1	4.15	6.93
19921029	0.01	3.21	3.96
19921030	0.02	3.15	2.72
19921031	1.34	4.99	2.18
19921101	1.9	9.07	2.03
19921102	9.72	7.74	2.46
19921103	2.7	6.79	2.69
19921104	1.42	9.74	2.04
19921105	0.1	10.56	1.75
19921106	0.68	12.12	1.45
19921107	0.87	6.93	1.34
19921108	1.3	6.98	1.23
19921109	18.9	6.54	3.93
19921110	8.32	4.84	3.65
19921111	10.13	4.58	4.39
19921112	5.27	3.01	4.61
19921113	0.04	0.82	3.35
19921114	5.37	1.95	2.7
19921115	1.35	3.26	2.73
19921116	3.07	3.43	2.65
19921117	2.93	3.08	2.27
19921118	3.87	6.13	2.08
19921119	1.1	3.99	2.27
19921120	3.01	4.2	1.95
19921121	13.54	6.44	4.07
19921122	8.24	10.74	5.24
19921123	1.6	7.45	3.63
19921124	11.75	7.35	3.46
19921125	3.14	5.07	4.71
19921126	1.46	4.44	2.93
19921127	2.03	5.01	2.31
19921128	0.15	2.99	1.95
19921129	11.99	6.98	1.8
19921130	16.71	7.1	8.26
19921201	11.78	7.73	5.41
19921202	15.84	6.46	9.39
19921203	8.29	2.32	6.72
19921204	7.17	1.7	5.3
19921205	6.39	2.31	5.78
19921206	9.12	3.71	5.97
19921207	1.23	4.4	5.54
19921208	0.77	3.43	3.61
19921209	0.48	3.86	2.88
19921210	2.68	5.31	2.48
19921211	21.9	7.08	8.73
19921212	1.21	4.88	5.37
19921213	0.58	7.2	3.52
19921214	0.0	7.93	2.87
19921215	5.87	6.86	2.39
19921216	1.02	2.02	2.89
19921217	6.46	4.08	2.26
19921218	8.0	3.98	5.19
19921219	0.01	-0.92	3.06
19921220	0.02	-1.82	2.33
19921221	0.01	-1.26	2.02
19921222	0.0	-1.33	1.69
19921223	0.02	-1.01	1.51
19921224	0.0	-0.97	1.4
19921225	0.01	-0.23	1.27
19921226	0.13	2.24	1.23
19921227	0.01	0.87	1.24
19921228	0.0	-1.35	1.18
19921229	0.0	-3.15	1.1
19921230	0.0	-1.01	0.99
19921231	0.0	1.47	0.97
19930101	0.0	0.82	0.93
19930102	0.0	-2.82	0.92
19930103	6.25	-1.85	0.96
19930104	2.1	4.31	1.18
19930105	1.64	6.36	1.24
19930106	1.78	3.59	1.32
19930107	2.41	4.25	1.25
19930108	4.42	4.99	1.19
19930109	5.41	6.43	1.83
19930110	10.31	5.57	2.11
19930111	0.54	1.79	2.5
19930112	0.7	3.24	1.65
19930113	11.22	3.0	2.79
19930114	7.23	6.14	2.47
19930115	1.81	8.16	3.45
19930116	1.26	9.2	2.69
19930117	0.38	3.68	2.34
19930118	2.69	3.81	2.02
19930119	7.49	6.0	2.28
19930120	4.68	7.82	3.24
19930121	2.57	8.15	2.41
19930122	2.72	3.72	1.96
19930123	9.22	7.0	2.7
19930124	6.06	3.65	2.38
19930125	0.14	0.4	2.04
19930126	8.95	4.58	2.74
19930127	4.56	5.47	2.96
19930128	6.99	7.47	3.22
19930129	0.54	4.86	3.58
19930130	1.91	5.04	2.55
19930131	0.11	3.83	2.28
19930201	0.04	3.17	1.92
19930202	0.01	6.13	1.71
19930203	0.0	5.54	1.56
19930204	0.0	4.17	1.4
19930205	0.97	5.57	1.25
19930206	1.3	7.14	1.2
19930207	0.13	8.94	1.19
19930208	0.3	7.48	1.12
19930209	0.3	4.17	1.11
19930210	0.01	2.84	1.05
19930211	0.01	1.48	1.0
19930212	0.03	2.26	0.96
19930213	0.02	2.97	0.92
19930214	0.29	2.95	0.91
19930215	0.3	4.89	0.88
19930216	1.1	6.74	0.88
19930217	0.83	7.3	0.9
19930218	1.43	5.37	0.93
19930219	0.01	4.28	0.88
19930220	0.46	3.93	0.83
19930221	0.0	1.66	0.82
19930222	0.0	1.75	0.79
19930223	0.01	2.58	0.75
19930224	0.05	4.4	0.73
19930225	8.8	3.27	0.89
19930226	1.25	0.78	1.1
19930227	0.16	-0.76	0.86
19930228	0.36	-0.61	0.77
19930301	1.74	0.84	0.83
19930302	0.04	1.81	0.81
19930303	0.08	1.07	0.76
19930304	0.59	2.71	0.73
19930305	0.07	5.45	0.73
19930306	0.0	4.74	0.76
19930307	0.0	4.4	0.72
19930308	0.0	2.67	0.71
19930309	0.6	3.84	0.69
19930310	1.2	5.52	0.69
19930311	0.0	7.16	0.71
19930312	0.18	9.05	0.67
19930313	0.0	10.57	0.65
19930314	0.01	9.53	0.64
19930315	0.78	10.35	0.66
19930316	0.77	7.48	0.67
19930317	0.55	9.76	0.66
19930318	0.05	4.94	0.63
19930319	0.0	6.0	0.59
19930320	0.45	6.9	0.58
19930321	1.56	6.9	0.61
19930322	1.66	5.36	0.68
19930323	0.26	3.99	0.6
19930324	0.01	3.51	0.56
19930325	0.02	2.84	0.56
19930326	0.0	3.92	0.55
19930327	0.0	4.94	0.55
19930328	0.0	5.13	0.53
19930329	0.07	7.89	0.52
19930330	1.01	6.33	0.6
19930331	4.25	6.24	0.67
19930401	0.03	4.16	0.6
19930402	0.03	5.69	0.54
19930403	8.95	4.85	0.75
19930404	8.33	6.5	0.81
19930405	3.29	7.93	1.12
19930406	0.84	6.97	0.79
19930407	0.19	7.55	0.64
19930408	8.42	7.1	0.73
19930409	9.77	6.81	1.67
19930410	0.03	8.39	1.6
19930411	3.69	6.28	1.04
19930412	2.17	8.1	1.08
19930413	0.04	5.02	0.94
19930414	0.0	5.37	0.85
19930415	0.0	9.59	0.79
19930416	4.28	10.38	0.76
19930417	10.68	9.74	0.91
19930418	16.81	10.11	4.09
19930419	0.02	11.28	2.23
19930420	0.84	10.17	1.52
19930421	0.01	9.42	1.27
19930422	1.81	10.52	1.15
19930423	1.72	9.55	1.17
19930424	9.73	10.11	1.08
19930425	1.77	7.86	1.72
19930426	0.46	10.1	1.2
19930427	0.0	10.84	1.0
19930428	0.0	9.62	0.89
19930429	0.0	12.83	0.83
19930430	0.0	14.28	0.79
19930501	0.0	8.43	0.75
19930502	0.62	5.36	0.71
19930503	0.0	6.0	0.7
19930504	0.0	8.01	0.68
19930505	0.08	10.67	0.67
19930506	0.02	8.39	0.67
19930507	0.0	8.36	0.66
19930508	0.0	9.61	0.63
19930509	1.19	10.98	0.63
19930510	2.75	11.53	0.71
19930511	0.01	13.61	0.64
19930512	0.0	10.15	0.61
19930513	4.81	9.07	0.61
19930514	4.1	7.48	0.97
19930515	2.72	6.96	0.79
19930516	4.92	11.31	0.81
19930517	3.49	12.15	0.79
19930518	0.21	11.13	0.71
19930519	0.0	9.61	0.61
19930520	9.56	9.29	0.88
19930521	0.63	10.31	0.9
19930522	0.0	13.57	0.68
19930523	0.02	13.96	0.6
19930524	0.0	14.04	0.58
19930525	2.46	11.02	0.57
19930526	20.28	8.0	1.1
19930527	8.33	7.89	2.31
19930528	7.07	10.49	1.5
19930529	4.36	13.94	1.17
19930530	9.82	11.66	1.32
19930531	1.68	10.56	1.6
19930601	4.86	12.31	1.43
19930602	3.76	14.19	1.78
19930603	0.03	13.13	1.16
19930604	0.0	14.03	0.91
19930605	0.0	14.61	0.79
19930606	0.0	15.4	0.72
19930607	0.0	15.59	0.71
19930608	0.0	17.97	0.67
19930609	11.34	18.48	1.41
19930610	8.64	17.69	0.99
19930611	8.64	14.06	2.41
19930612	1.29	10.98	1.17
19930613	10.09	12.13	0.97
19930614	2.19	8.5	1.85
19930615	2.92	13.64	1.12
19930616	0.2	12.58	1.05
19930617	6.16	14.04	0.97
19930618	0.15	13.44	1.15
19930619	4.13	12.21	1.09
19930620	0.0	11.4	1.1
19930621	0.01	12.42	0.86
19930622	0.28	12.28	0.8
19930623	0.68	11.29	0.76
19930624	0.0	10.89	0.72
19930625	1.28	13.42	0.7
19930626	2.82	12.96	0.8
19930627	0.01	13.74	0.71
19930628	0.0	16.3	0.66
19930629	0.0	16.15	0.64
19930630	0.0	17.4	0.63
19930701	0.0	14.52	0.61
19930702	7.57	17.52	0.62
19930703	0.83	17.12	0.9
19930704	0.1	13.82	0.67
19930705	0.0	12.21	0.63
19930706	0.03	12.35	0.6
19930707	0.45	14.28	0.61
19930708	12.21	12.95	0.9
19930709	7.36	10.28	1.16
19930710	6.05	9.61	1.27
19930711	3.23	9.66	1.07
19930712	0.17	10.21	0.88
19930713	8.46	14.04	0.92
19930714	11.73	15.0	1.44
19930715	14.55	16.22	3.79
19930716	1.73	16.98	2.24
19930717	1.38	12.56	1.31
19930718	21.15	14.23	2.28
19930719	5.11	13.2	3.55
19930720	3.1	12.13	2.77
19930721	0.02	12.55	1.75
19930722	1.12	16.75	1.37
19930723	2.29	16.6	1.24
19930724	9.73	13.21	1.12
19930725	12.63	12.04	2.55
19930726	8.49	13.2	2.51
19930727	3.28	15.37	2.45
19930728	3.65	15.05	1.82
19930729	0.26	15.23	1.72
19930730	1.58	14.23	1.52
19930731	3.52	12.56	1.48
19930801	0.56	14.98	1.34
19930802	2.63	14.87	1.44
19930803	0.2	13.38	1.13
19930804	21.9	13.41	2.51
19930805	1.2	11.52	2.84
19930806	0.78	13.1	1.8
19930807	5.11	13.98	1.87
19930808	10.24	14.08	1.8
19930809	3.1	12.9	3.22
19930810	5.57	12.18	2.09
19930811	1.81	13.6	2.32
19930812	6.65	10.43	2.57
19930813	0.0	12.81	1.88
19930814	12.27	15.7	1.95
19930815	0.01	12.73	2.78
19930816	0.0	12.12	1.62
19930817	0.0	14.43	1.38
19930818	0.0	14.78	1.24
19930819	5.9	16.91	1.18
19930820	2.27	15.26	1.17
19930821	2.15	13.9	1.06
19930822	0.17	8.63	0.97
19930823	0.84	9.92	0.9
19930824	0.03	10.87	0.86
19930825	0.07	9.76	0.82
19930826	0.0	10.11	0.78
19930827	0.0	11.94	0.75
19930828	0.0	13.17	0.71
19930829	3.35	13.9	0.77
19930830	0.0	13.34	0.78
19930831	0.01	15.79	0.7
19930901	0.0	16.98	0.69
19930902	0.0	15.1	0.69
19930903	0.09	9.59	0.68
19930904	0.0	9.26	0.65
19930905	0.0	9.0	0.65
19930906	0.0	12.31	0.71
19930907	7.26	14.55	0.83
19930908	6.29	15.07	1.05
19930909	10.43	14.92	1.26
19930910	0.79	11.53	1.52
19930911	0.02	10.82	1.03
19930912	34.19	11.98	2.0
19930913	17.05	11.57	9.69
19930914	17.07	10.0	6.31
19930915	0.45	9.83	7.97
19930916	1.22	8.78	3.41
19930917	0.0	9.81	2.52
19930918	0.0	11.25	1.95
19930919	3.92	13.55	1.68
19930920	1.81	12.47	1.7
19930921	7.6	12.02	1.96
19930922	1.52	10.79	2.29
19930923	0.13	10.45	1.6
19930924	2.1	10.54	1.45
19930925	0.44	8.75	1.38
19930926	0.27	8.84	1.23
19930927	0.01	7.38	1.01
19930928	1.22	8.84	0.86
19930929	1.74	9.54	0.91
19930930	6.78	9.51	1.05
19931001	14.35	9.95	1.71
19931002	0.72	9.03	3.3
19931003	6.25	10.63	1.9
19931004	3.1	10.31	2.27
19931005	4.96	10.3	2.12
19931006	8.35	10.71	2.11
19931007	0.49	8.41	2.51
19931008	3.26	10.05	2.07
19931009	0.08	10.09	1.75
19931010	0.48	9.38	1.52
19931011	5.04	8.77	1.45
19931012	2.6	7.65	1.98
19931013	0.14	4.36	1.64
19931014	0.34	3.37	1.35
19931015	0.01	2.11	1.26
19931016	0.02	1.31	1.19
19931017	0.01	3.56	1.16
19931018	0.0	4.46	1.14
19931019	0.67	5.37	1.09
19931020	3.32	5.16	1.17
19931021	0.02	4.48	0.96
19931022	0.0	4.87	0.8
19931023	0.04	5.02	0.74
19931024	0.02	7.09	0.71
19931025	0.05	6.53	0.71
19931026	0.12	7.39	0.7
19931027	0.11	6.09	0.66
19931028	0.05	7.16	0.66
19931029	0.02	7.61	0.64
19931030	0.0	7.57	0.63
19931031	0.0	6.93	0.62
19931101	0.0	5.98	0.62
19931102	0.87	5.1	0.62
19931103	0.17	8.35	0.64
19931104	0.41	8.82	0.6
19931105	0.24	9.42	0.6
19931106	0.23	7.96	0.59
19931107	0.02	5.86	0.57
19931108	0.01	6.45	0.57
19931109	10.93	6.13	0.93
19931110	1.62	4.72	1.03
19931111	3.34	4.55	1.0
19931112	4.88	5.78	1.02
19931113	22.71	4.68	2.8
19931114	0.06	2.55	3.3
19931115	0.03	3.83	1.46
19931116	0.0	3.53	1.2
19931117	0.0	1.92	1.07
19931118	0.0	0.85	0.97
19931119	0.0	0.21	0.9
19931120	2.21	0.51	0.85
19931121	0.22	-0.83	0.86
19931122	0.0	-1.57	0.81
19931123	0.0	-3.57	0.76
19931124	0.6	-0.17	0.74
19931125	1.8	2.96	0.77
19931126	0.05	2.34	0.79
19931127	0.0	1.78	0.71
19931128	0.0	-0.99	0.69
19931129	7.28	0.7	0.81
19931130	0.25	3.16	1.04
19931201	2.0	6.37	0.86
19931202	0.26	10.14	0.91
19931203	7.45	7.52	0.87
19931204	1.19	5.53	1.38
19931205	0.92	6.44	1.03
19931206	22.84	5.3	2.0
19931207	9.86	2.71	4.95
19931208	27.69	5.82	8.92
19931209	1.83	5.16	7.16
19931210	9.14	3.39	3.92
19931211	4.7	2.21	4.65
19931212	23.03	3.28	6.86
19931213	1.36	0.85	8.44
19931214	15.02	1.22	5.51
19931215	13.04	3.28	6.5
19931216	2.9	3.35	7.98
19931217	3.41	6.08	4.71
19931218	15.58	10.23	5.26
19931219	4.34	6.62	8.33
19931220	4.79	-0.01	4.46
19931221	7.89	1.08	3.59
19931222	14.15	2.93	7.3
19931223	12.17	1.91	7.86
19931224	1.86	0.77	5.26
19931225	0.83	-0.54	3.7
19931226	0.02	-1.26	2.83
19931227	10.63	-0.7	2.41
19931228	7.67	3.84	4.29
19931229	6.04	4.82	6.91
19931230	6.49	2.77	4.87
19931231	4.1	1.72	4.66
19940101	17.12	3.12	3.92
19940102	1.21	4.33	8.85
19940103	16.11	2.95	8.44
19940104	2.26	2.05	5.16
19940105	2.94	1.18	4.35
19940106	0.09	-0.12	3.34
19940107	0.01	0.72	2.58
19940108	4.36	2.0	2.42
19940109	3.24	5.38	2.83
19940110	0.54	4.75	2.74
19940111	6.65	5.22	2.89
19940112	8.63	6.57	4.16
19940113	1.22	6.25	3.36
19940114	0.94	3.53	2.62
19940115	0.03	1.92	2.31
19940116	0.0	-0.1	1.96
19940117	0.0	0.33	1.74
19940118	7.22	3.01	2.07
19940119	4.07	2.38	2.09
19940120	1.69	6.18	2.27
19940121	3.99	6.16	2.6
19940122	22.08	6.27	3.15
19940123	0.15	3.98	8.08
19940124	15.84	5.98	3.81
19940125	10.07	4.95	8.43
19940126	6.38	6.02	5.34
19940127	9.57	3.56	6.56
19940128	1.87	2.62	4.38
19940129	2.84	6.51	3.83
19940130	0.24	3.88	3.37
19940131	0.3	4.84	2.59
19940201	3.42	3.58	2.48
19940202	0.34	1.39	2.13
19940203	12.48	2.93	3.94
19940204	0.1	5.08	3.4
19940205	0.52	4.0	2.47
19940206	3.35	3.68	2.31
19940207	0.02	2.69	2.12
19940208	3.16	3.43	1.94
19940209	0.02	3.7	1.87
19940210	2.42	4.24	1.64
19940211	0.03	2.02	1.75
19940212	0.0	1.55	1.49
19940213	0.0	-1.85	1.39
19940214	0.32	-2.3	1.35
19940215	0.53	-2.28	1.25
19940216	2.41	0.19	1.27
19940217	0.3	1.27	1.2
19940218	0.0	1.13	1.16
19940219	0.0	0.41	1.11
19940220	0.06	-2.41	1.04
19940221	0.07	-2.99	0.99
19940222	2.06	-1.62	0.95
19940223	4.92	-0.79	1.0
19940224	0.05	0.4	1.0
19940225	14.7	2.77	1.68
19940226	2.81	5.49	3.58
19940227	7.47	7.33	3.08
19940228	3.24	4.2	3.96
19940301	5.31	3.7	3.01
19940302	1.79	7.05	3.08
19940303	1.45	5.02	2.58
19940304	0.13	7.14	2.09
19940305	1.64	6.51	1.83
19940306	1.37	7.02	1.65
19940307	1.64	9.79	1.57
19940308	5.29	9.47	1.61
19940309	3.44	5.02	2.36
19940310	0.06	6.23	1.77
19940311	7.08	3.28	2.1
19940312	9.73	5.67	2.45
19940313	1.0	6.92	2.82
19940314	8.39	7.57	2.37
19940315	5.18	4.21	3.17
19940316	3.93	3.2	2.92
19940317	2.99	3.65	2.41
19940318	14.31	4.0	5.02
19940319	0.11	2.79	3.94
19940320	0.01	3.42	2.55
19940321	8.78	5.17	2.18
19940322	4.3	10.02	2.98
19940323	8.42	8.75	3.73
19940324	14.04	7.52	3.47
19940325	1.86	4.61	7.02
19940326	0.0	4.92	3.37
19940327	2.26	5.56	2.61
19940328	0.59	9.05	2.26
19940329	0.01	7.02	1.94
19940330	5.87	6.76	2.02
19940331	16.44	6.21	2.44
19940401	3.17	4.27	4.83
19940402	2.66	3.2	2.83
19940403	14.17	4.64	3.33
19940404	3.6	2.69	5.59
19940405	3.86	4.25	3.42
19940406	6.49	5.35	2.92
19940407	4.8	4.11	4.52
19940408	20.78	2.81	7.21
19940409	9.25	2.9	7.07
19940410	0.01	3.84	5.11
19940411	1.15	8.35	3.66
19940412	3.35	5.16	3.03
19940413	0.0	5.4	2.54
19940414	0.1	4.69	2.01
19940415	0.0	4.97	1.76
19940416	0.0	6.79	1.58
19940417	0.01	4.35	1.48
19940418	0.34	5.96	1.34
19940419	5.18	6.73	1.41
19940420	9.39	7.46	2.15
19940421	2.06	8.86	1.92
19940422	4.38	10.82	1.48
19940423	2.15	11.23	1.64
19940424	0.64	8.55	1.36
19940425	8.3	8.34	1.75
19940426	0.04	12.68	1.49
19940427	0.01	14.67	1.22
19940428	0.0	13.08	1.14
19940429	0.0	13.6	1.09
19940430	0.0	8.24	1.03
19940501	0.0	11.72	1.01
19940502	0.0	10.13	0.99
19940503	0.29	11.78	0.99
19940504	4.83	8.66	1.21
19940505	2.32	8.77	1.12
19940506	3.13	10.0	1.0
19940507	0.33	8.59	1.05
19940508	0.43	9.73	0.93
19940509	0.72	10.11	0.89
19940510	0.01	10.95	0.88
19940511	0.0	12.19	0.85
19940512	0.0	13.32	0.81
19940513	0.0	13.11	0.78
19940514	8.85	12.86	0.85
19940515	0.78	7.41	1.12
19940516	0.33	7.04	0.83
19940517	0.0	6.67	0.73
19940518	0.0	5.95	0.69
19940519	0.27	6.45	0.69
19940520	3.35	7.72	0.7
19940521	8.56	9.14	0.91
19940522	0.68	8.89	0.95
19940523	0.04	8.29	0.77
19940524	0.44	7.86	0.88
19940525	0.21	8.72	0.94
19940526	0.0	6.03	0.88
19940527	0.0	6.33	0.79
19940528	0.0	9.01	0.72
19940529	0.98	8.35	0.74
19940530	0.0	11.16	0.7
19940531	0.0	11.04	0.68
19940601	2.14	14.48	0.75
19940602	4.99	13.85	0.93
19940603	5.92	10.13	0.92
19940604	0.36	8.95	0.77
19940605	2.72	11.92	0.64
19940606	0.56	14.75	0.72
19940607	1.82	10.47	0.64
19940608	1.61	9.39	0.7
19940609	2.38	9.53	0.66
19940610	0.0	10.2	0.68
19940611	0.0	12.24	0.6
19940612	0.0	11.65	0.58
19940613	0.0	14.07	0.61
19940614	0.0	11.24	0.59
19940615	0.1	12.75	0.58
19940616	0.13	12.09	0.58
19940617	0.0	15.64	0.58
19940618	0.17	13.4	0.57
19940619	1.64	13.52	0.56
19940620	6.71	13.92	0.63
19940621	20.09	12.83	2.03
19940622	0.01	11.15	1.34
19940623	0.0	15.77	0.72
19940624	13.57	19.48	1.01
19940625	0.01	14.15	1.09
19940626	0.0	14.97	0.69
19940627	0.0	16.38	0.64
19940628	0.05	18.58	0.61
19940629	0.0	12.69	0.58
19940630	0.0	15.21	0.57
19940701	0.02	16.92	0.56
19940702	0.01	17.06	0.54
19940703	0.08	18.3	0.53
19940704	4.81	15.88	0.69
19940705	3.77	14.19	0.79
19940706	7.6	12.29	1.05
19940707	0.02	14.61	0.72
19940708	0.01	16.43	0.58
19940709	0.02	16.88	0.54
19940710	0.0	17.6	0.51
19940711	0.0	19.46	0.52
19940712	0.0	19.75	0.52
19940713	0.0	15.69	0.5
19940714	1.2	17.92	0.52
19940715	0.21	13.06	0.54
19940716	0.0	15.04	0.53
19940717	0.0	14.03	0.51
19940718	0.0	14.76	0.52
19940719	0.0	16.63	0.52
19940720	0.0	19.28	0.52
19940721	2.09	17.67	0.52
19940722	0.0	15.19	0.53
19940723	0.37	18.86	0.5
19940724	25.24	17.71	2.36
19940725	1.46	19.55	0.88
19940726	13.51	17.08	0.7
19940727	0.25	14.48	1.61
19940728	0.0	14.98	0.71
19940729	0.0	16.7	0.58
19940730	2.95	20.6	0.53
19940731	9.01	17.98	1.03
19940801	4.18	16.49	0.85
19940802	3.59	17.48	0.63
19940803	4.94	19.84	0.94
19940804	0.46	18.54	0.85
19940805	0.02	15.73	0.61
19940806	0.01	16.16	0.52
19940807	0.03	15.32	0.49
19940808	0.0	14.76	0.51
19940809	0.0	14.74	0.5
19940810	1.15	14.32	0.5
19940811	0.11	12.5	0.51
19940812	0.0	10.67	0.5
19940813	0.0	11.8	0.49
19940814	0.0	11.35	0.46
19940815	0.0	14.07	0.47
19940816	9.16	14.22	0.49
19940817	5.56	12.17	1.18
19940818	0.11	14.22	0.6
19940819	0.78	13.87	0.5
19940820	0.02	12.28	0.47
19940821	0.0	15.22	0.47
19940822	5.56	17.9	0.54
19940823	4.56	14.76	1.04
19940824	1.59	13.64	0.59
19940825	1.69	14.38	0.52
19940826	2.61	13.46	0.54
19940827	3.1	12.19	0.59
19940828	2.03	12.75	0.58
19940829	1.52	11.79	0.56
19940830	0.02	13.56	0.53
19940831	9.64	13.44	0.56
19940901	0.61	11.08	0.86
19940902	0.02	12.72	0.56
19940903	5.16	14.21	0.61
19940904	3.35	12.62	0.67
19940905	0.08	10.34	0.59
19940906	2.24	11.28	0.58
19940907	4.81	13.0	0.67
19940908	3.48	11.1	0.74
19940909	18.63	10.86	1.21
19940910	6.24	10.82	2.61
19940911	6.12	11.71	1.04
19940912	11.28	10.51	2.29
19940913	0.95	13.05	1.36
19940914	28.92	9.88	1.29
19940915	4.88	8.96	4.64
19940916	0.01	8.35	1.72
19940917	0.01	9.59	1.18
19940918	1.01	10.03	0.98
19940919	8.64	10.35	1.25
19940920	8.85	11.8	1.44
19940921	0.02	12.1	1.63
19940922	0.01	10.62	1.04
19940923	0.3	12.06	0.92
19940924	10.46	11.47	1.24
19940925	0.18	10.72	1.38
19940926	0.24	11.46	0.98
19940927	2.59	9.05	0.92
19940928	0.25	11.98	0.85
19940929	0.05	11.49	0.78
19940930	4.07	11.95	0.74
19941001	7.17	12.25	1.22
19941002	22.6	9.82	3.45
19941003	1.82	3.19	3.37
19941004	1.04	5.87	1.83
19941005	0.04	8.59	1.45
19941006	0.0	10.26	1.23
19941007	1.37	11.05	1.11
19941008	0.41	8.88	1.07
19941009	0.0	9.96	0.97
19941010	0.0	10.7	0.9
19941011	0.0	10.17	0.83
19941012	0.01	10.25	0.79
19941013	0.0	7.99	0.75
19941014	0.0	9.02	0.73
19941015	0.26	10.33	0.68
19941016	0.01	6.57	0.65
19941017	0.0	6.11	0.65
19941018	0.0	7.47	0.63
19941019	1.38	9.95	0.61
19941020	2.55	10.11	0.67
19941021	2.72	11.76	0.67
19941022	20.44	10.98	1.39
19941023	6.75	8.16	2.98
19941024	6.44	8.4	1.91
19941025	11.08	8.56	2.26
19941026	6.76	6.85	3.28
19941027	15.53	7.53	3.88
19941028	3.92	6.69	5.61
19941029	9.18	9.32	3.47
19941030	7.57	11.4	3.82
19941031	9.49	9.31	4.34
19941101	0.54	6.21	3.44
19941102	3.56	7.79	2.46
19941103	3.29	11.63	2.63
19941104	13.81	10.51	2.3
19941105	1.03	7.73	4.78
19941106	0.13	7.89	2.59
19941107	0.36	8.36	2.1
19941108	4.94	10.21	1.91
19941109	5.65	10.18	2.16
19941110	1.64	9.43	2.11
19941111	4.24	9.12	1.85
19941112	11.3	9.0	3.26
19941113	23.41	11.65	6.58
19941114	1.83	10.58	9.37
19941115	7.62	8.27	4.7
19941116	3.09	7.05	4.29
19941117	7.2	7.73	4.25
19941118	6.21	10.74	3.67
19941119	16.62	11.84	4.1
19941120	3.55	8.15	9.54
19941121	0.07	8.31	4.37
19941122	0.04	10.65	3.13
19941123	0.14	9.54	2.53
19941124	0.01	7.44	2.13
19941125	1.53	10.68	1.92
19941126	0.25	9.65	1.78
19941127	0.0	6.38	1.63
19941128	0.0	4.06	1.5
19941129	0.02	4.16	1.37
19941130	0.01	4.87	1.26
19941201	0.01	6.21	1.19
19941202	0.67	8.13	1.12
19941203	12.32	8.04	1.32
19941204	10.65	5.69	3.37
19941205	5.03	5.2	3.4
19941206	3.99	5.56	2.45
19941207	6.6	6.05	2.57
19941208	0.41	4.77	2.8
19941209	6.31	6.22	2.07
19941210	0.51	11.26	2.83
19941211	1.32	12.04	2.14
19941212	4.44	9.34	2.4
19941213	7.43	3.21	3.12
19941214	0.35	0.49	2.43
19941215	2.11	4.19	2.02
19941216	0.92	4.85	1.94
19941217	15.9	7.13	3.33
19941218	1.95	3.45	4.67
19941219	5.69	2.65	3.37
19941220	4.12	1.69	3.52
19941221	0.01	-0.46	2.76
19941222	0.02	-0.49	2.18
19941223	0.05	0.3	1.88
19941224	1.52	3.73	1.78
19941225	2.4	5.03	1.84
19941226	21.94	5.53	3.22
19941227	17.71	7.21	8.84
19941228	5.61	9.31	9.77
19941229	8.05	5.87	5.56
19941230	5.01	3.53	5.75
19941231	1.09	0.06	4.21
19950101	0.15	-0.51	2.9
19950102	0.02	-1.67	2.32
19950103	1.87	-0.57	2.0
19950104	6.69	2.45	1.98
19950105	5.89	4.44	3.6
19950106	0.39	3.46	2.95
19950107	4.32	6.19	2.24
19950108	1.81	5.41	2.64
19950109	3.14	6.37	2.37
19950110	24.83	4.58	9.73
19950111	0.0	0.65	6.07
19950112	0.5	1.53	3.43
19950113	0.51	5.32	2.76
19950114	2.63	5.6	2.5
19950115	0.2	7.04	2.43
19950116	9.98	4.52	3.01
19950117	10.41	4.37	4.97
19950118	0.28	1.64	3.78
19950119	9.39	2.74	3.99
19950120	2.39	2.92	3.55
19950121	9.42	3.5	4.82
19950122	0.86	2.41	3.44
19950123	13.51	3.78	4.68
19950124	0.47	2.7	4.14
19950125	35.96	1.99	10.31
19950126	2.24	-0.32	8.16
19950127	23.6	2.6	7.19
19950128	8.82	5.45	14.11
19950129	0.92	2.04	10.75
19950130	6.63	3.97	5.31
19950131	17.43	8.24	10.18
19950201	1.93	3.46	8.58
19950202	0.69	4.3	4.61
19950203	0.02	7.76	3.57
19950204	0.62	6.36	2.95
19950205	1.62	7.61	2.62
19950206	0.01	8.14	2.42
19950207	3.17	4.72	2.03
19950208	0.67	0.71	2.01
19950209	6.44	0.92	1.69
19950210	2.53	3.08	2.18
19950211	15.55	7.16	6.09
19950212	14.88	7.72	5.04
19950213	2.71	6.23	7.59
19950214	0.94	7.29	3.91
19950215	1.95	5.76	2.98
19950216	16.63	4.5	4.37
19950217	5.4	3.93	4.97
19950218	6.44	4.9	4.09
19950219	8.6	4.69	5.21
19950220	9.79	4.62	5.12
19950221	1.22	4.53	5.09
19950222	15.1	4.34	5.6
19950223	0.79	3.11	4.93
19950224	2.85	3.63	3.9
19950225	0.25	2.18	3.46
19950226	1.69	3.02	2.69
19950227	2.6	6.29	2.71
19950228	15.75	7.12	3.07
19950301	10.34	2.15	7.18
19950302	3.89	0.89	3.98
19950303	0.59	-0.63	3.28
19950304	4.68	1.65	2.89
19950305	6.05	3.44	3.42
19950306	5.79	1.18	3.19
19950307	2.09	1.24	3.15
19950308	4.41	1.85	2.91
19950309	0.05	4.44	2.65
19950310	1.35	8.01	3.49
19950311	4.86	4.37	4.46
19950312	0.0	6.18	2.84
19950313	0.02	8.04	2.17
19950314	2.99	3.74	2.06
19950315	4.37	2.22	2.09
19950316	3.44	4.65	2.05
19950317	3.66	4.25	2.53
19950318	7.93	4.26	2.55
19950319	1.13	3.25	2.49
19950320	0.0	2.81	1.98
19950321	0.02	3.29	1.72
19950322	0.0	6.33	1.58
19950323	0.19	9.42	1.5
19950324	1.24	7.39	1.42
19950325	1.81	6.76	1.41
19950326	11.38	4.11	1.65
19950327	2.9	1.56	2.09
19950328	8.09	0.34	2.63
19950329	0.07	2.84	1.93
19950330	2.15	6.62	1.86
19950331	1.43	10.49	2.53
19950401	0.06	10.96	1.89
19950402	0.0	10.83	1.59
19950403	0.26	8.41	1.43
19950404	0.0	7.78	1.31
19950405	0.31	10.05	1.22
19950406	0.2	10.95	1.14
19950407	0.01	7.58	1.07
19950408	0.0	6.05	1.01
19950409	0.15	8.79	0.98
19950410	0.0	8.89	0.96
19950411	0.0	7.58	0.9
19950412	0.0	7.32	0.87
19950413	0.0	8.94	0.86
19950414	0.12	10.77	0.86
19950415	0.05	7.87	0.84
19950416	2.58	7.32	0.83
19950417	24.63	4.69	2.14
19950418	0.6	2.64	2.12
19950419	2.13	3.34	1.22
19950420	1.91	3.53	1.14
19950421	0.05	5.12	1.03
19950422	7.0	5.57	1.21
19950423	0.4	9.41	1.42
19950424	0.03	9.43	1.08
19950425	0.01	10.48	1.05
19950426	0.0	5.52	1.0
19950427	0.0	4.38	0.85
19950428	0.0	6.78	0.85
19950429	0.0	9.01	0.8
19950430	0.0	11.76	0.78
19950501	0.0	12.54	0.77
19950502	0.0	14.2	0.75
19950503	0.0	16.15	0.73
19950504	0.0	16.32	0.71
19950505	0.0	15.57	0.68
19950506	0.0	16.14	0.67
19950507	0.02	12.93	0.72
19950508	0.06	8.51	0.69
19950509	0.02	7.29	0.65
19950510	0.01	6.32	0.64
19950511	0.0	3.39	0.63
19950512	0.36	4.17	0.65
19950513	0.09	5.2	0.63
19950514	1.21	7.66	0.62
19950515	1.33	7.12	0.65
19950516	12.85	5.2	0.7
19950517	1.93	3.78	0.96
19950518	5.73	7.94	0.85
19950519	0.32	9.72	0.9
19950520	0.18	8.76	0.66
19950521	0.0	11.12	0.64
19950522	0.01	12.92	0.64
19950523	0.0	13.54	0.62
19950524	9.41	13.33	0.95
19950525	0.32	11.86	0.8
19950526	4.46	13.39	0.66
19950527	2.96	14.63	0.8
19950528	4.06	12.68	0.77
19950529	4.05	12.28	1.23
19950530	0.0	11.58	0.81
19950531	2.11	11.32	0.65
19950601	2.79	10.66	0.81
19950602	4.03	10.34	0.65
19950603	14.48	11.58	1.66
19950604	2.58	10.73	1.38
19950605	2.23	11.68	0.98
19950606	4.04	12.3	1.01
19950607	0.76	10.15	0.97
19950608	0.04	10.41	0.78
19950609	0.0	10.73	0.74
19950610	1.62	10.49	0.76
19950611	0.33	9.37	0.83
19950612	0.0	8.71	0.78
19950613	0.0	9.18	0.73
19950614	0.02	11.51	0.72
19950615	0.02	12.37	0.71
19950616	3.63	11.18	0.71
19950617	1.67	12.75	0.83
19950618	0.0	13.12	0.72
19950619	0.17	17.08	0.67
19950620	0.06	14.85	0.56
19950621	0.0	12.48	0.55
19950622	0.0	15.38	0.54
19950623	0.01	14.9	0.55
19950624	0.02	13.27	0.53
19950625	0.0	14.28	0.53
19950626	0.0	17.18	0.53
19950627	0.0	17.48	0.51
19950628	0.0	19.0	0.52
19950629	0.0	20.2	0.54
19950630	0.0	19.1	0.53
19950701	0.0	13.06	0.52
19950702	0.66	14.24	0.53
19950703	0.48	12.24	0.61
19950704	0.22	12.27	0.55
19950705	0.0	16.26	0.54
19950706	0.0	18.29	0.54
19950707	0.0	17.3	0.51
19950708	0.0	16.97	0.5
19950709	0.0	17.63	0.47
19950710	1.52	20.02	0.52
19950711	15.55	19.43	1.44
19950712	0.02	17.76	0.75
19950713	1.13	18.21	0.55
19950714	3.9	16.88	0.73
19950715	3.05	16.15	0.75
19950716	7.15	16.54	0.66
19950717	13.11	16.11	0.73
19950718	1.25	19.84	1.19
19950719	0.0	20.89	0.65
19950720	2.76	19.15	0.54
19950721	0.48	13.54	0.6
19950722	0.02	13.85	0.51
19950723	0.0	16.37	0.47
19950724	0.0	18.65	0.47
19950725	0.0	20.08	0.46
19950726	0.0	20.15	0.47
19950727	0.01	20.36	0.46
19950728	0.11	19.15	0.44
19950729	0.0	20.79	0.45
19950730	0.26	22.29	0.43
19950731	0.0	22.91	0.43
19950801	0.19	22.96	0.42
19950802	0.0	21.58	0.41
19950803	0.0	20.13	0.42
19950804	0.0	15.9	0.41
19950805	0.0	16.54	0.42
19950806	0.0	17.6	0.42
19950807	0.0	13.06	0.43
19950808	0.0	13.39	0.42
19950809	0.0	16.76	0.42
19950810	0.0	19.39	0.41
19950811	0.0	21.69	0.4
19950812	2.76	19.13	0.45
19950813	0.02	16.25	0.44
19950814	0.0	15.94	0.39
19950815	0.0	17.9	0.41
19950816	0.0	19.27	0.42
19950817	0.0	21.53	0.41
19950818	0.0	20.69	0.4
19950819	0.0	20.61	0.4
19950820	0.0	21.1	0.38
19950821	0.0	21.55	0.38
19950822	1.13	21.69	0.38
19950823	0.23	16.1	0.4
19950824	2.32	17.15	0.41
19950825	1.05	15.36	0.43
19950826	2.16	13.93	0.44
19950827	2.14	10.91	0.45
19950828	3.29	13.28	0.41
19950829	2.39	11.95	0.57
19950830	0.01	15.45	0.47
19950831	0.0	16.16	0.43
19950901	5.12	14.74	0.43
19950902	1.76	12.54	0.73
19950903	1.03	12.4	0.52
19950904	12.73	13.52	1.79
19950905	3.26	11.73	0.95
19950906	5.3	13.83	0.6
19950907	3.97	15.17	0.63
19950908	0.65	12.98	0.52
19950909	0.18	13.34	0.44
19950910	17.78	14.78	0.93
19950911	1.35	11.54	1.32
19950912	0.01	11.56	0.59
19950913	0.06	12.33	0.5
19950914	0.05	13.5	0.44
19950915	0.02	11.87	0.42
19950916	0.0	13.56	0.4
19950917	7.55	14.78	0.6
19950918	0.39	14.42	0.54
19950919	0.08	12.97	0.43
19950920	0.01	12.24	0.41
19950921	0.0	13.94	0.4
19950922	0.79	11.54	0.41
19950923	17.99	13.29	0.58
19950924	1.42	8.65	1.53
19950925	11.48	12.8	0.62
19950926	3.41	10.92	1.22
19950927	7.92	7.36	1.17
19950928	3.07	8.09	1.02
19950929	1.19	8.62	0.77
19950930	4.54	11.8	0.63
19951001	0.75	11.99	0.74
19951002	0.12	13.74	0.57
19951003	2.26	13.93	0.51
19951004	1.28	12.07	0.62
19951005	1.5	11.92	0.49
19951006	5.3	13.53	0.59
19951007	2.65	14.42	0.63
19951008	0.01	17.87	0.56
19951009	0.0	14.43	0.5
19951010	0.0	11.36	0.47
19951011	0.01	13.92	0.46
19951012	0.0	15.41	0.45
19951013	0.01	12.75	0.44
19951014	0.0	13.33	0.44
19951015	0.0	13.23	0.44
19951016	2.85	13.59	0.45
19951017	0.82	11.97	0.52
19951018	0.07	10.21	0.45
19951019	1.79	11.47	0.43
19951020	0.15	7.02	0.46
19951021	0.0	9.16	0.41
19951022	0.0	11.48	0.39
19951023	0.0	11.79	0.4
19951024	13.38	11.81	0.87
19951025	0.04	10.04	0.76
19951026	0.9	11.43	0.48
19951027	1.29	8.03	0.44
19951028	0.08	5.94	0.42
19951029	0.01	7.21	0.4
19951030	0.0	10.09	0.41
19951031	1.14	10.7	0.42
19951101	0.0	7.81	0.47
19951102	0.0	7.94	0.42
19951103	0.0	4.13	0.41
19951104	0.0	3.65	0.39
19951105	0.0	3.77	0.39
19951106	0.08	5.23	0.4
19951107	0.46	10.33	0.41
19951108	2.81	9.1	0.44
19951109	0.11	4.79	0.47
19951110	5.18	6.55	0.48
19951111	9.39	9.86	0.75
19951112	0.16	10.73	0.72
19951113	7.48	9.81	0.57
19951114	3.95	9.16	1.14
19951115	8.18	7.07	0.95
19951116	0.26	1.49	1.1
19951117	0.04	0.18	0.67
19951118	1.71	2.42	0.53
19951119	0.11	5.94	0.62
19951120	0.67	5.89	0.53
19951121	2.68	7.25	0.55
19951122	0.25	7.29	0.54
19951123	0.94	9.72	0.49
19951124	2.1	8.67	0.5
19951125	1.81	7.16	0.52
19951126	0.2	6.41	0.53
19951127	0.37	6.4	0.49
19951128	1.8	6.8	0.48
19951129	0.22	6.51	0.5
19951130	0.16	5.08	0.48
19951201	0.31	5.9	0.46
19951202	0.81	8.27	0.45
19951203	8.25	7.63	0.91
19951204	0.66	3.23	0.83
19951205	2.03	0.22	0.63
19951206	3.27	-0.09	0.61
19951207	1.32	-1.05	0.63
19951208	0.65	0.33	0.59
19951209	0.07	1.22	0.56
19951210	0.04	1.74	0.54
19951211	0.03	1.81	0.51
19951212	0.39	4.46	0.5
19951213	1.29	4.01	0.63
19951214	0.01	3.01	0.56
19951215	0.28	2.38	0.53
19951216	0.0	2.95	0.51
19951217	0.0	3.65	0.49
19951218	0.14	3.23	0.48
19951219	2.61	1.38	0.49
19951220	0.01	-0.98	0.5
19951221	16.55	1.59	0.5
19951222	7.36	4.08	2.58
19951223	0.76	0.49	1.39
19951224	0.38	-0.96	1.02
19951225	0.05	-3.13	0.81
19951226	0.0	-4.03	0.69
19951227	0.01	-4.81	0.59
19951228	0.0	-5.62	0.5
19951229	0.0	-4.05	0.51
19951230	0.43	-1.04	0.61
19951231	2.43	0.85	0.65
19960101	1.33	2.19	0.74
19960102	0.08	2.54	0.63
19960103	0.07	3.44	0.59
19960104	0.62	4.23	0.62
19960105	5.06	4.6	0.8
19960106	5.59	5.15	0.95
19960107	1.39	6.48	1.17
19960108	5.12	7.71	1.24
19960109	0.46	7.63	1.12
19960110	0.01	6.41	0.92
19960111	2.11	6.67	0.87
19960112	2.91	8.3	0.87
19960113	0.17	7.89	0.89
19960114	0.01	7.0	0.77
19960115	0.04	5.03	0.7
19960116	0.05	4.84	0.66
19960117	0.03	5.5	0.64
19960118	0.06	4.4	0.64
19960119	0.12	4.03	0.61
19960120	0.23	1.45	0.58
19960121	0.28	-0.16	0.56
19960122	0.05	0.92	0.55
19960123	0.01	-0.2	0.53
19960124	0.01	-1.0	0.51
19960125	0.12	-2.22	0.48
19960126	5.37	-2.76	0.47
19960127	0.43	-2.75	0.5
19960128	0.05	-1.79	0.52
19960129	0.02	-0.5	0.48
19960130	0.01	-1.24	0.48
19960131	0.01	-2.64	0.48
19960201	0.02	-1.4	0.47
19960202	0.0	-0.13	0.48
19960203	0.03	0.49	0.47
19960204	0.01	-0.75	0.47
19960205	0.71	-1.45	0.47
19960206	1.62	-2.68	0.5
19960207	1.02	-2.57	0.49
19960208	3.92	0.44	0.54
19960209	2.57	3.24	0.66
19960210	13.02	4.78	1.54
19960211	15.14	3.07	2.82
19960212	9.72	1.98	4.32
19960213	0.37	1.28	2.37
19960214	0.02	1.26	1.64
19960215	5.02	4.65	1.38
19960216	1.49	5.85	1.82
19960217	17.96	5.07	2.09
19960218	7.59	1.54	4.65
19960219	0.87	-1.06	2.7
19960220	0.25	-0.94	1.95
19960221	2.17	0.59	1.58
19960222	0.92	0.82	1.51
19960223	3.22	3.57	1.4
19960224	8.35	2.97	1.98
19960225	2.21	1.33	1.99
19960226	0.88	1.7	1.68
19960227	0.22	2.69	1.43
19960228	0.01	3.09	1.29
19960229	0.06	4.77	1.17
19960301	0.06	5.8	1.1
19960302	0.33	5.89	1.04
19960303	0.66	5.72	0.99
19960304	0.02	5.75	0.95
19960305	0.11	3.98	0.89
19960306	0.35	5.34	0.92
19960307	0.0	4.0	0.88
19960308	3.18	2.2	0.79
19960309	0.02	2.7	0.89
19960310	0.0	3.55	0.76
19960311	11.5	0.92	1.04
19960312	0.26	-1.79	1.21
19960313	0.08	-1.53	0.81
19960314	0.01	0.62	0.7
19960315	0.28	2.23	0.67
19960316	5.23	1.33	0.92
19960317	0.05	3.0	0.79
19960318	0.01	3.33	0.7
19960319	0.01	2.81	0.65
19960320	2.74	2.69	0.64
19960321	2.77	4.23	0.76
19960322	3.21	4.48	0.82
19960323	1.55	6.0	0.87
19960324	0.18	3.7	0.81
19960325	0.06	2.92	0.74
19960326	0.14	1.35	0.68
19960327	0.82	2.38	0.63
19960328	2.23	3.11	0.72
19960329	0.03	1.91	0.66
19960330	0.01	3.07	0.62
19960331	0.01	1.7	0.6
19960401	0.01	2.3	0.59
19960402	0.0	4.73	0.55
19960403	0.0	3.69	0.56
19960404	0.0	3.88	0.59
19960405	0.0	5.7	0.57
19960406	0.0	5.89	0.55
19960407	0.0	5.42	0.5
19960408	0.04	8.72	0.5
19960409	0.37	11.29	0.51
19960410	1.16	8.26	0.54
19960411	1.15	7.28	0.52
19960412	4.17	1.62	0.6
19960413	0.13	3.71	0.56
19960414	0.54	6.18	0.52
19960415	0.04	11.06	0.53
19960416	1.92	10.42	0.53
19960417	0.47	8.54	0.57
19960418	7.99	7.82	0.97
19960419	1.13	9.99	0.73
19960420	0.39	12.35	0.61
19960421	0.22	12.96	0.56
19960422	15.69	9.15	0.87
19960423	2.46	8.56	1.8
19960424	1.99	8.34	0.91
19960425	0.15	10.25	0.74
19960426	0.03	11.64	0.64
19960427	0.01	7.6	0.59
19960428	1.29	6.63	0.62
19960429	5.15	6.59	0.66
19960430	8.38	7.42	1.18
19960501	4.33	7.05	1.17
19960502	0.36	3.46	0.99
19960503	0.01	3.38	0.79
19960504	0.0	4.55	0.66
19960505	0.0	6.49	0.62
19960506	0.02	8.01	0.6
19960507	0.0	4.93	0.58
19960508	0.0	6.58	0.56
19960509	0.0	5.69	0.55
19960510	1.31	6.2	0.55
19960511	0.57	6.52	0.58
19960512	0.02	6.86	0.55
19960513	0.0	8.91	0.54
19960514	0.0	10.58	0.52
19960515	0.0	4.48	0.51
19960516	0.03	4.95	0.5
19960517	0.0	4.49	0.52
19960518	2.74	7.14	0.52
19960519	8.39	6.84	0.71
19960520	0.48	9.15	0.73
19960521	5.83	9.29	0.63
19960522	7.04	9.94	0.95
19960523	15.25	11.03	1.29
19960524	0.12	10.33	1.5
19960525	1.54	10.58	0.81
19960526	10.02	10.63	0.81
19960527	0.75	8.75	1.28
19960528	3.41	12.2	0.69
19960529	7.56	13.74	0.71
19960530	0.69	16.06	1.34
19960531	0.96	10.56	0.7
19960601	3.76	10.31	0.73
19960602	0.98	9.8	0.78
19960603	1.73	10.96	0.7
19960604	0.01	14.35	0.64
19960605	0.21	15.52	0.58
19960606	0.18	16.55	0.55
19960607	15.99	13.7	1.14
19960608	0.0	11.65	1.27
19960609	1.76	15.47	0.7
19960610	1.39	14.93	0.65
19960611	9.09	12.01	1.15
19960612	0.01	10.46	0.79
19960613	0.0	12.26	0.59
19960614	0.0	14.64	0.55
19960615	0.0	16.92	0.52
19960616	0.0	17.8	0.49
19960617	0.0	15.04	0.48
19960618	0.0	12.82	0.47
19960619	0.0	11.73	0.46
19960620	0.0	9.96	0.46
19960621	0.0	10.77	0.46
19960622	0.0	10.77	0.46
19960623	0.0	13.42	0.46
19960624	0.0	13.5	0.47
19960625	2.55	15.32	0.47
19960626	0.85	12.67	0.58
19960627	6.76	14.25	0.53
19960628	7.43	13.36	1.38
19960629	1.47	10.96	0.7
19960630	6.73	11.89	0.56
19960701	9.15	11.15	1.61
19960702	9.05	12.39	0.96
19960703	4.94	12.63	1.23
19960704	6.19	12.28	1.2
19960705	0.4	11.47	0.89
19960706	0.0	10.79	0.63
19960707	0.27	11.84	0.57
19960708	0.11	12.59	0.55
19960709	0.86	12.86	0.53
19960710	0.1	15.82	0.53
19960711	4.58	16.02	0.51
19960712	0.35	15.41	0.65
19960713	0.32	17.84	0.55
19960714	0.48	11.96	0.5
19960715	0.11	13.55	0.5
19960716	0.0	12.81	0.47
19960717	0.0	16.21	0.47
19960718	0.0	18.4	0.45
19960719	0.0	18.94	0.45
19960720	0.0	19.39	0.44
19960721	0.0	20.33	0.42
19960722	0.01	21.02	0.41
19960723	2.92	17.26	0.42
19960724	0.72	12.29	0.47
19960725	0.05	17.26	0.45
19960726	0.25	15.42	0.42
19960727	0.05	14.17	0.43
19960728	6.56	15.98	0.47
19960729	0.26	17.18	0.58
19960730	1.77	15.31	0.44
19960731	0.28	14.5	0.45
19960801	4.1	14.15	0.42
19960802	0.5	13.85	0.46
19960803	0.0	13.94	0.43
19960804	0.02	16.35	0.4
19960805	0.28	19.1	0.4
19960806	15.43	14.45	0.81
19960807	1.49	14.03	0.76
19960808	0.87	15.35	0.5
19960809	12.08	16.05	0.45
19960810	2.46	15.19	1.47
19960811	0.7	14.89	0.57
19960812	2.22	16.24	0.47
19960813	0.01	15.43	0.47
19960814	0.17	15.35	0.42
19960815	0.0	17.59	0.41
19960816	0.0	17.61	0.4
19960817	0.0	19.02	0.39
19960818	0.0	23.0	0.39
19960819	0.0	21.21	0.38
19960820	0.96	18.14	0.38
19960821	1.07	15.99	0.43
19960822	9.24	15.89	0.49
19960823	15.4	14.74	1.22
19960824	25.97	14.24	2.41
19960825	6.62	13.02	3.7
19960826	8.71	12.94	1.7
19960827	1.1	13.76	1.17
19960828	4.63	13.65	1.11
19960829	0.01	12.77	0.87
19960830	0.18	11.82	0.67
19960831	0.01	12.68	0.58
19960901	0.76	14.84	0.54
19960902	0.82	16.89	0.54
19960903	0.64	15.22	0.53
19960904	0.0	13.55	0.49
19960905	0.0	13.76	0.47
19960906	0.0	13.17	0.46
19960907	0.0	12.26	0.44
19960908	0.05	12.96	0.43
19960909	0.0	10.88	0.43
19960910	0.01	11.27	0.43
19960911	2.0	12.01	0.45
19960912	0.04	9.25	0.47
19960913	0.0	9.04	0.42
19960914	0.0	11.85	0.41
19960915	0.0	13.28	0.41
19960916	0.0	14.48	0.42
19960917	0.0	12.79	0.41
19960918	0.06	11.99	0.4
19960919	0.93	12.11	0.4
19960920	0.0	12.16	0.4
19960921	0.64	8.62	0.41
19960922	0.02	10.05	0.42
19960923	0.0	9.84	0.43
19960924	3.25	12.15	0.44
19960925	0.02	12.25	0.49
19960926	3.73	12.74	0.48
19960927	0.17	12.48	0.56
19960928	23.29	13.97	0.91
19960929	12.68	12.26	2.7
19960930	0.38	9.68	1.02
19961001	2.21	8.72	0.69
19961002	0.03	11.63	0.58
19961003	12.68	10.61	1.06
19961004	6.36	8.29	1.32
19961005	1.65	9.9	0.97
19961006	0.36	11.45	0.75
19961007	2.52	11.74	0.67
19961008	3.12	8.63	0.86
19961009	1.14	8.98	0.83
19961010	0.05	8.41	0.66
19961011	0.01	10.99	0.61
19961012	0.0	12.64	0.59
19961013	0.0	14.06	0.56
19961014	4.74	12.2	0.65
19961015	1.25	8.08	0.75
19961016	3.07	7.84	0.75
19961017	9.68	9.12	0.77
19961018	3.34	10.72	1.45
19961019	4.08	11.4	1.02
19961020	15.86	11.82	2.94
19961021	0.04	10.46	1.65
19961022	0.02	12.47	1.15
19961023	0.03	13.14	0.99
19961024	2.46	13.42	0.88
19961025	1.42	9.78	0.87
19961026	3.79	9.87	0.8
19961027	1.69	11.83	0.92
19961028	7.83	9.07	1.2
19961029	0.04	6.74	1.16
19961030	3.27	8.79	0.84
19961031	14.55	9.67	2.62
19961101	6.99	11.66	1.97
19961102	7.04	13.64	2.03
19961103	6.33	11.86	2.28
19961104	12.92	9.02	2.25
19961105	14.15	9.19	3.84
19961106	10.16	7.49	4.45
19961107	4.03	3.09	4.89
19961108	3.16	5.25	2.72
19961109	5.09	3.78	3.07
19961110	0.3	1.95	2.26
19961111	7.19	4.44	1.91
19961112	0.2	2.73	2.33
19961113	0.09	3.29	1.65
19961114	1.3	6.54	1.48
19961115	1.73	7.86	1.42
19961116	10.47	7.33	1.82
19961117	5.54	1.27	3.19
19961118	0.76	0.27	2.04
19961119	22.14	0.57	2.54
19961120	0.14	-0.37	3.6
19961121	4.17	1.34	2.22
19961122	4.48	0.77	2.64
19961123	4.93	0.89	2.49
19961124	22.27	2.63	4.07
19961125	0.88	3.35	7.02
19961126	0.0	2.0	4.12
19961127	0.0	0.07	2.94
19961128	12.95	2.23	2.82
19961129	13.79	4.93	6.31
19961130	2.36	5.21	6.66
19961201	7.69	6.82	5.81
19961202	11.11	4.11	4.75
19961203	12.52	5.57	5.79
19961204	2.28	3.24	6.51
19961205	0.21	1.73	4.54
19961206	0.01	0.97	3.3
19961207	0.03	0.82	2.69
19961208	0.02	1.73	2.35
19961209	0.03	1.67	2.03
19961210	0.06	1.78	1.73
19961211	0.0	2.76	1.57
19961212	0.23	2.11	1.41
19961213	0.0	-0.11	1.29
19961214	0.94	3.3	1.21
19961215	0.64	6.25	1.26
19961216	0.18	3.25	1.18
19961217	3.04	4.02	1.1
19961218	20.31	6.52	2.42
19961219	17.46	2.67	4.99
19961220	0.72	1.04	4.33
19961221	0.0	0.27	2.88
19961222	0.93	1.52	2.15
19961223	0.28	1.15	1.9
19961224	0.05	0.69	1.71
19961225	0.0	-0.41	1.52
19961226	1.92	-0.91	1.42
19961227	1.38	1.2	1.34
19961228	0.02	-0.77	1.18
19961229	2.49	0.47	1.1
19961230	0.85	-0.54	1.18
19961231	3.21	-2.24	1.07
19970101	0.3	-2.47	1.0
19970102	0.19	-2.04	0.95
19970103	0.02	-1.37	0.91
19970104	0.0	-0.46	0.88
19970105	0.22	0.77	0.85
19970106	0.05	-0.76	0.86
19970107	0.0	-2.13	0.83
19970108	0.06	-1.13	0.82
19970109	0.06	0.55	0.81
19970110	0.78	-0.62	0.77
19970111	0.81	4.24	0.81
19970112	0.02	7.69	1.64
19970113	0.0	5.64	2.19
19970114	0.0	4.37	1.41
19970115	0.02	2.03	0.99
19970116	0.03	2.38	0.94
19970117	0.02	4.96	0.92
19970118	0.03	4.6	0.9
19970119	0.54	2.09	0.86
19970120	0.02	1.13	0.83
19970121	2.84	0.32	0.79
19970122	2.11	0.9	1.02
19970123	0.34	2.36	0.83
19970124	0.84	4.7	0.82
19970125	0.03	4.96	0.82
19970126	0.02	4.68	0.75
19970127	0.53	3.72	0.75
19970128	0.09	2.27	0.73
19970129	0.01	2.92	0.68
19970130	0.0	2.3	0.67
19970131	0.02	3.25	0.66
19970201	2.83	2.83	0.64
19970202	0.07	2.34	0.78
19970203	15.13	4.25	0.79
19970204	2.53	5.28	2.65
19970205	0.38	4.75	1.44
19970206	8.38	7.47	1.13
19970207	0.02	3.75	2.02
19970208	2.25	4.74	1.27
19970209	1.15	7.89	1.25
19970210	2.31	5.5	1.33
19970211	13.22	7.55	1.65
19970212	13.87	6.77	4.23
19970213	4.82	2.58	5.75
19970214	0.02	3.18	3.12
19970215	0.24	4.86	2.19
19970216	2.27	5.42	1.94
19970217	11.64	5.74	2.47
19970218	2.29	3.25	2.92
19970219	12.24	6.23	4.26
19970220	8.73	7.62	4.38
19970221	0.48	7.57	3.78
19970222	0.37	8.33	2.55
19970223	7.54	7.11	3.01
19970224	10.69	4.64	3.65
19970225	7.37	5.71	3.7
19970226	8.31	4.02	4.74
19970227	4.27	6.7	4.1
19970228	0.36	7.13	3.15
19970301	9.52	7.28	2.65
19970302	0.01	4.39	3.55
19970303	0.44	3.88	2.22
19970304	0.24	5.06	1.96
19970305	4.07	4.42	1.94
19970306	0.04	5.94	1.89
19970307	0.01	6.57	1.66
19970308	0.0	6.11	1.54
19970309	0.38	6.56	1.45
19970310	0.01	6.91	1.25
19970311	0.0	10.5	1.11
19970312	0.0	9.01	1.04
19970313	6.44	9.39	0.98
19970314	4.81	8.98	1.33
19970315	3.41	9.41	1.45
19970316	1.56	9.89	1.35
19970317	2.27	10.39	1.23
19970318	9.07	7.2	1.92
19970319	0.12	5.92	2.17
19970320	1.82	4.98	1.71
19970321	0.03	5.47	1.53
19970322	9.6	8.55	1.42
19970323	3.6	6.97	2.43
19970324	0.57	6.73	2.15
19970325	0.04	8.88	1.8
19970326	0.19	9.32	1.56
19970327	10.93	6.98	1.86
19970328	0.16	6.05	2.25
19970329	0.0	6.6	1.56
19970330	0.02	5.25	1.33
19970331	0.0	7.64	1.21
19970401	0.0	9.75	1.15
19970402	1.46	8.68	1.18
19970403	0.57	4.1	1.2
19970404	0.55	7.17	1.02
19970405	1.45	8.08	0.95
19970406	0.01	8.63	0.92
19970407	0.0	6.98	0.9
19970408	0.0	9.03	0.88
19970409	0.0	9.93	0.79
19970410	0.0	9.46	0.76
19970411	0.0	4.94	0.72
19970412	0.0	7.68	0.7
19970413	0.06	7.98	0.69
19970414	0.46	8.97	0.69
19970415	0.0	7.27	0.67
19970416	0.0	10.15	0.66
19970417	0.0	7.79	0.64
19970418	0.02	6.93	0.63
19970419	0.0	3.41	0.63
19970420	0.0	2.99	0.61
19970421	3.18	4.34	0.74
19970422	0.06	6.22	0.64
19970423	0.09	9.92	0.61
19970424	5.6	8.17	0.6
19970425	6.3	5.77	1.05
19970426	2.8	8.43	0.92
19970427	3.47	12.6	0.76
19970428	22.57	10.34	3.07
19970429	0.05	8.39	1.77
19970430	0.0	12.4	1.11
19970501	0.0	14.8	0.93
19970502	0.0	15.62	0.91
19970503	3.92	15.92	0.85
19970504	6.91	12.28	1.05
19970505	22.1	5.62	4.29
19970506	5.53	3.43	2.13
19970507	21.7	4.19	3.77
19970508	2.62	4.39	6.01
19970509	0.14	7.38	3.02
19970510	3.22	8.25	2.25
19970511	2.41	8.65	1.95
19970512	1.26	9.48	1.6
19970513	3.01	9.33	1.47
19970514	0.06	10.48	1.2
19970515	0.0	12.55	1.06
19970516	2.61	11.81	1.12
19970517	1.69	14.04	1.21
19970518	0.33	14.47	1.07
19970519	11.68	12.24	1.51
19970520	4.02	12.2	1.66
19970521	0.0	7.46	1.34
19970522	0.0	7.46	1.01
19970523	0.0	6.6	0.83
19970524	0.0	7.53	0.77
19970525	0.0	10.92	0.73
19970526	0.0	12.95	0.72
19970527	0.0	10.89	0.7
19970528	0.0	10.98	0.68
19970529	0.0	15.68	0.65
19970530	0.0	16.92	0.65
19970531	0.0	15.34	0.63
19970601	0.0	12.44	0.61
19970602	0.0	12.76	0.61
19970603	0.0	13.13	0.6
19970604	0.0	14.97	0.6
19970605	0.49	16.86	0.61
19970606	1.85	16.87	0.63
19970607	0.84	16.64	0.68
19970608	2.93	13.65	0.73
19970609	0.06	14.62	0.62
19970610	11.31	16.16	0.68
19970611	12.78	15.11	1.23
19970612	5.69	14.99	1.73
19970613	3.21	12.87	1.02
19970614	4.82	9.99	0.85
19970615	2.55	8.83	1.07
19970616	0.0	11.54	0.78
19970617	0.06	12.67	0.66
19970618	0.56	14.08	0.63
19970619	4.6	10.89	0.77
19970620	6.43	11.06	0.82
19970621	11.11	10.47	1.68
19970622	11.38	12.88	1.7
19970623	0.26	11.72	1.09
19970624	4.92	11.71	0.84
19970625	12.53	9.93	1.23
19970626	6.32	9.04	1.83
19970627	4.51	10.92	1.34
19970628	3.83	11.69	1.6
19970629	0.1	11.46	1.19
19970630	6.26	10.5	1.2
19970701	1.26	10.37	1.63
19970702	1.9	12.42	1.24
19970703	3.79	12.0	1.19
19970704	0.05	13.32	1.05
19970705	0.17	14.77	0.91
19970706	0.09	16.83	0.84
19970707	0.0	17.42	0.82
19970708	0.0	18.49	0.77
19970709	0.11	19.18	0.77
19970710	0.0	15.41	0.81
19970711	0.0	17.03	0.74
19970712	1.78	17.8	0.69
19970713	2.68	15.85	0.88
19970714	1.63	15.73	0.84
19970715	2.11	16.77	0.72
19970716	8.17	14.42	0.78
19970717	1.48	13.87	1.28
19970718	0.01	14.62	0.77
19970719	0.0	17.28	0.66
19970720	0.01	17.27	0.62
19970721	0.0	17.07	0.61
19970722	0.0	17.11	0.6
19970723	3.02	18.41	0.6
19970724	10.54	15.78	1.05
19970725	0.45	15.39	0.93
19970726	12.89	15.03	1.37
19970727	0.53	15.78	1.11
19970728	0.0	15.46	0.71
19970729	8.37	17.84	0.85
19970730	2.39	14.86	1.0
19970731	13.68	14.03	1.02
19970801	3.39	14.11	1.92
19970802	0.0	14.25	1.1
19970803	0.02	14.25	0.84
19970804	0.0	16.2	0.75
19970805	0.0	16.25	0.69
19970806	0.0	19.41	0.66
19970807	0.0	19.53	0.64
19970808	0.0	21.36	0.62
19970809	0.0	19.24	0.62
19970810	0.0	22.18	0.6
19970811	0.07	20.67	0.61
19970812	0.33	21.77	0.62
19970813	5.45	16.69	0.75
19970814	0.02	17.41	0.65
19970815	0.0	18.91	0.58
19970816	0.0	20.86	0.56
19970817	0.97	19.3	0.57
19970818	0.19	20.08	0.63
19970819	0.39	21.91	0.56
19970820	0.24	20.34	0.55
19970821	13.17	16.93	1.19
19970822	4.34	17.48	0.85
19970823	6.35	18.08	0.7
19970824	3.61	14.76	1.08
19970825	0.24	14.77	0.71
19970826	0.63	15.76	0.6
19970827	1.73	13.37	0.89
19970828	19.94	14.68	2.12
19970829	8.82	13.79	1.81
19970830	6.52	13.98	3.02
19970831	17.23	15.19	1.58
19970901	0.17	12.98	1.05
19970902	5.29	15.87	1.56
19970903	6.18	12.9	1.23
19970904	0.07	14.25	1.03
19970905	0.04	13.5	1.1
19970906	6.29	13.55	1.16
19970907	0.08	13.9	1.16
19970908	0.01	13.53	0.97
19970909	0.0	11.8	0.81
19970910	0.02	14.02	0.78
19970911	5.55	13.25	0.86
19970912	7.25	9.68	1.22
19970913	6.15	9.53	1.37
19970914	0.07	12.57	1.11
19970915	3.02	14.03	0.96
19970916	2.04	12.55	1.03
19970917	0.03	14.73	0.92
19970918	0.36	13.05	0.85
19970919	0.03	10.92	0.79
19970920	0.0	11.37	0.76
19970921	0.0	10.78	0.74
19970922	0.0	11.31	0.71
19970923	0.0	10.66	0.65
19970924	0.03	13.62	0.68
19970925	0.05	12.79	0.64
19970926	0.0	12.75	0.65
19970927	0.0	11.26	0.63
19970928	0.88	14.34	0.63
19970929	0.32	13.26	0.65
19970930	21.66	14.35	0.96
19971001	2.17	13.05	2.49
19971002	0.12	11.04	1.02
19971003	0.1	13.54	0.81
19971004	0.06	13.65	0.72
19971005	0.83	13.87	0.69
19971006	6.53	12.2	0.91
19971007	7.43	10.38	1.58
19971008	21.93	11.75	1.81
19971009	6.9	12.12	3.8
19971010	2.91	10.25	2.38
19971011	1.48	7.24	1.9
19971012	2.18	6.16	1.49
19971013	0.2	4.77	1.32
19971014	9.79	7.66	1.47
19971015	4.15	9.59	2.03
19971016	4.69	12.9	2.51
19971017	0.02	12.54	1.87
19971018	0.0	13.9	1.56
19971019	0.32	12.31	1.42
19971020	0.0	7.52	1.27
19971021	0.01	5.49	1.13
19971022	0.0	4.97	1.06
19971023	0.0	4.58	0.96
19971024	0.0	3.89	0.89
19971025	0.0	5.18	0.85
19971026	0.0	5.37	0.82
19971027	0.0	5.46	0.8
19971028	0.0	2.34	0.75
19971029	0.11	4.74	0.72
19971030	0.58	5.22	0.72
19971031	0.01	8.13	0.72
19971101	0.79	9.62	0.71
19971102	0.59	8.94	0.72
19971103	0.03	7.05	0.71
19971104	4.2	8.5	0.71
19971105	1.22	10.12	0.84
19971106	0.3	7.2	0.74
19971107	8.15	6.62	0.75
19971108	4.65	6.56	1.29
19971109	1.33	5.58	1.02
19971110	12.49	6.27	2.48
19971111	0.75	6.33	1.58
19971112	0.45	6.06	1.18
19971113	0.93	3.96	1.03
19971114	1.29	7.43	0.95
19971115	1.16	12.09	0.93
19971116	2.74	12.32	1.14
19971117	2.44	11.07	1.06
19971118	1.68	10.25	1.05
19971119	7.19	9.18	1.18
19971120	10.82	5.44	2.55
19971121	0.04	4.89	2.03
19971122	0.03	4.93	1.43
19971123	3.22	6.09	1.28
19971124	0.15	5.99	1.35
19971125	2.39	5.76	1.26
19971126	3.4	7.53	1.24
19971127	3.07	6.8	1.23
19971128	11.82	8.04	1.82
19971129	6.25	6.67	3.62
19971130	0.02	2.64	2.54
19971201	0.22	-0.87	1.95
19971202	0.04	-1.29	1.65
19971203	0.56	0.73	1.43
19971204	0.25	1.61	1.25
19971205	4.37	5.38	1.15
19971206	0.3	7.93	1.67
19971207	1.91	8.44	1.33
19971208	4.38	8.02	1.41
19971209	13.35	8.98	1.64
19971210	4.41	8.97	3.69
19971211	7.18	5.47	3.43
19971212	0.04	4.03	2.41
19971213	0.01	5.14	1.84
19971214	0.07	4.95	1.65
19971215	0.11	3.16	1.51
19971216	0.01	1.89	1.5
19971217	2.53	1.71	1.42
19971218	6.27	5.28	1.92
19971219	0.07	4.9	1.62
19971220	0.0	4.32	1.38
19971221	0.21	4.09	1.28
19971222	4.91	3.87	1.36
19971223	12.06	8.3	2.57
19971224	3.41	8.58	2.76
19971225	17.71	6.78	2.77
19971226	10.27	5.51	7.02
19971227	4.36	4.32	5.46
19971228	6.39	4.62	4.67
19971229	1.52	5.68	3.68
19971230	10.81	6.72	3.54
19971231	0.07	3.49	4.37
19980101	4.61	4.48	3.13
19980102	12.21	6.02	2.92
19980103	4.74	4.69	6.82
19980104	12.86	3.36	5.04
19980105	0.7	1.85	4.56
19980106	7.25	3.68	3.85
19980107	8.57	3.94	3.79
19980108	16.33	8.0	8.67
19980109	0.03	10.23	5.52
19980110	0.0	8.98	3.46
19980111	0.49	7.58	2.72
19980112	1.56	8.33	2.35
19980113	9.51	6.23	2.51
19980114	4.18	5.05	3.05
19980115	2.29	5.8	2.72
19980116	0.62	4.43	2.31
19980117	10.41	5.79	2.09
19980118	16.36	3.91	8.26
19980119	0.01	0.34	5.0
19980120	0.15	0.6	3.04
19980121	0.4	2.93	2.49
19980122	1.19	1.99	2.22
19980123	0.17	1.22	1.97
19980124	0.01	2.16	1.8
19980125	0.11	1.84	1.64
19980126	0.0	1.45	1.48
19980127	0.0	-1.04	1.37
19980128	0.0	0.43	1.29
19980129	0.0	3.68	1.21
19980130	0.05	3.47	1.14
19980131	0.06	0.41	1.1
19980201	0.13	0.63	1.06
19980202	0.0	1.03	1.03
19980203	0.77	1.86	1.0
19980204	0.2	5.2	1.0
19980205	0.6	6.24	0.96
19980206	6.08	4.64	1.08
19980207	0.42	4.07	1.2
19980208	0.06	7.17	1.0
19980209	0.99	8.83	0.96
19980210	0.34	9.11	0.93
19980211	0.04	11.12	0.9
19980212	0.02	11.73	0.83
19980213	0.0	11.45	0.81
19980214	0.19	11.7	0.79
19980215	0.22	10.97	0.78
19980216	1.28	6.67	0.77
19980217	0.1	7.98	0.75
19980218	0.01	6.69	0.77
19980219	0.01	9.41	0.75
19980220	2.54	9.35	0.75
19980221	1.39	5.52	0.91
19980222	4.67	6.25	0.77
19980223	2.61	8.49	1.32
19980224	0.03	7.78	0.95
19980225	0.0	7.15	0.81
19980226	3.44	7.22	0.89
19980227	8.2	4.39	1.09
19980228	4.07	2.18	1.19
19980301	3.0	4.36	1.2
19980302	14.08	7.97	1.58
19980303	28.23	6.67	7.53
19980304	7.78	3.76	8.34
19980305	14.03	4.29	4.84
19980306	33.73	6.09	19.41
19980307	4.66	6.27	12.4
19980308	0.2	1.39	5.7
19980309	0.03	3.73	3.68
19980310	7.74	5.38	3.29
19980311	0.15	3.07	3.6
19980312	4.72	4.32	2.83
19980313	0.05	6.43	2.55
19980314	0.03	7.76	2.01
19980315	0.0	8.05	1.78
19980316	0.36	8.24	1.62
19980317	0.08	8.2	1.53
19980318	0.01	5.46	1.41
19980319	0.01	7.02	1.31
19980320	0.02	7.77	1.21
19980321	0.0	5.0	1.11
19980322	0.0	7.94	1.07
19980323	2.3	5.41	1.04
19980324	11.87	5.65	1.22
19980325	7.71	8.33	2.24
19980326	0.97	9.4	2.86
19980327	0.0	11.3	1.84
19980328	0.0	11.8	1.45
19980329	7.2	12.4	1.62
19980330	0.02	9.53	1.58
19980331	0.0	9.45	1.26
19980401	3.95	6.64	1.2
19980402	12.19	6.57	1.56
19980403	7.01	8.54	3.26
19980404	14.45	8.66	5.13
19980405	6.88	7.59	5.9
19980406	1.33	7.18	3.69
19980407	1.28	6.96	2.57
19980408	17.59	6.0	2.27
19980409	2.93	3.26	6.77
19980410	9.59	2.48	3.93
19980411	0.29	1.98	3.4
19980412	0.39	2.08	2.66
19980413	3.2	2.29	2.28
19980414	11.54	2.11	3.12
19980415	1.42	2.47	2.94
19980416	0.17	5.06	2.51
19980417	0.03	4.83	2.39
19980418	0.01	5.35	2.05
19980419	3.95	7.32	1.97
19980420	1.94	5.98	2.26
19980421	4.59	8.78	1.89
19980422	10.06	11.6	2.65
19980423	3.33	9.21	3.48
19980424	1.18	10.35	2.29
19980425	1.07	9.9	1.87
19980426	3.26	7.1	1.82
19980427	1.03	8.66	1.65
19980428	0.93	8.24	1.64
19980429	0.04	10.39	1.43
19980430	0.0	7.01	1.27
19980501	0.0	7.69	1.18
19980502	0.41	10.01	1.09
19980503	0.01	8.08	1.03
19980504	2.09	9.55	1.01
19980505	16.5	9.2	1.95
19980506	2.32	11.16	2.22
19980507	0.05	12.05	1.45
19980508	3.91	14.82	1.27
19980509	0.02	11.97	1.21
19980510	4.6	10.15	1.14
19980511	0.28	9.33	1.18
19980512	0.01	12.73	1.05
19980513	0.01	16.71	0.97
19980514	0.26	15.46	0.9
19980515	0.0	14.71	0.82
19980516	0.0	13.76	0.78
19980517	0.0	13.0	0.75
19980518	0.0	14.98	0.73
19980519	0.0	15.99	0.72
19980520	0.0	15.48	0.71
19980521	0.0	11.81	0.68
19980522	0.03	12.57	0.69
19980523	0.26	11.32	0.67
19980524	0.28	12.13	0.67
19980525	1.53	11.2	0.69
19980526	0.36	7.15	0.69
19980527	0.67	8.51	0.66
19980528	3.51	11.7	0.71
19980529	0.1	12.93	0.67
19980530	0.32	13.37	0.62
19980531	0.09	12.79	0.61
19980601	10.89	13.39	0.7
19980602	22.74	8.9	2.26
19980603	3.4	9.51	1.84
19980604	0.01	11.78	0.96
19980605	3.11	12.55	0.77
19980606	6.41	14.1	1.2
19980607	4.6	12.12	1.19
19980608	12.84	13.72	1.9
19980609	8.7	13.37	1.95
19980610	9.16	10.67	2.16
19980611	2.1	8.2	2.33
19980612	2.01	10.13	1.46
19980613	2.67	11.04	1.29
19980614	1.82	11.39	1.27
19980615	5.7	10.99	2.24
19980616	0.44	10.74	1.55
19980617	13.93	12.7	1.68
19980618	4.29	15.7	3.7
19980619	0.01	19.39	2.28
19980620	0.61	18.85	1.7
19980621	0.18	15.35	1.45
19980622	2.2	14.3	1.31
19980623	0.14	17.59	1.28
19980624	1.8	13.86	1.14
19980625	7.02	14.0	1.27
19980626	16.53	12.95	1.9
19980627	6.39	12.56	3.27
19980628	2.73	13.61	2.08
19980629	0.77	12.4	1.6
19980630	1.77	12.12	1.36
19980701	0.12	13.21	1.29
19980702	0.01	13.51	1.13
19980703	0.14	14.05	1.02
19980704	0.08	14.56	0.97
19980705	1.31	13.47	0.95
19980706	0.39	13.24	0.95
19980707	0.06	13.24	0.89
19980708	5.19	14.56	0.9
19980709	0.07	13.31	1.07
19980710	0.56	14.9	0.9
19980711	2.31	14.49	0.85
19980712	4.39	13.19	1.08
19980713	3.57	12.42	1.18
19980714	2.52	12.77	0.99
19980715	0.05	13.28	0.91
19980716	4.02	15.08	0.79
19980717	7.37	12.93	1.85
19980718	0.45	13.59	1.16
19980719	5.64	15.41	0.98
19980720	9.67	16.5	1.65
19980721	1.81	15.15	2.01
19980722	3.4	15.96	1.12
19980723	0.76	12.55	1.05
19980724	0.58	12.3	0.91
19980725	0.0	15.01	0.79
19980726	2.53	14.3	0.79
19980727	4.09	15.6	1.15
19980728	3.81	15.48	1.08
19980729	14.96	13.83	1.71
19980730	9.41	14.18	3.83
19980731	5.63	13.98	2.0
19980801	1.09	12.14	2.19
19980802	3.45	15.29	1.43
19980803	11.77	13.81	3.24
19980804	0.08	15.04	2.25
19980805	0.01	14.47	1.64
19980806	1.7	16.54	1.46
19980807	0.01	16.65	1.38
19980808	0.0	17.84	1.26
19980809	0.01	18.29	1.19
19980810	0.0	17.86	1.07
19980811	0.36	18.6	0.93
19980812	1.9	13.69	0.92
19980813	2.16	15.16	0.91
19980814	9.14	15.12	1.34
19980815	0.01	14.06	1.19
19980816	0.63	15.59	0.87
19980817	0.14	14.27	0.88
19980818	0.0	12.83	0.86
19980819	0.02	16.6	0.79
19980820	13.89	14.42	0.94
19980821	3.96	13.0	1.58
19980822	2.24	12.79	1.54
19980823	21.69	13.13	3.41
19980824	0.1	11.81	2.59
19980825	15.63	12.45	2.15
19980826	0.06	10.25	4.56
19980827	0.0	12.2	2.03
19980828	0.0	13.59	1.62
19980829	0.0	14.14	1.52
19980830	0.0	15.21	1.42
19980831	6.07	14.64	1.35
19980901	4.03	14.07	1.7
19980902	0.03	15.79	1.33
19980903	0.0	14.32	1.26
19980904	2.19	15.86	1.39
19980905	0.54	13.83	1.46
19980906	0.81	15.51	1.38
19980907	3.12	17.15	1.24
19980908	4.0	16.26	1.06
19980909	9.79	14.83	1.38
19980910	6.82	11.86	1.56
19980911	5.88	9.95	2.14
19980912	5.62	7.85	2.62
19980913	0.1	9.34	1.77
19980914	0.27	11.48	1.38
19980915	1.59	11.1	1.26
19980916	0.19	10.73	1.16
19980917	0.13	13.38	1.05
19980918	0.2	13.32	1.03
19980919	0.01	15.82	0.98
19980920	0.01	16.32	0.93
19980921	0.01	13.21	0.9
19980922	0.0	13.74	0.85
19980923	0.0	13.8	0.82
19980924	0.0	13.49	0.82
19980925	0.0	13.84	0.81
19980926	0.11	14.08	0.79
19980927	0.03	13.61	0.79
19980928	0.1	12.58	0.79
19980929	6.71	12.94	0.76
19980930	28.27	12.74	2.81
19981001	5.34	12.79	2.93
19981002	0.27	7.74	2.05
19981003	0.42	9.19	1.73
19981004	0.73	8.35	1.56
19981005	5.21	9.87	1.37
19981006	0.2	8.79	1.42
19981007	0.14	9.11	1.22
19981008	0.0	6.8	1.21
19981009	8.25	10.61	1.73
19981010	6.28	10.36	1.63
19981011	4.26	10.02	2.11
19981012	1.4	10.08	1.56
19981013	21.88	13.34	2.53
19981014	0.49	10.31	6.06
19981015	1.99	8.72	2.54
19981016	22.31	11.32	6.45
19981017	6.83	4.56	7.02
19981018	3.5	6.35	3.95
19981019	7.08	6.19	3.8
19981020	4.64	9.87	3.22
19981021	3.92	14.34	2.74
19981022	41.67	13.46	9.8
19981023	5.09	8.45	13.38
19981024	25.47	9.02	13.19
19981025	9.21	6.79	9.29
19981026	20.65	8.64	7.45
19981027	21.31	10.24	18.35
19981028	12.84	7.6	10.99
19981029	16.72	6.38	11.21
19981030	3.37	6.73	8.99
19981031	0.34	3.96	5.51
19981101	7.2	5.0	4.56
19981102	5.34	5.12	4.5
19981103	1.77	3.05	3.87
19981104	8.17	2.67	3.29
19981105	5.77	6.15	5.74
19981106	0.07	6.17	3.94
19981107	6.85	8.76	3.03
19981108	6.55	11.68	3.95
19981109	0.59	8.95	3.8
19981110	1.96	5.79	2.69
19981111	2.54	6.76	2.59
19981112	17.65	6.48	5.13
19981113	0.95	4.36	5.68
19981114	0.35	4.9	3.51
19981115	0.21	2.11	2.88
19981116	0.13	1.29	2.43
19981117	0.09	1.85	2.11
19981118	1.48	3.29	1.96
19981119	0.03	3.42	1.81
19981120	0.03	4.03	1.74
19981121	0.01	4.62	1.72
19981122	3.88	3.37	1.7
19981123	6.38	4.31	1.65
19981124	0.6	4.79	2.39
19981125	9.38	5.14	2.47
19981126	4.59	7.38	4.17
19981127	6.16	8.37	2.5
19981128	1.7	5.38	3.66
19981129	0.09	3.35	2.58
19981130	0.05	3.79	2.02
19981201	0.03	3.3	1.74
19981202	0.0	1.22	1.69
19981203	2.26	1.18	1.71
19981204	0.12	0.49	1.65
19981205	1.29	-1.3	1.59
19981206	0.75	-0.31	1.58
19981207	8.29	4.65	1.52
19981208	6.69	5.43	3.91
19981209	0.21	4.87	2.19
19981210	3.0	6.41	2.01
19981211	2.21	7.35	1.95
19981212	10.64	7.03	3.53
19981213	9.08	9.16	4.55
19981214	1.52	10.02	3.56
19981215	0.59	6.19	2.72
19981216	0.01	7.43	2.33
19981217	2.38	6.81	2.05
19981218	6.78	5.24	2.29
19981219	0.73	2.23	2.98
19981220	0.03	-1.37	2.29
19981221	1.5	0.4	2.05
19981222	3.22	2.95	2.02
19981223	0.22	2.09	2.13
19981224	4.12	5.22	1.95
19981225	5.51	5.69	2.72
19981226	2.92	6.0	2.87
19981227	1.85	3.45	2.21
19981228	0.42	2.09	2.01
19981229	0.0	5.98	1.89
19981230	0.09	7.32	1.81
19981231	0.01	6.45	1.7
19990101	3.49	5.96	1.64
19990102	10.57	3.62	1.83
19990103	9.59	5.81	4.23
19990104	3.7	8.21	3.36
19990105	7.5	9.56	2.57
19990106	11.09	4.9	5.77
19990107	8.91	3.72	5.1
19990108	0.74	1.63	4.13
19990109	0.02	0.09	3.23
19990110	0.08	-0.44	2.63
19990111	2.88	-0.83	2.01
19990112	4.91	1.89	2.32
19990113	4.56	4.41	2.81
19990114	6.76	5.31	3.47
19990115	21.08	5.22	6.61
19990116	3.35	2.19	6.01
19990117	1.53	2.84	3.8
19990118	2.38	6.71	3.41
19990119	10.5	9.33	4.09
19990120	0.11	5.4	3.97
19990121	0.11	2.55	2.74
19990122	0.01	1.76	2.38
19990123	2.69	3.83	2.41
19990124	5.94	6.72	2.26
19990125	2.15	4.5	2.9
19990126	6.02	2.58	2.85
19990127	12.35	4.43	3.09
19990128	0.09	4.77	4.53
19990129	1.75	4.79	2.89
19990130	0.07	6.94	2.64
19990131	0.4	6.93	2.36
19990201	0.02	4.37	2.06
19990202	0.0	5.16	1.84
19990203	0.26	8.7	1.6
19990204	1.4	7.94	1.58
19990205	5.16	5.02	1.8
19990206	4.63	2.04	2.76
19990207	0.19	0.4	2.07
19990208	0.13	-1.4	1.65
19990209	0.0	-0.7	1.42
19990210	0.02	0.05	1.37
19990211	1.56	1.09	1.37
19990212	2.11	3.03	1.41
19990213	0.01	4.41	1.64
19990214	4.43	4.84	1.95
19990215	2.1	5.2	1.69
19990216	3.0	3.64	1.66
19990217	12.3	4.9	2.59
19990218	8.94	8.69	3.66
19990219	1.09	6.55	4.24
19990220	9.32	5.31	2.82
19990221	8.75	3.44	4.38
19990222	1.9	2.37	3.89
19990223	1.74	2.76	2.83
19990224	0.06	2.72	2.48
19990225	0.47	6.94	2.37
19990226	0.43	5.05	2.29
19990227	0.33	5.27	1.97
19990228	22.8	7.43	2.48
19990301	12.72	8.29	8.03
19990302	17.15	8.08	13.31
19990303	5.29	4.51	7.47
19990304	3.04	2.62	5.14
19990305	2.06	1.5	3.87
19990306	13.68	1.71	4.03
19990307	8.95	2.09	6.55
19990308	1.66	2.71	4.57
19990309	6.84	2.29	4.15
19990310	0.06	2.4	3.64
19990311	2.82	3.77	3.09
19990312	0.34	6.68	4.12
19990313	0.0	6.7	3.79
19990314	0.0	7.25	2.86
19990315	0.66	8.57	2.35
19990316	0.05	10.05	2.08
19990317	0.73	10.21	1.8
19990318	0.02	6.37	1.62
19990319	0.01	6.63	1.51
19990320	13.68	6.55	1.61
19990321	3.85	4.42	3.77
19990322	9.16	6.25	2.56
19990323	1.77	8.57	3.99
19990324	0.46	8.02	2.61
19990325	5.57	4.98	2.69
19990326	0.9	5.38	2.54
19990327	0.0	5.23	2.05
19990328	0.12	9.6	1.84
19990329	3.48	9.22	2.01
19990330	0.4	10.56	1.76
19990331	0.01	11.23	1.62
19990401	1.94	11.88	1.47
19990402	1.63	9.91	1.53
19990403	0.0	11.53	1.34
19990404	0.53	13.07	1.29
19990405	1.2	12.21	1.26
19990406	5.39	9.81	1.53
19990407	0.67	7.55	1.38
19990408	0.83	10.47	1.14
19990409	0.8	12.31	1.11
19990410	0.95	8.25	1.05
19990411	12.45	7.84	1.41
19990412	5.18	5.4	2.19
19990413	4.29	0.84	1.97
19990414	1.07	1.84	1.55
19990415	9.91	3.57	1.83
19990416	9.3	3.73	2.47
19990417	4.47	2.43	3.12
19990418	5.62	4.15	3.46
19990419	2.35	5.71	2.85
19990420	10.15	7.66	5.22
19990421	3.67	9.47	3.75
19990422	0.78	8.73	2.88
19990423	8.9	8.33	3.38
19990424	0.02	9.75	3.07
19990425	0.25	10.16	2.26
19990426	0.12	10.02	1.94
19990427	0.0	11.14	1.55
19990428	0.0	11.69	1.36
19990429	0.02	10.92	1.29
19990430	0.0	11.91	1.21
19990501	0.02	10.98	1.14
19990502	0.02	11.37	1.08
19990503	0.0	13.86	1.07
19990504	0.0	10.82	1.03
19990505	0.52	11.89	1.0
19990506	0.37	11.62	0.95
19990507	36.81	12.15	5.1
19990508	6.27	12.91	3.49
19990509	1.68	13.7	2.21
19990510	9.16	12.32	2.93
19990511	8.59	12.25	2.41
19990512	1.78	11.95	2.22
19990513	9.63	11.41	3.13
19990514	0.31	10.85	2.42
19990515	0.33	11.93	1.65
19990516	0.0	9.87	1.43
19990517	0.0	9.54	1.36
19990518	0.0	11.73	1.27
19990519	0.03	13.27	1.13
19990520	0.01	13.32	1.08
19990521	3.36	9.88	1.17
19990522	0.72	11.63	1.02
19990523	0.05	13.41	0.98
19990524	11.07	9.94	1.55
19990525	0.13	10.81	1.15
19990526	0.01	12.88	0.97
19990527	4.43	16.85	1.02
19990528	0.03	14.0	1.05
19990529	0.75	12.07	0.86
19990530	0.12	8.98	0.82
19990531	0.04	11.86	0.79
19990601	3.39	14.82	0.8
19990602	16.37	12.2	1.87
19990603	9.85	12.58	2.43
19990604	1.72	9.4	1.83
19990605	1.31	10.95	1.52
19990606	11.1	11.33	1.5
19990607	12.46	8.87	3.65
19990608	0.32	9.47	2.41
19990609	0.02	10.98	1.49
19990610	0.02	11.81	1.25
19990611	4.61	10.71	1.25
19990612	4.11	11.36	1.88
19990613	0.04	13.83	1.32
19990614	0.16	14.53	1.13
19990615	0.0	16.9	1.04
19990616	1.0	16.52	0.97
19990617	0.02	12.14	0.95
19990618	0.02	16.54	0.89
19990619	9.57	14.14	0.95
19990620	1.09	10.36	1.3
19990621	0.14	10.12	0.97
19990622	0.59	12.85	0.87
19990623	0.01	13.8	0.84
19990624	0.0	15.4	0.79
19990625	0.0	15.45	0.79
19990626	6.65	17.83	0.77
19990627	14.14	11.41	2.57
19990628	0.9	11.37	1.2
19990629	0.0	13.69	0.94
19990630	8.38	13.07	0.98
19990701	1.37	16.1	1.41
19990702	6.93	19.05	1.09
19990703	0.21	15.62	1.42
19990704	0.35	16.27	0.99
19990705	4.83	17.13	1.18
19990706	0.09	18.1	1.09
19990707	0.02	17.58	0.86
19990708	0.0	20.61	0.81
19990709	0.0	18.05	0.78
19990710	0.0	18.46	0.74
19990711	0.0	17.82	0.7
19990712	0.0	17.19	0.7
19990713	4.72	15.28	0.82
19990714	0.24	13.22	0.83
19990715	0.51	14.48	0.72
19990716	0.0	16.09	0.73
19990717	0.48	17.25	0.71
19990718	0.08	17.67	0.7
19990719	6.46	18.04	0.81
19990720	5.74	14.75	0.96
19990721	3.25	13.0	0.88
19990722	0.6	12.54	0.78
19990723	0.0	16.59	0.72
19990724	0.0	18.4	0.69
19990725	0.0	14.37	0.65
19990726	0.0	13.47	0.65
19990727	0.0	14.8	0.64
19990728	0.0	15.2	0.64
19990729	0.01	17.97	0.65
19990730	0.0	19.41	0.65
19990731	0.01	20.98	0.64
