date	precipitation	temperature	discharge_spec
19950801	0.0	20.33	3.62
19950802	0.0	18.93	3.21
19950803	0.0	17.42	2.86
19950804	0.0	15.66	2.6
19950805	0.0	16.0	2.3
19950806	0.0	14.12	2.06
19950807	0.0	12.85	1.9
19950808	0.0	13.98	1.74
19950809	0.0	14.97	1.6
19950810	0.0	17.94	1.45
19950811	4.54	19.37	1.35
19950812	7.67	14.66	1.2
19950813	1.99	13.59	1.14
19950814	0.22	14.99	1.09
19950815	0.02	16.97	1.02
19950816	0.01	15.73	0.92
19950817	0.0	17.87	0.85
19950818	0.08	20.65	0.8
19950819	0.0	19.35	0.74
19950820	0.0	19.01	0.69
19950821	9.1	18.63	0.65
19950822	0.16	14.62	0.65
19950823	6.19	12.93	0.63
19950824	13.17	13.92	0.74
19950825	4.65	11.59	1.35
19950826	4.57	11.56	1.51
19950827	3.82	10.36	1.64
19950828	8.47	11.76	1.7
19950829	0.95	13.2	1.91
19950830	0.44	13.4	1.96
19950831	0.05	14.62	1.91
19950901	6.51	13.21	1.82
19950902	6.67	10.6	1.82
19950903	2.0	12.57	1.94
19950904	0.3	12.47	1.84
19950905	0.74	10.91	1.77
19950906	0.77	11.06	1.73
19950907	6.78	13.61	1.62
19950908	0.76	10.48	1.6
19950909	0.02	11.88	1.55
19950910	0.03	11.48	1.43
19950911	2.9	12.93	1.32
19950912	1.46	12.39	1.32
19950913	3.59	10.89	1.32
19950914	0.03	10.66	1.2
19950915	0.01	10.13	1.1
19950916	0.0	11.97	1.04
19950917	0.0	11.64	0.99
19950918	0.0	11.93	0.91
19950919	0.0	10.24	0.85
19950920	2.33	12.31	0.8
19950921	3.87	10.99	0.76
19950922	7.82	10.8	0.77
19950923	44.34	9.65	2.3
19950924	37.4	8.65	4.14
19950925	19.16	9.9	9.52
19950926	12.42	7.08	10.54
19950927	6.93	3.44	11.1
19950928	2.6	6.23	10.55
19950929	0.26	6.22	9.6
19950930	27.71	9.17	8.85
19951001	29.81	9.18	10.25
19951002	27.0	10.38	13.2
19951003	19.72	10.19	14.0
19951004	33.87	10.2	15.68
19951005	30.46	10.58	17.86
19951006	6.14	10.33	18.81
19951007	4.06	12.24	17.45
19951008	1.67	15.91	15.41
19951009	5.29	11.45	13.46
19951010	2.45	9.66	11.79
19951011	10.77	10.1	10.74
19951012	8.89	9.17	10.39
19951013	2.65	11.87	9.99
19951014	7.15	14.57	9.12
19951015	3.49	11.91	8.55
19951016	49.2	13.49	9.28
19951017	7.51	10.23	13.26
19951018	28.95	11.06	13.42
19951019	15.1	7.13	14.69
19951020	0.07	5.22	13.94
19951021	41.66	7.95	13.33
19951022	7.55	7.88	15.75
19951023	20.11	12.32	15.24
19951024	48.9	9.28	18.83
19951025	31.38	8.32	20.7
19951026	10.81	6.36	21.12
19951027	10.32	5.1	19.43
19951028	1.01	6.53	17.86
19951029	5.96	8.78	15.82
19951030	24.66	11.43	14.87
19951031	0.05	8.06	15.11
19951101	0.04	4.89	13.56
19951102	0.0	4.44	12.02
19951103	0.0	4.09	10.58
19951104	0.01	7.24	9.21
19951105	0.13	9.0	8.06
19951106	9.64	9.54	7.11
19951107	18.97	8.93	6.93
19951108	4.2	4.38	7.97
19951109	2.19	3.1	7.74
19951110	0.06	2.59	7.08
19951111	0.36	7.56	6.72
19951112	0.02	9.74	5.94
19951113	0.0	8.26	5.08
19951114	0.23	6.02	4.64
19951115	2.66	0.84	4.32
19951116	0.0	-1.46	3.67
19951117	0.02	-0.66	3.33
19951118	5.67	3.87	3.05
19951119	0.24	3.7	2.95
19951120	13.2	7.5	2.95
19951121	16.58	8.41	3.04
19951122	51.93	7.96	4.59
19951123	35.86	10.09	12.02
19951124	37.59	7.02	15.3
19951125	7.64	1.97	16.96
19951126	0.94	2.41	15.79
19951127	0.65	4.38	14.12
19951128	0.36	4.85	12.35
19951129	0.32	7.0	10.83
19951130	0.05	7.06	9.45
19951201	1.83	7.93	8.26
19951202	13.09	9.5	7.32
19951203	2.45	3.85	7.04
19951204	0.06	1.62	6.58
19951205	0.0	0.12	5.92
19951206	0.0	-0.26	5.24
19951207	0.0	-2.03	4.7
19951208	1.78	0.1	4.21
19951209	1.66	6.87	3.81
19951210	0.01	5.67	3.52
19951211	0.0	2.7	3.24
19951212	0.0	1.97	2.95
19951213	0.0	0.16	2.69
19951214	0.0	-0.35	2.46
19951215	0.0	-0.53	2.26
19951216	0.0	1.24	2.1
19951217	0.0	-0.72	1.89
19951218	0.0	-1.0	1.73
19951219	0.0	-4.0	1.54
19951220	0.0	-5.96	1.41
19951221	2.43	-0.72	1.39
19951222	0.05	-0.11	1.21
19951223	7.22	-2.06	1.09
19951224	4.41	-3.44	1.03
19951225	0.28	-6.46	0.97
19951226	0.0	-8.63	0.94
19951227	0.0	-9.62	0.87
19951228	0.0	-9.04	0.81
19951229	0.0	-6.27	0.77
19951230	0.01	-0.78	0.76
19951231	1.18	2.01	0.75
19960101	6.06	3.87	0.75
19960102	3.97	5.93	1.03
19960103	7.92	5.81	1.5
19960104	6.31	5.16	1.85
19960105	9.63	5.82	2.37
19960106	0.42	4.16	3.19
19960107	13.02	5.1	3.17
19960108	25.03	7.91	4.53
19960109	15.59	6.21	6.06
19960110	0.08	2.51	6.35
19960111	1.29	5.87	5.97
19960112	7.25	6.49	5.38
19960113	14.23	7.34	5.27
19960114	4.54	8.47	5.92
19960115	3.15	7.1	5.81
19960116	18.54	6.62	5.96
19960117	1.95	7.96	6.66
19960118	14.79	6.15	6.58
19960119	3.66	5.25	7.02
19960120	0.01	3.55	6.82
19960121	0.0	2.06	6.11
19960122	0.01	3.09	5.46
19960123	0.0	0.87	4.85
19960124	0.0	0.7	4.48
19960125	0.01	-2.19	3.82
19960126	0.0	-2.12	3.35
19960127	0.04	0.76	3.15
19960128	0.0	-0.84	2.79
19960129	0.0	-1.19	2.41
19960130	0.0	0.29	2.19
19960131	0.0	-1.61	1.92
19960201	0.0	-1.68	1.7
19960202	0.0	-1.95	1.54
19960203	0.0	-2.57	1.41
19960204	15.44	0.73	1.43
19960205	4.29	0.6	1.46
19960206	10.87	-1.34	1.45
19960207	1.55	-1.64	1.41
19960208	11.68	-0.98	1.35
19960209	34.78	1.74	2.58
19960210	10.46	2.9	4.44
19960211	18.87	2.87	5.6
19960212	0.22	1.15	6.36
19960213	0.0	-1.32	6.0
19960214	9.18	1.43	5.39
19960215	61.64	5.88	8.64
19960216	15.03	3.52	13.94
19960217	32.63	3.91	15.34
19960218	1.35	0.47	16.48
19960219	0.0	-2.05	14.56
19960220	3.08	-1.48	12.67
19960221	8.79	1.98	11.22
19960222	8.38	3.08	10.2
19960223	26.08	2.13	10.22
19960224	15.14	0.36	10.81
19960225	7.99	-0.06	10.05
19960226	2.2	0.73	9.07
19960227	1.99	3.2	8.3
19960228	0.72	5.07	7.88
19960229	0.23	5.46	8.0
19960301	0.02	5.86	7.75
19960302	0.0	5.21	7.26
19960303	0.0	5.47	6.64
19960304	0.0	3.61	6.03
19960305	0.1	3.57	5.42
19960306	0.0	3.8	4.87
19960307	0.0	3.19	4.42
19960308	0.0	2.45	4.09
19960309	0.42	3.94	3.62
19960310	1.2	6.99	3.2
19960311	34.44	5.73	3.35
19960312	16.81	1.16	6.02
19960313	0.02	-0.02	6.34
19960314	0.03	1.22	5.72
19960315	1.67	1.54	5.01
19960316	0.08	2.7	4.63
19960317	0.0	2.78	4.09
19960318	0.09	3.55	3.65
19960319	0.01	1.78	3.35
19960320	0.03	3.09	3.03
19960321	0.0	2.82	2.74
19960322	1.65	3.25	2.46
19960323	0.01	2.88	2.21
19960324	0.0	4.73	2.06
19960325	0.01	3.94	1.87
19960326	0.0	0.8	1.66
19960327	8.64	2.4	1.37
19960328	1.05	1.98	1.48
19960329	0.0	1.26	1.44
19960330	0.01	1.95	1.36
19960331	0.04	3.89	1.24
19960401	0.07	3.21	1.13
19960402	0.88	4.66	1.09
19960403	0.95	4.97	1.06
19960404	0.01	5.4	1.09
19960405	0.0	5.47	0.94
19960406	0.0	5.61	0.84
19960407	3.12	8.06	0.83
19960408	0.08	9.98	0.78
19960409	4.82	10.89	0.89
19960410	6.64	5.38	0.93
19960411	1.73	7.34	1.23
19960412	2.47	2.38	1.29
19960413	5.79	3.2	1.15
19960414	2.09	7.19	1.3
19960415	5.54	10.0	1.39
19960416	17.37	8.18	1.81
19960417	20.41	5.5	3.19
19960418	18.2	6.24	5.13
19960419	2.62	7.54	5.85
19960420	5.15	8.84	5.56
19960421	18.19	9.0	5.49
19960422	9.08	6.93	6.78
19960423	7.56	8.27	6.62
19960424	8.98	7.8	6.66
19960425	25.9	8.68	7.84
19960426	10.97	8.14	9.75
19960427	0.67	6.71	9.75
19960428	6.78	6.12	8.91
19960429	1.41	5.89	8.37
19960430	0.2	3.17	7.62
19960501	0.0	3.71	6.8
19960502	0.0	3.51	5.98
19960503	0.15	3.12	5.22
19960504	10.23	6.38	4.65
19960505	2.63	5.81	4.31
19960506	0.69	6.19	3.97
19960507	0.06	4.37	3.62
19960508	0.0	5.68	3.25
19960509	0.25	6.16	3.01
19960510	0.07	6.96	2.71
19960511	0.0	7.01	2.41
19960512	0.0	6.26	2.13
19960513	0.0	9.6	1.87
19960514	0.01	7.69	1.63
19960515	0.01	5.25	1.49
19960516	0.02	4.43	1.36
19960517	0.21	3.85	1.23
19960518	0.67	4.56	1.12
19960519	1.85	6.58	1.06
19960520	4.61	7.23	1.06
19960521	6.71	7.36	1.04
19960522	8.5	9.46	1.13
19960523	8.81	8.63	1.28
19960524	5.03	8.42	1.67
19960525	1.36	7.58	1.76
19960526	0.6	8.81	1.83
19960527	0.57	8.73	1.65
19960528	28.29	9.31	2.88
19960529	1.38	10.46	3.82
19960530	24.26	10.61	4.22
19960531	22.73	8.25	5.32
19960601	4.65	8.43	7.11
19960602	1.18	7.98	6.86
19960603	15.07	9.21	6.55
19960604	18.72	11.82	6.81
19960605	2.54	11.54	7.61
19960606	0.0	12.52	7.27
19960607	1.68	11.69	6.5
19960608	4.05	12.01	5.86
19960609	22.21	10.72	5.69
19960610	4.77	10.73	6.23
19960611	21.19	10.14	7.09
19960612	1.68	9.67	7.59
19960613	0.0	9.96	7.08
19960614	0.0	10.9	6.33
19960615	0.0	15.43	5.66
19960616	0.0	16.08	4.95
19960617	0.01	11.13	4.33
19960618	0.0	10.5	3.91
19960619	0.0	9.56	3.55
19960620	0.0	8.38	3.1
19960621	0.0	7.7	2.73
19960622	0.0	10.06	2.47
19960623	0.0	11.73	2.23
19960624	0.0	13.73	2.03
19960625	6.88	13.18	1.87
19960626	0.0	10.91	1.66
19960627	6.38	12.65	1.6
19960628	36.76	11.47	1.65
19960629	8.65	9.47	3.56
19960630	7.16	9.78	3.98
19960701	0.97	9.72	4.12
19960702	14.75	11.56	4.02
19960703	8.16	9.72	4.42
19960704	3.21	10.9	4.3
19960705	5.48	9.13	4.39
19960706	0.72	9.85	4.36
19960707	0.0	9.76	4.09
19960708	10.75	11.71	3.85
19960709	0.82	12.01	3.87
19960710	44.33	12.04	5.65
19960711	0.17	11.33	8.24
19960712	12.24	12.4	7.73
19960713	1.23	11.31	7.87
19960714	0.01	10.76	7.39
19960715	0.0	11.23	6.68
19960716	0.0	12.51	5.96
19960717	0.0	13.78	5.26
19960718	0.0	16.67	4.68
19960719	0.0	15.63	4.16
19960720	0.03	14.97	3.71
19960721	9.23	16.08	3.41
19960722	8.8	14.32	3.18
19960723	2.54	11.7	3.05
19960724	1.26	12.66	2.89
19960725	20.46	12.5	3.07
19960726	2.6	12.35	3.4
19960727	0.07	11.84	3.4
19960728	0.0	13.29	3.19
19960729	1.14	13.62	2.91
19960730	8.23	11.02	2.83
19960731	26.93	10.61	3.51
19960801	3.45	10.91	4.61
19960802	2.27	11.83	4.68
19960803	0.2	13.27	4.5
19960804	0.01	15.95	4.28
19960805	7.67	13.96	3.87
19960806	0.24	13.35	3.53
19960807	0.0	11.03	3.3
19960808	3.3	13.19	3.11
19960809	1.27	13.54	2.86
19960810	6.97	11.17	2.68
19960811	0.03	14.06	2.51
19960812	0.0	13.75	2.34
19960813	0.0	12.1	2.15
19960814	0.0	12.86	2.0
19960815	9.94	15.72	1.92
19960816	1.05	14.5	2.13
19960817	1.22	16.17	2.14
19960818	1.58	17.33	2.03
19960819	2.35	16.28	1.86
19960820	6.22	14.08	1.8
19960821	3.95	12.84	1.79
19960822	4.27	13.21	1.76
19960823	0.57	11.51	1.66
19960824	9.48	11.64	1.56
19960825	9.6	10.93	1.64
19960826	1.35	12.43	1.82
19960827	1.15	12.61	1.83
19960828	0.03	11.08	1.77
19960829	0.56	11.74	1.64
19960830	5.13	10.66	1.54
19960831	1.95	11.51	1.54
19960901	33.1	13.5	2.18
19960902	2.23	15.01	3.48
19960903	0.57	16.84	3.56
19960904	0.0	15.32	3.41
19960905	0.05	14.92	3.13
19960906	0.0	12.46	2.89
19960907	0.0	12.52	2.63
19960908	0.0	12.58	2.41
19960909	0.05	12.88	2.17
19960910	0.72	12.65	1.94
19960911	0.49	8.69	1.76
19960912	0.0	7.26	1.64
19960913	0.0	10.27	1.52
19960914	0.01	12.07	1.44
19960915	0.0	12.58	1.34
19960916	0.0	13.98	1.25
19960917	0.0	12.15	1.17
19960918	0.0	10.46	0.98
19960919	0.0	10.93	0.86
19960920	0.0	10.33	0.84
19960921	0.0	10.62	0.73
19960922	0.0	10.48	0.69
19960923	1.86	11.13	0.64
19960924	13.23	10.83	0.65
19960925	4.66	11.87	0.81
19960926	16.05	10.04	1.11
19960927	14.95	9.15	1.91
19960928	34.0	10.08	3.5
19960929	17.49	9.98	5.24
19960930	4.99	7.19	6.27
19961001	3.94	6.53	6.4
19961002	43.95	8.88	6.56
19961003	25.15	7.3	11.23
19961004	11.77	7.1	13.09
19961005	28.83	9.47	12.84
19961006	25.24	10.79	15.24
19961007	7.98	6.59	16.53
19961008	4.08	8.36	15.09
19961009	2.45	6.16	13.68
19961010	2.46	8.4	12.14
19961011	48.5	10.43	13.36
19961012	13.36	10.62	14.77
19961013	6.98	12.93	13.92
19961014	22.62	10.57	13.14
19961015	12.67	7.15	13.8
19961016	7.69	6.17	13.1
19961017	15.54	8.5	11.98
19961018	21.94	8.43	12.05
19961019	4.56	9.41	12.69
19961020	14.82	10.78	12.33
19961021	3.89	8.06	12.2
19961022	1.91	12.36	11.27
19961023	31.03	13.26	11.38
19961024	44.77	11.39	13.95
19961025	10.65	7.14	16.0
19961026	15.56	8.26	15.0
19961027	17.12	8.54	15.62
19961028	11.04	4.97	15.84
19961029	7.15	5.47	14.72
19961030	20.07	9.25	14.45
19961031	22.52	8.78	16.0
19961101	32.54	10.89	16.23
19961102	51.37	9.9	20.0
19961103	27.96	7.94	23.85
19961104	8.97	5.29	23.93
19961105	45.3	5.62	22.56
19961106	1.83	1.73	23.84
19961107	21.85	1.58	21.29
19961108	20.99	2.48	21.36
19961109	8.5	1.09	20.26
19961110	5.06	0.3	18.38
19961111	0.09	0.32	16.24
19961112	0.45	2.27	14.22
19961113	6.89	6.41	12.61
19961114	4.32	8.73	11.53
19961115	5.47	8.39	10.59
19961116	9.84	4.32	10.21
19961117	0.04	-0.66	9.87
19961118	0.01	-1.9	8.88
19961119	0.0	-2.12	7.75
19961120	13.7	-1.13	6.89
19961121	15.1	-1.4	6.79
19961122	10.31	-0.62	6.29
19961123	5.04	-0.1	6.0
19961124	22.67	1.39	6.34
19961125	0.04	-0.7	6.33
19961126	0.02	-1.04	5.99
19961127	2.94	1.82	5.4
19961128	27.11	2.94	5.63
19961129	17.34	4.09	7.36
19961130	10.11	5.11	9.33
19961201	21.82	4.87	10.88
19961202	4.72	2.11	12.56
19961203	0.47	1.05	11.83
19961204	1.08	0.76	10.54
19961205	0.19	-1.58	9.39
19961206	4.53	2.64	8.32
19961207	24.34	7.95	7.9
19961208	5.69	9.19	9.31
19961209	1.63	7.63	9.45
19961210	0.05	5.05	8.71
19961211	1.75	3.43	7.84
19961212	0.09	-1.46	7.05
19961213	4.56	-0.1	6.32
19961214	5.21	5.34	6.31
19961215	4.57	4.65	6.61
19961216	0.08	3.03	6.57
19961217	4.78	2.64	6.21
19961218	9.09	3.72	6.37
19961219	0.01	1.18	6.55
19961220	0.0	-0.82	5.98
19961221	0.0	-2.84	5.24
19961222	0.0	-3.1	4.69
19961223	0.0	-2.01	4.23
19961224	0.01	-3.85	3.83
19961225	0.04	-0.41	3.45
19961226	4.0	1.23	3.15
19961227	0.0	-1.06	2.98
19961228	0.0	-2.51	2.75
19961229	0.16	-0.85	2.5
19961230	0.02	-0.7	2.32
19961231	0.0	-4.13	2.13
19970101	1.05	-3.56	1.93
19970102	0.0	-1.07	1.79
19970103	0.0	-3.16	1.66
19970104	0.0	-3.98	1.5
19970105	0.0	-2.33	1.38
19970106	0.0	-2.6	1.28
19970107	0.0	-1.95	1.17
19970108	0.0	-1.6	1.08
19970109	0.0	-1.41	1.0
19970110	3.47	0.53	1.01
19970111	48.22	6.82	1.66
19970112	29.46	9.83	6.27
19970113	12.88	9.12	8.22
19970114	12.28	8.2	9.64
19970115	0.08	6.02	9.66
19970116	0.45	5.62	8.72
19970117	10.79	4.97	7.9
19970118	18.0	4.87	7.92
19970119	0.0	0.35	8.32
19970120	0.08	0.27	7.6
19970121	0.0	2.9	6.82
19970122	0.0	0.14	6.08
19970123	7.52	3.03	5.52
19970124	0.48	2.22	5.11
19970125	0.03	5.04	4.78
19970126	5.55	5.06	4.35
19970127	0.59	3.64	4.2
19970128	0.1	4.63	3.95
19970129	0.0	2.52	3.67
19970130	0.0	1.15	3.39
19970131	0.04	2.11	3.19
19970201	14.21	3.87	2.97
19970202	6.34	2.39	3.04
19970203	33.1	3.41	4.57
19970204	1.44	0.47	5.46
19970205	18.26	4.47	5.22
19970206	17.08	5.36	6.37
19970207	11.17	3.84	7.2
19970208	46.13	6.11	10.22
19970209	24.45	6.09	14.29
19970210	15.92	2.71	15.64
19970211	8.71	3.81	14.98
19970212	19.34	4.26	15.16
19970213	12.7	2.08	15.09
19970214	7.12	1.94	14.07
19970215	8.55	3.47	12.9
19970216	46.69	5.1	13.97
19970217	34.7	5.56	18.88
19970218	34.13	1.61	19.12
19970219	41.0	4.79	21.5
19970220	21.69	3.76	22.14
19970221	13.28	5.83	21.02
19970222	15.5	6.33	20.06
19970223	28.74	3.16	19.73
19970224	27.73	2.64	19.44
19970225	1.16	1.62	19.22
19970226	5.87	2.39	17.17
19970227	43.3	6.09	17.62
19970228	24.13	4.1	18.17
19970301	36.7	5.19	19.92
19970302	5.94	3.62	21.0
19970303	2.77	4.8	19.08
19970304	9.47	5.95	16.85
19970305	6.16	3.91	15.62
19970306	13.12	6.61	14.35
19970307	18.5	3.14	14.53
19970308	0.01	4.36	13.8
19970309	0.0	6.59	12.2
19970310	0.0	7.22	10.66
19970311	2.71	9.87	9.43
19970312	9.34	8.29	8.49
19970313	20.75	7.85	9.03
19970314	15.22	7.81	9.64
19970315	34.03	8.04	11.15
19970316	6.72	8.05	13.67
19970317	8.01	6.5	13.12
19970318	12.87	5.69	13.33
19970319	0.83	4.05	13.01
19970320	0.0	2.81	11.63
19970321	9.44	5.21	10.43
19970322	11.98	3.99	9.98
19970323	6.63	7.41	9.48
19970324	12.95	7.64	9.0
19970325	24.46	7.18	10.59
19970326	5.37	5.76	11.45
19970327	12.84	4.09	11.32
19970328	3.27	5.45	10.92
19970329	1.39	7.03	10.06
19970330	0.58	7.51	9.02
19970331	2.64	7.69	8.08
19970401	0.96	8.04	7.47
19970402	18.67	4.6	7.14
19970403	4.5	1.05	7.31
19970404	84.74	4.95	9.24
19970405	4.35	5.69	16.91
19970406	1.54	7.6	15.68
19970407	0.02	8.76	13.86
19970408	2.27	7.72	12.1
19970409	0.0	8.53	10.6
19970410	0.05	8.91	9.21
19970411	0.0	6.3	8.08
19970412	0.05	9.12	7.11
19970413	2.44	8.18	6.29
19970414	0.02	7.35	5.66
19970415	0.0	8.83	5.01
19970416	0.0	8.81	4.48
19970417	0.0	8.32	4.01
19970418	0.56	7.71	3.64
19970419	0.04	5.07	3.29
19970420	5.0	6.31	2.88
19970421	0.03	4.43	2.66
19970422	7.7	5.47	2.46
19970423	64.49	6.89	5.21
19970424	0.05	5.58	8.07
19970425	0.0	6.65	7.45
19970426	0.0	6.16	6.57
19970427	15.11	9.77	5.86
19970428	21.43	9.92	6.2
19970429	5.97	8.43	8.26
19970430	0.93	11.99	8.12
19970501	0.0	12.1	7.3
19970502	0.0	10.66	6.54
19970503	6.32	11.92	5.9
19970504	10.1	7.66	5.95
19970505	1.15	2.32	5.21
19970506	7.17	2.45	4.81
19970507	8.78	3.6	4.88
19970508	0.26	3.8	4.89
19970509	0.51	6.51	4.52
19970510	3.28	6.39	4.17
19970511	9.58	6.9	3.86
19970512	24.51	6.86	4.68
19970513	8.89	7.63	6.17
19970514	0.64	9.85	6.29
19970515	0.0	12.14	5.85
19970516	2.74	13.82	5.33
19970517	2.08	12.54	4.8
19970518	11.91	12.25	4.69
19970519	0.0	10.77	4.72
19970520	0.05	8.39	4.26
19970521	0.01	7.89	3.82
19970522	0.0	6.95	3.4
19970523	0.0	8.32	3.02
19970524	0.0	8.4	2.75
19970525	15.71	11.44	2.53
19970526	0.07	9.74	2.63
19970527	0.0	12.72	2.48
19970528	0.0	12.28	2.32
19970529	0.0	13.52	2.15
19970530	0.0	14.61	1.96
19970531	0.0	16.64	1.84
19970601	0.0	13.64	1.65
19970602	0.0	14.2	1.57
19970603	0.0	13.47	1.31
19970604	0.0	14.47	1.15
19970605	4.68	14.38	1.1
19970606	6.96	14.91	1.19
19970607	5.16	14.19	1.35
19970608	1.7	8.65	1.17
19970609	2.36	9.67	1.14
19970610	3.88	14.26	1.07
19970611	12.11	11.96	1.12
19970612	5.8	10.17	1.28
19970613	4.2	8.52	1.42
19970614	0.03	8.13	1.52
19970615	0.01	7.69	1.45
19970616	0.0	10.47	1.37
19970617	0.33	12.69	1.29
19970618	9.83	10.84	1.33
19970619	6.63	11.11	1.34
19970620	2.65	10.93	1.46
19970621	1.18	11.49	1.52
19970622	0.01	11.57	1.28
19970623	0.0	8.29	1.2
19970624	0.0	10.63	1.17
19970625	0.17	8.49	1.17
19970626	0.79	9.03	0.99
19970627	0.0	10.33	1.07
19970628	0.0	11.24	0.86
19970629	0.0	11.88	0.71
19970630	5.11	9.65	0.63
19970701	9.63	8.6	0.69
19970702	0.07	11.0	0.81
19970703	0.06	12.79	0.68
19970704	0.09	11.89	0.65
19970705	9.04	14.76	0.65
19970706	21.83	12.89	1.21
19970707	2.33	13.33	2.52
19970708	0.0	14.99	2.82
19970709	0.0	16.43	2.65
19970710	0.01	18.3	2.51
19970711	0.23	16.85	2.3
19970712	8.84	16.39	2.13
19970713	2.99	12.92	2.04
19970714	1.58	14.29	1.97
19970715	15.21	13.44	1.98
19970716	2.86	11.26	2.47
19970717	0.02	12.45	2.65
19970718	0.0	13.67	2.56
19970719	0.0	15.53	2.4
19970720	0.0	17.28	2.22
19970721	0.0	17.5	2.02
19970722	0.7	18.58	1.84
19970723	11.06	14.63	1.76
19970724	1.76	14.27	1.65
19970725	0.53	12.16	1.54
19970726	5.46	13.35	1.49
19970727	11.09	14.35	1.49
19970728	1.8	13.6	1.83
19970729	14.44	13.45	2.13
19970730	46.2	12.01	4.5
19970731	13.75	13.7	8.26
19970801	1.36	12.56	9.04
19970802	0.05	12.32	8.56
19970803	0.0	11.95	7.62
19970804	0.0	14.39	6.72
19970805	0.0	15.45	5.92
19970806	0.0	15.41	5.2
19970807	0.0	19.31	4.61
19970808	11.96	16.97	4.08
19970809	3.68	16.95	3.88
19970810	0.01	20.77	3.78
19970811	0.06	19.93	3.4
19970812	0.0	19.32	2.97
19970813	3.73	17.84	2.69
19970814	11.89	19.06	2.54
19970815	2.91	15.87	2.63
19970816	6.61	17.0	2.6
19970817	0.08	13.44	2.54
19970818	0.0	16.25	2.45
19970819	0.03	20.33	2.34
19970820	21.86	17.82	2.28
19970821	2.86	15.34	2.57
19970822	5.57	14.14	2.62
19970823	3.57	10.83	2.74
19970824	0.01	12.3	2.68
19970825	3.24	13.11	2.54
19970826	0.34	14.61	2.41
19970827	0.88	13.77	2.26
19970828	0.83	13.45	1.98
19970829	15.53	13.32	1.9
19970830	5.98	10.47	2.39
19970831	3.95	11.97	2.56
19970901	2.24	11.43	2.47
19970902	17.91	12.43	2.53
19970903	40.63	12.34	4.81
19970904	13.64	11.59	6.92
19970905	19.05	11.49	7.53
19970906	26.16	11.42	10.12
19970907	23.71	12.31	11.68
19970908	0.6	11.42	12.1
19970909	0.0	9.98	10.89
19970910	0.24	11.0	9.56
19970911	12.66	8.93	8.41
19970912	16.42	6.6	8.1
19970913	23.23	8.0	8.24
19970914	47.28	11.09	10.45
19970915	15.85	11.21	14.41
19970916	15.73	10.69	15.78
19970917	0.04	7.42	14.98
19970918	0.0	8.36	13.15
19970919	0.0	6.79	11.37
19970920	0.0	10.18	9.81
19970921	0.0	12.8	8.5
19970922	0.0	13.02	7.39
19970923	0.0	12.24	6.58
19970924	0.0	11.56	5.77
19970925	0.0	11.64	5.07
19970926	0.0	11.57	4.53
19970927	0.07	10.45	4.04
19970928	10.98	12.46	3.7
19970929	0.19	10.33	3.42
19970930	1.48	12.47	3.18
19971001	0.19	10.59	2.78
19971002	4.68	11.14	2.71
19971003	9.13	12.09	2.77
19971004	14.85	12.3	3.79
19971005	13.45	12.14	5.6
19971006	2.84	9.14	6.05
19971007	13.2	9.4	5.95
19971008	10.72	9.33	6.06
19971009	12.33	8.55	6.13
19971010	1.4	6.16	6.32
19971011	0.12	5.29	6.02
19971012	4.67	5.73	5.44
19971013	2.4	4.95	5.1
19971014	17.16	7.26	5.49
19971015	7.58	9.92	6.01
19971016	11.4	12.85	6.45
19971017	0.73	8.59	6.84
19971018	0.02	8.25	6.45
19971019	0.0	7.26	5.95
19971020	0.0	3.25	5.28
19971021	0.0	2.31	4.69
19971022	0.0	3.99	4.22
19971023	0.0	3.9	3.82
19971024	0.0	3.1	3.44
19971025	0.49	6.85	3.13
19971026	0.23	5.04	2.89
19971027	0.0	6.62	2.69
19971028	0.0	5.44	2.47
19971029	6.77	7.92	2.3
19971030	0.88	9.45	2.13
19971031	8.85	10.43	2.06
19971101	4.34	8.18	2.53
19971102	0.01	5.96	2.72
19971103	0.02	7.3	2.61
19971104	0.12	5.99	2.39
19971105	2.82	7.31	2.23
19971106	6.89	6.37	2.14
19971107	0.23	5.02	2.23
19971108	0.52	3.37	2.17
19971109	1.62	5.04	2.09
19971110	4.17	4.8	2.04
19971111	12.46	5.91	2.19
19971112	7.42	6.04	2.99
19971113	10.42	5.37	3.76
19971114	7.84	8.01	4.45
19971115	13.82	12.52	4.9
19971116	45.74	12.13	7.49
19971117	75.32	12.15	12.23
19971118	25.54	10.58	19.51
19971119	9.08	9.41	19.65
19971120	13.12	7.27	17.73
19971121	0.17	4.82	16.56
19971122	0.01	4.82	14.58
19971123	2.39	5.93	12.76
19971124	2.69	6.91	11.08
19971125	0.07	7.23	9.78
19971126	0.07	7.73	8.42
19971127	0.12	6.02	7.3
19971128	0.07	5.49	6.4
19971129	0.03	3.2	5.67
19971130	0.0	-0.54	5.0
19971201	2.25	-0.66	4.43
19971202	0.09	-0.37	4.03
19971203	0.03	-1.17	3.64
19971204	22.34	3.69	3.37
19971205	70.66	9.24	7.61
19971206	19.51	9.57	15.65
19971207	19.18	9.24	17.25
19971208	24.84	6.98	17.94
19971209	20.94	5.98	18.45
19971210	14.87	3.94	18.93
19971211	1.09	1.78	17.4
19971212	20.31	4.26	16.18
19971213	1.2	5.34	15.46
19971214	0.03	5.31	13.73
19971215	0.0	2.61	11.93
19971216	0.01	2.49	10.67
19971217	0.08	3.87	9.71
19971218	5.79	4.82	7.91
19971219	6.08	4.58	6.88
19971220	9.22	5.29	6.52
19971221	0.19	4.4	6.48
19971222	1.3	5.4	6.01
19971223	13.34	6.89	5.56
19971224	14.7	4.25	5.9
19971225	6.51	3.21	6.63
19971226	18.41	3.93	6.49
19971227	20.4	3.5	7.86
19971228	4.49	1.63	8.72
19971229	4.95	3.39	8.24
19971230	31.84	6.48	8.5
19971231	16.96	2.92	10.53
19980101	73.84	4.83	13.68
19980102	33.43	5.22	16.36
19980103	35.59	3.92	20.62
19980104	4.74	1.45	21.28
19980105	2.35	0.85	18.81
19980106	4.75	3.0	16.66
19980107	7.18	3.2	14.8
19980108	16.17	6.6	13.42
19980109	40.7	9.15	15.98
19980110	3.07	10.41	18.85
19980111	4.84	9.36	17.11
19980112	7.26	7.49	15.24
19980113	1.95	4.48	13.79
19980114	21.67	3.51	12.99
19980115	12.23	2.55	13.27
19980116	10.28	1.84	12.68
19980117	13.15	1.86	12.31
19980118	0.07	0.72	11.52
19980119	0.01	-2.77	10.01
19980120	4.78	2.02	9.04
19980121	16.11	8.43	8.59
19980122	5.17	7.55	9.82
19980123	0.01	1.1	9.54
19980124	0.0	-1.38	8.4
19980125	0.0	-2.15	7.47
19980126	0.02	-0.84	6.6
19980127	2.6	2.49	5.88
19980128	2.8	2.82	5.38
19980129	2.64	2.91	4.94
19980130	0.61	1.87	4.6
19980131	3.36	2.21	4.27
19980201	2.06	2.54	4.05
19980202	4.23	1.8	3.86
19980203	15.79	4.61	3.83
19980204	14.72	5.53	4.54
19980205	10.14	6.85	5.37
19980206	31.21	3.97	7.0
19980207	19.66	5.03	8.14
19980208	27.25	8.96	9.72
19980209	20.48	7.19	14.01
19980210	60.54	8.11	14.58
19980211	84.58	10.12	26.2
19980212	45.74	10.84	36.27
19980213	10.05	11.25	36.64
19980214	40.92	11.15	35.93
19980215	25.57	9.79	34.58
19980216	6.12	6.09	33.41
19980217	0.83	9.03	29.51
19980218	1.7	8.45	25.67
19980219	16.85	9.02	22.35
19980220	31.02	7.01	22.59
19980221	8.73	3.19	21.81
19980222	25.71	6.8	19.66
19980223	24.61	8.93	22.3
19980224	1.5	7.96	22.81
19980225	9.1	5.87	20.19
19980226	20.97	4.74	18.3
19980227	5.65	0.48	18.17
19980228	1.71	-1.48	16.27
19980301	15.33	0.98	14.12
19980302	7.65	3.35	12.93
19980303	6.48	2.53	12.11
19980304	2.5	0.61	11.04
19980305	1.92	-0.94	9.92
19980306	21.86	2.15	9.11
19980307	0.14	2.37	8.56
19980308	0.01	1.5	7.79
19980309	6.75	4.51	7.05
19980310	24.93	3.23	7.74
19980311	8.02	1.35	8.29
19980312	7.91	6.24	8.61
19980313	1.14	7.2	8.54
19980314	3.91	8.06	8.07
19980315	21.75	7.85	8.62
19980316	4.39	6.34	10.53
19980317	4.7	6.28	10.25
19980318	1.97	3.77	9.49
19980319	6.14	6.58	8.71
19980320	0.12	6.16	8.13
19980321	0.02	6.02	7.31
19980322	0.0	6.03	6.51
19980323	8.86	4.95	5.86
19980324	2.78	4.34	5.64
19980325	28.1	8.02	5.44
19980326	5.82	6.88	7.14
19980327	1.32	9.45	7.36
19980328	6.73	6.64	6.88
19980329	11.68	8.25	6.68
19980330	2.49	8.64	6.56
19980331	0.01	7.47	6.32
19980401	0.0	5.32	5.79
19980402	0.07	5.38	5.5
19980403	0.57	4.38	4.75
19980404	5.23	5.22	4.05
19980405	2.31	5.48	3.66
19980406	4.66	6.71	3.4
19980407	12.27	6.52	3.27
19980408	8.45	2.01	3.77
19980409	0.31	-0.73	3.67
19980410	0.12	1.59	3.42
19980411	0.82	0.43	3.11
19980412	0.71	0.99	2.86
19980413	0.67	0.17	2.66
19980414	2.35	2.22	2.41
19980415	3.13	2.22	2.33
19980416	1.32	3.02	2.2
19980417	0.01	3.12	2.05
19980418	0.0	5.48	1.95
19980419	0.24	8.51	1.85
19980420	0.43	6.1	1.69
19980421	14.22	8.91	1.79
19980422	10.4	10.1	2.27
19980423	1.97	7.94	2.72
19980424	8.16	7.31	2.76
19980425	15.03	5.48	3.27
19980426	8.53	6.97	3.7
19980427	0.23	5.18	3.84
19980428	1.32	8.55	3.65
19980429	6.95	8.83	3.47
19980430	0.0	7.38	3.33
19980501	0.04	9.63	2.97
19980502	0.0	6.54	2.7
19980503	2.56	9.44	2.53
19980504	9.59	7.02	2.37
19980505	14.1	6.11	2.64
19980506	8.67	7.19	2.88
19980507	8.2	7.27	3.18
19980508	0.89	9.42	3.34
19980509	5.25	10.04	3.23
19980510	0.01	7.33	3.09
19980511	1.67	11.79	3.0
19980512	0.0	13.33	2.69
19980513	0.18	17.43	2.38
19980514	11.29	14.38	2.33
19980515	0.02	12.41	2.29
19980516	0.0	11.73	2.12
19980517	0.0	13.03	1.96
19980518	0.01	11.03	1.82
19980519	0.22	11.67	1.69
19980520	0.02	9.83	1.54
19980521	0.12	9.86	1.41
19980522	0.2	10.92	1.29
19980523	0.02	10.23	1.2
19980524	2.93	10.41	1.14
19980525	0.74	7.99	1.13
19980526	0.57	7.41	1.12
19980527	0.0	8.71	1.11
19980528	0.0	10.51	1.05
19980529	4.23	11.02	0.99
19980530	0.59	10.31	0.93
19980531	5.63	10.17	0.96
19980601	0.0	8.38	0.88
19980602	0.01	7.62	0.8
19980603	0.03	6.54	0.64
19980604	1.58	8.87	0.6
19980605	0.03	12.67	0.63
19980606	7.4	11.09	0.63
19980607	1.71	10.03	0.58
19980608	15.0	9.45	0.75
19980609	12.71	10.05	1.31
19980610	1.16	6.28	1.68
19980611	0.65	5.31	1.74
19980612	0.09	9.59	1.69
19980613	0.0	9.91	1.61
19980614	0.0	9.42	1.49
19980615	0.01	9.82	1.36
19980616	0.1	8.66	1.12
19980617	0.0	9.02	1.05
19980618	2.59	14.31	0.99
19980619	0.28	14.33	1.02
19980620	28.99	17.95	1.07
19980621	12.71	13.32	1.66
19980622	24.12	12.41	2.29
19980623	17.13	13.54	4.0
19980624	2.74	12.77	5.33
19980625	3.55	12.48	5.17
19980626	4.72	11.28	4.85
19980627	7.01	13.11	4.39
19980628	22.56	11.69	4.79
19980629	0.48	12.34	5.74
19980630	0.0	11.87	5.41
19980701	0.0	12.96	4.86
19980702	0.0	13.26	4.27
19980703	0.23	12.68	3.83
19980704	8.24	12.55	3.48
19980705	0.72	10.89	3.5
19980706	0.0	11.0	3.31
19980707	1.5	12.23	3.03
19980708	27.34	11.68	3.57
19980709	1.03	11.4	4.3
19980710	11.66	11.35	4.24
19980711	3.3	10.59	4.64
19980712	9.53	9.45	4.57
19980713	3.65	10.28	4.52
19980714	0.62	9.46	4.53
19980715	10.35	11.46	4.32
19980716	26.6	12.17	4.49
19980717	13.91	10.82	5.81
19980718	0.36	10.8	6.2
19980719	26.75	13.29	6.84
19980720	0.24	15.41	7.69
19980721	10.81	12.89	7.16
19980722	3.53	11.99	7.2
19980723	8.17	11.05	6.73
19980724	8.85	11.1	6.76
19980725	14.82	11.66	6.94
19980726	14.92	12.9	7.32
19980727	5.89	13.74	7.54
19980728	14.63	12.68	7.6
19980729	8.62	12.5	8.36
19980730	1.21	12.47	7.93
19980731	0.0	11.11	7.18
19980801	0.0	11.68	6.33
19980802	32.66	12.71	5.93
19980803	17.14	12.35	8.09
19980804	6.84	12.31	9.2
19980805	51.74	13.36	10.94
19980806	5.75	12.87	16.12
19980807	13.76	13.64	15.07
19980808	0.62	15.03	14.12
19980809	0.0	17.34	12.45
19980810	0.25	16.69	10.76
19980811	22.66	14.59	9.74
19980812	6.26	11.43	9.52
19980813	18.81	12.49	9.61
19980814	9.08	12.01	10.33
19980815	12.27	11.75	10.04
19980816	35.88	12.75	12.86
19980817	1.09	10.6	14.46
19980818	0.22	12.37	12.95
19980819	30.27	12.6	11.68
19980820	13.03	12.03	14.44
19980821	3.95	11.29	13.94
19980822	3.51	11.2	12.54
19980823	1.93	8.58	11.18
19980824	1.26	9.48	9.72
19980825	0.09	11.73	8.46
19980826	0.76	8.36	7.31
19980827	1.14	11.86	6.41
19980828	0.93	11.28	5.66
19980829	0.0	11.78	5.06
19980830	0.0	14.38	4.57
19980831	1.62	15.82	4.17
19980901	17.95	12.76	3.77
19980902	30.99	13.95	4.49
19980903	0.08	12.34	5.61
19980904	0.0	11.96	5.27
19980905	0.02	15.23	4.75
19980906	0.88	16.13	4.31
19980907	18.99	16.52	3.94
19980908	21.32	13.4	4.56
19980909	6.16	13.98	6.22
19980910	3.48	11.07	6.2
19980911	9.19	7.5	6.18
19980912	0.28	6.83	6.1
19980913	0.07	8.59	5.46
19980914	1.63	9.91	4.9
19980915	18.33	9.69	4.41
19980916	12.99	7.92	5.7
19980917	8.12	11.96	6.06
19980918	0.23	13.89	5.84
19980919	0.01	14.26	5.47
19980920	0.0	15.93	4.92
19980921	0.0	15.66	4.39
19980922	0.0	13.78	3.91
19980923	0.0	11.23	3.59
19980924	0.0	11.06	3.26
19980925	0.0	9.98	2.95
19980926	0.0	12.13	2.69
19980927	0.22	11.64	2.45
19980928	0.0	8.86	2.29
19980929	0.01	10.05	2.13
19980930	0.06	11.97	1.98
19981001	0.04	11.75	1.86
19981002	0.0	10.16	1.71
19981003	0.0	7.73	1.6
19981004	0.0	8.17	1.46
19981005	0.0	7.19	1.36
19981006	0.0	7.19	1.27
19981007	0.0	6.11	1.15
19981008	17.1	9.55	1.1
19981009	15.56	9.85	1.89
19981010	11.06	7.98	2.4
19981011	13.42	7.23	2.84
19981012	9.22	8.66	3.52
19981013	8.54	8.47	3.81
19981014	9.72	6.39	3.96
19981015	18.03	5.27	4.43
19981016	34.61	4.76	7.65
19981017	3.54	2.66	9.03
19981018	14.5	4.73	8.88
19981019	3.72	1.35	9.16
19981020	48.16	6.44	10.51
19981021	18.89	11.98	13.72
19981022	13.64	8.29	14.61
19981023	13.52	6.38	14.36
19981024	19.37	5.66	15.16
19981025	17.59	4.22	14.82
19981026	20.27	5.95	14.4
19981027	16.24	5.33	14.67
19981028	14.07	5.58	14.37
19981029	18.34	3.67	14.37
19981030	7.6	3.34	14.03
19981031	1.2	2.57	12.84
19981101	0.62	1.15	11.38
19981102	0.16	1.56	9.98
19981103	2.33	2.86	8.57
19981104	10.63	1.81	7.5
19981105	8.81	1.62	7.51
19981106	14.78	4.31	7.83
19981107	25.93	9.93	8.53
19981108	28.58	10.78	9.64
19981109	23.18	5.8	12.28
19981110	6.89	5.16	13.12
19981111	1.13	6.01	12.39
19981112	12.27	5.42	10.97
19981113	0.12	3.04	10.44
19981114	0.09	2.66	9.29
19981115	0.12	-0.05	8.16
19981116	0.02	-0.23	7.23
19981117	0.07	1.78	6.37
19981118	0.07	3.1	5.59
19981119	5.88	5.04	4.99
19981120	17.57	8.93	4.86
19981121	34.29	8.58	7.21
19981122	2.1	3.96	9.4
19981123	24.72	6.04	9.55
19981124	4.86	6.22	10.41
19981125	27.02	5.49	10.29
19981126	9.99	5.13	11.61
19981127	24.06	8.4	12.11
19981128	7.6	4.83	13.52
19981129	6.44	5.55	12.7
19981130	4.0	8.71	12.0
19981201	0.11	7.93	10.98
19981202	7.02	6.35	9.81
19981203	0.42	2.05	9.09
19981204	3.11	0.17	8.04
19981205	0.01	-3.01	7.27
19981206	1.07	0.83	6.51
19981207	12.81	7.88	6.0
19981208	6.73	7.95	5.95
19981209	16.51	9.63	5.75
19981210	18.26	7.65	6.57
19981211	21.33	7.84	7.61
19981212	10.93	5.58	8.4
19981213	47.98	9.66	10.52
19981214	4.82	8.27	15.05
19981215	20.53	6.49	14.21
19981216	5.11	10.43	13.78
19981217	29.11	7.43	14.21
19981218	6.37	3.37	14.58
19981219	0.13	-0.02	13.43
19981220	0.03	-1.12	11.8
19981221	11.28	3.2	10.58
19981222	20.09	4.02	10.48
19981223	19.76	2.47	10.59
19981224	22.7	6.74	12.75
19981225	14.71	2.71	13.55
19981226	51.36	3.45	14.8
19981227	1.86	0.56	17.59
19981228	7.76	1.09	15.72
19981229	23.83	5.66	14.7
19981230	6.34	4.82	15.74
19981231	2.88	5.94	14.41
19990101	36.04	5.02	14.22
19990102	20.86	4.25	16.0
19990103	20.77	4.37	16.13
19990104	16.93	4.92	17.07
19990105	2.5	3.02	16.7
19990106	0.76	2.33	14.73
19990107	0.05	0.67	12.89
19990108	0.03	-0.79	11.1
19990109	0.03	-2.02	9.58
19990110	0.01	-2.27	8.29
19990111	13.57	-0.23	7.33
19990112	6.71	1.63	6.61
19990113	22.1	3.41	6.82
19990114	30.85	3.51	8.07
19990115	19.89	3.79	11.06
19990116	25.68	1.16	11.19
19990117	11.24	2.85	11.62
19990118	30.51	4.82	13.03
19990119	18.85	4.92	15.85
19990120	21.6	3.65	16.42
19990121	8.33	3.44	16.38
19990122	61.83	4.78	17.81
19990123	17.34	5.08	21.99
19990124	1.46	2.21	20.42
19990125	15.48	2.11	18.09
19990126	1.91	0.91	16.31
19990127	18.3	3.84	14.91
19990128	4.96	4.21	14.5
19990129	4.99	6.02	13.5
19990130	1.31	6.87	12.57
19990131	0.19	7.38	11.38
19990201	3.07	7.66	10.2
19990202	18.07	8.16	9.28
19990203	20.62	7.16	10.75
19990204	10.05	3.84	12.34
19990205	6.81	2.75	12.17
19990206	3.31	1.08	11.2
19990207	0.3	-2.26	9.99
19990208	0.69	-2.65	8.74
19990209	1.99	-2.0	7.7
19990210	6.37	0.39	6.87
19990211	7.12	4.03	6.49
19990212	1.22	3.0	6.63
19990213	15.14	4.95	6.45
19990214	16.56	5.76	7.48
19990215	10.77	4.27	8.61
19990216	6.27	1.37	8.93
19990217	17.07	3.73	8.75
19990218	27.42	5.87	11.57
19990219	11.2	3.45	13.77
19990220	28.08	2.89	13.47
19990221	7.98	0.97	13.7
19990222	2.19	0.53	12.53
19990223	0.06	0.08	11.2
19990224	4.45	3.75	9.79
19990225	19.99	5.33	11.0
19990226	11.51	2.59	11.56
19990227	20.98	1.59	10.93
19990228	12.36	2.72	11.32
19990301	3.46	4.14	11.0
19990302	16.0	4.97	11.37
19990303	1.78	2.87	11.16
19990304	0.29	1.73	9.95
19990305	3.61	1.21	8.78
19990306	0.1	3.23	7.91
19990307	0.01	0.02	6.93
19990308	0.0	1.32	6.13
19990309	0.0	2.63	5.42
19990310	0.01	3.72	4.84
19990311	9.06	4.3	4.39
19990312	1.37	3.2	4.0
19990313	13.66	4.03	3.71
19990314	10.77	6.4	3.97
19990315	55.06	8.93	9.12
19990316	7.26	9.09	14.97
19990317	7.56	8.23	14.81
19990318	2.41	5.1	13.56
19990319	5.71	5.63	12.11
19990320	31.85	6.06	12.51
19990321	0.77	3.2	14.49
19990322	27.64	5.51	14.75
19990323	17.16	6.31	14.87
19990324	4.88	5.0	14.82
19990325	5.83	4.81	13.52
19990326	0.8	2.67	12.13
19990327	0.97	2.53	10.65
19990328	34.24	6.44	10.66
19990329	8.71	7.59	10.77
19990330	1.79	6.19	10.43
19990331	5.61	10.22	9.59
19990401	0.12	11.21	8.53
19990402	0.05	12.08	7.44
19990403	1.48	9.87	6.56
19990404	17.71	10.78	5.97
19990405	31.43	9.12	6.85
19990406	15.1	7.7	9.59
19990407	16.95	8.12	10.77
19990408	6.1	10.09	11.56
19990409	9.71	8.34	11.55
19990410	7.3	5.47	11.4
19990411	33.08	5.59	12.44
19990412	7.35	3.6	13.0
19990413	3.29	0.75	11.8
19990414	11.98	1.52	10.87
19990415	0.21	1.35	10.11
19990416	0.13	2.58	9.04
19990417	8.42	1.96	8.1
19990418	0.06	2.96	7.3
19990419	0.0	5.15	6.63
19990420	8.71	5.85	6.2
19990421	12.71	8.86	6.0
19990422	14.73	6.76	6.69
19990423	11.49	7.43	7.05
19990424	0.38	9.2	6.89
19990425	0.03	9.19	6.35
19990426	0.0	10.72	5.59
19990427	0.0	11.88	4.93
19990428	0.0	10.69	4.41
19990429	0.14	7.34	3.99
19990430	0.07	8.37	3.59
19990501	0.04	9.69	3.26
19990502	0.01	11.44	3.02
19990503	0.0	12.67	2.74
19990504	0.0	13.5	2.57
19990505	0.11	11.95	2.37
19990506	0.76	10.42	2.18
19990507	0.8	12.93	1.99
19990508	9.46	11.25	1.85
19990509	8.56	11.12	1.85
19990510	9.35	11.18	2.06
19990511	6.35	11.78	2.16
19990512	5.71	11.34	2.3
19990513	3.63	11.56	2.39
19990514	0.02	9.92	2.25
19990515	0.0	9.2	2.13
19990516	0.0	9.36	2.0
19990517	0.0	10.25	1.86
19990518	0.0	10.45	1.74
19990519	0.0	12.03	1.58
19990520	17.96	10.99	1.48
19990521	16.6	5.53	1.98
19990522	22.09	7.98	3.08
19990523	6.04	7.88	4.35
19990524	6.97	7.51	4.56
19990525	8.65	8.8	4.72
19990526	0.8	10.89	5.06
19990527	7.07	14.22	4.89
19990528	17.74	10.18	5.08
19990529	1.25	6.45	5.9
19990530	0.0	8.18	5.37
19990531	0.0	11.54	4.77
19990601	0.0	10.94	4.26
19990602	5.5	13.69	3.84
19990603	8.6	9.72	3.62
19990604	12.64	9.56	3.59
19990605	4.43	8.15	4.04
19990606	1.08	6.65	3.97
19990607	0.08	7.33	3.64
19990608	0.04	7.39	3.28
19990609	0.05	11.79	2.95
19990610	0.01	9.4	2.68
19990611	0.01	10.23	2.58
19990612	1.04	11.64	2.21
19990613	16.06	10.83	2.17
19990614	7.25	11.38	2.91
19990615	7.87	12.2	3.04
19990616	17.11	9.71	3.96
19990617	0.07	11.82	4.77
19990618	8.15	11.19	4.53
19990619	40.32	9.44	7.14
19990620	9.53	8.71	8.73
19990621	1.43	7.11	8.31
19990622	0.01	9.42	7.56
19990623	0.0	11.42	6.59
19990624	0.0	13.28	5.77
19990625	0.0	16.95	5.12
19990626	13.79	14.86	4.47
19990627	0.91	9.91	4.17
19990628	5.7	10.67	3.87
19990629	29.43	10.06	4.35
19990630	11.56	10.58	6.42
19990701	0.03	10.43	6.94
19990702	1.25	14.96	6.4
19990703	1.4	15.09	5.68
19990704	18.06	14.09	5.53
19990705	2.52	14.9	5.73
19990706	0.36	14.65	5.18
19990707	11.74	14.45	4.97
19990708	0.18	17.44	5.01
19990709	4.41	19.84	4.57
19990710	0.11	15.16	4.12
19990711	0.0	15.74	3.72
19990712	0.61	13.99	3.35
19990713	9.93	11.61	3.15
19990714	7.29	10.35	3.35
19990715	16.33	11.35	3.74
19990716	21.39	11.93	4.95
19990717	4.21	11.82	7.23
19990718	2.82	13.86	7.17
19990719	15.6	14.05	6.75
19990720	34.37	12.24	8.31
19990721	2.42	10.2	11.24
19990722	4.1	12.55	10.53
19990723	31.65	13.07	11.45
19990724	1.57	11.03	13.06
19990725	0.0	9.5	11.64
19990726	0.0	11.85	10.07
19990727	0.0	14.12	8.62
19990728	0.0	14.43	7.38
19990729	0.0	14.67	6.39
19990730	0.0	17.84	5.54
19990731	0.0	18.73	4.83
19990801	0.09	20.97	4.26
19990802	0.1	20.48	3.74
19990803	0.0	20.09	3.3
19990804	0.0	19.53	2.96
19990805	0.03	18.9	2.63
19990806	0.0	17.34	2.32
19990807	0.02	13.82	2.17
19990808	0.0	12.21	1.96
19990809	0.0	8.69	1.7
19990810	0.0	9.3	1.48
19990811	0.0	10.8	1.38
19990812	22.01	13.86	1.36
19990813	8.94	12.4	1.44
19990814	12.78	12.28	1.51
19990815	17.82	10.64	2.04
19990816	26.45	11.57	3.32
19990817	0.96	12.56	5.04
19990818	0.52	12.61	4.77
19990819	0.0	9.54	4.25
19990820	0.0	7.76	3.76
19990821	0.0	9.19	3.37
19990822	0.0	10.87	3.03
19990823	0.0	11.36	2.72
19990824	0.0	13.44	2.47
19990825	13.7	14.07	2.28
19990826	5.57	13.58	2.26
19990827	0.96	13.43	2.31
19990828	1.39	13.82	2.29
19990829	21.6	12.26	2.32
19990830	5.95	13.15	3.28
19990831	7.68	15.0	3.68
19990901	3.11	16.21	4.37
19990902	2.73	16.02	4.44
19990903	1.09	11.72	4.35
19990904	2.14	16.89	4.21
19990905	27.73	17.05	4.38
19990906	14.78	9.19	7.1
19990907	9.9	10.76	7.33
19990908	52.03	11.71	10.36
19990909	2.64	11.51	11.84
19990910	18.61	13.92	10.82
19990911	33.2	8.67	12.76
19990912	4.2	10.82	12.71
19990913	6.68	8.78	11.43
19990914	1.29	9.83	10.33
19990915	10.06	13.27	9.05
19990916	22.16	9.71	9.36
19990917	3.33	10.41	9.29
19990918	1.9	13.83	8.46
19990919	2.05	15.66	7.28
19990920	6.8	14.77	6.4
19990921	0.02	12.83	5.87
19990922	1.13	14.55	5.18
19990923	25.45	14.05	4.78
19990924	28.74	12.5	6.63
19990925	3.27	11.11	8.24
19990926	4.64	10.08	7.74
19990927	3.14	9.73	6.99
19990928	6.02	10.4	6.48
19990929	1.07	8.55	6.06
19990930	14.21	7.83	5.78
19991001	16.14	6.81	6.54
19991002	13.31	7.84	7.41
19991003	6.33	6.33	7.52
19991004	1.57	4.15	7.32
19991005	0.05	6.47	6.63
19991006	15.7	8.16	6.28
19991007	7.43	8.29	6.67
19991008	12.05	9.97	7.33
19991009	14.2	11.93	8.19
19991010	16.41	8.78	10.1
19991011	7.42	7.86	10.37
19991012	2.66	9.58	9.5
19991013	2.49	10.44	9.03
19991014	0.12	11.32	8.38
19991015	0.0	9.27	7.37
19991016	0.01	9.62	6.45
19991017	0.0	7.78	5.67
19991018	0.0	7.97	4.95
19991019	0.03	7.14	4.34
19991020	0.24	7.29	3.9
19991021	1.74	8.43	3.6
19991022	2.22	10.52	3.04
19991023	3.35	10.51	2.76
19991024	1.37	8.92	2.54
19991025	2.02	9.26	2.31
19991026	6.34	9.19	2.2
19991027	30.98	8.76	3.55
19991028	3.4	8.35	4.92
19991029	11.47	11.62	4.89
19991030	30.73	10.31	5.71
19991031	40.23	9.32	7.62
19991101	16.65	7.24	10.55
19991102	7.46	8.19	10.99
19991103	28.49	10.52	10.55
19991104	53.26	7.38	16.17
19991105	2.46	5.0	18.65
19991106	6.35	6.34	16.59
19991107	16.93	9.55	16.17
19991108	0.94	6.76	15.5
19991109	0.0	5.93	13.61
19991110	0.01	5.14	11.74
19991111	0.0	4.39	10.1
19991112	0.0	3.82	8.69
19991113	0.0	4.62	7.46
19991114	7.57	5.02	6.49
19991115	12.99	3.98	6.03
19991116	5.1	2.14	6.19
19991117	0.05	1.38	5.9
19991118	0.0	1.2	5.29
19991119	0.0	1.03	4.75
19991120	0.3	4.35	4.25
19991121	6.05	5.54	3.93
19991122	8.14	7.83	3.79
19991123	36.49	7.45	4.75
19991124	13.91	6.08	7.67
19991125	24.21	8.23	8.74
19991126	13.14	4.02	10.46
19991127	36.11	6.15	12.38
19991128	34.48	1.95	16.37
19991129	57.05	3.93	17.48
19991130	18.15	6.89	23.97
19991201	20.54	3.1	23.26
19991202	23.99	1.95	21.69
19991203	15.2	0.65	19.92
19991204	3.13	-0.05	17.65
19991205	57.87	5.86	18.82
19991206	13.82	6.45	25.88
19991207	27.35	4.02	24.51
19991208	24.84	3.42	24.84
19991209	2.86	1.64	23.33
19991210	2.75	0.45	20.47
19991211	4.93	1.26	17.64
19991212	0.04	-1.5	15.16
19991213	0.36	-2.57	13.02
19991214	0.63	0.32	11.13
19991215	9.84	1.93	9.62
19991216	52.41	5.78	11.52
19991217	0.54	0.73	15.22
19991218	1.88	-2.25	13.48
19991219	0.23	-1.74	11.67
19991220	13.47	0.78	10.37
19991221	41.13	4.82	9.79
19991222	35.65	3.18	14.27
19991223	58.54	5.74	17.96
19991224	38.04	2.63	21.66
19991225	11.86	1.6	22.39
19991226	11.79	1.74	20.36
19991227	8.2	0.01	18.29
19991228	5.0	0.36	16.11
19991229	14.95	2.39	14.22
19991230	2.5	3.08	14.43
19991231	14.8	6.3	14.83
20000101	16.89	6.61	15.14
20000102	16.2	5.88	15.55
20000103	10.32	3.51	15.13
20000104	38.25	3.98	14.22
20000105	35.19	5.26	17.93
20000106	20.92	5.57	19.09
20000107	21.23	5.7	20.89
20000108	14.29	2.74	20.43
20000109	27.67	3.45	18.44
20000110	10.37	5.93	19.99
20000111	19.76	4.08	19.33
20000112	6.97	0.79	18.13
20000113	0.15	1.28	16.26
20000114	0.02	-0.38	14.27
20000115	2.27	3.07	12.43
20000116	0.38	6.1	11.05
20000117	0.06	6.39	9.8
20000118	0.01	5.02	8.69
20000119	3.69	4.27	7.68
20000120	0.18	4.39	6.83
20000121	6.02	4.85	6.07
20000122	1.49	0.99	5.74
20000123	1.05	1.55	5.25
20000124	0.03	0.98	4.79
20000125	0.74	1.87	4.32
20000126	3.67	4.2	3.97
20000127	32.07	5.09	4.18
20000128	31.27	5.95	7.74
20000129	11.67	3.65	10.88
20000130	30.72	6.24	13.49
20000131	50.95	5.69	16.76
20000201	10.64	4.94	21.67
20000202	7.89	4.14	20.2
20000203	18.86	7.42	18.86
20000204	13.37	9.32	20.8
20000205	13.12	7.39	21.46
20000206	21.64	5.16	20.96
20000207	31.0	5.06	21.83
20000208	16.97	3.52	22.56
20000209	30.87	5.09	21.16
20000210	11.91	3.52	21.61
20000211	27.38	3.29	20.71
20000212	12.66	1.54	20.15
20000213	11.4	2.88	18.13
20000214	7.62	3.74	17.48
20000215	19.37	-0.11	16.74
20000216	8.96	-0.14	15.12
20000217	14.29	2.45	13.81
20000218	3.39	1.14	13.41
20000219	0.01	0.98	12.27
20000220	24.29	3.36	11.21
20000221	0.63	2.89	11.22
20000222	1.53	4.89	10.22
20000223	14.67	4.93	10.04
20000224	11.39	2.45	9.9
20000225	5.87	4.66	9.6
20000226	44.39	6.23	10.07
20000227	15.29	2.48	13.64
20000228	9.0	2.61	13.38
20000229	7.07	2.42	12.65
20000301	24.82	2.07	11.82
20000302	18.46	3.4	14.2
20000303	2.56	-0.31	14.08
20000304	2.06	1.31	12.55
20000305	24.62	6.39	13.08
20000306	36.23	8.28	18.4
20000307	18.11	9.05	22.62
20000308	16.08	8.3	23.25
20000309	12.8	7.42	23.78
20000310	17.2	7.42	24.3
20000311	0.55	6.73	23.0
20000312	10.28	8.18	20.47
20000313	8.64	5.29	19.24
20000314	4.24	3.85	17.45
20000315	3.04	6.97	15.89
20000316	2.61	7.19	14.38
20000317	3.24	2.98	13.02
20000318	1.56	6.81	11.66
20000319	0.89	9.92	10.33
20000320	7.75	7.22	9.52
20000321	0.52	3.12	9.1
20000322	0.1	3.19	8.22
20000323	8.71	5.69	7.6
20000324	10.2	5.21	7.16
20000325	2.52	3.63	6.97
20000326	2.18	4.01	6.36
20000327	0.01	3.69	5.8
20000328	0.39	5.72	5.18
20000329	0.2	6.64	4.63
20000330	0.03	7.16	4.16
20000331	6.29	6.05	3.8
20000401	5.23	3.7	3.74
20000402	1.96	-0.58	3.51
20000403	0.02	-1.06	3.15
20000404	0.0	1.37	2.93
20000405	0.03	4.32	2.74
20000406	0.0	6.72	2.55
20000407	17.54	6.06	2.64
20000408	0.01	4.78	2.9
20000409	0.0	6.7	2.78
20000410	3.76	3.93	2.63
20000411	4.63	4.7	2.6
20000412	0.48	4.05	2.59
20000413	0.4	3.0	2.34
20000414	0.01	2.6	2.19
20000415	0.02	3.36	2.15
20000416	0.0	3.63	1.95
20000417	0.05	4.67	1.79
20000418	0.27	4.37	1.65
20000419	14.23	9.08	1.69
20000420	8.66	9.4	1.82
20000421	3.36	8.93	2.01
20000422	1.67	8.47	2.0
20000423	4.15	9.17	1.93
20000424	4.37	6.95	2.06
20000425	1.22	4.92	1.97
20000426	11.74	4.77	1.85
20000427	1.7	8.51	1.9
20000428	0.0	9.26	1.84
20000429	2.21	11.09	1.79
20000430	0.0	9.34	1.69
20000501	0.0	10.23	1.55
20000502	0.01	10.77	1.44
20000503	0.0	9.1	1.37
20000504	0.0	10.31	1.29
20000505	0.0	11.06	1.22
20000506	0.56	12.43	1.17
20000507	0.08	14.11	1.1
20000508	0.0	14.22	1.02
20000509	0.0	13.63	0.94
20000510	0.0	13.04	0.99
20000511	0.0	13.57	0.94
20000512	0.0	15.25	0.91
20000513	0.0	15.78	0.83
20000514	0.0	17.32	0.81
20000515	6.33	12.52	0.8
20000516	4.7	7.61	0.75
20000517	13.67	7.41	0.74
20000518	9.04	7.68	0.88
20000519	0.02	7.15	1.09
20000520	0.81	8.15	1.17
20000521	2.33	7.78	1.11
20000522	11.54	8.95	1.05
20000523	11.51	7.63	1.28
20000524	4.56	7.37	1.55
20000525	6.01	6.84	1.73
20000526	6.85	5.66	1.97
20000527	0.07	6.31	1.98
20000528	1.93	6.72	1.9
20000529	2.41	7.75	1.77
20000530	2.6	8.13	1.7
20000531	10.5	9.64	1.73
20000601	13.76	9.73	2.56
20000602	0.0	8.73	3.05
20000603	0.78	11.38	2.94
20000604	3.03	7.24	2.76
20000605	1.57	8.45	2.54
20000606	6.62	9.11	2.32
20000607	5.58	9.8	2.34
20000608	3.42	11.01	2.55
20000609	0.9	10.29	2.48
20000610	22.65	10.09	2.63
20000611	10.78	9.97	3.47
20000612	22.49	11.49	5.91
20000613	2.07	9.57	7.24
20000614	0.84	10.27	6.75
20000615	0.05	10.47	6.04
20000616	0.18	15.93	5.48
20000617	0.54	13.57	4.69
20000618	7.32	16.14	4.18
20000619	0.04	15.93	3.78
20000620	17.74	14.27	3.58
20000621	7.7	12.24	3.89
20000622	6.32	11.18	3.77
20000623	2.72	8.55	4.16
20000624	0.18	7.84	4.05
20000625	0.0	9.77	3.67
20000626	0.0	11.49	3.31
20000627	0.0	13.95	2.96
20000628	0.0	12.58	2.73
20000629	0.0	12.24	2.48
20000630	0.0	10.97	2.19
20000701	0.0	13.59	1.94
20000702	0.0	14.18	1.78
20000703	0.03	14.15	1.61
20000704	0.04	13.65	1.51
20000705	0.54	9.65	1.42
20000706	0.16	11.32	1.18
20000707	3.34	10.81	1.07
20000708	13.91	10.73	1.17
20000709	20.48	10.66	1.59
20000710	1.02	9.16	2.08
20000711	0.0	7.9	2.07
20000712	4.03	11.82	1.98
20000713	5.48	10.44	1.84
20000714	0.03	10.68	1.91
20000715	0.0	10.74	1.83
20000716	0.02	11.17	1.71
20000717	0.0	13.37	1.58
20000718	0.14	14.05	1.48
20000719	0.27	13.38	1.36
20000720	0.01	12.65	1.27
20000721	0.0	16.53	1.17
20000722	0.01	17.06	1.1
20000723	0.0	16.14	1.06
20000724	0.0	13.76	1.01
20000725	0.08	13.91	0.9
20000726	0.01	14.41	0.85
20000727	0.11	14.64	0.81
20000728	5.28	14.95	0.75
20000729	0.1	14.96	0.7
20000730	0.0	14.03	0.68
20000731	15.1	15.38	0.7
20000801	2.77	13.75	0.71
20000802	8.67	14.24	0.73
20000803	0.71	12.87	0.7
20000804	1.06	12.38	0.69
20000805	27.14	14.46	0.84
20000806	2.23	12.82	1.65
20000807	9.63	14.22	2.01
20000808	11.57	16.17	2.4
20000809	13.43	14.55	3.38
20000810	0.8	12.73	4.0
20000811	0.05	14.71	4.01
20000812	1.37	13.76	3.69
20000813	11.67	16.16	3.37
20000814	8.58	12.84	3.4
20000815	3.94	12.4	3.57
20000816	11.84	11.1	4.05
20000817	5.46	10.54	4.52
20000818	1.22	11.59	4.51
20000819	8.31	11.13	4.39
20000820	1.96	10.19	4.16
20000821	0.11	11.1	3.83
20000822	0.01	11.17	3.41
20000823	1.21	13.93	3.03
20000824	0.17	12.39	2.76
20000825	8.65	16.83	2.57
20000826	4.78	12.99	2.48
20000827	0.28	12.1	2.36
20000828	4.35	12.14	2.22
20000829	0.02	11.87	2.12
20000830	16.98	14.11	2.03
20000831	5.53	12.66	2.35
20000901	0.3	12.6	2.41
20000902	0.01	10.4	2.2
20000903	0.03	11.61	2.06
20000904	6.98	13.51	1.92
20000905	28.66	13.28	1.92
20000906	22.98	11.9	3.12
20000907	8.37	12.75	4.72
20000908	9.98	11.74	5.61
20000909	2.84	11.64	5.84
20000910	16.57	12.87	5.55
20000911	11.07	13.05	6.43
20000912	2.31	11.55	6.58
20000913	3.29	11.73	6.2
20000914	1.32	9.41	5.59
20000915	0.49	11.97	5.04
20000916	6.44	10.57	4.61
20000917	13.64	9.59	4.54
20000918	3.27	9.35	4.75
20000919	15.11	11.75	4.63
20000920	1.45	11.13	5.0
20000921	16.83	11.81	5.03
20000922	3.54	11.89	5.64
20000923	1.21	15.63	5.58
20000924	11.75	13.23	5.32
20000925	0.15	11.67	5.45
20000926	5.37	11.96	5.08
20000927	22.3	9.75	5.36
20000928	2.46	10.55	5.81
20000929	2.74	11.83	5.41
20000930	0.02	10.85	4.91
20001001	5.62	11.41	4.53
20001002	15.38	9.56	4.38
20001003	35.29	11.05	6.63
20001004	14.48	6.96	8.81
20001005	4.42	6.34	8.89
20001006	3.58	8.91	8.26
20001007	12.59	8.56	7.91
20001008	9.62	7.05	8.15
20001009	20.81	6.46	8.14
20001010	14.48	7.22	9.45
20001011	2.07	7.89	9.87
20001012	0.25	8.95	8.94
20001013	9.43	8.43	8.21
20001014	12.02	9.85	8.07
20001015	12.7	10.01	8.02
20001016	7.49	6.36	8.56
20001017	26.29	9.06	9.1
20001018	21.36	7.94	9.83
20001019	9.8	6.95	10.79
20001020	12.85	7.24	10.69
20001021	1.3	6.62	10.65
20001022	21.19	8.65	9.96
20001023	25.82	8.32	11.53
20001024	36.02	9.28	13.71
20001025	21.55	7.37	16.56
20001026	15.49	8.07	17.69
20001027	6.6	7.83	17.32
20001028	41.83	7.49	17.17
20001029	10.24	5.45	19.44
20001030	7.75	4.28	18.1
20001031	11.83	3.88	16.66
20001101	6.33	2.62	15.17
20001102	0.04	2.48	13.64
20001103	10.21	4.47	12.0
20001104	2.53	3.35	11.43
20001105	0.05	2.4	10.37
20001106	1.85	5.3	9.14
20001107	0.81	6.29	7.87
20001108	3.09	5.68	6.94
20001109	1.54	4.31	6.36
20001110	12.47	4.23	5.86
20001111	7.01	3.15	5.76
20001112	7.75	3.29	5.67
20001113	9.98	5.04	5.74
20001114	1.3	4.59	5.86
20001115	10.73	3.99	5.59
20001116	12.11	2.76	5.7
20001117	14.56	3.95	6.16
20001118	7.46	3.93	7.11
20001119	7.8	3.33	7.42
20001120	0.42	1.67	7.35
20001121	3.37	2.23	6.7
20001122	13.66	3.64	6.31
20001123	16.9	4.73	6.78
20001124	4.59	4.07	7.62
20001125	3.1	3.74	7.31
20001126	17.65	4.35	6.87
20001127	10.14	5.97	8.37
20001128	11.3	9.98	8.45
20001129	50.19	7.4	11.46
20001130	11.48	7.96	14.11
20001201	41.14	7.73	14.39
20001202	29.45	7.14	17.72
20001203	22.43	7.74	18.39
20001204	40.28	9.43	19.71
20001205	12.94	8.67	20.89
20001206	4.32	8.05	19.35
20001207	2.68	6.72	17.18
20001208	31.19	7.01	15.65
20001209	36.48	6.09	18.3
20001210	7.27	5.82	18.77
20001211	1.02	6.14	16.98
20001212	22.41	5.45	15.27
20001213	31.43	4.57	15.53
20001214	3.71	1.87	17.0
20001215	0.04	-0.79	15.37
20001216	0.61	-0.66	13.48
20001217	1.26	1.6	11.74
20001218	0.03	4.1	10.29
20001219	31.51	4.72	9.16
20001220	20.81	4.74	10.96
20001221	0.18	3.7	10.56
20001222	0.0	1.88	9.35
20001223	0.05	1.42	8.3
20001224	0.07	-0.73	7.25
20001225	0.01	-2.63	6.36
20001226	0.16	-4.46	5.61
20001227	13.1	-3.24	5.17
20001228	0.11	-4.2	4.48
20001229	0.04	-4.61	3.94
20001230	2.71	-1.97	3.58
20001231	22.55	2.77	3.73
20010101	23.23	5.23	4.89
20010102	6.77	4.01	7.11
20010103	25.17	2.41	8.4
20010104	7.06	3.64	8.98
20010105	4.67	2.73	8.99
20010106	16.32	3.55	8.96
20010107	5.0	3.37	9.93
20010108	1.33	2.11	9.78
20010109	0.0	-1.06	8.93
20010110	0.01	-2.26	7.88
20010111	0.0	-2.85	6.99
20010112	0.0	-0.29	6.25
20010113	0.03	0.76	5.48
20010114	0.0	1.24	4.85
20010115	0.0	-1.03	4.22
20010116	0.0	-3.73	3.77
20010117	0.0	-3.4	3.39
20010118	0.0	-1.53	3.07
20010119	0.0	-1.76	2.81
20010120	2.08	-0.34	2.68
20010121	1.26	2.04	2.46
20010122	7.66	4.28	2.51
20010123	15.49	4.89	2.75
20010124	11.47	3.82	4.22
20010125	37.35	3.5	5.2
20010126	40.32	3.12	8.95
20010127	2.89	1.36	11.1
20010128	2.96	0.14	10.38
20010129	2.21	1.67	9.34
20010130	1.73	3.09	8.43
20010131	1.38	3.76	7.63
20010201	17.81	4.84	7.32
20010202	5.47	4.75	8.74
20010203	6.86	1.88	9.0
20010204	0.09	0.06	8.55
20010205	3.31	0.22	7.5
20010206	14.35	-0.18	6.75
20010207	0.53	-1.63	6.39
20010208	0.59	-1.9	5.44
20010209	3.27	-0.78	5.02
20010210	20.23	5.57	5.01
20010211	5.92	6.13	6.3
20010212	0.03	5.79	6.49
20010213	0.03	4.96	6.01
20010214	5.02	6.48	5.49
20010215	0.64	3.1	5.18
20010216	1.09	3.46	4.82
20010217	0.0	3.84	4.49
20010218	8.06	4.0	4.19
20010219	0.58	4.16	4.25
20010220	5.09	6.19	4.15
20010221	1.98	4.9	4.09
20010222	4.47	2.5	3.92
20010223	1.23	-0.93	3.81
20010224	2.52	-0.9	3.55
20010225	2.38	0.58	3.39
20010226	0.33	-0.75	3.16
20010227	0.03	-1.94	2.81
20010228	0.11	-3.86	2.59
20010301	0.0	-3.28	2.43
20010302	2.86	-1.83	2.28
20010303	13.05	-0.77	2.19
20010304	13.99	2.55	2.2
20010305	0.6	2.42	2.78
20010306	3.32	4.83	3.12
20010307	2.69	8.4	3.31
20010308	7.35	7.83	3.62
20010309	5.67	6.86	3.81
20010310	4.47	6.14	4.14
20010311	4.38	3.26	4.41
20010312	0.09	1.97	4.31
20010313	0.21	3.01	4.01
20010314	0.17	2.39	3.76
20010315	0.02	0.71	3.45
20010316	0.0	1.07	3.19
20010317	0.01	1.05	2.89
20010318	0.0	0.1	2.61
20010319	0.0	1.33	2.39
20010320	0.0	2.87	2.27
20010321	0.0	2.85	2.09
20010322	0.1	2.9	1.85
20010323	0.2	4.13	1.69
20010324	0.03	3.01	1.56
20010325	0.0	0.75	1.44
20010326	0.0	2.93	1.36
20010327	0.55	3.53	1.24
20010328	0.29	4.68	1.12
20010329	0.67	4.28	1.01
20010330	24.03	6.96	1.07
20010331	1.43	6.82	1.81
20010401	6.69	7.67	2.11
20010402	9.9	7.02	2.37
20010403	5.57	4.34	2.74
20010404	7.43	4.16	3.0
20010405	0.04	4.34	3.31
20010406	0.12	5.64	3.15
20010407	0.28	4.99	2.77
20010408	3.47	6.75	2.7
20010409	9.53	7.06	2.74
20010410	1.03	4.06	2.83
20010411	0.0	4.52	2.76
20010412	0.0	6.34	2.61
20010413	15.6	6.68	2.43
20010414	3.49	6.42	3.27
20010415	0.54	3.53	3.56
20010416	4.44	5.48	3.4
20010417	4.59	3.57	3.41
20010418	0.46	2.47	3.36
20010419	0.13	1.66	3.17
20010420	0.01	6.73	2.95
20010421	11.7	5.73	2.87
20010422	4.42	5.88	2.78
20010423	0.23	6.08	2.74
20010424	0.0	6.88	2.59
20010425	0.52	4.2	2.4
20010426	0.06	6.15	2.18
20010427	14.25	5.33	2.19
20010428	0.62	4.43	2.22
20010429	1.23	5.27	2.12
20010430	0.28	5.29	1.99
20010501	0.17	8.68	1.9
20010502	3.67	4.94	1.84
20010503	0.4	5.21	1.79
20010504	0.32	5.5	1.7
20010505	0.0	8.88	1.58
20010506	0.0	9.39	1.48
20010507	0.0	10.93	1.37
20010508	0.0	8.88	1.3
20010509	0.0	11.98	1.33
20010510	0.0	15.64	1.22
20010511	0.88	17.35	1.09
20010512	0.08	16.47	1.0
20010513	0.04	14.93	0.95
20010514	0.43	12.46	0.88
20010515	9.24	8.65	0.86
20010516	2.68	7.59	0.87
20010517	2.28	6.75	0.87
20010518	0.66	8.12	0.82
20010519	1.43	9.27	0.84
20010520	0.15	10.53	0.86
20010521	0.0	10.56	0.84
20010522	0.0	13.63	0.8
20010523	0.0	14.4	0.75
20010524	0.0	16.3	0.76
20010525	2.43	13.79	0.75
20010526	1.39	14.3	0.67
20010527	7.88	13.13	0.7
20010528	12.88	12.34	0.79
20010529	5.24	10.95	1.43
20010530	9.3	10.27	1.76
20010531	7.25	9.25	2.23
20010601	29.18	7.44	4.06
20010602	0.16	7.05	5.25
20010603	0.72	9.49	4.86
20010604	2.14	10.11	4.48
20010605	7.04	8.08	4.33
20010606	2.22	7.33	4.33
20010607	4.4	6.2	4.09
20010608	16.63	7.9	4.01
20010609	0.55	7.48	4.18
20010610	1.7	10.49	3.89
20010611	0.41	9.0	3.62
20010612	0.0	9.78	3.35
20010613	0.01	10.7	3.03
20010614	0.05	11.05	2.88
20010615	0.51	8.87	2.63
20010616	0.21	9.53	2.33
20010617	0.02	8.02	2.0
20010618	3.33	11.64	1.94
20010619	50.62	11.75	3.08
20010620	2.88	9.69	5.19
20010621	0.0	8.85	5.17
20010622	0.01	13.11	4.72
20010623	0.44	13.86	4.32
20010624	3.07	14.97	3.87
20010625	0.02	15.08	3.48
20010626	1.07	15.76	3.2
20010627	7.17	13.18	2.9
20010628	19.22	12.18	2.85
20010629	23.4	14.27	4.14
20010630	4.78	12.15	5.7
20010701	15.52	14.83	6.19
20010702	15.92	17.24	6.5
20010703	6.24	16.31	7.01
20010704	0.78	16.21	6.66
20010705	0.0	15.4	6.11
20010706	0.48	16.62	5.49
20010707	0.97	15.19	4.93
20010708	0.4	12.25	4.32
20010709	7.65	12.64	4.02
20010710	40.23	10.63	4.68
20010711	6.05	11.21	6.93
20010712	1.76	9.64	6.97
20010713	0.05	8.6	6.48
20010714	0.01	8.62	5.77
20010715	0.01	8.81	5.12
20010716	1.04	11.62	4.61
20010717	0.01	11.46	4.16
20010718	0.01	11.06	3.62
20010719	0.0	9.96	3.27
20010720	1.19	12.26	3.01
20010721	10.33	13.14	2.73
20010722	2.7	12.03	2.59
20010723	19.24	11.39	2.87
20010724	4.91	12.38	3.23
20010725	2.54	12.73	3.27
20010726	5.44	14.78	3.32
20010727	0.01	15.0	3.26
20010728	2.25	15.79	3.07
20010729	0.66	13.61	2.85
20010730	2.37	11.55	2.75
20010731	8.0	12.24	2.57
20010801	20.71	13.02	3.64
20010802	17.89	11.79	5.46
20010803	4.49	12.5	5.79
20010804	11.63	11.76	5.78
20010805	8.21	10.75	5.84
20010806	0.05	12.68	5.58
20010807	0.43	11.48	5.08
20010808	0.71	11.07	4.43
20010809	3.23	10.3	4.0
20010810	3.29	12.09	3.68
20010811	28.6	13.59	5.06
20010812	15.68	14.21	6.55
20010813	8.79	14.89	8.28
20010814	12.82	14.48	8.67
20010815	0.22	13.0	8.62
20010816	9.53	13.09	7.91
20010817	0.48	11.17	7.42
20010818	0.53	15.87	6.76
20010819	13.04	13.8	5.92
20010820	2.01	13.3	5.69
20010821	23.08	13.38	6.38
20010822	0.03	12.94	6.52
20010823	0.06	14.27	5.86
20010824	0.02	13.35	5.18
20010825	4.36	12.9	4.62
20010826	3.36	12.08	4.12
20010827	0.67	11.92	3.75
20010828	5.65	13.06	3.48
20010829	12.57	12.31	3.73
20010830	3.89	12.54	3.91
20010831	0.25	12.05	3.72
20010901	36.58	12.72	4.96
20010902	8.92	11.33	7.13
20010903	0.31	9.58	7.38
20010904	7.55	11.94	6.77
20010905	5.16	11.56	6.43
20010906	20.97	10.99	6.78
20010907	26.78	9.44	10.55
20010908	1.23	9.14	11.27
20010909	0.01	9.55	9.99
20010910	2.25	11.24	8.77
20010911	17.79	13.05	7.78
20010912	42.69	10.28	9.61
20010913	0.04	8.4	12.49
20010914	21.8	9.75	11.91
20010915	7.5	9.27	12.33
20010916	0.17	7.13	11.41
20010917	0.0	7.86	10.07
20010918	0.0	9.94	8.71
20010919	0.0	10.74	7.6
20010920	0.0	11.72	6.54
20010921	0.06	10.63	5.78
20010922	0.0	9.06	5.11
20010923	0.0	10.23	4.57
20010924	0.0	10.95	4.04
20010925	0.0	9.67	3.61
20010926	0.0	9.74	3.27
20010927	1.67	12.66	2.98
20010928	14.18	14.19	2.76
20010929	13.28	13.89	2.87
20010930	37.9	12.45	4.14
20011001	47.06	11.29	6.99
20011002	23.73	10.54	12.03
20011003	12.55	9.65	12.92
20011004	10.94	11.19	12.75
20011005	14.54	12.12	12.47
20011006	15.57	11.59	12.6
20011007	12.04	10.46	12.71
20011008	1.92	10.41	12.27
20011009	25.24	10.32	11.74
20011010	26.43	10.43	13.84
20011011	21.21	13.06	17.67
20011012	1.37	11.02	17.78
20011013	1.6	10.95	15.61
20011014	10.5	11.97	13.88
20011015	11.25	9.69	13.07
20011016	18.97	11.43	12.52
20011017	2.7	13.38	12.33
20011018	6.69	9.74	11.26
20011019	1.15	10.06	10.18
20011020	4.43	10.46	9.1
20011021	8.76	9.44	8.24
20011022	0.61	9.84	7.72
20011023	6.54	10.97	6.97
20011024	6.58	10.81	6.61
20011025	14.0	10.79	6.71
20011026	18.48	9.17	7.06
20011027	4.29	7.06	8.05
20011028	30.34	9.25	8.29
20011029	108.87	10.46	17.75
20011030	44.68	7.99	29.19
20011031	5.25	6.93	28.14
20011101	1.05	10.31	24.78
20011102	12.82	8.76	22.57
20011103	19.23	7.71	21.02
20011104	5.6	4.17	20.49
20011105	39.1	7.88	21.64
20011106	6.05	5.43	21.6
20011107	19.09	2.57	20.22
20011108	4.18	-0.27	18.48
20011109	4.64	5.38	16.2
20011110	7.6	9.97	14.88
20011111	25.87	7.82	15.41
20011112	0.02	2.32	16.45
20011113	1.33	2.38	14.5
20011114	6.51	5.9	12.8
20011115	2.27	8.89	11.91
20011116	4.18	8.12	10.9
20011117	3.06	7.12	9.87
20011118	3.43	5.75	9.09
20011119	4.71	6.75	8.21
20011120	21.29	8.38	8.28
20011121	8.84	5.81	9.78
20011122	1.8	1.36	9.56
20011123	33.8	7.48	9.81
20011124	12.79	8.46	12.3
20011125	6.74	3.22	13.06
20011126	38.22	3.7	12.72
20011127	12.07	2.64	14.68
20011128	10.49	7.16	14.62
20011129	8.77	6.43	14.68
20011130	17.99	6.75	14.43
20011201	4.33	2.76	14.15
20011202	10.15	5.86	13.07
20011203	63.12	7.06	16.07
20011204	4.06	3.19	18.09
20011205	0.53	1.44	16.25
20011206	10.98	6.54	14.39
20011207	29.12	11.03	13.18
20011208	3.0	7.75	15.35
20011209	0.0	4.14	14.0
20011210	0.0	3.25	12.21
20011211	0.0	5.5	10.58
20011212	0.0	3.55	9.19
20011213	0.15	2.14	8.0
20011214	0.1	2.66	6.98
20011215	0.11	3.06	6.17
20011216	0.0	3.22	5.46
20011217	0.03	1.29	4.83
20011218	2.65	1.77	4.31
20011219	1.44	1.0	3.89
20011220	37.13	3.18	3.81
20011221	0.72	0.65	6.06
20011222	14.73	-0.24	5.85
20011223	16.43	5.41	6.51
20011224	7.78	3.32	7.3
20011225	4.81	-1.32	7.31
20011226	15.65	1.35	6.92
20011227	19.09	3.53	7.61
20011228	2.94	-1.49	8.81
20011229	7.63	-1.9	8.17
20011230	0.54	-3.73	7.37
20011231	6.55	-0.41	6.62
20020101	0.09	0.34	6.11
20020102	0.01	1.75	5.57
20020103	0.0	4.77	5.08
20020104	5.96	5.56	4.63
20020105	1.54	6.14	4.73
20020106	0.01	7.77	4.74
20020107	0.48	8.1	4.52
20020108	2.56	7.08	4.25
20020109	0.16	4.29	4.03
20020110	1.3	5.22	3.8
20020111	7.96	8.14	3.88
20020112	3.48	8.62	4.25
20020113	7.94	8.62	4.09
20020114	19.14	6.09	4.87
20020115	13.7	4.77	5.94
20020116	16.18	6.74	7.66
20020117	7.57	3.86	8.37
20020118	20.54	5.63	8.83
20020119	31.56	5.88	9.76
20020120	31.73	7.47	12.73
20020121	40.25	8.03	17.23
20020122	25.21	5.13	21.45
20020123	10.66	3.3	21.88
20020124	0.55	-1.02	19.77
20020125	18.13	2.76	17.95
20020126	6.68	3.44	17.45
20020127	27.71	6.12	15.96
20020128	20.15	3.47	17.4
20020129	18.23	5.53	17.38
20020130	16.43	5.16	17.73
20020131	23.29	5.64	17.55
20020201	11.21	6.96	17.38
20020202	5.46	4.22	16.11
20020203	15.13	2.15	15.09
20020204	26.08	4.3	14.61
20020205	10.86	4.27	14.73
20020206	13.84	2.74	14.41
20020207	4.59	6.86	13.96
20020208	41.67	6.22	15.31
20020209	12.26	3.17	17.28
20020210	21.95	6.41	16.85
20020211	22.39	5.54	17.74
20020212	4.43	2.53	18.17
20020213	0.05	0.62	16.22
20020214	8.68	3.56	14.49
20020215	2.95	5.79	13.23
20020216	14.51	5.47	12.12
20020217	12.58	3.44	12.19
20020218	15.3	3.25	12.2
20020219	29.96	4.26	13.49
20020220	9.1	1.73	14.36
20020221	54.26	4.53	17.61
20020222	9.73	0.13	20.75
20020223	5.17	-0.67	18.65
20020224	7.68	0.83	16.3
20020225	29.97	4.25	16.46
20020226	20.07	2.28	18.12
20020227	2.16	1.94	17.44
20020228	0.02	0.72	15.4
20020301	6.66	2.06	13.42
20020302	12.88	5.58	12.12
20020303	6.08	6.63	13.63
20020304	9.74	4.45	13.29
20020305	62.92	6.09	15.77
20020306	10.1	5.32	21.2
20020307	2.67	6.4	19.41
20020308	23.92	4.32	18.2
20020309	11.83	1.63	17.24
20020310	21.27	2.51	15.63
20020311	14.91	2.06	15.75
20020312	0.04	0.86	14.96
20020313	0.03	2.06	13.28
20020314	0.0	2.99	11.71
20020315	0.78	3.71	10.44
20020316	17.63	6.01	9.3
20020317	2.55	8.33	9.36
20020318	3.08	5.46	8.72
20020319	0.34	2.85	7.93
20020320	6.49	4.08	7.18
20020321	8.86	5.95	6.74
20020322	0.03	7.66	6.68
20020323	0.24	9.57	6.32
20020324	8.19	7.44	5.62
20020325	0.54	3.61	5.38
20020326	0.13	7.11	5.06
20020327	0.0	7.6	4.57
20020328	0.0	6.41	4.13
20020329	0.0	6.55	3.78
20020330	2.55	7.43	3.48
20020331	9.4	8.82	3.29
20020401	1.49	5.79	3.46
20020402	5.26	8.61	3.44
20020403	2.3	8.12	3.29
20020404	0.01	8.25	3.13
20020405	0.0	7.37	3.02
20020406	0.0	6.27	2.66
20020407	0.0	7.5	2.43
20020408	0.0	6.1	2.28
20020409	0.01	7.64	2.13
20020410	0.83	8.33	2.0
20020411	3.87	3.5	1.88
20020412	0.01	3.32	1.76
20020413	5.47	6.87	1.68
20020414	0.36	3.09	1.64
20020415	0.01	6.63	1.64
20020416	2.04	9.33	1.63
20020417	0.62	8.5	1.5
20020418	0.55	6.75	1.39
20020419	0.51	9.46	1.37
20020420	10.76	10.05	1.37
20020421	34.08	10.68	1.88
20020422	11.96	9.79	3.74
20020423	0.4	9.41	4.43
20020424	7.72	10.65	4.38
20020425	30.25	7.63	4.7
20020426	14.79	4.42	6.72
20020427	4.87	6.41	7.05
20020428	29.89	4.93	7.67
20020429	1.7	4.65	8.51
20020430	2.1	5.11	7.99
20020501	3.54	6.79	7.2
20020502	0.29	5.75	6.47
20020503	0.69	5.94	5.81
20020504	0.0	7.67	5.2
20020505	0.0	8.99	4.6
20020506	0.0	10.38	4.11
20020507	1.26	13.4	3.72
20020508	0.0	10.89	3.43
20020509	7.64	12.06	3.13
20020510	1.51	7.13	2.85
20020511	1.45	6.4	2.61
20020512	0.92	8.49	2.5
20020513	14.18	10.27	2.53
20020514	10.67	8.69	2.77
20020515	2.05	10.16	3.08
20020516	0.05	14.03	3.12
20020517	0.0	12.16	3.04
20020518	3.48	9.5	2.73
20020519	9.2	10.04	2.68
20020520	17.73	10.06	3.36
20020521	8.34	12.27	3.65
20020522	14.99	11.41	4.02
20020523	21.05	9.33	5.04
20020524	20.71	9.25	6.57
20020525	6.13	9.16	8.02
20020526	4.37	10.54	7.68
20020527	5.21	10.36	7.19
20020528	4.15	11.23	6.69
20020529	10.62	9.21	6.26
20020530	9.26	8.89	6.43
20020531	2.37	11.18	6.36
20020601	12.13	13.37	6.01
20020602	13.07	12.27	6.38
20020603	7.08	9.06	6.84
20020604	6.23	10.4	6.72
20020605	0.0	13.85	6.38
20020606	0.0	17.68	5.68
20020607	3.3	17.4	5.25
20020608	12.39	15.17	4.82
20020609	9.81	9.7	4.84
20020610	15.53	10.5	4.82
20020611	11.59	8.86	5.83
20020612	13.25	9.14	6.3
20020613	4.28	10.48	6.64
20020614	10.41	11.47	6.92
20020615	9.23	12.45	6.86
20020616	11.76	13.29	6.68
20020617	9.71	13.23	6.63
20020618	5.69	11.51	6.71
20020619	1.43	10.83	6.59
20020620	1.78	12.65	6.15
20020621	9.09	11.72	5.71
20020622	15.87	11.29	5.66
20020623	12.59	10.63	6.81
20020624	6.17	10.59	7.35
20020625	22.21	10.89	7.55
20020626	5.26	10.16	9.12
20020627	1.7	9.52	8.74
20020628	8.57	11.39	7.82
20020629	21.56	11.26	8.61
20020630	16.08	9.59	9.67
20020701	8.72	8.95	10.87
20020702	0.63	11.26	10.24
20020703	0.61	9.99	9.05
20020704	0.02	10.52	7.98
20020705	0.01	11.57	6.99
20020706	4.39	10.79	6.23
20020707	4.97	11.1	5.7
20020708	7.18	10.47	5.54
20020709	2.91	10.72	5.8
20020710	5.48	11.94	5.46
20020711	12.53	9.99	5.35
20020712	8.48	9.45	5.46
20020713	0.08	13.67	5.17
20020714	5.36	13.94	4.75
20020715	0.13	12.04	4.47
20020716	0.25	11.31	4.25
20020717	0.0	11.78	3.87
20020718	0.89	12.82	3.58
20020719	5.34	11.13	3.32
20020720	0.18	10.57	3.21
20020721	3.71	13.36	3.1
20020722	10.42	12.73	2.95
20020723	1.44	12.67	2.98
20020724	4.22	12.03	3.02
20020725	6.22	12.59	3.21
20020726	2.29	13.68	3.71
20020727	21.33	15.58	4.02
20020728	6.63	13.09	5.35
20020729	26.14	15.29	6.1
20020730	13.4	15.11	7.59
20020731	1.45	18.06	7.78
20020801	0.0	18.46	7.23
20020802	0.11	18.01	6.39
20020803	0.14	17.52	5.55
20020804	0.0	16.29	4.92
20020805	0.0	16.7	4.37
20020806	12.28	16.59	3.97
20020807	0.75	11.88	3.72
20020808	2.79	12.72	3.42
20020809	0.0	10.61	3.15
20020810	1.13	12.31	2.88
20020811	7.68	11.25	2.82
20020812	1.97	13.4	2.72
20020813	0.09	12.53	2.65
20020814	18.12	13.44	2.74
20020815	3.47	11.9	3.06
20020816	0.0	13.63	3.09
20020817	4.41	15.03	3.0
20020818	6.87	11.88	2.87
20020819	0.0	11.77	2.79
20020820	0.0	11.11	2.59
20020821	0.0	13.24	2.45
20020822	0.0	14.37	2.25
20020823	6.61	14.4	2.12
20020824	1.0	11.64	2.06
20020825	0.0	12.0	1.96
20020826	0.6	13.44	1.87
20020827	0.21	13.83	1.78
20020828	4.74	14.47	1.67
20020829	5.88	12.42	1.65
20020830	17.62	9.96	2.19
20020831	1.57	8.79	2.53
20020901	0.12	12.6	2.42
20020902	0.0	12.93	2.3
20020903	0.0	13.12	2.09
20020904	13.27	13.38	2.33
20020905	21.0	10.19	2.77
20020906	33.96	9.79	4.15
20020907	1.17	10.82	5.2
20020908	0.37	11.05	4.92
20020909	12.78	13.62	4.55
20020910	0.8	13.22	4.49
20020911	0.13	14.22	4.14
20020912	0.0	15.22	3.75
20020913	0.0	14.05	3.36
20020914	0.01	13.36	3.05
20020915	0.0	10.85	2.77
20020916	0.04	12.08	2.54
20020917	0.0	11.68	2.35
20020918	0.0	11.48	2.19
20020919	0.28	10.57	2.01
20020920	0.0	11.47	1.87
20020921	0.11	9.97	1.74
20020922	0.0	8.35	1.68
20020923	0.02	8.42	1.55
20020924	0.06	10.3	1.44
20020925	12.75	9.1	1.4
20020926	3.38	10.91	1.45
20020927	0.02	11.5	1.45
20020928	0.0	12.03	1.43
20020929	1.13	13.2	1.39
20020930	1.25	14.22	1.36
20021001	0.17	14.24	1.3
20021002	12.7	12.01	1.29
20021003	6.13	9.43	1.54
20021004	19.2	11.66	2.84
20021005	0.19	10.1	4.01
20021006	0.02	10.59	3.89
20021007	2.48	10.33	3.66
20021008	0.01	10.63	3.42
20021009	0.0	10.43	3.07
20021010	0.19	10.03	2.76
20021011	22.05	8.17	2.59
20021012	9.2	5.31	3.08
20021013	1.88	7.18	3.22
20021014	0.07	5.97	3.06
20021015	0.01	4.17	2.83
20021016	0.03	4.54	2.59
20021017	0.15	3.76	2.41
20021018	0.46	3.29	2.21
20021019	0.66	1.32	2.07
20021020	2.42	1.28	2.01
20021021	12.24	3.8	2.04
20021022	15.24	3.14	2.1
20021023	10.08	2.1	2.62
20021024	19.2	3.5	3.46
20021025	8.43	3.05	4.33
20021026	13.68	4.87	4.64
20021027	11.39	3.9	5.1
20021028	7.29	3.79	5.74
20021029	0.44	2.72	5.66
20021030	1.77	4.9	5.25
20021031	1.96	6.65	5.02
20021101	7.49	8.42	4.85
20021102	11.88	9.28	5.12
20021103	20.39	7.95	6.26
20021104	8.8	9.02	7.61
20021105	20.93	9.02	7.88
20021106	19.35	5.55	9.26
20021107	9.25	5.55	10.61
20021108	0.01	4.17	10.26
20021109	10.97	5.37	9.16
20021110	25.54	7.85	8.87
20021111	29.74	4.38	10.69
20021112	3.73	4.42	11.3
20021113	1.22	5.02	10.5
20021114	0.63	5.82	9.37
20021115	0.08	4.96	8.0
20021116	0.07	1.12	7.11
20021117	0.14	1.62	6.3
20021118	1.25	5.58	5.66
20021119	5.33	5.86	5.03
20021120	3.72	6.79	4.64
20021121	15.47	7.58	4.44
20021122	2.74	6.77	4.66
20021123	4.78	6.7	4.48
20021124	1.45	6.51	4.29
20021125	5.45	6.61	4.09
20021126	15.98	8.52	4.4
20021127	19.1	8.87	6.68
20021128	6.23	6.65	7.44
20021129	6.93	6.94	7.13
20021130	13.57	5.58	7.31
20021201	19.44	5.09	8.18
20021202	4.93	3.76	8.8
20021203	13.59	4.74	8.31
20021204	3.06	2.81	8.21
20021205	0.07	2.52	7.55
20021206	0.09	3.44	6.76
20021207	0.01	2.25	6.04
20021208	0.0	2.84	5.45
20021209	0.0	1.66	4.77
20021210	0.0	0.75	4.24
20021211	0.0	0.77	3.8
20021212	0.0	-0.2	3.37
20021213	0.0	0.9	3.05
20021214	0.0	1.51	2.81
20021215	0.0	0.23	2.55
20021216	0.0	-2.24	2.36
20021217	0.44	-0.96	2.19
20021218	0.0	1.13	2.05
20021219	0.0	0.28	1.93
20021220	0.06	1.97	1.76
20021221	1.25	4.27	1.76
20021222	4.24	6.63	1.62
20021223	30.2	9.39	2.21
20021224	14.06	8.1	3.41
20021225	0.17	5.58	4.09
20021226	0.49	6.12	3.91
20021227	1.67	5.6	3.58
20021228	1.84	4.93	3.39
20021229	0.0	4.11	3.26
20021230	0.0	1.23	3.0
20021231	0.13	1.13	2.79
20030101	1.01	2.61	2.49
20030102	0.04	-1.66	2.27
20030103	0.0	-2.83	2.08
20030104	0.0	-3.63	1.94
20030105	0.0	-3.49	1.82
20030106	0.0	-3.31	1.71
20030107	0.0	-2.5	1.61
20030108	0.02	-1.74	1.45
20030109	0.0	-0.5	1.37
20030110	0.02	-2.1	1.32
20030111	7.36	2.64	1.26
20030112	22.83	7.6	2.74
20030113	29.47	8.23	6.01
20030114	18.88	6.83	10.05
20030115	11.47	6.06	10.6
20030116	27.6	7.04	11.23
20030117	7.94	4.34	12.45
20030118	13.15	3.55	12.0
20030119	0.87	2.0	11.26
20030120	11.54	2.96	10.69
20030121	1.07	2.77	10.06
20030122	0.41	0.78	8.91
20030123	4.26	5.43	7.86
20030124	50.29	7.31	10.26
20030125	23.5	7.91	15.29
20030126	13.89	9.47	17.33
20030127	15.3	5.3	18.89
20030128	12.93	2.72	18.46
20030129	3.25	-0.24	16.8
20030130	0.47	-2.1	14.67
20030131	14.57	1.47	12.99
20030201	18.08	1.86	12.28
20030202	7.96	-0.0	11.86
20030203	8.56	-0.44	10.74
20030204	2.08	-2.33	9.52
20030205	3.01	0.41	8.45
20030206	9.02	6.3	8.87
20030207	5.23	7.3	10.0
20030208	17.91	4.3	11.64
20030209	0.47	2.32	11.62
20030210	17.76	5.81	10.88
20030211	0.38	2.98	10.32
20030212	0.23	2.44	9.22
20030213	0.13	1.35	8.13
20030214	0.02	-0.68	7.16
20030215	0.15	1.24	6.36
20030216	0.43	2.34	5.62
20030217	0.0	2.63	4.92
20030218	0.0	2.95	4.29
20030219	0.0	1.71	3.77
20030220	0.04	3.19	3.33
20030221	0.0	4.65	3.05
20030222	0.15	5.59	2.89
20030223	6.96	4.6	2.61
20030224	0.0	6.19	2.52
20030225	0.0	7.71	2.4
20030226	0.02	7.25	2.21
20030227	3.5	7.73	2.07
20030228	13.61	5.77	2.14
20030301	3.05	4.42	2.38
20030302	2.35	5.62	2.43
20030303	1.7	7.21	2.51
20030304	15.72	7.22	2.67
20030305	12.4	5.33	3.37
20030306	12.11	6.03	3.88
20030307	12.18	4.15	4.64
20030308	31.44	6.06	5.49
20030309	13.79	7.42	9.5
20030310	21.46	5.89	9.57
20030311	1.65	3.56	9.71
20030312	0.0	2.02	8.96
20030313	0.0	2.64	7.93
20030314	0.0	4.96	7.02
20030315	0.0	6.1	6.13
20030316	0.01	5.51	5.39
20030317	0.0	6.18	4.76
20030318	0.01	7.48	4.22
20030319	1.57	7.23	3.74
20030320	0.25	7.19	3.38
20030321	0.0	7.82	3.12
20030322	0.0	6.39	2.82
20030323	0.0	7.62	2.56
20030324	0.0	9.44	2.32
20030325	0.0	8.13	2.13
20030326	1.08	9.29	1.95
20030327	0.01	8.09	1.83
20030328	1.44	8.89	1.66
20030329	1.46	6.93	1.49
20030330	0.0	4.16	1.43
20030331	23.38	6.27	1.42
20030401	10.93	4.14	2.16
20030402	0.41	6.45	2.53
20030403	0.4	8.61	2.51
20030404	0.0	8.61	2.44
20030405	0.0	7.55	2.28
20030406	0.0	9.5	2.18
20030407	0.0	7.59	2.01
20030408	0.0	6.8	1.81
20030409	0.0	7.14	1.69
20030410	0.0	5.22	1.54
20030411	0.63	6.56	1.43
20030412	0.01	7.2	1.39
20030413	1.25	11.06	1.44
20030414	0.02	13.19	1.3
20030415	0.0	14.82	1.22
20030416	0.0	16.65	1.12
20030417	0.0	15.12	1.04
20030418	0.0	12.89	0.95
20030419	0.0	9.09	0.91
20030420	0.0	8.05	0.9
20030421	8.61	8.77	0.88
20030422	1.66	7.13	0.88
20030423	0.0	9.13	0.84
20030424	0.01	10.22	0.88
20030425	8.5	8.98	0.91
20030426	17.91	9.42	0.96
20030427	4.27	8.07	1.34
20030428	4.19	8.86	1.57
20030429	2.21	7.02	1.65
20030430	9.51	7.2	1.88
20030501	8.38	6.47	2.13
20030502	9.2	6.4	2.46
20030503	12.27	8.12	2.94
20030504	11.74	7.56	3.56
20030505	12.26	7.84	4.11
20030506	9.48	7.29	4.8
20030507	34.76	8.14	5.94
20030508	9.69	7.01	8.44
20030509	11.81	5.45	8.7
20030510	23.44	6.55	9.01
20030511	9.75	6.51	9.36
20030512	9.74	5.96	9.23
20030513	7.34	6.2	9.24
20030514	0.42	4.18	9.03
20030515	0.02	8.6	8.18
20030516	13.94	8.48	7.4
20030517	12.39	9.93	7.26
20030518	16.7	9.41	7.88
20030519	3.52	7.96	8.49
20030520	8.25	10.3	8.02
20030521	2.53	10.42	7.6
20030522	10.81	10.22	7.11
20030523	16.56	9.32	7.4
20030524	5.15	10.64	7.92
20030525	0.82	8.86	7.43
20030526	0.04	8.86	6.74
20030527	1.97	12.8	6.07
20030528	1.76	12.54	5.44
20030529	1.21	11.79	4.97
20030530	0.05	14.72	4.61
20030531	0.22	17.61	4.18
20030601	10.07	14.9	3.87
20030602	0.72	13.09	3.65
20030603	5.11	12.94	3.44
20030604	1.26	12.53	3.19
20030605	13.75	12.69	3.05
20030606	4.44	11.69	3.06
20030607	6.29	12.24	3.02
20030608	8.28	10.0	3.26
20030609	8.3	13.53	3.37
20030610	9.22	12.59	3.48
20030611	7.55	11.38	3.92
20030612	14.94	11.99	4.53
20030613	0.51	10.34	5.5
20030614	1.82	14.41	5.25
20030615	0.2	12.16	4.8
20030616	2.37	16.16	4.39
20030617	7.58	11.48	4.05
20030618	7.15	11.48	3.81
20030619	12.97	10.49	4.08
20030620	3.02	10.55	4.83
20030621	8.57	10.62	5.0
20030622	12.05	11.83	5.5
20030623	0.26	11.44	5.49
20030624	0.0	11.85	5.25
20030625	0.0	16.22	4.79
20030626	3.5	17.62	4.4
20030627	11.67	13.01	4.11
20030628	2.51	13.54	4.03
20030629	0.05	15.85	3.81
20030630	0.0	15.23	3.53
20030701	0.06	13.66	3.2
20030702	0.0	13.02	2.78
20030703	0.0	12.78	2.53
20030704	0.0	12.2	2.35
20030705	0.02	11.64	2.2
20030706	3.32	12.58	2.1
20030707	12.57	12.36	2.23
20030708	1.12	13.15	2.36
20030709	9.66	17.34	2.34
20030710	8.6	13.31	2.46
20030711	7.93	11.56	3.05
20030712	0.06	13.22	3.41
20030713	0.38	15.85	3.24
20030714	0.21	19.17	2.98
20030715	0.0	18.77	2.74
20030716	0.0	21.22	2.62
20030717	2.51	21.58	2.32
20030718	10.55	15.43	2.45
20030719	12.89	15.83	2.7
20030720	18.76	14.88	2.99
20030721	10.35	13.68	4.03
20030722	0.52	14.63	4.57
20030723	20.91	13.56	4.95
20030724	17.63	14.03	6.56
20030725	1.93	13.02	7.5
20030726	1.09	12.49	7.01
20030727	4.3	12.77	6.28
20030728	5.4	14.01	5.74
20030729	3.36	13.59	5.25
20030730	2.32	14.62	4.82
20030731	7.33	12.87	4.59
20030801	4.17	12.65	4.51
20030802	0.86	13.05	4.33
20030803	3.93	14.63	4.1
20030804	0.04	16.12	4.02
20030805	2.58	21.01	3.8
20030806	0.0	20.45	3.42
20030807	0.03	18.52	3.14
20030808	0.0	22.13	2.96
20030809	0.24	18.77	2.65
20030810	0.0	14.73	2.39
20030811	0.0	14.62	2.2
20030812	0.62	14.83	2.02
20030813	3.97	11.92	1.8
20030814	0.01	12.25	1.78
20030815	0.0	11.16	1.66
20030816	0.0	14.41	1.58
20030817	10.06	14.31	1.57
20030818	26.34	12.62	2.02
20030819	4.95	11.96	3.45
20030820	11.81	13.42	3.89
20030821	7.9	13.04	5.0
20030822	0.1	10.76	5.47
20030823	0.0	15.67	5.13
20030824	0.0	15.68	4.67
20030825	0.0	13.42	4.18
20030826	0.0	12.88	3.77
20030827	0.09	11.48	3.36
20030828	0.36	11.19	3.04
20030829	0.73	8.97	2.67
20030830	0.05	9.94	2.43
20030831	0.0	10.46	2.21
20030901	2.06	11.45	2.06
20030902	0.04	11.04	1.9
20030903	0.03	13.81	1.76
20030904	0.0	14.98	1.66
20030905	7.38	10.97	1.55
20030906	3.46	10.14	1.52
20030907	7.25	10.11	1.51
20030908	9.38	11.57	1.55
20030909	2.72	10.47	2.1
20030910	1.81	11.52	2.23
20030911	12.93	11.7	2.41
20030912	12.98	12.7	2.87
20030913	10.81	15.89	3.38
20030914	0.3	12.14	4.36
20030915	0.5	12.68	4.21
20030916	0.07	15.14	3.95
20030917	2.77	15.08	3.55
20030918	5.25	11.35	3.4
20030919	0.14	8.15	3.27
20030920	0.02	10.42	3.06
20030921	19.65	9.51	3.1
20030922	4.68	5.51	3.69
20030923	5.87	7.18	3.67
20030924	5.73	11.22	3.78
20030925	27.53	9.26	4.81
20030926	0.06	8.49	6.1
20030927	1.77	7.49	5.68
20030928	8.81	8.75	5.22
20030929	8.38	6.62	5.18
20030930	0.01	8.33	4.97
20031001	0.03	8.47	4.52
20031002	1.73	9.12	4.22
20031003	6.93	7.11	3.85
20031004	6.06	4.5	3.75
20031005	20.89	8.12	4.12
20031006	21.04	6.11	5.64
20031007	13.39	6.77	6.32
20031008	34.21	10.24	6.98
20031009	11.61	9.82	9.75
20031010	0.77	7.27	9.99
20031011	0.79	9.12	9.34
20031012	0.05	10.26	8.34
20031013	0.01	9.8	7.38
20031014	0.0	9.05	6.43
20031015	0.0	7.98	5.66
20031016	0.01	8.42	5.01
20031017	0.03	6.97	4.45
20031018	0.05	5.83	4.0
20031019	0.1	3.03	3.59
20031020	0.06	1.66	3.22
20031021	0.03	1.78	2.95
20031022	0.01	2.51	2.69
20031023	0.33	3.87	2.45
20031024	4.6	5.2	2.23
20031025	3.09	3.56	2.19
20031026	1.99	6.06	2.15
20031027	7.98	8.68	2.06
20031028	1.57	5.98	2.24
20031029	0.93	3.4	2.25
20031030	4.96	4.09	2.19
20031031	0.29	3.27	2.04
20031101	17.48	3.41	2.21
20031102	21.9	6.41	2.85
20031103	10.24	5.65	3.99
20031104	27.83	11.56	5.41
20031105	9.15	10.96	6.5
20031106	0.06	11.2	6.45
20031107	0.0	10.33	5.84
20031108	1.24	7.79	5.3
20031109	1.01	7.67	4.75
20031110	2.59	8.34	4.26
20031111	18.75	8.44	4.23
20031112	8.21	7.33	4.89
20031113	2.61	6.74	5.01
20031114	8.22	7.22	4.75
20031115	8.35	4.53	5.1
20031116	5.93	5.63	5.21
20031117	13.56	10.25	5.57
20031118	25.61	8.7	8.1
20031119	6.96	7.01	9.53
20031120	10.01	5.39	9.07
20031121	9.26	4.06	8.83
20031122	40.61	3.48	9.44
20031123	1.78	2.38	11.99
20031124	30.03	5.72	12.45
20031125	10.87	3.24	13.48
20031126	14.09	3.48	12.58
20031127	15.57	3.78	13.71
20031128	13.2	6.61	13.87
20031129	30.7	5.17	14.61
20031130	5.55	1.61	15.05
20031201	0.06	1.72	13.63
20031202	2.73	4.68	11.97
20031203	0.15	2.78	10.58
20031204	1.38	5.56	9.27
20031205	0.59	6.51	8.19
20031206	0.0	1.45	7.27
20031207	0.0	-0.79	6.43
20031208	0.65	0.42	5.7
20031209	14.32	7.45	5.14
20031210	17.22	3.61	5.44
20031211	0.36	1.13	5.63
20031212	13.03	6.12	5.39
20031213	22.24	5.52	6.47
20031214	1.11	2.27	7.35
20031215	2.0	2.52	6.88
20031216	12.38	7.55	7.03
20031217	0.31	7.59	7.77
20031218	8.01	5.64	7.4
20031219	4.71	2.82	7.22
20031220	5.15	1.94	6.73
20031221	5.4	-0.88	6.23
20031222	34.51	3.63	6.81
20031223	26.3	8.82	10.8
20031224	43.28	8.17	17.76
20031225	20.72	5.33	21.01
20031226	14.98	2.72	20.11
20031227	13.86	1.19	18.69
20031228	5.8	-1.33	17.0
20031229	0.02	-3.94	14.99
20031230	0.0	-1.91	12.99
20031231	55.52	3.27	12.99
20040101	13.43	1.97	16.1
20040102	13.02	2.11	15.31
20040103	0.66	3.99	14.21
20040104	10.58	6.11	13.12
20040105	17.0	7.55	13.26
20040106	8.22	5.33	13.49
20040107	19.35	7.6	13.4
20040108	35.57	5.14	15.14
20040109	13.22	4.77	16.01
20040110	21.05	5.24	15.74
20040111	23.48	3.3	15.96
20040112	10.92	2.68	16.32
20040113	18.23	2.71	15.6
20040114	11.28	2.4	15.31
20040115	0.5	0.55	14.29
20040116	0.02	-1.05	12.61
20040117	2.92	1.32	10.98
20040118	82.2	7.57	12.94
20040119	66.06	8.97	27.29
20040120	9.09	7.43	29.56
20040121	11.11	6.92	26.64
20040122	2.61	7.23	24.27
20040123	17.67	5.74	22.38
20040124	15.08	3.41	20.97
20040125	1.44	1.37	19.5
20040126	0.05	-0.64	17.02
20040127	8.74	-0.02	14.74
20040128	2.86	-0.85	12.85
20040129	11.8	2.53	11.43
20040130	2.59	2.08	11.27
20040131	4.44	0.63	10.3
20040201	14.58	5.33	9.48
20040202	43.88	9.59	12.65
20040203	7.25	10.61	14.18
20040204	12.95	8.94	13.41
20040205	17.73	6.57	13.09
20040206	22.54	3.68	13.48
20040207	20.79	0.9	13.71
20040208	0.72	-0.32	13.42
20040209	16.38	4.48	12.05
20040210	45.38	8.08	17.64
20040211	0.06	6.12	17.78
20040212	3.74	6.29	15.52
20040213	1.4	3.75	13.75
20040214	0.02	2.26	12.02
20040215	0.03	3.47	10.47
20040216	0.19	2.62	9.09
20040217	0.01	1.24	7.98
20040218	0.0	1.03	7.01
20040219	0.01	0.8	6.16
20040220	0.01	-0.5	5.44
20040221	0.16	1.77	4.79
20040222	0.38	0.06	4.26
20040223	11.31	3.37	3.93
20040224	2.89	-0.29	3.84
20040225	5.79	-1.67	3.66
20040226	1.0	-1.99	3.39
20040227	0.13	-2.5	3.16
20040228	0.0	-2.54	2.96
20040229	0.0	0.12	2.75
20040301	0.0	1.86	2.56
20040302	10.48	3.79	2.49
20040303	12.38	4.98	2.98
20040304	6.19	5.36	3.51
20040305	4.4	4.37	3.71
20040306	2.94	3.48	3.68
20040307	0.0	3.19	3.64
20040308	0.0	3.43	3.4
20040309	0.0	3.17	3.12
20040310	0.0	2.77	2.93
20040311	0.0	2.16	2.88
20040312	0.0	3.46	2.45
20040313	5.02	5.07	2.23
20040314	18.81	7.06	2.08
20040315	16.94	8.97	3.27
20040316	23.25	8.45	5.02
20040317	4.12	7.6	6.2
20040318	22.07	4.68	6.52
20040319	12.68	3.8	7.16
20040320	24.54	3.76	8.81
20040321	5.96	4.46	9.47
20040322	4.24	3.91	9.08
20040323	0.12	2.38	8.38
20040324	4.57	4.6	7.56
20040325	0.41	6.26	6.89
20040326	3.89	7.15	6.2
20040327	7.95	7.86	5.76
20040328	0.61	6.15	5.68
20040329	0.03	7.15	5.37
20040330	0.0	7.84	4.94
20040331	0.01	8.07	4.51
20040401	1.04	10.08	4.01
20040402	23.34	8.54	3.66
20040403	13.81	5.69	4.65
20040404	15.31	5.04	5.32
20040405	11.3	4.79	6.13
20040406	2.5	5.75	6.49
20040407	0.05	3.88	6.11
20040408	3.36	6.11	5.62
20040409	0.2	7.45	5.18
20040410	0.4	7.71	4.75
20040411	1.31	8.44	4.34
20040412	4.64	8.66	4.06
20040413	26.95	8.85	5.07
20040414	29.94	7.83	8.48
20040415	4.38	6.05	10.36
20040416	2.78	5.09	9.67
20040417	24.36	3.98	9.64
20040418	6.97	5.09	9.61
20040419	16.22	6.35	9.79
20040420	10.03	8.51	9.97
20040421	25.11	8.64	10.87
20040422	4.59	8.41	11.06
20040423	1.79	11.14	10.42
20040424	0.21	10.54	9.41
20040425	0.02	9.74	8.33
20040426	2.87	9.59	7.38
20040427	0.87	7.61	6.52
20040428	0.21	7.55	5.75
20040429	1.19	8.06	5.15
20040430	0.23	7.45	4.7
20040501	0.59	10.98	4.07
20040502	5.99	6.83	3.68
20040503	22.29	6.36	3.66
20040504	9.72	6.49	4.07
20040505	4.92	7.09	4.3
20040506	2.1	8.13	4.23
20040507	0.64	11.01	3.87
20040508	0.75	10.85	3.59
20040509	4.63	12.73	3.35
20040510	0.15	12.13	3.15
20040511	0.0	10.63	2.93
20040512	0.1	12.71	2.71
20040513	4.53	10.79	2.54
20040514	2.58	11.23	2.5
20040515	0.88	12.63	2.51
20040516	4.35	12.78	2.4
20040517	1.92	10.27	2.36
20040518	14.38	9.47	2.75
20040519	2.2	8.97	3.44
20040520	2.71	7.17	3.46
20040521	0.09	6.91	3.31
20040522	0.0	7.74	3.05
20040523	3.35	11.61	2.79
20040524	1.34	10.37	2.61
20040525	0.0	8.56	2.44
20040526	0.0	10.4	2.29
20040527	0.02	14.38	2.16
20040528	0.44	12.99	2.08
20040529	6.56	12.55	1.94
20040530	0.3	11.14	1.84
20040531	1.44	13.92	1.72
20040601	3.52	11.55	1.59
20040602	21.24	12.95	1.6
20040603	5.07	12.03	2.37
20040604	2.1	11.52	2.61
20040605	7.21	13.42	2.81
20040606	2.43	11.75	3.17
20040607	0.14	11.85	3.24
20040608	5.19	15.06	3.11
20040609	8.0	13.91	3.01
20040610	27.12	13.09	3.51
20040611	11.6	11.43	5.25
20040612	0.59	11.37	5.62
20040613	9.44	13.29	5.39
20040614	34.82	12.34	7.87
20040615	1.0	11.91	9.77
20040616	21.88	11.21	9.78
20040617	0.36	9.83	10.12
20040618	4.14	9.16	9.15
20040619	2.88	7.78	8.22
20040620	2.24	8.56	7.41
20040621	0.13	9.51	6.59
20040622	0.84	13.73	5.9
20040623	10.76	9.64	5.31
20040624	0.52	9.87	4.81
20040625	0.02	11.73	4.46
20040626	16.45	13.16	4.26
20040627	8.59	11.88	4.4
20040628	4.7	12.12	4.49
20040629	20.16	12.48	4.74
20040630	8.83	11.33	6.35
20040701	9.09	10.91	6.71
20040702	12.84	10.72	7.04
20040703	1.17	11.51	6.96
20040704	4.05	11.66	6.35
20040705	3.88	10.93	6.03
20040706	0.2	10.29	5.58
20040707	0.41	10.18	5.09
20040708	0.86	10.12	4.57
20040709	0.22	11.02	4.07
20040710	0.08	11.25	3.66
20040711	0.1	11.63	3.34
20040712	0.01	11.37	3.03
20040713	4.16	13.02	2.82
20040714	1.05	12.06	2.58
20040715	2.34	12.2	2.47
20040716	7.16	13.09	2.33
20040717	10.4	12.55	2.29
20040718	5.4	11.82	2.44
20040719	10.34	12.4	2.76
20040720	18.6	13.61	3.18
20040721	6.05	14.09	3.8
20040722	7.2	14.08	3.87
20040723	13.03	12.08	4.27
20040724	26.35	10.97	6.74
20040725	0.03	11.54	7.94
20040726	0.08	13.31	7.28
20040727	0.31	14.17	6.52
20040728	0.08	17.2	5.87
20040729	1.38	15.2	5.19
20040730	0.0	13.66	4.59
20040731	0.0	13.75	4.14
20040801	0.0	18.81	3.81
20040802	0.02	19.77	3.54
20040803	2.05	15.88	3.14
20040804	0.3	15.69	2.9
20040805	0.46	17.94	2.71
20040806	0.84	14.99	2.44
20040807	0.0	18.16	2.34
20040808	38.45	20.52	2.4
20040809	27.09	16.88	4.43
20040810	15.57	18.01	5.41
20040811	10.2	17.01	6.17
20040812	0.29	16.72	6.2
20040813	0.0	14.38	5.61
20040814	2.78	16.67	4.94
20040815	13.66	15.86	4.53
20040816	7.73	12.24	5.32
20040817	4.24	15.42	5.35
20040818	9.02	14.02	5.29
20040819	2.43	12.35	5.04
20040820	1.17	9.84	4.73
20040821	0.18	9.08	4.33
20040822	0.63	13.43	4.06
20040823	0.95	14.75	3.68
20040824	0.36	14.0	3.29
20040825	0.61	12.08	2.95
20040826	41.73	11.73	3.98
20040827	4.03	11.44	6.22
20040828	16.49	11.83	6.56
20040829	14.59	11.08	8.1
20040830	0.09	9.62	8.21
20040831	0.0	12.41	7.4
20040901	7.96	14.18	6.6
20040902	1.56	12.42	6.3
20040903	14.11	14.45	6.1
20040904	1.26	14.94	6.48
20040905	0.19	12.07	6.08
20040906	0.0	12.64	5.57
20040907	0.0	13.39	4.98
20040908	0.0	13.87	4.5
20040909	0.0	14.56	4.04
20040910	15.8	16.51	3.71
20040911	49.13	11.13	5.17
20040912	47.06	9.66	11.2
20040913	48.46	7.73	16.77
20040914	7.12	8.48	18.61
20040915	5.57	9.98	16.89
20040916	38.39	11.64	16.8
20040917	22.5	11.31	17.56
20040918	18.12	9.99	17.94
20040919	59.32	10.18	21.55
20040920	54.68	9.04	29.35
20040921	19.7	8.69	31.47
20040922	7.03	9.28	29.11
20040923	0.97	8.35	25.61
20040924	7.26	10.39	21.98
20040925	4.55	12.09	19.43
20040926	6.24	11.02	18.4
20040927	25.62	10.99	18.33
20040928	1.45	10.46	18.27
20040929	9.01	10.99	16.19
20040930	7.98	9.07	15.07
20041001	34.98	9.08	14.41
20041002	16.83	7.92	15.9
20041003	24.46	7.61	15.81
20041004	40.01	7.86	17.17
20041005	40.27	7.98	19.94
20041006	9.13	8.01	22.68
20041007	0.32	6.24	20.58
20041008	0.0	5.15	17.75
20041009	0.0	6.0	15.24
20041010	0.01	6.2	13.13
20041011	0.02	7.66	11.25
20041012	0.47	7.92	9.72
20041013	1.84	7.28	8.4
20041014	3.94	7.76	7.34
20041015	0.58	9.2	6.57
20041016	0.24	7.17	5.73
20041017	3.99	5.65	5.1
20041018	19.21	6.56	4.92
20041019	26.58	3.08	6.38
20041020	28.48	3.78	6.99
20041021	28.7	6.76	9.68
20041022	13.49	6.2	13.44
20041023	0.05	6.36	13.35
20041024	8.47	6.87	12.06
20041025	0.69	5.67	10.79
20041026	3.14	6.21	9.67
20041027	0.88	8.14	8.71
20041028	8.17	7.88	7.84
20041029	0.06	7.4	7.23
20041030	0.0	7.53	6.51
20041031	0.35	7.85	5.85
20041101	0.02	8.15	5.31
20041102	0.66	8.13	4.84
20041103	17.65	7.01	4.47
20041104	13.56	6.4	5.43
20041105	21.29	8.95	6.31
20041106	10.0	9.79	7.79
20041107	3.06	8.32	8.06
20041108	6.28	7.66	7.8
20041109	13.4	6.22	8.25
20041110	13.5	7.34	8.5
20041111	19.88	8.27	9.43
20041112	3.74	3.96	11.3
20041113	7.95	6.57	10.59
20041114	14.62	9.02	10.82
20041115	4.97	6.49	12.82
20041116	19.39	7.11	12.51
20041117	8.35	3.96	12.85
20041118	0.11	-0.76	12.12
20041119	0.39	-1.77	10.72
20041120	8.48	-0.62	9.48
20041121	29.8	6.95	11.64
20041122	10.26	7.75	15.43
20041123	0.86	9.09	15.0
20041124	0.05	10.11	13.37
20041125	7.33	8.74	11.78
20041126	6.37	5.92	10.93
20041127	15.43	3.61	11.05
20041128	0.01	2.88	10.53
20041129	6.08	5.74	9.39
20041130	7.28	3.11	8.83
20041201	0.18	0.99	8.17
20041202	11.65	4.08	7.49
20041203	4.22	8.1	8.17
20041204	16.2	8.16	8.92
20041205	8.76	7.68	9.62
20041206	11.86	6.87	10.4
20041207	3.97	6.07	10.22
20041208	18.15	8.97	10.61
20041209	14.35	8.4	11.18
20041210	2.94	5.64	11.02
20041211	1.8	7.0	10.18
20041212	0.02	7.57	9.23
20041213	44.03	8.23	8.59
20041214	54.27	7.44	16.66
20041215	18.95	5.81	18.35
20041216	18.78	4.05	18.24
20041217	12.32	1.07	17.57
20041218	0.17	-3.16	15.98
20041219	4.26	-1.49	14.0
20041220	3.41	1.57	12.26
20041221	47.42	5.9	13.66
20041222	19.31	8.03	18.98
20041223	20.32	3.93	21.44
20041224	17.58	0.15	21.25
20041225	9.82	0.52	19.11
20041226	7.38	4.0	17.16
20041227	21.74	4.43	18.07
20041228	10.47	3.57	17.91
20041229	19.52	9.06	18.46
20041230	7.87	3.56	21.53
20041231	19.17	5.03	19.51
20050101	37.43	3.49	19.71
20050102	14.03	4.31	19.28
20050103	24.47	7.17	19.95
20050104	15.12	4.44	20.38
20050105	18.88	5.03	19.84
20050106	58.81	8.01	21.42
20050107	28.35	4.57	24.55
20050108	21.52	3.66	24.37
20050109	48.87	8.77	25.49
20050110	20.17	6.68	26.67
20050111	32.06	5.9	25.59
20050112	8.5	2.96	24.63
20050113	0.34	3.19	21.99
20050114	8.84	8.76	19.23
20050115	32.4	8.02	18.44
20050116	13.59	4.43	18.16
20050117	13.79	1.07	17.54
20050118	14.56	2.21	16.13
20050119	18.16	6.12	16.27
20050120	12.4	3.07	17.11
20050121	0.28	0.84	15.75
20050122	0.03	-1.47	13.88
20050123	0.39	1.4	12.06
20050124	3.2	2.1	10.59
20050125	0.65	4.76	9.44
20050126	0.03	4.9	8.45
20050127	0.07	3.81	7.48
20050128	0.01	5.46	6.66
20050129	2.56	6.22	5.99
20050130	20.96	7.21	5.5
20050131	6.74	7.56	6.88
20050201	1.6	6.09	7.4
20050202	8.09	7.3	7.22
20050203	18.7	6.74	7.49
20050204	11.45	4.25	9.38
20050205	0.14	1.75	9.53
20050206	0.15	1.19	8.62
20050207	14.1	4.22	7.78
20050208	23.9	5.8	7.94
20050209	34.3	4.29	10.41
20050210	3.46	2.92	11.49
20050211	15.08	3.2	10.96
20050212	24.18	2.06	11.06
20050213	3.12	1.85	10.92
20050214	0.18	0.61	10.13
20050215	0.02	2.99	9.1
20050216	6.1	4.58	8.52
20050217	10.4	5.12	8.23
20050218	6.15	2.31	8.79
20050219	1.04	-1.07	8.24
20050220	5.02	-0.12	7.45
20050221	0.12	0.29	6.79
20050222	0.13	0.31	6.07
20050223	0.0	-1.0	5.47
20050224	0.01	0.07	4.87
20050225	0.0	0.73	4.4
20050226	0.01	1.9	3.99
20050227	3.01	2.03	3.64
20050228	8.96	1.2	3.47
20050301	0.14	0.83	3.47
20050302	0.06	0.14	3.27
20050303	9.85	2.46	3.13
20050304	0.11	3.09	3.24
20050305	0.14	1.17	3.16
20050306	0.11	2.68	3.01
20050307	0.01	3.67	2.81
20050308	0.03	4.41	2.65
20050309	4.34	3.06	2.57
20050310	12.19	4.53	2.41
20050311	5.97	2.31	2.95
20050312	2.34	0.18	3.04
20050313	6.24	0.18	2.98
20050314	11.16	3.3	3.07
20050315	58.13	8.1	6.62
20050316	28.25	9.56	12.67
20050317	46.06	9.92	16.52
20050318	7.07	9.68	21.39
20050319	0.05	9.81	19.56
20050320	0.0	10.56	17.01
20050321	11.67	9.88	15.0
20050322	6.79	10.79	13.62
20050323	3.67	10.49	12.29
20050324	4.7	10.54	10.98
20050325	0.05	7.65	9.94
20050326	0.01	8.63	8.95
20050327	0.13	7.24	7.91
20050328	0.51	6.22	6.96
20050329	0.02	5.74	6.17
20050330	0.0	5.87	5.48
20050331	2.19	9.38	4.95
20050401	1.35	9.41	4.44
20050402	0.01	11.85	4.06
20050403	7.5	7.71	3.65
20050404	12.1	4.46	3.42
20050405	15.46	6.68	3.84
20050406	11.98	3.71	4.65
20050407	2.87	1.03	4.89
20050408	18.31	2.04	4.86
20050409	8.06	6.64	5.71
20050410	17.46	9.26	6.69
20050411	17.97	7.65	8.13
20050412	7.56	4.78	8.91
20050413	10.68	4.9	9.1
20050414	0.27	5.34	8.65
20050415	0.11	3.97	7.78
20050416	1.26	6.48	6.96
20050417	24.46	5.82	6.76
20050418	8.19	6.73	7.47
20050419	0.06	8.31	7.36
20050420	0.0	6.6	6.67
20050421	0.0	8.11	5.98
20050422	0.0	6.71	5.39
20050423	0.0	7.52	4.78
20050424	0.0	6.91	4.25
20050425	0.0	9.43	3.9
20050426	0.76	9.03	3.59
20050427	11.0	6.34	3.25
20050428	23.9	8.64	4.11
20050429	7.65	8.91	4.78
20050430	0.14	10.31	4.78
20050501	4.97	11.44	4.57
20050502	0.64	11.73	4.26
20050503	0.34	7.8	3.82
20050504	13.46	8.91	3.58
20050505	7.06	7.65	4.55
20050506	6.3	6.25	4.91
20050507	5.24	5.92	4.81
20050508	4.14	4.65	4.75
20050509	0.01	3.67	4.53
20050510	0.0	5.27	4.17
20050511	0.0	6.97	3.84
20050512	0.0	8.48	3.51
20050513	0.0	8.48	3.21
20050514	0.0	10.83	2.87
20050515	0.08	8.36	2.67
20050516	0.0	3.86	2.41
20050517	0.0	3.17	2.25
20050518	7.98	7.98	2.25
20050519	11.63	10.06	2.17
20050520	11.09	9.87	2.54
20050521	1.27	7.84	2.94
20050522	7.05	8.19	2.89
20050523	5.3	8.14	3.16
20050524	0.38	9.77	3.2
20050525	24.67	10.88	3.9
20050526	1.76	8.28	5.29
20050527	4.94	8.71	5.49
20050528	18.46	8.67	5.87
20050529	0.21	6.63	6.15
20050530	0.09	6.36	5.7
20050531	3.06	9.36	5.26
20050601	20.98	9.89	5.44
20050602	36.38	11.62	8.45
20050603	4.03	10.43	10.72
20050604	6.74	11.53	10.34
20050605	4.18	9.13	9.78
20050606	0.0	10.47	8.73
20050607	1.59	14.51	7.75
20050608	5.64	14.55	6.91
20050609	0.07	8.82	6.27
20050610	0.0	9.55	5.64
20050611	0.1	10.52	5.07
20050612	1.71	9.51	4.51
20050613	0.33	7.89	4.19
20050614	33.01	10.86	4.27
20050615	8.52	10.38	5.5
20050616	0.12	10.51	5.45
20050617	2.61	16.53	5.05
20050618	12.14	16.27	4.84
20050619	0.13	13.48	4.94
20050620	8.97	13.18	4.64
20050621	10.62	13.12	4.74
20050622	12.52	14.96	5.73
20050623	0.24	12.71	6.56
20050624	0.04	13.96	6.14
20050625	0.0	11.34	5.56
20050626	1.83	13.13	5.05
20050627	0.05	14.57	4.61
20050628	0.01	16.73	4.2
20050629	2.27	15.77	3.98
20050630	8.25	13.86	3.59
20050701	0.2	11.08	3.37
20050702	17.32	12.85	3.36
20050703	1.77	9.98	3.48
20050704	0.01	11.16	3.36
20050705	0.63	12.03	3.11
20050706	0.02	11.1	2.86
20050707	0.6	12.85	2.73
20050708	2.31	17.02	2.54
20050709	2.0	16.02	2.38
20050710	0.02	15.25	2.23
20050711	0.04	18.62	2.07
20050712	0.06	14.43	1.94
20050713	0.08	15.23	1.79
20050714	7.25	12.4	1.75
20050715	0.01	11.67	1.71
20050716	5.33	13.59	1.66
20050717	23.79	13.87	2.04
20050718	18.61	11.61	3.62
20050719	13.69	11.13	4.9
20050720	1.63	11.88	5.75
20050721	0.02	13.18	5.63
20050722	0.0	13.63	5.24
20050723	0.0	13.2	4.75
20050724	0.0	13.24	4.33
20050725	0.0	9.42	3.85
20050726	0.0	11.52	3.47
20050727	0.0	11.2	3.24
20050728	0.21	12.4	2.96
20050729	0.05	11.1	2.71
20050730	0.0	11.22	2.44
20050731	0.0	11.88	2.15
20050801	0.0	12.51	1.98
20050802	13.85	13.22	1.86
20050803	8.37	11.57	1.93
20050804	13.66	11.93	2.25
20050805	6.27	11.91	2.52
20050806	0.03	9.65	2.74
20050807	0.0	11.78	2.64
20050808	0.0	15.33	2.47
20050809	1.41	15.48	2.32
20050810	0.09	13.93	2.17
20050811	1.22	11.99	2.05
20050812	12.67	13.0	1.99
20050813	12.63	12.39	2.22
20050814	5.19	14.6	2.45
20050815	3.6	14.56	2.6
20050816	4.97	16.33	2.66
20050817	50.74	13.11	4.49
20050818	2.5	11.62	7.38
20050819	0.6	11.67	7.06
20050820	0.04	13.51	6.4
20050821	12.35	14.2	6.04
20050822	11.54	13.0	5.91
20050823	40.7	12.36	7.48
20050824	9.3	9.45	10.57
20050825	4.92	10.17	10.41
20050826	7.83	9.97	9.71
20050827	31.64	12.27	9.07
20050828	30.34	13.05	14.06
20050829	0.16	12.25	15.18
20050830	0.86	15.77	13.55
20050831	25.56	13.33	12.83
20050901	0.55	10.44	12.45
20050902	1.3	13.14	11.02
20050903	0.01	16.64	9.68
20050904	0.0	18.36	8.43
20050905	0.17	17.09	7.33
20050906	5.65	15.16	6.41
20050907	18.04	12.76	6.57
20050908	0.03	10.77	7.19
20050909	0.0	10.13	6.58
20050910	0.02	10.51	5.78
20050911	0.89	12.53	5.16
20050912	19.6	15.05	4.75
20050913	43.87	13.31	10.25
20050914	6.02	9.51	13.1
20050915	0.36	8.23	12.27
20050916	3.5	8.48	10.81
20050917	18.45	10.7	10.73
20050918	9.61	12.05	10.6
20050919	21.82	11.05	12.72
20050920	0.35	11.62	12.48
20050921	22.99	13.86	11.66
20050922	17.44	13.3	12.24
20050923	3.85	8.23	12.77
20050924	10.77	9.54	12.02
20050925	8.27	10.86	11.7
20050926	58.01	11.2	13.56
20050927	15.34	7.87	14.88
20050928	27.88	8.17	16.0
20050929	12.63	11.45	16.28
20050930	20.19	10.75	16.73
20051001	3.33	7.68	17.29
20051002	1.86	10.03	15.54
20051003	1.24	10.63	13.95
20051004	0.29	11.03	12.34
20051005	0.01	10.83	10.78
20051006	0.0	12.04	9.5
20051007	33.86	10.22	8.83
20051008	13.94	7.25	9.77
20051009	59.3	10.14	11.8
20051010	31.79	9.7	15.99
20051011	5.73	7.13	16.33
20051012	1.65	6.29	14.68
20051013	0.03	6.84	12.95
20051014	0.0	9.72	11.37
20051015	0.0	13.3	9.96
20051016	0.02	12.52	8.7
20051017	0.13	10.84	7.49
20051018	1.07	9.8	6.59
20051019	7.79	9.22	5.82
20051020	35.03	7.46	7.45
20051021	0.28	7.01	9.0
20051022	1.17	5.75	8.22
20051023	1.23	6.11	7.43
20051024	16.93	8.79	7.3
20051025	11.55	8.99	7.9
20051026	17.13	12.39	8.96
20051027	5.1	15.2	9.13
20051028	6.35	10.47	8.64
20051029	40.9	11.61	9.85
20051030	7.39	10.87	11.77
20051031	22.58	9.15	11.97
20051101	6.72	6.11	12.01
20051102	10.57	8.95	11.26
20051103	7.6	10.06	10.71
20051104	0.81	6.28	10.34
20051105	13.11	7.75	9.77
20051106	22.89	6.95	9.59
20051107	33.22	6.85	11.67
20051108	7.52	5.0	12.64
20051109	27.73	7.46	12.62
20051110	34.83	9.61	14.45
20051111	59.89	8.05	19.67
20051112	7.62	3.53	23.14
20051113	4.33	5.57	21.05
20051114	35.23	7.89	22.94
20051115	2.69	2.65	22.64
20051116	0.14	0.35	19.73
20051117	0.02	-0.58	17.01
20051118	0.04	1.05	14.67
20051119	0.19	4.42	12.66
20051120	0.17	6.77	10.95
20051121	0.0	4.51	9.59
20051122	0.06	3.25	8.48
20051123	14.86	5.8	7.47
20051124	13.51	0.3	7.27
20051125	9.59	2.87	7.06
20051126	0.06	2.8	7.11
20051127	0.12	0.42	6.6
20051128	0.08	-0.71	5.97
20051129	4.6	1.53	5.47
20051130	17.2	5.8	5.79
20051201	7.14	4.52	6.94
20051202	0.3	4.34	6.78
20051203	0.05	3.26	6.17
20051204	0.21	3.48	5.6
20051205	0.07	2.24	5.09
20051206	0.09	0.94	4.65
20051207	2.01	3.75	4.31
20051208	0.58	6.21	3.92
20051209	15.15	9.96	3.86
20051210	2.58	10.0	4.58
20051211	2.21	4.58	4.92
20051212	1.38	3.35	4.87
20051213	4.53	7.06	4.74
20051214	0.83	7.29	4.65
20051215	44.63	6.24	6.16
20051216	0.97	1.29	8.78
20051217	0.81	0.77	8.12
20051218	20.55	5.7	8.07
20051219	3.16	6.64	8.18
20051220	16.19	7.26	8.12
20051221	18.75	4.59	8.97
20051222	29.41	8.27	12.66
20051223	1.09	4.89	13.6
20051224	0.01	1.62	12.21
20051225	0.04	-1.4	10.74
20051226	0.01	-1.38	9.41
20051227	0.0	-1.56	8.29
20051228	0.0	-1.52	7.34
20051229	11.61	0.95	6.64
20051230	27.03	4.25	6.59
20051231	3.62	2.83	7.65
20060101	0.39	3.98	6.94
20060102	16.0	6.28	6.86
20060103	0.03	2.3	7.69
20060104	0.05	3.41	7.15
20060105	0.02	2.38	6.3
20060106	0.0	1.39	5.44
20060107	0.0	2.14	4.81
20060108	0.0	1.01	4.25
20060109	24.21	5.24	4.33
20060110	23.18	6.85	5.44
20060111	2.58	5.19	6.3
20060112	46.94	8.09	7.63
20060113	15.43	5.26	11.7
20060114	4.51	3.59	11.87
20060115	21.76	3.96	11.17
20060116	11.78	1.9	11.46
20060117	5.39	4.28	10.9
20060118	45.31	8.13	12.49
20060119	28.12	6.08	18.78
20060120	7.59	4.71	20.54
20060121	0.05	6.07	18.55
20060122	4.15	6.79	16.33
20060123	8.06	6.48	14.54
20060124	0.69	2.66	13.52
20060125	0.0	-0.5	12.09
20060126	0.0	-0.98	10.52
20060127	0.22	0.32	9.12
20060128	0.02	1.82	7.96
20060129	0.0	-0.58	6.97
20060130	0.02	-0.83	6.04
20060131	0.01	-1.68	5.26
20060201	0.01	-0.67	4.64
20060202	0.2	3.07	4.06
20060203	0.0	4.82	3.58
20060204	0.0	5.58	3.19
20060205	2.25	6.86	2.82
20060206	23.98	8.17	3.17
20060207	34.49	4.66	9.17
20060208	0.78	1.58	10.23
20060209	0.0	-0.83	9.17
20060210	2.73	0.79	8.11
20060211	28.52	4.83	8.4
20060212	10.87	6.24	9.47
20060213	29.37	6.63	9.69
20060214	21.09	5.2	11.94
20060215	22.56	3.58	13.09
20060216	14.29	2.08	13.8
20060217	0.1	1.21	13.25
20060218	0.01	1.63	11.81
20060219	0.01	1.11	10.3
20060220	0.0	1.83	8.92
20060221	0.01	1.18	7.81
20060222	0.0	0.91	6.78
20060223	0.0	3.38	5.96
20060224	0.1	2.18	5.29
20060225	0.02	2.18	4.7
20060226	0.49	1.67	4.04
20060227	7.62	0.97	3.62
20060228	5.05	-1.95	3.41
20060301	1.7	-3.14	3.13
20060302	0.13	-2.32	2.86
20060303	0.2	-2.62	2.56
20060304	1.78	-0.87	2.27
20060305	0.18	-0.56	2.11
20060306	3.91	1.5	2.0
20060307	6.7	4.52	2.21
20060308	0.67	3.69	2.69
20060309	0.92	4.25	2.85
20060310	7.52	3.94	2.84
20060311	33.19	2.06	3.31
20060312	6.66	3.12	4.08
20060313	17.8	3.78	5.5
20060314	1.01	4.08	6.6
20060315	0.0	1.57	6.42
20060316	0.0	1.55	5.72
20060317	0.0	2.02	5.1
20060318	0.0	2.7	4.5
20060319	0.45	4.35	4.01
20060320	0.0	1.14	3.62
20060321	0.01	-0.48	3.15
20060322	9.24	1.29	2.91
20060323	0.07	3.1	2.78
20060324	4.16	5.5	2.73
20060325	15.33	6.57	2.63
20060326	15.84	9.12	4.28
20060327	8.04	8.42	5.71
20060328	4.93	3.94	6.11
20060329	4.68	4.07	6.15
20060330	4.86	5.45	5.91
20060331	8.55	5.91	5.92
20060401	4.03	5.24	6.04
20060402	7.47	5.25	5.75
20060403	2.04	1.2	5.48
20060404	0.16	3.27	5.06
20060405	25.31	4.57	5.1
20060406	15.1	3.46	6.37
20060407	27.21	1.97	7.68
20060408	2.17	3.02	8.13
20060409	0.26	0.03	7.83
20060410	33.7	4.7	7.52
20060411	6.87	5.87	9.6
20060412	18.22	6.68	10.59
20060413	16.11	5.09	11.49
20060414	1.19	5.97	11.31
20060415	10.75	6.03	10.39
20060416	10.25	5.11	9.81
20060417	10.25	4.42	9.52
20060418	0.89	4.19	9.09
20060419	1.15	6.1	8.25
20060420	0.19	5.62	7.38
20060421	0.0	8.54	6.51
20060422	17.95	7.61	6.48
20060423	0.02	7.1	6.55
20060424	18.1	8.86	6.33
20060425	11.82	6.56	6.69
20060426	1.53	7.45	6.92
20060427	0.43	6.94	6.38
20060428	0.0	7.14	5.74
20060429	0.06	8.76	5.11
20060430	16.83	6.99	4.8
20060501	2.4	5.43	5.12
20060502	40.77	6.75	7.08
20060503	6.45	10.14	8.79
20060504	36.46	12.39	9.79
20060505	0.04	10.75	11.33
20060506	3.37	13.88	10.21
20060507	1.92	11.92	9.09
20060508	0.0	14.69	8.25
20060509	0.0	15.3	6.96
20060510	0.0	12.76	5.95
20060511	0.03	13.99	5.19
20060512	0.01	6.28	4.63
20060513	0.01	6.51	4.06
20060514	5.4	8.91	3.64
20060515	8.85	9.48	3.39
20060516	15.4	11.51	3.58
20060517	27.84	12.55	4.6
20060518	9.96	10.33	7.02
20060519	2.43	10.78	7.16
20060520	0.06	6.73	6.56
20060521	0.08	7.82	5.89
20060522	2.98	4.17	5.17
20060523	24.3	5.81	5.05
20060524	7.56	6.56	5.79
20060525	7.11	6.79	5.81
20060526	14.48	9.38	6.18
20060527	18.39	8.91	6.97
20060528	6.18	6.78	7.62
20060529	0.69	6.35	7.19
20060530	0.01	5.05	6.42
20060531	4.32	10.0	5.74
20060601	0.04	10.75	5.18
20060602	0.06	11.16	4.65
20060603	0.02	10.31	4.18
20060604	0.0	12.32	3.76
20060605	0.0	13.04	3.35
20060606	0.1	16.03	2.96
20060607	0.02	13.98	2.62
20060608	0.0	13.72	2.41
20060609	0.0	19.23	2.2
20060610	0.1	20.58	2.07
20060611	3.84	15.94	1.75
20060612	4.49	14.08	1.52
20060613	0.0	9.98	1.31
20060614	0.0	11.95	1.17
20060615	4.12	13.88	1.04
20060616	12.62	12.92	1.04
20060617	4.28	12.97	1.37
20060618	16.0	12.78	1.97
20060619	0.99	9.29	2.54
20060620	41.25	10.24	3.82
20060621	20.69	9.11	8.98
20060622	2.3	10.8	9.63
20060623	4.78	9.94	9.03
20060624	0.65	9.06	8.37
20060625	0.01	12.37	7.51
20060626	0.01	10.68	6.58
20060627	0.0	10.41	5.78
20060628	6.27	15.01	5.19
20060629	13.34	14.27	4.82
20060630	0.06	14.42	4.67
20060701	1.92	16.48	4.26
20060702	0.03	15.56	3.72
20060703	0.0	16.62	3.34
20060704	0.01	16.95	3.04
20060705	0.5	17.24	2.68
20060706	4.4	14.42	2.4
20060707	8.32	12.12	2.14
20060708	15.61	11.7	2.3
20060709	0.52	12.73	2.63
20060710	14.89	12.21	2.83
20060711	6.06	12.43	3.47
20060712	0.4	11.33	3.67
20060713	0.0	9.75	3.51
20060714	0.0	13.58	3.25
20060715	0.0	15.99	2.91
20060716	0.07	18.59	2.56
20060717	2.01	16.46	2.35
20060718	0.0	20.24	2.16
20060719	0.0	22.33	1.96
20060720	10.8	17.98	1.76
20060721	0.05	15.5	1.63
20060722	1.63	17.13	1.54
20060723	0.52	16.55	1.35
20060724	2.79	17.0	1.28
20060725	0.03	18.5	1.12
20060726	0.04	17.86	0.96
20060727	5.57	17.34	0.88
20060728	2.29	16.84	0.92
20060729	8.43	14.89	1.05
20060730	22.11	14.88	1.36
20060731	13.93	11.88	2.53
20060801	7.66	13.16	3.37
20060802	0.22	11.79	3.52
20060803	1.88	13.25	3.28
20060804	2.38	15.19	3.11
20060805	20.9	16.69	3.16
20060806	0.16	12.93	4.39
20060807	0.06	12.67	4.18
20060808	6.79	12.46	3.83
20060809	6.03	11.28	3.7
20060810	0.38	10.98	3.84
20060811	0.0	10.88	3.61
20060812	0.04	11.26	3.27
20060813	0.02	11.14	3.02
20060814	0.0	12.73	2.62
20060815	0.18	10.97	2.39
20060816	0.07	12.36	2.11
20060817	1.0	14.54	1.94
20060818	0.7	16.06	1.84
20060819	0.72	14.7	1.67
20060820	0.3	13.56	1.4
20060821	0.0	14.07	1.22
20060822	4.01	13.65	1.18
20060823	0.57	11.5	1.02
20060824	0.13	10.74	0.94
20060825	1.21	13.76	0.88
20060826	16.84	12.51	0.75
20060827	11.36	11.24	1.33
20060828	12.29	11.41	1.84
20060829	3.1	11.48	2.31
20060830	2.61	13.0	2.49
20060831	11.02	14.8	2.57
20060901	9.38	12.31	3.38
20060902	3.51	11.86	3.58
20060903	11.98	12.51	3.66
20060904	3.88	11.78	3.99
20060905	32.1	13.23	5.65
20060906	0.82	11.84	6.79
20060907	0.0	8.9	6.3
20060908	0.0	11.92	5.63
20060909	0.0	13.92	4.99
20060910	0.01	16.72	4.36
20060911	10.17	15.72	3.95
20060912	1.72	16.42	3.85
20060913	8.15	15.15	3.73
20060914	7.56	10.36	3.75
20060915	0.0	11.46	3.76
20060916	0.31	15.32	3.47
20060917	1.3	11.09	3.08
20060918	25.63	11.91	3.44
20060919	22.67	12.53	5.1
20060920	50.86	13.99	9.61
20060921	8.18	15.91	13.43
20060922	1.05	14.34	12.32
20060923	0.02	14.69	10.79
20060924	14.33	13.11	9.91
20060925	0.64	14.21	9.17
20060926	4.34	12.92	8.16
20060927	30.02	13.65	8.09
20060928	2.99	11.38	9.73
20060929	4.82	9.63	9.22
20060930	0.41	11.31	8.43
20061001	18.65	10.93	7.75
20061002	4.48	8.83	8.33
20061003	0.01	8.17	7.8
20061004	2.03	9.22	6.97
20061005	23.01	10.52	6.8
20061006	21.88	10.41	8.84
20061007	14.83	10.39	10.4
20061008	5.56	10.72	10.7
20061009	3.6	9.3	10.25
20061010	0.45	11.62	9.47
20061011	20.47	11.81	9.28
20061012	0.01	11.46	9.1
20061013	0.0	13.53	8.24
20061014	0.0	11.43	7.21
20061015	0.0	9.26	6.26
20061016	0.03	9.23	5.5
20061017	5.27	11.89	4.86
20061018	0.16	11.09	4.36
20061019	3.55	10.68	4.0
20061020	0.78	11.88	3.63
20061021	1.01	8.64	3.29
20061022	2.22	8.82	2.99
20061023	0.79	8.99	2.73
20061024	1.55	8.13	2.52
20061025	39.23	8.45	2.72
20061026	8.32	5.34	6.01
20061027	16.77	8.5	7.13
20061028	10.88	9.26	8.61
20061029	16.0	10.65	9.63
20061030	32.92	9.51	12.34
20061031	0.61	2.84	14.15
20061101	0.07	2.85	12.84
20061102	0.0	5.05	11.26
20061103	6.61	8.28	9.86
20061104	4.8	8.98	8.97
20061105	2.5	10.59	8.27
20061106	3.39	9.63	7.55
20061107	3.93	8.08	6.88
20061108	11.67	4.84	6.53
20061109	1.47	5.37	6.54
20061110	33.84	7.79	7.32
20061111	9.06	5.2	9.05
20061112	26.03	8.73	9.89
20061113	19.9	6.35	12.08
20061114	7.07	5.0	12.53
20061115	11.42	4.39	11.85
20061116	15.98	3.56	11.82
20061117	23.48	1.0	12.39
20061118	13.81	1.55	12.32
20061119	34.33	5.3	14.07
20061120	41.87	4.79	17.18
20061121	4.24	2.94	19.73
20061122	3.14	2.73	17.77
20061123	16.24	5.41	15.97
20061124	9.2	5.46	15.52
20061125	18.66	5.74	15.02
20061126	15.32	7.66	14.82
20061127	18.02	8.43	14.96
20061128	12.03	7.86	14.43
20061129	21.22	8.77	14.09
20061130	77.46	7.73	18.72
20061201	17.64	6.05	21.84
20061202	55.26	7.08	22.3
20061203	69.5	5.72	28.31
20061204	17.82	6.97	33.28
20061205	6.36	4.05	29.53
20061206	26.67	3.89	25.56
20061207	12.2	3.71	24.94
20061208	6.11	2.84	22.78
20061209	38.96	3.86	20.26
20061210	56.51	6.83	26.3
20061211	26.15	4.23	27.24
20061212	26.38	5.71	26.12
20061213	56.84	8.22	29.69
20061214	11.94	5.2	29.38
20061215	14.83	2.96	26.17
20061216	12.46	3.05	23.67
20061217	0.19	2.12	21.2
20061218	0.07	2.6	18.21
20061219	0.21	5.6	15.7
20061220	0.0	6.11	13.77
20061221	8.54	8.4	12.19
20061222	1.75	7.79	11.63
20061223	0.0	3.13	10.44
20061224	0.0	-0.38	9.16
20061225	0.14	3.59	7.92
20061226	0.12	4.48	6.92
20061227	5.04	3.15	6.11
20061228	10.47	6.66	5.67
20061229	39.68	7.94	7.5
20061230	18.28	4.72	9.41
20061231	31.29	4.79	11.14
20070101	22.91	3.78	12.75
20070102	15.23	6.94	13.77
20070103	30.01	8.26	15.57
20070104	16.54	6.96	17.34
20070105	8.61	5.38	17.46
20070106	20.93	5.69	16.6
20070107	12.3	4.12	16.49
20070108	20.53	6.89	15.98
20070109	5.78	4.6	16.27
20070110	28.03	3.04	15.37
20070111	27.48	7.16	16.0
20070112	16.97	7.07	18.08
20070113	30.2	5.55	19.68
20070114	26.67	6.7	19.54
20070115	15.56	4.06	20.1
20070116	10.85	1.86	18.42
20070117	13.52	2.15	16.56
20070118	4.26	2.52	15.27
20070119	12.66	3.92	14.21
20070120	9.04	1.59	14.27
20070121	3.03	0.24	13.33
20070122	1.32	-0.42	11.89
20070123	5.5	1.31	10.76
20070124	0.0	-0.66	9.83
20070125	9.11	1.91	8.67
20070126	3.45	5.42	8.96
20070127	17.63	6.39	8.65
20070128	9.1	7.51	10.55
20070129	1.5	6.69	10.8
20070130	38.68	7.97	10.51
20070131	7.2	8.93	14.73
20070201	8.22	7.34	14.22
20070202	0.0	4.72	13.31
20070203	0.86	5.72	11.84
20070204	3.83	2.87	10.66
20070205	0.14	-0.96	9.51
20070206	0.01	-2.1	8.19
20070207	0.0	-1.4	7.11
20070208	0.07	0.6	6.2
20070209	0.08	1.65	5.46
20070210	0.34	2.6	4.96
20070211	5.37	3.03	4.08
20070212	6.83	4.82	3.7
20070213	10.52	4.48	3.75
20070214	1.27	5.69	4.06
20070215	32.41	7.29	5.65
20070216	5.4	6.27	6.52
20070217	0.97	2.39	6.22
20070218	1.06	3.29	5.75
20070219	6.98	6.83	5.28
20070220	0.36	5.37	4.83
20070221	6.53	6.33	4.54
20070222	9.57	6.89	4.5
20070223	5.58	7.05	4.75
20070224	5.97	6.05	4.86
20070225	1.82	4.47	4.73
20070226	10.44	3.39	4.64
20070227	71.83	6.63	7.58
20070228	23.0	4.6	13.16
20070301	0.79	1.77	13.92
20070302	8.73	4.06	12.67
20070303	4.43	4.53	11.87
20070304	28.06	5.22	11.58
20070305	45.82	5.8	13.69
20070306	16.98	5.29	16.07
20070307	1.67	6.09	15.34
20070308	17.9	5.04	14.07
20070309	18.46	5.09	13.66
20070310	8.53	8.88	13.99
20070311	7.01	5.43	13.63
20070312	10.59	5.62	12.83
20070313	0.27	7.29	11.95
20070314	22.57	7.65	10.78
20070315	13.84	5.03	12.02
20070316	33.14	6.39	13.32
20070317	29.33	4.76	16.37
20070318	19.8	0.4	17.43
20070319	4.92	0.27	16.03
20070320	0.13	-0.4	14.38
20070321	17.51	4.38	13.49
20070322	0.01	5.58	13.96
20070323	0.0	6.05	12.73
20070324	0.01	5.41	11.31
20070325	0.0	7.71	10.13
20070326	0.0	8.1	8.83
20070327	0.0	6.46	7.56
20070328	0.34	4.65	6.51
20070329	0.0	5.22	5.72
20070330	0.0	5.99	5.04
20070331	0.0	5.11	4.29
20070401	0.0	5.75	3.77
20070402	0.0	6.45	3.35
20070403	0.01	4.83	2.96
20070404	0.01	9.47	2.61
20070405	0.61	8.03	2.33
20070406	0.66	6.98	2.11
20070407	0.0	9.2	1.91
20070408	14.15	8.56	1.72
20070409	6.94	8.95	2.05
20070410	1.96	9.39	2.64
20070411	0.36	10.32	2.83
20070412	0.0	10.12	2.69
20070413	0.0	12.9	2.48
20070414	0.0	13.93	2.25
20070415	1.82	9.46	2.01
20070416	6.11	7.86	1.85
20070417	2.44	6.54	1.74
20070418	8.53	7.32	1.78
20070419	0.0	5.74	2.3
20070420	5.71	8.6	2.29
20070421	28.08	10.46	2.96
20070422	19.41	12.14	6.19
20070423	15.89	11.35	8.24
20070424	17.72	12.14	9.0
20070425	2.75	7.48	9.59
20070426	0.0	7.91	8.83
20070427	0.0	11.53	7.76
20070428	0.0	12.59	6.78
20070429	0.0	12.76	5.84
20070430	0.0	12.72	5.02
20070501	0.0	11.32	4.31
20070502	0.0	12.03	3.73
20070503	0.0	11.13	3.25
20070504	0.0	9.66	2.93
20070505	16.03	10.84	2.66
20070506	8.3	8.06	2.77
20070507	16.84	8.54	3.19
20070508	2.4	7.9	3.73
20070509	18.39	7.95	4.02
20070510	6.76	7.55	4.79
20070511	1.02	6.38	4.78
20070512	0.22	8.31	4.29
20070513	0.11	5.53	3.88
20070514	2.0	5.25	3.43
20070515	0.0	7.17	3.06
20070516	5.5	9.04	2.85
20070517	11.55	10.35	2.83
20070518	28.23	8.55	3.8
20070519	14.33	8.22	6.23
20070520	1.56	8.6	6.84
20070521	9.11	9.03	6.34
20070522	6.47	9.71	6.14
20070523	3.4	10.95	6.0
20070524	10.61	7.94	6.74
20070525	8.49	7.28	6.73
20070526	0.3	6.14	6.43
20070527	0.07	5.65	5.75
20070528	1.09	6.83	5.08
20070529	7.92	7.1	4.59
20070530	8.79	9.92	4.68
20070531	2.17	12.81	4.64
20070601	0.02	16.3	4.28
20070602	17.06	14.59	3.98
20070603	24.63	12.17	5.62
20070604	0.04	13.24	6.29
20070605	0.0	13.98	5.64
20070606	0.0	13.7	4.9
20070607	0.03	16.27	4.34
20070608	0.12	15.5	3.87
20070609	0.0	17.38	3.42
20070610	0.0	16.62	3.13
20070611	0.26	16.92	2.77
20070612	16.64	13.58	2.66
20070613	0.0	9.05	2.59
20070614	0.01	11.8	2.36
20070615	0.73	11.68	2.08
20070616	0.1	9.91	1.87
20070617	0.04	12.6	1.64
20070618	2.84	14.18	1.48
20070619	2.82	13.79	1.47
20070620	12.56	15.12	1.46
20070621	8.07	14.58	1.67
20070622	20.57	14.13	2.11
20070623	2.0	10.75	2.64
20070624	0.04	10.75	2.81
20070625	0.08	9.32	2.39
20070626	1.02	9.72	2.26
20070627	16.9	8.68	2.11
20070628	10.36	8.95	2.87
20070629	0.03	8.84	3.16
20070630	4.44	13.16	3.12
20070701	15.59	14.62	3.36
20070702	4.6	13.4	3.75
20070703	3.02	14.27	3.83
20070704	3.48	14.21	3.7
20070705	8.89	12.88	3.74
20070706	17.12	12.9	4.0
20070707	9.98	11.61	4.66
20070708	3.73	10.89	5.3
20070709	0.02	11.33	5.14
20070710	0.79	11.4	4.53
20070711	0.07	11.95	4.14
20070712	1.71	14.04	3.76
20070713	18.25	13.61	3.61
20070714	0.48	12.02	4.01
20070715	0.37	13.43	3.79
20070716	8.86	12.78	3.72
20070717	5.27	12.85	3.69
20070718	0.06	12.63	3.43
20070719	3.82	12.97	3.23
20070720	0.0	12.71	2.94
20070721	0.31	10.87	2.66
20070722	0.46	10.73	2.35
20070723	0.19	12.6	2.12
20070724	3.6	13.87	1.94
20070725	11.71	13.46	1.93
20070726	11.21	12.23	2.09
20070727	9.19	11.86	2.58
20070728	2.52	9.16	3.25
20070729	3.21	9.82	3.33
20070730	0.98	11.31	3.14
20070731	24.17	13.64	3.59
20070801	1.69	12.64	5.02
20070802	0.65	12.26	4.74
20070803	32.31	14.45	5.72
20070804	5.48	12.95	7.65
20070805	8.54	11.84	7.5
20070806	17.34	9.56	7.59
20070807	11.77	9.12	8.59
20070808	0.02	11.76	8.13
20070809	4.5	14.96	7.2
20070810	0.33	12.98	6.29
20070811	18.23	12.82	6.18
20070812	24.87	12.56	6.96
20070813	4.9	10.57	8.07
20070814	0.02	10.74	7.78
20070815	8.98	10.72	6.92
20070816	6.48	10.07	7.33
20070817	4.82	12.33	7.02
20070818	18.82	10.43	7.68
20070819	0.0	8.71	7.71
20070820	0.04	12.18	6.71
20070821	0.0	12.69	5.95
20070822	0.0	15.53	5.16
20070823	0.16	15.02	4.6
20070824	18.71	15.51	4.25
20070825	3.4	13.31	5.33
20070826	3.3	12.71	5.21
20070827	3.03	11.59	4.94
20070828	0.68	9.98	4.53
20070829	13.47	12.29	4.29
20070830	13.17	12.61	5.17
20070831	4.68	12.14	6.4
20070901	14.69	12.17	6.95
20070902	1.69	9.55	8.1
20070903	0.0	9.56	7.4
20070904	14.03	12.51	6.74
20070905	21.6	13.44	9.1
20070906	1.15	13.49	9.76
20070907	2.72	13.41	8.84
20070908	1.85	12.69	7.89
20070909	5.71	11.48	7.43
20070910	1.44	10.22	7.27
20070911	3.17	12.79	6.58
20070912	2.18	13.31	6.1
20070913	25.88	11.79	6.92
20070914	2.03	6.62	8.13
20070915	45.28	11.44	9.6
20070916	11.52	9.17	14.07
20070917	2.55	4.42	13.55
20070918	16.8	8.91	12.99
20070919	2.36	9.9	12.89
20070920	10.97	9.66	11.85
20070921	3.98	10.93	10.89
20070922	5.48	12.51	10.1
20070923	10.21	10.59	9.43
20070924	8.78	8.79	9.55
20070925	2.95	5.97	9.46
20070926	0.01	3.49	8.52
20070927	0.0	6.62	7.49
20070928	0.0	8.17	6.51
20070929	0.01	7.83	5.67
20070930	2.09	9.47	4.99
20071001	0.05	11.42	4.42
20071002	2.78	11.52	3.94
20071003	23.07	10.65	4.07
20071004	0.58	9.49	4.51
20071005	0.74	11.24	4.24
20071006	1.95	7.92	3.9
20071007	0.01	8.78	3.63
20071008	9.62	10.15	3.39
20071009	0.16	9.59	3.32
20071010	11.34	12.26	3.32
20071011	12.47	12.84	4.82
20071012	0.41	12.7	5.36
20071013	7.67	12.49	5.04
20071014	4.84	11.59	5.66
20071015	26.59	9.52	6.47
20071016	9.15	7.63	7.37
20071017	0.45	4.45	7.46
20071018	0.0	6.81	6.8
20071019	0.0	10.64	6.01
20071020	0.0	10.69	5.31
20071021	0.1	10.88	4.71
20071022	0.64	11.56	4.22
20071023	0.0	9.52	3.75
20071024	0.0	7.82	3.33
20071025	4.5	8.2	3.05
20071026	14.98	8.76	3.33
20071027	54.68	10.19	6.17
20071028	20.05	7.56	10.37
20071029	4.98	5.71	11.05
20071030	4.45	10.06	10.57
20071031	31.89	12.16	11.37
20071101	39.21	12.72	17.09
20071102	3.13	10.41	18.41
20071103	0.1	7.04	16.81
20071104	13.74	8.71	14.76
20071105	4.43	6.92	14.51
20071106	20.16	8.21	13.52
20071107	11.51	8.38	13.53
20071108	4.83	4.39	13.8
20071109	18.23	7.54	13.06
20071110	10.26	6.24	13.24
20071111	0.01	1.09	12.82
20071112	10.67	3.91	11.56
20071113	4.52	5.61	10.86
20071114	0.05	4.37	10.09
20071115	0.07	5.19	8.89
20071116	5.22	8.63	7.72
20071117	17.8	6.84	7.99
20071118	0.55	5.88	7.81
20071119	0.26	5.38	7.03
20071120	0.03	3.87	6.09
20071121	9.04	5.29	5.35
20071122	0.27	1.07	5.04
20071123	27.46	3.37	4.91
20071124	6.34	4.25	6.63
20071125	0.07	3.76	6.93
20071126	8.45	6.53	6.38
20071127	11.95	7.16	7.35
20071128	22.63	5.05	9.08
20071129	18.33	6.33	10.16
20071130	12.3	4.87	11.58
20071201	25.12	4.79	12.37
20071202	3.61	4.69	12.46
20071203	17.12	5.44	11.69
20071204	24.53	10.13	12.55
20071205	18.33	7.7	13.89
20071206	12.69	7.13	14.16
20071207	12.44	3.07	14.46
20071208	15.95	3.74	14.17
20071209	0.42	2.11	13.43
20071210	0.91	1.95	12.11
20071211	0.6	6.44	10.88
20071212	4.06	8.92	9.96
20071213	5.62	8.02	8.96
20071214	0.0	7.58	8.01
20071215	0.0	4.75	7.05
20071216	0.0	1.58	6.16
20071217	0.0	0.91	5.31
20071218	0.0	-0.26	4.63
20071219	0.0	-0.85	4.11
20071220	0.0	2.52	3.67
20071221	5.71	1.5	3.25
20071222	3.44	3.5	2.95
20071223	25.99	6.52	3.16
20071224	2.78	3.79	4.42
20071225	13.92	4.77	4.57
20071226	34.68	7.79	6.12
20071227	15.03	5.33	8.71
20071228	11.49	5.32	9.61
20071229	3.29	2.84	9.63
20071230	8.94	3.62	8.8
20071231	3.26	6.03	8.56
20080101	1.69	7.58	7.98
20080102	0.0	3.56	7.35
20080103	2.06	-0.04	6.22
20080104	21.58	2.24	5.71
20080105	27.34	4.38	7.07
20080106	2.29	1.64	9.2
20080107	7.44	1.38	8.68
20080108	43.36	2.27	8.9
20080109	3.95	1.77	11.55
20080110	7.34	3.31	11.24
20080111	0.18	-0.31	10.6
20080112	23.72	0.44	9.79
20080113	20.0	3.84	11.67
20080114	2.62	1.62	12.07
20080115	0.03	0.49	11.13
20080116	0.85	-0.08	10.0
20080117	9.17	3.73	8.84
20080118	13.7	6.49	9.04
20080119	3.38	4.54	9.52
20080120	5.39	2.94	8.95
20080121	0.06	0.22	8.31
20080122	16.32	6.81	8.01
20080123	17.22	5.56	9.26
20080124	31.73	4.2	10.4
20080125	33.14	6.63	15.14
20080126	24.48	6.73	19.26
20080127	4.76	8.53	19.96
20080128	9.65	6.07	18.2
20080129	11.11	2.55	17.22
20080130	42.82	3.08	17.06
20080131	26.13	2.56	19.0
20080201	4.67	-2.01	18.76
20080202	42.96	2.79	17.3
20080203	25.47	3.35	21.77
20080204	21.92	2.98	22.08
20080205	2.32	1.62	20.12
20080206	31.52	6.55	17.67
20080207	4.49	9.35	19.31
20080208	2.6	7.58	17.88
20080209	4.27	7.38	16.0
20080210	0.09	5.76	14.31
20080211	0.01	7.29	12.59
20080212	0.0	4.28	11.04
20080213	0.0	2.38	9.78
20080214	0.01	0.78	8.4
20080215	0.0	0.88	7.22
20080216	0.02	3.98	6.23
20080217	0.04	4.91	5.45
20080218	0.0	2.78	4.82
20080219	1.37	3.2	4.27
20080220	49.61	6.56	4.08
20080221	32.14	7.22	10.2
20080222	37.34	6.05	12.11
20080223	26.54	6.44	15.75
20080224	14.81	3.64	16.89
20080225	42.89	5.85	17.78
20080226	22.1	4.77	20.87
20080227	5.43	4.55	20.5
20080228	20.61	5.04	18.28
20080229	28.87	5.94	19.34
20080301	17.31	4.36	19.69
20080302	16.94	1.63	19.2
20080303	5.82	0.76	17.46
20080304	1.76	1.99	15.52
20080305	38.47	7.54	15.94
20080306	19.66	5.66	20.88
20080307	29.64	5.09	20.95
20080308	13.82	4.16	21.93
20080309	11.49	2.4	20.94
20080310	6.3	4.54	18.59
20080311	23.18	4.03	17.54
20080312	10.51	3.83	17.03
20080313	7.56	4.72	16.04
20080314	0.17	4.26	14.83
20080315	0.11	5.05	13.32
20080316	0.05	2.81	11.7
20080317	0.12	2.71	10.35
20080318	0.1	3.35	9.03
20080319	29.3	5.18	7.8
20080320	15.97	4.18	10.38
20080321	0.88	2.09	10.51
20080322	10.04	1.54	9.71
20080323	1.5	1.07	8.86
20080324	1.71	0.16	7.87
20080325	0.8	1.48	7.05
20080326	1.43	1.95	6.3
20080327	9.61	4.55	5.74
20080328	9.34	4.77	5.74
20080329	8.12	4.78	6.38
20080330	3.49	4.2	6.75
20080331	19.26	6.86	6.84
20080401	16.24	5.05	8.76
20080402	4.8	8.92	9.16
20080403	5.82	8.74	8.47
20080404	4.41	4.88	8.05
20080405	4.4	0.92	7.47
20080406	2.92	1.07	6.78
20080407	0.26	2.69	6.17
20080408	0.36	2.87	5.59
20080409	3.28	3.82	5.09
20080410	0.67	3.2	4.67
20080411	0.58	3.65	4.21
20080412	0.07	3.67	3.79
20080413	0.15	4.6	3.36
20080414	6.58	4.02	3.07
20080415	0.0	5.24	2.96
20080416	0.0	4.24	2.82
20080417	0.0	5.11	2.56
20080418	0.0	4.25	2.29
20080419	0.0	5.91	2.04
20080420	0.0	6.06	1.84
20080421	0.0	8.02	1.69
20080422	5.37	10.35	1.59
20080423	2.88	9.44	1.49
20080424	11.36	8.91	1.52
20080425	34.94	9.85	2.55
20080426	2.7	8.47	5.22
20080427	0.24	8.19	5.16
20080428	5.48	6.89	4.74
20080429	11.07	7.27	4.49
20080430	3.44	7.33	4.44
20080501	2.99	7.4	4.24
20080502	0.71	10.5	4.1
20080503	0.11	13.72	3.93
20080504	9.08	10.75	3.59
20080505	0.01	14.99	3.46
20080506	0.0	15.15	3.22
20080507	0.0	16.73	2.95
20080508	0.0	16.73	2.67
20080509	0.09	16.23	2.39
20080510	0.4	13.75	2.13
20080511	0.32	14.86	2.09
20080512	0.01	14.83	1.96
20080513	0.0	12.6	1.76
20080514	0.0	12.0	1.59
20080515	0.0	10.2	1.44
20080516	0.56	11.85	1.33
20080517	0.33	7.52	1.34
20080518	0.0	8.62	1.16
20080519	0.0	8.69	1.11
20080520	0.0	9.58	1.07
20080521	0.0	10.9	1.04
20080522	0.05	12.75	1.01
20080523	0.71	10.79	0.95
20080524	0.0	10.99	0.87
20080525	0.0	11.44	0.84
20080526	0.0	11.02	0.77
20080527	0.0	13.62	0.73
20080528	15.25	11.34	0.74
20080529	0.01	11.33	0.71
20080530	2.55	13.89	0.68
20080531	0.0	14.72	0.63
20080601	3.04	15.63	0.71
20080602	0.0	14.88	0.64
20080603	0.02	10.88	0.58
20080604	0.36	13.96	0.6
20080605	3.84	11.59	0.57
20080606	0.0	11.97	0.53
20080607	0.48	15.01	0.51
20080608	0.37	13.0	0.47
20080609	8.05	12.54	0.44
20080610	5.06	11.08	0.41
20080611	1.37	9.48	0.51
20080612	0.04	8.88	0.53
20080613	0.43	7.6	0.5
20080614	1.63	8.38	0.5
20080615	0.03	8.08	0.46
20080616	19.18	10.48	0.52
20080617	16.11	9.23	1.09
20080618	12.48	10.54	1.81
20080619	12.22	9.65	2.29
20080620	3.31	8.26	2.91
20080621	7.88	12.03	3.02
20080622	3.13	10.13	2.94
20080623	0.08	8.09	2.75
20080624	12.1	10.97	2.75
20080625	14.46	12.09	3.18
20080626	6.88	12.13	3.55
20080627	14.35	11.88	3.94
20080628	6.18	12.02	4.72
20080629	8.25	11.19	5.23
20080630	18.82	13.32	5.55
20080701	13.97	13.21	7.08
20080702	2.39	13.44	7.8
20080703	14.68	14.3	7.29
20080704	0.06	13.64	7.49
20080705	0.65	13.9	6.83
20080706	0.01	12.95	6.01
20080707	0.47	10.52	5.15
20080708	2.81	13.51	4.59
20080709	0.22	14.38	4.13
20080710	0.08	11.8	3.62
20080711	0.09	10.62	3.09
20080712	0.01	11.08	2.78
20080713	5.43	13.84	2.57
20080714	16.12	13.7	2.55
20080715	9.28	11.46	3.26
20080716	11.56	11.45	3.86
20080717	6.86	12.76	4.41
20080718	22.11	11.06	5.36
20080719	5.49	10.18	6.61
20080720	0.06	9.23	6.35
20080721	3.67	13.83	5.76
20080722	1.52	16.51	5.38
20080723	0.0	17.45	5.04
20080724	0.0	18.75	4.61
20080725	0.04	19.33	4.08
20080726	0.0	16.5	3.53
20080727	0.0	16.33	3.15
20080728	0.04	20.64	2.87
20080729	2.23	17.49	2.66
20080730	28.11	16.45	2.61
20080731	11.63	18.17	3.55
20080801	36.95	14.15	5.21
20080802	3.36	11.95	8.34
20080803	6.89	12.1	8.09
20080804	0.05	10.98	7.24
20080805	0.79	14.27	6.41
20080806	3.16	11.68	5.75
20080807	0.0	11.05	4.99
20080808	5.61	11.21	4.34
20080809	10.33	13.57	4.09
20080810	14.35	13.21	4.27
20080811	5.34	13.58	5.21
20080812	0.45	14.21	5.17
20080813	0.0	11.89	4.66
20080814	3.17	14.27	4.15
20080815	1.28	12.73	3.9
20080816	0.91	14.5	3.68
20080817	1.3	14.71	3.3
20080818	2.19	15.16	2.98
20080819	0.43	15.01	2.73
20080820	12.45	13.29	2.7
20080821	12.77	10.2	3.23
20080822	0.0	9.81	3.3
20080823	10.27	13.22	3.22
20080824	19.26	13.22	3.31
20080825	5.93	12.02	4.89
20080826	14.59	13.08	5.36
20080827	11.25	13.49	6.47
20080828	1.49	13.65	7.22
20080829	0.37	16.88	7.04
20080830	2.69	15.28	6.36
20080831	2.91	9.92	5.8
20080901	10.23	10.51	5.66
20080902	4.97	10.29	5.51
20080903	0.4	8.65	5.17
20080904	0.07	9.19	4.63
20080905	0.0	12.08	4.25
20080906	0.0	11.13	3.75
20080907	0.25	10.68	3.35
20080908	0.0	12.87	2.97
20080909	18.27	12.82	2.76
20080910	11.42	12.85	3.5
20080911	10.81	12.8	4.36
20080912	1.26	12.72	4.66
20080913	1.3	10.45	4.36
20080914	5.62	13.1	4.04
20080915	8.25	10.97	3.99
20080916	3.45	10.08	4.07
20080917	2.32	11.38	3.97
20080918	14.26	11.32	4.23
20080919	4.52	12.73	5.18
20080920	0.34	13.5	5.36
20080921	0.69	8.17	5.0
20080922	0.0	8.61	4.6
20080923	0.0	10.02	4.18
20080924	0.0	10.08	3.74
20080925	0.0	11.82	3.35
20080926	0.41	12.8	2.97
20080927	9.75	7.67	2.77
20080928	14.55	9.29	2.8
20080929	26.61	8.47	4.35
20080930	10.88	7.68	6.18
20081001	6.94	5.54	6.58
20081002	7.64	5.66	6.33
20081003	36.65	6.29	6.5
20081004	7.36	5.77	10.48
20081005	0.0	7.38	10.17
20081006	7.2	10.05	9.04
20081007	15.61	9.56	8.94
20081008	1.45	8.63	8.9
20081009	33.97	12.05	9.09
20081010	8.1	11.66	11.92
20081011	2.73	9.41	11.45
20081012	8.79	10.18	10.45
20081013	2.57	8.64	9.99
20081014	3.16	8.06	9.1
20081015	16.06	7.18	8.44
20081016	7.71	6.69	8.7
20081017	9.39	8.55	8.6
20081018	13.7	8.41	8.96
20081019	31.76	9.25	10.71
20081020	23.78	5.68	13.31
20081021	9.85	3.98	13.86
20081022	57.94	8.47	13.82
20081023	33.66	8.58	22.12
20081024	38.35	7.03	23.08
20081025	31.26	8.19	25.47
20081026	12.67	4.22	24.06
20081027	4.58	1.82	22.05
20081028	1.8	0.77	19.18
20081029	0.09	0.92	16.65
20081030	0.05	2.1	14.43
20081031	0.02	1.97	12.62
20081101	0.03	2.97	11.05
20081102	0.01	4.42	9.77
20081103	0.0	5.0	8.41
20081104	0.0	4.78	7.28
20081105	0.01	4.97	6.33
20081106	0.21	6.92	5.56
20081107	14.08	6.2	5.03
20081108	27.85	5.53	5.73
20081109	30.9	3.3	7.59
20081110	45.58	5.5	12.31
20081111	8.48	5.7	15.23
20081112	5.81	6.78	14.69
20081113	30.31	9.68	15.33
20081114	16.51	9.57	18.52
20081115	6.75	5.88	18.33
20081116	5.15	2.62	16.39
20081117	20.33	7.61	15.83
20081118	3.09	8.22	15.11
20081119	20.61	8.08	14.78
20081120	7.79	4.79	15.07
20081121	1.44	2.12	14.07
20081122	15.44	3.12	12.57
20081123	17.32	3.69	13.04
20081124	1.35	3.2	12.67
20081125	5.01	6.36	11.64
20081126	18.3	6.3	11.22
20081127	13.18	2.3	12.73
20081128	10.52	-0.2	12.23
20081129	0.13	-3.03	11.16
20081130	1.01	-0.43	10.06
20081201	15.86	0.5	8.91
20081202	0.01	-1.76	8.18
20081203	20.61	-1.46	7.45
20081204	1.96	0.41	7.14
20081205	0.68	-0.27	6.53
20081206	2.57	1.11	5.95
20081207	14.97	4.49	7.14
20081208	9.34	2.13	9.07
20081209	2.19	2.04	8.81
20081210	0.0	-0.57	8.1
20081211	5.03	0.68	7.28
20081212	45.48	3.82	8.14
20081213	1.6	1.43	9.9
20081214	0.56	2.1	9.08
20081215	19.66	6.07	8.51
20081216	11.96	5.17	10.43
20081217	35.41	6.62	12.14
20081218	12.15	3.65	14.2
20081219	26.26	6.1	14.73
20081220	24.87	6.41	15.01
20081221	2.46	7.31	16.85
20081222	1.1	7.99	15.54
20081223	1.75	5.6	13.99
20081224	0.45	6.57	12.52
20081225	0.0	5.08	11.09
20081226	0.0	0.6	9.91
20081227	0.0	-2.22	8.59
20081228	0.0	-2.54	7.43
20081229	0.0	-2.88	6.45
20081230	0.0	-3.03	5.67
20081231	0.0	-0.16	4.93
20090101	0.1	0.6	4.37
20090102	0.0	-1.83	3.86
20090103	0.09	-1.07	3.42
20090104	4.61	-0.12	3.15
20090105	1.36	-0.97	2.88
20090106	22.55	2.81	3.21
20090107	1.7	4.28	3.96
20090108	0.25	4.25	3.93
20090109	1.07	4.15	3.78
20090110	61.88	7.72	4.49
20090111	14.14	9.13	9.77
20090112	7.81	4.11	10.54
20090113	3.02	0.93	10.11
20090114	26.48	3.66	9.7
20090115	10.72	6.95	11.22
20090116	19.96	4.47	11.68
20090117	27.75	2.81	12.46
20090118	21.1	1.39	12.84
20090119	4.34	0.27	12.29
20090120	11.9	2.69	11.39
20090121	14.34	3.51	11.11
20090122	32.63	2.06	12.11
20090123	15.71	2.78	12.9
20090124	11.79	1.76	12.38
20090125	24.69	2.15	12.24
20090126	3.39	4.09	12.49
20090127	2.41	3.98	12.2
20090128	0.06	5.15	11.47
20090129	3.59	6.56	10.76
20090130	25.64	7.1	11.89
20090131	0.0	5.0	13.19
20090201	0.0	0.38	11.68
20090202	0.0	0.43	10.37
20090203	1.34	1.3	9.07
20090204	4.46	-0.67	7.83
20090205	3.04	-1.87	6.82
20090206	3.69	-0.21	5.94
20090207	0.04	-3.47	5.37
20090208	0.01	-3.16	4.82
20090209	0.01	-2.63	4.24
20090210	0.88	-1.38	3.75
20090211	2.71	-1.39	3.39
20090212	14.17	3.02	3.67
20090213	2.4	2.79	4.03
20090214	9.1	5.4	4.51
20090215	2.08	6.7	5.76
20090216	29.62	7.63	6.77
20090217	4.34	6.83	8.75
20090218	1.63	5.83	8.4
20090219	0.25	2.94	7.77
20090220	19.39	6.7	7.73
20090221	9.61	7.01	9.13
20090222	10.21	6.38	9.42
20090223	3.13	6.43	9.8
20090224	6.45	5.51	9.23
20090225	22.47	5.08	8.91
20090226	23.13	6.77	11.78
20090227	6.97	7.56	13.31
20090228	14.69	5.82	13.11
