date	precipitation	temperature	discharge_spec
19701001	22.8	8.48	11.16
19701002	2.14	6.38	5.68
19701003	4.87	9.52	2.18
19701004	9.98	10.0	4.94
19701005	1.28	7.87	5.02
19701006	6.95	6.69	3.45
19701007	1.05	7.04	2.87
19701008	0.01	6.87	1.63
19701009	0.15	9.14	1.22
19701010	0.0	8.94	0.99
19701011	0.23	11.08	0.88
19701012	0.0	11.11	0.79
19701013	0.0	11.56	0.72
19701014	0.0	11.62	0.66
19701015	0.0	9.47	0.63
19701016	0.0	10.06	0.57
19701017	0.18	9.99	0.55
19701018	11.28	7.78	1.26
19701019	0.02	4.76	1.7
19701020	0.0	3.06	0.85
19701021	0.0	4.63	0.65
19701022	0.18	8.11	0.58
19701023	8.97	8.87	2.32
19701024	11.2	8.53	6.44
19701025	5.03	5.5	3.7
19701026	2.47	3.95	2.92
19701027	5.46	5.3	2.47
19701028	8.98	4.95	3.87
19701029	23.85	9.34	9.37
19701030	4.51	8.11	11.36
19701031	30.19	8.93	24.91
19701101	3.26	7.04	5.93
19701102	13.83	8.0	6.8
19701103	9.54	6.1	14.09
19701104	17.2	5.64	9.32
19701105	0.57	3.91	6.73
19701106	0.16	2.53	1.98
19701107	1.78	4.58	1.25
19701108	5.1	6.84	2.8
19701109	0.16	5.11	1.64
19701110	12.55	7.42	3.26
19701111	8.91	3.35	7.29
19701112	14.29	1.57	5.62
19701113	7.45	0.64	8.92
19701114	0.01	-0.28	2.86
19701115	5.85	0.6	1.58
19701116	1.38	4.3	6.2
19701117	3.73	3.21	6.23
19701118	3.63	2.32	2.25
19701119	3.21	2.0	2.3
19701120	4.66	2.41	2.58
19701121	0.86	2.56	2.38
19701122	0.68	3.48	1.3
19701123	27.42	7.02	13.05
19701124	0.73	9.06	5.47
19701125	1.16	6.02	2.11
19701126	13.53	5.53	5.07
19701127	2.59	8.1	4.93
19701128	3.43	5.78	3.38
19701129	3.65	3.92	1.83
19701130	0.24	2.33	2.21
19701201	3.43	4.6	1.21
19701202	20.63	2.37	13.19
19701203	1.37	2.07	4.43
19701204	5.05	4.48	3.82
19701205	6.97	4.48	5.26
19701206	3.26	2.67	6.42
19701207	0.03	0.47	2.55
19701208	0.09	4.0	1.93
19701209	0.0	3.71	1.69
19701210	0.51	1.72	1.45
19701211	1.22	2.85	1.3
19701212	1.12	4.03	1.43
19701213	0.17	3.4	1.27
19701214	0.15	3.91	1.09
19701215	0.98	4.87	1.06
19701216	12.97	6.38	3.22
19701217	2.39	6.49	3.27
19701218	5.94	9.04	3.69
19701219	3.69	5.85	3.33
19701220	0.24	1.26	2.27
19701221	0.05	-1.04	1.55
19701222	0.13	0.48	1.24
19701223	1.64	3.09	1.22
19701224	1.18	0.75	1.27
19701225	0.84	1.08	1.18
19701226	0.38	0.43	1.15
19701227	0.46	-0.0	1.03
19701228	2.32	0.07	0.94
19701229	0.75	-0.16	0.98
19701230	0.17	-3.04	0.83
19701231	0.0	-4.15	0.61
19710101	0.03	-1.32	0.77
19710102	0.03	-2.19	0.6
19710103	0.02	-2.75	0.65
19710104	0.0	-1.02	0.6
19710105	2.49	-0.87	0.56
19710106	7.97	5.21	3.73
19710107	0.97	8.02	3.48
19710108	2.15	8.6	1.78
19710109	1.14	9.33	1.66
19710110	0.0	7.06	1.15
19710111	0.04	4.33	0.94
19710112	0.0	3.48	0.81
19710113	0.29	3.64	0.75
19710114	0.08	3.71	0.73
19710115	0.06	1.59	0.69
19710116	1.0	2.5	0.7
19710117	0.97	5.38	0.73
19710118	6.19	4.62	1.04
19710119	2.45	3.7	1.83
19710120	3.75	2.58	1.36
19710121	0.36	2.78	1.61
19710122	6.25	3.29	1.13
19710123	5.81	3.69	3.23
19710124	11.35	4.32	5.94
19710125	5.0	3.56	5.5
19710126	0.8	3.84	2.49
19710127	1.63	3.31	1.79
19710128	6.47	2.54	2.52
19710129	1.64	0.18	3.01
19710130	0.01	-1.59	1.83
19710131	0.59	-2.54	1.25
19710201	1.15	-1.41	0.98
19710202	0.82	4.29	1.16
19710203	0.03	6.78	1.38
19710204	0.0	4.76	1.07
19710205	0.0	3.16	0.94
19710206	0.03	4.56	0.87
19710207	0.04	6.4	0.82
19710208	2.88	5.07	0.79
19710209	1.23	5.32	1.26
19710210	1.43	4.27	1.06
19710211	16.38	3.54	3.19
19710212	26.38	4.16	13.36
19710213	14.91	1.45	9.43
19710214	13.78	1.02	9.94
19710215	1.87	-2.01	4.94
19710216	4.3	-0.83	2.71
19710217	8.24	1.47	5.02
19710218	0.14	1.77	4.99
19710219	4.08	4.11	6.63
19710220	4.11	5.26	7.17
19710221	1.97	3.26	3.04
19710222	0.03	4.73	2.05
19710223	0.84	6.37	1.67
19710224	0.82	6.21	1.58
19710225	0.18	4.1	1.41
19710226	0.15	3.23	1.2
19710227	5.58	1.88	1.53
19710228	1.6	0.61	1.76
19710301	9.44	1.23	3.97
19710302	0.05	2.06	2.22
19710303	0.0	-0.09	1.38
19710304	0.27	0.52	1.11
19710305	0.32	4.45	1.07
19710306	0.02	3.98	0.97
19710307	0.04	3.29	0.87
19710308	0.03	4.62	0.81
19710309	0.4	2.47	0.78
19710310	0.55	4.47	0.73
19710311	1.5	6.18	0.73
19710312	0.9	5.49	0.8
19710313	2.4	4.52	0.75
19710314	0.1	1.02	0.73
19710315	0.05	1.54	0.66
19710316	1.34	1.68	0.7
19710317	0.57	2.57	0.69
19710318	7.08	1.1	0.79
19710319	13.28	0.91	2.16
19710320	0.08	2.23	3.15
19710321	0.01	1.54	1.65
19710322	0.2	3.38	1.2
19710323	2.34	5.61	1.87
19710324	2.85	5.69	1.88
19710325	3.0	3.56	1.97
19710326	0.78	3.84	1.54
19710327	1.46	6.09	1.1
19710328	0.25	7.4	1.05
19710329	5.53	6.46	0.99
19710330	0.82	3.59	2.18
19710331	0.02	3.53	1.26
19710401	0.0	3.57	0.94
19710402	0.13	4.2	0.75
19710403	0.23	3.74	0.68
19710404	0.43	4.31	0.65
19710405	0.47	4.08	0.65
19710406	0.0	3.89	0.62
19710407	0.01	4.9	0.59
19710408	0.0	4.38	0.55
19710409	0.0	7.18	0.52
19710410	0.0	8.02	0.5
19710411	0.0	8.5	0.48
19710412	0.0	8.06	0.46
19710413	0.0	5.55	0.44
19710414	0.0	7.48	0.43
19710415	3.56	10.56	0.42
19710416	0.08	3.08	0.44
19710417	2.07	5.0	0.43
19710418	0.24	7.6	0.44
19710419	0.01	4.86	0.38
19710420	0.18	6.78	0.36
19710421	0.07	11.16	0.36
19710422	2.07	10.07	0.37
19710423	20.04	7.34	1.62
19710424	0.02	2.7	1.72
19710425	0.01	3.92	0.71
19710426	0.01	3.67	0.53
19710427	0.0	2.94	0.45
19710428	0.0	5.96	0.4
19710429	1.13	6.36	0.39
19710430	5.93	4.88	0.5
19710501	0.02	6.38	0.46
19710502	0.0	7.84	0.39
19710503	0.0	8.31	0.36
19710504	0.0	9.56	0.34
19710505	0.0	11.99	0.33
19710506	1.74	12.02	0.32
19710507	2.36	11.69	0.34
19710508	0.03	10.72	0.34
19710509	1.0	10.76	0.33
19710510	0.03	11.5	0.3
19710511	0.0	9.58	0.27
19710512	0.0	9.68	0.26
19710513	0.0	9.13	0.25
19710514	1.4	11.54	0.26
19710515	6.46	6.71	0.28
19710516	0.89	6.89	0.35
19710517	4.98	7.34	0.35
19710518	0.36	7.46	0.3
19710519	0.17	9.34	0.27
19710520	0.02	7.61	0.26
19710521	0.02	10.41	0.25
19710522	9.13	9.78	0.31
19710523	12.49	9.21	0.61
19710524	1.71	8.22	1.8
19710525	0.04	7.82	0.57
19710526	5.44	6.51	0.55
19710527	0.15	7.46	0.6
19710528	0.6	8.09	0.36
19710529	2.07	10.11	0.31
19710530	2.4	11.03	0.32
19710531	0.56	9.33	0.34
19710601	0.0	12.34	0.28
19710602	0.0	12.58	0.27
19710603	0.0	10.23	0.26
19710604	0.0	9.39	0.25
19710605	0.0	9.48	0.25
19710606	0.0	9.9	0.24
19710607	0.08	9.67	0.24
19710608	0.02	6.76	0.24
19710609	0.69	7.59	0.23
19710610	0.78	9.49	0.23
19710611	3.69	9.45	0.27
19710612	0.25	10.28	0.26
19710613	0.06	7.74	0.24
19710614	0.02	7.5	0.21
19710615	1.32	8.67	0.21
19710616	1.54	7.47	0.2
19710617	0.17	8.34	0.19
19710618	2.55	9.43	0.2
19710619	9.35	12.18	0.25
19710620	4.65	9.73	0.34
19710621	5.86	8.65	0.37
19710622	0.16	11.91	0.43
19710623	0.04	12.49	0.28
19710624	4.33	12.58	0.26
19710625	1.21	12.08	0.4
19710626	13.01	10.43	0.62
19710627	6.08	9.86	1.52
19710628	0.4	9.01	0.98
19710629	0.03	10.29	0.44
19710630	0.57	13.58	0.32
19710701	0.01	15.95	0.3
19710702	0.0	16.1	0.26
19710703	5.89	18.57	0.26
19710704	5.42	13.08	0.36
19710705	0.0	12.79	0.34
19710706	0.0	15.82	0.26
19710707	0.0	18.93	0.23
19710708	0.0	16.95	0.2
19710709	0.0	13.58	0.2
19710710	0.0	16.25	0.2
19710711	0.0	12.58	0.19
19710712	0.0	11.67	0.18
19710713	0.0	13.86	0.17
19710714	0.0	13.09	0.17
19710715	0.12	9.26	0.18
19710716	0.0	10.77	0.19
19710717	0.0	9.92	0.19
19710718	0.0	11.44	0.18
19710719	0.0	12.54	0.18
19710720	0.18	13.49	0.18
19710721	4.18	13.23	0.17
19710722	8.37	9.07	0.23
19710723	15.9	10.91	0.77
19710724	11.32	12.82	0.85
19710725	14.77	12.93	3.01
19710726	7.7	13.86	2.14
19710727	17.55	13.24	6.17
19710728	0.0	14.26	1.74
19710729	0.0	14.36	0.72
19710730	18.76	17.75	0.95
19710731	16.39	12.77	9.12
19710801	3.98	14.53	1.76
19710802	3.42	12.5	1.89
19710803	6.16	15.18	1.38
19710804	10.09	13.59	2.3
19710805	13.77	13.81	7.41
19710806	5.96	13.0	3.19
19710807	1.84	10.03	2.73
19710808	4.16	12.84	2.24
19710809	0.05	11.66	1.71
19710810	0.0	12.04	0.95
19710811	0.0	11.74	0.71
19710812	6.86	12.73	0.67
19710813	24.01	9.3	8.82
19710814	0.3	9.6	5.57
19710815	0.11	12.52	1.65
19710816	0.0	12.06	1.02
19710817	0.0	10.19	0.79
19710818	0.0	11.48	0.66
19710819	0.0	13.8	0.57
19710820	0.0	13.39	0.49
19710821	0.0	13.93	0.45
19710822	13.05	13.86	1.21
19710823	0.58	14.45	1.07
19710824	0.09	15.08	0.7
19710825	0.0	15.58	0.57
19710826	1.03	12.1	0.5
19710827	6.1	12.16	0.51
19710828	2.38	11.19	0.74
19710829	4.36	11.22	1.02
19710830	5.8	10.73	2.31
19710831	10.94	12.95	3.54
19710901	4.56	11.47	4.47
19710902	8.35	12.21	5.07
19710903	0.13	11.45	1.91
19710904	0.0	10.41	1.1
19710905	0.0	12.75	0.79
19710906	0.0	14.68	0.65
19710907	0.0	14.66	0.56
19710908	0.0	14.69	0.51
19710909	0.0	14.17	0.45
19710910	0.0	11.5	0.42
19710911	0.0	9.71	0.4
19710912	0.0	11.53	0.38
19710913	2.81	12.69	0.36
19710914	5.55	11.8	0.48
19710915	0.08	13.14	0.43
19710916	0.12	15.01	0.38
19710917	0.04	13.19	0.36
19710918	0.01	13.92	0.35
19710919	0.27	11.91	0.33
19710920	0.3	12.83	0.31
19710921	0.03	13.01	0.3
19710922	0.1	12.78	0.3
19710923	0.14	6.66	0.29
19710924	0.0	5.13	0.28
19710925	1.16	7.92	0.28
19710926	0.56	7.79	0.28
19710927	0.02	10.89	0.28
19710928	4.23	12.13	0.27
19710929	6.29	13.56	0.37
19710930	0.27	14.56	0.4
19711001	0.02	14.37	0.32
19711002	0.01	11.54	0.3
19711003	0.0	13.12	0.28
19711004	0.0	10.36	0.26
19711005	4.03	12.11	0.26
19711006	4.13	13.36	0.35
19711007	1.59	12.71	0.84
19711008	2.13	10.78	0.97
19711009	8.53	11.63	1.89
19711010	24.7	10.95	13.37
19711011	2.05	8.9	2.86
19711012	0.16	2.15	1.32
19711013	0.02	0.37	0.91
19711014	0.23	3.29	0.68
19711015	6.57	7.17	1.74
19711016	5.74	10.34	1.79
19711017	20.62	8.16	5.54
19711018	10.78	8.51	9.69
19711019	19.93	7.48	11.2
19711020	14.73	5.85	12.53
19711021	11.18	11.19	10.7
19711022	4.91	12.85	4.92
19711023	3.66	11.14	3.36
19711024	1.28	4.77	2.76
19711025	0.02	4.56	1.89
19711026	0.0	4.78	1.46
19711027	0.0	5.53	1.23
19711028	0.12	7.5	1.08
19711029	0.31	7.19	0.98
19711030	2.38	8.75	1.12
19711031	0.06	11.06	1.05
19711101	0.95	12.22	0.77
19711102	4.69	9.09	1.02
19711103	2.57	9.75	1.21
19711104	18.48	9.54	5.23
19711105	3.37	5.21	4.84
19711106	4.12	3.77	2.27
19711107	8.25	4.73	5.48
19711108	0.03	1.67	2.59
19711109	0.0	0.28	1.49
19711110	0.13	4.94	1.24
19711111	0.42	6.78	1.11
19711112	3.07	6.03	1.14
19711113	0.01	4.3	1.31
19711114	1.82	7.28	1.11
19711115	5.01	7.0	1.79
19711116	1.31	1.55	2.27
19711117	12.31	-0.65	3.48
19711118	0.07	-2.37	2.18
19711119	0.01	-2.35	1.23
19711120	8.81	0.85	1.42
19711121	0.0	-0.41	1.66
19711122	3.7	1.82	2.22
19711123	0.05	-0.49	3.79
19711124	2.04	3.03	2.08
19711125	1.26	9.05	2.44
19711126	3.9	7.55	2.1
19711127	2.25	2.49	3.04
19711128	0.18	0.2	1.66
19711129	1.4	1.8	1.29
19711130	0.25	2.65	1.16
19711201	0.02	2.09	1.03
19711202	0.02	1.05	0.93
19711203	2.64	5.52	1.03
19711204	0.76	8.66	1.36
19711205	0.0	6.29	1.03
19711206	0.02	4.76	0.89
19711207	1.16	5.9	0.76
19711208	1.91	7.38	0.8
19711209	0.22	8.48	0.81
19711210	0.03	8.29	0.73
19711211	0.92	7.54	0.66
19711212	6.37	6.85	0.91
19711213	2.85	6.23	2.07
19711214	2.95	7.33	1.8
19711215	0.28	8.32	1.3
19711216	0.01	8.56	1.0
19711217	0.16	7.86	0.86
19711218	7.66	8.25	1.01
19711219	10.45	5.96	4.72
19711220	16.32	8.31	14.18
19711221	4.18	4.33	4.99
19711222	0.93	2.22	2.75
19711223	3.35	5.61	2.7
19711224	0.64	8.62	2.26
19711225	0.49	7.52	1.55
19711226	1.79	4.98	1.29
19711227	0.08	0.47	1.27
19711228	0.32	0.7	1.05
19711229	0.23	0.55	0.99
19711230	0.1	1.12	0.87
19711231	0.0	2.5	0.82
19720101	1.33	2.34	0.79
19720102	1.23	2.45	0.85
19720103	0.21	1.91	0.84
19720104	0.11	1.51	0.77
19720105	0.01	1.04	0.7
19720106	0.0	0.18	0.65
19720107	0.15	0.71	0.6
19720108	1.43	2.79	0.61
19720109	0.23	4.43	0.64
19720110	9.98	5.41	1.46
19720111	12.64	5.62	4.3
19720112	11.77	4.76	7.47
19720113	4.95	4.98	3.48
19720114	0.87	3.26	2.71
19720115	1.77	4.14	1.69
19720116	7.24	3.36	2.78
19720117	2.29	0.98	3.01
19720118	20.11	1.23	7.17
19720119	4.41	0.17	4.73
19720120	3.98	0.29	2.21
19720121	3.0	3.93	5.34
19720122	3.5	6.33	7.46
19720123	9.93	4.17	5.09
19720124	2.28	0.36	3.93
19720125	3.9	2.26	3.52
19720126	3.66	2.28	3.74
19720127	0.13	2.38	2.06
19720128	0.11	0.25	1.51
19720129	0.05	-2.84	1.23
19720130	0.65	-6.89	0.98
19720131	0.09	-6.29	0.85
19720201	2.59	-1.25	0.96
19720202	6.44	2.25	1.58
19720203	1.16	2.75	2.86
19720204	0.29	1.6	1.63
19720205	1.8	2.78	1.35
19720206	1.05	2.94	1.38
19720207	0.5	2.83	1.15
19720208	0.45	3.53	1.07
19720209	1.94	2.79	0.99
19720210	15.11	1.72	5.32
19720211	2.89	0.09	2.4
19720212	6.91	1.71	3.02
19720213	2.52	3.07	4.19
19720214	1.21	2.57	2.06
19720215	8.74	1.95	2.28
19720216	12.32	3.54	7.34
19720217	0.53	2.27	5.01
19720218	0.01	1.43	2.21
19720219	0.0	1.27	1.65
19720220	0.03	1.41	1.38
19720221	0.06	1.77	1.21
19720222	0.0	1.7	1.09
19720223	0.0	2.59	1.0
19720224	0.0	2.97	0.92
19720225	0.91	3.11	0.87
19720226	0.13	3.4	0.84
19720227	0.09	4.9	0.79
19720228	2.55	3.37	0.76
19720229	1.12	3.42	0.77
19720301	1.17	3.32	0.73
19720302	3.41	3.61	0.72
19720303	8.18	1.79	1.56
19720304	15.31	0.81	1.62
19720305	0.13	1.73	2.17
19720306	0.95	2.73	2.57
19720307	0.74	3.09	4.19
19720308	0.09	3.44	2.12
19720309	0.33	2.35	1.33
19720310	0.22	1.61	1.06
19720311	0.0	-0.12	0.9
19720312	0.03	2.46	0.82
19720313	0.0	0.98	0.77
19720314	0.23	4.45	0.74
19720315	0.02	4.0	0.7
19720316	1.54	6.61	0.67
19720317	0.32	8.75	0.69
19720318	0.03	6.38	0.64
19720319	0.9	8.17	0.63
19720320	0.09	4.35	0.63
19720321	0.24	6.65	0.6
19720322	0.32	7.58	0.58
19720323	0.0	9.18	0.56
19720324	0.0	5.99	0.54
19720325	2.94	4.95	0.54
19720326	11.47	2.45	0.77
19720327	4.07	1.01	1.18
19720328	0.93	2.89	1.6
19720329	8.27	4.07	2.86
19720330	0.5	5.59	3.52
19720331	4.04	6.57	1.26
19720401	13.41	8.52	5.81
19720402	20.65	6.0	11.55
19720403	3.98	6.55	5.49
19720404	4.21	6.19	2.91
19720405	7.16	4.54	3.79
19720406	1.21	6.25	2.65
19720407	19.8	7.65	6.51
19720408	7.98	5.02	10.24
19720409	7.69	4.75	4.41
19720410	7.24	4.14	6.38
19720411	4.32	4.68	4.36
19720412	0.45	6.01	2.6
19720413	0.0	4.95	1.74
19720414	3.66	4.19	1.54
19720415	0.69	6.96	1.29
19720416	0.04	9.04	1.17
19720417	0.01	8.29	1.09
19720418	0.0	6.17	0.94
19720419	0.0	4.81	0.8
19720420	0.0	6.91	0.72
19720421	0.34	7.71	0.7
19720422	0.0	4.11	0.66
19720423	0.0	6.56	0.62
19720424	0.0	5.13	0.59
19720425	0.0	8.66	0.54
19720426	0.0	7.12	0.51
19720427	0.31	6.95	0.49
19720428	21.82	6.89	1.41
19720429	4.15	6.19	1.86
19720430	5.0	6.88	1.3
19720501	1.51	7.35	1.66
19720502	0.0	8.81	0.99
19720503	1.37	9.46	0.75
19720504	0.04	8.35	0.67
19720505	6.46	7.74	0.77
19720506	5.59	9.9	1.28
19720507	2.89	7.25	1.35
19720508	3.8	8.57	1.25
19720509	1.31	8.22	1.18
19720510	0.04	7.09	0.77
19720511	1.43	7.62	0.64
19720512	4.13	6.28	0.69
19720513	0.08	6.93	0.63
19720514	0.03	6.8	0.55
19720515	0.0	6.09	0.51
19720516	0.0	8.48	0.48
19720517	0.0	9.72	0.45
19720518	0.01	7.08	0.44
19720519	0.11	8.53	0.42
19720520	1.47	10.55	0.41
19720521	2.15	10.86	0.41
19720522	0.03	9.22	0.4
19720523	1.02	11.22	0.38
19720524	5.36	8.06	0.53
19720525	18.75	8.14	1.68
19720526	17.07	7.78	8.14
19720527	0.23	8.72	2.18
19720528	3.19	9.15	1.31
19720529	13.95	8.39	3.69
19720530	7.7	8.18	4.93
19720531	8.55	8.05	6.41
19720601	4.6	8.35	2.46
19720602	9.24	6.33	4.87
19720603	4.74	7.7	2.4
19720604	13.41	8.08	2.97
19720605	9.8	8.48	7.78
19720606	1.33	9.6	4.3
19720607	10.08	8.63	5.27
19720608	0.96	7.19	2.64
19720609	1.35	10.75	1.53
19720610	2.09	8.67	1.25
19720611	0.47	8.06	1.09
19720612	0.67	9.58	0.95
19720613	0.01	10.52	0.81
19720614	0.21	11.73	0.71
19720615	0.0	10.96	0.65
19720616	0.16	12.26	0.61
19720617	19.37	11.42	1.76
19720618	2.12	9.28	1.58
19720619	2.97	8.24	1.0
19720620	10.97	8.89	1.6
19720621	5.22	8.68	3.12
19720622	3.98	8.26	2.16
19720623	3.21	8.91	1.43
19720624	9.2	10.12	3.91
19720625	0.02	10.57	2.36
19720626	1.35	9.99	1.1
19720627	5.19	8.11	1.4
19720628	1.17	8.86	1.18
19720629	0.27	9.69	0.94
19720630	0.94	11.07	0.74
19720701	0.61	10.82	0.66
19720702	0.06	10.62	0.61
19720703	2.94	9.78	0.61
19720704	12.42	9.55	2.26
19720705	0.82	10.14	1.46
19720706	2.48	11.74	0.86
19720707	0.04	9.88	0.81
19720708	0.01	9.97	0.65
19720709	1.02	10.39	0.57
19720710	2.85	10.07	0.56
19720711	0.02	9.01	0.54
19720712	3.04	11.87	0.52
19720713	0.02	15.45	0.52
19720714	0.0	15.23	0.47
19720715	0.0	16.43	0.43
19720716	0.0	17.22	0.41
19720717	0.0	16.1	0.38
19720718	0.0	15.49	0.35
19720719	0.0	17.62	0.35
19720720	0.0	18.8	0.33
19720721	0.14	15.44	0.33
19720722	4.1	13.42	0.36
19720723	1.35	15.16	0.37
19720724	10.77	14.49	0.58
19720725	0.0	12.18	0.49
19720726	0.0	14.39	0.38
19720727	0.0	12.64	0.34
19720728	0.01	14.24	0.33
19720729	0.08	14.93	0.32
19720730	1.25	13.1	0.32
19720731	2.62	13.44	0.31
19720801	1.66	12.38	0.37
19720802	0.15	11.04	0.33
19720803	5.92	11.86	0.33
19720804	5.1	11.5	0.47
19720805	1.82	12.22	0.45
19720806	6.42	13.58	0.45
19720807	8.69	13.09	0.53
19720808	9.63	13.07	3.49
19720809	0.54	9.59	1.7
19720810	0.07	9.11	0.72
19720811	0.2	11.56	0.51
19720812	0.0	12.88	0.44
19720813	0.1	13.4	0.39
19720814	0.08	11.35	0.37
19720815	0.0	12.38	0.34
19720816	5.72	12.81	0.36
19720817	0.55	10.05	0.43
19720818	0.0	9.12	0.35
19720819	1.31	12.22	0.33
19720820	0.0	10.01	0.33
19720821	0.0	12.26	0.31
19720822	0.0	13.27	0.29
19720823	0.52	12.56	0.29
19720824	0.0	12.66	0.29
19720825	0.0	12.47	0.28
19720826	0.0	12.23	0.28
19720827	0.0	10.57	0.26
19720828	0.0	11.19	0.27
19720829	0.0	11.57	0.26
19720830	0.0	10.22	0.26
19720831	0.0	12.24	0.25
19720901	0.0	12.76	0.21
19720902	0.0	13.26	0.22
19720903	0.05	14.56	0.22
19720904	0.0	10.27	0.22
19720905	1.01	12.88	0.22
19720906	4.12	10.89	0.23
19720907	0.16	5.57	0.24
19720908	0.1	6.5	0.22
19720909	0.08	5.9	0.22
19720910	0.8	7.85	0.22
19720911	1.57	8.41	0.22
19720912	2.74	9.71	0.22
19720913	0.61	9.67	0.23
19720914	0.0	8.86	0.22
19720915	0.0	8.87	0.21
19720916	0.0	9.72	0.21
19720917	0.0	9.22	0.21
19720918	0.0	9.46	0.2
19720919	0.0	9.37	0.2
19720920	3.91	11.4	0.2
19720921	0.76	9.54	0.23
19720922	0.0	11.72	0.22
19720923	0.0	10.69	0.21
19720924	0.0	5.63	0.19
19720925	0.0	5.21	0.18
19720926	0.0	7.25	0.18
19720927	0.0	8.08	0.18
19720928	0.0	9.27	0.18
19720929	0.0	11.08	0.18
19720930	0.0	9.44	0.18
19721001	0.0	10.01	0.19
19721002	0.0	7.68	0.2
19721003	0.0	10.23	0.2
19721004	0.0	9.36	0.2
19721005	0.0	9.89	0.2
19721006	0.0	8.91	0.21
19721007	0.0	10.86	0.21
19721008	4.49	13.19	0.24
19721009	7.64	12.18	0.27
19721010	0.31	11.58	0.29
19721011	0.0	4.14	0.22
19721012	0.0	6.95	0.2
19721013	0.0	8.23	0.2
19721014	0.0	8.41	0.2
19721015	0.0	7.21	0.19
19721016	0.0	6.57	0.2
19721017	0.01	8.55	0.19
19721018	0.0	5.9	0.19
19721019	0.02	4.61	0.18
19721020	0.0	2.08	0.17
19721021	2.47	5.65	0.18
19721022	4.18	9.33	0.19
19721023	0.23	7.47	0.23
19721024	2.32	7.69	0.22
19721025	0.07	8.85	0.21
19721026	0.44	9.61	0.2
19721027	3.8	9.27	0.22
19721028	3.38	7.61	0.23
19721029	3.19	8.89	0.27
19721030	0.0	5.74	0.3
19721031	0.0	6.11	0.24
19721101	3.06	9.77	0.25
19721102	4.07	10.76	0.41
19721103	0.04	4.33	0.53
19721104	0.29	4.27	0.35
19721105	0.76	8.98	0.3
19721106	5.63	9.36	0.44
19721107	0.57	5.16	0.75
19721108	11.45	6.65	0.51
19721109	34.27	5.31	8.78
19721110	12.85	2.55	7.45
19721111	4.62	2.53	5.57
19721112	4.24	1.85	2.47
19721113	0.22	-0.72	1.77
19721114	2.89	-0.89	1.18
19721115	2.56	-0.41	1.1
19721116	0.01	-1.68	0.92
19721117	0.17	-2.51	0.66
19721118	0.88	-1.03	0.82
19721119	5.08	2.58	2.49
19721120	0.08	2.71	2.42
19721121	0.35	2.41	1.65
19721122	0.01	2.24	1.12
19721123	0.02	0.06	0.81
19721124	0.79	-0.7	0.56
19721125	2.44	3.18	0.92
19721126	0.3	4.51	0.8
19721127	8.03	4.73	1.78
19721128	9.44	4.33	1.86
19721129	18.08	5.58	11.82
19721130	7.67	5.11	4.39
19721201	0.16	3.84	3.48
19721202	0.09	0.84	1.65
19721203	7.36	3.69	1.31
19721204	15.68	3.65	4.99
19721205	8.7	3.64	7.52
19721206	8.88	1.31	3.65
19721207	0.74	0.19	3.78
19721208	0.18	-0.41	2.19
19721209	11.62	2.33	3.12
19721210	8.03	1.28	4.71
19721211	18.84	3.59	16.09
19721212	4.05	6.04	5.18
19721213	2.63	7.48	3.11
19721214	0.13	7.73	2.49
19721215	0.0	3.31	1.8
19721216	0.12	5.05	1.47
19721217	0.0	5.5	1.3
19721218	0.0	5.47	1.15
19721219	0.0	4.61	1.03
19721220	0.0	4.39	0.96
19721221	0.0	4.6	0.88
19721222	0.07	3.27	0.81
19721223	3.53	0.46	0.9
19721224	0.1	-0.89	0.83
19721225	0.77	2.06	0.81
19721226	0.99	4.29	0.87
19721227	1.42	5.88	0.86
19721228	7.66	5.68	1.6
19721229	0.62	5.92	1.76
19721230	3.6	7.23	1.24
19721231	6.59	8.05	1.28
19730101	4.81	8.26	3.6
19730102	7.22	3.47	5.15
19730103	0.34	1.72	2.39
19730104	0.06	3.05	1.58
19730105	0.01	3.44	1.3
19730106	0.01	2.17	1.13
19730107	0.03	0.87	0.99
19730108	0.0	3.1	0.91
19730109	0.03	3.34	0.82
19730110	0.46	2.86	0.78
19730111	0.0	0.92	0.73
19730112	0.0	-0.33	0.69
19730113	0.62	-0.37	0.65
19730114	2.77	2.27	0.71
19730115	11.58	2.7	1.61
19730116	0.27	-0.73	2.39
19730117	0.0	-3.21	1.1
19730118	0.06	-2.36	0.9
19730119	0.39	-0.05	0.8
19730120	13.11	-0.15	0.8
19730121	14.6	1.15	1.21
19730122	0.82	2.69	2.03
19730123	2.27	5.41	10.79
19730124	0.13	7.21	4.14
19730125	12.76	4.77	3.71
19730126	4.82	4.66	7.76
19730127	0.6	4.15	2.61
19730128	2.54	7.22	2.05
19730129	7.08	5.39	2.54
19730130	5.08	3.03	4.45
19730131	2.4	2.9	3.57
19730201	0.18	4.94	2.37
19730202	0.38	7.74	1.77
19730203	0.45	6.68	1.55
19730204	1.22	4.85	1.38
19730205	4.09	5.51	1.66
19730206	5.4	5.64	3.54
19730207	8.55	3.84	4.22
19730208	5.91	2.06	3.52
19730209	2.21	1.69	2.93
19730210	0.13	2.47	2.15
19730211	14.05	3.46	3.75
19730212	17.01	-1.07	5.62
19730213	7.63	-3.63	3.0
19730214	0.06	-6.78	2.03
19730215	0.35	-4.6	1.87
19730216	0.0	-3.09	1.44
19730217	0.05	0.26	1.47
19730218	0.83	4.28	7.41
19730219	0.78	6.9	10.47
19730220	1.18	6.85	4.14
19730221	2.09	3.67	2.67
19730222	6.07	0.7	2.53
19730223	1.6	-1.29	1.98
19730224	0.1	-1.94	1.65
19730225	0.0	-1.65	1.39
19730226	0.0	-2.01	1.22
19730227	3.94	0.67	1.92
19730228	3.52	3.96	3.59
19730301	7.96	3.68	7.22
19730302	3.74	5.07	3.48
19730303	1.78	5.14	2.75
19730304	3.71	3.53	2.44
19730305	2.82	2.7	2.12
19730306	0.11	2.72	1.87
19730307	0.05	4.96	1.49
19730308	0.0	3.19	1.23
19730309	0.0	3.2	1.04
19730310	0.0	3.29	0.92
19730311	0.0	5.25	0.83
19730312	0.0	2.51	0.77
19730313	0.0	2.28	0.72
19730314	0.0	0.98	0.68
19730315	0.0	2.43	0.64
19730316	0.0	4.9	0.62
19730317	0.01	7.76	0.6
19730318	0.07	6.5	0.57
19730319	0.0	5.33	0.54
19730320	0.0	3.71	0.51
19730321	0.0	7.06	0.49
19730322	0.63	7.15	0.49
19730323	0.09	8.68	0.47
19730324	1.34	6.9	0.46
19730325	0.26	4.55	0.46
19730326	0.0	2.99	0.44
19730327	5.91	5.67	0.48
19730328	0.36	5.67	0.52
19730329	9.2	5.98	0.5
19730330	2.08	3.86	0.86
19730331	9.61	3.26	2.05
19730401	6.85	2.35	2.46
19730402	1.04	0.56	2.31
19730403	14.57	4.57	4.95
19730404	7.92	5.59	7.5
19730405	13.46	2.66	7.84
19730406	2.81	2.68	6.0
19730407	0.26	2.23	2.5
19730408	0.95	-0.48	1.68
19730409	0.02	1.41	1.3
19730410	0.04	4.48	1.11
19730411	0.01	3.41	0.93
19730412	0.0	4.14	0.83
19730413	0.01	7.0	0.76
19730414	0.0	8.33	0.69
19730415	0.0	9.47	0.63
19730416	0.0	7.15	0.58
19730417	0.0	7.89	0.56
19730418	0.01	6.95	0.54
19730419	0.01	6.42	0.52
19730420	2.18	4.89	0.53
19730421	3.29	4.04	0.52
19730422	0.62	5.86	0.57
19730423	2.16	5.81	0.5
19730424	0.11	4.77	0.53
19730425	0.0	7.15	0.49
19730426	0.14	6.38	0.44
19730427	0.26	5.54	0.42
19730428	0.36	0.11	0.42
19730429	4.25	2.82	0.4
19730430	14.53	2.73	1.64
19730501	0.05	3.96	1.29
19730502	0.39	7.61	0.67
19730503	1.81	7.21	0.55
19730504	16.6	6.6	2.58
19730505	3.84	6.97	2.93
19730506	3.06	6.62	2.37
19730507	8.64	6.59	3.49
19730508	2.96	7.67	1.85
19730509	13.35	5.34	4.45
19730510	3.81	4.06	5.02
19730511	1.69	6.81	1.99
19730512	15.1	6.79	7.96
19730513	0.04	4.47	3.7
19730514	0.21	4.55	1.63
19730515	0.0	7.5	1.17
19730516	0.0	8.56	0.92
19730517	0.0	9.09	0.75
19730518	0.0	9.98	0.66
19730519	0.0	9.13	0.6
19730520	4.28	6.61	0.62
19730521	9.79	7.88	0.7
19730522	2.08	9.42	2.19
19730523	0.02	9.66	1.12
19730524	0.19	11.25	0.78
19730525	0.68	13.48	0.64
19730526	0.08	14.28	0.58
19730527	0.38	15.21	0.52
19730528	0.89	11.3	0.5
19730529	4.69	13.09	0.59
19730530	0.81	10.37	0.61
19730531	0.19	6.4	0.5
19730601	1.76	8.82	0.46
19730602	2.14	8.69	0.47
19730603	0.44	8.33	0.43
19730604	0.22	7.77	0.39
19730605	0.01	12.68	0.37
19730606	0.0	14.72	0.36
19730607	0.0	16.57	0.36
19730608	0.8	14.3	0.36
19730609	0.41	11.25	0.35
19730610	0.06	9.82	0.33
19730611	0.7	11.28	0.33
19730612	6.91	9.08	0.41
19730613	1.95	6.12	0.39
19730614	1.92	11.7	0.33
19730615	0.0	14.15	0.32
19730616	3.3	14.71	0.3
19730617	0.18	11.38	0.33
19730618	20.36	14.22	0.4
19730619	1.89	12.06	2.16
19730620	0.0	11.12	0.65
19730621	0.0	14.38	0.43
19730622	0.0	16.02	0.37
19730623	0.0	12.24	0.36
19730624	0.01	11.63	0.36
19730625	0.09	13.08	0.31
19730626	0.01	12.42	0.28
19730627	0.0	11.38	0.26
19730628	2.52	15.36	0.26
19730629	0.51	14.88	0.28
19730630	0.6	14.51	0.26
19730701	1.84	12.56	0.27
19730702	0.23	12.69	0.27
19730703	7.92	13.73	0.28
19730704	3.87	13.11	0.34
19730705	0.12	16.63	0.29
19730706	4.53	11.48	0.27
19730707	0.65	8.95	0.27
19730708	0.02	11.69	0.25
19730709	0.15	14.85	0.24
19730710	4.56	13.5	0.25
19730711	0.3	14.27	0.27
19730712	4.54	14.56	0.25
19730713	22.87	13.84	1.32
19730714	2.94	13.93	2.0
19730715	0.16	14.84	0.67
19730716	0.02	13.07	0.44
19730717	1.61	13.32	0.34
19730718	3.83	11.89	0.37
19730719	3.27	12.72	0.43
19730720	6.87	12.05	0.44
19730721	1.85	10.71	0.71
19730722	0.27	8.83	0.52
19730723	0.0	9.49	0.35
19730724	0.53	12.13	0.3
19730725	0.0	12.82	0.27
19730726	0.0	11.72	0.25
19730727	0.0	13.47	0.24
19730728	0.17	17.76	0.22
19730729	0.01	15.8	0.22
19730730	0.0	14.53	0.21
19730731	0.01	15.42	0.21
19730801	0.07	17.1	0.21
19730802	2.95	13.45	0.25
19730803	4.26	10.59	0.26
19730804	5.71	10.87	0.26
19730805	6.66	11.35	0.29
19730806	6.98	9.13	0.54
19730807	2.53	10.52	0.43
19730808	5.48	11.78	0.37
19730809	2.1	13.22	0.85
19730810	0.31	9.95	0.45
19730811	0.0	11.81	0.32
19730812	0.0	15.2	0.26
19730813	0.0	17.43	0.24
19730814	0.0	17.42	0.23
19730815	0.0	18.02	0.22
19730816	0.07	16.07	0.21
19730817	0.11	11.99	0.21
19730818	3.95	11.28	0.21
19730819	7.22	10.16	0.35
19730820	0.02	8.18	0.28
19730821	0.0	11.8	0.24
19730822	0.04	11.6	0.23
19730823	0.0	14.78	0.23
19730824	0.0	15.58	0.22
19730825	0.01	14.44	0.22
19730826	2.08	15.62	0.22
19730827	6.2	12.51	0.29
19730828	0.08	13.29	0.24
19730829	2.6	11.61	0.24
19730830	3.95	11.84	0.25
19730831	7.0	12.55	0.43
19730901	0.91	11.68	0.91
19730902	0.32	10.87	0.45
19730903	0.84	14.2	0.36
19730904	0.65	15.26	0.39
19730905	0.09	14.28	0.33
19730906	0.57	16.49	0.32
19730907	0.0	15.76	0.31
19730908	0.04	15.11	0.28
19730909	0.69	10.22	0.27
19730910	0.02	7.93	0.25
19730911	0.01	10.31	0.24
19730912	0.0	11.71	0.23
19730913	0.0	10.63	0.24
19730914	0.0	10.21	0.23
19730915	0.61	14.24	0.23
19730916	0.36	15.06	0.23
19730917	0.72	12.14	0.24
19730918	0.27	11.46	0.23
19730919	0.0	9.63	0.22
19730920	0.03	8.12	0.21
19730921	0.44	7.5	0.21
19730922	0.33	8.63	0.21
19730923	0.01	7.56	0.21
19730924	3.95	9.68	0.22
19730925	1.87	9.98	0.23
19730926	0.19	7.94	0.23
19730927	12.8	7.52	0.43
19730928	7.44	6.88	1.0
19730929	0.41	6.94	0.66
19730930	0.1	5.68	0.37
19731001	0.09	10.97	0.3
19731002	0.03	12.96	0.28
19731003	0.0	13.63	0.25
19731004	0.21	10.96	0.23
19731005	0.06	11.01	0.23
19731006	0.34	11.08	0.22
19731007	1.25	9.82	0.22
19731008	8.53	8.62	0.31
19731009	8.25	7.03	0.77
19731010	1.36	1.83	2.05
19731011	0.02	1.78	0.63
19731012	0.0	3.14	0.42
19731013	0.02	3.04	0.35
19731014	0.03	4.37	0.32
19731015	0.0	2.7	0.29
19731016	0.0	1.63	0.26
19731017	0.02	0.5	0.24
19731018	15.04	3.77	1.66
19731019	3.08	4.15	2.65
19731020	12.71	6.1	4.89
19731021	3.64	5.79	1.51
19731022	1.26	7.44	1.7
19731023	0.77	7.96	0.96
19731024	0.66	10.21	0.85
19731025	2.58	10.21	1.01
19731026	0.17	7.19	0.89
19731027	0.02	7.52	0.64
19731028	0.01	4.43	0.51
19731029	0.0	7.74	0.44
19731030	0.0	6.55	0.41
19731031	0.28	7.05	0.38
19731101	0.27	5.94	0.33
19731102	1.38	8.75	0.33
19731103	0.63	10.29	0.34
19731104	8.02	5.86	0.65
19731105	0.05	1.73	0.67
19731106	0.4	3.4	0.43
19731107	2.92	8.69	0.42
19731108	14.72	9.33	3.86
19731109	2.01	3.22	3.47
19731110	4.02	3.14	1.47
19731111	18.17	5.75	4.05
19731112	14.21	6.04	13.05
19731113	3.89	2.95	5.61
19731114	2.43	3.48	2.82
19731115	1.49	1.63	1.8
19731116	0.36	-0.18	1.25
19731117	5.45	3.75	1.18
19731118	5.03	5.52	3.39
19731119	0.01	1.3	1.65
19731120	0.26	2.26	1.07
19731121	0.89	6.94	1.02
19731122	0.65	5.33	0.96
19731123	14.43	5.84	2.48
19731124	0.17	2.28	4.03
19731125	0.26	-2.25	1.22
19731126	0.0	-2.88	0.75
19731127	0.14	-3.21	0.67
19731128	4.52	-3.9	0.64
19731129	0.0	-4.94	0.49
19731130	0.0	-5.42	0.45
19731201	0.0	-5.3	0.43
19731202	0.91	2.88	1.08
19731203	2.75	7.74	2.83
19731204	1.4	7.54	2.07
19731205	4.05	4.99	2.08
19731206	0.03	-0.06	1.65
19731207	12.53	-1.03	1.06
19731208	0.04	-2.23	0.8
19731209	0.94	3.95	3.41
19731210	12.85	4.56	11.4
19731211	5.71	2.59	3.56
19731212	15.87	4.85	10.71
19731213	1.58	2.57	3.18
19731214	0.02	-1.75	1.71
19731215	14.72	3.09	5.97
19731216	2.21	0.55	3.34
19731217	0.03	-1.41	1.75
19731218	1.23	0.43	1.42
19731219	12.41	1.31	3.49
19731220	5.2	2.69	5.42
19731221	2.28	3.76	3.07
19731222	7.68	2.27	4.22
19731223	0.32	1.35	2.73
19731224	0.36	1.79	1.76
19731225	2.77	5.72	1.77
19731226	1.45	8.26	2.26
19731227	4.25	4.99	2.43
19731228	1.86	5.44	2.2
19731229	8.87	4.75	3.91
19731230	0.23	1.32	2.65
19731231	0.38	1.75	1.64
19740101	2.99	2.71	1.68
19740102	0.03	-0.17	1.37
19740103	0.82	1.89	1.09
19740104	20.37	6.69	6.26
19740105	10.11	6.07	8.21
19740106	5.46	4.25	5.47
19740107	5.44	3.16	4.35
19740108	12.38	1.99	5.6
19740109	1.12	1.34	2.92
19740110	9.5	4.02	6.71
19740111	12.93	5.54	5.5
19740112	2.73	3.8	4.87
19740113	6.47	3.43	4.72
19740114	5.11	5.14	3.68
19740115	3.32	2.1	3.53
19740116	5.93	1.17	2.14
19740117	30.56	5.56	21.9
19740118	4.59	7.88	11.97
19740119	0.05	5.87	3.71
19740120	0.01	5.75	2.3
19740121	0.06	4.36	1.68
19740122	4.96	5.14	1.58
19740123	4.58	4.5	2.55
19740124	2.12	4.85	2.9
19740125	6.95	6.05	3.48
19740126	8.28	3.46	5.31
19740127	5.89	3.49	4.25
19740128	0.38	1.8	2.88
19740129	20.73	3.13	6.99
19740130	8.05	3.91	12.0
19740131	1.13	3.44	4.19
19740201	5.36	4.47	3.07
19740202	6.64	4.15	5.04
19740203	0.41	2.82	3.39
19740204	7.37	0.92	3.6
19740205	4.38	1.27	2.8
19740206	0.38	0.43	2.19
19740207	1.87	0.24	1.59
19740208	9.56	3.68	7.5
19740209	4.28	5.63	3.65
19740210	2.42	5.44	3.38
19740211	15.2	2.61	6.66
19740212	2.88	0.71	4.0
19740213	0.72	0.34	2.55
19740214	5.17	2.16	2.98
19740215	8.08	5.65	4.86
19740216	0.8	3.97	3.81
19740217	0.02	4.5	2.17
19740218	0.11	3.02	1.67
19740219	0.01	3.14	1.37
19740220	1.64	5.44	1.38
19740221	2.25	4.94	1.34
19740222	2.34	2.83	1.7
19740223	0.53	5.49	1.37
19740224	0.65	5.42	1.19
19740225	0.24	6.64	1.08
19740226	0.92	6.28	1.01
19740227	0.02	2.16	0.94
19740228	2.37	-0.0	0.9
19740301	1.82	-0.37	1.15
19740302	0.04	-0.14	0.95
19740303	1.67	1.98	0.81
19740304	0.63	1.9	0.83
19740305	0.06	0.35	0.8
19740306	9.86	3.78	1.26
19740307	0.07	5.59	2.59
19740308	0.0	2.9	1.12
19740309	0.36	1.25	0.84
19740310	0.08	1.81	0.77
19740311	0.04	2.02	0.7
19740312	0.96	2.42	0.69
19740313	2.1	1.87	0.77
19740314	1.92	3.12	0.82
19740315	6.03	5.92	1.08
19740316	5.91	4.87	3.03
19740317	12.54	2.86	6.13
19740318	1.3	2.71	2.42
19740319	2.56	2.33	2.37
19740320	0.02	1.39	1.68
19740321	3.3	3.86	1.4
19740322	0.03	6.56	1.46
19740323	0.0	4.75	1.04
19740324	0.31	4.12	0.88
19740325	0.8	4.08	0.85
19740326	0.02	5.02	0.8
19740327	0.25	5.12	0.75
19740328	0.0	3.51	0.7
19740329	0.0	5.01	0.64
19740330	0.0	7.85	0.6
19740331	0.0	6.58	0.57
19740401	0.0	6.33	0.54
19740402	0.0	5.57	0.52
19740403	0.0	8.18	0.49
19740404	0.0	7.88	0.47
19740405	0.0	6.44	0.45
19740406	0.0	5.61	0.43
19740407	0.0	7.09	0.42
19740408	0.0	8.94	0.41
19740409	0.0	8.44	0.4
19740410	0.17	9.69	0.4
19740411	10.7	3.26	0.49
19740412	0.05	2.36	0.58
19740413	0.0	2.25	0.45
19740414	0.0	6.26	0.41
19740415	0.0	9.17	0.39
19740416	0.0	8.9	0.38
19740417	0.0	4.88	0.36
19740418	0.0	5.63	0.35
19740419	0.0	7.12	0.34
19740420	0.0	5.1	0.35
19740421	0.0	6.26	0.35
19740422	0.0	6.68	0.35
19740423	0.0	7.36	0.32
19740424	0.0	5.91	0.32
19740425	0.0	4.59	0.32
19740426	0.0	5.17	0.31
19740427	2.38	4.71	0.32
19740428	3.0	5.27	0.36
19740429	0.02	4.08	0.36
19740430	0.0	5.35	0.34
19740501	5.78	7.83	0.36
19740502	4.51	6.81	0.49
19740503	0.66	6.35	0.37
19740504	0.67	4.59	0.34
19740505	0.14	5.33	0.32
19740506	0.0	6.2	0.31
19740507	0.0	7.55	0.31
19740508	0.04	8.73	0.31
19740509	4.22	8.22	0.32
19740510	3.7	9.07	0.37
19740511	3.17	8.87	0.39
19740512	4.86	10.29	0.36
19740513	0.42	9.34	0.41
19740514	0.0	9.27	0.34
19740515	0.0	12.39	0.32
19740516	0.01	12.33	0.3
19740517	1.36	10.95	0.31
19740518	1.26	9.48	0.32
19740519	1.15	11.5	0.3
19740520	0.08	9.63	0.28
19740521	6.34	9.93	0.28
19740522	5.58	8.68	0.39
19740523	1.8	7.99	0.37
19740524	0.04	8.15	0.31
19740525	0.0	11.6	0.29
19740526	0.0	12.94	0.27
19740527	8.98	10.18	0.27
19740528	0.6	6.21	0.4
19740529	0.21	5.89	0.29
19740530	0.0	9.72	0.26
19740531	0.83	11.69	0.25
19740601	3.57	11.02	0.28
19740602	1.72	9.29	0.28
19740603	0.64	8.5	0.26
19740604	1.58	9.94	0.25
19740605	3.44	7.62	0.27
19740606	7.32	7.94	0.3
19740607	7.75	8.72	1.03
19740608	0.52	8.88	0.77
19740609	4.08	6.46	0.39
19740610	3.77	7.98	0.56
19740611	0.28	11.85	0.49
19740612	0.0	13.13	0.35
19740613	0.0	11.88	0.29
19740614	0.0	13.86	0.25
19740615	0.0	12.44	0.23
19740616	3.75	13.41	0.23
19740617	4.42	11.55	0.33
19740618	0.41	10.85	0.25
19740619	0.23	13.37	0.23
19740620	0.0	13.02	0.21
19740621	0.0	15.25	0.19
19740622	0.0	12.19	0.19
19740623	0.0	11.48	0.18
19740624	0.0	11.83	0.18
19740625	0.0	12.83	0.18
19740626	0.0	8.23	0.17
19740627	0.0	8.35	0.18
19740628	0.0	9.22	0.18
19740629	0.34	12.98	0.18
19740630	13.04	13.47	0.21
19740701	0.15	10.51	0.31
19740702	3.28	10.42	0.22
19740703	2.92	10.98	0.21
19740704	11.21	12.78	0.24
19740705	6.58	10.77	0.41
19740706	0.28	11.97	0.33
19740707	0.16	14.23	0.25
19740708	4.33	13.19	0.23
19740709	1.81	12.51	0.27
19740710	3.96	11.92	0.25
19740711	3.9	11.48	0.28
19740712	1.17	12.04	0.26
19740713	2.3	12.43	0.24
19740714	5.52	11.85	0.25
19740715	11.21	12.14	0.58
19740716	3.54	9.26	1.11
19740717	0.12	11.69	0.46
19740718	0.8	13.29	0.27
19740719	1.08	13.49	0.24
19740720	0.04	12.54	0.23
19740721	1.39	14.63	0.2
19740722	11.48	10.42	1.46
19740723	3.33	8.73	0.66
19740724	0.44	10.03	0.42
19740725	1.86	11.94	0.29
19740726	2.18	12.67	0.29
19740727	4.07	12.34	0.31
19740728	1.59	11.55	0.51
19740729	0.01	10.29	0.32
19740730	0.0	10.41	0.24
19740731	0.0	10.94	0.22
19740801	3.69	11.46	0.2
19740802	1.21	11.02	0.22
19740803	0.01	11.34	0.19
19740804	0.0	11.75	0.18
19740805	0.84	14.81	0.19
19740806	0.02	12.87	0.18
19740807	2.1	14.47	0.19
19740808	6.48	12.24	0.25
19740809	7.51	13.4	0.24
19740810	10.41	11.11	1.45
19740811	9.58	11.63	0.64
19740812	0.76	10.68	1.61
19740813	0.01	12.3	0.5
19740814	10.24	13.89	0.81
19740815	0.21	14.42	0.74
19740816	1.2	11.83	0.41
19740817	0.29	10.12	0.31
19740818	0.01	9.4	0.26
19740819	0.11	12.98	0.23
19740820	1.19	13.23	0.22
19740821	0.95	11.35	0.22
19740822	4.44	13.1	0.23
19740823	8.42	14.3	0.38
19740824	7.04	13.96	0.5
19740825	6.01	11.43	1.61
19740826	0.07	10.33	0.7
19740827	0.13	11.28	0.37
19740828	0.09	11.53	0.29
19740829	0.0	13.78	0.25
19740830	0.28	13.19	0.23
19740831	2.28	11.9	0.24
19740901	5.32	10.31	0.3
19740902	4.87	11.53	0.36
19740903	6.18	10.37	1.23
19740904	13.22	8.92	3.24
19740905	9.41	9.86	1.93
19740906	5.18	10.01	1.98
19740907	8.19	10.39	2.3
19740908	2.25	10.29	3.11
19740909	2.48	9.1	1.31
19740910	0.03	11.56	0.79
19740911	0.81	11.88	0.55
19740912	17.6	13.57	2.65
19740913	2.67	10.91	2.94
19740914	7.49	11.31	1.49
19740915	0.96	11.6	1.99
19740916	13.16	10.4	4.0
19740917	0.84	8.59	2.94
19740918	0.08	9.89	1.15
19740919	1.71	8.99	0.92
19740920	6.45	8.25	1.3
19740921	7.15	8.66	2.41
19740922	4.31	7.81	2.14
19740923	2.73	5.29	2.53
19740924	2.85	7.06	1.38
19740925	3.5	4.25	1.77
19740926	1.21	4.79	1.39
19740927	0.39	3.39	1.04
19740928	0.01	4.14	0.73
19740929	0.01	4.93	0.58
19740930	0.01	4.74	0.51
19741001	4.52	5.79	0.54
19741002	4.6	5.48	0.75
19741003	0.01	6.15	0.99
19741004	0.0	6.09	0.64
19741005	0.37	6.88	0.51
19741006	3.23	5.71	0.6
19741007	1.17	7.21	0.62
19741008	0.51	6.58	0.55
19741009	1.05	5.06	0.49
19741010	0.05	4.58	0.45
19741011	0.0	3.52	0.4
19741012	0.0	4.17	0.37
19741013	3.07	6.75	0.4
19741014	0.26	8.6	0.44
19741015	0.01	8.0	0.42
19741016	0.34	6.35	0.39
19741017	8.72	7.22	0.4
19741018	5.14	5.53	2.32
19741019	4.27	4.61	1.8
19741020	0.05	4.29	1.09
19741021	0.0	4.29	0.7
19741022	0.0	4.71	0.56
19741023	0.04	4.34	0.49
19741024	0.54	6.91	0.46
19741025	0.06	7.57	0.44
19741026	4.4	6.74	0.43
19741027	0.99	3.66	0.67
19741028	0.0	2.62	0.52
19741029	0.89	1.81	0.42
19741030	9.13	2.98	1.17
19741031	1.26	3.74	1.7
19741101	0.07	5.37	1.09
19741102	4.35	3.9	1.53
19741103	5.26	3.26	1.89
19741104	0.09	5.06	1.51
19741105	3.56	4.43	1.62
19741106	0.02	3.34	1.69
19741107	9.58	5.57	1.6
19741108	15.02	8.23	5.19
19741109	13.75	6.72	13.76
19741110	24.42	5.27	15.43
19741111	7.36	3.2	9.18
19741112	15.62	3.61	9.93
19741113	19.02	5.15	10.58
19741114	12.76	5.77	13.72
19741115	0.12	3.68	3.87
19741116	4.67	4.14	2.46
19741117	1.77	2.01	4.11
19741118	2.55	0.1	2.14
19741119	0.02	-1.97	1.64
19741120	0.05	-0.2	1.32
19741121	3.81	3.38	1.74
19741122	1.3	4.75	2.25
19741123	6.55	4.08	3.15
19741124	15.55	3.85	8.92
19741125	2.01	2.77	4.16
19741126	10.47	3.12	2.39
19741127	4.86	2.87	7.97
19741128	0.06	3.32	3.35
19741129	2.85	4.07	2.13
19741130	3.73	6.49	2.58
19741201	2.38	9.25	3.21
19741202	0.9	5.86	2.37
19741203	6.83	5.87	2.11
19741204	10.21	2.66	6.18
19741205	3.81	5.62	4.19
19741206	9.51	8.05	6.13
19741207	13.54	9.33	10.96
19741208	7.46	5.26	7.47
19741209	17.15	1.15	8.52
19741210	6.3	-0.74	6.18
19741211	2.4	-0.25	2.86
19741212	0.21	0.93	5.64
19741213	7.79	3.96	6.28
19741214	5.82	2.95	4.65
19741215	12.95	4.17	6.13
19741216	18.88	1.7	9.63
19741217	4.28	2.23	11.34
19741218	0.69	3.39	3.87
19741219	11.4	7.32	7.59
19741220	5.25	8.57	8.4
19741221	7.0	8.11	4.66
19741222	1.27	8.2	3.82
19741223	4.75	6.65	3.26
19741224	1.04	3.01	2.86
19741225	26.49	6.36	9.55
19741226	13.18	5.24	13.36
19741227	8.55	6.84	7.87
19741228	12.4	5.63	9.06
19741229	0.27	2.52	5.79
19741230	1.64	6.08	3.4
19741231	4.29	7.38	3.71
19750101	0.28	6.85	3.44
19750102	2.59	5.55	2.44
19750103	0.93	4.79	2.63
19750104	16.54	7.25	8.03
19750105	7.26	6.88	5.35
19750106	3.78	3.05	7.19
19750107	0.73	0.92	3.11
19750108	0.81	3.61	2.35
19750109	10.34	4.82	3.97
19750110	8.25	5.9	4.76
19750111	7.52	7.59	3.84
19750112	6.63	4.5	7.29
19750113	16.16	6.63	5.43
19750114	12.54	4.53	14.0
19750115	14.35	3.77	12.38
19750116	2.86	2.36	4.04
19750117	1.27	-0.11	3.2
19750118	0.04	-1.13	2.25
19750119	18.15	2.65	8.84
19750120	0.81	2.66	3.63
19750121	26.96	4.67	7.64
19750122	15.83	3.17	14.1
19750123	9.21	1.66	6.77
19750124	9.2	3.31	8.11
19750125	5.23	1.45	9.71
19750126	11.65	3.58	7.08
19750127	5.97	0.54	6.75
19750128	5.69	0.69	5.53
19750129	16.18	3.48	9.03
19750130	3.46	5.66	6.16
19750131	4.79	5.49	4.61
19750201	0.07	6.6	3.04
19750202	0.02	4.89	2.06
19750203	0.01	2.04	1.6
19750204	0.01	-0.34	1.44
19750205	0.0	-1.56	1.26
19750206	0.01	0.73	1.12
19750207	0.01	1.13	1.03
19750208	0.0	0.62	0.97
19750209	0.01	-0.82	0.94
19750210	3.04	0.82	0.96
19750211	0.28	1.7	1.1
19750212	1.84	3.17	1.12
19750213	8.4	2.1	3.05
19750214	0.06	1.64	2.23
19750215	0.86	2.11	1.5
19750216	10.48	5.2	2.36
19750217	2.67	4.35	4.13
19750218	0.05	1.54	2.02
19750219	4.57	2.41	1.85
19750220	5.57	2.72	3.2
19750221	0.05	3.11	2.23
19750222	2.87	4.58	1.6
19750223	1.02	6.84	1.75
19750224	0.23	6.53	1.46
19750225	0.0	4.24	1.24
19750226	0.0	2.13	1.08
19750227	0.01	3.0	0.99
19750228	0.0	2.39	0.92
19750301	1.78	4.34	0.93
19750302	0.88	4.9	1.0
19750303	1.35	4.45	1.03
19750304	0.11	2.8	0.89
19750305	3.98	3.73	0.79
19750306	13.19	5.28	3.04
19750307	3.04	3.95	3.27
19750308	0.04	2.09	1.75
19750309	0.05	2.3	1.19
19750310	0.68	3.71	0.97
19750311	0.07	3.44	0.87
19750312	0.0	2.21	0.78
19750313	0.0	0.73	0.73
19750314	0.09	1.51	0.69
19750315	0.06	1.51	0.64
19750316	0.01	1.06	0.6
19750317	0.18	1.93	0.57
19750318	0.1	0.1	0.57
19750319	0.4	2.14	0.56
19750320	0.03	3.55	0.54
19750321	7.11	2.8	0.65
19750322	0.12	3.78	0.74
19750323	0.77	4.18	0.6
19750324	0.06	2.64	0.53
19750325	1.28	1.12	0.53
19750326	0.26	0.79	0.5
19750327	0.08	-1.26	0.48
19750328	0.2	1.68	0.47
19750329	0.4	0.39	0.45
19750330	0.0	3.02	0.44
19750331	0.0	2.32	0.43
19750401	1.17	3.8	0.43
19750402	0.68	2.66	0.44
19750403	2.0	1.78	0.44
19750404	1.05	1.44	0.45
19750405	0.07	1.47	0.44
19750406	3.0	4.11	0.44
19750407	0.01	2.47	0.47
19750408	0.02	-0.72	0.39
19750409	0.31	0.94	0.38
19750410	2.36	2.77	0.4
19750411	2.56	6.36	0.43
19750412	0.55	7.04	0.45
19750413	2.23	8.15	0.42
19750414	3.03	7.1	0.54
19750415	0.17	7.65	0.53
19750416	6.63	8.63	0.46
19750417	0.34	9.5	1.22
19750418	0.5	8.38	0.57
19750419	4.34	5.41	0.65
19750420	4.4	7.78	0.98
19750421	4.81	9.24	1.96
19750422	0.06	8.93	1.18
19750423	0.03	12.33	0.74
19750424	0.0	13.78	0.56
19750425	0.0	13.51	0.48
19750426	0.65	9.91	0.42
19750427	0.02	5.8	0.38
19750428	6.8	5.58	0.41
19750429	4.2	3.84	0.53
19750430	14.74	5.58	1.0
19750501	3.9	5.37	1.46
19750502	0.15	4.95	1.0
19750503	0.01	6.46	0.56
19750504	0.0	8.43	0.45
19750505	0.0	7.87	0.39
19750506	0.0	8.51	0.37
19750507	0.01	7.28	0.36
19750508	5.96	7.27	0.43
19750509	3.47	7.95	0.65
19750510	8.42	4.94	1.91
19750511	0.81	6.36	1.06
19750512	4.56	6.47	0.82
19750513	2.29	8.4	0.88
19750514	0.03	1.95	0.73
19750515	0.05	6.2	0.52
19750516	0.0	6.26	0.43
19750517	0.01	7.62	0.37
19750518	0.0	9.95	0.35
19750519	0.0	12.07	0.32
19750520	0.0	8.33	0.32
19750521	0.0	6.98	0.3
19750522	0.0	4.84	0.28
19750523	0.0	8.01	0.27
19750524	0.01	6.67	0.26
19750525	0.0	7.8	0.26
19750526	0.0	8.13	0.25
19750527	0.0	9.87	0.26
19750528	0.0	9.31	0.25
19750529	0.0	6.32	0.25
19750530	0.0	4.26	0.24
19750531	0.02	5.21	0.23
19750601	8.09	5.16	0.26
19750602	2.63	3.92	0.37
19750603	4.58	6.05	0.36
19750604	10.08	9.33	0.35
19750605	2.85	13.49	1.04
19750606	0.03	18.12	0.5
19750607	0.03	15.64	0.31
19750608	0.0	16.47	0.26
19750609	0.0	14.0	0.23
19750610	0.0	15.72	0.22
19750611	0.0	17.67	0.21
19750612	0.03	11.86	0.2
19750613	0.64	10.88	0.21
19750614	1.3	9.35	0.22
19750615	4.07	9.62	0.22
19750616	11.71	8.7	0.6
19750617	3.22	8.95	0.36
19750618	3.13	11.71	0.33
19750619	1.75	13.16	0.35
19750620	0.0	10.89	0.31
19750621	0.02	13.01	0.24
19750622	0.0	15.42	0.22
19750623	0.0	15.12	0.21
19750624	0.0	12.79	0.2
19750625	0.0	14.81	0.19
19750626	0.0	12.17	0.18
19750627	0.0	8.18	0.18
19750628	0.0	12.3	0.18
19750629	0.0	12.92	0.18
19750630	0.0	14.79	0.18
19750701	0.0	12.52	0.18
19750702	0.0	15.55	0.18
19750703	2.14	14.92	0.19
19750704	0.01	10.86	0.2
19750705	0.0	14.73	0.19
19750706	0.0	16.8	0.18
19750707	0.0	15.92	0.17
19750708	0.62	13.74	0.17
19750709	1.06	12.66	0.18
19750710	5.03	14.65	0.22
19750711	2.22	14.11	0.2
19750712	0.85	14.15	0.18
19750713	1.51	16.68	0.19
19750714	8.5	15.63	0.19
19750715	17.33	12.9	0.69
19750716	0.03	12.61	0.34
19750717	0.03	14.08	0.22
19750718	0.08	14.93	0.2
19750719	2.28	15.41	0.19
19750720	0.07	12.13	0.18
19750721	11.98	13.54	0.21
19750722	9.85	11.3	0.95
19750723	3.81	9.85	0.78
19750724	2.59	9.57	0.4
19750725	0.57	12.91	0.29
19750726	1.56	13.68	0.27
19750727	0.01	15.14	0.25
19750728	0.17	17.38	0.2
19750729	6.25	15.33	0.2
19750730	0.03	10.47	0.27
19750731	0.0	14.23	0.2
19750801	0.07	15.27	0.18
19750802	0.0	15.38	0.17
19750803	0.0	18.89	0.15
19750804	1.55	21.95	0.15
19750805	9.05	18.6	0.39
19750806	0.1	18.6	0.22
19750807	0.05	18.2	0.18
19750808	11.2	19.7	0.25
19750809	0.37	19.3	0.31
19750810	0.0	18.73	0.2
19750811	0.0	19.06	0.18
19750812	0.16	18.65	0.16
19750813	0.0	17.1	0.15
19750814	0.98	13.85	0.15
19750815	2.03	13.84	0.15
19750816	0.43	13.16	0.21
19750817	0.0	11.97	0.17
19750818	0.03	13.55	0.15
19750819	3.86	14.26	0.17
19750820	8.48	13.09	0.33
19750821	1.02	12.56	0.27
19750822	0.01	9.71	0.2
19750823	0.95	11.26	0.17
19750824	0.06	11.97	0.17
19750825	0.34	15.36	0.16
19750826	0.08	18.04	0.15
19750827	0.03	18.38	0.15
19750828	0.0	16.71	0.15
19750829	16.63	11.15	0.23
19750830	0.3	9.69	0.69
19750831	0.0	13.61	0.27
19750901	0.0	13.6	0.21
19750902	1.01	12.56	0.18
19750903	0.34	10.65	0.17
19750904	1.08	11.19	0.17
19750905	5.72	11.95	0.19
19750906	3.7	11.85	0.29
19750907	1.22	11.56	0.4
19750908	7.01	11.95	0.7
19750909	11.14	11.23	1.71
19750910	1.0	8.3	1.9
19750911	9.5	9.06	0.58
19750912	0.16	7.23	1.64
19750913	0.0	6.2	0.51
19750914	0.0	6.82	0.34
19750915	0.0	8.3	0.27
19750916	15.03	11.18	1.46
19750917	36.5	11.23	11.17
19750918	1.71	7.38	6.35
19750919	3.19	10.83	1.39
19750920	4.98	9.62	1.08
19750921	0.62	10.72	0.96
19750922	10.8	11.49	1.33
19750923	2.58	9.37	1.62
19750924	20.59	10.34	7.29
19750925	8.76	8.32	4.15
19750926	0.77	4.42	2.55
19750927	8.46	3.01	3.33
19750928	1.51	8.79	1.72
19750929	0.75	10.24	1.19
19750930	9.19	8.89	1.83
19751001	5.92	8.97	3.33
19751002	11.77	8.91	4.74
19751003	6.24	9.36	3.63
19751004	15.01	11.02	10.76
19751005	0.75	11.24	3.95
19751006	0.02	6.55	1.87
19751007	0.0	7.29	1.3
19751008	0.54	8.55	1.06
19751009	18.54	7.92	4.95
19751010	0.02	6.48	3.19
19751011	0.0	5.99	1.63
19751012	0.0	4.27	1.23
19751013	0.0	5.17	1.02
19751014	0.61	5.54	0.85
19751015	0.53	5.71	0.79
19751016	0.01	5.03	0.7
19751017	0.03	4.0	0.62
19751018	0.02	4.66	0.58
19751019	0.0	7.16	0.54
19751020	0.0	7.89	0.5
19751021	0.03	6.94	0.47
19751022	4.69	8.11	0.52
19751023	4.46	9.93	0.74
19751024	0.2	11.93	0.72
19751025	0.01	10.91	0.6
19751026	0.0	10.32	0.52
19751027	0.0	9.23	0.47
19751028	0.0	10.96	0.44
19751029	0.75	9.25	0.43
19751030	1.59	11.16	0.47
19751031	1.08	9.4	0.48
19751101	0.75	5.07	0.45
19751102	13.36	6.59	1.75
19751103	1.38	7.53	1.77
19751104	2.11	7.35	1.15
19751105	1.67	6.42	1.03
19751106	0.02	3.96	1.02
19751107	0.01	3.65	0.74
19751108	0.01	3.06	0.63
19751109	0.4	4.22	0.57
19751110	0.07	3.09	0.56
19751111	0.02	3.12	0.52
19751112	0.0	3.34	0.48
19751113	0.0	0.93	0.45
19751114	2.79	5.58	0.44
19751115	15.18	4.99	2.69
19751116	0.07	1.63	2.2
19751117	0.01	0.35	1.09
19751118	4.9	4.86	0.89
19751119	2.14	6.1	2.51
19751120	0.02	0.11	1.26
19751121	0.02	1.17	0.89
19751122	2.38	5.68	0.88
19751123	5.4	6.74	2.22
19751124	2.93	6.72	2.19
19751125	5.46	3.6	3.23
19751126	12.68	3.22	3.07
19751127	10.83	3.76	8.19
19751128	5.24	1.05	4.88
19751129	7.64	1.01	2.66
19751130	8.34	1.58	2.64
19751201	13.24	2.11	9.73
19751202	0.02	1.64	4.45
19751203	0.28	3.75	4.75
19751204	0.32	7.98	4.76
19751205	0.34	6.74	2.33
19751206	0.72	6.58	1.67
19751207	0.25	3.19	1.46
19751208	0.03	2.19	1.19
19751209	0.31	5.52	1.08
19751210	0.56	4.23	1.0
19751211	2.43	2.07	1.05
19751212	0.01	-2.44	1.0
19751213	0.22	1.03	0.83
19751214	0.26	3.51	0.9
19751215	0.68	4.69	0.84
19751216	0.5	2.3	0.87
19751217	0.07	-0.14	0.7
19751218	0.01	3.72	0.7
19751219	0.79	3.37	0.67
19751220	0.21	5.44	0.67
19751221	0.33	6.75	0.69
19751222	0.83	5.89	0.69
19751223	6.43	3.19	1.23
19751224	4.02	4.68	1.8
19751225	0.47	7.31	2.24
19751226	0.25	6.54	1.24
19751227	0.37	6.61	1.01
19751228	1.67	3.09	0.96
19751229	0.51	4.06	0.92
19751230	12.89	4.91	3.04
19751231	4.79	0.81	3.41
19760101	7.73	-0.7	1.95
19760102	20.52	3.97	14.93
19760103	3.12	-0.08	3.14
19760104	4.07	4.09	3.16
19760105	8.96	4.98	7.74
19760106	6.73	7.87	5.76
19760107	2.47	6.89	3.22
19760108	0.07	3.92	2.42
19760109	6.95	2.6	1.76
19760110	8.88	7.9	7.51
19760111	1.14	7.97	3.07
19760112	3.26	8.1	2.53
19760113	5.29	6.41	2.67
19760114	1.81	5.06	3.12
19760115	0.31	6.68	2.15
19760116	0.72	7.14	1.63
19760117	2.33	5.66	1.43
19760118	14.42	3.34	3.76
19760119	24.16	5.61	14.66
19760120	13.51	2.1	8.28
19760121	12.75	4.34	7.6
19760122	6.68	3.3	11.54
19760123	0.02	-1.12	3.48
19760124	0.0	-1.27	1.96
19760125	0.03	-1.57	1.43
19760126	1.51	1.11	1.32
19760127	0.08	1.63	1.25
19760128	5.48	1.45	1.36
19760129	0.24	0.03	1.66
19760130	0.01	-0.85	1.06
19760131	0.0	-0.59	0.93
19760201	0.0	-0.03	0.85
19760202	0.03	0.44	0.82
19760203	0.07	0.86	0.82
19760204	0.0	1.14	0.78
19760205	1.58	1.08	0.78
19760206	3.95	1.65	1.02
19760207	0.78	4.15	1.46
19760208	2.77	3.72	2.07
19760209	8.75	4.92	3.42
19760210	7.35	0.57	2.62
19760211	11.04	1.38	2.56
19760212	1.57	4.59	10.43
19760213	0.03	0.58	2.26
19760214	3.44	1.47	1.66
19760215	0.05	1.67	1.76
19760216	0.02	-0.47	1.37
19760217	0.1	0.17	1.18
19760218	0.06	0.06	1.09
19760219	0.0	0.42	1.02
19760220	0.0	3.27	0.95
19760221	1.57	4.33	1.01
19760222	11.69	6.55	1.15
19760223	7.29	5.61	5.78
19760224	0.32	6.01	2.79
19760225	0.62	8.48	1.63
19760226	0.5	7.49	1.37
19760227	0.04	6.86	1.19
19760228	0.34	5.65	1.07
19760229	6.83	4.33	1.68
19760301	0.02	2.8	1.29
19760302	0.0	3.41	1.04
19760303	0.0	4.07	0.96
19760304	0.0	4.87	0.86
19760305	0.0	3.71	0.79
19760306	0.0	0.59	0.68
19760307	0.01	-0.68	0.65
19760308	0.0	-1.51	0.62
19760309	8.86	1.54	0.65
19760310	8.95	3.72	2.05
19760311	1.87	2.42	1.59
19760312	2.25	2.0	1.18
19760313	0.1	0.8	1.14
19760314	0.02	1.55	0.96
19760315	0.74	2.54	0.82
19760316	2.34	1.64	0.75
19760317	0.07	0.2	0.79
19760318	0.0	1.79	0.67
19760319	0.0	1.1	0.6
19760320	7.74	3.7	0.62
19760321	8.93	1.53	1.54
19760322	0.34	-0.34	1.39
19760323	0.23	0.45	0.96
19760324	8.51	4.32	2.97
19760325	4.7	4.24	2.61
19760326	8.64	4.0	3.65
19760327	0.2	7.33	3.27
19760328	16.28	5.42	5.49
19760329	7.92	3.46	7.69
19760330	6.97	5.25	3.35
19760331	3.82	3.9	4.78
19760401	13.28	2.48	2.29
19760402	3.26	0.19	2.66
19760403	4.98	4.18	5.21
19760404	4.0	5.62	5.59
19760405	3.24	6.56	3.91
19760406	2.54	4.42	2.16
19760407	0.02	3.66	1.68
19760408	0.09	6.33	1.32
19760409	0.02	8.29	1.12
19760410	14.73	8.13	1.38
19760411	1.74	3.75	4.69
19760412	1.48	5.01	1.71
19760413	18.39	4.95	5.64
19760414	0.03	5.13	3.49
19760415	0.0	7.87	1.69
19760416	0.0	9.42	1.33
19760417	0.4	9.61	1.16
19760418	0.04	10.28	1.04
19760419	0.0	9.14	0.93
19760420	0.0	9.04	0.8
19760421	0.0	7.38	0.73
19760422	0.0	3.05	0.66
19760423	0.01	7.64	0.62
19760424	0.01	5.66	0.6
19760425	0.0	6.8	0.55
19760426	0.02	6.69	0.53
19760427	0.0	2.04	0.51
19760428	0.0	6.15	0.49
19760429	0.02	6.89	0.47
19760430	0.84	7.23	0.46
19760501	7.39	6.29	0.57
19760502	3.98	6.13	0.63
19760503	0.1	5.53	0.57
19760504	0.52	7.09	0.46
19760505	0.02	6.01	0.43
19760506	5.02	11.43	0.41
19760507	0.1	10.16	0.42
19760508	0.01	11.38	0.38
19760509	0.04	9.24	0.36
19760510	1.74	8.09	0.35
19760511	3.14	7.26	0.39
19760512	4.15	5.47	0.47
19760513	1.03	8.32	0.41
19760514	0.06	9.68	0.37
19760515	3.06	6.81	0.39
19760516	11.22	9.11	0.66
19760517	0.81	8.94	0.96
19760518	0.08	8.29	0.53
19760519	1.63	7.2	0.42
19760520	1.58	7.45	0.4
19760521	9.38	10.43	0.4
19760522	1.48	11.36	0.87
19760523	0.01	14.17	0.53
19760524	10.88	12.61	0.43
19760525	0.71	9.14	0.84
19760526	0.02	8.39	0.5
19760527	0.13	11.13	0.38
19760528	12.0	9.63	0.54
19760529	6.57	8.52	1.97
19760530	4.75	9.68	1.63
19760531	7.88	10.88	1.39
19760601	7.93	9.91	3.99
19760602	1.96	10.64	1.83
19760603	0.01	9.99	1.04
19760604	1.39	13.59	0.72
19760605	0.03	12.91	0.69
19760606	0.0	13.02	0.56
19760607	0.0	15.65	0.43
19760608	0.01	18.4	0.37
19760609	1.98	13.97	0.33
19760610	3.27	10.97	0.35
19760611	3.54	11.56	0.38
19760612	0.11	10.86	0.37
19760613	1.66	12.24	0.32
19760614	0.09	11.07	0.31
19760615	0.74	12.13	0.29
19760616	17.02	10.55	0.74
19760617	2.62	10.3	1.45
19760618	4.17	8.58	1.28
19760619	4.1	9.45	1.01
19760620	0.31	9.03	0.93
19760621	0.31	13.91	0.57
19760622	0.94	14.99	0.45
19760623	0.03	16.19	0.38
19760624	0.01	15.05	0.32
19760625	0.0	15.41	0.29
19760626	0.0	13.54	0.26
19760627	0.0	16.1	0.24
19760628	0.0	17.15	0.22
19760629	0.02	18.96	0.21
19760630	0.0	17.3	0.21
19760701	0.09	21.0	0.21
19760702	0.0	19.78	0.2
19760703	0.04	20.89	0.19
19760704	0.49	18.5	0.2
19760705	0.01	18.76	0.19
19760706	0.0	18.28	0.18
19760707	0.0	17.67	0.16
19760708	0.05	19.14	0.15
19760709	6.99	14.08	0.22
19760710	0.02	14.69	0.21
19760711	0.0	17.64	0.18
19760712	1.2	17.47	0.18
19760713	1.99	14.83	0.21
19760714	3.37	13.86	0.21
19760715	8.75	11.93	0.33
19760716	0.41	13.78	0.24
19760717	0.0	12.13	0.2
19760718	9.82	14.8	0.22
19760719	0.06	12.38	0.3
19760720	1.91	11.53	0.24
19760721	0.03	11.49	0.23
19760722	0.07	12.31	0.21
19760723	0.12	12.89	0.2
19760724	0.0	13.83	0.19
19760725	0.0	15.08	0.18
19760726	0.05	15.38	0.18
19760727	0.0	12.28	0.17
19760728	0.0	13.56	0.17
19760729	0.1	11.54	0.17
19760730	4.67	8.89	0.2
19760731	1.11	10.74	0.2
19760801	3.29	11.87	0.2
19760802	5.05	12.02	0.24
19760803	0.01	11.53	0.35
19760804	0.04	12.53	0.22
19760805	0.03	13.41	0.2
19760806	0.01	11.6	0.2
19760807	0.0	12.79	0.21
19760808	0.2	14.31	0.21
19760809	0.0	14.73	0.21
19760810	0.0	15.06	0.19
19760811	0.4	15.88	0.17
19760812	6.71	10.85	0.25
19760813	0.01	13.42	0.2
19760814	0.01	13.43	0.18
19760815	0.0	14.08	0.17
19760816	0.0	15.78	0.15
19760817	0.0	14.1	0.16
19760818	0.0	13.75	0.15
19760819	0.0	15.1	0.15
19760820	0.0	16.03	0.15
19760821	0.0	16.71	0.14
19760822	0.0	14.53	0.14
19760823	0.0	15.42	0.14
19760824	0.0	15.6	0.14
19760825	0.0	17.3	0.14
19760826	0.0	15.83	0.14
19760827	0.0	14.14	0.15
19760828	6.33	14.32	0.15
19760829	0.52	12.29	0.22
19760830	0.0	12.76	0.19
19760831	0.15	14.37	0.17
19760901	0.07	9.53	0.16
19760902	0.0	7.83	0.16
19760903	0.0	11.89	0.16
19760904	0.0	10.56	0.16
19760905	0.28	13.19	0.16
19760906	0.29	13.13	0.17
19760907	0.07	11.95	0.17
19760908	23.81	9.82	0.7
19760909	2.55	4.7	0.53
19760910	4.56	7.27	0.33
19760911	0.05	7.6	0.29
19760912	0.41	6.84	0.22
19760913	7.53	8.16	0.26
19760914	0.5	7.62	0.32
19760915	0.02	7.7	0.23
19760916	0.07	8.2	0.21
19760917	0.0	11.24	0.2
19760918	0.01	10.72	0.19
19760919	0.37	13.52	0.18
19760920	1.47	14.55	0.18
19760921	23.75	12.17	0.8
19760922	0.59	11.4	1.0
19760923	0.01	12.62	0.39
19760924	0.0	11.97	0.28
19760925	11.78	11.84	0.31
19760926	0.11	12.15	0.7
19760927	9.75	11.35	0.54
19760928	12.29	12.58	3.2
19760929	1.82	12.18	0.88
19760930	2.89	12.61	0.6
19761001	1.96	11.74	0.69
19761002	4.56	10.82	0.77
19761003	7.97	7.68	2.09
19761004	0.64	5.7	1.08
19761005	8.51	9.46	1.21
19761006	3.96	8.82	1.71
19761007	1.08	8.27	1.13
19761008	0.23	8.25	0.79
19761009	1.37	9.75	0.59
19761010	6.27	11.41	0.65
19761011	5.18	11.65	1.56
19761012	5.33	5.79	1.96
19761013	1.14	6.63	1.21
19761014	21.18	7.49	5.55
19761015	2.39	7.44	4.38
19761016	0.09	6.6	1.65
19761017	1.16	8.15	1.11
19761018	0.32	7.2	0.89
19761019	0.21	8.13	0.73
19761020	3.38	8.25	0.66
19761021	1.44	7.04	0.81
19761022	7.41	7.49	0.66
19761023	6.11	7.3	2.55
19761024	0.8	5.89	1.93
19761025	7.62	5.64	2.32
19761026	0.1	5.76	1.9
19761027	0.33	8.2	1.2
19761028	0.79	7.55	0.97
19761029	3.92	5.77	1.1
19761030	0.03	3.24	1.28
19761031	3.69	4.5	1.0
19761101	4.99	4.76	1.41
19761102	1.89	3.17	1.65
19761103	4.04	5.56	1.66
19761104	9.36	5.91	2.45
19761105	5.85	4.31	2.74
19761106	6.04	5.09	3.55
19761107	2.46	5.38	3.16
19761108	2.14	5.62	2.15
19761109	0.58	2.61	1.7
19761110	0.51	3.47	1.33
19761111	0.06	2.95	1.11
19761112	0.01	0.46	0.95
19761113	0.01	0.8	0.8
19761114	2.11	2.97	0.77
19761115	12.82	6.16	3.08
19761116	0.02	2.79	2.78
19761117	7.28	3.28	2.14
19761118	0.04	4.71	2.09
19761119	0.0	5.2	1.36
19761120	0.0	5.28	1.11
19761121	0.0	4.5	0.96
19761122	0.0	0.82	0.84
19761123	0.05	3.42	0.78
19761124	1.44	7.71	0.77
19761125	5.17	7.02	0.9
19761126	20.28	5.74	9.36
19761127	16.12	6.06	6.35
19761128	3.04	3.87	4.66
19761129	10.54	1.71	3.52
19761130	2.57	0.44	3.21
19761201	1.97	-1.37	2.09
19761202	0.01	-5.05	1.49
19761203	1.71	-5.84	1.09
19761204	0.77	-3.65	1.15
19761205	2.96	-0.65	1.18
19761206	13.29	1.4	1.51
19761207	1.23	0.78	2.65
19761208	2.26	0.49	1.79
19761209	2.74	-0.95	1.33
19761210	0.33	-1.69	1.08
19761211	1.17	1.06	1.57
19761212	2.24	2.21	4.01
19761213	0.12	1.87	3.5
19761214	0.72	1.93	2.81
19761215	4.45	0.57	2.76
19761216	3.65	-0.76	1.87
19761217	0.09	-1.11	1.44
19761218	0.04	-1.1	1.16
19761219	6.35	0.18	1.06
19761220	2.68	1.62	1.3
19761221	0.78	2.18	3.1
19761222	0.82	1.9	2.45
19761223	0.03	2.29	3.12
19761224	0.03	0.19	2.09
19761225	0.0	-2.17	1.35
19761226	0.97	-0.53	1.12
19761227	0.33	-1.37	1.13
19761228	2.28	-2.42	0.94
19761229	5.53	0.97	1.11
19761230	5.41	0.21	1.22
19761231	0.32	-1.19	1.07
19770101	0.0	-4.02	0.74
19770102	0.0	-3.51	0.66
19770103	4.17	0.81	0.93
19770104	6.93	6.41	8.68
19770105	0.85	4.2	5.3
19770106	0.72	3.99	2.26
19770107	0.03	4.73	1.79
19770108	2.01	4.15	1.73
19770109	0.91	-0.06	1.62
19770110	0.03	-4.0	1.16
19770111	0.21	-6.31	0.73
19770112	0.0	-7.26	0.79
19770113	2.13	-3.51	0.81
19770114	7.76	-0.12	0.79
19770115	0.24	-1.06	0.73
19770116	0.01	-3.92	0.49
19770117	0.22	-3.9	0.66
19770118	2.18	-0.09	0.66
19770119	2.48	1.62	0.71
19770120	3.14	2.78	3.81
19770121	4.4	3.8	5.99
19770122	0.68	3.65	2.97
19770123	0.23	3.5	2.01
19770124	0.97	3.37	1.77
19770125	16.76	2.91	5.52
19770126	0.64	2.57	4.2
19770127	0.06	0.04	2.13
19770128	0.01	-3.93	1.37
19770129	1.54	-2.84	1.15
19770130	8.66	-1.83	1.19
19770131	0.31	-2.17	0.99
19770201	2.9	0.84	0.98
19770202	21.68	4.18	8.32
19770203	4.37	3.0	8.7
19770204	3.74	2.86	3.59
19770205	2.54	3.0	3.73
19770206	8.64	3.49	3.74
19770207	2.12	2.13	4.4
19770208	0.8	2.05	2.46
19770209	9.93	3.44	3.6
19770210	5.97	1.75	5.3
19770211	1.32	-0.43	2.63
19770212	0.6	-0.67	1.88
19770213	1.3	1.91	1.9
19770214	1.95	3.57	1.89
19770215	0.81	2.86	1.86
19770216	0.06	1.98	1.49
19770217	2.7	1.71	1.38
19770218	1.59	2.89	1.47
19770219	0.54	2.54	1.46
19770220	4.8	1.73	1.37
19770221	11.72	1.97	3.34
19770222	1.16	2.25	4.59
19770223	0.03	1.08	2.24
19770224	0.0	0.23	1.54
19770225	0.0	-2.18	1.19
19770226	0.0	-0.48	1.0
19770227	0.0	-0.96	0.9
19770228	1.15	0.85	0.88
19770301	2.51	4.56	1.02
19770302	17.5	7.66	5.98
19770303	2.42	5.01	3.9
19770304	2.08	4.68	2.58
19770305	0.12	5.01	1.94
19770306	0.0	5.1	1.52
19770307	0.64	6.65	1.34
19770308	0.03	7.62	1.26
19770309	7.03	6.35	1.62
19770310	5.17	5.81	2.04
19770311	3.7	4.46	3.68
19770312	0.44	4.29	1.81
19770313	5.03	5.67	1.54
19770314	0.86	4.7	2.56
19770315	13.11	5.63	3.91
19770316	5.04	6.33	3.87
19770317	16.6	5.75	9.23
19770318	6.43	5.19	5.61
19770319	2.79	5.66	3.81
19770320	0.91	3.52	2.94
19770321	0.41	2.53	2.08
19770322	0.77	2.66	1.81
19770323	0.76	3.51	1.6
19770324	0.06	2.77	1.44
19770325	0.37	5.47	1.26
19770326	3.23	2.24	1.26
19770327	0.15	-0.72	1.21
19770328	0.0	-0.06	0.98
19770329	0.01	3.13	0.92
19770330	12.89	3.19	1.29
19770331	10.84	6.76	5.8
19770401	5.81	4.22	4.88
19770402	1.88	3.31	3.01
19770403	0.02	0.66	2.0
19770404	0.5	5.0	1.61
19770405	0.71	5.25	1.3
19770406	0.09	2.32	1.13
19770407	0.03	0.37	0.94
19770408	0.0	0.34	0.86
19770409	0.39	4.12	0.81
19770410	1.47	4.04	0.8
19770411	2.96	6.4	0.8
19770412	4.87	4.96	1.27
19770413	4.3	3.76	1.84
19770414	0.01	3.03	1.22
19770415	0.4	6.29	0.89
19770416	3.94	4.53	0.92
19770417	0.09	2.85	0.96
19770418	0.01	4.13	0.73
19770419	2.08	6.96	0.71
19770420	6.8	9.49	1.36
19770421	17.21	9.57	5.85
19770422	11.75	6.74	11.47
19770423	2.94	5.3	4.31
19770424	2.69	6.03	2.73
19770425	6.58	7.55	4.5
19770426	4.31	5.5	2.26
19770427	17.23	4.51	4.49
19770428	5.75	5.0	5.55
19770429	3.58	5.81	3.83
19770430	0.45	4.57	3.23
19770501	1.44	7.11	1.92
19770502	1.1	4.0	1.62
19770503	8.34	6.23	3.09
19770504	0.7	6.63	2.14
19770505	0.32	7.55	1.43
19770506	23.04	6.31	4.63
19770507	7.81	6.03	11.7
19770508	0.25	5.93	3.03
19770509	0.73	7.15	2.08
19770510	0.45	8.86	1.67
19770511	7.81	8.01	2.68
19770512	15.56	5.58	5.49
19770513	1.35	3.45	4.2
19770514	0.01	3.28	2.27
19770515	0.05	5.61	1.61
19770516	0.87	5.27	1.3
19770517	0.0	5.5	1.11
19770518	0.0	8.8	0.96
19770519	0.01	7.1	0.87
19770520	0.0	8.13	0.79
19770521	0.0	9.43	0.7
19770522	0.0	13.44	0.66
19770523	0.0	12.52	0.64
19770524	0.0	11.9	0.59
19770525	0.0	10.95	0.55
19770526	0.0	10.51	0.52
19770527	0.0	13.04	0.49
19770528	0.0	14.82	0.46
19770529	0.0	6.69	0.44
19770530	0.0	6.9	0.43
19770531	0.0	10.35	0.39
19770601	0.0	12.27	0.37
19770602	0.0	14.34	0.37
19770603	0.0	14.57	0.35
19770604	3.44	11.58	0.36
19770605	2.49	8.59	0.38
19770606	20.21	5.05	1.53
19770607	1.94	6.79	0.72
19770608	0.61	8.63	0.5
19770609	2.16	9.33	0.46
19770610	7.13	6.72	0.42
19770611	1.3	6.63	0.64
19770612	5.57	9.41	0.53
19770613	6.78	8.38	1.38
19770614	0.03	11.46	0.77
19770615	0.0	9.75	0.5
19770616	0.0	10.01	0.41
19770617	0.0	9.85	0.39
19770618	0.0	12.47	0.36
19770619	0.0	11.37	0.34
19770620	0.0	10.06	0.31
19770621	0.0	11.98	0.29
19770622	0.0	14.59	0.28
19770623	0.0	15.41	0.28
19770624	0.08	15.0	0.28
19770625	0.0	11.4	0.27
19770626	0.35	11.28	0.27
19770627	0.0	10.36	0.26
19770628	0.14	10.57	0.25
19770629	3.34	12.37	0.24
19770630	3.45	11.6	0.29
19770701	0.42	13.89	0.28
19770702	1.03	13.72	0.25
19770703	0.0	15.9	0.24
19770704	0.0	18.64	0.22
19770705	0.0	16.94	0.21
19770706	0.0	17.79	0.2
19770707	1.67	19.45	0.51
19770708	0.04	17.31	0.26
19770709	0.0	14.77	0.22
19770710	0.0	14.98	0.2
19770711	0.0	16.1	0.2
19770712	0.0	13.58	0.19
19770713	0.0	11.49	0.2
19770714	0.0	10.84	0.19
19770715	6.77	14.18	0.22
19770716	0.65	11.58	0.24
19770717	9.11	12.22	0.26
19770718	1.54	12.88	0.31
19770719	2.13	11.83	0.25
19770720	0.04	11.7	0.22
19770721	0.39	12.33	0.2
19770722	3.37	15.31	0.22
19770723	5.93	13.16	0.24
19770724	3.71	11.84	0.38
19770725	0.05	11.12	0.26
19770726	0.0	9.87	0.22
19770727	0.0	10.34	0.2
19770728	0.0	10.85	0.19
19770729	0.0	13.64	0.18
19770730	0.0	12.86	0.18
19770731	0.01	16.19	0.18
19770801	1.26	16.63	0.18
19770802	5.91	11.15	0.22
19770803	5.68	11.19	0.2
19770804	28.69	11.42	2.22
19770805	0.05	8.78	0.95
19770806	0.95	12.58	0.38
19770807	0.02	10.27	0.28
19770808	0.01	10.36	0.23
19770809	0.0	13.25	0.21
19770810	0.0	13.61	0.2
19770811	0.0	13.99	0.19
19770812	0.0	15.65	0.18
19770813	0.09	15.49	0.18
19770814	1.51	15.28	0.18
19770815	0.03	14.73	0.19
19770816	0.0	13.49	0.17
19770817	0.03	13.19	0.16
19770818	0.01	11.36	0.16
19770819	2.63	12.65	0.17
19770820	0.43	13.65	0.18
19770821	0.01	12.4	0.16
19770822	4.25	11.91	0.18
19770823	1.24	13.46	0.17
19770824	13.05	13.07	0.18
19770825	11.08	13.48	0.79
19770826	13.13	11.03	1.73
19770827	0.03	7.72	0.87
19770828	0.04	12.02	0.42
19770829	5.67	11.74	0.32
19770830	16.86	8.38	2.58
19770831	1.75	13.36	1.03
19770901	5.58	12.3	0.94
19770902	2.52	10.46	0.72
19770903	9.22	11.26	0.51
19770904	5.97	11.53	2.56
19770905	15.66	11.16	0.94
19770906	3.47	9.66	5.77
19770907	5.33	9.51	1.32
19770908	3.82	6.49	2.16
19770909	17.39	8.82	4.28
19770910	7.56	12.1	4.77
19770911	6.3	11.85	4.51
19770912	0.03	9.02	1.96
19770913	0.01	11.11	1.24
19770914	1.08	13.49	1.04
19770915	0.03	8.38	0.91
19770916	0.0	6.12	0.71
19770917	0.0	5.24	0.59
19770918	0.0	8.63	0.52
19770919	0.0	8.19	0.49
19770920	0.27	8.42	0.48
19770921	0.04	8.31	0.46
19770922	0.0	8.26	0.44
19770923	0.0	9.29	0.42
19770924	0.03	12.41	0.4
19770925	2.65	11.65	0.41
19770926	8.33	11.88	0.46
19770927	21.44	11.94	3.26
19770928	8.81	9.98	3.4
19770929	21.2	10.49	10.91
19770930	24.81	8.07	11.21
19771001	2.83	6.91	6.85
19771002	0.01	6.56	2.49
19771003	15.48	9.16	5.55
19771004	2.4	7.05	4.05
19771005	20.09	8.49	7.01
19771006	4.36	9.88	5.24
19771007	32.38	7.59	19.45
19771008	1.55	8.78	4.51
19771009	5.39	7.92	3.84
19771010	0.07	5.75	2.46
19771011	3.08	8.73	2.13
19771012	0.12	8.97	1.89
19771013	0.0	9.08	1.37
19771014	0.0	11.37	1.19
19771015	0.0	11.62	1.08
19771016	0.0	11.03	1.02
19771017	0.0	10.36	0.96
19771018	0.15	11.03	0.91
19771019	0.69	13.5	0.86
19771020	2.25	12.99	0.83
19771021	1.33	13.22	0.82
19771022	14.8	10.81	1.25
19771023	15.26	10.09	4.67
19771024	1.83	10.37	4.75
19771025	0.36	10.41	1.94
19771026	3.61	10.42	1.41
19771027	0.51	7.65	1.29
19771028	0.28	10.13	1.1
19771029	6.99	10.36	1.0
19771030	69.67	9.21	27.4
19771031	5.35	5.8	14.94
19771101	4.59	6.37	4.94
19771102	8.79	5.67	4.01
19771103	12.93	4.81	8.73
19771104	7.84	4.97	6.02
19771105	15.97	7.17	10.9
19771106	24.46	7.82	9.02
19771107	11.04	6.24	12.4
19771108	3.49	6.06	4.9
19771109	20.4	8.54	8.41
19771110	3.14	9.93	7.81
19771111	12.88	5.29	4.96
19771112	3.82	1.67	5.84
19771113	3.52	4.41	3.8
19771114	6.42	3.47	5.77
19771115	2.13	2.96	2.92
19771116	3.54	0.2	2.51
19771117	0.06	0.14	2.13
19771118	2.85	2.44	2.01
19771119	9.5	3.28	6.02
19771120	0.61	-1.79	3.06
19771121	0.15	0.9	1.91
19771122	4.66	4.18	1.63
19771123	8.07	3.34	5.43
19771124	0.04	0.39	2.48
19771125	0.0	-0.27	1.51
19771126	0.01	-1.86	1.17
19771127	0.0	-2.41	1.0
19771128	0.0	-3.01	0.89
19771129	0.0	-1.33	0.83
19771130	0.0	-1.89	0.75
19771201	0.08	0.34	0.7
19771202	0.0	-0.41	0.66
19771203	0.0	0.91	0.61
19771204	0.0	2.14	0.61
19771205	0.31	2.98	0.62
19771206	0.02	1.93	0.65
19771207	0.58	1.54	0.61
19771208	0.52	2.61	0.65
19771209	3.12	4.64	0.77
19771210	9.1	6.11	1.27
19771211	16.11	6.02	6.14
19771212	1.14	6.24	4.32
19771213	2.82	7.8	2.61
19771214	1.8	6.71	2.62
19771215	0.04	5.25	1.94
19771216	0.41	5.53	1.41
19771217	2.01	4.09	1.33
19771218	0.65	4.24	1.27
19771219	0.0	4.37	1.16
19771220	0.0	3.17	1.02
19771221	1.02	2.59	0.93
19771222	10.11	6.31	1.48
19771223	10.41	7.73	4.79
19771224	4.83	5.56	5.6
19771225	3.11	5.55	3.14
19771226	8.07	3.2	4.18
19771227	0.03	0.89	3.54
19771228	1.56	2.5	1.83
19771229	0.95	3.42	1.85
19771230	0.17	1.72	1.4
19771231	3.84	5.0	1.38
19780101	2.76	3.67	1.87
19780102	21.64	1.5	4.62
19780103	0.14	-3.58	4.16
19780104	6.38	-1.05	3.16
19780105	1.37	6.0	7.05
19780106	0.69	5.97	2.5
19780107	0.58	4.15	1.86
19780108	10.81	4.06	2.88
19780109	15.74	0.45	4.31
19780110	12.4	-0.59	2.52
19780111	0.05	-2.37	1.9
19780112	0.63	-0.52	1.66
19780113	0.01	4.13	7.16
19780114	0.05	2.78	5.72
19780115	2.58	1.51	3.46
19780116	1.8	-2.15	2.86
19780117	0.01	-4.53	1.67
19780118	0.63	-3.64	1.35
19780119	1.73	-1.88	1.15
19780120	0.29	-0.94	1.04
19780121	4.9	2.78	4.14
19780122	1.71	1.23	3.5
19780123	5.66	1.84	2.89
19780124	0.05	1.83	2.55
19780125	1.48	-0.02	1.49
19780126	2.94	-1.39	1.35
19780127	10.14	-0.26	1.51
19780128	11.38	0.5	3.54
19780129	0.07	-2.01	2.06
19780130	3.18	-3.91	1.36
19780131	5.17	0.24	1.33
19780201	9.6	1.39	3.42
19780202	0.66	0.12	4.72
19780203	5.11	0.71	3.17
19780204	6.85	2.38	7.79
19780205	3.69	2.3	5.86
19780206	1.22	1.67	5.32
19780207	0.0	1.31	2.71
19780208	0.07	-2.43	1.89
19780209	0.05	-5.09	1.31
19780210	0.09	-4.55	1.16
19780211	6.24	-4.87	1.02
19780212	0.12	-4.73	0.91
19780213	0.93	-2.0	0.94
19780214	0.12	-5.33	0.74
19780215	0.0	-6.07	0.65
19780216	0.0	-5.77	0.74
19780217	0.0	-4.85	0.57
19780218	0.0	-3.27	0.54
19780219	0.01	-3.32	0.53
19780220	1.66	-2.35	0.51
19780221	0.36	-0.03	0.47
19780222	5.15	2.94	2.63
19780223	2.08	4.27	4.03
19780224	6.14	5.11	4.79
19780225	9.84	4.91	3.59
19780226	1.36	4.15	5.1
19780227	1.48	5.2	2.55
19780228	0.78	6.31	2.01
19780301	3.37	5.77	2.05
19780302	0.93	4.72	1.76
19780303	0.84	4.27	1.29
19780304	0.0	0.76	1.07
19780305	0.0	2.98	0.92
19780306	3.51	4.91	1.02
19780307	12.39	6.41	3.68
19780308	0.03	3.86	3.23
19780309	0.51	5.61	1.58
19780310	0.05	8.24	1.27
19780311	4.67	6.33	1.36
19780312	4.69	4.2	1.95
19780313	6.76	4.87	3.51
19780314	7.37	5.47	3.69
19780315	3.56	2.43	3.82
19780316	2.14	1.03	2.72
19780317	0.17	0.97	1.82
19780318	0.25	3.39	1.47
19780319	19.94	3.06	6.68
19780320	4.57	1.71	4.72
19780321	3.65	3.17	3.76
19780322	16.93	3.65	8.4
19780323	8.75	2.9	7.92
19780324	17.8	4.23	8.11
19780325	10.56	2.04	7.56
19780326	13.28	3.82	10.99
19780327	2.4	5.55	9.04
19780328	7.01	5.65	5.05
19780329	7.24	5.17	5.97
19780330	0.4	3.88	4.0
19780331	1.73	5.35	2.74
19780401	5.16	6.19	3.04
19780402	0.28	5.85	2.61
19780403	0.0	4.09	2.14
19780404	0.0	6.21	1.73
19780405	0.0	4.06	1.36
19780406	0.0	2.24	1.1
19780407	0.0	5.36	0.94
19780408	0.06	4.6	0.87
19780409	1.48	0.51	0.82
19780410	0.85	-1.78	0.77
19780411	3.35	0.52	0.78
19780412	0.98	1.84	0.85
19780413	3.95	-0.11	1.04
19780414	0.04	2.23	1.02
19780415	0.02	5.01	0.79
19780416	0.03	4.57	0.68
19780417	0.0	7.0	0.6
19780418	0.0	6.36	0.57
19780419	0.07	8.09	0.53
19780420	0.53	6.53	0.52
19780421	0.0	6.88	0.48
19780422	0.01	8.02	0.45
19780423	0.0	7.16	0.42
19780424	0.0	3.7	0.42
19780425	0.54	2.69	0.42
19780426	0.81	3.77	0.53
19780427	8.01	2.94	0.76
19780428	3.93	4.42	0.84
19780429	0.33	5.04	0.72
19780430	0.03	4.35	0.58
19780501	0.0	5.6	0.54
19780502	0.0	5.81	0.45
19780503	0.51	7.71	0.43
19780504	0.63	7.6	0.42
19780505	3.81	6.01	0.48
19780506	0.0	8.63	0.5
19780507	0.0	8.84	0.42
19780508	0.0	7.38	0.37
19780509	0.0	10.19	0.34
19780510	1.25	13.77	0.32
19780511	3.03	8.46	0.37
19780512	0.73	6.71	0.4
19780513	1.12	6.79	0.36
19780514	0.51	7.03	0.36
19780515	0.0	6.12	0.34
19780516	0.0	8.1	0.31
19780517	0.0	11.33	0.29
19780518	0.04	9.37	0.28
19780519	0.0	9.36	0.26
19780520	0.0	9.33	0.26
19780521	1.68	11.09	0.26
19780522	2.25	9.63	0.3
19780523	0.83	11.23	0.3
19780524	0.01	10.41	0.25
19780525	0.0	14.22	0.23
19780526	0.0	13.9	0.24
19780527	0.0	14.62	0.23
19780528	0.0	15.16	0.21
19780529	0.0	16.68	0.2
19780530	0.0	15.96	0.21
19780531	0.03	17.51	0.2
19780601	2.44	17.25	0.21
19780602	0.0	13.07	0.2
19780603	0.0	17.03	0.2
19780604	12.24	17.06	0.31
19780605	0.24	14.07	0.33
19780606	3.15	12.4	0.22
19780607	1.44	9.25	0.22
19780608	0.39	8.83	0.21
19780609	0.19	8.75	0.19
19780610	0.0	10.25	0.18
19780611	0.0	9.94	0.17
19780612	0.0	7.63	0.17
19780613	0.0	8.27	0.17
19780614	0.0	10.09	0.17
19780615	0.86	9.96	0.18
19780616	0.0	10.79	0.18
19780617	0.0	11.34	0.18
19780618	0.01	13.64	0.17
19780619	0.01	8.7	0.17
19780620	3.88	11.07	0.15
19780621	11.68	9.62	0.4
19780622	21.13	9.72	3.32
19780623	0.87	8.49	0.92
19780624	2.53	10.66	0.76
19780625	0.03	10.31	0.44
19780626	0.0	10.3	0.29
19780627	4.64	11.35	1.1
19780628	0.81	11.03	1.55
19780629	0.27	11.0	1.39
19780630	1.79	11.23	1.28
19780701	5.36	11.46	1.11
19780702	2.08	9.34	0.92
19780703	15.71	9.52	0.71
19780704	8.65	8.88	2.56
19780705	0.05	9.63	0.9
19780706	0.01	10.31	0.45
19780707	0.64	9.98	0.34
19780708	0.02	10.63	0.29
19780709	0.0	12.4	0.24
19780710	0.0	13.35	0.21
19780711	0.0	13.39	0.21
19780712	0.0	12.8	0.2
19780713	0.0	14.11	0.18
19780714	0.0	12.22	0.17
19780715	0.0	11.61	0.16
19780716	0.0	12.36	0.16
19780717	0.0	11.94	0.16
19780718	0.09	13.16	0.17
19780719	0.29	10.86	0.17
19780720	2.98	9.61	0.19
19780721	2.22	12.9	0.19
19780722	7.99	13.05	0.23
19780723	4.29	12.29	0.26
19780724	1.39	11.18	0.21
19780725	7.73	12.49	0.21
19780726	1.51	14.43	0.32
19780727	4.79	13.98	0.32
19780728	0.05	13.57	0.31
19780729	0.0	13.27	0.23
19780730	0.01	12.98	0.21
19780731	0.31	14.45	0.2
19780801	0.94	12.78	0.18
19780802	7.41	14.25	0.2
19780803	3.04	12.62	0.28
19780804	0.64	11.7	0.26
19780805	1.76	13.27	0.22
19780806	5.68	11.67	0.24
19780807	1.29	11.7	0.31
19780808	1.71	12.04	0.29
19780809	0.15	10.45	0.29
19780810	0.0	11.13	0.22
19780811	5.88	13.83	0.21
19780812	7.73	11.16	0.75
19780813	2.92	13.38	0.46
19780814	6.43	13.31	1.2
19780815	7.55	12.44	1.29
19780816	2.21	12.19	0.78
19780817	0.02	12.59	0.48
19780818	0.06	14.32	0.34
19780819	2.47	13.72	0.3
19780820	4.5	15.53	0.28
19780821	14.92	12.97	2.73
19780822	0.02	12.32	1.28
19780823	0.23	12.05	0.57
19780824	0.34	11.3	0.43
19780825	0.0	10.7	0.34
19780826	0.0	13.84	0.29
19780827	0.11	13.05	0.26
19780828	0.39	12.51	0.24
19780829	0.52	9.92	0.24
19780830	9.06	9.84	0.24
19780831	1.02	9.71	0.44
19780901	0.01	9.26	0.3
19780902	2.68	12.04	0.25
19780903	0.73	10.2	0.29
19780904	0.03	11.92	0.27
19780905	7.97	9.26	0.7
19780906	0.45	12.36	0.6
19780907	1.67	11.47	0.45
19780908	8.44	12.54	1.25
19780909	38.17	13.46	12.42
19780910	15.45	11.94	5.89
19780911	0.1	10.42	5.28
19780912	11.08	11.99	3.79
19780913	12.03	11.44	7.6
19780914	7.86	10.84	3.46
19780915	0.75	12.01	3.64
19780916	1.79	10.87	2.36
19780917	0.92	9.78	1.49
19780918	0.72	10.35	1.09
19780919	0.0	10.38	0.86
19780920	0.02	12.63	0.73
19780921	6.91	14.5	0.66
19780922	3.26	13.37	2.69
19780923	3.9	13.31	1.38
19780924	6.56	9.76	2.42
19780925	10.36	9.48	2.85
19780926	4.42	8.6	4.47
19780927	10.11	9.45	2.02
19780928	20.63	10.04	11.61
19780929	1.95	8.83	5.57
19780930	2.9	8.2	2.67
19781001	2.9	10.34	1.89
19781002	3.22	8.85	1.83
19781003	2.39	8.02	1.87
19781004	3.04	9.76	1.8
19781005	7.66	12.51	3.86
19781006	0.02	12.29	2.5
19781007	0.01	11.17	1.38
19781008	2.75	12.98	1.12
19781009	0.83	11.22	1.12
19781010	1.52	11.42	1.02
19781011	0.03	14.05	0.91
19781012	0.0	12.16	0.75
19781013	0.0	11.17	0.67
19781014	0.28	9.37	0.62
19781015	7.23	7.42	0.67
19781016	2.26	5.66	1.38
19781017	0.01	5.61	1.05
19781018	0.22	8.5	0.79
19781019	1.6	8.19	0.67
19781020	0.4	5.48	0.67
19781021	3.42	8.07	0.82
19781022	0.02	7.69	1.11
19781023	11.82	9.79	1.42
19781024	1.14	8.89	3.86
19781025	4.79	9.71	2.13
19781026	0.02	10.06	1.49
19781027	0.0	10.4	1.07
19781028	0.37	10.32	0.86
19781029	0.68	10.82	0.72
19781030	3.48	10.6	0.76
19781031	3.71	4.56	1.35
19781101	7.05	7.72	1.23
19781102	1.33	9.02	2.46
19781103	8.89	9.7	2.4
19781104	3.19	12.05	3.85
19781105	0.01	10.78	1.79
19781106	0.01	9.2	1.18
19781107	2.37	9.79	1.1
19781108	0.0	8.55	0.98
19781109	0.0	9.67	0.82
19781110	0.98	8.91	0.75
19781111	0.05	9.26	0.68
19781112	18.51	6.25	4.47
19781113	29.69	7.6	16.0
19781114	20.9	8.7	14.98
19781115	24.86	6.5	18.7
19781116	11.98	6.1	11.04
19781117	9.78	9.51	8.07
19781118	1.89	7.85	5.43
19781119	8.96	4.04	5.32
19781120	12.75	5.75	10.33
19781121	3.75	9.08	5.92
19781122	12.82	7.56	10.86
19781123	7.5	5.26	6.76
19781124	4.1	1.54	4.46
19781125	0.12	-0.64	2.84
19781126	0.01	-2.14	2.06
19781127	0.0	-3.45	1.57
19781128	0.04	-3.0	1.22
19781129	2.86	0.6	1.15
19781130	0.26	-0.47	1.12
19781201	0.42	-1.1	1.04
19781202	1.61	0.69	1.05
19781203	4.32	2.74	2.65
19781204	4.09	2.94	3.23
19781205	0.02	2.96	2.23
19781206	0.0	2.06	1.4
19781207	7.87	3.72	1.54
19781208	9.63	4.17	4.88
19781209	4.27	5.52	5.06
19781210	1.91	8.75	2.69
19781211	2.9	8.47	2.47
19781212	2.93	5.76	2.32
19781213	0.07	1.99	2.05
19781214	0.62	2.32	1.47
19781215	0.29	1.47	1.26
19781216	0.0	-1.15	1.07
19781217	0.0	-2.16	0.9
19781218	0.41	0.87	0.85
19781219	0.01	-2.12	0.84
19781220	2.6	-2.59	0.71
19781221	3.75	1.19	0.72
19781222	2.47	0.76	1.62
19781223	0.03	-0.04	1.11
19781224	3.57	2.21	1.1
19781225	7.78	2.49	2.33
19781226	2.3	3.36	3.53
19781227	7.53	2.16	3.28
19781228	2.4	-0.43	2.5
19781229	0.47	-3.51	1.51
19781230	0.32	-5.7	1.06
19781231	1.75	-8.88	0.85
19790101	5.64	-4.32	0.95
19790102	0.23	-2.23	0.9
19790103	0.03	-2.14	0.81
19790104	1.25	-3.91	0.71
19790105	5.4	-0.75	0.68
19790106	6.8	4.69	5.69
19790107	4.19	3.59	7.21
19790108	8.32	0.5	3.88
19790109	20.66	-0.79	2.41
19790110	0.63	-2.51	1.89
19790111	0.01	-5.33	1.32
19790112	0.0	-9.07	1.09
19790113	0.02	-7.36	1.24
19790114	7.34	0.74	1.99
19790115	3.97	3.98	12.53
19790116	0.61	-0.48	9.72
19790117	0.09	-1.67	2.36
19790118	0.02	0.14	1.63
19790119	6.92	-0.3	1.26
19790120	4.36	0.25	1.13
19790121	0.01	-1.01	1.02
19790122	0.0	-1.23	0.95
19790123	0.01	-1.6	0.9
19790124	2.39	-1.3	1.16
19790125	0.03	-3.86	0.92
19790126	0.0	-3.93	0.8
19790127	0.01	-4.32	0.71
19790128	1.16	-1.51	0.77
19790129	0.34	-1.02	0.65
19790130	4.55	-0.47	0.58
19790131	3.11	0.66	3.32
19790201	0.02	-4.75	1.4
19790202	3.07	-1.8	1.16
19790203	0.04	0.17	1.6
19790204	0.01	-2.98	0.85
19790205	0.0	-2.7	0.73
19790206	0.0	-2.92	0.68
19790207	0.0	-3.49	0.54
19790208	0.0	-3.01	0.47
19790209	0.0	-0.48	0.49
19790210	0.0	-0.25	0.43
19790211	0.01	0.23	0.4
19790212	0.44	0.97	0.4
19790213	0.18	-1.92	0.39
19790214	2.86	-5.72	0.26
19790215	1.57	-5.06	0.33
19790216	0.06	-4.38	0.37
19790217	0.01	-1.68	0.37
19790218	0.26	-0.32	0.35
19790219	0.03	0.85	0.38
19790220	0.01	2.05	0.83
19790221	1.89	0.72	0.85
19790222	1.33	2.38	1.74
19790223	0.0	0.95	1.17
19790224	0.03	1.76	0.87
19790225	2.26	3.61	1.42
19790226	2.24	5.18	5.28
19790227	7.91	1.59	6.88
19790228	1.75	0.89	2.18
19790301	19.75	4.11	9.06
19790302	11.49	6.25	8.58
19790303	3.46	2.74	6.7
19790304	1.49	3.46	3.52
19790305	1.39	4.97	2.29
19790306	11.95	1.98	4.17
19790307	1.57	1.76	2.66
19790308	19.47	2.33	10.74
19790309	8.45	-1.14	4.4
19790310	13.7	2.91	7.93
19790311	10.56	2.98	10.35
19790312	1.44	3.23	7.15
19790313	1.47	1.57	3.17
19790314	0.81	1.72	2.28
19790315	0.71	-0.05	1.97
19790316	1.21	-0.62	1.54
19790317	0.41	-1.86	1.25
19790318	0.03	-4.31	1.1
19790319	0.05	-1.08	1.14
19790320	2.26	0.29	1.13
19790321	9.76	-2.02	1.03
19790322	0.03	-1.01	1.01
19790323	0.0	0.66	1.1
19790324	4.22	2.89	1.97
19790325	15.61	2.67	8.07
19790326	4.88	0.06	4.18
19790327	1.26	-0.02	3.06
19790328	1.8	2.08	4.21
19790329	2.21	1.48	3.78
19790330	1.33	4.17	3.5
19790331	0.61	4.72	2.75
19790401	2.44	1.76	2.18
19790402	1.59	0.32	1.9
19790403	1.78	1.23	1.81
19790404	2.27	1.41	1.79
19790405	0.02	1.11	1.58
19790406	1.36	2.06	1.49
19790407	3.74	1.94	1.96
19790408	0.07	2.8	1.56
19790409	5.65	3.34	1.5
19790410	11.75	5.32	4.97
19790411	4.37	7.11	4.06
19790412	3.53	6.66	2.89
19790413	0.22	4.92	2.63
19790414	0.8	8.35	2.09
19790415	0.0	5.37	1.74
19790416	0.0	5.62	1.53
19790417	0.0	6.28	1.4
19790418	0.6	9.05	1.33
19790419	2.05	6.6	1.39
19790420	2.53	7.19	1.23
19790421	0.86	6.04	1.22
19790422	10.47	4.86	1.87
19790423	2.67	5.75	2.02
19790424	0.15	5.88	1.25
19790425	0.3	5.48	0.95
19790426	0.02	4.59	0.76
19790427	0.03	7.05	0.66
19790428	0.71	9.35	0.59
19790429	2.95	4.04	0.66
19790430	0.01	2.18	0.6
19790501	0.37	1.48	0.52
19790502	0.52	2.5	0.5
19790503	0.12	0.94	0.47
19790504	0.2	2.28	0.43
19790505	1.72	3.33	0.43
19790506	2.23	4.67	0.43
19790507	0.16	4.27	0.43
19790508	0.01	5.03	0.4
19790509	0.07	5.29	0.37
19790510	1.78	7.91	0.38
19790511	0.7	9.47	0.38
19790512	0.55	11.35	0.38
19790513	0.27	11.8	0.35
19790514	4.22	10.11	0.34
19790515	0.45	9.89	0.36
19790516	8.25	6.92	0.43
19790517	13.11	6.93	1.11
19790518	0.62	4.58	1.3
19790519	0.02	7.15	0.67
19790520	1.94	10.32	0.51
19790521	0.04	7.96	0.46
19790522	1.51	6.81	0.39
19790523	3.07	7.0	0.44
19790524	1.45	5.53	0.44
19790525	5.75	6.29	0.43
19790526	2.89	7.7	0.46
19790527	5.68	8.41	0.67
19790528	5.76	9.27	0.9
19790529	0.39	10.66	0.79
19790530	4.21	10.53	0.55
19790531	0.01	8.64	0.6
19790601	0.01	10.69	0.47
19790602	0.0	12.59	0.38
19790603	0.1	15.91	0.34
19790604	0.96	15.11	0.42
19790605	0.14	10.13	0.36
19790606	14.12	9.22	0.91
19790607	2.35	11.15	0.58
19790608	2.82	9.93	0.66
19790609	0.17	9.9	0.7
19790610	0.0	14.58	0.5
19790611	1.43	15.28	0.41
19790612	16.74	14.78	2.63
19790613	3.09	12.35	1.29
19790614	3.34	8.21	1.09
19790615	0.06	10.54	0.75
19790616	0.0	9.98	0.54
19790617	0.0	12.24	0.45
19790618	0.0	15.66	0.39
19790619	0.0	17.89	0.34
19790620	0.93	16.23	0.31
19790621	2.89	10.25	0.35
19790622	0.65	11.04	0.33
19790623	1.12	10.29	0.32
19790624	0.17	10.55	0.28
19790625	0.83	10.33	0.27
19790626	0.0	7.84	0.25
19790627	4.59	14.09	0.25
19790628	2.66	10.81	0.35
19790629	1.69	8.74	0.35
19790630	0.06	9.64	0.29
19790701	0.01	10.21	0.28
19790702	0.0	10.99	0.27
19790703	0.0	12.37	0.23
19790704	0.0	14.56	0.2
19790705	0.0	12.93	0.18
19790706	2.38	15.17	0.17
19790707	0.23	11.58	0.19
19790708	7.1	11.74	0.34
19790709	0.19	10.51	0.3
19790710	0.0	9.63	0.22
19790711	0.0	11.92	0.2
19790712	2.85	15.98	0.19
19790713	0.34	11.72	0.19
19790714	0.82	10.15	0.19
19790715	3.39	12.05	0.19
19790716	0.87	13.49	0.23
19790717	6.0	12.82	0.57
19790718	0.33	10.82	0.36
19790719	1.87	9.69	0.3
19790720	2.41	9.61	0.27
19790721	0.49	10.5	0.29
19790722	0.29	11.75	0.24
19790723	0.42	12.62	0.21
19790724	1.85	14.12	0.21
19790725	1.7	14.43	0.24
19790726	0.55	13.93	0.26
19790727	0.03	16.75	0.25
19790728	6.23	15.47	0.26
19790729	0.11	15.29	0.27
19790730	10.99	13.17	0.37
19790731	5.71	11.6	0.9
19790801	0.49	11.41	0.56
19790802	0.02	13.48	0.33
19790803	0.11	11.88	0.25
19790804	0.34	11.65	0.22
19790805	9.44	12.89	0.31
19790806	23.61	12.57	3.3
19790807	0.8	11.68	1.94
19790808	3.49	11.05	1.22
19790809	0.1	10.28	1.48
19790810	1.08	12.16	0.85
19790811	0.6	15.04	0.96
19790812	21.27	15.82	2.36
19790813	10.9	13.39	3.22
19790814	6.95	12.29	3.12
19790815	2.31	11.48	1.68
19790816	6.62	11.47	1.72
19790817	5.04	12.01	2.03
19790818	0.16	13.04	1.83
19790819	0.32	14.1	1.23
19790820	6.58	10.52	1.63
19790821	7.21	9.87	2.4
19790822	7.66	9.96	3.14
19790823	1.19	9.41	2.46
19790824	0.0	9.54	1.5
19790825	0.0	9.14	1.2
19790826	0.0	8.76	1.07
19790827	0.0	9.11	1.0
19790828	0.0	12.65	0.61
19790829	0.0	10.39	0.39
19790830	0.0	14.39	0.35
19790831	4.32	15.0	0.37
19790901	9.14	12.96	0.55
19790902	2.65	11.52	0.7
19790903	0.27	12.31	0.6
19790904	0.13	13.96	0.45
19790905	0.07	14.83	0.39
19790906	0.41	13.73	0.35
19790907	4.63	11.98	0.33
19790908	2.86	10.97	0.6
19790909	0.01	11.31	0.46
19790910	2.79	12.98	0.39
19790911	2.4	10.56	0.56
19790912	3.72	10.68	0.96
19790913	2.02	9.45	0.85
19790914	0.14	5.9	0.72
19790915	0.27	8.92	0.57
19790916	6.54	12.39	0.81
19790917	19.51	11.67	7.47
19790918	0.78	9.87	3.62
19790919	7.48	9.8	3.37
19790920	4.34	7.11	4.72
19790921	0.15	3.33	1.39
19790922	4.8	7.09	0.94
19790923	0.01	7.19	1.26
19790924	11.32	10.25	0.93
19790925	5.7	10.84	5.62
19790926	1.42	8.25	2.05
19790927	1.58	8.03	1.51
19790928	0.0	6.63	1.15
19790929	0.01	8.01	1.38
19790930	0.0	10.17	1.73
19791001	0.01	10.68	0.94
19791002	0.86	11.62	0.71
19791003	10.75	11.03	0.98
19791004	10.91	11.05	4.83
19791005	0.02	6.48	1.83
19791006	0.36	9.8	1.15
19791007	2.3	12.8	1.07
19791008	3.32	14.95	0.99
19791009	1.28	13.07	1.09
19791010	2.95	11.44	1.19
19791011	7.81	11.03	2.45
19791012	0.08	10.72	1.72
19791013	13.41	9.71	2.94
19791014	6.72	9.18	3.92
19791015	1.69	6.64	3.4
19791016	0.14	7.33	1.68
19791017	9.5	6.97	3.18
19791018	16.42	9.25	4.83
19791019	1.87	8.42	5.76
19791020	2.06	5.56	2.74
19791021	0.01	6.48	1.89
19791022	0.0	7.29	1.4
19791023	0.0	6.82	1.13
19791024	1.64	7.54	1.03
19791025	8.74	7.74	1.29
19791026	0.09	5.25	2.2
19791027	0.36	4.78	1.17
19791028	3.09	4.29	1.21
19791029	5.57	6.2	1.12
19791030	25.62	9.16	10.23
19791031	2.72	6.1	4.6
19791101	3.84	4.66	4.96
19791102	15.99	9.14	8.7
19791103	12.79	9.23	11.87
19791104	9.69	5.2	8.63
19791105	9.88	4.23	9.24
19791106	0.44	2.88	5.48
19791107	6.34	2.53	4.36
19791108	9.93	2.22	6.4
19791109	0.4	0.02	4.36
19791110	6.95	3.27	3.59
19791111	16.67	-0.7	8.25
19791112	0.02	-2.73	3.62
19791113	7.64	-2.05	2.3
19791114	6.32	0.55	1.73
19791115	3.24	0.75	1.79
19791116	1.37	0.04	2.12
19791117	19.8	4.26	18.78
19791118	1.88	4.38	10.31
19791119	0.01	2.0	3.51
19791120	0.58	3.25	2.48
19791121	3.85	9.27	2.36
19791122	5.32	6.92	4.57
19791123	4.96	3.7	3.84
19791124	27.73	4.9	5.15
19791125	31.05	7.57	31.02
19791126	0.39	3.08	9.32
19791127	1.18	6.95	3.97
19791128	9.06	11.2	4.35
19791129	2.12	11.34	5.0
19791130	9.04	7.91	5.98
19791201	7.96	8.47	3.45
19791202	3.93	5.93	6.7
19791203	10.99	6.28	6.53
19791204	10.22	7.3	6.16
19791205	0.71	5.02	3.34
19791206	10.96	6.12	3.02
19791207	19.28	6.54	13.52
19791208	8.03	5.66	6.67
19791209	10.9	6.59	6.82
19791210	3.44	3.9	7.92
19791211	0.27	1.75	2.95
19791212	7.12	4.71	3.31
19791213	0.04	1.96	2.17
19791214	0.09	-0.23	1.41
19791215	0.07	1.13	1.15
19791216	10.9	2.64	1.36
19791217	11.28	2.71	9.5
19791218	0.02	0.3	1.65
19791219	0.02	0.35	0.97
19791220	0.0	0.58	0.83
19791221	0.0	-1.44	0.77
19791222	0.0	-3.16	0.65
19791223	0.78	-0.99	0.59
19791224	0.03	0.33	0.94
19791225	11.34	4.57	1.48
19791226	25.18	3.75	9.9
19791227	0.91	0.74	6.84
19791228	3.77	0.53	2.67
19791229	0.09	-1.66	2.0
19791230	0.0	-1.26	1.44
19791231	0.0	-4.16	1.23
19800101	0.0	-5.76	1.14
19800102	1.62	-2.51	1.59
19800103	22.63	4.57	12.47
19800104	4.78	3.47	4.89
19800105	0.44	4.16	4.17
19800106	0.16	3.25	2.49
19800107	0.01	1.95	1.76
19800108	0.0	0.02	1.52
19800109	1.21	0.02	1.32
19800110	0.2	0.94	1.2
19800111	0.28	2.15	1.21
19800112	0.01	1.46	1.19
19800113	2.94	2.2	1.13
19800114	0.02	0.16	1.27
19800115	0.0	-0.3	0.98
19800116	0.0	-1.19	0.86
19800117	0.0	-0.32	0.79
19800118	0.0	-2.79	0.68
19800119	0.29	-1.41	0.7
19800120	2.37	0.94	0.68
19800121	8.67	0.86	0.97
19800122	1.18	1.02	1.39
19800123	0.58	0.4	1.35
19800124	0.03	0.03	1.06
19800125	0.02	-0.76	0.88
19800126	0.0	-3.52	0.66
19800127	5.96	-1.09	0.74
19800128	1.28	1.14	1.45
19800129	9.72	3.57	6.23
19800130	3.6	2.3	5.27
19800131	0.11	-3.33	2.4
19800201	5.67	-1.91	1.41
19800202	1.19	-1.17	1.17
19800203	0.27	-0.38	1.02
19800204	2.17	-0.16	0.97
19800205	2.82	0.81	1.11
19800206	0.88	0.51	1.15
19800207	5.94	1.38	1.26
19800208	3.63	4.42	7.74
19800209	7.97	3.92	9.4
19800210	3.7	4.75	5.18
19800211	8.31	5.75	3.78
19800212	6.27	6.03	8.29
19800213	0.08	5.51	3.3
19800214	2.65	4.25	2.32
19800215	0.05	4.2	1.8
19800216	0.54	5.38	1.53
19800217	0.37	6.68	1.38
19800218	2.38	5.25	1.25
19800219	0.02	3.87	1.27
19800220	2.58	4.46	1.2
19800221	6.17	4.71	2.08
19800222	0.28	3.12	2.03
19800223	0.01	3.04	1.44
19800224	0.01	1.7	1.23
19800225	0.03	2.13	1.08
19800226	0.0	1.5	0.96
19800227	0.27	3.64	0.9
19800228	0.05	6.11	0.86
19800229	0.01	4.84	0.8
19800301	0.01	4.23	0.73
19800302	0.39	1.81	0.71
19800303	0.0	1.35	0.68
19800304	1.86	3.71	0.67
19800305	0.61	2.31	0.79
19800306	7.91	2.8	1.19
19800307	1.43	3.35	1.46
19800308	0.67	3.43	1.19
19800309	2.39	3.69	0.97
19800310	0.31	1.43	1.01
19800311	6.02	5.78	2.2
19800312	0.29	2.22	2.07
19800313	1.32	0.66	1.24
19800314	0.01	2.91	1.02
19800315	0.04	1.88	0.9
19800316	6.15	1.02	0.91
19800317	3.92	0.75	1.42
19800318	0.18	-0.73	1.98
19800319	0.02	-2.18	1.05
19800320	7.16	-1.67	0.91
19800321	3.72	-3.6	0.89
19800322	0.63	-2.3	0.82
19800323	5.9	-0.22	0.88
19800324	5.29	2.45	3.04
19800325	5.76	4.47	6.27
19800326	5.72	4.23	6.63
19800327	5.18	-0.0	5.77
19800328	4.12	1.57	3.11
19800329	0.02	3.88	3.37
19800330	1.15	5.05	2.44
19800331	2.44	5.3	2.7
19800401	1.33	5.01	2.02
19800402	1.01	3.59	1.57
19800403	0.02	5.74	1.15
19800404	0.0	6.29	1.0
19800405	0.04	7.01	0.87
19800406	0.01	9.39	0.76
19800407	0.06	5.51	0.67
19800408	0.23	5.13	0.66
19800409	0.03	5.99	0.64
19800410	0.0	6.06	0.58
19800411	0.0	6.75	0.56
19800412	0.0	9.83	0.55
19800413	1.49	10.31	0.52
19800414	1.52	6.82	0.52
19800415	0.05	9.91	0.49
19800416	0.83	9.16	0.47
19800417	0.15	8.17	0.46
19800418	0.0	7.99	0.43
19800419	0.0	5.18	0.39
19800420	0.13	3.69	0.37
19800421	0.4	5.8	0.38
19800422	0.82	8.75	0.39
19800423	0.01	8.61	0.38
19800424	0.0	5.22	0.38
19800425	0.0	6.05	0.36
19800426	0.0	7.3	0.34
19800427	0.7	8.57	0.33
19800428	0.34	5.45	0.35
19800429	0.1	8.41	0.32
19800430	0.0	7.11	0.3
19800501	0.0	7.22	0.31
19800502	0.0	6.92	0.3
19800503	0.02	7.08	0.29
19800504	0.01	6.41	0.29
19800505	0.01	5.4	0.29
19800506	0.01	6.28	0.3
19800507	0.22	3.79	0.29
19800508	0.07	5.51	0.27
19800509	0.0	7.89	0.27
19800510	0.01	10.41	0.26
19800511	0.0	12.64	0.24
19800512	0.0	15.07	0.24
19800513	0.0	14.47	0.23
19800514	0.0	12.66	0.22
19800515	0.0	12.4	0.22
19800516	0.0	12.26	0.23
19800517	0.0	12.08	0.23
19800518	0.0	13.1	0.22
19800519	4.73	14.59	0.23
19800520	6.74	9.09	0.37
19800521	0.01	6.86	0.26
19800522	0.0	8.29	0.22
19800523	0.06	10.64	0.22
19800524	0.91	11.41	0.22
19800525	5.07	9.54	0.26
19800526	1.49	9.5	0.29
19800527	0.93	8.92	0.25
19800528	0.51	5.5	0.24
19800529	0.4	6.07	0.24
19800530	0.91	8.23	0.22
19800531	0.66	8.74	0.24
19800601	0.08	10.54	0.23
19800602	4.59	12.34	0.23
19800603	0.08	14.66	0.32
19800604	0.12	18.96	0.25
19800605	16.49	14.22	1.01
19800606	0.04	11.89	0.4
19800607	22.04	11.79	0.68
19800608	0.42	8.91	2.34
19800609	0.07	10.94	0.57
19800610	0.06	10.66	0.36
19800611	0.82	10.14	0.31
19800612	0.02	9.03	0.28
19800613	0.01	9.63	0.26
19800614	15.6	11.23	0.65
19800615	0.72	11.98	1.45
19800616	2.38	11.94	0.58
19800617	0.05	12.05	0.44
19800618	3.42	11.74	0.37
19800619	11.02	9.73	0.56
19800620	4.45	8.35	3.07
19800621	2.46	8.95	1.14
19800622	4.98	9.79	1.19
19800623	4.67	9.07	1.29
19800624	4.72	11.07	0.78
19800625	3.73	10.14	1.17
19800626	0.03	10.44	0.67
19800627	3.28	9.93	0.47
19800628	4.25	10.1	0.67
19800629	0.54	12.0	0.54
19800630	3.07	8.12	0.56
19800701	0.05	9.35	0.47
19800702	0.07	11.21	0.36
19800703	4.62	11.01	0.37
19800704	4.4	10.57	0.8
19800705	0.61	9.58	0.75
19800706	0.01	10.45	0.43
19800707	0.42	10.5	0.35
19800708	0.31	12.33	0.34
19800709	0.01	9.77	0.3
19800710	0.01	10.56	0.27
19800711	1.02	10.85	0.26
19800712	4.15	10.65	0.3
19800713	1.06	10.26	0.29
19800714	0.62	10.1	0.25
19800715	1.13	9.82	0.26
19800716	0.08	10.87	0.27
19800717	14.32	10.6	0.51
19800718	4.22	12.13	0.68
19800719	5.72	11.04	0.84
19800720	0.05	8.51	0.55
19800721	1.01	12.56	0.38
19800722	2.82	12.04	0.34
19800723	3.04	13.29	0.41
19800724	0.32	14.84	0.34
19800725	6.32	18.51	0.31
19800726	12.16	15.6	1.26
19800727	0.02	15.68	1.68
19800728	0.01	17.13	0.59
19800729	0.0	16.69	0.41
19800730	14.24	13.35	2.82
19800731	0.31	13.07	0.98
19800801	2.88	11.73	1.14
19800802	12.33	14.88	1.53
19800803	11.67	14.23	4.03
19800804	14.55	13.88	15.89
19800805	0.14	13.28	5.38
19800806	0.27	13.37	2.51
19800807	5.1	9.78	1.73
19800808	0.03	11.67	1.18
19800809	0.05	12.15	0.98
19800810	1.65	14.26	0.92
19800811	7.59	12.34	1.26
19800812	0.62	13.08	1.79
19800813	3.72	15.31	1.15
19800814	11.96	15.74	3.68
19800815	0.53	13.8	2.34
19800816	0.42	14.88	1.23
19800817	1.98	14.16	0.93
19800818	0.42	12.39	0.88
19800819	11.07	12.35	2.38
19800820	5.93	10.41	3.52
19800821	0.03	10.4	1.86
19800822	0.01	8.57	0.98
19800823	0.0	9.45	0.71
19800824	0.23	11.04	0.61
19800825	0.0	10.81	0.54
19800826	0.0	13.38	0.49
19800827	2.39	15.61	0.45
19800828	2.7	13.58	0.46
19800829	34.84	12.66	9.0
19800830	1.23	8.26	6.94
19800831	0.02	14.71	1.98
19800901	0.06	14.96	1.22
19800902	0.76	13.44	1.02
19800903	0.11	11.44	0.81
19800904	5.08	13.13	0.72
19800905	3.37	13.01	0.76
19800906	1.68	13.72	0.89
19800907	1.86	12.57	0.79
19800908	3.15	10.93	0.7
19800909	2.84	11.48	0.75
19800910	9.53	9.98	5.64
19800911	15.8	11.6	7.01
19800912	11.2	8.84	13.2
19800913	11.53	9.62	8.91
19800914	3.47	9.54	4.81
19800915	1.67	12.78	4.28
19800916	3.58	12.38	3.34
19800917	3.04	11.62	2.42
19800918	4.87	11.6	3.23
19800919	0.23	12.03	1.67
19800920	0.04	13.24	1.22
19800921	0.6	11.85	1.05
19800922	3.39	13.66	1.03
19800923	0.95	12.2	1.03
19800924	1.02	8.11	0.88
19800925	1.4	11.21	0.76
19800926	18.02	11.23	5.92
19800927	0.02	10.16	2.9
19800928	0.09	9.41	1.34
19800929	3.36	9.77	1.66
19800930	5.79	10.6	1.29
19801001	0.35	9.77	2.26
19801002	0.02	8.09	0.99
19801003	15.17	8.59	4.93
19801004	0.48	8.71	2.27
19801005	7.08	8.2	2.78
19801006	28.6	7.19	12.57
19801007	11.96	5.82	14.83
19801008	0.71	6.7	3.86
19801009	0.57	5.16	2.33
19801010	0.0	3.0	1.66
19801011	0.02	4.9	1.27
19801012	0.2	5.98	1.11
19801013	1.29	6.0	1.01
19801014	1.05	4.3	0.91
19801015	0.92	4.34	0.88
19801016	3.17	4.66	0.87
19801017	0.01	2.93	0.88
19801018	5.95	3.23	0.86
19801019	0.01	1.24	1.33
19801020	4.28	3.7	1.11
19801021	9.77	7.99	1.75
19801022	9.27	9.73	6.69
19801023	41.58	8.45	18.83
19801024	4.0	3.65	11.57
19801025	1.07	4.66	3.42
19801026	6.53	9.5	2.62
19801027	1.65	10.69	4.91
19801028	4.71	8.13	3.28
19801029	0.05	2.92	2.47
19801030	0.01	3.44	1.77
19801031	0.01	5.45	1.53
19801101	0.0	4.74	1.18
19801102	0.0	1.59	1.03
19801103	0.0	1.09	0.92
19801104	0.78	2.84	0.9
19801105	0.49	4.12	0.9
19801106	2.23	4.29	0.87
19801107	1.1	4.12	0.89
19801108	0.5	3.14	0.85
19801109	0.04	1.98	0.78
19801110	0.36	3.77	0.72
19801111	0.02	0.66	0.69
19801112	1.28	2.34	0.65
19801113	21.3	5.11	1.03
19801114	8.71	8.48	11.69
19801115	6.28	8.09	3.36
19801116	8.87	8.91	5.59
19801117	4.78	6.5	5.21
19801118	8.43	2.91	3.19
19801119	10.23	6.42	9.69
19801120	17.99	9.21	12.09
19801121	12.66	9.51	10.51
19801122	1.01	9.51	4.38
19801123	4.74	8.24	3.15
19801124	14.07	5.19	5.06
19801125	4.28	-1.75	6.6
19801126	7.54	1.58	7.63
19801127	2.64	0.54	4.41
19801128	0.33	-0.93	2.28
19801129	0.0	-2.42	1.59
19801130	0.09	-0.2	1.33
19801201	2.77	4.88	2.54
19801202	0.01	1.62	1.78
19801203	0.03	1.74	1.37
19801204	1.06	4.03	1.21
19801205	0.05	2.91	1.24
19801206	0.0	-1.66	0.97
19801207	0.0	-1.48	0.8
19801208	0.44	3.97	0.9
19801209	17.88	7.05	3.09
19801210	14.39	8.14	14.34
19801211	2.39	7.58	8.31
19801212	17.11	8.14	7.46
19801213	20.89	5.36	21.2
19801214	10.23	4.43	13.28
19801215	0.08	1.03	4.94
19801216	9.08	4.86	5.14
19801217	15.04	3.83	8.22
19801218	3.07	-0.75	7.46
19801219	3.43	0.05	3.5
19801220	0.08	-0.27	2.76
19801221	2.56	2.73	5.34
19801222	10.64	7.75	10.09
19801223	18.8	6.88	12.84
19801224	6.64	2.83	13.04
19801225	16.1	0.58	7.12
19801226	1.48	-1.59	4.22
19801227	4.34	3.1	9.29
19801228	4.62	7.46	10.76
19801229	1.8	7.6	6.64
19801230	10.1	6.21	6.79
19801231	7.47	1.65	9.12
19810101	15.01	4.16	9.59
19810102	29.93	4.94	29.19
19810103	2.24	1.66	9.82
19810104	0.07	-2.31	3.71
19810105	5.72	-0.44	2.63
19810106	2.5	-1.18	2.7
19810107	0.4	3.15	5.2
19810108	7.12	5.07	6.29
19810109	0.18	0.78	3.78
19810110	0.07	0.2	2.07
19810111	7.23	2.37	2.87
19810112	0.16	-2.31	2.76
19810113	17.32	2.69	8.45
19810114	3.74	1.86	13.24
19810115	0.03	-2.9	3.2
19810116	16.9	-0.79	3.84
19810117	1.04	0.27	5.32
19810118	8.6	1.88	8.99
19810119	1.79	-0.59	4.77
19810120	3.03	2.96	4.32
19810121	1.25	7.18	9.87
19810122	0.93	7.08	3.69
19810123	1.3	5.79	3.34
19810124	1.56	3.85	3.19
19810125	2.97	4.3	2.48
19810126	1.08	7.06	2.5
19810127	0.02	4.97	2.1
19810128	0.57	5.51	1.67
19810129	0.05	6.35	1.45
19810130	0.0	5.2	1.23
19810131	0.0	5.66	1.14
19810201	7.2	7.1	0.88
19810202	27.32	4.36	12.89
19810203	5.82	1.03	5.57
19810204	0.44	1.64	2.64
19810205	3.19	6.16	2.44
19810206	7.54	6.99	3.81
19810207	7.45	6.02	7.13
19810208	0.29	1.73	2.44
19810209	0.02	-0.25	1.54
19810210	0.0	-1.53	1.53
19810211	0.19	0.97	1.61
19810212	0.8	4.17	1.55
19810213	0.0	1.59	1.15
19810214	0.22	2.12	1.08
19810215	0.48	0.98	1.04
19810216	0.0	0.82	0.92
19810217	0.0	0.2	0.87
19810218	0.01	-1.12	0.74
19810219	0.02	-0.54	0.73
19810220	0.0	-0.26	0.69
19810221	0.86	-1.37	0.65
19810222	0.22	-1.13	0.62
19810223	0.0	-2.7	0.54
19810224	0.01	-1.71	0.49
19810225	0.0	-0.26	0.54
19810226	0.0	-0.07	0.49
19810227	5.38	1.49	0.54
19810228	3.14	0.99	0.66
19810301	7.22	2.68	1.79
19810302	0.81	0.66	2.38
19810303	0.24	-0.56	1.11
19810304	0.04	-1.34	0.92
19810305	16.21	0.22	1.22
19810306	16.3	5.99	14.22
19810307	12.49	8.74	17.74
19810308	1.04	5.87	6.53
19810309	7.99	5.98	3.7
19810310	12.95	7.48	13.25
19810311	2.16	8.66	3.98
19810312	1.16	6.44	3.32
19810313	0.06	5.44	2.1
19810314	4.7	3.67	1.91
19810315	0.29	2.72	1.83
19810316	0.0	2.0	1.33
19810317	3.24	3.57	1.22
19810318	1.96	2.86	1.4
19810319	6.44	2.94	1.37
19810320	3.82	3.7	2.18
19810321	5.56	3.29	2.86
19810322	0.32	0.77	2.21
19810323	10.17	3.56	5.04
19810324	8.42	8.65	4.96
19810325	3.82	7.69	3.89
19810326	0.65	6.71	2.31
19810327	4.45	8.74	1.54
19810328	3.63	4.58	3.24
19810329	0.06	7.57	1.52
19810330	0.01	6.59	1.05
19810331	0.04	6.37	1.21
19810401	0.02	6.04	1.07
19810402	0.0	5.87	0.96
19810403	0.0	6.47	0.84
19810404	0.0	8.5	0.77
19810405	0.0	6.5	0.71
19810406	0.0	5.84	0.66
19810407	0.81	4.56	0.66
19810408	0.02	5.51	0.63
19810409	0.02	7.35	0.59
19810410	0.37	10.94	0.55
19810411	2.33	10.1	0.56
19810412	2.0	4.54	0.67
19810413	0.0	4.94	0.54
19810414	0.0	6.58	0.51
19810415	0.0	7.3	0.49
19810416	0.0	7.96	0.48
19810417	0.0	5.74	0.44
19810418	0.0	6.48	0.44
19810419	0.0	4.15	0.45
19810420	0.0	7.04	0.43
19810421	0.0	7.23	0.38
19810422	0.01	0.5	0.37
19810423	4.65	2.02	0.38
19810424	1.83	0.03	0.46
19810425	0.09	0.96	0.66
19810426	0.01	1.47	0.55
19810427	0.33	6.38	0.73
19810428	0.36	8.49	0.76
19810429	2.61	9.54	0.5
19810430	0.03	4.77	0.62
19810501	0.0	2.05	0.42
19810502	9.03	5.51	0.41
19810503	8.9	4.98	2.94
19810504	0.97	1.8	1.17
19810505	2.28	5.83	0.65
19810506	6.99	8.74	0.75
19810507	2.87	12.14	0.96
19810508	0.0	8.06	0.79
19810509	3.56	10.87	0.61
19810510	0.79	8.38	0.72
19810511	0.03	12.6	0.61
19810512	2.45	15.09	0.52
19810513	0.05	13.29	0.53
19810514	0.11	7.15	0.44
19810515	2.05	10.9	0.43
19810516	4.07	7.89	0.53
19810517	1.21	10.29	0.44
19810518	3.73	11.16	0.41
19810519	0.02	10.71	0.49
19810520	1.51	12.31	0.4
19810521	0.25	11.31	0.36
19810522	1.42	10.24	0.36
19810523	1.06	9.9	0.37
19810524	0.49	7.42	0.34
19810525	1.98	9.02	0.37
19810526	1.94	9.43	0.38
19810527	7.68	10.4	0.48
19810528	0.48	8.13	0.4
19810529	0.63	12.53	0.35
19810530	0.21	13.9	0.3
19810531	1.84	12.6	0.3
19810601	0.07	13.79	0.26
19810602	11.05	11.83	0.72
19810603	6.04	11.03	0.4
19810604	3.94	10.58	0.99
19810605	2.34	11.24	1.0
19810606	1.85	9.56	0.62
19810607	13.06	9.88	1.09
19810608	12.33	10.14	7.37
19810609	1.58	8.54	2.88
19810610	8.49	9.35	1.39
19810611	0.81	7.56	3.22
19810612	8.93	12.45	1.86
19810613	17.15	13.34	12.6
19810614	1.69	13.24	4.16
19810615	2.21	9.87	2.44
19810616	0.79	8.76	1.86
19810617	1.19	10.64	1.61
19810618	3.03	11.18	1.46
19810619	0.03	11.92	1.51
19810620	0.0	10.24	1.33
19810621	0.0	14.05	1.2
19810622	0.01	13.12	0.9
19810623	0.08	10.73	0.49
19810624	0.23	10.97	0.44
19810625	0.07	8.67	0.42
19810626	0.39	7.38	0.38
19810627	0.0	8.76	0.37
19810628	0.02	8.16	0.35
19810629	1.05	12.19	0.33
19810630	2.23	10.95	0.33
19810701	3.58	10.37	0.4
19810702	0.76	10.43	0.37
19810703	1.09	11.38	0.32
19810704	0.31	13.43	0.3
19810705	8.73	12.15	0.35
19810706	3.17	12.94	0.42
19810707	0.02	14.24	0.33
19810708	1.07	14.78	0.29
19810709	0.0	11.59	0.26
19810710	5.37	14.22	0.25
19810711	8.59	14.46	1.07
19810712	0.19	11.96	0.67
19810713	0.23	13.43	0.35
19810714	0.02	12.25	0.3
19810715	3.01	12.01	0.28
19810716	1.62	11.35	0.3
19810717	6.66	10.15	0.43
19810718	1.14	13.42	0.39
19810719	0.8	11.93	0.3
19810720	0.41	11.34	0.3
19810721	17.2	11.61	1.13
19810722	9.42	10.42	5.72
19810723	0.25	9.82	2.0
19810724	0.48	10.99	0.82
19810725	1.05	12.68	0.58
19810726	0.0	14.47	0.48
19810727	0.37	15.15	0.41
19810728	2.5	13.35	0.42
19810729	0.02	11.29	0.36
19810730	0.0	12.87	0.31
19810731	0.0	12.34	0.29
19810801	0.0	12.44	0.27
19810802	0.4	15.85	0.27
19810803	6.96	13.01	0.4
19810804	0.0	15.88	0.32
19810805	0.0	13.31	0.26
19810806	0.0	14.62	0.26
19810807	0.01	14.97	0.25
19810808	0.12	11.94	0.25
19810809	0.0	10.32	0.25
19810810	0.12	14.3	0.25
19810811	0.39	16.52	0.24
19810812	0.68	14.75	0.24
19810813	0.88	14.63	0.24
19810814	0.0	12.02	0.24
19810815	0.12	9.53	0.23
19810816	0.01	10.39	0.23
19810817	3.6	12.31	0.23
19810818	2.61	12.53	0.24
19810819	7.83	10.71	1.0
19810820	0.03	12.41	0.53
19810821	0.11	12.24	0.3
19810822	0.0	9.84	0.24
19810823	0.0	15.24	0.23
19810824	0.54	16.31	0.23
19810825	0.48	13.74	0.23
19810826	0.0	14.8	0.23
19810827	0.0	15.83	0.22
19810828	0.0	17.23	0.22
19810829	1.39	16.4	0.22
19810830	0.0	13.82	0.22
19810831	0.0	11.83	0.23
19810901	0.0	9.86	0.22
19810902	0.0	11.54	0.22
19810903	0.35	15.89	0.22
19810904	13.61	15.94	0.24
19810905	0.43	10.92	0.4
19810906	0.01	11.29	0.23
19810907	2.95	14.24	0.22
19810908	0.16	12.13	0.22
19810909	0.21	14.82	0.22
19810910	7.65	14.38	0.3
19810911	0.54	10.9	0.31
19810912	1.34	9.17	0.23
19810913	0.02	9.4	0.23
19810914	14.11	12.62	0.77
19810915	0.4	11.23	0.64
19810916	10.22	12.16	0.61
19810917	15.82	13.47	3.33
19810918	1.74	10.97	2.51
19810919	35.23	10.93	10.46
19810920	6.03	10.07	6.31
19810921	2.55	10.3	1.73
19810922	0.51	9.35	1.18
19810923	38.11	9.8	20.24
19810924	2.04	9.75	4.22
19810925	4.49	8.55	2.67
19810926	29.57	9.85	18.15
19810927	13.93	9.99	11.85
19810928	2.05	10.33	5.11
19810929	1.0	10.78	3.02
19810930	1.82	12.13	2.36
19811001	46.92	5.77	23.28
19811002	9.37	5.27	16.99
19811003	5.5	6.65	6.15
19811004	3.05	7.05	4.4
19811005	0.11	4.29	3.32
19811006	6.76	5.91	2.91
19811007	7.79	5.43	5.64
19811008	17.34	6.84	13.65
19811009	8.19	7.19	12.11
19811010	3.26	5.85	5.33
19811011	1.99	3.94	3.56
19811012	0.73	2.93	2.69
19811013	0.04	1.64	2.18
19811014	0.01	1.1	1.93
19811015	1.23	3.65	1.67
19811016	0.21	2.7	1.68
19811017	0.01	2.79	1.43
19811018	14.21	5.61	3.75
19811019	0.39	5.57	3.62
19811020	0.07	4.04	1.82
19811021	0.16	3.75	1.27
19811022	0.01	3.38	1.08
19811023	3.64	5.56	1.08
19811024	0.21	3.33	1.14
19811025	0.01	1.38	0.96
19811026	7.13	2.93	1.57
19811027	3.82	4.11	2.22
19811028	12.33	4.5	2.82
19811029	18.09	3.6	10.02
19811030	5.85	6.17	6.44
19811031	2.13	6.59	3.59
19811101	20.98	8.12	14.0
19811102	3.53	8.35	4.7
19811103	10.26	8.53	6.28
19811104	0.06	5.16	3.59
19811105	0.0	4.26	2.29
19811106	0.0	2.26	1.8
19811107	0.0	2.83	1.5
19811108	0.26	5.97	1.31
19811109	3.3	8.27	1.37
19811110	14.75	8.99	5.52
19811111	0.42	7.17	5.24
19811112	0.98	5.01	2.15
19811113	0.84	5.5	1.63
19811114	0.3	6.29	1.43
19811115	10.48	3.93	2.78
19811116	5.91	3.96	3.54
19811117	5.45	4.6	4.37
19811118	8.58	3.56	4.71
19811119	13.54	6.02	6.66
19811120	4.01	4.45	6.61
19811121	5.76	7.81	6.98
19811122	10.83	8.06	5.19
19811123	2.32	2.08	6.76
19811124	0.24	0.54	2.72
19811125	8.41	4.27	4.1
19811126	18.38	6.99	12.24
19811127	6.86	2.26	6.65
19811128	0.19	1.85	4.72
19811129	11.97	4.51	5.78
19811130	2.48	1.5	6.62
19811201	0.12	-0.07	2.89
19811202	0.72	5.52	2.39
19811203	7.4	6.28	3.69
19811204	0.1	2.38	3.7
19811205	0.04	1.3	2.35
19811206	0.72	0.65	1.94
19811207	0.0	-4.17	1.61
19811208	0.01	-5.39	1.12
19811209	0.0	-6.54	0.87
19811210	0.0	-6.44	0.75
19811211	0.01	-7.02	0.71
19811212	0.44	-2.8	0.81
19811213	1.94	-1.27	0.83
19811214	0.01	-2.57	0.73
19811215	0.0	-4.57	0.66
19811216	0.0	-8.51	0.45
19811217	0.0	-10.01	0.5
19811218	0.0	-7.58	0.49
19811219	2.94	-0.64	0.49
19811220	9.58	0.23	0.49
19811221	0.55	-1.08	0.51
19811222	0.09	-6.21	0.53
19811223	0.11	-5.72	0.51
19811224	1.48	-5.12	0.52
19811225	0.3	-4.68	0.49
19811226	0.07	-0.0	0.51
19811227	1.57	-0.01	0.5
19811228	0.15	0.31	0.5
19811229	1.89	1.06	0.67
19811230	1.91	2.21	3.41
19811231	0.11	1.26	3.46
19820101	0.88	2.15	1.7
19820102	35.98	2.89	16.67
19820103	30.39	2.08	24.32
19820104	15.15	0.26	7.64
19820105	1.89	-4.87	3.54
19820106	0.01	-10.1	1.95
19820107	0.01	-9.9	2.08
19820108	0.47	-4.79	2.84
19820109	0.0	-10.23	2.81
19820110	0.0	-13.6	2.81
19820111	0.0	-10.0	2.82
19820112	0.02	-2.49	2.81
19820113	0.01	0.27	2.78
19820114	0.0	-3.67	2.78
19820115	0.03	-2.7	2.8
19820116	0.57	3.66	2.81
19820117	0.75	4.58	2.82
19820118	0.75	5.5	2.9
19820119	1.0	5.6	4.56
19820120	4.57	5.18	5.58
19820121	12.19	4.35	9.3
19820122	4.05	2.86	8.76
19820123	0.08	4.15	5.44
19820124	0.77	6.18	4.56
19820125	12.54	6.27	12.01
19820126	0.15	1.83	6.44
19820127	3.03	2.78	4.91
19820128	4.42	6.63	5.27
19820129	6.37	7.83	9.25
19820130	4.51	7.48	7.95
19820131	0.69	7.08	5.3
19820201	3.9	5.69	5.28
19820202	0.0	2.36	2.81
19820203	0.01	3.16	1.73
19820204	5.37	6.43	1.8
19820205	1.94	6.07	2.76
19820206	7.78	4.24	4.13
19820207	8.32	1.68	4.67
19820208	19.49	3.37	11.97
19820209	12.78	4.33	9.05
19820210	3.44	5.49	4.83
19820211	0.77	3.46	3.41
19820212	3.15	5.84	3.7
19820213	1.46	3.7	2.43
19820214	0.0	0.49	1.75
19820215	0.03	-0.22	1.42
19820216	0.0	-0.24	1.22
19820217	0.03	0.74	1.12
19820218	1.38	1.11	1.1
19820219	0.0	0.7	1.1
19820220	0.0	0.31	0.95
19820221	0.05	1.37	0.83
19820222	0.01	0.87	0.82
19820223	0.0	3.6	0.79
19820224	1.15	3.83	0.77
19820225	4.7	4.39	0.79
19820226	1.22	5.41	1.13
19820227	2.44	6.83	0.97
19820228	11.81	5.97	3.06
19820301	10.05	3.14	3.34
19820302	11.82	4.29	7.89
19820303	3.98	3.16	4.25
19820304	0.0	2.75	2.23
19820305	1.66	3.98	1.71
19820306	5.74	2.35	2.39
19820307	3.49	3.68	1.56
19820308	2.43	2.07	1.63
19820309	25.33	4.09	7.94
19820310	8.53	1.98	7.44
19820311	16.13	1.45	5.44
19820312	4.71	0.94	7.08
19820313	4.77	3.69	9.67
19820314	5.45	3.0	7.99
19820315	7.19	2.58	4.31
19820316	7.7	1.7	7.67
19820317	0.27	3.75	5.02
19820318	0.01	2.21	2.94
19820319	1.9	1.66	2.26
19820320	2.07	2.71	1.92
19820321	1.27	4.35	2.05
19820322	0.1	4.03	1.71
19820323	0.0	8.13	1.38
19820324	0.0	7.92	1.15
19820325	0.0	7.5	1.04
19820326	0.0	5.59	0.9
19820327	0.0	6.7	0.81
19820328	0.34	5.36	0.77
19820329	0.0	3.27	0.71
19820330	0.0	3.71	0.65
19820331	0.2	5.53	0.63
19820401	1.02	5.21	0.6
19820402	0.01	6.54	0.56
19820403	6.24	8.09	0.56
19820404	2.59	8.93	0.73
19820405	6.46	9.79	0.82
19820406	6.79	7.85	1.14
19820407	4.55	5.27	1.71
19820408	0.1	2.27	1.08
19820409	1.23	4.37	0.83
19820410	0.01	3.52	0.7
19820411	0.0	3.29	0.59
19820412	0.0	3.57	0.54
19820413	0.0	7.63	0.49
19820414	0.19	8.67	0.47
19820415	0.03	9.5	0.44
19820416	0.0	6.07	0.42
19820417	0.0	5.79	0.41
19820418	0.0	7.11	0.39
19820419	0.0	8.91	0.37
19820420	0.0	5.71	0.36
19820421	0.47	9.39	0.36
19820422	3.22	6.63	0.36
19820423	0.65	7.35	0.4
19820424	0.0	10.21	0.35
19820425	0.0	8.96	0.34
19820426	0.0	9.01	0.32
19820427	0.0	10.14	0.32
19820428	0.07	7.1	0.31
19820429	0.62	7.25	0.3
19820430	2.9	4.76	0.35
19820501	1.15	2.49	0.33
19820502	31.83	2.98	2.55
19820503	7.04	2.95	5.23
19820504	1.12	3.86	1.29
19820505	15.65	2.73	3.71
19820506	0.99	2.21	2.65
19820507	0.01	3.25	1.23
19820508	0.0	6.43	0.85
19820509	0.0	8.82	0.68
19820510	0.0	8.35	0.56
19820511	0.17	7.94	0.5
19820512	0.0	11.9	0.45
19820513	0.0	13.86	0.42
19820514	0.0	13.56	0.39
19820515	1.57	13.68	0.37
19820516	0.01	10.05	0.37
19820517	0.05	9.52	0.36
19820518	4.84	8.8	0.38
19820519	0.07	9.67	0.36
19820520	0.0	8.64	0.34
19820521	4.98	11.63	0.35
19820522	7.32	10.36	0.42
19820523	2.0	10.55	0.45
19820524	2.19	10.57	0.4
19820525	1.09	10.01	0.36
19820526	1.99	7.92	0.34
19820527	3.01	11.37	0.31
19820528	0.09	11.62	0.32
19820529	0.0	11.62	0.29
19820530	0.0	14.6	0.26
19820531	1.48	14.05	0.27
19820601	0.0	16.09	0.27
19820602	0.0	16.6	0.26
19820603	0.43	18.32	0.25
19820604	0.0	17.89	0.24
19820605	6.54	20.11	0.31
19820606	2.73	15.21	0.29
19820607	0.0	13.22	0.26
19820608	0.0	15.5	0.23
19820609	0.11	13.56	0.23
19820610	1.65	11.44	0.23
19820611	20.69	10.03	1.56
19820612	0.03	7.19	0.58
19820613	0.3	9.46	0.37
19820614	0.01	10.57	0.31
19820615	14.28	10.5	0.94
19820616	0.01	9.63	0.7
19820617	0.0	11.68	0.42
19820618	0.0	9.67	0.35
19820619	0.34	10.41	0.32
19820620	2.48	10.77	0.35
19820621	0.01	10.61	0.32
19820622	4.57	8.57	0.29
19820623	0.06	8.44	0.33
19820624	0.29	10.69	0.28
19820625	11.53	10.1	0.37
19820626	5.61	9.63	1.92
19820627	10.28	11.2	1.58
19820628	2.76	11.86	2.1
19820629	0.59	11.14	0.79
19820630	4.9	13.22	0.6
19820701	1.97	11.18	0.58
19820702	2.27	11.83	0.46
19820703	1.44	11.18	0.42
19820704	8.3	11.35	1.06
19820705	3.5	12.56	1.23
19820706	0.36	14.42	0.75
19820707	0.3	13.92	0.52
19820708	0.12	17.67	0.4
19820709	0.03	16.7	0.36
19820710	0.97	12.75	0.32
19820711	0.08	13.65	0.31
19820712	0.03	13.41	0.29
19820713	0.0	16.04	0.28
19820714	6.85	15.21	0.32
19820715	24.69	10.86	5.67
19820716	0.05	12.58	1.75
19820717	0.03	11.33	0.79
19820718	0.0	12.93	0.55
19820719	0.0	15.77	0.44
19820720	0.0	18.32	0.37
19820721	0.0	14.93	0.33
19820722	0.0	16.58	0.3
19820723	0.0	15.31	0.29
19820724	0.0	16.18	0.28
19820725	0.0	12.07	0.27
19820726	0.0	15.76	0.23
19820727	0.0	14.9	0.23
19820728	0.0	13.94	0.23
19820729	0.0	14.53	0.22
19820730	0.0	16.5	0.23
19820731	1.03	15.65	0.23
19820801	2.19	15.76	0.27
19820802	0.07	16.6	0.27
19820803	0.01	18.44	0.24
19820804	0.05	19.5	0.22
19820805	5.19	19.44	0.32
19820806	0.19	15.04	0.23
19820807	1.17	14.6	0.23
19820808	1.84	13.86	0.24
19820809	1.05	13.3	0.27
19820810	0.7	13.41	0.26
19820811	2.4	14.06	0.25
19820812	1.5	11.11	0.24
19820813	2.26	10.63	0.23
19820814	0.08	11.28	0.23
19820815	7.55	12.39	0.25
19820816	6.8	11.77	0.36
19820817	10.85	11.77	0.56
19820818	8.57	10.47	0.58
19820819	10.63	9.08	1.07
19820820	0.57	9.61	0.66
19820821	11.85	10.8	1.9
19820822	3.22	11.79	2.06
19820823	4.82	12.22	1.09
19820824	8.29	11.67	3.16
19820825	3.38	10.77	1.33
19820826	0.1	10.12	0.76
19820827	0.0	7.95	0.51
19820828	12.39	12.44	0.52
19820829	7.23	13.7	3.04
19820830	0.12	9.34	2.21
19820831	0.58	10.93	0.85
19820901	0.22	11.56	0.5
19820902	0.26	11.77	0.41
19820903	4.58	12.29	0.6
19820904	21.98	10.6	3.3
19820905	0.4	8.18	3.09
19820906	4.69	10.02	1.83
19820907	3.38	11.24	1.64
19820908	0.01	8.95	1.04
19820909	0.11	13.14	0.79
19820910	9.95	10.18	2.14
19820911	2.04	10.68	1.19
19820912	0.11	12.8	1.05
19820913	0.0	12.09	0.64
19820914	0.0	13.38	0.52
19820915	0.61	15.81	0.48
19820916	0.28	14.74	0.46
19820917	0.0	17.79	0.41
19820918	0.05	11.86	0.38
19820919	8.62	11.33	0.46
19820920	6.71	9.88	1.17
19820921	0.65	6.62	0.84
19820922	1.25	8.91	0.58
19820923	0.98	8.03	0.54
19820924	22.42	8.48	7.61
19820925	2.73	10.02	2.19
19820926	3.71	10.29	1.51
19820927	32.33	8.07	17.23
19820928	11.23	8.48	12.56
19820929	7.33	7.83	5.56
19820930	1.65	9.97	2.6
19821001	12.48	8.74	7.57
19821002	0.0	9.72	3.09
19821003	5.68	10.34	1.75
19821004	4.1	8.49	4.81
19821005	1.46	9.54	2.1
19821006	1.02	8.14	1.79
19821007	0.5	8.12	1.46
19821008	0.06	8.34	1.13
19821009	2.86	7.81	1.01
19821010	3.02	8.84	1.49
19821011	4.58	7.91	2.13
19821012	5.3	6.17	2.29
19821013	8.29	5.25	4.78
19821014	0.06	4.26	2.23
19821015	4.67	5.55	1.49
19821016	4.32	8.82	3.48
19821017	23.56	8.67	12.86
19821018	3.82	8.4	4.18
19821019	18.8	8.54	7.99
19821020	2.8	6.42	7.31
19821021	1.39	6.76	2.79
19821022	1.37	4.54	2.08
19821023	3.69	5.2	1.62
19821024	1.45	4.82	2.52
19821025	2.68	6.37	1.7
19821026	5.2	8.42	2.57
19821027	0.05	8.8	1.65
19821028	0.0	9.48	1.28
19821029	13.16	9.21	2.64
19821030	17.98	9.14	11.67
19821031	5.59	9.16	4.48
19821101	2.1	5.93	5.01
19821102	0.03	4.78	2.47
19821103	0.93	5.67	1.78
19821104	0.86	8.44	1.55
19821105	23.81	9.07	9.07
19821106	0.08	8.59	4.94
19821107	3.41	8.39	2.46
19821108	0.35	7.98	2.21
19821109	7.87	8.03	2.52
19821110	14.41	6.32	7.1
19821111	12.44	8.37	5.34
19821112	1.97	4.3	5.14
19821113	10.66	2.49	3.47
19821114	4.97	-1.23	3.02
19821115	8.46	2.95	10.07
19821116	12.97	2.51	7.31
19821117	11.76	6.67	9.11
19821118	25.57	5.04	14.94
19821119	15.63	2.7	15.15
19821120	6.79	6.14	7.67
19821121	6.64	5.44	7.77
19821122	15.63	3.09	5.39
19821123	30.24	0.72	26.61
19821124	2.91	0.99	6.27
19821125	0.02	1.24	4.1
19821126	0.01	1.04	2.71
19821127	1.24	2.05	2.14
19821128	0.04	1.42	2.01
19821129	0.0	3.41	1.69
19821130	0.0	4.81	1.44
19821201	0.0	-0.7	1.16
19821202	0.0	-0.98	1.04
19821203	0.01	3.44	1.06
19821204	5.3	4.29	1.32
19821205	3.58	1.45	1.56
19821206	0.0	-0.0	1.3
19821207	15.25	2.05	4.55
19821208	6.76	1.84	7.07
19821209	5.59	0.97	3.1
19821210	0.03	0.24	2.61
19821211	0.0	-2.23	1.67
19821212	0.05	-2.06	1.26
19821213	0.95	-0.64	1.06
19821214	21.14	5.95	6.1
19821215	16.87	4.5	16.1
19821216	8.07	-0.23	4.29
19821217	0.23	-3.0	2.64
19821218	29.06	1.52	12.54
19821219	24.15	3.1	21.5
19821220	8.16	1.79	13.31
19821221	0.0	-0.56	4.67
19821222	0.0	-3.19	2.53
19821223	5.62	3.31	3.81
19821224	1.84	6.42	4.06
19821225	4.31	7.08	3.28
19821226	6.34	3.81	3.04
19821227	8.36	2.68	6.55
19821228	0.41	4.81	3.7
19821229	1.09	6.55	2.53
19821230	10.31	3.93	6.19
19821231	17.86	4.13	9.07
19830101	9.85	3.66	9.36
19830102	11.37	4.85	10.9
19830103	8.04	4.67	6.5
19830104	7.84	3.8	6.85
19830105	19.59	5.49	10.28
19830106	2.06	1.12	5.57
19830107	6.17	2.02	4.51
19830108	12.51	4.51	6.62
19830109	4.34	4.86	7.27
19830110	3.47	7.66	5.02
19830111	18.03	5.85	7.56
19830112	6.18	1.85	7.74
19830113	11.7	2.5	6.48
19830114	0.99	5.72	6.75
19830115	0.73	7.17	3.32
19830116	1.25	6.51	2.76
19830117	9.78	2.81	5.83
19830118	1.57	-1.47	2.95
19830119	1.23	0.01	2.01
19830120	7.43	4.56	5.84
19830121	1.61	4.96	4.54
19830122	0.0	2.72	2.33
19830123	4.54	4.22	1.93
19830124	1.5	6.5	2.26
19830125	1.8	5.94	1.98
19830126	11.64	7.59	3.86
19830127	7.13	5.59	7.31
19830128	13.07	4.99	9.76
19830129	9.61	0.5	6.66
19830130	2.05	-0.61	3.4
19830131	16.69	1.72	10.2
19830201	0.12	-0.59	5.54
19830202	3.7	-0.91	2.75
19830203	0.0	-3.33	1.88
19830204	18.78	0.58	6.74
19830205	2.66	1.9	5.09
19830206	0.0	0.61	2.66
19830207	0.22	-0.48	1.8
19830208	0.02	-0.67	1.48
19830209	3.68	-0.45	1.4
19830210	0.0	-3.08	1.08
19830211	0.33	-1.41	1.1
19830212	0.8	0.54	1.1
19830213	0.02	0.96	1.25
19830214	0.28	1.54	1.27
19830215	0.06	1.97	1.29
19830216	0.7	-0.02	1.28
19830217	0.06	-2.01	1.13
19830218	0.0	-2.1	0.91
19830219	0.19	0.32	0.9
19830220	0.02	0.13	0.82
19830221	0.0	-1.15	0.77
19830222	0.0	-1.76	0.62
19830223	0.0	-1.09	0.69
19830224	0.0	1.14	0.7
19830225	0.3	4.31	0.77
19830226	8.07	2.94	1.92
19830227	7.34	3.23	2.78
19830228	0.49	0.76	1.93
19830301	1.05	2.37	1.36
19830302	13.11	5.77	1.92
19830303	1.27	3.41	5.2
19830304	0.87	4.58	1.89
19830305	10.61	6.57	4.32
19830306	2.11	6.48	5.36
19830307	0.03	5.92	2.42
19830308	0.04	5.39	1.69
19830309	0.01	7.24	1.34
19830310	1.11	4.87	1.26
19830311	0.27	3.41	1.32
19830312	3.33	5.77	1.33
19830313	1.36	6.46	1.41
19830314	0.61	4.58	1.23
19830315	3.58	6.74	1.09
19830316	5.56	7.86	2.67
19830317	5.89	7.89	4.26
19830318	14.22	6.65	6.97
19830319	9.76	5.62	5.13
19830320	9.75	2.96	4.64
19830321	10.19	0.27	5.68
19830322	3.52	3.53	6.35
19830323	4.28	1.09	6.02
19830324	3.35	2.28	3.02
19830325	0.14	2.66	3.0
19830326	3.59	2.36	2.12
19830327	0.04	0.57	1.96
19830328	0.66	3.92	1.56
19830329	9.13	4.11	3.0
19830330	5.29	2.51	4.66
19830331	0.24	3.06	3.46
19830401	1.97	2.41	2.12
19830402	0.12	0.64	1.61
19830403	4.79	1.68	1.46
19830404	1.84	1.92	2.28
19830405	4.73	1.9	2.03
19830406	0.06	1.04	1.7
19830407	4.74	2.07	1.54
19830408	1.03	3.4	1.48
19830409	0.34	2.47	1.35
19830410	0.04	2.57	1.08
19830411	0.2	1.97	0.94
19830412	0.98	5.93	0.88
19830413	0.88	6.32	0.95
19830414	0.01	7.06	0.83
19830415	0.07	7.78	0.76
19830416	11.34	3.28	1.55
19830417	0.03	1.49	1.45
19830418	0.02	4.22	0.91
19830419	2.12	2.57	0.86
19830420	2.49	4.69	0.85
19830421	0.11	2.99	0.85
19830422	3.13	5.54	0.79
19830423	5.03	7.47	1.15
19830424	0.82	6.84	1.34
19830425	0.01	7.1	0.88
19830426	0.28	7.46	0.74
19830427	1.69	7.01	0.67
19830428	5.04	6.32	0.9
19830429	1.36	5.75	1.16
19830430	0.01	6.2	0.91
19830501	1.18	5.49	0.91
19830502	5.95	4.96	0.91
19830503	0.21	6.34	0.91
19830504	0.01	8.06	0.91
19830505	11.58	8.85	0.91
19830506	3.17	10.21	0.91
19830507	10.88	9.02	0.91
19830508	4.66	7.71	0.91
19830509	1.55	5.21	0.91
19830510	8.53	5.5	0.91
19830511	2.13	6.6	0.91
19830512	10.07	7.97	0.91
19830513	4.19	7.48	0.91
19830514	3.76	8.5	0.91
19830515	1.05	8.24	0.91
19830516	1.39	9.77	0.91
19830517	1.91	7.82	0.91
19830518	1.15	7.56	0.91
19830519	6.33	7.78	0.91
19830520	5.69	8.18	0.91
19830521	5.36	8.28	0.91
19830522	0.16	5.4	0.91
19830523	0.01	8.95	0.91
19830524	0.05	9.59	0.91
19830525	0.57	9.36	0.91
19830526	0.05	7.64	0.91
19830527	6.06	6.32	0.91
19830528	0.4	6.72	0.91
19830529	0.08	6.78	0.91
19830530	1.87	9.06	0.91
19830531	1.51	10.28	0.91
19830601	17.36	7.54	0.91
19830602	1.39	6.85	0.91
19830603	10.81	8.83	0.91
19830604	0.07	11.87	0.91
19830605	0.0	6.66	0.91
19830606	0.0	9.81	0.91
19830607	2.56	14.06	0.91
19830608	6.44	13.7	0.91
19830609	0.44	10.32	0.91
19830610	3.92	11.68	0.91
19830611	1.05	10.2	0.91
19830612	4.28	9.29	0.91
19830613	3.69	9.22	0.91
19830614	4.14	8.2	0.91
19830615	0.44	9.03	0.91
19830616	2.8	9.92	0.91
19830617	0.0	11.41	0.91
19830618	0.0	14.35	0.91
19830619	0.0	17.28	0.91
19830620	0.0	14.6	0.91
19830621	0.0	12.88	0.91
19830622	0.0	14.89	0.91
19830623	0.0	9.71	0.91
19830624	0.0	11.39	0.91
19830625	0.28	14.18	0.91
19830626	0.05	11.29	0.91
19830627	0.92	10.94	0.91
19830628	4.48	10.35	0.91
19830629	0.0	10.54	0.91
19830630	0.02	11.3	0.91
19830701	15.67	11.43	0.91
19830702	0.35	11.54	0.91
19830703	0.07	12.19	0.91
19830704	0.58	14.77	0.91
19830705	0.0	14.95	0.91
19830706	0.38	19.04	0.91
19830707	0.0	16.95	0.91
19830708	0.64	18.6	0.91
19830709	0.01	18.47	0.91
19830710	0.0	16.82	0.91
19830711	0.0	20.15	0.91
19830712	0.0	21.11	0.91
19830713	0.0	19.21	0.91
19830714	0.03	18.03	0.91
19830715	0.0	11.8	0.91
19830716	0.0	14.59	0.91
19830717	0.16	16.11	0.91
19830718	0.03	11.92	0.91
19830719	0.0	12.48	0.91
19830720	0.0	13.51	0.91
19830721	0.0	15.32	0.91
19830722	0.0	19.02	0.91
19830723	0.22	18.09	0.91
19830724	2.67	17.28	0.91
19830725	4.02	16.18	0.91
19830726	0.02	15.81	0.91
19830727	0.03	15.42	0.91
19830728	0.29	15.18	0.91
19830729	0.37	13.15	0.91
19830730	0.66	15.48	0.91
19830731	0.04	10.75	0.91
19830801	0.14	9.94	0.91
19830802	0.05	10.36	0.91
19830803	8.46	12.72	0.91
19830804	0.0	12.54	0.91
19830805	0.0	13.4	0.91
19830806	0.0	15.67	0.91
19830807	0.0	14.96	0.91
19830808	0.0	15.42	0.91
19830809	0.0	15.34	0.91
19830810	0.0	16.58	0.91
19830811	0.0	13.78	0.91
19830812	0.0	13.16	0.91
19830813	0.0	15.32	0.91
19830814	0.0	18.24	0.91
19830815	3.03	14.29	0.91
19830816	0.0	10.56	0.91
19830817	6.35	16.26	0.91
19830818	0.19	15.99	0.91
19830819	0.01	17.41	0.91
19830820	0.15	16.64	0.91
19830821	5.42	16.51	0.91
19830822	0.62	16.48	0.91
19830823	10.17	13.41	0.91
19830824	0.04	16.52	0.91
19830825	0.01	16.61	0.91
19830826	0.01	16.24	0.91
19830827	0.0	13.74	0.91
19830828	0.0	11.01	0.91
19830829	0.0	14.15	0.91
19830830	0.0	13.74	0.91
19830831	3.49	14.18	0.91
19830901	0.25	12.65	0.91
19830902	12.47	12.82	0.91
19830903	0.94	9.9	0.91
19830904	13.27	11.59	0.91
19830905	5.91	9.85	0.91
19830906	0.13	6.85	0.91
19830907	3.77	9.99	0.91
19830908	11.53	10.59	0.91
19830909	4.89	10.02	0.91
19830910	1.5	8.22	0.91
19830911	0.0	6.42	0.91
19830912	0.0	8.11	0.91
19830913	3.48	9.52	0.91
19830914	7.28	11.33	0.91
19830915	7.11	10.93	0.91
19830916	1.53	10.83	0.91
19830917	4.86	10.46	0.91
19830918	5.08	10.19	0.91
19830919	16.9	8.94	0.91
19830920	5.36	6.7	0.91
19830921	0.79	7.34	0.91
19830922	16.71	10.14	0.91
19830923	0.34	14.44	0.91
19830924	0.46	6.63	0.91
19830925	0.09	10.9	0.91
19830926	0.03	14.15	0.91
19830927	0.08	13.74	0.91
19830928	0.01	11.42	0.91
19830929	1.89	9.06	0.91
19830930	0.15	10.69	0.91
19831001	6.77	12.18	0.91
19831002	2.96	12.92	0.91
19831003	16.01	14.64	0.91
19831004	14.99	12.05	0.91
19831005	6.84	9.54	0.91
19831006	7.24	8.42	0.91
19831007	9.71	7.38	0.91
19831008	8.29	5.54	0.91
19831009	7.35	8.88	0.91
19831010	20.85	6.71	0.91
19831011	17.07	7.78	0.91
19831012	9.89	9.53	0.91
19831013	2.53	7.84	0.91
19831014	9.0	7.19	0.91
19831015	23.25	6.75	0.91
19831016	16.26	6.65	0.91
19831017	8.11	8.33	0.91
19831018	16.9	8.02	0.91
19831019	1.06	5.68	0.91
19831020	0.01	2.22	0.91
19831021	0.0	3.5	0.91
19831022	0.01	7.23	0.91
19831023	7.66	2.65	0.91
19831024	0.22	4.04	0.91
19831025	1.01	8.46	0.91
19831026	2.77	8.46	0.91
19831027	2.7	3.87	0.91
19831028	0.07	0.92	0.91
19831029	2.65	5.77	0.91
19831030	2.07	8.33	0.91
19831031	3.81	10.04	0.91
19831101	1.12	7.66	0.91
19831102	0.34	7.89	0.91
19831103	0.27	8.02	0.91
19831104	0.07	6.29	0.91
19831105	0.0	7.09	0.91
19831106	0.04	8.92	0.91
19831107	0.0	10.34	0.91
19831108	0.2	9.35	0.91
19831109	0.01	8.15	0.91
19831110	0.01	8.36	0.91
19831111	0.0	7.58	0.91
19831112	0.02	6.27	0.91
19831113	0.0	1.74	0.91
19831114	0.0	1.74	0.91
19831115	0.0	3.25	0.91
19831116	0.0	3.77	0.91
19831117	0.0	3.92	0.91
19831118	0.02	5.01	0.91
19831119	1.14	3.78	0.91
19831120	0.0	0.53	0.91
19831121	0.0	-2.93	0.91
19831122	0.19	-0.3	0.91
19831123	0.04	1.51	0.91
19831124	3.6	4.94	0.91
19831125	9.28	9.5	0.91
19831126	4.23	8.21	0.91
19831127	4.37	6.04	0.91
19831128	0.7	3.1	0.91
19831129	0.0	-0.74	0.91
19831130	0.03	2.88	0.91
19831201	0.01	6.6	0.91
19831202	0.99	8.64	0.91
19831203	1.19	9.19	0.91
19831204	6.66	7.61	0.91
19831205	0.01	2.69	0.91
19831206	0.0	-0.1	0.91
19831207	7.36	5.38	0.91
19831208	6.8	6.0	0.91
19831209	0.19	0.32	0.91
19831210	0.0	-1.62	0.91
19831211	0.37	-1.01	0.91
19831212	12.64	2.21	0.91
19831213	15.14	6.63	0.91
19831214	0.89	2.65	0.91
19831215	0.01	0.51	0.91
19831216	2.07	2.98	0.91
19831217	5.28	2.69	0.91
19831218	0.41	3.18	0.91
19831219	1.18	4.86	0.91
19831220	4.49	5.23	0.91
19831221	0.2	3.56	0.91
19831222	5.56	2.9	0.91
19831223	8.48	2.39	0.91
19831224	11.55	5.67	0.91
19831225	2.15	3.38	0.91
19831226	4.57	6.06	0.91
19831227	12.96	9.35	0.91
19831228	2.3	6.6	0.91
19831229	3.32	5.1	0.91
19831230	8.02	4.57	0.91
19831231	18.22	6.01	0.91
19840101	12.76	3.08	0.91
19840102	16.89	2.98	0.91
19840103	0.64	0.19	0.91
19840104	7.39	1.62	0.91
19840105	3.1	4.03	0.91
19840106	8.92	2.41	0.91
19840107	0.97	0.93	0.91
19840108	0.01	-1.25	0.91
19840109	1.77	2.65	0.91
19840110	13.35	7.1	0.91
19840111	14.7	3.21	0.91
19840112	27.73	3.91	0.91
19840113	11.81	0.67	0.91
19840114	14.18	-1.46	0.91
19840115	12.89	-0.64	0.91
19840116	16.45	0.71	0.91
19840117	11.66	-0.4	0.91
19840118	1.23	-2.01	0.91
19840119	0.01	-6.79	0.91
19840120	0.0	-6.31	0.91
19840121	2.4	-1.93	0.91
19840122	4.94	-0.86	0.91
19840123	11.77	-2.09	0.91
19840124	3.39	-3.68	0.91
19840125	3.19	-3.53	0.91
19840126	1.86	-0.36	0.91
19840127	1.29	0.88	0.91
19840128	1.3	1.86	0.91
19840129	0.2	1.49	0.91
19840130	2.21	0.5	0.91
19840131	0.48	-1.62	0.91
19840201	5.09	2.34	0.91
19840202	7.35	3.64	0.91
19840203	9.98	2.74	0.91
19840204	27.17	2.76	0.91
19840205	18.01	2.08	0.91
19840206	14.31	0.07	0.91
19840207	10.38	0.89	0.91
19840208	0.03	0.46	0.91
19840209	0.91	2.57	0.91
19840210	2.24	5.28	0.91
19840211	0.42	4.88	0.91
19840212	0.02	3.34	0.91
19840213	0.05	2.18	0.91
19840214	0.02	1.08	0.91
19840215	0.21	1.24	0.91
19840216	4.3	3.24	0.91
19840217	0.04	3.81	0.91
19840218	0.0	1.54	0.91
19840219	0.0	-1.3	0.91
19840220	2.16	-0.15	0.91
19840221	5.76	1.83	0.91
19840222	0.85	2.71	0.91
19840223	1.77	1.2	0.91
19840224	1.91	2.11	0.91
19840225	0.4	1.43	0.91
19840226	0.0	-0.13	0.91
19840227	0.02	0.67	0.91
19840228	0.88	2.68	0.91
19840229	1.39	5.22	0.91
19840301	13.67	2.17	0.91
19840302	0.17	-0.06	0.91
19840303	9.39	3.93	0.91
19840304	0.3	5.65	0.91
19840305	0.15	6.86	0.91
19840306	0.02	7.18	0.91
19840307	0.0	5.17	0.91
19840308	0.38	4.3	0.91
19840309	0.0	4.64	0.91
19840310	0.01	4.5	0.91
19840311	8.25	3.12	0.91
19840312	0.07	2.17	0.91
19840313	0.86	1.66	0.91
19840314	0.03	1.94	0.91
19840315	0.01	-0.48	0.91
19840316	0.0	-0.24	0.91
19840317	0.0	0.27	0.91
19840318	0.0	0.26	0.91
19840319	0.0	1.15	0.91
19840320	0.0	1.24	0.91
19840321	0.0	2.25	0.91
19840322	0.0	3.09	0.91
19840323	14.32	4.08	0.91
19840324	16.88	1.19	0.91
19840325	2.47	2.71	0.91
19840326	0.59	2.1	0.91
19840327	4.49	4.06	0.91
19840328	3.3	2.88	0.91
19840329	4.2	3.7	0.91
19840330	0.41	1.09	0.91
19840331	0.64	1.44	0.91
19840401	0.0	0.35	0.91
19840402	0.0	2.29	0.91
19840403	0.0	3.38	0.91
19840404	0.0	2.99	0.91
19840405	0.0	4.17	0.91
19840406	1.26	4.0	0.91
19840407	0.04	4.56	0.91
19840408	0.02	3.72	0.91
19840409	1.13	5.62	0.91
19840410	5.25	4.91	0.91
19840411	1.01	2.59	0.91
19840412	0.44	5.88	0.91
19840413	0.63	8.01	0.91
19840414	1.69	3.99	0.91
19840415	1.81	3.91	0.91
19840416	0.02	3.03	0.91
19840417	5.23	6.16	0.91
19840418	8.46	7.32	0.91
19840419	3.07	8.44	0.91
19840420	0.05	9.94	0.91
19840421	0.28	5.98	0.91
19840422	0.0	7.02	0.91
19840423	0.0	10.26	0.91
19840424	0.01	12.08	0.91
19840425	0.0	12.21	0.91
19840426	0.0	11.86	0.91
19840427	0.0	11.93	0.91
19840428	0.0	10.23	0.91
19840429	0.0	9.15	0.91
19840430	0.0	8.88	0.91
19840501	0.0	7.57	0.91
19840502	0.0	8.36	0.91
19840503	0.09	9.29	0.91
19840504	0.03	8.34	0.91
19840505	0.02	10.66	0.91
19840506	0.0	3.91	0.91
19840507	0.0	4.47	0.91
19840508	0.0	8.33	0.91
19840509	0.02	7.48	0.91
19840510	0.47	8.39	0.91
19840511	0.0	6.06	0.91
19840512	0.0	6.9	0.91
19840513	0.0	7.76	0.91
19840514	0.0	7.49	0.91
19840515	0.0	9.78	0.91
19840516	3.66	8.48	0.91
19840517	0.01	8.65	0.91
19840518	0.0	9.26	0.91
19840519	0.13	9.76	0.91
19840520	0.75	9.3	0.91
19840521	4.6	9.07	0.91
19840522	0.09	11.92	0.91
19840523	0.0	13.59	0.91
19840524	0.18	12.3	0.91
19840525	3.81	5.28	0.91
19840526	0.98	4.22	0.91
19840527	0.0	7.62	0.91
19840528	0.0	10.33	0.91
19840529	0.08	10.11	0.91
19840530	0.0	11.9	0.91
19840531	0.57	13.57	0.91
19840601	8.55	9.28	0.91
19840602	0.05	9.61	0.91
19840603	5.63	8.39	0.91
19840604	2.02	11.48	0.91
19840605	7.27	12.08	0.91
19840606	0.9	12.44	0.91
19840607	0.0	13.17	0.91
19840608	0.0	13.88	0.91
19840609	0.0	13.01	0.91
19840610	0.0	11.1	0.91
19840611	0.02	12.69	0.91
19840612	2.89	11.88	0.91
19840613	2.78	10.25	0.91
19840614	0.0	10.54	0.91
19840615	0.0	15.31	0.91
19840616	3.63	16.05	0.91
19840617	0.01	13.84	0.91
19840618	0.01	16.39	0.91
19840619	0.04	15.54	0.91
19840620	1.59	11.88	0.91
19840621	11.42	10.13	0.91
19840622	0.75	9.43	0.91
19840623	1.61	7.85	0.91
19840624	1.11	11.33	0.91
19840625	0.08	12.95	0.91
19840626	1.61	13.2	0.91
19840627	0.07	8.97	0.91
19840628	0.0	10.09	0.91
19840629	0.02	9.29	0.91
19840630	0.0	9.18	0.91
19840701	1.1	10.72	0.91
19840702	0.0	9.51	0.91
19840703	0.0	11.19	0.91
19840704	0.0	12.35	0.91
19840705	0.0	15.71	0.91
19840706	0.0	15.97	0.91
19840707	0.0	14.59	0.91
19840708	0.0	19.46	0.91
19840709	0.25	16.11	0.91
19840710	0.48	15.2	0.91
19840711	2.02	14.71	0.91
19840712	1.53	14.26	0.91
19840713	0.02	12.4	0.91
19840714	0.05	11.78	0.91
19840715	0.01	11.52	0.91
19840716	0.0	13.8	0.91
19840717	0.0	14.62	0.91
19840718	0.0	16.56	0.91
19840719	0.0	16.39	0.91
19840720	0.0	16.84	0.91
19840721	0.0	14.53	0.91
19840722	0.0	14.07	0.91
19840723	0.0	15.4	0.91
19840724	0.0	15.84	0.91
19840725	0.0	17.49	0.91
19840726	0.04	15.96	0.91
19840727	4.27	13.36	0.91
19840728	3.82	14.16	0.91
19840729	0.02	14.54	0.91
19840730	7.44	15.7	0.91
19840731	2.57	11.18	0.91
19840801	1.58	15.0	0.91
19840802	3.92	12.18	0.91
19840803	0.05	11.79	0.91
19840804	0.0	10.31	0.91
19840805	0.61	11.81	0.91
19840806	3.89	11.06	0.91
19840807	0.0	12.38	0.91
19840808	0.01	13.46	0.91
19840809	0.0	10.87	0.91
19840810	0.0	13.49	0.91
19840811	0.0	14.16	0.91
19840812	0.0	14.37	0.91
19840813	0.0	14.64	0.91
19840814	0.03	13.21	0.91
19840815	0.01	13.78	0.91
19840816	0.01	13.25	0.91
19840817	0.0	16.76	0.91
19840818	0.32	15.62	0.91
19840819	0.0	17.29	0.91
19840820	0.0	19.23	0.91
19840821	0.0	18.27	0.91
19840822	0.0	18.5	0.91
19840823	0.0	18.16	0.91
19840824	0.0	12.67	0.91
19840825	0.0	14.29	0.91
19840826	0.01	17.92	0.91
19840827	0.0	15.55	0.91
19840828	11.86	12.9	0.91
19840829	0.44	13.42	0.91
19840830	4.91	13.22	0.91
19840831	5.06	13.48	0.91
19840901	8.15	13.73	0.91
19840902	3.13	15.42	0.91
19840903	2.26	10.56	0.91
19840904	0.02	8.04	0.91
19840905	0.0	9.09	0.91
19840906	0.0	9.6	0.91
19840907	0.34	11.38	0.91
19840908	9.69	11.01	0.91
19840909	1.63	10.4	0.91
19840910	3.13	10.17	0.91
19840911	0.39	11.21	0.91
19840912	3.46	12.15	0.91
19840913	17.98	12.7	0.91
19840914	5.4	11.55	0.91
19840915	0.22	12.59	0.91
19840916	2.49	10.18	0.91
19840917	0.04	7.26	0.91
19840918	2.76	9.86	0.91
19840919	2.67	8.42	0.91
19840920	3.51	7.68	0.91
19840921	4.44	7.32	0.91
19840922	6.77	7.19	0.91
19840923	4.61	7.76	0.91
19840924	0.03	8.63	0.91
19840925	0.0	8.75	0.91
19840926	0.79	9.56	0.91
19840927	11.36	11.69	0.91
19840928	6.68	9.26	0.91
19840929	6.77	10.33	0.91
19840930	4.64	6.12	0.91
19841001	0.29	5.08	0.91
19841002	2.13	5.31	0.91
19841003	15.23	6.09	0.91
19841004	0.01	5.41	0.91
19841005	0.0	6.71	0.91
19841006	0.71	7.74	0.91
19841007	3.4	10.43	0.91
19841008	3.11	9.76	0.91
19841009	0.73	8.31	0.91
19841010	10.38	9.05	0.91
19841011	0.75	7.64	0.91
19841012	4.93	9.45	0.91
19841013	4.21	10.6	0.91
19841014	0.7	12.28	0.91
19841015	0.02	9.95	0.91
19841016	1.13	9.31	0.91
19841017	10.94	8.46	0.91
19841018	22.08	7.53	0.91
19841019	8.71	6.82	0.91
19841020	2.42	6.02	0.91
19841021	20.32	8.95	0.91
19841022	2.47	8.24	0.91
19841023	1.64	6.91	0.91
19841024	30.85	7.98	0.91
19841025	1.47	6.71	0.91
19841026	0.53	5.49	0.91
19841027	3.43	7.59	0.91
19841028	7.25	8.74	0.91
19841029	10.01	9.86	0.91
19841030	10.1	7.85	0.91
19841031	0.93	9.97	0.91
19841101	7.66	8.33	0.91
19841102	4.52	6.27	0.91
19841103	36.72	3.17	0.91
19841104	0.0	1.16	0.91
19841105	0.03	-0.86	0.91
19841106	5.16	1.05	0.91
19841107	1.13	5.35	0.91
19841108	10.96	8.79	0.91
19841109	25.07	7.46	0.91
19841110	0.54	8.32	0.91
19841111	5.45	7.82	0.91
19841112	0.16	5.65	0.91
19841113	0.51	5.76	0.91
19841114	0.01	4.37	0.91
19841115	0.48	3.86	0.91
19841116	0.86	4.31	0.91
19841117	1.2	4.32	0.91
19841118	0.21	4.03	0.91
19841119	0.02	2.41	0.91
19841120	0.94	2.83	0.91
19841121	10.91	6.22	0.91
19841122	2.34	5.48	0.91
19841123	10.36	5.81	0.91
19841124	6.28	5.65	0.91
19841125	1.48	4.69	0.91
19841126	11.61	5.5	0.91
19841127	29.82	6.8	0.91
19841128	0.62	5.63	0.91
19841129	2.85	8.23	0.91
19841130	1.4	5.32	0.91
19841201	13.97	2.5	0.91
19841202	0.89	3.22	0.91
19841203	0.93	5.51	0.91
19841204	2.59	6.84	0.91
19841205	3.13	4.51	0.91
19841206	16.31	5.52	0.91
19841207	7.11	7.53	0.91
19841208	5.19	4.53	0.91
19841209	2.04	5.92	0.91
19841210	0.36	6.62	0.91
19841211	0.06	4.38	0.91
19841212	0.01	2.63	0.91
19841213	0.97	3.11	0.91
19841214	0.29	4.25	0.91
19841215	0.0	0.26	0.91
19841216	2.71	0.43	0.91
19841217	6.75	1.18	0.91
19841218	8.83	3.02	0.91
19841219	25.75	5.46	0.91
19841220	7.79	2.45	0.91
19841221	4.28	4.38	0.91
19841222	8.6	8.31	0.91
19841223	13.77	5.75	0.91
19841224	1.09	2.86	0.91
19841225	5.4	1.3	0.91
19841226	0.01	-3.34	0.91
19841227	0.05	-1.53	0.91
19841228	2.3	2.92	0.91
19841229	4.5	4.09	0.91
19841230	1.6	5.34	0.91
19841231	0.01	1.91	0.91
19850101	0.0	0.44	0.91
19850102	0.0	-1.57	0.91
19850103	0.0	-0.81	0.91
19850104	0.53	0.13	0.91
19850105	0.03	-0.11	0.91
19850106	0.2	0.88	0.91
19850107	0.65	-0.87	0.91
19850108	0.02	0.1	0.91
19850109	0.01	-0.46	0.91
19850110	0.02	-2.58	0.91
19850111	0.0	-3.25	0.91
19850112	0.01	-2.65	0.91
19850113	0.55	-2.77	0.91
19850114	0.15	-1.59	0.91
19850115	0.67	-2.29	0.91
19850116	2.86	-0.82	0.91
19850117	2.1	-1.28	0.91
19850118	0.01	-0.11	0.91
19850119	0.03	-3.2	0.91
19850120	1.16	-3.07	0.91
19850121	10.54	0.29	0.91
19850122	0.18	-1.43	0.91
19850123	0.01	-2.2	0.91
19850124	1.99	-2.59	0.91
19850125	0.02	-5.23	0.91
19850126	0.0	-6.61	0.91
19850127	2.08	-1.16	0.91
19850128	2.28	3.8	0.91
19850129	0.51	4.76	0.91
19850130	13.95	5.31	0.91
19850131	5.35	5.78	0.91
19850201	5.82	5.78	0.91
19850202	1.13	4.04	0.91
19850203	0.29	5.25	0.91
19850204	0.0	4.12	0.91
19850205	0.01	2.66	0.91
19850206	0.13	3.06	0.91
19850207	2.78	0.47	0.91
19850208	0.01	-1.28	0.91
19850209	0.0	-3.11	0.91
19850210	0.0	-3.97	0.91
19850211	0.0	-5.88	0.91
19850212	0.0	-4.82	0.91
19850213	0.61	-1.9	0.91
19850214	0.02	-4.73	0.91
19850215	0.0	-4.25	0.91
19850216	0.0	-2.34	0.91
19850217	0.01	-0.76	0.91
19850218	0.64	0.23	0.91
19850219	6.8	1.52	0.91
19850220	0.06	2.78	0.91
19850221	0.01	3.74	0.91
19850222	13.23	5.08	0.91
19850223	2.27	6.74	0.91
19850224	0.01	3.84	0.91
19850225	0.2	4.55	0.91
19850226	0.04	3.79	0.91
19850227	0.0	4.86	0.91
19850228	0.0	4.35	0.91
19850301	0.88	1.16	0.91
19850302	0.16	2.83	0.91
19850303	10.63	4.12	0.91
19850304	0.39	3.33	0.91
19850305	0.0	5.02	0.91
19850306	0.62	4.72	0.91
19850307	0.0	3.85	0.91
19850308	0.37	5.54	0.91
19850309	4.15	6.94	0.91
19850310	0.01	3.16	0.91
19850311	0.0	3.33	0.91
19850312	2.75	4.42	0.91
19850313	0.04	2.77	0.91
19850314	0.31	0.92	0.91
19850315	1.38	-0.96	0.91
19850316	0.02	-0.34	0.91
19850317	0.02	-0.72	0.91
19850318	0.0	0.52	0.91
19850319	0.0	-1.82	0.91
19850320	0.03	-0.56	0.91
19850321	0.03	0.6	0.91
19850322	1.89	3.31	0.91
19850323	8.01	2.35	0.91
19850324	10.65	1.71	0.91
19850325	0.64	2.86	0.91
19850326	0.47	2.46	0.91
19850327	1.34	2.58	0.91
19850328	4.7	2.46	0.91
19850329	26.87	0.53	0.91
19850330	10.1	4.63	0.91
19850331	12.37	6.47	0.91
19850401	12.52	7.31	0.91
19850402	1.29	9.09	0.91
19850403	0.44	9.29	0.91
19850404	3.09	8.42	0.91
19850405	3.97	8.0	0.91
19850406	1.92	6.15	0.91
19850407	1.21	6.86	0.91
19850408	2.4	4.03	0.91
19850409	1.87	3.94	0.91
19850410	9.39	3.77	0.91
19850411	2.5	3.78	0.91
19850412	5.26	4.95	0.91
19850413	3.29	5.23	0.91
19850414	0.51	4.76	0.91
19850415	3.08	7.49	0.91
19850416	0.34	9.18	0.91
19850417	0.0	8.28	0.91
19850418	2.73	11.21	0.91
19850419	1.04	5.03	0.91
19850420	0.11	4.94	0.91
19850421	0.0	3.58	0.91
19850422	0.01	7.31	0.91
19850423	0.0	2.95	0.91
19850424	0.79	6.23	0.91
19850425	0.16	2.96	0.91
19850426	2.19	4.6	0.91
19850427	0.03	0.95	0.91
19850428	6.51	2.37	0.91
19850429	1.96	6.8	0.91
19850430	1.4	6.58	0.91
19850501	0.19	4.45	0.91
19850502	0.01	5.13	0.91
19850503	0.02	6.52	0.91
19850504	0.0	5.91	0.91
19850505	2.87	5.99	0.91
19850506	0.03	6.57	0.91
19850507	0.0	9.28	0.91
19850508	0.01	11.1	0.91
19850509	0.37	8.07	0.91
19850510	0.05	6.49	0.91
19850511	0.0	5.93	0.91
19850512	0.0	8.81	0.91
19850513	0.01	10.29	0.91
19850514	12.67	8.2	0.91
19850515	0.39	9.25	0.91
19850516	0.02	10.01	0.91
19850517	1.16	12.37	0.91
19850518	5.46	10.05	0.91
19850519	0.06	7.74	0.91
19850520	0.0	8.3	0.91
19850521	0.0	8.24	0.91
19850522	0.0	8.66	0.91
19850523	12.26	10.29	0.91
19850524	2.37	8.35	0.91
19850525	10.46	10.99	0.91
19850526	0.09	12.6	0.91
19850527	1.08	9.87	0.91
19850528	0.04	8.44	0.91
19850529	0.02	7.59	0.91
19850530	0.0	11.33	0.91
19850531	0.01	11.36	0.91
19850601	0.0	12.51	0.91
19850602	0.0	13.17	0.91
19850603	0.0	13.57	0.91
19850604	0.0	13.77	0.91
19850605	0.02	8.52	0.91
19850606	4.34	6.55	0.91
19850607	5.0	5.37	0.91
19850608	4.2	8.3	0.91
19850609	1.63	8.68	0.91
19850610	1.31	10.26	0.91
19850611	8.76	8.13	0.91
19850612	1.37	7.24	0.91
19850613	8.88	6.62	0.91
19850614	1.83	7.49	0.91
19850615	0.0	7.67	0.91
19850616	0.0	9.51	0.91
19850617	3.01	9.57	0.91
19850618	0.23	8.57	0.91
19850619	0.09	10.94	0.91
19850620	0.08	13.69	0.91
19850621	1.24	11.73	0.91
19850622	5.17	11.84	0.91
19850623	18.33	11.22	0.91
19850624	2.14	10.1	0.91
19850625	1.4	11.75	0.91
19850626	0.83	10.93	0.91
19850627	2.55	10.43	0.91
19850628	2.6	9.96	0.91
19850629	1.11	11.08	0.91
19850630	1.74	13.01	0.91
19850701	0.02	11.92	0.91
19850702	0.01	16.3	0.91
19850703	0.54	16.41	0.91
19850704	4.7	19.06	0.91
19850705	4.68	12.17	0.91
19850706	0.02	11.05	0.91
19850707	2.18	12.94	0.91
19850708	3.11	12.0	0.91
19850709	0.01	11.42	0.91
19850710	2.54	13.67	0.91
19850711	9.68	14.01	0.91
19850712	4.31	11.48	0.91
19850713	12.15	12.44	0.91
19850714	0.11	10.25	0.91
19850715	7.47	10.96	0.91
19850716	2.84	12.3	0.91
19850717	20.41	11.15	0.91
19850718	2.53	10.32	0.91
19850719	2.14	10.14	0.91
19850720	3.84	10.01	0.91
19850721	9.79	11.79	0.91
19850722	18.41	10.96	0.91
19850723	7.11	13.09	0.91
19850724	0.21	16.56	0.91
19850725	0.76	17.96	0.91
19850726	26.69	12.96	0.91
19850727	2.72	12.03	0.91
19850728	11.82	12.87	0.91
19850729	2.2	12.64	0.91
19850730	0.02	14.0	0.91
19850731	0.0	11.94	0.91
19850801	11.87	11.87	0.91
19850802	17.41	12.07	0.91
19850803	5.66	11.12	0.91
19850804	0.72	11.38	0.91
19850805	0.29	11.8	0.91
19850806	0.05	11.4	0.91
19850807	0.89	10.46	0.91
19850808	2.63	8.84	0.91
19850809	1.4	9.7	0.91
19850810	1.56	11.34	0.91
19850811	19.99	10.09	0.91
19850812	5.41	11.29	0.91
19850813	2.41	12.0	0.91
19850814	21.05	11.45	0.91
19850815	19.44	11.26	0.91
19850816	5.36	11.34	0.91
19850817	1.73	13.93	0.91
19850818	1.23	14.3	0.91
19850819	4.05	13.62	0.91
19850820	17.99	12.8	0.91
19850821	4.43	11.55	0.91
19850822	1.02	10.85	0.91
19850823	9.74	11.25	0.91
19850824	9.67	11.13	0.91
19850825	1.89	9.59	0.91
19850826	7.02	10.95	0.91
19850827	9.52	12.65	0.91
19850828	0.84	9.51	0.91
19850829	2.27	11.75	0.91
19850830	1.27	12.52	0.91
19850831	18.43	11.51	0.91
19850901	0.16	10.99	0.91
19850902	20.52	10.16	0.91
19850903	1.14	8.34	0.91
19850904	4.83	8.37	0.91
19850905	2.41	7.05	0.91
19850906	2.99	8.14	0.91
19850907	18.71	7.99	0.91
19850908	0.06	10.83	0.91
19850909	0.02	13.61	0.91
19850910	0.01	11.59	0.91
19850911	0.0	12.98	0.91
19850912	6.04	13.45	0.91
19850913	8.4	11.28	0.91
19850914	17.91	10.19	0.91
19850915	6.31	9.54	0.91
19850916	9.92	10.65	0.91
19850917	6.35	9.82	0.91
19850918	20.94	10.89	0.91
19850919	0.46	8.47	0.91
19850920	47.6	9.2	0.91
19850921	45.94	8.09	0.91
19850922	21.89	9.88	0.91
19850923	1.85	11.71	0.91
19850924	0.05	9.9	0.91
19850925	0.75	12.57	0.91
19850926	0.34	14.99	0.91
19850927	0.0	14.6	0.91
19850928	0.0	14.23	0.91
19850929	0.0	15.61	0.91
19850930	22.25	15.37	0.91
19851001	0.97	14.86	0.91
19851002	10.04	12.75	0.91
19851003	12.38	11.73	0.91
19851004	8.76	10.75	0.91
19851005	1.71	10.85	0.91
19851006	1.26	9.15	0.91
19851007	3.32	8.45	0.91
19851008	1.4	7.67	0.91
19851009	2.15	8.24	0.91
19851010	5.78	10.34	0.91
19851011	0.01	6.36	0.91
19851012	0.0	8.05	0.91
19851013	0.02	9.29	0.91
19851014	0.0	12.14	0.91
19851015	0.0	9.92	0.91
19851016	0.0	9.34	0.91
19851017	0.0	8.82	0.91
19851018	0.0	7.07	0.91
19851019	0.0	8.13	0.91
19851020	0.0	8.28	0.91
19851021	0.0	7.04	0.91
19851022	0.0	5.25	0.91
19851023	0.0	6.92	0.91
19851024	0.0	5.15	0.91
19851025	0.0	5.16	0.91
19851026	0.0	5.99	0.91
19851027	0.01	6.65	0.91
19851028	0.0	5.89	0.91
19851029	0.0	6.37	0.91
19851030	0.2	6.0	0.91
19851031	0.02	1.55	0.91
19851101	1.84	1.9	0.91
19851102	0.02	-0.28	0.91
19851103	0.11	3.63	0.91
19851104	20.51	5.99	0.91
19851105	0.64	1.95	0.91
19851106	12.41	3.89	0.91
19851107	3.7	4.48	0.91
19851108	5.1	7.49	0.91
19851109	4.68	2.01	0.91
19851110	0.03	0.3	0.91
19851111	0.01	-0.99	0.91
19851112	0.0	-1.46	0.91
19851113	0.39	0.8	0.91
19851114	5.33	3.0	0.91
19851115	6.38	3.25	0.91
19851116	1.89	1.51	0.91
19851117	0.05	2.23	0.91
19851118	0.03	1.21	0.91
19851119	0.14	0.86	0.91
19851120	1.27	1.19	0.91
19851121	0.67	-0.41	0.91
19851122	0.74	0.82	0.91
19851123	0.47	2.2	0.91
19851124	0.56	1.39	0.91
19851125	0.0	-0.6	0.91
19851126	0.02	-1.54	0.91
19851127	0.04	-2.55	0.91
19851128	2.79	-4.69	0.91
19851129	0.02	-3.67	0.91
19851130	16.06	5.65	0.91
19851201	6.56	9.77	0.91
19851202	5.02	9.75	0.91
19851203	4.96	7.92	0.91
19851204	3.16	6.8	0.91
19851205	4.03	3.56	0.91
19851206	9.36	2.26	0.91
19851207	11.52	1.55	0.91
19851208	1.28	1.65	0.91
19851209	0.04	-0.33	0.91
19851210	2.0	1.81	0.91
19851211	4.05	4.96	0.91
19851212	14.17	6.91	0.91
19851213	0.17	6.66	0.91
19851214	3.5	8.86	0.91
19851215	0.79	8.72	0.91
19851216	2.98	8.75	0.91
19851217	7.45	6.39	0.91
19851218	5.73	3.84	0.91
19851219	11.22	4.97	0.91
19851220	30.91	7.16	0.91
19851221	5.39	5.41	0.91
19851222	7.04	3.74	0.91
19851223	1.55	4.34	0.91
19851224	0.07	3.37	0.91
19851225	4.08	1.33	0.91
19851226	0.0	-3.56	0.91
19851227	0.0	-4.67	0.91
19851228	0.0	-6.52	0.91
19851229	0.0	-5.72	0.91
19851230	1.15	0.66	0.91
19851231	6.55	1.75	0.91
19860101	0.24	1.3	0.91
19860102	0.27	-0.51	0.91
19860103	0.02	-3.7	0.91
19860104	2.94	-2.01	0.91
19860105	0.77	-3.27	0.91
19860106	0.01	-4.28	0.91
19860107	0.02	-1.06	0.91
19860108	0.82	0.29	0.91
19860109	15.1	4.31	0.91
19860110	8.27	3.83	0.91
19860111	8.93	3.0	0.91
19860112	9.23	5.54	0.91
19860113	22.66	4.17	0.91
19860114	5.74	2.79	0.91
19860115	0.0	0.21	0.91
19860116	0.0	-0.82	0.91
19860117	11.16	2.56	0.91
19860118	10.36	2.67	0.91
19860119	5.51	2.31	0.91
19860120	9.58	4.35	0.91
19860121	10.85	2.03	0.91
19860122	14.13	2.1	0.91
19860123	0.4	0.12	0.91
19860124	0.0	-2.81	0.91
19860125	0.01	-2.51	0.91
19860126	1.43	1.48	0.91
19860127	0.12	0.08	0.91
19860128	1.88	-1.43	0.91
19860129	4.2	-0.63	0.91
19860130	2.13	1.08	0.91
19860131	0.94	0.78	0.91
19860201	0.3	0.31	0.91
19860202	1.54	0.31	0.91
19860203	0.76	0.37	0.91
19860204	0.18	-1.18	0.91
19860205	3.14	-1.99	0.91
19860206	0.92	-2.42	0.91
19860207	0.2	-2.83	0.91
19860208	0.0	-2.18	0.91
19860209	0.17	-1.54	0.91
19860210	0.01	-3.57	0.91
19860211	0.0	-4.65	0.91
19860212	0.0	-2.7	0.91
19860213	0.0	-1.23	0.91
19860214	0.35	-1.56	0.91
19860215	0.04	-0.99	0.91
19860216	0.01	-0.56	0.91
19860217	0.02	-0.87	0.91
19860218	0.0	-0.83	0.91
19860219	0.02	-2.08	0.91
19860220	1.65	-2.28	0.91
19860221	3.68	-6.84	0.91
19860222	1.05	-5.72	0.91
19860223	0.08	-4.83	0.91
19860224	0.01	-2.26	0.91
19860225	0.0	-3.66	0.91
19860226	0.0	-5.05	0.91
19860227	0.02	-3.24	0.91
19860228	0.01	-1.93	0.91
19860301	0.0	-5.48	0.91
19860302	0.01	-3.44	0.91
19860303	9.24	2.54	0.91
19860304	12.25	5.29	0.91
19860305	2.01	3.22	0.91
19860306	0.41	3.54	0.91
19860307	0.01	4.56	0.91
19860308	1.18	4.41	0.91
19860309	0.57	4.06	0.91
19860310	0.24	4.16	0.91
19860311	0.21	4.56	0.91
19860312	0.0	3.76	0.91
19860313	1.43	3.71	0.91
19860314	1.49	6.26	0.91
19860315	2.99	7.45	0.91
19860316	1.76	4.18	0.91
19860317	1.21	4.1	0.91
19860318	2.68	0.89	0.91
19860319	16.33	4.36	0.91
19860320	9.42	2.58	0.91
19860321	15.63	5.5	0.91
19860322	20.97	4.14	0.91
19860323	7.57	1.01	0.91
19860324	1.99	1.9	0.91
19860325	0.64	3.27	0.91
19860326	5.49	3.91	0.91
19860327	0.64	3.21	0.91
19860328	2.45	3.85	0.91
19860329	3.34	2.84	0.91
19860330	0.38	0.72	0.91
19860331	0.02	1.93	0.91
19860401	0.08	2.69	0.91
19860402	2.63	2.84	0.91
19860403	0.01	1.44	0.91
19860404	0.41	2.89	0.91
19860405	0.16	2.9	0.91
19860406	0.68	1.2	0.91
19860407	0.27	2.05	0.91
19860408	0.01	2.44	0.91
19860409	0.55	4.02	0.91
19860410	0.01	-0.64	0.91
19860411	0.09	4.2	0.91
19860412	0.92	4.28	0.91
19860413	2.29	2.99	0.91
19860414	2.46	2.43	0.91
19860415	7.06	1.25	0.91
19860416	4.52	0.73	0.91
19860417	0.04	1.63	0.91
19860418	1.17	3.85	0.91
19860419	12.83	4.45	0.91
19860420	0.31	3.91	0.91
19860421	0.66	4.05	0.91
19860422	3.56	3.84	0.91
19860423	7.05	2.83	0.91
19860424	0.23	5.6	0.91
19860425	0.37	6.73	0.91
19860426	0.29	6.71	0.91
19860427	2.46	6.8	0.91
19860428	5.09	5.3	0.91
19860429	19.15	5.93	0.91
19860430	1.7	8.24	0.91
19860501	0.0	7.45	0.91
19860502	2.7	12.03	0.91
19860503	2.36	9.13	0.91
19860504	1.05	9.16	0.91
19860505	2.99	7.42	0.91
19860506	16.09	7.89	0.91
19860507	13.99	5.58	0.91
19860508	3.31	8.18	0.91
19860509	16.41	9.33	0.91
19860510	5.36	9.35	0.91
19860511	4.63	9.29	0.91
19860512	9.7	8.32	0.91
19860513	1.33	5.77	0.91
19860514	1.94	5.53	0.91
19860515	1.88	6.61	0.91
19860516	0.0	7.4	0.91
19860517	3.99	9.87	0.91
19860518	1.05	10.3	0.91
19860519	0.42	8.66	0.91
19860520	5.79	10.83	0.91
19860521	7.24	6.92	0.91
19860522	3.95	7.81	0.91
19860523	3.3	9.03	0.91
19860524	8.61	8.95	0.91
19860525	13.72	9.57	0.91
19860526	7.77	7.84	0.91
19860527	8.48	6.42	0.91
19860528	3.1	6.96	0.91
19860529	0.2	8.8	0.91
19860530	3.0	9.02	0.91
19860531	2.36	10.65	0.91
19860601	0.93	11.02	0.91
19860602	2.31	12.36	0.91
19860603	0.25	7.63	0.91
19860604	0.04	6.51	0.91
19860605	0.0	6.84	0.91
19860606	0.0	8.61	0.91
19860607	0.0	8.26	0.91
19860608	12.82	10.4	0.91
19860609	6.5	8.75	0.91
19860610	18.01	5.74	0.91
19860611	0.0	8.49	0.91
19860612	9.77	10.71	0.91
19860613	0.02	13.13	0.91
19860614	0.0	16.01	0.91
19860615	0.0	16.69	0.91
19860616	1.99	17.65	0.91
19860617	11.2	11.09	0.91
19860618	0.01	8.7	0.91
19860619	0.0	11.48	0.91
19860620	0.0	8.96	0.91
19860621	0.0	11.84	0.91
19860622	0.79	12.14	0.91
19860623	1.26	10.24	0.91
19860624	0.27	11.49	0.91
19860625	0.0	13.73	0.91
19860626	0.0	17.82	0.91
19860627	0.0	18.58	0.91
19860628	0.0	19.96	0.91
19860629	0.0	18.09	0.91
19860630	0.0	17.45	0.91
19860701	0.0	14.7	0.91
19860702	0.06	14.63	0.91
19860703	3.63	14.14	0.91
19860704	1.57	12.52	0.91
19860705	0.4	11.19	0.91
19860706	0.42	10.09	0.91
19860707	2.07	11.12	0.91
19860708	0.0	9.77	0.91
19860709	0.25	10.36	0.91
19860710	0.0	9.16	0.91
19860711	0.0	13.23	0.91
19860712	0.0	13.56	0.91
19860713	0.47	15.49	0.91
19860714	2.27	17.7	0.91
19860715	1.92	16.38	0.91
19860716	1.24	13.4	0.91
19860717	0.44	10.76	0.91
19860718	0.32	11.32	0.91
19860719	3.18	11.42	0.91
19860720	0.39	12.23	0.91
19860721	0.29	11.2	0.91
19860722	0.02	10.4	0.91
19860723	0.14	8.96	0.91
19860724	3.43	12.06	0.91
19860725	0.58	11.51	0.91
19860726	3.91	12.78	0.91
19860727	7.12	12.99	0.91
19860728	33.99	14.33	0.91
19860729	0.62	10.4	0.91
19860730	15.47	11.13	0.91
19860731	1.86	9.51	0.91
19860801	7.63	11.71	0.91
19860802	4.21	11.19	0.91
19860803	0.28	11.46	0.91
19860804	3.77	10.84	0.91
19860805	16.64	11.79	0.91
19860806	15.4	12.12	0.91
19860807	4.65	12.47	0.91
19860808	0.01	9.66	0.91
19860809	0.01	11.2	0.91
19860810	0.0	11.73	0.91
19860811	0.0	11.51	0.91
19860812	1.29	13.81	0.91
19860813	11.0	12.12	0.91
19860814	10.06	11.73	0.91
19860815	8.48	11.18	0.91
19860816	0.51	12.27	0.91
19860817	2.15	11.02	0.91
19860818	0.91	9.96	0.91
19860819	3.28	9.92	0.91
19860820	0.02	10.86	0.91
19860821	2.45	9.75	0.91
19860822	0.01	7.65	0.91
19860823	0.0	9.33	0.91
19860824	0.0	9.77	0.91
19860825	2.84	9.91	0.91
19860826	0.12	9.23	0.91
19860827	0.63	9.5	0.91
19860828	0.79	9.81	0.91
19860829	0.02	9.02	0.91
19860830	0.0	7.12	0.91
19860831	1.83	9.31	0.91
19860901	0.05	11.55	0.91
19860902	18.7	9.91	0.91
19860903	0.02	10.07	0.91
19860904	0.73	10.45	0.91
19860905	8.43	9.33	0.91
19860906	0.25	8.9	0.91
19860907	0.0	7.76	0.91
19860908	0.0	8.0	0.91
19860909	0.0	6.64	0.91
19860910	0.01	6.14	0.91
19860911	0.1	6.12	0.91
19860912	0.0	6.17	0.91
19860913	0.14	5.82	0.91
19860914	0.05	5.17	0.91
19860915	0.02	5.23	0.91
19860916	0.0	6.51	0.91
19860917	0.01	4.71	0.91
19860918	0.0	6.71	0.91
19860919	0.02	10.74	0.91
19860920	1.44	11.75	0.91
19860921	2.72	11.89	0.91
19860922	0.3	11.73	0.91
19860923	0.0	11.14	0.91
19860924	0.0	9.84	0.91
19860925	1.28	8.94	0.91
19860926	1.64	7.02	0.91
19860927	1.29	10.66	0.91
19860928	1.92	13.94	0.91
19860929	0.2	12.99	0.91
19860930	0.01	13.44	0.91
19861001	2.09	10.01	0.91
19861002	0.27	8.88	0.91
19861003	0.0	10.7	0.91
19861004	1.06	12.71	0.91
19861005	1.14	12.12	0.91
19861006	4.09	13.02	0.91
19861007	0.1	9.45	0.91
19861008	2.78	11.89	0.91
19861009	0.12	10.51	0.91
19861010	0.22	8.84	0.91
19861011	0.0	8.98	0.91
19861012	0.0	8.06	0.91
19861013	0.65	9.51	0.91
19861014	1.63	6.96	0.91
19861015	0.01	8.4	0.91
19861016	0.0	7.99	0.91
19861017	3.06	9.39	0.91
19861018	12.2	4.98	0.91
19861019	10.83	2.61	0.91
19861020	22.06	4.12	0.91
19861021	24.17	4.24	0.91
19861022	17.05	2.57	0.91
19861023	1.66	4.57	0.91
19861024	9.68	7.1	0.91
19861025	0.08	6.24	0.91
19861026	17.34	8.97	0.91
19861027	7.67	9.68	0.91
19861028	6.79	6.82	0.91
19861029	11.46	6.81	0.91
19861030	5.42	5.43	0.91
19861031	0.45	3.51	0.91
19861101	0.0	0.35	0.91
19861102	8.92	3.1	0.91
19861103	2.07	5.9	0.91
19861104	18.4	7.62	0.91
19861105	1.51	6.98	0.91
19861106	13.12	7.95	0.91
19861107	13.39	6.31	0.91
19861108	12.82	5.05	0.91
19861109	5.09	8.25	0.91
19861110	1.01	6.36	0.91
19861111	1.58	4.13	0.91
19861112	2.35	7.43	0.91
19861113	7.13	7.41	0.91
19861114	8.14	7.04	0.91
19861115	12.54	7.41	0.91
19861116	2.59	5.0	0.91
19861117	8.83	2.56	0.91
19861118	3.9	1.71	0.91
19861119	4.71	2.69	0.91
19861120	2.32	-0.53	0.91
19861121	3.03	1.14	0.91
19861122	19.5	4.41	0.91
19861123	3.19	6.2	0.91
19861124	35.17	9.67	0.91
19861125	4.08	6.14	0.91
19861126	6.02	5.52	0.91
19861127	0.28	8.39	0.91
19861128	2.62	7.02	0.91
19861129	0.81	7.3	0.91
19861130	5.16	7.81	0.91
19861201	5.91	5.12	0.91
19861202	26.84	7.89	0.91
19861203	15.25	8.36	0.91
19861204	19.41	7.23	0.91
19861205	3.6	2.71	0.91
19861206	1.86	4.11	0.91
19861207	11.04	5.03	0.91
19861208	11.92	3.21	0.91
19861209	1.07	1.95	0.91
19861210	5.48	3.45	0.91
19861211	2.64	2.98	0.91
19861212	9.84	3.29	0.91
19861213	0.58	1.12	0.91
19861214	9.46	1.38	0.91
19861215	4.64	1.83	0.91
19861216	12.08	2.46	0.91
19861217	15.69	3.28	0.91
19861218	7.12	0.32	0.91
19861219	11.09	0.54	0.91
19861220	0.04	0.51	0.91
19861221	0.01	-0.58	0.91
19861222	0.06	-0.85	0.91
19861223	0.46	1.19	0.91
19861224	7.53	4.78	0.91
19861225	1.29	1.87	0.91
19861226	4.01	1.49	0.91
19861227	6.74	4.85	0.91
19861228	26.58	5.6	0.91
19861229	15.29	1.94	0.91
19861230	21.77	3.41	0.91
19861231	5.02	2.33	0.91
19870101	14.91	1.42	0.91
19870102	0.05	-2.28	0.91
19870103	10.71	1.33	0.91
19870104	8.04	4.21	0.91
19870105	2.61	1.19	0.91
19870106	0.0	-1.86	0.91
19870107	0.0	-3.57	0.91
19870108	0.0	-2.74	0.91
19870109	0.0	-1.79	0.91
19870110	0.07	-4.14	0.91
19870111	0.11	-8.01	0.91
19870112	12.96	-7.5	0.91
19870113	3.07	-5.59	0.91
19870114	0.72	-1.71	0.91
19870115	0.23	-0.18	0.91
19870116	0.0	-1.16	0.91
19870117	0.01	-1.57	0.91
19870118	1.7	-0.35	0.91
19870119	10.67	3.57	0.91
19870120	1.01	6.38	0.91
19870121	1.29	5.36	0.91
19870122	0.03	3.43	0.91
19870123	0.06	2.21	0.91
19870124	0.0	1.55	0.91
19870125	0.03	1.52	0.91
19870126	0.0	0.56	0.91
19870127	0.0	-1.31	0.91
19870128	0.0	-0.78	0.91
19870129	0.0	-0.61	0.91
19870130	0.0	-3.29	0.91
19870131	0.0	-3.2	0.91
19870201	2.49	0.27	0.91
19870202	1.44	3.55	0.91
19870203	0.04	2.83	0.91
19870204	11.43	4.97	0.91
19870205	8.54	7.21	0.91
19870206	0.77	3.24	0.91
19870207	3.62	3.91	0.91
19870208	0.08	4.45	0.91
19870209	17.78	1.86	0.91
19870210	1.24	2.22	0.91
19870211	0.13	1.18	0.91
19870212	0.01	-0.16	0.91
19870213	0.13	-1.48	0.91
19870214	0.0	-1.32	0.91
19870215	0.01	-1.33	0.91
19870216	0.02	-2.48	0.91
19870217	0.0	-1.09	0.91
19870218	1.58	0.1	0.91
19870219	0.37	2.78	0.91
19870220	0.0	1.31	0.91
19870221	0.01	1.35	0.91
19870222	0.34	2.76	0.91
19870223	0.0	-0.24	0.91
19870224	0.01	0.44	0.91
19870225	1.2	0.28	0.91
19870226	3.78	3.78	0.91
19870227	3.87	8.01	0.91
19870228	0.15	6.79	0.91
19870301	22.62	5.43	0.91
19870302	0.01	2.16	0.91
19870303	1.96	0.45	0.91
19870304	2.32	2.55	0.91
19870305	8.16	2.03	0.91
19870306	2.1	1.2	0.91
19870307	4.61	-0.77	0.91
19870308	0.0	-0.36	0.91
19870309	0.0	-0.77	0.91
19870310	0.0	-0.78	0.91
19870311	0.0	-0.96	0.91
19870312	0.0	0.96	0.91
19870313	2.69	2.38	0.91
19870314	0.69	3.63	0.91
19870315	0.01	2.4	0.91
19870316	6.71	3.41	0.91
19870317	2.44	2.62	0.91
19870318	0.02	-0.17	0.91
19870319	0.0	0.23	0.91
19870320	0.49	-2.1	0.91
19870321	0.85	0.25	0.91
19870322	0.34	2.41	0.91
19870323	0.0	2.58	0.91
19870324	10.8	3.34	0.91
19870325	4.51	3.16	0.91
19870326	13.19	4.83	0.91
19870327	16.24	5.4	0.91
19870328	0.31	1.98	0.91
19870329	0.3	3.52	0.91
19870330	2.46	6.79	0.91
19870331	7.44	4.64	0.91
19870401	10.47	1.09	0.91
19870402	0.06	2.29	0.91
19870403	0.01	3.82	0.91
19870404	0.03	3.58	0.91
19870405	4.41	3.17	0.91
19870406	0.85	4.06	0.91
19870407	8.83	4.3	0.91
19870408	3.26	3.57	0.91
19870409	4.4	4.23	0.91
19870410	7.91	3.78	0.91
19870411	0.03	2.25	0.91
19870412	2.62	7.39	0.91
19870413	0.77	7.69	0.91
19870414	0.03	10.09	0.91
19870415	0.23	6.92	0.91
19870416	0.0	6.71	0.91
19870417	0.11	12.34	0.91
19870418	0.55	9.37	0.91
19870419	8.66	6.81	0.91
19870420	1.4	7.45	0.91
19870421	0.04	7.05	0.91
19870422	0.67	9.99	0.91
19870423	0.0	8.9	0.91
19870424	0.0	11.05	0.91
19870425	0.0	11.58	0.91
19870426	0.0	13.3	0.91
19870427	0.0	13.65	0.91
19870428	0.0	13.75	0.91
19870429	0.03	13.76	0.91
19870430	6.83	8.82	0.91
19870501	7.27	4.83	0.91
19870502	0.57	4.55	0.91
19870503	0.01	4.24	0.91
19870504	0.0	7.12	0.91
19870505	0.0	8.12	0.91
19870506	0.0	9.46	0.91
19870507	0.0	10.91	0.91
19870508	0.1	11.01	0.91
19870509	0.45	5.92	0.91
19870510	3.54	7.99	0.91
19870511	5.11	6.93	0.91
19870512	1.15	5.61	0.91
19870513	6.57	6.32	0.91
19870514	1.19	4.8	0.91
19870515	0.01	4.97	0.91
19870516	4.76	7.99	0.91
19870517	3.18	6.9	0.91
19870518	0.0	9.03	0.91
19870519	0.01	6.73	0.91
19870520	0.0	10.65	0.91
19870521	0.0	9.47	0.91
19870522	0.0	7.51	0.91
19870523	0.0	8.3	0.91
19870524	0.0	8.23	0.91
19870525	0.0	11.22	0.91
19870526	0.0	9.51	0.91
19870527	0.04	10.28	0.91
19870528	0.1	6.7	0.91
19870529	11.78	9.72	0.91
19870530	1.43	11.09	0.91
19870531	2.81	10.91	0.91
19870601	0.21	9.72	0.91
19870602	8.32	10.75	0.91
19870603	0.56	8.83	0.91
19870604	0.07	10.84	0.91
19870605	19.64	10.55	0.91
19870606	17.71	9.29	0.91
19870607	7.47	9.57	0.91
19870608	0.66	7.75	0.91
19870609	0.2	8.14	0.91
19870610	2.74	8.95	0.91
19870611	3.96	6.83	0.91
19870612	1.79	6.61	0.91
19870613	1.1	6.6	0.91
19870614	13.56	7.65	0.91
19870615	2.07	8.11	0.91
19870616	0.0	8.32	0.91
19870617	0.0	7.91	0.91
19870618	0.0	9.98	0.91
19870619	0.01	10.62	0.91
19870620	0.0	9.79	0.91
19870621	10.52	12.12	0.91
19870622	1.92	11.37	0.91
19870623	5.92	10.65	0.91
19870624	0.07	10.75	0.91
19870625	0.01	7.94	0.91
19870626	0.86	12.76	0.91
19870627	5.59	12.85	0.91
19870628	0.4	14.17	0.91
19870629	0.25	14.13	0.91
19870630	2.8	12.35	0.91
19870701	0.33	11.13	0.49
19870702	0.02	11.92	0.41
19870703	0.05	15.0	0.34
19870704	0.0	15.77	0.31
19870705	0.0	16.22	0.3
19870706	0.0	14.31	0.28
19870707	0.0	11.48	0.27
19870708	0.01	9.53	0.26
19870709	14.43	13.5	0.33
19870710	28.61	14.82	6.71
19870711	1.63	13.32	3.24
19870712	0.13	13.99	1.16
19870713	0.01	15.19	0.74
19870714	0.44	16.37	0.55
19870715	1.43	12.79	0.49
19870716	5.21	11.08	0.54
19870717	3.76	12.02	0.55
19870718	9.42	11.91	1.75
19870719	0.06	13.42	1.93
19870720	0.01	13.46	0.85
19870721	0.0	14.92	0.56
19870722	0.0	13.68	0.44
19870723	1.08	16.14	0.38
19870724	0.0	11.3	0.36
19870725	0.01	10.47	0.31
19870726	11.08	11.55	0.58
19870727	0.07	13.31	0.5
19870728	1.21	13.68	0.38
19870729	1.57	14.7	0.37
19870730	1.88	12.95	0.36
19870731	3.19	12.64	0.54
19870801	0.26	11.4	0.48
19870802	0.56	11.36	0.34
19870803	2.11	10.4	0.31
19870804	0.01	8.41	0.28
19870805	1.06	9.89	0.27
19870806	1.42	9.77	0.25
19870807	0.0	10.92	0.25
19870808	0.0	11.41	0.24
19870809	0.0	10.93	0.23
19870810	0.0	10.85	0.23
19870811	3.84	13.5	0.25
19870812	14.29	13.94	0.99
19870813	2.21	13.66	0.69
19870814	1.31	13.16	0.52
19870815	18.43	14.51	1.1
19870816	15.89	16.38	5.5
19870817	11.73	15.39	9.51
19870818	0.01	11.3	1.91
19870819	6.79	15.56	1.13
19870820	15.65	14.66	6.37
19870821	0.03	12.97	2.66
19870822	0.02	14.09	1.26
19870823	0.0	10.2	0.96
19870824	0.0	11.67	0.74
19870825	3.08	12.34	0.66
19870826	2.1	8.49	0.7
19870827	0.54	13.64	0.58
19870828	3.45	14.08	0.64
19870829	0.04	15.05	0.63
19870830	0.0	13.11	0.54
19870831	13.9	13.86	0.63
19870901	0.48	9.99	1.56
19870902	0.39	14.59	0.8
19870903	1.69	14.08	0.66
19870904	6.91	13.13	0.56
19870905	6.24	12.07	1.48
19870906	7.83	11.75	1.29
19870907	4.95	11.05	2.59
19870908	1.45	11.19	1.21
19870909	10.5	10.06	4.11
19870910	2.63	10.51	1.7
19870911	9.9	12.36	1.83
19870912	2.48	11.03	2.43
19870913	0.65	11.72	1.22
19870914	7.88	9.82	1.51
19870915	1.6	9.59	1.69
19870916	0.06	10.49	1.08
19870917	1.91	10.41	0.83
19870918	0.0	7.99	0.73
19870919	9.68	10.38	1.55
19870920	5.37	11.91	1.79
19870921	9.25	11.44	4.43
19870922	7.9	11.76	4.97
19870923	5.5	10.41	2.62
19870924	2.37	6.97	3.01
19870925	0.99	6.19	1.91
19870926	0.0	5.29	1.27
19870927	0.0	6.86	1.01
19870928	0.0	6.54	0.87
19870929	0.0	8.35	0.75
19870930	0.0	9.25	0.69
19871001	0.0	8.69	0.62
19871002	0.0	8.83	0.58
19871003	0.0	8.54	0.55
19871004	0.24	9.08	0.54
19871005	17.59	10.0	2.44
19871006	3.8	6.69	2.21
19871007	7.87	7.84	3.08
19871008	3.47	5.02	1.97
19871009	2.7	4.05	2.08
19871010	0.01	2.6	1.49
19871011	0.08	5.37	1.08
19871012	5.64	5.57	1.1
19871013	0.44	6.2	1.59
19871014	1.14	4.99	1.13
19871015	14.28	5.74	3.66
19871016	17.84	6.0	8.55
19871017	14.25	8.53	7.21
19871018	1.75	7.71	7.87
19871019	11.93	9.16	6.63
19871020	6.27	10.38	3.82
19871021	18.24	7.93	7.13
19871022	3.58	2.94	9.37
19871023	0.02	3.32	3.21
19871024	0.0	4.71	2.23
19871025	1.2	7.94	1.8
19871026	4.49	6.59	1.55
19871027	3.96	4.91	2.32
19871028	0.0	4.66	1.9
19871029	0.0	2.97	1.4
19871030	0.56	4.23	1.22
19871031	0.12	6.08	1.13
19871101	0.06	7.63	1.04
19871102	0.0	8.96	0.93
19871103	0.0	6.93	0.85
19871104	0.0	3.62	0.78
19871105	0.0	3.59	0.75
19871106	0.0	4.86	0.71
19871107	2.51	3.76	0.69
19871108	3.18	4.71	1.03
19871109	2.25	5.62	0.92
19871110	8.09	4.45	2.1
19871111	4.33	3.69	2.38
19871112	13.51	4.14	5.42
19871113	0.31	4.6	2.63
19871114	4.49	3.69	1.72
19871115	8.54	6.69	3.84
19871116	9.28	7.2	8.22
19871117	2.08	9.11	2.93
19871118	14.09	8.86	7.88
19871119	6.38	5.53	5.43
19871120	0.16	6.05	2.66
19871121	0.7	5.08	1.96
19871122	0.13	2.22	1.61
19871123	0.02	3.07	1.3
19871124	0.05	1.05	1.13
19871125	0.03	-0.81	1.02
19871126	0.0	-0.99	0.92
19871127	0.01	2.07	0.89
19871128	0.88	3.86	0.88
19871129	1.33	1.5	0.96
19871130	0.02	0.27	0.81
19871201	0.04	1.49	0.73
19871202	0.02	1.94	0.72
19871203	0.0	2.26	0.7
19871204	0.0	2.42	0.65
19871205	0.06	2.86	0.62
19871206	0.04	0.72	0.6
19871207	0.0	-2.0	0.54
19871208	0.0	-3.14	0.47
19871209	0.0	-1.61	0.52
19871210	0.0	0.76	0.5
19871211	0.01	1.46	0.5
19871212	0.0	-1.14	0.46
19871213	0.0	-2.2	0.38
19871214	0.0	-1.71	0.41
19871215	6.27	-0.74	0.58
19871216	5.72	4.96	1.89
19871217	6.62	7.88	2.91
19871218	5.91	6.57	2.88
19871219	16.75	8.0	6.98
19871220	5.51	8.59	6.16
19871221	2.56	6.95	5.19
19871222	0.01	5.02	2.3
19871223	0.05	5.43	1.64
19871224	3.61	6.94	1.45
19871225	19.46	6.98	3.07
19871226	3.52	7.43	11.21
19871227	21.75	8.05	9.61
19871228	25.03	9.01	16.87
19871229	2.25	6.76	5.72
19871230	8.02	6.69	3.55
19871231	10.48	5.65	6.08
19880101	26.93	6.76	12.78
19880102	10.71	3.66	12.24
19880103	6.12	2.25	7.96
19880104	2.13	0.33	3.92
19880105	3.94	1.37	3.8
19880106	0.2	1.29	2.64
19880107	1.83	0.06	1.83
19880108	2.08	5.91	1.86
19880109	8.98	5.77	4.51
19880110	3.56	2.47	2.21
19880111	6.76	3.08	2.51
19880112	5.2	4.43	4.52
19880113	4.01	4.28	2.87
19880114	4.47	4.3	2.97
19880115	1.46	3.82	2.19
19880116	1.47	3.3	1.74
19880117	0.03	0.98	1.56
19880118	12.67	0.62	1.72
19880119	2.71	3.84	5.78
19880120	0.62	1.61	2.19
19880121	3.98	0.74	1.72
19880122	2.53	-0.34	1.4
19880123	15.21	1.22	1.81
19880124	1.67	2.47	8.42
19880125	9.65	2.31	5.71
19880126	0.41	0.84	4.12
19880127	0.0	0.36	2.11
19880128	1.91	1.57	1.69
19880129	1.23	2.61	1.62
19880130	4.78	3.07	2.36
19880131	15.73	2.31	3.4
19880201	24.01	3.18	15.57
19880202	13.75	2.59	9.69
19880203	2.28	1.78	5.95
19880204	0.83	1.01	3.1
19880205	2.37	0.45	2.39
19880206	0.81	-0.19	1.87
19880207	12.94	0.66	1.95
19880208	4.57	1.95	3.22
19880209	22.06	2.31	14.67
19880210	3.14	1.69	5.24
19880211	3.07	0.9	2.87
19880212	2.67	0.51	2.08
19880213	1.68	3.01	4.59
19880214	5.04	4.5	3.68
19880215	12.98	3.63	6.22
19880216	0.09	3.61	3.13
19880217	2.0	4.99	2.13
19880218	0.32	5.87	2.17
19880219	0.97	5.78	1.7
19880220	0.49	4.73	1.55
19880221	0.01	5.46	1.36
19880222	0.87	3.04	1.26
19880223	0.0	1.95	1.17
19880224	0.0	1.71	1.09
19880225	0.66	1.08	1.04
19880226	1.6	3.61	1.01
19880227	0.18	5.71	1.0
19880228	0.0	2.13	0.9
19880229	0.0	-0.16	0.8
19880301	0.0	-0.91	0.73
19880302	8.28	2.14	1.33
19880303	0.04	-1.01	1.37
19880304	0.05	-0.32	0.9
19880305	1.66	3.24	0.82
19880306	0.33	3.37	0.92
19880307	0.15	4.14	0.85
19880308	1.12	5.19	0.82
19880309	2.07	3.35	0.81
19880310	2.77	5.1	0.89
19880311	8.73	3.95	1.66
19880312	2.7	0.98	2.27
19880313	0.02	-2.34	1.35
19880314	5.78	1.17	1.16
19880315	22.13	3.29	9.56
19880316	0.14	-0.21	4.83
19880317	0.0	2.18	2.1
19880318	15.1	5.05	2.79
19880319	0.4	8.14	5.89
19880320	3.18	7.46	2.29
19880321	0.78	5.24	1.95
19880322	4.0	6.06	1.64
19880323	7.82	5.21	2.27
19880324	11.45	4.38	7.44
19880325	19.95	4.98	8.25
19880326	0.88	4.68	7.02
19880327	11.27	6.49	3.14
19880328	4.51	4.59	5.19
19880329	3.48	4.76	3.3
19880330	4.89	3.43	3.08
19880331	2.81	5.91	2.13
19880401	7.24	3.03	4.91
19880402	0.02	4.78	2.57
19880403	0.0	5.01	1.76
19880404	0.0	5.12	1.45
19880405	0.0	8.49	1.34
19880406	0.0	8.81	1.23
19880407	1.44	6.84	1.14
19880408	3.65	1.24	1.31
19880409	1.75	3.73	1.13
19880410	8.36	7.4	1.43
19880411	2.11	5.71	2.32
19880412	0.36	0.29	1.46
19880413	0.0	5.19	1.17
19880414	1.99	8.04	1.04
19880415	5.05	9.52	1.02
19880416	2.74	10.0	1.81
19880417	5.74	9.6	1.49
19880418	19.43	8.67	8.36
19880419	0.01	8.86	3.1
19880420	5.53	9.05	2.11
19880421	1.3	5.92	2.18
19880422	0.03	4.26	1.49
19880423	0.0	4.07	1.19
19880424	0.01	6.02	1.06
19880425	3.07	8.37	0.97
19880426	0.51	5.01	0.98
19880427	0.0	3.02	0.86
19880428	0.0	4.43	0.79
19880429	0.0	4.61	0.73
19880430	3.27	5.55	0.74
19880501	5.27	7.72	1.43
19880502	1.67	8.91	1.09
19880503	7.63	7.84	1.15
19880504	0.87	5.61	1.64
19880505	0.57	9.35	0.97
19880506	0.0	10.39	0.75
19880507	0.01	12.21	0.63
19880508	5.63	8.24	0.79
19880509	0.0	9.8	0.74
19880510	0.01	10.63	0.61
19880511	0.75	9.43	0.57
19880512	0.06	11.24	0.63
19880513	0.31	11.71	0.52
19880514	0.02	11.49	0.46
19880515	0.01	10.77	0.42
19880516	0.0	11.91	0.61
19880517	0.03	4.4	0.74
19880518	0.02	4.16	0.74
19880519	0.29	5.2	0.72
19880520	0.17	6.0	0.71
19880521	0.07	8.85	0.69
19880522	0.0	10.04	0.69
19880523	9.01	11.4	0.79
19880524	9.04	8.53	0.81
19880525	0.03	8.55	0.53
19880526	8.75	8.54	0.63
19880527	0.0	9.14	0.64
19880528	0.12	11.26	0.46
19880529	5.81	9.92	0.52
19880530	0.1	9.68	0.51
19880531	0.01	10.99	0.4
19880601	0.35	10.87	0.36
19880602	6.02	10.78	0.45
19880603	6.02	9.95	0.65
19880604	0.28	9.15	0.48
19880605	0.18	9.22	0.37
19880606	0.39	11.55	0.35
19880607	0.0	12.15	0.33
19880608	0.0	11.81	0.29
19880609	0.0	10.79	0.28
19880610	0.0	12.41	0.27
19880611	0.0	10.37	0.27
19880612	0.0	13.57	0.26
19880613	0.0	15.8	0.24
19880614	0.0	15.2	0.25
19880615	0.0	13.42	0.25
19880616	0.0	13.83	0.24
19880617	0.0	10.96	0.25
19880618	0.0	14.36	0.25
19880619	0.25	13.55	0.24
19880620	1.63	15.6	0.24
19880621	0.4	9.51	0.25
19880622	0.0	12.98	0.24
19880623	0.0	14.53	0.22
19880624	0.0	15.86	0.22
19880625	4.51	15.78	0.24
19880626	0.0	13.69	0.24
19880627	0.0	14.77	0.22
19880628	0.0	14.21	0.21
19880629	0.08	13.48	0.21
19880630	0.42	16.06	0.21
19880701	4.43	12.66	0.24
19880702	0.67	10.34	0.24
19880703	0.05	12.32	0.22
19880704	3.73	12.75	0.21
19880705	3.21	12.75	0.34
19880706	1.97	12.98	0.24
19880707	2.22	11.5	0.26
19880708	2.63	10.78	0.27
19880709	15.71	12.87	0.34
19880710	1.48	13.06	0.53
19880711	2.18	11.39	0.3
19880712	4.09	12.91	0.27
19880713	7.09	12.95	0.3
19880714	2.38	12.08	0.44
19880715	0.74	11.58	0.31
19880716	11.73	11.17	0.61
19880717	1.98	11.47	0.69
19880718	2.19	12.48	0.43
19880719	0.52	11.7	0.46
19880720	3.74	12.4	0.36
19880721	16.3	12.26	1.87
19880722	8.98	13.42	3.27
19880723	6.21	12.71	2.22
19880724	9.39	12.21	2.34
19880725	8.83	11.85	2.49
19880726	6.96	10.92	2.48
19880727	0.66	10.57	1.36
19880728	10.45	9.55	2.26
19880729	4.37	10.64	1.83
19880730	1.7	10.61	1.33
19880731	0.14	11.78	0.88
19880801	3.25	10.41	0.71
19880802	1.64	12.54	0.57
19880803	0.91	10.74	0.55
19880804	0.64	13.66	0.52
19880805	1.06	15.5	0.45
19880806	0.21	14.88	0.44
19880807	0.0	17.51	0.41
19880808	6.18	17.64	0.41
19880809	0.36	13.83	0.43
19880810	3.27	12.06	0.38
19880811	14.53	12.34	0.55
19880812	5.52	12.69	2.37
19880813	15.91	12.93	2.55
19880814	4.28	13.27	5.28
19880815	0.34	12.07	1.73
19880816	0.0	11.34	0.97
19880817	16.89	14.75	2.66
19880818	10.71	12.52	6.3
19880819	23.28	11.59	8.74
19880820	0.6	11.73	5.57
19880821	0.0	9.49	2.18
19880822	0.35	12.31	1.32
19880823	1.48	12.33	1.08
19880824	8.21	11.23	1.16
19880825	2.01	10.16	3.43
19880826	6.66	12.74	1.49
19880827	0.26	11.77	1.99
19880828	3.08	11.32	1.16
19880829	6.45	10.87	2.01
19880830	8.39	10.37	3.87
19880831	0.73	11.36	2.09
19880901	11.58	10.51	4.7
19880902	7.96	10.02	5.1
19880903	3.39	10.57	2.86
19880904	20.04	11.22	7.97
19880905	0.1	12.45	4.66
19880906	11.84	13.67	5.99
19880907	5.21	17.25	2.91
19880908	0.4	12.78	2.81
19880909	0.31	12.17	1.67
19880910	2.34	11.89	1.37
19880911	6.58	10.99	1.58
19880912	0.02	9.75	2.17
19880913	0.07	8.0	1.17
19880914	0.0	7.16	0.93
19880915	0.02	10.56	0.82
19880916	0.0	12.0	0.71
19880917	0.0	10.94	0.63
19880918	1.81	11.38	0.59
19880919	0.43	11.58	0.62
19880920	0.25	11.44	0.6
19880921	4.0	9.58	0.65
19880922	17.94	9.26	1.99
19880923	8.74	7.72	6.02
19880924	0.36	7.93	2.98
19880925	14.0	11.48	6.38
19880926	1.4	10.56	3.38
19880927	6.03	10.93	2.92
19880928	1.57	7.59	2.16
19880929	0.2	4.07	1.44
19880930	0.05	6.63	1.14
19881001	8.83	10.58	1.75
19881002	4.1	11.83	2.34
19881003	4.26	9.7	2.7
19881004	1.42	8.36	1.96
19881005	13.87	8.62	3.12
19881006	16.72	6.13	11.2
19881007	2.45	6.24	4.49
19881008	9.48	7.58	4.53
19881009	0.69	4.9	3.03
19881010	0.03	4.74	1.92
19881011	3.17	7.4	1.51
19881012	1.83	9.01	2.15
19881013	0.82	6.97	1.81
19881014	0.0	7.28	1.38
19881015	0.0	8.39	1.18
19881016	0.0	8.44	1.06
19881017	0.18	9.46	0.96
19881018	11.04	10.39	2.61
19881019	5.49	11.0	3.23
19881020	4.29	9.24	5.64
19881021	0.5	10.82	2.17
19881022	1.51	8.64	1.5
19881023	3.15	9.01	1.35
19881024	1.79	7.92	1.67
19881025	13.72	10.62	3.95
19881026	0.03	10.17	4.21
19881027	0.66	6.15	2.13
19881028	0.0	1.42	1.37
19881029	0.0	1.06	1.14
19881030	0.0	1.47	1.05
19881031	0.0	3.05	0.97
19881101	0.02	3.14	0.91
19881102	0.0	1.96	0.79
19881103	0.0	1.71	0.73
19881104	1.89	3.14	0.77
19881105	0.22	4.06	0.73
19881106	0.36	5.28	0.68
19881107	0.0	5.39	0.65
19881108	5.78	6.85	0.68
19881109	9.97	8.73	1.14
19881110	9.03	7.52	5.65
19881111	0.31	6.59	2.04
19881112	2.46	5.07	1.53
19881113	0.76	6.63	1.32
19881114	0.03	5.95	1.13
19881115	0.0	6.29	1.06
19881116	0.74	6.64	0.96
19881117	3.0	6.28	1.17
19881118	0.11	2.01	1.14
19881119	7.49	0.41	1.04
19881120	0.04	-3.61	0.98
19881121	0.0	-2.84	0.84
19881122	0.01	0.2	0.81
19881123	1.21	3.03	1.51
19881124	0.41	4.4	1.81
19881125	0.04	2.59	1.23
19881126	0.0	3.38	0.99
19881127	9.89	5.88	2.13
19881128	0.14	6.42	3.32
19881129	16.36	4.37	5.95
19881130	2.17	3.54	4.35
19881201	0.0	1.55	2.08
19881202	0.0	0.67	1.48
19881203	27.71	4.22	8.08
19881204	6.33	3.69	7.88
19881205	0.31	1.96	3.07
19881206	0.46	2.45	1.99
19881207	1.43	5.91	1.81
19881208	3.53	6.6	1.97
19881209	4.44	8.01	3.94
19881210	1.44	8.02	2.15
19881211	0.28	6.33	1.73
19881212	0.14	6.84	1.36
19881213	0.16	6.48	1.2
19881214	0.01	6.78	1.11
19881215	1.77	4.69	1.07
19881216	0.03	4.03	1.12
19881217	2.56	6.48	1.05
19881218	20.3	6.12	7.1
19881219	1.04	2.97	4.73
19881220	1.86	6.11	2.38
19881221	7.88	6.21	3.13
19881222	10.94	5.04	5.0
19881223	4.2	3.58	7.79
19881224	2.49	4.88	3.04
19881225	13.58	8.39	3.77
19881226	11.37	6.0	8.75
19881227	1.24	8.29	4.42
19881228	0.01	10.09	2.71
19881229	0.04	8.73	1.95
19881230	0.3	8.3	1.59
19881231	0.05	6.24	1.36
19890101	0.07	6.39	1.2
19890102	0.16	4.84	1.13
19890103	7.3	5.58	1.24
19890104	16.1	3.37	5.16
19890105	7.98	5.21	6.25
19890106	0.22	7.0	3.09
19890107	0.58	8.93	2.13
19890108	16.56	7.11	6.89
19890109	1.79	3.33	5.69
19890110	5.6	3.37	4.6
19890111	38.92	4.31	14.18
19890112	4.28	1.97	5.33
19890113	13.25	5.45	6.73
19890114	3.21	5.94	4.95
19890115	0.2	8.23	3.67
19890116	2.93	4.5	2.63
19890117	0.04	4.17	2.31
19890118	0.0	5.3	1.93
19890119	0.06	7.18	1.64
19890120	6.69	5.1	1.77
19890121	1.59	1.8	1.89
19890122	3.72	4.23	1.76
19890123	1.08	7.88	1.82
19890124	1.04	5.89	1.57
19890125	3.75	4.63	1.41
19890126	4.9	6.52	1.79
19890127	14.86	5.67	4.72
19890128	0.11	4.26	4.37
19890129	0.12	7.44	2.21
19890130	0.01	6.98	1.55
19890131	0.0	4.88	1.28
19890201	0.0	5.74	1.15
19890202	14.69	7.92	3.48
19890203	13.55	7.43	8.28
19890204	19.02	4.08	13.02
19890205	1.79	5.94	4.81
19890206	3.24	8.72	3.0
19890207	1.57	5.84	2.37
19890208	0.04	5.67	1.91
19890209	4.59	5.08	1.77
19890210	0.93	3.04	1.82
19890211	27.91	3.46	8.31
19890212	8.29	2.74	7.16
19890213	5.79	4.37	7.22
19890214	16.11	5.31	8.19
19890215	1.52	0.89	6.6
19890216	0.22	-0.17	2.93
19890217	3.2	3.27	2.84
19890218	10.52	4.87	6.41
19890219	3.94	2.47	2.92
19890220	5.29	2.05	3.49
19890221	7.35	3.2	4.93
19890222	0.25	1.58	3.38
19890223	1.09	0.08	2.14
19890224	6.78	1.05	1.77
19890225	2.51	-1.5	1.89
19890226	0.37	-0.89	1.66
19890227	2.4	2.38	3.2
19890228	4.74	3.11	5.25
19890301	0.24	2.39	2.46
19890302	1.43	1.7	1.86
19890303	1.47	4.37	1.63
19890304	2.2	4.74	1.67
19890305	1.4	8.16	1.69
19890306	2.91	5.08	1.49
19890307	0.0	2.73	1.3
19890308	5.83	5.54	1.49
19890309	13.69	4.77	4.91
19890310	0.08	4.66	2.81
19890311	0.82	6.37	1.74
19890312	8.85	4.56	1.71
19890313	6.89	3.52	3.55
19890314	3.71	3.19	3.87
19890315	0.39	1.27	2.2
19890316	0.14	-0.7	1.5
19890317	6.79	1.52	1.29
19890318	13.62	5.68	7.03
19890319	14.27	4.14	8.07
19890320	6.98	1.13	3.37
19890321	15.61	3.34	8.43
19890322	10.39	2.02	8.18
19890323	14.92	2.89	11.03
19890324	11.57	2.74	9.62
19890325	1.99	4.37	4.8
19890326	0.0	7.55	3.22
19890327	6.8	6.3	2.51
19890328	0.74	3.83	2.74
19890329	16.43	6.69	7.6
19890330	0.04	5.58	3.86
19890331	0.14	7.03	2.39
19890401	0.0	7.45	1.87
19890402	0.0	2.35	1.46
19890403	0.76	0.81	1.24
19890404	2.58	2.11	1.18
19890405	2.51	2.04	1.16
19890406	4.48	2.49	1.6
19890407	2.63	3.74	2.09
19890408	1.46	4.43	1.68
19890409	1.23	5.68	1.3
19890410	4.7	4.25	1.21
19890411	11.11	5.79	4.1
19890412	1.29	3.61	2.37
19890413	11.47	4.47	5.21
19890414	1.03	3.97	2.6
19890415	0.01	5.67	1.72
19890416	1.24	6.67	1.29
19890417	0.12	6.41	1.16
19890418	0.0	5.28	1.05
19890419	0.36	7.56	0.95
19890420	0.04	7.36	0.86
19890421	6.63	6.28	0.84
19890422	0.5	2.66	1.03
19890423	0.07	0.2	0.85
19890424	0.11	1.04	0.74
19890425	0.56	1.98	0.68
19890426	0.0	3.61	0.64
19890427	0.2	4.66	0.6
19890428	0.62	5.84	0.55
19890429	0.4	8.2	0.55
19890430	2.15	9.28	0.55
19890501	0.11	9.94	0.59
19890502	3.31	10.87	0.55
19890503	0.25	10.96	0.59
19890504	0.0	8.24	0.52
19890505	0.0	7.35	0.46
19890506	0.0	9.21	0.44
19890507	0.0	13.36	0.42
19890508	0.15	8.74	0.44
19890509	0.07	4.76	0.4
19890510	2.36	6.51	0.39
19890511	11.83	4.59	0.54
19890512	1.62	4.41	0.54
19890513	0.0	7.73	0.44
19890514	0.22	11.41	0.39
19890515	5.44	9.31	0.44
19890516	0.41	9.23	0.44
19890517	0.44	12.12	0.39
19890518	4.86	10.88	0.45
19890519	0.01	11.6	0.45
19890520	0.0	14.49	0.38
19890521	0.0	14.49	0.33
19890522	0.0	13.85	0.31
19890523	0.24	15.02	0.33
19890524	4.34	11.99	0.34
19890525	0.0	8.1	0.34
19890526	0.0	9.6	0.3
19890527	0.02	12.54	0.28
19890528	0.0	8.79	0.28
19890529	0.03	5.86	0.28
19890530	0.0	6.46	0.27
19890531	2.75	4.5	0.32
19890601	0.52	7.62	0.27
19890602	0.62	7.26	0.26
19890603	0.0	8.05	0.26
19890604	0.32	7.93	0.25
19890605	3.32	7.79	0.28
19890606	2.04	6.59	0.31
19890607	0.17	7.12	0.26
19890608	0.33	7.75	0.25
19890609	0.25	11.09	0.25
19890610	1.03	11.28	0.24
19890611	0.22	15.47	0.24
19890612	9.66	17.28	0.28
19890613	3.16	14.98	0.48
19890614	0.0	11.42	0.28
19890615	0.01	14.64	0.24
19890616	0.0	13.94	0.23
19890617	0.0	16.46	0.22
19890618	0.0	18.06	0.21
19890619	0.0	19.36	0.2
19890620	0.0	15.39	0.19
19890621	0.0	11.91	0.19
19890622	0.0	13.17	0.18
19890623	0.13	10.32	0.19
19890624	0.19	12.2	0.19
19890625	15.63	12.24	0.31
19890626	0.38	10.16	0.43
19890627	10.4	9.4	0.44
19890628	4.68	8.55	0.69
19890629	0.45	7.71	0.4
19890630	7.11	9.83	0.35
19890701	0.03	8.98	0.35
19890702	0.01	12.36	0.27
19890703	0.0	14.18	0.24
19890704	0.0	16.01	0.22
19890705	0.0	16.97	0.21
19890706	0.0	19.05	0.19
19890707	0.0	17.27	0.19
19890708	0.03	13.04	0.19
19890709	0.11	12.02	0.19
19890710	1.77	11.08	0.21
19890711	0.8	14.45	0.2
19890712	0.24	13.85	0.18
19890713	0.0	10.69	0.17
19890714	0.0	14.49	0.17
19890715	0.0	16.05	0.17
19890716	0.0	15.99	0.16
19890717	0.0	12.9	0.17
19890718	0.0	15.28	0.17
19890719	0.18	18.81	0.17
19890720	0.0	18.84	0.17
19890721	0.19	18.2	0.16
19890722	0.2	17.77	0.17
19890723	0.0	19.09	0.16
19890724	0.0	20.36	0.16
19890725	8.04	17.09	0.2
19890726	4.47	14.23	0.22
19890727	9.36	13.63	0.24
19890728	10.16	14.3	0.35
19890729	0.9	12.86	0.67
19890730	0.01	11.6	0.28
19890731	0.12	9.28	0.23
19890801	0.0	11.67	0.21
19890802	0.68	14.51	0.2
19890803	0.0	12.37	0.19
19890804	0.02	13.67	0.19
19890805	13.37	15.87	0.48
19890806	0.12	16.3	0.3
19890807	0.29	14.79	0.23
19890808	4.29	16.77	0.21
19890809	0.83	11.93	0.24
19890810	13.1	13.02	0.32
19890811	3.09	11.8	0.67
19890812	41.14	12.95	4.12
19890813	6.19	11.13	7.48
19890814	14.17	13.23	4.7
19890815	4.49	13.19	2.53
19890816	1.68	12.35	1.35
19890817	1.8	12.27	0.95
19890818	0.59	13.08	0.78
19890819	14.59	15.14	2.92
19890820	11.59	13.58	6.16
19890821	1.61	11.74	2.19
19890822	0.9	12.06	1.28
19890823	6.59	12.84	1.0
19890824	4.86	11.3	2.9
19890825	5.63	11.78	1.59
19890826	3.41	8.14	2.79
19890827	0.14	7.86	1.52
19890828	1.68	12.4	0.97
19890829	1.3	14.88	0.95
19890830	17.63	12.38	4.77
19890831	0.32	10.76	2.29
19890901	1.62	8.25	1.4
19890902	0.21	8.54	0.98
19890903	0.05	10.46	0.77
19890904	0.04	11.07	0.65
19890905	0.08	12.34	0.59
19890906	0.0	11.36	0.52
19890907	1.63	9.35	0.46
19890908	0.0	9.17	0.43
19890909	0.08	8.05	0.38
19890910	0.0	8.76	0.35
19890911	0.0	11.35	0.33
19890912	0.31	11.0	0.33
19890913	4.69	9.09	0.38
19890914	0.02	8.39	0.36
19890915	7.3	11.41	0.55
19890916	0.09	9.06	0.52
19890917	2.29	11.53	0.42
19890918	7.41	12.47	0.61
19890919	2.08	12.11	0.62
19890920	9.88	13.32	1.28
19890921	1.92	13.57	1.57
19890922	13.85	10.65	5.59
19890923	0.01	12.04	3.76
19890924	0.0	14.19	1.56
19890925	0.67	7.71	1.14
19890926	0.95	9.71	0.91
19890927	0.0	8.34	0.83
19890928	0.01	8.34	0.7
19890929	0.0	9.88	0.59
19890930	0.01	9.62	0.53
19891001	0.0	7.08	0.49
19891002	0.0	8.09	0.46
19891003	0.06	9.18	0.43
19891004	5.13	10.91	0.44
19891005	3.4	8.69	0.58
19891006	0.92	9.55	0.7
19891007	0.89	8.63	0.52
19891008	0.0	10.5	0.45
19891009	0.02	9.64	0.39
19891010	1.6	10.95	0.4
19891011	1.66	11.51	0.41
19891012	7.18	8.99	0.96
19891013	8.87	6.69	4.0
19891014	0.33	5.21	1.86
19891015	12.38	10.12	5.26
19891016	1.35	13.89	2.6
19891017	6.4	11.73	3.27
19891018	2.61	10.07	2.49
19891019	3.46	9.06	2.29
19891020	6.51	7.53	2.23
19891021	0.88	8.35	2.09
19891022	0.25	8.59	1.22
19891023	5.42	8.34	1.19
19891024	13.22	9.0	6.9
19891025	10.87	7.24	5.19
19891026	4.39	5.51	3.08
19891027	9.83	6.65	5.83
19891028	3.21	8.0	3.57
19891029	3.15	9.09	2.65
19891030	2.51	8.89	2.34
19891031	0.98	7.38	1.81
19891101	4.14	7.78	1.44
19891102	2.19	7.67	2.63
19891103	10.26	6.27	2.62
19891104	5.19	3.68	6.84
19891105	0.01	2.34	2.72
19891106	1.68	4.07	1.77
19891107	2.0	4.43	1.86
19891108	0.54	3.47	1.54
19891109	7.05	5.51	2.34
19891110	2.96	7.24	2.32
19891111	0.75	5.98	1.66
19891112	1.48	4.86	1.42
19891113	0.24	8.28	1.34
19891114	0.0	7.47	1.18
19891115	0.0	4.6	1.07
19891116	0.0	4.98	0.99
19891117	0.02	4.63	0.89
19891118	0.07	6.21	0.79
19891119	0.02	6.3	0.74
19891120	0.0	6.12	0.7
19891121	0.04	3.61	0.67
19891122	0.0	0.15	0.61
19891123	0.0	0.99	0.58
19891124	0.13	-0.07	0.57
19891125	0.0	-1.14	0.54
19891126	0.0	0.79	0.53
19891127	0.0	0.7	0.5
19891128	0.01	1.91	0.46
19891129	0.0	0.6	0.46
19891130	0.0	0.67	0.44
19891201	0.01	0.72	0.43
19891202	0.0	-0.19	0.43
19891203	0.0	-1.06	0.4
19891204	0.0	0.09	0.39
19891205	0.0	2.59	0.4
19891206	0.01	2.02	0.42
19891207	0.07	-0.04	0.42
19891208	0.0	-0.77	0.39
19891209	0.02	1.22	0.4
19891210	0.0	0.85	0.4
19891211	0.0	0.67	0.39
19891212	0.01	0.22	0.38
19891213	0.07	-1.23	0.34
19891214	0.21	-1.01	0.31
19891215	0.92	-0.47	0.31
19891216	27.73	3.31	5.03
19891217	9.08	4.15	6.98
19891218	0.0	-1.74	2.77
19891219	0.92	-2.03	1.28
19891220	4.63	3.41	1.21
19891221	6.39	4.49	2.89
19891222	4.04	2.61	2.68
19891223	14.14	5.7	5.88
19891224	19.1	6.99	12.87
19891225	0.1	3.83	4.0
19891226	0.0	0.32	2.3
19891227	0.0	-1.92	1.59
19891228	0.0	-0.43	1.25
19891229	0.0	1.21	1.13
19891230	0.0	0.77	1.07
19891231	2.66	1.39	1.04
19900101	0.68	2.66	1.24
19900102	8.56	3.31	1.26
19900103	2.99	4.04	3.43
19900104	2.48	5.37	2.26
19900105	4.12	5.98	1.95
19900106	6.43	3.66	2.25
19900107	5.3	3.78	4.51
19900108	3.65	4.9	2.35
19900109	18.9	5.77	4.52
19900110	3.16	7.66	7.87
19900111	2.0	7.58	4.5
19900112	2.54	3.48	2.82
19900113	4.65	4.4	2.45
19900114	17.74	7.73	9.62
19900115	10.48	7.65	10.66
19900116	15.72	5.49	11.0
19900117	21.0	2.54	10.37
19900118	12.69	4.0	10.23
19900119	9.2	3.01	9.51
19900120	0.4	6.87	4.81
19900121	4.72	6.62	3.62
19900122	16.25	4.17	5.32
19900123	17.9	1.31	6.5
19900124	20.26	0.62	4.2
19900125	19.62	1.21	7.97
19900126	17.31	1.11	6.07
19900127	0.07	0.98	5.16
19900128	2.2	1.5	4.21
19900129	5.45	4.95	22.34
19900130	14.03	3.9	15.77
19900131	6.39	3.45	7.82
19900201	9.31	2.94	7.78
19900202	1.3	2.91	4.5
19900203	9.28	4.46	3.46
19900204	3.99	8.48	5.67
19900205	4.81	8.06	3.04
19900206	11.54	5.13	7.67
19900207	6.42	2.86	4.22
19900208	6.78	3.0	4.95
19900209	0.55	5.62	3.2
19900210	10.79	2.64	3.75
19900211	16.38	1.27	8.82
19900212	7.56	0.27	4.84
19900213	12.06	0.93	5.4
19900214	4.39	0.92	4.38
19900215	0.85	-0.03	3.19
19900216	5.55	2.53	3.17
19900217	10.34	4.63	14.98
19900218	8.54	5.46	8.61
19900219	3.23	7.22	6.95
19900220	7.65	5.34	3.85
19900221	5.14	5.29	6.4
19900222	0.02	9.29	3.08
19900223	20.23	8.05	7.49
19900224	23.18	5.91	15.51
19900225	31.15	4.48	16.67
19900226	5.41	1.37	9.1
19900227	8.13	2.09	7.69
19900228	3.41	0.42	5.1
19900301	1.16	-0.95	3.22
19900302	0.47	2.84	3.14
19900303	9.49	4.15	6.4
19900304	6.43	4.89	4.45
19900305	25.4	6.16	16.59
19900306	10.44	7.95	13.02
19900307	9.2	6.58	9.68
19900308	20.84	3.29	15.51
19900309	20.48	5.24	15.11
19900310	5.1	7.54	11.01
19900311	2.04	6.05	5.36
19900312	0.42	6.68	3.49
19900313	3.84	6.68	3.05
19900314	16.37	8.05	5.69
19900315	2.36	8.99	6.52
19900316	0.61	9.04	3.18
19900317	0.02	9.51	2.36
19900318	6.23	7.56	2.22
19900319	0.6	5.25	2.07
19900320	9.66	6.88	2.56
19900321	2.46	5.87	3.62
19900322	2.33	6.03	2.14
19900323	6.87	4.68	2.3
19900324	7.3	2.13	4.21
19900325	0.0	2.26	3.07
19900326	0.0	4.97	2.1
19900327	0.56	2.65	1.54
19900328	0.14	6.06	1.25
19900329	0.1	8.54	1.16
19900330	0.02	8.5	1.04
19900331	0.0	8.21	0.98
19900401	12.57	9.58	1.36
19900402	1.94	3.68	2.26
19900403	0.13	-0.61	1.47
19900404	0.17	2.34	1.13
19900405	0.78	4.87	1.06
19900406	0.25	4.63	0.89
19900407	0.0	2.43	0.79
19900408	0.89	5.74	0.74
19900409	4.67	6.27	0.89
19900410	3.3	6.67	1.42
19900411	0.23	7.98	1.12
19900412	6.1	5.74	0.92
19900413	2.12	3.99	1.31
19900414	4.09	4.23	1.22
19900415	9.69	3.52	1.44
19900416	11.64	2.71	3.82
19900417	5.48	2.22	5.19
19900418	7.12	3.78	3.88
19900419	3.51	5.69	3.54
19900420	0.02	6.58	2.47
19900421	0.0	7.13	1.57
19900422	0.01	8.28	1.27
19900423	0.14	9.85	1.08
19900424	0.39	9.63	0.94
19900425	7.27	8.46	1.1
19900426	0.0	4.1	1.4
19900427	0.72	5.63	0.97
19900428	0.1	9.88	0.94
19900429	0.01	9.26	0.76
19900430	0.0	14.57	0.68
19900501	0.0	14.81	0.59
19900502	0.0	15.39	0.54
19900503	0.0	16.3	0.5
19900504	0.0	15.76	0.46
19900505	0.01	10.54	0.45
19900506	2.74	7.65	0.45
19900507	3.09	6.93	0.49
19900508	3.68	7.79	0.71
19900509	6.85	6.82	0.93
19900510	3.97	8.6	1.38
19900511	0.01	10.25	0.91
19900512	0.0	8.77	0.62
19900513	0.24	8.57	0.51
19900514	4.47	11.37	0.48
19900515	10.97	9.34	1.8
19900516	16.65	8.38	8.94
19900517	0.15	9.0	2.53
19900518	0.0	7.62	1.28
19900519	0.0	7.35	0.92
19900520	0.16	11.2	0.75
19900521	0.55	9.7	0.67
19900522	1.25	10.65	0.64
19900523	0.04	7.84	0.59
19900524	0.65	7.41	0.5
19900525	0.07	7.89	0.48
19900526	0.0	10.35	0.45
19900527	0.03	10.71	0.4
19900528	0.54	14.31	0.34
19900529	2.99	11.28	0.48
19900530	0.15	11.6	0.48
19900531	9.15	12.68	0.5
19900601	2.97	9.73	0.86
19900602	0.31	11.4	0.59
19900603	3.45	10.38	0.55
19900604	1.69	10.77	0.53
19900605	4.89	6.91	0.68
19900606	16.75	7.43	2.9
19900607	4.23	8.68	2.92
19900608	1.98	11.17	1.67
19900609	2.76	14.35	1.19
19900610	2.92	12.92	1.01
19900611	0.0	10.33	0.84
19900612	0.03	11.43	0.65
19900613	0.0	12.06	0.57
19900614	0.0	10.75	0.53
19900615	0.0	10.74	0.49
19900616	0.0	13.1	0.45
19900617	0.07	14.76	0.44
19900618	1.3	11.03	0.44
19900619	0.05	11.29	0.42
19900620	0.45	10.82	0.4
19900621	3.41	11.51	0.4
19900622	3.76	11.31	0.48
19900623	0.31	10.37	0.42
19900624	5.32	10.5	0.55
19900625	0.11	11.76	0.45
19900626	10.52	13.18	0.41
19900627	1.05	10.46	0.53
19900628	1.13	10.57	0.38
19900629	5.06	13.03	0.38
19900630	21.98	12.51	0.97
19900701	0.23	9.19	1.72
19900702	0.71	8.41	0.74
19900703	3.81	11.51	0.52
19900704	15.35	9.97	2.25
19900705	0.07	10.31	1.88
19900706	5.15	11.92	0.88
19900707	8.13	12.83	2.33
19900708	9.67	11.41	2.97
19900709	1.49	11.06	2.58
19900710	1.91	13.36	1.19
19900711	0.0	11.33	0.87
19900712	2.54	11.55	0.72
19900713	0.0	13.74	0.65
19900714	0.0	15.92	0.55
19900715	6.12	14.48	0.65
19900716	0.0	13.12	0.54
19900717	0.0	15.17	0.43
19900718	0.0	17.92	0.38
19900719	0.0	16.98	0.36
19900720	0.0	15.12	0.34
19900721	0.0	14.81	0.32
19900722	0.0	13.85	0.3
19900723	0.0	11.68	0.28
19900724	0.0	14.66	0.27
19900725	0.0	18.4	0.26
19900726	0.0	17.36	0.26
19900727	0.58	15.67	0.25
19900728	0.0	14.53	0.26
19900729	0.99	15.92	0.25
19900730	0.28	13.6	0.25
19900731	0.0	15.19	0.24
19900801	0.0	16.69	0.24
19900802	0.0	20.73	0.22
19900803	0.92	14.85	0.23
19900804	1.03	12.83	0.24
19900805	0.14	10.85	0.24
19900806	0.92	11.47	0.23
19900807	0.84	12.8	0.22
19900808	9.12	14.64	0.25
19900809	2.31	14.42	0.41
19900810	2.07	14.97	0.29
19900811	5.41	14.06	0.28
19900812	12.89	13.74	1.31
19900813	3.25	13.0	0.74
19900814	9.61	12.68	0.63
19900815	22.75	12.01	4.62
19900816	2.02	11.11	3.96
19900817	0.1	9.57	1.11
19900818	4.29	11.0	0.68
19900819	1.95	11.78	0.69
19900820	0.06	11.0	0.53
19900821	0.56	13.72	0.42
19900822	0.78	15.5	0.41
19900823	6.53	16.74	0.38
19900824	7.03	14.96	1.08
19900825	0.1	15.83	0.98
19900826	0.93	16.06	0.61
19900827	2.25	16.85	0.46
19900828	7.83	15.67	0.46
19900829	12.58	11.81	5.61
19900830	2.27	11.33	1.28
19900831	1.17	12.23	0.86
19900901	1.53	13.02	0.75
19900902	5.28	13.9	0.83
19900903	0.57	10.82	1.37
19900904	0.39	9.64	0.88
19900905	5.97	10.37	0.87
19900906	8.25	8.7	4.35
19900907	0.09	9.83	1.53
19900908	0.29	10.86	0.9
19900909	0.15	11.35	0.68
19900910	0.0	10.77	0.56
19900911	0.0	12.82	0.48
19900912	0.0	10.89	0.44
19900913	0.0	11.35	0.41
19900914	0.01	8.14	0.36
19900915	0.03	9.23	0.33
19900916	4.28	8.89	0.4
19900917	4.88	10.15	0.38
19900918	15.23	9.1	2.83
19900919	1.31	7.08	2.19
19900920	5.96	5.88	2.23
19900921	1.47	7.06	1.41
19900922	0.81	6.21	0.98
19900923	2.05	7.94	0.81
19900924	4.53	5.56	1.07
19900925	0.03	6.98	0.94
19900926	0.0	7.16	0.66
19900927	0.24	9.8	0.62
19900928	5.75	12.02	0.7
19900929	8.23	11.63	1.6
19900930	0.22	8.4	2.95
19901001	3.59	10.71	1.33
19901002	35.69	10.22	11.68
19901003	9.13	7.55	7.55
19901004	6.49	10.21	4.97
19901005	27.94	10.89	11.67
19901006	26.53	6.73	21.56
19901007	0.15	4.96	4.46
19901008	1.54	9.98	2.87
19901009	6.66	9.55	3.73
19901010	6.85	8.13	3.28
19901011	3.81	8.8	4.41
19901012	1.07	11.71	2.7
19901013	0.53	14.51	2.07
19901014	5.48	11.33	1.67
19901015	4.21	10.92	2.43
19901016	1.1	8.62	2.04
19901017	9.86	9.9	2.47
19901018	0.01	9.12	3.22
19901019	0.25	9.06	1.73
19901020	0.08	11.58	1.41
19901021	0.0	8.77	1.23
19901022	0.0	7.11	1.1
19901023	0.0	8.48	1.02
19901024	3.26	9.05	1.05
19901025	3.17	9.32	1.06
19901026	0.6	7.55	1.2
19901027	1.47	5.92	1.1
19901028	19.07	5.08	6.03
19901029	11.4	3.75	4.65
19901030	3.69	4.66	6.08
19901031	0.42	3.77	3.01
19901101	0.01	4.92	2.01
19901102	0.0	2.53	1.56
19901103	0.0	1.8	1.28
19901104	0.0	2.3	1.13
19901105	0.0	4.15	1.05
19901106	0.27	4.47	0.96
19901107	0.21	5.07	0.91
19901108	0.04	2.6	0.83
19901109	0.48	4.27	0.79
19901110	0.78	6.72	0.8
19901111	1.69	7.96	0.76
19901112	1.63	10.67	0.86
19901113	1.22	9.59	0.94
19901114	3.64	7.14	1.08
19901115	5.53	8.56	1.15
19901116	7.6	8.35	5.1
19901117	12.28	5.37	3.76
19901118	6.84	3.59	4.87
19901119	0.73	1.43	2.71
19901120	2.01	1.42	1.96
19901121	0.0	0.49	1.64
19901122	0.57	0.6	1.31
19901123	0.03	1.65	1.26
19901124	3.5	2.36	1.07
19901125	9.75	3.26	3.52
19901126	0.0	0.93	2.39
19901127	0.0	0.63	1.48
19901128	0.0	0.77	1.19
19901129	0.02	2.77	1.08
19901130	0.06	2.28	1.02
19901201	0.01	4.41	0.96
19901202	1.24	6.25	0.94
19901203	0.09	4.3	0.87
19901204	0.05	2.59	0.75
19901205	0.12	3.93	0.72
19901206	15.49	3.36	1.89
19901207	3.24	-1.59	2.72
19901208	7.4	-0.18	1.46
19901209	0.49	0.14	1.88
19901210	0.12	-0.22	1.4
19901211	4.73	3.74	5.97
19901212	0.0	-1.62	2.23
19901213	0.01	-1.06	1.36
19901214	0.01	2.06	1.16
19901215	0.12	3.18	1.14
19901216	0.13	2.98	1.1
19901217	0.0	0.53	1.03
19901218	0.0	-0.18	0.92
19901219	10.17	2.99	1.02
19901220	1.45	4.6	4.39
19901221	16.58	7.2	5.94
19901222	33.86	6.53	17.11
19901223	5.14	3.27	7.57
19901224	20.63	2.34	5.54
19901225	24.48	3.47	16.72
19901226	17.39	3.19	13.76
19901227	5.34	1.45	4.84
19901228	11.45	2.85	11.56
19901229	3.05	0.83	4.1
19901230	0.45	1.55	2.82
19901231	1.08	1.21	2.23
19910101	35.66	5.69	15.19
19910102	5.41	2.24	7.31
19910103	7.07	1.71	3.93
19910104	22.13	2.74	10.94
19910105	15.36	2.94	10.87
19910106	8.82	0.27	6.91
19910107	10.42	-0.63	3.68
19910108	2.97	-1.42	2.75
19910109	14.28	0.21	2.38
19910110	5.9	1.22	2.68
19910111	6.31	-0.35	6.29
19910112	0.0	-2.8	3.57
19910113	0.0	-2.84	2.19
19910114	0.0	-2.41	1.69
19910115	0.0	-1.79	1.43
19910116	0.02	-0.43	1.31
19910117	0.19	2.91	1.83
19910118	6.86	2.53	9.13
19910119	5.66	3.81	6.7
19910120	5.79	3.92	8.82
19910121	0.2	1.93	3.27
19910122	0.39	3.32	2.37
19910123	0.12	3.85	2.06
19910124	0.05	1.78	1.78
19910125	0.01	0.07	1.49
19910126	0.01	1.49	1.27
19910127	0.09	1.12	1.19
19910128	0.05	0.43	1.12
19910129	0.44	0.62	1.03
19910130	0.4	-1.37	0.96
19910131	0.32	-1.97	0.87
19910201	0.0	-1.62	0.83
19910202	0.0	-0.89	0.74
19910203	1.5	-1.0	0.69
19910204	0.02	-2.49	0.63
19910205	0.0	-1.83	0.58
19910206	0.16	-2.06	0.61
19910207	0.56	-1.83	0.6
19910208	0.87	-1.44	0.57
19910209	3.71	-2.96	0.56
19910210	0.06	-3.88	0.5
19910211	1.43	-1.88	0.6
19910212	0.06	-2.67	0.48
19910213	0.0	-2.17	0.48
19910214	9.63	1.25	1.29
19910215	0.09	0.85	3.6
19910216	0.0	0.1	1.41
19910217	0.02	0.27	1.0
19910218	0.0	1.14	0.82
19910219	4.26	3.08	0.89
19910220	0.58	2.43	1.96
19910221	16.57	1.83	1.7
19910222	24.45	4.47	15.92
19910223	12.2	6.54	12.91
19910224	0.93	3.86	6.03
19910225	1.87	4.41	3.13
19910226	4.42	5.47	4.13
19910227	3.34	4.38	3.03
19910228	0.05	1.56	2.65
19910301	0.17	1.7	2.07
19910302	1.91	1.6	1.86
19910303	0.45	1.75	1.71
19910304	8.94	4.09	2.53
19910305	0.26	5.18	3.41
19910306	0.58	5.93	2.14
19910307	1.31	5.06	1.55
19910308	6.53	5.08	3.05
19910309	1.25	6.04	2.06
19910310	0.08	4.16	1.56
19910311	0.54	7.42	1.27
19910312	7.36	8.64	1.39
19910313	2.96	8.18	2.53
19910314	0.09	6.26	1.82
19910315	6.65	6.71	2.45
19910316	6.77	8.23	2.51
19910317	1.55	6.33	2.67
19910318	33.13	7.51	13.25
19910319	3.59	6.73	9.32
19910320	9.87	5.95	4.63
19910321	0.53	3.35	4.76
19910322	0.01	2.47	2.53
19910323	0.0	3.83	1.85
19910324	0.0	4.68	1.5
19910325	0.0	5.32	1.29
19910326	0.0	4.57	1.14
19910327	0.0	5.19	1.03
19910328	0.0	1.99	0.92
19910329	0.03	5.95	0.86
19910330	0.37	8.59	0.82
19910331	6.58	7.83	0.84
19910401	31.36	7.88	10.41
19910402	2.17	4.7	8.92
19910403	5.17	5.03	2.99
19910404	4.5	4.88	3.88
19910405	2.45	4.34	2.7
19910406	12.75	4.88	3.82
19910407	5.96	5.3	5.67
19910408	1.38	6.33	3.05
19910409	18.23	8.39	5.07
19910410	0.61	8.76	5.77
19910411	15.43	7.03	4.35
19910412	23.98	5.25	14.92
19910413	0.0	3.48	4.95
19910414	0.0	5.24	2.8
19910415	0.0	8.16	2.04
19910416	0.0	4.62	1.54
19910417	0.86	4.52	1.34
19910418	0.25	4.15	1.17
19910419	0.08	0.79	1.04
19910420	1.6	4.33	1.0
19910421	0.97	4.55	0.88
19910422	0.04	4.74	0.76
19910423	1.15	7.9	0.73
19910424	0.03	6.77	0.71
19910425	0.0	5.67	0.61
19910426	0.0	6.87	0.55
19910427	0.0	6.08	0.53
19910428	0.0	7.73	0.51
19910429	2.79	6.13	0.5
19910430	0.02	5.17	0.52
19910501	0.0	7.62	0.48
19910502	0.34	7.38	0.45
19910503	1.86	7.29	0.45
19910504	0.0	6.84	0.44
19910505	0.2	6.91	0.42
19910506	2.15	6.74	0.41
19910507	0.0	4.41	0.4
19910508	0.0	6.39	0.39
19910509	0.08	8.58	0.37
19910510	0.61	8.7	0.37
19910511	0.01	6.55	0.36
19910512	5.74	9.77	0.36
19910513	2.02	7.33	0.51
19910514	0.0	8.32	0.41
19910515	0.06	9.48	0.37
19910516	0.78	8.33	0.37
19910517	0.0	9.59	0.36
19910518	0.41	10.03	0.35
19910519	0.14	11.63	0.34
19910520	1.11	11.39	0.34
19910521	0.15	9.37	0.34
19910522	0.3	10.59	0.33
19910523	1.92	12.01	0.32
19910524	0.04	12.55	0.32
19910525	0.15	11.74	0.3
19910526	0.0	12.24	0.3
19910527	0.0	12.22	0.29
19910528	0.0	11.8	0.27
19910529	0.0	11.28	0.27
19910530	0.0	10.49	0.27
19910531	0.0	10.14	0.26
19910601	11.8	9.63	0.28
19910602	5.72	4.74	0.66
19910603	2.16	5.33	0.42
19910604	0.01	5.14	0.32
19910605	0.0	7.74	0.28
19910606	0.0	9.85	0.27
19910607	0.01	8.14	0.26
19910608	6.65	10.77	0.28
19910609	5.82	10.17	0.48
19910610	0.09	8.71	0.49
19910611	8.92	9.37	0.65
19910612	14.46	8.92	2.22
19910613	6.24	9.23	3.0
19910614	0.77	8.97	1.77
19910615	9.87	9.3	1.64
19910616	0.1	9.08	1.19
19910617	0.24	9.64	0.66
19910618	3.29	8.93	0.55
19910619	0.01	7.86	0.49
19910620	1.01	10.95	0.41
19910621	2.92	11.05	0.39
19910622	0.34	12.06	0.4
19910623	3.28	11.36	0.36
19910624	3.13	14.4	0.34
19910625	1.29	12.56	0.37
19910626	0.01	10.16	0.32
19910627	2.16	11.72	0.31
19910628	0.0	10.14	0.27
19910629	6.07	13.91	0.3
19910630	2.01	13.56	0.4
19910701	4.93	12.62	0.42
19910702	0.02	13.29	0.32
19910703	0.02	13.82	0.29
19910704	0.0	17.48	0.28
19910705	0.0	16.85	0.24
19910706	0.0	17.7	0.22
19910707	7.6	18.35	0.25
19910708	12.05	15.08	0.41
19910709	0.88	12.15	0.68
19910710	0.31	16.23	0.39
19910711	4.55	13.29	0.35
19910712	10.17	12.15	0.68
19910713	1.07	11.21	1.0
19910714	5.79	12.87	0.69
19910715	11.4	12.56	1.0
19910716	2.08	12.86	3.26
19910717	2.23	12.69	1.02
19910718	2.39	13.85	0.7
19910719	0.21	14.28	0.56
19910720	0.16	12.85	0.45
19910721	0.44	14.24	0.35
19910722	5.84	14.61	0.35
19910723	1.8	14.1	0.45
19910724	0.62	15.79	0.41
19910725	0.0	16.2	0.33
19910726	0.0	15.65	0.29
19910727	0.19	16.44	0.31
19910728	0.0	16.61	0.29
19910729	0.1	17.9	0.25
19910730	0.0	16.78	0.23
19910731	0.7	17.19	0.23
19910801	1.61	16.24	0.23
19910802	0.01	14.64	0.23
19910803	0.12	14.69	0.23
19910804	3.55	14.94	0.22
19910805	0.5	13.88	0.22
19910806	1.79	11.5	0.22
19910807	0.01	12.51	0.2
19910808	19.79	14.62	0.92
19910809	0.89	14.35	2.06
19910810	0.52	14.05	0.66
19910811	0.97	12.53	0.46
19910812	0.09	11.46	0.29
19910813	0.87	13.73	0.26
19910814	0.38	14.2	0.24
19910815	0.95	13.59	0.26
19910816	3.76	12.26	0.32
19910817	0.89	10.97	0.39
19910818	3.76	11.97	0.33
19910819	0.69	12.25	0.3
19910820	0.0	14.27	0.23
19910821	1.21	16.46	0.2
19910822	4.59	14.45	0.26
19910823	2.33	12.97	0.21
19910824	0.19	13.72	0.2
19910825	0.0	14.71	0.18
19910826	0.02	15.05	0.17
19910827	0.06	11.92	0.16
19910828	0.01	15.35	0.16
19910829	0.0	15.35	0.15
19910830	0.0	16.75	0.14
19910831	0.0	15.16	0.15
19910901	0.0	14.53	0.14
19910902	0.0	14.35	0.13
19910903	0.0	15.24	0.15
19910904	0.0	16.77	0.15
19910905	0.0	12.81	0.14
19910906	0.0	11.63	0.13
19910907	0.0	13.0	0.13
19910908	0.0	11.29	0.14
19910909	0.0	11.18	0.14
19910910	0.0	10.26	0.14
19910911	0.0	7.32	0.13
19910912	0.0	12.01	0.13
19910913	1.27	14.98	0.13
19910914	6.63	12.82	0.19
19910915	6.44	12.62	0.19
19910916	6.92	14.7	0.39
19910917	4.07	11.9	0.26
19910918	2.37	10.88	0.2
19910919	1.97	10.2	0.18
19910920	0.0	11.88	0.16
19910921	28.23	10.13	2.1
19910922	13.72	8.07	3.44
19910923	14.99	11.79	3.54
19910924	8.65	8.15	3.28
19910925	0.17	6.41	1.57
19910926	0.04	6.87	0.86
19910927	0.04	7.79	0.58
19910928	0.74	5.31	0.45
19910929	1.73	5.16	0.38
19910930	11.51	7.8	0.62
19911001	6.87	7.32	3.25
19911002	6.3	10.38	1.81
19911003	2.59	7.82	1.91
19911004	7.86	7.26	1.92
19911005	5.2	6.05	1.74
19911006	7.65	8.65	1.29
19911007	4.29	8.66	1.84
19911008	0.07	8.17	1.58
19911009	0.44	9.24	1.04
19911010	0.03	10.65	0.86
19911011	0.04	12.27	0.73
19911012	0.33	12.01	0.63
19911013	0.06	9.9	0.57
19911014	0.02	7.33	0.52
19911015	17.37	8.27	2.57
19911016	10.68	6.41	5.76
19911017	2.82	4.46	3.83
19911018	0.03	3.02	1.8
19911019	0.32	3.39	1.15
19911020	0.54	4.97	0.95
19911021	0.07	7.31	0.82
19911022	0.01	5.64	0.69
19911023	0.02	6.51	0.62
19911024	0.1	5.34	0.57
19911025	0.96	6.71	0.56
19911026	0.01	5.54	0.57
19911027	0.11	6.09	0.54
19911028	0.39	8.31	0.48
19911029	11.3	8.79	0.53
19911030	8.33	6.7	2.11
19911031	27.58	6.99	11.44
19911101	7.29	7.72	8.33
19911102	16.92	4.65	7.1
19911103	0.99	2.41	5.98
19911104	0.16	1.77	2.59
19911105	0.7	2.1	1.7
19911106	16.41	7.19	5.97
19911107	21.07	5.99	11.8
19911108	2.34	2.11	4.7
19911109	0.4	1.98	2.71
19911110	28.93	4.38	13.87
19911111	2.22	3.59	5.44
19911112	38.21	2.8	12.34
19911113	1.48	0.58	7.7
19911114	0.04	1.75	6.45
19911115	0.0	0.86	4.08
19911116	0.02	-0.14	2.62
19911117	2.25	0.81	2.27
19911118	4.95	2.94	3.66
19911119	0.37	-0.2	4.48
19911120	1.73	1.25	2.24
19911121	1.61	7.4	3.66
19911122	0.25	7.89	2.4
19911123	0.02	8.22	1.8
19911124	1.99	6.02	1.38
19911125	2.17	7.17	1.35
19911126	1.05	5.44	1.34
19911127	9.63	7.55	1.73
19911128	3.78	4.96	2.89
19911129	0.11	7.3	2.55
19911130	0.62	6.02	1.61
19911201	0.03	4.48	1.38
19911202	0.0	4.32	1.23
19911203	0.0	2.25	1.07
19911204	0.0	1.43	0.94
19911205	0.0	3.57	0.78
19911206	0.0	1.05	0.65
19911207	0.0	1.26	0.55
19911208	0.0	0.94	0.49
19911209	0.0	-0.82	0.43
19911210	0.0	-2.26	0.38
19911211	0.13	-1.13	0.33
19911212	2.11	5.98	0.47
19911213	0.63	6.1	0.64
19911214	1.08	4.65	0.52
19911215	1.2	3.54	0.5
19911216	5.1	4.92	0.53
19911217	19.59	4.22	5.53
19911218	25.89	5.65	13.15
19911219	9.06	2.33	7.78
19911220	15.41	0.65	2.64
19911221	35.34	5.7	19.54
19911222	31.49	6.61	36.71
19911223	1.61	2.31	11.95
19911224	0.09	1.49	3.57
19911225	7.74	5.85	4.72
19911226	0.08	4.05	3.15
19911227	1.02	5.59	1.86
19911228	0.86	5.16	1.57
19911229	0.24	3.38	1.34
19911230	2.13	4.97	1.18
19911231	21.26	5.89	4.31
19920101	6.62	7.48	13.36
19920102	18.4	7.35	5.55
19920103	12.06	2.92	14.16
19920104	2.3	2.84	4.21
19920105	1.48	4.64	2.74
19920106	6.4	7.76	2.4
19920107	52.99	5.48	26.1
19920108	10.76	0.99	26.71
19920109	0.01	-2.42	5.59
19920110	0.33	0.88	3.04
19920111	0.14	2.4	4.39
19920112	0.36	2.19	2.38
19920113	0.09	3.88	1.82
19920114	0.02	1.59	1.51
19920115	0.42	2.45	1.42
19920116	0.0	4.5	1.3
19920117	0.05	4.68	1.26
19920118	0.48	5.67	1.19
19920119	5.04	6.3	1.53
19920120	0.01	1.58	1.53
19920121	0.0	-2.38	1.15
19920122	0.0	-1.81	1.02
19920123	0.0	-0.89	0.96
19920124	4.8	3.46	0.92
19920125	0.03	1.61	1.43
19920126	0.01	0.15	1.05
19920127	0.05	1.07	0.9
19920128	0.03	-0.86	0.88
19920129	0.01	-0.81	0.78
19920130	0.02	-1.23	0.77
19920131	0.34	1.21	0.72
19920201	1.31	5.14	0.87
19920202	9.87	4.34	3.36
19920203	11.14	3.9	4.22
19920204	1.2	5.51	3.73
19920205	0.1	7.62	1.82
19920206	0.0	6.04	1.27
19920207	3.24	6.33	1.13
19920208	1.87	4.78	1.31
19920209	9.73	3.31	3.17
19920210	5.17	2.22	4.28
19920211	0.07	3.31	2.52
19920212	7.6	4.93	3.89
19920213	6.63	2.87	3.33
19920214	5.77	4.48	3.78
19920215	3.42	1.97	3.44
19920216	0.0	-0.05	1.96
19920217	6.89	-0.26	1.53
19920218	0.04	-1.73	1.51
19920219	0.23	0.28	1.4
19920220	3.05	3.98	2.53
19920221	20.69	4.82	3.89
19920222	25.14	6.11	22.41
19920223	3.03	6.15	5.42
19920224	5.06	2.24	4.63
19920225	4.73	3.75	3.05
19920226	2.16	5.06	2.94
19920227	4.73	3.44	3.16
19920228	0.05	3.24	2.13
19920229	7.77	5.75	2.17
19920301	4.1	4.18	3.04
19920302	5.2	5.21	3.23
19920303	3.94	8.65	3.25
19920304	0.05	7.33	2.45
19920305	4.48	5.61	1.83
19920306	9.59	6.44	2.38
19920307	4.19	3.41	4.44
19920308	3.19	3.92	1.98
19920309	30.64	4.62	11.01
19920310	9.0	1.78	8.1
19920311	26.0	4.66	14.81
19920312	12.19	2.09	12.37
19920313	2.62	-0.1	5.01
19920314	2.72	0.35	3.18
19920315	0.36	3.48	2.73
19920316	1.27	8.48	3.7
19920317	5.14	7.83	2.65
19920318	6.6	5.24	6.1
19920319	5.33	7.82	3.78
19920320	5.32	6.09	3.89
19920321	5.22	4.37	4.41
19920322	2.4	4.25	3.2
19920323	0.24	6.01	2.25
19920324	0.01	4.77	1.67
19920325	0.88	3.67	1.54
19920326	0.49	2.71	1.36
19920327	0.01	4.07	1.17
19920328	0.95	5.7	1.09
19920329	3.07	4.38	1.06
19920330	3.97	4.1	1.2
19920331	21.7	2.23	6.58
19920401	2.36	0.78	6.89
19920402	0.11	1.65	2.6
19920403	0.0	2.66	1.94
19920404	2.25	5.02	1.65
19920405	2.23	5.67	1.62
19920406	0.41	4.8	1.54
19920407	0.06	6.65	1.26
19920408	0.0	8.17	1.06
19920409	0.07	10.17	0.99
19920410	0.21	8.13	0.87
19920411	1.8	7.84	0.82
19920412	1.71	4.33	0.91
19920413	4.71	4.81	0.81
19920414	6.21	1.95	2.52
19920415	0.05	2.35	1.43
19920416	2.12	5.56	1.04
19920417	10.38	7.76	2.39
19920418	0.51	5.47	3.06
19920419	0.01	6.48	1.32
19920420	2.57	8.36	1.07
19920421	0.36	7.11	0.98
19920422	2.64	7.11	0.9
19920423	2.48	8.3	0.94
19920424	4.94	5.66	1.7
19920425	11.19	7.95	1.24
19920426	16.18	7.23	7.57
19920427	4.86	6.27	3.48
19920428	1.46	5.39	2.0
19920429	5.09	6.84	1.39
19920430	6.29	7.26	3.51
19920501	1.21	6.04	2.0
19920502	0.0	6.68	1.27
19920503	0.05	9.8	1.07
19920504	6.93	7.2	1.07
19920505	3.24	8.6	1.3
19920506	1.75	10.56	1.68
19920507	9.07	5.82	1.96
19920508	10.65	3.62	7.24
19920509	4.14	3.97	2.93
19920510	2.32	6.29	2.07
19920511	14.04	7.61	3.86
19920512	0.6	10.63	3.33
19920513	0.0	15.25	1.65
19920514	0.0	15.8	1.15
19920515	0.0	8.33	0.97
19920516	0.0	9.84	0.79
19920517	0.0	13.14	0.71
19920518	0.0	12.75	0.64
19920519	0.12	13.14	0.59
19920520	1.07	13.61	0.56
19920521	4.83	8.89	0.69
19920522	0.0	13.22	0.56
19920523	0.0	11.21	0.51
19920524	0.0	12.08	0.49
19920525	0.45	15.74	0.46
19920526	0.01	13.59	0.42
19920527	0.0	13.65	0.4
19920528	0.64	14.13	0.4
19920529	0.51	14.91	0.41
19920530	0.16	14.31	0.38
19920531	0.32	13.6	0.37
19920601	8.02	14.82	0.7
19920602	0.24	11.42	0.44
19920603	0.1	11.84	0.39
19920604	0.04	10.58	0.35
19920605	0.05	10.7	0.34
19920606	0.0	12.91	0.33
19920607	0.01	13.24	0.32
19920608	0.69	14.17	0.32
19920609	2.6	13.94	0.32
19920610	0.0	13.42	0.32
19920611	0.0	12.51	0.29
19920612	0.0	15.72	0.27
19920613	0.61	17.32	0.26
19920614	0.17	14.7	0.26
19920615	0.0	11.14	0.26
19920616	0.0	10.81	0.25
19920617	0.0	11.47	0.24
19920618	0.0	13.23	0.23
19920619	0.43	13.05	0.23
19920620	0.0	13.3	0.23
19920621	0.0	12.98	0.22
19920622	0.0	13.31	0.21
19920623	0.0	12.49	0.21
19920624	0.0	14.72	0.2
19920625	0.04	14.24	0.2
19920626	0.0	14.82	0.2
19920627	0.14	13.79	0.19
19920628	0.01	15.3	0.2
19920629	6.42	17.22	0.22
19920630	8.45	10.51	0.54
19920701	0.01	7.44	0.31
19920702	11.04	11.06	0.31
19920703	3.81	10.39	0.78
19920704	0.01	9.03	0.39
19920705	0.12	13.77	0.29
19920706	0.07	15.14	0.26
19920707	0.59	17.11	0.25
19920708	0.06	11.59	0.24
19920709	0.0	11.8	0.23
19920710	2.63	13.2	0.21
19920711	5.83	12.13	0.29
19920712	0.4	11.44	0.26
19920713	0.46	11.38	0.23
19920714	0.01	10.4	0.21
19920715	4.53	14.3	0.25
19920716	1.24	15.87	0.25
19920717	6.31	15.35	0.27
19920718	0.78	14.5	0.31
19920719	7.45	14.72	0.36
19920720	4.63	14.77	0.34
19920721	1.46	13.04	0.34
19920722	0.71	14.01	0.25
19920723	23.24	13.82	1.11
19920724	0.23	13.69	0.75
19920725	1.4	12.53	0.39
19920726	9.3	11.02	0.96
19920727	2.68	11.11	0.66
19920728	0.06	12.11	0.43
19920729	0.16	11.15	0.33
19920730	0.01	10.84	0.28
19920731	8.44	15.17	0.29
19920801	0.81	12.86	0.33
19920802	13.35	12.87	0.66
19920803	5.14	12.09	1.26
19920804	14.79	12.77	3.99
19920805	1.65	12.34	2.35
19920806	0.0	9.57	0.95
19920807	0.0	13.25	0.57
19920808	6.59	11.74	0.47
19920809	9.52	11.0	2.67
19920810	3.42	13.22	1.25
19920811	8.39	12.81	1.36
19920812	21.58	11.24	6.53
19920813	0.03	9.47	2.73
19920814	1.69	14.29	1.06
19920815	7.43	10.65	2.2
19920816	8.72	11.95	1.5
19920817	1.92	10.26	3.06
19920818	0.41	12.68	1.2
19920819	1.33	12.13	0.85
19920820	0.93	14.7	0.69
19920821	0.25	13.67	0.53
19920822	20.73	12.0	2.82
19920823	1.35	10.53	2.88
19920824	12.64	12.08	1.31
19920825	2.61	12.49	2.96
19920826	11.45	10.51	1.44
19920827	4.25	12.37	3.94
19920828	0.77	8.72	1.85
19920829	7.04	10.33	1.18
19920830	22.2	10.88	3.77
19920831	4.05	9.52	7.14
19920901	7.93	9.4	2.77
19920902	5.68	8.82	5.95
19920903	1.97	8.69	2.58
19920904	0.0	7.55	1.54
19920905	3.74	8.25	1.15
19920906	20.97	10.54	5.33
19920907	8.17	9.07	3.0
19920908	8.04	9.56	5.66
19920909	1.25	12.0	3.62
19920910	2.24	11.65	1.97
19920911	13.41	8.68	5.21
19920912	10.33	8.55	5.0
19920913	9.6	9.59	5.14
19920914	10.46	11.06	6.3
19920915	0.29	9.0	4.47
19920916	0.25	11.19	2.04
19920917	0.42	12.76	1.51
19920918	0.33	13.04	1.24
19920919	7.77	11.95	1.47
19920920	11.03	6.65	5.61
19920921	6.57	9.47	2.3
19920922	0.99	7.6	2.88
19920923	0.52	9.74	1.68
19920924	9.24	8.09	3.54
19920925	0.01	8.63	1.99
19920926	8.41	10.49	2.3
19920927	0.16	13.67	2.55
19920928	0.2	13.86	1.49
19920929	9.21	12.87	1.61
19920930	0.63	8.61	2.94
19921001	0.55	10.76	1.58
19921002	12.36	9.03	4.59
19921003	0.49	9.22	2.76
19921004	0.5	7.36	1.85
19921005	0.01	5.98	1.45
19921006	0.01	6.14	1.22
19921007	0.05	6.19	1.07
19921008	0.25	6.97	0.97
19921009	0.0	4.13	0.83
19921010	0.0	4.38	0.76
19921011	0.02	6.44	0.71
19921012	0.0	7.04	0.66
19921013	2.89	7.05	0.67
19921014	3.57	3.5	0.87
19921015	0.01	3.46	0.73
19921016	0.07	1.7	0.64
19921017	0.69	2.59	0.59
19921018	0.01	2.18	0.57
19921019	0.33	2.84	0.52
19921020	0.12	3.49	0.49
19921021	1.98	4.0	0.53
19921022	4.55	3.72	0.59
19921023	3.9	2.11	1.47
19921024	2.49	1.35	1.46
19921025	0.38	1.39	1.33
19921026	5.41	3.52	1.19
19921027	19.55	2.61	2.58
19921028	6.9	2.11	11.21
19921029	0.0	0.88	2.49
19921030	2.24	0.85	1.67
19921031	24.77	5.13	9.25
19921101	29.37	6.71	14.0
19921102	13.7	5.08	16.28
19921103	8.37	5.28	7.74
19921104	4.25	8.84	5.87
19921105	0.04	11.27	3.62
19921106	8.55	8.24	5.22
19921107	0.0	3.8	3.91
19921108	8.42	6.16	2.51
19921109	11.82	5.3	8.24
19921110	12.83	4.1	7.16
19921111	11.0	3.04	7.35
19921112	1.06	0.85	4.26
19921113	0.02	-0.44	2.59
19921114	3.7	1.14	2.1
19921115	3.1	1.27	2.12
19921116	0.68	1.51	3.1
19921117	1.0	2.83	1.91
19921118	8.09	4.06	3.47
19921119	5.18	2.04	2.81
19921120	4.2	1.34	3.81
19921121	15.5	1.58	3.19
19921122	6.93	7.41	10.62
19921123	3.87	7.03	4.36
19921124	8.53	5.8	5.02
19921125	3.43	3.72	3.86
19921126	10.52	4.1	5.08
19921127	19.52	4.57	11.43
19921128	0.83	2.25	4.6
19921129	0.77	5.61	3.09
19921130	7.95	4.52	3.62
19921201	17.93	6.1	8.4
19921202	7.21	4.38	8.17
19921203	9.24	1.41	5.82
19921204	4.08	0.93	4.13
19921205	5.17	1.76	4.88
19921206	9.52	3.28	6.26
19921207	1.17	1.62	5.59
19921208	1.22	1.59	3.04
19921209	0.29	2.05	2.43
19921210	4.6	5.66	2.85
19921211	2.99	3.87	3.2
19921212	1.34	4.98	2.28
19921213	0.25	7.96	2.28
19921214	0.07	7.99	1.81
19921215	5.24	5.31	1.51
19921216	0.82	1.8	1.93
19921217	15.3	4.26	3.73
19921218	3.05	0.38	5.43
19921219	0.9	-2.97	2.3
19921220	0.06	-3.76	1.64
19921221	2.32	-0.37	1.44
19921222	0.06	-0.87	1.63
19921223	0.04	1.5	1.59
19921224	0.0	2.62	2.14
19921225	2.18	3.52	1.9
19921226	0.01	3.54	1.86
19921227	0.0	-0.15	1.47
19921228	0.0	-3.4	1.19
19921229	0.0	-3.91	0.93
19921230	0.02	-0.9	1.02
19921231	0.07	3.78	0.94
19930101	0.06	5.15	1.01
19930102	0.26	2.3	1.11
19930103	6.13	1.85	1.3
19930104	2.93	4.99	1.86
19930105	0.53	3.97	1.82
19930106	0.01	3.6	1.19
19930107	21.79	3.36	2.77
19930108	18.69	4.32	11.66
19930109	7.48	4.14	10.26
19930110	8.11	3.16	6.69
19930111	11.47	-0.65	3.31
19930112	4.95	1.15	2.47
19930113	5.17	1.04	3.43
19930114	17.11	4.65	13.01
19930115	14.39	4.71	12.93
19930116	3.57	6.02	8.76
19930117	11.2	1.64	5.26
19930118	8.99	2.77	7.01
19930119	18.6	4.7	11.27
19930120	7.17	4.88	6.86
19930121	10.59	6.14	9.7
19930122	11.74	2.52	6.64
19930123	37.22	4.99	23.09
19930124	8.36	1.24	10.09
19930125	2.38	1.03	4.65
19930126	0.3	1.75	5.31
19930127	5.92	3.54	4.73
19930128	1.94	3.5	4.31
19930129	0.46	4.39	2.82
19930130	3.1	1.77	2.68
19930131	0.0	1.12	2.32
19930201	1.31	2.3	1.86
19930202	0.35	6.59	1.85
19930203	0.0	6.99	1.49
19930204	0.0	6.14	1.25
19930205	0.93	6.97	1.16
19930206	0.22	8.35	1.13
19930207	0.06	6.75	1.08
19930208	0.09	5.59	1.05
19930209	0.0	5.48	1.0
19930210	0.11	3.26	0.94
19930211	0.07	2.78	0.9
19930212	0.04	3.61	0.83
19930213	0.0	4.73	0.79
19930214	3.11	3.67	0.84
19930215	0.59	4.39	0.81
19930216	0.22	7.2	0.87
19930217	0.18	6.64	0.81
19930218	3.28	3.92	1.0
19930219	0.09	3.86	0.92
19930220	2.16	3.15	0.93
19930221	0.03	2.54	0.77
19930222	0.06	3.8	0.71
19930223	0.14	4.78	0.68
19930224	3.23	5.72	0.7
19930225	7.17	3.25	1.06
19930226	0.97	-0.01	1.26
19930227	0.08	-0.98	0.91
19930228	0.49	-0.71	0.71
19930301	0.2	-0.13	0.71
19930302	0.2	0.72	0.76
19930303	1.78	-1.57	0.8
19930304	1.06	1.91	0.87
19930305	0.0	5.52	1.03
19930306	0.07	5.58	0.94
19930307	0.01	4.44	0.85
19930308	0.0	4.06	0.76
19930309	0.13	3.2	0.67
19930310	2.88	3.89	0.67
19930311	0.19	6.71	0.89
19930312	4.92	8.75	0.82
19930313	0.05	8.92	1.12
19930314	0.02	8.15	0.88
19930315	4.33	6.24	0.79
19930316	8.95	6.9	2.27
19930317	16.7	6.41	9.45
19930318	2.63	3.44	6.06
19930319	0.3	5.25	2.7
19930320	4.86	5.45	2.35
19930321	0.03	4.72	2.72
19930322	13.56	2.36	2.16
19930323	3.46	2.17	3.22
19930324	0.5	1.9	4.66
19930325	0.03	2.14	2.1
19930326	0.0	4.46	1.48
19930327	0.16	3.91	1.24
19930328	0.73	3.86	1.08
19930329	7.29	6.16	1.33
19930330	4.61	5.17	4.24
19930331	1.75	6.05	2.21
19930401	0.04	3.58	1.44
19930402	0.08	5.24	1.09
19930403	4.42	4.91	1.08
19930404	8.09	5.05	1.37
19930405	20.69	5.75	9.03
19930406	4.38	6.76	6.02
19930407	0.14	7.32	2.77
19930408	4.94	6.83	2.08
19930409	2.49	6.16	2.14
19930410	0.2	5.27	1.76
19930411	0.27	5.5	1.28
19930412	0.12	5.42	1.11
19930413	0.09	3.24	1.03
19930414	0.0	4.89	0.93
19930415	1.11	7.74	0.9
19930416	6.25	6.75	1.38
19930417	12.27	6.28	2.06
19930418	20.0	6.19	9.58
19930419	4.34	8.48	5.84
19930420	14.2	7.91	6.14
19930421	2.41	8.59	5.25
19930422	2.98	7.79	3.11
19930423	2.6	8.09	2.55
19930424	0.04	7.43	1.82
19930425	9.12	6.83	3.38
19930426	0.01	8.34	2.13
19930427	0.0	8.33	1.52
19930428	0.0	6.95	1.18
19930429	0.0	11.27	1.03
19930430	0.0	12.63	0.93
19930501	2.07	6.01	0.83
19930502	0.92	4.05	0.79
19930503	0.07	4.49	0.7
19930504	0.0	9.23	0.63
19930505	0.0	9.67	0.61
19930506	0.01	11.5	0.57
19930507	10.35	11.34	0.65
19930508	0.05	7.51	0.86
19930509	0.0	8.43	0.62
19930510	1.1	9.69	0.59
19930511	0.0	9.81	0.58
19930512	0.0	8.49	0.56
19930513	20.09	3.2	0.74
19930514	24.72	2.09	5.91
19930515	4.3	4.45	9.9
19930516	16.57	8.81	10.12
19930517	9.07	9.8	12.33
19930518	0.04	8.07	3.16
19930519	0.43	6.61	1.96
19930520	5.13	10.44	1.56
19930521	0.16	7.55	1.63
19930522	0.04	11.4	1.28
19930523	0.01	12.23	1.05
19930524	0.0	12.6	0.91
19930525	0.0	8.21	0.79
19930526	0.0	7.19	0.71
19930527	0.0	7.41	0.66
19930528	1.02	10.64	0.63
19930529	5.02	12.61	0.64
19930530	8.7	11.9	0.81
19930531	0.12	9.56	0.87
19930601	8.06	10.83	2.24
19930602	1.11	9.12	1.86
19930603	0.0	12.4	1.17
19930604	0.46	10.07	0.87
19930605	0.0	11.01	0.66
19930606	0.09	14.67	0.6
19930607	0.0	14.33	0.56
19930608	0.0	15.1	0.5
19930609	15.4	17.38	2.2
19930610	1.54	14.63	1.32
19930611	4.81	13.21	0.83
19930612	0.02	9.57	1.07
19930613	8.02	9.18	1.0
19930614	0.09	8.56	1.66
19930615	0.6	11.74	0.91
19930616	0.39	11.87	0.7
19930617	7.52	12.52	0.85
19930618	2.66	11.31	1.38
19930619	1.83	11.32	1.04
19930620	0.13	10.86	0.82
19930621	0.85	11.14	0.64
19930622	0.0	10.22	0.55
19930623	0.01	9.69	0.48
19930624	0.0	9.63	0.44
19930625	6.49	11.5	0.48
19930626	0.13	12.06	0.58
19930627	0.0	13.36	0.45
19930628	0.0	18.06	0.39
19930629	0.01	17.59	0.37
19930630	0.01	11.99	0.37
19930701	0.0	13.59	0.35
19930702	6.03	12.84	0.39
19930703	3.24	13.16	1.15
19930704	0.24	10.18	1.1
19930705	0.0	11.36	0.61
19930706	0.15	11.47	0.46
19930707	3.39	13.67	0.41
19930708	14.78	9.7	2.72
19930709	1.56	9.2	1.11
19930710	0.98	8.61	0.67
19930711	3.72	8.53	0.57
19930712	0.0	9.96	0.5
19930713	0.89	13.77	0.43
19930714	5.64	12.56	0.46
19930715	6.41	15.35	0.64
19930716	11.08	15.11	2.13
19930717	0.27	9.89	1.29
19930718	0.66	13.55	0.75
19930719	0.77	13.58	0.59
19930720	0.04	13.03	0.48
19930721	0.01	11.47	0.42
19930722	5.42	14.41	0.37
19930723	2.28	13.29	0.55
19930724	3.33	11.44	1.14
19930725	4.34	10.66	1.19
19930726	0.63	10.35	1.42
19930727	1.65	12.4	0.85
19930728	2.78	12.49	0.8
19930729	0.37	12.67	0.88
19930730	2.0	11.59	0.7
19930731	3.01	11.54	0.69
19930801	1.09	13.72	0.7
19930802	9.73	13.06	0.94
19930803	3.69	12.75	2.65
19930804	12.51	12.15	1.78
19930805	0.66	10.47	2.86
19930806	3.83	12.96	1.2
19930807	0.83	12.65	1.94
19930808	5.14	12.32	1.11
19930809	1.65	10.7	1.52
19930810	10.29	10.78	1.01
19930811	8.15	8.36	6.63
19930812	0.41	9.04	1.72
19930813	0.4	12.4	1.02
19930814	3.49	11.03	0.87
19930815	0.03	11.57	0.81
19930816	0.04	9.43	0.65
19930817	0.09	13.06	0.58
19930818	1.65	11.42	0.56
19930819	0.21	11.9	0.49
19930820	0.43	11.92	0.47
19930821	0.63	10.18	0.41
19930822	0.24	7.34	0.39
19930823	0.65	9.56	0.37
19930824	0.22	10.56	0.34
19930825	0.0	9.88	0.34
19930826	0.0	11.57	0.32
19930827	0.0	12.64	0.31
19930828	0.01	14.51	0.3
19930829	0.28	10.07	0.3
19930830	0.0	12.94	0.29
19930831	0.0	14.29	0.28
19930901	0.0	13.49	0.27
19930902	0.05	12.69	0.26
19930903	0.02	8.34	0.26
19930904	0.0	7.62	0.25
19930905	0.0	9.5	0.25
19930906	0.0	10.92	0.25
19930907	0.09	11.45	0.24
19930908	18.35	11.52	0.57
19930909	1.69	14.38	0.67
19930910	21.85	12.43	2.25
19930911	1.97	8.84	2.06
19930912	0.43	11.3	0.85
19930913	2.25	9.71	0.62
19930914	2.89	7.7	0.54
19930915	1.13	7.61	0.52
19930916	0.27	7.62	0.48
19930917	0.02	9.08	0.4
19930918	5.87	10.75	0.4
19930919	7.98	11.27	0.82
19930920	0.14	12.82	1.21
19930921	0.66	10.35	0.67
19930922	0.02	10.41	0.48
19930923	1.39	11.09	0.42
19930924	1.37	6.28	0.43
19930925	0.01	6.61	0.38
19930926	0.0	5.75	0.33
19930927	0.0	5.13	0.31
19930928	0.03	6.38	0.29
19930929	2.4	9.71	0.31
19930930	0.56	10.36	0.3
19931001	4.3	8.44	0.31
19931002	3.3	8.77	0.36
19931003	6.5	8.74	0.49
19931004	0.89	6.76	0.96
19931005	17.67	8.05	2.23
19931006	12.16	8.6	5.52
19931007	8.03	7.68	5.32
19931008	5.76	9.81	2.15
19931009	14.34	8.05	8.01
19931010	0.21	7.93	3.23
19931011	0.36	7.48	1.8
19931012	0.12	3.2	1.24
19931013	0.02	1.41	0.97
19931014	0.0	1.9	0.8
19931015	0.0	-0.02	0.68
19931016	0.0	-0.69	0.61
19931017	0.0	1.57	0.57
19931018	0.0	4.31	0.55
19931019	5.08	6.58	0.58
19931020	1.08	4.4	0.68
19931021	0.0	1.87	0.59
19931022	0.0	3.64	0.54
19931023	0.0	6.33	0.5
19931024	0.0	4.46	0.47
19931025	0.0	3.57	0.45
19931026	0.0	4.87	0.44
19931027	0.02	3.28	0.43
19931028	0.01	5.76	0.4
19931029	0.0	4.96	0.38
19931030	0.09	5.51	0.36
19931031	0.01	5.41	0.36
19931101	0.0	5.23	0.36
19931102	0.01	4.65	0.35
19931103	16.87	6.66	2.65
19931104	0.03	7.59	1.92
19931105	1.33	7.71	1.07
19931106	0.02	8.01	0.94
19931107	10.97	6.78	1.5
19931108	11.04	4.53	2.52
19931109	7.41	2.82	7.59
19931110	0.19	2.04	2.0
19931111	4.37	3.66	1.59
19931112	8.1	1.98	4.22
19931113	3.93	0.76	2.24
19931114	0.14	1.63	1.74
19931115	13.2	4.45	2.32
19931116	1.04	4.6	5.54
19931117	0.0	2.16	1.87
19931118	0.0	1.03	1.27
19931119	0.0	-0.61	0.96
19931120	0.0	-0.57	0.83
19931121	0.0	-1.96	0.73
19931122	0.08	-2.08	0.67
19931123	0.0	-4.39	0.69
19931124	0.0	-2.76	0.63
19931125	4.76	0.67	0.77
19931126	0.28	0.06	0.68
19931127	0.07	1.5	0.64
19931128	0.02	0.94	0.66
19931129	9.45	1.54	0.91
19931130	4.34	3.02	2.4
19931201	23.74	5.47	10.24
19931202	18.91	7.52	12.17
19931203	34.41	5.7	22.05
19931204	4.73	4.44	7.98
19931205	2.48	6.22	4.55
19931206	16.76	3.25	11.33
19931207	11.45	1.29	6.62
19931208	22.23	3.08	16.29
19931209	3.81	3.52	5.12
19931210	7.43	2.09	4.07
19931211	0.22	-0.33	3.22
19931212	13.1	0.79	2.94
19931213	1.86	-1.11	3.51
19931214	21.31	1.65	8.01
19931215	8.38	1.19	7.63
19931216	0.59	0.25	3.11
19931217	3.49	3.33	3.77
19931218	22.63	7.41	12.81
19931219	3.13	0.71	5.76
19931220	0.22	-4.24	2.43
19931221	9.64	-0.13	2.05
19931222	4.36	0.44	2.38
19931223	4.81	-1.0	2.37
19931224	0.57	-1.13	1.84
19931225	0.1	-3.0	1.45
19931226	0.0	-3.64	1.24
19931227	2.67	-1.47	1.12
19931228	5.97	2.7	2.73
19931229	2.58	2.12	7.35
19931230	0.42	-0.71	2.62
19931231	0.96	-0.37	1.69
19940101	6.96	0.35	1.43
19940102	0.6	1.62	2.11
19940103	4.01	1.22	4.0
19940104	1.66	0.37	2.36
19940105	13.46	0.71	2.32
19940106	7.27	1.08	4.72
19940107	0.05	0.4	3.11
19940108	0.52	1.92	1.97
19940109	3.43	4.28	5.29
19940110	0.05	3.01	3.22
19940111	7.92	3.12	2.64
19940112	8.9	4.17	5.11
19940113	25.24	3.49	14.16
19940114	4.18	1.63	6.42
19940115	0.08	-1.9	3.25
19940116	0.02	-2.04	2.0
19940117	1.61	0.19	1.55
19940118	12.78	2.94	7.43
19940119	4.91	3.27	3.36
19940120	1.63	6.79	3.97
19940121	1.23	5.1	3.08
19940122	16.61	3.02	6.44
19940123	1.08	1.16	4.79
19940124	12.95	4.52	4.53
19940125	13.38	2.37	9.08
19940126	22.3	3.72	12.85
19940127	2.11	0.74	7.89
19940128	1.09	2.05	3.18
19940129	8.09	4.33	4.82
19940130	1.87	3.08	4.55
19940131	15.37	4.11	3.48
19940201	18.3	2.88	12.76
19940202	0.31	1.22	3.97
19940203	3.57	2.05	2.84
19940204	1.65	4.09	3.62
19940205	4.11	3.52	2.59
19940206	1.37	3.19	2.38
19940207	0.48	2.04	1.97
19940208	7.51	2.92	2.53
19940209	0.07	1.46	2.43
19940210	0.12	2.05	1.71
19940211	0.0	2.72	1.41
19940212	0.0	0.82	1.2
19940213	0.04	-0.72	1.05
19940214	0.0	-1.04	0.97
19940215	0.38	-2.8	0.94
19940216	0.0	-2.99	0.79
19940217	0.01	-1.9	0.8
19940218	0.01	1.25	0.78
19940219	0.0	0.04	0.74
19940220	0.0	-2.4	0.65
19940221	0.85	-2.46	0.63
19940222	0.12	-1.72	0.57
19940223	3.97	-0.63	0.65
19940224	0.01	-0.69	0.6
19940225	6.16	0.14	0.6
19940226	10.75	0.92	0.92
19940227	15.25	1.24	5.77
19940228	4.23	0.58	3.73
19940301	2.67	1.82	3.29
19940302	13.0	3.84	7.63
19940303	3.5	2.96	7.49
19940304	15.66	5.09	8.91
19940305	13.18	3.22	8.94
19940306	9.25	6.14	10.58
19940307	12.93	8.15	6.41
19940308	11.14	5.95	13.58
19940309	4.81	3.27	4.33
19940310	6.31	4.34	4.07
19940311	2.73	2.85	3.9
19940312	19.49	3.04	6.61
19940313	20.27	4.86	10.2
19940314	2.98	4.39	9.66
19940315	10.18	2.07	4.02
19940316	5.41	0.28	3.35
19940317	1.68	2.19	3.78
19940318	1.74	0.69	3.73
19940319	0.91	2.08	2.72
19940320	0.32	1.44	2.36
19940321	12.87	4.13	4.8
19940322	15.8	8.39	6.66
19940323	16.61	4.79	14.76
19940324	3.6	4.6	5.0
19940325	0.19	2.43	3.12
19940326	0.0	3.89	2.12
19940327	5.45	4.89	2.02
19940328	6.26	6.16	2.56
19940329	1.24	4.89	2.55
19940330	11.24	4.78	5.31
19940331	2.63	4.33	3.31
19940401	5.86	3.48	2.93
19940402	4.03	1.79	3.14
19940403	17.06	3.34	7.54
19940404	11.36	1.63	4.58
19940405	5.45	2.79	6.85
19940406	7.36	3.79	5.37
19940407	3.98	2.17	5.32
19940408	9.96	1.12	5.66
19940409	3.37	2.41	3.65
19940410	0.02	4.41	2.86
19940411	1.87	6.44	2.18
19940412	0.24	3.84	1.87
19940413	0.0	4.71	1.44
19940414	0.0	4.95	1.2
19940415	0.0	4.16	1.07
19940416	1.17	6.74	1.03
19940417	0.04	6.24	0.98
19940418	2.65	6.02	0.94
19940419	0.54	4.97	0.96
19940420	0.0	4.59	0.86
19940421	5.56	5.73	0.87
19940422	4.52	7.14	1.07
19940423	0.77	9.3	1.2
19940424	1.12	6.55	1.01
19940425	7.38	5.63	1.15
19940426	0.41	9.05	1.21
19940427	0.55	11.8	0.89
19940428	3.31	10.51	0.91
19940429	2.64	9.22	1.15
19940430	0.15	7.52	1.02
19940501	1.05	11.49	0.85
19940502	1.02	9.59	0.78
19940503	4.36	9.17	0.79
19940504	5.75	6.65	1.16
19940505	4.86	7.2	2.12
19940506	0.74	7.97	1.31
19940507	0.67	5.68	0.91
19940508	0.1	6.92	0.73
19940509	0.0	8.9	0.64
19940510	0.0	9.98	0.58
19940511	0.0	10.84	0.53
19940512	0.0	11.53	0.5
19940513	0.0	12.07	0.47
19940514	0.0	10.74	0.44
19940515	0.01	6.12	0.41
19940516	0.12	5.42	0.4
19940517	0.05	4.01	0.41
19940518	0.14	3.85	0.4
19940519	0.07	4.25	0.4
19940520	0.02	6.76	0.38
19940521	0.0	8.49	0.37
19940522	0.0	7.54	0.37
19940523	0.0	7.88	0.35
19940524	0.0	7.39	0.32
19940525	0.36	5.75	0.32
19940526	0.0	4.75	0.31
19940527	0.0	7.09	0.31
19940528	0.73	8.69	0.3
19940529	0.0	8.36	0.3
19940530	0.12	10.53	0.29
19940531	0.01	10.09	0.3
19940601	0.13	10.63	0.31
19940602	2.8	12.16	0.31
19940603	4.25	8.89	0.36
19940604	1.73	7.85	0.32
19940605	1.37	10.62	0.3
19940606	1.74	10.82	0.32
19940607	1.8	8.29	0.31
19940608	3.34	8.73	0.3
19940609	0.94	8.22	0.29
19940610	0.0	9.95	0.29
19940611	0.0	10.45	0.28
19940612	0.0	10.13	0.28
19940613	0.0	13.84	0.26
19940614	0.11	10.11	0.25
19940615	3.99	9.47	0.26
19940616	6.2	9.16	0.38
19940617	10.28	10.28	0.37
19940618	7.58	9.94	1.16
19940619	0.16	12.2	0.83
19940620	9.01	11.97	0.49
19940621	2.72	10.19	1.08
19940622	1.45	8.27	0.75
19940623	1.63	12.27	0.42
19940624	4.29	15.59	0.45
19940625	0.07	10.27	0.41
19940626	4.55	12.51	0.75
19940627	0.02	14.69	0.74
19940628	0.68	13.74	0.49
19940629	0.01	10.51	0.42
19940630	0.0	14.01	0.29
19940701	0.0	14.56	0.28
19940702	0.0	14.06	0.28
19940703	1.89	15.36	0.28
19940704	18.35	13.74	0.77
19940705	3.14	13.26	0.65
19940706	10.43	13.83	1.33
19940707	0.06	13.94	0.84
19940708	0.01	14.06	0.48
19940709	11.97	13.25	0.69
19940710	6.35	13.24	2.77
19940711	2.47	14.14	1.44
19940712	5.8	11.08	1.67
19940713	0.0	12.61	1.17
19940714	2.53	14.23	0.69
19940715	0.02	11.09	0.5
19940716	0.0	11.1	0.38
19940717	0.0	13.09	0.33
19940718	0.0	13.69	0.29
19940719	0.0	16.57	0.26
19940720	0.39	17.62	0.25
19940721	0.66	12.48	0.26
19940722	0.0	11.52	0.24
19940723	0.0	16.61	0.23
19940724	5.44	14.93	0.3
19940725	7.25	15.45	0.28
19940726	2.54	14.06	0.43
19940727	0.02	12.67	0.29
19940728	0.0	13.61	0.26
19940729	0.0	13.16	0.24
19940730	0.01	17.07	0.23
19940731	8.93	17.87	0.29
19940801	1.84	16.24	0.29
19940802	6.76	15.02	0.3
19940803	7.3	16.9	0.69
19940804	0.11	16.47	0.61
19940805	0.05	11.21	0.37
19940806	0.01	13.49	0.3
19940807	0.0	12.81	0.27
19940808	0.0	12.8	0.25
19940809	0.0	12.76	0.24
19940810	0.0	11.58	0.23
19940811	0.0	12.7	0.23
19940812	0.0	9.42	0.21
19940813	0.0	8.76	0.21
19940814	0.0	10.76	0.21
19940815	0.31	12.52	0.2
19940816	5.32	10.84	0.25
19940817	0.47	11.76	0.25
19940818	4.55	12.27	0.22
19940819	1.09	11.93	0.25
19940820	0.39	12.4	0.22
19940821	0.02	11.0	0.21
19940822	3.91	14.61	0.21
19940823	2.95	12.93	0.26
19940824	16.42	11.57	0.84
19940825	4.82	12.64	0.59
19940826	3.36	10.64	0.47
19940827	6.59	9.49	0.78
19940828	12.12	10.38	3.54
19940829	1.34	10.7	1.52
19940830	1.29	9.68	0.84
19940831	0.06	11.5	0.56
19940901	0.0	10.31	0.42
19940902	0.01	11.86	0.34
19940903	11.07	12.6	0.56
19940904	1.17	10.21	0.84
19940905	4.37	10.31	0.64
19940906	6.17	10.07	2.31
19940907	1.79	9.88	1.33
19940908	3.62	9.23	0.9
19940909	8.32	8.52	1.41
19940910	13.04	9.83	3.11
19940911	2.91	10.05	3.35
19940912	4.8	10.31	1.73
19940913	0.53	8.79	1.62
19940914	0.01	8.33	1.05
19940915	0.16	7.61	0.81
19940916	0.0	6.97	0.61
19940917	0.0	7.14	0.49
19940918	0.71	8.81	0.47
19940919	1.42	9.78	0.48
19940920	1.08	10.11	0.45
19940921	0.0	10.99	0.43
19940922	0.0	11.74	0.41
19940923	0.0	11.17	0.36
19940924	0.03	9.03	0.34
19940925	0.05	8.49	0.33
19940926	0.51	10.58	0.34
19940927	0.67	7.42	0.36
19940928	2.11	11.02	0.36
19940929	0.2	11.43	0.34
19940930	6.26	10.1	0.36
19941001	1.62	10.03	0.61
19941002	9.76	6.62	1.39
19941003	0.03	1.66	2.12
19941004	0.79	4.84	0.93
19941005	0.35	8.08	0.79
19941006	2.18	10.13	0.82
19941007	0.41	10.04	0.75
19941008	0.07	8.82	0.59
19941009	0.0	8.79	0.52
19941010	0.01	9.45	0.44
19941011	0.01	9.2	0.37
19941012	0.0	7.96	0.35
19941013	0.0	10.09	0.33
19941014	0.01	10.86	0.33
19941015	0.43	8.58	0.31
19941016	0.0	4.96	0.3
19941017	0.0	4.34	0.3
19941018	0.0	6.0	0.29
19941019	4.74	9.09	0.3
19941020	1.32	8.12	0.35
19941021	3.1	9.39	0.39
19941022	24.93	10.43	3.96
19941023	1.7	7.58	5.15
19941024	6.26	6.97	2.53
19941025	1.61	5.64	1.8
19941026	3.65	5.31	1.6
19941027	0.17	5.79	1.5
19941028	1.42	4.32	1.14
19941029	6.95	5.04	1.49
19941030	9.16	7.25	2.86
19941031	4.26	7.02	4.66
19941101	0.47	4.55	2.22
19941102	3.16	6.8	1.36
19941103	5.92	9.79	2.11
19941104	3.52	8.79	2.02
19941105	2.14	7.25	1.95
19941106	0.99	6.97	1.6
19941107	0.59	7.97	1.21
19941108	0.87	9.47	1.05
19941109	5.26	9.35	1.3
19941110	2.29	7.99	1.9
19941111	2.73	7.75	1.38
19941112	17.4	8.92	2.8
19941113	18.09	10.03	15.21
19941114	30.7	7.97	14.39
19941115	8.62	6.31	9.44
19941116	9.19	5.32	5.47
19941117	15.62	5.67	9.79
19941118	17.25	8.73	11.13
19941119	3.86	8.56	7.02
19941120	3.24	6.58	4.26
19941121	1.8	7.71	2.84
19941122	3.46	11.09	3.63
19941123	1.4	7.85	2.51
19941124	0.05	6.3	1.81
19941125	3.06	9.8	1.67
19941126	1.29	9.24	2.17
19941127	0.11	5.93	1.66
19941128	0.12	5.45	1.33
19941129	0.0	2.34	1.15
19941130	0.01	3.74	1.06
19941201	4.26	5.07	1.02
19941202	4.25	7.54	2.13
19941203	4.57	5.79	4.13
19941204	3.59	2.84	2.44
19941205	16.04	3.08	3.29
19941206	9.02	3.81	8.89
19941207	17.67	2.74	4.81
19941208	8.21	3.16	9.49
19941209	7.66	7.22	3.71
19941210	64.23	10.7	45.79
19941211	54.78	9.93	57.18
19941212	1.62	6.29	9.16
19941213	0.65	0.45	4.3
19941214	0.08	-0.89	2.88
19941215	2.45	3.81	2.63
19941216	0.93	5.07	2.33
19941217	9.87	5.35	3.99
19941218	14.28	1.59	3.95
19941219	5.39	1.47	6.64
19941220	0.01	-0.74	3.24
19941221	0.04	-2.79	2.06
19941222	0.35	1.35	1.69
19941223	6.29	6.15	4.75
19941224	0.56	5.65	4.46
19941225	11.63	3.55	5.68
19941226	5.6	1.23	3.94
19941227	7.28	2.69	2.83
19941228	14.22	6.92	13.63
19941229	11.89	4.6	4.83
19941230	4.02	2.05	8.25
19941231	0.04	-0.72	3.22
19950101	0.0	-2.49	2.01
19950102	0.0	-3.63	1.49
19950103	0.07	-1.05	1.45
19950104	6.57	4.25	1.35
19950105	2.15	4.22	3.46
19950106	3.76	3.05	2.1
19950107	5.81	6.44	4.12
19950108	14.01	4.86	3.4
19950109	13.94	4.7	14.71
19950110	7.62	0.42	6.09
19950111	0.0	-1.58	3.08
19950112	0.51	1.43	2.12
19950113	0.88	6.72	2.15
19950114	1.65	3.29	1.96
19950115	5.98	4.67	2.46
19950116	17.76	3.42	8.61
19950117	11.06	2.65	6.62
19950118	4.25	0.57	4.24
19950119	7.32	-0.09	2.76
19950120	1.03	0.32	2.2
19950121	24.13	0.8	4.92
19950122	10.8	1.26	7.93
19950123	1.58	2.53	8.53
19950124	3.1	1.63	5.12
19950125	1.44	-0.01	3.33
19950126	0.14	-1.76	2.23
19950127	7.4	0.78	2.55
19950128	3.53	2.65	7.17
19950129	0.08	-2.44	4.15
19950130	20.6	1.07	3.46
19950131	5.24	5.43	14.01
19950201	2.72	1.8	4.88
19950202	13.04	4.01	4.68
19950203	15.45	5.97	10.05
19950204	1.53	5.43	5.2
19950205	8.15	7.81	6.94
19950206	2.59	5.97	4.33
19950207	0.01	0.6	2.86
19950208	0.0	-3.17	2.03
19950209	0.46	-2.24	1.61
19950210	1.87	1.51	1.48
19950211	13.27	4.3	4.84
19950212	5.42	4.05	4.97
19950213	10.71	4.43	5.18
19950214	6.82	5.26	4.55
19950215	2.48	3.51	3.19
19950216	10.71	3.21	4.68
19950217	9.2	2.54	6.61
19950218	9.02	3.83	5.33
19950219	4.88	2.7	3.69
19950220	3.15	2.18	3.38
19950221	9.26	3.01	3.88
19950222	16.18	2.24	7.88
19950223	0.38	1.82	6.05
19950224	3.72	1.08	3.62
19950225	0.22	0.04	2.7
19950226	3.34	1.99	2.05
19950227	15.68	6.57	9.16
19950228	19.44	4.09	11.59
19950301	6.97	0.02	5.11
19950302	0.62	-2.91	3.12
19950303	0.03	-2.45	2.29
19950304	11.36	-0.25	2.13
19950305	2.08	0.76	4.05
19950306	7.44	0.19	2.51
19950307	3.09	-0.9	2.11
19950308	0.73	1.31	1.81
19950309	5.04	3.29	4.18
19950310	10.76	5.86	15.21
19950311	0.07	3.74	6.85
19950312	0.06	6.03	3.16
19950313	2.6	6.47	2.72
19950314	11.18	2.15	2.98
19950315	7.25	0.31	2.79
19950316	9.41	2.23	8.92
19950317	8.79	1.31	6.96
19950318	3.59	1.03	5.1
19950319	0.08	1.44	3.0
19950320	0.06	1.91	2.18
19950321	0.03	3.71	1.88
19950322	0.0	5.41	2.37
19950323	4.16	6.47	9.27
19950324	16.95	3.85	3.47
19950325	4.55	4.45	3.47
19950326	10.43	2.06	6.08
19950327	1.27	1.11	3.02
19950328	2.1	-2.16	2.2
19950329	0.97	2.02	1.79
19950330	2.08	7.09	2.08
19950331	2.59	8.75	2.2
19950401	0.13	8.34	2.19
19950402	0.14	8.74	1.5
19950403	4.26	3.97	1.52
19950404	11.44	5.79	2.83
19950405	3.16	6.81	5.61
19950406	0.88	9.33	2.31
19950407	0.0	6.44	1.54
19950408	0.06	5.34	1.24
19950409	1.19	6.99	1.14
19950410	0.0	9.78	1.05
19950411	1.2	6.29	1.0
19950412	0.0	7.92	0.87
19950413	0.0	9.53	0.79
19950414	0.05	9.12	0.75
19950415	0.0	7.4	0.67
19950416	1.27	6.65	0.66
19950417	7.51	2.25	0.85
19950418	0.9	2.74	0.9
19950419	0.44	3.03	0.77
19950420	0.11	3.04	0.65
19950421	2.33	3.67	0.63
19950422	5.48	5.09	0.67
19950423	2.94	7.47	0.8
19950424	3.06	6.82	1.54
19950425	0.06	6.89	1.14
19950426	0.0	3.84	0.76
19950427	0.0	3.71	0.6
19950428	0.0	5.96	0.53
19950429	0.54	7.82	0.49
19950430	0.08	10.41	0.51
19950501	0.12	13.71	0.49
19950502	0.16	12.52	0.44
19950503	0.0	13.66	0.4
19950504	0.01	13.06	0.38
19950505	0.0	8.96	0.35
19950506	1.95	14.41	0.35
19950507	0.87	9.29	0.37
19950508	0.04	6.97	0.35
19950509	4.19	7.06	0.36
19950510	0.0	3.01	0.35
19950511	11.17	3.67	0.36
19950512	3.06	2.84	0.92
19950513	0.99	5.54	0.61
19950514	0.41	3.13	0.51
19950515	0.86	4.11	0.42
19950516	0.91	4.36	0.4
19950517	1.32	3.58	0.37
19950518	4.64	4.99	0.4
19950519	1.16	8.06	0.38
19950520	0.0	8.32	0.37
19950521	0.53	10.05	0.33
19950522	0.9	10.64	0.33
19950523	0.03	12.65	0.32
19950524	14.16	12.24	0.62
19950525	0.92	11.03	0.7
19950526	1.66	12.12	0.43
19950527	6.36	12.25	0.56
19950528	2.61	11.35	0.96
19950529	5.1	10.95	0.86
19950530	1.44	10.76	0.99
19950531	1.84	10.12	0.68
19950601	2.51	10.22	0.58
19950602	2.84	10.35	0.53
19950603	1.32	10.65	0.59
19950604	0.2	8.6	0.5
19950605	0.83	9.89	0.43
19950606	0.2	9.09	0.39
19950607	0.19	9.24	0.37
19950608	0.0	7.7	0.38
19950609	0.0	12.24	0.3
19950610	0.02	11.85	0.28
19950611	0.0	7.93	0.29
19950612	0.0	9.38	0.27
19950613	0.0	12.12	0.26
19950614	0.0	11.96	0.26
19950615	0.0	11.83	0.25
19950616	3.39	10.88	0.25
19950617	1.63	9.85	0.28
19950618	3.04	11.75	0.28
19950619	7.96	13.41	0.37
19950620	0.01	11.11	0.5
19950621	0.0	11.0	0.29
19950622	0.0	13.28	0.25
19950623	0.0	15.69	0.23
19950624	0.0	16.32	0.22
19950625	0.0	15.6	0.21
19950626	0.0	15.72	0.19
19950627	0.0	15.43	0.19
19950628	0.0	18.21	0.18
19950629	0.0	19.15	0.18
19950630	0.0	12.93	0.17
19950701	0.0	13.14	0.17
19950702	0.79	11.14	0.18
19950703	0.34	11.96	0.17
19950704	0.06	12.42	0.16
19950705	1.89	13.17	0.17
19950706	1.89	13.28	0.19
19950707	0.0	11.36	0.18
19950708	1.9	13.46	0.18
19950709	0.0	14.28	0.18
19950710	0.02	17.03	0.15
19950711	8.08	16.46	0.19
19950712	0.0	14.85	0.19
19950713	0.81	15.78	0.16
19950714	22.35	14.35	0.53
19950715	0.91	13.68	0.28
19950716	1.31	13.35	0.22
19950717	1.62	14.15	0.2
19950718	0.23	14.55	0.19
19950719	1.23	18.59	0.18
19950720	15.09	14.51	0.7
19950721	1.44	12.33	0.42
19950722	3.1	13.24	0.27
19950723	1.64	12.04	0.26
19950724	0.01	14.97	0.23
19950725	0.0	18.29	0.21
19950726	0.16	18.86	0.18
19950727	0.07	17.49	0.18
19950728	0.14	16.54	0.18
19950729	0.0	16.47	0.18
19950730	1.27	19.89	0.29
19950731	0.23	19.54	0.19
19950801	0.0	20.27	0.16
19950802	0.0	19.25	0.16
19950803	0.0	16.32	0.15
19950804	0.0	13.41	0.14
19950805	0.0	15.34	0.14
19950806	0.0	16.76	0.13
19950807	0.0	13.04	0.14
19950808	0.0	14.21	0.14
19950809	0.0	14.85	0.13
19950810	0.0	17.98	0.13
19950811	0.1	21.22	0.13
19950812	2.8	15.33	0.15
19950813	0.32	14.45	0.14
19950814	0.02	15.11	0.14
19950815	0.0	15.25	0.14
19950816	0.0	16.33	0.13
19950817	0.0	18.78	0.13
19950818	3.89	20.44	0.16
19950819	0.0	19.07	0.15
19950820	0.0	19.26	0.13
19950821	0.0	19.23	0.12
19950822	0.53	14.06	0.12
19950823	0.47	14.01	0.12
19950824	8.93	14.17	0.18
19950825	5.61	12.53	0.21
19950826	3.3	11.84	0.27
19950827	0.03	9.29	0.17
19950828	3.44	12.35	0.17
19950829	0.46	12.67	0.17
19950830	0.18	14.18	0.16
19950831	0.03	13.45	0.15
19950901	12.52	12.96	0.23
19950902	27.33	10.42	0.92
19950903	0.92	11.54	0.95
19950904	12.64	12.63	0.45
19950905	2.68	10.92	1.07
19950906	5.46	12.75	0.61
19950907	8.24	12.24	1.15
19950908	1.72	11.41	1.09
19950909	0.12	11.34	0.66
19950910	0.75	13.61	0.46
19950911	1.35	11.81	0.4
19950912	0.1	11.69	0.35
19950913	0.13	10.99	0.37
19950914	0.0	11.45	0.49
19950915	0.0	10.78	0.47
19950916	0.41	12.43	0.46
19950917	0.19	11.76	0.46
19950918	0.15	11.9	0.45
19950919	0.0	10.66	0.44
19950920	0.22	12.05	0.43
19950921	0.69	12.67	0.44
19950922	1.26	10.91	0.43
19950923	23.62	10.55	1.32
19950924	0.98	7.09	1.38
19950925	8.05	10.85	1.63
19950926	10.98	8.06	1.3
19950927	0.97	3.64	2.16
19950928	0.95	5.94	0.86
19950929	0.0	7.72	0.51
19950930	7.46	9.56	0.49
19951001	6.53	9.55	1.64
19951002	13.89	11.75	3.09
19951003	4.29	11.65	2.06
19951004	4.58	10.82	1.93
19951005	4.68	10.36	1.3
19951006	4.81	12.22	2.2
19951007	2.28	12.65	1.75
19951008	0.05	14.68	1.3
19951009	1.14	10.48	0.84
19951010	0.07	8.9	0.66
19951011	3.06	11.8	0.59
19951012	25.23	11.13	4.29
19951013	0.54	12.36	4.49
19951014	1.24	13.99	1.71
19951015	1.36	12.26	1.4
19951016	12.27	12.98	1.33
19951017	2.68	10.6	5.3
19951018	1.9	10.02	1.96
19951019	6.44	7.32	2.32
19951020	0.02	4.6	2.28
19951021	22.6	6.52	1.85
19951022	25.63	10.61	18.45
19951023	0.72	11.52	6.22
19951024	15.43	9.42	7.5
19951025	15.31	8.92	4.63
19951026	28.52	8.01	16.35
19951027	4.38	6.05	7.38
19951028	0.46	5.31	3.83
19951029	4.6	7.21	2.53
19951030	0.36	10.22	2.78
19951031	3.99	9.15	2.7
19951101	0.02	5.01	2.05
19951102	0.01	4.49	1.53
19951103	0.02	2.82	1.25
19951104	0.0	4.16	1.11
19951105	0.0	6.18	1.01
19951106	0.59	8.46	0.93
19951107	0.32	10.93	0.9
19951108	0.17	4.92	0.85
19951109	0.19	3.92	0.75
19951110	0.45	4.87	0.7
19951111	8.32	8.35	1.05
19951112	0.0	9.17	1.68
19951113	0.1	7.86	1.06
19951114	4.01	6.77	0.94
19951115	21.9	3.42	6.42
19951116	0.0	-0.49	3.84
19951117	0.0	-0.91	1.76
19951118	0.04	1.56	1.34
19951119	0.0	3.76	1.25
19951120	1.97	5.91	1.25
19951121	1.61	8.01	1.12
19951122	1.98	7.54	1.22
19951123	12.85	9.9	2.81
19951124	3.81	7.49	3.32
19951125	3.49	2.71	2.49
19951126	0.04	3.52	2.35
19951127	0.14	4.9	1.56
19951128	0.04	5.64	1.22
19951129	0.87	6.13	1.09
19951130	0.0	4.8	1.01
19951201	0.07	5.77	0.94
19951202	0.73	8.39	0.91
19951203	2.16	6.66	0.94
19951204	0.04	2.75	0.82
19951205	0.1	0.18	0.77
19951206	0.31	0.34	0.71
19951207	0.01	-2.79	0.67
19951208	0.02	-2.3	0.56
19951209	0.02	3.77	0.61
19951210	0.01	3.65	0.63
19951211	0.01	1.57	0.57
19951212	0.01	1.55	0.53
19951213	0.61	1.74	0.52
19951214	0.11	1.76	0.54
19951215	0.4	2.72	0.51
19951216	0.01	2.72	0.5
19951217	0.25	2.55	0.47
19951218	0.92	1.96	0.47
19951219	0.0	-2.9	0.48
19951220	0.0	-5.41	0.32
19951221	9.72	-1.16	0.48
19951222	7.26	0.44	1.03
19951223	2.69	-2.71	0.81
19951224	1.5	-3.23	0.67
19951225	0.0	-6.14	0.48
19951226	0.0	-8.74	0.37
19951227	0.0	-10.12	0.33
19951228	0.0	-9.85	0.31
19951229	0.0	-7.52	0.31
19951230	0.2	-0.52	0.42
19951231	6.92	1.12	0.45
19960101	0.96	2.36	0.59
19960102	0.62	3.14	1.78
19960103	0.75	3.54	2.46
19960104	2.68	4.03	2.13
19960105	2.07	4.69	2.09
19960106	3.24	2.86	1.77
19960107	4.04	4.8	2.53
19960108	11.14	6.73	5.15
19960109	6.15	6.36	3.2
19960110	0.2	2.79	3.1
19960111	2.13	5.42	1.99
19960112	5.95	6.51	2.38
19960113	1.51	6.83	2.43
19960114	0.98	7.33	1.95
19960115	0.15	6.9	1.51
19960116	0.31	6.36	1.25
19960117	0.16	6.59	1.13
19960118	0.01	5.5	1.03
19960119	0.0	4.84	0.92
19960120	0.0	2.46	0.79
19960121	0.0	0.58	0.7
19960122	0.0	1.62	0.67
19960123	0.0	0.85	0.62
19960124	0.0	0.23	0.56
19960125	0.07	-1.9	0.5
19960126	2.42	-1.9	0.47
19960127	1.61	-0.88	0.5
19960128	0.01	-0.49	0.5
19960129	0.0	-0.59	0.47
19960130	0.02	-0.4	0.45
19960131	0.01	-1.9	0.35
19960201	0.0	-1.15	0.45
19960202	0.01	-1.48	0.43
19960203	0.01	-1.72	0.4
19960204	0.43	-0.45	0.41
19960205	4.25	-1.59	0.4
19960206	2.85	-3.19	0.39
19960207	2.8	-2.67	0.38
19960208	9.08	-1.07	0.38
19960209	16.38	1.71	3.57
19960210	5.07	3.46	9.23
19960211	18.44	2.89	6.63
19960212	2.09	1.79	8.46
19960213	0.05	-1.06	3.07
19960214	0.01	0.03	1.81
19960215	5.0	5.7	2.17
19960216	6.03	3.72	5.16
19960217	17.32	3.51	8.44
19960218	1.84	1.52	5.0
19960219	0.28	-1.1	2.32
19960220	0.68	-2.53	1.57
19960221	3.87	0.31	1.5
19960222	1.49	2.47	1.74
19960223	7.51	3.51	2.99
19960224	7.78	1.65	3.24
19960225	0.56	-0.08	2.35
19960226	0.07	0.69	1.59
19960227	0.04	1.77	1.27
19960228	0.02	3.49	1.14
19960229	0.02	4.22	1.1
19960301	0.01	4.6	1.03
19960302	0.0	5.29	0.95
19960303	0.01	5.03	0.85
19960304	0.0	2.58	0.78
19960305	0.0	3.3	0.71
19960306	0.0	6.2	0.65
19960307	0.01	3.85	0.61
19960308	1.37	2.02	0.57
19960309	0.0	2.11	0.57
19960310	0.01	4.94	0.54
19960311	17.08	3.25	1.39
19960312	0.96	-0.95	2.18
19960313	0.01	-0.89	1.09
19960314	0.12	0.04	0.88
19960315	0.12	0.79	0.76
19960316	5.42	0.77	0.77
19960317	0.06	1.08	0.92
19960318	0.0	2.24	0.94
19960319	0.0	1.84	0.89
19960320	0.33	1.56	0.77
19960321	0.59	2.33	0.7
19960322	0.01	1.55	0.65
19960323	0.0	1.73	0.6
19960324	0.0	4.03	0.55
19960325	0.62	2.41	0.52
19960326	0.0	0.7	0.49
19960327	1.22	2.27	0.5
19960328	0.0	2.33	0.49
19960329	0.0	1.04	0.43
19960330	0.0	2.2	0.41
19960331	0.0	2.72	0.4
19960401	1.73	2.86	0.41
19960402	0.05	4.25	0.4
19960403	0.0	4.17	0.38
19960404	0.0	3.41	0.37
19960405	0.0	4.35	0.35
19960406	0.13	5.43	0.34
19960407	0.16	5.76	0.34
19960408	1.41	9.42	0.37
19960409	0.4	10.08	0.35
19960410	6.03	5.75	0.47
19960411	0.36	6.2	0.42
19960412	0.68	1.45	0.38
19960413	0.52	2.6	0.36
19960414	1.58	4.97	0.43
19960415	1.66	8.94	0.43
19960416	2.92	9.15	0.44
19960417	8.02	5.84	0.6
19960418	4.32	7.17	1.28
19960419	3.98	8.3	0.95
19960420	4.76	7.65	0.96
19960421	7.5	8.59	2.25
19960422	5.48	8.26	1.89
19960423	6.32	7.25	2.6
19960424	1.88	8.01	2.36
19960425	2.04	8.55	1.62
19960426	5.6	8.38	2.98
19960427	0.81	6.67	1.8
19960428	0.79	6.4	1.12
19960429	4.33	6.41	1.04
19960430	5.54	3.24	1.24
19960501	1.55	2.47	2.33
19960502	0.1	2.32	1.5
19960503	0.1	2.48	0.99
19960504	0.04	4.06	0.77
19960505	0.26	5.8	0.69
19960506	3.29	6.83	0.66
19960507	0.04	4.67	0.63
19960508	0.0	6.14	0.54
19960509	0.0	4.9	0.47
19960510	1.88	5.1	0.44
19960511	0.22	5.22	0.46
19960512	0.39	4.99	0.44
19960513	0.0	8.25	0.41
19960514	0.0	10.27	0.38
19960515	0.0	5.32	0.36
19960516	0.01	3.8	0.35
19960517	0.03	3.47	0.35
19960518	1.09	5.68	0.34
19960519	4.68	6.86	0.41
19960520	2.09	7.37	0.46
19960521	2.1	7.26	0.42
19960522	2.04	8.81	0.41
19960523	3.48	8.09	0.51
19960524	1.05	9.67	0.48
19960525	0.72	8.01	0.4
19960526	5.26	8.95	0.46
19960527	0.0	9.74	0.47
19960528	13.15	10.24	2.15
19960529	2.17	11.64	1.59
19960530	5.04	12.03	1.63
19960531	2.96	8.88	1.14
19960601	1.07	7.9	0.7
19960602	0.32	9.22	0.49
19960603	11.07	9.27	1.2
19960604	2.16	12.19	1.32
19960605	1.11	12.3	0.84
19960606	0.0	14.29	0.5
19960607	0.01	12.48	0.41
19960608	0.0	12.0	0.36
19960609	3.65	11.97	0.4
19960610	2.39	12.29	0.38
19960611	19.07	10.67	2.35
19960612	0.46	9.32	1.52
19960613	0.04	9.72	0.77
19960614	0.0	12.74	0.54
19960615	0.0	15.03	0.42
19960616	0.0	16.26	0.39
19960617	0.0	11.04	0.34
19960618	0.0	12.18	0.31
19960619	0.0	10.49	0.3
19960620	0.0	8.01	0.29
19960621	0.0	8.46	0.27
19960622	0.0	10.22	0.26
19960623	0.0	12.13	0.25
19960624	0.0	14.13	0.25
19960625	2.15	15.25	0.26
19960626	0.0	11.87	0.25
19960627	5.75	13.16	0.27
19960628	2.45	11.69	0.28
19960629	0.37	10.73	0.28
19960630	1.3	10.72	0.26
19960701	12.1	10.42	0.76
19960702	11.34	11.99	0.48
19960703	10.12	10.89	1.4
19960704	5.51	10.75	1.98
19960705	0.14	10.39	0.87
19960706	0.0	10.76	0.53
19960707	0.0	10.98	0.39
19960708	0.96	13.12	0.34
19960709	0.01	12.87	0.32
19960710	1.37	14.38	0.31
19960711	0.76	13.12	0.33
19960712	0.14	13.73	0.28
19960713	1.71	12.74	0.31
19960714	0.0	10.35	0.28
19960715	0.0	10.78	0.24
19960716	0.0	13.38	0.23
19960717	0.0	14.24	0.22
19960718	0.0	16.09	0.21
19960719	0.0	15.57	0.21
19960720	0.0	16.47	0.2
19960721	4.17	16.95	0.24
19960722	3.29	15.55	0.29
19960723	0.76	13.96	0.25
19960724	0.0	12.38	0.22
19960725	4.71	14.5	0.23
19960726	0.13	12.89	0.24
19960727	0.0	12.33	0.22
19960728	4.38	13.87	0.22
19960729	1.02	12.68	0.26
19960730	1.75	11.83	0.24
19960731	1.84	11.95	0.23
19960801	1.24	11.14	0.24
19960802	0.11	12.54	0.22
19960803	0.0	12.73	0.21
19960804	0.0	15.51	0.2
19960805	0.0	16.01	0.19
19960806	0.01	15.25	0.19
19960807	0.01	14.09	0.19
19960808	0.97	13.48	0.19
19960809	2.9	14.81	0.19
19960810	1.96	13.01	0.24
19960811	0.01	13.93	0.19
19960812	0.01	14.64	0.18
19960813	0.0	14.1	0.18
19960814	0.0	13.96	0.18
19960815	0.04	16.52	0.17
19960816	0.02	13.86	0.17
19960817	0.0	16.48	0.18
19960818	0.0	17.44	0.16
19960819	4.14	17.8	0.18
19960820	3.42	15.15	0.21
19960821	0.67	13.91	0.19
19960822	1.44	13.49	0.18
19960823	1.52	13.31	0.18
19960824	1.57	12.39	0.18
19960825	1.64	10.83	0.19
19960826	4.27	12.46	0.24
19960827	1.06	13.27	0.2
19960828	0.83	12.42	0.19
19960829	0.02	11.5	0.18
19960830	0.02	10.76	0.17
19960831	0.0	11.24	0.16
19960901	2.14	13.75	0.18
19960902	0.09	16.41	0.18
19960903	0.08	16.54	0.17
19960904	0.0	13.21	0.17
19960905	0.1	11.74	0.16
19960906	0.01	10.43	0.17
19960907	0.0	10.66	0.16
19960908	0.0	11.36	0.16
19960909	0.12	12.26	0.16
19960910	0.15	12.8	0.15
19960911	0.01	9.14	0.16
19960912	0.0	7.43	0.15
19960913	0.0	9.75	0.15
19960914	0.0	10.74	0.15
19960915	0.01	11.04	0.15
19960916	0.0	13.26	0.15
19960917	0.0	11.94	0.15
19960918	0.0	10.84	0.15
19960919	0.0	11.43	0.15
19960920	0.0	11.24	0.15
19960921	0.02	9.84	0.21
19960922	0.04	9.66	0.25
19960923	0.41	11.02	0.16
19960924	1.84	11.07	0.16
19960925	0.53	12.5	0.16
19960926	6.28	11.19	0.18
19960927	4.39	10.23	0.23
19960928	19.24	10.82	0.49
19960929	1.55	9.72	0.48
