date	precipitation	temperature	discharge_spec
19701001	10.18	8.0	2.93
19701002	0.22	6.68	2.96
19701003	3.94	8.73	2.13
19701004	7.24	9.95	2.4
19701005	12.91	7.38	2.55
19701006	5.2	6.92	5.05
19701007	0.77	7.48	3.23
19701008	0.01	7.03	2.2
19701009	1.05	9.15	1.79
19701010	0.03	8.73	1.62
19701011	1.42	9.7	1.46
19701012	0.04	10.35	1.34
19701013	0.01	10.2	1.24
19701014	0.01	9.47	1.16
19701015	0.0	9.35	1.11
19701016	0.0	9.76	1.05
19701017	0.19	10.53	1.01
19701018	10.18	7.67	1.16
19701019	0.06	4.83	1.22
19701020	0.0	3.42	1.01
19701021	0.0	5.27	0.95
19701022	0.17	7.97	0.93
19701023	2.6	8.44	0.99
19701024	5.26	8.02	1.11
19701025	1.29	5.42	1.09
19701026	1.19	2.86	0.99
19701027	4.05	3.03	0.97
19701028	10.52	2.99	1.11
19701029	27.03	7.14	3.29
19701030	2.1	8.02	6.47
19701031	22.14	8.4	7.46
19701101	8.05	7.04	5.08
19701102	24.41	6.77	5.91
19701103	16.05	5.02	15.23
19701104	23.59	5.34	9.39
19701105	0.67	3.64	8.89
19701106	0.88	2.37	5.41
19701107	6.64	4.43	3.59
19701108	2.47	7.05	4.39
19701109	0.02	4.41	3.32
19701110	4.54	6.24	3.19
19701111	17.97	2.73	3.7
19701112	12.67	1.13	5.72
19701113	4.9	-0.35	5.29
19701114	0.04	-0.32	3.73
19701115	7.77	-0.1	3.06
19701116	4.73	3.22	3.61
19701117	9.6	3.02	7.19
19701118	1.12	1.48	6.11
19701119	0.16	1.64	4.43
19701120	18.41	1.63	5.05
19701121	0.64	2.65	7.12
19701122	1.95	3.0	4.82
19701123	29.51	6.66	9.27
19701124	4.76	8.71	11.3
19701125	1.44	5.8	7.1
19701126	12.6	5.39	5.85
19701127	10.35	6.65	6.27
19701128	3.57	4.84	7.4
19701129	1.47	4.29	5.53
19701130	0.05	2.13	4.6
19701201	1.05	4.26	3.63
19701202	27.89	1.21	8.23
19701203	2.92	0.74	6.75
19701204	10.2	4.12	5.73
19701205	6.47	4.36	5.63
19701206	0.49	3.3	5.35
19701207	0.01	0.9	3.87
19701208	0.0	4.03	3.19
19701209	0.14	3.21	2.85
19701210	0.02	1.12	2.33
19701211	0.37	1.72	2.26
19701212	6.95	3.75	1.73
19701213	0.02	3.27	1.59
19701214	0.03	3.56	1.36
19701215	0.57	5.14	1.34
19701216	8.98	6.24	1.44
19701217	1.93	6.28	1.7
19701218	10.4	8.77	2.0
19701219	1.94	5.83	2.44
19701220	0.17	1.1	1.97
19701221	0.0	-0.3	1.85
19701222	0.2	1.88	2.07
19701223	1.38	3.58	1.97
19701224	0.86	1.15	1.88
19701225	0.5	1.5	1.57
19701226	1.95	1.15	1.24
19701227	0.27	0.09	1.16
19701228	0.41	0.24	1.13
19701229	0.08	-0.19	1.11
19701230	0.0	-1.85	1.01
19701231	0.0	-2.35	0.9
19710101	0.0	0.38	0.91
19710102	0.0	-1.45	0.88
19710103	0.0	-2.74	0.82
19710104	0.0	-1.46	0.84
19710105	4.66	-1.75	0.79
19710106	19.27	4.74	1.47
19710107	7.38	8.1	3.73
19710108	3.24	8.91	2.44
19710109	17.28	9.59	3.93
19710110	0.02	5.88	3.27
19710111	0.01	2.57	2.55
19710112	0.08	3.03	2.13
19710113	0.92	3.7	2.07
19710114	1.46	3.65	1.65
19710115	0.55	1.94	1.05
19710116	1.1	1.95	0.82
19710117	1.57	5.26	0.88
19710118	5.92	4.5	1.03
19710119	3.0	3.67	1.39
19710120	8.72	2.29	1.44
19710121	0.92	2.47	2.19
19710122	11.29	2.61	1.68
19710123	7.54	3.33	3.0
19710124	12.87	3.91	3.32
19710125	3.27	3.41	5.11
19710126	2.22	3.06	3.92
19710127	4.24	3.09	4.25
19710128	3.39	2.55	4.07
19710129	7.87	-0.02	3.5
19710130	0.08	-1.53	2.94
19710131	0.0	-2.2	2.47
19710201	0.1	-1.18	2.13
19710202	0.18	5.01	2.0
19710203	0.01	6.64	1.49
19710204	0.01	6.86	1.36
19710205	0.0	3.98	1.31
19710206	0.0	4.61	1.24
19710207	0.01	6.81	1.16
19710208	1.21	5.14	1.11
19710209	2.0	5.45	1.11
19710210	0.81	4.3	1.07
19710211	8.63	3.69	1.03
19710212	29.25	4.08	3.81
19710213	7.02	1.58	4.17
19710214	12.4	0.87	3.63
19710215	1.23	-2.72	4.16
19710216	2.84	-1.67	2.78
19710217	7.35	0.76	3.15
19710218	0.06	0.99	2.89
19710219	7.83	3.29	2.56
19710220	3.8	5.15	5.63
19710221	0.09	3.53	3.63
19710222	0.01	4.82	2.37
19710223	0.49	6.15	2.04
19710224	0.2	5.27	2.34
19710225	0.08	3.45	2.13
19710226	0.01	2.75	1.91
19710227	10.93	1.67	1.88
19710228	3.12	0.23	2.2
19710301	15.22	0.56	2.51
19710302	0.02	1.98	2.07
19710303	0.0	-0.43	1.73
19710304	0.61	0.7	1.57
19710305	0.99	5.59	1.49
19710306	0.01	4.67	1.51
19710307	0.0	3.94	1.36
19710308	0.01	5.74	1.29
19710309	0.01	2.17	1.2
19710310	1.68	4.1	1.18
19710311	0.56	4.66	1.18
19710312	1.27	5.26	1.11
19710313	2.27	3.98	1.09
19710314	0.1	1.2	1.03
19710315	0.6	1.4	0.99
19710316	0.01	0.79	0.93
19710317	0.16	1.99	0.91
19710318	16.24	1.06	0.97
19710319	23.23	1.38	4.58
19710320	0.04	2.76	2.64
19710321	0.0	1.14	1.76
19710322	0.03	3.2	1.59
19710323	1.47	5.82	1.89
19710324	4.14	5.8	2.88
19710325	0.86	3.36	1.88
19710326	0.13	4.9	1.49
19710327	2.91	6.09	1.36
19710328	0.09	7.59	1.36
19710329	5.67	6.93	1.34
19710330	2.0	3.27	1.36
19710331	0.17	3.12	1.27
19710401	0.42	3.01	1.16
19710402	0.58	3.9	1.07
19710403	2.14	3.75	1.05
19710404	2.15	3.73	1.03
19710405	1.82	3.39	1.05
19710406	0.08	3.62	1.03
19710407	1.69	4.52	1.01
19710408	0.0	5.22	0.93
19710409	0.05	7.56	0.9
19710410	0.0	8.12	0.86
19710411	0.0	9.08	0.84
19710412	0.0	7.63	0.82
19710413	0.0	4.87	0.81
19710414	0.0	7.59	0.81
19710415	1.6	10.32	0.81
19710416	0.31	3.26	0.79
19710417	6.12	4.75	0.79
19710418	1.14	7.0	0.77
19710419	0.39	5.03	0.74
19710420	0.0	6.07	0.72
19710421	0.51	10.02	0.68
19710422	4.57	8.77	0.68
19710423	39.05	6.04	2.55
19710424	0.1	2.81	3.28
19710425	0.0	3.43	1.44
19710426	1.25	3.76	1.22
19710427	0.01	3.15	1.09
19710428	0.04	5.56	0.99
19710429	0.44	5.84	0.93
19710430	0.4	5.15	0.91
19710501	0.0	6.8	0.88
19710502	0.0	8.68	0.84
19710503	0.0	8.39	0.81
19710504	0.0	9.51	0.79
19710505	0.0	10.22	0.74
19710506	12.37	10.92	0.78
19710507	9.5	11.34	0.97
19710508	0.42	10.95	0.91
19710509	0.06	11.03	0.82
19710510	0.0	11.35	0.77
19710511	0.0	9.87	0.74
19710512	0.0	9.79	0.74
19710513	0.0	8.71	0.74
19710514	2.11	10.26	0.74
19710515	0.77	7.19	0.74
19710516	0.5	7.04	0.72
19710517	5.51	7.05	0.76
19710518	0.07	7.68	0.74
19710519	0.07	9.79	0.72
19710520	0.02	8.39	0.71
19710521	0.0	10.21	0.68
19710522	5.95	10.24	0.72
19710523	15.58	8.4	0.84
19710524	0.9	7.86	0.97
19710525	0.03	7.08	0.84
19710526	5.98	6.02	0.82
19710527	2.23	7.03	0.84
19710528	4.4	7.16	0.84
19710529	5.37	10.16	0.84
19710530	8.47	10.57	1.18
19710531	0.66	9.72	1.16
19710601	0.0	12.19	0.59
19710602	0.0	11.14	0.45
19710603	0.0	9.47	0.42
19710604	0.0	9.01	0.42
19710605	0.01	9.33	0.4
19710606	0.02	9.11	0.35
19710607	0.63	9.36	0.33
19710608	1.23	7.02	0.35
19710609	1.9	7.29	0.4
19710610	0.07	9.33	0.4
19710611	6.02	9.9	0.45
19710612	0.04	9.49	0.51
19710613	1.64	7.37	0.45
19710614	0.16	7.94	0.4
19710615	1.36	8.77	0.35
19710616	5.72	7.1	0.4
19710617	0.06	7.86	0.42
19710618	0.01	8.92	0.4
19710619	9.31	11.79	0.45
19710620	4.78	8.95	0.57
19710621	11.44	8.42	0.72
19710622	0.01	11.49	0.72
19710623	0.88	12.52	0.48
19710624	1.2	12.14	0.51
19710625	3.21	12.51	0.57
19710626	2.7	10.82	0.61
19710627	2.64	9.96	0.57
19710628	0.26	9.05	0.54
19710629	0.02	10.37	0.51
19710630	1.64	13.33	0.51
19710701	0.05	16.04	0.48
19710702	0.01	15.66	0.45
19710703	2.48	17.23	0.45
19710704	6.79	13.07	0.51
19710705	0.0	13.23	0.48
19710706	0.02	16.65	0.45
19710707	0.0	18.55	0.48
19710708	0.03	16.95	0.45
19710709	0.0	13.17	0.45
19710710	0.0	16.96	0.45
19710711	0.0	12.15	0.4
19710712	0.0	11.78	0.42
19710713	0.0	14.79	0.42
19710714	0.0	14.47	0.45
19710715	0.0	10.67	0.45
19710716	0.0	11.18	0.42
19710717	0.0	10.92	0.4
19710718	0.07	11.89	0.37
19710719	0.6	12.24	0.37
19710720	0.08	13.15	0.42
19710721	5.52	12.9	0.48
19710722	5.65	8.75	0.48
19710723	24.93	9.69	0.63
19710724	17.81	11.7	0.79
19710725	8.24	12.68	0.87
19710726	1.18	13.61	0.72
19710727	0.01	12.21	0.48
19710728	0.13	13.68	0.4
19710729	0.0	14.61	0.37
19710730	14.31	16.84	0.4
19710731	10.14	13.28	0.94
19710801	4.74	15.0	0.87
19710802	2.33	12.31	0.68
19710803	10.92	14.97	0.61
19710804	18.73	12.94	1.55
19710805	29.03	13.15	6.78
19710806	15.95	12.9	7.6
19710807	0.46	10.0	4.66
19710808	1.0	12.29	2.34
19710809	0.15	12.14	1.6
19710810	0.0	12.23	1.23
19710811	0.0	11.77	1.03
19710812	5.17	12.44	0.91
19710813	4.48	9.26	0.96
19710814	0.11	9.4	0.94
19710815	0.0	13.6	0.79
19710816	0.0	13.49	0.68
19710817	0.0	10.75	0.66
19710818	0.0	11.25	0.61
19710819	0.0	12.96	0.59
19710820	0.01	14.28	0.57
19710821	0.01	13.33	0.54
19710822	2.63	14.34	0.54
19710823	1.12	13.86	0.54
19710824	0.85	14.79	0.54
19710825	0.03	15.41	0.57
19710826	3.91	11.82	0.57
19710827	6.92	12.09	0.61
19710828	0.51	10.41	0.68
19710829	2.53	11.33	0.54
19710830	3.08	9.99	0.57
19710831	4.88	12.56	0.54
19710901	0.55	11.84	0.59
19710902	5.27	12.13	0.67
19710903	0.81	11.79	0.65
19710904	0.0	10.68	0.6
19710905	0.0	12.27	0.51
19710906	0.0	14.42	0.45
19710907	0.0	14.38	0.45
19710908	0.0	13.87	0.45
19710909	0.0	13.56	0.45
19710910	0.0	11.84	0.48
19710911	0.0	10.04	0.49
19710912	0.0	12.94	0.49
19710913	1.33	13.08	0.48
19710914	6.25	10.57	0.49
19710915	0.5	13.14	0.59
19710916	0.32	14.82	0.57
19710917	0.64	13.26	0.57
19710918	0.0	14.17	0.56
19710919	0.02	12.41	0.54
19710920	0.13	13.0	0.55
19710921	0.03	12.73	0.54
19710922	0.02	11.96	0.52
19710923	0.0	7.44	0.49
19710924	0.0	5.47	0.44
19710925	2.12	7.06	0.45
19710926	11.51	8.22	0.6
19710927	0.17	11.44	0.59
19710928	3.31	12.17	0.48
19710929	1.51	12.71	0.53
19710930	0.2	14.28	0.5
19711001	0.03	14.12	0.54
19711002	0.0	11.81	0.51
19711003	0.02	12.09	0.48
19711004	0.0	10.01	0.44
19711005	5.41	12.53	0.42
19711006	3.28	13.56	0.48
19711007	13.22	12.41	0.6
19711008	2.48	11.38	1.19
19711009	4.84	11.59	0.79
19711010	23.2	11.02	4.11
19711011	1.08	8.9	3.26
19711012	0.01	1.41	1.65
19711013	0.0	0.67	1.2
19711014	0.05	3.02	0.97
19711015	10.58	6.88	0.98
19711016	4.22	9.18	1.2
19711017	14.18	8.03	1.76
19711018	3.54	8.55	2.04
19711019	10.83	7.2	1.92
19711020	10.4	6.05	2.79
19711021	24.92	10.59	6.28
19711022	0.31	11.87	6.42
19711023	5.65	10.87	3.32
19711024	2.64	5.33	2.78
19711025	0.01	4.49	2.05
19711026	0.01	3.56	1.6
19711027	0.05	3.44	1.36
19711028	0.75	6.69	1.17
19711029	0.93	6.69	1.05
19711030	3.72	9.08	1.03
19711031	0.38	11.24	0.98
19711101	0.46	11.93	1.16
19711102	0.24	8.86	1.09
19711103	4.3	9.47	1.1
19711104	35.2	9.07	2.03
19711105	3.54	5.76	6.2
19711106	2.22	3.92	3.07
19711107	3.36	4.64	2.63
19711108	0.01	1.81	2.05
19711109	0.01	1.23	1.68
19711110	0.01	4.78	1.5
19711111	0.0	6.81	1.37
19711112	1.43	5.64	1.29
19711113	0.0	4.85	1.24
19711114	0.09	7.95	1.13
19711115	1.22	7.06	1.11
19711116	0.03	1.0	1.06
19711117	9.62	-1.39	1.12
19711118	0.22	-1.47	1.08
19711119	0.04	-1.84	0.93
19711120	20.16	0.24	1.08
19711121	0.05	-0.37	1.18
19711122	1.69	1.01	1.01
19711123	0.12	-1.12	1.2
19711124	0.85	3.39	1.29
19711125	0.41	9.35	3.08
19711126	2.36	7.9	2.0
19711127	1.07	2.07	1.79
19711128	0.01	-0.46	1.48
19711129	9.16	0.59	1.39
19711130	0.9	2.03	1.65
19711201	0.14	1.8	1.47
19711202	0.05	1.53	1.33
19711203	1.4	5.5	1.28
19711204	0.02	9.13	1.24
19711205	0.0	5.9	1.15
19711206	0.0	4.64	1.09
19711207	6.01	6.16	1.03
19711208	2.23	6.57	1.23
19711209	0.01	9.13	1.17
19711210	0.37	8.71	1.05
19711211	0.48	7.63	1.0
19711212	7.87	6.73	1.02
19711213	4.77	5.93	1.24
19711214	9.31	6.92	1.61
19711215	0.38	8.15	1.97
19711216	0.51	8.37	1.56
19711217	0.08	7.98	1.38
19711218	5.88	8.42	1.23
19711219	14.79	5.83	1.76
19711220	19.95	8.06	4.92
19711221	3.7	3.62	5.66
19711222	1.02	1.54	3.09
19711223	4.8	5.94	2.79
19711224	1.02	8.65	2.41
19711225	1.44	7.47	1.96
19711226	4.29	5.01	1.8
19711227	0.02	1.17	1.85
19711228	0.06	1.59	1.53
19711229	0.01	0.97	1.37
19711230	0.01	1.47	1.26
19711231	0.0	2.42	1.18
19720101	5.55	2.51	1.11
19720102	5.62	2.66	1.29
19720103	2.87	1.43	1.81
19720104	0.02	1.16	1.45
19720105	0.35	1.06	1.24
19720106	0.01	0.58	1.15
19720107	1.47	0.99	1.08
19720108	15.84	2.84	1.21
19720109	1.13	3.93	2.7
19720110	3.83	4.5	1.85
19720111	8.78	5.26	2.17
19720112	1.47	4.61	2.29
19720113	3.47	4.5	1.98
19720114	0.42	3.42	1.87
19720115	1.08	4.26	1.62
19720116	1.16	3.24	1.46
19720117	18.23	0.38	1.59
19720118	20.27	0.22	2.39
19720119	3.56	0.1	3.23
19720120	2.72	-0.07	2.33
19720121	1.96	2.85	2.1
19720122	2.92	6.19	6.62
19720123	12.73	4.27	10.42
19720124	0.64	0.11	7.11
19720125	5.53	2.24	4.4
19720126	3.9	2.07	4.27
19720127	0.88	2.32	3.34
19720128	0.98	0.69	2.84
19720129	0.98	-1.88	2.52
19720130	1.56	-6.57	2.28
19720131	0.37	-5.7	2.0
19720201	11.73	-1.04	1.46
19720202	1.96	2.02	1.75
19720203	4.72	2.74	2.62
19720204	1.33	0.41	2.33
19720205	6.96	2.72	2.22
19720206	2.55	3.23	2.66
19720207	0.17	2.56	2.32
19720208	5.78	2.35	2.1
19720209	2.95	1.84	2.03
19720210	8.52	1.22	2.49
19720211	3.02	-1.23	3.41
19720212	7.23	0.71	2.45
19720213	0.44	3.09	2.62
19720214	1.32	2.37	2.19
19720215	19.88	1.59	2.93
19720216	8.59	3.46	4.46
19720217	2.19	2.78	4.92
19720218	0.31	1.74	4.1
19720219	0.14	1.16	4.14
19720220	0.33	1.35	3.74
19720221	0.44	1.41	2.84
19720222	0.05	1.47	1.61
19720223	0.06	1.9	1.39
19720224	0.09	2.48	1.28
19720225	8.81	3.14	1.28
19720226	1.31	2.7	1.4
19720227	4.28	4.8	1.28
19720228	9.74	3.29	1.99
19720229	1.63	3.58	2.29
19720301	4.7	3.76	1.89
19720302	0.86	3.99	1.95
19720303	3.38	1.76	1.85
19720304	5.39	1.1	1.72
19720305	0.15	1.57	1.59
19720306	8.67	2.54	1.46
19720307	4.46	2.69	2.39
19720308	0.47	3.54	2.05
19720309	0.29	2.63	1.74
19720310	0.12	1.08	1.49
19720311	0.0	-0.66	1.71
19720312	0.0	1.3	1.6
19720313	0.02	0.47	1.18
19720314	0.86	3.49	1.1
19720315	0.03	3.8	1.01
19720316	2.09	5.51	0.96
19720317	0.46	6.3	0.97
19720318	0.18	4.55	0.9
19720319	1.78	5.5	0.87
19720320	0.02	5.13	0.86
19720321	0.01	7.26	0.81
19720322	0.0	8.65	0.79
19720323	0.0	8.39	0.75
19720324	0.0	5.36	0.73
19720325	2.17	5.45	0.74
19720326	9.48	2.11	0.77
19720327	4.25	0.48	0.84
19720328	0.1	2.53	0.78
19720329	9.89	3.62	0.78
19720330	2.84	3.89	1.34
19720331	2.16	6.2	1.07
19720401	9.98	7.23	1.68
19720402	18.1	5.71	3.82
19720403	3.91	6.41	3.88
19720404	6.28	5.23	4.11
19720405	3.65	4.33	3.54
19720406	4.36	6.18	3.18
19720407	8.79	7.03	4.09
19720408	3.45	4.45	3.88
19720409	16.01	5.04	3.27
19720410	2.32	3.99	4.82
19720411	2.34	4.99	3.22
19720412	0.6	5.85	2.98
19720413	0.0	5.36	2.54
19720414	5.24	4.04	2.23
19720415	0.11	6.93	1.5
19720416	0.25	9.11	1.31
19720417	0.02	9.32	1.19
19720418	0.0	6.06	1.06
19720419	0.0	5.76	0.98
19720420	0.04	6.74	0.92
19720421	0.87	6.7	0.91
19720422	0.0	3.81	0.88
19720423	0.0	6.05	0.85
19720424	0.0	5.17	0.82
19720425	0.0	9.2	0.79
19720426	0.04	7.48	0.77
19720427	0.27	7.29	0.76
19720428	13.9	6.64	0.79
19720429	6.46	5.98	1.2
19720430	2.36	6.87	1.05
19720501	2.04	7.3	0.98
19720502	0.1	9.05	0.94
19720503	1.77	8.5	0.91
19720504	0.0	8.47	0.88
19720505	5.81	7.94	0.87
19720506	2.77	8.56	0.93
19720507	8.73	6.69	1.23
19720508	2.69	8.77	1.2
19720509	1.24	8.24	1.11
19720510	0.14	7.0	0.99
19720511	13.33	8.32	1.06
19720512	6.65	5.83	2.66
19720513	0.09	6.55	1.73
19720514	0.02	7.02	1.36
19720515	0.0	6.37	1.19
19720516	0.0	9.28	1.11
19720517	0.0	9.41	1.01
19720518	0.6	7.42	1.0
19720519	0.12	7.5	0.98
19720520	4.86	9.85	0.96
19720521	4.9	9.14	0.97
19720522	1.84	8.33	1.03
19720523	1.44	11.85	0.93
19720524	7.46	7.89	0.99
19720525	32.46	8.29	2.24
19720526	9.27	7.46	6.8
19720527	0.51	8.92	3.62
19720528	4.1	8.93	2.76
19720529	3.79	8.19	2.51
19720530	2.64	7.92	2.37
19720531	4.78	8.28	2.05
19720601	3.67	8.5	1.21
19720602	7.25	5.98	1.63
19720603	4.0	7.78	1.51
19720604	8.56	7.81	1.53
19720605	4.4	8.31	2.04
19720606	1.93	9.39	1.73
19720607	2.15	9.39	2.03
19720608	1.06	7.45	1.97
19720609	4.78	10.25	1.97
19720610	1.87	8.27	1.82
19720611	0.2	8.37	1.45
19720612	4.69	9.54	1.3
19720613	1.89	9.75	1.15
19720614	0.53	11.61	1.02
19720615	0.03	11.52	0.96
19720616	0.0	12.25	0.91
19720617	20.88	11.56	1.24
19720618	0.94	9.25	1.92
19720619	0.58	8.31	1.12
19720620	10.59	8.97	1.08
19720621	3.76	8.44	1.62
19720622	1.32	8.5	1.67
19720623	2.22	9.63	1.67
19720624	5.67	10.23	1.76
19720625	0.48	10.54	1.66
19720626	0.14	9.28	1.03
19720627	7.19	8.55	1.14
19720628	2.94	8.47	1.07
19720629	0.86	9.48	1.04
19720630	1.42	11.77	0.99
19720701	0.05	10.47	0.53
19720702	0.0	10.3	0.46
19720703	0.55	9.67	0.42
19720704	7.8	9.44	0.57
19720705	1.85	10.14	0.57
19720706	2.13	11.73	0.51
19720707	0.02	10.12	0.51
19720708	0.01	9.82	0.44
19720709	1.19	10.27	0.41
19720710	2.15	9.55	0.41
19720711	0.01	8.67	0.39
19720712	5.72	11.3	0.43
19720713	0.0	14.87	0.47
19720714	0.0	15.94	0.41
19720715	0.0	16.15	0.38
19720716	0.0	16.49	0.38
19720717	0.0	15.63	0.36
19720718	0.0	15.39	0.4
19720719	0.0	16.88	0.47
19720720	0.01	19.11	0.5
19720721	0.02	13.94	0.51
19720722	7.33	13.45	0.55
19720723	4.82	13.56	0.65
19720724	6.91	13.81	0.7
19720725	0.17	12.32	0.71
19720726	0.0	14.95	0.65
19720727	0.0	12.73	0.62
19720728	0.0	13.28	0.62
19720729	0.0	14.56	0.58
19720730	1.03	13.26	0.56
19720731	4.77	12.83	0.6
19720801	1.04	12.65	0.67
19720802	0.01	11.21	0.67
19720803	10.46	12.02	0.69
19720804	3.43	11.63	0.97
19720805	6.09	12.52	0.83
19720806	9.84	13.48	0.97
19720807	16.88	13.0	1.62
19720808	9.13	13.47	3.83
19720809	0.14	9.77	2.32
19720810	0.09	9.16	1.69
19720811	0.0	11.79	1.23
19720812	0.01	12.6	0.9
19720813	0.13	13.36	0.73
19720814	0.35	13.35	0.66
19720815	0.0	12.14	0.6
19720816	7.6	12.44	0.63
19720817	0.01	10.03	1.02
19720818	0.0	9.64	0.68
19720819	0.02	12.25	0.63
19720820	0.0	10.59	0.56
19720821	0.0	12.42	0.51
19720822	0.05	14.5	0.48
19720823	0.26	13.59	0.48
19720824	0.0	13.32	0.48
19720825	0.0	11.96	0.46
19720826	0.0	11.7	0.45
19720827	0.0	11.08	0.44
19720828	0.0	10.64	0.4
19720829	0.0	11.61	0.4
19720830	0.0	10.62	0.42
19720831	0.0	12.06	0.44
19720901	0.0	12.73	0.48
19720902	0.0	13.24	0.49
19720903	0.01	13.74	0.45
19720904	0.0	10.92	0.45
19720905	0.0	13.47	0.49
19720906	3.1	11.18	0.54
19720907	0.19	5.77	0.64
19720908	0.01	5.41	0.65
19720909	0.0	5.76	0.64
19720910	0.0	8.04	0.62
19720911	0.0	7.73	0.63
19720912	1.48	9.52	0.65
19720913	0.43	10.3	0.68
19720914	0.0	8.73	0.68
19720915	0.0	10.1	0.69
19720916	0.0	9.98	0.66
19720917	0.0	9.85	0.63
19720918	0.0	9.94	0.63
19720919	0.0	9.33	0.62
19720920	4.83	11.49	0.63
19720921	0.2	9.45	0.68
19720922	0.01	10.83	0.62
19720923	0.0	10.11	0.56
19720924	0.0	5.68	0.52
19720925	0.0	5.82	0.52
19720926	0.0	8.29	0.47
19720927	0.0	8.7	0.42
19720928	0.0	9.32	0.41
19720929	0.0	10.66	0.39
19720930	0.0	9.37	0.35
19721001	0.0	10.48	0.34
19721002	0.0	7.29	0.32
19721003	0.0	10.24	0.32
19721004	0.0	9.69	0.32
19721005	0.0	9.85	0.32
19721006	0.0	9.35	0.32
19721007	0.01	10.99	0.32
19721008	11.07	13.79	0.32
19721009	7.49	12.3	0.39
19721010	0.86	10.89	0.39
19721011	0.0	3.97	0.39
19721012	0.0	7.48	0.34
19721013	0.0	9.01	0.34
19721014	0.0	8.98	0.34
19721015	0.01	6.87	0.34
19721016	0.0	7.74	0.34
19721017	0.0	8.93	0.34
19721018	0.0	5.73	0.33
19721019	0.05	5.75	0.32
19721020	0.0	3.16	0.37
19721021	0.15	6.42	0.37
19721022	0.82	9.71	0.37
19721023	0.04	7.11	0.37
19721024	2.09	7.51	0.37
19721025	0.21	8.74	0.37
19721026	0.38	9.0	0.37
19721027	4.39	8.77	0.38
19721028	6.7	7.41	0.41
19721029	3.09	8.77	0.51
19721030	0.03	5.09	0.44
19721031	0.38	6.03	0.44
19721101	3.63	9.14	0.73
19721102	2.48	11.06	0.77
19721103	0.03	4.05	0.72
19721104	0.0	3.04	0.7
19721105	1.12	7.99	0.67
19721106	3.75	9.08	0.68
19721107	0.16	5.04	0.7
19721108	4.22	6.57	0.7
19721109	20.17	4.87	1.14
19721110	4.16	2.16	1.17
19721111	0.47	2.3	0.99
19721112	0.22	1.77	0.81
19721113	0.01	-0.31	0.71
19721114	0.0	-0.51	0.66
19721115	0.08	-1.19	0.63
19721116	0.01	-1.06	0.59
19721117	0.0	-1.55	0.55
19721118	3.03	-1.26	0.49
19721119	29.65	1.95	1.15
19721120	0.07	2.16	1.92
19721121	0.17	1.47	1.04
19721122	0.0	1.97	0.75
19721123	0.01	0.73	0.63
19721124	0.35	-0.15	0.56
19721125	0.48	3.27	0.55
19721126	0.24	4.16	0.52
19721127	8.76	4.34	0.56
19721128	6.61	4.3	1.04
19721129	18.11	5.21	3.39
19721130	17.73	4.42	3.16
19721201	2.9	3.76	4.48
19721202	0.09	0.39	2.46
19721203	4.84	2.1	1.72
19721204	8.99	3.56	1.7
19721205	6.95	2.94	2.33
19721206	15.86	0.21	2.12
19721207	2.34	-0.71	2.22
19721208	1.07	-1.55	1.72
19721209	7.83	1.44	1.71
19721210	6.73	0.85	2.43
19721211	21.65	3.25	6.42
19721212	9.89	5.92	6.84
19721213	7.31	6.41	5.11
19721214	1.97	7.05	4.01
19721215	0.1	2.7	2.98
19721216	0.29	3.03	2.25
19721217	0.04	4.19	1.81
19721218	0.04	2.72	1.52
19721219	0.06	3.29	1.29
19721220	0.26	4.67	1.16
19721221	0.03	5.18	1.06
19721222	0.12	3.96	0.98
19721223	1.03	0.87	0.94
19721224	0.05	-1.37	0.84
19721225	1.0	1.55	0.78
19721226	7.92	3.63	0.85
19721227	2.54	5.4	1.03
19721228	8.28	5.31	1.35
19721229	0.69	6.08	1.56
19721230	9.87	7.93	1.27
19721231	9.53	8.64	2.08
19730101	9.71	8.55	3.41
19730102	3.8	3.45	4.15
19730103	0.04	1.1	2.98
19730104	0.06	2.82	2.24
19730105	0.07	2.25	1.8
19730106	0.06	2.02	1.54
19730107	0.03	1.22	1.31
19730108	0.01	2.95	1.16
19730109	0.01	3.16	1.06
19730110	0.04	3.03	0.97
19730111	0.0	0.56	0.88
19730112	0.0	-0.58	0.81
19730113	2.86	0.07	0.75
19730114	7.88	2.34	1.05
19730115	14.1	2.8	1.3
19730116	0.75	-0.31	1.66
19730117	0.0	-2.86	1.23
19730118	0.0	-2.6	1.04
19730119	10.95	0.16	0.97
19730120	20.59	0.11	1.43
19730121	9.05	1.6	1.96
19730122	3.25	2.7	1.85
19730123	2.9	4.64	4.94
19730124	0.99	7.16	8.3
19730125	14.49	4.54	5.43
19730126	4.46	4.38	6.2
19730127	0.51	3.85	3.71
19730128	0.32	7.1	2.67
19730129	3.4	5.73	2.17
19730130	2.94	3.35	2.11
19730131	0.74	2.83	1.84
19730201	0.11	5.32	1.56
19730202	0.04	7.28	1.36
19730203	0.19	6.98	1.23
19730204	1.31	4.68	1.16
19730205	3.45	5.66	1.11
19730206	4.35	5.59	1.33
19730207	10.42	3.02	1.6
19730208	4.53	1.28	2.22
19730209	1.21	1.33	1.92
19730210	0.16	2.35	1.63
19730211	14.23	3.4	1.81
19730212	7.05	-1.39	3.4
19730213	3.85	-4.32	2.32
19730214	0.54	-6.73	1.94
19730215	0.01	-3.86	1.47
19730216	0.0	-2.39	1.4
19730217	0.0	0.29	1.34
19730218	0.3	4.59	1.87
19730219	0.06	7.97	2.32
19730220	0.5	7.41	1.83
19730221	0.53	3.66	1.54
19730222	0.93	0.36	1.32
19730223	0.21	-0.97	1.23
19730224	0.07	-1.36	1.1
19730225	0.06	-1.73	1.0
19730226	0.0	-1.99	0.93
19730227	1.42	0.85	0.89
19730228	5.05	4.01	0.89
19730301	4.85	3.35	1.09
19730302	4.67	4.78	1.04
19730303	3.66	4.78	1.13
19730304	3.21	3.45	1.23
19730305	2.42	2.25	1.15
19730306	0.05	2.68	1.09
19730307	0.16	4.75	0.99
19730308	0.0	3.41	0.94
19730309	0.0	3.73	0.9
19730310	0.0	3.64	0.87
19730311	0.0	6.0	0.84
19730312	0.0	3.11	0.82
19730313	0.0	2.72	0.79
19730314	0.0	-0.35	0.76
19730315	0.0	2.51	0.74
19730316	0.0	5.24	0.72
19730317	0.0	8.47	0.7
19730318	0.13	6.86	0.67
19730319	0.0	5.78	0.64
19730320	0.0	3.74	0.62
19730321	0.0	8.21	0.61
19730322	1.9	7.32	0.61
19730323	0.14	8.46	0.63
19730324	1.73	7.23	0.61
19730325	0.25	4.99	0.6
19730326	0.0	2.63	0.57
19730327	3.91	5.84	0.56
19730328	0.02	6.23	0.58
19730329	16.89	6.05	0.57
19730330	4.6	3.69	0.86
19730331	10.72	3.02	0.94
19730401	1.44	2.26	0.93
19730402	0.14	0.33	0.68
19730403	15.99	4.41	0.66
19730404	3.83	5.19	1.59
19730405	10.8	2.07	1.52
19730406	2.82	2.68	1.77
19730407	0.02	2.28	1.38
19730408	0.24	-0.34	1.1
19730409	0.0	1.68	0.94
19730410	0.0	4.77	0.83
19730411	0.0	3.26	0.75
19730412	0.0	4.46	0.67
19730413	0.0	6.86	0.64
19730414	0.0	8.47	0.6
19730415	0.0	9.83	0.56
19730416	0.0	8.08	0.54
19730417	0.08	8.68	0.52
19730418	0.06	6.82	0.51
19730419	0.09	6.22	0.48
19730420	2.57	4.85	0.53
19730421	1.99	4.07	0.53
19730422	0.04	6.05	0.47
19730423	0.03	5.94	0.41
19730424	0.0	6.03	0.4
19730425	0.0	7.4	0.4
19730426	0.01	5.95	0.4
19730427	0.73	4.89	0.39
19730428	0.06	0.15	0.39
19730429	6.44	2.35	0.38
19730430	10.99	2.81	0.62
19730501	0.13	3.56	0.52
19730502	0.03	7.35	0.39
19730503	7.56	6.66	0.37
19730504	19.37	5.55	1.32
19730505	3.47	6.86	1.58
19730506	3.31	6.65	1.43
19730507	2.54	7.09	1.2
19730508	0.24	8.1	1.0
19730509	3.62	5.92	0.89
19730510	2.26	4.06	0.92
19730511	0.73	7.16	0.78
19730512	9.48	6.93	1.08
19730513	0.16	4.82	1.51
19730514	0.67	5.26	1.02
19730515	0.0	7.02	0.9
19730516	0.0	8.27	0.8
19730517	0.0	7.78	0.72
19730518	0.0	8.76	0.69
19730519	0.0	8.14	0.65
19730520	6.46	6.68	0.66
19730521	6.29	7.26	0.71
19730522	7.45	8.39	1.02
19730523	1.17	9.89	0.85
19730524	0.47	11.29	0.75
19730525	1.79	13.86	0.74
19730526	1.12	13.93	0.74
19730527	1.95	13.9	0.75
19730528	0.18	10.86	0.74
19730529	23.13	12.88	0.82
19730530	2.29	10.62	2.94
19730531	1.22	6.04	1.52
19730601	2.7	8.75	0.78
19730602	0.81	8.79	0.75
19730603	0.08	8.27	0.72
19730604	0.01	8.35	0.69
19730605	0.0	13.17	0.68
19730606	0.0	15.53	0.68
19730607	0.0	17.32	0.68
19730608	0.02	14.61	0.68
19730609	0.03	11.55	0.69
19730610	0.01	10.04	0.67
19730611	1.79	11.32	0.66
19730612	10.54	8.66	0.73
19730613	0.32	6.55	0.75
19730614	1.12	11.63	0.7
19730615	0.02	14.15	0.71
19730616	4.82	15.05	0.7
19730617	0.02	11.83	0.72
19730618	26.58	14.26	0.82
19730619	5.49	11.69	1.4
19730620	0.05	10.61	0.97
19730621	0.0	13.67	0.85
19730622	0.0	15.49	0.8
19730623	0.01	13.32	0.77
19730624	1.99	11.02	0.75
19730625	0.1	13.11	0.5
19730626	0.77	12.44	0.5
19730627	0.01	11.15	0.51
19730628	3.36	15.16	0.52
19730629	0.67	14.81	0.56
19730630	3.35	15.21	0.54
19730701	2.31	13.23	0.54
19730702	0.09	12.83	0.53
19730703	21.31	14.1	0.86
19730704	1.3	13.54	0.9
19730705	0.16	17.02	0.61
19730706	5.98	12.04	0.6
19730707	0.1	9.44	0.61
19730708	0.0	11.83	0.54
19730709	0.0	15.26	0.53
19730710	1.13	14.11	0.53
19730711	2.9	15.23	0.56
19730712	3.54	14.55	0.58
19730713	12.5	14.38	0.64
19730714	14.55	13.97	0.89
19730715	0.24	15.21	1.04
19730716	0.01	13.14	0.68
19730717	4.42	12.79	0.64
19730718	5.03	12.13	0.66
19730719	5.34	12.3	0.84
19730720	8.37	12.26	1.32
19730721	8.57	11.17	1.48
19730722	0.21	8.41	1.35
19730723	0.0	9.61	1.0
19730724	0.0	11.55	0.84
19730725	0.0	12.37	0.75
19730726	0.0	12.27	0.71
19730727	0.0	14.35	0.7
19730728	10.63	17.23	0.72
19730729	0.09	15.68	0.72
19730730	0.01	15.56	0.65
19730731	0.37	15.88	0.64
19730801	2.87	17.07	0.66
19730802	7.44	13.37	0.89
19730803	6.04	10.24	0.87
19730804	13.95	10.83	0.92
19730805	4.68	11.46	1.17
19730806	11.0	9.04	1.51
19730807	0.58	10.12	1.37
19730808	4.17	11.54	1.06
19730809	9.61	13.61	1.73
19730810	0.18	10.07	1.4
19730811	0.01	11.83	1.08
19730812	0.0	14.67	0.95
19730813	0.0	17.08	0.85
19730814	0.0	16.71	0.78
19730815	0.0	16.44	0.74
19730816	0.0	15.28	0.69
19730817	0.05	12.54	0.69
19730818	0.02	11.4	0.65
19730819	0.72	10.25	0.62
19730820	0.0	7.85	0.56
19730821	0.0	10.5	0.5
19730822	0.08	11.27	0.48
19730823	0.0	15.45	0.49
19730824	0.0	15.16	0.48
19730825	0.0	13.66	0.47
19730826	0.51	14.77	0.46
19730827	3.14	12.72	0.56
19730828	1.09	13.44	0.5
19730829	4.74	11.64	0.59
19730830	2.88	11.88	0.54
19730831	10.39	12.16	0.6
19730901	0.11	11.65	0.75
19730902	0.95	10.55	0.63
19730903	9.97	13.42	0.6
19730904	6.44	14.53	1.45
19730905	2.15	13.45	1.56
19730906	4.44	16.62	1.24
19730907	0.19	15.46	2.28
19730908	0.22	15.91	1.21
19730909	3.22	10.4	1.15
19730910	0.02	7.63	0.99
19730911	0.0	11.23	0.8
19730912	0.04	11.53	0.77
19730913	0.12	10.2	0.77
19730914	0.0	10.94	0.77
19730915	4.52	13.62	0.72
19730916	1.21	14.5	0.73
19730917	2.17	12.54	0.72
19730918	0.09	11.18	0.7
19730919	0.01	10.62	0.65
19730920	0.01	7.92	0.57
19730921	0.01	7.12	0.56
19730922	0.11	8.99	0.51
19730923	0.49	7.82	0.45
19730924	2.49	9.39	0.48
19730925	1.83	9.77	0.52
19730926	0.27	8.27	0.54
19730927	11.37	7.3	0.69
19730928	4.98	7.21	1.41
19730929	0.41	7.21	0.83
19730930	1.0	6.58	0.54
19731001	0.06	12.74	0.46
19731002	0.01	13.7	0.47
19731003	0.11	13.49	0.48
19731004	0.11	10.5	0.47
19731005	0.12	10.42	0.46
19731006	0.14	10.35	0.46
19731007	2.08	8.98	0.44
19731008	11.43	7.87	0.55
19731009	4.19	7.37	1.32
19731010	0.06	2.65	0.89
19731011	0.48	2.38	0.68
19731012	0.19	2.8	0.59
19731013	2.31	4.45	0.55
19731014	1.74	4.4	0.57
19731015	0.01	3.53	0.56
19731016	0.01	2.08	0.49
19731017	0.56	0.88	0.47
19731018	9.37	2.81	0.6
19731019	1.36	3.05	0.86
19731020	13.7	4.32	1.66
19731021	3.02	5.59	1.49
19731022	0.35	7.35	1.12
19731023	0.33	7.9	0.92
19731024	0.3	10.76	0.8
19731025	2.54	10.52	0.84
19731026	0.17	7.36	0.89
19731027	0.31	7.5	0.76
19731028	0.06	5.65	0.7
19731029	0.0	7.67	0.65
19731030	0.02	6.1	0.64
19731031	0.31	5.94	0.62
19731101	0.08	5.35	0.6
19731102	0.49	7.49	0.58
19731103	2.04	9.74	0.56
19731104	20.93	5.43	0.9
19731105	0.4	2.0	1.06
19731106	0.28	3.17	0.99
19731107	6.04	8.49	0.89
19731108	6.3	9.16	1.53
19731109	0.05	3.28	1.67
19731110	1.2	2.64	1.21
19731111	14.78	5.37	1.05
19731112	7.28	5.48	3.18
19731113	0.34	2.84	2.58
19731114	1.59	2.73	1.73
19731115	0.63	0.85	1.36
19731116	0.04	-0.89	1.06
19731117	12.37	3.08	0.97
19731118	7.65	5.39	3.36
19731119	0.03	2.27	2.31
19731120	0.02	2.57	1.66
19731121	1.16	7.07	1.42
19731122	0.14	5.44	1.29
19731123	11.54	6.03	1.34
19731124	0.24	2.48	2.19
19731125	0.03	-1.57	1.39
19731126	0.0	-2.54	1.24
19731127	0.0	-3.1	1.06
19731128	3.56	-4.04	0.97
19731129	0.06	-4.05	0.88
19731130	0.03	-4.75	0.77
19731201	0.0	-4.81	0.73
19731202	0.55	3.54	0.83
19731203	0.33	8.24	0.95
19731204	0.06	7.67	0.87
19731205	3.59	4.87	0.77
19731206	0.0	-0.03	0.72
19731207	8.87	-0.81	0.68
19731208	0.32	-1.84	0.66
19731209	1.34	4.55	0.73
19731210	7.65	4.45	1.59
19731211	5.36	2.23	1.32
19731212	12.4	4.51	2.7
19731213	0.3	1.79	1.91
19731214	0.34	-1.63	1.31
19731215	7.34	2.51	1.34
19731216	0.61	0.74	2.41
19731217	0.22	-2.08	1.92
19731218	3.86	-0.99	1.72
19731219	37.2	0.82	4.74
19731220	7.16	1.52	7.64
19731221	0.93	2.91	5.48
19731222	16.02	2.12	5.58
19731223	0.3	2.03	5.61
19731224	1.25	2.53	4.08
19731225	0.94	5.94	4.02
19731226	0.15	8.3	3.98
19731227	1.05	5.34	2.95
19731228	2.65	5.99	2.5
19731229	8.32	4.77	2.59
19731230	0.77	1.51	2.59
19731231	0.26	1.96	2.22
19740101	5.51	2.89	2.22
19740102	0.07	-0.23	2.26
19740103	0.4	1.71	1.97
19740104	4.69	6.48	1.87
19740105	10.38	6.4	2.04
19740106	2.19	3.98	3.04
19740107	2.37	2.8	2.66
19740108	10.95	1.93	2.95
19740109	5.05	1.38	3.1
19740110	9.29	3.55	3.68
19740111	8.85	5.19	3.84
19740112	11.7	3.2	4.52
19740113	3.14	3.26	5.28
19740114	8.63	4.53	5.81
19740115	4.81	2.13	5.52
19740116	10.51	0.82	4.71
19740117	19.29	5.34	9.31
19740118	1.91	8.02	12.11
19740119	0.1	6.03	7.22
19740120	0.12	5.55	4.89
19740121	0.04	3.51	3.77
19740122	5.4	5.09	3.29
19740123	5.82	3.91	3.5
19740124	0.95	4.76	3.14
19740125	7.01	5.86	2.84
19740126	10.03	3.74	4.01
19740127	1.13	3.38	4.26
19740128	5.72	2.13	3.68
19740129	37.74	3.31	3.63
19740130	3.35	4.19	15.88
19740131	0.37	3.13	6.78
19740201	6.57	4.32	4.42
19740202	6.04	4.22	4.34
19740203	0.12	2.95	4.91
19740204	1.32	0.59	3.58
19740205	0.41	1.54	2.9
19740206	0.06	1.18	2.38
19740207	4.57	0.04	1.98
19740208	15.46	2.84	3.54
19740209	10.73	5.37	4.76
19740210	3.27	5.3	5.11
19740211	3.35	2.43	4.09
19740212	2.93	0.28	3.37
19740213	1.84	-1.58	2.6
19740214	11.2	1.1	2.72
19740215	8.24	5.32	3.87
19740216	0.76	4.22	4.86
19740217	0.04	5.45	3.33
19740218	0.01	3.38	2.68
19740219	0.45	2.75	2.22
19740220	0.52	6.02	2.08
19740221	0.89	5.22	1.84
19740222	0.71	3.12	1.78
19740223	0.15	5.8	2.31
19740224	0.31	6.2	1.29
19740225	1.73	6.79	1.19
19740226	0.11	5.55	1.16
19740227	1.18	2.08	1.12
19740228	16.85	-0.38	1.16
19740301	3.86	-1.46	1.87
19740302	0.03	-0.46	1.51
19740303	1.62	2.17	1.31
19740304	4.0	2.04	1.38
19740305	0.71	0.73	1.37
19740306	7.88	3.51	1.47
19740307	0.33	5.15	3.05
19740308	0.04	2.96	2.18
19740309	1.37	1.23	1.74
19740310	0.74	1.89	1.57
19740311	0.98	1.78	1.37
19740312	3.76	2.02	1.32
19740313	5.27	1.85	1.53
19740314	11.36	2.4	1.68
19740315	7.05	4.07	3.09
19740316	7.91	4.51	3.24
19740317	8.08	2.37	5.02
19740318	3.41	2.23	4.01
19740319	9.28	2.15	3.89
19740320	0.24	1.33	3.25
19740321	13.55	3.44	2.71
19740322	0.03	6.31	4.46
19740323	0.01	4.36	3.4
19740324	0.05	3.92	2.58
19740325	1.3	3.79	2.06
19740326	0.13	4.27	1.72
19740327	0.87	4.51	1.51
19740328	0.0	2.69	1.34
19740329	0.0	4.58	1.21
19740330	0.0	7.33	1.14
19740331	0.0	5.51	1.06
19740401	0.07	6.02	1.01
19740402	0.0	5.22	0.96
19740403	0.0	7.46	0.91
19740404	0.0	5.6	0.85
19740405	0.0	4.02	0.81
19740406	0.0	4.03	0.8
19740407	0.0	5.47	0.76
19740408	0.0	7.54	0.74
19740409	0.0	7.25	0.73
19740410	0.01	9.36	0.73
19740411	0.97	2.86	0.72
19740412	0.05	2.29	0.71
19740413	0.0	2.25	0.69
19740414	0.0	6.7	0.67
19740415	0.0	9.36	0.66
19740416	0.0	7.14	0.65
19740417	0.0	5.39	0.63
19740418	0.0	4.52	0.61
19740419	0.0	6.16	0.6
19740420	0.0	5.3	0.58
19740421	0.0	6.64	0.57
19740422	0.0	7.0	0.56
19740423	0.0	7.44	0.55
19740424	0.0	6.03	0.54
19740425	0.0	5.26	0.55
19740426	0.0	5.48	0.56
19740427	4.76	5.28	0.58
19740428	12.73	5.33	0.68
19740429	0.41	5.34	0.8
19740430	1.24	4.36	0.67
19740501	5.58	7.11	0.55
19740502	0.26	6.46	0.58
19740503	0.01	4.95	0.55
19740504	0.02	3.37	0.54
19740505	1.14	5.54	0.54
19740506	0.01	6.45	0.54
19740507	0.0	7.57	0.54
19740508	2.77	8.93	0.54
19740509	11.32	8.1	0.58
19740510	4.67	8.71	0.69
19740511	3.66	8.1	0.67
19740512	4.44	10.37	0.63
19740513	0.24	9.73	0.65
19740514	0.0	9.64	0.61
19740515	0.0	11.68	0.6
19740516	0.0	10.8	0.6
19740517	5.38	10.4	0.62
19740518	4.62	9.68	0.67
19740519	2.23	11.4	0.66
19740520	0.84	9.75	0.65
19740521	1.67	9.65	0.66
19740522	1.13	8.95	0.67
19740523	5.18	8.21	0.7
19740524	0.07	7.47	0.71
19740525	0.0	12.84	0.7
19740526	0.0	14.3	0.69
19740527	2.94	10.64	0.7
19740528	0.02	6.37	0.73
19740529	0.0	6.19	0.72
19740530	0.01	8.48	0.72
19740531	1.06	10.39	0.73
19740601	5.66	10.69	0.41
19740602	1.0	9.15	0.41
19740603	0.05	8.37	0.4
19740604	3.6	10.32	0.4
19740605	7.04	7.68	0.51
19740606	2.48	8.15	0.64
19740607	0.51	8.84	0.49
19740608	0.95	9.09	0.47
19740609	1.96	7.11	0.44
19740610	4.03	7.96	0.48
19740611	0.02	11.94	0.51
19740612	0.01	14.58	0.5
19740613	0.0	11.55	0.51
19740614	0.0	13.73	0.53
19740615	0.01	12.24	0.53
19740616	5.72	12.88	0.54
19740617	7.3	11.47	0.8
19740618	0.29	10.42	0.66
19740619	0.25	13.44	0.64
19740620	0.01	13.37	0.65
19740621	0.0	13.85	0.66
19740622	0.0	11.89	0.65
19740623	0.0	10.92	0.64
19740624	0.0	10.98	0.66
19740625	0.0	12.36	0.66
19740626	0.0	7.79	0.67
19740627	0.0	9.7	0.67
19740628	0.0	9.52	0.67
19740629	0.54	12.3	0.67
19740630	7.92	13.11	0.7
19740701	0.17	10.99	0.45
19740702	2.1	10.44	0.43
19740703	0.99	10.07	0.44
19740704	3.06	12.09	0.42
19740705	9.9	9.97	0.48
19740706	0.12	11.82	0.48
19740707	0.81	14.26	0.42
19740708	3.87	13.14	0.44
19740709	0.36	12.8	0.44
19740710	6.93	11.54	0.47
19740711	0.25	11.59	0.48
19740712	0.54	12.21	0.43
19740713	6.58	12.63	0.45
19740714	6.54	11.72	0.48
19740715	20.37	11.53	0.7
19740716	0.42	9.72	0.71
19740717	1.23	11.88	0.52
19740718	1.2	13.82	0.45
19740719	0.05	14.69	0.44
19740720	0.0	13.22	0.42
19740721	1.34	14.11	0.41
19740722	8.68	10.55	0.48
19740723	0.65	9.35	0.49
19740724	1.98	9.91	0.43
19740725	1.01	12.05	0.42
19740726	1.89	13.25	0.42
19740727	1.7	12.04	0.42
19740728	0.41	11.4	0.4
19740729	0.45	10.1	0.38
19740730	0.0	9.97	0.35
19740731	0.0	10.68	0.35
19740801	0.81	11.1	0.36
19740802	0.02	11.1	0.35
19740803	0.01	10.89	0.35
19740804	0.09	11.77	0.34
19740805	0.66	15.18	0.33
19740806	0.52	12.81	0.33
19740807	0.96	14.59	0.33
19740808	31.93	11.65	0.97
19740809	5.47	12.69	0.67
19740810	7.0	10.31	0.58
19740811	10.63	10.6	0.54
19740812	5.41	10.19	0.81
19740813	0.07	11.85	0.6
19740814	13.83	13.4	0.61
19740815	0.49	14.66	0.69
19740816	1.42	11.68	0.57
19740817	1.84	10.53	0.5
19740818	1.27	9.32	0.46
19740819	0.04	13.47	0.44
19740820	2.19	13.5	0.42
19740821	0.43	10.79	0.42
19740822	6.58	13.12	0.41
19740823	6.77	14.24	0.46
19740824	5.75	14.3	0.55
19740825	2.23	10.64	0.55
19740826	0.28	10.44	0.52
19740827	0.19	11.15	0.47
19740828	0.4	11.1	0.46
19740829	0.01	13.72	0.45
19740830	0.33	13.36	0.44
19740831	1.67	11.28	0.45
19740901	11.47	10.57	0.88
19740902	8.83	11.63	0.99
19740903	0.35	11.22	1.21
19740904	6.99	8.71	1.14
19740905	12.23	10.17	1.43
19740906	10.55	9.49	1.94
19740907	3.05	9.87	2.3
19740908	2.6	9.87	1.86
19740909	0.5	9.23	1.5
19740910	0.05	11.72	1.25
19740911	0.51	11.57	1.1
19740912	12.98	12.47	1.07
19740913	1.57	11.21	1.58
19740914	17.13	11.02	1.51
19740915	0.26	11.45	2.86
19740916	8.96	10.2	2.4
19740917	0.68	8.81	2.68
19740918	0.78	9.89	1.68
19740919	0.43	8.82	1.39
19740920	10.42	8.16	1.41
19740921	6.94	8.41	1.96
19740922	4.16	7.78	1.72
19740923	1.53	5.6	1.65
19740924	6.5	7.19	1.45
19740925	1.59	3.74	1.54
19740926	0.57	4.45	1.34
19740927	0.04	3.56	1.19
19740928	0.1	4.77	1.05
19740929	0.48	5.46	0.97
19740930	0.01	5.46	0.9
19741001	0.91	5.83	0.84
19741002	3.5	6.07	0.82
19741003	0.05	6.67	0.79
19741004	0.01	6.45	0.74
19741005	0.97	6.71	0.7
19741006	7.34	5.8	0.73
19741007	1.67	7.25	0.76
19741008	0.35	7.43	0.71
19741009	0.17	6.01	0.68
19741010	0.04	4.93	0.64
19741011	0.0	4.41	0.62
19741012	0.01	3.9	0.6
19741013	1.85	5.75	0.6
19741014	0.12	8.95	0.59
19741015	0.32	9.02	0.56
19741016	2.88	6.35	0.55
19741017	5.6	7.46	0.56
19741018	2.29	5.09	0.66
19741019	0.53	4.43	0.66
19741020	0.12	4.85	0.59
19741021	0.01	4.81	0.55
19741022	0.0	5.08	0.52
19741023	0.0	4.3	0.51
19741024	0.0	7.45	0.53
19741025	0.0	7.9	0.52
19741026	0.48	7.22	0.5
19741027	0.08	4.09	0.5
19741028	0.0	2.88	0.49
19741029	1.28	2.28	0.53
19741030	6.36	2.53	0.56
19741031	3.81	3.19	0.54
19741101	0.56	4.87	1.37
19741102	7.56	3.09	1.6
19741103	0.99	2.99	1.63
19741104	0.48	4.98	1.42
19741105	1.76	4.12	1.35
19741106	0.01	2.96	1.37
19741107	12.24	4.69	1.38
19741108	15.45	8.09	2.52
19741109	5.87	6.41	6.17
19741110	21.45	4.89	6.87
19741111	5.63	3.55	7.12
19741112	1.36	3.65	4.61
19741113	17.71	4.61	5.66
19741114	6.48	5.74	6.33
19741115	1.01	4.26	4.51
19741116	0.37	4.59	3.42
19741117	0.04	2.02	2.83
19741118	0.04	0.38	2.44
19741119	0.0	-0.67	2.2
19741120	0.11	0.91	1.98
19741121	21.63	4.03	2.06
19741122	18.25	5.63	9.94
19741123	6.21	4.47	6.36
19741124	12.18	3.68	6.07
19741125	0.08	2.96	5.34
19741126	9.6	2.95	3.87
19741127	2.61	2.41	5.03
19741128	0.06	2.98	3.67
19741129	2.79	3.54	3.03
19741130	2.43	6.19	2.87
19741201	2.46	9.21	2.65
19741202	0.32	5.67	2.41
19741203	7.07	5.85	2.28
19741204	7.63	2.23	3.27
19741205	0.38	5.64	3.01
19741206	0.75	8.27	2.75
19741207	4.4	9.37	2.86
19741208	7.68	4.9	3.36
19741209	14.87	0.8	3.51
19741210	2.2	-0.59	4.25
19741211	6.23	-0.61	3.04
19741212	0.35	0.15	2.68
19741213	6.42	3.57	4.29
19741214	1.17	2.77	5.28
19741215	11.49	3.52	3.77
19741216	24.11	1.01	6.68
19741217	4.99	1.9	9.8
19741218	0.68	2.78	5.36
19741219	11.09	7.13	6.7
19741220	7.02	8.5	7.27
19741221	12.27	8.17	6.33
19741222	5.53	8.28	6.46
19741223	2.75	6.64	5.71
19741224	4.64	2.71	4.73
19741225	22.43	5.79	7.66
19741226	18.69	4.35	9.65
19741227	6.3	6.64	12.6
19741228	12.3	4.92	8.76
19741229	0.48	2.55	7.85
19741230	2.33	6.54	5.52
19741231	1.46	6.86	4.29
19750101	0.17	6.84	3.65
19750102	2.02	5.4	3.32
19750103	0.2	4.88	2.98
19750104	4.59	7.47	2.78
19750105	6.03	6.82	3.1
19750106	0.24	2.22	3.14
19750107	0.14	-0.18	2.39
19750108	1.51	2.98	2.23
19750109	4.07	3.78	2.53
19750110	14.06	4.46	2.43
19750111	3.9	7.55	4.03
19750112	9.59	4.27	3.59
19750113	24.67	6.27	8.36
19750114	11.92	4.02	13.07
19750115	5.71	3.73	9.13
19750116	2.05	2.22	6.01
19750117	0.32	-0.29	4.51
19750118	0.04	-1.24	3.46
19750119	20.08	1.86	4.79
19750120	0.39	2.28	6.04
19750121	23.18	4.23	3.86
19750122	23.68	2.76	12.71
19750123	9.15	1.2	8.54
19750124	11.29	3.02	5.46
19750125	4.49	1.19	10.53
19750126	4.73	2.76	6.63
19750127	4.31	0.07	6.86
19750128	3.48	0.19	4.59
19750129	16.26	3.16	3.77
19750130	13.19	4.96	9.52
19750131	6.85	5.32	11.75
19750201	0.14	6.63	12.7
19750202	0.02	4.7	6.99
19750203	0.03	2.07	4.49
19750204	0.0	0.2	3.33
19750205	0.0	-0.26	2.61
19750206	0.0	1.07	2.13
19750207	0.0	1.02	1.82
19750208	0.0	0.8	1.63
19750209	0.0	-0.35	1.51
19750210	2.59	0.16	1.4
19750211	1.9	1.17	1.39
19750212	5.8	2.67	1.36
19750213	18.84	1.87	2.9
19750214	2.32	1.25	4.04
19750215	4.48	1.84	2.27
19750216	7.25	4.64	2.89
19750217	3.37	4.4	6.46
19750218	0.16	1.72	3.81
19750219	8.9	2.33	2.65
19750220	10.21	1.86	8.12
19750221	0.3	2.53	5.04
19750222	1.16	4.68	3.13
19750223	1.77	7.03	2.58
19750224	2.02	5.87	2.23
19750225	0.06	3.86	2.0
19750226	0.02	1.89	1.67
19750227	0.01	2.77	1.52
19750228	0.04	1.07	1.39
19750301	1.25	3.27	1.32
19750302	0.93	4.43	1.24
19750303	1.65	3.64	1.18
19750304	0.18	2.77	1.1
19750305	3.46	3.47	1.04
19750306	14.95	5.21	1.87
19750307	3.18	3.97	2.1
19750308	1.02	1.98	1.7
19750309	0.08	2.25	1.45
19750310	0.02	3.85	1.22
19750311	0.01	2.89	1.08
19750312	0.0	1.91	1.03
19750313	0.0	0.21	1.0
19750314	0.07	1.82	0.96
19750315	0.03	1.61	0.91
19750316	0.01	1.23	0.86
19750317	0.02	2.14	0.84
19750318	0.02	1.03	0.8
19750319	0.42	2.1	0.76
19750320	0.0	3.6	0.73
19750321	17.77	2.58	0.91
19750322	0.24	3.73	1.29
19750323	0.24	4.13	0.94
19750324	0.53	2.48	0.84
19750325	0.32	0.6	0.78
19750326	0.26	1.1	0.74
19750327	0.07	-0.82	0.71
19750328	0.1	2.36	0.69
19750329	1.28	0.27	0.67
19750330	0.02	3.62	0.65
19750331	0.01	2.9	0.62
19750401	1.86	3.93	0.7
19750402	0.11	3.01	0.69
19750403	1.36	2.02	0.68
19750404	1.55	1.2	0.68
19750405	0.05	0.84	0.67
19750406	1.32	4.21	0.67
19750407	0.29	2.65	0.66
19750408	0.0	-1.03	0.6
19750409	0.16	0.54	0.59
19750410	5.58	2.23	0.67
19750411	0.67	6.59	0.66
19750412	2.42	5.76	0.66
19750413	3.43	6.93	0.66
19750414	3.89	6.45	0.84
19750415	0.92	6.96	0.79
19750416	13.79	7.82	0.81
19750417	0.48	8.93	1.86
19750418	0.76	8.22	1.16
19750419	3.74	5.3	1.07
19750420	6.44	7.61	1.25
19750421	10.33	9.26	2.49
19750422	0.21	9.1	2.15
19750423	0.83	14.05	1.67
19750424	0.04	14.13	1.46
19750425	0.02	13.39	1.28
19750426	0.07	9.66	1.17
19750427	0.11	5.98	1.1
19750428	5.45	5.6	1.12
19750429	2.6	3.65	1.11
19750430	8.8	5.53	1.06
19750501	2.86	5.19	0.73
19750502	0.04	5.6	0.7
19750503	0.0	6.71	0.67
19750504	0.0	9.38	0.65
19750505	0.0	8.41	0.63
19750506	0.0	7.61	0.62
19750507	0.01	6.44	0.62
19750508	3.93	7.51	0.63
19750509	3.54	8.39	0.67
19750510	2.47	4.6	0.67
19750511	2.12	6.97	0.65
19750512	9.36	5.77	0.71
19750513	0.23	7.82	0.7
19750514	0.0	2.13	0.66
19750515	0.01	6.16	0.64
19750516	0.0	6.59	0.63
19750517	0.0	7.64	0.62
19750518	0.0	10.61	0.62
19750519	0.0	13.03	0.61
19750520	0.0	7.98	0.6
19750521	0.0	6.69	0.61
19750522	0.0	5.48	0.61
19750523	0.0	8.46	0.62
19750524	0.0	6.06	0.63
19750525	0.0	7.4	0.62
19750526	0.0	8.23	0.62
19750527	0.0	9.01	0.63
19750528	0.02	8.47	0.65
19750529	0.0	5.38	0.67
19750530	0.0	4.71	0.68
19750531	0.0	5.21	0.68
19750601	6.53	4.55	0.7
19750602	9.03	3.73	0.83
19750603	3.13	6.22	0.75
19750604	18.77	8.54	0.76
19750605	3.53	12.89	1.04
19750606	0.02	17.29	0.88
19750607	0.0	15.79	0.8
19750608	0.0	15.06	0.78
19750609	0.0	13.04	0.77
19750610	0.0	14.87	0.34
19750611	0.0	18.59	0.35
19750612	0.0	13.02	0.37
19750613	0.08	11.51	0.38
19750614	0.02	9.37	0.38
19750615	10.51	9.95	0.42
19750616	0.51	8.17	0.45
19750617	0.25	9.19	0.42
19750618	8.43	12.07	0.44
19750619	4.75	13.79	0.51
19750620	0.0	11.26	0.51
19750621	0.0	12.04	0.45
19750622	0.0	15.13	0.44
19750623	0.02	15.31	0.44
19750624	0.0	12.19	0.43
19750625	0.0	15.39	0.43
19750626	0.0	12.41	0.43
19750627	0.0	7.33	0.43
19750628	0.0	11.74	0.43
19750629	0.0	12.49	0.42
19750630	0.0	15.27	0.4
19750701	0.0	13.34	0.3
19750702	0.1	16.36	0.31
19750703	4.64	13.9	0.38
19750704	0.04	10.59	0.37
19750705	0.0	15.03	0.36
19750706	0.0	17.1	0.33
19750707	0.06	14.53	0.31
19750708	0.14	12.14	0.32
19750709	6.35	12.51	0.36
19750710	8.62	13.8	0.47
19750711	8.04	14.17	0.6
19750712	0.08	14.0	0.44
19750713	7.16	15.76	0.42
19750714	8.23	15.35	0.49
19750715	8.86	13.4	0.61
19750716	0.49	13.58	0.53
19750717	0.1	13.17	0.46
19750718	0.05	15.04	0.46
19750719	3.91	15.66	0.44
19750720	0.36	12.19	0.47
19750721	9.38	13.43	0.47
19750722	10.34	11.75	0.72
19750723	0.41	9.61	0.71
19750724	0.46	9.9	0.56
19750725	0.99	13.55	0.51
19750726	0.04	14.91	0.49
19750727	0.0	16.16	0.47
19750728	1.14	17.45	0.45
19750729	3.54	15.75	0.48
19750730	0.03	11.47	0.53
19750731	0.0	14.17	0.51
19750801	0.0	15.22	0.43
19750802	0.0	16.07	0.41
19750803	0.0	18.66	0.38
19750804	0.53	20.81	0.37
19750805	0.69	18.37	0.38
19750806	0.07	19.05	0.39
19750807	1.92	18.55	0.41
19750808	0.61	19.42	0.42
19750809	0.02	18.93	0.4
19750810	0.0	18.52	0.35
19750811	0.0	19.85	0.34
19750812	10.39	19.91	0.41
19750813	0.2	17.11	0.57
19750814	4.84	14.81	0.45
19750815	0.47	14.37	0.46
19750816	0.02	12.64	0.41
19750817	0.0	12.07	0.36
19750818	0.01	11.99	0.34
19750819	4.47	13.44	0.37
19750820	0.17	13.14	0.42
19750821	0.71	12.89	0.42
19750822	0.0	9.6	0.41
19750823	0.49	12.01	0.4
19750824	1.02	11.9	0.38
19750825	0.08	15.85	0.36
19750826	0.47	18.35	0.38
19750827	0.01	18.76	0.42
19750828	0.53	16.84	0.43
19750829	9.04	10.41	0.44
19750830	0.11	9.75	0.51
19750831	0.0	13.94	0.4
19750901	0.0	14.28	0.33
19750902	1.81	12.67	0.32
19750903	0.24	11.12	0.38
19750904	1.25	11.21	0.4
19750905	2.79	11.8	0.43
19750906	3.45	11.67	0.44
19750907	1.55	10.8	0.41
19750908	7.65	11.78	0.42
19750909	7.54	11.01	0.68
19750910	2.73	8.36	0.59
19750911	3.54	8.72	0.46
19750912	0.13	7.44	0.44
19750913	0.01	6.62	0.41
19750914	0.0	6.93	0.37
19750915	0.0	9.23	0.34
19750916	17.86	12.09	0.44
19750917	39.79	11.42	3.26
19750918	0.56	7.69	7.2
19750919	11.69	10.28	2.99
19750920	9.69	9.52	3.26
19750921	1.6	10.44	3.02
19750922	9.41	11.25	2.39
19750923	4.28	9.09	2.93
19750924	16.22	10.0	3.79
19750925	19.95	8.16	7.65
19750926	0.08	4.05	7.78
19750927	5.74	2.56	4.25
19750928	15.45	8.07	4.92
19750929	1.29	9.56	5.14
19750930	5.73	8.51	3.53
19751001	2.14	8.53	3.13
19751002	15.13	8.65	3.8
19751003	11.12	8.55	4.91
19751004	17.41	10.77	8.5
19751005	0.09	11.12	5.46
19751006	0.01	6.69	3.32
19751007	0.04	7.27	2.43
19751008	2.64	9.39	1.96
19751009	9.41	7.04	1.97
19751010	0.01	6.61	1.96
19751011	0.0	6.19	1.59
19751012	0.0	5.04	1.4
19751013	0.0	5.3	1.28
19751014	0.0	5.62	1.18
19751015	0.19	6.45	1.07
19751016	0.17	5.14	1.02
19751017	0.01	3.93	0.98
19751018	0.06	4.09	0.94
19751019	0.02	7.53	0.89
19751020	0.0	7.66	0.84
19751021	0.24	6.73	0.8
19751022	4.26	7.76	0.81
19751023	13.7	9.59	1.11
19751024	1.89	11.83	1.29
19751025	0.03	11.09	1.06
19751026	0.01	10.87	0.93
19751027	0.01	9.16	0.85
19751028	0.0	10.63	0.82
19751029	3.02	8.82	0.81
19751030	2.83	10.68	0.87
19751031	1.14	9.0	0.88
19751101	1.17	5.71	0.83
19751102	13.41	6.39	0.95
19751103	0.65	7.72	1.69
19751104	1.38	7.1	1.23
19751105	0.16	5.98	1.09
19751106	0.0	4.29	1.0
19751107	0.06	4.7	0.95
19751108	0.12	2.66	0.9
19751109	0.96	3.5	0.87
19751110	4.8	3.52	0.87
19751111	0.08	2.94	0.9
19751112	0.0	3.61	0.84
19751113	0.05	1.26	0.8
19751114	1.2	5.71	0.75
19751115	12.14	4.2	1.19
19751116	0.02	1.71	1.24
19751117	0.01	0.58	0.93
19751118	0.41	5.64	0.85
19751119	0.54	6.64	0.85
19751120	0.0	0.48	0.8
19751121	0.11	1.83	0.76
19751122	3.35	5.48	0.76
19751123	4.43	6.71	0.88
19751124	5.06	6.59	0.88
19751125	0.72	3.24	0.99
19751126	22.43	1.91	0.97
19751127	3.85	2.53	3.12
19751128	0.36	1.06	2.19
19751129	0.61	0.86	1.58
19751130	7.1	1.55	1.32
19751201	13.69	1.43	2.17
19751202	0.21	2.05	1.99
19751203	0.03	4.24	1.52
19751204	0.0	8.04	1.77
19751205	0.0	6.83	1.53
19751206	0.03	6.28	1.3
19751207	0.0	4.13	1.16
19751208	0.01	2.98	1.02
19751209	0.06	5.98	0.96
19751210	0.23	4.64	0.91
19751211	1.95	2.4	0.89
19751212	0.01	-1.94	0.84
19751213	0.04	1.29	0.76
19751214	0.02	3.29	0.73
19751215	0.05	4.49	0.69
19751216	0.22	2.89	0.67
19751217	0.04	0.8	0.64
19751218	0.0	4.57	0.62
19751219	1.06	3.72	0.62
19751220	0.13	5.22	0.63
19751221	0.24	7.11	0.6
19751222	2.93	6.35	0.58
19751223	1.98	2.97	0.6
19751224	0.77	4.42	0.56
19751225	0.06	7.58	0.56
19751226	0.07	6.95	0.55
19751227	0.19	6.93	0.52
19751228	0.68	2.7	0.5
19751229	0.79	3.64	0.47
19751230	9.23	4.83	0.6
19751231	1.24	0.43	0.63
19760101	5.78	-1.55	0.73
19760102	30.0	2.4	5.43
19760103	3.57	-0.41	3.94
19760104	3.44	2.66	2.31
19760105	5.42	2.8	3.03
19760106	4.69	7.3	3.33
19760107	2.09	6.64	2.78
19760108	0.01	3.31	2.25
19760109	5.16	1.69	1.84
19760110	1.06	7.72	2.08
19760111	0.34	8.61	1.72
19760112	1.43	6.64	1.48
19760113	5.31	5.51	1.4
19760114	0.49	5.09	1.56
19760115	0.1	6.89	1.38
19760116	0.4	6.37	1.32
19760117	1.81	5.73	1.26
19760118	7.84	3.2	1.31
19760119	22.49	5.13	3.55
19760120	8.35	1.46	6.46
19760121	10.51	3.5	5.61
19760122	1.67	2.83	5.05
19760123	0.13	-0.88	3.39
19760124	0.03	-1.04	2.43
19760125	0.01	-0.74	1.9
19760126	0.56	0.86	1.69
19760127	0.68	1.48	1.47
19760128	5.08	1.24	1.34
19760129	0.07	0.09	1.06
19760130	0.44	-0.37	0.91
19760131	0.11	-0.07	0.81
19760201	0.02	0.31	0.75
19760202	1.44	0.54	0.69
19760203	0.98	0.9	0.66
19760204	0.11	0.81	0.63
19760205	1.39	1.03	0.59
19760206	9.25	1.6	0.71
19760207	2.86	3.92	0.81
19760208	3.31	3.79	1.62
19760209	10.82	4.75	2.09
19760210	9.35	0.1	2.3
19760211	10.5	1.42	1.89
19760212	1.94	4.59	4.7
19760213	0.07	1.01	2.8
19760214	5.05	1.39	1.94
19760215	0.04	2.17	1.72
19760216	0.01	-0.15	1.37
19760217	0.41	0.28	1.17
19760218	0.18	-0.42	1.07
19760219	0.01	-0.05	0.95
19760220	0.01	2.23	0.85
19760221	2.48	3.65	0.82
19760222	16.65	6.3	0.81
19760223	0.75	5.65	2.11
19760224	1.88	6.02	1.65
19760225	1.42	8.48	1.57
19760226	0.6	7.87	1.51
19760227	0.17	7.17	1.41
19760228	0.45	5.88	1.32
19760229	2.24	4.51	1.26
19760301	0.18	3.52	1.12
19760302	0.02	3.04	1.02
19760303	0.01	3.67	0.97
19760304	0.01	4.32	0.94
19760305	0.0	3.77	0.9
19760306	0.16	0.91	0.84
19760307	0.08	0.14	0.82
19760308	0.02	-0.02	0.78
19760309	3.2	1.8	0.74
19760310	8.22	3.86	0.83
19760311	9.58	2.55	1.23
19760312	5.32	1.54	1.27
19760313	0.74	0.68	1.44
19760314	3.56	1.15	1.22
19760315	11.79	1.48	1.89
19760316	11.88	0.79	2.58
19760317	0.17	0.0	2.44
19760318	0.0	2.26	1.99
19760319	0.32	1.04	1.69
19760320	33.42	3.38	2.08
19760321	25.05	1.27	12.2
19760322	2.36	-0.2	6.78
19760323	1.76	0.24	4.04
19760324	10.9	3.77	7.03
19760325	5.34	3.35	6.14
19760326	11.99	3.62	5.77
19760327	0.25	7.61	8.43
19760328	11.2	5.29	6.67
19760329	3.46	3.2	5.78
19760330	11.18	4.87	4.25
19760331	4.13	3.39	6.43
19760401	18.82	2.05	4.56
19760402	1.43	0.24	4.58
19760403	9.88	3.78	4.09
19760404	2.72	5.82	7.41
19760405	0.1	6.94	6.08
19760406	0.5	4.07	3.74
19760407	0.36	3.64	2.76
19760408	0.05	6.21	2.3
19760409	0.0	8.36	1.95
19760410	16.22	8.03	1.71
19760411	0.85	3.88	2.59
19760412	0.92	4.52	1.91
19760413	12.71	4.72	2.62
19760414	0.0	4.82	2.7
19760415	0.0	8.17	1.94
19760416	0.05	10.95	1.69
19760417	0.34	9.35	1.6
19760418	0.06	10.13	1.36
19760419	0.0	8.96	1.2
19760420	0.0	8.29	1.1
19760421	0.0	5.33	1.07
19760422	0.01	2.91	1.03
19760423	0.0	7.34	1.01
19760424	0.0	5.85	0.96
19760425	0.01	6.8	0.89
19760426	0.0	6.27	0.86
19760427	0.0	2.24	0.87
19760428	0.0	6.71	0.85
19760429	0.27	7.0	0.8
19760430	2.35	7.74	0.8
19760501	5.87	6.26	0.84
19760502	3.76	6.14	0.86
19760503	0.81	5.94	0.84
19760504	0.11	6.7	0.72
19760505	0.0	6.11	0.78
19760506	4.53	9.89	0.78
19760507	0.14	10.08	0.86
19760508	0.0	11.19	0.8
19760509	0.38	8.51	0.75
19760510	1.87	7.86	0.75
19760511	6.69	6.62	0.82
19760512	4.75	5.55	1.04
19760513	1.1	8.52	0.85
19760514	2.34	10.15	0.82
19760515	11.94	6.98	1.15
19760516	32.37	9.27	1.93
19760517	1.48	9.27	6.52
19760518	2.33	9.22	2.79
19760519	16.26	7.28	3.64
19760520	12.01	6.94	6.7
19760521	22.6	10.43	6.18
19760522	2.79	11.82	10.1
19760523	0.04	13.73	5.62
19760524	10.44	12.42	3.66
19760525	4.07	8.68	4.84
19760526	0.03	8.71	3.43
19760527	0.49	11.84	2.64
19760528	17.78	8.45	2.52
19760529	8.4	7.77	5.66
19760530	9.68	9.65	7.49
19760531	3.8	10.98	5.68
19760601	9.92	9.6	5.18
19760602	1.71	9.78	5.02
19760603	0.09	10.38	3.5
19760604	0.57	13.4	2.7
19760605	0.58	13.23	2.31
19760606	0.2	12.8	2.01
19760607	0.01	15.21	1.53
19760608	0.02	18.22	1.33
19760609	0.52	14.78	1.16
19760610	1.8	10.94	1.1
19760611	20.98	11.78	1.31
19760612	0.47	11.15	2.78
19760613	0.31	12.12	1.64
19760614	0.14	10.86	1.32
19760615	1.05	11.76	1.05
19760616	16.93	9.85	1.22
19760617	3.03	10.95	1.8
19760618	1.99	9.47	1.69
19760619	5.51	9.88	1.63
19760620	0.05	9.71	1.46
19760621	1.53	13.95	1.14
19760622	0.5	15.29	1.1
19760623	0.38	16.74	1.05
19760624	0.3	15.67	1.02
19760625	0.0	15.95	0.99
19760626	0.0	13.92	0.84
19760627	0.0	17.0	0.76
19760628	0.0	17.45	0.63
19760629	3.37	18.16	0.63
19760630	0.12	15.56	0.67
19760701	0.0	19.48	0.62
19760702	0.01	19.16	0.56
19760703	0.0	19.43	0.57
19760704	1.2	16.93	0.58
19760705	0.0	17.82	0.54
19760706	0.0	17.32	0.57
19760707	0.0	16.24	0.49
19760708	0.0	18.13	0.54
19760709	10.61	14.63	0.72
19760710	0.33	15.13	0.64
19760711	0.0	17.46	0.51
19760712	5.91	16.95	0.57
19760713	9.22	14.36	0.8
19760714	1.7	14.09	0.7
19760715	14.57	12.05	1.28
19760716	0.01	13.72	0.9
19760717	0.02	12.05	0.63
19760718	20.7	15.21	0.73
19760719	0.06	12.29	1.61
19760720	0.35	11.72	0.76
19760721	0.0	11.59	0.59
19760722	0.02	12.84	0.54
19760723	4.87	13.48	0.62
19760724	0.0	14.22	0.64
19760725	0.0	15.16	0.5
19760726	0.02	15.47	0.45
19760727	0.0	12.91	0.49
19760728	0.02	13.87	0.49
19760729	0.0	12.06	0.54
19760730	1.69	8.79	0.58
19760731	0.09	10.9	0.6
19760801	0.07	12.57	0.56
19760802	0.62	12.04	0.52
19760803	0.05	11.38	0.49
19760804	0.0	12.87	0.48
19760805	0.1	14.17	0.43
19760806	0.0	12.5	0.46
19760807	0.0	14.82	0.52
19760808	0.0	15.0	0.49
19760809	0.0	15.45	0.48
19760810	0.0	14.32	0.44
19760811	0.46	14.99	0.51
19760812	6.54	10.59	0.73
19760813	0.13	12.76	0.67
19760814	1.39	13.39	0.61
19760815	0.0	14.48	0.5
19760816	0.0	16.75	0.45
19760817	0.0	13.57	0.46
19760818	0.0	13.67	0.42
19760819	0.0	15.28	0.4
19760820	0.0	15.48	0.38
19760821	0.0	16.02	0.33
19760822	0.0	13.83	0.36
19760823	0.0	14.85	0.4
19760824	0.0	14.61	0.42
19760825	0.0	17.56	0.42
19760826	0.0	14.51	0.41
19760827	0.0	14.08	0.39
19760828	1.42	14.09	0.39
19760829	0.77	12.16	0.38
19760830	0.0	13.04	0.41
19760831	0.0	14.31	0.4
19760901	0.0	10.06	0.36
19760902	0.0	8.13	0.35
19760903	0.0	12.49	0.36
19760904	0.0	10.79	0.35
19760905	0.0	13.82	0.29
19760906	0.0	13.69	0.31
19760907	0.03	12.38	0.33
19760908	10.97	9.32	0.48
19760909	0.09	4.84	0.52
19760910	0.01	6.97	0.39
19760911	0.01	7.74	0.32
19760912	2.06	7.68	0.29
19760913	9.23	8.85	0.47
19760914	0.34	7.67	0.61
19760915	0.01	7.32	0.41
19760916	1.37	7.91	0.35
19760917	0.01	11.19	0.4
19760918	0.0	10.28	0.36
19760919	1.9	13.14	0.32
19760920	8.9	14.12	0.35
19760921	29.13	12.28	1.11
19760922	1.52	11.73	1.55
19760923	0.81	11.98	0.58
19760924	0.12	11.04	0.3
19760925	22.68	11.11	0.26
19760926	6.86	10.86	2.66
19760927	4.75	10.43	1.3
19760928	5.67	11.79	1.21
19760929	7.71	11.76	0.95
19760930	5.25	11.85	0.99
19761001	7.74	11.05	1.21
19761002	6.74	10.6	1.94
19761003	6.55	7.66	2.61
19761004	0.08	5.67	2.17
19761005	11.84	8.81	1.88
19761006	7.04	9.05	2.46
19761007	3.99	7.98	2.34
19761008	0.49	7.63	2.04
19761009	0.98	9.64	1.57
19761010	9.1	11.29	1.34
19761011	12.36	11.66	3.17
19761012	3.08	6.07	3.42
19761013	7.6	6.18	2.55
19761014	31.15	7.52	6.83
19761015	14.11	7.42	12.1
19761016	0.27	6.35	7.29
19761017	9.53	8.12	4.08
19761018	0.42	7.45	3.93
19761019	13.31	8.33	3.05
19761020	8.69	8.12	4.29
19761021	4.93	6.57	4.95
19761022	8.99	6.81	3.71
19761023	11.27	7.51	5.8
19761024	0.06	5.22	4.62
19761025	9.79	5.06	3.75
19761026	0.08	5.52	3.61
19761027	8.33	7.61	2.91
19761028	1.46	7.19	2.97
19761029	1.18	4.98	2.37
19761030	0.07	3.12	2.04
19761031	9.38	3.91	1.77
19761101	3.59	4.5	2.51
19761102	0.59	3.19	2.14
19761103	3.94	6.03	1.84
19761104	10.23	5.72	2.38
19761105	7.33	3.88	3.19
19761106	8.89	4.37	4.26
19761107	2.72	5.38	3.84
19761108	1.52	5.68	2.91
19761109	0.22	2.31	2.71
19761110	0.41	2.7	2.15
19761111	0.02	1.76	1.73
19761112	0.0	1.43	1.39
19761113	0.0	1.13	1.1
19761114	1.52	1.9	0.91
19761115	8.77	5.79	1.43
19761116	0.04	2.9	1.81
19761117	12.63	1.5	1.83
19761118	0.09	4.01	2.59
19761119	0.08	2.52	1.88
19761120	0.15	3.03	1.54
19761121	0.1	4.4	1.3
19761122	0.21	1.2	1.13
19761123	0.03	3.94	1.01
19761124	0.09	7.92	0.95
19761125	2.26	7.08	0.87
19761126	26.63	4.88	3.88
19761127	20.61	5.71	5.8
19761128	10.64	3.46	8.06
19761129	4.33	1.28	6.63
19761130	0.19	-0.11	4.39
19761201	3.62	-2.1	2.88
19761202	0.04	-5.31	2.23
19761203	8.37	-4.43	1.78
19761204	0.45	-1.67	1.5
19761205	3.57	-1.2	1.2
19761206	20.56	0.73	1.37
19761207	1.25	-0.79	1.73
19761208	0.06	-0.05	1.4
19761209	0.03	-1.09	1.11
19761210	0.02	-2.11	1.19
19761211	4.96	0.24	1.13
19761212	1.86	1.53	1.47
19761213	0.37	0.79	1.82
19761214	2.76	0.77	1.72
19761215	2.1	0.12	2.08
19761216	7.92	-0.64	2.03
19761217	2.27	-0.8	1.94
19761218	0.21	-0.94	1.6
19761219	18.11	0.1	1.52
19761220	11.1	1.82	4.58
19761221	5.75	2.46	6.03
19761222	8.67	1.96	5.81
19761223	0.76	3.23	8.01
19761224	0.01	0.53	7.33
19761225	0.0	-1.24	4.51
19761226	0.05	-0.2	3.22
19761227	0.33	-0.68	2.63
19761228	2.8	-1.68	2.07
19761229	1.9	0.94	1.88
19761230	9.17	0.1	1.75
19761231	0.01	-1.23	1.61
19770101	0.0	-3.35	1.3
19770102	0.0	-3.5	1.07
19770103	3.55	0.43	1.19
19770104	7.6	6.62	3.16
19770105	0.67	4.23	7.37
19770106	0.1	4.35	5.22
19770107	0.07	4.75	2.68
19770108	0.45	3.71	2.21
19770109	5.4	0.51	2.01
19770110	0.1	-2.64	1.7
19770111	0.01	-4.98	1.4
19770112	0.0	-6.16	1.17
19770113	14.91	-2.47	1.14
19770114	14.4	-0.2	1.7
19770115	0.33	-0.14	1.65
19770116	0.01	-3.42	1.27
19770117	0.02	-4.03	1.06
19770118	14.94	-0.36	1.01
19770119	16.18	0.99	1.14
19770120	5.99	1.99	3.36
19770121	0.65	3.13	6.26
19770122	0.77	3.16	7.42
19770123	0.17	2.54	4.65
19770124	2.77	3.42	5.59
19770125	11.83	2.55	7.31
19770126	0.92	2.58	6.74
19770127	0.01	-0.93	4.17
19770128	0.08	-3.54	2.72
19770129	0.93	-2.59	2.06
19770130	6.56	-2.61	1.79
19770131	0.25	-2.93	1.45
19770201	9.79	-0.04	1.36
19770202	16.38	3.75	2.85
19770203	7.32	3.08	8.9
19770204	9.32	2.49	6.83
19770205	1.09	2.18	4.99
19770206	11.22	2.5	4.05
19770207	0.37	1.52	6.05
19770208	0.16	1.67	4.18
19770209	45.26	2.28	7.32
19770210	18.52	0.87	15.13
19770211	3.87	-1.17	10.0
19770212	1.82	-1.63	5.46
19770213	2.19	1.01	3.91
19770214	4.54	2.7	3.74
19770215	0.94	2.78	4.12
19770216	0.48	1.71	3.59
19770217	13.84	1.28	3.88
19770218	4.03	2.01	5.73
19770219	0.62	2.21	4.76
19770220	1.9	1.31	3.69
19770221	12.72	1.75	3.38
19770222	9.14	1.32	6.93
19770223	0.75	0.96	5.4
19770224	0.53	-0.15	3.8
19770225	0.0	-1.63	3.22
19770226	0.53	0.45	2.38
19770227	0.04	-1.13	2.08
19770228	0.05	0.2	1.83
19770301	2.35	3.86	1.78
19770302	15.47	7.4	5.04
19770303	1.76	4.67	7.92
19770304	1.44	4.64	4.51
19770305	0.13	5.25	3.29
19770306	0.01	4.27	2.56
19770307	0.65	5.78	2.33
19770308	0.14	7.6	2.17
19770309	2.09	6.34	2.05
19770310	1.92	5.4	1.88
19770311	3.81	4.74	1.86
19770312	1.22	3.65	1.58
19770313	4.13	5.46	1.39
19770314	2.9	4.48	1.61
19770315	5.33	5.81	1.52
19770316	3.08	6.01	1.62
19770317	10.33	5.44	2.58
19770318	4.33	5.56	3.42
19770319	0.62	5.61	2.96
19770320	1.99	3.28	2.38
19770321	0.15	2.33	2.06
19770322	2.52	2.42	1.85
19770323	2.14	2.75	1.75
19770324	0.67	2.78	1.66
19770325	1.72	5.08	1.49
19770326	2.82	1.3	1.44
19770327	0.03	-0.53	1.41
19770328	0.02	0.47	1.24
19770329	0.02	3.41	1.15
19770330	11.1	3.12	1.16
19770331	5.66	6.68	1.7
19770401	1.47	4.48	1.62
19770402	2.93	3.5	1.49
19770403	0.01	1.2	1.3
19770404	0.01	5.27	1.19
19770405	0.8	5.29	1.14
19770406	0.26	2.0	1.07
19770407	0.0	0.51	0.92
19770408	0.0	0.78	0.89
19770409	0.41	3.99	0.86
19770410	0.78	3.91	0.84
19770411	1.09	6.28	0.81
19770412	3.03	5.01	0.8
19770413	0.96	3.35	0.81
19770414	0.0	2.97	0.73
19770415	1.42	6.46	0.72
19770416	1.4	4.06	0.75
19770417	0.03	2.42	0.7
19770418	0.0	3.18	0.67
19770419	3.23	6.83	0.69
19770420	4.14	9.12	0.75
19770421	11.24	9.43	0.85
19770422	14.21	6.34	2.75
19770423	1.1	4.94	2.68
19770424	6.08	5.4	1.79
19770425	5.85	7.18	2.45
19770426	2.22	5.56	1.94
19770427	20.45	4.69	1.98
19770428	0.72	4.25	3.45
19770429	1.13	5.6	2.72
19770430	0.46	5.4	2.07
19770501	0.35	6.77	1.7
19770502	4.14	3.93	1.67
19770503	7.69	6.0	1.87
19770504	0.09	6.92	1.81
19770505	0.09	8.44	1.59
19770506	4.3	6.26	1.55
19770507	1.43	5.96	1.68
19770508	0.07	5.53	1.44
19770509	0.88	7.14	1.36
19770510	1.48	8.91	1.32
19770511	11.5	7.74	1.72
19770512	11.41	4.66	2.52
19770513	2.01	4.06	2.78
19770514	0.7	3.6	2.33
19770515	0.93	4.93	2.04
19770516	2.79	5.02	1.93
19770517	0.03	4.75	1.73
19770518	0.01	8.13	1.53
19770519	0.01	6.42	1.42
19770520	0.0	7.46	1.32
19770521	0.0	9.35	1.25
19770522	0.0	14.07	1.18
19770523	0.01	12.18	1.14
19770524	0.05	11.07	1.12
19770525	0.01	10.6	1.09
19770526	0.0	9.08	1.06
19770527	0.0	12.6	1.04
19770528	0.0	15.37	1.01
19770529	0.0	6.83	0.98
19770530	0.0	6.49	1.0
19770531	0.0	10.69	0.98
19770601	0.0	12.12	0.96
19770602	0.0	15.14	0.95
19770603	0.0	15.56	0.93
19770604	1.42	11.46	0.92
19770605	2.94	8.11	0.91
19770606	26.82	4.74	1.21
19770607	7.26	6.34	1.19
19770608	10.61	8.99	1.19
19770609	0.83	8.2	1.17
19770610	3.12	6.98	1.05
19770611	1.49	6.32	1.03
19770612	10.16	9.37	1.02
19770613	7.47	7.83	1.34
19770614	0.04	10.9	1.17
19770615	0.02	9.15	1.05
19770616	0.01	9.89	1.0
19770617	0.0	9.92	0.96
19770618	0.0	12.46	0.95
19770619	0.0	10.42	0.94
19770620	0.0	9.39	0.93
19770621	0.0	11.52	0.91
19770622	0.0	13.9	0.91
19770623	0.03	14.02	0.92
19770624	0.31	15.33	0.95
19770625	2.24	12.18	0.94
19770626	0.01	10.74	0.96
19770627	0.04	10.89	0.95
19770628	5.77	10.59	0.99
19770629	1.05	12.76	1.01
19770630	0.19	10.74	1.0
19770701	0.15	14.43	0.92
19770702	0.34	14.1	0.84
19770703	0.0	16.07	0.75
19770704	0.0	17.96	0.64
19770705	0.0	15.96	0.59
19770706	0.0	17.0	0.53
19770707	0.0	18.45	0.46
19770708	0.0	16.31	0.43
19770709	0.0	13.11	0.45
19770710	0.0	14.04	0.44
19770711	0.0	14.61	0.44
19770712	0.12	12.27	0.47
19770713	0.39	10.39	0.51
19770714	0.0	10.38	0.5
19770715	5.12	13.93	0.51
19770716	1.19	11.59	0.56
19770717	24.38	12.13	0.75
19770718	1.12	11.91	0.86
19770719	0.94	11.73	0.63
19770720	0.13	12.08	0.56
19770721	0.32	12.31	0.52
19770722	19.51	15.03	0.55
19770723	5.59	13.47	1.09
19770724	1.84	12.06	0.83
19770725	0.05	10.92	0.68
19770726	0.07	9.6	0.59
19770727	0.01	10.54	0.55
19770728	0.0	10.8	0.52
19770729	0.0	14.34	0.49
19770730	0.0	14.26	0.5
19770731	0.01	17.36	0.49
19770801	2.1	17.6	0.49
19770802	9.21	11.34	0.68
19770803	10.41	11.51	0.62
19770804	22.57	11.6	1.1
19770805	0.03	9.13	1.23
19770806	0.01	11.92	0.76
19770807	0.0	10.36	0.63
19770808	0.0	10.25	0.56
19770809	0.0	13.9	0.53
19770810	0.0	13.86	0.5
19770811	0.0	13.32	0.49
19770812	0.0	14.93	0.46
19770813	5.46	15.09	0.46
19770814	0.25	14.88	0.51
19770815	0.5	14.05	0.49
19770816	0.0	12.15	0.46
19770817	0.1	12.83	0.47
19770818	0.53	10.99	0.45
19770819	1.94	12.87	0.46
19770820	1.84	13.23	0.47
19770821	0.01	11.85	0.49
19770822	8.86	12.07	0.51
19770823	0.05	13.27	0.57
19770824	21.77	13.36	0.68
19770825	5.64	12.73	1.03
19770826	1.14	10.52	0.83
19770827	0.03	7.91	0.64
19770828	0.44	11.82	0.57
19770829	2.19	11.48	0.55
19770830	14.11	7.94	0.75
19770831	0.22	13.25	0.89
19770901	16.21	12.2	1.04
19770902	0.14	10.44	1.29
19770903	6.55	11.33	0.92
19770904	7.17	11.36	1.15
19770905	10.18	10.85	1.14
19770906	2.63	8.9	1.21
19770907	2.91	9.89	1.11
19770908	1.59	6.63	1.01
19770909	13.27	8.3	1.04
19770910	6.97	11.7	1.4
19770911	2.66	11.58	1.57
19770912	0.03	9.34	1.26
19770913	0.0	11.21	1.01
19770914	0.0	14.27	0.92
19770915	0.0	8.3	0.83
19770916	0.0	6.09	0.77
19770917	0.0	5.61	0.73
19770918	0.0	8.89	0.69
19770919	0.0	8.15	0.67
19770920	0.0	8.64	0.66
19770921	0.0	8.47	0.66
19770922	0.0	7.68	0.64
19770923	0.0	8.53	0.62
19770924	0.06	12.17	0.6
19770925	13.1	11.06	0.76
19770926	11.68	12.14	0.85
19770927	34.55	11.35	1.86
19770928	4.54	9.49	3.31
19770929	15.9	10.08	2.65
19770930	7.9	7.63	2.56
19771001	0.25	6.91	1.79
19771002	0.05	6.34	1.28
19771003	10.25	8.04	1.31
19771004	4.29	6.78	1.31
19771005	15.71	8.13	1.21
19771006	5.68	9.19	3.65
19771007	34.95	6.68	12.37
19771008	1.05	9.03	11.48
19771009	6.56	6.87	5.72
19771010	0.1	6.36	3.78
19771011	1.69	8.46	2.76
19771012	0.38	9.33	2.22
19771013	0.01	8.88	1.8
19771014	0.02	10.2	1.54
19771015	0.0	10.33	1.39
19771016	0.1	9.85	1.26
19771017	0.03	8.9	1.17
19771018	0.23	9.49	1.14
19771019	0.59	12.69	1.09
19771020	7.13	12.88	1.1
19771021	3.58	13.08	1.22
19771022	10.76	10.76	1.28
19771023	7.39	10.09	1.97
19771024	0.51	10.76	1.91
19771025	1.46	10.32	1.56
19771026	2.64	10.39	1.44
19771027	0.81	7.89	1.39
19771028	1.17	10.59	1.28
19771029	12.86	10.27	1.24
19771030	46.07	9.33	5.53
19771031	1.86	5.47	13.62
19771101	5.64	6.23	5.51
19771102	8.19	5.51	3.71
19771103	8.34	4.98	4.6
19771104	9.23	4.43	3.68
19771105	13.61	6.92	5.33
19771106	19.31	8.0	5.5
19771107	11.98	5.6	10.74
19771108	20.93	5.31	13.55
19771109	18.58	7.61	13.2
19771110	7.83	9.61	14.46
19771111	8.53	4.99	11.52
19771112	0.11	1.67	9.03
19771113	1.6	4.48	5.55
19771114	6.12	3.01	4.33
19771115	1.78	2.43	3.17
19771116	5.38	-0.07	2.69
19771117	0.11	0.66	2.41
19771118	0.18	2.68	2.0
19771119	4.43	3.45	2.1
19771120	1.25	-1.17	1.97
19771121	0.01	1.53	1.68
19771122	3.16	4.21	1.56
19771123	7.34	3.01	2.28
19771124	0.03	1.37	2.0
19771125	0.0	0.64	1.59
19771126	0.0	-1.55	1.44
19771127	0.0	-3.01	1.31
19771128	0.01	-3.34	1.21
19771129	0.0	-2.11	1.16
19771130	0.01	-2.74	1.09
19771201	0.65	-0.56	1.04
19771202	0.01	-1.23	1.0
19771203	0.01	0.15	0.94
19771204	0.02	2.33	0.91
19771205	0.07	3.11	0.89
19771206	2.42	1.91	0.9
19771207	4.42	1.43	0.96
19771208	2.69	2.61	1.03
19771209	5.49	4.49	1.07
19771210	8.99	5.79	1.24
19771211	15.65	5.52	2.9
19771212	0.91	6.02	3.6
19771213	3.35	7.55	2.69
19771214	3.26	6.44	2.65
19771215	0.19	4.58	2.6
19771216	0.19	5.67	2.14
19771217	1.86	3.93	1.86
19771218	0.37	3.82	1.68
19771219	0.01	4.51	1.46
19771220	0.05	2.65	1.25
19771221	2.58	2.48	1.43
19771222	16.0	6.22	1.77
19771223	8.75	7.03	4.15
19771224	0.94	5.35	3.95
19771225	2.98	5.61	2.73
19771226	2.53	2.63	2.5
19771227	0.01	1.21	2.17
19771228	0.32	2.84	1.83
19771229	0.17	3.31	1.64
19771230	0.01	1.51	1.48
19771231	0.46	4.62	1.32
19780101	1.05	3.47	1.29
19780102	23.48	0.93	1.44
19780103	0.01	-4.42	1.77
19780104	8.13	-1.65	1.31
19780105	1.45	5.99	4.78
19780106	1.87	6.09	3.85
19780107	0.25	4.55	2.64
19780108	11.92	4.06	2.18
19780109	15.5	0.17	3.52
19780110	5.0	-1.05	2.78
19780111	0.06	-2.09	2.11
19780112	1.94	0.14	1.84
19780113	0.03	3.42	2.61
19780114	0.11	2.07	2.41
19780115	0.27	1.42	2.03
19780116	0.13	-1.97	1.87
19780117	0.0	-3.83	1.59
19780118	8.0	-3.34	1.44
19780119	3.51	-1.97	1.41
19780120	0.04	-1.86	1.31
19780121	7.3	1.46	1.38
19780122	3.81	0.64	2.18
19780123	14.63	0.97	3.06
19780124	0.02	1.84	3.01
19780125	0.05	-0.85	1.92
19780126	1.23	-2.91	1.54
19780127	24.73	-1.56	1.74
19780128	12.66	0.62	3.93
19780129	0.1	-1.54	2.86
19780130	9.17	-4.16	2.35
19780131	6.98	-1.68	2.0
19780201	18.84	0.2	2.19
19780202	0.96	-0.69	2.35
19780203	11.72	-0.0	1.93
19780204	8.43	1.35	3.12
19780205	7.26	0.74	3.43
19780206	0.65	0.27	3.61
19780207	0.15	0.5	3.02
19780208	2.42	-2.71	2.64
19780209	0.1	-5.24	2.04
19780210	4.64	-5.02	1.6
19780211	5.83	-5.65	1.41
19780212	0.67	-4.49	1.36
19780213	3.16	-1.33	1.28
19780214	0.01	-5.78	1.16
19780215	0.0	-6.61	1.02
19780216	0.01	-6.0	1.01
19780217	0.01	-5.9	0.95
19780218	0.01	-4.45	0.97
19780219	0.12	-4.43	0.92
19780220	5.28	-2.98	0.89
19780221	0.69	-1.41	0.97
19780222	22.82	1.45	1.75
19780223	9.68	2.91	6.85
19780224	9.41	4.31	13.8
19780225	12.18	3.97	14.84
19780226	2.8	2.6	14.63
19780227	3.86	4.06	11.6
19780228	0.45	5.48	7.67
19780301	3.57	5.25	9.48
19780302	1.19	4.64	9.39
19780303	2.92	3.96	4.72
19780304	0.0	1.48	3.44
19780305	0.0	2.83	3.81
19780306	5.34	4.51	4.1
19780307	12.59	6.49	3.46
19780308	0.04	4.52	5.55
19780309	1.14	5.6	3.53
19780310	1.07	8.84	3.03
19780311	5.63	6.27	3.45
19780312	2.95	3.85	3.57
19780313	17.58	4.23	3.16
19780314	7.82	5.46	5.64
19780315	5.27	2.69	6.64
19780316	0.88	0.93	4.98
19780317	0.03	1.29	3.17
19780318	0.19	2.99	2.77
19780319	21.38	2.65	3.17
19780320	0.86	1.62	4.13
19780321	4.12	3.09	3.89
19780322	9.74	3.34	4.59
19780323	4.05	3.22	3.67
19780324	11.92	4.34	3.14
19780325	2.91	2.03	4.43
19780326	10.36	3.72	5.77
19780327	5.02	4.96	4.74
19780328	7.03	5.26	5.93
19780329	20.45	5.02	5.03
19780330	0.24	3.76	5.77
19780331	5.63	5.16	5.51
19780401	6.94	4.83	6.24
19780402	1.86	4.53	4.86
19780403	0.26	3.04	3.75
19780404	0.01	5.84	2.8
19780405	0.0	4.01	2.64
19780406	0.0	1.95	2.46
19780407	0.0	5.13	2.25
19780408	0.0	5.37	1.93
19780409	0.33	0.59	1.73
19780410	0.57	-1.48	1.59
19780411	0.39	0.26	1.49
19780412	0.78	2.13	1.42
19780413	3.56	0.21	1.41
19780414	0.08	2.14	1.32
19780415	0.02	4.72	1.84
19780416	0.0	4.77	2.0
19780417	0.0	6.73	1.88
19780418	0.0	6.72	1.27
19780419	1.69	7.42	1.01
19780420	2.22	6.13	1.01
19780421	0.03	6.75	0.95
19780422	0.0	8.03	0.9
19780423	0.0	7.06	0.83
19780424	0.3	3.05	0.75
19780425	0.36	2.26	0.74
19780426	4.73	3.37	0.72
19780427	27.93	2.21	1.04
19780428	8.11	3.26	2.66
19780429	3.91	3.43	2.5
19780430	0.34	4.04	2.39
19780501	0.0	4.79	1.72
19780502	0.0	5.36	1.33
19780503	0.41	6.19	1.21
19780504	0.65	8.06	1.26
19780505	0.24	5.91	0.98
19780506	0.05	7.24	0.77
19780507	0.0	7.65	0.75
19780508	0.0	6.35	0.7
19780509	0.0	10.43	0.68
19780510	1.18	12.39	0.82
19780511	0.85	8.0	0.96
19780512	0.37	7.57	0.83
19780513	2.38	6.91	0.68
19780514	1.98	7.18	0.73
19780515	0.01	6.12	0.68
19780516	0.02	8.54	0.65
19780517	0.0	11.47	0.6
19780518	0.0	9.55	0.58
19780519	0.0	9.69	0.56
19780520	0.0	8.84	0.57
19780521	1.55	11.52	0.61
19780522	12.66	9.82	0.67
19780523	0.97	11.19	0.79
19780524	0.12	10.83	0.61
19780525	0.0	14.47	0.67
19780526	0.02	14.56	0.81
19780527	0.0	15.69	0.56
19780528	0.0	15.64	0.64
19780529	0.0	16.95	0.67
19780530	0.0	15.72	0.5
19780531	0.02	16.08	0.5
19780601	0.22	16.47	0.48
19780602	0.0	14.8	0.46
19780603	0.05	15.51	0.44
19780604	7.21	16.13	0.5
19780605	1.69	14.39	0.56
19780606	1.95	12.8	0.53
19780607	0.03	9.13	0.52
19780608	0.0	9.14	0.52
19780609	0.0	9.03	0.52
19780610	0.01	11.33	0.51
19780611	0.01	10.7	0.53
19780612	0.0	7.61	0.5
19780613	0.0	7.58	0.43
19780614	0.0	10.18	0.45
19780615	0.44	9.69	0.47
19780616	0.0	9.63	0.46
19780617	0.0	10.32	0.43
19780618	0.01	13.95	0.42
19780619	0.01	9.61	0.43
19780620	2.02	10.85	0.44
19780621	13.45	9.47	0.63
19780622	13.16	8.86	0.86
19780623	8.07	8.89	1.21
19780624	0.59	10.88	1.01
19780625	0.1	10.68	0.68
19780626	0.02	10.46	0.53
19780627	3.21	11.98	0.53
19780628	0.14	11.19	0.55
19780629	1.48	11.47	0.52
19780630	0.91	12.02	0.51
19780701	1.0	11.87	0.5
19780702	0.05	9.92	0.52
19780703	25.21	9.44	0.64
19780704	4.46	8.87	1.74
19780705	0.02	9.59	0.94
19780706	0.24	10.0	0.63
19780707	0.01	10.17	0.55
19780708	0.0	11.61	0.49
19780709	0.0	13.79	0.49
19780710	0.0	12.67	0.48
19780711	0.01	11.65	0.46
19780712	0.0	11.58	0.45
19780713	0.0	13.72	0.44
19780714	0.0	12.35	0.43
19780715	0.0	12.21	0.39
19780716	0.0	12.97	0.37
19780717	0.11	12.5	0.36
19780718	0.17	13.54	0.35
19780719	0.0	11.04	0.33
19780720	6.76	9.07	0.47
19780721	1.74	12.98	0.48
19780722	18.18	13.02	0.48
19780723	3.2	12.31	0.72
19780724	0.59	11.45	0.59
19780725	25.41	12.16	0.55
19780726	4.51	13.83	2.09
19780727	18.44	14.18	2.19
19780728	0.08	13.17	1.69
19780729	0.03	14.64	0.98
19780730	0.41	12.78	0.73
19780731	0.88	14.49	0.6
19780801	5.1	12.61	0.59
19780802	14.81	12.88	0.68
19780803	0.56	12.64	1.39
19780804	0.75	12.91	0.89
19780805	0.91	14.05	0.62
19780806	6.03	11.38	0.62
19780807	0.41	11.31	0.59
19780808	2.99	11.97	0.6
19780809	0.09	10.76	0.63
19780810	0.01	11.97	0.54
19780811	6.47	12.98	0.48
19780812	11.3	11.32	1.13
19780813	4.08	13.5	1.45
19780814	17.83	13.12	2.74
19780815	6.2	12.51	3.68
19780816	2.85	12.25	2.5
19780817	0.02	12.7	1.7
19780818	0.8	14.45	1.28
19780819	4.78	13.95	1.15
19780820	4.83	15.63	1.03
19780821	24.9	12.28	5.56
19780822	0.0	12.38	4.15
19780823	0.0	12.73	2.09
19780824	0.0	11.76	1.5
19780825	0.0	11.35	1.17
19780826	0.0	14.48	0.97
19780827	0.0	12.89	0.85
19780828	0.41	13.31	0.79
19780829	2.4	10.24	0.79
19780830	11.21	9.69	0.69
19780831	1.01	9.96	0.94
19780901	0.01	9.94	0.71
19780902	1.53	11.32	0.6
19780903	0.27	10.43	0.6
19780904	0.0	11.22	0.57
19780905	10.65	9.48	0.68
19780906	3.82	11.48	0.84
19780907	0.39	12.37	0.78
19780908	9.2	12.55	0.84
19780909	22.67	13.27	2.93
19780910	4.71	11.78	5.03
19780911	0.73	10.74	2.57
19780912	5.68	11.53	1.89
19780913	2.45	11.07	2.18
19780914	14.8	10.9	1.92
19780915	2.47	12.14	2.91
19780916	0.77	10.73	2.06
19780917	0.04	9.89	1.59
19780918	0.02	10.65	1.33
19780919	0.08	10.4	1.18
19780920	0.03	13.8	1.07
19780921	2.4	14.32	1.0
19780922	0.09	14.1	0.97
19780923	2.49	13.41	0.85
19780924	2.55	9.78	0.87
19780925	6.49	9.43	0.93
19780926	0.47	8.06	1.0
19780927	9.01	9.22	0.91
19780928	17.65	8.72	3.48
19780929	6.95	8.77	3.26
19780930	1.09	8.27	2.29
19781001	2.22	10.04	1.71
19781002	1.88	8.79	1.64
19781003	0.65	7.98	1.51
19781004	4.67	9.72	1.39
19781005	2.43	12.77	2.25
19781006	0.0	12.26	1.91
19781007	0.02	10.12	1.52
19781008	3.37	12.4	1.4
19781009	0.63	10.54	1.3
19781010	0.86	10.65	1.15
19781011	0.2	13.6	1.07
19781012	0.01	11.71	1.0
19781013	0.0	10.38	0.93
19781014	1.0	8.67	0.88
19781015	4.64	6.9	0.96
19781016	0.18	5.18	0.98
19781017	0.0	6.23	0.82
19781018	0.01	8.64	0.79
19781019	1.21	7.83	0.8
19781020	0.17	4.97	0.76
19781021	0.44	7.62	0.81
19781022	0.01	7.54	0.76
19781023	2.72	10.06	0.74
19781024	0.03	8.58	0.88
19781025	2.92	9.29	0.71
19781026	0.04	10.47	0.66
19781027	0.0	10.65	0.72
19781028	0.11	11.05	0.68
19781029	0.48	10.88	0.67
19781030	3.72	10.42	0.71
19781031	0.45	4.32	0.79
19781101	12.37	6.49	0.74
19781102	5.01	9.25	1.52
19781103	11.57	8.67	1.76
19781104	7.95	12.1	2.54
19781105	0.03	10.75	2.33
19781106	0.0	9.16	1.72
19781107	2.75	9.6	1.44
19781108	0.0	8.85	1.29
19781109	0.01	10.02	1.15
19781110	2.26	8.29	1.08
19781111	0.06	8.58	1.02
19781112	15.02	6.18	1.25
19781113	29.37	7.08	3.02
19781114	41.36	8.28	8.83
19781115	11.89	6.27	23.09
19781116	5.45	5.83	9.36
19781117	5.95	9.31	5.72
19781118	0.6	7.4	3.99
19781119	4.84	3.5	2.96
19781120	12.46	5.18	3.35
19781121	2.45	8.68	3.13
19781122	11.46	6.44	3.98
19781123	0.32	3.8	3.25
19781124	0.54	1.1	2.44
19781125	0.0	-0.15	1.96
19781126	0.01	-1.06	1.61
19781127	0.01	-2.72	1.37
19781128	0.0	-2.0	1.19
19781129	9.2	0.11	1.15
19781130	1.22	-0.56	1.23
19781201	1.29	-1.34	1.12
19781202	4.69	0.5	1.11
19781203	11.4	2.71	1.54
19781204	13.79	2.53	5.19
19781205	0.04	2.99	4.52
19781206	0.02	2.47	2.89
19781207	10.64	4.03	2.97
19781208	13.26	3.85	4.49
19781209	1.98	4.44	5.19
19781210	2.99	7.82	3.54
19781211	0.5	7.97	3.03
19781212	4.34	5.87	2.55
19781213	0.66	3.02	2.39
19781214	1.06	3.74	2.04
19781215	0.58	1.88	1.86
19781216	0.01	-0.15	1.67
19781217	0.0	-1.61	1.53
19781218	0.31	0.34	1.44
19781219	0.0	-0.92	1.38
19781220	6.71	-1.68	1.33
19781221	7.18	1.74	1.6
19781222	3.87	2.04	2.38
19781223	2.39	0.68	2.07
19781224	35.56	1.86	5.21
19781225	9.65	2.55	12.96
19781226	7.49	3.29	8.67
19781227	20.1	1.58	8.89
19781228	13.21	-1.29	7.32
19781229	8.8	-3.78	4.34
19781230	13.99	-5.6	3.2
19781231	0.5	-8.75	2.62
19790101	0.01	-4.94	2.28
19790102	2.68	-3.37	1.97
19790103	0.18	-2.73	1.82
19790104	0.04	-5.08	1.63
19790105	5.18	-2.1	1.53
19790106	9.26	4.63	2.74
19790107	6.41	3.21	11.03
19790108	5.72	0.14	5.69
19790109	12.96	-0.9	3.7
19790110	1.07	-1.4	2.96
19790111	0.0	-4.3	2.36
19790112	0.0	-8.99	1.94
19790113	0.0	-8.51	1.7
19790114	7.54	-0.77	1.79
19790115	7.25	3.42	3.46
19790116	0.76	-0.17	7.18
19790117	0.38	-0.63	3.6
19790118	0.62	0.18	2.72
19790119	20.5	-0.09	2.93
19790120	5.69	0.68	3.95
19790121	0.08	-0.11	2.92
19790122	0.03	-1.59	2.24
19790123	0.01	-1.43	1.91
19790124	0.84	-1.18	1.74
19790125	0.05	-3.05	1.55
19790126	0.01	-2.81	1.41
19790127	0.0	-4.36	1.26
19790128	6.29	-2.01	1.27
19790129	0.31	-1.14	1.2
19790130	3.04	-0.52	1.12
19790131	2.24	0.14	1.64
19790201	0.0	-4.47	1.53
19790202	1.58	-1.08	1.26
19790203	0.0	-0.92	1.13
19790204	0.0	-3.26	1.06
19790205	0.0	-3.45	0.98
19790206	0.0	-3.57	0.99
19790207	0.0	-2.87	0.93
19790208	0.0	-2.62	1.12
19790209	0.01	-1.44	0.8
19790210	0.0	-0.16	0.76
19790211	0.02	0.18	0.75
19790212	0.01	1.11	0.8
19790213	0.33	-2.18	0.79
19790214	1.78	-5.72	0.6
19790215	0.68	-4.83	0.72
19790216	0.84	-3.17	0.79
19790217	0.66	-1.49	0.77
19790218	0.57	-0.6	0.75
19790219	0.02	0.17	0.72
19790220	0.02	2.02	0.75
19790221	2.36	0.43	0.76
19790222	0.76	2.23	0.85
19790223	0.01	1.29	0.87
19790224	0.02	1.87	0.85
19790225	3.97	3.98	0.9
19790226	12.84	5.13	5.68
19790227	3.01	1.54	7.95
19790228	0.27	0.79	2.89
19790301	17.26	3.97	3.46
19790302	10.79	6.16	8.98
19790303	8.51	2.27	9.66
19790304	5.67	3.31	5.32
19790305	6.71	4.87	5.45
19790306	5.9	1.92	8.76
19790307	1.27	2.4	4.44
19790308	14.27	2.21	5.19
19790309	2.86	-1.13	5.62
19790310	11.77	2.25	3.64
19790311	13.04	2.67	4.62
19790312	0.69	2.84	6.41
19790313	0.5	2.28	3.48
19790314	3.67	1.81	3.01
19790315	2.1	-0.23	3.2
19790316	1.94	-0.34	2.08
19790317	3.82	-1.91	1.88
19790318	0.74	-4.96	1.75
19790319	0.04	-2.14	1.64
19790320	5.68	-0.03	1.58
19790321	10.84	-2.29	1.58
19790322	0.03	-0.83	1.53
19790323	0.01	0.46	1.78
19790324	24.0	1.57	2.45
19790325	16.25	1.02	7.78
19790326	1.17	-0.72	4.82
19790327	0.17	0.8	3.29
19790328	0.42	2.42	3.06
19790329	0.07	1.12	2.91
19790330	0.41	4.07	2.87
19790331	1.22	4.83	3.25
19790401	3.18	1.15	3.09
19790402	0.14	1.03	2.51
19790403	4.44	1.43	2.21
19790404	3.84	1.6	2.01
19790405	0.47	1.56	1.91
19790406	3.06	1.96	1.76
19790407	9.08	1.86	2.21
19790408	0.05	2.61	2.33
19790409	7.21	2.68	2.16
19790410	17.41	4.13	5.04
19790411	5.19	5.73	6.42
19790412	4.92	6.8	6.38
19790413	0.76	4.62	5.97
19790414	5.62	7.29	3.85
19790415	0.02	6.47	3.29
19790416	0.0	5.28	2.63
19790417	0.01	5.03	2.28
19790418	0.1	8.91	2.1
19790419	1.52	6.44	2.06
19790420	2.35	7.14	1.84
19790421	0.54	6.05	1.78
19790422	7.96	5.35	1.73
19790423	11.01	5.5	2.6
19790424	0.32	5.92	2.19
19790425	0.37	5.55	1.75
19790426	0.0	3.94	1.55
19790427	0.36	7.21	1.47
19790428	0.11	10.1	1.37
19790429	0.18	4.7	1.39
19790430	0.04	2.18	1.24
19790501	0.1	1.87	1.21
19790502	0.06	2.68	1.11
19790503	0.06	1.19	0.85
19790504	0.59	2.23	0.79
19790505	2.43	3.71	0.79
19790506	2.77	4.7	0.77
19790507	0.51	3.09	0.76
19790508	0.9	5.98	0.75
19790509	0.13	4.32	0.73
19790510	6.53	7.53	0.74
19790511	0.22	10.31	0.78
19790512	0.5	11.81	0.75
19790513	0.02	13.82	0.76
19790514	1.83	10.85	0.75
19790515	0.54	10.22	0.75
19790516	21.26	6.47	0.83
19790517	5.8	6.99	1.31
19790518	2.21	4.19	1.1
19790519	0.01	7.11	1.01
19790520	3.6	10.33	0.92
19790521	0.93	8.13	0.95
19790522	3.08	6.91	0.94
19790523	6.19	6.9	1.07
19790524	4.17	5.9	1.06
19790525	1.02	6.8	1.0
19790526	0.38	8.13	0.94
19790527	3.89	8.35	0.91
19790528	13.18	9.32	1.07
19790529	0.39	10.74	1.15
19790530	2.72	10.75	0.97
19790531	0.08	8.15	0.95
19790601	0.0	10.96	0.9
19790602	0.0	11.81	0.83
19790603	0.17	14.22	0.79
19790604	1.85	13.88	0.81
19790605	0.12	10.29	0.78
19790606	2.68	11.36	0.75
19790607	12.26	10.12	0.87
19790608	2.03	9.46	0.94
19790609	0.05	9.92	0.81
19790610	0.0	13.47	0.73
19790611	0.08	14.77	0.69
19790612	11.63	14.8	1.0
19790613	0.25	12.18	0.99
19790614	1.03	8.39	0.91
19790615	0.02	10.66	0.77
19790616	0.0	10.9	0.68
19790617	0.0	13.34	0.64
19790618	0.0	16.38	0.64
19790619	0.0	18.19	0.6
19790620	0.31	16.9	0.6
19790621	4.77	10.32	0.66
19790622	3.14	11.14	0.7
19790623	5.31	10.63	0.72
19790624	5.23	10.21	0.76
19790625	0.06	10.67	0.75
19790626	0.01	8.76	0.64
19790627	4.91	14.25	0.71
19790628	0.26	11.01	0.57
19790629	0.03	8.88	0.57
19790630	0.01	9.5	0.53
19790701	0.0	10.85	0.5
19790702	0.0	11.93	0.5
19790703	0.0	14.11	0.47
19790704	0.0	14.91	0.69
19790705	0.41	13.65	1.22
19790706	1.08	14.99	0.79
19790707	0.32	11.91	0.4
19790708	8.83	11.84	0.53
19790709	0.06	10.76	0.47
19790710	0.0	10.31	0.4
19790711	0.0	12.37	0.39
19790712	3.76	16.57	0.4
19790713	0.04	12.28	0.48
19790714	0.1	10.66	0.49
19790715	5.47	12.2	0.51
19790716	2.4	13.19	0.58
19790717	3.67	12.77	0.65
19790718	1.17	11.1	0.56
19790719	1.85	9.66	0.52
19790720	0.66	9.78	0.51
19790721	0.25	11.07	0.46
19790722	0.0	12.98	0.44
19790723	0.07	12.97	0.47
19790724	0.87	14.37	0.49
19790725	4.56	14.21	0.56
19790726	1.57	14.65	0.5
19790727	0.17	16.69	0.48
19790728	18.37	15.15	0.92
19790729	0.07	15.35	0.78
19790730	15.32	13.63	0.68
19790731	0.74	12.42	0.93
19790801	0.12	11.74	0.6
19790802	0.01	13.46	0.52
19790803	2.56	13.01	0.51
19790804	0.32	11.41	0.55
19790805	17.44	12.88	0.67
19790806	37.04	11.93	3.67
19790807	0.51	11.8	2.47
19790808	0.95	10.38	1.22
19790809	0.02	11.02	0.9
19790810	1.21	11.84	0.77
19790811	1.93	14.02	0.71
19790812	30.07	15.41	2.2
19790813	27.63	13.61	4.12
19790814	7.13	12.91	6.93
19790815	3.37	11.61	2.91
19790816	10.75	11.72	2.6
19790817	4.78	11.63	2.79
19790818	0.18	13.19	2.21
19790819	0.56	14.29	1.7
19790820	8.21	10.22	1.77
19790821	0.85	9.94	1.55
19790822	3.31	9.88	1.31
19790823	3.67	9.96	1.25
19790824	0.02	9.83	1.1
19790825	0.04	8.48	0.95
19790826	0.33	8.73	0.86
19790827	0.0	9.95	0.8
19790828	0.0	12.95	0.78
19790829	0.0	10.9	0.76
19790830	0.0	13.91	0.72
19790831	13.43	13.43	0.91
19790901	13.51	13.6	1.89
19790902	4.12	11.04	2.37
19790903	0.08	12.33	1.92
19790904	0.65	13.75	1.88
19790905	1.29	14.98	1.87
19790906	0.95	14.06	1.98
19790907	0.32	11.81	1.98
19790908	2.89	10.85	1.96
19790909	0.01	11.49	1.88
19790910	3.09	13.98	1.81
19790911	0.74	10.39	1.72
19790912	4.25	10.62	1.82
19790913	1.35	9.36	1.36
19790914	0.0	5.73	0.86
19790915	0.02	8.52	0.74
19790916	8.53	12.3	0.82
19790917	11.84	12.06	1.57
19790918	0.01	10.03	1.6
19790919	7.7	9.89	1.47
19790920	2.54	7.12	1.5
19790921	0.17	3.68	1.17
19790922	5.11	7.61	0.96
19790923	0.0	7.36	1.08
19790924	16.27	10.28	1.03
19790925	9.94	10.5	2.74
19790926	1.4	8.19	2.5
19790927	0.1	8.31	2.0
19790928	0.0	6.89	1.6
19790929	0.0	7.8	1.37
19790930	0.0	10.15	1.22
19791001	0.6	10.73	1.12
19791002	0.38	11.17	1.06
19791003	25.53	10.2	1.09
19791004	14.69	10.74	6.02
19791005	0.44	6.62	4.16
19791006	3.19	9.5	2.59
19791007	4.65	12.19	2.38
19791008	2.89	14.14	2.04
19791009	1.84	12.99	1.87
19791010	4.36	10.62	1.82
19791011	12.49	10.64	2.34
19791012	0.16	10.58	2.96
19791013	13.44	9.13	2.26
19791014	0.61	9.32	3.34
19791015	1.84	6.24	2.44
19791016	0.45	6.71	2.07
19791017	9.23	6.94	2.35
19791018	11.88	9.25	2.61
19791019	3.44	8.6	3.51
19791020	0.19	5.48	2.73
19791021	0.0	6.05	2.24
19791022	0.01	6.67	1.91
19791023	0.0	6.85	1.7
19791024	0.1	7.89	1.56
19791025	4.82	8.48	1.51
19791026	0.19	5.82	1.49
19791027	3.32	4.48	1.31
19791028	4.76	3.57	1.88
19791029	10.91	5.35	1.66
19791030	32.47	8.92	10.44
19791031	5.49	5.83	7.41
19791101	7.5	3.92	5.41
19791102	41.06	8.3	5.57
19791103	18.31	9.26	27.78
19791104	4.07	5.15	12.8
19791105	1.63	3.62	5.76
19791106	0.01	2.56	3.79
19791107	1.78	1.59	2.95
19791108	2.07	1.57	2.53
19791109	0.03	-0.11	2.18
19791110	2.02	2.08	2.02
19791111	9.08	-0.91	2.71
19791112	0.14	-2.46	2.39
19791113	6.34	-2.53	2.12
19791114	4.11	0.39	2.14
19791115	3.96	1.22	2.36
19791116	3.59	0.43	2.57
19791117	20.96	4.15	4.63
19791118	1.14	4.4	7.5
19791119	0.0	2.03	3.85
19791120	0.75	3.17	2.94
19791121	5.39	9.91	2.66
19791122	3.03	6.05	2.84
19791123	2.18	2.83	2.49
19791124	22.64	4.37	2.54
19791125	27.22	6.96	7.59
19791126	0.15	2.43	12.44
19791127	5.95	6.37	5.43
19791128	9.42	11.68	4.14
19791129	4.26	11.22	4.59
19791130	4.52	8.06	4.38
19791201	6.16	8.49	3.48
19791202	2.02	5.5	3.42
19791203	11.89	5.73	3.98
19791204	13.28	7.01	5.14
19791205	0.21	4.99	4.33
19791206	10.29	5.24	3.25
19791207	45.92	5.24	11.74
19791208	11.52	4.42	17.2
19791209	15.23	6.09	13.23
19791210	0.91	3.69	8.76
19791211	0.56	1.31	4.84
19791212	11.11	3.29	4.34
19791213	0.09	2.05	3.77
19791214	0.07	-0.26	2.75
19791215	0.0	1.22	2.22
19791216	15.11	2.26	2.07
19791217	12.91	2.86	4.01
19791218	0.03	1.37	2.1
19791219	0.0	1.03	1.86
19791220	0.01	1.23	1.61
19791221	0.0	-1.69	1.49
19791222	0.0	-3.45	1.37
19791223	0.33	-1.74	1.26
19791224	0.02	-0.87	1.19
19791225	11.28	4.46	1.2
19791226	41.2	3.09	3.32
19791227	1.72	0.22	10.56
19791228	1.0	-0.18	3.58
19791229	0.04	-1.73	2.53
19791230	0.0	-0.18	2.02
19791231	0.0	-2.78	1.72
19800101	0.0	-4.59	1.53
19800102	3.65	-2.76	1.45
19800103	20.58	3.19	4.04
19800104	3.92	3.44	4.13
19800105	0.14	4.0	3.04
19800106	1.28	3.86	2.41
19800107	1.81	1.95	2.26
19800108	0.09	-0.21	1.76
19800109	1.76	-0.01	1.58
19800110	0.55	0.56	1.49
19800111	0.63	1.69	1.43
19800112	0.08	1.61	1.37
19800113	5.5	2.36	1.44
19800114	0.2	0.68	1.6
19800115	0.0	0.58	1.36
19800116	0.02	-1.31	1.3
19800117	0.0	-0.42	1.27
19800118	0.0	-2.99	1.25
19800119	0.05	-1.97	1.2
19800120	2.13	0.62	1.2
19800121	19.98	1.38	1.99
19800122	4.91	1.07	2.67
19800123	0.17	0.5	2.17
19800124	1.17	-0.08	1.79
19800125	0.63	-0.83	1.67
19800126	0.01	-2.11	1.52
19800127	5.86	-0.97	1.44
19800128	0.63	0.61	1.44
19800129	10.86	2.36	2.34
19800130	5.78	2.12	3.22
19800131	0.06	-2.88	2.66
19800201	1.69	-3.52	1.97
19800202	5.19	-1.39	1.8
19800203	10.98	-1.03	1.74
19800204	8.78	-0.52	1.66
19800205	4.2	0.49	1.92
19800206	2.29	0.6	2.02
19800207	13.21	1.08	1.93
19800208	3.86	3.03	4.09
19800209	11.84	3.44	8.18
19800210	0.24	4.56	6.45
19800211	9.43	5.56	4.65
19800212	9.62	6.2	8.27
19800213	0.33	5.97	6.44
19800214	3.79	4.48	4.31
19800215	0.17	3.63	3.82
19800216	3.63	3.48	3.37
19800217	0.64	6.68	3.23
19800218	26.58	5.34	7.49
19800219	0.08	3.78	6.34
19800220	4.66	3.93	4.09
19800221	12.34	4.82	4.23
19800222	0.62	2.65	5.21
19800223	0.08	2.65	3.79
19800224	0.07	2.18	3.19
19800225	0.0	1.8	2.79
19800226	0.0	1.64	2.5
19800227	0.01	3.51	2.29
19800228	0.0	6.04	2.18
19800229	0.0	5.11	2.01
19800301	0.03	4.3	1.85
19800302	0.53	0.24	1.8
19800303	0.0	1.72	1.74
19800304	0.93	3.62	1.69
19800305	1.78	2.28	1.68
19800306	13.9	2.79	1.69
19800307	2.29	3.18	1.76
19800308	0.4	2.95	1.46
19800309	4.82	3.42	1.38
19800310	0.36	1.1	1.42
19800311	9.95	5.47	1.67
19800312	0.04	2.18	1.77
19800313	0.0	1.36	1.56
19800314	0.4	3.14	1.48
19800315	0.25	1.71	1.44
19800316	20.6	0.84	1.51
19800317	19.51	0.84	2.61
19800318	0.89	-0.86	3.01
19800319	0.32	-1.77	1.98
19800320	8.28	-2.04	1.77
19800321	7.09	-3.35	1.71
19800322	0.03	-3.15	1.62
19800323	7.4	-0.34	1.65
19800324	9.78	2.29	2.8
19800325	2.02	4.45	3.79
19800326	5.15	3.9	4.22
19800327	7.09	0.09	4.79
19800328	1.1	1.36	3.28
19800329	0.01	3.52	2.78
19800330	2.36	4.74	2.66
19800331	8.83	4.97	3.52
19800401	0.1	4.6	3.55
19800402	0.01	4.12	2.78
19800403	0.0	6.12	2.79
19800404	0.0	6.31	2.84
19800405	0.0	7.4	2.64
19800406	0.01	8.46	2.39
19800407	0.0	5.71	2.18
19800408	0.03	5.21	1.99
19800409	0.01	6.28	1.88
19800410	0.0	6.13	1.74
19800411	0.0	7.68	1.64
19800412	0.0	8.49	1.57
19800413	0.12	10.71	1.51
19800414	1.76	6.81	1.45
19800415	0.01	8.29	1.38
19800416	0.01	9.34	1.3
19800417	0.01	8.92	0.95
19800418	0.0	8.23	0.92
19800419	0.0	5.06	0.81
19800420	0.0	3.36	0.8
19800421	0.28	6.31	0.76
19800422	1.56	8.48	0.75
19800423	0.13	9.03	0.73
19800424	0.0	3.86	0.72
19800425	0.0	5.73	0.71
19800426	0.0	6.77	0.7
19800427	0.94	8.86	0.68
19800428	0.0	5.95	0.67
19800429	0.29	8.05	0.66
19800430	0.0	5.8	0.66
19800501	0.0	6.91	0.66
19800502	0.0	7.08	0.64
19800503	0.0	6.55	0.65
19800504	0.0	6.67	0.64
19800505	0.0	5.55	0.61
19800506	0.01	6.51	0.6
19800507	0.36	2.77	0.6
19800508	0.19	4.8	0.59
19800509	0.16	7.66	0.58
19800510	0.0	9.64	0.57
19800511	0.0	11.36	0.56
19800512	0.01	12.33	0.55
19800513	0.0	13.63	0.54
19800514	0.0	10.71	0.53
19800515	0.0	10.98	0.52
19800516	0.0	12.35	0.53
19800517	0.0	10.55	0.52
19800518	0.0	12.94	0.5
19800519	0.4	15.37	0.5
19800520	0.21	9.78	0.5
19800521	0.0	7.05	0.51
19800522	0.0	8.86	0.51
19800523	0.0	11.7	0.5
19800524	0.01	12.15	0.5
19800525	0.14	10.45	0.48
19800526	0.21	10.49	0.49
19800527	9.19	7.83	0.55
19800528	4.81	5.82	0.56
19800529	4.26	5.85	0.55
19800530	0.14	7.19	0.52
19800531	0.31	9.13	0.52
19800601	0.1	9.54	0.5
19800602	10.51	13.06	0.57
19800603	1.64	14.38	0.67
19800604	0.7	19.36	0.57
19800605	16.63	14.82	0.75
19800606	0.04	12.12	0.67
19800607	6.6	11.43	0.72
19800608	3.17	9.31	0.66
19800609	0.04	11.14	0.6
19800610	0.0	10.94	0.56
19800611	0.0	10.69	0.57
19800612	0.0	9.63	0.56
19800613	0.19	9.4	0.56
19800614	17.79	10.95	0.68
19800615	4.3	12.12	0.85
19800616	5.15	12.05	0.8
19800617	7.28	12.06	0.75
19800618	6.98	12.07	0.75
19800619	2.3	9.77	0.76
19800620	0.02	9.58	0.68
19800621	0.64	9.12	0.63
19800622	2.34	9.62	0.65
19800623	1.31	8.96	0.66
19800624	1.17	10.85	0.64
19800625	8.02	11.35	0.68
19800626	0.2	10.18	0.68
19800627	0.66	10.43	0.59
19800628	3.16	10.64	0.6
19800629	0.14	12.24	0.56
19800630	5.58	8.4	0.57
19800701	0.1	10.07	0.57
19800702	0.02	11.43	0.52
19800703	16.54	11.21	0.66
19800704	4.5	10.88	1.08
19800705	0.03	10.64	0.91
19800706	0.0	11.42	0.69
19800707	0.17	10.8	0.62
19800708	0.24	12.15	0.59
19800709	0.0	10.52	0.56
19800710	0.11	11.08	0.54
19800711	0.79	10.82	0.54
19800712	0.34	10.89	0.54
19800713	0.92	10.87	0.52
19800714	0.5	10.11	0.54
19800715	0.49	8.99	0.53
19800716	0.04	10.87	0.53
19800717	15.25	10.67	0.76
19800718	2.39	12.19	0.75
19800719	6.34	11.67	0.62
19800720	0.03	7.91	0.61
19800721	3.0	12.44	0.55
19800722	6.58	12.21	0.62
19800723	2.76	13.32	0.79
19800724	0.07	15.23	0.68
19800725	8.46	17.93	0.6
19800726	14.73	15.3	0.93
19800727	0.12	15.16	1.13
19800728	0.0	16.27	0.84
19800729	0.1	15.56	0.69
19800730	16.1	12.36	1.28
19800731	0.05	12.45	1.1
19800801	1.53	11.54	0.82
19800802	15.55	14.71	0.84
19800803	4.19	13.45	1.26
19800804	8.62	14.14	1.26
19800805	0.01	13.8	1.44
19800806	0.08	13.77	1.03
19800807	7.16	9.22	1.02
19800808	0.0	11.14	0.96
19800809	0.05	11.88	0.87
19800810	5.54	14.2	0.86
19800811	10.67	12.3	1.21
19800812	0.01	13.84	1.25
19800813	3.87	15.64	1.03
19800814	29.56	15.93	3.88
19800815	0.35	13.89	4.61
19800816	4.23	15.58	1.92
19800817	1.82	14.4	1.48
19800818	0.01	12.75	1.16
19800819	6.84	12.05	1.09
19800820	0.87	10.94	1.23
19800821	0.01	10.55	0.98
19800822	0.0	9.1	0.88
19800823	0.0	9.35	0.86
19800824	0.0	11.95	0.81
19800825	0.0	11.7	0.76
19800826	0.0	13.21	0.75
19800827	2.13	15.82	0.76
19800828	1.6	14.11	0.82
19800829	19.06	12.36	1.0
19800830	0.44	8.7	1.52
19800831	0.02	14.77	1.09
19800901	0.33	15.55	0.94
19800902	0.58	14.01	0.92
19800903	0.11	11.5	0.89
19800904	9.63	13.34	0.88
19800905	5.35	13.21	1.23
19800906	12.98	13.34	1.58
19800907	7.2	13.08	3.18
19800908	0.12	10.97	2.37
19800909	5.43	11.19	1.72
19800910	7.02	9.12	2.41
19800911	34.57	11.09	5.13
19800912	1.33	9.81	9.63
19800913	14.31	9.2	5.22
19800914	4.14	9.4	4.8
19800915	9.88	11.55	5.69
19800916	11.0	12.21	6.93
19800917	5.32	10.99	5.41
19800918	12.05	10.75	5.42
19800919	1.45	11.59	5.51
19800920	0.38	12.19	3.79
19800921	1.03	11.92	2.74
19800922	4.36	13.83	2.18
19800923	2.2	11.88	2.31
19800924	1.04	8.04	1.63
19800925	2.5	11.34	1.37
19800926	18.45	11.72	2.4
19800927	0.0	10.26	3.88
19800928	0.05	9.97	2.43
19800929	2.35	9.9	2.78
19800930	7.08	11.05	2.24
19801001	0.05	9.84	2.35
19801002	0.03	8.37	1.66
19801003	16.71	8.2	2.24
19801004	0.11	9.04	2.43
19801005	10.7	7.99	2.91
19801006	22.2	7.0	6.11
19801007	1.04	6.14	6.73
19801008	0.0	6.92	3.62
19801009	0.0	5.08	2.34
19801010	0.02	3.82	1.9
19801011	0.0	5.99	1.56
19801012	0.39	6.13	1.37
19801013	0.59	6.05	1.26
19801014	1.16	4.9	1.17
19801015	3.02	4.83	1.15
19801016	2.16	5.02	1.12
19801017	0.01	3.56	1.09
19801018	3.61	2.77	1.04
19801019	0.0	0.82	1.04
19801020	8.64	1.57	1.02
19801021	12.69	5.78	1.31
19801022	21.87	8.59	4.27
19801023	9.77	8.36	5.23
19801024	1.18	2.62	4.13
19801025	3.56	4.14	2.81
19801026	10.13	8.59	2.58
19801027	2.0	10.25	3.33
19801028	6.55	8.01	2.97
19801029	0.02	3.07	2.53
19801030	0.26	2.88	2.16
19801031	0.01	4.94	1.9
19801101	0.0	4.67	1.55
19801102	0.01	1.42	1.39
19801103	0.0	1.73	1.34
19801104	0.6	3.01	1.26
19801105	5.29	4.68	1.21
19801106	7.22	4.6	1.36
19801107	2.46	4.25	1.58
19801108	0.26	3.8	1.37
19801109	0.04	2.53	1.2
19801110	1.88	3.91	1.18
19801111	0.01	1.49	1.18
19801112	0.1	2.93	1.1
19801113	17.81	4.34	1.1
19801114	8.72	7.46	3.67
19801115	11.7	7.39	3.22
19801116	21.82	7.67	6.5
19801117	8.55	6.3	8.93
19801118	10.43	1.99	6.89
19801119	15.67	6.15	9.29
19801120	16.77	9.4	12.17
19801121	9.35	9.48	10.06
19801122	10.18	9.41	6.65
19801123	12.46	7.38	7.01
19801124	11.63	4.6	9.69
19801125	1.33	-1.39	7.68
19801126	0.78	1.29	5.01
19801127	0.64	0.41	4.04
19801128	0.53	-0.59	3.32
19801129	0.0	-1.91	2.79
19801130	0.29	0.23	2.54
19801201	0.44	5.57	2.56
19801202	0.0	2.18	2.24
19801203	0.73	2.12	2.02
19801204	0.05	4.65	1.97
19801205	0.26	3.03	1.95
19801206	0.0	-0.37	1.78
19801207	0.04	-0.55	1.71
19801208	2.06	4.35	1.68
19801209	25.35	7.25	1.53
19801210	9.81	8.37	4.06
19801211	3.16	7.66	3.69
19801212	19.35	8.37	3.7
19801213	9.07	5.09	5.83
19801214	22.26	4.0	12.64
19801215	0.01	1.12	6.53
19801216	9.02	4.54	3.96
19801217	19.29	3.47	4.32
19801218	0.93	-0.51	4.51
19801219	10.48	-0.56	3.4
19801220	0.13	-0.58	2.84
19801221	4.26	1.76	2.55
19801222	6.29	6.99	6.85
19801223	18.52	6.38	7.8
19801224	7.08	2.15	12.02
19801225	15.67	0.13	9.56
19801226	0.08	-0.79	6.15
19801227	3.2	3.8	4.66
19801228	4.62	7.74	7.09
19801229	3.63	7.95	5.34
19801230	12.59	6.26	5.25
19801231	6.16	1.19	6.17
19810101	4.73	4.15	5.39
19810102	7.39	5.06	6.31
19810103	4.01	1.25	6.07
19810104	0.24	-1.65	4.09
19810105	3.81	-0.79	3.25
19810106	0.26	-1.97	2.49
19810107	1.3	2.9	2.48
19810108	5.96	4.87	2.96
19810109	0.13	0.92	2.72
19810110	0.01	0.71	2.3
19810111	3.94	2.5	2.37
19810112	0.46	-2.3	2.31
19810113	2.14	2.65	2.14
19810114	3.21	1.49	2.52
19810115	0.15	-3.02	2.09
19810116	14.16	-1.9	2.11
19810117	1.24	-0.45	2.05
19810118	15.2	1.13	2.49
19810119	0.71	-0.8	2.76
19810120	2.81	2.23	2.12
19810121	1.49	5.89	6.97
19810122	1.61	6.17	6.13
19810123	1.18	5.78	5.52
19810124	1.2	3.4	4.41
19810125	5.48	3.32	3.42
19810126	0.45	5.96	2.8
19810127	0.0	5.53	2.41
19810128	0.28	5.76	2.16
19810129	0.03	6.99	2.04
19810130	0.01	5.97	1.92
19810131	0.0	6.72	1.84
19810201	8.02	7.74	1.48
19810202	22.5	3.44	3.52
19810203	1.81	0.69	3.29
19810204	0.17	1.25	2.25
19810205	1.57	6.14	2.14
19810206	2.25	7.23	2.2
19810207	10.61	6.07	2.98
19810208	0.18	1.15	2.88
19810209	0.01	-0.05	2.69
19810210	0.01	-0.77	1.83
19810211	2.35	0.68	1.69
19810212	1.21	4.68	1.71
19810213	0.0	1.82	1.68
19810214	0.87	2.29	1.49
19810215	0.05	1.03	1.43
19810216	0.0	0.63	1.34
19810217	0.0	0.21	1.3
19810218	0.0	-0.63	1.26
19810219	0.19	-0.47	1.24
19810220	0.04	-0.02	1.21
19810221	0.74	-1.11	1.21
19810222	0.03	-0.57	1.13
19810223	0.05	-2.44	1.09
19810224	0.01	-2.07	1.06
19810225	0.0	-0.12	1.04
19810226	0.02	0.08	1.03
19810227	4.22	1.9	1.03
19810228	18.21	0.67	1.31
19810301	9.18	2.18	1.92
19810302	0.32	0.24	2.49
19810303	0.02	0.57	1.67
19810304	0.0	-0.59	1.48
19810305	26.04	0.08	1.61
19810306	20.63	3.69	3.36
19810307	7.65	8.56	18.32
19810308	0.74	5.86	6.3
19810309	11.54	5.57	4.83
19810310	22.49	6.72	12.91
19810311	0.21	8.81	7.69
19810312	0.12	6.03	4.85
19810313	0.51	5.53	3.17
19810314	3.08	2.96	2.55
19810315	0.15	2.8	2.21
19810316	0.04	2.68	1.95
19810317	1.46	3.94	1.77
19810318	0.28	2.21	1.82
19810319	9.12	3.36	1.6
19810320	7.84	2.57	1.77
19810321	5.91	0.92	2.31
19810322	0.47	0.32	1.96
19810323	4.15	2.79	1.75
19810324	20.44	8.08	2.23
19810325	6.38	7.9	6.71
19810326	1.13	5.84	4.52
19810327	4.07	8.88	2.8
19810328	3.08	4.71	3.0
19810329	0.04	7.19	2.88
19810330	0.0	7.44	2.21
19810331	0.0	4.58	1.66
19810401	0.01	5.44	1.53
19810402	0.0	6.63	1.4
19810403	0.0	5.85	1.29
19810404	0.0	9.09	1.22
19810405	0.0	5.93	1.16
19810406	0.01	5.77	1.11
19810407	2.43	4.24	1.08
19810408	0.02	6.05	1.05
19810409	0.0	7.64	0.98
19810410	2.34	10.18	0.94
19810411	3.38	8.55	1.02
19810412	0.86	3.7	0.94
19810413	0.01	4.22	0.88
19810414	0.0	5.13	0.84
19810415	0.0	6.56	0.83
19810416	0.0	6.75	0.81
19810417	0.0	5.3	0.8
19810418	0.0	6.34	0.77
19810419	0.0	4.29	0.76
19810420	0.0	7.94	0.75
19810421	0.0	6.85	0.74
19810422	0.03	0.16	0.73
19810423	6.26	2.03	0.73
19810424	1.77	0.69	0.75
19810425	0.38	1.13	0.73
19810426	0.01	1.58	0.7
19810427	0.11	6.65	0.69
19810428	0.02	10.12	0.68
19810429	0.01	10.94	0.66
19810430	0.28	5.09	0.65
19810501	0.0	2.35	0.64
19810502	6.56	5.34	0.65
19810503	4.89	4.4	0.78
19810504	0.39	1.56	0.67
19810505	5.27	5.22	0.62
19810506	7.0	7.63	0.67
19810507	6.67	11.36	0.71
19810508	0.04	8.54	0.69
19810509	6.93	11.31	0.67
19810510	0.08	8.87	0.68
19810511	0.01	11.55	0.63
19810512	2.98	13.39	0.61
19810513	0.08	12.42	0.6
19810514	0.03	7.4	0.58
19810515	1.9	11.01	0.59
19810516	11.3	7.39	0.68
19810517	0.73	9.84	0.63
19810518	2.72	11.53	0.59
19810519	0.08	10.9	0.58
19810520	4.36	11.59	0.58
19810521	5.05	11.34	0.6
19810522	8.04	10.45	0.61
19810523	2.56	10.58	0.7
19810524	2.82	7.35	0.7
19810525	0.17	9.15	0.66
19810526	0.45	9.7	0.63
19810527	0.6	10.86	0.63
19810528	7.09	8.81	0.67
19810529	0.74	12.32	0.67
19810530	0.07	13.45	0.66
19810531	12.54	12.0	0.97
19810601	0.06	13.52	0.88
19810602	15.3	11.9	1.58
19810603	5.8	11.51	1.14
19810604	3.19	11.07	1.11
19810605	4.96	11.06	1.07
19810606	2.99	10.01	1.14
19810607	11.02	10.18	1.49
19810608	15.43	10.01	3.22
19810609	1.27	8.77	3.01
19810610	6.36	8.91	1.99
19810611	2.69	7.66	2.04
19810612	13.49	11.26	1.7
19810613	9.19	13.59	5.11
19810614	0.11	12.8	3.46
19810615	0.21	10.1	2.29
19810616	0.24	9.01	1.77
19810617	2.18	10.68	1.44
19810618	1.99	11.2	1.32
19810619	0.67	11.78	1.23
19810620	0.0	10.3	1.09
19810621	0.0	14.78	0.97
19810622	0.01	13.83	0.92
19810623	0.11	11.74	0.89
19810624	3.02	10.64	1.0
19810625	0.37	8.67	0.99
19810626	2.13	7.23	0.76
19810627	0.01	8.33	0.73
19810628	0.0	7.94	0.7
19810629	0.0	13.04	0.67
19810630	1.58	11.88	0.65
19810701	3.36	10.35	0.7
19810702	4.57	10.23	0.79
19810703	0.24	11.1	0.72
19810704	0.85	12.96	0.66
19810705	14.7	12.43	0.88
19810706	9.35	12.48	1.0
19810707	1.12	14.05	0.75
19810708	0.97	15.09	0.67
19810709	0.02	12.45	0.62
19810710	18.97	13.98	0.7
19810711	3.31	13.08	1.28
19810712	0.05	11.51	0.88
19810713	0.01	13.4	0.74
19810714	0.05	12.8	0.65
19810715	3.26	12.09	0.61
19810716	1.15	11.51	0.65
19810717	6.6	10.79	0.69
19810718	0.53	13.58	0.65
19810719	0.19	12.8	0.59
19810720	0.07	11.6	0.55
19810721	11.25	12.16	0.6
19810722	7.65	10.37	0.86
19810723	0.1	10.02	0.84
19810724	0.0	10.44	0.63
19810725	0.09	13.42	0.56
19810726	0.0	14.85	0.54
19810727	0.41	16.47	0.51
19810728	2.04	13.41	0.55
19810729	0.0	12.1	0.52
19810730	0.0	13.03	0.51
19810731	0.0	12.67	0.49
19810801	0.0	11.69	0.47
19810802	0.95	16.14	0.47
19810803	6.08	12.86	0.62
19810804	0.0	15.89	0.55
19810805	0.0	12.86	0.5
19810806	0.0	14.1	0.48
19810807	0.32	14.22	0.48
19810808	0.08	12.64	0.46
19810809	0.01	10.94	0.46
19810810	0.0	14.78	0.45
19810811	0.79	16.77	0.5
19810812	0.65	15.06	0.5
19810813	1.22	14.93	0.51
19810814	0.0	12.1	0.5
19810815	0.88	9.77	0.45
19810816	0.02	10.45	0.45
19810817	1.56	12.27	0.45
19810818	0.61	12.83	0.48
19810819	7.7	10.34	0.73
19810820	0.18	12.43	0.69
19810821	0.0	13.04	0.53
19810822	0.0	10.79	0.5
19810823	0.0	15.68	0.48
19810824	1.1	16.68	0.5
19810825	0.04	14.68	0.54
19810826	0.0	16.2	0.55
19810827	0.0	16.05	0.57
19810828	0.0	17.36	0.59
19810829	0.0	15.96	0.58
19810830	0.01	13.79	0.54
19810831	0.0	10.95	0.55
19810901	0.0	9.82	0.58
19810902	0.0	11.48	0.58
19810903	2.87	16.24	0.61
19810904	32.32	16.55	1.07
19810905	0.0	10.82	2.02
19810906	0.0	12.38	0.98
19810907	0.35	14.84	0.82
19810908	0.03	11.22	0.74
19810909	0.05	13.66	0.74
19810910	9.75	14.78	0.83
19810911	0.53	11.5	0.95
19810912	3.14	8.42	0.78
19810913	0.01	9.39	0.79
19810914	12.97	11.72	0.87
19810915	0.03	10.1	1.26
19810916	20.04	10.94	1.05
19810917	20.94	13.6	3.39
19810918	3.56	10.89	4.4
19810919	43.16	11.15	5.11
19810920	5.35	9.55	14.26
19810921	1.04	10.86	4.22
19810922	0.7	8.97	2.66
19810923	29.39	9.56	4.15
19810924	1.97	9.76	5.01
19810925	7.93	8.09	3.27
19810926	49.45	9.62	18.81
19810927	8.28	10.25	18.1
19810928	0.41	10.67	7.31
19810929	1.95	10.98	4.23
19810930	2.07	11.79	3.19
19811001	59.86	5.28	8.86
19811002	11.85	5.58	24.41
19811003	5.59	7.53	12.5
19811004	0.46	6.56	6.29
19811005	2.79	4.71	3.97
19811006	4.01	5.07	3.13
19811007	3.74	5.64	2.63
19811008	21.49	6.41	3.37
19811009	12.15	6.95	8.69
19811010	1.02	5.96	6.51
19811011	0.02	4.09	4.16
19811012	0.0	3.02	3.35
19811013	0.02	1.33	2.65
19811014	0.0	1.29	2.32
19811015	0.43	4.47	2.09
19811016	0.05	2.92	1.93
19811017	0.04	2.65	1.81
19811018	13.41	5.76	2.01
19811019	0.29	5.1	2.35
19811020	0.36	4.11	1.73
19811021	0.0	4.36	1.32
19811022	0.07	3.49	1.16
19811023	1.95	4.19	1.16
19811024	0.01	2.44	1.14
19811025	0.01	1.46	1.09
19811026	7.88	2.55	1.12
19811027	6.74	3.86	1.42
19811028	11.38	4.11	1.82
19811029	11.07	3.51	2.66
19811030	8.83	5.61	2.94
19811031	7.72	5.76	3.53
19811101	23.51	7.24	9.64
19811102	19.05	8.29	7.88
19811103	6.56	8.44	14.76
19811104	0.03	5.75	6.92
19811105	0.0	3.84	4.52
19811106	0.0	1.3	3.49
19811107	0.0	1.67	2.91
19811108	1.06	5.11	2.57
19811109	5.37	8.84	2.34
19811110	12.1	9.13	2.75
19811111	0.08	7.49	3.92
19811112	0.03	4.88	2.91
19811113	0.7	5.35	2.47
19811114	1.42	6.19	2.38
19811115	6.88	3.01	2.53
19811116	4.42	3.51	2.47
19811117	13.18	4.03	3.17
19811118	7.24	2.86	3.05
19811119	24.02	5.56	3.99
19811120	7.03	4.09	10.41
19811121	5.19	7.82	6.92
19811122	14.54	8.08	5.86
19811123	0.47	1.91	7.17
19811124	0.05	-0.05	4.31
19811125	17.2	3.67	4.36
19811126	8.72	6.77	7.56
19811127	1.83	2.08	5.94
19811128	0.03	2.22	4.21
19811129	7.1	2.76	3.59
19811130	2.97	-0.83	3.99
19811201	0.01	-1.04	3.18
19811202	0.24	4.25	2.83
19811203	4.8	6.13	2.74
19811204	0.12	2.3	2.71
19811205	0.04	1.01	2.45
19811206	0.21	-0.48	2.32
19811207	0.0	-3.83	2.12
19811208	0.0	-4.39	1.95
19811209	0.0	-5.28	1.82
19811210	0.23	-6.05	1.65
19811211	0.0	-6.09	1.5
19811212	0.98	-3.16	1.18
19811213	10.17	-1.37	1.22
19811214	2.76	-2.55	1.21
19811215	0.01	-6.02	1.1
19811216	0.0	-9.21	0.95
19811217	0.0	-9.04	0.89
19811218	0.01	-7.62	0.93
19811219	4.38	-1.75	1.03
19811220	28.07	0.14	1.58
19811221	1.86	-0.79	1.59
19811222	0.02	-6.18	1.16
19811223	2.99	-5.41	1.02
19811224	1.13	-5.25	1.01
19811225	0.03	-6.55	0.83
19811226	0.11	-0.86	1.04
19811227	6.74	-0.14	0.98
19811228	1.26	-0.07	0.97
19811229	4.81	0.96	1.59
19811230	6.65	2.15	3.26
19811231	0.89	0.8	3.24
19820101	0.14	0.99	2.06
19820102	28.98	1.52	3.62
19820103	24.37	0.9	16.15
19820104	20.8	-0.7	7.21
19820105	4.08	-5.44	3.9
19820106	0.01	-10.08	2.58
19820107	0.1	-11.71	1.97
19820108	0.32	-6.19	1.95
19820109	0.02	-10.56	1.66
19820110	0.0	-13.98	1.31
19820111	0.0	-8.69	1.49
19820112	0.17	-3.16	1.47
19820113	0.04	1.09	1.41
19820114	0.01	-2.66	1.37
19820115	0.03	-3.74	1.26
19820116	1.57	2.54	1.4
19820117	0.19	3.59	2.61
19820118	4.34	4.49	5.51
19820119	6.41	3.76	6.63
19820120	6.93	4.21	6.23
19820121	8.81	4.36	12.02
19820122	0.33	2.74	8.99
19820123	0.52	3.75	5.84
19820124	0.33	5.72	5.11
19820125	7.1	5.9	6.11
19820126	0.07	2.21	4.05
19820127	2.03	3.14	2.84
19820128	1.24	6.33	2.68
19820129	0.12	8.49	2.71
19820130	0.29	6.99	2.43
19820131	1.32	6.89	2.05
19820201	8.28	5.73	2.1
19820202	0.01	2.15	2.25
19820203	0.01	1.99	1.9
19820204	11.01	5.82	1.86
19820205	3.01	6.16	2.74
19820206	8.6	4.31	2.65
19820207	3.79	1.52	2.85
19820208	12.36	3.41	4.4
19820209	5.32	3.74	4.69
19820210	2.94	5.12	3.78
19820211	3.03	3.24	3.34
19820212	1.8	5.94	3.09
19820213	1.4	3.57	2.71
19820214	0.01	0.37	2.42
19820215	0.0	-0.77	2.23
19820216	0.01	-1.3	2.06
19820217	1.65	0.79	1.94
19820218	0.38	1.44	1.9
19820219	0.0	0.67	1.79
19820220	0.0	-0.64	1.36
19820221	0.35	1.03	1.27
19820222	0.0	0.89	1.24
19820223	0.42	3.74	1.18
19820224	3.9	4.17	1.17
19820225	8.37	4.18	1.21
19820226	3.05	5.54	1.47
19820227	3.56	6.81	1.37
19820228	13.45	5.48	1.63
19820301	15.27	3.04	2.54
19820302	26.08	4.07	5.73
19820303	8.52	2.6	10.92
19820304	0.02	2.38	4.64
19820305	2.18	3.59	3.07
19820306	7.38	2.01	3.21
19820307	2.84	3.61	2.52
19820308	4.03	1.98	2.36
19820309	25.86	3.87	5.29
19820310	4.97	1.96	6.39
19820311	28.19	0.51	4.3
19820312	3.81	0.65	7.22
19820313	4.02	3.36	4.49
19820314	12.84	2.62	8.08
19820315	12.19	2.02	8.35
19820316	8.29	1.67	6.42
19820317	0.05	4.13	5.2
19820318	0.03	1.6	4.05
19820319	0.05	1.78	3.33
19820320	5.14	2.82	2.69
19820321	2.44	3.79	2.79
19820322	0.1	4.23	2.58
19820323	0.02	7.99	2.71
19820324	0.0	8.23	4.07
19820325	0.0	7.92	4.41
19820326	0.0	5.51	3.06
19820327	0.0	6.72	2.2
19820328	1.82	4.68	1.98
19820329	0.02	3.26	1.7
19820330	0.0	3.59	1.49
19820331	2.07	5.36	1.33
19820401	0.73	4.43	1.29
19820402	0.01	5.9	1.22
19820403	7.48	7.78	1.13
19820404	6.85	7.65	1.37
19820405	4.29	7.99	1.3
19820406	5.08	6.33	1.41
19820407	14.13	3.56	2.59
19820408	0.01	1.95	1.92
19820409	0.11	4.08	1.61
19820410	0.0	3.82	1.41
19820411	0.0	3.54	1.26
19820412	0.0	4.13	1.17
19820413	0.0	7.46	1.11
19820414	0.02	8.76	1.06
19820415	0.01	9.32	1.02
19820416	0.0	6.89	0.91
19820417	0.0	5.87	0.89
19820418	0.01	6.41	0.86
19820419	0.0	8.14	0.83
19820420	0.0	6.16	0.84
19820421	0.9	9.19	1.03
19820422	1.02	6.46	0.77
19820423	0.14	7.48	0.75
19820424	0.0	11.32	0.73
19820425	0.0	9.05	0.72
19820426	0.0	9.36	0.72
19820427	0.0	10.05	0.73
19820428	0.0	6.73	0.73
19820429	0.0	6.83	0.72
19820430	0.64	5.43	0.73
19820501	1.4	2.02	0.72
19820502	46.96	2.7	1.27
19820503	6.27	3.56	2.33
19820504	2.39	4.23	1.59
19820505	17.39	3.38	2.41
19820506	0.09	2.1	2.25
19820507	0.0	3.88	1.56
19820508	0.0	6.73	1.3
19820509	0.0	8.05	1.13
19820510	0.05	9.58	1.04
19820511	0.0	6.34	1.02
19820512	0.0	9.57	0.91
19820513	0.0	12.23	0.87
19820514	0.0	11.75	0.93
19820515	1.39	11.21	0.87
19820516	0.44	9.14	0.84
19820517	0.27	9.83	0.8
19820518	1.73	9.23	0.81
19820519	0.02	9.03	0.75
19820520	0.01	8.26	0.73
19820521	9.37	11.33	0.77
19820522	2.89	10.61	0.87
19820523	5.62	10.37	0.86
19820524	2.31	10.42	0.8
19820525	1.22	10.19	0.68
19820526	0.06	7.94	0.62
19820527	4.58	11.47	0.62
19820528	0.08	12.16	0.66
19820529	0.0	12.21	0.61
19820530	0.0	14.22	0.58
19820531	0.26	13.37	0.59
19820601	0.01	17.08	0.6
19820602	0.0	16.29	0.61
19820603	0.05	17.8	0.62
19820604	0.0	16.78	0.59
19820605	0.01	19.7	0.57
19820606	0.59	13.43	0.57
19820607	0.0	14.24	0.56
19820608	0.0	15.11	0.56
19820609	0.0	11.15	0.58
19820610	0.38	10.71	0.58
19820611	28.99	9.35	0.8
19820612	0.16	6.92	1.57
19820613	0.08	8.83	0.82
19820614	0.0	9.77	0.6
19820615	11.7	10.24	0.68
19820616	0.05	9.58	0.83
19820617	0.0	10.13	0.65
19820618	0.0	8.93	0.62
19820619	0.0	9.55	0.54
19820620	0.0	9.94	0.53
19820621	0.03	9.97	0.53
19820622	0.14	8.52	0.52
19820623	0.0	8.71	0.51
19820624	0.0	10.24	0.47
19820625	7.84	9.18	0.51
19820626	6.28	9.56	0.63
19820627	9.37	10.82	0.66
19820628	11.85	11.91	1.5
19820629	0.38	11.32	1.01
19820630	5.62	13.76	0.61
19820701	0.2	11.15	0.64
19820702	0.32	12.0	0.56
19820703	0.47	11.67	0.54
19820704	3.15	11.72	0.6
19820705	5.37	12.4	0.58
19820706	0.48	14.46	0.55
19820707	0.61	13.0	0.49
19820708	0.84	16.96	0.47
19820709	0.32	16.88	0.46
19820710	1.13	12.34	0.46
19820711	0.4	13.05	0.46
19820712	0.22	12.3	0.46
19820713	4.18	14.45	0.42
19820714	10.3	14.5	0.42
19820715	6.58	11.02	1.03
19820716	0.73	12.44	0.94
19820717	0.29	13.14	0.67
19820718	0.0	13.63	0.52
19820719	0.0	16.11	0.46
19820720	0.0	17.13	0.44
19820721	0.0	14.79	0.43
19820722	0.0	14.8	0.45
19820723	0.0	15.15	0.5
19820724	0.0	16.95	0.47
19820725	0.0	12.39	0.45
19820726	0.0	15.75	0.45
19820727	0.0	15.6	0.43
19820728	0.0	13.93	0.46
19820729	0.0	15.31	0.49
19820730	0.0	16.34	0.49
19820731	0.44	15.48	0.58
19820801	2.27	15.48	0.66
19820802	0.03	16.41	0.69
19820803	0.0	18.18	0.68
19820804	0.01	19.28	0.62
19820805	10.01	19.34	0.85
19820806	9.28	15.19	1.06
19820807	0.98	16.0	0.94
19820808	0.87	13.75	0.86
19820809	0.3	12.75	0.81
19820810	0.07	13.1	0.68
19820811	5.33	14.2	0.66
19820812	5.85	10.57	0.85
19820813	0.57	11.06	0.86
19820814	0.01	10.59	0.76
19820815	8.25	11.78	0.74
19820816	5.25	11.94	1.02
19820817	22.81	11.72	1.07
19820818	2.05	10.5	2.02
19820819	6.28	8.67	1.65
19820820	0.02	10.92	1.44
19820821	10.03	10.41	1.83
19820822	5.23	11.12	2.25
19820823	4.73	12.96	2.29
19820824	12.49	11.66	2.65
19820825	4.49	10.07	2.3
19820826	2.8	10.07	2.02
19820827	0.05	8.74	1.83
19820828	9.54	12.66	1.62
19820829	11.62	13.82	2.23
19820830	1.54	9.89	2.84
19820831	0.09	10.25	2.25
19820901	0.0	11.43	1.93
19820902	0.59	12.07	1.74
19820903	0.74	12.45	1.68
19820904	28.54	10.27	1.89
19820905	13.98	7.08	6.39
19820906	6.62	9.28	4.34
19820907	1.99	11.17	4.06
19820908	0.04	8.64	2.98
19820909	2.51	12.41	2.25
19820910	12.24	9.89	3.35
19820911	8.16	10.84	2.82
19820912	0.54	12.54	2.89
19820913	0.11	12.47	2.24
19820914	0.0	14.72	1.97
19820915	1.6	15.69	1.72
19820916	0.03	15.15	1.7
19820917	0.0	17.83	1.58
19820918	3.21	12.07	1.47
19820919	16.59	10.77	1.78
19820920	6.1	9.41	3.44
19820921	0.14	6.95	2.61
19820922	6.61	8.69	2.6
19820923	3.94	7.45	3.9
19820924	17.81	7.9	5.17
19820925	5.1	9.88	4.72
19820926	8.6	10.33	4.47
19820927	25.8	7.99	8.36
19820928	5.83	8.06	6.62
19820929	6.46	6.9	4.81
19820930	1.68	9.58	3.88
19821001	11.79	9.02	4.04
19821002	0.01	9.54	3.72
19821003	7.11	10.14	3.34
19821004	3.91	8.25	3.64
19821005	0.4	9.14	3.22
19821006	2.03	8.33	2.4
19821007	0.99	8.48	1.46
19821008	0.0	8.26	1.32
19821009	1.96	7.78	1.24
19821010	8.12	8.85	1.28
19821011	4.47	8.74	1.64
19821012	15.61	7.35	1.87
19821013	11.77	5.67	4.79
19821014	0.01	5.18	3.54
19821015	4.1	5.75	2.79
19821016	16.41	8.19	4.41
19821017	15.71	8.99	4.8
19821018	1.92	8.68	5.96
19821019	16.42	8.45	4.63
19821020	6.09	6.95	7.34
19821021	0.58	6.79	5.56
19821022	0.28	4.12	3.55
19821023	1.65	4.93	1.94
19821024	0.67	4.53	2.12
19821025	5.83	5.41	2.41
19821026	3.44	8.66	2.47
19821027	0.02	9.06	2.22
19821028	0.0	9.54	2.05
19821029	6.74	9.09	2.0
19821030	24.46	8.74	3.34
19821031	5.53	8.93	4.15
19821101	0.44	5.92	3.87
19821102	0.01	5.6	3.32
19821103	0.45	4.5	3.19
19821104	5.53	7.31	3.0
19821105	21.76	9.02	3.66
19821106	0.12	7.94	5.42
19821107	9.36	7.92	5.03
19821108	0.17	6.88	4.08
19821109	8.05	7.86	3.54
19821110	16.99	5.82	5.05
19821111	8.17	7.96	5.52
19821112	2.78	4.1	6.42
19821113	2.81	2.23	5.08
19821114	0.03	0.16	3.4
19821115	7.98	4.05	3.22
19821116	9.56	2.0	3.63
19821117	7.52	6.01	3.55
19821118	14.23	5.01	5.58
19821119	8.9	2.74	5.75
19821120	9.65	5.71	5.73
19821121	14.55	4.98	6.26
19821122	12.71	3.11	8.35
19821123	26.64	0.64	11.82
19821124	7.36	0.56	7.63
19821125	0.03	0.4	6.28
19821126	0.54	0.57	4.79
19821127	0.17	1.7	4.02
19821128	0.17	1.16	3.47
19821129	0.05	3.44	2.82
19821130	0.02	5.58	2.7
19821201	0.0	0.54	2.34
19821202	0.01	-0.07	2.09
19821203	0.0	3.29	1.88
19821204	7.29	3.71	2.11
19821205	0.35	1.83	1.98
19821206	0.0	-0.31	1.74
19821207	38.05	0.98	3.38
19821208	2.65	1.38	5.67
19821209	16.24	0.47	4.26
19821210	0.31	0.34	3.95
19821211	0.0	-2.33	2.85
19821212	0.22	-1.69	2.35
19821213	0.16	0.03	2.06
19821214	5.94	5.66	3.29
19821215	10.15	4.07	8.66
19821216	1.95	-1.99	6.56
19821217	0.06	-3.93	4.25
19821218	31.52	0.87	2.85
19821219	25.04	2.37	13.87
19821220	11.72	1.55	15.86
19821221	0.01	-0.9	7.44
19821222	0.0	-2.98	4.48
19821223	5.49	2.78	3.98
19821224	0.75	5.69	5.79
19821225	2.67	6.6	5.87
19821226	7.94	3.42	4.9
19821227	5.31	2.15	5.26
19821228	1.32	4.31	4.42
19821229	2.25	5.83	3.92
19821230	7.7	3.99	4.1
19821231	24.19	4.54	4.7
19830101	9.96	3.3	12.64
19830102	21.98	4.32	10.56
19830103	6.95	4.47	17.42
19830104	5.96	3.2	10.28
19830105	31.85	5.43	18.7
19830106	21.07	0.78	18.68
19830107	15.23	1.4	14.09
19830108	9.12	4.08	11.35
19830109	3.87	4.57	12.87
19830110	7.45	7.58	11.24
19830111	13.29	5.76	9.91
19830112	3.61	1.71	12.31
19830113	10.86	1.81	7.42
19830114	0.06	5.32	5.96
19830115	0.04	7.39	4.55
19830116	0.04	6.97	3.84
19830117	9.64	2.73	3.59
19830118	0.85	-0.99	2.99
19830119	0.07	0.9	2.56
19830120	0.68	5.37	2.54
19830121	0.02	5.56	2.21
19830122	0.0	2.16	1.93
19830123	7.98	3.57	1.84
19830124	2.51	6.42	2.17
19830125	11.0	5.75	2.06
19830126	9.65	7.54	2.06
19830127	2.31	5.1	2.25
19830128	12.68	4.6	2.61
19830129	5.89	0.42	2.61
19830130	0.3	-0.91	2.08
19830131	19.68	0.85	2.65
19830201	0.02	-0.47	2.93
19830202	1.67	-0.84	1.81
19830203	0.0	-3.27	1.45
19830204	14.62	-0.04	1.82
19830205	2.86	1.8	1.99
19830206	0.03	0.51	1.8
19830207	0.27	-0.43	1.5
19830208	0.0	-0.08	1.28
19830209	3.73	0.04	1.27
19830210	0.14	-3.1	1.24
19830211	0.16	-0.86	1.15
19830212	0.24	1.14	1.2
19830213	0.04	1.22	1.26
19830214	0.67	1.38	1.26
19830215	0.19	1.93	1.29
19830216	1.01	0.15	1.32
19830217	0.03	-0.95	1.31
19830218	0.0	-2.41	1.26
19830219	0.06	-0.93	1.22
19830220	0.01	-0.42	1.17
19830221	0.0	-1.05	1.14
19830222	0.0	-2.27	1.11
19830223	0.0	-2.41	1.08
19830224	0.0	-0.89	1.06
19830225	0.2	2.81	1.08
19830226	7.14	2.19	1.26
19830227	5.65	2.66	1.48
19830228	0.06	0.58	1.59
19830301	6.64	1.79	1.5
19830302	17.38	5.26	2.32
19830303	1.73	3.58	3.96
19830304	1.32	4.8	2.27
19830305	0.43	7.24	1.89
19830306	0.05	7.53	2.07
19830307	0.0	7.38	2.23
19830308	0.0	6.33	2.02
19830309	0.0	8.19	1.48
19830310	3.3	4.3	1.3
19830311	1.55	2.74	1.29
19830312	5.52	5.69	1.26
19830313	6.12	6.44	1.48
19830314	0.15	4.99	1.49
19830315	5.02	6.8	1.38
19830316	5.02	8.08	1.5
19830317	3.46	7.8	1.93
19830318	21.69	6.37	3.48
19830319	10.22	5.14	3.32
19830320	8.58	2.82	2.8
19830321	9.74	0.09	3.48
19830322	5.9	3.05	3.09
19830323	7.55	0.58	3.85
19830324	0.19	2.03	2.93
19830325	0.31	2.49	2.78
19830326	5.44	1.58	2.61
19830327	0.01	1.55	2.52
19830328	2.08	3.91	2.28
19830329	3.49	4.36	2.58
19830330	5.59	2.98	2.3
19830331	0.31	2.8	2.39
19830401	0.39	2.13	2.14
19830402	0.04	0.47	1.76
19830403	4.95	1.45	1.64
19830404	3.42	1.63	1.75
19830405	3.36	1.92	1.74
19830406	1.75	0.8	2.07
19830407	4.18	1.84	2.37
19830408	0.47	3.29	1.85
19830409	0.44	2.48	1.45
19830410	0.05	2.85	1.35
19830411	0.64	2.12	1.54
19830412	0.97	5.76	1.5
19830413	0.61	6.56	1.24
19830414	0.0	7.22	1.18
19830415	2.08	7.77	1.16
19830416	8.53	3.34	1.26
19830417	0.45	1.69	1.24
19830418	0.17	4.03	1.15
19830419	3.21	2.54	1.14
19830420	2.85	4.22	1.15
19830421	0.2	2.38	1.16
19830422	18.9	4.72	1.26
19830423	2.19	6.65	2.04
19830424	1.89	5.34	1.75
19830425	0.46	6.83	2.36
19830426	0.03	6.18	2.53
19830427	0.35	6.01	1.73
19830428	0.73	6.45	1.25
19830429	0.64	5.44	1.2
19830430	0.02	6.91	1.17
19830501	0.3	5.63	1.13
19830502	9.51	5.19	1.31
19830503	0.24	6.54	1.39
19830504	0.0	7.49	1.12
19830505	25.4	7.75	1.32
19830506	9.7	8.85	2.86
19830507	3.2	8.47	2.84
19830508	4.41	7.55	3.07
19830509	1.65	5.13	2.92
19830510	4.74	5.99	2.29
19830511	6.25	6.46	1.81
19830512	11.47	7.42	2.15
19830513	15.11	7.55	3.6
19830514	5.47	8.15	4.62
19830515	6.89	8.09	5.28
19830516	2.53	8.14	2.88
19830517	2.32	7.09	2.37
19830518	0.22	7.04	2.06
19830519	0.13	8.07	1.81
19830520	1.18	8.42	1.98
19830521	4.4	8.09	2.08
19830522	6.67	5.82	2.44
19830523	0.01	9.31	1.91
19830524	0.01	9.73	1.45
19830525	1.32	9.45	1.34
19830526	0.01	7.89	1.12
19830527	8.24	5.91	1.04
19830528	0.82	6.25	1.05
19830529	2.23	5.97	0.98
19830530	0.54	8.73	0.94
19830531	0.9	8.54	0.9
19830601	24.26	7.35	1.26
19830602	1.24	6.2	2.45
19830603	14.29	7.23	2.24
19830604	2.3	11.25	3.1
19830605	0.05	6.37	2.35
19830606	0.0	8.23	1.78
19830607	0.14	12.43	1.34
19830608	6.03	14.05	1.3
19830609	0.29	10.52	1.15
19830610	2.14	11.65	1.05
19830611	0.24	10.17	1.02
19830612	0.55	9.41	0.93
19830613	15.74	9.23	1.08
19830614	0.12	8.22	1.22
19830615	0.13	9.54	0.9
19830616	2.31	10.13	0.91
19830617	0.0	12.47	0.88
19830618	0.0	15.22	0.83
19830619	0.0	17.21	0.79
19830620	0.0	13.77	0.76
19830621	0.0	11.61	0.74
19830622	0.03	14.83	0.73
19830623	0.0	9.51	0.71
19830624	0.0	10.72	0.71
19830625	0.0	14.33	0.71
19830626	0.0	11.7	0.7
19830627	0.86	11.21	0.67
19830628	5.58	10.46	0.71
19830629	0.02	10.26	0.71
19830630	0.0	11.04	0.69
19830701	12.34	11.45	0.82
19830702	1.69	11.75	0.75
19830703	0.03	12.23	0.7
19830704	0.6	14.7	0.67
19830705	0.01	15.39	0.66
19830706	2.84	18.23	0.65
19830707	0.02	16.65	0.64
19830708	0.06	18.13	0.62
19830709	0.03	17.43	0.6
19830710	0.0	15.61	0.61
19830711	0.0	18.17	0.6
19830712	0.0	20.38	0.57
19830713	0.0	17.23	0.58
19830714	0.0	17.85	0.58
19830715	0.0	12.92	0.58
19830716	0.0	13.06	0.56
19830717	0.0	16.86	0.57
19830718	0.0	12.9	0.56
19830719	0.0	11.54	0.57
19830720	0.0	13.51	0.57
19830721	0.0	16.58	0.55
19830722	0.0	18.41	0.55
19830723	0.62	17.1	0.54
19830724	2.53	16.38	0.54
19830725	0.11	16.59	0.54
19830726	0.01	16.58	0.54
19830727	0.36	15.97	0.53
19830728	0.01	16.55	0.54
19830729	0.19	13.63	0.53
19830730	1.0	16.01	0.51
19830731	1.03	12.25	0.53
19830801	3.5	10.48	0.53
19830802	0.18	10.86	0.5
19830803	10.24	12.6	0.69
19830804	0.0	13.02	0.59
19830805	0.0	14.18	0.48
19830806	0.0	16.95	0.47
19830807	0.0	14.92	0.48
19830808	0.0	14.93	0.47
19830809	0.0	14.66	0.48
19830810	0.0	17.33	0.48
19830811	0.0	14.75	0.49
19830812	0.0	14.95	0.49
19830813	0.0	17.03	0.47
19830814	0.0	18.96	0.46
19830815	2.58	14.13	0.47
19830816	0.0	12.64	0.47
19830817	6.45	15.96	0.48
19830818	0.04	16.2	0.5
19830819	0.0	16.92	0.48
19830820	0.67	16.91	0.47
19830821	0.04	16.07	0.47
19830822	16.3	14.84	0.49
19830823	2.45	14.24	0.72
19830824	0.06	15.56	0.53
19830825	0.0	17.08	0.49
19830826	0.0	16.61	0.51
19830827	0.0	14.09	0.5
19830828	0.0	10.5	0.5
19830829	0.0	14.8	0.5
19830830	0.0	13.56	0.52
19830831	2.5	14.42	0.53
19830901	1.3	12.97	0.53
19830902	15.17	12.6	0.65
19830903	0.14	9.92	0.62
19830904	5.88	11.11	0.59
19830905	3.43	9.54	0.64
19830906	0.0	7.79	0.61
19830907	4.63	10.17	0.6
19830908	19.79	10.42	1.07
19830909	17.05	9.21	0.93
19830910	2.02	8.41	1.38
19830911	0.01	6.96	0.82
19830912	0.09	8.3	0.68
19830913	2.18	9.67	0.67
19830914	13.88	10.81	0.8
19830915	9.28	10.98	1.17
19830916	3.49	11.11	1.09
19830917	6.94	10.38	0.95
19830918	11.29	9.79	1.13
19830919	12.73	8.6	1.54
19830920	6.5	6.3	1.95
19830921	0.57	7.26	1.45
19830922	18.25	9.94	1.24
19830923	1.2	13.52	2.04
19830924	0.13	6.1	1.35
19830925	0.0	10.25	1.12
19830926	0.39	14.4	1.01
19830927	0.12	14.1	0.96
19830928	8.59	9.75	0.96
19830929	9.37	8.01	2.0
19830930	2.23	9.75	1.7
19831001	11.12	11.91	1.8
19831002	9.48	12.74	2.19
19831003	19.19	14.33	2.65
19831004	13.39	12.14	5.46
19831005	1.84	9.37	3.39
19831006	12.8	8.21	3.14
19831007	9.43	7.03	3.35
19831008	3.04	4.95	3.08
19831009	5.98	7.52	2.7
19831010	5.64	6.48	2.44
19831011	11.33	7.14	1.73
19831012	13.44	9.54	3.64
19831013	1.84	7.71	2.76
19831014	6.97	6.77	2.26
19831015	21.21	6.31	2.83
19831016	7.36	6.48	4.5
19831017	13.3	8.01	2.92
19831018	21.9	7.77	7.1
19831019	0.21	5.48	4.89
19831020	0.0	2.02	2.92
19831021	0.0	3.01	2.17
19831022	0.09	7.63	1.78
19831023	5.62	3.02	1.69
19831024	0.57	4.31	1.42
19831025	0.53	8.99	1.34
19831026	2.57	8.53	1.19
19831027	0.22	4.13	1.18
19831028	0.0	1.29	1.06
19831029	4.76	5.74	1.04
19831030	0.18	7.92	1.15
19831031	1.89	9.84	0.95
19831101	0.51	7.19	0.98
19831102	4.68	6.72	0.97
19831103	3.45	8.09	1.01
19831104	0.1	6.71	1.07
19831105	0.04	7.44	1.01
19831106	0.98	8.78	0.95
19831107	0.04	10.29	0.94
19831108	0.03	9.4	0.93
19831109	0.0	7.77	0.9
19831110	0.76	7.29	0.89
19831111	0.38	6.87	0.88
19831112	0.08	6.19	0.86
19831113	0.0	2.09	0.84
19831114	0.0	2.66	0.82
19831115	0.0	4.16	0.82
19831116	0.0	4.57	0.81
19831117	0.0	4.11	0.8
19831118	0.02	4.89	0.8
19831119	1.27	4.01	0.81
19831120	0.0	0.86	0.77
19831121	0.0	-2.31	0.76
19831122	0.01	0.44	0.76
19831123	0.01	0.47	0.76
19831124	2.79	4.19	0.77
19831125	7.52	8.99	0.99
19831126	6.6	7.54	1.14
19831127	11.17	5.75	1.22
19831128	0.02	2.36	1.35
19831129	0.0	-1.59	1.05
19831130	1.16	1.03	0.96
19831201	1.27	6.09	0.94
19831202	2.97	9.13	0.97
19831203	1.72	9.66	1.06
19831204	2.36	8.03	1.13
19831205	0.01	3.05	1.12
19831206	0.0	-0.03	1.09
19831207	6.92	4.99	1.16
19831208	0.55	5.71	1.34
19831209	0.06	0.42	1.26
19831210	0.0	-0.93	1.23
19831211	6.8	-1.53	1.23
19831212	11.54	1.06	1.23
19831213	6.19	6.93	2.48
19831214	1.64	3.02	2.54
19831215	0.1	0.3	2.14
19831216	2.31	3.32	1.95
19831217	19.38	2.17	3.48
19831218	5.11	3.15	3.69
19831219	15.78	4.6	4.4
19831220	4.93	5.29	6.18
19831221	2.27	3.38	4.25
19831222	1.69	2.24	3.24
19831223	7.92	2.03	2.67
19831224	29.54	4.81	7.65
19831225	1.19	3.17	6.74
19831226	4.44	5.86	3.9
19831227	7.09	9.52	4.12
19831228	2.95	5.77	3.33
19831229	6.17	5.27	3.67
19831230	6.74	4.85	3.73
19831231	26.36	5.95	7.3
19840101	10.44	2.65	10.66
19840102	21.93	1.62	9.57
19840103	0.82	0.03	6.51
19840104	6.05	1.27	4.28
19840105	1.26	3.69	4.57
19840106	5.26	2.1	4.28
19840107	0.7	0.82	4.19
19840108	0.02	-0.96	3.35
19840109	1.7	2.33	2.86
19840110	7.62	6.81	3.12
19840111	21.06	2.9	4.8
19840112	32.8	3.06	6.17
19840113	12.5	0.21	16.28
19840114	17.22	-2.17	7.34
19840115	4.53	-1.74	5.38
19840116	28.86	-0.8	4.85
19840117	7.42	-1.41	4.24
19840118	3.53	-1.74	3.85
19840119	0.0	-7.5	3.44
19840120	0.0	-7.7	3.17
19840121	8.05	-2.27	3.0
19840122	9.79	-1.0	2.95
19840123	21.39	-2.08	2.46
19840124	0.93	-4.81	1.71
19840125	0.31	-4.84	1.58
19840126	11.03	-1.7	1.71
19840127	0.34	0.98	2.4
19840128	6.75	1.51	2.62
19840129	0.4	1.33	3.1
19840130	7.78	-0.34	3.17
19840131	0.12	-1.65	2.68
19840201	17.21	1.47	2.77
19840202	5.74	2.96	3.29
19840203	10.24	2.27	4.49
19840204	19.01	1.72	9.14
19840205	20.44	1.41	7.24
19840206	5.3	-0.34	6.68
19840207	4.2	0.6	4.08
19840208	0.09	0.84	3.18
19840209	0.19	2.89	2.76
19840210	0.99	4.89	4.73
19840211	0.37	4.55	5.95
19840212	0.0	3.69	5.58
19840213	0.26	2.05	4.62
19840214	0.05	1.93	3.72
19840215	0.0	0.87	3.02
19840216	4.65	3.29	2.68
19840217	4.07	4.46	4.57
19840218	0.0	1.89	4.23
19840219	0.0	-1.28	3.08
19840220	2.72	0.07	2.53
19840221	5.73	2.11	2.75
19840222	1.76	2.76	3.16
19840223	2.68	1.18	2.36
19840224	1.17	2.27	2.11
19840225	1.73	1.82	2.45
19840226	0.06	-0.31	2.25
19840227	0.02	1.05	2.41
19840228	0.04	2.74	2.38
19840229	0.28	5.05	2.65
19840301	10.67	2.02	3.17
19840302	0.01	0.09	3.03
19840303	6.68	3.8	2.72
19840304	0.02	5.59	3.44
19840305	0.03	6.77	3.09
19840306	0.92	7.42	2.88
19840307	0.05	4.58	2.53
19840308	0.13	3.59	1.99
19840309	0.0	4.86	1.81
19840310	0.3	4.58	1.7
19840311	12.32	2.97	1.98
19840312	0.44	2.36	1.99
19840313	1.27	1.66	1.72
19840314	0.05	2.11	1.62
19840315	0.18	0.32	1.52
19840316	0.0	-0.52	1.47
19840317	0.0	0.11	1.43
19840318	0.01	0.33	1.42
19840319	0.0	1.25	1.37
19840320	0.06	1.08	1.33
19840321	0.35	1.93	1.31
19840322	0.0	2.49	1.29
19840323	6.73	3.01	1.31
19840324	35.2	0.97	3.49
19840325	13.64	2.47	3.24
19840326	17.79	1.85	6.89
19840327	4.78	2.79	5.29
19840328	1.51	2.34	4.11
19840329	16.51	3.3	3.76
19840330	0.47	1.36	3.58
19840331	0.06	1.62	2.78
19840401	0.0	0.45	2.41
19840402	0.01	2.47	2.2
19840403	0.0	2.78	2.05
19840404	0.0	2.12	1.91
19840405	0.0	3.66	1.82
19840406	0.92	3.8	1.73
19840407	0.25	4.47	1.69
19840408	0.3	4.61	1.7
19840409	0.75	6.18	1.66
19840410	6.93	4.47	2.29
19840411	1.06	2.52	2.33
19840412	1.14	5.83	2.24
19840413	0.4	8.03	2.18
19840414	0.39	4.13	2.02
19840415	0.02	4.14	1.83
19840416	0.07	3.42	1.67
19840417	10.39	5.83	1.6
19840418	8.77	7.57	1.98
19840419	0.98	8.36	2.2
19840420	0.88	10.49	1.95
19840421	0.34	5.95	1.81
19840422	0.0	5.93	1.68
19840423	0.0	9.23	1.57
19840424	0.0	12.18	1.41
19840425	0.0	11.3	1.13
19840426	0.0	9.94	1.05
19840427	0.0	10.54	1.02
19840428	0.0	8.58	0.98
19840429	0.0	8.38	0.95
19840430	0.0	8.25	0.92
19840501	0.0	7.25	0.89
19840502	0.0	8.82	0.84
19840503	0.06	9.3	0.83
19840504	0.01	7.39	0.82
19840505	0.0	8.98	0.79
19840506	0.02	3.21	0.77
19840507	0.0	4.25	0.76
19840508	0.0	7.54	0.76
19840509	0.08	7.99	0.74
19840510	0.03	8.31	0.73
19840511	0.0	5.68	0.73
19840512	0.0	6.55	0.72
19840513	0.0	8.54	0.71
19840514	0.0	8.29	0.7
19840515	0.01	9.2	0.68
19840516	0.95	8.03	0.67
19840517	0.0	8.78	0.66
19840518	0.0	8.49	0.65
19840519	0.0	9.58	0.63
19840520	2.58	8.92	0.65
19840521	1.91	8.77	0.63
19840522	0.27	12.35	0.62
19840523	0.01	13.95	0.61
19840524	32.26	12.41	0.95
19840525	7.12	5.3	1.28
19840526	2.21	4.45	0.89
19840527	0.0	7.16	0.75
19840528	0.0	10.44	0.69
19840529	0.0	9.84	0.66
19840530	0.0	11.72	0.64
19840531	3.82	13.81	0.64
19840601	15.11	10.0	0.75
19840602	0.15	9.49	0.75
19840603	14.65	8.12	0.96
19840604	5.0	11.47	0.88
19840605	9.35	12.71	0.81
19840606	0.69	12.73	1.04
19840607	0.0	12.95	0.8
19840608	0.0	12.53	0.7
19840609	0.17	12.35	0.66
19840610	0.0	10.41	0.64
19840611	0.03	12.8	0.62
19840612	6.26	11.86	0.64
19840613	0.05	11.14	0.62
19840614	0.0	10.85	0.6
19840615	0.0	16.13	0.6
19840616	2.39	16.66	0.58
19840617	0.0	14.6	0.58
19840618	0.0	17.13	0.55
19840619	0.0	15.99	0.54
19840620	0.87	12.17	0.54
19840621	10.99	10.17	0.53
19840622	0.23	9.97	0.59
19840623	0.03	8.72	0.47
19840624	0.02	11.91	0.45
19840625	0.01	13.43	0.43
19840626	0.1	13.59	0.41
19840627	0.4	9.41	0.41
19840628	0.0	10.61	0.4
19840629	0.01	9.93	0.4
19840630	0.0	9.58	0.4
19840701	0.03	11.03	0.39
19840702	0.0	9.38	0.4
19840703	0.0	12.03	0.4
19840704	0.0	14.02	0.42
19840705	0.0	16.11	0.45
19840706	0.16	16.62	0.48
19840707	0.0	14.76	0.45
19840708	0.11	18.27	0.44
19840709	0.1	16.52	0.44
19840710	1.02	15.92	0.44
19840711	2.76	15.09	0.47
19840712	0.81	14.98	0.48
19840713	0.04	12.56	0.47
19840714	2.65	11.95	0.44
19840715	0.01	11.87	0.44
19840716	0.0	14.53	0.42
19840717	0.0	15.92	0.42
19840718	0.0	17.58	0.41
19840719	0.0	15.73	0.41
19840720	0.0	17.5	0.41
19840721	0.0	14.98	0.38
19840722	0.0	14.76	0.38
19840723	0.0	15.54	0.39
19840724	0.0	16.04	0.39
19840725	0.0	16.83	0.4
19840726	0.13	16.77	0.42
19840727	11.55	13.54	0.55
19840728	0.02	15.04	0.46
19840729	0.05	14.28	0.43
19840730	10.93	16.13	0.44
19840731	4.12	10.54	0.56
19840801	1.94	14.2	0.46
19840802	8.11	12.16	0.49
19840803	0.01	11.86	0.49
19840804	0.04	10.53	0.46
19840805	0.04	12.86	0.45
19840806	1.73	11.87	0.46
19840807	0.0	12.75	0.46
19840808	0.0	14.66	0.47
19840809	1.35	10.69	0.5
19840810	0.0	14.29	0.48
19840811	0.0	14.86	0.47
19840812	0.0	14.71	0.48
19840813	0.0	15.63	0.49
19840814	0.0	13.29	0.47
19840815	0.0	14.01	0.47
19840816	0.0	13.47	0.49
19840817	0.47	16.78	0.51
19840818	3.1	15.94	0.5
19840819	0.0	17.24	0.48
19840820	0.0	18.08	0.47
19840821	0.0	17.05	0.47
19840822	0.0	17.62	0.48
19840823	0.0	17.19	0.5
19840824	0.01	11.66	0.52
19840825	0.0	13.21	0.52
19840826	0.0	16.93	0.5
19840827	0.0	16.4	0.51
19840828	9.52	12.5	0.66
19840829	4.48	13.98	0.61
19840830	3.11	13.7	0.63
19840831	7.28	12.74	0.63
19840901	31.65	10.66	0.75
19840902	13.72	14.0	1.45
19840903	1.26	10.43	1.18
19840904	0.15	8.57	0.68
19840905	0.0	9.28	0.59
19840906	0.0	10.07	0.59
19840907	0.0	12.12	0.62
19840908	16.18	10.99	0.66
19840909	0.03	10.79	0.85
19840910	0.15	10.13	0.65
19840911	0.07	10.88	0.62
19840912	2.58	11.6	0.63
19840913	16.83	12.62	0.79
19840914	0.41	12.65	0.9
19840915	0.1	12.56	0.73
19840916	2.31	10.73	0.68
19840917	0.38	7.66	0.69
19840918	2.23	9.56	0.68
19840919	0.98	8.54	0.71
19840920	6.43	7.9	0.73
19840921	1.23	6.5	0.76
19840922	13.12	7.21	0.9
19840923	8.96	7.96	1.37
19840924	0.03	8.99	1.15
19840925	0.0	9.32	0.88
19840926	1.48	9.56	0.75
19840927	18.86	11.23	1.01
19840928	3.74	9.59	1.52
19840929	14.36	10.31	1.25
19840930	5.28	5.87	1.82
19841001	2.6	4.76	1.48
19841002	0.82	5.05	1.22
19841003	0.92	6.02	1.06
19841004	0.01	5.64	0.97
19841005	0.0	6.95	0.9
19841006	0.55	8.2	0.85
19841007	5.05	9.92	0.83
19841008	0.44	9.53	0.89
19841009	0.8	8.92	0.87
19841010	0.99	9.09	0.87
19841011	0.69	7.76	0.86
19841012	11.43	9.32	1.0
19841013	6.77	9.11	1.49
19841014	0.92	11.17	1.26
19841015	0.03	10.23	1.13
19841016	2.17	8.73	1.11
19841017	11.87	7.86	1.19
19841018	29.06	7.3	3.04
19841019	7.47	6.45	2.54
19841020	0.1	6.88	2.15
19841021	37.23	8.67	3.6
19841022	0.67	8.07	5.88
19841023	3.04	7.03	2.71
19841024	45.81	7.12	5.85
19841025	5.56	6.58	9.01
19841026	1.78	5.66	4.16
19841027	6.44	7.94	3.17
19841028	13.41	7.72	2.92
19841029	36.15	9.03	14.29
19841030	4.32	7.87	7.5
19841031	0.86	9.88	4.22
19841101	19.42	8.43	4.32
19841102	4.29	6.24	4.41
19841103	72.93	4.22	23.28
19841104	0.02	1.78	24.23
19841105	0.0	-0.72	6.44
19841106	5.9	-0.19	4.04
19841107	3.08	5.06	3.72
19841108	20.07	8.57	5.15
19841109	31.52	7.82	7.48
19841110	0.39	8.06	10.64
19841111	20.64	7.73	6.94
19841112	0.09	5.22	7.25
19841113	0.41	5.53	4.49
19841114	0.13	5.2	3.94
19841115	16.12	4.75	3.52
19841116	10.87	4.49	5.08
19841117	12.06	4.44	5.83
19841118	6.91	4.51	6.43
19841119	0.11	3.61	5.56
19841120	0.83	3.67	4.27
19841121	19.71	5.65	4.3
19841122	4.76	5.29	5.96
19841123	11.64	5.76	5.14
19841124	21.82	5.61	7.39
19841125	3.13	4.52	9.84
19841126	13.34	5.46	6.91
19841127	32.99	6.48	17.94
19841128	3.01	4.96	13.02
19841129	1.75	7.83	6.64
19841130	0.02	5.77	4.83
19841201	9.79	2.88	4.34
19841202	0.81	3.13	3.97
19841203	4.8	5.0	3.66
19841204	3.29	6.82	3.29
19841205	2.2	4.43	3.22
19841206	19.84	5.72	3.15
19841207	4.32	7.88	5.82
19841208	4.83	4.44	4.47
19841209	0.43	6.63	3.7
19841210	0.05	6.97	3.17
19841211	0.17	4.93	2.8
19841212	0.0	2.76	2.44
19841213	1.48	4.05	1.93
19841214	2.7	5.04	1.86
19841215	2.34	1.35	1.75
19841216	5.72	1.18	1.68
19841217	11.68	1.09	2.56
19841218	4.19	2.13	2.03
19841219	32.76	4.97	4.04
19841220	1.51	2.22	6.56
19841221	3.57	3.47	4.55
19841222	10.33	7.8	3.92
19841223	8.46	6.01	4.74
19841224	2.17	2.69	4.55
19841225	3.26	1.45	3.93
19841226	0.01	-3.41	3.1
19841227	0.87	-2.77	2.38
19841228	2.97	1.79	2.14
19841229	4.11	3.3	2.17
19841230	2.48	5.05	2.1
19841231	0.04	2.77	1.93
19850101	0.05	1.19	1.66
19850102	0.02	-0.35	1.6
19850103	0.0	0.51	1.52
19850104	0.26	1.56	1.45
19850105	0.22	0.52	1.37
19850106	0.86	1.24	1.27
19850107	0.09	-0.62	1.23
19850108	0.01	0.61	1.19
19850109	0.0	0.48	1.14
19850110	0.0	-1.99	1.11
19850111	0.0	-3.94	1.08
19850112	0.01	-4.11	1.06
19850113	0.79	-1.78	1.04
19850114	0.19	-1.07	1.02
19850115	3.34	-1.38	1.01
19850116	13.17	-0.32	1.08
19850117	12.17	-0.4	1.29
19850118	0.05	-0.09	1.23
19850119	1.18	-1.63	1.16
19850120	0.61	-1.87	1.12
19850121	21.22	0.04	1.88
19850122	0.1	-1.76	1.71
19850123	0.75	-2.27	1.27
19850124	0.26	-3.46	1.19
19850125	0.04	-6.1	1.13
19850126	0.01	-6.67	0.97
19850127	8.98	-3.21	1.12
19850128	1.69	2.6	1.17
19850129	0.29	4.22	1.72
19850130	9.19	5.17	3.84
19850131	3.84	5.24	5.28
19850201	8.55	5.36	4.75
19850202	1.55	3.6	4.97
19850203	0.61	4.16	3.84
19850204	0.01	5.0	2.63
19850205	0.0	3.82	2.05
19850206	1.15	2.45	2.21
19850207	1.33	0.71	2.05
19850208	0.24	-1.18	1.95
19850209	0.95	-2.99	1.85
19850210	0.01	-3.29	1.76
19850211	0.0	-4.98	1.68
19850212	0.0	-4.07	1.63
19850213	0.34	-1.6	1.49
19850214	0.03	-4.68	1.19
19850215	0.0	-3.98	1.08
19850216	0.0	-2.81	1.12
19850217	0.12	-1.46	1.1
19850218	5.26	0.54	1.07
19850219	6.58	1.77	1.23
19850220	0.05	2.85	1.22
19850221	0.02	3.6	1.2
19850222	12.17	5.26	1.25
19850223	7.18	7.41	2.72
19850224	0.01	3.8	2.14
19850225	0.0	2.86	1.76
19850226	0.02	4.68	1.59
19850227	0.02	4.42	1.46
19850228	0.01	2.63	1.37
19850301	1.05	1.13	1.33
19850302	0.2	2.14	1.29
19850303	13.99	3.69	1.45
19850304	0.3	3.5	1.85
19850305	0.06	4.96	1.5
19850306	1.17	4.93	1.45
19850307	0.0	3.86	1.41
19850308	4.19	5.67	1.38
19850309	6.99	6.64	1.54
19850310	0.01	3.59	1.69
19850311	0.01	4.5	1.54
19850312	1.76	4.55	1.51
19850313	0.06	2.72	1.48
19850314	0.26	0.73	1.42
19850315	1.13	-0.49	1.39
19850316	0.0	0.04	1.35
19850317	0.0	-0.57	1.3
19850318	0.01	0.1	1.27
19850319	0.04	-1.86	1.22
19850320	0.15	-0.5	1.17
19850321	0.5	0.13	1.15
19850322	4.5	2.84	1.18
19850323	10.43	2.34	1.16
19850324	2.66	2.06	1.35
19850325	0.77	2.22	1.26
19850326	2.14	2.67	1.18
19850327	0.1	2.36	1.13
19850328	3.83	1.14	1.08
19850329	17.92	-1.41	1.13
19850330	9.18	2.58	1.64
19850331	12.96	5.96	3.79
19850401	16.27	6.86	5.92
19850402	7.37	7.77	4.52
19850403	2.89	9.6	3.64
19850404	11.11	8.42	3.42
19850405	13.89	8.31	4.1
19850406	7.27	5.25	6.07
19850407	3.49	6.44	4.24
19850408	3.34	3.86	3.52
19850409	1.65	4.0	3.14
19850410	8.95	3.86	2.77
19850411	1.87	3.51	3.14
19850412	6.3	5.04	2.86
19850413	1.97	5.01	2.77
19850414	0.34	5.15	2.43
19850415	1.61	7.34	2.23
19850416	0.02	8.79	2.01
19850417	0.0	7.82	1.62
19850418	2.29	10.87	1.5
19850419	0.17	4.66	1.59
19850420	0.04	4.91	1.42
19850421	0.05	3.26	1.34
19850422	0.02	6.96	1.22
19850423	0.0	3.25	1.05
19850424	0.48	6.45	1.01
19850425	0.0	2.34	0.97
19850426	0.88	4.48	1.03
19850427	0.22	1.17	1.1
19850428	6.36	1.74	1.14
19850429	2.02	6.96	1.0
19850430	1.36	7.16	0.89
19850501	0.06	5.32	0.83
19850502	0.0	5.79	0.8
19850503	0.0	6.52	0.79
19850504	0.0	5.73	0.77
19850505	0.97	5.79	0.75
19850506	0.03	6.99	0.74
19850507	0.01	9.27	0.72
19850508	0.06	11.28	0.71
19850509	0.22	7.83	0.7
19850510	0.12	6.13	0.68
19850511	0.0	5.81	0.67
19850512	0.0	7.51	0.64
19850513	0.0	10.76	0.63
19850514	6.58	8.63	0.63
19850515	0.61	9.23	0.63
19850516	0.24	9.95	0.6
19850517	0.84	11.6	0.58
19850518	16.17	10.03	0.68
19850519	0.5	7.64	0.7
19850520	0.0	8.4	0.61
19850521	0.07	8.21	0.59
19850522	0.73	8.1	0.58
19850523	22.45	8.29	0.65
19850524	7.15	8.29	1.08
19850525	11.33	10.74	0.92
19850526	0.4	13.07	0.94
19850527	1.49	10.46	0.8
19850528	0.39	8.17	0.82
19850529	0.0	8.0	0.86
19850530	0.0	11.24	0.84
19850531	0.0	11.96	0.75
19850601	0.0	12.61	0.64
19850602	0.0	12.25	0.63
19850603	0.0	12.94	0.62
19850604	0.0	12.35	0.62
19850605	0.84	7.87	0.63
19850606	6.1	6.1	0.66
19850607	0.98	6.07	0.68
19850608	4.54	8.24	0.68
19850609	3.78	8.96	0.68
19850610	1.41	10.34	0.67
19850611	3.61	8.3	0.69
19850612	7.45	7.81	0.73
19850613	10.38	6.32	0.78
19850614	5.29	7.4	0.86
19850615	0.02	8.26	0.75
19850616	0.0	9.56	0.7
19850617	6.58	9.55	0.75
19850618	0.54	9.66	0.74
19850619	0.96	11.08	0.73
19850620	1.09	13.03	0.69
19850621	6.67	10.76	0.72
19850622	2.68	11.05	0.72
19850623	5.96	11.25	0.71
19850624	1.25	9.99	0.75
19850625	4.49	11.74	0.71
19850626	4.58	10.95	0.78
19850627	1.56	10.67	0.75
19850628	0.46	10.17	0.73
19850629	0.65	11.13	0.69
19850630	0.94	13.57	0.67
19850701	0.01	12.72	0.66
19850702	0.04	16.28	0.63
19850703	1.24	15.2	0.63
19850704	4.27	17.68	0.62
19850705	10.02	11.98	0.79
19850706	0.11	11.62	0.64
19850707	1.92	12.82	0.61
19850708	0.37	12.76	0.61
19850709	0.01	11.83	0.6
19850710	1.76	13.4	0.6
19850711	12.43	14.62	0.81
19850712	4.81	11.45	0.9
19850713	4.39	12.86	0.84
19850714	0.03	10.67	0.79
19850715	12.5	11.16	1.02
19850716	1.06	12.78	1.19
19850717	17.58	11.18	1.82
19850718	3.89	10.66	1.56
19850719	1.86	9.99	1.27
19850720	2.01	9.93	1.13
19850721	5.27	11.19	1.02
19850722	12.94	11.08	1.53
19850723	8.58	12.54	1.37
19850724	0.31	15.81	1.42
19850725	0.25	16.48	1.31
19850726	55.33	12.42	4.8
19850727	4.91	10.94	10.9
19850728	10.99	12.91	4.52
19850729	4.48	11.93	4.27
19850730	0.0	13.81	2.82
19850731	0.0	11.99	2.08
19850801	33.03	11.96	2.41
19850802	8.88	12.22	9.75
19850803	3.16	10.9	4.19
19850804	1.88	11.62	2.97
19850805	0.57	11.85	2.09
19850806	0.21	11.58	1.63
19850807	0.14	10.59	1.41
19850808	4.0	8.72	1.28
19850809	2.64	10.1	1.22
19850810	1.13	11.45	1.12
19850811	19.1	10.36	1.5
19850812	3.4	10.58	1.88
19850813	13.35	11.49	1.85
19850814	28.02	10.85	6.44
19850815	19.06	11.46	8.1
19850816	3.16	11.46	11.25
19850817	0.62	13.43	6.46
19850818	5.06	13.67	4.25
19850819	2.45	13.58	3.09
19850820	18.66	12.74	5.25
19850821	5.69	11.78	4.62
19850822	2.15	10.73	3.95
19850823	36.9	11.48	6.05
19850824	3.02	11.73	11.64
19850825	1.11	9.97	5.64
19850826	9.11	11.06	4.29
19850827	24.01	12.83	7.24
19850828	0.11	9.02	8.68
19850829	5.52	11.35	5.48
19850830	2.29	12.53	4.23
19850831	11.69	11.49	3.55
19850901	0.7	10.93	3.36
19850902	21.13	9.65	4.81
19850903	0.32	7.26	4.61
19850904	9.19	7.94	4.42
19850905	0.1	7.19	4.12
19850906	0.2	8.1	2.96
19850907	7.83	7.49	2.89
19850908	1.23	9.06	2.93
19850909	1.06	12.15	3.03
19850910	0.02	11.63	3.02
19850911	0.0	11.85	2.94
19850912	3.38	13.17	2.9
19850913	4.0	11.27	2.38
19850914	11.78	10.14	2.32
19850915	0.85	9.85	2.05
19850916	5.28	10.46	2.66
19850917	2.87	9.49	2.88
19850918	54.7	9.59	9.97
19850919	0.42	8.92	12.19
19850920	37.81	8.24	6.64
19850921	26.91	6.69	22.83
19850922	40.59	8.33	24.08
19850923	1.03	11.48	32.18
19850924	0.0	10.62	11.75
19850925	6.24	12.41	7.0
19850926	2.78	14.28	4.82
19850927	0.07	15.42	3.9
19850928	0.04	12.94	3.24
19850929	0.02	15.53	2.82
19850930	54.62	15.87	6.33
19851001	3.33	15.18	19.55
19851002	14.54	12.92	10.37
19851003	6.15	11.84	9.28
19851004	6.88	10.8	6.33
19851005	1.68	10.88	4.2
19851006	2.09	8.93	3.62
19851007	4.05	7.8	3.08
19851008	2.43	7.52	2.81
19851009	1.58	8.16	2.67
19851010	7.1	10.17	2.72
19851011	0.0	6.05	2.53
19851012	0.0	7.87	2.33
19851013	0.0	9.16	2.29
19851014	0.01	13.83	2.12
19851015	0.0	8.85	1.94
19851016	0.0	9.13	1.6
19851017	0.0	8.98	1.48
19851018	0.0	6.23	1.38
19851019	0.0	6.71	1.36
19851020	0.0	9.19	1.32
19851021	0.0	6.53	1.31
19851022	0.0	5.22	1.26
19851023	0.0	6.58	1.19
19851024	0.0	5.9	1.19
19851025	0.0	6.93	1.17
19851026	0.0	6.35	1.12
19851027	0.0	6.49	1.09
19851028	0.0	6.48	1.02
19851029	0.0	5.62	1.01
19851030	0.36	5.51	1.04
19851031	0.02	1.97	0.98
19851101	0.91	2.36	1.07
19851102	0.0	0.2	1.05
19851103	0.09	3.3	0.99
19851104	5.17	5.96	1.02
19851105	1.4	1.68	1.08
19851106	14.77	3.2	1.29
19851107	0.8	3.67	1.22
19851108	9.55	6.97	1.27
19851109	9.67	1.81	1.68
19851110	0.09	0.1	1.37
19851111	0.19	-0.25	1.23
19851112	0.0	-1.21	1.13
19851113	0.21	0.21	1.14
19851114	8.09	2.69	1.28
19851115	11.14	3.21	1.23
19851116	1.42	1.32	1.49
19851117	0.03	2.09	1.41
19851118	0.01	1.59	1.3
19851119	0.36	1.06	1.24
19851120	0.93	1.46	1.43
19851121	0.58	-0.19	1.62
19851122	0.95	1.55	1.41
19851123	0.66	2.95	1.08
19851124	0.03	1.51	1.08
19851125	0.0	-0.05	1.1
19851126	0.18	-1.07	1.09
19851127	1.29	-1.65	1.04
19851128	0.23	-4.86	1.02
19851129	0.0	-4.55	0.96
19851130	48.42	3.24	2.51
19851201	11.7	9.17	9.06
19851202	12.43	9.44	5.53
19851203	13.52	7.83	5.61
19851204	3.45	6.24	3.69
19851205	7.42	4.73	3.52
19851206	27.91	2.2	5.14
19851207	20.52	0.96	6.89
19851208	4.83	1.72	6.02
19851209	0.07	-0.94	4.33
19851210	3.42	0.38	3.59
19851211	3.92	4.88	4.42
19851212	19.57	7.15	10.48
19851213	1.44	6.51	8.47
19851214	2.53	8.39	5.78
19851215	0.79	8.29	4.39
19851216	5.06	8.44	3.26
19851217	5.82	5.73	3.54
19851218	4.8	3.42	3.35
19851219	15.63	4.54	3.45
19851220	28.25	7.22	7.04
19851221	4.76	5.69	13.02
19851222	1.58	3.42	6.77
19851223	5.21	4.42	4.48
19851224	3.32	3.86	3.84
19851225	7.12	1.17	4.45
19851226	0.0	-3.12	3.71
19851227	0.09	-3.88	3.12
19851228	0.0	-5.3	2.74
19851229	0.01	-5.45	2.45
19851230	14.49	-0.39	2.41
19851231	11.17	1.32	3.37
19860101	5.03	1.53	3.14
19860102	1.31	0.16	3.3
19860103	0.0	-3.37	2.61
19860104	6.04	-2.99	2.41
19860105	0.81	-2.72	2.25
19860106	0.01	-4.77	2.08
19860107	3.18	-1.05	2.0
19860108	1.45	0.05	1.94
19860109	23.05	3.51	2.93
19860110	18.91	3.34	11.64
19860111	15.82	2.49	9.51
19860112	4.61	4.98	6.95
19860113	21.21	4.0	7.64
19860114	9.55	2.91	9.92
19860115	0.02	0.44	5.59
19860116	0.0	-1.13	3.75
19860117	5.77	1.49	3.12
19860118	7.53	2.48	3.35
19860119	7.38	1.79	3.36
19860120	19.78	3.91	5.96
19860121	11.3	1.39	5.77
19860122	10.39	1.58	6.57
19860123	0.65	0.07	5.28
19860124	0.01	-2.38	3.82
19860125	0.31	-2.84	3.2
19860126	5.67	0.85	2.98
19860127	1.39	-0.33	2.91
19860128	2.31	-1.46	2.38
19860129	9.89	-0.61	2.21
19860130	3.15	1.06	3.05
19860131	1.62	0.72	2.71
19860201	0.11	0.25	2.37
19860202	1.44	0.22	2.13
19860203	4.69	0.38	2.08
19860204	0.32	-0.66	2.01
19860205	10.29	-1.36	1.86
19860206	4.6	-2.94	1.77
19860207	0.17	-2.72	1.68
19860208	0.01	-2.42	1.61
19860209	0.01	-2.13	1.55
19860210	0.1	-3.88	1.5
19860211	0.0	-5.1	1.44
19860212	0.0	-3.09	1.39
19860213	0.0	-1.08	1.36
19860214	3.4	-1.49	1.34
19860215	1.44	-0.65	1.34
19860216	1.18	-0.68	1.32
19860217	0.03	-1.13	1.31
19860218	0.01	-0.74	1.28
19860219	5.27	-1.79	1.28
19860220	1.79	-2.63	1.26
19860221	1.91	-5.86	1.23
19860222	1.09	-4.21	1.2
19860223	0.07	-3.43	1.19
19860224	0.05	-1.02	1.17
19860225	1.19	-3.54	1.15
19860226	0.08	-4.81	1.13
19860227	1.53	-3.74	1.11
19860228	0.36	-2.41	1.11
19860301	0.01	-5.68	1.14
19860302	0.0	-3.72	1.1
19860303	4.77	2.2	1.12
19860304	15.87	5.12	6.73
19860305	16.32	2.78	7.63
19860306	4.41	3.31	5.45
19860307	0.14	4.48	3.74
19860308	1.78	4.4	3.29
19860309	1.22	4.45	3.07
19860310	1.97	4.18	2.79
19860311	2.91	4.65	2.5
19860312	0.02	3.81	2.47
19860313	3.79	3.5	2.21
19860314	4.22	6.52	2.51
19860315	3.35	7.78	2.71
19860316	6.3	4.62	2.64
19860317	3.38	3.66	2.42
19860318	5.41	0.96	2.46
19860319	8.2	4.27	2.36
19860320	10.18	2.42	2.99
19860321	13.65	5.76	2.99
19860322	18.75	3.91	7.0
19860323	7.25	0.44	7.22
19860324	0.66	1.88	4.49
19860325	0.08	3.26	3.15
19860326	12.51	3.51	2.84
19860327	5.46	2.59	3.6
19860328	3.49	3.32	3.13
19860329	1.85	2.88	2.8
19860330	0.18	0.06	2.44
19860331	0.01	1.45	2.15
19860401	0.17	2.43	1.96
19860402	0.48	2.45	1.74
19860403	0.01	1.97	1.63
19860404	0.88	2.86	1.54
19860405	0.14	2.76	1.47
19860406	1.01	1.4	1.57
19860407	0.73	2.2	1.45
19860408	0.0	2.42	1.53
19860409	1.19	3.58	1.56
19860410	0.0	-0.15	1.55
19860411	0.32	4.18	1.48
19860412	0.71	3.75	1.28
19860413	0.17	2.45	1.2
19860414	2.67	1.72	1.18
19860415	16.03	1.2	1.26
19860416	6.68	0.63	1.85
19860417	0.01	0.99	1.52
19860418	0.42	2.82	1.42
19860419	26.76	4.23	1.77
19860420	0.8	3.47	4.71
19860421	0.41	3.73	2.75
19860422	11.8	3.03	2.49
19860423	0.92	3.29	2.54
19860424	0.07	5.49	2.1
19860425	0.63	6.79	1.95
19860426	0.88	6.31	1.83
19860427	2.37	6.57	1.74
19860428	2.07	5.29	1.77
19860429	17.25	5.93	1.51
19860430	11.56	8.51	3.49
19860501	0.0	7.97	3.41
19860502	0.21	11.05	2.14
19860503	0.66	8.38	1.85
19860504	1.08	8.94	1.65
19860505	13.07	7.2	1.73
19860506	11.17	8.18	1.79
19860507	16.96	5.83	4.36
19860508	0.25	7.85	3.23
19860509	30.35	9.26	4.22
19860510	6.26	9.85	9.23
19860511	7.86	8.83	5.35
19860512	11.21	8.98	6.06
19860513	3.32	5.57	6.04
19860514	8.07	5.78	4.18
19860515	2.16	7.11	3.06
19860516	0.06	7.25	2.43
19860517	19.07	9.17	2.81
19860518	0.83	10.55	2.93
19860519	0.15	8.82	2.41
19860520	9.93	10.45	2.51
19860521	11.98	7.0	3.31
19860522	8.56	6.98	3.73
19860523	2.09	8.88	3.36
19860524	9.75	8.98	3.01
19860525	14.97	9.38	3.41
19860526	15.96	7.55	3.7
19860527	5.57	6.62	5.24
19860528	1.64	7.34	3.7
19860529	0.39	8.96	3.31
19860530	6.7	9.02	2.97
19860531	2.6	12.23	2.81
19860601	0.79	12.26	2.54
19860602	0.16	13.21	2.06
19860603	0.1	7.82	1.58
19860604	0.08	7.23	1.44
19860605	0.0	7.42	1.36
19860606	0.0	8.62	1.26
19860607	0.0	8.54	1.21
19860608	16.07	10.29	1.19
19860609	2.31	8.79	1.44
19860610	20.57	5.92	2.68
19860611	0.0	9.11	1.77
19860612	10.4	10.52	1.83
19860613	0.12	13.42	1.8
19860614	0.0	16.9	1.56
19860615	0.0	15.23	1.33
19860616	2.46	15.88	1.3
19860617	28.08	11.35	2.66
19860618	0.07	10.03	2.18
19860619	0.0	10.57	1.61
19860620	0.0	8.07	1.42
19860621	0.0	10.46	1.29
19860622	0.01	10.52	1.17
19860623	0.17	9.69	1.07
19860624	1.61	11.8	1.0
19860625	0.01	13.15	0.96
19860626	0.11	16.37	0.87
19860627	0.0	16.73	0.83
19860628	0.0	18.34	0.79
19860629	0.0	16.47	0.77
19860630	0.0	15.81	0.77
19860701	0.0	15.6	0.75
19860702	0.01	15.2	0.75
19860703	5.05	14.48	0.75
19860704	3.46	12.92	0.8
19860705	0.22	11.87	0.76
19860706	0.0	10.3	0.71
19860707	0.0	10.88	0.69
19860708	0.0	10.37	0.66
19860709	0.65	10.31	0.65
19860710	1.48	9.95	0.65
19860711	0.0	12.15	0.65
19860712	0.04	12.76	0.65
19860713	0.17	15.21	0.64
19860714	1.04	17.37	0.65
19860715	1.96	17.24	0.64
19860716	0.98	14.28	0.64
19860717	0.0	11.13	0.66
19860718	0.0	11.83	0.65
19860719	2.59	11.84	0.66
19860720	0.12	12.93	0.66
19860721	1.27	11.52	0.65
19860722	0.57	10.83	0.65
19860723	0.83	9.23	0.66
19860724	3.27	12.27	0.68
19860725	0.96	12.17	0.68
19860726	2.85	12.98	0.69
19860727	7.33	12.46	0.71
19860728	19.22	14.17	0.84
19860729	0.77	11.28	0.89
19860730	31.13	11.0	1.15
19860731	2.32	9.7	1.28
19860801	10.74	11.8	0.93
19860802	3.25	11.41	1.07
19860803	0.06	11.76	0.9
19860804	4.6	10.95	0.81
19860805	10.46	11.47	0.85
19860806	10.65	11.23	1.15
19860807	4.67	12.56	1.31
19860808	0.6	9.93	1.07
19860809	0.04	11.42	0.92
19860810	0.0	11.47	0.82
19860811	0.0	11.03	0.79
19860812	0.06	13.24	0.75
19860813	13.57	11.86	0.82
19860814	7.76	11.62	0.83
19860815	22.21	10.93	1.08
19860816	0.04	12.23	2.77
19860817	0.8	11.43	1.27
19860818	0.03	10.52	1.07
19860819	3.96	10.41	1.1
19860820	0.04	9.94	1.0
19860821	3.35	8.64	0.94
19860822	0.01	8.55	0.87
19860823	0.89	10.43	0.79
19860824	0.16	9.68	0.76
19860825	1.25	9.94	0.75
19860826	0.07	9.92	0.75
19860827	0.41	9.83	0.71
19860828	0.08	10.18	0.68
19860829	0.0	8.92	0.69
19860830	0.0	7.34	0.65
19860831	2.76	9.36	0.65
19860901	0.23	11.54	0.65
19860902	29.31	9.7	1.01
19860903	0.01	10.25	1.04
19860904	0.09	10.94	0.75
19860905	1.43	9.88	0.7
19860906	0.07	9.42	0.64
19860907	0.7	7.09	0.63
19860908	0.0	7.95	0.6
19860909	0.0	6.04	0.59
19860910	0.47	6.55	0.59
19860911	1.45	6.89	0.59
19860912	0.07	5.56	0.59
19860913	1.26	6.04	0.59
19860914	0.02	5.88	0.59
19860915	0.09	5.33	0.6
19860916	0.0	6.7	0.58
19860917	0.68	4.55	0.58
19860918	0.0	7.53	0.59
19860919	0.0	10.95	0.59
19860920	0.02	11.83	0.58
19860921	0.24	12.82	0.57
19860922	0.02	12.17	0.57
19860923	0.0	12.31	0.58
19860924	0.0	9.5	0.57
19860925	0.44	10.62	0.54
19860926	4.84	6.55	0.59
19860927	4.78	10.49	0.54
19860928	7.22	13.62	0.6
19860929	0.04	13.34	0.58
19860930	0.03	14.01	0.5
19861001	2.72	9.86	0.52
19861002	0.0	8.94	0.53
19861003	0.78	10.45	0.52
19861004	2.51	11.93	0.52
19861005	0.98	11.78	0.57
19861006	2.9	12.65	0.63
19861007	0.04	9.8	0.63
19861008	6.24	11.03	0.62
19861009	0.06	10.56	0.69
19861010	0.76	8.68	0.66
19861011	0.0	9.52	0.65
19861012	0.01	8.44	0.65
19861013	0.04	9.34	0.65
19861014	1.77	7.5	0.65
19861015	0.14	9.18	0.69
19861016	0.02	8.41	0.73
19861017	4.6	9.47	0.73
19861018	6.78	4.78	0.83
19861019	15.89	2.38	1.04
19861020	13.64	3.64	1.44
19861021	6.82	3.57	1.81
19861022	6.08	2.56	1.67
19861023	1.37	4.53	1.45
19861024	15.35	6.48	1.64
19861025	0.23	6.48	1.87
19861026	23.92	8.7	1.56
19861027	5.61	8.99	4.83
19861028	13.48	6.06	3.14
19861029	22.03	6.12	3.91
19861030	5.34	5.1	5.92
19861031	0.01	2.87	3.1
19861101	0.0	0.58	2.63
19861102	3.56	2.6	2.22
19861103	0.24	5.55	1.99
19861104	8.47	7.4	1.83
19861105	0.87	7.4	2.22
19861106	11.36	8.02	1.85
19861107	11.17	6.22	3.18
19861108	14.42	4.83	3.84
19861109	20.91	8.09	6.93
19861110	3.61	6.05	6.01
19861111	0.57	3.95	3.75
19861112	0.81	6.4	2.82
19861113	9.48	7.27	2.73
19861114	5.82	7.03	3.0
19861115	20.12	7.43	2.88
19861116	2.59	4.93	5.51
19861117	9.5	2.2	4.13
19861118	1.91	1.31	3.41
19861119	0.4	2.14	2.95
19861120	0.06	-1.3	2.57
19861121	16.99	0.15	2.53
19861122	21.51	4.11	5.85
19861123	4.11	5.8	6.2
19861124	54.1	8.78	8.56
19861125	10.25	5.25	26.85
19861126	4.68	5.22	9.23
19861127	2.41	8.58	7.94
19861128	0.5	6.35	4.94
19861129	3.81	6.75	3.44
19861130	6.58	7.83	3.05
19861201	3.03	4.81	2.96
19861202	32.9	7.41	7.25
19861203	11.08	7.77	9.56
19861204	37.57	6.73	10.02
19861205	1.1	2.55	19.07
19861206	1.44	3.94	7.16
19861207	5.51	4.62	4.82
19861208	17.11	2.73	4.91
19861209	0.18	1.84	4.93
19861210	20.34	3.22	4.39
19861211	3.03	3.03	7.24
19861212	1.77	2.9	4.55
19861213	1.48	0.93	3.69
19861214	15.42	0.43	3.16
19861215	2.58	0.67	3.99
19861216	8.06	1.39	3.18
19861217	11.15	2.68	5.33
19861218	5.07	-0.23	5.02
19861219	7.03	0.01	3.7
19861220	0.01	0.67	3.03
19861221	0.01	0.3	2.74
19861222	0.1	0.48	2.53
19861223	1.26	0.41	2.32
19861224	15.52	4.7	4.41
19861225	0.33	1.44	4.56
19861226	2.44	1.16	3.37
19861227	0.92	4.32	3.01
19861228	4.6	5.54	3.4
19861229	8.6	1.07	3.11
19861230	32.61	2.37	10.82
19861231	3.54	1.76	7.05
19870101	25.66	1.24	7.78
19870102	0.02	-1.9	6.34
19870103	15.69	1.07	4.06
19870104	6.44	3.82	12.26
19870105	3.95	1.29	6.97
19870106	0.0	-1.14	4.28
19870107	0.0	-3.54	3.42
19870108	0.0	-4.33	2.93
19870109	0.01	-2.99	2.63
19870110	5.32	-4.02	2.41
19870111	14.38	-7.2	2.25
19870112	17.52	-7.28	1.88
19870113	5.58	-5.47	1.85
19870114	7.07	-1.81	1.85
19870115	1.88	-0.18	1.78
19870116	0.07	-1.25	1.47
19870117	0.05	-1.89	1.36
19870118	5.83	-0.77	1.36
19870119	6.62	3.08	1.53
19870120	1.19	5.57	5.74
19870121	0.65	5.45	8.07
19870122	0.08	3.89	5.14
19870123	0.01	3.08	3.41
19870124	0.02	0.92	2.81
19870125	0.12	1.1	2.39
19870126	0.0	0.85	2.04
19870127	0.0	0.06	1.77
19870128	0.0	0.5	1.58
19870129	0.0	-0.65	1.48
19870130	0.0	-2.7	1.4
19870131	0.0	-2.8	1.31
19870201	4.9	-1.34	1.3
19870202	2.78	3.03	1.5
19870203	0.01	2.73	1.52
19870204	15.11	4.97	1.69
19870205	13.97	7.03	3.98
19870206	0.1	3.74	4.17
19870207	3.9	3.01	3.89
19870208	0.49	4.3	3.16
19870209	26.52	1.61	3.79
19870210	0.06	1.53	4.19
19870211	0.01	1.16	2.73
19870212	0.01	0.39	2.26
19870213	0.09	-1.53	1.98
19870214	0.0	-1.61	1.79
19870215	0.0	-1.65	1.64
19870216	0.0	-1.94	1.57
19870217	0.0	-0.27	1.5
19870218	1.01	1.15	1.42
19870219	0.34	3.23	1.38
19870220	0.2	2.83	1.36
19870221	0.0	1.91	1.33
19870222	0.14	2.4	1.26
19870223	0.0	-0.91	1.23
19870224	0.0	-0.11	1.19
19870225	0.52	-0.09	1.16
19870226	17.79	2.0	1.42
19870227	2.96	6.31	1.8
19870228	0.74	6.31	1.64
19870301	27.41	5.02	3.54
19870302	0.0	2.29	3.52
19870303	6.56	0.62	2.34
19870304	1.52	1.55	2.16
19870305	18.27	1.26	2.82
19870306	6.11	0.82	3.55
19870307	4.37	-0.68	2.73
19870308	0.16	-0.32	2.32
19870309	0.01	-0.4	2.08
19870310	0.0	-0.68	1.9
19870311	0.0	-0.94	2.02
19870312	0.0	1.38	2.21
19870313	6.08	2.21	1.85
19870314	0.49	3.39	2.17
19870315	0.07	2.4	2.13
19870316	0.68	3.36	2.17
19870317	2.27	3.03	2.63
19870318	0.02	-0.25	2.09
19870319	0.0	0.05	1.94
19870320	0.02	-2.25	1.84
19870321	0.29	-0.06	1.81
19870322	1.25	2.02	1.81
19870323	0.13	1.44	1.79
19870324	20.38	2.37	1.58
19870325	2.57	2.81	2.3
19870326	42.48	4.23	4.18
19870327	6.4	5.69	12.56
19870328	0.06	1.63	4.49
19870329	0.07	3.32	3.09
19870330	1.79	6.73	2.62
19870331	15.85	4.74	3.26
19870401	4.41	1.43	3.1
19870402	0.14	2.06	2.65
19870403	2.5	3.1	2.44
19870404	0.13	3.63	2.22
19870405	0.41	3.0	2.03
19870406	0.36	3.03	2.22
19870407	6.43	2.74	2.26
19870408	9.75	2.76	2.88
19870409	3.93	3.93	2.86
19870410	26.78	3.6	4.94
19870411	0.18	2.33	4.62
19870412	1.83	7.16	3.5
19870413	0.34	8.6	3.0
19870414	0.06	9.66	2.56
19870415	0.01	7.07	2.26
19870416	0.02	6.81	2.07
19870417	0.0	9.6	1.89
19870418	1.44	9.6	1.79
19870419	12.04	7.18	1.93
19870420	0.11	7.58	1.77
19870421	0.02	7.08	1.29
19870422	0.77	9.92	1.18
19870423	0.0	8.55	1.13
19870424	0.02	9.79	1.07
19870425	0.0	10.66	1.0
19870426	0.0	13.97	0.95
19870427	0.0	13.61	0.91
19870428	0.0	13.21	0.87
19870429	0.0	14.04	0.83
19870430	17.24	8.43	0.9
19870501	10.28	4.69	1.17
19870502	1.31	4.08	1.02
19870503	0.02	4.6	0.84
19870504	0.0	7.42	0.79
19870505	0.0	9.37	0.78
19870506	0.0	9.52	0.75
19870507	0.0	11.69	0.8
19870508	0.0	11.3	0.81
19870509	0.06	6.43	0.83
19870510	1.05	7.75	0.78
19870511	2.81	7.2	0.83
19870512	1.7	5.88	0.8
19870513	6.72	6.07	0.82
19870514	2.28	5.02	0.84
19870515	0.16	5.54	0.84
19870516	8.1	7.67	0.84
19870517	1.49	6.83	0.95
19870518	0.05	9.4	0.84
19870519	0.0	7.39	0.78
19870520	0.0	11.86	0.76
19870521	0.0	9.41	0.76
19870522	0.0	7.63	0.72
19870523	0.0	7.5	0.72
19870524	0.0	8.3	0.73
19870525	0.0	9.49	0.73
19870526	0.0	7.56	0.75
19870527	0.0	8.45	0.74
19870528	0.4	7.88	0.72
19870529	15.77	9.16	0.71
19870530	4.27	11.02	0.8
19870531	2.59	10.76	0.89
19870601	0.0	9.44	0.85
19870602	6.09	10.66	0.87
19870603	1.9	8.1	0.81
19870604	0.39	9.99	0.83
19870605	38.56	9.15	0.78
19870606	20.89	9.13	1.52
19870607	3.94	9.38	7.34
19870608	0.68	7.49	3.68
19870609	1.07	8.25	2.36
19870610	0.57	8.69	1.76
19870611	3.93	6.94	1.45
19870612	7.66	6.7	1.32
19870613	6.04	7.1	1.32
19870614	9.34	7.39	1.51
19870615	5.01	8.29	1.74
19870616	2.18	9.02	1.78
19870617	0.01	8.31	1.54
19870618	0.0	10.08	1.38
19870619	0.29	11.11	1.21
19870620	0.02	10.0	1.13
19870621	7.85	11.46	1.09
19870622	1.53	10.98	1.08
19870623	7.33	10.23	1.16
19870624	0.04	10.57	1.21
19870625	0.0	7.88	1.3
19870626	0.0	11.65	1.09
19870627	8.37	12.22	1.0
19870628	0.08	13.74	1.07
19870629	0.13	14.47	1.11
19870630	0.57	12.63	1.03
19870701	0.44	11.73	0.97
19870702	0.03	12.42	0.93
19870703	0.72	14.69	0.9
19870704	0.0	16.1	0.88
19870705	0.0	17.3	0.86
19870706	0.0	14.58	0.79
19870707	0.01	11.79	0.73
19870708	0.14	9.95	0.7
19870709	3.95	12.54	0.7
19870710	7.77	13.48	0.86
19870711	0.01	12.53	0.83
19870712	0.02	13.35	0.76
19870713	0.03	14.03	0.73
19870714	8.68	15.94	0.9
19870715	11.9	11.82	0.93
19870716	0.26	10.66	0.84
19870717	11.42	12.01	0.85
19870718	9.22	11.83	1.49
19870719	0.81	13.15	1.17
19870720	0.43	13.29	0.96
19870721	0.03	14.6	0.82
19870722	0.0	13.71	0.75
19870723	0.11	16.22	0.74
19870724	0.12	11.06	0.69
19870725	0.08	10.37	0.67
19870726	9.64	11.75	0.82
19870727	0.14	13.22	0.71
19870728	0.55	13.84	0.69
19870729	4.71	14.75	0.73
19870730	2.13	13.45	0.64
19870731	0.42	13.47	0.62
19870801	0.0	11.25	0.59
19870802	0.01	11.21	0.58
19870803	3.0	10.07	0.56
19870804	0.53	8.4	0.54
19870805	0.14	10.35	0.51
19870806	0.86	10.23	0.52
19870807	0.0	11.46	0.52
19870808	0.04	13.01	0.54
19870809	1.21	12.1	0.53
19870810	0.0	10.35	0.53
19870811	9.91	13.22	0.56
19870812	14.78	14.46	0.8
19870813	0.5	14.35	0.71
19870814	2.88	13.7	0.65
19870815	31.47	15.0	0.98
19870816	2.07	17.05	2.45
19870817	3.78	15.35	1.25
19870818	0.0	11.94	0.99
19870819	5.48	15.24	0.85
19870820	27.14	14.17	2.16
19870821	0.0	13.43	1.64
19870822	0.13	14.73	1.29
19870823	0.05	10.05	1.07
19870824	0.0	12.39	0.93
19870825	6.02	12.96	0.85
19870826	8.21	8.97	1.1
19870827	0.3	14.35	0.87
19870828	0.66	13.73	0.83
19870829	0.12	14.82	0.79
19870830	0.0	13.66	0.79
19870831	11.35	13.63	0.83
19870901	0.37	10.52	0.96
19870902	0.01	13.67	0.79
19870903	2.27	14.49	0.75
19870904	12.44	13.01	0.73
19870905	4.7	11.93	1.06
19870906	2.93	11.3	0.99
19870907	0.38	11.25	0.9
19870908	0.82	11.23	0.82
19870909	29.74	9.54	2.4
19870910	9.07	9.72	2.78
19870911	22.61	11.97	3.7
19870912	4.1	10.92	4.09
19870913	3.36	11.32	2.31
19870914	7.32	8.91	2.02
19870915	1.59	9.59	1.64
19870916	0.06	9.84	1.38
19870917	2.11	9.98	1.23
19870918	0.01	8.55	1.11
19870919	5.92	9.77	1.08
19870920	9.17	11.24	1.12
19870921	15.44	11.81	2.62
19870922	1.37	11.61	2.11
19870923	3.6	10.32	1.63
19870924	0.02	6.79	1.4
19870925	0.1	6.97	1.21
19870926	0.0	5.74	1.1
19870927	0.02	5.76	1.03
19870928	0.0	6.85	1.03
19870929	0.0	8.17	0.95
19870930	0.0	9.3	1.0
19871001	0.01	9.97	0.99
19871002	0.0	8.78	0.97
19871003	0.0	8.04	0.95
19871004	1.1	9.09	0.94
19871005	20.02	9.93	1.36
19871006	4.74	6.57	1.41
19871007	25.16	7.03	4.34
19871008	2.12	4.62	2.52
19871009	1.23	4.6	1.8
19871010	0.02	3.46	1.53
19871011	0.62	5.23	1.39
19871012	1.93	4.8	1.38
19871013	5.73	5.56	1.39
19871014	1.4	4.59	1.54
19871015	9.95	5.27	2.04
19871016	11.37	5.96	1.93
19871017	10.39	8.04	2.3
19871018	2.97	7.39	3.14
19871019	17.01	8.4	3.85
19871020	12.56	9.88	4.14
19871021	9.2	8.23	4.99
19871022	1.05	2.81	3.95
19871023	0.04	2.75	2.81
19871024	0.01	3.84	2.34
19871025	6.11	7.87	2.1
19871026	8.92	5.98	2.29
19871027	5.06	4.82	2.8
19871028	0.03	4.22	2.49
19871029	0.0	2.53	2.31
19871030	5.17	3.45	2.21
19871031	0.04	6.16	2.38
19871101	0.36	7.23	2.06
19871102	0.0	9.7	1.76
19871103	0.0	7.02	1.64
19871104	0.0	4.11	1.46
19871105	0.0	3.42	1.41
19871106	0.01	4.45	1.39
19871107	0.09	3.63	1.36
19871108	4.57	4.7	1.37
19871109	4.34	5.25	1.39
19871110	11.54	4.4	2.02
19871111	15.56	2.58	2.86
19871112	10.25	3.53	3.56
19871113	0.06	4.54	2.74
19871114	8.69	3.41	2.0
19871115	13.84	5.47	3.41
19871116	1.86	6.97	4.39
19871117	0.62	9.05	3.13
19871118	17.37	8.64	3.3
19871119	2.43	5.45	3.89
19871120	0.0	6.29	2.93
19871121	0.13	4.78	2.5
19871122	0.02	2.68	2.2
19871123	0.0	3.24	1.91
19871124	0.07	1.68	1.54
19871125	0.01	-0.47	1.42
19871126	0.0	-1.04	1.28
19871127	0.05	2.0	1.21
19871128	1.32	3.75	1.18
19871129	2.21	1.88	1.15
19871130	0.0	0.62	1.09
19871201	0.01	1.57	0.97
19871202	0.03	2.59	0.94
19871203	0.15	3.01	0.96
19871204	0.07	3.33	0.97
19871205	0.03	3.38	0.96
19871206	0.05	0.82	0.95
19871207	0.01	-2.51	0.94
19871208	0.0	-2.54	1.17
19871209	0.0	-0.52	1.3
19871210	0.0	1.06	1.17
19871211	0.27	0.98	1.15
19871212	0.0	-2.15	0.93
19871213	0.0	-3.67	1.13
19871214	0.0	-2.75	1.07
19871215	9.67	-0.15	0.88
19871216	3.39	4.54	1.01
19871217	8.0	7.0	1.26
19871218	1.24	6.65	1.21
19871219	10.91	8.01	1.22
19871220	6.44	8.18	1.83
19871221	3.23	6.86	1.99
19871222	0.26	4.85	1.6
19871223	1.09	5.66	1.42
19871224	8.49	6.86	1.42
19871225	18.29	7.07	1.75
19871226	9.03	7.14	5.91
19871227	27.21	7.43	8.45
19871228	19.64	8.59	7.67
19871229	4.9	6.67	6.49
19871230	12.79	6.8	4.42
19871231	14.88	5.7	4.45
19880101	16.6	6.67	8.08
19880102	7.08	3.4	7.49
19880103	5.13	1.3	6.71
19880104	2.25	-0.39	4.11
19880105	6.5	0.66	3.17
19880106	0.66	1.54	2.58
19880107	2.58	0.09	2.14
19880108	8.96	5.24	2.45
19880109	14.63	5.89	5.7
19880110	7.77	2.09	4.69
19880111	17.17	2.66	3.86
19880112	2.84	4.18	7.04
19880113	0.9	4.39	4.9
19880114	1.62	4.22	3.08
19880115	2.26	3.44	2.76
19880116	2.48	2.96	2.46
19880117	0.07	0.98	2.32
19880118	24.11	-0.39	2.32
19880119	2.15	3.5	4.86
19880120	0.44	1.59	3.02
19880121	3.08	0.79	2.36
19880122	0.27	-0.61	2.4
19880123	13.32	0.89	2.43
19880124	12.44	2.51	5.75
19880125	11.15	2.39	5.27
19880126	0.08	1.11	4.43
19880127	0.02	0.57	3.21
19880128	3.84	1.26	2.79
19880129	2.81	2.29	2.8
19880130	7.17	2.51	2.93
19880131	13.61	2.58	2.99
19880201	10.23	2.82	4.68
19880202	27.78	2.98	6.46
19880203	4.94	1.8	9.91
19880204	0.14	0.67	4.79
19880205	3.61	0.65	3.98
19880206	0.21	-0.46	3.32
19880207	7.36	0.75	3.05
19880208	14.35	1.86	3.1
19880209	16.24	2.26	5.95
19880210	0.86	1.43	4.31
19880211	0.16	0.45	3.16
19880212	1.61	0.73	2.69
19880213	2.36	2.7	3.05
19880214	7.87	3.77	3.4
19880215	12.9	3.45	5.34
19880216	0.05	3.68	4.0
19880217	1.71	5.4	3.21
19880218	0.21	6.02	3.2
19880219	0.0	5.49	2.79
19880220	0.13	4.76	2.57
19880221	0.1	5.68	2.35
19880222	1.41	3.37	2.25
19880223	0.0	2.07	2.09
19880224	0.12	1.83	1.9
19880225	0.29	1.89	1.79
19880226	0.07	4.42	1.74
19880227	0.0	6.52	1.66
19880228	0.05	1.88	1.62
19880229	0.0	-0.12	1.52
19880301	0.0	-0.62	1.47
19880302	5.29	1.92	1.59
19880303	0.09	-1.08	1.53
19880304	0.0	-0.3	1.24
19880305	0.28	3.7	1.19
19880306	0.33	2.76	1.19
19880307	0.11	3.48	1.15
19880308	0.14	4.92	1.15
19880309	2.15	3.95	1.16
19880310	0.01	4.63	1.18
19880311	3.08	4.18	1.2
19880312	0.29	0.53	1.18
19880313	0.0	-2.87	1.17
19880314	8.86	-0.73	1.15
19880315	33.39	2.41	3.22
19880316	0.03	-0.41	2.86
19880317	0.0	0.92	2.08
19880318	20.76	4.09	2.17
19880319	0.72	8.08	4.26
19880320	1.66	7.22	2.65
19880321	1.54	4.69	2.37
19880322	13.85	5.83	2.58
19880323	8.07	5.71	3.11
19880324	23.3	4.52	5.37
19880325	2.61	5.02	4.79
19880326	0.03	5.07	3.44
19880327	11.85	6.42	2.87
19880328	5.02	4.47	3.66
19880329	5.66	4.86	3.24
19880330	1.29	3.36	3.11
19880331	2.28	6.16	2.73
19880401	7.67	4.36	2.84
19880402	0.06	5.14	2.62
19880403	0.0	4.52	2.53
19880404	0.0	4.86	2.1
19880405	0.0	9.56	1.94
19880406	0.0	8.62	1.8
19880407	5.91	6.14	1.69
19880408	1.97	0.75	1.78
19880409	0.84	3.8	1.62
19880410	1.55	7.22	1.56
19880411	1.33	5.41	1.43
19880412	0.31	-1.01	1.37
19880413	0.05	4.53	1.34
19880414	8.44	8.37	1.38
19880415	13.27	9.44	1.62
19880416	5.39	9.88	2.4
19880417	4.07	8.73	1.83
19880418	40.55	6.36	8.52
19880419	0.4	8.69	7.11
19880420	4.53	8.07	4.12
19880421	0.2	4.85	3.17
19880422	0.02	3.24	2.48
19880423	0.0	3.97	1.99
19880424	0.04	6.48	1.76
19880425	6.27	7.78	1.64
19880426	0.79	4.4	1.62
19880427	1.24	2.99	1.45
19880428	0.0	4.14	1.34
19880429	0.0	4.64	1.27
19880430	5.91	4.59	1.23
19880501	4.46	6.08	1.39
19880502	0.87	8.25	1.26
19880503	14.63	6.93	1.4
19880504	1.85	6.31	1.67
19880505	0.02	8.63	1.41
19880506	0.0	10.25	1.28
19880507	0.02	11.35	1.19
19880508	1.02	8.64	1.14
19880509	0.0	10.16	1.1
19880510	0.04	10.4	1.03
19880511	5.64	8.4	1.02
19880512	0.05	10.03	1.05
19880513	0.53	9.89	0.97
19880514	0.0	9.83	0.93
19880515	0.0	10.17	0.89
19880516	1.18	10.06	0.86
19880517	1.23	4.53	0.87
19880518	0.5	4.43	0.86
19880519	0.76	6.01	0.82
19880520	0.29	6.58	0.81
19880521	0.0	8.44	0.8
19880522	0.0	9.92	0.77
19880523	13.29	9.77	0.81
19880524	10.85	8.69	0.96
19880525	0.01	8.6	0.88
19880526	3.54	9.1	0.8
19880527	0.0	8.86	0.78
19880528	0.0	10.97	0.73
19880529	7.98	10.67	0.79
19880530	0.67	9.86	0.77
19880531	0.14	10.5	0.73
19880601	0.14	11.69	0.73
19880602	0.5	10.77	0.73
19880603	2.06	10.17	0.77
19880604	1.71	8.97	0.74
19880605	0.03	9.42	0.75
19880606	0.83	11.61	0.76
19880607	0.0	10.95	0.77
19880608	0.0	11.37	0.76
19880609	0.0	10.17	0.72
19880610	0.0	11.76	0.73
19880611	0.0	10.38	0.74
19880612	0.0	13.63	0.73
19880613	0.0	15.37	0.74
19880614	0.05	14.95	0.77
19880615	0.03	13.4	0.79
19880616	0.02	12.74	0.79
19880617	0.0	11.49	0.79
19880618	0.0	15.48	0.74
19880619	0.0	14.15	0.76
19880620	1.04	15.73	0.74
19880621	0.32	10.26	0.75
19880622	0.0	13.45	0.74
19880623	0.05	16.02	0.73
19880624	0.0	16.95	0.71
19880625	7.13	15.49	0.75
19880626	0.07	13.57	0.77
19880627	0.13	14.44	0.74
19880628	0.12	13.21	0.73
19880629	0.08	13.25	0.71
19880630	0.77	15.96	0.7
19880701	20.1	13.08	1.0
19880702	13.3	10.75	1.1
19880703	0.22	11.77	0.82
19880704	9.61	12.76	0.77
19880705	7.13	12.51	0.92
19880706	5.51	12.57	0.89
19880707	10.98	11.65	1.13
19880708	3.82	10.97	1.16
19880709	23.08	12.86	1.26
19880710	3.95	13.03	1.99
19880711	1.8	11.32	1.27
19880712	21.7	12.63	1.26
19880713	10.55	12.39	2.16
19880714	1.02	12.26	2.5
19880715	0.22	11.85	1.66
19880716	17.77	11.26	2.02
19880717	0.29	11.84	2.12
19880718	0.82	13.07	1.46
19880719	2.07	12.56	1.38
19880720	5.85	12.38	1.26
19880721	5.14	11.72	1.33
19880722	12.17	12.8	1.63
19880723	13.53	12.74	2.23
19880724	12.09	12.01	3.87
19880725	10.49	11.44	2.95
19880726	2.35	10.92	2.9
19880727	2.12	10.05	2.2
19880728	13.22	9.41	2.82
19880729	1.62	10.63	2.51
19880730	6.88	10.84	2.45
19880731	2.11	12.36	2.03
19880801	4.74	11.03	1.85
19880802	0.96	12.89	1.61
19880803	1.28	10.68	1.48
19880804	0.09	14.35	1.34
19880805	2.75	15.8	1.23
19880806	0.28	15.36	1.21
19880807	0.01	16.63	1.12
19880808	15.89	16.99	1.27
19880809	0.05	13.48	1.3
19880810	8.88	12.49	1.47
19880811	12.45	12.77	1.34
19880812	3.85	11.99	1.59
19880813	35.16	12.66	2.46
19880814	6.86	13.55	3.17
19880815	0.02	12.31	4.85
19880816	0.0	11.53	3.06
19880817	23.69	14.11	3.05
19880818	13.86	12.19	7.99
19880819	17.44	10.89	9.15
19880820	1.44	12.12	6.34
19880821	0.02	10.12	4.07
19880822	0.03	12.55	3.21
19880823	3.53	12.28	2.73
19880824	3.84	11.23	2.63
19880825	0.01	9.9	2.3
19880826	12.86	12.26	2.2
19880827	1.58	11.65	2.59
19880828	5.86	11.04	2.2
19880829	4.44	10.86	2.37
19880830	7.65	10.68	2.62
19880831	2.64	10.71	2.52
19880901	19.75	10.31	4.68
19880902	5.69	10.5	5.38
19880903	3.04	10.54	4.08
19880904	12.93	11.04	3.47
19880905	0.01	12.17	3.88
19880906	12.06	13.71	3.71
19880907	11.77	16.98	3.89
19880908	5.49	12.59	6.55
19880909	2.01	12.13	4.19
19880910	0.09	11.49	3.48
19880911	10.51	10.93	3.19
19880912	0.08	9.75	3.56
19880913	0.03	8.54	2.77
19880914	0.0	7.35	2.36
19880915	0.0	11.81	2.13
19880916	0.0	12.54	1.97
19880917	0.0	11.86	1.88
19880918	0.01	12.21	1.73
19880919	0.0	12.69	1.47
19880920	0.39	12.3	1.37
19880921	2.28	9.42	1.34
19880922	16.04	9.11	1.39
19880923	6.02	7.46	2.1
19880924	0.03	8.05	1.69
19880925	14.57	10.77	1.99
19880926	2.49	10.36	1.92
19880927	6.53	10.87	1.85
19880928	0.17	7.99	1.9
19880929	0.0	4.81	1.71
19880930	0.0	6.67	1.61
19881001	5.73	10.64	1.57
19881002	9.2	12.21	1.62
19881003	6.23	9.15	2.11
19881004	12.97	9.16	2.89
19881005	12.84	8.91	3.3
19881006	22.25	6.41	9.64
19881007	7.52	6.79	6.41
19881008	15.27	7.18	6.75
19881009	0.85	4.37	5.58
19881010	0.0	4.63	3.82
19881011	4.0	6.59	3.16
19881012	7.91	8.6	3.63
19881013	0.86	7.03	3.45
19881014	0.01	6.67	2.95
19881015	0.01	6.51	2.63
19881016	0.14	7.81	2.46
19881017	0.03	9.18	2.32
19881018	18.22	9.57	2.47
19881019	9.34	9.39	4.58
19881020	3.55	9.14	4.11
19881021	3.02	9.72	3.48
19881022	0.88	7.71	3.26
19881023	10.86	7.49	3.89
19881024	6.26	7.7	4.67
19881025	26.76	10.22	5.35
19881026	0.03	9.59	10.99
19881027	3.88	7.31	5.45
19881028	0.11	2.42	4.06
19881029	0.0	1.52	3.41
19881030	0.0	2.1	2.95
19881031	0.0	3.56	2.63
19881101	0.04	3.6	2.49
19881102	0.0	1.84	2.29
19881103	0.0	1.04	2.0
19881104	4.21	2.27	1.74
19881105	0.09	4.71	1.7
19881106	0.12	5.66	1.59
19881107	0.32	4.59	1.55
19881108	18.23	6.04	1.89
19881109	9.85	8.23	2.33
19881110	6.51	7.56	3.3
19881111	1.5	6.52	2.41
19881112	5.8	5.21	2.26
19881113	0.15	6.78	2.1
19881114	0.01	6.8	1.9
19881115	0.0	6.25	1.8
19881116	0.83	6.52	1.71
19881117	7.96	5.36	1.91
19881118	0.0	2.13	1.78
19881119	6.67	0.55	1.73
19881120	0.0	-2.63	1.64
19881121	0.0	-1.73	1.52
19881122	0.0	0.97	1.47
19881123	0.01	2.32	1.44
19881124	0.0	4.54	1.44
19881125	0.01	2.33	1.44
19881126	0.0	2.66	1.38
19881127	6.47	5.6	1.33
19881128	0.34	5.38	1.61
19881129	18.63	3.52	1.88
19881130	9.7	3.14	5.7
19881201	0.34	1.45	3.33
19881202	0.1	0.19	2.43
19881203	17.83	3.88	2.58
19881204	1.32	3.51	4.93
19881205	0.01	2.04	2.99
19881206	0.25	3.26	2.55
19881207	2.95	5.97	2.36
19881208	1.59	6.39	2.34
19881209	0.47	7.14	2.27
19881210	0.01	8.45	2.08
19881211	0.0	6.02	1.94
19881212	0.0	6.84	1.78
19881213	0.0	5.76	1.73
19881214	0.0	6.09	1.69
19881215	1.11	4.87	1.67
19881216	0.0	4.18	1.65
19881217	1.96	6.64	1.66
19881218	3.07	5.96	1.73
19881219	0.12	3.14	1.54
19881220	0.56	6.37	1.28
19881221	5.61	6.19	1.31
19881222	4.46	4.27	1.34
19881223	6.83	3.11	1.66
19881224	6.45	5.01	1.52
19881225	27.08	8.11	2.59
19881226	7.44	5.95	7.17
19881227	2.77	8.34	3.74
19881228	4.66	10.53	2.86
19881229	0.54	8.73	2.49
19881230	0.48	8.51	2.23
19881231	0.0	6.18	1.98
19890101	0.0	6.11	1.83
19890102	0.0	5.03	1.72
19890103	8.44	5.23	1.69
19890104	4.8	3.22	1.97
19890105	7.99	4.07	2.27
19890106	0.17	6.73	2.24
19890107	0.84	9.26	2.03
19890108	16.43	7.24	2.06
19890109	1.9	3.04	3.24
19890110	2.86	3.37	2.55
19890111	29.43	4.36	6.85
19890112	2.75	1.87	5.55
19890113	23.4	5.05	5.31
19890114	11.38	5.74	6.31
19890115	0.39	8.52	6.34
19890116	1.42	4.72	4.25
19890117	0.02	4.39	3.26
19890118	0.84	6.22	2.86
19890119	0.42	7.49	2.59
19890120	13.95	5.33	2.89
19890121	0.02	2.37	3.27
19890122	9.92	4.23	2.8
19890123	1.84	7.8	3.26
19890124	3.89	6.27	3.24
19890125	8.19	4.94	3.17
19890126	4.19	6.86	3.55
19890127	11.23	5.68	4.33
19890128	0.25	4.82	3.85
19890129	0.46	7.18	3.27
19890130	1.77	7.14	2.89
19890131	0.02	5.44	2.54
19890201	1.43	5.67	2.44
19890202	13.04	8.23	2.47
19890203	7.82	7.48	3.12
19890204	17.81	3.62	4.94
19890205	11.39	6.06	6.57
19890206	7.79	8.73	5.51
19890207	0.37	5.18	4.25
19890208	0.07	4.6	3.42
19890209	1.35	5.54	2.98
19890210	0.04	3.18	2.56
19890211	15.35	3.27	2.47
19890212	8.25	2.5	2.48
19890213	13.95	3.85	4.97
19890214	18.65	5.19	3.97
19890215	0.29	0.31	5.09
19890216	0.01	-0.38	3.17
19890217	6.81	2.86	2.77
19890218	12.48	4.68	3.27
19890219	11.01	1.72	3.99
19890220	18.11	1.56	4.73
19890221	4.43	2.41	5.0
19890222	2.17	1.37	4.52
19890223	2.04	0.49	3.57
19890224	28.52	1.25	3.2
19890225	4.66	-1.96	4.4
19890226	0.02	-1.39	2.82
19890227	0.07	1.76	2.46
19890228	1.14	2.91	2.67
19890301	0.0	2.17	2.58
19890302	2.92	2.45	2.57
19890303	0.46	4.18	2.62
19890304	5.29	4.48	3.19
19890305	2.85	7.65	3.57
19890306	2.98	5.05	3.16
19890307	0.54	2.26	3.24
19890308	17.72	4.44	3.54
19890309	30.45	4.65	13.7
19890310	2.55	4.34	9.89
19890311	0.84	5.85	4.87
19890312	10.1	4.54	4.22
19890313	4.26	3.29	3.8
19890314	9.87	3.07	4.4
19890315	0.02	1.16	4.08
19890316	0.04	-0.26	3.25
19890317	6.24	1.63	2.89
19890318	8.94	5.14	3.66
19890319	22.77	3.87	6.56
19890320	2.2	1.27	5.29
19890321	7.28	3.06	3.83
19890322	9.65	1.72	4.07
19890323	29.28	2.73	8.38
19890324	8.78	3.03	12.22
19890325	7.19	4.01	6.82
19890326	0.17	6.92	5.82
19890327	3.1	6.71	4.52
19890328	0.0	4.14	3.86
19890329	17.51	6.51	5.05
19890330	0.3	5.42	5.37
19890331	0.32	7.46	3.99
19890401	0.01	5.78	3.29
19890402	1.4	1.91	2.9
19890403	0.91	1.06	2.64
19890404	2.46	2.2	2.46
19890405	0.32	2.46	2.28
19890406	4.15	2.77	2.05
19890407	3.12	3.97	2.0
19890408	0.91	4.61	1.98
19890409	1.67	5.59	1.92
19890410	3.88	4.04	1.85
19890411	9.01	5.12	1.86
19890412	0.02	3.37	1.86
19890413	0.15	5.15	1.61
19890414	0.33	4.11	1.52
19890415	0.09	5.11	1.46
19890416	1.2	6.86	1.35
19890417	0.04	6.4	1.31
19890418	0.0	5.32	1.23
19890419	0.16	7.95	1.17
19890420	0.07	7.09	1.12
19890421	2.31	6.44	1.1
19890422	0.33	1.95	1.11
19890423	0.01	0.42	1.06
19890424	0.16	1.8	0.98
19890425	1.19	1.57	0.98
19890426	0.02	3.38	0.95
19890427	1.67	4.75	0.88
19890428	3.93	5.66	0.87
19890429	0.2	6.86	0.86
19890430	12.51	9.35	0.93
19890501	0.75	10.46	1.19
19890502	1.23	10.43	0.92
19890503	0.06	11.9	0.87
19890504	0.0	8.9	0.82
19890505	0.0	8.08	0.81
19890506	0.0	9.02	0.77
19890507	0.0	13.86	0.76
19890508	0.0	8.37	0.74
19890509	0.24	5.19	0.73
19890510	1.61	7.14	0.72
19890511	10.04	4.41	0.75
19890512	3.23	5.03	0.77
19890513	0.13	7.27	0.72
19890514	0.34	11.19	0.67
19890515	2.87	9.68	0.66
19890516	0.33	9.4	0.66
19890517	0.29	11.89	0.65
19890518	1.21	10.92	0.66
19890519	0.13	10.04	0.65
19890520	0.0	11.94	0.65
19890521	0.0	12.43	0.62
19890522	0.0	12.53	0.61
19890523	0.01	14.73	0.61
19890524	8.37	9.79	0.68
19890525	0.01	8.45	0.67
19890526	0.0	10.8	0.65
19890527	0.0	13.46	0.66
19890528	0.0	10.4	0.63
19890529	0.32	6.69	0.64
19890530	0.01	6.73	0.63
19890531	6.64	4.77	0.67
19890601	1.19	7.99	0.65
19890602	4.89	7.11	0.67
19890603	0.01	7.78	0.69
19890604	0.44	7.97	0.65
19890605	3.82	8.9	0.66
19890606	6.12	6.41	0.72
19890607	0.34	7.12	0.7
19890608	0.02	8.53	0.67
19890609	0.3	10.71	0.69
19890610	3.33	10.93	0.73
19890611	0.81	15.24	0.69
19890612	5.15	17.14	0.68
19890613	7.46	14.75	0.83
19890614	0.0	11.91	0.69
19890615	0.0	14.88	0.66
19890616	0.01	14.49	0.64
19890617	0.0	16.75	0.65
19890618	0.0	17.3	0.62
19890619	0.0	19.02	0.61
19890620	0.0	15.81	0.6
19890621	0.0	13.09	0.6
19890622	0.0	13.74	0.6
19890623	0.0	10.77	0.57
19890624	1.28	11.8	0.57
19890625	15.46	11.74	0.59
19890626	0.14	10.67	0.59
19890627	2.39	9.27	0.49
19890628	9.14	8.06	0.57
19890629	0.0	7.97	0.5
19890630	8.86	8.94	0.55
19890701	0.07	9.39	0.53
19890702	0.0	12.32	0.46
19890703	0.0	14.68	0.44
19890704	0.0	16.55	0.43
19890705	0.0	16.24	0.43
19890706	0.0	17.29	0.41
19890707	0.0	16.1	0.43
19890708	0.16	12.17	0.43
19890709	0.49	12.83	0.43
19890710	1.79	12.56	0.44
19890711	0.03	14.55	0.42
19890712	0.0	14.57	0.41
19890713	0.0	11.3	0.41
19890714	0.0	15.67	0.41
19890715	0.0	17.52	0.4
19890716	0.0	16.34	0.4
19890717	0.0	14.51	0.4
19890718	0.0	15.76	0.41
19890719	0.31	18.28	0.42
19890720	0.22	16.88	0.43
19890721	0.44	16.53	0.44
19890722	0.0	17.32	0.45
19890723	0.0	19.35	0.43
19890724	0.01	18.87	0.42
19890725	9.73	17.11	0.49
19890726	4.77	14.16	0.46
19890727	15.2	13.62	0.48
19890728	9.14	14.45	0.68
19890729	1.09	12.9	0.57
19890730	0.36	11.94	0.48
19890731	0.15	10.6	0.47
19890801	0.0	11.94	0.47
19890802	0.0	15.83	0.47
19890803	0.0	11.86	0.46
19890804	0.28	14.15	0.48
19890805	3.64	15.66	0.52
19890806	10.76	16.27	0.64
19890807	0.41	14.41	0.56
19890808	14.14	16.57	0.56
19890809	2.58	13.58	0.78
19890810	17.63	12.58	0.71
19890811	1.71	11.83	0.89
19890812	16.8	12.39	0.74
19890813	4.24	11.3	1.18
19890814	12.07	12.47	1.02
19890815	3.17	13.19	1.0
19890816	2.4	12.52	0.83
19890817	4.64	11.94	0.77
19890818	1.2	12.77	0.81
19890819	29.55	14.32	1.27
19890820	19.15	13.77	3.62
19890821	0.89	11.78	1.94
19890822	0.93	12.31	1.26
19890823	2.47	12.99	1.13
19890824	0.66	11.61	1.05
19890825	6.64	11.38	0.96
19890826	5.88	8.73	1.17
19890827	0.23	8.4	1.08
19890828	3.73	11.88	0.96
19890829	4.1	14.02	1.0
19890830	19.66	12.65	2.52
19890831	0.13	11.18	1.88
19890901	1.63	8.68	1.38
19890902	0.0	8.63	1.16
19890903	0.06	10.06	1.03
19890904	0.0	11.73	0.95
19890905	0.3	12.84	0.89
19890906	0.02	12.12	0.85
19890907	3.09	8.93	0.83
19890908	0.08	9.17	0.82
19890909	0.0	7.83	0.77
19890910	0.0	7.61	0.74
19890911	0.38	10.84	0.73
19890912	0.89	11.74	0.75
19890913	6.26	8.23	0.79
19890914	0.67	7.86	0.75
19890915	14.98	10.08	1.0
19890916	0.01	9.02	0.93
19890917	6.42	11.16	0.76
19890918	6.15	12.67	0.86
19890919	9.5	11.99	0.82
19890920	14.69	13.08	1.45
19890921	3.49	12.9	1.5
19890922	9.27	10.63	1.46
19890923	0.0	12.08	1.36
19890924	0.08	14.51	1.13
19890925	0.45	7.97	1.02
19890926	0.08	8.98	0.95
19890927	0.02	9.0	0.91
19890928	0.0	9.5	0.87
19890929	0.0	10.83	0.82
19890930	0.0	10.38	0.76
19891001	0.0	7.5	0.74
19891002	0.0	8.53	0.73
19891003	0.0	8.79	0.73
19891004	5.67	10.58	0.73
19891005	3.5	8.82	0.8
19891006	0.58	9.78	0.77
19891007	0.44	9.09	0.76
19891008	0.03	10.78	0.75
19891009	0.01	9.68	0.74
19891010	0.44	10.9	0.73
19891011	0.86	11.33	0.76
19891012	0.36	8.77	0.76
19891013	2.5	6.62	0.78
19891014	0.33	5.22	0.79
19891015	15.21	9.38	0.87
19891016	4.51	14.0	0.99
19891017	7.61	11.86	1.01
19891018	6.45	10.04	1.59
19891019	6.87	9.11	1.65
19891020	16.52	7.62	1.82
19891021	5.4	8.06	2.75
19891022	0.95	8.62	1.93
19891023	2.93	8.4	1.67
19891024	15.93	8.7	1.9
19891025	7.63	7.02	2.8
19891026	0.26	5.38	2.34
19891027	20.6	6.35	3.43
19891028	3.27	8.26	4.1
19891029	5.09	9.66	2.86
19891030	6.84	9.09	2.51
19891031	7.37	7.08	2.91
19891101	6.79	7.27	2.61
19891102	1.5	7.44	2.49
19891103	2.58	6.44	2.14
19891104	0.52	3.51	1.97
19891105	0.0	3.03	1.7
19891106	3.9	3.87	1.54
19891107	1.09	4.07	1.57
19891108	0.03	2.96	1.45
19891109	11.63	4.95	1.61
19891110	7.85	6.97	2.09
19891111	0.34	5.91	2.04
19891112	10.46	4.86	2.15
19891113	0.12	9.02	2.15
19891114	0.0	8.89	1.82
19891115	0.0	5.17	1.62
19891116	0.0	5.03	1.48
19891117	2.62	4.41	1.37
19891118	3.53	6.82	1.41
19891119	0.09	6.78	1.32
19891120	0.35	6.17	1.22
19891121	0.09	3.64	1.15
19891122	0.0	0.99	1.1
19891123	0.0	1.79	1.05
19891124	0.0	-0.0	1.02
19891125	0.0	-0.82	0.97
19891126	0.0	0.22	0.94
19891127	0.01	-0.57	0.93
19891128	0.0	1.06	0.89
19891129	0.0	1.55	0.86
19891130	0.0	1.82	0.85
19891201	0.0	1.34	0.84
19891202	0.0	0.04	0.84
19891203	0.0	-0.33	0.83
19891204	0.03	-0.1	0.84
19891205	0.04	1.37	0.82
19891206	0.02	2.2	0.82
19891207	0.0	-0.35	0.82
19891208	0.0	0.02	0.82
19891209	0.22	1.63	0.82
19891210	0.02	1.13	0.82
19891211	0.94	0.23	0.82
19891212	0.03	-0.26	0.82
19891213	1.16	-1.97	0.81
19891214	0.06	-2.77	0.8
19891215	0.2	-1.82	0.8
19891216	54.73	3.11	3.68
19891217	1.82	3.97	6.32
19891218	0.0	-0.81	2.9
19891219	1.93	-1.8	1.89
19891220	2.57	1.88	1.64
19891221	2.55	3.74	1.67
19891222	1.4	2.42	1.67
19891223	9.97	5.39	1.62
19891224	15.95	6.56	3.51
19891225	0.2	4.31	2.78
19891226	0.02	1.43	2.07
19891227	0.01	-1.85	1.76
19891228	0.07	-1.25	1.58
19891229	0.02	0.93	1.48
19891230	0.0	1.05	1.38
19891231	1.65	1.18	1.32
19900101	7.66	2.0	1.48
19900102	10.47	2.09	1.51
19900103	10.39	3.14	2.52
19900104	2.45	4.82	2.44
19900105	4.8	5.2	2.06
19900106	4.77	3.59	2.06
19900107	3.78	3.62	2.2
19900108	2.48	4.65	2.11
19900109	18.77	5.77	2.02
19900110	1.84	7.2	4.32
19900111	8.17	7.67	3.23
19900112	1.79	3.6	2.73
19900113	3.54	4.54	2.31
19900114	13.99	8.13	2.92
19900115	6.04	7.77	4.84
19900116	27.48	5.67	8.3
19900117	13.17	2.6	8.11
19900118	14.31	3.58	6.05
19900119	11.77	2.86	9.94
19900120	2.14	6.84	7.85
19900121	7.67	6.57	5.53
19900122	18.71	3.8	5.44
19900123	21.07	1.04	10.25
19900124	24.05	-0.19	6.35
19900125	28.33	0.43	7.76
19900126	8.21	1.07	5.27
19900127	0.21	1.56	5.4
19900128	4.58	1.33	4.23
19900129	4.97	4.55	7.37
19900130	8.19	3.92	13.13
19900131	8.26	3.67	9.99
19900201	5.84	3.16	8.04
19900202	12.11	3.08	7.02
19900203	16.58	4.56	6.36
19900204	15.61	8.26	17.62
19900205	11.42	7.62	13.31
19900206	10.03	4.81	11.48
19900207	2.72	2.94	6.7
19900208	8.18	2.89	5.14
19900209	2.3	5.23	4.51
19900210	8.05	2.41	3.93
19900211	17.59	1.05	4.14
19900212	1.21	0.15	3.91
19900213	10.6	0.07	3.59
19900214	9.34	0.39	2.88
19900215	0.02	-0.11	2.67
19900216	10.3	1.67	2.31
19900217	19.12	3.82	8.13
19900218	11.55	5.06	10.87
19900219	9.86	7.0	14.8
19900220	9.76	5.12	9.65
19900221	2.4	5.63	6.37
19900222	0.07	9.83	4.42
19900223	36.05	7.6	6.38
19900224	31.25	5.63	24.52
19900225	26.0	4.43	19.35
19900226	9.68	1.33	15.69
19900227	3.07	1.69	7.49
19900228	1.01	0.57	4.67
19900301	0.94	-0.72	3.45
19900302	1.26	2.96	2.95
19900303	15.7	3.63	3.73
19900304	8.57	4.62	4.7
19900305	17.26	6.37	6.17
19900306	3.38	8.64	8.97
19900307	2.03	6.36	5.92
19900308	17.21	2.73	5.66
19900309	15.37	5.28	5.83
19900310	5.32	7.98	8.84
19900311	2.24	5.86	5.95
19900312	2.83	6.42	4.61
19900313	10.99	6.58	5.19
19900314	10.35	8.21	4.22
19900315	5.13	9.11	5.64
19900316	4.92	8.91	4.24
19900317	0.02	9.24	4.0
19900318	5.43	7.47	3.39
19900319	3.14	5.01	2.85
19900320	12.54	6.65	2.69
19900321	5.65	5.43	3.57
19900322	5.47	6.03	3.21
19900323	12.28	4.54	3.47
19900324	4.99	2.19	4.1
19900325	0.01	2.33	3.52
19900326	0.0	4.93	2.93
19900327	0.12	3.05	2.4
19900328	0.29	6.08	2.08
19900329	0.01	8.96	1.95
19900330	0.0	9.31	1.76
19900331	0.0	8.0	1.66
19900401	17.75	9.29	1.76
19900402	0.45	3.92	2.38
19900403	0.0	-0.46	1.97
19900404	0.05	2.66	1.59
19900405	11.28	4.89	1.66
19900406	1.04	4.56	1.91
19900407	0.02	2.54	1.67
19900408	1.04	6.6	1.56
19900409	3.62	6.98	1.53
19900410	0.08	6.91	1.59
19900411	0.01	8.48	1.33
19900412	4.9	5.18	1.29
19900413	0.71	4.02	1.24
19900414	4.87	3.57	1.24
19900415	2.3	3.49	1.22
19900416	3.76	2.58	1.14
19900417	2.62	2.36	1.16
19900418	8.23	3.6	1.16
19900419	5.93	5.37	1.25
19900420	0.08	6.6	1.39
19900421	0.06	7.25	1.29
19900422	0.01	8.14	1.19
19900423	0.01	8.88	1.09
19900424	0.11	9.69	1.2
19900425	3.94	7.39	1.02
19900426	0.0	4.22	0.97
19900427	0.08	5.98	0.88
19900428	0.05	10.32	0.87
19900429	0.0	10.47	0.83
19900430	0.0	14.14	0.78
19900501	0.0	13.76	0.76
19900502	0.0	13.77	0.77
19900503	0.0	15.34	0.76
19900504	0.0	16.21	0.74
19900505	0.05	11.41	0.74
19900506	1.56	8.09	0.75
19900507	4.0	7.09	0.75
19900508	3.66	7.95	0.74
19900509	3.78	7.01	0.73
19900510	0.63	8.94	0.71
19900511	0.0	9.46	0.69
19900512	0.0	9.09	0.68
19900513	0.0	7.91	0.68
19900514	6.04	10.85	0.66
19900515	4.25	8.05	0.71
19900516	1.07	7.14	0.68
19900517	0.0	8.52	0.65
19900518	0.0	8.33	0.63
19900519	0.0	7.61	0.62
19900520	0.05	10.68	0.61
19900521	3.11	9.49	0.62
19900522	1.28	10.35	0.62
19900523	0.0	8.08	0.59
19900524	0.0	6.94	0.54
19900525	0.0	7.73	0.54
19900526	0.0	10.55	0.53
19900527	0.09	9.88	0.54
19900528	3.98	13.84	0.53
19900529	1.36	11.51	0.56
19900530	0.0	12.96	0.54
19900531	10.74	12.6	0.54
19900601	4.3	9.58	0.67
19900602	0.04	11.32	0.58
19900603	2.02	11.04	0.57
19900604	3.81	10.5	0.56
19900605	5.02	6.72	0.6
19900606	28.02	7.25	1.28
19900607	4.65	8.86	1.04
19900608	4.99	11.32	0.85
19900609	0.4	14.49	0.82
19900610	0.01	12.78	0.75
19900611	0.0	9.8	0.72
19900612	0.0	11.6	0.69
19900613	0.0	12.14	0.7
19900614	0.0	11.14	0.68
19900615	0.0	11.72	0.64
19900616	0.0	12.83	0.62
19900617	2.83	14.78	0.61
19900618	3.52	10.53	0.66
19900619	1.06	10.85	0.64
19900620	10.43	12.1	0.71
19900621	1.68	10.82	0.73
19900622	2.9	10.5	0.7
19900623	0.11	10.23	0.67
19900624	15.95	9.63	0.84
19900625	0.01	11.01	0.81
19900626	28.01	13.58	0.84
19900627	4.86	10.95	2.91
19900628	0.55	10.08	1.51
19900629	18.61	11.81	1.36
19900630	39.6	11.13	5.89
19900701	2.49	9.32	12.22
19900702	1.53	8.72	3.35
19900703	3.06	11.57	2.09
19900704	16.56	9.54	2.59
19900705	0.0	10.01	2.29
19900706	4.67	11.86	1.64
19900707	4.64	12.45	1.78
19900708	4.05	10.99	1.75
19900709	0.91	11.64	1.54
19900710	2.84	13.69	1.3
19900711	0.0	12.08	1.24
19900712	0.2	11.86	1.05
19900713	0.01	12.9	1.01
19900714	0.0	14.14	0.96
19900715	7.4	13.67	0.99
19900716	0.01	14.49	0.95
19900717	0.0	16.2	0.89
19900718	0.0	16.9	0.88
19900719	0.0	18.05	0.86
19900720	0.0	15.88	0.84
19900721	0.0	14.58	0.82
19900722	0.0	12.83	0.81
19900723	0.0	11.03	0.81
19900724	0.0	14.26	0.8
19900725	0.0	17.28	0.8
19900726	0.0	16.51	0.79
19900727	3.7	15.04	0.81
19900728	0.07	14.09	0.83
19900729	1.61	15.79	0.8
19900730	0.61	13.53	0.81
19900731	0.0	14.94	0.78
19900801	0.0	16.6	0.76
19900802	0.17	20.65	0.74
19900803	1.3	14.62	0.74
19900804	0.33	12.73	0.72
19900805	0.74	11.42	0.71
19900806	2.58	11.11	0.71
19900807	0.4	13.55	0.69
19900808	5.46	15.41	0.71
19900809	1.2	14.84	0.71
19900810	3.77	14.67	0.67
19900811	10.2	13.88	0.71
19900812	3.49	13.2	0.78
19900813	0.2	12.63	0.72
19900814	9.5	12.23	0.7
19900815	43.76	11.06	2.27
19900816	2.13	11.12	1.81
19900817	0.02	10.96	1.0
19900818	0.01	10.59	0.84
19900819	3.3	11.7	0.78
19900820	0.0	10.66	0.73
19900821	0.13	13.48	0.7
19900822	0.26	14.81	0.68
19900823	1.51	15.17	0.66
19900824	0.04	15.56	0.66
19900825	1.86	15.7	0.64
19900826	3.91	15.63	0.67
19900827	2.7	16.49	0.67
19900828	1.17	15.48	0.68
19900829	5.89	12.17	0.78
19900830	7.96	11.27	0.7
19900831	3.69	10.96	0.92
19900901	3.4	12.75	0.82
19900902	2.11	14.21	0.81
19900903	0.09	10.87	0.77
19900904	0.55	9.81	0.73
19900905	10.52	9.66	0.82
19900906	2.53	9.85	0.88
19900907	0.0	10.63	0.82
19900908	0.34	11.96	0.76
19900909	0.0	12.4	0.73
19900910	0.0	11.71	0.7
19900911	0.0	13.18	0.75
19900912	0.0	11.54	0.94
19900913	0.0	10.95	0.64
19900914	0.0	7.66	0.61
19900915	0.0	8.68	0.62
19900916	3.38	8.8	0.65
19900917	0.81	10.5	0.66
19900918	18.62	9.36	0.78
19900919	0.06	7.2	0.87
19900920	4.09	5.73	0.73
19900921	0.21	7.07	0.72
19900922	0.48	7.0	0.68
19900923	6.07	8.19	0.72
19900924	2.37	6.31	0.73
19900925	0.08	6.97	0.7
19900926	0.01	7.74	0.67
19900927	0.96	9.74	0.67
19900928	3.81	12.39	0.69
19900929	5.95	11.55	0.77
19900930	1.44	8.36	0.86
19901001	8.11	10.4	0.83
19901002	31.65	10.19	2.52
19901003	6.82	8.07	4.02
19901004	10.78	9.9	2.56
19901005	24.12	10.32	3.82
19901006	38.92	6.24	22.22
19901007	0.09	5.25	12.03
19901008	1.12	10.31	4.91
19901009	5.01	9.42	3.33
19901010	2.29	8.11	2.78
19901011	6.02	8.72	2.58
19901012	0.05	10.72	2.39
19901013	0.18	12.74	1.95
19901014	7.88	11.21	1.76
19901015	8.2	10.65	2.53
19901016	3.74	8.26	2.14
19901017	3.83	8.62	2.09
19901018	0.08	9.01	1.95
19901019	1.49	8.78	1.77
19901020	2.24	10.4	1.75
19901021	0.04	8.58	1.61
19901022	0.0	7.6	1.5
19901023	0.01	8.09	1.43
19901024	3.15	8.69	1.38
19901025	0.22	9.01	1.37
19901026	8.64	8.27	1.38
19901027	3.44	6.17	1.54
19901028	8.74	4.98	2.3
19901029	6.37	2.94	2.05
19901030	19.03	3.23	4.11
19901031	0.16	3.9	3.48
19901101	0.01	5.63	2.76
19901102	0.0	3.97	2.33
19901103	0.0	2.77	1.82
19901104	0.0	3.02	1.64
19901105	0.0	4.26	1.45
19901106	0.02	4.36	1.36
19901107	0.79	5.32	1.3
19901108	0.04	4.0	1.22
19901109	0.4	4.68	1.17
19901110	2.52	5.55	1.17
19901111	1.41	6.78	1.15
19901112	6.13	9.75	1.21
19901113	1.47	9.17	1.34
19901114	0.73	6.75	1.3
19901115	6.77	8.29	1.25
19901116	7.15	7.83	2.02
19901117	8.82	5.35	1.96
19901118	0.36	3.79	2.05
19901119	0.01	1.4	1.7
19901120	5.83	1.98	1.65
19901121	0.01	1.02	1.61
19901122	0.06	0.2	1.57
19901123	0.31	1.78	1.54
19901124	8.21	2.57	1.6
19901125	14.59	3.3	3.73
19901126	0.0	1.25	3.38
19901127	0.0	0.61	2.42
19901128	0.02	0.73	2.08
19901129	0.01	3.09	1.88
19901130	0.0	0.62	1.74
19901201	0.26	3.2	1.64
19901202	0.02	6.43	1.59
19901203	0.0	4.8	1.43
19901204	0.0	3.57	1.31
19901205	0.01	4.8	1.25
19901206	12.77	3.39	1.29
19901207	1.53	-0.75	1.42
19901208	7.89	0.23	1.32
19901209	2.82	0.84	1.57
19901210	0.06	-0.26	1.5
19901211	3.81	4.34	1.87
19901212	0.0	-1.17	1.72
19901213	0.0	-0.3	1.46
19901214	0.05	2.82	1.41
19901215	0.4	3.29	1.37
19901216	0.7	3.44	1.33
19901217	0.0	0.8	1.28
19901218	0.0	-0.34	1.23
19901219	12.7	3.02	1.22
19901220	1.23	4.42	2.15
19901221	16.72	7.08	1.81
19901222	24.67	6.97	5.6
19901223	3.94	3.26	6.67
19901224	2.52	2.22	4.03
19901225	21.56	2.76	3.39
19901226	11.04	2.55	9.0
19901227	8.29	1.16	5.37
19901228	21.54	2.37	8.42
19901229	10.07	0.27	6.58
19901230	2.36	1.12	3.81
19901231	1.22	0.82	3.13
19910101	54.13	5.4	16.35
19910102	10.93	1.74	34.4
19910103	16.01	1.47	12.18
19910104	29.46	2.49	15.95
19910105	11.86	2.55	17.56
19910106	2.84	0.35	10.86
19910107	18.7	-1.06	6.29
19910108	0.78	-1.87	3.88
19910109	16.56	-0.71	3.2
19910110	9.08	1.04	3.37
19910111	10.04	-0.24	4.15
19910112	0.0	-2.66	3.23
19910113	0.0	-3.84	2.64
19910114	0.0	-3.81	2.29
19910115	0.0	-2.83	1.96
19910116	0.0	-2.22	1.81
19910117	2.52	2.16	1.77
19910118	5.12	2.51	2.72
19910119	3.19	4.27	3.69
19910120	1.09	4.18	8.31
19910121	0.02	2.12	4.33
19910122	0.11	4.2	3.3
19910123	0.03	3.65	3.02
19910124	0.45	0.76	2.73
19910125	0.09	-0.21	2.5
19910126	0.01	1.91	2.29
19910127	0.0	1.03	2.09
19910128	0.1	0.25	1.82
19910129	1.23	0.51	1.6
19910130	0.19	-1.54	1.54
19910131	0.18	-2.19	1.45
19910201	0.02	-1.35	1.4
19910202	0.0	-0.46	1.34
19910203	0.59	-0.86	1.28
19910204	0.0	-1.25	1.24
19910205	0.0	-0.52	1.2
19910206	1.03	-1.45	1.17
19910207	3.2	-1.73	1.16
19910208	3.81	-1.06	1.16
19910209	1.19	-2.48	1.12
19910210	0.02	-2.93	1.09
19910211	0.1	-1.35	1.05
19910212	0.0	-2.11	1.04
19910213	0.0	-1.7	1.02
19910214	15.85	0.38	1.14
19910215	0.0	0.62	1.63
19910216	0.02	1.01	1.31
19910217	0.0	0.18	1.18
19910218	0.12	1.11	1.13
19910219	1.92	3.14	1.18
19910220	5.8	1.84	1.58
19910221	18.49	1.78	1.91
19910222	21.87	4.16	3.51
19910223	13.91	6.43	9.08
19910224	0.86	4.21	6.31
19910225	0.3	4.33	3.7
19910226	1.62	4.98	2.89
19910227	10.78	3.2	2.52
19910228	1.38	0.76	2.82
19910301	0.03	1.69	2.39
19910302	2.54	1.57	2.2
19910303	1.75	1.4	2.13
19910304	15.3	3.26	2.55
19910305	0.24	3.95	3.24
19910306	1.01	4.8	2.54
19910307	1.5	4.51	2.38
19910308	5.76	4.36	2.55
19910309	2.52	5.52	2.44
19910310	0.75	4.17	2.28
19910311	0.1	5.93	1.94
19910312	3.73	6.95	1.62
19910313	1.57	7.54	1.7
19910314	1.19	5.06	1.58
19910315	7.59	5.95	1.76
19910316	14.78	8.22	2.02
19910317	0.4	6.2	3.02
19910318	56.97	7.28	11.13
19910319	3.96	6.07	23.21
19910320	5.26	5.79	9.04
19910321	0.64	3.8	5.04
19910322	0.05	2.98	3.82
19910323	0.0	3.99	3.04
19910324	0.0	4.77	2.52
19910325	0.0	4.7	2.24
19910326	0.0	4.64	2.08
19910327	0.0	4.01	1.89
19910328	0.0	2.6	1.73
19910329	0.0	6.37	1.64
19910330	0.0	8.94	1.58
19910331	6.2	8.19	1.53
19910401	11.02	8.23	1.92
19910402	4.1	5.06	1.78
19910403	7.32	4.51	1.91
19910404	3.47	4.66	1.93
19910405	2.29	4.5	1.93
19910406	8.3	4.87	1.83
19910407	8.22	5.29	2.24
19910408	0.94	6.03	2.27
19910409	15.96	8.6	2.55
19910410	3.11	8.9	3.66
19910411	11.85	7.31	3.74
19910412	21.55	4.9	8.99
19910413	0.04	3.43	6.61
19910414	0.0	5.22	4.02
19910415	0.0	7.9	2.99
19910416	0.0	3.62	2.58
19910417	0.1	4.91	2.03
19910418	0.26	3.59	1.7
19910419	0.04	1.53	1.53
19910420	0.63	4.38	1.45
19910421	0.95	4.77	1.4
19910422	0.02	4.42	1.31
19910423	1.5	7.68	1.26
19910424	0.07	6.96	1.23
19910425	0.0	4.9	1.17
19910426	0.0	5.85	1.13
19910427	0.0	5.3	1.09
19910428	0.0	6.9	1.06
19910429	0.01	6.56	1.04
19910430	0.0	6.4	1.0
19910501	0.01	8.57	0.98
19910502	0.04	7.66	0.92
19910503	1.2	7.82	0.89
19910504	0.0	6.38	0.85
19910505	0.03	7.1	0.8
19910506	2.85	6.99	0.79
19910507	0.11	5.26	0.76
19910508	0.0	7.27	0.72
19910509	0.0	8.71	0.7
19910510	0.39	8.82	0.66
19910511	0.01	7.88	0.63
19910512	4.25	9.54	0.61
19910513	5.18	6.84	0.65
19910514	0.0	9.17	0.57
19910515	0.02	9.59	0.54
19910516	1.14	9.0	0.54
19910517	0.01	10.28	0.54
19910518	0.27	9.83	0.53
19910519	0.01	11.15	0.54
19910520	0.01	12.28	0.56
19910521	0.06	9.59	0.5
19910522	0.0	10.44	0.49
19910523	0.02	12.0	0.5
19910524	0.0	13.29	0.5
19910525	0.0	12.14	0.5
19910526	0.22	13.56	0.5
19910527	0.0	11.64	0.51
19910528	0.0	11.72	0.52
19910529	0.0	11.31	0.52
19910530	0.0	10.39	0.51
19910531	0.0	8.21	0.52
19910601	16.8	8.52	0.54
19910602	2.64	4.64	0.73
19910603	1.2	5.65	0.58
19910604	0.01	5.47	0.55
19910605	0.0	7.34	0.56
19910606	0.01	8.53	0.53
19910607	0.11	8.09	0.53
19910608	14.41	10.71	0.6
19910609	19.28	10.39	0.9
19910610	0.14	9.56	0.8
19910611	11.02	9.42	0.81
19910612	13.11	9.21	1.13
19910613	2.74	9.22	1.17
19910614	1.23	9.89	0.93
19910615	8.54	9.68	1.09
19910616	1.27	9.44	1.0
19910617	4.37	9.57	0.98
19910618	8.08	9.05	1.25
19910619	0.3	8.62	1.14
19910620	0.01	10.9	1.0
19910621	3.32	10.28	0.97
19910622	10.82	11.17	1.19
19910623	4.78	11.44	1.48
19910624	5.05	13.21	1.3
19910625	9.93	12.13	2.23
19910626	2.93	11.55	1.61
19910627	4.33	10.73	1.47
19910628	0.03	11.65	1.48
19910629	4.0	13.58	1.29
19910630	0.49	14.22	1.27
19910701	21.67	13.32	1.72
19910702	0.1	13.0	1.25
19910703	0.08	14.14	0.94
19910704	0.0	16.49	0.8
19910705	0.0	15.94	0.69
19910706	0.0	17.25	0.63
19910707	8.61	17.13	0.62
19910708	13.52	14.97	0.9
19910709	0.09	12.26	0.98
19910710	0.09	15.81	0.68
19910711	10.11	12.96	0.76
19910712	14.88	12.11	1.04
19910713	1.92	12.0	1.54
19910714	5.9	12.57	1.1
19910715	5.1	12.17	1.09
19910716	0.72	12.87	1.07
19910717	7.64	12.85	0.9
19910718	3.01	13.4	1.11
19910719	13.17	13.85	1.94
19910720	6.41	13.28	2.7
19910721	0.03	14.83	1.89
19910722	11.9	14.52	1.5
19910723	4.59	13.68	2.1
19910724	0.03	15.9	1.69
19910725	0.0	15.89	1.29
19910726	0.0	15.95	1.12
19910727	0.02	17.4	1.0
19910728	0.08	16.59	0.91
19910729	0.0	16.65	0.81
19910730	0.0	15.65	0.77
19910731	3.77	16.77	0.76
19910801	0.2	16.99	0.77
19910802	0.01	14.08	0.69
19910803	2.86	14.49	0.68
19910804	5.72	14.97	0.66
19910805	1.55	14.17	0.69
19910806	0.98	11.82	0.65
19910807	0.01	12.84	0.6
19910808	16.01	14.56	0.67
19910809	0.02	13.98	1.06
19910810	0.21	13.94	0.73
19910811	0.26	12.3	0.69
19910812	0.02	12.46	0.68
19910813	1.94	13.36	0.72
19910814	0.22	14.43	0.74
19910815	0.56	13.59	0.75
19910816	11.69	11.92	0.86
19910817	0.58	10.73	0.94
19910818	0.96	12.7	0.79
19910819	0.01	13.17	0.8
19910820	0.0	14.37	0.77
19910821	4.17	15.98	0.75
19910822	1.39	14.84	0.8
19910823	0.31	13.76	0.76
19910824	0.0	13.74	0.73
19910825	0.0	13.86	0.7
19910826	0.02	15.19	0.68
19910827	0.07	11.22	0.62
19910828	0.0	14.82	0.6
19910829	0.0	14.55	0.59
19910830	0.0	16.43	0.58
19910831	0.0	13.71	0.57
19910901	0.0	13.85	0.57
19910902	0.0	13.64	0.56
19910903	0.0	15.31	0.57
19910904	0.0	17.17	0.55
19910905	0.01	12.93	0.54
19910906	0.0	11.7	0.54
19910907	0.0	14.43	0.53
19910908	0.0	11.25	0.54
19910909	0.0	12.13	0.54
19910910	0.0	9.56	0.53
19910911	0.0	6.51	0.5
19910912	0.01	11.31	0.51
19910913	3.26	15.1	0.51
19910914	5.42	12.7	0.54
19910915	7.4	12.48	0.53
19910916	3.43	14.12	0.57
19910917	0.99	12.27	0.52
19910918	0.18	11.16	0.49
19910919	4.42	10.72	0.54
19910920	0.1	12.32	0.52
19910921	30.93	10.02	0.93
19910922	8.43	7.65	0.93
19910923	30.85	11.13	2.08
19910924	6.0	8.08	2.93
19910925	0.67	6.25	1.46
19910926	2.5	7.98	1.08
19910927	4.16	7.75	0.98
19910928	1.49	5.05	0.93
19910929	1.9	5.1	0.88
19910930	10.74	7.1	0.85
19911001	4.55	6.8	1.41
19911002	13.24	10.19	1.24
19911003	11.16	7.57	2.02
19911004	14.73	6.96	3.67
19911005	0.01	6.39	2.86
19911006	10.44	8.44	1.84
19911007	7.28	8.67	2.16
19911008	0.99	7.99	2.23
19911009	0.56	8.81	1.7
19911010	0.66	9.9	1.52
19911011	0.16	11.11	1.35
19911012	0.11	11.01	1.24
19911013	0.2	10.12	1.16
19911014	0.0	7.96	1.09
19911015	23.6	8.15	1.1
19911016	6.57	6.58	2.73
19911017	0.15	5.15	1.69
19911018	0.0	3.62	1.39
19911019	0.0	3.83	1.24
19911020	0.02	5.49	1.17
19911021	0.0	7.33	1.1
19911022	0.0	5.69	1.05
19911023	0.03	5.28	1.01
19911024	0.01	4.24	0.98
19911025	2.22	5.75	0.97
19911026	0.11	6.09	0.98
19911027	0.01	6.25	0.96
19911028	0.04	8.12	0.94
19911029	18.07	8.85	0.98
19911030	1.9	6.58	1.63
19911031	18.94	6.64	2.12
19911101	11.47	7.26	3.31
19911102	10.95	4.26	4.74
19911103	0.44	2.7	3.16
19911104	0.0	2.45	2.23
19911105	0.08	2.63	1.78
19911106	4.14	7.29	1.8
19911107	3.29	5.19	1.78
19911108	0.09	2.56	1.68
19911109	0.38	1.84	1.51
19911110	20.97	4.05	3.49
19911111	3.87	3.44	3.06
19911112	22.2	2.53	3.49
19911113	1.48	0.32	3.67
19911114	0.13	2.3	2.88
19911115	0.01	0.85	2.53
19911116	0.01	-0.8	2.19
19911117	2.19	0.57	2.0
19911118	11.53	3.36	2.42
19911119	0.14	0.38	2.77
19911120	5.0	1.94	2.23
19911121	0.31	8.33	2.31
19911122	1.8	8.23	2.06
19911123	0.04	8.53	2.12
19911124	9.65	6.38	2.0
19911125	0.77	7.27	2.41
19911126	0.23	5.47	2.08
19911127	6.33	7.24	1.99
19911128	6.28	4.38	2.13
19911129	0.7	6.19	2.32
19911130	0.19	6.79	2.08
19911201	0.07	4.63	1.93
19911202	0.01	4.29	1.84
19911203	0.0	1.16	1.74
19911204	0.0	0.46	1.65
19911205	0.0	3.36	1.59
19911206	0.01	0.39	1.54
19911207	0.0	1.14	1.51
19911208	0.0	1.26	1.5
19911209	0.0	-1.77	1.45
19911210	0.0	-3.99	1.37
19911211	0.02	-1.39	1.3
19911212	3.4	6.59	1.33
19911213	2.55	7.04	1.42
19911214	1.34	5.8	1.43
19911215	0.59	3.56	1.42
19911216	1.41	4.34	1.39
19911217	21.51	3.97	2.21
19911218	23.59	5.22	3.63
19911219	7.43	1.81	9.07
19911220	7.11	0.12	3.87
19911221	19.39	4.3	3.73
19911222	22.82	6.07	16.09
19911223	0.82	2.14	13.6
19911224	0.08	1.42	5.91
19911225	3.72	6.32	4.65
19911226	0.14	3.86	3.8
19911227	0.02	5.77	3.25
19911228	0.13	4.86	2.93
19911229	0.0	1.21	2.57
19911230	1.28	3.09	2.18
19911231	20.52	5.82	2.51
19920101	4.66	7.13	4.34
19920102	20.09	7.25	4.02
19920103	9.2	2.68	9.37
19920104	0.43	2.47	5.73
19920105	3.15	4.23	4.2
19920106	7.09	7.82	3.92
19920107	59.45	5.02	9.96
19920108	15.97	0.68	33.97
19920109	0.0	-2.3	11.29
19920110	0.08	1.73	5.73
19920111	0.0	3.49	5.33
19920112	0.01	2.17	4.08
19920113	0.0	3.2	3.46
19920114	0.01	0.77	3.06
19920115	0.04	1.16	2.77
19920116	0.01	3.84	2.43
19920117	0.17	3.89	2.03
19920118	0.31	6.78	1.86
19920119	3.47	6.78	1.73
19920120	0.64	1.52	1.64
19920121	0.0	-2.42	1.54
19920122	0.0	-2.64	1.41
19920123	0.0	-1.74	1.32
19920124	2.34	3.26	1.25
19920125	0.15	1.99	1.25
19920126	0.04	-0.08	1.12
19920127	0.01	1.3	1.06
19920128	0.06	0.17	1.01
19920129	0.01	-0.5	0.97
19920130	0.0	-0.45	0.95
19920131	0.22	2.08	0.91
19920201	2.26	5.49	0.91
19920202	7.59	4.27	1.04
19920203	9.01	2.68	1.13
19920204	0.6	4.53	1.29
19920205	0.01	8.07	1.15
19920206	0.33	6.61	1.04
19920207	5.52	6.39	1.04
19920208	2.66	5.19	1.09
19920209	6.55	3.32	1.2
19920210	4.89	1.89	1.34
19920211	0.08	3.13	1.32
19920212	4.92	4.3	1.43
19920213	2.78	3.19	1.47
19920214	7.64	3.83	1.55
19920215	2.3	2.08	1.78
19920216	0.02	-0.15	1.49
19920217	10.12	-0.45	1.57
19920218	0.02	-1.84	1.61
19920219	0.01	-0.38	1.47
19920220	1.59	3.57	1.64
19920221	24.76	4.88	1.67
19920222	16.7	6.11	4.68
19920223	5.15	6.26	4.16
19920224	0.58	2.47	3.49
19920225	4.2	3.25	2.93
19920226	6.4	5.13	2.83
19920227	3.22	3.58	3.04
19920228	0.21	3.34	2.55
19920229	5.02	5.7	2.39
19920301	0.79	4.18	2.35
19920302	4.46	5.16	2.04
19920303	6.69	8.26	2.14
19920304	2.36	7.67	2.34
19920305	1.37	5.18	2.22
19920306	18.79	6.44	2.38
19920307	10.39	4.3	6.28
19920308	3.75	3.85	4.44
19920309	26.07	4.44	7.44
19920310	5.66	1.25	7.4
19920311	17.5	4.24	6.84
19920312	6.59	1.45	9.02
19920313	0.57	-0.45	5.34
19920314	0.01	0.38	3.53
19920315	0.01	3.45	2.66
19920316	1.34	8.57	2.46
19920317	14.13	7.78	2.49
19920318	7.91	5.1	4.18
19920319	8.67	7.07	4.41
19920320	3.39	5.68	3.85
19920321	0.62	3.93	3.29
19920322	0.02	4.15	2.81
19920323	0.14	5.97	2.43
19920324	0.0	5.11	1.97
19920325	0.01	4.52	1.89
19920326	0.14	2.72	1.74
19920327	1.24	3.19	1.57
19920328	1.63	3.9	1.52
19920329	19.22	4.38	1.66
19920330	7.21	3.05	3.43
19920331	61.57	1.82	12.26
19920401	2.61	0.86	9.44
19920402	0.01	1.47	4.02
19920403	0.0	1.66	2.99
19920404	0.18	4.46	3.01
19920405	1.89	5.76	3.58
19920406	2.01	4.11	4.37
19920407	0.36	5.89	3.54
19920408	0.02	7.06	3.17
19920409	0.12	9.96	2.93
19920410	0.28	8.87	2.71
19920411	0.26	8.2	2.34
19920412	1.21	4.07	1.97
19920413	0.26	3.34	1.76
19920414	8.75	1.6	1.75
19920415	0.32	2.21	1.7
19920416	4.06	3.94	1.52
19920417	2.74	6.72	1.7
19920418	0.04	5.49	1.71
19920419	0.14	6.48	1.37
19920420	5.48	7.27	1.36
19920421	0.25	7.42	1.44
19920422	6.95	6.63	1.38
19920423	8.75	7.79	1.58
19920424	6.66	5.23	2.14
19920425	15.39	7.62	1.97
19920426	6.96	7.07	3.5
19920427	5.31	5.49	4.35
19920428	1.43	5.43	2.76
19920429	6.09	6.45	2.32
19920430	3.0	7.63	2.5
19920501	0.1	6.44	2.13
19920502	0.21	6.95	1.81
19920503	1.22	8.66	1.73
19920504	4.54	7.22	1.61
19920505	2.25	8.91	1.56
19920506	1.71	10.96	1.53
19920507	3.06	6.09	1.41
19920508	4.25	3.26	1.47
19920509	4.12	3.9	1.33
19920510	5.84	5.72	1.37
19920511	21.27	7.52	2.21
19920512	0.29	10.03	2.74
19920513	0.0	12.83	2.23
19920514	0.04	15.7	1.85
19920515	0.0	8.38	1.68
19920516	0.0	9.79	1.42
19920517	0.0	12.17	1.31
19920518	0.0	11.5	1.22
19920519	0.02	12.27	1.13
19920520	0.89	13.49	1.06
19920521	4.88	9.27	1.08
19920522	0.02	11.58	1.02
19920523	0.01	10.04	0.97
19920524	0.01	11.74	0.94
19920525	0.51	14.26	0.92
19920526	0.0	12.7	0.87
19920527	0.0	13.5	0.84
19920528	0.57	12.88	0.82
19920529	0.0	13.5	0.8
19920530	0.11	13.87	0.77
19920531	1.97	12.87	0.78
19920601	1.92	13.69	0.75
19920602	0.23	11.63	0.73
19920603	0.05	12.16	0.7
19920604	0.0	10.18	0.67
19920605	0.01	10.93	0.66
19920606	0.0	11.66	0.64
19920607	0.0	12.16	0.63
19920608	1.15	13.21	0.63
19920609	2.81	13.85	0.62
19920610	0.2	12.65	0.6
19920611	0.0	11.91	0.59
19920612	0.0	15.94	0.57
19920613	0.03	17.19	0.57
19920614	0.02	14.28	0.57
19920615	0.0	11.59	0.55
19920616	0.0	10.42	0.54
19920617	0.0	11.82	0.54
19920618	0.0	13.27	0.5
19920619	0.0	12.2	0.5
19920620	0.0	13.99	0.49
19920621	0.0	13.49	0.47
19920622	0.0	14.95	0.48
19920623	0.0	12.98	0.49
19920624	0.34	14.43	0.5
19920625	2.77	13.96	0.54
19920626	0.0	14.73	0.53
19920627	3.04	13.19	0.54
19920628	0.05	14.06	0.55
19920629	1.24	14.97	0.56
19920630	6.76	9.33	0.57
19920701	0.05	6.89	0.57
19920702	2.58	10.61	0.55
19920703	11.21	9.74	0.64
19920704	0.0	8.97	0.58
19920705	0.01	12.83	0.54
19920706	0.0	15.94	0.54
19920707	1.35	17.82	0.54
19920708	0.0	12.63	0.55
19920709	0.0	11.51	0.54
19920710	0.1	13.21	0.54
19920711	6.17	12.28	0.58
19920712	0.32	11.16	0.55
19920713	0.16	11.46	0.54
19920714	0.07	11.31	0.53
19920715	0.79	14.33	0.53
19920716	7.89	15.86	0.55
19920717	15.93	15.17	0.67
19920718	3.23	14.5	0.68
19920719	3.76	14.54	0.61
19920720	1.37	14.39	0.59
19920721	1.3	13.29	0.61
19920722	0.12	13.61	0.56
19920723	20.27	13.47	0.68
19920724	0.15	13.59	0.77
19920725	5.29	12.37	0.65
19920726	10.88	10.99	0.79
19920727	1.12	11.3	0.73
19920728	0.0	12.97	0.65
19920729	0.0	10.99	0.63
19920730	0.0	10.23	0.61
19920731	10.77	14.42	0.62
19920801	1.31	13.01	0.71
19920802	18.96	13.03	0.85
19920803	5.07	11.88	1.21
19920804	20.85	13.01	1.24
19920805	0.31	12.26	1.58
19920806	0.0	9.98	1.05
19920807	0.0	11.62	0.92
19920808	16.48	11.33	0.93
19920809	13.21	11.67	2.36
19920810	0.11	13.15	1.59
19920811	15.79	12.64	1.41
19920812	6.48	10.94	1.96
19920813	0.03	10.09	1.65
19920814	1.2	14.32	1.3
19920815	8.5	10.91	1.53
19920816	11.54	11.63	1.43
19920817	1.87	10.28	2.15
19920818	0.83	11.91	1.59
19920819	0.61	12.26	1.42
19920820	0.17	14.64	1.3
19920821	1.44	13.34	1.23
19920822	13.78	11.92	1.5
19920823	10.37	9.87	1.75
19920824	13.15	12.02	1.93
19920825	5.76	11.89	2.58
19920826	6.12	10.37	2.7
19920827	9.11	11.5	3.03
19920828	0.53	8.42	2.64
19920829	14.71	10.08	2.16
19920830	7.77	10.89	3.47
19920831	3.66	9.45	2.81
19920901	3.13	8.98	1.16
19920902	2.29	8.31	1.22
19920903	0.38	9.02	1.44
19920904	0.01	8.13	1.12
19920905	7.72	8.36	0.83
19920906	42.27	10.03	9.02
19920907	7.6	9.04	7.97
19920908	13.67	9.82	4.55
19920909	0.74	11.95	4.32
19920910	1.99	12.04	2.76
19920911	16.76	9.27	2.12
19920912	4.92	8.21	2.65
19920913	8.47	9.22	2.12
19920914	6.1	11.13	2.23
19920915	0.81	8.72	2.03
19920916	0.07	10.53	1.41
19920917	1.45	11.7	1.22
19920918	0.09	12.16	1.05
19920919	11.71	11.34	1.05
19920920	4.26	7.03	1.61
19920921	8.56	8.51	1.16
19920922	1.55	8.62	1.54
19920923	0.13	9.32	1.19
19920924	10.32	8.34	1.08
19920925	1.93	7.99	1.54
19920926	9.68	9.45	1.33
19920927	0.25	11.99	1.68
19920928	0.08	12.45	1.32
19920929	15.33	12.71	1.32
19920930	19.68	8.92	7.38
19921001	1.56	10.52	6.28
19921002	24.6	8.42	7.33
19921003	0.56	9.0	8.27
19921004	0.34	7.28	5.59
19921005	0.0	6.41	4.26
19921006	0.0	5.69	3.52
19921007	0.0	5.54	2.72
19921008	0.21	8.63	2.02
19921009	0.01	4.64	1.79
19921010	0.0	5.15	1.65
19921011	0.0	5.44	1.56
19921012	0.0	6.42	1.48
19921013	0.34	7.93	1.45
19921014	1.5	3.88	1.42
19921015	0.24	3.91	1.39
19921016	0.02	2.63	1.29
19921017	2.67	2.49	1.28
19921018	0.01	2.15	1.29
19921019	0.3	3.37	1.26
19921020	0.0	3.45	1.22
19921021	1.39	3.76	1.2
19921022	0.92	2.98	1.21
19921023	0.07	1.7	1.21
19921024	0.01	0.73	1.19
19921025	0.87	0.95	1.17
19921026	13.49	2.32	1.16
19921027	5.74	2.38	1.37
19921028	1.38	2.95	1.5
19921029	0.04	0.75	1.37
19921030	0.73	1.06	1.29
19921031	25.89	4.74	1.32
19921101	24.82	5.4	2.24
19921102	10.19	4.35	9.55
19921103	2.27	4.81	5.07
19921104	3.67	8.69	4.93
19921105	0.12	11.98	3.79
19921106	2.37	8.01	2.23
19921107	0.01	3.4	1.89
19921108	6.5	5.27	1.69
19921109	8.02	4.69	2.73
19921110	3.98	3.66	4.11
19921111	4.18	2.79	3.33
19921112	0.07	1.51	2.11
19921113	0.0	0.17	1.78
19921114	6.13	1.37	1.71
19921115	7.48	2.06	1.92
19921116	3.04	1.33	2.23
19921117	1.69	2.11	1.89
19921118	10.79	3.83	2.13
19921119	1.31	1.94	2.34
19921120	2.48	0.7	2.25
19921121	10.35	0.27	3.88
19921122	13.98	6.4	5.66
19921123	4.09	6.96	4.58
19921124	3.69	5.31	3.14
19921125	10.37	3.11	3.0
19921126	18.03	3.68	4.93
19921127	17.86	4.05	13.84
19921128	0.78	2.41	9.28
19921129	5.24	4.96	4.37
19921130	5.99	4.18	3.65
19921201	20.45	5.5	3.62
19921202	10.59	3.96	8.91
19921203	3.99	1.27	7.99
19921204	3.28	0.8	6.24
19921205	1.4	1.17	4.07
19921206	13.91	2.9	3.26
19921207	1.85	1.53	4.33
19921208	3.29	0.8	3.23
19921209	0.23	1.74	2.81
19921210	3.81	5.93	2.72
19921211	0.23	3.05	2.83
19921212	4.24	4.48	2.37
19921213	1.16	7.92	2.73
19921214	0.05	7.97	2.71
19921215	6.97	4.73	2.72
19921216	2.08	0.98	2.63
19921217	8.09	4.17	2.02
19921218	0.22	0.6	2.51
19921219	0.16	-3.07	2.0
19921220	0.0	-4.92	1.82
19921221	2.18	-2.35	1.68
19921222	0.01	-2.27	1.49
19921223	0.67	0.91	1.41
19921224	0.07	3.18	1.41
19921225	1.57	3.35	1.39
19921226	0.0	3.11	1.35
19921227	0.0	0.44	1.3
19921228	0.0	-2.86	1.26
19921229	0.0	-4.23	1.26
19921230	0.13	-1.47	1.4
19921231	0.06	3.48	1.23
19930101	0.83	5.74	1.18
19930102	1.4	2.4	1.29
19930103	10.53	2.01	1.5
19930104	17.29	4.69	1.56
19930105	2.77	3.87	3.34
19930106	0.35	3.77	2.48
19930107	13.78	3.18	2.48
19930108	30.24	4.01	3.45
19930109	20.49	3.3	13.56
19930110	16.15	2.51	17.16
19930111	16.92	-1.24	8.84
19930112	23.79	0.44	6.37
19930113	15.74	0.55	5.21
19930114	25.52	4.04	5.84
19930115	26.4	3.69	30.36
19930116	21.23	5.87	39.63
19930117	14.55	1.56	33.54
19930118	21.91	1.8	13.8
19930119	14.44	4.18	17.08
19930120	12.64	4.29	16.68
19930121	19.1	5.64	14.45
19930122	5.91	2.46	13.73
19930123	40.52	4.26	18.45
19930124	5.32	1.04	23.9
19930125	0.87	0.96	9.41
19930126	0.12	1.9	6.33
19930127	3.46	1.56	4.12
19930128	0.1	2.08	3.8
19930129	0.89	3.75	3.16
19930130	0.74	1.54	2.69
19930131	0.0	0.6	2.42
19930201	1.87	1.6	2.21
19930202	0.35	6.24	2.16
19930203	1.21	7.36	2.26
19930204	0.14	7.1	2.25
19930205	0.01	8.1	2.3
19930206	0.01	9.34	2.39
19930207	0.01	6.65	2.04
19930208	0.31	4.61	1.96
19930209	0.04	4.57	1.82
19930210	0.1	3.04	1.61
19930211	0.07	2.98	1.76
19930212	0.0	3.8	2.14
19930213	0.01	4.79	1.44
19930214	3.47	4.03	1.4
19930215	0.1	4.52	1.39
19930216	0.0	7.8	1.36
19930217	0.01	7.66	1.35
19930218	2.02	4.29	1.36
19930219	0.01	3.97	1.31
19930220	0.01	4.23	1.29
19930221	0.19	2.56	1.26
19930222	0.14	4.59	1.25
19930223	0.15	4.97	1.25
19930224	3.81	5.72	1.25
19930225	5.81	3.46	1.29
19930226	0.64	0.05	1.27
19930227	0.04	-0.98	1.21
19930228	0.07	-0.59	1.2
19930301	2.04	-0.04	1.21
19930302	1.44	0.27	1.23
19930303	1.01	-1.79	1.23
19930304	1.56	1.91	1.23
19930305	0.01	5.61	1.28
19930306	0.01	6.06	1.24
19930307	0.14	4.81	1.22
19930308	0.0	4.16	1.22
19930309	0.0	3.02	1.2
19930310	3.78	2.69	1.2
19930311	1.79	4.64	1.24
19930312	5.82	7.72	1.26
19930313	0.28	8.28	1.36
19930314	0.15	8.22	1.3
19930315	6.99	6.12	1.35
19930316	6.62	7.04	1.47
19930317	10.48	6.58	2.13
19930318	0.46	3.52	2.07
19930319	3.21	5.5	1.78
19930320	8.06	5.38	1.78
19930321	0.01	5.07	1.8
19930322	20.34	1.92	1.8
19930323	0.84	2.17	2.27
19930324	0.0	2.01	2.29
19930325	0.0	1.7	2.08
19930326	0.0	4.25	1.94
19930327	2.36	3.54	1.85
19930328	14.97	3.31	2.29
19930329	22.08	5.97	3.64
19930330	1.21	5.52	6.74
19930331	0.47	5.74	4.38
19930401	0.01	4.43	2.92
19930402	0.0	4.98	2.38
19930403	4.89	5.48	2.18
19930404	5.58	4.78	2.09
19930405	10.41	5.05	2.48
19930406	0.04	6.66	2.95
19930407	0.03	6.4	2.5
19930408	27.18	5.45	3.43
19930409	36.07	5.23	16.56
19930410	0.18	5.37	14.64
19930411	0.57	4.28	6.34
19930412	1.18	4.04	4.16
19930413	0.05	2.41	3.31
19930414	0.0	4.41	2.71
19930415	1.6	7.5	2.58
19930416	1.76	6.65	2.97
19930417	8.74	5.9	2.25
19930418	8.07	5.02	2.49
19930419	11.98	6.64	3.32
19930420	9.7	7.84	4.51
19930421	2.09	8.86	4.0
19930422	3.52	7.1	4.02
19930423	4.05	8.0	3.49
19930424	0.01	7.13	3.4
19930425	5.37	6.7	2.85
19930426	0.05	8.27	2.56
19930427	0.0	7.08	2.2
19930428	0.0	6.53	2.02
19930429	0.0	10.02	1.89
19930430	0.0	12.19	1.91
19930501	2.25	7.23	1.87
19930502	0.37	4.31	1.71
19930503	0.0	4.36	1.56
19930504	0.0	8.93	1.49
19930505	0.0	10.37	1.45
19930506	2.27	10.64	1.42
19930507	11.49	10.51	1.48
19930508	0.02	7.04	1.55
19930509	0.0	8.86	1.36
19930510	3.58	10.82	1.39
19930511	0.0	9.7	1.31
19930512	0.94	7.75	1.26
19930513	30.72	2.34	1.98
19930514	25.32	3.04	3.95
19930515	8.82	4.56	7.36
19930516	20.82	8.05	8.5
19930517	8.13	10.05	14.42
19930518	0.79	8.74	7.36
19930519	0.22	6.53	3.89
19930520	1.95	10.25	2.81
19930521	0.11	7.9	2.52
19930522	0.22	10.68	2.02
19930523	0.0	11.46	1.68
19930524	0.0	11.33	1.5
19930525	0.06	7.24	1.37
19930526	0.0	6.83	1.29
19930527	0.0	7.2	1.25
19930528	1.15	10.23	1.21
19930529	12.31	11.74	1.18
19930530	12.33	11.13	1.45
19930531	0.02	9.62	1.37
19930601	12.2	9.23	2.28
19930602	3.16	7.59	3.43
19930603	0.02	10.97	2.6
19930604	0.58	10.47	1.46
19930605	0.0	11.32	1.3
19930606	0.15	14.64	1.21
19930607	0.03	14.15	1.13
19930608	0.0	15.31	1.06
19930609	16.91	15.72	1.29
19930610	7.94	13.56	1.32
19930611	0.21	13.96	1.28
19930612	0.0	9.47	1.1
19930613	6.72	8.92	1.06
19930614	0.02	8.19	1.06
19930615	0.18	12.03	1.0
19930616	0.84	12.45	0.97
19930617	5.16	12.69	0.97
19930618	5.48	11.11	1.04
19930619	9.67	11.35	1.04
19930620	0.02	11.1	0.99
19930621	0.0	10.65	0.9
19930622	0.01	9.75	0.88
19930623	0.42	10.15	0.82
19930624	1.69	9.56	0.8
19930625	15.35	11.27	0.95
19930626	0.03	12.18	0.95
19930627	0.0	13.97	0.79
19930628	0.0	16.7	0.76
19930629	7.82	17.03	0.75
19930630	1.07	11.6	0.82
19930701	0.0	13.12	0.74
19930702	0.25	13.14	0.73
19930703	0.49	13.29	0.73
19930704	0.0	10.32	0.72
19930705	0.0	11.55	0.71
19930706	0.0	11.07	0.71
19930707	1.76	13.82	0.72
19930708	18.9	9.01	1.01
19930709	1.85	9.64	0.84
19930710	0.08	8.95	0.78
19930711	1.16	8.76	0.75
19930712	0.0	9.53	0.75
19930713	1.08	13.48	0.76
19930714	5.73	10.84	0.78
19930715	20.46	13.58	1.11
19930716	18.58	13.93	2.07
19930717	0.05	10.57	1.38
19930718	0.84	13.86	1.12
19930719	12.89	13.27	1.13
19930720	0.17	13.08	1.12
19930721	0.0	11.9	0.98
19930722	11.34	14.11	0.97
19930723	1.39	13.39	1.17
19930724	1.79	11.25	1.02
19930725	0.15	11.05	0.97
19930726	0.01	9.32	0.93
19930727	1.13	12.33	0.91
19930728	11.98	12.56	0.87
19930729	2.31	12.95	1.14
19930730	1.49	11.54	0.98
19930731	0.58	11.56	0.93
19930801	0.41	13.57	0.89
19930802	10.63	13.04	1.03
19930803	2.65	12.86	1.07
19930804	1.93	12.98	0.99
19930805	0.02	10.7	0.92
19930806	3.5	12.89	0.89
19930807	0.38	12.31	0.96
19930808	3.93	12.62	0.88
19930809	0.11	11.34	0.91
19930810	2.6	10.5	0.82
19930811	8.75	8.22	1.07
19930812	0.06	9.31	0.9
19930813	0.58	12.49	0.82
19930814	12.43	11.09	1.12
19930815	0.23	12.0	1.11
19930816	0.15	9.79	0.97
19930817	0.0	12.47	0.89
19930818	2.15	10.6	0.89
19930819	0.01	11.88	0.84
19930820	0.01	11.76	0.79
19930821	0.45	10.73	0.76
19930822	0.32	7.87	0.74
19930823	0.03	8.77	0.72
19930824	0.3	10.59	0.71
19930825	0.0	9.41	0.7
19930826	0.0	12.39	0.69
19930827	0.0	13.61	0.68
19930828	0.09	15.13	0.67
19930829	0.0	10.34	0.66
19930830	0.0	12.89	0.66
19930831	0.0	14.69	0.65
19930901	0.0	13.64	0.64
19930902	0.23	12.92	0.65
19930903	0.06	8.33	0.64
19930904	0.0	8.65	0.64
19930905	0.0	9.16	0.64
19930906	0.0	10.17	0.64
19930907	0.16	10.23	0.64
19930908	16.9	10.5	0.7
19930909	2.82	13.03	0.89
19930910	14.34	12.11	0.79
19930911	0.69	9.27	1.07
19930912	0.27	11.12	0.78
19930913	10.73	9.18	0.75
19930914	2.76	7.73	1.01
19930915	0.21	7.54	0.83
19930916	0.04	7.79	0.74
19930917	0.03	8.79	0.71
19930918	3.72	10.47	0.69
19930919	24.6	11.1	1.3
19930920	0.15	12.52	1.81
19930921	0.44	10.67	1.06
19930922	0.33	11.2	0.91
19930923	2.12	11.31	0.83
19930924	4.73	5.99	0.93
19930925	0.0	6.64	0.86
19930926	0.01	5.25	0.79
19930927	0.0	5.23	0.76
19930928	0.01	5.7	0.73
19930929	0.56	8.02	0.73
19930930	6.42	10.27	0.75
19931001	19.5	9.07	1.0
19931002	1.2	9.81	1.86
19931003	13.32	9.28	1.32
19931004	0.04	6.8	2.12
19931005	19.37	8.09	1.7
19931006	10.0	8.32	3.44
19931007	26.95	8.5	12.09
19931008	2.57	10.09	12.05
19931009	14.06	8.55	6.26
19931010	1.57	7.13	7.07
19931011	0.77	6.93	5.19
19931012	0.11	3.4	4.05
19931013	0.0	1.93	2.68
19931014	0.0	2.48	1.6
19931015	0.0	0.36	1.57
19931016	0.0	-0.46	1.5
19931017	0.0	1.1	1.41
19931018	0.0	4.11	1.28
19931019	3.11	7.09	1.1
19931020	0.07	5.26	1.08
19931021	0.0	1.95	0.99
19931022	0.0	3.29	0.94
19931023	0.0	6.42	0.94
19931024	0.0	4.41	0.92
19931025	0.05	2.82	0.91
19931026	0.0	2.61	0.9
19931027	0.01	3.36	0.89
19931028	0.8	4.89	0.89
19931029	0.0	4.25	0.89
19931030	0.32	4.99	0.88
19931031	0.74	5.39	0.89
19931101	0.01	4.89	0.9
19931102	0.0	5.39	0.89
19931103	15.43	6.31	1.12
19931104	0.09	7.69	1.33
19931105	0.29	7.24	1.06
19931106	0.3	7.21	0.99
19931107	4.81	6.81	1.02
19931108	4.75	4.5	1.06
19931109	11.17	2.78	1.86
19931110	0.07	1.39	1.49
19931111	0.47	2.94	1.31
19931112	8.64	1.49	1.36
19931113	0.21	-0.31	1.38
19931114	0.02	1.83	1.26
19931115	11.12	3.59	1.19
19931116	3.48	4.39	1.78
19931117	0.0	1.72	1.65
19931118	0.05	-0.32	1.44
19931119	0.0	-0.81	1.33
19931120	4.24	-1.09	1.26
19931121	4.85	-1.15	1.27
19931122	0.17	-3.09	1.2
19931123	0.05	-5.35	1.14
19931124	0.01	-3.84	1.09
19931125	4.11	-0.82	1.11
19931126	0.18	-1.5	1.13
19931127	0.03	0.62	1.09
19931128	0.02	0.89	1.11
19931129	15.19	1.31	1.17
19931130	2.92	2.71	1.86
19931201	10.7	4.91	2.6
19931202	13.05	6.16	3.53
19931203	26.63	5.52	6.67
19931204	5.51	4.21	8.1
19931205	2.94	6.26	4.13
19931206	7.85	3.24	3.81
19931207	2.17	1.18	3.43
19931208	27.42	1.82	5.76
19931209	13.28	2.74	6.92
19931210	4.26	1.61	8.65
19931211	0.0	-0.41	5.0
19931212	26.27	0.76	5.3
19931213	0.15	-0.46	6.71
19931214	19.97	1.47	4.91
19931215	5.44	0.78	5.18
19931216	0.02	0.17	3.65
19931217	10.33	3.54	2.92
19931218	17.06	7.06	18.82
19931219	0.69	0.31	16.77
19931220	0.09	-4.05	7.46
19931221	4.66	-0.54	4.19
19931222	0.4	0.26	2.94
19931223	8.29	-1.09	2.55
19931224	0.01	-0.93	2.2
19931225	0.08	-2.62	1.96
19931226	0.01	-4.32	1.8
19931227	8.97	-2.47	1.69
19931228	15.1	1.95	1.8
19931229	14.33	1.78	5.73
19931230	0.71	-1.32	3.71
19931231	0.03	-1.27	2.73
19940101	14.17	0.28	2.34
19940102	2.27	0.99	2.57
19940103	7.15	0.65	3.65
19940104	1.27	-0.54	3.13
19940105	10.42	1.59	3.25
19940106	5.05	1.52	4.82
19940107	0.26	0.19	3.68
19940108	6.85	0.88	2.9
19940109	3.34	3.14	3.36
19940110	0.17	2.2	4.9
19940111	13.99	2.43	4.95
19940112	9.84	3.45	5.97
19940113	10.95	3.55	7.72
19940114	0.55	1.1	6.08
19940115	0.07	-0.84	3.83
19940116	0.09	-1.24	2.93
19940117	0.86	0.81	2.47
19940118	6.29	3.08	2.64
19940119	13.44	3.02	2.65
19940120	2.27	6.95	4.16
19940121	4.5	5.04	3.6
19940122	20.39	2.6	4.1
19940123	1.8	0.67	5.33
19940124	11.92	3.91	4.01
19940125	7.74	1.6	6.7
19940126	27.36	3.42	7.74
19940127	3.81	0.51	8.21
19940128	4.94	0.35	4.97
19940129	9.46	3.63	6.24
19940130	0.62	2.88	5.28
19940131	16.25	4.21	4.58
19940201	17.01	2.76	12.26
19940202	0.24	1.24	7.49
19940203	11.39	1.96	4.59
19940204	1.72	3.82	4.58
19940205	4.19	3.25	3.7
19940206	0.91	2.43	3.34
19940207	2.32	1.8	2.93
19940208	8.32	2.92	2.87
19940209	0.08	2.42	2.71
19940210	0.0	2.28	2.39
19940211	0.0	2.65	2.17
19940212	0.0	0.87	1.93
19940213	0.07	-0.53	1.71
19940214	0.09	-0.73	1.56
19940215	4.13	-3.33	1.5
19940216	0.01	-4.47	1.41
19940217	0.0	-3.13	1.31
19940218	0.03	0.42	1.25
19940219	0.0	-0.24	1.19
19940220	0.59	-1.65	1.11
19940221	1.2	-1.51	1.08
19940222	0.38	-1.05	1.05
19940223	0.69	-0.14	1.01
19940224	0.2	0.26	0.97
19940225	20.62	0.03	1.04
19940226	21.32	0.16	1.55
19940227	16.32	0.4	2.88
19940228	5.87	0.58	3.37
19940301	4.1	1.05	2.75
19940302	12.37	3.37	2.72
19940303	7.93	2.46	5.52
19940304	31.43	4.99	11.29
19940305	9.41	3.17	23.42
19940306	6.28	6.12	13.07
19940307	12.85	7.93	10.14
19940308	26.56	5.57	16.42
19940309	8.21	2.77	10.25
19940310	10.67	4.16	7.26
19940311	6.46	2.58	6.97
19940312	20.4	2.68	6.97
19940313	16.22	4.62	10.72
19940314	1.63	3.85	13.69
19940315	3.44	1.53	6.4
19940316	2.14	0.49	4.52
19940317	0.15	1.67	3.39
19940318	0.9	0.69	2.86
19940319	0.01	2.1	2.49
19940320	0.0	0.46	2.11
19940321	17.98	3.46	2.0
19940322	34.62	7.73	5.21
19940323	11.7	4.21	16.45
19940324	2.27	4.52	7.11
19940325	0.67	3.03	4.38
19940326	0.0	4.0	3.17
19940327	19.85	4.65	4.49
19940328	7.6	5.62	5.27
19940329	8.49	4.21	5.01
19940330	6.08	4.96	4.46
19940331	7.78	4.22	5.51
19940401	1.65	3.63	4.3
19940402	0.7	2.19	3.16
19940403	15.63	2.91	3.79
19940404	6.33	1.27	3.96
19940405	0.78	2.64	3.36
19940406	8.03	3.63	2.99
19940407	2.57	1.33	3.31
19940408	12.46	1.09	4.27
19940409	2.23	2.15	3.42
19940410	0.02	4.37	3.11
19940411	1.14	5.96	3.14
19940412	0.03	4.19	2.81
19940413	0.0	5.16	2.3
19940414	0.08	4.92	2.03
19940415	0.0	4.78	1.72
19940416	0.4	6.41	1.61
19940417	0.16	6.06	1.49
19940418	1.35	5.86	1.4
19940419	0.3	4.47	1.36
19940420	1.36	3.85	1.23
19940421	8.52	4.58	1.22
19940422	8.78	5.01	1.44
19940423	2.61	7.53	1.65
19940424	0.5	6.06	1.4
19940425	15.22	5.4	1.54
19940426	3.32	8.84	1.92
19940427	2.11	11.15	1.65
19940428	6.77	11.12	1.71
19940429	0.94	9.0	1.85
19940430	0.01	8.96	1.61
19940501	0.52	9.85	1.39
19940502	0.46	8.64	1.31
19940503	5.37	6.84	1.3
19940504	1.97	6.97	1.29
19940505	13.08	7.03	2.02
19940506	2.89	7.6	2.0
19940507	1.51	5.53	1.92
19940508	2.61	6.59	1.63
19940509	0.0	8.82	1.45
19940510	0.0	9.41	1.3
19940511	0.0	9.52	1.19
19940512	0.0	10.14	1.11
19940513	0.0	10.91	1.03
19940514	0.0	9.75	0.95
19940515	0.0	5.96	0.9
19940516	0.0	5.11	0.87
19940517	0.0	4.08	0.84
19940518	0.01	3.76	0.81
19940519	0.01	4.0	0.79
19940520	0.0	5.72	0.76
19940521	0.0	8.19	0.72
19940522	0.0	6.87	0.71
19940523	0.0	6.76	0.7
19940524	0.0	6.85	0.72
19940525	0.06	4.78	0.69
19940526	0.0	5.1	0.7
19940527	0.0	6.93	0.67
19940528	0.0	8.77	0.66
19940529	0.0	7.87	0.65
19940530	0.0	10.63	0.65
19940531	0.0	11.31	0.66
19940601	0.01	10.32	0.65
19940602	7.57	11.71	0.64
19940603	12.06	8.86	0.88
19940604	0.75	7.54	0.69
19940605	0.57	10.5	0.63
19940606	2.35	10.76	0.64
19940607	0.41	8.04	0.63
19940608	0.27	8.93	0.6
19940609	0.25	8.9	0.61
19940610	0.0	10.61	0.6
19940611	0.0	10.84	0.59
19940612	0.0	12.15	0.58
19940613	0.0	15.15	0.56
19940614	0.0	10.72	0.54
19940615	5.37	9.71	0.55
19940616	2.89	8.7	0.63
19940617	7.79	9.34	0.58
19940618	7.21	10.01	0.69
19940619	0.91	11.71	0.6
19940620	8.23	12.06	0.55
19940621	3.97	9.39	0.59
19940622	1.71	8.19	0.57
19940623	4.24	11.3	0.53
19940624	9.12	13.57	0.67
19940625	3.44	11.06	0.7
19940626	14.09	11.96	0.74
19940627	0.38	15.27	0.89
19940628	1.05	14.09	0.71
19940629	0.24	10.46	0.65
19940630	0.0	14.08	0.62
19940701	0.0	13.97	0.59
19940702	0.79	12.42	0.57
19940703	0.77	13.12	0.58
19940704	10.11	13.84	0.69
19940705	0.05	13.6	0.68
19940706	2.36	13.76	0.64
19940707	0.05	14.24	0.59
19940708	0.0	14.38	0.56
19940709	11.5	13.76	0.59
19940710	5.22	12.71	0.75
19940711	8.57	14.38	0.79
19940712	3.37	11.81	0.96
19940713	0.01	12.81	0.81
19940714	1.88	14.11	0.73
19940715	0.0	10.87	0.68
19940716	0.0	11.08	0.63
19940717	0.0	12.3	0.61
19940718	0.0	12.42	0.58
19940719	0.05	16.67	0.56
19940720	1.39	17.7	0.57
19940721	3.97	12.42	0.67
19940722	0.0	11.65	0.58
19940723	0.0	14.77	0.54
19940724	5.38	14.89	0.64
19940725	9.88	15.73	0.57
19940726	2.77	13.01	0.8
19940727	0.01	12.65	0.62
19940728	0.0	13.71	0.58
19940729	0.0	12.85	0.57
19940730	0.0	17.39	0.55
19940731	13.41	17.09	0.68
19940801	0.05	16.28	0.72
19940802	1.85	15.59	0.61
19940803	7.52	16.24	0.73
19940804	1.8	16.57	0.73
19940805	0.0	12.19	0.64
19940806	0.0	13.72	0.61
19940807	0.01	12.34	0.6
19940808	0.0	13.43	0.58
19940809	0.0	11.98	0.58
19940810	0.0	11.23	0.57
19940811	0.0	12.37	0.55
19940812	0.0	10.02	0.55
19940813	0.0	8.65	0.54
19940814	0.0	10.64	0.54
19940815	0.01	13.3	0.54
19940816	6.91	10.1	0.65
19940817	0.7	11.78	0.63
19940818	3.1	12.24	0.6
19940819	1.16	11.89	0.63
19940820	0.06	12.44	0.58
19940821	0.0	10.87	0.53
19940822	15.68	14.02	0.58
19940823	18.48	12.06	1.33
19940824	3.4	11.47	0.88
19940825	0.85	12.99	0.73
19940826	5.31	10.13	0.67
19940827	14.92	8.94	0.87
19940828	11.87	9.9	1.88
19940829	0.04	11.05	1.18
19940830	0.15	9.98	0.92
19940831	0.09	10.94	0.81
19940901	0.02	10.49	0.75
19940902	0.0	12.81	0.7
19940903	9.64	12.48	0.77
19940904	0.83	10.03	0.76
19940905	0.79	10.01	0.69
19940906	1.84	9.49	0.65
19940907	3.68	9.89	0.68
19940908	6.26	8.3	0.98
19940909	0.77	8.32	0.86
19940910	9.16	10.04	0.86
19940911	1.76	10.94	1.05
19940912	7.31	9.97	1.16
19940913	0.1	7.94	1.2
19940914	0.0	7.94	0.98
19940915	0.06	7.79	0.86
19940916	0.0	7.2	0.77
19940917	0.0	7.0	0.72
19940918	4.67	8.16	0.7
19940919	2.55	9.86	0.76
19940920	2.82	9.09	0.75
19940921	0.01	11.11	0.71
19940922	0.0	12.68	0.66
19940923	0.01	11.99	0.63
19940924	0.77	7.93	0.62
19940925	0.01	7.4	0.6
19940926	0.05	10.28	0.58
19940927	0.28	7.64	0.57
19940928	0.2	11.63	0.57
19940929	0.73	11.75	0.55
19940930	5.22	10.18	0.58
19941001	7.56	8.94	0.66
19941002	3.64	6.47	0.75
19941003	0.16	2.47	0.74
19941004	0.24	4.81	0.66
19941005	1.47	8.85	0.66
19941006	2.64	10.21	0.66
19941007	0.37	9.79	0.67
19941008	0.0	8.8	0.64
19941009	0.0	7.63	0.63
19941010	0.0	8.77	0.62
19941011	0.0	9.88	0.61
19941012	0.0	8.21	0.59
19941013	0.0	9.75	0.59
19941014	0.31	10.46	0.58
19941015	0.74	7.69	0.57
19941016	0.02	3.57	0.55
19941017	0.0	3.97	0.55
19941018	0.0	5.96	0.54
19941019	13.78	8.59	0.59
19941020	17.71	8.14	1.67
19941021	5.48	8.95	1.21
19941022	19.34	10.08	1.25
19941023	1.42	7.72	2.87
19941024	10.31	6.96	1.62
19941025	2.76	5.31	1.58
19941026	0.21	5.44	1.41
19941027	0.09	5.06	1.21
19941028	2.16	4.4	1.08
19941029	11.86	3.64	1.34
19941030	7.74	6.27	1.45
19941031	1.72	7.06	2.25
19941101	0.16	4.07	1.57
19941102	6.3	5.26	1.37
19941103	5.39	9.45	1.61
19941104	7.96	7.96	1.63
19941105	5.86	7.17	2.53
19941106	0.18	6.5	2.13
19941107	0.48	6.83	1.8
19941108	15.8	9.03	1.76
19941109	7.81	8.93	3.69
19941110	7.09	7.5	3.25
19941111	4.93	7.43	2.89
19941112	22.27	8.29	3.53
19941113	31.58	9.58	12.48
19941114	20.74	7.49	15.14
19941115	0.35	6.35	9.49
19941116	2.95	5.1	5.41
19941117	10.58	4.53	4.45
19941118	21.56	7.33	5.76
19941119	3.94	8.21	6.99
19941120	8.42	6.59	5.91
19941121	4.8	8.39	4.22
19941122	5.82	11.49	4.01
19941123	0.17	8.15	3.56
19941124	0.1	6.18	2.91
19941125	1.39	9.36	2.52
19941126	0.28	9.79	2.19
19941127	0.01	6.19	1.92
19941128	0.0	6.49	1.67
19941129	0.0	2.39	1.48
19941130	0.0	3.3	1.36
19941201	0.52	4.94	1.25
19941202	2.43	6.5	1.2
19941203	5.98	5.49	1.34
19941204	3.43	1.6	1.31
19941205	11.34	2.21	1.37
19941206	1.79	3.49	1.78
19941207	18.93	2.01	1.73
19941208	12.65	2.72	4.86
19941209	8.87	6.88	4.0
19941210	67.88	9.88	14.56
19941211	34.49	9.59	36.88
19941212	1.43	5.8	25.33
19941213	0.0	0.84	9.39
19941214	0.05	-0.59	5.83
19941215	2.04	3.66	4.32
19941216	1.96	5.15	3.36
19941217	5.21	5.43	3.31
19941218	10.64	1.65	3.12
19941219	3.31	1.12	3.45
19941220	0.06	-1.33	2.65
19941221	0.05	-2.64	2.18
19941222	1.51	1.06	2.0
19941223	12.49	6.33	3.41
19941224	2.83	5.81	4.02
19941225	16.71	3.27	3.83
19941226	5.58	0.21	4.79
19941227	6.52	0.43	3.74
19941228	18.41	5.23	9.21
19941229	11.69	4.11	8.83
19941230	6.51	1.62	10.05
19941231	0.19	-0.53	5.7
19950101	0.16	-2.06	3.85
19950102	0.0	-3.94	2.96
19950103	2.65	-2.62	2.51
19950104	9.58	3.83	2.36
19950105	2.94	4.0	3.68
19950106	5.31	3.18	2.75
19950107	5.83	6.27	3.59
19950108	10.01	4.47	3.58
19950109	4.73	4.41	6.14
19950110	3.58	0.34	4.47
19950111	0.04	-0.98	3.38
19950112	1.57	2.36	2.75
19950113	1.73	7.21	2.71
19950114	0.71	3.07	2.49
19950115	11.17	4.65	2.58
19950116	9.13	3.17	4.15
19950117	9.6	2.47	3.62
19950118	8.46	0.28	4.0
19950119	15.54	0.14	4.35
19950120	2.72	0.51	3.88
19950121	13.95	0.97	4.16
19950122	11.79	1.6	4.63
19950123	0.04	2.68	3.95
19950124	0.11	1.25	3.16
19950125	2.42	-0.16	2.7
19950126	0.0	-1.67	2.28
19950127	17.85	-1.3	2.04
19950128	1.05	1.24	2.33
19950129	0.01	-3.27	2.82
19950130	32.72	-0.07	2.76
19950131	8.24	4.6	17.49
19950201	1.39	1.89	12.47
19950202	20.46	3.98	7.17
19950203	16.05	5.6	18.22
19950204	0.76	5.19	10.55
19950205	4.38	7.71	6.59
19950206	1.85	4.72	6.24
19950207	0.0	-0.29	4.19
19950208	0.0	-3.91	3.16
19950209	0.02	-3.3	2.55
19950210	10.63	0.3	2.3
19950211	19.4	3.19	5.77
19950212	3.85	3.15	5.67
19950213	14.56	3.15	5.36
19950214	22.5	4.45	9.57
19950215	9.64	3.24	9.82
19950216	7.38	2.66	7.13
19950217	0.33	2.12	5.14
19950218	22.51	2.73	4.86
19950219	9.45	2.14	6.62
19950220	5.46	1.63	5.49
19950221	38.13	2.17	7.12
19950222	17.99	1.33	15.84
19950223	0.03	1.31	8.39
19950224	0.38	0.37	5.16
19950225	0.0	-0.18	3.82
19950226	1.99	1.83	3.02
19950227	3.3	6.12	6.35
19950228	19.1	2.99	9.93
19950301	2.21	-0.19	6.09
19950302	0.39	-2.46	4.04
19950303	0.05	-1.83	3.11
19950304	15.74	-0.73	2.69
19950305	0.01	0.61	2.93
19950306	2.11	0.07	2.32
19950307	5.16	-0.99	2.06
19950308	0.62	0.97	1.83
19950309	4.99	3.41	1.95
19950310	2.53	5.52	2.82
19950311	0.01	3.9	4.18
19950312	0.26	5.68	2.63
19950313	4.21	5.86	2.62
19950314	9.15	1.66	2.84
19950315	0.9	0.48	2.57
19950316	21.22	1.75	2.97
19950317	5.47	1.02	4.74
19950318	0.46	1.01	3.07
19950319	0.24	1.51	2.48
19950320	0.0	2.45	2.1
19950321	0.0	3.88	1.84
19950322	0.05	5.71	2.0
19950323	4.6	6.18	2.74
19950324	5.99	3.47	3.38
19950325	1.81	3.62	2.66
19950326	5.26	2.25	2.3
19950327	1.84	0.75	1.96
19950328	0.57	-1.5	1.7
19950329	1.23	2.36	1.47
19950330	4.23	6.97	1.55
19950331	0.17	8.48	1.89
19950401	0.07	8.59	1.74
19950402	0.01	8.67	1.59
19950403	0.25	4.05	1.36
19950404	4.81	5.31	1.24
19950405	3.05	6.6	1.53
19950406	0.21	9.13	1.35
19950407	0.0	5.12	1.28
19950408	0.0	6.03	1.08
19950409	1.51	6.94	1.09
19950410	0.0	9.77	1.04
19950411	1.28	6.06	1.02
19950412	0.02	8.2	0.95
19950413	0.0	10.01	0.9
19950414	0.06	8.81	0.88
19950415	0.0	7.41	0.86
19950416	0.07	7.07	0.84
19950417	7.06	1.48	0.93
19950418	0.35	2.13	0.87
19950419	0.01	3.11	0.81
19950420	0.07	2.63	0.79
19950421	0.96	3.29	0.79
19950422	13.28	5.29	0.92
19950423	0.46	6.38	1.06
19950424	0.27	6.84	0.89
19950425	0.0	6.2	0.83
19950426	0.0	3.58	0.79
19950427	0.0	4.05	0.77
19950428	0.0	4.59	0.75
19950429	0.82	6.39	0.72
19950430	0.04	9.93	0.73
19950501	0.3	14.01	0.71
19950502	3.13	12.46	0.74
19950503	0.0	12.28	0.7
19950504	0.0	12.61	0.67
19950505	0.02	9.57	0.65
19950506	0.79	13.31	0.64
19950507	0.25	9.62	0.64
19950508	0.66	7.23	0.64
19950509	1.91	6.84	0.63
19950510	0.01	3.17	0.62
19950511	3.85	3.35	0.61
19950512	3.15	2.88	0.69
19950513	0.27	4.88	0.63
19950514	1.37	2.81	0.62
19950515	2.28	4.01	0.62
19950516	0.16	3.78	0.6
19950517	5.02	3.44	0.65
19950518	5.26	4.12	0.67
19950519	1.33	6.94	0.64
19950520	0.61	6.97	0.61
19950521	0.89	10.04	0.57
19950522	0.51	10.59	0.58
19950523	0.0	11.38	0.58
19950524	9.97	10.42	0.64
19950525	0.67	10.78	0.65
19950526	5.87	12.1	0.6
19950527	11.62	12.18	0.86
19950528	1.75	11.71	0.79
19950529	4.75	10.84	0.75
19950530	1.7	11.33	0.72
19950531	10.96	9.86	0.92
19950601	5.12	9.99	0.98
19950602	12.84	10.37	0.95
19950603	2.37	10.35	1.54
19950604	0.88	8.53	1.16
19950605	0.37	9.73	0.99
19950606	0.87	8.95	0.9
19950607	1.47	9.04	0.83
19950608	0.0	8.49	0.77
19950609	0.0	12.19	0.72
19950610	0.02	11.45	0.7
19950611	0.0	7.43	0.67
19950612	0.0	9.67	0.66
19950613	0.0	11.6	0.64
19950614	0.0	12.52	0.63
19950615	0.0	11.19	0.62
19950616	4.67	11.73	0.63
19950617	0.36	10.08	0.68
19950618	5.2	11.31	0.64
19950619	9.23	13.31	0.91
19950620	0.0	10.89	0.91
19950621	0.0	11.43	0.7
19950622	0.0	13.52	0.66
19950623	0.0	14.87	0.65
19950624	0.0	15.25	0.65
19950625	0.0	14.47	0.64
19950626	0.0	14.17	0.63
19950627	0.0	14.69	0.63
19950628	0.0	16.67	0.62
19950629	0.0	17.81	0.61
19950630	0.0	12.23	0.6
19950701	0.0	11.98	0.59
19950702	4.05	10.55	0.6
19950703	0.0	12.07	0.59
19950704	0.38	12.83	0.55
19950705	6.67	12.91	0.57
19950706	0.02	13.25	0.57
19950707	0.0	11.03	0.52
19950708	2.04	13.59	0.5
19950709	0.01	12.53	0.49
19950710	0.0	14.77	0.46
19950711	10.85	15.31	0.53
19950712	0.01	14.52	0.55
19950713	3.18	15.15	0.48
19950714	14.98	12.89	0.75
19950715	4.34	13.97	0.63
19950716	7.36	13.19	0.51
19950717	3.08	13.12	0.6
19950718	0.05	13.95	0.49
19950719	12.57	18.31	0.49
19950720	7.79	13.94	0.95
19950721	0.03	12.09	0.65
19950722	6.77	13.48	0.5
19950723	1.61	11.77	0.59
19950724	0.0	14.47	0.5
19950725	0.0	17.99	0.45
19950726	0.0	17.42	0.41
19950727	0.0	17.0	0.56
19950728	0.06	17.55	0.6
19950729	0.01	16.6	0.53
19950730	0.75	19.29	0.48
19950731	0.0	17.71	0.47
19950801	0.01	18.76	0.44
19950802	0.0	18.07	0.43
19950803	0.05	15.39	0.48
19950804	0.0	12.79	0.44
19950805	0.0	14.7	0.42
19950806	0.0	15.67	0.4
19950807	0.0	11.18	0.4
19950808	0.0	14.29	0.43
19950809	0.0	14.99	0.41
19950810	0.0	16.91	0.34
19950811	1.15	20.65	0.34
19950812	0.56	15.1	0.37
19950813	0.02	13.95	0.36
19950814	0.0	15.79	0.35
19950815	0.0	15.97	0.35
19950816	0.0	16.58	0.34
19950817	0.0	18.2	0.33
19950818	8.87	20.07	0.4
19950819	0.09	17.98	0.43
19950820	0.0	18.66	0.37
19950821	0.0	19.56	0.35
19950822	0.31	13.77	0.34
19950823	0.12	13.79	0.34
19950824	8.19	14.26	0.42
19950825	1.89	13.24	0.43
19950826	0.16	11.83	0.38
19950827	0.18	9.85	0.35
19950828	2.45	11.92	0.34
19950829	1.03	12.3	0.37
19950830	0.04	15.55	0.36
19950831	0.02	14.08	0.35
19950901	13.91	12.9	0.4
19950902	28.4	10.33	1.09
19950903	4.26	10.91	0.93
19950904	13.55	11.78	0.62
19950905	2.16	10.95	0.98
19950906	2.63	12.15	0.67
19950907	21.7	11.99	1.12
19950908	1.25	12.22	1.43
19950909	6.8	11.32	0.88
19950910	1.35	13.71	0.86
19950911	1.15	11.37	0.72
19950912	0.14	11.35	0.63
19950913	0.21	11.87	0.57
19950914	0.01	11.19	0.53
19950915	0.0	10.72	0.5
19950916	0.01	13.43	0.47
19950917	0.03	11.41	0.45
19950918	0.08	11.92	0.45
19950919	0.01	10.37	0.43
19950920	0.01	12.69	0.43
19950921	0.46	12.94	0.42
19950922	0.28	10.79	0.41
19950923	14.76	10.28	0.49
19950924	2.78	7.23	0.54
19950925	8.64	10.92	0.73
19950926	4.27	7.54	0.66
19950927	0.07	3.82	0.6
19950928	0.01	5.99	0.52
19950929	0.0	6.58	0.48
19950930	15.42	8.51	0.56
19951001	8.91	9.17	0.93
19951002	13.44	11.44	1.04
19951003	2.55	11.03	1.31
19951004	14.23	11.16	1.24
19951005	10.89	9.96	1.33
19951006	10.93	11.96	2.04
19951007	7.56	12.82	1.95
19951008	0.11	14.63	1.82
19951009	1.54	10.91	1.34
19951010	0.72	8.27	1.09
19951011	6.44	11.18	1.0
19951012	17.32	10.32	1.12
19951013	1.21	10.32	2.17
19951014	4.97	12.66	1.53
19951015	5.33	11.96	1.69
19951016	12.06	12.89	1.47
19951017	6.61	10.37	2.19
19951018	0.65	10.46	1.72
19951019	0.47	7.55	1.41
19951020	0.0	5.07	1.54
19951021	29.49	6.56	1.39
19951022	22.12	9.9	5.15
19951023	0.85	11.1	7.37
19951024	4.9	9.7	3.94
19951025	37.72	8.67	3.88
19951026	28.68	6.49	18.2
19951027	1.13	5.57	12.39
19951028	0.07	5.51	5.65
19951029	1.2	6.27	3.63
19951030	4.78	9.64	2.95
19951031	1.68	9.3	2.92
19951101	0.04	5.3	2.47
19951102	0.02	5.24	2.07
19951103	0.01	2.45	1.78
19951104	0.0	3.73	1.59
19951105	0.0	5.95	1.46
19951106	0.53	8.42	1.35
19951107	0.27	10.65	1.26
19951108	0.68	4.56	1.2
19951109	2.36	2.87	1.16
19951110	0.9	4.68	1.12
19951111	14.15	7.98	1.49
19951112	0.19	9.02	2.23
19951113	0.02	7.18	1.55
19951114	7.68	5.96	1.39
19951115	14.61	2.84	3.19
19951116	0.1	0.03	3.23
19951117	0.0	-0.21	2.22
19951118	0.0	2.32	1.85
19951119	0.0	3.58	1.64
19951120	3.63	5.0	1.53
19951121	1.34	8.01	1.54
19951122	10.81	7.54	1.45
19951123	30.24	9.76	2.79
19951124	3.75	8.28	8.47
19951125	12.07	2.67	4.34
19951126	0.77	3.26	4.68
19951127	0.65	5.17	3.46
19951128	2.76	5.74	2.86
19951129	0.13	6.36	2.53
19951130	0.0	5.08	2.13
19951201	0.1	5.26	1.87
19951202	3.98	7.67	1.69
19951203	6.03	6.99	2.0
19951204	1.61	3.29	1.77
19951205	6.75	0.84	1.73
19951206	8.99	0.78	2.24
19951207	2.55	-2.08	2.44
19951208	0.02	-2.77	1.88
19951209	0.09	3.0	1.83
19951210	0.02	4.48	2.31
19951211	0.02	2.63	1.9
19951212	0.01	1.59	1.7
19951213	0.39	1.83	1.55
19951214	0.78	2.74	1.44
19951215	3.31	3.45	1.44
19951216	0.42	3.26	1.45
19951217	0.35	2.79	1.32
19951218	0.07	1.8	1.23
19951219	0.01	-2.46	1.15
19951220	0.0	-5.12	1.06
19951221	9.86	-1.99	1.04
19951222	10.95	0.35	1.63
19951223	3.89	-2.62	1.63
19951224	0.8	-2.77	1.29
19951225	0.01	-4.86	1.18
19951226	0.0	-7.9	0.85
19951227	0.0	-9.53	0.75
19951228	0.0	-10.05	0.77
19951229	0.0	-7.59	0.72
19951230	0.01	0.04	0.87
19951231	9.48	1.08	1.02
19960101	7.93	1.8	1.88
19960102	0.95	2.36	2.09
19960103	3.83	2.4	2.06
19960104	11.04	2.87	3.54
19960105	5.95	3.8	3.71
19960106	5.97	2.03	3.67
19960107	3.65	3.89	3.72
19960108	5.44	5.94	3.6
19960109	4.67	6.34	3.07
19960110	0.45	1.72	2.75
19960111	4.49	4.88	2.41
19960112	4.99	5.8	2.39
19960113	10.27	6.49	2.38
19960114	4.94	6.69	3.86
19960115	0.1	6.39	3.18
19960116	0.9	5.57	2.72
19960117	0.15	6.63	2.31
19960118	0.01	5.55	1.98
19960119	0.08	4.28	1.72
19960120	0.13	2.31	1.52
19960121	1.36	0.79	1.42
19960122	0.12	1.69	1.33
19960123	0.0	0.95	1.23
19960124	0.0	0.23	1.13
19960125	3.68	-1.41	1.06
19960126	5.0	-1.65	1.05
19960127	7.78	-0.56	1.07
19960128	0.01	-0.19	1.16
19960129	0.0	0.06	1.09
19960130	0.0	0.38	1.03
19960131	0.0	-0.02	1.02
19960201	0.0	-0.02	0.99
19960202	0.0	0.17	0.94
19960203	0.0	-0.94	0.89
19960204	5.46	-0.62	0.85
19960205	21.2	-1.68	0.94
19960206	9.34	-2.69	0.92
19960207	3.64	-2.66	0.86
19960208	4.57	-1.85	0.87
19960209	6.61	0.73	1.26
19960210	7.25	2.5	3.45
19960211	15.07	3.2	3.91
19960212	3.68	2.09	6.87
19960213	0.03	-0.59	3.89
19960214	0.13	1.27	2.65
19960215	0.52	6.75	4.72
19960216	4.98	3.28	7.12
19960217	16.58	3.4	5.15
19960218	1.89	1.31	5.99
19960219	0.18	-1.59	3.25
19960220	0.08	-1.54	2.43
19960221	2.1	0.29	2.1
19960222	0.52	2.31	1.94
19960223	8.06	3.12	2.03
19960224	8.64	1.72	2.54
19960225	1.0	0.03	2.38
19960226	0.78	0.96	1.92
19960227	0.02	2.75	1.74
19960228	0.0	3.72	1.61
19960229	0.0	4.56	1.56
19960301	0.01	4.8	1.48
19960302	0.06	6.09	1.45
19960303	0.0	4.74	1.43
19960304	0.06	2.14	1.41
19960305	0.0	3.28	1.3
19960306	0.0	6.05	1.19
19960307	0.48	3.45	1.15
19960308	0.77	1.44	1.08
19960309	0.13	1.98	1.04
19960310	0.35	3.99	0.99
19960311	44.46	2.84	2.75
19960312	32.49	-1.37	15.23
19960313	0.35	-1.28	5.24
19960314	0.25	-0.67	3.32
19960315	0.12	0.36	2.7
19960316	10.98	0.17	2.85
19960317	2.4	0.55	3.04
19960318	0.94	1.09	2.76
19960319	0.35	0.88	2.63
19960320	1.24	1.43	2.35
19960321	0.08	1.92	2.26
19960322	1.09	0.83	2.11
19960323	0.07	0.49	1.93
19960324	0.0	3.54	1.93
19960325	0.01	1.52	1.86
19960326	0.0	0.65	1.69
19960327	1.53	2.0	1.6
19960328	0.01	2.63	1.56
19960329	0.0	1.81	1.44
19960330	0.0	2.01	1.35
19960331	0.1	3.79	1.28
19960401	1.88	3.02	1.27
19960402	0.0	4.49	1.22
19960403	0.0	4.03	1.19
19960404	0.0	3.64	1.19
19960405	0.0	4.07	1.16
19960406	0.0	4.5	1.11
19960407	0.13	4.64	1.06
19960408	0.43	8.5	1.09
19960409	1.95	10.14	1.1
19960410	11.87	6.65	1.48
19960411	2.54	4.09	1.57
19960412	0.55	1.08	1.34
19960413	0.48	2.54	1.12
19960414	9.65	4.59	1.41
19960415	4.48	8.55	1.79
19960416	15.95	9.12	2.2
19960417	18.21	5.68	6.13
19960418	5.13	6.99	7.22
19960419	6.99	7.64	4.48
19960420	7.13	7.57	3.86
19960421	5.71	7.73	3.7
19960422	3.52	7.94	3.19
19960423	9.47	6.7	3.56
19960424	1.38	8.41	3.12
19960425	0.05	8.99	2.5
19960426	2.29	8.9	2.18
19960427	0.04	6.84	1.92
19960428	0.67	6.36	1.52
19960429	4.24	6.35	1.5
19960430	3.1	3.08	1.34
19960501	3.51	2.36	1.42
19960502	0.01	2.79	1.3
19960503	0.0	3.07	1.15
19960504	0.54	4.41	1.06
19960505	2.11	5.89	1.04
19960506	1.62	6.82	1.0
19960507	0.04	4.47	0.95
19960508	0.0	5.23	0.89
19960509	0.0	4.86	0.83
19960510	3.36	5.34	0.8
19960511	0.23	5.55	0.84
19960512	0.02	6.12	0.78
19960513	0.0	9.59	0.75
19960514	0.0	9.9	0.71
19960515	0.0	5.42	0.69
19960516	0.08	3.63	0.68
19960517	2.95	3.45	0.7
19960518	3.97	4.47	0.69
19960519	4.04	6.11	0.72
19960520	3.28	7.19	0.75
19960521	6.73	6.95	0.76
19960522	10.18	8.28	1.16
19960523	2.88	7.41	1.25
19960524	4.8	9.33	1.19
19960525	0.17	8.39	1.05
19960526	1.32	9.15	0.93
19960527	0.04	9.21	0.89
19960528	10.59	9.57	1.25
19960529	0.75	11.13	1.08
19960530	8.87	11.29	1.17
19960531	2.39	8.92	1.14
19960601	1.12	7.81	1.0
19960602	0.07	8.87	0.89
19960603	14.22	8.87	1.14
19960604	1.76	12.09	1.17
19960605	4.89	12.55	1.17
19960606	0.0	14.26	1.05
19960607	0.38	12.8	0.98
19960608	0.77	12.21	0.92
19960609	5.82	11.97	0.88
19960610	3.0	11.73	0.97
19960611	19.94	10.61	1.98
19960612	0.14	9.7	1.58
19960613	0.0	10.93	1.15
19960614	0.0	13.39	1.03
19960615	0.0	14.19	0.91
19960616	0.0	16.89	0.86
19960617	0.0	12.18	0.81
19960618	0.0	11.95	0.74
19960619	0.0	9.65	0.7
19960620	0.0	8.07	0.69
19960621	0.0	8.14	0.68
19960622	0.0	10.27	0.65
19960623	0.0	12.69	0.66
19960624	0.0	15.05	0.67
19960625	0.64	15.58	0.62
19960626	0.0	12.39	0.61
19960627	2.27	13.23	0.59
19960628	1.0	12.05	0.59
19960629	0.29	11.39	0.56
19960630	1.35	11.45	0.53
19960701	6.71	10.98	0.63
19960702	11.12	12.02	0.58
19960703	6.81	10.93	0.75
19960704	3.28	11.41	0.63
19960705	0.45	11.08	0.58
19960706	0.0	11.11	0.53
19960707	0.0	10.51	0.51
19960708	0.55	13.46	0.5
19960709	0.01	14.27	0.5
19960710	0.59	14.72	0.49
19960711	0.02	14.2	0.5
19960712	0.05	13.8	0.48
19960713	0.84	13.17	0.49
19960714	0.0	10.61	0.47
19960715	0.0	10.67	0.47
19960716	0.0	12.82	0.48
19960717	0.0	15.54	0.46
19960718	0.0	15.11	0.47
19960719	0.0	15.73	0.47
19960720	0.0	16.82	0.47
19960721	5.64	17.41	0.51
19960722	7.13	15.82	0.69
19960723	5.02	14.19	0.55
19960724	0.0	12.52	0.52
19960725	0.43	15.27	0.51
19960726	0.02	12.94	0.48
19960727	0.0	12.35	0.47
19960728	6.2	13.99	0.5
19960729	0.21	13.49	0.5
19960730	4.76	11.36	0.5
19960731	2.75	11.94	0.51
19960801	0.53	11.18	0.5
19960802	0.0	13.08	0.47
19960803	0.0	12.65	0.46
19960804	0.0	14.7	0.44
19960805	0.0	15.55	0.44
19960806	0.09	14.85	0.45
19960807	0.03	13.75	0.46
19960808	1.75	13.41	0.47
19960809	7.32	14.9	0.49
19960810	16.39	12.64	0.99
19960811	0.13	14.43	0.63
19960812	0.01	16.31	0.55
19960813	0.18	15.32	0.51
19960814	0.0	13.58	0.49
19960815	0.01	16.04	0.48
19960816	0.01	14.45	0.49
19960817	0.0	16.17	0.5
19960818	0.0	17.65	0.51
19960819	5.01	18.08	0.57
19960820	5.61	15.2	0.66
19960821	6.44	13.7	0.75
19960822	6.44	14.36	0.66
19960823	6.91	13.0	0.71
19960824	10.71	12.77	0.98
19960825	0.15	11.36	0.83
19960826	0.26	12.65	0.67
19960827	5.88	13.13	0.78
19960828	2.16	12.01	0.75
19960829	0.07	11.79	0.66
19960830	0.01	10.97	0.61
19960831	0.0	11.37	0.58
19960901	6.58	13.68	0.69
19960902	0.03	17.43	0.63
19960903	0.02	15.18	0.58
19960904	0.0	12.99	0.56
19960905	0.01	11.19	0.5
19960906	0.0	11.58	0.46
19960907	0.0	11.24	0.43
19960908	0.0	11.82	0.42
19960909	0.0	12.47	0.41
19960910	0.07	13.17	0.4
19960911	0.0	10.98	0.41
19960912	0.0	7.29	0.39
19960913	0.0	10.73	0.39
19960914	0.0	11.64	0.4
19960915	0.0	10.97	0.4
19960916	0.0	13.27	0.39
19960917	0.0	12.13	0.39
19960918	0.62	10.96	0.38
19960919	0.0	11.73	0.37
19960920	0.2	11.2	0.36
19960921	1.98	10.21	0.36
19960922	0.02	10.31	0.37
19960923	2.58	10.61	0.36
19960924	8.23	11.49	0.4
19960925	0.31	12.66	0.43
19960926	6.65	10.62	0.43
19960927	7.92	9.81	0.45
19960928	17.67	10.25	0.65
19960929	4.88	9.89	0.74
