date	precipitation	temperature	discharge_spec
19971031	0.07	9.64	0.42
19971101	0.39	10.69	0.39
19971102	0.05	8.67	0.41
19971103	0.07	8.36	0.42
19971104	2.63	7.86	0.41
19971105	10.2	8.49	0.55
19971106	0.42	6.45	0.61
19971107	1.23	5.21	0.54
19971108	7.92	3.22	1.15
19971109	0.66	3.78	0.94
19971110	2.15	7.04	0.76
19971111	0.13	6.5	0.72
19971112	0.05	5.51	0.65
19971113	0.57	4.02	0.61
19971114	1.1	6.63	0.59
19971115	0.09	10.45	0.57
19971116	2.18	12.87	0.59
19971117	3.02	12.47	0.56
19971118	0.58	10.65	0.58
19971119	1.51	9.74	0.57
19971120	6.76	6.93	0.62
19971121	0.08	5.3	0.65
19971122	0.0	4.44	0.59
19971123	6.54	6.01	0.64
19971124	6.66	7.14	1.68
19971125	2.27	7.08	1.89
19971126	7.03	7.95	1.61
19971127	2.73	7.01	2.67
19971128	8.0	7.27	1.69
19971129	3.22	4.69	2.59
19971130	0.01	1.2	1.73
19971201	0.22	-0.17	1.26
19971202	0.44	0.89	1.03
19971203	0.08	2.36	0.85
19971204	0.1	3.53	0.74
19971205	1.67	8.24	0.74
19971206	0.77	10.36	0.73
19971207	5.44	9.19	0.79
19971208	3.04	7.76	1.37
19971209	8.77	6.95	1.26
19971210	17.31	4.94	4.11
19971211	8.69	2.63	8.21
19971212	0.94	3.19	3.98
19971213	0.63	4.57	2.7
19971214	0.24	4.35	2.0
19971215	0.54	4.13	1.57
19971216	0.18	4.21	1.33
19971217	1.05	3.97	1.14
19971218	22.76	5.88	3.89
19971219	16.56	5.47	6.1
19971220	0.81	5.54	6.48
19971221	0.75	5.01	3.98
19971222	1.76	4.05	2.88
19971223	7.08	6.85	2.83
19971224	12.09	6.06	4.81
19971225	11.44	4.53	7.68
19971226	0.1	3.87	5.55
19971227	0.31	4.02	3.83
19971228	0.03	1.63	2.73
19971229	0.76	2.41	2.06
19971230	3.43	7.34	2.04
19971231	0.25	3.11	1.78
19980101	1.21	5.32	1.51
19980102	3.45	5.68	1.33
19980103	11.84	4.09	2.0
19980104	16.06	1.3	4.48
19980105	0.07	0.84	4.87
19980106	2.64	1.7	3.4
19980107	0.94	2.61	3.0
19980108	8.17	5.95	2.86
19980109	0.43	11.22	3.7
19980110	0.33	10.0	2.58
19980111	1.33	8.58	2.27
19980112	0.12	6.4	2.02
19980113	14.34	4.16	2.93
19980114	1.23	4.61	3.51
19980115	0.63	3.6	2.68
19980116	1.28	3.42	2.03
19980117	19.13	3.03	5.43
19980118	6.38	2.11	7.55
19980119	0.38	-0.91	5.11
19980120	0.48	0.1	3.4
19980121	0.44	5.36	2.6
19980122	6.0	7.72	2.21
19980123	1.64	4.06	2.4
19980124	0.19	2.67	2.0
19980125	0.02	0.44	1.74
19980126	0.01	-0.38	1.49
19980127	0.02	0.96	1.37
19980128	0.04	2.18	1.49
19980129	0.06	2.72	1.76
19980130	0.62	3.59	1.61
19980131	0.45	2.75	1.38
19980201	0.11	3.54	1.18
19980202	0.01	2.05	1.05
19980203	1.55	4.03	1.02
19980204	0.46	5.25	0.99
19980205	0.37	7.11	0.97
19980206	5.36	4.69	0.89
19980207	0.87	4.79	0.81
19980208	2.25	8.87	0.86
19980209	5.0	8.3	1.08
19980210	12.15	8.38	1.18
19980211	5.96	11.21	3.48
19980212	1.74	11.91	2.18
19980213	2.0	11.63	2.22
19980214	5.82	11.4	3.48
19980215	1.07	9.87	3.51
19980216	0.17	7.0	2.49
19980217	0.03	9.65	2.0
19980218	0.08	8.73	1.9
19980219	1.18	10.04	1.81
19980220	0.78	8.21	1.57
19980221	1.16	4.43	1.35
19980222	1.35	6.57	1.22
19980223	0.22	10.23	1.09
19980224	0.0	9.01	0.96
19980225	0.02	7.24	0.89
19980226	7.88	6.63	0.8
19980227	2.87	2.16	1.4
19980228	0.2	0.2	1.06
19980301	7.26	1.22	1.19
19980302	5.71	4.73	1.93
19980303	0.33	3.66	2.44
19980304	0.71	2.22	1.83
19980305	1.1	0.7	1.64
19980306	16.4	2.37	2.45
19980307	3.96	3.84	5.1
19980308	0.02	1.78	3.33
19980309	0.6	3.83	2.46
19980310	8.12	4.53	2.88
19980311	0.49	2.57	2.53
19980312	0.97	5.84	2.22
19980313	0.0	7.99	1.81
19980314	0.01	10.58	1.51
19980315	0.12	10.76	1.26
19980316	0.31	7.65	1.14
19980317	0.21	8.53	1.07
19980318	0.01	5.5	0.96
19980319	0.0	7.54	0.87
19980320	0.0	9.3	0.81
19980321	0.0	6.26	0.75
19980322	0.0	6.64	0.68
19980323	2.67	6.63	0.68
19980324	0.04	6.15	0.69
19980325	8.44	8.71	0.74
19980326	2.46	8.42	1.05
19980327	0.49	10.36	0.82
19980328	0.06	10.71	0.74
19980329	16.82	9.82	2.24
19980330	0.15	10.71	2.55
19980331	0.86	8.0	1.52
19980401	0.67	5.6	1.27
19980402	22.56	4.15	1.62
19980403	14.53	4.8	12.32
19980404	19.95	5.78	9.55
19980405	3.43	5.74	9.75
19980406	4.05	7.51	6.45
19980407	3.11	6.54	4.28
19980408	5.96	3.24	3.92
19980409	0.94	1.64	3.41
19980410	0.04	3.03	2.81
19980411	0.4	2.7	2.27
19980412	0.07	2.61	1.82
19980413	0.01	1.14	1.51
19980414	0.99	2.69	1.35
19980415	1.93	2.15	1.27
19980416	4.68	3.41	1.31
19980417	0.05	3.84	1.09
19980418	0.01	5.54	0.96
19980419	1.16	8.01	0.88
19980420	1.29	6.4	0.89
19980421	5.15	9.4	1.08
19980422	8.71	10.63	1.34
19980423	0.97	9.25	1.49
19980424	4.48	9.35	1.26
19980425	2.85	9.39	1.26
19980426	3.73	8.11	1.17
19980427	1.16	6.77	1.16
19980428	0.51	8.44	1.11
19980429	0.46	8.83	1.05
19980430	0.06	5.39	0.92
19980501	0.0	7.87	0.85
19980502	0.01	7.38	0.76
19980503	0.07	10.98	0.63
19980504	0.23	9.57	0.57
19980505	2.95	8.0	0.53
19980506	13.55	9.48	0.59
19980507	8.15	9.32	1.58
19980508	0.09	10.47	1.27
19980509	0.0	10.92	1.26
19980510	0.0	9.56	0.98
19980511	2.5	9.32	0.92
19980512	0.05	9.57	0.99
19980513	0.04	11.22	0.87
19980514	0.0	12.05	0.75
19980515	0.0	11.54	0.68
19980516	0.0	12.86	0.61
19980517	0.0	13.32	0.52
19980518	0.0	13.21	0.48
19980519	1.12	13.9	0.5
19980520	0.46	9.71	0.52
19980521	0.0	9.38	0.52
19980522	0.0	12.53	0.51
19980523	0.17	13.47	0.52
19980524	0.01	14.19	0.51
19980525	0.45	11.02	0.49
19980526	1.94	8.58	0.52
19980527	7.04	8.82	0.58
19980528	5.23	10.32	0.6
19980529	8.8	9.46	0.65
19980530	1.44	9.06	0.72
19980531	12.32	7.72	1.5
19980601	0.08	7.52	0.96
19980602	0.02	7.67	0.92
19980603	0.03	8.85	0.92
19980604	0.02	11.13	0.79
19980605	1.87	12.8	0.69
19980606	12.01	11.48	0.97
19980607	0.51	13.19	0.87
19980608	8.75	10.86	0.97
19980609	9.57	12.51	1.42
19980610	8.28	8.04	2.23
19980611	3.5	6.98	2.29
19980612	0.01	9.56	2.03
19980613	0.15	10.76	1.71
19980614	6.01	10.66	1.33
19980615	1.03	9.82	1.31
19980616	3.28	9.04	1.35
19980617	0.01	11.82	0.92
19980618	2.59	13.22	0.77
19980619	0.04	13.73	0.72
19980620	0.19	18.89	0.66
19980621	2.41	15.01	0.6
19980622	5.26	13.89	0.57
19980623	1.65	16.45	0.61
19980624	0.68	14.34	0.56
19980625	5.49	14.11	0.69
19980626	9.24	12.25	1.04
19980627	2.62	12.92	1.14
19980628	0.55	13.72	1.07
19980629	10.71	13.64	1.4
19980630	0.04	11.56	1.72
19980701	0.0	13.55	1.44
19980702	0.0	12.55	1.18
19980703	0.27	16.79	1.06
19980704	1.76	15.87	0.95
19980705	0.03	13.56	0.64
19980706	0.01	12.31	0.57
19980707	0.82	14.5	0.66
19980708	0.93	13.93	0.76
19980709	0.05	13.44	0.63
19980710	2.14	13.11	0.71
19980711	3.05	12.56	0.52
19980712	23.05	9.82	1.38
19980713	0.23	12.5	0.91
19980714	0.01	12.02	0.66
19980715	0.03	13.36	0.63
19980716	11.04	14.4	0.77
19980717	1.06	12.72	0.86
19980718	0.72	13.4	0.67
19980719	25.41	13.81	2.14
19980720	4.54	15.59	2.63
19980721	3.37	14.08	2.15
19980722	8.42	14.38	1.43
19980723	1.26	12.55	2.51
19980724	0.51	13.21	1.97
19980725	0.83	13.36	1.34
19980726	3.07	12.41	1.27
19980727	0.51	15.24	1.13
19980728	4.2	14.77	1.0
19980729	4.77	14.33	0.94
19980730	1.75	14.42	0.95
19980731	1.31	15.36	0.85
19980801	0.04	14.05	0.8
19980802	10.54	15.13	0.78
19980803	2.3	14.9	1.54
19980804	0.15	15.04	0.98
19980805	1.43	15.43	0.78
19980806	0.56	15.0	0.73
19980807	17.46	15.18	1.44
19980808	0.08	15.94	2.58
19980809	0.1	16.37	1.85
19980810	0.01	16.78	1.44
19980811	0.71	16.93	1.13
19980812	0.43	13.58	0.95
19980813	1.77	14.58	0.9
19980814	2.57	13.88	0.97
19980815	0.23	13.91	0.7
19980816	5.17	14.51	0.62
19980817	0.03	12.35	0.79
19980818	0.0	13.13	0.75
19980819	2.31	14.04	0.77
19980820	2.19	12.74	0.63
19980821	0.02	12.92	0.6
19980822	0.0	12.77	0.66
19980823	9.54	9.9	0.7
19980824	0.03	10.67	0.6
19980825	0.32	11.53	0.6
19980826	0.01	8.85	0.69
19980827	0.0	12.14	0.72
19980828	0.01	13.56	0.69
19980829	0.0	15.37	0.48
19980830	0.0	14.17	0.43
19980831	9.77	15.14	0.51
19980901	17.32	13.52	2.68
19980902	0.31	15.52	1.19
19980903	1.13	12.49	0.78
19980904	0.04	12.64	0.68
19980905	0.19	14.65	0.61
19980906	0.22	15.19	0.72
19980907	4.25	17.7	0.71
19980908	8.95	15.49	0.7
19980909	2.65	15.29	0.95
19980910	10.15	14.06	1.7
19980911	2.06	9.21	1.24
19980912	4.38	7.82	1.0
19980913	0.05	10.51	0.91
19980914	0.0	11.9	0.78
19980915	0.01	11.17	0.68
19980916	0.32	11.06	0.62
19980917	3.33	12.35	0.62
19980918	0.05	13.68	0.63
19980919	0.03	14.69	0.5
19980920	0.03	15.18	0.44
19980921	0.0	15.9	0.46
19980922	0.0	11.39	0.59
19980923	0.0	12.08	0.79
19980924	0.0	11.83	0.76
19980925	0.39	11.22	0.66
19980926	1.33	12.04	0.59
19980927	2.8	11.84	0.51
19980928	3.26	9.25	0.62
19980929	1.69	12.1	0.48
19980930	14.54	12.42	0.57
19981001	7.74	11.2	2.85
19981002	0.1	9.4	1.29
19981003	2.17	9.27	0.92
19981004	10.38	8.94	0.87
19981005	0.63	8.87	1.49
19981006	0.44	9.0	1.05
19981007	0.09	6.82	0.97
19981008	0.52	8.98	0.94
19981009	8.9	10.98	1.36
19981010	2.14	9.38	1.03
19981011	0.83	8.58	0.83
19981012	4.17	10.09	0.7
19981013	2.98	10.6	1.14
19981014	3.04	7.84	1.1
19981015	7.34	7.28	0.81
19981016	32.52	7.04	7.15
19981017	0.64	2.8	5.47
19981018	1.81	4.83	3.31
19981019	0.05	3.0	2.46
19981020	26.82	6.28	4.06
19981021	7.32	13.45	5.99
19981022	11.61	10.75	5.45
19981023	1.46	7.35	6.12
19981024	15.63	8.37	7.59
19981025	0.11	5.38	5.88
19981026	9.7	6.97	3.91
19981027	10.36	5.75	4.87
19981028	0.28	6.53	4.64
19981029	0.43	4.82	3.18
19981030	0.02	4.54	2.43
19981031	0.01	3.49	2.18
19981101	0.01	2.2	2.08
19981102	18.73	2.04	3.33
19981103	2.3	3.47	3.82
19981104	1.4	2.41	2.79
19981105	1.62	2.93	2.27
19981106	0.39	4.44	1.86
19981107	1.75	9.06	1.66
19981108	8.04	11.17	1.7
19981109	2.49	6.99	2.21
19981110	0.3	4.86	1.64
19981111	0.54	6.19	1.49
19981112	18.33	6.39	1.8
19981113	7.62	5.44	6.26
19981114	1.15	4.88	3.08
19981115	0.01	2.14	2.07
19981116	0.01	0.27	1.69
19981117	0.29	-0.44	1.5
19981118	0.24	0.93	1.39
19981119	0.99	3.03	1.27
19981120	4.55	7.43	1.5
19981121	9.42	9.18	1.48
19981122	0.2	3.77	1.92
19981123	5.75	4.36	1.78
19981124	0.3	6.03	2.36
19981125	4.73	5.52	1.95
19981126	1.47	5.91	2.19
19981127	8.38	7.96	2.16
19981128	0.07	4.68	2.97
19981129	0.38	3.77	2.09
19981130	0.47	7.4	1.93
19981201	0.02	6.86	1.75
19981202	0.07	6.51	1.47
19981203	0.12	3.41	1.41
19981204	2.19	-0.63	1.3
19981205	0.01	-3.16	1.17
19981206	0.08	-3.18	1.09
19981207	7.96	4.63	1.44
19981208	0.62	6.02	2.55
19981209	0.05	7.22	1.6
19981210	3.51	6.85	1.54
19981211	7.17	6.74	2.35
19981212	0.87	6.3	2.68
19981213	6.41	9.14	2.34
19981214	2.75	9.16	2.77
19981215	2.93	6.29	2.16
19981216	0.07	9.96	1.94
19981217	5.67	7.95	1.93
19981218	0.28	3.63	1.94
19981219	0.01	1.74	1.74
19981220	0.0	-0.64	1.48
19981221	0.65	1.51	1.36
19981222	2.09	4.25	1.29
19981223	0.87	2.44	1.23
19981224	7.96	7.22	1.29
19981225	7.05	3.26	2.85
19981226	16.81	4.31	3.97
19981227	0.34	1.48	4.36
19981228	0.05	0.76	2.57
19981229	0.52	5.46	2.02
19981230	0.33	5.67	1.75
19981231	0.44	5.67	1.56
19990101	1.24	5.84	1.42
19990102	4.61	5.19	1.44
19990103	8.23	5.13	1.7
19990104	16.32	5.21	4.97
19990105	15.18	4.21	6.36
19990106	0.51	3.55	5.28
19990107	0.74	2.75	3.38
19990108	0.27	1.11	2.57
19990109	0.01	-0.52	2.12
19990110	0.02	-1.07	1.74
19990111	2.4	-0.63	1.65
19990112	0.21	1.62	1.95
19990113	6.37	3.43	2.15
19990114	10.43	3.96	2.47
19990115	8.35	5.07	4.09
19990116	0.36	2.42	2.67
19990117	2.47	3.14	2.12
19990118	4.72	6.11	2.05
19990119	7.36	4.64	2.96
19990120	3.63	4.41	2.76
19990121	0.14	3.99	2.31
19990122	3.96	5.06	2.02
19990123	2.53	5.88	1.94
19990124	18.42	2.56	3.29
19990125	6.57	1.58	5.58
19990126	0.1	1.8	4.81
19990127	1.19	3.11	3.44
19990128	1.47	5.0	2.87
19990129	0.76	5.29	2.48
19990130	0.11	6.76	2.18
19990131	0.01	6.64	1.94
19990201	0.01	6.09	1.77
19990202	1.46	7.18	1.8
19990203	3.29	9.3	1.74
19990204	0.39	5.71	1.63
19990205	0.03	3.23	1.3
19990206	0.16	1.94	1.15
19990207	0.01	-1.53	1.03
19990208	0.0	-1.21	0.96
19990209	0.01	-0.54	1.0
19990210	0.01	1.52	0.95
19990211	0.15	4.61	0.93
19990212	0.21	2.44	0.91
19990213	2.15	3.57	0.91
19990214	1.2	5.76	1.01
19990215	0.16	5.02	0.99
19990216	0.07	2.18	0.88
19990217	2.98	3.27	0.85
19990218	2.12	7.25	0.83
19990219	0.4	4.96	0.84
19990220	9.7	3.94	0.88
19990221	0.9	2.15	1.73
19990222	0.29	1.96	1.16
19990223	0.0	1.69	1.02
19990224	0.78	3.68	1.08
19990225	0.41	7.05	1.08
19990226	3.07	4.93	0.98
19990227	25.99	3.46	1.48
19990228	11.13	3.74	6.97
19990301	3.86	4.44	3.33
19990302	4.29	4.97	3.56
19990303	1.5	4.83	3.27
19990304	0.13	2.8	2.59
19990305	0.19	1.96	2.03
19990306	0.35	3.67	1.7
19990307	0.01	0.99	1.51
19990308	0.47	3.08	1.46
19990309	1.05	2.66	1.59
19990310	0.16	3.69	1.37
19990311	1.29	5.03	1.15
19990312	4.08	6.37	1.14
19990313	0.81	6.32	1.01
19990314	0.09	7.18	0.9
19990315	2.47	9.55	0.89
19990316	0.07	10.52	0.92
19990317	0.85	9.03	0.93
19990318	0.1	6.64	0.85
19990319	0.36	7.34	0.79
19990320	6.14	7.22	0.79
19990321	0.84	4.96	0.9
19990322	0.27	5.95	0.85
19990323	1.69	8.65	0.77
19990324	0.68	5.82	0.73
19990325	0.04	6.13	0.73
19990326	1.31	4.51	0.76
19990327	0.01	3.16	0.66
19990328	20.41	6.54	0.9
19990329	1.86	9.53	2.31
19990330	0.04	7.31	1.24
19990331	0.04	8.9	1.05
19990401	0.0	9.48	0.96
19990402	0.15	8.75	1.02
19990403	0.32	7.62	1.03
19990404	1.62	10.38	0.95
19990405	6.45	11.8	0.87
19990406	0.42	8.84	0.81
19990407	0.79	9.61	0.72
19990408	0.02	12.14	0.77
19990409	1.16	11.26	0.73
19990410	0.21	7.39	0.66
19990411	5.61	6.87	0.69
19990412	2.71	5.41	0.63
19990413	1.77	0.9	0.74
19990414	4.68	3.42	0.76
19990415	0.9	2.32	0.74
19990416	0.05	3.2	0.63
19990417	1.02	4.12	0.59
19990418	1.27	2.44	0.57
19990419	0.92	4.66	0.57
19990420	19.07	6.67	2.23
19990421	4.44	9.89	2.09
19990422	0.7	7.76	1.63
19990423	0.02	8.59	1.23
19990424	0.03	9.55	1.09
19990425	0.01	8.17	1.0
19990426	0.03	8.38	0.93
19990427	0.0	10.81	0.86
19990428	0.0	11.11	0.78
19990429	0.0	11.19	0.76
19990430	0.01	8.91	0.69
19990501	0.0	9.22	0.68
19990502	0.0	10.7	0.68
19990503	0.05	12.6	0.68
19990504	0.0	10.88	0.71
19990505	3.41	10.03	0.68
19990506	13.44	8.57	1.58
19990507	8.33	9.23	1.18
19990508	8.12	9.93	2.43
19990509	12.8	11.56	3.8
19990510	2.81	12.03	3.59
19990511	2.32	11.94	2.28
19990512	8.2	11.59	1.93
19990513	0.16	10.38	2.79
19990514	0.21	11.05	1.64
19990515	0.0	10.13	1.38
19990516	0.0	9.04	1.18
19990517	0.0	6.97	1.06
19990518	0.0	9.66	0.99
19990519	0.01	11.42	0.96
19990520	1.27	14.45	0.83
19990521	5.53	8.26	0.77
19990522	0.95	10.82	0.67
19990523	0.8	10.43	0.61
19990524	1.62	9.49	0.56
19990525	4.14	10.94	0.54
19990526	0.55	12.02	0.6
19990527	1.44	14.38	0.57
19990528	18.22	10.41	0.92
19990529	1.81	7.1	1.12
19990530	0.02	6.65	0.84
19990531	0.0	11.61	0.68
19990601	0.0	12.96	0.52
19990602	12.98	12.2	0.56
19990603	2.76	10.29	0.87
19990604	1.66	10.83	0.72
19990605	7.04	10.59	0.8
19990606	8.62	8.54	1.22
19990607	0.81	9.35	1.23
19990608	1.92	10.63	1.02
19990609	0.01	12.29	0.84
19990610	0.0	11.59	0.7
19990611	2.06	12.11	0.66
19990612	5.06	10.84	0.67
19990613	3.47	12.0	0.57
19990614	0.78	11.81	0.57
19990615	0.03	14.64	0.5
19990616	3.29	13.39	0.46
19990617	0.04	13.83	0.42
19990618	0.11	14.06	0.41
19990619	11.51	11.71	0.56
19990620	0.23	10.17	0.63
19990621	4.19	11.39	0.64
19990622	0.04	11.1	0.52
19990623	0.01	11.02	0.47
19990624	0.0	14.5	0.46
19990625	0.0	16.06	0.45
19990626	15.11	16.11	0.65
19990627	0.83	11.15	0.77
19990628	1.89	11.11	0.46
19990629	0.4	13.14	0.46
19990630	1.67	13.24	0.36
19990701	0.08	13.69	0.37
19990702	5.87	13.53	0.44
19990703	5.72	13.58	0.57
19990704	0.75	14.52	0.44
19990705	2.29	16.42	0.39
19990706	0.35	16.94	0.37
19990707	2.06	16.87	0.35
19990708	0.01	18.64	0.29
19990709	0.0	19.64	0.33
19990710	0.57	17.92	0.4
19990711	0.0	15.11	0.39
19990712	0.02	18.29	0.44
19990713	1.84	13.41	0.43
19990714	0.03	12.67	0.38
19990715	0.98	13.75	0.41
19990716	1.77	13.87	0.4
19990717	1.26	13.5	0.36
19990718	10.2	14.77	0.4
19990719	6.95	16.51	0.49
19990720	2.68	14.27	0.59
19990721	0.32	13.02	0.42
19990722	0.0	13.95	0.38
19990723	0.06	17.44	0.42
19990724	0.0	14.15	0.41
19990725	0.0	10.59	0.42
19990726	0.0	13.34	0.52
19990727	0.0	14.88	0.44
19990728	0.0	14.01	0.42
19990729	0.0	12.9	0.42
19990730	0.0	16.27	0.44
19990731	0.0	16.15	0.46
19990801	4.97	17.25	0.5
19990802	1.2	18.01	0.42
19990803	0.0	18.75	0.38
19990804	0.04	16.04	0.36
19990805	0.36	16.65	0.35
19990806	0.25	14.31	0.34
19990807	0.02	11.93	0.34
19990808	0.02	12.69	0.32
19990809	0.0	9.83	0.32
19990810	0.0	10.0	0.31
19990811	0.0	11.58	0.3
19990812	5.34	14.13	0.32
19990813	3.16	15.82	0.4
19990814	4.87	13.37	0.32
19990815	0.11	12.69	0.31
19990816	0.27	12.44	0.36
19990817	11.52	13.33	0.42
19990818	2.07	13.06	0.47
19990819	0.04	12.29	0.32
19990820	0.0	8.74	0.29
19990821	0.0	10.19	0.24
19990822	0.0	9.88	0.22
19990823	0.0	11.2	0.23
19990824	0.09	13.53	0.23
19990825	9.53	14.79	0.37
19990826	0.1	15.2	0.36
19990827	0.03	14.19	0.38
19990828	0.0	14.09	0.31
19990829	2.94	14.33	0.3
19990830	0.31	15.44	0.29
19990831	0.05	16.32	0.27
19990901	0.11	18.03	0.27
19990902	0.01	19.45	0.27
19990903	0.24	17.95	0.27
19990904	0.14	18.02	0.27
19990905	0.06	19.26	0.27
19990906	9.68	15.39	0.36
19990907	0.46	12.79	0.38
19990908	4.07	14.11	0.31
19990909	0.05	12.53	0.27
19990910	0.53	15.22	0.23
19990911	2.84	14.38	0.29
19990912	1.26	12.23	0.3
19990913	0.87	10.96	0.35
19990914	0.03	9.95	0.32
19990915	0.2	13.99	0.29
19990916	10.78	10.1	0.46
19990917	4.6	11.57	0.36
19990918	1.15	14.1	0.33
19990919	6.69	14.9	0.31
19990920	24.84	13.98	1.26
19990921	0.05	14.18	1.06
19990922	10.63	13.41	1.27
19990923	4.12	14.64	1.4
19990924	2.4	13.58	0.93
19990925	0.42	11.54	0.76
19990926	1.93	12.27	0.63
19990927	4.85	9.62	1.02
19990928	10.66	12.04	1.06
19990929	4.13	11.41	1.86
19990930	1.34	9.63	1.1
19991001	4.84	7.12	1.01
19991002	0.22	8.15	0.98
19991003	0.01	8.17	0.8
19991004	0.09	5.23	0.77
19991005	0.0	5.42	0.8
19991006	1.55	8.4	0.74
19991007	0.4	10.2	0.7
19991008	0.79	10.92	0.59
19991009	0.69	13.74	0.51
19991010	0.84	11.1	0.46
19991011	0.02	8.38	0.45
19991012	0.07	8.92	0.44
19991013	0.05	8.91	0.52
19991014	0.08	9.71	0.57
19991015	0.06	10.13	0.53
19991016	0.02	10.21	0.49
19991017	0.02	7.85	0.45
19991018	0.57	8.47	0.44
19991019	6.14	8.9	0.46
19991020	0.68	8.77	0.59
19991021	18.34	9.12	0.71
19991022	0.45	12.34	1.83
19991023	2.45	10.87	1.07
19991024	5.94	10.21	1.09
19991025	1.4	10.32	1.1
19991026	0.92	10.96	0.85
19991027	1.82	9.02	0.69
19991028	0.47	7.85	0.72
19991029	0.35	10.69	0.86
19991030	2.0	11.13	0.75
19991031	1.05	10.42	0.52
19991101	6.72	9.15	0.72
19991102	0.99	8.33	0.84
19991103	0.05	11.53	0.67
19991104	19.65	10.39	0.75
19991105	5.58	6.51	3.57
19991106	0.05	4.57	1.83
19991107	1.76	8.49	1.22
19991108	0.03	6.8	0.98
19991109	0.01	4.69	0.96
19991110	0.02	4.8	1.02
19991111	0.0	5.72	0.87
19991112	0.0	6.46	0.77
19991113	0.0	6.56	0.71
19991114	0.04	6.05	0.84
19991115	0.77	5.47	0.83
19991116	0.01	3.06	0.73
19991117	0.0	2.22	0.7
19991118	0.0	2.75	0.63
19991119	0.0	2.01	0.62
19991120	0.01	2.14	0.59
19991121	0.14	4.92	0.54
19991122	0.42	6.74	0.52
19991123	1.97	9.49	0.45
19991124	0.29	7.39	0.46
19991125	1.92	9.21	0.48
19991126	8.67	6.98	0.57
19991127	22.37	7.5	0.59
19991128	9.67	5.47	3.85
19991129	8.56	5.14	1.71
19991130	4.16	7.81	2.69
19991201	1.84	3.81	2.03
19991202	23.29	2.98	2.37
19991203	2.65	1.04	7.79
19991204	0.52	-0.55	3.8
19991205	4.73	4.99	2.79
19991206	15.61	6.72	3.44
19991207	4.27	4.19	6.63
19991208	12.55	5.06	6.38
19991209	0.7	2.43	6.48
19991210	4.87	1.16	4.16
19991211	19.84	3.1	7.6
19991212	0.12	0.39	7.31
19991213	2.56	-1.46	4.14
19991214	2.3	0.85	2.95
19991215	0.15	1.66	2.22
19991216	8.18	5.98	2.45
19991217	0.04	1.23	2.55
19991218	0.0	-2.38	1.85
19991219	0.02	-3.63	1.5
19991220	6.55	-2.42	1.31
19991221	3.0	4.52	1.35
19991222	4.67	5.39	1.98
19991223	3.76	6.17	2.43
19991224	17.23	4.45	3.84
19991225	4.07	1.77	4.62
19991226	0.47	1.91	3.56
19991227	0.05	0.74	2.69
19991228	0.05	0.65	2.06
19991229	2.54	2.06	1.66
19991230	0.96	2.37	1.76
19991231	1.38	5.19	1.75
20000101	0.74	5.72	1.63
20000102	5.65	6.95	1.53
20000103	2.65	3.93	1.83
20000104	6.24	4.0	2.18
20000105	4.89	6.92	2.02
20000106	3.15	5.63	1.73
20000107	9.74	6.72	2.5
20000108	4.13	3.21	2.85
20000109	0.64	3.5	2.57
20000110	2.75	6.02	2.26
20000111	0.87	5.51	2.16
20000112	0.17	1.7	1.89
20000113	0.16	1.01	1.57
20000114	0.02	1.19	1.36
20000115	0.0	1.33	1.22
20000116	0.04	3.82	1.12
20000117	0.05	6.19	1.06
20000118	0.03	5.0	1.01
20000119	0.0	3.7	1.04
20000120	0.03	3.88	0.99
20000121	0.03	3.76	0.91
20000122	0.0	2.31	0.84
20000123	0.01	2.19	0.8
20000124	0.01	2.37	0.77
20000125	0.0	1.22	0.74
20000126	0.1	3.17	0.73
20000127	4.41	5.36	0.73
20000128	6.71	7.19	0.96
20000129	0.64	4.06	1.11
20000130	14.7	6.31	2.07
20000131	19.4	6.8	4.6
20000201	0.43	6.46	4.95
20000202	0.32	5.36	3.18
20000203	2.33	7.33	2.37
20000204	1.21	10.11	2.45
20000205	1.09	7.32	2.15
20000206	0.9	6.61	1.9
20000207	4.02	6.17	1.65
20000208	4.22	4.19	1.52
20000209	8.61	5.65	1.55
20000210	3.71	3.75	2.37
20000211	6.63	3.9	2.02
20000212	9.12	1.27	2.54
20000213	2.04	2.09	3.03
20000214	1.93	4.55	3.07
20000215	2.78	2.06	2.98
20000216	0.37	0.52	2.51
20000217	4.08	2.64	2.2
20000218	4.24	2.36	2.72
20000219	0.06	1.71	2.4
20000220	3.79	2.57	2.04
20000221	0.01	2.32	2.11
20000222	0.67	3.36	1.93
20000223	3.78	5.69	1.73
20000224	4.65	3.08	1.89
20000225	0.54	5.74	1.66
20000226	11.53	7.42	1.56
20000227	5.51	4.51	3.71
20000228	12.17	2.83	5.95
20000229	0.03	3.87	5.25
20000301	5.05	2.93	3.33
20000302	4.98	5.03	4.07
20000303	0.23	1.43	3.31
20000304	0.07	1.47	2.37
20000305	2.75	6.29	2.01
20000306	2.4	10.26	1.8
20000307	4.29	11.03	2.04
20000308	5.36	10.67	2.52
20000309	8.05	7.82	3.57
20000310	0.3	8.62	3.38
20000311	0.0	8.26	2.33
20000312	0.17	9.1	1.83
20000313	0.07	7.35	1.78
20000314	0.0	5.38	1.57
20000315	0.0	8.53	1.31
20000316	0.0	8.97	1.37
20000317	0.03	5.44	1.26
20000318	0.0	7.36	1.06
20000319	0.0	10.59	0.87
20000320	0.03	9.96	0.8
20000321	2.29	6.93	0.89
20000322	0.08	4.03	0.82
20000323	11.94	5.5	1.17
20000324	0.63	4.72	1.01
20000325	0.4	4.24	0.85
20000326	1.7	5.49	0.77
20000327	0.09	4.09	0.7
20000328	0.01	5.44	0.67
20000329	0.71	5.89	0.65
20000330	0.08	7.1	0.65
20000331	2.98	7.21	0.66
20000401	0.3	5.92	0.61
20000402	5.23	1.97	0.67
20000403	0.15	1.42	0.59
20000404	0.0	2.3	0.55
20000405	0.01	4.59	0.53
20000406	0.0	5.38	0.5
20000407	0.07	8.42	0.47
20000408	0.01	7.38	0.52
20000409	0.0	5.37	0.6
20000410	0.95	6.18	0.57
20000411	17.73	3.95	0.77
20000412	7.3	4.23	3.07
20000413	1.36	3.71	1.71
20000414	3.16	3.17	1.54
20000415	2.56	4.17	1.36
20000416	0.57	3.29	1.26
20000417	5.09	4.3	1.33
20000418	0.5	6.35	1.22
20000419	5.27	9.58	1.08
20000420	0.89	10.62	1.13
20000421	2.46	10.46	0.94
20000422	0.46	8.69	0.82
20000423	4.6	9.52	0.75
20000424	6.31	8.78	0.76
20000425	15.96	5.61	1.95
20000426	24.64	5.89	4.87
20000427	0.57	9.16	4.52
20000428	0.01	9.7	2.89
20000429	0.0	9.04	2.08
20000430	0.0	11.16	1.61
20000501	0.0	9.82	1.34
20000502	0.0	11.88	1.14
20000503	0.0	7.04	1.13
20000504	0.0	7.96	1.07
20000505	0.0	8.6	0.94
20000506	1.17	9.82	0.85
20000507	0.0	11.19	0.79
20000508	0.0	11.47	0.75
20000509	0.0	13.49	0.72
20000510	0.05	9.52	0.67
20000511	0.01	8.85	0.64
20000512	0.0	10.87	0.63
20000513	0.0	12.11	0.64
20000514	0.02	15.7	0.71
20000515	3.62	13.0	0.72
20000516	6.95	11.01	0.65
20000517	0.62	8.82	0.71
20000518	1.76	10.13	0.57
20000519	1.78	9.76	0.6
20000520	1.59	10.12	0.56
20000521	0.2	10.55	0.53
20000522	0.13	10.72	0.52
20000523	4.21	8.89	0.6
20000524	1.3	9.82	0.45
20000525	0.88	8.04	0.42
20000526	7.76	9.55	0.43
20000527	4.16	6.78	0.72
20000528	8.52	9.01	0.78
20000529	2.37	8.25	0.65
20000530	0.37	8.82	0.47
20000531	1.64	11.82	0.38
20000601	3.23	12.39	0.7
20000602	0.01	8.32	0.4
20000603	12.6	8.74	0.55
20000604	2.48	7.34	1.24
20000605	0.77	8.94	0.61
20000606	5.5	9.44	0.57
20000607	3.92	11.88	0.48
20000608	4.89	9.42	0.83
20000609	5.03	10.63	0.94
20000610	2.04	11.51	0.72
20000611	2.4	11.97	0.57
20000612	1.31	14.09	0.54
20000613	0.14	11.01	0.47
20000614	0.05	11.15	0.38
20000615	0.0	12.41	0.39
20000616	0.01	13.25	0.5
20000617	0.05	15.07	0.45
20000618	0.02	18.12	0.35
20000619	0.25	16.03	0.37
20000620	4.58	15.8	0.49
20000621	2.71	13.98	0.51
20000622	0.82	13.65	0.33
20000623	0.09	11.92	0.3
20000624	1.68	11.23	0.29
20000625	0.54	10.59	0.34
20000626	0.01	11.55	0.41
20000627	0.05	13.24	0.38
20000628	0.17	10.47	0.39
20000629	0.01	9.9	0.38
20000630	0.0	11.46	0.32
20000701	0.15	14.33	0.3
20000702	0.01	13.32	0.28
20000703	0.01	13.36	0.26
20000704	0.03	13.23	0.29
20000705	2.99	11.21	0.33
20000706	0.01	9.45	0.33
20000707	0.17	13.18	0.28
20000708	7.55	13.31	0.31
20000709	12.99	11.59	0.46
20000710	0.09	10.5	0.35
20000711	0.0	11.0	0.34
20000712	0.05	13.96	0.33
20000713	0.01	13.0	0.34
20000714	0.01	13.3	0.35
20000715	0.0	11.91	0.35
20000716	0.03	10.9	0.3
20000717	0.0	14.18	0.28
20000718	0.0	15.88	0.28
20000719	0.0	15.01	0.27
20000720	0.0	15.72	0.26
20000721	0.0	17.01	0.25
20000722	0.0	15.35	0.24
20000723	0.12	14.96	0.25
20000724	0.42	13.55	0.24
20000725	0.81	14.29	0.24
20000726	0.06	14.32	0.24
20000727	0.94	16.11	0.25
20000728	1.19	17.13	0.24
20000729	0.42	16.08	0.24
20000730	0.01	16.67	0.24
20000731	14.77	15.9	0.33
20000801	1.77	15.03	0.4
20000802	6.35	14.9	0.38
20000803	3.48	14.5	0.29
20000804	0.03	13.57	0.28
20000805	0.01	16.7	0.28
20000806	0.01	15.64	0.26
20000807	0.09	15.91	0.26
20000808	2.44	17.68	0.28
20000809	8.72	16.08	0.4
20000810	0.02	15.3	0.31
20000811	0.04	15.94	0.27
20000812	0.26	16.5	0.32
20000813	15.84	16.28	0.5
20000814	0.06	15.76	0.59
20000815	2.92	13.95	0.36
20000816	7.65	12.14	0.43
20000817	0.55	12.76	0.35
20000818	5.17	13.95	0.3
20000819	8.82	11.08	0.51
20000820	4.48	11.47	0.44
20000821	1.05	12.6	0.36
20000822	0.06	12.06	0.36
20000823	0.0	15.83	0.35
20000824	0.12	15.9	0.31
20000825	5.42	18.26	0.31
20000826	2.04	14.69	0.36
20000827	1.08	15.28	0.35
20000828	0.42	14.01	0.37
20000829	0.12	14.15	0.38
20000830	2.5	14.38	0.33
20000831	6.72	12.96	0.46
20000901	4.07	14.43	0.41
20000902	1.36	9.79	0.4
20000903	0.11	9.59	0.38
20000904	1.64	15.0	0.38
20000905	19.39	15.06	0.34
20000906	9.16	12.6	1.78
20000907	1.56	14.64	0.91
20000908	0.58	13.25	0.68
20000909	0.46	13.12	0.58
20000910	11.25	14.25	0.52
20000911	18.89	11.93	3.51
20000912	1.98	13.15	2.17
20000913	7.16	12.06	1.63
20000914	0.41	12.77	1.88
20000915	0.01	11.98	1.24
20000916	0.06	13.83	0.96
20000917	12.0	12.41	0.99
20000918	0.19	9.76	1.54
20000919	19.19	12.06	1.73
20000920	3.24	10.17	3.48
20000921	9.3	12.94	2.49
20000922	1.24	12.8	2.6
20000923	1.51	15.49	2.42
20000924	4.52	14.33	1.92
20000925	0.13	13.03	1.88
20000926	19.57	12.48	4.1
20000927	6.85	10.39	6.16
20000928	0.24	10.45	4.04
20000929	0.06	13.57	2.68
20000930	0.05	11.65	1.91
20001001	0.29	12.0	1.42
20001002	2.16	10.62	1.1
20001003	6.52	13.05	1.06
20001004	1.19	8.72	1.16
20001005	0.19	7.98	0.97
20001006	2.02	9.41	0.83
20001007	6.59	8.17	1.13
20001008	0.44	7.26	1.12
20001009	27.59	6.56	4.76
20001010	1.92	6.62	5.57
20001011	8.37	7.58	4.66
20001012	0.67	9.4	3.72
20001013	2.25	10.72	2.74
20001014	0.04	10.28	2.1
20001015	0.01	10.83	1.67
20001016	0.21	7.96	1.43
20001017	12.63	9.57	2.04
20001018	0.13	9.36	2.6
20001019	0.1	7.18	1.62
20001020	3.25	7.57	1.46
20001021	0.05	6.63	1.3
20001022	2.39	7.87	1.22
20001023	4.1	9.64	1.29
20001024	19.59	9.95	2.35
20001025	0.12	8.44	4.44
20001026	2.47	8.88	2.16
20001027	2.08	8.14	2.07
20001028	22.95	8.33	2.79
20001029	1.1	4.93	6.24
20001030	0.14	4.79	3.66
20001031	4.41	5.92	2.9
20001101	0.1	3.79	2.9
20001102	0.04	4.37	2.35
20001103	0.01	5.04	1.88
20001104	0.05	4.6	1.54
20001105	10.74	4.54	1.8
20001106	51.04	5.96	8.48
20001107	4.45	6.17	11.31
20001108	1.76	6.56	7.02
20001109	0.06	6.39	4.44
20001110	3.71	4.78	3.18
20001111	13.67	4.99	4.7
20001112	4.89	3.17	5.7
20001113	0.27	4.94	3.84
20001114	0.06	4.34	2.98
20001115	7.96	4.84	3.08
20001116	0.05	3.85	3.24
20001117	0.7	4.13	2.35
20001118	0.6	5.14	1.96
20001119	0.2	3.79	1.67
20001120	0.07	2.94	1.47
20001121	6.08	3.83	1.48
20001122	5.54	4.5	2.81
20001123	0.13	3.08	2.12
20001124	4.66	4.87	1.79
20001125	4.88	5.67	2.58
20001126	1.03	5.56	2.46
20001127	1.63	6.14	2.16
20001128	10.23	9.44	3.43
20001129	0.99	8.1	3.37
20001130	4.01	7.59	2.33
20001201	3.74	9.13	2.66
20001202	0.36	7.93	2.35
20001203	5.71	7.8	2.22
20001204	4.48	9.96	2.74
20001205	8.31	9.01	2.61
20001206	0.41	7.42	3.16
20001207	23.86	6.97	2.93
20001208	13.13	7.92	11.25
20001209	4.1	6.54	7.35
20001210	4.89	6.61	5.65
20001211	2.79	5.75	4.82
20001212	11.45	7.78	5.11
20001213	0.23	5.49	4.58
20001214	0.01	2.96	3.18
20001215	0.01	-0.46	2.46
20001216	0.01	-2.37	2.02
20001217	0.44	-1.03	1.71
20001218	0.17	1.58	1.51
20001219	12.03	5.54	2.69
20001220	0.48	7.0	3.25
20001221	0.09	5.97	2.27
20001222	0.1	4.75	1.9
20001223	1.42	3.65	1.71
20001224	3.74	1.38	1.6
20001225	1.61	-1.63	1.48
20001226	0.06	-4.76	1.33
20001227	0.04	-3.95	1.18
20001228	2.82	-2.11	1.1
20001229	0.0	-1.34	1.04
20001230	0.01	-2.01	0.97
20001231	13.48	1.46	1.09
20010101	2.24	4.64	2.17
20010102	0.42	3.71	2.9
20010103	7.87	3.57	2.62
20010104	0.18	3.49	3.93
20010105	0.64	2.91	2.8
20010106	3.56	4.19	2.47
20010107	0.48	3.43	2.21
20010108	0.05	3.12	1.82
20010109	0.05	0.38	1.58
20010110	0.4	1.12	1.36
20010111	0.01	2.38	1.21
20010112	0.0	1.3	1.15
20010113	0.0	-0.71	1.1
20010114	0.01	-1.5	1.02
20010115	0.0	-1.14	0.97
20010116	0.01	-1.82	0.9
20010117	0.05	0.24	0.88
20010118	1.47	0.32	0.86
20010119	0.61	1.27	0.83
20010120	1.02	0.53	0.82
20010121	1.57	1.4	0.84
20010122	2.86	4.3	0.99
20010123	6.49	5.71	1.21
20010124	0.67	3.64	1.5
20010125	2.74	3.84	1.15
20010126	0.93	3.71	1.06
20010127	0.01	2.13	0.89
20010128	0.01	0.43	0.8
20010129	1.03	1.89	0.78
20010130	1.13	2.53	0.83
20010131	0.12	2.33	0.88
20010201	5.98	2.79	1.09
20010202	5.18	4.24	1.32
20010203	10.7	2.22	2.3
20010204	18.03	0.2	2.47
20010205	19.21	1.3	2.96
20010206	16.71	3.53	12.28
20010207	0.01	-1.14	10.93
20010208	0.0	-1.19	5.66
20010209	0.02	-0.17	3.68
20010210	14.14	4.95	4.28
20010211	3.15	6.29	7.7
20010212	0.03	5.34	5.86
20010213	0.01	3.79	4.21
20010214	0.08	4.97	3.14
20010215	0.07	3.42	2.5
20010216	0.01	3.27	2.19
20010217	0.04	3.37	1.88
20010218	0.23	4.3	1.65
20010219	0.0	5.1	1.47
20010220	0.01	5.75	1.32
20010221	0.0	5.89	1.23
20010222	0.1	3.56	1.16
20010223	0.09	0.71	1.12
20010224	0.66	0.23	1.06
20010225	3.24	0.93	1.02
20010226	15.95	-0.16	1.11
20010227	0.51	-1.48	1.03
20010228	0.04	-3.16	0.97
20010301	0.23	-4.84	0.94
20010302	0.02	-4.36	0.9
20010303	0.45	-1.73	0.86
20010304	0.39	1.53	0.85
20010305	0.01	1.17	1.22
20010306	4.05	2.03	1.38
20010307	0.25	7.26	2.19
20010308	1.56	6.99	1.66
20010309	0.73	8.54	1.63
20010310	0.5	8.01	1.36
20010311	16.21	5.96	3.26
20010312	0.09	3.8	3.27
20010313	0.0	4.92	2.13
20010314	2.97	4.94	1.99
20010315	0.27	2.04	1.79
20010316	0.26	2.83	1.5
20010317	4.5	2.71	1.25
20010318	0.41	0.5	1.27
20010319	0.04	2.69	1.08
20010320	1.24	3.43	1.12
20010321	1.48	2.51	1.13
20010322	4.11	2.6	1.08
20010323	4.41	3.63	1.59
20010324	1.51	2.94	1.65
20010325	2.02	1.81	1.57
20010326	0.04	3.23	1.31
20010327	6.23	3.64	1.21
20010328	8.03	4.48	2.13
20010329	0.67	5.0	2.4
20010330	6.15	7.68	1.77
20010331	0.57	8.17	1.58
20010401	3.2	9.55	1.27
20010402	0.58	8.29	1.25
20010403	2.1	4.27	1.02
20010404	0.1	5.76	0.92
20010405	2.29	5.64	0.95
20010406	5.54	5.29	1.13
20010407	0.11	4.89	1.12
20010408	0.14	6.24	0.95
20010409	3.84	7.39	0.93
20010410	0.17	6.89	0.86
20010411	0.0	5.28	0.76
20010412	0.0	2.03	0.81
20010413	0.44	6.86	0.9
20010414	0.39	9.04	0.82
20010415	0.06	6.05	0.75
20010416	0.01	5.48	0.69
20010417	1.95	5.42	0.7
20010418	0.07	4.24	0.63
20010419	0.06	4.78	0.67
20010420	0.01	6.21	0.67
20010421	4.75	7.86	0.65
20010422	5.03	5.51	0.73
20010423	3.83	4.03	0.89
20010424	1.58	8.14	0.89
20010425	8.3	5.87	1.1
20010426	0.93	6.63	1.28
20010427	2.21	7.43	1.09
20010428	2.82	6.99	0.99
20010429	0.71	6.41	0.87
20010430	2.57	6.54	0.92
20010501	0.04	10.29	0.78
20010502	0.0	9.12	0.66
20010503	0.27	7.8	0.62
20010504	0.0	7.83	0.62
20010505	0.0	9.19	0.66
20010506	0.0	6.99	0.64
20010507	0.0	9.31	0.61
20010508	0.0	7.97	0.55
20010509	0.0	8.53	0.5
20010510	0.0	10.28	0.5
20010511	0.0	10.64	0.48
20010512	0.0	14.15	0.47
20010513	0.0	12.03	0.47
20010514	0.0	9.35	0.45
20010515	4.38	8.16	0.48
20010516	2.34	9.67	0.52
20010517	10.28	8.22	0.61
20010518	0.07	9.69	0.59
20010519	0.01	9.86	0.47
20010520	0.0	11.88	0.45
20010521	0.0	11.79	0.44
20010522	0.0	15.31	0.49
20010523	0.0	15.57	0.52
20010524	0.0	13.67	0.43
20010525	0.32	14.05	0.43
20010526	0.2	16.08	0.39
20010527	0.54	15.13	0.37
20010528	1.93	14.43	0.36
20010529	0.48	13.51	0.34
20010530	2.41	11.4	0.34
20010531	1.32	12.13	0.31
20010601	0.96	9.94	0.32
20010602	0.12	8.87	0.3
20010603	0.0	11.6	0.25
20010604	0.01	12.38	0.31
20010605	0.4	11.27	0.3
20010606	0.43	9.13	0.31
20010607	3.88	7.85	0.46
20010608	2.86	10.09	0.42
20010609	6.76	7.05	0.46
20010610	0.02	10.75	0.34
20010611	0.0	11.73	0.33
20010612	0.0	10.17	0.37
20010613	0.02	12.7	0.35
20010614	4.71	9.75	0.32
20010615	14.54	8.93	0.76
20010616	0.11	9.0	0.45
20010617	0.13	8.99	0.38
20010618	4.12	12.35	0.35
20010619	3.29	14.82	0.38
20010620	0.09	11.69	0.33
20010621	0.0	12.21	0.31
20010622	0.0	12.68	0.29
20010623	0.0	13.27	0.29
20010624	0.0	16.44	0.29
20010625	1.92	17.9	0.29
20010626	14.36	13.7	0.68
20010627	1.92	15.09	0.45
20010628	2.24	14.12	0.4
20010629	4.62	16.03	0.4
20010630	3.22	14.37	0.35
20010701	0.11	17.48	0.37
20010702	0.08	18.8	0.41
20010703	0.74	18.2	0.37
20010704	0.06	15.91	0.32
20010705	0.03	15.82	0.31
20010706	10.04	15.55	0.29
20010707	4.09	15.97	0.48
20010708	1.49	15.84	0.35
20010709	0.29	13.94	0.33
20010710	8.33	11.6	0.39
20010711	8.0	12.54	0.69
20010712	6.74	11.94	0.52
20010713	3.53	10.77	0.64
20010714	2.13	10.46	0.73
20010715	6.15	10.64	0.8
20010716	0.08	12.44	0.73
20010717	0.14	12.55	0.65
20010718	0.18	12.19	0.55
20010719	0.01	11.67	0.5
20010720	4.05	12.67	0.5
20010721	3.34	14.55	0.99
20010722	0.88	13.2	0.59
20010723	1.21	14.42	0.44
20010724	0.4	13.92	0.4
20010725	0.19	14.68	0.4
20010726	0.27	17.6	0.44
20010727	0.04	16.9	0.41
20010728	0.11	18.32	0.36
20010729	0.22	15.74	0.34
20010730	9.68	13.03	0.41
20010731	0.06	13.24	0.35
20010801	0.15	15.03	0.33
20010802	6.02	14.78	0.44
20010803	0.06	13.54	0.4
20010804	1.71	12.5	0.32
20010805	0.68	11.67	0.31
20010806	0.41	14.54	0.33
20010807	12.12	12.09	0.59
20010808	2.25	11.1	0.68
20010809	2.03	11.59	0.52
20010810	1.78	13.41	0.43
20010811	4.11	15.44	0.44
20010812	3.34	16.35	0.42
20010813	10.41	18.1	0.61
20010814	1.12	17.25	1.12
20010815	2.48	16.25	0.9
20010816	0.23	14.32	0.74
20010817	0.03	14.55	0.58
20010818	9.16	16.02	0.57
20010819	28.92	13.67	3.35
20010820	0.24	14.64	3.69
20010821	1.54	11.95	2.15
20010822	0.06	13.27	1.56
20010823	0.0	14.0	1.21
20010824	0.01	14.75	0.93
20010825	0.96	13.87	0.72
20010826	0.16	12.86	0.72
20010827	0.01	12.63	0.73
20010828	0.0	13.02	0.58
20010829	1.13	14.67	0.51
20010830	2.58	14.5	0.53
20010831	0.01	13.66	0.45
20010901	0.66	13.91	0.41
20010902	0.04	13.4	0.38
20010903	0.02	12.07	0.35
20010904	0.48	12.0	0.33
20010905	0.01	13.96	0.39
20010906	0.34	13.6	0.39
20010907	0.91	10.99	0.36
20010908	0.04	11.42	0.3
20010909	0.0	10.55	0.3
20010910	0.13	12.98	0.31
20010911	0.04	15.06	0.3
20010912	5.53	11.62	0.36
20010913	0.64	8.85	0.34
20010914	0.97	11.13	0.31
20010915	0.26	10.03	0.31
20010916	0.77	9.62	0.3
20010917	0.05	9.44	0.3
20010918	0.03	9.98	0.3
20010919	2.47	12.39	0.32
20010920	3.2	12.04	0.34
20010921	0.08	10.97	0.32
20010922	0.0	10.47	0.31
20010923	0.31	11.3	0.31
20010924	1.39	11.72	0.32
20010925	3.02	10.8	0.29
20010926	1.91	10.57	0.33
20010927	3.94	12.63	0.31
20010928	4.56	13.36	0.37
20010929	4.73	13.85	0.39
20010930	14.06	13.7	0.68
20011001	6.6	13.06	0.7
20011002	2.05	12.6	0.46
20011003	2.38	11.45	0.42
20011004	2.52	13.0	0.42
20011005	6.24	13.44	0.49
20011006	3.21	12.62	0.55
20011007	18.9	12.07	1.61
20011008	0.91	11.62	2.68
20011009	3.18	12.82	1.31
20011010	0.66	12.01	0.82
20011011	1.34	15.48	0.66
20011012	4.39	12.59	0.84
20011013	0.15	12.05	0.93
20011014	14.54	12.61	1.57
20011015	2.27	10.12	2.4
20011016	0.11	11.47	1.67
20011017	0.86	13.35	1.36
20011018	6.27	10.34	1.92
20011019	6.49	10.93	1.58
20011020	14.0	11.13	4.92
20011021	22.47	11.02	6.76
20011022	9.12	10.42	6.87
20011023	3.66	11.11	7.13
20011024	1.44	11.23	4.55
20011025	2.89	11.59	3.25
20011026	1.27	10.77	2.54
20011027	0.11	8.35	1.9
20011028	0.19	9.21	1.49
20011029	0.38	12.0	1.31
20011030	5.36	9.35	1.2
20011031	0.07	7.79	1.08
20011101	0.09	10.13	1.0
20011102	0.2	9.7	0.93
20011103	0.15	8.88	0.89
20011104	0.31	6.03	0.85
20011105	3.78	7.25	0.89
20011106	0.04	6.94	0.86
20011107	9.83	4.1	1.07
20011108	1.87	0.8	1.18
20011109	0.72	5.16	1.01
20011110	0.07	11.3	0.98
20011111	1.96	9.81	0.94
20011112	0.19	3.55	0.91
20011113	0.05	2.95	0.86
20011114	0.03	5.57	0.82
20011115	0.01	8.66	0.79
20011116	0.0	7.41	0.76
20011117	0.07	6.33	0.74
20011118	11.51	6.87	0.93
20011119	2.49	6.71	1.7
20011120	1.54	8.82	1.28
20011121	1.25	7.37	1.14
20011122	0.48	1.43	0.97
20011123	1.55	6.0	0.99
20011124	2.1	10.5	0.98
20011125	0.72	4.15	0.98
20011126	3.61	3.7	0.9
20011127	0.55	3.01	0.96
20011128	5.99	6.35	0.95
20011129	8.29	8.42	1.71
20011130	3.26	9.65	2.6
20011201	0.07	3.33	1.71
20011202	0.21	3.66	1.31
20011203	4.79	5.98	1.26
20011204	3.78	3.73	1.15
20011205	6.36	0.94	2.67
20011206	3.97	3.49	1.83
20011207	0.09	9.48	1.8
20011208	0.01	5.77	1.48
20011209	0.02	1.98	1.34
20011210	0.01	0.04	1.21
20011211	0.03	1.25	1.06
20011212	0.05	1.59	0.97
20011213	0.31	2.06	0.92
20011214	0.73	3.73	0.97
20011215	3.06	4.52	0.94
20011216	0.73	4.04	0.93
20011217	0.25	3.3	0.89
20011218	0.01	1.45	0.83
20011219	0.62	1.48	0.79
20011220	0.95	3.57	0.75
20011221	0.82	2.56	0.75
20011222	0.06	0.05	0.67
20011223	0.08	4.5	0.68
20011224	0.16	4.11	0.68
20011225	0.02	-0.68	0.62
20011226	3.52	0.67	0.61
20011227	6.72	3.13	0.82
20011228	0.04	-0.54	1.16
20011229	0.03	-1.08	0.97
20011230	0.01	-1.81	0.76
20011231	0.03	-1.49	0.61
20020101	0.01	-2.38	0.57
20020102	0.01	-2.53	0.53
20020103	0.0	-0.92	0.53
20020104	1.34	-1.12	0.59
20020105	0.43	2.69	0.61
20020106	0.09	4.9	0.61
20020107	0.07	5.01	0.55
20020108	0.32	5.56	0.51
20020109	0.02	3.0	0.52
20020110	0.03	1.17	0.58
20020111	0.52	5.9	0.51
20020112	0.33	7.23	0.57
20020113	0.13	7.93	0.6
20020114	3.21	6.47	0.61
20020115	0.85	4.93	0.62
20020116	2.77	7.58	0.54
20020117	0.77	4.46	0.65
20020118	6.27	5.28	0.86
20020119	8.5	6.46	0.87
20020120	10.46	7.8	1.64
20020121	2.11	8.76	2.98
20020122	9.67	5.74	1.59
20020123	22.18	5.58	5.54
20020124	0.09	0.43	6.17
20020125	19.56	2.5	5.48
20020126	7.09	4.44	9.14
20020127	6.49	6.67	6.94
20020128	11.15	5.4	5.3
20020129	12.74	5.96	6.0
20020130	2.34	6.06	6.83
20020131	12.83	5.23	5.84
20020201	10.88	8.14	6.91
20020202	2.67	6.44	5.07
20020203	5.13	4.38	4.55
20020204	9.32	5.02	4.29
20020205	6.38	5.23	5.45
20020206	5.29	3.98	4.68
20020207	4.41	6.76	4.63
20020208	14.23	7.35	5.53
20020209	0.64	4.58	6.16
20020210	14.69	7.5	4.86
20020211	12.21	7.21	8.01
20020212	12.65	5.11	10.37
20020213	0.09	1.26	9.13
20020214	0.03	2.59	6.17
20020215	0.0	5.75	4.1
20020216	0.41	7.21	3.1
20020217	0.21	4.91	2.47
20020218	1.68	3.9	2.21
20020219	9.53	4.71	2.9
20020220	1.14	2.96	3.1
20020221	5.24	5.89	3.07
20020222	2.05	1.05	3.29
20020223	0.87	0.61	2.67
20020224	2.2	1.65	2.38
20020225	11.33	4.82	4.86
20020226	7.83	3.8	4.1
20020227	3.8	3.17	4.4
20020228	0.15	2.38	3.27
20020301	0.02	3.25	2.63
20020302	0.06	5.68	2.17
20020303	0.04	8.01	1.76
20020304	0.42	5.49	1.46
20020305	9.85	7.39	1.56
20020306	1.94	7.42	2.51
20020307	0.44	7.05	1.75
20020308	1.76	6.49	1.58
20020309	11.06	2.95	1.33
20020310	5.64	4.26	3.98
20020311	2.05	5.69	2.61
20020312	0.01	1.92	2.13
20020313	0.01	3.8	1.86
20020314	1.18	4.34	1.66
20020315	8.13	4.26	1.83
20020316	1.57	6.95	2.49
20020317	1.52	8.39	1.88
20020318	2.53	7.11	1.74
20020319	2.32	3.7	1.76
20020320	15.81	4.42	2.55
20020321	3.71	4.96	4.91
20020322	0.07	5.27	3.06
20020323	0.0	7.44	2.29
20020324	1.06	8.47	1.87
20020325	0.02	4.85	1.62
20020326	0.0	6.85	1.36
20020327	0.0	8.09	1.34
20020328	0.0	6.54	1.29
20020329	0.0	6.05	1.22
20020330	0.41	8.34	1.11
20020331	0.63	10.6	0.97
20020401	4.39	6.42	1.05
20020402	0.17	8.6	0.92
20020403	0.75	10.53	0.85
20020404	0.0	7.81	0.78
20020405	0.0	7.22	0.72
20020406	0.0	3.39	0.67
20020407	0.0	6.75	0.53
20020408	0.1	7.52	0.51
20020409	0.06	8.9	0.52
20020410	0.0	6.28	0.52
20020411	2.92	6.5	0.52
20020412	0.04	4.57	0.54
20020413	0.71	6.41	0.48
20020414	4.7	6.96	0.53
20020415	0.16	4.56	0.46
20020416	0.03	7.45	0.45
20020417	0.34	9.43	0.44
20020418	0.04	6.11	0.45
20020419	0.03	7.79	0.47
20020420	7.09	10.36	0.43
20020421	3.25	11.61	0.56
20020422	0.35	11.97	0.44
20020423	0.01	10.7	0.55
20020424	0.17	11.05	0.61
20020425	3.75	9.68	0.52
20020426	0.21	6.13	0.47
20020427	0.19	7.25	0.41
20020428	6.43	5.29	0.45
20020429	0.35	6.21	0.4
20020430	5.62	5.03	0.5
20020501	1.61	7.48	0.52
20020502	4.94	8.7	0.64
20020503	0.05	8.0	0.63
20020504	0.0	7.99	0.59
20020505	0.0	8.31	0.45
20020506	0.0	10.96	0.41
20020507	1.61	10.02	0.44
20020508	0.01	8.66	0.5
20020509	1.63	9.08	0.5
20020510	0.01	9.53	0.53
20020511	0.01	8.58	0.46
20020512	1.5	10.86	0.41
20020513	8.27	11.19	0.56
20020514	0.91	10.28	0.47
20020515	0.95	13.22	0.43
20020516	0.02	14.17	0.42
20020517	0.05	9.64	0.39
20020518	3.6	9.96	0.38
20020519	2.2	12.17	0.33
20020520	4.26	12.38	0.43
20020521	4.05	13.68	0.48
20020522	5.25	13.35	0.6
20020523	10.58	11.63	0.71
20020524	9.85	10.92	2.05
20020525	2.25	10.99	1.33
20020526	3.92	9.82	0.83
20020527	2.53	9.78	0.91
20020528	3.12	12.05	0.91
20020529	1.9	10.23	0.85
20020530	1.74	10.02	0.82
20020531	0.05	12.03	0.87
20020601	5.12	14.52	0.65
20020602	5.42	13.52	0.74
20020603	3.24	10.64	0.85
20020604	0.83	10.94	0.69
20020605	1.7	12.86	0.61
20020606	0.04	14.8	0.56
20020607	9.83	13.35	0.65
20020608	2.24	13.35	0.83
20020609	13.27	10.07	1.95
20020610	2.98	11.0	1.89
20020611	0.79	9.93	1.5
20020612	7.48	11.12	1.73
20020613	4.05	11.34	2.1
20020614	20.32	12.7	3.72
20020615	1.17	14.12	4.19
20020616	7.66	15.07	3.12
20020617	0.19	15.02	2.57
20020618	1.37	13.84	1.74
20020619	1.19	12.66	1.27
20020620	1.23	13.29	1.1
20020621	5.18	13.49	1.15
20020622	2.71	12.91	1.02
20020623	0.23	12.59	0.71
20020624	0.37	12.13	0.68
20020625	0.34	13.31	0.71
20020626	0.03	11.75	0.54
20020627	0.99	11.64	0.49
20020628	0.13	12.83	0.47
20020629	1.1	14.06	0.46
20020630	9.28	11.51	0.53
20020701	5.45	10.55	0.7
20020702	2.04	13.19	0.67
20020703	15.66	13.04	1.9
20020704	0.08	10.87	1.63
20020705	0.55	12.32	1.05
20020706	2.01	11.35	0.9
20020707	7.55	13.26	0.87
20020708	2.96	12.41	0.94
20020709	0.82	12.72	1.2
20020710	3.46	12.9	1.21
20020711	0.14	11.8	1.09
20020712	1.94	10.85	1.11
20020713	0.03	13.61	0.95
20020714	0.01	16.41	0.77
20020715	0.02	15.62	0.68
20020716	1.46	14.04	0.74
20020717	4.83	14.1	0.91
20020718	2.48	15.38	0.74
20020719	10.09	12.28	0.81
20020720	6.94	12.03	1.12
20020721	2.7	13.64	1.0
20020722	10.48	15.79	0.97
20020723	2.56	12.17	1.91
20020724	0.84	14.62	1.3
20020725	0.04	14.17	0.98
20020726	0.01	15.45	0.83
20020727	0.01	16.89	0.88
20020728	12.94	16.03	0.94
20020729	1.29	15.79	1.45
20020730	20.86	16.54	2.85
20020731	2.28	16.95	3.61
20020801	0.06	17.1	2.34
20020802	5.72	17.06	1.74
20020803	0.69	15.18	1.46
20020804	0.04	17.03	1.19
20020805	0.0	16.28	1.11
20020806	14.84	18.31	1.29
20020807	0.1	14.41	2.54
20020808	5.57	13.92	1.43
20020809	4.5	12.21	1.8
20020810	0.13	14.44	1.3
20020811	8.41	13.55	1.3
20020812	1.29	16.12	1.31
20020813	2.65	16.58	1.14
20020814	1.85	16.22	1.09
20020815	0.04	13.45	0.97
20020816	0.0	15.22	0.8
20020817	1.47	18.53	0.78
20020818	9.39	12.94	1.1
20020819	0.0	14.06	1.11
20020820	0.0	13.96	0.95
20020821	0.01	14.31	0.8
20020822	6.81	16.82	0.81
20020823	6.69	14.22	1.24
20020824	2.42	16.56	1.05
20020825	0.53	13.61	0.9
20020826	0.03	14.32	0.94
20020827	0.0	17.56	0.84
20020828	0.16	17.51	0.74
20020829	6.49	14.73	0.66
20020830	16.06	12.34	2.95
20020831	0.01	10.15	1.46
20020901	0.03	13.3	0.98
20020902	0.0	12.7	0.9
20020903	0.05	15.07	0.95
20020904	0.18	14.25	0.9
20020905	2.38	11.53	0.82
20020906	0.71	12.0	0.74
20020907	6.98	12.81	0.68
20020908	4.81	12.03	0.76
20020909	18.16	13.73	2.33
20020910	0.05	11.91	3.37
20020911	0.03	15.12	1.72
20020912	0.14	15.17	1.49
20020913	0.01	13.74	1.36
20020914	0.03	14.46	1.13
20020915	0.89	13.28	0.93
20020916	0.01	14.34	1.0
20020917	0.0	13.93	1.03
20020918	0.0	12.56	0.81
20020919	0.0	11.97	0.75
20020920	0.0	12.53	0.77
20020921	0.0	12.9	0.69
20020922	0.0	9.28	0.68
20020923	0.0	8.77	0.75
20020924	0.07	11.66	0.72
20020925	0.55	9.93	0.68
20020926	0.0	11.82	0.67
20020927	0.0	12.97	0.66
20020928	0.0	12.73	0.62
20020929	0.01	13.63	0.53
20020930	0.16	13.15	0.56
20021001	0.03	14.39	0.48
20021002	1.74	13.75	0.49
20021003	0.67	10.47	0.53
20021004	0.73	11.99	0.46
20021005	0.01	11.6	0.49
20021006	0.02	10.01	0.44
20021007	2.32	10.72	0.49
20021008	0.07	11.29	0.47
20021009	0.03	11.04	0.47
20021010	0.35	10.96	0.41
20021011	33.19	9.19	1.1
20021012	12.67	5.03	5.24
20021013	16.52	6.35	2.9
20021014	6.46	7.26	3.25
20021015	4.51	5.79	3.47
20021016	0.55	6.14	2.53
20021017	0.2	5.33	1.84
20021018	0.02	3.46	1.59
20021019	0.01	2.41	1.27
20021020	9.98	2.57	1.2
20021021	40.11	6.03	7.76
20021022	20.14	5.19	14.4
20021023	2.56	2.92	10.06
20021024	12.87	4.26	7.46
20021025	5.31	5.48	8.17
20021026	18.44	6.68	6.24
20021027	0.31	5.43	8.54
20021028	1.66	5.64	4.91
20021029	2.15	3.12	3.54
20021030	0.06	3.87	2.76
20021031	1.93	5.63	2.25
20021101	5.52	9.47	2.48
20021102	12.58	8.81	4.65
20021103	0.31	8.94	4.47
20021104	1.32	9.21	2.78
20021105	8.92	10.33	2.58
20021106	0.4	6.71	2.83
20021107	0.15	5.93	1.98
20021108	0.31	4.87	1.79
20021109	9.23	3.83	1.68
20021110	1.02	7.93	2.64
20021111	1.57	6.24	1.9
20021112	6.9	3.8	2.92
20021113	8.02	6.71	3.4
20021114	16.55	7.06	6.13
20021115	0.26	4.38	4.62
20021116	0.72	2.66	3.09
20021117	0.12	2.51	2.35
20021118	0.02	4.18	1.99
20021119	0.04	6.36	1.66
20021120	6.06	6.95	1.84
20021121	7.77	7.61	2.37
20021122	0.63	7.6	2.31
20021123	0.05	6.72	1.71
20021124	0.07	5.15	1.54
20021125	3.88	5.1	1.32
20021126	2.17	7.6	1.8
20021127	1.91	7.96	1.64
20021128	2.48	6.25	1.49
20021129	0.43	6.6	1.44
20021130	8.71	6.62	1.57
20021201	4.34	6.65	3.3
20021202	1.74	6.69	2.33
20021203	9.56	7.05	2.1
20021204	0.43	4.75	3.66
20021205	2.3	6.42	2.55
20021206	4.45	5.21	2.26
20021207	3.81	4.27	2.83
20021208	0.21	4.9	2.53
20021209	0.85	4.03	2.12
20021210	0.11	3.52	1.81
20021211	0.16	3.63	1.59
20021212	0.05	3.72	1.51
20021213	0.53	2.85	1.49
20021214	1.91	3.53	1.38
20021215	3.71	3.21	1.34
20021216	0.54	0.48	1.45
20021217	0.03	-0.37	1.25
20021218	0.01	-1.13	1.11
20021219	0.01	-2.82	1.03
20021220	0.01	-0.65	0.97
20021221	10.61	2.63	1.54
20021222	5.26	5.18	2.74
20021223	3.91	8.06	3.22
20021224	1.29	9.23	2.0
20021225	1.66	7.44	1.58
20021226	10.5	7.18	3.62
20021227	2.16	5.09	3.47
20021228	0.16	5.99	2.3
20021229	3.37	5.34	1.94
20021230	1.1	2.79	2.07
20021231	1.73	2.13	1.83
20030101	16.54	2.87	6.53
20030102	5.96	0.3	6.3
20030103	0.1	-1.11	3.85
20030104	0.01	-1.33	2.65
20030105	0.04	-2.15	2.21
20030106	0.0	-2.05	1.73
20030107	1.32	-1.95	1.53
20030108	1.75	1.87	1.43
20030109	0.03	1.13	1.41
20030110	0.0	0.06	1.34
20030111	0.02	0.94	1.2
20030112	0.64	6.8	1.44
20030113	3.57	9.75	1.74
20030114	4.24	7.81	2.1
20030115	6.4	6.06	2.74
20030116	7.95	8.05	2.31
20030117	3.59	5.14	2.84
20030118	6.37	5.36	2.95
20030119	0.81	3.4	3.28
20030120	8.88	4.8	4.76
20030121	1.97	4.41	3.58
20030122	6.02	2.07	4.06
20030123	4.03	4.62	2.74
20030124	10.35	7.88	2.83
20030125	0.86	7.84	3.65
20030126	0.74	11.05	2.68
20030127	4.47	6.56	2.56
20030128	0.19	4.19	2.66
20030129	0.0	1.23	2.12
20030130	0.03	-1.6	1.66
20030131	0.93	0.32	1.56
20030201	8.01	2.73	1.63
20030202	5.13	0.17	2.82
20030203	0.51	-0.01	2.09
20030204	0.02	-0.47	1.8
20030205	0.38	-0.18	1.71
20030206	0.86	4.9	1.7
20030207	0.03	6.55	1.88
20030208	3.2	6.88	1.71
20030209	0.07	3.02	1.76
20030210	9.31	3.88	3.11
20030211	0.8	5.12	2.35
20030212	0.1	4.55	1.85
20030213	0.01	0.73	1.7
20030214	0.04	-0.82	1.39
20030215	0.01	-0.11	1.22
20030216	0.01	-0.13	1.07
20030217	0.0	-0.46	1.02
20030218	0.0	0.65	1.09
20030219	0.01	2.84	0.97
20030220	0.0	2.82	0.97
20030221	0.0	3.68	0.8
20030222	0.01	3.47	0.72
20030223	0.03	4.89	0.7
20030224	0.04	5.63	0.67
20030225	0.01	5.86	0.65
20030226	0.02	4.58	0.61
20030227	0.94	5.36	0.54
20030228	1.47	6.77	0.56
20030301	11.88	6.04	0.76
20030302	0.11	5.27	1.08
20030303	1.88	6.61	0.84
20030304	2.37	7.82	0.93
20030305	0.57	6.25	0.87
20030306	0.07	7.37	0.8
20030307	6.88	5.99	1.28
20030308	2.67	7.36	1.29
20030309	2.72	8.71	1.35
20030310	4.29	8.0	1.44
20030311	1.54	6.84	1.87
20030312	0.0	2.95	1.36
20030313	0.0	4.97	1.23
20030314	0.01	4.06	1.11
20030315	0.0	5.23	1.09
20030316	0.0	4.16	1.01
20030317	0.0	2.82	0.92
20030318	0.0	3.25	0.89
20030319	0.0	6.36	0.85
20030320	0.0	8.11	0.77
20030321	0.0	7.08	0.75
20030322	0.0	5.43	0.67
20030323	0.0	6.3	0.64
20030324	0.0	9.37	0.61
20030325	0.0	8.84	0.58
20030326	0.0	7.94	0.6
20030327	0.0	7.98	0.62
20030328	0.0	7.67	0.6
20030329	0.0	8.88	0.56
20030330	0.0	5.62	0.56
20030331	5.95	8.45	0.61
20030401	0.25	6.23	0.61
20030402	0.01	7.18	0.55
20030403	0.0	11.71	0.56
20030404	0.0	9.51	0.54
20030405	0.0	9.25	0.54
20030406	0.0	6.81	0.53
20030407	0.0	4.28	0.54
20030408	0.0	8.72	0.5
20030409	0.0	3.47	0.5
20030410	0.0	5.51	0.52
20030411	0.0	6.82	0.52
20030412	0.0	8.0	0.5
20030413	0.26	9.87	0.5
20030414	0.11	10.26	0.53
20030415	0.0	10.85	0.52
20030416	0.0	11.34	0.52
20030417	0.0	9.87	0.52
20030418	0.0	9.81	0.52
20030419	0.0	7.85	0.52
20030420	0.0	8.03	0.54
20030421	1.86	7.96	0.6
20030422	0.93	6.99	0.58
20030423	0.03	9.98	0.56
20030424	0.07	6.74	0.55
20030425	11.93	8.88	0.86
20030426	0.3	10.66	0.64
20030427	2.11	9.8	0.6
20030428	7.81	9.17	0.86
20030429	11.31	9.74	0.75
20030430	14.06	8.74	2.61
20030501	2.5	7.96	2.74
20030502	1.99	7.63	1.62
20030503	4.99	9.99	1.52
20030504	5.81	9.75	1.4
20030505	0.82	9.26	1.35
20030506	0.73	8.81	1.03
20030507	4.61	10.19	0.99
20030508	0.05	8.49	0.83
20030509	1.93	7.46	0.78
20030510	3.44	9.11	0.76
20030511	5.34	8.41	0.84
20030512	1.24	6.91	0.82
20030513	0.04	9.58	0.73
20030514	3.06	8.68	0.75
20030515	0.04	8.81	0.77
20030516	15.55	9.34	1.55
20030517	4.81	11.58	2.28
20030518	5.79	10.53	2.2
20030519	3.78	9.93	2.16
20030520	0.34	11.8	1.75
20030521	0.62	11.74	1.31
20030522	3.3	13.3	1.11
20030523	1.46	9.61	0.99
20030524	5.33	10.04	0.94
20030525	1.07	11.11	0.84
20030526	0.02	12.41	0.75
20030527	0.14	14.2	0.69
20030528	0.48	14.22	0.65
20030529	0.68	14.85	0.6
20030530	0.46	14.33	0.57
20030531	0.0	16.02	0.55
20030601	0.76	16.75	0.53
20030602	0.03	12.69	0.56
20030603	0.54	13.86	0.58
20030604	1.62	12.52	0.56
20030605	3.95	14.45	0.52
20030606	0.04	15.06	0.53
20030607	5.69	13.82	0.52
20030608	5.31	11.14	0.64
20030609	5.25	14.55	0.54
20030610	0.85	14.34	0.53
20030611	2.01	13.7	0.42
20030612	1.19	13.63	0.41
20030613	0.02	12.02	0.37
20030614	0.0	15.17	0.35
20030615	0.0	13.81	0.35
20030616	0.0	14.67	0.33
20030617	0.3	14.06	0.31
20030618	2.33	14.25	0.33
20030619	0.97	13.07	0.33
20030620	0.01	13.07	0.32
20030621	1.09	12.49	0.31
20030622	0.2	13.91	0.34
20030623	0.0	13.09	0.31
20030624	0.0	12.89	0.29
20030625	0.0	15.8	0.29
20030626	0.01	15.71	0.29
20030627	9.74	14.44	0.37
20030628	0.21	15.26	0.36
20030629	0.01	14.3	0.32
20030630	8.49	15.05	0.36
20030701	3.88	12.61	0.48
20030702	0.01	14.95	0.36
20030703	0.0	15.22	0.33
20030704	0.37	17.35	0.34
20030705	0.11	13.14	0.31
20030706	0.98	15.23	0.29
20030707	3.73	14.97	0.33
20030708	0.05	15.45	0.3
20030709	0.28	18.79	0.27
20030710	2.87	15.19	0.29
20030711	0.29	14.27	0.28
20030712	0.0	12.94	0.27
20030713	0.0	18.56	0.28
20030714	0.0	18.67	0.27
20030715	0.04	17.92	0.27
20030716	0.26	19.52	0.26
20030717	0.51	17.39	0.27
20030718	1.01	14.5	0.29
20030719	1.63	17.06	0.29
20030720	1.68	16.87	0.29
20030721	12.38	15.73	0.4
20030722	0.56	16.11	0.44
20030723	1.05	15.52	0.31
20030724	6.07	16.01	0.3
20030725	0.75	14.64	0.38
20030726	1.25	13.39	0.33
20030727	0.09	14.72	0.32
20030728	6.83	15.91	0.35
20030729	6.92	16.0	0.4
20030730	1.94	15.71	0.36
20030731	2.58	15.38	0.37
20030801	0.11	14.36	0.32
20030802	0.01	15.18	0.29
20030803	0.0	15.02	0.34
20030804	0.0	18.16	0.35
20030805	0.75	18.0	0.36
20030806	0.01	19.34	0.34
20030807	0.04	18.21	0.32
20030808	0.0	18.16	0.3
20030809	0.34	21.13	0.29
20030810	0.03	19.17	0.26
20030811	0.0	16.5	0.25
20030812	0.65	16.62	0.23
20030813	0.01	14.48	0.21
20030814	0.0	14.22	0.2
20030815	0.0	13.58	0.2
20030816	0.0	15.73	0.19
20030817	4.37	15.85	0.2
20030818	0.6	16.01	0.2
20030819	0.54	14.69	0.18
20030820	2.21	16.2	0.19
20030821	3.74	14.58	0.22
20030822	0.03	12.43	0.2
20030823	0.03	16.01	0.19
20030824	0.0	16.43	0.18
20030825	0.02	13.52	0.18
20030826	0.01	12.03	0.19
20030827	2.55	13.03	0.2
20030828	1.69	11.8	0.22
20030829	0.91	10.88	0.2
20030830	0.6	11.36	0.2
20030831	0.04	11.77	0.19
20030901	0.0	14.33	0.18
20030902	0.0	13.74	0.2
20030903	0.0	14.24	0.2
20030904	0.09	14.63	0.2
20030905	1.82	14.35	0.21
20030906	0.6	11.98	0.2
20030907	10.42	13.43	0.27
20030908	0.08	13.31	0.25
20030909	0.35	11.94	0.24
20030910	0.14	11.33	0.23
20030911	1.25	12.25	0.23
20030912	0.36	13.83	0.23
20030913	0.07	16.51	0.22
20030914	0.94	16.42	0.23
20030915	1.6	15.93	0.25
20030916	0.17	14.69	0.23
20030917	0.27	17.24	0.22
20030918	4.84	13.99	0.24
20030919	1.94	13.55	0.23
20030920	2.8	11.09	0.27
20030921	26.29	11.91	0.49
20030922	0.75	7.85	0.66
20030923	0.13	7.42	0.31
20030924	0.03	11.83	0.28
20030925	4.19	11.77	0.27
20030926	0.57	10.58	0.28
20030927	2.39	8.55	0.29
20030928	0.26	10.03	0.27
20030929	0.2	9.3	0.26
20030930	0.03	10.15	0.22
20031001	0.0	11.53	0.22
20031002	0.1	11.73	0.21
20031003	1.19	9.36	0.21
20031004	0.78	5.94	0.2
20031005	1.17	8.13	0.19
20031006	1.2	7.51	0.19
20031007	0.13	8.81	0.19
20031008	3.73	12.1	0.21
20031009	0.69	12.76	0.22
20031010	0.04	8.6	0.2
20031011	0.48	10.2	0.18
20031012	0.02	10.87	0.18
20031013	0.02	10.87	0.18
20031014	0.0	10.56	0.18
20031015	0.0	8.24	0.2
20031016	0.0	7.56	0.25
20031017	0.01	7.1	0.28
20031018	1.0	6.41	0.28
20031019	0.34	4.92	0.28
20031020	0.03	3.82	0.26
20031021	12.07	2.98	0.27
20031022	8.94	3.77	0.51
20031023	0.06	5.19	0.32
20031024	0.02	6.19	0.22
20031025	0.17	5.97	0.2
20031026	0.03	6.36	0.19
20031027	0.08	10.78	0.2
20031028	0.2	6.33	0.19
20031029	0.04	4.33	0.2
20031030	0.26	3.92	0.2
20031031	0.34	6.5	0.22
20031101	8.41	5.96	0.32
20031102	1.58	7.71	0.33
20031103	0.19	6.15	0.27
20031104	0.1	10.56	0.25
20031105	0.03	11.52	0.24
20031106	0.0	10.35	0.23
20031107	0.03	9.59	0.23
20031108	2.01	7.85	0.23
20031109	0.22	7.71	0.26
20031110	0.01	8.11	0.24
20031111	4.2	8.48	0.23
20031112	1.81	7.35	0.23
20031113	4.9	8.29	0.26
20031114	1.26	7.98	0.32
20031115	0.01	6.12	0.29
20031116	1.52	5.82	0.26
20031117	3.35	10.9	0.31
20031118	3.14	10.77	0.33
20031119	1.72	8.29	0.36
20031120	0.37	5.74	0.4
20031121	0.24	3.95	0.36
20031122	0.18	2.87	0.35
20031123	0.08	1.67	0.36
20031124	4.12	5.24	0.39
20031125	2.76	4.76	0.38
20031126	3.41	4.79	0.37
20031127	0.21	4.48	0.38
20031128	10.78	6.49	0.91
20031129	16.16	5.89	2.79
20031130	3.05	4.28	1.85
20031201	3.65	5.89	1.35
20031202	0.99	7.29	1.47
20031203	0.07	5.54	1.17
20031204	0.03	5.85	0.98
20031205	0.16	7.05	0.86
20031206	0.0	3.14	0.76
20031207	0.0	-0.38	0.65
20031208	0.02	-2.06	0.6
20031209	0.35	4.93	0.54
20031210	2.73	6.12	0.61
20031211	0.05	1.93	0.65
20031212	2.35	5.9	0.56
20031213	0.86	6.02	0.58
20031214	0.19	3.22	0.57
20031215	0.43	1.65	0.48
20031216	1.31	6.14	0.48
20031217	0.04	6.4	0.47
20031218	0.03	4.59	0.51
20031219	9.55	3.05	0.5
20031220	22.01	2.44	3.83
20031221	0.03	0.72	2.73
20031222	1.3	3.0	1.46
20031223	1.42	7.68	1.17
20031224	4.24	8.83	1.08
20031225	6.91	6.83	1.08
20031226	4.01	4.51	2.33
20031227	0.08	2.2	1.91
20031228	0.04	-0.12	1.46
20031229	0.01	-3.11	1.26
20031230	0.72	-3.95	1.12
20031231	15.34	0.39	1.48
20040101	0.23	2.11	1.87
20040102	2.74	1.47	1.42
20040103	0.05	3.58	1.45
20040104	1.34	4.13	1.25
20040105	1.35	7.15	1.15
20040106	0.95	5.9	1.03
20040107	0.8	8.11	0.92
20040108	12.55	6.39	1.58
20040109	0.3	5.14	1.89
20040110	7.9	6.24	1.45
20040111	13.03	3.36	2.75
20040112	15.7	2.7	4.66
20040113	0.9	2.19	5.95
20040114	0.27	3.16	4.6
20040115	8.49	2.65	3.71
20040116	1.06	2.6	4.02
20040117	0.08	1.56	2.79
20040118	0.46	6.45	2.12
20040119	2.25	9.93	1.97
20040120	0.95	6.82	1.97
20040121	0.43	6.54	1.75
20040122	0.11	7.44	1.53
20040123	2.97	5.88	1.43
20040124	0.17	3.71	1.32
20040125	0.74	2.01	1.16
20040126	0.1	0.81	1.1
20040127	0.16	-0.25	1.05
20040128	0.99	-1.03	0.97
20040129	1.42	2.17	0.96
20040130	5.03	2.93	1.28
20040131	11.45	1.23	3.02
20040201	9.1	4.38	3.93
20040202	8.21	9.23	4.09
20040203	2.39	10.72	3.87
20040204	4.3	9.81	3.21
20040205	9.74	8.27	3.29
20040206	0.6	5.27	2.97
20040207	2.87	2.19	2.15
20040208	0.07	-0.06	1.73
20040209	1.24	3.95	1.48
20040210	0.04	7.4	1.48
20040211	0.03	6.67	1.32
20040212	0.06	6.13	1.33
20040213	1.94	6.47	1.36
20040214	0.07	5.47	1.23
20040215	0.0	4.42	1.09
20040216	2.08	3.24	1.01
20040217	0.03	3.1	0.98
20040218	0.03	2.26	0.9
20040219	0.03	2.95	0.9
20040220	0.08	3.06	0.91
20040221	0.03	2.32	0.92
20040222	0.0	0.96	0.88
20040223	0.06	3.74	0.81
20040224	0.07	1.06	0.73
20040225	0.0	-0.42	0.72
20040226	0.01	0.61	0.68
20040227	0.05	0.26	0.6
20040228	0.0	-0.23	0.51
20040229	0.0	0.98	0.49
20040301	0.0	2.37	0.47
20040302	0.11	3.86	0.47
20040303	6.9	4.55	0.67
20040304	1.48	6.22	0.62
20040305	0.01	4.8	0.59
20040306	1.29	5.45	0.58
20040307	0.02	3.32	0.51
20040308	0.0	2.24	0.48
20040309	0.01	2.27	0.48
20040310	1.23	2.43	0.49
20040311	0.07	2.72	0.52
20040312	0.03	3.52	0.5
20040313	1.1	5.41	0.45
20040314	6.43	8.74	0.51
20040315	3.66	9.81	0.55
20040316	0.22	9.9	0.53
20040317	0.12	7.75	0.47
20040318	13.02	5.56	0.58
20040319	9.13	4.5	2.63
20040320	7.31	6.11	4.37
20040321	0.23	4.91	2.68
20040322	0.11	5.25	1.95
20040323	0.1	4.69	1.67
20040324	0.25	5.56	1.52
20040325	2.36	6.18	1.37
20040326	0.08	9.45	1.21
20040327	0.46	9.65	1.03
20040328	0.03	8.34	0.91
20040329	0.0	8.33	0.81
20040330	0.0	8.38	0.78
20040331	0.23	6.9	0.72
20040401	3.59	7.46	0.68
20040402	5.54	8.06	0.69
20040403	8.71	7.0	1.13
20040404	1.54	6.93	1.02
20040405	2.38	5.82	0.92
20040406	1.56	6.67	0.91
20040407	0.2	5.11	0.8
20040408	0.99	7.88	0.74
20040409	1.49	9.49	0.76
20040410	0.22	6.99	0.74
20040411	0.08	9.72	0.69
20040412	0.27	8.56	0.66
20040413	0.51	10.6	0.65
20040414	0.24	10.08	0.65
20040415	4.3	5.66	0.62
20040416	0.79	5.19	0.66
20040417	9.84	7.45	0.76
20040418	11.7	6.76	1.07
20040419	0.43	6.93	1.69
20040420	4.67	10.06	1.24
20040421	0.38	10.25	1.14
20040422	0.29	8.85	0.93
20040423	0.03	11.1	0.81
20040424	0.0	12.07	0.73
20040425	0.0	10.89	0.69
20040426	5.37	12.85	0.68
20040427	2.96	9.3	0.65
20040428	2.45	8.39	0.57
20040429	2.87	9.01	0.58
20040430	0.32	7.17	0.54
20040501	0.0	9.82	0.52
20040502	0.1	9.27	0.5
20040503	10.08	8.55	0.6
20040504	4.83	6.86	0.84
20040505	0.46	8.39	0.72
20040506	0.34	9.73	0.59
20040507	0.88	12.07	0.56
20040508	3.18	13.17	0.57
20040509	0.07	12.05	0.54
20040510	1.3	14.64	0.46
20040511	0.73	10.88	0.43
20040512	0.02	11.24	0.4
20040513	0.05	13.24	0.39
20040514	0.0	13.5	0.36
20040515	0.0	13.88	0.33
20040516	0.0	14.56	0.36
20040517	0.0	11.53	0.38
20040518	0.11	12.3	0.33
20040519	0.0	10.64	0.31
20040520	5.25	10.22	0.36
20040521	1.76	6.77	0.33
20040522	0.03	9.71	0.31
20040523	0.0	12.09	0.3
20040524	0.0	11.84	0.29
20040525	0.02	9.58	0.32
20040526	0.0	8.16	0.31
20040527	0.0	10.93	0.31
20040528	0.8	13.72	0.31
20040529	1.26	11.62	0.33
20040530	0.19	12.97	0.32
20040531	1.0	14.22	0.31
20040601	9.22	11.39	0.49
20040602	4.28	14.43	0.34
20040603	0.56	14.27	0.39
20040604	0.0	13.05	0.32
20040605	0.11	16.81	0.3
20040606	0.0	15.61	0.32
20040607	0.0	14.34	0.35
20040608	0.28	14.39	0.32
20040609	1.75	16.41	0.31
20040610	7.11	15.48	0.37
20040611	0.15	13.46	0.3
20040612	0.0	13.55	0.27
20040613	0.01	16.01	0.27
20040614	0.01	15.92	0.27
20040615	0.0	15.09	0.27
20040616	0.61	13.4	0.26
20040617	8.15	12.33	0.32
20040618	6.68	9.86	0.41
20040619	1.43	9.36	0.31
20040620	1.72	10.85	0.41
20040621	0.28	10.76	0.34
20040622	8.61	14.46	0.3
20040623	36.19	10.12	1.09
20040624	4.35	10.17	0.98
20040625	0.04	12.33	0.68
20040626	11.42	13.57	0.88
20040627	2.62	13.17	0.73
20040628	0.17	13.46	0.61
20040629	5.9	14.63	0.54
20040630	3.32	12.63	0.69
20040701	0.19	12.05	0.61
20040702	5.42	12.47	0.63
20040703	12.04	13.22	0.8
20040704	12.18	11.6	1.34
20040705	0.43	12.68	1.01
20040706	0.08	13.74	0.81
20040707	0.07	11.24	0.68
20040708	0.61	10.55	0.59
20040709	2.38	12.07	0.57
20040710	0.06	12.82	0.55
20040711	0.01	11.93	0.5
20040712	0.11	13.3	0.46
20040713	1.28	14.62	0.43
20040714	0.01	14.54	0.44
20040715	1.83	14.3	0.39
20040716	0.5	14.24	0.39
20040717	0.71	12.79	0.37
20040718	0.02	13.06	0.35
20040719	0.55	14.35	0.33
20040720	4.76	16.56	0.38
20040721	0.03	15.06	0.34
20040722	0.09	14.9	0.33
20040723	0.35	14.74	0.32
20040724	2.21	12.53	0.32
20040725	0.03	13.71	0.31
20040726	0.0	14.42	0.3
20040727	0.03	17.63	0.31
20040728	1.75	16.61	0.34
20040729	2.11	17.55	0.36
20040730	0.1	17.93	0.33
20040731	0.01	16.71	0.31
20040801	0.0	16.1	0.3
20040802	0.02	15.9	0.3
20040803	10.44	17.76	0.39
20040804	2.68	16.38	0.41
20040805	6.74	17.08	0.32
20040806	0.05	16.73	0.32
20040807	0.01	17.52	0.28
20040808	1.88	19.07	0.28
20040809	55.56	17.21	2.38
20040810	21.12	17.05	4.14
20040811	2.64	16.86	4.25
20040812	3.05	15.65	1.94
20040813	0.08	15.38	1.32
20040814	0.09	16.74	0.98
20040815	1.25	17.14	0.75
20040816	3.02	15.15	0.82
20040817	4.2	16.62	0.86
20040818	24.73	15.62	3.67
20040819	3.78	15.25	3.41
20040820	0.18	11.71	2.37
20040821	0.11	10.59	1.58
20040822	0.38	14.78	1.14
20040823	17.73	14.56	1.18
20040824	5.73	15.04	3.01
20040825	0.04	11.97	2.13
20040826	9.2	13.83	1.57
20040827	0.04	13.05	1.33
20040828	1.18	13.72	0.81
20040829	1.85	12.81	0.73
20040830	0.08	11.68	0.84
20040831	0.0	11.8	0.93
20040901	0.25	14.87	0.77
20040902	0.01	14.89	0.58
20040903	1.57	16.86	0.55
20040904	0.42	18.82	0.52
20040905	6.98	15.91	0.47
20040906	0.2	11.88	0.56
20040907	0.0	12.14	0.59
20040908	0.01	12.93	0.56
20040909	0.01	14.3	0.52
20040910	6.13	15.26	0.5
20040911	0.91	13.69	0.48
20040912	7.78	12.44	0.44
20040913	1.66	10.76	0.42
20040914	1.02	10.9	0.36
20040915	0.84	10.78	0.33
20040916	6.92	13.03	0.39
20040917	7.8	14.0	0.4
20040918	1.47	11.86	0.54
20040919	9.63	12.08	0.67
20040920	0.74	11.12	0.85
20040921	0.04	10.88	0.53
20040922	0.12	10.41	0.46
20040923	0.23	10.3	0.42
20040924	0.57	11.83	0.52
20040925	0.09	12.94	0.51
20040926	0.45	12.27	0.42
20040927	1.29	12.49	0.54
20040928	0.98	11.45	0.52
20040929	3.0	11.14	0.44
20040930	2.62	9.58	0.59
20041001	2.96	10.27	0.61
20041002	3.57	9.82	0.53
20041003	18.81	10.28	0.66
20041004	3.05	9.05	2.32
20041005	6.13	10.19	1.1
20041006	0.14	9.71	0.91
20041007	0.62	8.35	0.76
20041008	0.05	8.16	0.91
20041009	0.73	7.87	1.04
20041010	1.12	8.07	1.1
20041011	0.02	9.13	0.91
20041012	5.8	9.82	0.92
20041013	6.51	9.24	1.11
20041014	10.49	8.58	1.5
20041015	19.24	9.81	2.51
20041016	1.69	8.5	3.55
20041017	0.16	7.32	2.07
20041018	1.22	8.28	1.51
20041019	5.43	6.05	1.54
20041020	22.56	7.22	1.98
20041021	0.7	7.8	6.11
20041022	0.02	6.54	3.27
20041023	8.02	7.76	2.43
20041024	24.24	8.69	7.04
20041025	1.94	8.28	6.96
20041026	0.2	6.32	4.57
20041027	6.26	8.17	3.42
20041028	15.86	10.17	3.49
20041029	8.95	10.25	8.08
20041030	0.26	9.14	5.21
20041031	0.0	7.18	3.44
20041101	0.05	6.43	2.57
20041102	0.48	7.73	2.36
20041103	1.3	8.2	2.09
20041104	0.07	6.68	1.58
20041105	3.19	8.82	1.49
20041106	3.53	10.9	1.54
20041107	0.05	9.72	1.41
20041108	0.73	7.32	1.27
20041109	0.01	6.38	1.17
20041110	0.03	5.84	1.03
20041111	0.52	10.47	0.95
20041112	0.07	5.05	0.86
20041113	0.01	5.34	0.87
20041114	0.46	9.59	0.83
20041115	4.2	8.36	0.8
20041116	5.79	8.27	1.22
20041117	0.69	6.02	1.14
20041118	0.03	1.28	0.88
20041119	0.0	-0.08	0.79
20041120	0.84	-1.43	0.73
20041121	5.35	4.99	0.87
20041122	1.92	8.95	0.93
20041123	0.83	8.29	0.96
20041124	0.01	9.25	1.03
20041125	0.15	8.7	1.05
20041126	0.01	7.03	1.07
20041127	5.68	4.94	1.33
20041128	0.04	2.2	1.23
20041129	0.01	3.23	1.02
20041130	0.1	5.19	0.92
20041201	0.0	1.11	0.83
20041202	0.37	2.54	0.76
20041203	0.25	7.51	0.69
20041204	0.19	8.15	0.63
20041205	0.29	8.24	0.72
20041206	0.62	7.37	0.67
20041207	0.06	4.62	0.58
20041208	0.34	8.4	0.7
20041209	0.0	7.16	0.71
20041210	0.32	4.35	0.65
20041211	0.42	4.92	0.61
20041212	0.04	6.47	0.59
20041213	4.54	7.8	0.57
20041214	3.99	7.69	0.65
20041215	5.51	5.62	0.59
20041216	4.41	4.39	1.06
20041217	0.26	1.64	0.82
20041218	0.0	-0.26	0.87
20041219	0.0	-1.17	0.86
20041220	0.02	0.44	0.74
20041221	5.15	5.48	0.94
20041222	5.51	9.56	1.34
20041223	5.87	5.58	1.82
20041224	6.57	1.11	2.64
20041225	0.04	-0.08	1.63
20041226	0.25	2.06	1.15
20041227	7.59	4.01	1.65
20041228	1.2	2.04	1.73
20041229	10.99	7.39	1.89
20041230	4.74	5.36	4.49
20041231	2.02	3.79	3.23
20050101	12.47	4.43	4.0
20050102	1.44	4.19	3.18
20050103	1.85	8.43	2.67
20050104	3.68	5.26	2.2
20050105	7.4	5.04	2.25
20050106	10.64	8.48	2.14
20050107	31.39	6.25	5.07
20050108	13.02	4.09	12.11
20050109	21.14	9.13	11.03
20050110	0.17	7.78	10.05
20050111	9.22	6.06	6.27
20050112	5.01	3.6	5.25
20050113	0.14	1.89	3.87
20050114	0.39	6.25	3.12
20050115	0.23	9.42	2.51
20050116	1.6	7.47	2.14
20050117	6.28	2.67	2.24
20050118	2.2	1.6	2.3
20050119	0.61	5.4	2.21
20050120	0.38	4.36	2.24
20050121	0.0	1.07	1.84
20050122	0.01	-0.21	1.51
20050123	0.01	1.42	1.33
20050124	0.44	2.4	1.21
20050125	0.39	4.84	1.34
20050126	0.02	5.69	1.27
20050127	0.01	5.27	1.13
20050128	0.0	4.64	1.01
20050129	0.01	4.6	0.93
20050130	0.01	7.44	0.86
20050131	0.04	8.89	0.88
20050201	0.01	7.1	0.85
20050202	0.03	6.19	0.78
20050203	0.23	7.06	0.74
20050204	3.43	5.18	0.75
20050205	0.49	4.05	0.73
20050206	0.02	3.61	0.71
20050207	1.41	5.09	0.7
20050208	5.8	6.2	0.72
20050209	7.12	5.74	0.92
20050210	0.23	3.9	1.01
20050211	18.03	3.42	1.62
20050212	0.22	3.33	3.25
20050213	0.59	3.15	1.71
20050214	0.0	2.43	1.36
20050215	0.0	2.46	1.17
20050216	0.04	3.49	1.07
20050217	0.69	5.29	0.99
20050218	0.44	4.26	0.93
20050219	0.0	1.24	0.85
20050220	0.08	1.63	0.83
20050221	4.26	2.29	0.8
20050222	4.48	1.33	0.94
20050223	6.02	0.57	1.03
20050224	3.25	1.59	1.04
20050225	0.15	1.64	1.44
20050226	0.34	3.42	1.31
20050227	0.01	3.46	1.13
20050228	15.28	2.9	1.06
20050301	1.85	1.99	2.63
20050302	2.09	1.1	2.04
20050303	0.94	3.33	1.62
20050304	0.05	3.41	1.64
20050305	0.5	2.13	1.33
20050306	0.03	3.72	1.15
20050307	0.0	4.09	1.04
20050308	0.01	4.87	0.96
20050309	2.04	4.21	0.96
20050310	0.86	5.7	0.94
20050311	0.11	4.2	0.89
20050312	0.0	2.43	0.8
20050313	0.01	2.15	0.74
20050314	13.79	3.89	1.12
20050315	7.3	7.77	2.35
20050316	2.66	12.0	2.08
20050317	2.47	12.56	1.72
20050318	0.29	11.24	1.7
20050319	0.01	10.43	1.4
20050320	0.0	8.33	1.28
20050321	4.7	9.01	1.21
20050322	0.76	10.63	1.36
20050323	0.27	11.23	1.17
20050324	0.97	10.92	1.03
20050325	0.25	10.7	0.92
20050326	2.7	6.7	0.87
20050327	4.55	6.22	1.03
20050328	21.27	5.51	5.03
20050329	2.32	5.7	4.04
20050330	0.14	5.64	2.68
20050331	0.1	7.29	2.19
20050401	0.2	8.95	1.89
20050402	0.04	10.45	1.54
20050403	0.04	9.55	1.29
20050404	5.23	6.37	1.06
20050405	7.67	8.22	0.99
20050406	2.74	5.15	1.18
20050407	0.07	4.37	0.95
20050408	0.04	3.29	0.81
20050409	0.31	7.56	0.77
20050410	0.02	9.82	0.71
20050411	1.35	9.78	0.84
20050412	1.46	5.47	1.03
20050413	0.72	6.05	0.86
20050414	1.07	6.14	0.76
20050415	5.34	4.39	0.72
20050416	0.28	5.79	0.7
20050417	29.15	7.77	2.1
20050418	9.64	6.64	8.16
20050419	1.62	7.75	3.5
20050420	0.04	5.7	2.37
20050421	0.0	7.87	1.92
20050422	0.0	6.2	1.58
20050423	0.0	6.87	1.35
20050424	0.0	6.83	1.18
20050425	0.0	7.91	1.08
20050426	9.14	7.44	1.19
20050427	6.46	8.6	1.2
20050428	3.79	10.47	1.98
20050429	0.08	9.7	1.29
20050430	1.26	11.48	1.11
20050501	9.2	10.45	1.56
20050502	2.81	12.96	1.27
20050503	6.78	10.01	1.22
20050504	0.05	11.4	1.1
20050505	0.03	9.81	0.94
20050506	0.4	8.07	0.83
20050507	0.42	7.69	0.78
20050508	0.55	6.96	0.71
20050509	0.03	5.53	0.63
20050510	0.0	6.34	0.59
20050511	0.0	8.25	0.56
20050512	0.0	9.13	0.52
20050513	0.0	7.86	0.48
20050514	0.0	11.32	0.45
20050515	0.63	12.28	0.46
20050516	0.12	4.93	0.44
20050517	0.07	5.23	0.54
20050518	19.49	8.5	0.78
20050519	5.6	10.64	1.41
20050520	0.83	10.84	0.98
20050521	5.34	9.52	0.78
20050522	2.39	10.24	0.76
20050523	5.06	8.95	0.97
20050524	1.43	11.62	0.86
20050525	17.29	12.21	1.93
20050526	0.18	12.23	1.72
20050527	3.68	8.4	1.25
20050528	1.3	10.35	1.09
20050529	0.26	9.21	0.86
20050530	2.79	9.99	0.93
20050531	2.0	10.23	0.77
20050601	17.52	9.96	1.66
20050602	3.15	13.63	2.92
20050603	0.78	12.83	1.65
20050604	6.72	12.55	2.19
20050605	0.3	9.91	1.86
20050606	0.01	9.1	1.34
20050607	0.0	14.99	1.06
20050608	0.0	15.71	0.86
20050609	0.01	14.62	0.72
20050610	0.0	12.83	0.61
20050611	1.42	11.93	0.56
20050612	6.79	10.06	0.69
20050613	2.24	10.83	0.64
20050614	9.51	12.59	0.8
20050615	1.15	13.48	0.89
20050616	3.96	14.13	1.29
20050617	0.07	18.11	1.07
20050618	0.1	19.12	0.71
20050619	0.18	15.73	0.64
20050620	1.85	15.94	0.64
20050621	1.28	16.04	0.58
20050622	0.07	17.64	0.58
20050623	0.37	16.64	0.65
20050624	2.17	13.22	0.57
20050625	0.15	13.42	0.51
20050626	0.0	14.99	0.44
20050627	0.0	16.3	0.37
20050628	0.0	16.16	0.35
20050629	2.55	13.49	0.36
20050630	4.1	13.93	0.43
20050701	0.0	13.16	0.44
20050702	2.18	16.12	0.38
20050703	0.33	12.7	0.37
20050704	0.25	13.3	0.33
20050705	8.74	14.24	0.37
20050706	3.45	11.92	0.54
20050707	0.05	15.2	0.36
20050708	0.0	15.41	0.32
20050709	0.0	20.13	0.33
20050710	0.0	19.45	0.29
20050711	0.0	20.22	0.27
20050712	0.0	19.04	0.25
20050713	0.0	17.83	0.26
20050714	0.91	15.19	0.34
20050715	0.0	13.33	0.37
20050716	0.0	17.43	0.33
20050717	1.47	18.9	0.31
20050718	0.43	14.51	0.3
20050719	0.51	13.57	0.3
20050720	0.0	15.56	0.3
20050721	0.0	16.68	0.3
20050722	0.0	14.32	0.3
20050723	0.0	13.58	0.31
20050724	0.1	13.32	0.31
20050725	0.0	12.74	0.3
20050726	0.0	13.14	0.29
20050727	1.1	11.61	0.33
20050728	4.05	12.58	0.43
20050729	3.19	11.44	0.47
20050730	0.13	10.64	0.39
20050731	0.0	14.16	0.37
20050801	0.0	12.76	0.32
20050802	1.12	15.23	0.32
20050803	0.12	14.5	0.31
20050804	0.67	13.52	0.31
20050805	0.08	14.32	0.3
20050806	0.8	12.38	0.3
20050807	0.0	12.82	0.31
20050808	0.01	15.78	0.31
20050809	2.33	16.54	0.36
20050810	0.88	17.92	0.46
20050811	2.44	15.42	0.37
20050812	3.18	14.45	0.36
20050813	0.93	15.63	0.33
20050814	0.08	14.21	0.33
20050815	1.11	16.7	0.34
20050816	0.01	18.14	0.34
20050817	1.14	16.12	0.33
20050818	2.63	12.21	0.38
20050819	2.2	13.54	0.34
20050820	0.01	14.75	0.33
20050821	4.66	17.28	0.34
20050822	0.04	14.25	0.32
20050823	15.48	13.97	0.43
20050824	0.18	11.47	0.44
20050825	0.23	11.49	0.31
20050826	1.44	11.9	0.29
20050827	1.87	14.23	0.31
20050828	13.21	14.49	0.51
20050829	0.04	11.56	0.36
20050830	0.04	16.6	0.33
20050831	1.16	17.76	0.31
20050901	0.04	11.84	0.32
20050902	0.0	12.56	0.28
20050903	0.0	15.23	0.27
20050904	0.01	17.89	0.28
20050905	0.01	15.24	0.28
20050906	0.05	17.82	0.26
20050907	3.74	15.65	0.27
20050908	2.18	14.2	0.27
20050909	5.34	10.59	0.35
20050910	0.11	10.39	0.31
20050911	0.0	14.27	0.28
20050912	1.0	17.01	0.25
20050913	4.47	15.01	0.3
20050914	0.35	13.52	0.33
20050915	0.49	8.97	0.32
20050916	0.44	8.75	0.29
20050917	1.71	10.86	0.32
20050918	0.04	13.16	0.31
20050919	4.02	12.29	0.33
20050920	0.06	13.69	0.32
20050921	1.55	14.98	0.32
20050922	5.56	15.42	0.3
20050923	0.62	9.5	0.36
20050924	1.62	10.91	0.3
20050925	2.25	11.93	0.34
20050926	9.43	13.31	0.35
20050927	1.52	10.13	0.35
20050928	2.99	10.19	0.36
20050929	3.12	12.36	0.32
20050930	1.61	13.9	0.33
20051001	0.01	10.82	0.32
20051002	0.03	11.66	0.3
20051003	0.0	11.84	0.3
20051004	0.0	10.88	0.39
20051005	0.0	10.23	0.42
20051006	0.11	11.91	0.37
20051007	0.55	12.03	0.37
20051008	0.54	8.43	0.38
20051009	0.4	11.31	0.34
20051010	9.47	12.56	0.35
20051011	48.19	8.17	1.72
20051012	4.47	8.21	2.26
20051013	0.1	7.07	1.22
20051014	0.0	8.35	0.91
20051015	0.0	11.79	0.76
20051016	0.0	12.28	0.66
20051017	0.0	12.05	0.7
20051018	1.8	11.26	0.72
20051019	1.78	10.16	0.66
20051020	0.37	8.72	0.54
20051021	5.18	8.53	0.69
20051022	4.48	7.21	0.72
20051023	13.71	6.97	0.88
20051024	42.15	9.63	6.83
20051025	3.45	10.19	6.13
20051026	4.59	13.06	3.81
20051027	0.15	15.63	2.94
20051028	5.2	11.31	2.22
20051029	1.06	12.55	1.81
20051030	5.53	11.42	1.81
20051031	0.54	9.84	1.6
20051101	6.17	7.12	1.45
20051102	10.53	10.52	2.81
20051103	3.81	11.75	3.94
20051104	1.63	7.54	3.04
20051105	3.93	7.58	2.25
20051106	2.43	8.24	1.94
20051107	5.22	8.32	1.73
20051108	3.25	5.48	2.03
20051109	2.68	7.6	1.69
20051110	13.58	10.55	1.76
20051111	2.32	8.88	3.36
20051112	0.05	4.3	2.25
20051113	0.05	5.29	1.79
20051114	0.8	8.21	1.54
20051115	0.16	4.52	1.44
20051116	0.01	1.6	1.41
20051117	0.01	-0.31	1.33
20051118	0.01	-0.34	1.25
20051119	0.04	0.89	1.03
20051120	0.03	4.13	0.93
20051121	0.05	2.24	0.94
20051122	0.07	2.74	0.86
20051123	0.49	6.06	0.83
20051124	0.97	1.74	0.82
20051125	17.92	2.64	1.8
20051126	5.72	3.5	2.75
20051127	0.09	2.16	2.19
20051128	0.01	1.25	1.63
20051129	0.64	0.8	1.44
20051130	0.16	4.31	1.34
20051201	2.32	6.46	1.16
20051202	3.6	6.21	1.18
20051203	13.89	5.79	2.78
20051204	0.39	4.81	2.95
20051205	7.78	4.39	2.41
20051206	0.12	1.89	2.46
20051207	0.06	0.76	1.73
20051208	0.59	2.18	1.39
20051209	4.52	7.59	1.27
20051210	0.03	10.32	1.38
20051211	1.22	5.02	1.23
20051212	0.02	1.93	1.32
20051213	0.01	5.55	1.38
20051214	0.0	6.29	1.3
20051215	0.01	7.65	1.19
20051216	0.0	1.88	0.89
20051217	0.0	-0.39	0.8
20051218	1.97	3.69	0.8
20051219	0.19	5.54	0.75
20051220	1.6	7.42	0.86
20051221	1.5	5.16	0.87
20051222	2.73	7.24	0.94
20051223	0.02	6.59	1.16
20051224	0.0	2.22	0.99
20051225	0.06	0.41	0.87
20051226	1.08	1.36	0.81
20051227	1.38	-0.28	0.78
20051228	0.5	-2.33	0.75
20051229	8.31	-1.74	0.72
20051230	5.38	2.39	1.16
20051231	1.93	3.12	2.52
20060101	0.04	3.36	1.86
20060102	2.02	4.95	1.4
20060103	0.0	1.73	1.2
20060104	0.18	-0.19	1.06
20060105	0.05	1.89	1.0
20060106	0.07	1.54	0.94
20060107	0.05	0.82	0.89
20060108	0.01	-0.73	0.84
20060109	2.38	4.5	1.0
20060110	11.18	7.74	1.38
20060111	2.23	4.95	1.87
20060112	1.11	7.91	1.38
20060113	2.38	6.69	1.44
20060114	0.02	3.67	1.42
20060115	4.73	5.33	1.36
20060116	3.09	3.65	1.49
20060117	0.07	3.9	1.53
20060118	3.96	8.17	1.4
20060119	3.63	6.79	1.53
20060120	3.25	4.46	1.75
20060121	0.01	4.39	1.71
20060122	0.0	5.6	1.5
20060123	0.0	4.66	1.35
20060124	0.01	3.42	1.23
20060125	0.04	2.32	1.2
20060126	0.19	3.86	1.06
20060127	0.32	3.34	0.94
20060128	0.17	3.96	0.93
20060129	0.04	-0.13	0.88
20060130	0.01	-3.63	1.04
20060131	0.01	-1.67	1.08
20060201	0.02	1.08	1.0
20060202	0.03	1.72	0.93
20060203	0.02	3.63	0.85
20060204	0.01	5.07	0.8
20060205	0.01	6.27	0.74
20060206	0.52	8.12	0.71
20060207	4.73	5.17	0.7
20060208	0.16	3.24	0.65
20060209	0.0	0.34	0.6
20060210	0.64	0.99	0.56
20060211	5.96	4.1	0.83
20060212	0.84	5.2	0.94
20060213	1.78	7.39	0.84
20060214	8.27	6.25	1.26
20060215	5.22	4.92	2.02
20060216	1.88	4.57	1.75
20060217	0.0	2.38	1.4
20060218	0.58	1.7	1.15
20060219	1.39	3.21	1.09
20060220	0.1	3.99	1.04
20060221	1.34	3.36	1.01
20060222	1.16	3.18	0.98
20060223	3.52	5.16	0.96
20060224	0.57	3.89	0.91
20060225	0.3	4.1	0.86
20060226	0.13	3.72	0.83
20060227	0.89	2.16	0.71
20060228	0.0	0.01	0.6
20060301	0.0	0.01	0.58
20060302	0.0	-0.21	0.57
20060303	1.46	-0.56	0.57
20060304	0.06	1.28	0.57
20060305	0.08	1.29	0.57
20060306	2.59	2.26	0.57
20060307	5.52	3.33	0.57
20060308	0.12	5.08	0.57
20060309	7.93	5.06	0.57
20060310	4.59	2.81	0.57
20060311	11.22	0.2	0.55
20060312	8.66	0.66	0.54
20060313	14.43	2.13	0.53
20060314	0.26	3.48	0.5
20060315	1.81	1.67	0.47
20060316	3.03	2.52	0.47
20060317	0.1	4.36	0.48
20060318	0.07	3.62	0.47
20060319	0.31	5.27	0.46
20060320	0.1	1.41	0.45
20060321	0.0	-0.04	1.31
20060322	0.44	1.3	1.25
20060323	0.0	4.79	1.06
20060324	15.33	4.65	1.63
20060325	15.87	8.21	4.48
20060326	13.49	10.76	6.57
20060327	7.71	9.78	7.35
20060328	4.6	5.43	5.5
20060329	6.55	6.39	3.87
20060330	5.19	5.8	4.42
20060331	5.61	6.63	4.03
20060401	0.45	6.66	3.34
20060402	1.45	4.83	2.45
20060403	0.19	3.84	1.97
20060404	0.01	3.77	1.68
20060405	0.18	6.15	1.6
20060406	0.1	6.09	1.38
20060407	3.25	3.88	1.23
20060408	0.65	4.97	1.23
20060409	0.01	2.49	1.18
20060410	6.73	5.91	1.03
20060411	0.6	7.73	1.04
20060412	2.37	7.97	0.89
20060413	0.36	7.13	0.91
20060414	0.0	6.45	0.85
20060415	0.03	8.53	0.78
20060416	0.26	7.56	0.7
20060417	0.03	6.41	0.63
20060418	0.0	5.65	0.56
20060419	0.24	7.57	0.54
20060420	1.14	7.12	0.51
20060421	0.01	7.31	0.49
20060422	0.91	7.87	0.49
20060423	0.01	7.59	0.46
20060424	3.36	11.43	0.43
20060425	0.15	10.16	0.4
20060426	0.02	8.01	0.38
20060427	0.0	7.78	0.36
20060428	0.0	8.67	0.36
20060429	0.0	8.36	0.42
20060430	6.08	7.64	0.53
20060501	1.05	5.81	0.48
20060502	1.26	8.98	0.41
20060503	0.01	9.76	0.36
20060504	0.57	13.64	0.44
20060505	0.04	9.97	0.42
20060506	9.54	12.25	0.44
20060507	1.3	10.48	0.47
20060508	0.0	10.76	0.39
20060509	0.0	9.67	0.36
20060510	0.0	11.83	0.36
20060511	0.7	14.79	0.34
20060512	1.22	8.71	0.33
20060513	0.0	6.76	0.3
20060514	5.96	10.35	0.29
20060515	3.63	8.85	0.34
20060516	4.94	11.68	0.35
20060517	11.29	13.79	0.65
20060518	0.72	11.72	0.54
20060519	2.41	11.64	0.42
20060520	11.36	7.76	0.6
20060521	3.51	7.65	0.62
20060522	1.66	5.67	0.56
20060523	2.95	7.5	0.5
20060524	0.51	7.5	0.48
20060525	2.88	8.38	0.44
20060526	2.9	9.89	0.48
20060527	0.74	11.5	0.41
20060528	0.1	9.35	0.38
20060529	0.1	7.16	0.45
20060530	0.07	7.62	0.5
20060531	0.3	11.68	0.44
20060601	0.01	13.07	0.39
20060602	0.0	13.04	0.33
20060603	0.01	12.88	0.29
20060604	0.0	12.91	0.27
20060605	0.0	12.21	0.25
20060606	0.0	16.95	0.28
20060607	0.0	14.89	0.31
20060608	0.0	15.49	0.28
20060609	0.01	13.95	0.25
20060610	0.41	16.79	0.22
20060611	9.35	16.39	0.21
20060612	1.5	15.76	0.27
20060613	0.0	12.08	0.25
20060614	0.0	11.97	0.25
20060615	0.17	17.03	0.24
20060616	0.04	15.63	0.22
20060617	0.65	16.48	0.22
20060618	8.07	14.16	0.24
20060619	0.11	12.7	0.24
20060620	9.55	12.79	0.34
20060621	4.65	11.75	0.27
20060622	0.08	13.09	0.24
20060623	0.05	12.85	0.22
20060624	0.0	12.61	0.22
20060625	0.0	11.48	0.22
20060626	0.02	12.85	0.19
20060627	0.0	12.21	0.26
20060628	0.0	15.97	0.27
20060629	3.33	16.26	0.21
20060630	10.62	13.17	0.38
20060701	0.38	17.43	0.29
20060702	11.41	17.5	0.52
20060703	0.17	14.64	0.38
20060704	0.04	13.92	0.42
20060705	0.27	17.78	0.36
20060706	2.79	19.21	0.31
20060707	2.04	14.2	0.25
20060708	7.02	13.93	0.27
20060709	0.77	14.27	0.29
20060710	1.73	14.59	0.28
20060711	0.04	15.31	0.25
20060712	0.08	12.62	0.24
20060713	0.0	13.22	0.23
20060714	0.0	14.26	0.21
20060715	0.0	15.66	0.22
20060716	0.0	19.86	0.21
20060717	0.0	21.04	0.19
20060718	0.0	19.0	0.2
20060719	0.0	18.59	0.27
20060720	0.01	17.05	0.23
20060721	0.0	18.57	0.23
20060722	0.2	18.96	0.22
20060723	0.09	17.53	0.2
20060724	0.0	17.66	0.18
20060725	2.41	21.19	0.2
20060726	0.15	20.52	0.19
20060727	0.03	18.9	0.2
20060728	0.05	18.96	0.2
20060729	4.51	18.27	0.23
20060730	0.14	16.77	0.21
20060731	3.0	14.66	0.19
20060801	3.93	15.8	0.22
20060802	4.07	11.94	0.23
20060803	0.05	17.22	0.22
20060804	0.05	17.13	0.21
20060805	0.11	20.46	0.21
20060806	0.02	15.41	0.19
20060807	0.0	14.09	0.16
20060808	0.03	12.88	0.18
20060809	0.02	13.75	0.2
20060810	0.51	14.52	0.18
20060811	0.0	13.21	0.18
20060812	0.01	13.65	0.17
20060813	0.0	14.0	0.17
20060814	0.06	15.97	0.15
20060815	0.13	12.88	0.17
20060816	0.06	15.83	0.18
20060817	15.48	16.82	0.35
20060818	21.53	15.5	0.69
20060819	0.25	16.2	0.41
20060820	3.35	15.68	0.28
20060821	4.03	15.22	0.23
20060822	1.5	14.84	0.23
20060823	0.8	14.41	0.21
20060824	0.07	13.22	0.22
20060825	0.52	14.81	0.24
20060826	1.4	14.13	0.23
20060827	0.24	13.4	0.19
20060828	0.11	12.72	0.19
20060829	0.01	13.12	0.19
20060830	4.18	14.19	0.21
20060831	4.05	17.35	0.23
20060901	0.67	14.44	0.21
20060902	9.38	12.55	0.25
20060903	0.98	14.35	0.33
20060904	0.54	14.92	0.2
20060905	25.28	14.54	0.79
20060906	0.05	13.48	0.63
20060907	0.0	11.12	0.31
20060908	0.0	11.76	0.29
20060909	0.0	12.34	0.26
20060910	0.01	15.25	0.26
20060911	1.12	16.81	0.24
20060912	0.76	16.83	0.25
20060913	3.79	17.22	0.24
20060914	23.52	12.71	0.95
20060915	0.19	14.59	0.51
20060916	0.06	14.47	0.38
20060917	0.18	12.83	0.34
20060918	5.48	14.1	0.35
20060919	3.92	14.07	0.3
20060920	1.21	17.47	0.39
20060921	0.36	18.07	0.46
20060922	5.9	14.93	0.38
20060923	2.24	16.27	0.33
20060924	20.45	13.14	1.34
20060925	1.02	14.04	1.02
20060926	1.5	14.74	0.92
20060927	3.18	14.87	0.79
20060928	1.94	13.13	0.72
20060929	1.99	11.04	0.63
20060930	2.55	13.0	0.59
20061001	0.83	13.21	0.65
20061002	3.14	12.33	0.57
20061003	1.78	9.76	0.64
20061004	0.52	10.71	0.62
20061005	1.62	11.92	0.54
20061006	1.56	11.98	0.56
20061007	2.47	11.36	0.41
20061008	3.78	12.49	0.41
20061009	0.08	9.12	0.42
20061010	0.08	10.32	0.39
20061011	10.52	11.24	0.69
20061012	0.07	10.91	0.61
20061013	0.01	11.23	0.5
20061014	0.01	10.49	0.45
20061015	0.01	9.46	0.43
20061016	0.19	9.8	0.41
20061017	5.03	11.49	0.47
20061018	0.39	12.56	0.47
20061019	10.71	11.73	1.18
20061020	6.63	11.26	0.88
20061021	2.2	9.29	0.75
20061022	0.86	8.74	0.68
20061023	1.98	8.5	0.65
20061024	14.86	9.23	1.23
20061025	31.22	11.26	3.86
20061026	0.66	6.75	6.21
20061027	6.77	8.96	3.26
20061028	0.78	11.29	2.83
20061029	4.71	10.79	2.07
20061030	9.21	11.49	2.03
20061031	0.19	5.71	2.1
20061101	0.04	3.96	1.46
20061102	0.05	4.36	1.4
20061103	0.18	5.55	1.34
20061104	0.02	9.47	1.12
20061105	0.0	10.98	0.93
20061106	0.02	9.69	0.8
20061107	4.95	10.13	0.76
20061108	0.36	6.98	0.75
20061109	0.03	4.7	0.67
20061110	10.78	7.91	0.96
20061111	1.29	5.74	1.31
20061112	4.31	8.58	1.06
20061113	0.7	7.52	1.06
20061114	4.27	5.45	1.05
20061115	22.73	7.65	2.76
20061116	2.07	4.47	3.18
20061117	4.48	3.76	2.67
20061118	1.6	2.97	2.08
20061119	15.7	5.88	2.53
20061120	7.79	5.09	4.46
20061121	0.04	4.96	3.37
20061122	6.73	4.39	2.5
20061123	8.88	6.51	4.37
20061124	5.55	6.73	4.2
20061125	5.29	6.42	3.39
20061126	0.27	6.98	2.49
20061127	3.43	9.36	1.98
20061128	0.8	7.39	1.83
20061129	0.08	10.4	1.52
20061130	3.78	9.08	1.44
20061201	1.34	7.16	1.3
20061202	3.46	8.09	1.15
20061203	13.01	6.67	1.56
20061204	6.6	7.97	1.73
20061205	0.34	5.52	2.18
20061206	7.56	4.39	1.88
20061207	2.33	5.41	2.55
20061208	0.14	3.66	1.88
20061209	1.14	4.01	1.58
20061210	17.42	7.94	2.56
20061211	13.75	4.25	5.58
20061212	9.43	6.05	5.23
20061213	29.64	9.58	7.19
20061214	8.06	6.78	7.1
20061215	0.77	3.37	5.52
20061216	0.26	3.28	3.69
20061217	0.01	1.97	2.68
20061218	0.03	0.55	2.09
20061219	0.21	3.17	1.93
20061220	0.07	3.19	1.88
20061221	0.03	6.37	1.62
20061222	0.0	5.93	1.44
20061223	0.0	2.4	1.31
20061224	0.07	-1.13	1.12
20061225	0.07	1.62	1.03
20061226	0.01	2.0	0.95
20061227	1.14	1.62	0.91
20061228	0.38	4.61	0.87
20061229	4.65	8.17	0.9
20061230	1.2	5.12	0.81
20061231	11.4	5.74	1.02
20070101	4.73	3.27	1.16
20070102	2.6	6.51	1.18
20070103	5.38	9.38	1.45
20070104	1.03	7.27	1.46
20070105	0.31	7.07	1.24
20070106	6.22	6.85	1.17
20070107	11.57	5.51	2.72
20070108	11.91	7.73	3.37
20070109	2.54	5.69	4.63
20070110	14.33	3.79	3.43
20070111	12.68	6.58	6.29
20070112	8.42	8.0	6.9
20070113	11.65	6.07	5.95
20070114	5.35	6.72	4.9
20070115	0.78	4.38	3.53
20070116	6.19	2.45	2.62
20070117	10.14	2.67	2.65
20070118	5.67	2.66	4.41
20070119	11.84	5.7	5.14
20070120	3.35	2.96	5.77
20070121	2.55	2.07	4.38
20070122	0.08	1.16	3.19
20070123	0.04	1.31	2.47
20070124	0.03	1.26	2.0
20070125	0.02	2.16	1.76
20070126	0.0	6.06	1.6
20070127	0.0	6.92	1.48
20070128	0.0	8.3	1.34
20070129	0.01	6.42	1.18
20070130	0.52	7.39	1.14
20070131	0.0	10.24	1.27
20070201	0.04	7.62	1.35
20070202	0.0	5.83	1.22
20070203	0.01	4.68	1.03
20070204	0.05	2.51	0.95
20070205	0.02	0.27	0.86
20070206	0.01	-0.1	0.81
20070207	3.02	0.48	0.78
20070208	1.86	0.81	0.81
20070209	5.95	1.15	0.87
20070210	15.41	3.06	1.55
20070211	6.05	3.86	4.95
20070212	0.49	4.12	2.72
20070213	4.11	5.62	2.03
20070214	0.14	5.19	1.9
20070215	0.36	8.31	1.58
20070216	0.03	6.65	1.45
20070217	0.0	3.68	1.33
20070218	0.02	3.49	1.17
20070219	8.59	6.44	1.31
20070220	3.27	6.18	1.55
20070221	12.56	6.31	1.6
20070222	7.78	6.83	6.12
20070223	1.75	7.78	3.53
20070224	4.3	7.4	2.94
20070225	4.43	5.98	2.94
20070226	10.34	3.94	2.49
20070227	17.56	5.33	7.22
20070228	1.88	6.14	4.98
20070301	0.08	3.24	3.14
20070302	11.5	4.26	3.51
20070303	0.87	4.02	4.06
20070304	2.68	5.64	2.96
20070305	3.59	7.3	2.4
20070306	0.4	6.85	2.0
20070307	0.07	6.59	1.64
20070308	4.03	6.36	1.43
20070309	1.41	6.03	1.42
20070310	0.59	9.46	1.32
20070311	13.92	7.45	1.83
20070312	1.37	6.92	2.93
20070313	0.18	7.39	2.04
20070314	0.04	9.37	1.66
20070315	0.92	6.33	1.43
20070316	0.25	7.69	1.27
20070317	3.71	5.65	1.22
20070318	0.36	2.68	1.19
20070319	0.16	2.29	1.01
20070320	0.0	0.21	0.9
20070321	0.54	4.75	0.85
20070322	0.01	5.05	0.79
20070323	0.01	4.01	0.76
20070324	0.02	6.25	0.71
20070325	0.03	6.85	0.69
20070326	0.0	7.15	0.65
20070327	0.0	7.12	0.62
20070328	10.04	6.95	0.97
20070329	0.66	6.12	1.22
20070330	0.02	6.2	0.92
20070331	0.0	6.73	0.78
20070401	0.01	4.33	0.72
20070402	0.0	6.83	0.66
20070403	0.0	5.55	0.65
20070404	0.0	11.66	0.68
20070405	0.0	10.35	0.76
20070406	0.0	7.76	0.67
20070407	0.0	10.01	0.62
20070408	0.0	10.49	0.59
20070409	0.01	12.23	0.55
20070410	0.0	11.21	0.52
20070411	0.0	9.5	0.53
20070412	0.0	9.69	0.63
20070413	0.0	9.07	0.57
20070414	0.0	12.59	0.52
20070415	0.0	12.94	0.48
20070416	0.02	9.32	0.43
20070417	0.25	7.99	0.43
20070418	0.21	9.91	0.45
20070419	0.29	8.29	0.51
20070420	0.06	8.14	0.54
20070421	1.11	11.92	0.58
20070422	0.7	13.62	0.55
20070423	6.89	13.21	0.58
20070424	9.38	14.12	0.63
20070425	1.33	9.69	0.68
20070426	0.03	9.35	0.49
20070427	0.0	8.92	0.45
20070428	0.0	9.84	0.45
20070429	0.0	9.21	0.46
20070430	0.0	8.31	0.47
20070501	0.0	9.44	0.49
20070502	0.0	10.26	0.53
20070503	0.0	10.34	0.54
20070504	0.0	9.23	0.55
20070505	2.91	12.29	0.59
20070506	0.92	9.9	0.6
20070507	1.51	10.04	0.61
20070508	0.32	9.59	0.57
20070509	19.43	10.57	0.98
20070510	8.4	8.62	1.48
20070511	5.53	7.75	0.94
20070512	0.58	7.63	1.0
20070513	2.37	6.37	0.89
20070514	0.51	7.45	0.74
20070515	0.04	9.35	0.6
20070516	0.86	10.21	0.55
20070517	2.01	12.74	0.52
20070518	8.27	10.45	0.54
20070519	1.78	9.85	0.51
20070520	0.46	8.94	0.45
20070521	0.01	12.23	0.4
20070522	0.04	11.17	0.38
20070523	0.18	13.83	0.38
20070524	0.14	10.33	0.37
20070525	0.1	8.5	0.36
20070526	0.94	9.13	0.36
20070527	1.32	7.26	0.36
20070528	0.35	9.0	0.35
20070529	9.71	8.14	0.44
20070530	2.78	11.21	0.47
20070531	4.95	13.13	0.6
20070601	0.13	13.39	0.69
20070602	0.03	15.08	0.57
20070603	1.23	14.65	0.51
20070604	0.04	12.72	0.42
20070605	0.04	11.35	0.41
20070606	0.01	12.57	0.39
20070607	5.7	13.89	0.42
20070608	0.07	13.77	0.41
20070609	0.03	16.59	0.33
20070610	0.14	15.19	0.3
20070611	0.11	16.2	0.28
20070612	9.24	10.61	0.33
20070613	0.07	9.61	0.37
20070614	0.74	10.07	0.28
20070615	8.51	10.32	0.38
20070616	1.67	11.46	0.39
20070617	0.32	14.05	0.35
20070618	0.07	14.22	0.33
20070619	18.95	13.37	0.35
20070620	5.98	15.56	1.57
20070621	0.68	14.54	0.63
20070622	2.68	14.41	0.56
20070623	24.81	13.09	0.9
20070624	8.01	10.99	2.67
20070625	0.09	10.07	1.66
20070626	1.17	11.98	1.24
20070627	2.72	11.11	1.02
20070628	1.58	10.46	0.81
20070629	0.18	11.02	0.71
20070630	10.44	12.8	0.77
20070701	9.34	14.86	0.91
20070702	6.01	15.02	1.02
20070703	10.84	15.2	1.07
20070704	4.45	15.27	1.02
20070705	6.92	14.92	0.93
20070706	7.92	13.99	1.34
20070707	0.56	13.55	1.26
20070708	0.01	13.0	1.01
20070709	0.0	12.56	0.85
20070710	0.03	14.57	0.73
20070711	0.16	14.34	0.62
20070712	0.01	14.56	0.57
20070713	28.29	15.15	1.36
20070714	0.05	13.06	1.85
20070715	11.12	15.72	1.26
20070716	2.22	14.56	1.81
20070717	1.42	14.83	1.45
20070718	1.05	13.44	1.17
20070719	1.97	11.42	0.85
20070720	0.27	12.12	0.76
20070721	14.17	11.89	1.02
20070722	0.33	11.64	1.36
20070723	2.39	14.99	0.92
20070724	1.08	16.1	0.76
20070725	11.41	15.82	0.84
20070726	2.2	13.54	2.07
20070727	0.05	13.76	1.13
20070728	0.64	11.75	0.72
20070729	0.27	12.21	0.63
20070730	0.03	13.68	0.55
20070731	0.6	16.38	0.52
20070801	0.36	14.09	0.49
20070802	0.02	13.53	0.69
20070803	1.32	16.04	0.66
20070804	1.75	15.52	0.5
20070805	13.99	13.21	0.57
20070806	3.49	12.89	0.54
20070807	0.04	11.47	0.56
20070808	0.0	12.95	0.47
20070809	0.01	13.52	0.42
20070810	2.95	14.96	0.42
20070811	18.51	13.83	0.58
20070812	2.74	14.25	0.88
20070813	1.42	12.35	0.72
20070814	7.38	13.48	0.86
20070815	1.12	13.48	0.83
20070816	0.11	12.23	0.63
20070817	2.22	14.1	0.62
20070818	45.18	12.29	2.81
20070819	0.19	10.37	5.46
20070820	0.04	13.08	3.14
20070821	0.18	12.84	2.03
20070822	0.0	13.11	1.66
20070823	0.0	16.04	1.13
20070824	0.0	17.32	0.85
20070825	0.01	14.61	0.67
20070826	0.0	12.9	0.59
20070827	1.17	14.1	0.54
20070828	0.14	11.91	0.75
20070829	0.07	14.46	0.8
20070830	0.25	16.14	0.58
20070831	0.0	14.46	0.51
20070901	1.84	16.0	0.46
20070902	0.01	11.15	0.45
20070903	0.0	10.4	0.53
20070904	0.01	13.69	0.57
20070905	0.02	17.27	0.41
20070906	0.02	15.76	0.38
20070907	0.0	15.13	0.37
20070908	0.0	14.74	0.36
20070909	0.03	12.99	0.4
20070910	0.0	11.62	0.51
20070911	0.0	15.01	0.48
20070912	0.0	15.36	0.38
20070913	2.69	13.61	0.37
20070914	0.06	9.12	0.35
20070915	8.5	11.5	0.36
20070916	10.26	11.04	0.53
20070917	0.11	5.87	0.38
20070918	4.21	8.82	0.43
20070919	0.56	11.95	0.46
20070920	1.56	11.14	0.46
20070921	0.5	11.74	0.39
20070922	0.73	13.41	0.37
20070923	8.09	13.51	0.47
20070924	1.28	9.58	0.52
20070925	0.3	8.53	0.38
20070926	0.0	5.89	0.35
20070927	0.22	8.13	0.34
20070928	0.36	9.58	0.35
20070929	0.03	9.82	0.34
20070930	0.01	9.19	0.34
20071001	0.01	9.69	0.36
20071002	0.19	11.01	0.42
20071003	13.32	11.37	0.47
20071004	0.07	9.53	0.46
20071005	0.0	10.78	0.38
20071006	0.01	12.24	0.38
20071007	0.0	10.22	0.42
20071008	6.15	10.53	0.5
20071009	3.99	10.25	0.63
20071010	0.24	12.94	0.48
20071011	0.14	15.02	0.45
20071012	0.15	14.34	0.45
20071013	0.08	12.64	0.41
20071014	0.13	12.49	0.4
20071015	3.7	11.5	0.4
20071016	0.15	8.57	0.4
20071017	0.0	5.81	0.37
20071018	0.0	6.29	0.35
20071019	0.0	10.15	0.33
20071020	0.01	9.86	0.31
20071021	0.09	10.1	0.33
20071022	0.0	6.88	0.32
20071023	0.04	6.08	0.3
20071024	0.0	4.43	0.29
20071025	0.1	7.71	0.3
20071026	2.05	8.66	0.31
20071027	11.5	11.74	0.37
20071028	3.75	8.42	0.51
20071029	0.39	6.47	0.47
20071030	0.29	9.47	0.44
20071031	0.08	13.1	0.42
20071101	0.08	13.91	0.39
20071102	0.02	11.42	0.35
20071103	0.0	6.76	0.36
20071104	0.77	7.75	0.35
20071105	0.05	7.39	0.38
20071106	0.0	8.68	0.39
20071107	1.99	10.92	0.34
20071108	0.0	5.79	0.35
20071109	0.95	7.53	0.35
20071110	0.92	8.26	0.35
20071111	0.16	2.2	0.33
20071112	4.64	2.38	0.36
20071113	0.2	5.95	0.32
20071114	0.01	5.43	0.3
20071115	0.02	4.55	0.29
20071116	0.36	6.72	0.3
20071117	10.41	7.39	0.37
20071118	3.76	5.78	0.65
20071119	14.45	6.43	1.72
20071120	8.53	6.67	2.76
20071121	15.53	6.19	4.89
20071122	0.08	2.56	3.75
20071123	3.03	2.72	2.22
20071124	0.16	5.22	1.63
20071125	0.04	2.7	1.2
20071126	0.05	4.63	1.16
20071127	1.13	8.59	1.09
20071128	7.57	6.59	1.52
20071129	3.47	6.51	1.54
20071130	7.73	5.78	1.97
20071201	1.53	4.34	2.05
20071202	0.05	3.21	1.53
20071203	1.62	3.9	1.24
20071204	6.04	8.61	1.21
20071205	5.87	8.11	1.62
20071206	1.08	7.98	1.76
20071207	0.04	3.57	1.49
20071208	12.69	3.05	2.47
20071209	0.84	3.7	2.73
20071210	0.06	1.41	1.86
20071211	0.08	3.06	1.47
20071212	0.02	5.85	1.31
20071213	0.0	6.28	1.23
20071214	0.0	4.62	1.06
20071215	0.0	0.97	0.92
20071216	0.0	-2.29	0.83
20071217	0.03	-1.32	0.73
20071218	0.0	1.38	0.78
20071219	0.0	-0.35	0.79
20071220	0.01	-1.36	0.69
20071221	0.02	-3.08	0.66
20071222	0.89	0.9	0.64
20071223	6.97	5.24	0.62
20071224	0.11	2.13	0.92
20071225	2.8	2.46	0.84
20071226	8.69	8.34	0.87
20071227	12.86	7.77	1.36
20071228	4.36	6.73	3.29
20071229	0.12	2.41	1.93
20071230	0.38	3.19	1.43
20071231	6.99	6.42	1.42
20080101	13.19	6.46	3.27
20080102	1.17	3.16	3.49
20080103	16.7	1.05	3.02
20080104	1.82	2.75	4.64
20080105	2.27	4.33	3.13
20080106	6.5	2.93	2.86
20080107	1.57	2.56	3.22
20080108	24.63	3.66	4.81
20080109	2.21	2.24	6.61
20080110	12.14	2.17	6.69
20080111	0.06	-0.97	4.87
20080112	10.41	2.6	3.58
20080113	7.98	6.47	5.09
20080114	6.31	3.17	5.89
20080115	0.6	2.62	4.56
20080116	0.91	1.44	3.22
20080117	5.61	3.62	3.69
20080118	4.19	6.93	3.24
20080119	0.05	4.12	2.5
20080120	0.28	4.19	2.03
20080121	5.28	0.3	2.55
20080122	2.78	4.02	2.15
20080123	8.81	6.43	2.55
20080124	21.48	4.77	3.32
20080125	31.24	8.1	9.06
20080126	2.63	8.27	8.99
20080127	0.05	8.62	6.04
20080128	7.53	7.79	3.96
20080129	9.37	3.23	6.19
20080130	9.37	3.46	4.56
20080131	7.6	2.58	5.54
20080201	0.34	-0.07	4.07
20080202	3.48	3.21	2.97
20080203	0.14	4.09	2.4
20080204	2.75	3.89	1.96
20080205	3.73	2.61	1.88
20080206	3.21	4.98	1.69
20080207	1.41	10.16	1.7
20080208	1.58	9.17	1.58
20080209	0.04	8.26	1.42
20080210	0.12	5.12	1.29
20080211	0.05	1.93	1.2
20080212	0.09	4.68	1.11
20080213	0.02	4.26	1.03
20080214	0.04	3.96	1.17
20080215	0.03	1.69	1.18
20080216	0.03	2.19	1.02
20080217	0.04	2.8	0.92
20080218	0.03	1.93	0.85
20080219	0.04	0.01	0.81
20080220	1.44	5.28	0.78
20080221	7.16	8.82	0.77
20080222	6.74	6.42	1.28
20080223	1.72	8.41	1.5
20080224	0.24	5.52	1.22
20080225	7.91	6.73	1.3
20080226	2.16	5.72	1.43
20080227	0.52	5.41	1.0
20080228	2.15	6.33	0.94
20080229	19.46	6.69	3.24
20080301	2.34	6.25	2.58
20080302	1.39	4.3	1.99
20080303	0.16	1.52	1.65
20080304	0.04	1.8	1.45
20080305	0.15	7.5	1.45
20080306	0.86	6.89	1.24
20080307	4.28	6.16	1.14
20080308	6.77	5.94	1.5
20080309	1.77	3.92	1.29
20080310	6.18	4.09	1.41
20080311	4.05	5.06	1.48
20080312	0.86	5.38	1.32
20080313	0.66	5.1	1.15
20080314	0.1	6.61	1.16
20080315	0.09	5.84	1.15
20080316	0.38	4.21	1.04
20080317	0.0	3.78	0.93
20080318	0.0	3.05	0.83
20080319	0.18	6.12	0.77
20080320	0.45	6.84	0.75
20080321	0.32	3.28	0.67
20080322	0.22	2.35	0.62
20080323	0.02	2.32	0.61
20080324	0.09	1.05	0.58
20080325	0.0	2.27	0.55
20080326	2.86	3.24	0.56
20080327	6.6	5.33	0.6
20080328	1.39	5.86	0.78
20080329	6.41	6.5	0.73
20080330	0.42	4.94	0.73
20080331	7.98	8.0	0.79
20080401	3.35	7.57	1.75
20080402	0.04	10.36	1.18
20080403	0.26	11.67	1.0
20080404	0.99	7.35	0.95
20080405	0.97	2.86	0.86
20080406	1.11	3.03	0.84
20080407	4.55	2.8	0.93
20080408	2.51	3.54	1.01
20080409	3.26	4.45	0.94
20080410	1.08	4.84	0.88
20080411	10.61	5.24	1.03
20080412	1.12	4.5	1.34
20080413	1.32	5.8	1.02
20080414	1.18	5.39	0.86
20080415	0.83	5.14	0.87
20080416	0.42	3.99	0.81
20080417	1.96	6.23	0.75
20080418	0.29	5.36	0.7
20080419	0.03	5.99	0.64
20080420	0.01	7.48	0.6
20080421	0.0	7.05	0.56
20080422	0.01	8.7	0.54
20080423	2.62	6.87	0.55
20080424	3.11	8.41	0.56
20080425	3.91	10.66	0.54
20080426	0.63	8.61	0.54
20080427	5.48	10.17	0.52
20080428	6.75	6.69	0.81
20080429	1.16	9.22	0.69
20080430	15.5	8.59	0.93
20080501	1.0	7.6	1.95
20080502	1.34	9.32	1.09
20080503	0.74	12.61	0.96
20080504	0.57	12.19	0.9
20080505	0.0	13.64	0.81
20080506	0.0	12.91	0.74
20080507	0.0	13.12	0.72
20080508	0.0	12.76	0.69
20080509	1.55	13.15	0.7
20080510	4.71	14.99	0.72
20080511	0.2	12.5	0.69
20080512	0.01	11.23	0.65
20080513	0.0	9.8	0.62
20080514	0.0	10.06	0.61
20080515	0.0	9.98	0.64
20080516	3.8	11.11	0.65
20080517	0.1	6.51	0.64
20080518	0.04	7.09	0.6
20080519	0.01	9.1	0.57
20080520	0.0	9.41	0.53
20080521	0.0	10.76	0.53
20080522	0.0	11.43	0.64
20080523	0.0	11.03	0.57
20080524	0.0	9.91	0.52
20080525	0.0	10.71	0.48
20080526	0.0	11.84	0.46
20080527	0.93	11.08	0.45
20080528	5.73	11.52	0.56
20080529	0.57	14.89	0.42
20080530	1.28	12.81	0.42
20080531	0.0	13.68	0.37
20080601	5.31	13.44	0.39
20080602	1.7	13.23	0.37
20080603	0.51	10.82	0.44
20080604	0.0	13.14	0.32
20080605	0.02	14.49	0.29
20080606	0.0	13.89	0.29
20080607	0.0	14.2	0.28
20080608	0.0	15.07	0.29
20080609	0.0	15.03	0.24
20080610	0.0	12.4	0.23
20080611	6.65	11.37	0.28
20080612	0.0	11.03	0.31
20080613	0.15	10.04	0.28
20080614	1.86	9.56	0.27
20080615	1.55	10.92	0.26
20080616	0.37	12.63	0.24
20080617	3.16	11.48	0.24
20080618	1.77	12.77	0.24
20080619	0.02	12.3	0.22
20080620	0.02	10.08	0.21
20080621	23.61	11.69	0.43
20080622	5.73	12.29	0.52
20080623	0.05	10.54	0.31
20080624	11.96	11.7	0.52
20080625	5.09	12.54	0.56
20080626	0.63	13.46	0.32
20080627	2.42	14.32	0.29
20080628	0.46	14.18	0.31
20080629	2.24	12.15	0.29
20080630	0.67	15.44	0.25
20080701	4.85	15.06	0.28
20080702	0.19	13.11	0.26
20080703	1.09	15.89	0.23
20080704	0.01	15.02	0.23
20080705	6.93	13.71	0.29
20080706	3.06	12.42	0.34
20080707	3.47	13.52	0.28
20080708	3.4	14.69	0.41
20080709	18.26	14.17	0.47
20080710	3.54	12.29	0.96
20080711	0.71	12.21	0.38
20080712	0.12	12.94	0.31
20080713	0.0	15.63	0.3
20080714	0.48	17.69	0.29
20080715	0.05	13.99	0.36
20080716	4.29	14.03	0.34
20080717	4.69	14.15	0.45
20080718	5.32	13.73	0.5
20080719	2.0	12.17	0.36
20080720	0.02	11.71	0.3
20080721	0.03	17.11	0.27
20080722	0.0	17.81	0.26
20080723	0.0	18.07	0.35
20080724	0.0	17.23	0.3
20080725	0.01	17.3	0.26
20080726	0.01	17.32	0.26
20080727	0.02	17.75	0.26
20080728	1.57	17.81	0.24
20080729	5.48	15.51	0.23
20080730	0.27	18.24	0.24
20080731	36.07	18.62	0.58
20080801	8.04	15.65	2.71
20080802	6.25	15.38	0.83
20080803	5.88	14.62	0.74
20080804	0.79	15.63	0.48
20080805	13.57	15.02	0.48
20080806	31.68	11.82	3.9
20080807	4.78	11.57	6.87
20080808	0.62	11.62	3.79
20080809	41.43	14.08	4.58
20080810	2.15	15.02	8.27
20080811	0.84	14.76	5.39
20080812	25.75	13.95	3.89
20080813	0.39	14.39	7.52
20080814	0.1	14.39	4.2
20080815	1.7	14.16	2.43
20080816	0.32	15.76	1.79
20080817	0.44	14.11	1.4
20080818	9.26	14.12	1.41
20080819	10.01	15.77	2.61
20080820	9.17	13.16	3.26
20080821	7.65	13.63	2.85
20080822	1.71	12.11	3.33
20080823	3.19	14.59	2.25
20080824	0.47	15.98	1.7
20080825	2.95	13.65	1.36
20080826	4.36	14.53	1.15
20080827	0.16	15.82	1.07
20080828	0.02	15.88	0.96
20080829	0.01	17.9	0.84
20080830	0.15	16.54	0.79
20080831	5.22	13.52	0.85
20080901	3.65	10.87	0.85
20080902	1.2	12.51	0.79
20080903	0.69	10.22	0.79
20080904	0.07	10.98	0.72
20080905	5.04	11.91	0.68
20080906	1.76	12.74	0.64
20080907	0.91	10.46	0.61
20080908	0.1	12.66	0.57
20080909	7.51	12.45	0.74
20080910	5.26	13.71	1.0
20080911	0.16	13.99	1.02
20080912	6.38	15.06	0.9
20080913	0.65	11.86	1.03
20080914	0.46	13.74	0.8
20080915	18.04	11.99	1.07
20080916	6.93	11.14	5.2
20080917	0.07	12.0	3.32
20080918	4.4	12.73	2.23
20080919	0.55	14.35	1.73
20080920	0.04	13.45	1.42
20080921	0.24	13.6	1.2
20080922	0.0	9.45	1.04
20080923	0.23	11.1	0.91
20080924	0.01	10.9	0.85
20080925	0.0	12.34	0.78
20080926	0.0	12.86	0.72
20080927	1.25	9.23	0.68
20080928	0.1	10.18	0.63
20080929	0.94	10.51	0.61
20080930	1.08	8.59	0.77
20081001	0.97	7.82	0.84
20081002	1.44	7.3	0.73
20081003	3.91	6.02	0.61
20081004	7.23	6.37	0.75
20081005	0.08	7.56	0.58
20081006	5.19	9.44	0.68
20081007	12.88	10.32	1.38
20081008	0.09	9.78	1.13
20081009	14.47	12.75	0.93
20081010	8.9	12.73	3.58
20081011	0.13	8.84	2.78
20081012	0.0	10.39	1.93
20081013	0.26	9.41	1.5
20081014	0.06	7.28	1.21
20081015	0.61	7.9	1.02
20081016	1.34	8.29	0.86
20081017	3.14	9.22	0.83
20081018	0.63	9.21	0.83
20081019	16.53	10.91	0.92
20081020	3.14	7.71	2.3
20081021	2.82	5.48	1.56
20081022	10.96	7.96	1.36
20081023	11.57	9.14	1.96
20081024	4.64	7.67	2.21
20081025	19.76	9.13	3.84
20081026	2.9	5.47	4.6
20081027	0.14	3.33	3.0
20081028	0.02	2.08	2.14
20081029	1.06	2.09	1.7
20081030	0.33	4.6	1.41
20081031	1.18	3.75	1.22
20081101	0.01	3.1	1.09
20081102	0.0	3.23	1.01
20081103	0.01	3.55	0.9
20081104	0.06	6.28	0.76
20081105	1.71	7.07	0.74
20081106	3.05	7.74	1.03
20081107	2.28	8.46	1.21
20081108	5.4	6.85	1.13
20081109	2.0	4.02	1.09
20081110	1.82	6.62	0.91
20081111	0.05	6.45	0.99
20081112	1.02	6.5	0.91
20081113	1.02	10.39	0.84
20081114	2.18	10.38	0.74
20081115	0.01	7.52	0.64
20081116	0.79	3.38	0.6
20081117	2.56	5.29	0.7
20081118	0.09	8.2	0.66
20081119	0.01	9.62	0.64
20081120	0.06	6.24	0.61
20081121	0.52	2.08	0.58
20081122	3.39	0.61	0.57
20081123	2.52	2.32	0.66
20081124	0.01	3.18	0.59
20081125	0.01	5.6	0.56
20081126	2.76	9.0	0.71
20081127	4.39	3.45	0.98
20081128	0.07	0.21	0.91
20081129	0.0	-2.09	0.77
20081130	0.13	-1.61	0.71
20081201	1.09	0.64	0.67
20081202	1.07	-1.32	0.65
20081203	4.33	-1.33	0.63
20081204	2.02	1.39	0.7
20081205	2.31	1.81	0.81
20081206	0.03	1.66	0.74
20081207	0.49	3.84	0.68
20081208	0.0	1.61	0.73
20081209	0.01	2.15	0.64
20081210	0.16	1.35	0.69
20081211	1.21	0.4	0.72
20081212	15.76	4.21	1.03
20081213	10.65	3.24	2.25
20081214	0.03	1.15	2.02
20081215	0.88	4.77	1.24
20081216	4.27	5.69	1.23
20081217	4.91	6.85	1.17
20081218	6.57	5.18	1.27
20081219	14.92	6.04	3.29
20081220	4.87	7.35	2.26
20081221	0.35	8.64	2.03
20081222	0.11	7.46	1.55
20081223	0.22	6.23	1.31
20081224	0.03	5.82	1.14
20081225	0.04	3.07	1.06
20081226	0.0	0.53	0.97
20081227	0.01	0.19	0.9
20081228	0.57	2.48	0.86
20081229	0.01	0.85	0.8
20081230	0.01	-1.64	0.75
20081231	0.0	-1.74	0.71
20090101	1.17	0.41	0.67
20090102	0.01	-0.45	0.66
20090103	0.0	-0.5	0.64
20090104	2.16	0.55	0.64
20090105	0.06	-1.83	0.85
20090106	1.5	1.12	0.95
20090107	0.29	3.13	0.87
20090108	0.01	2.17	0.77
20090109	0.01	2.85	0.71
20090110	8.59	6.83	0.76
20090111	21.27	9.13	2.44
20090112	0.88	4.94	2.98
20090113	0.09	1.52	1.66
20090114	7.98	2.25	1.97
20090115	1.53	7.08	2.36
20090116	3.66	5.76	1.8
20090117	2.85	3.95	1.65
20090118	4.62	2.58	1.64
20090119	7.73	0.89	2.11
20090120	1.37	2.2	2.02
20090121	10.4	3.52	1.98
20090122	0.39	2.96	3.99
20090123	0.17	1.77	2.39
20090124	5.48	1.83	1.85
20090125	0.33	1.78	1.85
20090126	1.02	1.94	1.51
20090127	0.76	3.26	1.39
20090128	0.06	2.28	1.3
20090129	3.51	3.28	1.36
20090130	0.28	4.98	1.64
20090131	0.01	4.37	1.41
20090201	1.51	1.3	1.2
20090202	15.21	1.15	1.45
20090203	3.12	-0.92	4.03
20090204	0.77	-1.14	2.1
20090205	0.09	-1.57	1.65
20090206	0.81	0.58	1.4
20090207	0.05	-1.66	1.25
20090208	0.92	-1.41	1.12
20090209	0.06	-1.21	1.05
20090210	0.04	0.28	1.02
20090211	1.17	0.31	0.93
20090212	2.79	0.06	0.9
20090213	0.14	2.01	0.84
20090214	0.02	3.93	0.89
20090215	1.47	7.5	1.11
20090216	0.62	8.85	1.03
20090217	0.05	8.26	0.89
20090218	0.0	6.92	0.82
20090219	0.02	5.17	0.77
20090220	1.59	5.47	0.75
20090221	0.16	7.92	0.72
20090222	0.04	8.38	0.68
20090223	0.01	6.66	0.65
20090224	0.22	6.87	0.62
20090225	0.11	6.97	0.66
20090226	0.66	8.67	0.63
20090227	0.28	8.63	0.6
20090228	0.7	7.28	0.58
20090301	1.06	5.18	0.57
20090302	0.91	5.56	0.54
20090303	9.46	3.6	0.68
20090304	0.13	0.65	0.78
20090305	0.79	1.47	0.67
20090306	0.27	4.41	0.64
20090307	14.73	4.65	0.93
20090308	7.36	2.73	2.13
20090309	0.53	3.54	2.04
20090310	0.14	4.48	1.46
20090311	2.41	6.9	1.26
20090312	0.19	7.14	1.12
20090313	3.0	8.16	1.03
20090314	0.07	8.53	0.98
20090315	0.28	9.15	0.83
20090316	0.6	5.58	0.8
20090317	0.05	6.25	0.72
20090318	0.0	8.18	0.68
20090319	0.0	7.15	0.63
20090320	0.01	7.45	0.61
20090321	0.0	8.92	0.62
20090322	0.67	8.95	0.57
20090323	0.19	5.18	0.52
20090324	1.5	5.48	0.51
20090325	2.88	8.39	0.53
20090326	1.34	5.56	0.54
20090327	0.63	6.39	0.5
20090328	0.0	1.35	0.44
20090329	0.11	6.33	0.43
20090330	0.03	9.66	0.52
20090331	0.01	9.68	0.61
20090401	0.01	8.58	0.52
20090402	0.02	9.68	0.48
20090403	3.07	8.75	0.47
20090404	1.9	6.4	0.52
20090405	0.05	7.45	0.42
20090406	3.17	7.7	0.5
20090407	4.87	8.05	0.52
20090408	3.05	7.43	0.53
20090409	1.57	10.31	0.57
20090410	0.04	7.79	0.52
20090411	0.0	6.62	0.45
20090412	0.06	7.15	0.41
20090413	0.05	9.18	0.39
20090414	0.01	8.45	0.38
20090415	0.04	7.67	0.39
20090416	0.01	8.32	0.39
20090417	0.0	6.75	0.37
20090418	0.0	4.32	0.36
20090419	0.01	8.1	0.33
20090420	0.0	11.06	0.33
20090421	0.5	7.18	0.35
20090422	0.77	10.7	0.32
20090423	0.94	11.15	0.32
20090424	0.07	10.81	0.36
20090425	0.02	9.76	0.36
20090426	6.41	9.37	0.38
20090427	5.31	8.12	0.48
20090428	0.59	9.33	0.38
20090429	4.21	10.4	0.37
20090430	2.69	8.98	0.45
20090501	2.97	8.98	0.38
20090502	0.19	8.93	0.36
20090503	1.76	8.81	0.33
20090504	1.82	9.65	0.33
20090505	4.52	8.24	0.43
20090506	8.24	8.55	0.6
20090507	6.19	7.86	0.55
20090508	3.39	8.1	0.74
20090509	9.44	5.96	1.39
20090510	4.64	6.6	1.22
20090511	0.08	7.44	0.96
20090512	0.0	8.67	0.77
20090513	0.0	9.28	0.68
20090514	0.0	10.99	0.6
20090515	14.2	8.7	0.85
20090516	5.44	9.79	0.91
20090517	3.29	10.78	0.76
20090518	5.02	10.69	0.83
20090519	2.91	10.73	0.82
20090520	0.35	10.21	0.78
20090521	0.37	9.93	0.7
20090522	0.06	10.7	0.6
20090523	0.7	9.41	0.54
20090524	0.05	12.04	0.48
20090525	6.44	12.53	0.51
20090526	0.14	10.26	0.5
20090527	0.16	12.9	0.43
20090528	0.0	13.46	0.39
20090529	0.0	16.03	0.36
20090530	0.0	14.11	0.33
20090531	0.0	14.49	0.33
20090601	0.0	17.02	0.31
20090602	0.0	13.6	0.28
20090603	0.0	11.32	0.28
20090604	2.2	10.14	0.28
20090605	2.96	8.5	0.32
20090606	1.39	8.73	0.27
20090607	0.03	8.37	0.32
20090608	0.02	8.87	0.33
20090609	1.18	10.33	0.3
20090610	0.88	10.1	0.28
20090611	2.06	9.32	0.26
20090612	0.13	12.69	0.23
20090613	1.6	12.61	0.26
20090614	5.9	14.07	0.28
20090615	10.46	12.26	0.24
20090616	5.67	14.21	0.24
20090617	8.02	11.54	0.5
20090618	1.67	11.56	0.27
20090619	0.19	11.97	0.25
20090620	0.23	13.07	0.23
20090621	0.3	15.14	0.22
20090622	0.09	16.89	0.23
20090623	0.04	17.72	0.38
20090624	0.03	16.19	0.25
20090625	0.0	14.3	0.24
20090626	2.17	16.63	0.24
20090627	1.3	14.69	0.26
20090628	0.37	15.42	0.22
20090629	0.09	16.45	0.21
20090630	0.14	18.08	0.22
20090701	0.5	20.41	0.22
20090702	0.03	20.09	0.21
20090703	4.91	16.55	0.22
20090704	0.02	16.04	0.21
20090705	4.6	16.73	0.24
20090706	14.95	15.15	0.47
20090707	0.16	14.06	0.3
20090708	0.03	13.2	0.25
20090709	0.0	12.25	0.24
20090710	0.0	14.08	0.23
20090711	12.98	15.41	0.36
20090712	0.5	14.15	0.42
20090713	4.26	15.19	0.29
20090714	2.05	15.33	0.25
20090715	5.43	15.33	0.26
20090716	5.6	15.77	0.24
20090717	6.79	13.68	0.31
20090718	1.28	13.82	0.26
20090719	0.27	14.31	0.24
20090720	0.76	13.48	0.23
20090721	13.62	13.93	0.36
20090722	1.93	15.75	0.38
20090723	4.53	15.78	0.28
20090724	3.88	12.69	0.48
20090725	6.13	13.56	0.34
20090726	2.69	15.29	0.53
20090727	0.16	13.65	0.34
20090728	11.66	14.82	0.36
20090729	0.01	13.82	0.36
20090730	0.44	12.55	0.3
20090731	8.94	15.11	0.36
20090801	1.43	15.44	0.42
20090802	0.0	13.78	0.32
20090803	2.07	16.5	0.28
20090804	1.01	16.52	0.32
20090805	0.05	15.49	0.28
20090806	0.0	15.7	0.31
20090807	0.08	14.8	0.33
20090808	4.57	16.51	0.29
20090809	13.79	16.53	0.35
20090810	0.56	15.95	0.42
20090811	1.61	14.48	0.31
20090812	0.78	13.2	0.3
20090813	0.07	14.68	0.28
20090814	20.76	14.24	0.68
20090815	1.65	15.02	0.86
20090816	3.87	14.47	0.56
20090817	1.37	14.14	0.56
20090818	2.03	15.31	0.49
20090819	9.22	17.42	0.5
20090820	7.24	14.39	0.84
20090821	0.91	13.26	0.7
20090822	9.02	14.42	0.61
20090823	11.05	13.72	1.25
20090824	0.06	13.48	1.72
20090825	2.28	13.62	1.39
20090826	7.39	13.66	1.41
20090827	6.39	13.2	1.23
20090828	0.12	12.84	1.06
20090829	0.15	12.98	0.7
20090830	5.55	14.38	0.56
20090831	10.13	14.87	0.95
20090901	4.05	12.57	1.47
20090902	16.4	14.37	1.43
20090903	34.95	11.01	4.93
20090904	1.29	12.26	7.57
20090905	1.68	12.69	4.52
20090906	2.66	13.48	2.4
20090907	7.34	14.65	1.63
20090908	5.04	13.61	1.53
20090909	0.09	12.47	1.27
20090910	0.0	12.47	1.12
20090911	0.02	13.13	1.0
20090912	0.0	14.8	0.78
20090913	0.08	14.31	0.85
20090914	0.0	11.51	0.87
20090915	0.02	13.24	0.78
20090916	0.0	10.35	0.7
20090917	0.16	11.07	0.55
20090918	0.07	11.27	0.45
20090919	0.16	10.08	0.42
20090920	1.36	13.2	0.36
20090921	2.23	13.55	0.41
20090922	0.18	12.6	0.37
20090923	0.17	12.51	0.33
20090924	0.1	13.36	0.4
20090925	0.02	12.57	0.43
20090926	0.03	14.76	0.36
20090927	0.0	15.09	0.3
20090928	0.31	14.74	0.29
20090929	5.96	11.07	0.39
20090930	0.45	10.35	0.33
20091001	1.83	9.18	0.3
20091002	5.18	10.18	0.34
20091003	0.54	8.29	0.39
20091004	0.28	7.48	0.32
20091005	0.24	9.59	0.31
20091006	0.26	7.56	0.31
20091007	0.05	7.7	0.29
20091008	0.02	8.64	0.28
20091009	2.0	9.27	0.29
20091010	0.12	10.47	0.29
20091011	0.01	8.93	0.26
20091012	0.01	9.8	0.24
20091013	3.91	12.61	0.31
20091014	0.08	14.67	0.3
20091015	0.03	9.34	0.29
20091016	0.0	6.79	0.27
20091017	0.0	7.66	0.28
20091018	5.2	9.77	0.32
20091019	0.69	8.9	0.6
20091020	4.53	9.57	0.56
20091021	1.12	9.78	0.5
20091022	0.07	10.23	0.43
20091023	3.28	9.71	0.41
20091024	11.93	11.67	0.8
20091025	0.78	10.54	0.73
20091026	0.29	10.28	0.49
20091027	12.87	11.31	1.03
20091028	0.12	12.24	0.93
20091029	3.24	11.55	0.74
20091030	9.04	11.97	0.87
20091031	6.52	12.23	1.16
20091101	31.86	8.92	9.88
20091102	4.43	7.03	7.97
20091103	3.05	5.84	5.3
20091104	0.46	5.96	3.74
20091105	0.06	4.64	2.44
20091106	4.13	4.19	2.03
20091107	0.16	3.41	1.69
20091108	0.02	3.01	1.34
20091109	3.35	3.2	1.15
20091110	0.43	4.04	1.17
20091111	3.99	5.7	1.11
20091112	2.48	6.54	1.46
20091113	14.93	6.68	2.04
20091114	1.57	6.56	4.29
20091115	0.04	7.41	2.39
20091116	7.4	7.92	2.49
20091117	3.8	5.95	3.13
20091118	22.88	8.12	3.19
20091119	31.21	11.25	11.23
20091120	0.93	6.68	10.46
20091121	7.57	8.23	6.76
20091122	4.35	6.96	4.8
20091123	2.15	6.72	3.39
20091124	14.44	8.05	4.9
20091125	15.09	6.21	6.44
20091126	5.05	5.78	6.07
20091127	0.14	2.76	4.29
20091128	6.3	2.58	3.06
20091129	0.24	2.22	2.74
20091130	0.0	-0.29	2.08
20091201	4.4	0.63	1.87
20091202	1.99	4.13	1.76
20091203	2.35	2.12	1.73
20091204	2.74	2.43	1.6
20091205	6.62	6.75	2.11
20091206	1.95	5.97	2.32
20091207	2.27	3.48	1.94
20091208	3.02	4.69	1.75
20091209	0.56	5.0	1.61
20091210	0.07	2.07	1.38
20091211	0.31	0.03	1.27
20091212	0.16	-0.48	1.15
20091213	0.66	-0.49	1.07
20091214	0.56	4.12	1.01
20091215	0.63	4.14	0.96
20091216	2.13	3.55	1.23
20091217	3.89	-1.13	1.31
20091218	0.0	-1.72	1.12
20091219	1.16	-2.24	1.0
20091220	1.27	-0.05	0.88
20091221	3.32	-0.37	0.78
20091222	4.62	-3.13	0.67
20091223	0.15	-4.2	0.62
20091224	0.61	-2.1	0.61
20091225	0.09	-1.23	0.6
20091226	13.64	-1.58	0.67
20091227	1.3	-2.95	1.35
20091228	0.03	-4.94	0.98
20091229	3.53	-0.8	0.79
20091230	2.9	0.04	0.78
20091231	0.53	-2.15	0.75
20100101	1.99	0.13	0.66
20100102	3.48	-2.89	0.63
20100103	0.04	-4.64	0.59
20100104	0.18	-3.08	0.59
20100105	0.86	-2.46	0.57
20100106	0.28	-4.46	0.57
20100107	0.07	-6.09	0.53
20100108	0.26	-4.95	0.48
20100109	1.35	-1.64	0.46
20100110	0.03	2.35	0.48
20100111	1.18	2.47	0.63
20100112	1.17	1.93	1.68
20100113	2.31	0.84	1.59
20100114	1.82	1.33	1.32
20100115	5.86	4.01	1.48
20100116	5.14	2.95	2.58
20100117	3.23	4.3	1.8
20100118	0.04	2.41	1.86
20100119	0.41	1.25	1.72
20100120	0.25	2.05	1.54
20100121	10.81	3.22	2.04
20100122	0.36	2.7	3.24
20100123	7.22	2.74	2.15
20100124	2.43	2.68	2.17
20100125	0.12	1.46	1.83
20100126	0.38	5.12	1.54
20100127	0.28	6.1	1.39
20100128	0.11	2.88	1.26
20100129	0.04	-0.13	1.13
20100130	0.0	0.58	0.98
20100131	0.0	0.8	0.88
20100201	1.96	1.69	1.0
20100202	0.21	-0.7	0.97
20100203	1.07	-0.52	0.81
20100204	2.56	3.53	0.8
20100205	9.02	4.6	1.16
20100206	1.85	4.35	1.6
20100207	1.61	2.71	1.25
20100208	0.22	2.05	1.23
20100209	0.0	1.38	1.04
20100210	0.0	0.45	0.89
20100211	0.02	1.93	0.81
20100212	0.13	2.51	0.76
20100213	0.01	2.49	0.78
20100214	0.59	3.42	0.78
20100215	2.77	1.51	0.8
20100216	0.0	-1.15	0.68
20100217	0.07	-0.56	0.62
20100218	0.07	-0.89	0.6
20100219	0.08	-0.91	0.57
20100220	0.01	-1.16	0.54
20100221	0.01	-0.78	0.52
20100222	0.0	-1.87	0.47
20100223	4.58	-0.44	0.47
20100224	22.16	1.18	0.86
20100225	28.94	2.38	6.93
20100226	10.82	1.64	10.3
20100227	2.46	2.37	8.56
20100228	0.81	0.25	5.45
20100301	0.05	0.44	3.38
20100302	0.02	0.53	2.43
20100303	0.0	0.27	1.92
20100304	0.03	1.93	1.6
20100305	0.03	4.36	1.4
20100306	0.09	5.25	1.28
20100307	0.03	3.07	1.16
20100308	0.03	3.91	1.06
20100309	0.0	1.88	0.99
20100310	0.01	3.08	0.93
20100311	0.0	5.73	0.87
20100312	0.01	4.52	0.8
20100313	0.0	7.04	0.78
20100314	0.08	8.53	0.75
20100315	0.58	5.41	0.78
20100316	0.75	6.42	0.75
20100317	0.62	9.87	0.83
20100318	1.33	9.07	0.76
20100319	0.02	7.41	0.68
20100320	0.01	5.89	0.67
20100321	3.38	6.75	0.63
20100322	1.37	6.19	0.69
20100323	0.24	6.72	0.65
20100324	1.88	5.87	0.63
20100325	10.06	5.87	0.81
20100326	3.92	5.05	1.87
20100327	0.15	7.3	1.25
20100328	2.53	5.77	0.98
20100329	21.45	2.72	2.76
20100330	16.33	1.71	8.22
20100331	1.68	3.02	7.36
20100401	0.02	2.0	3.56
20100402	4.13	5.31	2.44
20100403	4.02	6.02	2.2
20100404	6.8	5.48	1.96
20100405	4.56	9.06	2.87
20100406	2.39	5.72	2.13
20100407	0.47	8.2	1.7
20100408	0.01	8.46	1.38
20100409	0.0	8.09	1.37
20100410	0.0	9.5	1.32
20100411	0.0	8.53	1.12
20100412	0.0	10.91	1.08
20100413	0.0	7.15	0.96
20100414	0.0	6.47	0.85
20100415	0.0	7.13	0.77
20100416	0.0	9.89	0.69
20100417	2.37	8.0	0.64
20100418	2.17	4.5	0.68
20100419	0.17	5.99	0.6
20100420	0.01	4.25	0.56
20100421	0.0	5.41	0.57
20100422	0.01	8.15	0.58
20100423	5.18	6.6	0.62
20100424	0.74	9.99	0.65
20100425	7.32	10.49	0.69
20100426	0.01	10.23	0.6
20100427	4.53	12.03	0.58
20100428	0.15	12.78	0.64
20100429	0.01	9.69	0.59
20100430	1.0	9.75	0.58
20100501	0.08	6.37	0.56
20100502	0.01	3.63	0.54
20100503	0.04	6.86	0.54
20100504	0.35	10.01	0.53
20100505	2.9	11.5	0.65
20100506	1.1	8.38	0.67
20100507	0.01	6.13	0.6
20100508	0.07	6.54	0.56
20100509	0.04	7.16	0.55
20100510	0.18	3.97	0.54
20100511	2.57	5.57	0.52
20100512	0.27	5.52	0.52
20100513	7.95	8.13	0.59
20100514	0.19	8.5	0.61
20100515	0.72	10.04	0.52
20100516	0.05	10.35	0.5
20100517	0.0	9.51	0.47
20100518	0.27	12.59	0.45
20100519	0.03	13.44	0.48
20100520	0.0	15.45	0.48
20100521	0.02	16.76	0.44
20100522	2.93	17.54	0.39
20100523	0.74	16.26	0.4
20100524	0.93	11.08	0.39
20100525	1.29	9.36	0.4
20100526	0.19	8.05	0.37
20100527	1.69	7.26	0.34
20100528	1.28	9.26	0.32
20100529	5.64	10.34	0.33
20100530	0.34	8.17	0.34
20100531	1.49	12.17	0.29
20100601	0.91	11.64	0.3
20100602	0.0	12.12	0.29
20100603	0.0	15.16	0.27
20100604	0.0	14.06	0.25
20100605	3.85	16.69	0.25
20100606	4.8	12.25	0.28
20100607	3.04	12.34	0.26
20100608	11.09	11.02	0.42
20100609	0.18	11.2	0.38
20100610	0.0	11.21	0.34
20100611	0.0	13.07	0.31
20100612	0.58	12.89	0.28
20100613	0.95	11.65	0.28
20100614	0.0	10.11	0.25
20100615	0.02	14.91	0.26
20100616	0.0	16.86	0.24
20100617	0.0	17.89	0.25
20100618	0.0	12.05	0.24
20100619	0.0	10.66	0.24
20100620	0.0	14.7	0.22
20100621	0.0	15.0	0.22
20100622	0.0	17.01	0.23
20100623	0.18	15.63	0.22
20100624	0.0	14.64	0.23
20100625	0.0	15.48	0.22
20100626	0.0	16.67	0.21
20100627	1.59	16.47	0.19
20100628	1.92	16.17	0.23
20100629	0.05	15.38	0.22
20100630	2.55	17.7	0.22
20100701	12.16	16.28	0.34
20100702	0.21	16.34	0.33
20100703	4.67	15.85	0.26
20100704	14.19	14.79	0.52
20100705	0.1	12.9	0.25
20100706	7.38	14.38	0.3
20100707	0.16	14.92	0.34
20100708	0.18	15.42	0.3
20100709	5.29	14.45	0.31
20100710	7.14	14.16	0.35
20100711	0.14	13.05	0.29
20100712	0.05	13.67	0.22
20100713	4.5	14.44	0.22
20100714	35.08	12.64	1.18
20100715	8.86	14.95	1.03
20100716	0.43	13.77	0.9
20100717	0.65	13.99	0.42
20100718	1.38	17.04	0.34
20100719	8.91	15.74	0.59
20100720	34.42	17.52	1.17
20100721	10.63	12.7	4.65
20100722	0.08	12.8	2.56
20100723	0.0	13.52	1.08
20100724	0.43	15.35	0.69
20100725	0.08	14.67	0.55
20100726	0.13	16.26	0.48
20100727	0.65	15.25	0.59
20100728	0.11	14.7	0.59
20100729	0.01	14.08	0.48
20100730	0.2	14.34	0.41
20100731	0.2	14.6	0.37
20100801	13.13	15.51	0.65
20100802	0.16	13.87	0.75
20100803	0.06	14.85	0.5
20100804	0.1	13.85	0.41
20100805	3.38	13.93	0.38
20100806	3.46	14.34	0.39
20100807	0.58	16.5	0.39
20100808	0.66	15.48	0.34
20100809	1.86	13.51	0.35
20100810	5.43	12.76	0.37
20100811	1.67	14.07	0.33
20100812	7.09	14.42	0.44
20100813	0.07	14.8	0.39
20100814	0.02	12.79	0.35
20100815	0.01	14.81	0.34
20100816	7.47	14.55	0.37
20100817	1.16	13.81	0.4
20100818	0.71	12.34	0.34
20100819	3.54	15.42	0.36
20100820	1.68	17.03	0.38
20100821	0.67	14.07	0.32
20100822	0.46	13.17	0.29
20100823	7.14	12.09	0.33
20100824	0.98	11.51	0.31
20100825	0.32	13.11	0.31
20100826	1.73	11.74	0.43
20100827	1.57	13.14	0.56
20100828	0.75	13.08	0.42
20100829	0.06	10.04	0.36
20100830	0.0	10.51	0.44
20100831	0.0	12.7	0.46
20100901	0.09	14.21	0.36
20100902	0.0	13.88	0.33
20100903	0.0	15.59	0.32
20100904	0.06	15.88	0.3
20100905	0.04	15.2	0.29
20100906	4.25	14.85	0.28
20100907	13.09	13.18	0.59
20100908	0.09	14.11	0.33
20100909	1.19	14.74	0.29
20100910	13.01	14.0	0.38
20100911	0.76	13.39	0.83
20100912	2.11	14.63	0.54
20100913	8.71	14.33	0.58
20100914	2.83	10.72	0.59
20100915	0.02	11.85	0.44
20100916	0.11	10.32	0.5
20100917	0.02	11.01	0.59
20100918	4.28	11.33	0.47
20100919	9.24	11.94	0.51
20100920	0.38	13.53	0.49
20100921	0.36	14.5	0.4
20100922	13.91	14.0	0.6
20100923	4.16	10.08	1.62
20100924	0.06	7.73	0.96
20100925	0.0	6.64	0.68
20100926	0.07	8.25	0.57
20100927	0.5	9.91	0.52
20100928	11.23	12.65	0.52
20100929	10.5	9.37	2.76
20100930	0.22	10.42	1.38
20101001	11.52	9.05	2.1
20101002	5.79	11.63	1.76
20101003	1.93	10.48	2.12
20101004	2.83	12.46	1.58
20101005	3.83	11.83	1.29
20101006	1.17	10.51	1.2
20101007	0.08	12.4	1.01
20101008	0.29	12.71	0.88
20101009	0.01	11.23	0.81
20101010	0.0	10.3	0.74
20101011	0.0	8.11	0.68
20101012	0.01	7.87	0.64
20101013	0.01	7.96	0.62
20101014	0.01	10.91	0.57
20101015	0.07	7.99	0.54
20101016	0.0	7.92	0.5
20101017	0.23	9.3	0.49
20101018	0.33	7.5	0.47
20101019	0.02	3.78	0.51
20101020	0.08	4.7	0.59
20101021	9.67	8.21	0.54
20101022	22.24	6.81	1.41
20101023	0.15	4.42	2.6
20101024	0.0	3.11	1.8
20101025	4.74	5.8	1.4
20101026	4.91	11.13	1.65
20101027	9.05	8.94	2.08
20101028	5.45	10.79	2.1
20101029	3.03	9.99	2.13
20101030	0.08	6.78	1.78
20101031	0.05	6.22	1.37
20101101	16.01	7.44	2.33
20101102	4.08	8.09	3.06
20101103	3.28	7.27	2.54
20101104	4.18	8.86	2.57
20101105	9.32	4.53	3.73
20101106	1.67	3.08	3.67
20101107	0.73	3.44	2.51
20101108	12.23	5.45	2.19
20101109	1.52	2.64	3.05
20101110	2.41	2.91	2.3
20101111	11.11	6.73	2.77
20101112	0.55	6.68	2.92
20101113	4.82	3.9	2.13
20101114	0.99	1.41	2.9
20101115	0.55	2.14	2.13
20101116	0.13	3.33	1.72
20101117	0.43	5.92	1.48
20101118	3.24	5.26	1.36
20101119	2.25	5.68	1.33
20101120	2.61	3.62	1.47
20101121	4.54	3.69	1.43
20101122	1.12	3.64	1.89
20101123	0.06	2.95	1.59
20101124	0.06	1.42	1.31
20101125	0.01	-0.13	1.15
20101126	2.92	-1.02	1.05
20101127	5.44	-2.16	1.01
20101128	24.18	-0.8	0.97
20101129	7.67	-0.88	1.02
20101130	8.53	-2.78	1.02
20101201	4.12	-3.21	1.06
20101202	0.46	-6.44	1.07
20101203	2.24	-2.74	1.08
20101204	0.15	-0.45	1.06
20101205	5.3	-2.92	1.03
20101206	2.69	-4.97	1.01
20101207	0.0	-8.28	1.19
20101208	0.01	-3.93	1.62
20101209	0.21	3.11	0.94
20101210	0.03	4.83	3.66
20101211	0.0	1.93	4.55
20101212	0.0	-0.89	2.45
20101213	0.05	-0.82	1.86
20101214	0.16	0.79	1.59
20101215	3.12	2.33	1.63
20101216	0.24	-1.87	2.77
20101217	0.05	-4.74	1.76
20101218	0.78	-4.52	1.4
20101219	4.87	-4.75	1.24
20101220	0.07	-6.76	1.12
20101221	0.01	-7.44	1.02
20101222	0.1	-6.25	0.94
20101223	0.01	-4.78	0.89
20101224	0.0	-4.7	0.84
20101225	0.07	-1.48	0.8
20101226	13.3	-0.8	0.85
20101227	6.65	1.4	1.68
20101228	2.21	1.79	2.99
20101229	0.41	2.16	2.61
20101230	0.1	2.68	2.71
20101231	0.77	3.42	2.34
20110101	0.09	0.87	2.29
20110102	0.0	0.63	1.77
20110103	0.34	2.2	1.55
20110104	5.06	2.45	3.26
20110105	0.5	1.14	3.09
20110106	0.3	-2.85	2.07
20110107	10.26	-3.1	1.65
20110108	5.27	-0.99	1.47
20110109	0.36	0.53	1.27
20110110	13.8	1.85	1.97
20110111	3.65	0.1	2.84
20110112	6.52	3.3	3.02
20110113	5.74	5.44	6.66
20110114	5.87	6.37	7.92
20110115	30.49	9.67	11.46
20110116	0.26	6.83	12.65
20110117	0.26	3.3	6.48
20110118	0.05	2.87	3.76
20110119	0.04	0.59	2.68
20110120	0.05	-1.04	2.05
20110121	0.08	0.81	1.68
20110122	0.04	2.5	1.46
20110123	0.01	3.38	1.33
20110124	0.01	5.4	1.26
20110125	0.05	5.48	1.21
20110126	1.17	3.26	1.09
20110127	0.2	2.54	1.07
20110128	0.0	0.41	1.05
20110129	0.11	0.57	1.05
20110130	0.1	2.63	1.1
20110131	4.95	6.1	1.42
20110201	5.51	5.21	1.57
20110202	13.64	5.12	6.43
20110203	15.17	3.95	6.32
20110204	25.92	6.45	8.37
20110205	0.48	3.83	4.52
20110206	18.57	3.27	3.25
20110207	9.67	2.46	10.06
20110208	3.03	2.41	6.45
20110209	5.77	4.31	4.71
20110210	0.18	3.01	4.31
20110211	11.72	2.83	3.98
20110212	3.97	3.65	5.22
20110213	2.15	3.93	4.9
20110214	2.11	2.0	3.6
20110215	7.84	2.58	3.03
20110216	3.11	2.16	4.05
20110217	4.47	1.94	2.9
20110218	10.23	2.79	2.73
20110219	2.7	2.39	4.68
20110220	0.14	3.07	2.95
20110221	0.1	2.29	2.32
20110222	6.54	4.78	2.02
20110223	1.38	8.15	2.4
20110224	2.89	10.07	2.14
20110225	1.13	8.18	2.04
20110226	0.14	5.3	1.8
20110227	0.03	3.69	1.5
20110228	0.0	4.09	1.29
20110301	0.0	4.56	1.15
20110302	0.01	3.67	1.04
20110303	0.01	5.32	0.96
20110304	0.05	7.62	1.18
20110305	0.0	4.6	1.21
20110306	0.0	2.43	1.08
20110307	0.0	5.14	0.94
20110308	4.33	4.1	0.88
20110309	10.39	4.0	1.1
20110310	3.82	3.65	1.43
20110311	5.67	2.9	1.16
20110312	14.69	2.11	3.55
20110313	12.03	2.98	4.84
20110314	1.96	3.65	4.86
20110315	15.75	1.69	7.0
20110316	0.46	3.1	4.98
20110317	0.6	3.29	3.16
20110318	0.11	3.98	2.28
20110319	0.08	6.33	1.78
20110320	0.02	8.6	1.51
20110321	0.0	10.25	1.3
20110322	0.01	9.34	1.12
20110323	0.01	8.84	1.26
20110324	0.0	7.27	1.33
20110325	0.01	7.73	1.19
20110326	0.05	5.16	1.03
20110327	0.13	7.07	0.91
20110328	0.0	7.53	0.82
20110329	2.58	7.99	0.86
20110330	13.64	6.75	0.99
20110331	4.21	9.29	1.78
20110401	0.77	10.97	1.14
20110402	0.43	8.88	0.97
20110403	0.42	7.76	0.85
20110404	12.78	8.87	0.89
20110405	2.34	13.3	0.92
20110406	4.02	10.88	0.97
20110407	0.0	9.3	0.83
20110408	0.0	11.85	0.75
20110409	0.0	11.38	0.69
20110410	0.11	14.35	0.61
20110411	0.34	8.14	0.56
20110412	0.24	8.03	0.52
20110413	0.29	8.46	0.51
20110414	0.0	9.8	0.56
20110415	0.05	10.42	0.6
20110416	0.0	8.31	0.54
20110417	0.0	10.25	0.49
20110418	1.93	11.29	0.46
20110419	0.02	11.8	0.56
20110420	0.04	11.43	0.63
20110421	0.02	10.69	0.54
20110422	0.42	10.55	0.54
20110423	4.47	7.29	0.6
20110424	0.0	10.59	0.47
20110425	0.0	8.3	0.43
20110426	0.0	7.57	0.41
20110427	0.0	7.17	0.39
20110428	0.0	8.76	0.42
20110429	0.25	9.99	0.44
20110430	0.01	9.53	0.42
20110501	0.0	8.99	0.4
20110502	0.0	7.76	0.36
20110503	0.0	5.72	0.35
20110504	0.0	9.44	0.32
20110505	8.51	10.97	0.35
20110506	15.9	13.22	0.62
20110507	10.77	13.99	0.7
20110508	4.3	11.83	0.77
20110509	1.46	12.61	0.5
20110510	3.57	11.73	0.5
20110511	3.13	11.06	0.48
20110512	0.5	9.89	0.44
20110513	2.67	9.19	0.4
20110514	0.06	9.83	0.38
20110515	0.08	11.1	0.36
20110516	1.06	10.82	0.36
20110517	4.49	10.66	0.4
20110518	0.64	9.15	0.4
20110519	0.99	9.67	0.45
20110520	0.39	9.5	0.48
20110521	8.76	10.15	0.46
20110522	12.05	9.72	0.41
20110523	7.15	8.99	0.73
20110524	0.28	8.17	0.44
20110525	2.06	9.87	0.4
20110526	0.86	9.44	0.39
20110527	1.83	10.51	0.38
20110528	1.11	9.43	0.4
20110529	0.29	9.47	0.39
20110530	0.72	7.88	0.36
20110531	0.57	11.87	0.34
20110601	0.77	13.41	0.33
20110602	0.0	14.26	0.31
20110603	0.0	16.71	0.31
20110604	0.01	9.66	0.31
20110605	2.43	8.94	0.32
20110606	0.14	10.7	0.34
20110607	5.0	9.58	0.41
20110608	4.29	10.94	0.4
20110609	0.29	8.77	0.33
20110610	0.38	9.06	0.3
20110611	5.71	8.59	0.43
20110612	3.95	11.55	0.39
20110613	0.04	11.31	0.35
20110614	0.2	13.58	0.39
20110615	0.43	13.88	0.49
20110616	0.15	11.08	0.4
20110617	8.07	11.13	0.4
20110618	5.38	11.68	0.47
20110619	1.88	12.96	0.39
20110620	2.1	13.69	0.33
20110621	28.32	10.88	1.42
20110622	1.2	11.8	1.27
20110623	3.14	11.01	0.85
20110624	0.39	12.38	0.63
20110625	1.24	14.47	0.55
20110626	0.81	15.83	0.51
20110627	3.07	11.22	0.58
20110628	0.01	11.85	0.45
20110629	0.27	11.97	0.4
20110630	0.71	12.3	0.41
20110701	0.0	12.03	0.34
20110702	0.0	12.95	0.34
20110703	0.0	15.82	0.33
20110704	0.0	17.09	0.31
20110705	14.93	16.04	0.35
20110706	10.42	12.91	1.26
20110707	0.76	12.3	0.69
20110708	2.27	13.93	0.46
20110709	9.86	14.64	0.87
20110710	11.28	14.86	0.74
20110711	1.96	13.57	0.76
20110712	0.02	11.55	0.88
20110713	0.0	12.39	0.67
20110714	0.0	15.79	0.53
20110715	11.56	16.1	0.46
20110716	21.23	14.95	1.51
20110717	0.92	14.36	2.99
20110718	1.17	13.99	1.63
20110719	11.54	14.59	1.62
20110720	0.14	12.22	1.95
20110721	0.65	11.69	1.29
20110722	0.79	10.47	1.01
20110723	0.03	12.52	0.83
20110724	0.09	14.73	0.7
20110725	0.07	13.69	0.61
20110726	0.0	14.2	0.56
20110727	1.09	15.32	0.67
20110728	7.39	13.0	0.77
20110729	0.04	14.19	0.61
20110730	0.01	15.14	0.52
20110731	0.06	16.69	0.49
20110801	5.98	16.25	0.5
20110802	8.39	15.26	1.25
20110803	0.37	16.48	0.64
20110804	6.7	15.76	0.7
20110805	0.01	13.74	0.54
20110806	31.74	13.58	2.15
20110807	5.62	11.99	5.91
20110808	0.12	13.06	2.65
20110809	6.24	13.69	1.59
20110810	43.0	12.54	5.95
20110811	6.91	11.9	12.41
20110812	5.7	14.17	7.98
20110813	0.89	14.47	4.94
20110814	0.38	13.22	3.03
20110815	0.03	13.47	2.08
20110816	6.24	11.04	1.72
20110817	0.97	13.53	1.39
20110818	1.58	11.9	1.19
20110819	2.2	13.48	1.06
20110820	0.12	14.1	0.94
20110821	0.06	13.88	0.84
20110822	0.01	12.47	0.76
20110823	0.36	13.33	0.72
20110824	0.83	11.92	0.69
20110825	0.75	12.82	0.78
20110826	8.37	13.14	0.84
20110827	0.65	12.2	0.86
20110828	0.73	10.46	0.61
20110829	0.03	12.57	0.52
20110830	0.06	12.4	0.54
20110831	0.0	12.22	0.51
20110901	2.52	13.4	0.48
20110902	3.67	14.59	0.53
20110903	0.65	12.63	0.54
20110904	3.08	12.87	0.51
20110905	6.0	13.7	0.67
20110906	3.77	11.52	0.69
20110907	1.03	12.14	0.53
20110908	1.26	12.9	0.5
20110909	5.38	13.24	0.57
20110910	1.47	15.13	0.64
20110911	11.45	13.43	0.71
20110912	13.77	12.81	2.0
20110913	1.03	10.9	1.34
20110914	0.01	9.32	0.95
20110915	0.01	10.48	0.79
20110916	9.14	10.89	0.9
20110917	1.13	11.37	1.04
20110918	3.02	10.56	0.99
20110919	1.74	11.63	0.99
20110920	0.57	11.59	0.92
20110921	5.49	10.03	0.97
20110922	0.13	11.72	0.87
20110923	1.05	13.6	0.8
20110924	0.02	12.84	0.75
20110925	4.97	12.63	0.99
20110926	0.18	11.38	0.97
20110927	1.79	14.2	0.78
20110928	0.05	17.54	0.93
20110929	0.01	15.66	1.0
20110930	0.39	18.55	0.89
20111001	11.78	14.7	0.85
20111002	4.32	12.8	2.16
20111003	0.67	12.95	1.17
20111004	2.13	12.2	0.86
20111005	3.08	10.66	0.81
20111006	7.15	7.26	1.43
20111007	0.22	10.19	1.21
20111008	5.91	11.09	1.15
20111009	2.65	12.48	1.24
20111010	0.71	9.89	1.16
20111011	4.9	9.49	1.02
20111012	0.98	8.73	1.26
20111013	0.22	11.5	1.08
20111014	0.76	13.81	0.98
20111015	3.76	10.53	0.93
20111016	1.09	10.61	0.94
20111017	27.79	6.19	4.29
20111018	0.52	5.89	4.47
20111019	0.03	4.53	2.83
20111020	4.26	7.9	1.99
20111021	1.86	11.63	1.82
20111022	1.48	9.99	1.59
20111023	0.1	11.92	1.35
20111024	2.05	12.01	1.17
20111025	1.37	9.15	1.06
20111026	1.0	8.27	0.98
20111027	0.15	8.28	0.89
20111028	7.83	9.01	0.89
20111029	2.12	11.22	1.77
20111030	2.16	12.62	1.17
20111031	2.14	11.74	1.43
20111101	0.04	7.79	1.18
20111102	3.74	10.58	1.01
20111103	0.8	11.32	1.19
20111104	1.92	6.75	1.08
20111105	0.06	4.83	0.98
20111106	0.08	4.6	0.87
20111107	0.44	5.22	0.82
20111108	0.78	9.05	0.81
20111109	1.44	9.9	0.79
20111110	0.17	9.98	0.77
20111111	8.94	9.0	1.15
20111112	0.08	7.91	1.54
20111113	0.04	9.44	1.06
20111114	0.41	8.55	0.93
20111115	0.01	7.67	0.86
20111116	1.17	6.95	0.8
20111117	2.83	10.24	0.81
20111118	0.53	9.82	0.76
20111119	0.83	8.64	0.72
20111120	0.16	9.11	0.71
20111121	7.28	9.1	0.83
20111122	0.13	6.89	1.42
20111123	2.46	9.43	0.99
20111124	8.17	7.44	1.22
20111125	7.84	6.03	2.58
20111126	13.21	9.07	2.76
20111127	0.31	5.8	3.6
20111128	17.78	8.91	2.74
20111129	11.46	6.81	4.41
20111130	6.18	5.79	4.2
20111201	0.23	2.19	3.73
20111202	3.45	5.12	2.63
20111203	1.78	2.98	2.2
20111204	0.6	0.85	1.85
20111205	0.15	0.04	1.58
20111206	10.15	1.35	1.69
20111207	11.14	4.27	2.79
20111208	5.83	5.51	4.48
20111209	0.6	1.15	2.75
20111210	2.74	2.98	2.11
20111211	0.67	3.93	1.96
20111212	2.98	3.59	1.75
20111213	21.08	2.96	2.29
20111214	0.52	2.38	4.28
20111215	0.45	0.89	2.59
20111216	0.18	0.17	2.04
20111217	0.03	0.63	1.65
20111218	0.84	0.15	1.4
20111219	3.29	2.93	1.39
20111220	3.68	3.04	1.29
20111221	0.52	7.32	1.68
20111222	1.87	8.04	1.56
20111223	1.11	3.29	1.38
20111224	6.84	7.97	1.38
20111225	5.06	11.38	1.52
20111226	1.87	7.11	1.62
20111227	3.92	5.29	1.38
20111228	5.28	4.08	1.71
20111229	1.34	2.5	1.5
20111230	9.9	4.54	2.04
20111231	6.59	7.6	2.45
20120101	1.67	4.17	2.83
20120102	12.71	5.71	2.44
20120103	1.52	4.06	3.76
20120104	16.62	5.56	5.16
20120105	0.1	3.54	5.11
20120106	0.94	5.05	3.31
20120107	0.05	5.94	2.58
20120108	0.78	7.57	2.09
20120109	0.0	5.43	1.79
20120110	0.16	6.33	1.57
20120111	2.1	7.44	1.43
20120112	0.04	3.03	1.33
20120113	0.02	0.99	1.18
20120114	0.0	-0.16	1.13
20120115	0.0	-1.69	1.08
20120116	0.02	-0.89	1.01
20120117	1.95	5.84	0.99
20120118	1.34	4.98	1.02
20120119	2.34	2.39	1.02
20120120	0.79	5.45	1.0
20120121	4.1	5.19	1.03
20120122	0.05	4.19	1.2
20120123	2.67	3.19	1.01
20120124	1.88	5.13	1.12
20120125	5.42	4.26	1.45
20120126	0.87	1.34	1.61
20120127	0.09	0.54	1.28
20120128	0.06	0.81	1.13
20120129	0.15	1.72	1.07
20120130	0.02	1.74	1.02
20120131	0.0	2.15	0.96
20120201	0.0	-1.0	0.9
20120202	0.0	-1.67	0.99
20120203	1.44	-0.41	0.96
20120204	7.74	1.22	1.44
20120205	0.08	2.17	1.11
20120206	0.04	1.38	0.95
20120207	0.12	0.39	0.87
20120208	3.34	0.24	0.84
20120209	1.41	3.54	1.12
20120210	0.57	2.69	1.16
20120211	0.38	3.68	1.06
20120212	0.04	3.43	0.96
20120213	0.0	6.45	0.88
20120214	0.0	7.44	0.81
20120215	0.0	8.1	0.75
20120216	0.03	7.3	0.73
20120217	3.86	6.09	0.71
20120218	0.3	1.61	0.72
20120219	0.88	2.42	0.63
20120220	2.56	7.34	0.62
20120221	3.43	9.87	0.52
20120222	1.61	10.39	0.63
20120223	0.87	9.39	0.61
20120224	0.05	6.57	0.55
20120225	0.12	7.0	0.5
20120226	1.34	8.15	0.52
20120227	0.68	10.59	0.54
20120228	0.05	10.22	0.52
20120229	0.0	8.78	0.51
20120301	2.18	8.82	0.52
20120302	0.39	6.7	0.5
20120303	1.41	6.06	0.51
20120304	0.41	2.68	0.49
20120305	0.02	3.61	0.46
20120306	3.44	6.6	0.48
20120307	0.85	4.25	0.46
20120308	0.67	7.52	0.4
20120309	0.04	9.61	0.39
20120310	0.0	8.14	0.38
20120311	0.0	8.97	0.38
20120312	0.0	8.62	0.46
20120313	0.0	7.64	0.52
20120314	0.0	6.39	0.47
20120315	1.09	7.62	0.44
20120316	3.64	6.27	0.51
20120317	0.05	4.9	0.45
20120318	0.0	6.16	0.42
20120319	2.9	8.25	0.41
20120320	0.07	9.81	0.48
20120321	0.0	7.23	0.44
20120322	0.02	7.79	0.43
20120323	0.0	8.52	0.42
20120324	0.01	8.04	0.41
20120325	0.0	11.34	0.4
20120326	0.0	11.66	0.39
20120327	0.0	12.34	0.38
20120328	0.0	13.51	0.37
20120329	0.0	11.72	0.36
20120330	0.01	10.93	0.35
20120331	0.0	5.21	0.33
20120401	0.08	10.17	0.32
20120402	14.08	4.29	0.41
20120403	3.48	1.92	0.69
20120404	0.17	1.13	0.42
20120405	0.12	6.6	0.38
20120406	1.55	7.02	0.37
20120407	0.08	7.79	0.37
20120408	0.53	8.36	0.36
20120409	21.98	6.05	0.68
20120410	4.64	5.51	3.74
20120411	4.93	7.46	2.16
20120412	0.2	5.17	1.76
20120413	0.74	4.93	1.32
20120414	0.29	3.51	1.08
20120415	0.03	3.76	0.91
20120416	10.81	5.89	0.94
20120417	1.67	5.93	1.54
20120418	5.6	6.65	1.16
20120419	5.54	6.21	1.01
20120420	5.27	7.5	1.37
20120421	1.91	7.61	1.48
20120422	1.38	7.13	1.11
20120423	3.04	7.04	1.02
20120424	5.43	6.71	1.9
20120425	5.88	6.58	2.97
20120426	2.12	5.22	2.41
20120427	2.55	5.12	1.83
20120428	0.03	4.53	1.45
20120429	5.92	6.07	1.32
20120430	0.12	7.22	1.32
20120501	0.01	8.58	1.2
20120502	0.02	8.1	1.06
20120503	0.48	9.31	0.97
20120504	0.04	3.56	0.87
20120505	0.06	5.27	0.78
20120506	1.72	4.62	0.76
20120507	4.42	5.72	0.84
20120508	0.16	7.15	0.75
20120509	4.53	8.49	0.79
20120510	14.52	5.07	2.39
20120511	4.37	5.19	2.2
20120512	0.02	9.62	1.53
20120513	6.63	7.1	1.21
20120514	1.85	7.86	1.09
20120515	0.09	5.96	1.02
20120516	3.99	8.0	0.93
20120517	8.22	5.88	1.29
20120518	1.94	5.47	1.54
20120519	0.03	5.11	1.3
20120520	0.0	8.62	1.07
20120521	0.0	10.94	0.93
20120522	0.0	13.85	0.84
20120523	0.21	17.03	0.77
20120524	0.01	17.47	0.71
20120525	0.0	14.85	0.66
20120526	0.03	15.26	0.62
20120527	0.0	15.79	0.62
20120528	0.02	15.62	0.55
20120529	0.69	11.22	0.52
20120530	12.56	10.57	0.59
20120531	7.48	10.49	1.31
20120601	0.04	11.34	0.85
20120602	0.01	7.94	0.7
20120603	0.06	7.34	0.63
20120604	0.0	9.15	0.58
20120605	1.48	12.3	0.54
20120606	2.75	9.87	0.58
20120607	13.58	12.37	0.76
20120608	1.15	12.01	1.32
20120609	7.32	13.43	0.87
20120610	0.71	9.93	1.06
20120611	0.11	8.44	1.0
20120612	0.77	9.89	0.84
20120613	0.01	11.17	0.71
20120614	0.33	11.07	0.61
20120615	12.12	8.49	0.75
20120616	8.62	9.11	1.14
20120617	3.27	8.94	1.65
20120618	0.09	11.97	1.35
20120619	0.03	11.31	1.03
20120620	0.13	13.13	0.87
20120621	38.68	12.19	3.49
20120622	2.7	12.77	7.26
20120623	0.21	12.1	3.14
20120624	0.44	12.84	2.1
20120625	0.0	13.29	1.62
20120626	10.08	14.89	1.66
20120627	7.8	13.75	1.86
20120628	2.71	14.96	2.17
20120629	12.16	13.82	3.27
20120630	3.21	13.5	2.44
20120701	3.15	13.2	1.95
20120702	4.66	13.52	2.13
20120703	0.98	15.76	1.83
20120704	3.85	16.92	1.55
20120705	0.86	16.65	1.39
20120706	12.37	15.71	1.24
20120707	15.77	12.16	4.47
20120708	8.75	13.46	3.14
20120709	1.01	12.05	4.65
20120710	6.69	11.24	2.9
20120711	5.69	10.96	3.31
20120712	0.08	12.48	2.87
20120713	2.93	11.14	2.15
20120714	1.77	11.44	1.99
20120715	0.21	11.93	1.81
20120716	0.01	12.7	1.55
20120717	17.16	13.85	1.36
20120718	25.9	11.42	8.85
20120719	2.51	11.64	6.36
20120720	0.06	11.17	3.59
20120721	0.48	14.56	2.39
20120722	6.84	16.55	1.93
20120723	8.74	14.22	3.38
20120724	0.56	14.53	2.78
20120725	0.01	14.94	1.98
20120726	0.12	13.59	1.75
20120727	0.91	13.48	1.55
20120728	4.99	12.55	1.3
20120729	2.24	12.8	1.22
20120730	6.09	10.74	1.38
20120731	9.07	14.79	1.25
20120801	2.22	14.05	1.35
20120802	0.18	13.72	1.1
20120803	0.3	14.94	1.0
20120804	0.09	16.31	1.03
20120805	10.38	14.32	0.98
20120806	7.02	14.19	2.93
20120807	0.1	14.96	2.62
20120808	0.0	14.16	1.93
20120809	0.0	15.73	1.53
20120810	0.0	14.84	1.28
20120811	0.0	15.25	1.1
20120812	5.98	16.49	1.05
20120813	0.22	16.38	1.06
20120814	3.27	15.89	0.93
20120815	11.97	15.53	1.96
20120816	9.18	16.7	1.59
20120817	6.65	17.09	3.6
20120818	0.25	15.86	1.93
20120819	3.79	15.23	1.72
20120820	4.54	16.07	1.44
20120821	8.45	15.12	1.85
20120822	1.46	14.38	1.69
20120823	1.21	14.78	1.31
20120824	0.58	14.1	1.15
20120825	7.44	12.66	1.31
20120826	1.38	12.52	1.2
20120827	15.25	12.95	2.82
20120828	4.51	14.0	2.11
20120829	8.23	11.14	2.43
20120830	0.03	8.69	2.0
20120831	1.91	12.08	1.58
20120901	2.21	14.98	1.4
20120902	0.0	15.62	1.24
20120903	0.5	15.87	1.12
20120904	0.0	12.96	1.0
20120905	0.0	12.72	0.91
20120906	2.35	13.75	0.9
20120907	0.09	16.44	0.86
20120908	0.0	13.09	0.83
20120909	3.4	13.98	0.84
20120910	3.47	9.38	0.97
20120911	0.18	9.73	1.15
20120912	0.02	9.82	0.95
20120913	1.79	11.56	0.86
20120914	0.01	12.37	0.71
20120915	0.38	12.93	0.66
20120916	4.09	11.32	0.65
20120917	5.16	9.21	0.66
20120918	0.12	7.85	0.63
20120919	1.44	10.22	0.6
20120920	14.6	6.3	1.78
20120921	0.91	6.55	1.31
20120922	0.05	6.79	1.01
20120923	0.47	8.79	0.92
20120924	12.3	9.28	1.4
20120925	14.64	9.88	3.11
20120926	3.72	10.7	6.72
20120927	0.7	10.2	3.49
20120928	1.68	9.83	2.56
20120929	7.23	11.6	2.0
20120930	0.91	11.97	3.03
20121001	3.84	10.35	2.67
20121002	5.1	9.05	2.31
20121003	0.25	6.93	2.05
20121004	1.84	7.85	1.77
20121005	0.03	8.16	1.62
20121006	0.0	6.63	1.39
20121007	0.02	6.6	1.25
20121008	0.0	5.86	1.16
20121009	0.0	4.82	1.07
20121010	0.55	7.14	0.98
20121011	40.28	10.3	4.94
20121012	0.87	8.31	11.5
20121013	4.08	7.83	5.34
20121014	2.16	5.27	3.93
20121015	5.6	4.93	3.11
20121016	2.22	3.12	4.63
20121017	26.55	5.2	10.41
20121018	2.99	9.11	8.99
20121019	2.13	8.15	5.49
20121020	0.19	8.03	3.72
20121021	0.07	7.74	2.81
20121022	0.34	7.85	2.47
20121023	0.43	9.03	2.17
20121024	0.02	8.29	1.98
20121025	0.21	5.51	1.71
20121026	0.01	2.36	1.41
20121027	0.62	5.09	1.24
20121028	0.64	5.46	1.14
20121029	0.03	4.73	1.04
20121030	3.43	6.62	1.03
20121031	7.43	3.08	1.96
20121101	3.77	3.31	1.51
20121102	3.97	2.81	1.78
20121103	0.09	2.38	1.42
20121104	0.05	3.08	1.24
20121105	0.8	4.22	1.12
20121106	0.15	9.17	1.08
20121107	0.95	8.33	1.05
20121108	1.5	8.25	0.98
20121109	1.45	6.4	1.0
20121110	0.17	4.51	0.97
20121111	0.02	3.13	0.88
20121112	1.6	7.18	0.85
20121113	3.56	10.19	0.85
20121114	0.82	5.62	0.89
20121115	0.8	6.26	1.07
20121116	0.17	5.42	1.15
20121117	2.75	3.82	1.13
20121118	14.34	5.41	1.27
20121119	1.75	9.51	3.2
20121120	0.27	8.29	1.72
20121121	1.13	6.48	1.4
20121122	19.19	6.51	4.52
20121123	1.29	3.53	3.34
20121124	8.93	2.52	2.82
20121125	1.38	3.02	5.72
20121126	0.04	4.0	3.25
20121127	0.0	2.85	2.4
20121128	0.01	0.8	1.92
20121129	0.0	-0.13	1.62
20121130	4.92	0.98	1.55
20121201	0.03	0.37	1.5
20121202	2.72	0.27	1.31
20121203	0.37	0.99	1.28
20121204	1.67	-0.18	1.33
20121205	0.07	-1.46	1.19
20121206	8.87	1.09	1.56
20121207	0.57	2.0	1.47
20121208	0.24	4.3	1.62
20121209	0.02	3.72	1.77
20121210	0.0	-0.1	1.42
20121211	0.01	-1.8	1.27
20121212	0.07	-2.73	1.17
20121213	0.04	-0.49	1.08
20121214	20.19	2.95	2.82
20121215	0.96	4.72	4.51
20121216	0.95	4.73	2.67
20121217	0.76	4.28	2.09
20121218	0.12	3.98	1.74
20121219	13.1	4.9	1.92
20121220	39.33	4.42	9.47
20121221	4.4	4.52	14.93
20121222	28.77	7.19	12.53
20121223	2.61	6.26	12.02
20121224	4.48	4.08	8.34
20121225	0.39	3.68	5.85
20121226	8.21	2.63	4.21
20121227	6.07	2.47	4.05
20121228	6.12	8.04	4.94
20121229	4.67	4.52	4.18
20121230	10.57	5.91	4.44
20121231	1.01	5.32	4.43
20130101	4.13	4.37	3.09
20130102	0.47	7.7	3.1
20130103	0.18	9.57	2.52
20130104	0.01	8.77	2.14
20130105	0.81	6.85	1.89
20130106	1.37	6.56	1.72
20130107	7.88	8.7	2.25
20130108	0.52	6.22	2.77
20130109	0.02	3.18	2.19
20130110	0.79	2.42	1.89
20130111	0.07	1.9	1.71
20130112	0.54	1.45	1.54
20130113	4.24	0.91	1.49
20130114	0.3	0.69	1.54
20130115	0.15	-1.34	1.4
20130116	0.13	-1.85	1.17
20130117	0.02	0.04	1.07
20130118	1.62	-0.03	1.06
20130119	3.11	0.59	1.07
20130120	4.09	0.55	1.05
20130121	14.08	0.6	1.66
20130122	6.65	0.11	2.93
20130123	1.54	0.2	1.9
20130124	1.02	0.57	1.55
20130125	12.18	0.95	1.73
20130126	9.31	4.27	3.58
20130127	4.38	3.44	8.12
20130128	11.95	5.24	6.91
20130129	13.49	6.82	10.87
20130130	7.53	4.58	8.66
20130131	7.44	4.11	6.97
20130201	0.84	1.98	5.82
20130202	0.88	3.37	3.75
20130203	1.68	5.43	2.94
20130204	3.76	1.7	3.03
20130205	1.1	3.13	2.86
20130206	0.05	1.68	2.22
20130207	0.4	1.79	1.93
20130208	2.18	3.82	1.73
20130209	0.52	2.62	1.67
20130210	7.11	2.21	1.64
20130211	0.08	2.54	1.73
20130212	1.04	0.85	1.5
20130213	16.97	2.42	3.45
20130214	0.14	5.59	3.96
20130215	0.01	4.76	2.46
20130216	0.02	4.84	1.97
20130217	0.0	3.24	1.71
20130218	0.01	2.7	1.51
20130219	0.03	2.96	1.37
20130220	0.0	1.74	1.28
20130221	0.0	1.19	1.23
20130222	0.0	0.54	1.27
20130223	0.89	1.76	1.64
20130224	1.04	1.47	1.39
20130225	0.01	2.65	1.25
20130226	0.01	1.74	1.14
20130227	0.01	3.4	1.06
20130228	0.0	4.35	1.0
20130301	0.01	3.75	0.95
20130302	0.0	7.41	0.91
20130303	0.0	5.86	0.87
20130304	0.0	2.56	0.85
20130305	0.0	4.55	0.82
20130306	2.56	3.92	0.79
20130307	3.45	4.26	0.82
20130308	4.24	2.86	0.9
20130309	1.5	1.33	1.05
20130310	3.07	-1.42	0.97
20130311	0.52	-2.7	0.89
20130312	0.27	1.66	0.88
20130313	0.0	1.19	0.86
20130314	2.43	3.0	0.82
20130315	0.79	2.99	0.84
20130316	6.02	1.3	0.92
20130317	6.41	3.14	1.28
20130318	7.58	1.16	1.73
20130319	9.34	0.89	2.6
20130320	2.29	0.08	2.84
20130321	0.84	1.34	2.13
20130322	1.45	0.55	1.67
20130323	0.42	0.32	1.4
20130324	0.37	0.56	1.23
20130325	0.52	0.41	1.14
20130326	1.69	0.44	1.08
20130327	0.9	1.12	1.15
20130328	0.1	0.68	1.18
20130329	0.09	0.51	1.12
20130330	0.03	-0.12	1.05
20130331	0.0	0.44	0.99
20130401	0.0	1.43	0.93
20130402	0.01	1.09	0.89
20130403	0.09	3.38	0.85
20130404	0.62	4.29	0.83
20130405	0.0	1.4	0.81
20130406	0.03	5.11	0.8
20130407	1.7	2.56	0.8
20130408	0.05	2.27	0.77
20130409	0.06	3.63	0.73
20130410	0.53	3.34	0.72
20130411	0.29	4.08	0.71
20130412	0.36	4.07	0.68
20130413	4.95	8.09	0.67
20130414	2.53	10.47	0.72
20130415	6.86	10.34	0.69
20130416	4.41	7.0	0.67
20130417	16.58	8.01	0.97
20130418	0.13	6.27	1.01
20130419	0.0	7.54	0.85
20130420	0.52	9.25	0.8
20130421	1.1	7.53	0.77
20130422	0.24	9.36	0.74
20130423	6.98	9.52	0.74
20130424	0.33	8.24	0.88
20130425	0.06	5.93	0.76
20130426	5.27	5.91	0.83
20130427	0.29	7.12	0.75
20130428	0.45	6.9	0.72
20130429	0.01	6.21	0.67
20130430	0.02	8.3	0.62
20130501	0.31	6.61	0.61
20130502	1.25	9.29	0.6
20130503	17.59	6.23	1.05
20130504	0.25	8.8	0.89
20130505	0.59	11.9	0.77
20130506	0.0	8.93	0.73
20130507	0.0	12.71	0.7
20130508	1.34	9.13	0.7
20130509	4.36	8.89	0.76
20130510	1.9	8.57	0.71
20130511	0.45	7.97	0.69
20130512	4.05	6.29	0.67
20130513	2.88	6.26	0.78
20130514	0.95	5.71	0.74
20130515	3.81	6.58	0.8
20130516	0.18	7.8	0.74
20130517	0.17	11.75	0.7
20130518	14.97	11.21	1.2
20130519	0.16	12.55	1.47
20130520	3.89	13.78	1.66
20130521	0.04	11.12	1.4
20130522	0.14	8.21	1.14
20130523	0.11	7.21	1.01
20130524	0.0	7.05	0.91
20130525	0.0	10.68	0.86
20130526	0.12	11.7	0.85
20130527	2.43	9.43	0.85
20130528	0.03	9.03	0.81
20130529	0.18	13.6	0.78
20130530	0.02	12.1	0.76
20130531	0.8	12.76	0.73
20130601	0.77	9.16	0.72
20130602	0.0	11.25	0.69
20130603	0.06	14.54	0.68
20130604	0.0	13.85	0.66
20130605	0.6	12.15	0.67
20130606	0.0	12.59	0.65
20130607	0.0	10.81	0.6
20130608	0.13	14.32	0.54
20130609	0.09	12.21	0.49
20130610	0.0	10.82	0.44
20130611	5.34	12.88	0.45
20130612	0.27	12.01	0.42
20130613	0.02	11.67	0.36
20130614	5.51	12.98	0.46
20130615	1.04	11.02	0.41
20130616	0.02	12.92	0.39
20130617	0.03	14.57	0.37
20130618	0.0	14.41	0.37
20130619	0.0	13.39	0.36
20130620	0.45	16.34	0.35
20130621	1.54	14.06	0.38
20130622	4.59	12.19	0.45
20130623	2.93	12.06	0.39
20130624	0.08	10.03	0.35
20130625	0.0	12.29	0.31
20130626	0.17	12.8	0.28
20130627	4.8	13.35	0.3
20130628	0.81	13.09	0.35
20130629	0.05	13.18	0.3
20130630	0.42	12.73	0.29
20130701	0.1	11.94	0.29
20130702	5.41	12.82	0.34
20130703	5.03	15.54	0.31
20130704	0.96	14.36	0.41
20130705	0.0	14.36	0.3
20130706	0.0	18.28	0.28
20130707	0.0	17.66	0.27
20130708	0.0	18.9	0.27
20130709	0.0	20.43	0.27
20130710	0.0	15.79	0.3
20130711	0.0	18.19	0.32
20130712	0.0	20.79	0.31
20130713	0.05	17.27	0.29
20130714	0.0	16.65	0.28
20130715	0.0	17.78	0.27
20130716	0.0	17.05	0.27
20130717	0.0	18.82	0.26
20130718	0.0	19.63	0.28
20130719	0.0	18.62	0.31
20130720	0.0	17.81	0.3
20130721	0.41	17.05	0.3
20130722	0.14	16.33	0.31
20130723	23.11	18.01	0.51
20130724	2.59	18.57	0.42
20130725	3.24	16.37	0.49
20130726	2.3	15.94	0.48
20130727	14.71	17.88	0.47
20130728	4.8	14.11	0.97
20130729	5.93	14.96	0.61
20130730	1.7	15.0	0.54
20130731	8.95	16.04	0.55
20130801	1.94	17.81	0.65
20130802	0.1	17.43	0.52
20130803	0.83	14.44	0.47
20130804	0.05	14.89	0.43
20130805	0.08	13.15	0.4
20130806	0.0	13.61	0.39
20130807	1.97	15.31	0.38
20130808	0.56	15.9	0.4
20130809	0.22	14.52	0.39
20130810	0.08	13.49	0.36
20130811	0.18	13.53	0.35
20130812	0.98	13.31	0.33
20130813	0.04	13.59	0.32
20130814	3.06	17.29	0.31
20130815	2.28	15.38	0.35
20130816	0.21	14.88	0.33
20130817	7.89	15.12	0.4
20130818	0.15	13.27	0.33
20130819	0.02	14.25	0.31
20130820	4.76	15.75	0.31
20130821	0.96	16.99	0.32
20130822	0.07	14.57	0.31
20130823	0.29	16.21	0.29
20130824	0.15	14.87	0.3
20130825	0.03	15.44	0.26
20130826	0.0	15.92	0.25
20130827	0.05	16.45	0.25
20130828	0.11	13.78	0.24
20130829	0.14	14.64	0.29
20130830	0.11	13.17	0.28
20130831	0.01	13.53	0.25
20130901	0.01	14.8	0.25
20130902	0.03	17.52	0.26
20130903	0.0	16.0	0.25
20130904	0.0	15.54	0.25
20130905	0.06	12.69	0.25
20130906	15.71	10.91	0.35
20130907	3.02	9.96	0.35
20130908	0.25	10.89	0.27
20130909	0.23	12.12	0.26
20130910	0.02	13.49	0.25
20130911	2.28	13.19	0.26
20130912	1.94	13.89	0.26
20130913	0.06	8.48	0.28
20130914	7.09	11.43	0.25
20130915	4.41	9.49	0.48
20130916	0.01	9.64	0.29
20130917	0.01	8.66	0.26
20130918	3.71	9.77	0.25
20130919	4.13	8.23	0.35
20130920	0.2	11.98	0.27
20130921	0.09	14.14	0.26
20130922	0.0	14.21	0.25
20130923	0.0	14.09	0.25
20130924	0.2	12.86	0.25
20130925	0.13	7.82	0.25
20130926	0.64	11.18	0.25
20130927	0.02	11.57	0.25
20130928	0.0	13.13	0.24
20130929	0.0	12.53	0.24
20130930	0.0	11.76	0.25
20131001	0.11	12.49	0.25
20131002	9.93	13.18	0.31
20131003	11.13	14.5	0.51
20131004	0.53	13.46	0.45
20131005	0.25	13.09	0.33
20131006	0.15	15.05	0.31
20131007	2.72	15.45	0.32
20131008	1.18	11.45	0.31
20131009	0.07	7.94	0.3
20131010	0.01	7.12	0.27
20131011	0.0	8.11	0.26
20131012	0.0	9.11	0.26
20131013	2.45	9.8	0.29
20131014	2.2	9.28	0.31
20131015	0.18	7.85	0.27
20131016	17.7	8.52	0.58
20131017	2.6	9.07	0.71
20131018	14.5	10.07	0.87
20131019	13.94	10.17	2.6
20131020	2.89	11.36	1.56
20131021	29.05	12.3	2.24
20131022	9.45	13.03	4.41
20131023	0.2	9.5	3.79
20131024	1.69	8.66	2.71
20131025	8.85	11.59	2.77
20131026	7.26	8.79	2.24
20131027	4.85	9.35	2.56
20131028	0.37	8.04	2.04
20131029	0.0	6.42	1.42
20131030	3.53	8.02	1.17
20131031	5.01	7.9	1.13
20131101	0.24	5.21	1.09
20131102	8.29	4.82	1.32
20131103	0.01	4.63	1.24
20131104	0.01	2.73	1.03
20131105	0.56	1.67	0.92
20131106	0.67	4.32	0.82
20131107	5.91	5.99	1.06
20131108	0.99	4.26	1.21
20131109	0.22	2.44	1.02
20131110	2.29	4.41	0.88
20131111	1.04	7.72	0.89
20131112	0.73	6.09	0.85
20131113	2.79	6.37	0.85
20131114	0.06	5.48	0.83
20131115	0.55	8.77	0.75
20131116	0.46	5.17	0.72
20131117	1.07	2.89	0.67
20131118	0.03	2.48	0.67
20131119	4.97	2.33	0.66
20131120	0.86	3.6	0.94
20131121	0.0	0.41	0.74
20131122	0.02	0.64	0.66
20131123	0.02	3.12	0.64
20131124	0.01	0.65	0.61
20131125	0.09	1.26	0.56
20131126	2.11	7.6	0.57
20131127	0.05	6.42	0.57
20131128	2.22	4.92	0.56
20131129	0.0	4.32	0.67
20131130	0.0	5.05	0.6
20131201	0.07	5.57	0.57
20131202	0.37	6.74	0.55
20131203	3.83	4.84	0.59
20131204	19.83	5.05	0.71
20131205	0.66	2.42	3.79
20131206	0.32	0.7	1.58
20131207	1.89	5.21	1.27
20131208	4.01	10.4	1.5
20131209	0.05	9.74	1.93
20131210	0.01	10.19	1.62
20131211	5.67	7.35	1.35
20131212	5.09	10.96	2.07
20131213	0.76	7.91	2.05
20131214	10.93	7.02	2.03
20131215	7.51	6.53	2.82
20131216	2.01	4.02	2.92
20131217	1.32	5.48	2.08
20131218	7.62	5.82	1.85
20131219	4.15	2.74	2.18
20131220	14.39	6.94	3.07
20131221	9.5	5.07	4.09
20131222	7.31	2.4	3.96
20131223	9.37	5.46	4.18
20131224	5.69	3.96	3.53
20131225	1.14	4.16	2.82
20131226	7.84	4.59	2.17
20131227	8.86	5.59	2.53
20131228	0.31	3.7	3.07
20131229	15.51	5.48	2.18
20131230	12.36	4.12	4.57
20131231	1.5	4.58	3.5
20140101	7.89	5.4	3.01
20140102	2.78	5.56	2.85
20140103	4.66	4.96	2.93
20140104	2.31	2.54	2.53
20140105	3.58	4.71	2.21
20140106	3.76	7.7	2.61
20140107	2.92	7.29	2.08
20140108	0.04	4.5	1.65
20140109	0.01	3.9	1.46
20140110	0.96	3.4	1.31
20140111	0.08	1.36	1.18
20140112	3.58	1.86	1.17
20140113	1.99	2.93	1.2
20140114	4.88	2.66	1.21
20140115	4.9	5.18	1.79
20140116	1.83	3.96	1.8
20140117	0.88	4.12	1.63
20140118	6.1	5.04	1.83
20140119	1.67	3.96	2.17
20140120	0.06	4.42	1.76
20140121	4.21	4.35	1.62
20140122	2.22	5.18	1.61
20140123	0.07	1.94	1.45
20140124	7.87	4.74	1.54
20140125	6.56	4.65	2.51
20140126	10.67	3.68	2.75
20140127	4.02	4.46	2.8
20140128	9.46	4.69	3.65
20140129	1.6	3.84	3.72
20140130	0.1	2.87	2.66
20140131	1.79	3.19	2.15
20140201	6.13	4.02	1.95
20140202	0.23	5.75	1.71
20140203	0.9	4.92	1.49
20140204	4.13	4.29	1.37
20140205	4.23	4.63	1.53
20140206	0.31	2.94	1.4
20140207	4.17	3.59	1.22
20140208	4.69	4.84	1.27
20140209	0.9	4.92	1.32
20140210	0.94	3.35	1.09
20140211	1.47	2.21	1.03
20140212	8.39	2.77	1.15
20140213	3.07	3.21	1.35
20140214	17.52	2.98	2.51
20140215	0.35	3.88	2.26
20140216	1.54	3.08	1.65
20140217	8.71	4.26	1.97
20140218	0.83	5.78	2.46
20140219	3.46	7.27	1.94
20140220	2.45	6.19	1.93
20140221	1.1	5.04	1.77
20140222	3.85	7.7	1.6
20140223	9.6	7.08	1.66
20140224	1.43	5.99	2.82
20140225	1.33	6.49	2.18
20140226	6.92	6.41	1.82
20140227	0.6	3.55	1.76
20140228	0.63	4.21	1.49
20140301	5.53	4.74	1.41
20140302	6.15	4.25	1.66
20140303	0.8	4.59	1.88
20140304	0.22	6.03	1.52
20140305	1.67	7.23	1.31
20140306	15.7	8.36	1.76
20140307	1.65	4.1	3.58
20140308	1.37	7.8	2.62
20140309	6.58	4.94	2.32
20140310	0.1	4.87	2.31
20140311	0.01	4.95	1.81
20140312	0.0	7.49	1.52
20140313	0.07	8.68	1.32
20140314	0.09	8.65	1.22
20140315	0.01	9.18	1.09
20140316	0.01	10.27	1.0
20140317	1.06	8.99	0.92
20140318	0.67	9.48	0.89
20140319	4.08	10.08	0.81
20140320	14.45	5.21	1.36
20140321	2.74	4.53	1.26
20140322	0.33	4.1	1.07
20140323	0.01	2.1	0.91
20140324	0.0	6.56	0.85
20140325	0.05	4.97	0.79
20140326	1.51	6.71	0.86
20140327	3.33	5.96	1.01
20140328	5.13	5.98	0.99
20140329	0.11	6.42	1.13
20140330	0.21	6.08	0.99
20140331	2.35	6.78	0.91
20140401	3.37	6.26	1.02
20140402	3.62	6.17	0.98
20140403	11.23	6.18	1.66
20140404	1.83	6.17	2.16
20140405	1.78	9.77	1.6
20140406	0.97	8.2	1.38
20140407	2.84	6.35	1.33
20140408	0.72	8.76	1.18
20140409	0.11	9.42	1.06
20140410	0.02	7.41	0.96
20140411	0.34	8.56	0.88
20140412	0.18	9.04	0.82
20140413	0.5	7.23	0.75
20140414	0.01	6.79	0.66
20140415	0.0	9.58	0.63
20140416	0.27	10.08	0.76
20140417	0.0	5.71	0.87
20140418	0.0	7.41	0.77
20140419	0.0	8.58	0.65
20140420	0.0	9.06	0.63
20140421	3.13	10.96	0.65
20140422	4.43	9.09	0.75
20140423	4.13	10.52	0.64
20140424	0.25	10.21	0.6
20140425	25.34	8.5	1.15
20140426	0.19	10.29	2.78
20140427	1.11	10.79	1.46
20140428	0.06	11.28	1.19
20140429	0.12	12.58	1.03
20140430	17.16	6.25	1.46
20140501	1.72	6.05	2.15
20140502	0.02	7.06	1.51
20140503	1.84	9.17	1.26
20140504	1.26	11.25	1.15
20140505	2.51	11.51	1.07
20140506	2.77	10.42	0.98
20140507	3.72	8.81	0.91
20140508	5.28	11.71	0.88
20140509	1.92	10.86	0.9
20140510	0.89	9.36	1.01
20140511	2.67	10.51	0.89
20140512	0.06	7.12	0.98
20140513	3.72	9.64	1.1
20140514	0.66	12.61	0.88
20140515	0.01	13.01	0.79
20140516	0.07	14.72	0.73
20140517	0.59	12.8	0.72
20140518	0.7	13.78	0.63
20140519	0.22	13.59	0.7
20140520	1.5	12.57	0.81
20140521	0.06	12.55	0.71
20140522	1.77	7.76	0.65
20140523	0.09	10.33	0.59
20140524	5.43	10.97	0.56
20140525	5.46	11.49	0.51
20140526	1.84	12.55	0.48
20140527	1.35	12.92	0.5
20140528	10.09	10.79	0.82
20140529	0.01	10.65	0.61
20140530	0.0	11.56	0.49
20140531	0.0	13.3	0.57
20140601	1.54	14.95	0.47
20140602	0.3	13.39	0.42
20140603	1.5	12.04	0.42
20140604	22.57	12.24	0.63
20140605	0.29	13.83	0.58
20140606	0.01	15.1	0.53
20140607	19.27	13.73	1.55
20140608	0.88	14.13	1.24
20140609	10.79	14.56	1.3
20140610	5.74	13.95	1.3
20140611	0.02	14.65	1.05
20140612	2.35	16.15	0.94
20140613	9.33	16.35	0.96
20140614	7.06	15.79	1.0
20140615	0.26	13.02	1.05
20140616	0.06	15.62	0.81
20140617	0.31	18.14	0.74
20140618	0.0	18.06	0.65
20140619	0.0	14.52	0.57
20140620	0.0	15.57	0.52
20140621	0.0	15.36	0.46
20140622	0.05	15.1	0.41
20140623	1.53	15.95	0.4
20140624	0.1	13.42	0.4
20140625	0.12	12.67	0.39
20140626	0.0	12.6	0.37
20140627	0.08	11.07	0.35
20140628	1.41	11.23	0.35
20140629	0.02	11.26	0.34
20140630	0.89	13.17	0.32
20140701	0.04	15.28	0.34
20140702	0.98	13.71	0.33
20140703	0.14	16.06	0.32
20140704	4.16	12.47	0.34
20140705	0.16	12.77	0.34
20140706	3.59	13.58	0.3
20140707	2.75	13.8	0.28
20140708	2.45	13.48	0.33
20140709	0.0	15.29	0.31
20140710	0.0	15.84	0.29
20140711	0.01	16.99	0.33
20140712	7.96	15.94	0.41
20140713	0.22	15.21	0.37
20140714	3.3	14.3	0.35
20140715	1.35	14.4	0.38
20140716	3.35	15.47	0.35
20140717	0.0	17.46	0.32
20140718	0.85	17.26	0.31
20140719	5.27	16.12	0.39
20140720	0.09	17.55	0.35
20140721	0.0	16.86	0.3
20140722	0.0	18.79	0.35
20140723	0.02	17.62	0.33
20140724	0.0	17.73	0.32
20140725	0.0	19.08	0.32
20140726	7.23	18.21	0.4
20140727	0.43	14.22	0.36
20140728	0.0	17.77	0.29
20140729	0.11	16.49	0.28
20140730	0.08	15.59	0.28
20140731	1.11	15.98	0.27
20140801	0.4	14.55	0.28
20140802	9.31	14.37	0.34
20140803	3.43	15.47	0.34
20140804	0.0	12.19	0.28
20140805	6.05	16.89	0.27
20140806	7.35	14.6	0.52
20140807	0.03	14.65	0.34
20140808	11.32	15.65	0.59
20140809	0.18	13.88	0.44
20140810	30.0	12.94	0.85
20140811	2.23	12.87	1.03
20140812	2.81	13.19	0.58
20140813	0.17	15.56	0.46
20140814	7.72	13.94	0.63
20140815	0.02	13.41	0.65
20140816	0.85	13.22	0.42
20140817	2.23	13.25	0.39
20140818	0.36	11.3	0.35
20140819	0.32	10.58	0.32
20140820	4.73	12.27	0.31
20140821	4.8	10.85	0.43
20140822	6.64	11.26	0.44
20140823	2.45	10.41	0.46
20140824	0.04	9.77	0.4
20140825	0.0	11.94	0.37
20140826	0.0	9.75	0.33
20140827	1.73	13.44	0.32
20140828	7.69	16.06	0.38
20140829	2.6	13.66	0.43
20140830	0.04	14.33	0.35
20140831	0.29	16.0	0.31
20140901	0.0	14.45	0.29
20140902	0.0	13.88	0.28
20140903	0.0	15.65	0.28
20140904	0.0	15.9	0.28
20140905	9.27	13.01	0.38
20140906	1.23	11.55	0.33
20140907	0.0	11.93	0.4
20140908	0.0	12.72	0.36
20140909	0.0	12.71	0.34
20140910	0.0	14.38	0.31
20140911	0.0	14.72	0.29
20140912	0.01	13.57	0.29
20140913	0.0	14.2	0.29
20140914	0.17	13.44	0.28
20140915	4.5	13.37	0.3
20140916	0.12	13.95	0.3
20140917	0.33	14.27	0.27
20140918	0.85	14.09	0.27
20140919	4.85	13.4	0.27
20140920	0.44	11.42	0.3
20140921	0.05	11.12	0.27
20140922	0.28	13.35	0.26
20140923	2.71	11.32	0.28
20140924	0.13	12.37	0.27
20140925	0.65	14.72	0.25
20140926	0.0	12.38	0.24
20140927	0.04	13.52	0.23
20140928	0.0	14.1	0.23
20140929	0.0	14.35	0.23
20140930	0.61	15.75	0.23
20141001	0.02	9.56	0.23
20141002	0.71	12.43	0.23
20141003	37.59	10.64	0.7
20141004	1.86	8.0	2.07
20141005	5.07	10.3	0.76
20141006	5.79	7.55	0.58
20141007	0.08	8.25	0.49
20141008	12.67	10.01	0.73
20141009	1.27	9.4	1.34
20141010	0.36	8.18	0.73
20141011	0.11	7.92	0.57
20141012	0.19	8.81	0.49
20141013	0.45	7.72	0.44
20141014	0.0	7.66	0.42
20141015	7.48	10.3	0.42
20141016	3.62	11.15	0.62
20141017	8.01	14.35	0.68
20141018	1.3	14.79	0.93
20141019	7.11	11.81	0.97
20141020	3.69	10.35	0.76
20141021	0.12	7.21	0.61
20141022	1.02	9.91	0.5
20141023	3.52	10.11	0.55
20141024	0.76	9.35	0.59
20141025	1.69	10.91	0.55
20141026	5.03	13.07	0.54
20141027	14.73	14.48	0.55
20141028	3.96	7.51	1.36
20141029	2.49	7.02	1.07
20141030	0.87	11.73	1.07
20141031	1.04	13.23	0.98
20141101	1.91	10.88	0.87
20141102	7.3	7.37	0.8
20141103	0.95	5.98	1.28
20141104	0.25	5.52	1.02
20141105	0.97	4.2	0.81
20141106	22.72	7.93	2.51
20141107	0.09	7.47	4.21
20141108	5.52	5.89	2.64
20141109	0.1	5.5	2.26
20141110	0.6	6.17	1.61
20141111	5.4	9.79	1.34
20141112	0.85	8.65	1.38
20141113	2.45	9.13	1.2
20141114	13.67	6.98	2.82
20141115	0.15	5.57	2.24
20141116	6.51	6.38	1.66
20141117	3.92	8.57	2.21
20141118	0.71	8.26	1.88
20141119	7.38	8.62	1.81
20141120	0.22	6.32	1.73
20141121	8.39	6.55	1.58
20141122	0.35	7.15	2.27
20141123	0.03	4.76	1.71
20141124	0.01	6.27	1.39
20141125	0.12	4.8	1.24
20141126	1.08	5.0	1.13
20141127	0.96	6.79	1.07
20141128	0.83	7.93	1.0
20141129	0.51	7.55	0.98
20141130	0.04	6.0	0.91
20141201	1.37	4.06	0.85
20141202	0.02	2.85	0.81
20141203	0.12	4.01	0.78
20141204	0.14	3.82	0.8
20141205	0.06	1.75	0.77
20141206	6.13	5.52	0.75
20141207	4.12	2.26	0.95
20141208	0.15	1.65	0.97
20141209	16.35	5.8	1.13
20141210	7.5	2.53	3.64
20141211	2.69	0.16	2.78
20141212	0.68	0.79	1.99
20141213	1.43	3.42	1.59
20141214	1.22	4.46	1.55
20141215	0.11	2.34	1.36
20141216	7.73	4.99	1.68
20141217	1.07	7.91	2.14
20141218	4.26	6.13	2.02
20141219	2.38	3.73	1.75
20141220	0.9	6.03	1.6
20141221	16.21	8.52	2.19
20141222	0.65	6.36	4.64
20141223	0.78	3.91	3.49
20141224	2.38	3.29	2.67
20141225	0.09	0.62	2.27
20141226	0.14	-0.12	1.88
20141227	0.19	-0.28	1.58
20141228	0.01	-0.35	1.32
20141229	0.44	1.27	1.16
20141230	0.42	4.07	1.1
20141231	3.9	8.37	1.07
20150101	15.62	7.26	2.44
20150102	15.51	3.17	4.39
20150103	0.01	1.58	4.68
20150104	0.19	3.97	2.78
20150105	2.73	7.13	2.17
20150106	1.93	4.71	1.86
20150107	14.06	6.65	2.66
20150108	12.38	4.94	3.76
20150109	11.32	7.23	5.12
20150110	2.16	2.36	5.46
20150111	11.67	4.68	4.85
20150112	5.93	2.95	5.59
20150113	4.26	0.85	4.51
20150114	7.14	3.37	3.85
20150115	4.26	2.77	4.06
20150116	0.19	0.82	3.01
20150117	0.5	-0.13	2.33
20150118	0.07	-0.27	1.87
20150119	0.0	-1.11	1.57
20150120	0.0	-1.95	1.38
20150121	0.01	-0.53	1.21
20150122	0.06	1.95	1.09
20150123	3.17	3.57	1.22
20150124	0.18	3.43	1.17
20150125	2.13	5.9	1.22
20150126	0.12	4.4	1.22
20150127	5.82	5.24	1.31
20150128	1.77	0.8	1.83
20150129	0.44	-0.4	1.53
20150130	0.17	2.7	1.31
20150131	0.0	1.97	1.16
20150201	0.01	0.67	1.03
20150202	0.0	-1.34	0.92
20150203	0.26	0.14	0.88
20150204	0.05	1.8	0.82
20150205	0.0	3.02	0.78
20150206	0.02	2.13	0.75
20150207	0.02	2.63	0.72
20150208	0.03	4.72	0.69
20150209	0.0	6.1	0.67
20150210	0.02	4.29	0.65
20150211	0.0	2.42	0.64
20150212	0.01	4.37	0.62
20150213	0.46	4.38	0.62
20150214	0.15	5.12	0.59
20150215	8.13	6.69	0.65
20150216	0.5	4.1	0.88
20150217	1.0	6.18	0.7
20150218	6.35	8.13	0.72
20150219	1.58	4.71	0.81
20150220	0.51	2.37	0.7
20150221	0.05	2.04	0.62
20150222	12.9	2.83	0.92
20150223	5.32	3.16	1.22
20150224	0.35	2.5	1.07
20150225	10.34	5.49	0.97
20150226	1.25	3.71	1.74
20150227	2.34	4.87	1.38
20150228	15.26	5.96	2.61
20150301	1.46	3.31	2.62
20150302	5.1	2.26	1.91
20150303	3.54	2.44	2.27
20150304	0.13	6.09	2.12
20150305	0.63	8.14	1.93
20150306	5.4	8.47	1.76
20150307	4.78	9.72	1.64
20150308	0.09	4.9	1.56
20150309	5.33	6.41	1.47
20150310	0.16	3.83	1.3
20150311	4.11	3.25	1.2
20150312	9.77	6.06	1.44
20150313	0.13	5.21	1.66
20150314	0.05	1.63	1.47
20150315	0.75	4.12	1.25
20150316	0.65	3.97	1.14
20150317	0.05	4.92	1.04
20150318	0.01	4.89	0.95
20150319	0.0	8.01	0.89
20150320	0.0	7.29	0.84
20150321	0.0	5.71	0.77
20150322	0.1	8.48	0.74
20150323	0.0	5.63	0.69
20150324	0.13	4.18	0.64
20150325	9.07	4.81	0.76
20150326	0.54	4.84	1.01
20150327	9.08	6.3	0.8
20150328	2.03	6.76	1.34
20150329	1.78	4.69	1.07
20150330	11.21	4.98	1.69
20150331	1.32	3.58	2.06
20150401	0.08	3.58	1.48
20150402	3.43	6.01	1.24
20150403	2.18	5.83	1.23
20150404	0.01	8.63	1.09
20150405	0.01	10.48	0.99
20150406	0.01	11.06	0.97
20150407	0.0	7.17	0.9
20150408	0.0	8.98	0.82
20150409	0.0	9.33	0.77
20150410	0.5	10.06	0.72
20150411	5.92	5.66	0.7
20150412	0.92	5.26	0.69
20150413	1.33	8.56	0.62
20150414	3.45	10.1	0.62
20150415	0.01	5.64	0.6
20150416	0.0	6.54	0.55
20150417	0.0	6.39	0.52
20150418	0.0	6.58	0.49
20150419	0.03	7.45	0.48
20150420	0.0	7.06	0.45
20150421	0.0	10.35	0.44
20150422	0.01	10.73	0.44
20150423	0.0	12.8	0.44
20150424	7.14	9.64	0.45
20150425	0.05	5.29	0.49
20150426	0.77	3.76	0.44
20150427	7.46	4.53	0.46
20150428	4.01	5.11	0.47
20150429	2.65	5.5	0.62
20150430	0.16	4.57	0.66
20150501	1.05	4.44	0.6
20150502	13.21	5.66	0.66
20150503	22.13	7.52	3.17
20150504	3.03	10.02	2.0
20150505	21.79	7.35	5.8
20150506	1.16	7.36	4.14
20150507	0.02	4.74	2.49
20150508	4.12	7.85	1.86
20150509	2.32	9.7	1.61
20150510	8.41	11.17	1.69
20150511	2.67	11.11	1.81
20150512	0.39	9.46	1.39
20150513	0.0	8.99	1.1
20150514	0.0	5.28	0.95
20150515	1.11	9.13	0.87
20150516	0.8	8.42	0.79
20150517	6.99	8.97	0.79
20150518	4.7	7.69	0.91
20150519	1.03	9.27	0.85
20150520	1.7	11.38	0.99
20150521	0.61	11.13	1.04
20150522	0.0	9.25	0.88
20150523	0.74	12.15	0.77
20150524	0.01	10.35	0.72
20150525	0.0	10.61	0.66
20150526	0.0	10.94	0.59
20150527	7.24	7.82	0.68
20150528	0.8	7.96	0.62
20150529	0.86	8.11	0.61
20150530	8.48	9.88	0.6
20150531	0.35	7.69	0.66
20150601	17.49	8.68	0.71
20150602	0.81	9.07	0.73
20150603	0.0	8.88	0.57
20150604	0.15	11.82	0.54
20150605	0.87	11.77	0.53
20150606	0.73	10.09	0.5
20150607	0.02	10.19	0.44
20150608	0.04	9.66	0.41
20150609	0.0	12.21	0.4
20150610	0.0	14.18	0.39
20150611	0.0	14.3	0.38
20150612	0.22	14.85	0.37
20150613	1.71	8.75	0.37
20150614	0.1	8.49	0.37
20150615	2.45	12.3	0.35
20150616	1.28	14.47	0.36
20150617	0.06	11.84	0.36
20150618	0.01	11.01	0.37
20150619	0.05	12.06	0.39
20150620	0.15	13.6	0.37
20150621	1.49	11.6	0.36
20150622	0.11	9.75	0.35
20150623	0.08	12.06	0.33
20150624	1.51	12.94	0.34
20150625	4.17	15.02	0.37
20150626	1.49	12.88	0.41
20150627	8.62	15.84	0.36
20150628	1.06	15.04	0.56
20150629	0.32	15.55	0.38
20150630	0.19	18.3	0.35
20150701	3.17	17.94	0.38
20150702	0.46	15.44	0.37
20150703	15.21	16.82	0.34
20150704	6.14	14.11	1.18
20150705	2.8	14.34	0.64
20150706	9.57	15.74	0.64
20150707	2.18	14.99	0.64
20150708	0.28	10.14	0.54
20150709	1.58	12.99	0.47
20150710	3.31	15.7	0.47
20150711	2.79	15.74	0.46
20150712	1.5	13.81	0.42
20150713	2.73	13.29	0.42
20150714	0.73	13.47	0.39
20150715	0.09	12.8	0.37
20150716	28.77	14.67	0.47
20150717	5.43	13.78	1.97
20150718	11.05	13.76	1.15
20150719	6.27	12.72	1.51
20150720	4.15	13.59	1.57
20150721	0.11	11.67	1.36
20150722	0.97	12.33	1.1
20150723	0.95	10.77	0.93
20150724	1.25	13.06	0.8
20150725	7.29	11.77	0.82
20150726	14.57	12.61	0.9
20150727	3.8	10.52	1.38
20150728	3.36	11.23	1.32
20150729	1.22	11.88	1.03
20150730	0.06	12.26	0.95
20150731	3.52	11.69	0.84
20150801	2.33	11.97	0.76
20150802	3.8	14.69	0.67
20150803	0.67	15.54	0.61
20150804	0.95	14.04	0.59
20150805	4.27	14.89	0.59
20150806	0.02	12.39	0.57
20150807	0.0	12.55	0.5
20150808	0.42	15.57	0.47
20150809	0.88	15.32	0.44
20150810	3.65	14.22	0.5
20150811	0.01	12.99	0.41
20150812	0.0	11.14	0.4
20150813	5.18	16.2	0.46
20150814	5.6	13.34	0.62
20150815	0.11	11.02	0.53
20150816	0.01	11.65	0.41
20150817	0.0	14.06	0.37
20150818	3.33	14.35	0.39
20150819	3.13	15.73	0.4
20150820	0.86	17.12	0.38
20150821	0.2	16.41	0.34
20150822	12.17	15.73	0.59
20150823	1.9	17.07	0.71
20150824	0.01	14.53	0.45
20150825	2.25	13.64	0.39
20150826	2.95	13.47	0.43
20150827	1.66	12.89	0.37
20150828	1.56	14.33	0.33
20150829	2.39	13.96	0.33
20150830	0.05	11.75	0.4
20150831	3.54	12.13	0.5
20150901	1.63	12.39	0.44
20150902	0.03	11.56	0.37
20150903	0.0	11.04	0.33
20150904	0.64	12.06	0.3
20150905	0.0	10.15	0.28
20150906	0.0	12.52	0.27
20150907	0.0	14.63	0.26
20150908	0.01	11.25	0.26
20150909	0.0	11.45	0.25
20150910	0.01	13.73	0.25
20150911	1.8	14.25	0.24
20150912	9.67	10.42	0.37
20150913	1.27	11.06	0.3
20150914	2.61	9.7	0.33
20150915	0.01	10.5	0.3
20150916	0.04	12.65	0.28
20150917	1.84	12.71	0.3
20150918	0.01	10.9	0.28
20150919	0.0	13.14	0.26
20150920	6.63	13.03	0.3
20150921	1.88	11.41	0.37
20150922	0.07	10.5	0.31
20150923	0.38	10.87	0.32
20150924	1.76	10.3	0.33
20150925	0.06	12.15	0.33
20150926	0.0	9.62	0.29
20150927	0.02	10.68	0.28
20150928	0.01	10.84	0.27
20150929	0.02	11.47	0.27
20150930	0.01	11.61	0.26
20151001	0.0	12.13	0.27
20151002	0.0	10.7	0.26
20151003	0.0	8.61	0.25
20151004	0.0	8.27	0.24
20151005	10.25	11.8	0.3
20151006	7.56	12.99	1.28
20151007	2.29	7.83	0.64
20151008	0.05	8.74	0.43
20151009	0.28	11.06	0.36
20151010	0.26	10.99	0.33
20151011	2.41	9.93	0.32
20151012	0.3	8.73	0.32
20151013	0.05	8.34	0.29
20151014	0.02	6.81	0.28
20151015	0.0	6.6	0.28
20151016	0.03	7.24	0.27
20151017	0.0	7.32	0.26
20151018	0.0	9.24	0.26
20151019	0.02	9.09	0.26
20151020	2.13	10.62	0.26
20151021	1.26	12.67	0.27
20151022	0.0	9.72	0.27
20151023	2.79	10.34	0.25
20151024	0.39	7.03	0.25
20151025	0.14	7.41	0.24
20151026	0.01	8.44	0.24
20151027	0.29	10.86	0.24
20151028	11.85	8.99	0.45
20151029	1.25	8.43	0.49
20151030	1.14	10.91	0.35
20151031	1.63	9.89	0.31
20151101	0.13	9.3	0.29
20151102	0.02	7.89	0.29
20151103	4.82	7.49	0.29
20151104	1.02	8.88	0.44
20151105	1.64	10.0	0.41
20151106	1.21	9.38	0.38
20151107	8.03	8.21	1.06
20151108	21.42	8.98	1.23
20151109	12.89	11.97	3.23
20151110	4.08	10.97	2.82
20151111	7.18	9.03	2.15
20151112	11.03	7.57	2.27
20151113	12.4	3.98	3.63
20151114	26.33	6.21	4.88
20151115	8.3	9.14	9.84
20151116	3.59	5.42	7.37
20151117	10.92	5.34	5.69
20151118	8.37	8.12	5.28
20151119	4.24	6.16	3.98
20151120	3.14	2.32	3.7
20151121	0.88	1.32	2.74
20151122	0.02	2.7	2.09
20151123	2.46	5.84	1.82
20151124	0.03	4.62	1.61
20151125	0.01	6.15	1.34
20151126	0.7	9.44	1.19
20151127	5.91	5.41	1.3
20151128	10.33	3.76	1.79
20151129	12.47	2.42	5.72
20151130	2.84	1.72	4.36
20151201	11.57	6.56	3.9
20151202	1.04	6.32	4.27
20151203	13.28	3.47	4.83
20151204	21.85	8.0	5.24
20151205	16.92	8.23	8.65
20151206	2.72	4.48	7.85
20151207	3.46	8.6	5.97
20151208	6.6	6.62	4.2
20151209	13.48	6.94	4.89
20151210	8.26	3.32	5.8
20151211	2.98	3.27	5.57
20151212	0.39	0.23	4.1
20151213	4.37	0.07	2.92
20151214	1.07	3.89	2.85
20151215	3.05	7.34	2.59
20151216	1.1	10.57	2.41
20151217	1.88	11.31	2.15
20151218	5.98	12.16	2.06
20151219	5.96	10.93	2.39
20151220	2.19	7.06	2.42
20151221	11.29	8.68	2.21
20151222	4.53	6.66	2.48
20151223	7.2	7.42	2.22
20151224	14.28	4.2	3.74
20151225	14.34	3.49	3.78
20151226	19.44	4.51	12.3
20151227	0.26	5.33	9.1
20151228	0.01	9.13	5.34
20151229	3.46	9.95	3.36
20151230	4.58	6.57	2.77
20151231	2.1	2.76	2.44
20160101	1.3	3.77	2.05
20160102	7.18	6.7	1.99
20160103	9.09	6.28	2.28
20160104	11.22	5.24	2.65
20160105	13.95	4.97	6.75
20160106	3.11	5.48	7.1
20160107	8.24	2.07	6.14
20160108	0.37	-0.54	4.36
20160109	12.27	2.37	3.98
20160110	8.58	2.88	5.81
20160111	10.14	3.56	4.85
20160112	3.73	2.02	5.55
20160113	4.44	0.1	4.25
20160114	0.01	-0.1	3.22
20160115	0.02	-0.02	2.35
20160116	0.53	-1.31	1.89
20160117	2.07	0.45	1.65
20160118	3.39	0.92	1.75
20160119	0.3	1.48	1.68
20160120	0.04	0.95	1.58
20160121	13.14	4.25	1.56
20160122	4.52	8.01	4.76
20160123	6.89	8.51	3.42
20160124	0.35	11.72	3.6
20160125	8.61	8.73	2.78
20160126	13.57	7.97	4.87
20160127	10.5	3.58	6.93
20160128	11.07	7.14	5.02
20160129	6.52	3.53	5.61
20160130	3.43	1.72	4.95
20160131	10.1	5.87	4.33
20160201	9.52	6.77	5.52
20160202	0.35	3.88	5.27
20160203	1.73	3.76	3.36
20160204	0.19	5.85	2.7
20160205	4.33	5.56	2.5
20160206	2.6	4.77	2.49
20160207	13.82	4.21	4.12
20160208	0.97	4.75	3.45
20160209	0.32	3.69	2.63
20160210	0.01	2.96	2.08
20160211	1.93	0.81	1.83
20160212	6.33	1.59	1.7
20160213	7.78	-0.21	3.53
20160214	0.23	0.96	2.34
20160215	0.02	1.24	1.82
20160216	17.02	3.6	2.15
20160217	0.47	0.68	3.85
20160218	0.72	2.52	2.78
20160219	5.17	5.07	2.56
20160220	1.86	4.19	2.39
20160221	0.18	3.86	2.15
20160222	0.0	3.73	1.83
20160223	0.01	1.65	1.56
20160224	0.0	1.17	1.38
20160225	0.0	1.52	1.26
20160226	0.0	1.6	1.16
20160227	0.0	1.4	1.07
20160228	0.01	2.96	0.99
20160229	15.91	5.94	1.45
20160301	0.47	4.75	2.98
20160302	1.04	2.64	1.81
20160303	2.7	4.68	1.52
20160304	0.6	4.03	1.44
20160305	0.06	2.62	1.26
20160306	0.23	1.59	1.15
20160307	0.68	2.78	1.05
20160308	6.19	4.9	1.04
20160309	0.12	3.63	1.17
20160310	0.1	4.1	1.01
20160311	1.3	6.24	0.96
20160312	0.24	7.56	0.9
20160313	0.04	6.66	0.86
20160314	0.0	6.75	0.88
20160315	0.35	5.92	0.82
20160316	0.2	5.04	0.78
20160317	0.08	5.36	0.74
20160318	0.0	4.87	0.71
20160319	0.0	5.59	0.67
20160320	0.0	7.71	0.63
20160321	0.0	7.53	0.6
20160322	0.0	8.41	0.57
20160323	1.43	6.68	0.55
20160324	0.23	6.06	0.67
20160325	1.8	8.91	0.68
20160326	6.11	7.24	0.65
20160327	3.71	5.06	0.61
20160328	0.05	5.55	0.57
20160329	0.28	4.93	0.52
20160330	2.48	5.93	0.53
20160331	0.76	5.48	0.55
20160401	5.98	6.56	0.53
20160402	3.73	8.15	0.52
20160403	7.28	7.97	0.56
20160404	15.68	6.14	2.13
20160405	2.75	7.5	2.3
20160406	0.53	6.42	1.5
20160407	2.13	7.8	1.16
20160408	4.41	6.95	1.06
20160409	0.1	5.58	1.12
20160410	1.85	6.02	0.93
20160411	0.2	6.44	0.83
20160412	6.19	5.95	1.2
20160413	1.54	5.76	1.21
20160414	0.02	5.92	1.05
20160415	0.78	3.46	0.93
20160416	0.19	3.76	1.0
20160417	0.08	7.25	0.95
20160418	0.0	7.05	0.79
20160419	0.0	7.02	0.69
20160420	0.0	8.36	0.64
20160421	0.0	8.13	0.6
20160422	0.62	4.66	0.56
20160423	0.03	5.87	0.71
20160424	0.19	6.47	0.69
20160425	0.05	4.61	0.6
20160426	2.0	4.29	0.54
20160427	0.69	3.7	0.56
20160428	19.01	3.02	0.67
20160429	1.48	3.58	1.19
20160430	1.1	7.26	0.79
20160501	8.84	10.11	0.73
20160502	1.92	7.81	0.96
20160503	0.21	8.87	0.72
20160504	0.4	10.31	0.63
20160505	0.01	9.84	0.58
20160506	0.0	10.65	0.53
20160507	0.53	10.42	0.5
20160508	0.05	13.59	0.48
20160509	0.0	13.12	0.45
20160510	0.0	13.59	0.42
20160511	0.0	12.58	0.4
20160512	0.0	11.67	0.38
20160513	0.0	4.85	0.37
20160514	0.0	8.21	0.35
20160515	0.0	10.07	0.33
20160516	0.0	9.49	0.34
20160517	1.93	12.4	0.39
20160518	8.78	11.89	0.56
20160519	5.56	9.77	0.57
20160520	5.85	12.25	0.57
20160521	1.26	12.51	0.63
20160522	1.15	10.7	0.52
20160523	0.14	11.0	0.47
20160524	0.01	8.38	0.44
20160525	0.09	10.42	0.42
20160526	1.62	9.88	0.4
20160527	0.77	10.06	0.41
20160528	0.01	10.83	0.39
20160529	0.01	11.76	0.37
20160530	0.0	12.28	0.35
20160531	0.0	13.32	0.33
20160601	0.0	11.58	0.35
20160602	0.0	11.39	0.39
20160603	0.01	14.58	0.35
20160604	0.0	12.72	0.33
20160605	0.0	12.29	0.32
20160606	0.0	13.89	0.3
20160607	0.7	16.75	0.29
20160608	0.0	13.03	0.28
20160609	0.86	14.62	0.27
20160610	2.1	10.83	0.28
20160611	1.88	11.19	0.29
20160612	6.95	11.6	0.36
20160613	0.51	11.56	0.33
20160614	15.21	12.0	0.37
20160615	11.49	11.64	0.54
20160616	5.1	11.07	1.02
20160617	3.19	9.03	0.6
20160618	0.01	11.46	0.5
20160619	10.3	13.95	0.59
20160620	0.34	12.97	0.67
20160621	0.09	15.02	0.5
20160622	1.54	14.56	0.45
20160623	1.64	15.41	0.42
20160624	11.77	14.63	0.44
20160625	4.47	14.14	0.74
20160626	3.06	14.31	0.59
20160627	0.02	12.53	0.49
20160628	1.09	12.5	0.42
20160629	0.54	11.21	0.4
20160630	5.84	12.33	0.4
20160701	1.82	10.56	0.42
20160702	2.25	12.51	0.38
20160703	0.25	12.99	0.35
20160704	7.04	11.3	0.38
20160705	0.08	12.32	0.39
20160706	2.57	13.58	0.35
20160707	9.1	15.93	0.36
20160708	4.38	14.62	0.66
20160709	2.52	15.71	0.56
20160710	7.06	15.19	0.69
20160711	0.29	13.77	0.72
20160712	0.0	12.28	0.56
20160713	1.49	13.38	0.51
20160714	0.01	15.25	0.47
20160715	7.28	14.4	0.5
20160716	0.42	13.37	0.49
20160717	1.05	14.72	0.45
20160718	0.01	18.5	0.44
20160719	8.56	20.36	0.42
20160720	6.38	16.39	0.69
20160721	0.32	17.48	0.53
20160722	1.51	14.42	0.5
20160723	0.57	15.76	0.49
20160724	8.31	14.07	0.52
20160725	1.22	14.05	0.57
20160726	2.44	13.28	0.57
20160727	0.07	13.62	0.57
20160728	0.0	14.25	0.53
20160729	0.46	13.74	0.51
20160730	0.18	13.84	0.48
20160731	0.06	12.74	0.45
20160801	0.0	13.86	0.44
20160802	9.45	15.52	0.44
20160803	4.54	15.41	0.5
20160804	0.57	14.86	0.46
20160805	1.32	12.69	0.52
20160806	3.48	16.5	0.6
20160807	1.48	14.31	0.5
20160808	0.04	12.36	0.39
20160809	0.73	9.67	0.35
20160810	11.65	12.38	0.4
20160811	0.75	15.46	0.54
20160812	3.72	14.58	0.46
20160813	0.05	14.52	0.46
20160814	0.0	12.61	0.42
20160815	0.0	14.0	0.4
20160816	0.0	16.25	0.42
20160817	0.0	15.57	0.49
20160818	0.0	15.81	0.44
20160819	6.53	13.31	0.47
20160820	2.38	14.27	0.45
20160821	0.38	16.14	0.39
20160822	0.12	15.37	0.41
20160823	1.62	14.39	0.48
20160824	0.07	15.57	0.43
20160825	0.32	13.59	0.37
20160826	0.05	13.88	0.35
20160827	0.01	15.3	0.32
20160828	0.83	13.86	0.31
20160829	0.01	16.6	0.3
20160830	1.12	17.48	0.29
20160831	0.59	14.04	0.28
20160901	3.16	14.55	0.27
20160902	0.86	13.95	0.27
20160903	1.56	14.28	0.27
20160904	0.65	15.46	0.27
20160905	0.82	16.6	0.26
20160906	1.27	18.56	0.26
20160907	0.89	18.78	0.26
20160908	12.11	14.24	0.39
20160909	7.63	13.18	0.39
20160910	0.06	13.13	0.38
20160911	0.02	15.1	0.35
20160912	0.79	18.23	0.34
20160913	0.89	16.58	0.33
20160914	0.26	14.38	0.32
20160915	5.15	16.13	0.35
20160916	0.05	12.36	0.47
20160917	0.0	12.47	0.39
20160918	0.1	12.27	0.36
20160919	0.0	12.93	0.33
20160920	0.0	10.81	0.31
20160921	6.16	13.02	0.32
20160922	0.78	11.36	0.32
20160923	0.38	13.01	0.34
20160924	1.71	14.58	0.31
20160925	0.71	10.76	0.28
20160926	2.84	11.1	0.26
20160927	0.46	14.05	0.25
20160928	6.75	13.74	0.25
20160929	3.07	10.48	0.31
20160930	0.22	8.2	0.33
20161001	0.23	7.78	0.31
20161002	0.04	8.07	0.29
20161003	0.02	10.26	0.29
20161004	0.0	13.12	0.27
20161005	0.0	11.13	0.28
20161006	0.0	11.35	0.25
20161007	0.21	9.42	0.24
20161008	0.14	8.3	0.23
20161009	0.01	7.23	0.23
20161010	1.76	8.87	0.22
20161011	0.42	9.98	0.23
20161012	1.73	9.26	0.23
20161013	11.87	9.94	0.31
20161014	6.44	9.9	0.51
20161015	2.88	8.92	0.88
20161016	2.25	9.83	0.7
20161017	4.64	8.58	0.6
20161018	0.15	8.13	0.76
20161019	0.08	8.56	0.74
20161020	0.01	9.0	0.62
20161021	1.7	7.22	0.54
20161022	3.66	7.55	0.49
20161023	3.33	6.67	0.53
20161024	0.32	5.69	0.61
20161025	0.07	7.59	0.52
20161026	0.29	11.13	0.45
20161027	1.03	10.18	0.4
20161028	0.1	8.1	0.37
20161029	0.09	10.98	0.35
20161030	0.05	11.24	0.38
20161031	7.82	7.92	0.48
20161101	0.1	5.72	0.66
20161102	0.42	5.57	0.46
20161103	0.62	5.12	0.42
20161104	0.56	5.18	0.41
20161105	0.06	4.68	0.38
20161106	0.12	4.05	0.36
20161107	0.02	4.01	0.34
20161108	2.79	2.84	0.34
20161109	5.03	2.11	0.38
20161110	0.12	2.32	0.58
20161111	10.7	4.14	0.58
20161112	0.14	5.72	1.53
20161113	6.62	7.83	1.09
20161114	0.28	10.47	1.16
20161115	2.68	8.49	0.89
20161116	12.65	4.45	0.79
20161117	0.9	1.48	2.18
20161118	0.02	1.0	1.73
20161119	0.03	0.7	1.34
20161120	0.03	-1.9	1.09
20161121	5.35	-0.04	1.07
20161122	0.27	1.99	1.03
20161123	0.01	-0.06	0.89
20161124	0.01	-0.54	0.77
20161125	0.1	1.22	0.71
20161126	0.77	5.43	0.65
20161127	0.23	3.64	0.59
20161128	0.14	2.91	0.56
20161129	0.0	4.67	0.54
20161130	0.0	7.73	0.57
20161201	0.01	6.55	0.61
20161202	0.42	4.69	0.53
20161203	0.04	2.87	0.48
20161204	0.0	0.33	0.45
20161205	0.02	-0.39	0.43
20161206	3.9	6.24	0.43
20161207	0.49	11.56	0.46
20161208	0.83	8.53	0.4
20161209	1.04	9.76	0.4
20161210	0.33	7.32	0.4
20161211	0.03	6.57	0.4
20161212	0.09	4.2	0.38
20161213	1.5	7.01	0.38
20161214	0.27	8.54	0.4
20161215	2.11	7.38	0.38
20161216	0.71	5.06	0.39
20161217	2.13	6.1	0.39
20161218	0.04	7.0	0.44
20161219	0.0	3.47	0.42
20161220	4.43	4.08	0.43
20161221	5.21	3.54	0.58
20161222	12.22	4.55	1.33
20161223	23.04	5.79	2.54
20161224	5.58	7.39	5.07
20161225	6.9	6.32	3.97
20161226	4.09	3.41	3.56
20161227	0.01	4.62	2.66
20161228	0.0	5.88	1.93
20161229	0.08	7.83	1.51
20161230	0.07	10.56	1.26
20161231	3.28	5.23	1.12
20170101	0.07	1.92	0.97
20170102	0.01	3.1	0.86
20170103	0.0	5.62	0.8
20170104	0.0	0.22	0.7
20170105	0.3	1.21	0.64
20170106	0.53	5.79	0.62
20170107	0.08	6.1	0.61
20170108	3.64	7.79	0.66
20170109	1.78	4.89	0.89
20170110	0.67	6.75	0.88
20170111	0.75	2.36	0.63
20170112	1.62	0.5	0.56
20170113	0.01	-0.04	0.52
20170114	3.38	2.41	0.48
20170115	1.33	7.15	0.76
20170116	0.28	7.9	0.86
20170117	0.04	8.95	0.79
20170118	0.0	6.95	0.73
20170119	0.0	6.31	0.67
20170120	0.0	2.54	0.74
20170121	0.18	1.13	0.78
20170122	0.08	1.69	0.69
20170123	0.17	3.91	0.62
20170124	0.4	8.31	0.59
20170125	0.0	3.55	0.58
20170126	0.01	-0.52	0.52
20170127	3.51	-0.03	0.49
20170128	5.62	1.05	0.68
20170129	0.04	1.12	0.7
20170130	0.3	2.36	0.58
20170131	3.0	5.36	0.58
20170201	0.44	6.81	0.6
20170202	1.13	8.36	0.6
20170203	5.36	6.0	0.57
20170204	3.57	3.31	1.1
20170205	1.38	1.53	0.95
20170206	16.01	2.7	1.21
20170207	1.63	2.62	3.32
20170208	0.13	2.81	1.76
20170209	2.36	1.33	1.36
20170210	2.29	1.07	1.25
20170211	4.09	2.37	1.5
20170212	1.29	2.78	1.48
20170213	0.05	4.43	1.21
20170214	0.03	5.02	1.19
20170215	0.99	7.12	1.16
20170216	0.19	5.04	1.0
20170217	0.15	5.9	0.87
20170218	0.49	8.5	0.82
20170219	0.29	9.51	0.85
20170220	0.05	8.56	0.9
20170221	4.04	7.04	0.88
20170222	19.27	4.58	0.88
20170223	11.21	1.33	5.31
20170224	9.69	4.5	3.04
20170225	3.0	6.85	5.45
20170226	9.85	4.89	5.37
20170227	0.14	1.89	4.14
20170228	0.01	2.97	2.71
20170301	0.25	3.06	1.99
20170302	0.24	3.03	1.57
20170303	12.54	3.36	1.38
20170304	6.99	4.32	3.98
20170305	1.0	4.36	3.41
20170306	1.39	4.51	2.41
20170307	4.67	5.42	2.04
20170308	6.45	7.21	2.28
20170309	0.09	6.17	2.19
20170310	0.45	6.74	1.77
20170311	1.26	9.31	1.52
20170312	0.14	7.43	1.36
20170313	0.33	9.57	1.2
20170314	0.08	7.82	1.09
20170315	0.03	8.98	0.95
20170316	1.51	6.8	0.91
20170317	2.99	6.22	0.97
20170318	5.56	8.0	1.0
20170319	1.71	7.4	1.49
20170320	3.03	4.49	1.46
20170321	2.5	1.3	1.58
20170322	2.9	3.6	1.44
20170323	0.11	3.06	1.26
20170324	0.0	5.95	1.11
20170325	0.0	8.31	0.99
20170326	0.0	8.12	0.88
20170327	0.13	8.66	0.81
20170328	0.22	7.12	0.76
20170329	3.57	9.66	0.74
20170330	7.08	12.07	0.81
20170331	0.77	10.67	1.0
20170401	1.61	8.75	0.85
20170402	0.04	7.8	0.75
20170403	0.69	8.22	0.7
20170404	0.01	8.83	0.64
20170405	0.0	7.6	0.59
20170406	0.0	9.66	0.57
20170407	0.0	7.81	0.54
20170408	0.0	9.56	0.52
20170409	0.05	9.26	0.51
20170410	0.01	9.16	0.78
20170411	0.03	9.48	0.86
20170412	0.0	7.74	0.74
20170413	0.08	8.62	0.64
20170414	0.38	6.51	0.6
20170415	0.13	7.28	0.56
20170416	1.58	5.83	0.55
20170417	0.3	4.2	0.48
20170418	0.0	6.13	0.42
20170419	0.0	10.45	0.4
20170420	0.02	12.03	0.38
20170421	0.72	7.89	0.37
20170422	0.0	6.04	0.34
20170423	1.16	7.75	0.33
20170424	0.43	4.12	0.32
20170425	0.12	4.01	0.3
20170426	0.02	6.96	0.28
20170427	0.03	7.48	0.28
20170428	0.01	8.13	0.27
20170429	0.0	8.9	0.29
20170430	0.0	9.59	0.28
20170501	0.0	9.4	0.27
20170502	0.0	8.4	0.26
20170503	0.0	10.49	0.25
20170504	0.0	8.72	0.25
20170505	0.0	8.99	0.24
20170506	0.0	10.16	0.24
20170507	0.0	8.84	0.24
20170508	0.0	8.75	0.24
20170509	0.03	9.67	0.26
20170510	0.0	8.11	0.26
20170511	0.0	10.97	0.28
20170512	1.59	10.33	0.27
20170513	3.22	11.04	0.3
20170514	1.4	12.17	0.27
20170515	6.4	11.83	0.35
20170516	0.49	11.74	0.27
20170517	0.13	11.61	0.25
20170518	0.1	10.57	0.24
20170519	5.06	11.07	0.24
20170520	5.84	8.91	0.42
20170521	0.88	11.39	0.32
20170522	4.84	11.5	0.32
20170523	0.49	13.62	0.31
20170524	0.0	16.81	0.28
20170525	0.0	18.2	0.25
20170526	0.0	19.24	0.26
20170527	1.91	17.03	0.32
20170528	0.0	15.2	0.28
20170529	6.74	11.71	0.27
20170530	0.96	11.22	0.29
20170531	0.0	14.38	0.25
20170601	1.74	14.24	0.25
20170602	0.01	12.12	0.25
20170603	7.59	12.15	0.26
20170604	8.37	12.48	0.26
20170605	23.49	12.55	0.59
20170606	37.31	10.0	2.87
20170607	0.14	11.86	2.43
20170608	23.78	11.64	2.95
20170609	3.27	13.72	3.18
20170610	2.08	15.31	2.53
20170611	6.68	13.78	1.99
20170612	0.08	12.6	1.5
20170613	0.94	15.49	1.13
20170614	0.36	15.28	0.95
20170615	2.91	13.87	0.85
20170616	0.11	15.11	0.75
20170617	0.0	18.63	0.67
20170618	0.0	17.81	0.6
20170619	0.0	15.25	0.54
20170620	0.0	14.84	0.49
20170621	2.29	15.89	0.48
20170622	1.32	15.4	0.47
20170623	0.2	13.74	0.52
20170624	0.03	11.85	0.43
20170625	0.28	11.9	0.38
20170626	6.03	12.71	0.36
20170627	5.1	10.78	0.54
20170628	5.18	11.24	0.4
20170629	15.4	11.44	0.67
20170630	0.14	13.64	0.52
20170701	0.04	13.4	0.45
20170702	0.65	13.14	0.41
20170703	1.79	13.58	0.4
20170704	3.74	11.74	0.43
20170705	1.06	13.72	0.41
20170706	0.21	15.82	0.4
20170707	0.01	13.48	0.39
20170708	0.0	14.61	0.36
20170709	6.32	12.4	0.35
20170710	4.57	11.41	0.38
20170711	1.08	11.93	0.49
20170712	0.0	13.81	0.37
20170713	0.76	14.28	0.35
20170714	1.36	14.99	0.34
20170715	2.72	14.44	0.35
20170716	0.02	14.73	0.33
20170717	0.0	15.01	0.31
20170718	0.0	17.53	0.3
20170719	4.02	13.89	0.3
20170720	0.66	11.55	0.52
20170721	0.23	14.75	0.44
20170722	7.73	13.85	0.44
20170723	2.88	14.77	0.4
20170724	0.0	15.15	0.35
20170725	2.7	13.2	0.33
20170726	11.24	13.94	0.68
20170727	1.01	14.24	0.43
20170728	5.39	14.19	0.47
20170729	2.96	13.88	0.58
20170730	6.93	14.29	0.58
20170731	3.23	13.8	0.73
20170801	4.34	12.85	0.83
20170802	7.16	14.82	0.8
20170803	3.01	16.17	0.94
20170804	8.6	13.0	1.26
20170805	2.07	12.48	1.15
20170806	5.12	12.91	0.93
20170807	0.63	12.58	0.98
20170808	0.05	13.42	0.82
20170809	0.0	12.99	0.7
20170810	0.04	14.03	0.62
20170811	5.22	14.87	0.57
20170812	0.37	11.99	0.6
20170813	4.85	13.15	0.57
20170814	18.31	14.02	1.23
20170815	0.28	13.48	1.9
20170816	9.71	13.97	1.18
20170817	4.13	15.49	1.39
20170818	1.3	11.75	1.5
20170819	0.05	13.46	1.39
20170820	0.0	11.84	1.07
20170821	0.06	14.48	0.91
20170822	7.62	16.52	0.82
20170823	0.52	15.88	0.88
20170824	0.45	15.99	0.79
20170825	12.19	14.15	0.86
20170826	0.13	14.85	1.08
20170827	0.05	16.38	0.88
20170828	0.46	13.06	0.78
20170829	0.41	11.25	0.82
20170830	0.12	11.63	0.93
20170831	1.28	13.76	0.83
20170901	0.09	11.2	0.75
20170902	0.0	12.07	0.67
20170903	1.9	14.63	0.61
20170904	7.9	13.84	0.72
20170905	0.64	12.77	0.65
20170906	0.55	13.82	0.57
20170907	3.42	11.79	0.6
20170908	1.52	12.11	0.64
20170909	1.04	13.6	0.59
20170910	6.57	11.26	0.62
20170911	0.07	12.43	0.69
20170912	2.33	11.67	0.61
20170913	11.74	9.69	1.02
20170914	0.64	11.09	1.21
20170915	0.27	10.32	0.82
20170916	0.46	9.43	0.73
20170917	2.43	11.75	0.67
20170918	0.05	7.92	0.63
20170919	0.01	11.95	0.64
20170920	8.52	13.27	0.83
20170921	1.65	9.13	1.0
20170922	0.63	10.83	0.8
20170923	0.36	14.27	0.73
20170924	16.21	13.86	0.74
20170925	0.12	13.37	1.82
20170926	0.09	14.26	1.16
20170927	11.58	13.65	1.29
20170928	1.96	14.18	1.85
20170929	0.3	11.79	1.43
20170930	1.41	8.29	1.15
20171001	8.78	11.84	1.14
20171002	0.49	11.43	1.01
20171003	2.66	10.61	0.84
20171004	6.33	8.78	0.93
20171005	0.32	8.69	1.18
20171006	0.26	9.77	0.95
20171007	0.02	12.24	0.88
20171008	0.06	12.17	0.79
20171009	2.82	11.69	0.74
20171010	5.29	10.93	0.7
20171011	3.65	10.33	0.77
20171012	6.01	13.06	0.75
20171013	1.32	14.09	1.19
20171014	0.07	12.78	0.99
20171015	3.65	13.15	0.89
20171016	5.73	12.13	1.31
20171017	1.43	10.98	1.12
20171018	0.06	9.89	0.95
20171019	9.59	11.44	1.22
20171020	5.9	12.27	1.77
20171021	0.92	11.4	2.08
20171022	0.22	9.32	1.4
20171023	3.17	10.76	1.15
20171024	1.4	11.29	1.1
20171025	0.15	10.78	1.0
20171026	0.03	7.81	0.87
20171027	0.01	9.13	0.79
20171028	0.0	9.55	0.77
20171029	0.0	3.63	0.67
20171030	2.34	6.11	0.64
20171031	1.44	12.29	0.66
20171101	0.28	7.74	0.63
20171102	0.02	6.6	0.58
20171103	1.1	7.17	0.57
20171104	0.43	4.97	0.56
20171105	0.02	2.76	0.53
20171106	1.75	6.58	0.5
20171107	0.08	3.31	0.5
20171108	1.69	6.87	0.47
20171109	1.22	6.76	0.48
20171110	0.0	3.78	0.46
20171111	0.0	3.47	0.44
20171112	0.05	3.21	0.42
20171113	0.69	5.8	0.42
20171114	0.01	5.26	0.43
20171115	1.36	6.26	0.42
20171116	0.09	4.15	0.42
20171117	0.06	5.19	0.4
20171118	0.0	2.5	0.39
20171119	8.93	2.42	0.4
20171120	3.39	5.66	0.86
20171121	5.44	8.91	0.92
20171122	14.61	3.69	2.08
20171123	0.24	1.58	2.41
20171124	1.46	0.42	1.64
20171125	0.01	1.39	1.31
20171126	1.76	4.1	1.11
20171127	0.02	2.84	1.1
20171128	0.02	3.33	0.97
20171129	0.0	1.54	0.89
20171130	0.0	0.84	0.82
20171201	0.02	2.84	0.77
20171202	0.8	5.47	0.75
20171203	0.05	5.04	0.71
20171204	0.03	7.07	0.68
20171205	0.01	8.09	0.66
20171206	6.3	9.06	0.64
20171207	0.37	2.62	0.69
20171208	0.0	-0.11	0.56
20171209	0.0	-2.86	0.51
20171210	0.0	-4.32	0.52
20171211	0.03	-1.79	0.48
20171212	4.54	0.7	0.47
20171213	1.59	2.0	0.52
20171214	2.9	0.98	0.51
20171215	0.0	1.21	0.49
20171216	1.04	1.03	0.47
20171217	0.59	3.88	0.51
20171218	0.23	4.72	0.5
20171219	1.14	9.67	0.61
20171220	0.11	7.6	0.71
20171221	0.02	3.15	0.64
20171222	0.2	5.96	0.6
20171223	3.62	10.81	0.63
20171224	9.06	8.21	1.42
20171225	14.3	3.42	4.74
20171226	0.12	0.21	4.15
20171227	0.0	0.29	2.5
20171228	0.06	-0.96	1.74
20171229	4.49	0.12	1.41
20171230	6.17	3.87	1.39
20171231	6.62	4.05	2.82
20180101	4.73	2.28	3.74
20180102	17.81	2.23	5.44
20180103	1.17	3.65	6.99
20180104	9.15	2.71	4.88
20180105	5.58	2.21	5.25
20180106	0.0	-0.87	3.65
20180107	0.01	-3.03	2.41
20180108	0.04	-1.59	1.92
20180109	0.13	2.56	1.69
20180110	0.03	2.71	1.44
20180111	0.0	3.22	1.25
20180112	0.0	4.04	1.15
20180113	0.94	4.26	1.08
20180114	6.46	5.97	1.08
20180115	1.2	2.83	1.09
20180116	3.7	-0.45	1.06
20180117	2.15	0.84	1.05
20180118	0.58	0.63	1.14
20180119	3.79	-0.76	1.12
20180120	0.01	-1.83	1.03
20180121	2.64	0.24	0.97
20180122	4.26	5.65	1.83
20180123	22.75	7.44	4.96
20180124	5.94	5.3	7.35
20180125	0.06	3.08	4.87
20180126	2.82	3.36	3.06
20180127	1.85	7.93	2.5
20180128	9.17	7.63	2.56
20180129	0.21	4.27	3.34
20180130	8.24	3.0	2.66
20180131	0.5	1.83	2.68
20180201	0.06	3.57	2.04
20180202	1.45	3.4	1.67
20180203	3.14	1.99	1.6
20180204	0.09	2.81	1.49
20180205	1.78	0.91	1.35
20180206	0.02	-0.89	1.27
20180207	1.09	0.68	1.13
20180208	1.73	3.62	1.17
20180209	3.59	1.83	1.14
20180210	6.23	3.76	1.47
20180211	0.17	1.16	1.93
20180212	0.9	1.64	1.64
20180213	0.2	1.48	1.43
20180214	2.09	2.98	1.27
20180215	1.05	2.72	1.13
20180216	4.85	4.11	1.03
20180217	0.73	3.04	1.15
20180218	5.96	3.1	1.18
20180219	0.96	5.87	1.58
20180220	0.04	4.1	1.36
20180221	0.02	2.94	1.2
20180222	0.0	2.12	1.1
20180223	0.01	1.81	1.01
20180224	0.0	1.83	0.93
20180225	0.09	1.8	0.86
20180226	0.76	0.09	0.81
20180227	6.17	-1.41	0.79
20180228	9.42	-3.7	0.76
20180301	8.51	-1.8	0.74
20180302	3.83	-0.25	0.72
20180303	1.27	0.17	0.72
20180304	12.13	1.37	1.06
20180305	13.13	1.67	5.95
20180306	7.67	1.24	10.76
20180307	0.36	2.05	6.62
20180308	1.02	3.02	5.02
20180309	2.21	3.84	4.04
20180310	14.04	3.73	6.43
20180311	0.13	5.93	6.99
20180312	0.02	4.24	4.73
20180313	0.05	3.65	3.28
20180314	0.0	5.61	2.5
20180315	18.72	3.79	2.67
20180316	2.25	1.35	3.27
20180317	1.47	-0.68	2.93
20180318	0.42	0.16	2.35
20180319	0.0	1.92	1.96
20180320	0.0	4.04	1.71
20180321	0.14	6.54	1.53
20180322	10.08	6.96	1.42
20180323	0.38	4.85	2.44
20180324	0.06	5.88	1.81
20180325	0.02	4.81	1.51
20180326	6.87	5.97	1.37
20180327	0.51	5.16	1.68
20180328	0.34	2.89	1.43
20180329	0.36	4.22	1.26
20180330	9.44	2.95	1.65
20180331	1.59	1.45	2.0
20180401	0.07	2.49	1.57
20180402	14.17	1.97	2.14
20180403	19.71	2.29	6.01
20180404	11.21	0.39	8.55
20180405	0.16	5.89	5.16
20180406	0.54	6.97	3.76
20180407	2.52	8.02	3.04
20180408	0.13	8.31	2.5
20180409	1.74	7.61	2.1
20180410	3.89	4.99	1.91
20180411	0.13	5.45	1.75
20180412	3.06	5.83	1.53
20180413	0.3	6.84	1.43
20180414	0.01	8.14	1.29
20180415	2.43	9.71	1.22
20180416	3.8	10.2	1.35
20180417	0.22	11.52	1.34
20180418	0.23	12.5	1.11
20180419	0.08	12.11	1.0
20180420	0.0	9.31	0.93
20180421	0.08	11.45	0.87
20180422	0.62	9.91	0.84
20180423	0.93	8.79	0.78
20180424	0.29	8.08	0.74
20180425	1.99	8.12	0.74
20180426	0.39	7.22	0.7
20180427	3.5	7.25	0.72
20180428	0.7	5.87	0.67
20180429	0.04	5.57	0.62
20180430	0.0	5.5	0.56
20180501	7.83	9.34	0.56
20180502	1.46	7.35	0.65
20180503	0.77	8.8	0.54
20180504	0.06	11.64	0.52
20180505	0.0	12.17	0.51
20180506	0.0	15.05	0.5
20180507	0.0	15.06	0.48
20180508	1.18	10.03	0.48
20180509	3.61	8.35	0.49
20180510	0.17	8.22	0.47
20180511	4.2	9.51	0.48
20180512	9.63	11.68	0.53
20180513	0.12	10.22	0.73
20180514	0.0	12.06	0.49
20180515	0.02	11.39	0.45
20180516	0.0	8.71	0.42
20180517	0.0	9.41	0.41
20180518	0.0	11.78	0.4
20180519	0.02	15.23	0.39
20180520	0.2	13.46	0.38
20180521	0.0	13.68	0.36
20180522	0.0	10.9	0.35
20180523	0.0	10.4	0.4
20180524	0.0	10.96	0.43
20180525	0.0	14.72	0.4
20180526	0.01	13.42	0.38
20180527	0.01	13.0	0.36
20180528	0.01	15.63	0.35
20180529	0.0	13.54	0.34
20180530	0.05	15.62	0.33
20180531	0.0	14.71	0.34
20180601	1.73	17.58	0.34
20180602	1.38	18.51	0.34
20180603	0.08	14.77	0.34
20180604	0.0	11.98	0.33
20180605	0.0	12.21	0.32
20180606	0.0	12.9	0.31
20180607	0.0	14.28	0.3
20180608	0.0	13.14	0.29
20180609	0.93	14.36	0.29
20180610	0.19	14.99	0.29
20180611	0.45	12.57	0.28
20180612	0.02	13.97	0.28
20180613	7.08	14.02	0.3
20180614	0.21	12.06	0.33
20180615	1.72	11.74	0.28
20180616	9.66	10.29	0.44
20180617	0.23	13.11	0.35
20180618	0.0	12.13	0.31
20180619	24.24	11.88	0.5
20180620	0.32	10.56	0.73
20180621	0.02	11.98	0.39
20180622	0.0	13.31	0.34
20180623	0.0	13.72	0.33
20180624	0.0	14.99	0.32
20180625	0.0	16.87	0.29
20180626	0.0	15.85	0.28
20180627	0.0	16.88	0.28
20180628	0.0	19.13	0.28
20180629	0.0	14.41	0.28
20180630	0.0	14.91	0.27
20180701	0.0	17.07	0.27
20180702	0.0	14.08	0.26
20180703	0.0	15.79	0.26
20180704	0.0	18.12	0.26
20180705	0.0	16.78	0.28
20180706	0.0	15.02	0.26
20180707	0.0	19.12	0.26
20180708	0.14	18.26	0.26
20180709	0.03	16.05	0.28
20180710	0.02	15.77	0.27
20180711	0.2	16.39	0.28
20180712	0.15	15.58	0.29
20180713	0.21	16.19	0.28
20180714	0.0	19.23	0.29
20180715	1.55	17.92	0.3
20180716	0.06	15.83	0.31
20180717	0.97	14.74	0.31
20180718	0.05	16.38	0.31
20180719	2.18	16.96	0.31
20180720	3.22	15.58	0.34
20180721	0.06	17.33	0.32
20180722	0.0	19.09	0.32
20180723	12.48	17.35	0.46
20180724	0.0	14.26	0.43
20180725	0.0	16.43	0.34
20180726	1.06	20.1	0.32
20180727	5.38	21.03	0.34
20180728	8.53	14.29	0.47
20180729	6.06	12.81	0.62
20180730	2.81	14.17	0.45
20180731	0.27	15.06	0.39
20180801	8.2	15.88	0.44
20180802	3.82	19.03	0.5
20180803	0.01	16.23	0.42
20180804	0.14	15.93	0.38
20180805	0.4	16.71	0.36
20180806	0.83	16.59	0.36
20180807	0.05	13.53	0.35
20180808	0.23	11.93	0.34
20180809	0.61	12.75	0.33
20180810	6.51	12.16	0.33
20180811	3.05	15.31	0.36
20180812	12.44	13.45	0.5
20180813	4.64	13.66	0.92
20180814	4.16	15.84	0.55
20180815	1.55	15.06	0.47
20180816	1.5	13.88	0.4
20180817	2.32	14.04	0.37
20180818	8.27	14.79	0.41
20180819	3.14	13.14	0.57
20180820	0.34	15.33	0.43
20180821	5.32	17.3	0.38
20180822	0.12	14.0	0.4
20180823	2.17	11.5	0.39
20180824	3.81	10.88	0.4
20180825	1.0	12.71	0.36
20180826	4.14	10.73	0.38
20180827	0.09	13.86	0.35
20180828	0.08	12.72	0.31
20180829	0.01	11.59	0.3
20180830	0.01	10.45	0.28
20180831	0.01	13.91	0.28
20180901	1.14	14.36	0.27
20180902	4.65	15.96	0.27
20180903	4.38	9.79	0.32
20180904	0.08	11.15	0.29
20180905	0.11	11.49	0.28
20180906	4.62	10.13	0.28
20180907	0.04	11.46	0.28
20180908	1.34	13.62	0.29
20180909	1.48	13.32	0.32
20180910	9.03	12.47	0.33
20180911	0.34	12.04	0.39
20180912	1.08	11.42	0.32
20180913	1.99	11.94	0.32
20180914	1.81	10.16	0.33
20180915	11.19	12.04	0.36
20180916	0.74	12.26	0.5
20180917	2.39	14.25	0.36
20180918	10.29	13.45	0.37
20180919	14.07	11.12	0.97
20180920	4.39	9.45	0.79
20180921	0.7	9.44	0.59
20180922	0.01	7.39	0.49
20180923	0.09	8.35	0.45
20180924	0.01	9.97	0.42
20180925	2.73	13.04	0.39
20180926	1.17	15.14	0.39
20180927	0.18	8.48	0.37
20180928	0.0	9.3	0.34
20180929	0.6	8.73	0.34
20180930	0.15	7.54	0.32
20181001	1.88	9.18	0.32
20181002	0.19	9.13	0.32
20181003	0.17	12.01	0.33
20181004	0.08	10.23	0.32
20181005	0.0	7.3	0.3
20181006	0.02	7.21	0.3
20181007	5.67	9.99	0.31
20181008	5.56	13.11	0.32
20181009	3.92	13.13	0.31
20181010	0.07	14.33	0.29
20181011	4.14	11.14	0.3
20181012	11.83	12.88	0.46
20181013	14.23	10.75	1.21
20181014	0.04	7.36	0.82
20181015	0.01	8.8	0.61
20181016	0.13	10.69	0.55
20181017	0.05	7.28	0.49
20181018	0.0	8.31	0.44
20181019	0.42	8.93	0.42
20181020	1.08	13.34	0.4
20181021	0.29	9.39	0.39
20181022	0.04	9.69	0.37
20181023	0.0	12.25	0.37
20181024	0.0	11.05	0.33
20181025	0.94	9.01	0.33
20181026	0.01	4.76	0.33
20181027	0.12	3.52	0.31
20181028	0.09	2.69	0.3
20181029	2.12	2.56	0.39
20181030	0.84	4.31	0.56
20181031	7.86	5.43	0.58
20181101	0.12	4.07	0.66
20181102	1.76	7.96	0.61
20181103	8.08	10.98	0.68
20181104	3.4	9.91	0.93
20181105	0.12	8.43	0.9
20181106	0.13	10.67	0.77
20181107	4.1	6.94	0.68
20181108	4.08	6.88	0.71
20181109	4.66	8.29	0.79
20181110	5.32	7.24	0.86
20181111	2.95	5.82	1.16
20181112	0.74	8.43	0.97
20181113	2.1	9.45	0.82
20181114	7.42	11.54	1.21
20181115	0.58	9.65	1.12
20181116	0.08	9.88	0.92
20181117	0.02	6.29	0.79
20181118	0.21	7.03	0.71
20181119	2.67	5.73	0.73
20181120	11.24	5.62	0.87
20181121	4.93	2.93	1.98
20181122	6.74	3.97	1.63
20181123	5.62	4.63	2.51
20181124	3.21	4.33	2.17
20181125	2.66	3.15	2.08
20181126	6.57	3.14	2.59
20181127	3.04	5.26	2.78
20181128	10.63	9.45	2.43
20181129	13.44	6.87	4.3
20181130	3.92	4.66	4.19
20181201	0.29	3.81	3.1
20181202	7.62	4.2	2.66
20181203	0.1	2.15	2.77
20181204	0.04	0.93	1.99
20181205	6.44	3.44	1.98
20181206	4.92	8.4	2.14
20181207	4.52	6.39	2.48
20181208	0.16	5.38	2.2
20181209	0.02	2.49	1.7
20181210	0.05	1.72	1.41
20181211	0.01	4.88	1.25
20181212	0.0	4.03	1.13
20181213	0.0	1.22	1.02
20181214	0.0	0.97	0.94
20181215	22.18	1.99	1.28
20181216	2.54	3.49	2.01
20181217	0.22	5.6	1.82
20181218	4.32	5.75	1.87
20181219	2.02	4.46	1.76
20181220	3.58	4.73	1.73
20181221	0.7	4.85	1.71
20181222	0.17	4.2	1.49
20181223	0.0	0.9	1.29
20181224	0.18	0.34	1.11
20181225	0.22	6.21	1.02
20181226	0.04	8.73	0.96
20181227	0.1	8.49	0.89
20181228	4.57	7.4	0.87
20181229	0.32	7.53	1.0
20181230	0.08	9.54	0.99
20181231	0.02	6.58	1.02
20190101	0.0	1.19	0.87
20190102	0.01	-1.14	0.8
20190103	0.0	2.21	0.76
20190104	0.0	3.63	0.73
20190105	0.29	4.03	0.7
20190106	1.65	8.06	0.68
20190107	0.02	7.33	0.67
20190108	0.0	2.81	0.58
20190109	0.0	3.21	0.56
20190110	0.0	6.85	0.55
20190111	0.55	6.84	0.54
20190112	0.1	8.81	0.54
20190113	0.77	4.99	0.51
20190114	0.35	4.87	0.58
20190115	0.83	7.22	0.65
20190116	0.06	2.87	0.61
20190117	0.0	0.36	0.55
20190118	0.56	0.06	0.53
20190119	0.01	1.35	0.52
20190120	0.03	0.99	0.49
20190121	1.06	1.34	0.48
20190122	0.07	-1.99	0.48
20190123	0.07	-1.64	0.45
20190124	0.43	2.93	0.43
20190125	1.19	7.98	0.43
20190126	3.49	5.11	0.51
20190127	0.01	1.44	0.51
20190128	1.51	1.44	0.47
20190129	0.14	-0.88	0.55
20190130	0.01	-1.81	0.51
20190131	0.01	-3.1	0.48
20190201	0.97	-1.59	0.46
20190202	0.02	-0.86	0.43
20190203	8.89	3.22	0.49
20190204	0.05	2.17	0.71
20190205	6.36	2.13	0.83
20190206	2.29	4.19	1.04
20190207	10.41	4.57	0.98
20190208	4.86	6.47	1.88
20190209	0.17	4.23	1.21
20190210	0.03	2.76	0.89
20190211	1.05	3.7	0.75
20190212	1.08	8.19	0.73
20190213	0.27	8.85	0.7
20190214	0.0	4.41	0.66
20190215	0.3	7.17	0.64
20190216	0.06	8.89	0.62
20190217	0.39	8.25	0.6
20190218	0.38	5.69	0.56
20190219	4.96	7.16	0.68
20190220	0.67	10.21	0.91
20190221	0.09	9.89	0.8
20190222	0.05	10.37	0.74
20190223	0.58	8.57	0.69
20190224	0.02	6.29	0.63
20190225	0.01	8.2	0.6
20190226	0.01	7.45	0.56
20190227	0.01	7.23	0.54
20190228	0.04	4.97	0.52
20190301	1.93	6.55	0.51
20190302	5.11	7.5	0.59
20190303	7.27	5.98	0.61
20190304	0.3	4.68	0.82
20190305	9.35	3.0	0.73
20190306	15.69	6.24	2.74
20190307	0.61	2.76	2.73
20190308	3.75	3.47	1.77
20190309	1.07	3.56	1.5
20190310	3.82	2.22	1.36
20190311	11.23	5.55	1.26
20190312	11.34	5.02	3.09
20190313	4.53	7.66	3.09
20190314	0.26	7.53	2.73
20190315	7.15	4.15	2.14
20190316	12.58	1.7	4.81
20190317	0.13	4.26	3.21
20190318	0.09	5.88	2.11
20190319	0.12	9.0	1.7
20190320	0.46	11.78	1.43
20190321	0.03	11.19	1.25
20190322	1.98	6.62	1.1
20190323	0.25	6.72	0.95
20190324	0.3	6.56	0.89
20190325	0.0	7.64	0.92
20190326	0.0	8.84	0.92
20190327	0.0	9.41	0.86
20190328	0.0	8.48	0.8
20190329	0.0	8.55	0.74
20190330	0.19	5.08	0.68
20190331	0.05	5.82	0.63
20190401	2.98	5.37	0.62
20190402	4.36	5.1	0.65
20190403	10.75	4.01	0.71
20190404	2.63	5.65	0.95
20190405	0.94	6.89	0.81
20190406	4.71	5.46	0.92
20190407	0.3	5.38	0.94
20190408	0.0	6.79	0.96
20190409	0.01	4.06	0.9
20190410	0.01	4.63	0.83
20190411	0.0	6.36	0.76
20190412	0.0	5.11	0.7
20190413	0.0	4.94	0.65
20190414	0.03	5.52	0.6
20190415	0.0	7.93	0.58
20190416	1.12	7.16	0.56
20190417	0.0	8.4	0.52
20190418	0.0	9.92	0.49
20190419	0.0	12.84	0.47
20190420	0.0	15.4	0.44
20190421	0.0	13.93	0.43
20190422	0.0	13.91	0.42
20190423	0.0	10.2	0.4
20190424	0.28	9.92	0.39
20190425	4.4	10.12	0.4
20190426	4.6	9.88	0.54
20190427	8.04	9.82	0.74
20190428	0.05	9.14	0.68
20190429	0.0	9.75	0.55
20190430	0.11	11.34	0.52
20190501	1.14	9.92	0.5
20190502	4.28	8.6	0.53
20190503	0.5	5.25	0.43
20190504	0.06	6.18	0.34
20190505	0.44	7.94	0.33
20190506	0.16	6.05	0.32
20190507	3.69	6.94	0.33
20190508	13.53	5.59	0.64
20190509	0.45	7.04	0.62
20190510	2.31	6.97	0.5
20190511	0.0	7.53	0.45
20190512	0.0	9.87	0.38
20190513	0.0	12.15	0.35
20190514	0.0	14.1	0.33
20190515	0.0	14.17	0.32
20190516	0.0	11.74	0.31
20190517	3.32	13.0	0.31
20190518	2.5	9.99	0.33
20190519	0.43	11.78	0.32
20190520	3.29	12.18	0.3
20190521	11.54	9.77	0.42
20190522	0.01	10.87	0.33
20190523	0.0	10.85	0.29
20190524	0.0	11.69	0.28
20190525	12.77	10.87	0.34
20190526	1.25	11.63	0.54
20190527	4.04	9.22	0.33
20190528	0.23	7.69	0.31
20190529	8.06	9.89	0.32
20190530	12.4	10.75	0.82
20190531	6.46	12.51	0.88
20190601	7.65	14.56	0.92
20190602	1.63	14.34	1.18
20190603	1.23	11.52	0.96
20190604	9.68	12.08	0.95
20190605	3.62	11.32	1.39
20190606	0.01	10.49	1.19
20190607	2.23	12.72	0.99
20190608	2.58	11.81	0.98
20190609	0.15	10.46	0.85
20190610	0.57	11.38	0.76
20190611	0.01	10.41	0.68
20190612	3.29	9.85	0.66
20190613	2.72	9.29	0.7
20190614	0.5	11.93	0.62
20190615	0.2	12.09	0.55
20190616	3.23	12.49	0.54
20190617	1.5	13.14	0.52
20190618	0.08	12.31	0.47
20190619	1.13	13.38	0.44
20190620	0.55	11.07	0.43
20190621	0.04	11.1	0.4
20190622	0.01	14.09	0.37
20190623	7.91	15.75	0.42
20190624	10.06	13.38	1.48
20190625	0.01	13.1	0.73
20190626	0.0	13.9	0.51
20190627	0.0	16.32	0.43
20190628	0.0	15.74	0.41
20190629	9.75	17.93	0.79
20190630	1.89	14.67	0.6
20190701	0.0	13.69	0.42
20190702	0.0	12.32	0.35
20190703	0.0	14.67	0.33
20190704	0.44	14.27	0.33
20190705	0.25	12.97	0.33
20190706	0.02	13.3	0.31
20190707	0.0	11.46	0.3
20190708	4.68	14.65	0.3
20190709	20.54	14.91	0.67
20190710	3.69	17.4	1.07
20190711	1.41	17.15	0.77
20190712	9.17	17.73	0.84
20190713	0.5	16.55	0.96
20190714	0.0	15.12	0.72
20190715	0.0	15.93	0.59
20190716	0.2	17.67	0.54
20190717	5.88	13.92	0.56
20190718	0.52	14.75	0.58
20190719	11.62	16.58	0.64
20190720	0.7	15.92	0.83
20190721	8.09	16.66	0.83
20190722	0.13	19.05	1.4
20190723	11.78	20.55	1.17
20190724	0.0	17.99	2.42
20190725	0.47	21.08	1.14
20190726	5.33	19.19	1.01
20190727	12.33	16.87	1.78
20190728	0.71	17.64	1.24
20190729	0.36	15.57	0.98
20190730	0.44	17.71	0.86
20190731	1.25	17.22	0.77
20190801	0.17	17.03	0.68
20190802	0.0	15.6	0.62
20190803	1.0	17.3	0.58
20190804	7.5	16.78	0.61
20190805	3.21	16.32	0.61
20190806	18.45	15.1	0.97
20190807	9.02	15.44	3.47
20190808	10.19	16.28	2.47
20190809	22.55	15.45	6.78
20190810	15.86	17.34	6.86
20190811	14.76	11.22	7.75
20190812	0.39	11.91	6.72
20190813	0.56	12.07	3.72
20190814	1.64	13.75	2.2
20190815	4.22	14.98	1.62
20190816	9.6	15.48	1.91
20190817	2.73	14.08	2.38
20190818	1.3	13.58	1.65
20190819	0.24	13.86	1.29
20190820	2.47	12.92	1.12
20190821	5.48	13.62	1.07
20190822	4.56	16.2	1.07
20190823	0.07	16.88	1.03
20190824	0.0	17.37	0.95
20190825	0.0	18.61	0.89
20190826	0.0	15.7	0.85
20190827	0.76	16.34	0.82
20190828	0.02	13.55	0.78
20190829	10.27	14.6	0.78
20190830	12.95	15.93	0.94
20190831	3.02	12.58	1.34
20190901	1.55	12.06	1.16
20190902	2.11	13.04	1.03
20190903	2.5	12.41	0.95
20190904	2.51	10.72	1.01
20190905	2.84	13.24	0.94
20190906	0.03	11.36	0.87
20190907	0.0	10.03	0.81
20190908	15.44	11.91	0.81
20190909	6.54	12.49	1.84
20190910	7.15	13.24	1.8
20190911	0.43	13.82	1.91
20190912	0.34	11.87	1.48
20190913	0.05	13.0	1.25
20190914	1.05	12.62	1.11
20190915	0.0	9.85	0.98
20190916	0.0	10.99	0.91
20190917	0.0	11.35	0.85
20190918	0.0	12.94	0.81
20190919	0.02	12.41	0.77
20190920	0.03	14.22	0.73
20190921	0.02	14.43	0.68
20190922	20.73	13.59	1.17
20190923	3.52	14.51	1.55
20190924	12.45	15.25	1.92
20190925	12.44	14.07	2.5
20190926	2.23	12.26	2.85
20190927	7.15	9.07	2.38
20190928	0.42	11.74	1.9
20190929	0.07	10.5	1.47
20190930	0.78	9.25	1.24
20191001	0.12	7.07	1.24
20191002	0.0	7.13	1.24
20191003	5.34	8.25	1.24
20191004	0.53	9.34	1.24
20191005	19.64	10.08	1.24
20191006	6.68	10.21	1.24
20191007	2.27	11.87	1.24
20191008	1.82	10.61	1.24
20191009	1.04	10.14	1.24
20191010	5.15	10.45	1.24
20191011	0.48	9.05	1.24
20191012	0.45	8.41	1.24
20191013	16.79	6.78	1.24
20191014	0.2	8.92	1.24
20191015	1.02	10.13	1.24
20191016	1.39	7.33	1.24
20191017	1.81	8.36	1.24
20191018	25.67	8.48	1.24
20191019	0.27	8.0	1.24
20191020	0.0	4.96	1.24
20191021	0.02	6.35	1.24
20191022	0.06	9.79	1.24
20191023	1.37	10.71	1.24
20191024	0.49	6.52	1.24
20191025	0.07	4.21	1.24
20191026	0.02	5.79	1.24
20191027	0.01	5.16	1.24
20191028	0.2	4.36	1.24
20191029	0.84	5.08	1.24
20191030	0.08	4.65	1.24
20191031	3.72	5.94	1.24
20191101	17.61	8.21	1.24
20191102	3.3	8.51	1.24
20191103	10.94	8.78	1.24
20191104	22.94	7.65	1.24
20191105	0.15	5.32	1.24
20191106	7.03	4.69	1.24
20191107	5.91	3.3	1.24
20191108	0.07	2.41	1.24
20191109	0.59	2.4	1.24
20191110	6.47	2.5	1.24
20191111	3.44	3.66	1.24
20191112	0.42	2.23	1.24
20191113	0.36	0.11	1.24
20191114	0.03	2.82	1.24
20191115	0.55	4.17	1.24
20191116	0.59	2.33	1.24
20191117	0.02	1.53	1.24
20191118	0.01	-0.17	1.24
20191119	2.4	-0.12	1.24
20191120	0.04	3.8	1.24
20191121	0.9	4.97	1.24
20191122	5.6	5.9	1.24
20191123	13.11	7.74	1.24
20191124	0.24	6.79	1.24
20191125	4.54	7.16	1.24
20191126	10.36	7.33	1.24
20191127	1.43	6.56	1.24
20191128	0.1	2.79	1.24
20191129	0.0	-0.02	1.24
20191130	0.01	-1.01	1.24
20191201	0.98	-0.15	1.24
20191202	5.25	5.51	1.24
20191203	0.08	5.11	1.24
20191204	0.66	6.62	1.24
20191205	5.79	8.94	1.24
20191206	0.17	7.56	1.24
20191207	22.31	7.41	1.24
20191208	13.86	4.18	1.24
20191209	2.3	4.57	1.24
20191210	9.34	7.34	1.24
20191211	3.24	3.18	1.24
20191212	2.07	3.27	1.24
20191213	0.5	3.47	1.24
20191214	4.52	2.24	1.24
20191215	2.75	1.91	1.24
20191216	0.92	3.21	1.24
20191217	0.12	2.19	1.24
20191218	5.9	3.54	1.24
20191219	8.54	7.24	1.24
20191220	0.1	4.97	1.24
20191221	0.36	3.66	1.24
20191222	0.58	3.91	1.24
20191223	1.0	5.27	1.24
20191224	0.41	2.81	1.24
20191225	0.02	3.22	1.24
20191226	0.99	4.68	1.24
20191227	3.34	7.57	1.24
20191228	0.24	9.07	1.24
20191229	0.05	9.71	1.24
20191230	0.19	3.97	1.24
20191231	0.13	1.98	1.24
20200101	0.0	6.2	1.24
20200102	8.31	6.58	1.24
20200103	0.17	5.06	1.24
20200104	0.11	7.54	1.24
20200105	0.33	8.48	1.24
20200106	6.42	6.92	1.24
20200107	11.32	8.09	1.24
20200108	1.63	3.37	1.24
20200109	0.74	0.9	1.24
20200110	16.81	5.55	1.24
20200111	15.65	6.19	1.24
20200112	0.38	3.74	1.24
20200113	3.22	4.87	1.24
20200114	3.34	3.86	1.24
20200115	0.19	5.3	1.24
20200116	2.71	5.76	1.24
20200117	0.06	3.09	1.24
20200118	0.0	2.44	1.24
20200119	0.08	3.62	1.24
20200120	0.0	6.85	1.24
20200121	0.01	8.91	1.24
20200122	0.0	8.55	1.24
20200123	0.07	7.34	1.24
20200124	0.12	6.95	1.24
20200125	0.53	6.53	1.24
20200126	1.17	3.7	1.24
20200127	6.99	2.13	1.24
20200128	1.31	1.72	1.24
20200129	13.96	5.02	1.24
20200130	2.32	7.77	1.24
20200131	3.54	9.34	1.24
20200201	2.62	4.52	1.24
20200202	9.16	4.12	1.24
20200203	1.47	3.85	1.24
20200204	0.06	5.05	1.24
20200205	0.0	5.21	1.24
20200206	0.01	3.09	1.24
20200207	1.8	3.69	1.24
20200208	36.45	5.9	1.24
20200209	5.2	5.24	1.24
20200210	20.25	1.65	1.24
20200211	4.04	1.99	1.24
20200212	2.93	1.45	1.24
20200213	4.44	2.53	1.24
20200214	3.47	5.57	1.24
20200215	14.48	6.51	1.24
20200216	7.83	5.28	1.24
20200217	4.97	4.72	1.24
20200218	5.6	3.52	1.24
20200219	9.53	5.68	1.24
20200220	7.89	3.85	1.24
20200221	33.04	5.82	1.24
20200222	7.62	2.94	1.24
20200223	3.19	3.55	1.24
20200224	9.0	1.29	1.24
20200225	0.13	1.95	1.24
20200226	0.09	2.16	1.24
20200227	0.04	2.95	1.24
20200228	16.16	4.08	1.24
20200229	14.14	4.0	1.24
20200301	1.79	3.54	1.24
20200302	0.84	4.27	1.24
20200303	0.17	4.1	1.24
20200304	0.0	3.01	1.24
20200305	0.01	2.86	1.24
20200306	0.34	3.81	1.24
20200307	4.25	7.85	1.24
20200308	2.09	5.41	1.24
20200309	7.32	6.23	1.24
20200310	4.72	6.33	1.24
20200311	4.1	4.15	1.24
20200312	5.67	3.78	1.24
20200313	0.52	4.83	1.24
20200314	6.06	6.67	1.24
20200315	0.33	5.62	1.24
20200316	4.22	6.39	1.24
20200317	5.92	6.38	1.24
20200318	0.7	3.81	1.24
20200319	0.06	3.86	1.24
20200320	0.03	5.36	1.24
20200321	0.0	3.02	1.24
20200322	0.0	4.03	1.24
20200323	0.0	7.5	1.24
20200324	0.11	10.1	1.24
20200325	1.54	8.6	1.24
20200326	0.84	6.53	1.24
20200327	0.25	4.4	1.24
20200328	0.13	4.73	1.24
20200329	0.0	5.1	1.24
20200330	0.35	7.77	1.24
20200331	0.05	7.58	1.24
20200401	0.02	8.12	1.24
20200402	0.01	4.77	1.24
20200403	0.06	5.15	1.24
20200404	0.01	6.96	1.24
20200405	0.03	12.93	1.24
20200406	0.01	7.22	1.24
20200407	0.0	9.35	1.24
20200408	0.53	10.32	1.24
20200409	0.0	7.14	1.24
20200410	0.77	11.22	1.24
20200411	0.05	11.19	1.24
20200412	0.18	7.96	1.24
20200413	0.0	3.76	1.24
20200414	0.0	7.49	1.24
20200415	0.0	9.86	1.24
20200416	0.0	7.18	1.24
20200417	0.0	6.38	1.24
20200418	0.0	6.11	1.24
20200419	0.0	7.56	1.24
20200420	0.0	7.7	1.24
20200421	0.0	8.46	1.24
20200422	0.0	9.67	1.24
20200423	0.0	8.08	1.24
20200424	0.0	10.9	1.24
20200425	0.0	9.8	1.24
20200426	0.0	8.11	1.24
20200427	0.61	7.74	1.24
20200428	0.02	7.6	1.24
20200429	8.02	6.62	1.24
20200430	0.23	7.7	1.24
20200501	3.76	9.44	1.24
20200502	0.01	10.11	1.24
20200503	1.97	9.38	1.24
20200504	0.07	6.45	1.24
20200505	0.0	7.08	1.24
20200506	0.0	9.64	1.24
20200507	0.01	13.27	1.24
20200508	0.0	12.01	1.24
20200509	3.92	11.71	1.24
20200510	0.03	3.63	1.24
20200511	0.01	7.6	1.24
20200512	1.3	6.19	1.24
20200513	0.0	4.83	1.24
20200514	0.0	8.74	1.24
20200515	0.21	10.59	1.24
20200516	0.11	11.75	1.24
20200517	1.9	11.6	1.24
20200518	1.82	13.0	1.24
20200519	0.17	14.77	1.24
20200520	0.09	13.83	1.24
20200521	4.61	14.26	1.24
20200522	4.05	10.84	1.24
20200523	1.36	10.43	1.24
20200524	0.01	10.51	1.24
20200525	0.01	13.71	1.24
20200526	0.0	12.57	1.24
20200527	0.0	13.61	1.24
20200528	0.0	16.55	1.24
20200529	0.0	17.4	1.24
20200530	0.0	13.96	1.24
20200531	0.0	13.56	1.24
20200601	0.0	15.86	1.24
20200602	8.19	14.75	1.24
20200603	0.2	10.65	1.24
20200604	5.59	8.99	1.24
20200605	3.58	9.98	1.24
20200606	1.81	12.81	1.24
20200607	0.02	10.63	1.24
20200608	0.0	10.82	1.24
20200609	8.36	11.55	1.24
20200610	2.13	10.09	1.24
20200611	0.03	12.73	1.24
20200612	1.21	14.35	1.24
20200613	0.49	12.5	1.24
20200614	0.12	14.79	1.24
20200615	0.77	14.05	1.24
20200616	0.39	15.09	1.24
20200617	0.0	15.1	1.24
20200618	3.02	14.17	1.24
20200619	1.75	14.86	1.24
20200620	7.9	16.03	1.24
20200621	2.56	12.57	1.24
20200622	3.85	14.27	1.24
20200623	1.41	15.18	1.24
20200624	0.0	18.24	1.24
20200625	0.05	18.72	1.24
20200626	6.38	16.07	1.24
20200627	13.48	14.49	1.24
20200628	5.93	12.77	1.24
20200629	1.69	13.16	1.24
20200630	2.05	14.72	1.24
20200701	1.89	10.73	1.24
20200702	7.87	12.17	1.24
20200703	5.87	10.75	1.24
20200704	13.32	13.17	1.24
20200705	4.24	11.62	1.24
20200706	0.02	13.07	1.24
20200707	2.39	13.0	1.24
20200708	0.5	12.75	1.24
20200709	5.72	13.71	1.24
20200710	0.68	12.76	1.24
20200711	0.0	12.38	1.24
20200712	0.85	16.41	1.24
20200713	1.43	14.01	1.24
20200714	0.5	14.71	1.24
20200715	0.0	15.34	1.24
20200716	0.05	17.57	1.24
20200717	0.19	14.27	1.24
20200718	0.0	12.42	1.24
20200719	0.02	13.0	1.24
20200720	0.07	12.5	1.24
20200721	8.87	14.63	1.24
20200722	5.19	13.13	1.24
20200723	0.33	15.9	1.24
20200724	15.21	15.7	1.24
20200725	0.15	15.12	1.24
20200726	4.78	13.59	1.24
20200727	20.64	12.38	1.24
20200728	0.01	12.96	1.24
20200729	0.43	12.68	1.24
20200730	3.48	13.81	1.24
20200731	3.97	19.1	1.24
20200801	0.61	14.13	1.24
20200802	0.1	12.07	1.24
20200803	4.7	12.76	1.24
20200804	32.69	13.84	1.24
20200805	2.85	14.19	1.24
20200806	0.01	17.15	1.24
20200807	0.63	15.74	1.24
20200808	0.0	14.64	1.24
20200809	0.0	14.76	1.24
20200810	4.21	16.12	1.24
20200811	78.82	17.64	1.24
20200812	0.13	19.09	1.24
20200813	0.27	16.56	1.24
20200814	0.08	15.24	1.24
20200815	0.14	14.98	1.24
20200816	0.24	13.45	1.24
20200817	3.28	14.06	1.24
20200818	0.23	15.59	1.24
20200819	3.46	16.79	1.24
20200820	0.75	17.15	1.24
20200821	6.41	15.69	1.24
20200822	0.07	15.05	1.24
20200823	1.57	12.12	1.24
20200824	3.99	12.01	1.24
20200825	33.83	12.42	1.24
20200826	2.97	11.94	1.24
20200827	9.63	11.5	1.24
20200828	0.37	10.74	1.24
20200829	0.0	10.62	1.24
20200830	0.0	11.4	1.24
20200831	0.0	10.82	1.24
20200901	0.01	13.49	1.24
20200902	9.98	14.07	1.24
20200903	1.31	14.05	1.24
20200904	1.22	12.32	1.24
20200905	0.08	12.73	1.24
20200906	2.44	13.84	1.24
20200907	0.14	14.71	1.24
20200908	3.77	15.06	1.24
20200909	0.01	11.24	1.24
20200910	0.19	11.31	1.24
20200911	5.26	12.23	1.24
20200912	10.11	12.73	1.24
20200913	0.24	16.19	1.24
20200914	0.2	16.16	1.24
20200915	1.1	15.43	1.24
20200916	0.05	9.98	1.24
20200917	0.0	12.83	1.24
20200918	0.0	12.78	1.24
20200919	0.34	12.13	1.24
20200920	0.0	11.44	1.24
20200921	0.0	13.46	1.24
20200922	0.53	9.65	1.24
20200923	1.21	7.23	1.24
20200924	0.46	7.99	1.24
20200925	0.03	8.12	1.24
20200926	0.0	6.78	1.24
20200927	0.0	8.08	1.24
20200928	0.07	8.49	1.24
20200929	1.83	10.03	1.24
20200930	24.2	10.27	1.24
20201001	0.34	7.61	1.24
20201002	3.29	10.01	1.24
20201003	57.39	10.17	1.24
20201004	3.36	12.02	1.24
20201005	2.41	11.03	1.24
20201006	0.09	11.82	1.24
20201007	0.0	9.89	1.24
20201008	1.4	8.73	1.24
20201009	0.66	7.4	1.24
20201010	0.12	9.18	1.24
20201011	4.62	9.77	1.24
20201012	4.41	7.58	1.24
20201013	4.59	9.67	1.24
20201014	0.63	8.22	1.24
20201015	0.14	7.16	1.24
20201016	0.07	8.07	1.24
20201017	0.13	8.28	1.24
20201018	3.01	8.56	1.24
20201019	18.42	9.99	1.24
20201020	1.84	10.56	1.24
20201021	2.11	11.4	1.24
20201022	2.21	8.34	1.24
20201023	5.57	7.32	1.24
20201024	0.73	7.18	1.24
20201025	1.65	8.48	1.24
20201026	1.33	7.98	1.24
20201027	9.75	6.73	1.24
20201028	0.33	7.02	1.24
20201029	8.5	10.2	1.24
20201030	2.64	8.0	1.24
20201031	7.52	10.24	1.24
20201101	7.99	8.4	1.24
20201102	5.08	7.12	1.24
20201103	0.21	5.89	1.24
20201104	0.33	8.25	1.24
20201105	0.05	8.36	1.24
20201106	0.1	6.12	1.24
20201107	0.02	5.43	1.24
20201108	10.8	8.23	1.24
20201109	0.14	9.54	1.24
20201110	1.12	10.27	1.24
20201111	6.46	9.76	1.24
20201112	2.41	8.65	1.24
20201113	0.95	7.41	1.24
20201114	4.51	9.49	1.24
20201115	3.7	8.24	1.24
20201116	3.97	10.11	1.24
20201117	1.87	13.07	1.24
20201118	4.47	7.66	1.24
20201119	0.08	3.07	1.24
20201120	3.37	7.7	1.24
20201121	1.13	6.53	1.24
20201122	0.18	4.94	1.24
20201123	4.37	8.46	1.24
20201124	1.97	7.64	1.24
20201125	0.02	4.77	1.24
20201126	0.04	3.67	1.24
20201127	0.15	3.32	1.24
20201128	0.01	2.6	1.24
20201129	0.61	4.29	1.24
20201130	0.51	5.91	1.24
20201201	0.23	5.59	1.24
20201202	5.87	3.49	1.24
20201203	19.58	0.83	1.24
20201204	31.59	4.25	1.24
20201205	1.28	3.09	1.24
20201206	0.41	2.44	1.24
20201207	8.58	3.15	1.24
20201208	1.54	4.86	1.24
20201209	0.08	3.91	1.24
20201210	9.18	4.7	1.24
20201211	2.65	5.75	1.24
20201212	4.22	5.07	1.24
20201213	12.01	6.4	1.24
20201214	0.16	5.99	1.24
20201215	2.58	5.77	1.24
20201216	1.78	7.42	1.24
20201217	2.62	7.83	1.24
20201218	8.33	9.57	1.24
20201219	4.13	6.78	1.24
20201220	0.24	5.97	1.24
20201221	1.43	3.46	1.24
20201222	0.09	3.15	1.24
20201223	0.01	1.45	1.24
20201224	0.05	0.51	1.24
20201225	2.05	3.17	1.24
20201226	15.97	3.32	1.24
20201227	0.41	0.32	1.24
20201228	2.71	-0.31	1.24
20201229	0.09	0.27	1.24
20201230	1.62	-0.99	1.24
20201231	2.15	1.7	1.24
20210101	0.03	0.65	1.24
20210102	0.14	0.31	1.24
20210103	4.76	1.65	1.24
20210104	1.79	1.58	1.24
20210105	0.15	0.03	1.24
20210106	1.62	-0.6	1.24
20210107	1.1	-0.5	1.24
20210108	0.0	-3.01	1.24
20210109	0.63	0.39	1.24
20210110	0.72	4.52	1.24
20210111	6.74	3.84	1.24
20210112	0.01	0.83	1.24
20210113	16.95	-0.22	1.24
20210114	2.95	0.6	1.24
20210115	10.34	1.55	1.24
20210116	0.22	4.08	1.24
20210117	2.84	3.78	1.24
20210118	0.6	3.02	1.24
20210119	8.66	0.92	1.24
20210120	14.42	0.95	1.24
20210121	0.59	2.5	1.24
20210122	0.02	0.09	1.24
20210123	0.01	-1.37	1.24
20210124	0.01	-0.64	1.24
20210125	2.23	2.41	1.24
20210126	2.97	1.13	1.24
20210127	4.15	1.89	1.24
20210128	11.13	2.73	1.24
20210129	2.64	1.42	1.24
20210130	0.79	0.6	1.24
20210131	0.28	0.29	1.24
20210201	3.8	1.02	1.24
20210202	18.06	1.72	1.24
20210203	16.24	1.57	1.24
20210204	40.16	3.43	1.24
20210205	13.23	2.72	1.24
20210206	6.08	1.29	1.24
20210207	2.7	-0.65	1.24
20210208	7.87	-0.6	1.24
20210209	9.4	-2.6	1.24
20210210	0.64	-5.7	1.24
20210211	0.19	-4.16	1.24
20210212	0.05	-0.62	1.24
20210213	2.41	-0.97	1.24
20210214	2.48	3.59	1.24
20210215	0.93	6.51	1.24
20210216	1.34	5.9	1.24
20210217	0.95	6.97	1.24
20210218	3.12	5.83	1.24
20210219	9.71	7.33	1.24
20210220	2.48	9.07	1.24
20210221	0.04	7.4	1.24
20210222	2.13	6.74	1.24
20210223	9.59	8.61	1.24
20210224	0.48	7.67	1.24
20210225	0.15	5.83	1.24
20210226	0.01	6.89	1.24
20210227	0.0	8.32	1.24
20210228	0.0	6.21	1.24
20210301	0.0	6.28	1.24
20210302	0.0	3.01	1.24
20210303	1.35	2.87	1.24
20210304	0.1	2.95	1.24
20210305	0.0	0.99	1.24
20210306	0.03	4.05	1.24
20210307	0.91	6.49	1.24
20210308	0.41	8.05	1.24
20210309	9.26	6.59	1.24
20210310	10.12	7.09	1.24
20210311	4.7	4.43	1.24
20210312	5.58	3.61	1.24
20210313	0.12	4.91	1.24
20210314	0.09	5.02	1.24
20210315	1.2	7.62	1.24
20210316	0.0	9.08	1.24
20210317	0.0	8.85	1.24
20210318	0.0	9.89	1.24
20210319	0.0	7.64	1.24
20210320	0.0	7.43	1.24
20210321	0.0	6.65	1.24
20210322	0.0	8.53	1.24
20210323	0.33	7.04	1.24
20210324	2.89	7.34	1.24
20210325	4.41	7.57	1.24
20210326	1.3	4.19	1.24
20210327	5.64	6.48	1.24
20210328	8.17	10.03	1.24
20210329	0.15	12.54	1.24
20210330	0.0	10.27	1.24
20210331	0.35	6.6	1.24
20210401	0.01	2.94	1.24
20210402	0.0	4.67	1.24
20210403	0.01	8.1	1.24
20210404	0.05	3.92	1.24
20210405	0.03	1.87	1.24
20210406	0.04	1.61	1.24
20210407	0.04	3.81	1.24
20210408	1.05	4.54	1.24
20210409	0.01	1.99	1.24
20210410	0.37	1.83	1.24
20210411	1.05	1.48	1.24
20210412	0.0	3.31	1.24
20210413	0.08	4.49	1.24
20210414	0.0	5.65	1.24
20210415	0.0	5.56	1.24
20210416	0.0	6.38	1.24
20210417	0.08	7.57	1.24
20210418	0.11	8.05	1.24
20210419	0.02	10.17	1.24
20210420	2.93	7.07	1.24
20210421	0.0	5.07	1.24
20210422	0.0	8.9	1.24
20210423	0.0	10.93	1.24
20210424	0.0	6.78	1.24
20210425	0.0	8.59	1.24
20210426	1.02	8.81	1.24
20210427	1.9	5.54	1.24
20210428	1.49	4.94	1.24
20210429	0.63	5.48	1.24
20210430	0.29	5.72	1.24
20210501	1.06	5.04	1.24
20210502	0.24	5.55	1.24
20210503	32.15	4.99	1.24
20210504	1.1	5.2	1.24
20210505	0.65	4.62	1.24
20210506	6.2	5.24	1.24
20210507	2.23	5.53	1.24
20210508	6.99	8.01	1.24
20210509	3.24	10.75	1.24
20210510	5.13	10.75	1.24
20210511	5.68	11.26	1.24
20210512	1.26	9.59	1.24
20210513	0.06	7.96	1.24
20210514	0.05	8.84	1.24
20210515	0.04	8.52	1.24
20210516	0.56	9.82	1.24
20210517	3.04	9.29	1.24
20210518	1.03	10.32	1.24
20210519	1.05	10.31	1.24
20210520	20.51	9.43	1.24
20210521	4.45	6.66	1.24
20210522	0.19	7.42	1.24
20210523	23.17	8.27	1.24
20210524	2.67	7.96	1.24
20210525	6.3	9.17	1.24
20210526	0.59	10.83	1.24
20210527	0.0	11.09	1.24
20210528	0.0	12.24	1.24
20210529	0.0	12.72	1.24
20210530	0.0	13.57	1.24
20210531	0.0	12.82	1.24
20210601	0.0	14.59	1.24
20210602	0.0	13.73	1.24
20210603	0.0	12.82	1.24
20210604	0.0	11.99	1.24
20210605	0.54	14.05	1.24
20210606	0.01	13.79	1.24
20210607	0.0	14.57	1.24
20210608	0.02	15.58	1.24
20210609	0.32	16.46	1.24
20210610	0.52	16.79	1.24
20210611	0.01	12.74	1.24
20210612	0.0	15.08	1.24
20210613	3.56	16.4	1.24
20210614	0.05	11.01	1.24
20210615	0.53	13.53	1.24
20210616	0.1	13.12	1.24
20210617	0.0	12.49	1.24
20210618	0.48	12.77	1.24
20210619	1.0	12.98	1.24
20210620	7.13	13.07	1.24
20210621	0.1	10.09	1.24
20210622	0.01	14.26	1.24
20210623	0.18	16.57	1.24
20210624	14.01	14.3	1.24
20210625	1.48	11.81	1.24
20210626	0.06	12.35	1.24
20210627	0.14	15.35	1.24
20210628	0.08	14.3	1.24
20210629	0.03	14.98	1.24
20210630	0.0	12.81	1.24
20210701	0.14	15.0	1.24
20210702	0.35	15.04	1.24
20210703	8.37	15.69	1.24
20210704	16.34	16.5	1.24
20210705	7.29	12.51	1.24
20210706	6.74	13.79	1.24
20210707	0.38	15.2	1.24
20210708	0.0	15.9	1.24
20210709	0.74	15.93	1.24
20210710	0.88	16.77	1.24
20210711	1.84	17.22	1.24
20210712	0.01	16.1	1.24
20210713	1.75	17.44	1.24
20210714	0.0	16.73	1.24
20210715	0.0	17.09	1.24
20210716	0.0	18.9	1.24
20210717	0.0	18.97	1.24
20210718	0.0	16.85	1.24
20210719	0.0	17.09	1.24
20210720	0.0	18.92	1.24
20210721	0.01	19.89	1.24
20210722	0.0	18.32	1.24
20210723	0.0	16.4	1.24
20210724	0.0	15.11	1.24
20210725	0.01	17.27	1.24
20210726	0.09	18.99	1.24
20210727	6.88	17.57	1.24
20210728	0.29	15.23	1.24
20210729	0.84	16.7	1.24
20210730	4.18	15.51	1.24
20210731	1.52	12.67	1.24
20210801	0.0	12.74	1.24
20210802	0.0	13.03	1.24
20210803	0.19	13.88	1.24
20210804	0.01	16.26	1.24
20210805	4.94	16.97	1.24
20210806	4.64	16.26	1.24
20210807	8.1	16.39	1.24
20210808	7.28	16.16	1.24
20210809	3.59	13.15	1.24
20210810	1.27	15.68	1.24
20210811	6.79	11.91	1.24
20210812	3.92	14.1	1.24
20210813	0.34	14.13	1.24
20210814	0.02	13.56	1.24
20210815	0.01	14.14	1.24
20210816	0.36	16.06	1.24
20210817	0.0	16.2	1.24
20210818	0.22	16.03	1.24
20210819	0.09	12.89	1.24
20210820	3.62	15.49	1.24
20210821	11.73	16.09	1.24
20210822	1.43	16.15	1.24
20210823	0.01	15.9	1.24
20210824	0.0	17.47	1.24
20210825	0.02	17.06	1.24
20210826	0.0	15.02	1.24
20210827	0.0	12.36	1.24
20210828	0.05	16.27	1.24
20210829	0.0	14.1	1.24
20210830	0.0	11.79	1.24
20210831	0.0	11.99	1.24
20210901	0.0	15.59	1.24
20210902	0.34	13.18	1.24
20210903	1.92	11.65	1.24
20210904	0.16	11.72	1.24
20210905	1.63	16.04	1.24
20210906	0.18	17.24	1.24
20210907	0.0	17.09	1.24
20210908	1.19	19.53	1.24
20210909	4.27	16.06	1.24
20210910	2.67	17.89	1.24
20210911	0.04	13.82	1.24
20210912	0.1	11.19	1.24
20210913	2.94	13.72	1.24
20210914	0.9	13.22	1.24
20210915	0.1	14.44	1.24
20210916	0.34	15.39	1.24
20210917	0.07	14.11	1.24
20210918	12.17	15.12	1.24
20210919	0.13	11.45	1.24
20210920	0.05	13.45	1.24
20210921	0.0	14.9	1.24
20210922	1.73	13.91	1.24
20210923	0.09	14.84	1.24
20210924	0.01	15.49	1.24
20210925	0.02	16.23	1.24
20210926	15.16	14.27	1.24
20210927	1.25	9.72	1.24
20210928	1.2	8.67	1.24
20210929	13.75	8.9	1.24
20210930	5.33	11.93	1.24
20211001	1.53	8.99	1.24
20211002	4.89	7.3	1.24
20211003	0.54	10.5	1.24
20211004	1.41	9.12	1.24
20211005	13.34	7.34	1.24
20211006	2.36	11.71	1.24
20211007	5.1	15.82	1.24
20211008	3.83	14.16	1.24
20211009	3.19	11.2	1.24
20211010	0.02	10.48	1.24
20211011	2.57	11.3	1.24
20211012	0.6	10.75	1.24
20211013	0.11	11.95	1.24
20211014	1.96	7.32	1.24
20211015	0.0	6.6	1.24
20211016	25.12	7.88	1.24
20211017	3.59	11.07	1.24
20211018	7.16	13.42	1.24
20211019	2.84	12.04	1.24
20211020	2.3	6.97	1.24
20211021	0.11	7.61	1.24
20211022	0.12	8.1	1.24
20211023	5.71	10.99	1.24
20211024	1.86	11.38	1.24
20211025	2.8	8.31	1.24
20211026	3.21	12.26	1.24
20211027	26.88	13.44	1.24
20211028	7.62	11.18	1.24
20211029	18.58	8.23	1.24
20211030	0.84	7.03	1.24
20211031	5.75	6.71	1.24
20211101	0.1	6.84	1.24
20211102	0.1	7.06	1.24
20211103	0.01	5.62	1.24
20211104	0.02	5.96	1.24
20211105	0.81	10.14	1.24
20211106	3.54	9.35	1.24
20211107	0.0	6.79	1.24
20211108	3.5	9.56	1.24
20211109	0.03	7.63	1.24
20211110	0.02	6.64	1.24
20211111	6.49	9.57	1.24
20211112	5.86	8.47	1.24
20211113	0.1	7.34	1.24
20211114	0.47	8.09	1.24
20211115	0.0	8.31	1.24
20211116	1.55	6.59	1.24
20211117	0.21	8.92	1.24
20211118	0.14	12.4	1.24
20211119	0.25	11.27	1.24
20211120	0.62	6.6	1.24
20211121	0.04	3.47	1.24
20211122	0.01	3.65	1.24
20211123	0.16	6.8	1.24
20211124	0.07	4.31	1.24
20211125	1.09	4.6	1.24
20211126	3.35	2.91	1.24
20211127	0.91	0.53	1.24
20211128	0.08	0.07	1.24
20211129	0.55	4.63	1.24
20211130	20.65	7.59	1.24
20211201	0.26	2.49	1.24
20211202	0.63	2.23	1.24
20211203	2.96	3.91	1.24
20211204	5.47	2.71	1.24
20211205	3.13	1.39	1.24
20211206	1.73	2.04	1.24
20211207	7.53	2.81	1.24
20211208	0.18	2.67	1.24
20211209	3.24	2.92	1.24
20211210	0.05	2.25	1.24
20211211	2.42	5.55	1.24
20211212	1.29	8.03	1.24
20211213	0.08	4.62	1.24
20211214	0.25	7.8	1.24
20211215	0.57	9.37	1.24
20211216	0.04	5.96	1.24
20211217	0.09	3.79	1.24
20211218	0.41	1.93	1.24
20211219	0.63	2.69	1.24
20211220	0.24	2.72	1.24
20211221	0.07	0.99	1.24
20211222	6.46	1.45	1.24
20211223	15.81	3.82	1.24
20211224	0.34	2.49	1.24
20211225	0.06	2.47	1.24
20211226	2.75	2.91	1.24
20211227	1.0	4.64	1.24
20211228	0.34	3.91	1.24
20211229	14.22	7.71	1.24
20211230	6.54	10.1	1.24
20211231	6.57	9.47	1.24
20220101	4.47	9.16	1.24
20220102	4.19	7.97	1.24
20220103	1.88	2.53	1.24
20220104	0.01	1.53	1.24
20220105	0.01	1.43	1.24
20220106	4.71	2.67	1.24
20220107	7.47	1.4	1.24
20220108	0.38	2.9	1.24
20220109	0.17	2.69	1.24
20220110	1.13	5.08	1.24
20220111	0.11	5.08	1.24
20220112	0.05	7.84	1.24
20220113	0.01	6.9	1.24
20220114	0.05	5.85	1.24
20220115	0.58	4.65	1.24
20220116	0.01	5.29	1.24
20220117	0.01	4.84	1.24
20220118	3.28	6.04	1.24
20220119	0.14	4.39	1.24
20220120	0.0	2.98	1.24
20220121	0.03	5.51	1.24
20220122	0.1	7.29	1.24
20220123	0.0	5.78	1.24
20220124	0.01	5.75	1.24
20220125	0.18	5.55	1.24
20220126	0.41	7.65	1.24
20220127	0.09	6.04	1.24
20220128	0.6	7.76	1.24
20220129	0.12	5.51	1.24
20220130	3.35	4.02	1.24
20220131	0.22	6.34	1.24
20220201	0.05	8.05	1.24
20220202	0.36	7.87	1.24
20220203	1.7	5.24	1.24
20220204	1.54	2.69	1.24
20220205	12.12	3.96	1.24
20220206	0.74	2.03	1.24
20220207	0.8	5.81	1.24
20220208	1.29	5.27	1.24
20220209	4.95	2.56	1.24
20220210	0.65	1.44	1.24
20220211	4.39	2.94	1.24
20220212	3.63	7.26	1.24
20220213	18.09	5.03	1.24
20220214	4.73	5.1	1.24
20220215	10.86	5.6	1.24
20220216	7.29	5.69	1.24
20220217	10.09	3.51	1.24
20220218	4.47	1.95	1.24
20220219	16.78	5.41	1.24
20220220	11.31	4.97	1.24
20220221	3.73	5.95	1.24
20220222	2.2	5.65	1.24
20220223	13.5	3.94	1.24
20220224	4.79	1.53	1.24
20220225	0.13	5.31	1.24
20220226	0.0	4.71	1.24
20220227	0.85	6.69	1.24
20220228	0.27	4.53	1.24
20220301	0.02	3.79	1.24
20220302	2.49	4.41	1.24
20220303	8.08	5.61	1.24
20220304	0.96	3.66	1.24
20220305	0.11	3.34	1.24
20220306	0.01	2.87	1.24
20220307	0.01	3.81	1.24
20220308	0.89	5.89	1.24
20220309	0.37	8.5	1.24
20220310	1.89	8.25	1.24
20220311	6.29	8.33	1.24
20220312	1.81	7.39	1.24
20220313	0.25	8.54	1.24
20220314	1.43	5.69	1.24
20220315	0.36	6.81	1.24
20220316	1.52	3.7	1.24
20220317	0.52	5.23	1.24
20220318	0.06	6.06	1.24
20220319	0.0	7.46	1.24
20220320	0.0	4.86	1.24
20220321	0.0	5.7	1.24
20220322	0.02	8.65	1.24
20220323	0.01	9.81	1.24
20220324	0.01	9.78	1.24
20220325	0.0	9.03	1.24
20220326	0.02	9.49	1.24
20220327	0.0	9.44	1.24
20220328	0.0	8.33	1.24
20220329	2.07	4.87	1.24
20220330	0.55	2.42	1.24
20220331	0.17	2.87	1.24
20220401	0.4	4.16	1.24
20220402	0.13	3.42	1.24
20220403	0.74	8.19	1.24
20220404	5.38	9.37	1.24
20220405	8.09	6.77	1.24
20220406	6.91	6.09	1.24
20220407	0.29	3.81	1.24
20220408	0.06	4.8	1.24
20220409	0.0	3.89	1.24
20220410	0.0	6.77	1.24
20220411	0.45	7.6	1.24
20220412	7.18	7.01	1.24
20220413	0.08	10.62	1.24
20220414	0.47	9.47	1.24
20220415	0.05	9.84	1.24
20220416	0.0	11.23	1.24
20220417	1.28	12.53	1.24
20220418	0.06	7.31	1.24
20220419	0.01	8.02	1.24
20220420	0.0	8.84	1.24
20220421	0.0	9.07	1.24
20220422	0.0	9.66	1.24
20220423	0.0	9.08	1.24
20220424	0.07	8.95	1.24
20220425	0.13	7.54	1.24
20220426	0.06	5.99	1.24
20220427	0.0	5.08	1.24
20220428	0.0	7.01	1.24
20220429	0.0	10.04	1.24
20220430	4.02	10.79	1.24
20220501	0.09	12.13	1.24
20220502	1.49	7.87	1.24
20220503	0.98	9.49	1.24
20220504	1.4	11.29	1.24
20220505	1.42	12.72	1.24
20220506	0.43	12.23	1.24
20220507	0.06	10.17	1.24
20220508	0.01	13.08	1.24
20220509	6.38	10.16	1.24
20220510	4.34	10.87	1.24
20220511	0.1	10.12	1.24
20220512	2.04	10.64	1.24
20220513	0.23	11.16	1.24
20220514	0.0	11.47	1.24
20220515	2.79	12.55	1.24
20220516	8.15	10.07	1.24
20220517	2.67	13.19	1.24
20220518	2.73	13.4	1.24
20220519	0.05	12.93	1.24
20220520	1.27	12.11	1.24
20220521	0.84	12.47	1.24
20220522	2.77	12.39	1.24
20220523	0.32	11.79	1.24
20220524	2.9	11.71	1.24
20220525	1.3	10.62	1.24
20220526	0.51	10.7	1.24
20220527	0.06	10.71	1.24
20220528	0.0	9.75	1.24
20220529	0.42	10.14	1.24
20220530	1.88	9.14	1.24
20220531	1.85	10.32	1.24
20220601	0.38	11.09	1.24
20220602	0.08	13.0	1.24
20220603	0.0	10.84	1.24
20220604	0.0	10.72	1.24
20220605	0.0	11.12	1.24
20220606	0.0	10.61	1.24
20220607	0.45	12.35	1.24
20220608	4.73	11.48	1.24
20220609	1.02	14.03	1.24
20220610	4.33	14.84	1.24
20220611	1.39	12.44	1.24
20220612	0.54	11.1	1.24
20220613	0.04	12.32	1.24
20220614	0.01	13.62	1.24
20220615	0.04	15.36	1.24
20220616	1.64	15.87	1.24
20220617	1.87	12.79	1.24
20220618	0.0	12.83	1.24
20220619	0.0	10.91	1.24
20220620	1.67	16.42	1.24
20220621	0.0	15.44	1.24
20220622	0.0	16.09	1.24
20220623	0.91	17.51	1.24
20220624	3.13	16.82	1.24
20220625	4.7	13.59	1.24
20220626	1.71	13.08	1.24
20220627	3.78	13.92	1.24
20220628	6.4	13.62	1.24
20220629	3.89	14.2	1.24
20220630	0.3	14.59	1.24
20220701	3.87	14.82	1.24
20220702	0.31	13.93	1.24
20220703	0.08	13.65	1.24
20220704	0.0	13.5	1.24
20220705	0.88	15.85	1.24
20220706	0.0	14.75	1.24
20220707	0.0	17.88	1.24
20220708	0.0	15.37	1.24
20220709	0.0	17.52	1.24
20220710	0.0	19.07	1.24
20220711	0.01	20.19	1.24
20220712	0.0	15.79	1.24
20220713	0.1	13.85	1.24
20220714	2.6	15.39	1.24
20220715	0.63	14.4	1.24
20220716	0.1	17.33	1.24
20220717	0.03	18.73	1.24
20220718	0.02	21.86	1.24
20220719	0.02	22.52	1.24
20220720	0.0	17.42	1.24
20220721	0.01	15.8	1.24
20220722	0.27	14.71	1.24
20220723	10.97	16.89	1.24
20220724	7.49	17.04	1.24
20220725	2.28	13.3	1.24
20220726	0.0	12.03	1.24
20220727	0.05	15.19	1.24
20220728	0.58	15.47	1.24
20220729	1.5	17.74	1.24
20220730	0.14	16.84	1.24
20220731	0.01	13.14	1.24
20220801	5.52	16.93	1.24
20220802	3.18	18.03	1.24
20220803	1.1	15.08	1.24
20220804	0.03	12.05	1.24
20220805	0.4	13.31	1.24
20220806	0.23	15.44	1.24
20220807	0.0	17.19	1.24
20220808	0.02	17.48	1.24
20220809	0.0	17.34	1.24
20220810	0.0	17.38	1.24
20220811	0.0	18.19	1.24
20220812	0.0	17.9	1.24
20220813	0.0	18.74	1.24
20220814	15.69	18.84	1.24
20220815	23.91	15.12	1.24
20220816	1.76	13.36	1.24
20220817	0.13	13.63	1.24
20220818	1.02	15.09	1.24
20220819	1.65	13.4	1.24
20220820	0.7	14.06	1.24
20220821	1.31	14.0	1.24
20220822	4.3	13.83	1.24
20220823	9.52	16.87	1.24
20220824	0.98	14.17	1.24
20220825	0.12	14.62	1.24
20220826	2.6	13.72	1.24
20220827	0.06	15.66	1.24
20220828	0.0	15.52	1.24
20220829	0.6	14.86	1.24
20220830	0.15	11.06	1.24
20220831	0.0	11.96	1.24
20220901	0.01	13.71	1.24
20220902	0.04	16.67	1.24
20220903	11.81	16.72	1.24
20220904	7.9	16.85	1.24
20220905	1.37	18.02	1.24
20220906	10.91	15.66	1.24
20220907	9.45	16.32	1.24
20220908	23.18	15.49	1.24
20220909	0.85	12.39	1.24
20220910	0.05	13.53	1.24
20220911	15.45	14.54	1.24
20220912	0.0	12.84	1.24
20220913	0.0	12.8	1.24
20220914	0.0	12.06	1.24
20220915	0.07	10.94	1.24
20220916	0.0	9.71	1.24
20220917	0.0	11.61	1.24
20220918	0.53	11.95	1.24
20220919	0.07	13.23	1.24
20220920	0.09	13.78	1.24
20220921	5.0	16.01	1.24
20220922	1.37	11.2	1.24
20220923	0.87	10.79	1.24
20220924	0.01	10.69	1.24
20220925	1.87	11.12	1.24
20220926	0.39	8.86	1.24
20220927	0.18	9.21	1.24
20220928	0.41	10.86	1.24
20220929	0.36	12.41	1.24
20220930	18.55	11.09	1.24
