date	precipitation	temperature	discharge_spec
19960930	0.93	7.78	1.17
19961001	0.06	7.74	0.63
19961002	0.52	10.28	0.45
19961003	15.76	9.97	2.01
19961004	1.46	6.46	1.85
19961005	4.41	9.19	0.8
19961006	0.49	11.6	0.74
19961007	0.98	8.09	0.72
19961008	0.02	8.57	0.61
19961009	0.03	7.5	0.48
19961010	0.0	8.41	0.39
19961011	4.64	10.49	0.33
19961012	0.19	11.14	0.56
19961013	0.05	13.41	0.66
19961014	12.13	11.88	0.55
19961015	4.31	7.66	1.45
19961016	5.28	6.6	1.66
19961017	5.08	8.44	1.18
19961018	5.26	10.47	1.54
19961019	1.45	10.11	1.8
19961020	5.87	10.87	1.67
19961021	0.06	8.83	2.18
19961022	0.04	11.8	0.96
19961023	0.02	13.79	0.67
19961024	4.14	12.87	0.54
19961025	13.71	8.99	0.95
19961026	4.83	9.1	4.02
19961027	4.67	10.68	2.58
19961028	6.25	7.2	3.34
19961029	0.21	4.93	2.54
19961030	1.58	8.89	1.15
19961031	3.86	9.15	1.47
19961101	1.26	10.66	1.56
19961102	3.94	12.32	1.03
19961103	4.72	9.84	1.76
19961104	11.5	7.71	3.16
19961105	17.62	7.84	8.01
19961106	8.69	3.59	8.97
19961107	0.09	1.79	3.29
19961108	5.28	4.56	2.07
19961109	0.27	1.51	2.1
19961110	0.07	1.44	1.31
19961111	12.4	3.14	2.88
19961112	0.4	1.6	4.53
19961113	3.87	2.96	1.73
19961114	0.52	6.93	1.94
19961115	0.21	7.82	1.61
19961116	5.06	5.74	1.4
19961117	0.23	-0.96	2.3
19961118	0.15	-2.13	1.3
19961119	8.8	0.34	1.17
19961120	1.06	-1.7	1.91
19961121	2.76	0.21	1.24
19961122	1.06	-1.14	1.39
19961123	0.91	-0.54	1.15
19961124	7.1	1.37	1.29
19961125	2.01	1.5	3.81
19961126	0.12	0.33	2.72
19961127	0.03	-1.21	1.38
19961128	4.82	1.2	1.0
19961129	1.44	3.22	2.0
19961130	0.94	3.66	2.13
19961201	13.21	4.87	4.04
19961202	3.13	2.71	4.79
19961203	15.08	1.78	6.4
19961204	2.5	0.81	6.69
19961205	0.02	-0.71	3.14
19961206	0.06	-1.26	1.55
19961207	0.7	2.25	1.12
19961208	0.33	4.95	2.67
19961209	0.11	4.45	2.37
19961210	0.01	3.16	1.54
19961211	0.07	2.08	1.16
19961212	0.17	0.87	0.94
19961213	0.15	-0.77	0.78
19961214	1.64	4.46	0.72
19961215	2.15	4.94	1.06
19961216	0.53	3.24	1.19
19961217	3.25	2.45	0.97
19961218	21.12	4.45	4.35
19961219	2.67	1.83	13.14
19961220	0.02	1.12	2.95
19961221	0.0	-0.1	1.57
19961222	0.17	1.12	1.11
19961223	0.17	-0.27	0.92
19961224	0.03	-0.89	0.76
19961225	0.26	-1.13	0.67
19961226	3.17	-0.76	0.54
19961227	1.07	0.24	0.58
19961228	0.08	0.41	0.61
19961229	1.18	1.38	0.66
19961230	2.48	-0.36	0.76
19961231	1.26	-1.51	0.69
19970101	0.12	-1.76	0.63
19970102	1.25	-1.03	0.59
19970103	0.67	-0.73	0.55
19970104	0.01	-1.47	0.51
19970105	0.39	-0.98	0.48
19970106	0.93	-0.62	0.48
19970107	0.03	-1.32	0.49
19970108	0.12	-0.71	0.47
19970109	0.07	0.11	0.45
19970110	0.1	-0.52	0.45
19970111	2.69	4.21	1.15
19970112	0.17	8.29	4.09
19970113	0.03	6.38	1.82
19970114	0.09	5.66	1.06
19970115	0.06	3.17	0.76
19970116	0.08	2.28	0.65
19970117	0.2	4.52	0.58
19970118	0.02	3.16	0.52
19970119	0.38	1.89	0.48
19970120	0.06	-0.01	0.45
19970121	0.13	-0.5	0.37
19970122	0.26	-1.74	0.39
19970123	0.08	1.21	0.4
19970124	4.48	4.76	0.47
19970125	0.07	4.3	0.94
19970126	0.05	5.66	0.76
19970127	0.47	1.77	0.63
19970128	0.16	1.33	0.53
19970129	0.13	0.84	0.44
19970130	0.0	0.39	0.46
19970131	0.26	1.35	0.38
19970201	2.14	2.71	0.46
19970202	0.24	1.71	0.47
19970203	41.23	4.35	8.34
19970204	1.63	1.83	18.66
19970205	0.28	2.98	2.98
19970206	2.79	5.97	2.07
19970207	0.01	3.52	1.96
19970208	6.73	5.26	1.22
19970209	10.61	6.0	2.5
19970210	4.22	3.97	11.35
19970211	7.48	5.77	2.88
19970212	10.8	5.93	11.22
19970213	0.32	2.56	4.25
19970214	0.07	2.47	1.94
19970215	0.62	3.54	1.31
19970216	9.97	5.0	2.19
19970217	28.32	5.36	22.16
19970218	2.78	2.22	7.54
19970219	16.93	4.89	13.27
19970220	8.47	5.76	6.43
19970221	0.02	6.36	4.17
19970222	5.74	8.09	2.0
19970223	3.18	5.21	3.14
19970224	6.81	3.53	2.75
19970225	8.03	4.08	3.71
19970226	3.48	2.8	5.03
19970227	11.36	5.77	5.0
19970228	2.2	5.79	6.87
19970301	13.78	6.37	3.84
19970302	0.65	3.5	8.11
19970303	0.09	1.97	2.29
19970304	0.1	4.31	1.5
19970305	5.45	2.97	1.96
19970306	0.08	4.78	2.01
19970307	2.15	4.34	1.34
19970308	0.07	3.94	1.16
19970309	0.14	6.61	0.94
19970310	0.05	4.32	0.8
19970311	0.02	8.57	0.72
19970312	0.12	7.43	0.66
19970313	8.01	7.77	0.99
19970314	1.48	8.62	1.94
19970315	3.16	9.09	1.84
19970316	1.08	8.29	2.62
19970317	4.68	7.99	2.0
19970318	4.69	6.47	3.73
19970319	0.44	5.13	3.08
19970320	0.02	4.43	1.53
19970321	0.0	4.21	1.06
19970322	11.68	7.01	1.57
19970323	3.36	6.8	3.96
19970324	1.67	6.73	2.69
19970325	2.13	8.3	2.13
19970326	1.32	7.52	2.33
19970327	9.12	4.85	3.5
19970328	0.02	5.6	2.49
19970329	0.0	7.28	1.31
19970330	0.0	6.52	0.94
19970331	0.0	7.37	0.75
19970401	0.03	8.49	0.65
19970402	1.68	7.39	0.6
19970403	1.09	2.44	0.57
19970404	5.25	5.83	0.58
19970405	2.09	7.15	1.62
19970406	0.6	7.78	1.52
19970407	0.05	8.9	0.98
19970408	0.0	7.18	0.77
19970409	0.02	7.48	0.62
19970410	0.03	8.74	0.52
19970411	0.0	4.0	0.47
19970412	0.0	7.26	0.44
19970413	0.0	7.99	0.42
19970414	0.02	7.41	0.41
19970415	0.02	6.3	0.4
19970416	0.0	9.05	0.38
19970417	0.0	7.61	0.38
19970418	0.31	6.95	0.37
19970419	0.0	3.61	0.36
19970420	0.81	4.46	0.36
19970421	1.66	3.89	0.36
19970422	0.05	3.68	0.36
19970423	12.32	8.76	0.39
19970424	4.27	6.11	1.08
19970425	0.01	5.12	1.05
19970426	0.14	7.11	0.64
19970427	7.01	11.01	0.54
19970428	3.26	9.8	1.64
19970429	0.24	7.74	1.58
19970430	0.0	10.61	0.86
19970501	0.05	12.0	0.61
19970502	0.06	12.1	0.48
19970503	11.21	11.09	0.44
19970504	32.2	8.86	8.6
19970505	4.19	1.75	13.22
19970506	1.01	2.94	2.82
19970507	2.88	4.18	1.59
19970508	1.87	3.29	1.76
19970509	0.37	6.12	1.67
19970510	7.21	7.26	1.34
19970511	5.1	7.49	1.85
19970512	3.07	8.45	1.83
19970513	1.22	9.15	1.49
19970514	0.02	8.04	0.96
19970515	0.15	10.79	0.7
19970516	9.93	10.27	0.61
19970517	0.41	11.09	2.22
19970518	1.95	10.49	1.32
19970519	6.49	12.33	1.41
19970520	0.22	9.25	1.37
19970521	0.77	6.32	1.0
19970522	0.07	5.15	0.7
19970523	0.03	4.91	0.55
19970524	0.0	9.04	0.47
19970525	0.2	11.68	0.42
19970526	0.0	12.62	0.39
19970527	0.0	10.82	0.37
19970528	0.0	12.76	0.35
19970529	0.0	14.83	0.34
19970530	0.0	15.82	0.32
19970531	0.0	12.89	0.31
19970601	0.01	11.11	0.3
19970602	0.01	10.93	0.3
19970603	0.03	10.53	0.29
19970604	0.0	13.45	0.27
19970605	2.66	15.67	0.27
19970606	1.0	17.13	0.27
19970607	6.75	15.37	0.3
19970608	0.55	11.74	0.29
19970609	0.26	12.91	0.3
19970610	5.11	15.47	0.28
19970611	11.28	11.71	0.35
19970612	2.87	12.73	1.03
19970613	10.55	11.59	0.94
19970614	0.9	8.82	2.06
19970615	0.56	8.44	0.82
19970616	0.14	11.87	0.54
19970617	3.01	12.1	0.45
19970618	4.42	12.78	0.48
19970619	3.93	10.91	0.49
19970620	8.71	11.62	0.7
19970621	0.81	11.75	1.83
19970622	0.6	12.2	0.93
19970623	0.0	10.47	0.56
19970624	0.79	11.0	0.42
19970625	9.02	9.41	0.77
19970626	1.22	9.12	0.97
19970627	6.58	9.88	0.8
19970628	3.64	10.25	2.03
19970629	0.02	10.1	1.36
19970630	23.31	9.98	1.14
19970701	5.28	9.03	9.54
19970702	4.31	11.18	2.75
19970703	2.98	10.17	2.1
19970704	0.15	12.28	1.27
19970705	0.0	15.01	0.78
19970706	1.45	16.56	0.58
19970707	0.0	15.58	0.48
19970708	0.0	16.42	0.4
19970709	0.05	17.91	0.34
19970710	0.0	16.8	0.31
19970711	0.0	17.04	0.29
19970712	10.33	16.22	0.31
19970713	10.84	13.65	0.93
19970714	0.8	13.89	1.05
19970715	4.31	15.54	0.59
19970716	0.08	12.32	0.59
19970717	0.74	13.55	0.57
19970718	0.0	13.62	0.45
19970719	0.0	16.29	0.37
19970720	0.02	16.53	0.32
19970721	0.0	16.3	0.3
19970722	0.03	16.74	0.28
19970723	7.93	16.75	0.29
19970724	10.23	14.7	0.76
19970725	0.95	14.58	0.72
19970726	11.57	12.57	1.4
19970727	6.34	15.7	0.81
19970728	0.26	13.75	1.04
19970729	5.98	15.78	0.83
19970730	10.38	13.68	1.34
19970731	11.76	13.89	5.18
19970801	0.72	12.85	6.06
19970802	0.0	13.18	1.89
19970803	0.03	13.49	0.97
19970804	0.0	14.61	0.63
19970805	0.02	15.49	0.48
19970806	0.0	17.32	0.41
19970807	0.02	17.74	0.37
19970808	0.03	20.76	0.34
19970809	1.79	16.06	0.33
19970810	0.04	20.27	0.32
19970811	0.37	19.07	0.32
19970812	0.0	19.57	0.31
19970813	6.55	18.11	0.33
19970814	0.01	16.52	0.44
19970815	0.06	16.22	0.39
19970816	0.03	18.16	0.35
19970817	0.27	16.62	0.33
19970818	0.03	18.72	0.32
19970819	3.59	20.61	0.29
19970820	1.56	20.22	0.27
19970821	10.22	14.25	0.36
19970822	0.08	13.71	0.33
19970823	2.5	13.66	0.36
19970824	0.06	13.23	0.31
19970825	0.06	13.6	0.29
19970826	0.83	15.13	0.28
19970827	3.12	12.52	0.29
19970828	2.03	12.8	0.27
19970829	1.58	11.88	0.28
19970830	1.35	12.32	0.27
19970831	2.59	13.27	0.27
19970901	1.59	11.55	0.27
19970902	5.09	14.33	0.27
19970903	4.45	12.9	0.44
19970904	7.54	13.04	0.77
19970905	3.38	12.29	0.87
19970906	10.05	12.56	1.43
19970907	0.16	14.0	1.69
19970908	0.13	11.99	0.73
19970909	0.07	10.77	0.49
19970910	0.04	12.31	0.39
19970911	9.92	12.43	0.42
19970912	2.57	8.07	0.6
19970913	1.43	8.81	0.53
19970914	3.93	12.2	0.46
19970915	11.5	12.32	0.64
19970916	15.19	11.23	8.73
19970917	0.22	10.83	3.42
19970918	0.05	8.79	1.19
19970919	0.0	9.07	0.7
19970920	0.0	10.16	0.51
19970921	0.13	9.99	0.43
19970922	0.0	10.19	0.37
19970923	0.07	10.22	0.33
19970924	0.0	11.37	0.31
19970925	0.02	12.98	0.3
19970926	0.12	10.93	0.29
19970927	0.06	10.59	0.28
19970928	5.49	13.26	0.27
19970929	0.0	11.22	0.29
19970930	2.69	12.15	0.36
19971001	0.04	11.2	0.34
19971002	0.02	10.13	0.33
19971003	0.11	12.64	0.32
19971004	1.26	12.63	0.3
19971005	0.24	12.96	0.3
19971006	2.78	10.81	0.3
19971007	3.73	9.43	0.33
19971008	9.39	10.92	0.58
19971009	10.71	10.12	1.67
19971010	0.93	7.63	2.88
19971011	0.1	5.76	1.39
19971012	0.23	5.57	0.74
19971013	0.0	4.1	0.53
19971014	5.95	5.64	0.45
19971015	6.03	8.62	0.82
19971016	0.97	12.13	2.07
19971017	0.01	13.65	1.46
19971018	0.12	11.43	0.81
19971019	0.29	9.05	0.57
19971020	0.11	5.41	0.47
19971021	0.05	4.21	0.41
19971022	0.05	5.29	0.37
19971023	0.12	3.57	0.35
19971024	0.0	3.14	0.33
19971025	0.0	6.45	0.31
19971026	0.0	5.95	0.31
19971027	0.1	5.17	0.3
19971028	0.03	1.71	0.29
19971029	0.48	3.31	0.27
19971030	0.64	7.56	0.27
19971031	0.1	8.35	0.28
19971101	1.95	9.31	0.29
19971102	0.01	8.36	0.3
19971103	0.34	6.65	0.29
19971104	2.46	7.49	0.29
19971105	1.55	8.91	0.3
19971106	0.26	5.67	0.35
19971107	6.33	3.65	0.38
19971108	2.36	4.3	0.68
19971109	2.89	4.83	1.01
19971110	5.91	6.67	1.23
19971111	5.5	5.95	2.47
19971112	0.96	5.57	1.66
19971113	0.1	3.39	1.04
19971114	0.64	6.6	0.79
19971115	0.18	10.73	0.7
19971116	2.45	11.71	0.68
19971117	4.13	11.52	0.75
19971118	0.76	9.82	0.99
19971119	1.95	8.97	0.81
19971120	9.9	5.45	1.76
19971121	0.04	4.75	2.47
19971122	0.08	4.72	1.17
19971123	2.5	5.7	0.81
19971124	1.55	6.12	0.84
19971125	1.23	6.05	1.08
19971126	2.97	7.19	0.94
19971127	0.17	6.61	1.14
19971128	4.74	6.94	1.08
19971129	0.74	6.16	1.91
19971130	0.01	-0.07	1.13
19971201	0.31	-2.29	0.75
19971202	0.31	-1.6	0.57
19971203	0.43	0.21	0.49
19971204	0.13	1.69	0.49
19971205	13.84	6.05	0.94
19971206	5.29	8.23	8.63
19971207	5.37	8.31	2.88
19971208	5.89	7.65	4.77
19971209	15.84	7.97	3.76
19971210	12.62	7.29	12.15
19971211	3.87	3.26	12.02
19971212	1.52	2.95	2.98
19971213	0.52	4.03	2.05
19971214	0.08	3.82	1.5
19971215	0.06	2.78	1.15
19971216	0.0	2.38	0.91
19971217	1.39	2.53	0.75
19971218	8.55	4.92	2.15
19971219	11.53	4.75	4.22
19971220	1.29	5.56	6.4
19971221	0.1	5.12	2.59
19971222	3.08	4.0	1.59
19971223	4.97	6.95	2.27
19971224	8.29	6.64	5.05
19971225	8.62	5.09	5.86
19971226	0.75	4.09	3.86
19971227	4.76	3.48	2.06
19971228	1.57	1.27	3.37
19971229	0.38	3.07	2.14
19971230	6.9	6.34	1.89
19971231	2.9	2.79	3.06
19980101	9.5	4.42	3.76
19980102	5.53	5.72	4.41
19980103	1.37	3.84	3.65
19980104	10.46	1.82	3.16
19980105	0.39	1.01	3.84
19980106	5.64	2.92	2.88
19980107	8.09	2.65	5.83
19980108	23.44	5.85	14.04
19980109	0.01	10.46	10.75
19980110	0.0	9.62	2.67
19980111	0.44	8.09	1.68
19980112	3.23	7.29	1.31
19980113	11.79	4.88	2.93
19980114	4.08	4.0	4.98
19980115	8.25	3.27	5.0
19980116	3.84	2.93	5.0
19980117	4.32	4.97	3.99
19980118	3.58	1.94	4.98
19980119	0.58	-1.03	2.75
19980120	1.54	-0.39	1.61
19980121	3.6	3.91	1.63
19980122	4.3	6.47	3.01
19980123	1.4	3.55	3.14
19980124	0.27	1.08	1.91
19980125	0.05	1.39	1.35
19980126	0.0	0.08	1.1
19980127	0.0	-0.84	0.94
19980128	0.11	-0.34	0.82
19980129	0.03	1.79	0.76
19980130	0.16	2.01	0.71
19980131	0.18	1.62	0.68
19980201	0.8	1.23	0.67
19980202	0.14	0.58	0.63
19980203	0.47	1.78	0.59
19980204	0.44	4.54	0.63
19980205	0.27	6.21	0.63
19980206	4.95	4.11	0.68
19980207	0.32	4.08	0.97
19980208	0.43	7.68	0.8
19980209	4.86	7.34	0.98
19980210	12.66	7.49	3.29
19980211	11.84	9.57	14.07
19980212	0.3	10.11	3.84
19980213	0.07	9.51	1.88
19980214	0.77	9.74	1.34
19980215	0.43	9.77	1.14
19980216	0.44	5.43	0.93
19980217	0.08	7.21	0.83
19980218	1.66	6.24	0.76
19980219	0.01	8.8	0.75
19980220	0.22	8.07	0.71
19980221	6.44	3.3	0.74
19980222	1.11	5.25	1.24
19980223	0.03	8.61	0.96
19980224	0.0	7.43	0.77
19980225	0.43	6.88	0.66
19980226	0.08	6.13	0.59
19980227	4.93	2.07	0.65
19980228	2.08	-0.38	0.94
19980301	19.73	0.99	1.84
19980302	15.02	5.98	8.27
19980303	5.78	4.29	10.44
19980304	2.11	2.02	3.55
19980305	2.58	1.5	2.25
19980306	28.09	3.71	10.37
19980307	4.46	4.52	15.55
19980308	0.41	0.86	3.73
19980309	0.45	2.65	2.03
19980310	13.37	4.75	4.43
19980311	0.09	2.17	4.3
19980312	6.33	3.85	3.27
19980313	0.04	6.13	2.59
19980314	0.0	8.64	1.61
19980315	0.43	8.47	1.24
19980316	0.22	7.25	1.05
19980317	0.04	7.43	0.96
19980318	0.12	4.07	0.81
19980319	0.14	6.07	0.7
19980320	0.0	7.58	0.65
19980321	0.03	4.58	0.6
19980322	0.0	7.08	0.56
19980323	3.88	5.63	0.53
19980324	0.54	5.98	0.6
19980325	8.17	8.41	0.63
19980326	4.01	7.63	3.39
19980327	0.62	8.76	2.17
19980328	0.06	9.11	1.32
19980329	5.47	10.27	0.96
19980330	0.1	9.35	2.09
19980331	0.45	8.01	1.09
19980401	1.08	4.7	0.79
19980402	16.65	5.29	1.02
19980403	2.42	7.56	7.46
19980404	4.59	7.68	3.01
19980405	3.84	7.21	2.9
19980406	3.99	6.95	2.02
19980407	2.56	6.24	2.24
19980408	14.55	4.64	8.47
19980409	0.9	2.7	4.02
19980410	0.51	2.4	1.74
19980411	1.5	1.33	1.29
19980412	0.48	1.84	1.05
19980413	0.01	0.64	0.82
19980414	0.26	0.62	0.69
19980415	0.82	1.92	0.63
19980416	7.5	3.56	0.68
19980417	0.04	4.61	1.75
19980418	0.04	5.53	1.09
19980419	4.2	8.17	0.76
19980420	1.8	6.07	0.88
19980421	0.92	9.46	1.18
19980422	8.38	10.73	1.36
19980423	1.26	9.66	2.95
19980424	3.71	9.25	1.41
19980425	1.97	8.76	1.43
19980426	3.83	7.43	1.39
19980427	1.44	6.24	1.86
19980428	5.51	7.42	1.6
19980429	0.71	10.07	1.4
19980430	0.0	5.76	0.87
19980501	0.0	6.49	0.68
19980502	0.3	7.87	0.57
19980503	0.0	8.94	0.51
19980504	2.91	10.11	0.49
19980505	12.72	7.62	1.17
19980506	6.16	8.97	2.64
19980507	4.75	10.2	3.45
19980508	0.19	11.46	2.18
19980509	0.0	10.42	1.12
19980510	0.36	10.43	0.74
19980511	9.01	7.96	0.64
19980512	0.03	11.67	1.5
19980513	0.05	14.29	0.96
19980514	0.01	15.91	0.68
19980515	0.0	14.22	0.56
19980516	0.0	13.85	0.49
19980517	0.0	14.21	0.46
19980518	0.0	13.73	0.43
19980519	0.0	15.33	0.36
19980520	0.23	11.76	0.35
19980521	0.0	9.53	0.34
19980522	0.04	10.88	0.31
19980523	0.3	12.09	0.3
19980524	0.2	12.84	0.3
19980525	0.69	10.69	0.29
19980526	0.74	7.9	0.29
19980527	8.8	7.72	0.32
19980528	16.92	10.27	0.35
19980529	10.17	10.08	9.23
19980530	10.47	10.33	2.56
19980531	0.35	10.76	3.78
19980601	0.11	8.86	1.48
19980602	22.01	6.65	4.59
19980603	0.58	7.83	4.85
19980604	0.0	9.96	1.66
19980605	2.85	12.04	0.93
19980606	16.41	12.46	3.73
19980607	2.34	11.82	4.53
19980608	10.16	11.7	3.94
19980609	8.32	11.98	4.07
19980610	12.73	9.26	7.77
19980611	2.78	7.11	4.15
19980612	0.0	7.8	2.17
19980613	7.18	10.24	1.36
19980614	5.78	9.28	2.29
19980615	0.32	10.33	2.58
19980616	3.93	9.0	1.5
19980617	0.02	11.67	1.68
19980618	1.97	14.28	0.9
19980619	0.02	15.73	0.7
19980620	0.45	19.32	0.63
19980621	0.96	14.62	0.52
19980622	6.8	13.18	0.46
19980623	5.06	15.35	0.6
19980624	4.51	12.31	1.79
19980625	1.59	13.29	1.18
19980626	3.74	12.06	1.03
19980627	4.38	11.88	1.55
19980628	1.14	12.59	1.17
19980629	3.16	11.72	0.87
19980630	0.48	11.23	0.98
19980701	0.14	11.29	0.76
19980702	0.0	13.49	0.6
19980703	0.0	15.22	0.48
19980704	2.37	15.41	0.4
19980705	0.38	12.22	0.39
19980706	0.0	10.38	0.38
19980707	0.4	13.32	0.36
19980708	4.74	13.29	0.36
19980709	0.04	12.33	0.46
19980710	6.4	13.14	0.58
19980711	6.17	12.25	0.5
19980712	14.13	11.56	5.47
19980713	1.98	12.17	2.64
19980714	1.67	12.41	1.07
19980715	0.52	12.29	0.66
19980716	4.96	13.72	0.52
19980717	6.74	11.42	0.81
19980718	2.01	11.84	1.42
19980719	5.26	14.26	1.51
19980720	11.8	14.69	1.97
19980721	6.32	13.55	5.49
19980722	16.03	14.55	5.6
19980723	1.26	12.16	8.24
19980724	2.7	12.01	2.26
19980725	0.03	12.73	1.36
19980726	5.91	13.21	0.93
19980727	1.71	14.62	1.37
19980728	8.04	14.04	1.02
19980729	8.26	13.01	4.61
19980730	6.09	13.6	5.23
19980731	2.38	13.97	3.08
19980801	0.26	11.75	1.87
19980802	5.38	14.79	1.08
19980803	14.06	13.74	9.54
19980804	1.29	13.88	2.53
19980805	13.76	14.58	1.52
19980806	3.54	14.15	9.33
19980807	7.89	14.65	3.73
19980808	1.31	15.52	6.69
19980809	0.03	17.15	2.25
19980810	0.05	16.94	1.22
19980811	1.44	17.1	0.86
19980812	6.74	12.53	1.68
19980813	9.01	13.79	1.38
19980814	3.28	12.84	5.99
19980815	0.08	13.68	2.33
19980816	21.57	13.94	3.99
19980817	0.01	11.56	10.99
19980818	0.0	12.51	2.04
19980819	1.34	13.62	1.18
19980820	14.27	12.35	5.44
19980821	0.89	11.32	5.18
19980822	0.72	11.93	1.62
19980823	4.4	10.97	1.27
19980824	0.0	10.48	1.27
19980825	5.24	10.91	1.04
19980826	0.06	7.97	1.32
19980827	0.0	11.57	0.9
19980828	0.0	13.63	0.68
19980829	0.01	13.65	0.57
19980830	0.03	14.75	0.5
19980831	15.1	14.18	0.48
19980901	15.96	12.56	9.59
19980902	0.0	14.25	2.64
19980903	0.2	13.35	1.21
19980904	0.0	14.82	0.84
19980905	0.04	14.28	0.66
19980906	0.16	15.86	0.57
19980907	4.52	16.97	0.51
19980908	11.15	14.16	0.8
19980909	18.88	14.35	8.37
19980910	7.06	12.13	9.23
19980911	5.49	8.91	3.06
19980912	3.28	7.64	2.72
19980913	0.04	8.82	1.87
19980914	0.03	11.3	1.13
19980915	0.36	9.43	0.83
19980916	0.22	9.12	0.7
19980917	4.13	11.8	0.61
19980918	1.06	13.43	0.74
19980919	0.0	15.11	0.79
19980920	0.06	15.88	0.63
19980921	0.1	14.31	0.54
19980922	0.0	12.82	0.5
19980923	0.02	12.06	0.48
19980924	0.07	11.83	0.45
19980925	0.0	11.84	0.44
19980926	0.06	11.58	0.44
19980927	0.17	12.44	0.43
19980928	0.35	10.25	0.39
19980929	4.01	13.26	0.37
19980930	11.15	12.49	0.58
19981001	2.86	11.85	2.22
19981002	0.2	8.36	1.47
19981003	0.36	9.18	0.87
19981004	4.88	8.35	0.63
19981005	3.68	9.22	0.93
19981006	0.18	8.09	1.04
19981007	0.31	7.16	0.74
19981008	0.04	7.46	0.58
19981009	11.74	9.71	2.93
19981010	5.95	9.37	1.95
19981011	0.82	8.37	2.5
19981012	2.51	9.39	1.32
19981013	12.42	11.53	5.96
19981014	2.48	8.18	3.58
19981015	6.22	7.42	1.76
19981016	24.03	10.02	15.42
19981017	3.08	2.47	6.71
19981018	4.54	5.19	2.82
19981019	1.29	2.91	2.47
19981020	12.14	7.07	3.68
19981021	5.68	12.86	6.32
19981022	5.64	11.09	4.48
19981023	1.62	6.91	3.42
19981024	20.98	8.32	15.88
19981025	1.72	5.27	4.56
19981026	17.47	7.32	3.89
19981027	11.28	7.55	14.17
19981028	6.5	6.12	7.26
19981029	1.76	4.32	3.52
19981030	0.05	4.77	2.03
19981031	0.09	3.0	1.45
19981101	0.51	2.47	1.16
19981102	29.4	3.22	8.27
19981103	2.73	2.71	13.68
19981104	1.97	2.24	2.98
19981105	3.21	3.35	2.51
19981106	0.49	4.4	2.24
19981107	2.81	8.09	1.53
19981108	7.3	10.83	1.85
19981109	3.99	7.06	3.45
19981110	2.15	4.65	2.62
19981111	0.38	5.71	1.76
19981112	4.53	6.18	1.58
19981113	2.91	3.59	1.83
19981114	0.77	4.38	1.77
19981115	0.0	1.21	1.48
19981116	0.11	0.47	1.08
19981117	0.89	0.76	0.9
19981118	2.38	1.7	1.03
19981119	0.11	2.77	1.11
19981120	1.2	5.98	0.92
19981121	0.53	6.52	0.86
19981122	6.25	2.96	1.27
19981123	5.26	3.75	1.69
19981124	0.04	5.26	2.5
19981125	9.36	5.27	1.8
19981126	2.04	5.14	5.16
19981127	6.99	7.65	2.37
19981128	0.35	4.3	4.28
19981129	1.1	1.94	2.0
19981130	1.36	4.64	1.49
19981201	2.48	5.67	1.75
19981202	0.53	4.71	1.89
19981203	1.42	2.55	1.6
19981204	0.2	0.01	1.37
19981205	0.6	-3.15	1.05
19981206	0.62	-1.88	0.76
19981207	4.4	4.1	0.98
19981208	2.58	4.91	2.72
19981209	0.04	5.59	1.95
19981210	3.11	6.75	1.59
19981211	4.11	7.07	1.57
19981212	8.06	6.15	3.65
19981213	12.35	8.16	9.85
19981214	2.69	8.03	5.96
19981215	0.04	5.74	2.69
19981216	0.06	8.4	1.58
19981217	3.15	7.38	1.43
19981218	5.21	4.03	2.19
19981219	0.04	0.84	2.57
19981220	0.06	-2.39	1.33
19981221	0.54	0.21	0.95
19981222	2.99	3.54	1.16
19981223	0.9	1.77	1.6
19981224	4.2	6.24	1.74
19981225	6.37	4.5	3.78
19981226	4.66	4.93	3.71
19981227	5.45	1.18	2.34
19981228	2.81	0.83	2.39
19981229	3.23	5.1	2.15
19981230	1.44	5.57	3.19
19981231	0.29	6.08	1.74
19990101	7.46	5.64	1.61
19990102	4.22	4.19	3.42
19990103	9.55	4.94	2.69
19990104	6.01	4.84	4.38
19990105	38.99	6.64	40.94
19990106	1.31	4.33	13.01
19990107	11.36	3.35	4.9
19990108	0.56	0.65	5.13
19990109	0.14	-1.57	2.49
19990110	0.12	-2.07	1.6
19990111	0.26	-1.59	1.19
19990112	0.41	0.91	1.16
19990113	3.47	3.11	2.02
19990114	11.12	3.96	4.22
19990115	18.28	5.08	20.42
19990116	0.72	1.98	4.72
19990117	2.38	3.03	2.28
19990118	4.61	5.64	2.26
19990119	3.12	6.67	2.37
19990120	3.68	4.52	3.6
19990121	0.6	2.58	2.38
19990122	0.17	3.67	1.59
19990123	1.17	4.65	1.32
19990124	18.51	5.1	6.58
19990125	3.67	2.73	9.04
19990126	0.76	1.07	3.27
19990127	4.18	3.24	2.38
19990128	0.71	3.88	2.55
19990129	2.12	4.41	1.92
19990130	0.68	5.97	1.81
19990131	0.59	6.18	1.58
19990201	0.06	4.52	1.49
19990202	2.67	5.81	1.36
19990203	2.3	8.11	2.38
19990204	1.56	5.97	3.52
19990205	0.15	3.28	1.8
19990206	1.3	0.64	1.24
19990207	0.1	-1.76	1.05
19990208	0.02	-2.06	0.82
19990209	0.0	-1.43	0.64
19990210	0.11	0.05	0.64
19990211	0.17	2.74	0.67
19990212	1.65	2.22	0.73
19990213	1.47	3.93	0.77
19990214	1.34	4.4	1.05
19990215	1.98	4.11	1.37
19990216	0.2	1.86	1.79
19990217	8.85	3.39	1.8
19990218	9.46	7.52	5.62
19990219	0.14	5.0	5.49
19990220	9.03	4.07	2.62
19990221	2.21	2.28	4.41
19990222	0.72	1.17	2.14
19990223	0.14	1.28	1.37
19990224	0.31	2.3	1.07
19990225	0.4	6.35	1.0
19990226	4.16	4.41	1.17
19990227	2.15	3.94	1.46
19990228	7.15	4.62	2.15
19990301	6.39	5.19	3.42
19990302	14.66	6.04	9.07
19990303	15.52	3.39	12.23
19990304	1.09	1.73	4.41
19990305	0.1	1.17	2.21
19990306	3.7	2.67	1.54
19990307	0.43	1.28	1.76
19990308	0.88	2.33	1.54
19990309	1.55	2.08	1.32
19990310	0.01	2.83	1.2
19990311	5.4	3.95	1.25
19990312	0.1	6.83	2.28
19990313	0.05	5.86	1.29
19990314	0.0	6.32	0.93
19990315	0.8	7.86	0.8
19990316	0.13	7.75	0.71
19990317	4.0	7.3	0.76
19990318	0.17	5.75	1.0
19990319	0.24	6.65	0.88
19990320	11.41	6.41	0.91
19990321	2.07	3.96	5.88
19990322	3.98	5.75	2.13
19990323	1.01	8.4	3.94
19990324	1.36	6.7	1.82
19990325	0.01	4.49	1.22
19990326	1.84	4.03	0.95
19990327	0.0	2.96	0.94
19990328	5.26	6.85	0.74
19990329	3.35	8.78	2.09
19990330	0.3	6.87	1.23
19990331	0.04	9.9	0.81
19990401	0.02	10.13	0.68
19990402	0.75	9.21	0.61
19990403	0.2	8.81	0.56
19990404	0.58	11.63	0.53
19990405	12.31	10.44	1.55
19990406	3.22	8.19	3.89
19990407	0.85	7.85	1.81
19990408	0.33	9.76	1.09
19990409	6.66	9.73	0.99
19990410	1.5	6.8	3.24
19990411	16.56	6.5	6.45
19990412	7.35	4.66	6.04
19990413	3.96	-0.53	3.63
19990414	2.01	1.73	2.13
19990415	1.17	3.35	1.87
19990416	0.03	2.32	1.49
19990417	0.43	2.62	1.06
19990418	1.92	2.47	0.87
19990419	1.03	4.99	0.82
19990420	6.99	6.42	1.19
19990421	3.97	9.27	2.3
19990422	1.72	7.43	2.41
19990423	0.03	8.48	1.37
19990424	0.36	9.58	0.89
19990425	0.03	9.43	0.73
19990426	0.03	8.75	0.62
19990427	0.0	10.53	0.55
19990428	0.0	11.23	0.5
19990429	0.03	10.02	0.47
19990430	0.0	8.1	0.45
19990501	0.02	8.08	0.42
19990502	0.0	8.57	0.41
19990503	0.03	12.2	0.4
19990504	0.0	10.46	0.39
19990505	2.17	10.57	0.39
19990506	0.37	10.01	0.4
19990507	13.12	12.63	0.44
19990508	10.08	11.85	1.0
19990509	5.56	12.03	2.9
19990510	4.46	11.96	2.59
19990511	10.56	11.23	2.08
19990512	8.95	11.58	3.81
19990513	5.14	10.52	4.74
19990514	0.02	9.77	2.19
19990515	0.45	10.23	1.16
19990516	0.0	9.26	0.81
19990517	0.0	7.96	0.65
19990518	0.0	10.18	0.54
19990519	0.0	11.71	0.48
19990520	1.08	13.62	0.44
19990521	2.09	8.55	0.42
19990522	3.54	9.72	0.42
19990523	9.57	10.36	0.5
19990524	0.1	9.29	1.42
19990525	4.11	10.22	0.78
19990526	0.25	13.01	0.75
19990527	7.55	15.26	0.77
19990528	11.63	11.9	3.24
19990529	0.01	10.73	3.42
19990530	0.0	7.03	1.09
19990531	0.0	10.0	0.69
19990601	0.0	11.69	0.55
19990602	16.8	10.92	0.81
19990603	1.25	10.71	3.86
19990604	6.26	8.89	1.63
19990605	2.46	8.98	2.11
19990606	14.84	9.11	5.55
19990607	5.79	8.08	3.96
19990608	0.75	9.95	2.57
19990609	0.0	10.98	1.32
19990610	0.0	11.06	0.84
19990611	2.91	10.39	0.67
19990612	0.85	10.71	0.7
19990613	2.06	12.06	0.63
19990614	0.01	12.71	0.61
19990615	0.0	15.36	0.54
19990616	3.4	13.9	0.48
19990617	0.0	12.48	0.46
19990618	0.25	15.46	0.45
19990619	22.02	11.59	3.47
19990620	0.7	9.57	4.48
19990621	0.17	10.14	1.25
19990622	0.41	11.28	0.77
19990623	0.0	11.3	0.57
19990624	0.0	13.66	0.48
19990625	0.0	15.44	0.43
19990626	18.17	16.07	0.41
19990627	7.61	11.04	3.32
19990628	5.96	10.45	4.69
19990629	1.47	13.27	2.67
19990630	0.44	12.02	1.13
19990701	0.35	14.29	0.75
19990702	0.88	15.56	0.59
19990703	9.08	14.89	1.67
19990704	0.68	13.94	1.22
19990705	0.03	16.09	0.72
19990706	0.68	17.15	0.55
19990707	0.5	16.46	0.47
19990708	0.13	18.57	0.45
19990709	0.18	19.53	0.43
19990710	11.31	16.52	1.2
19990711	0.02	14.88	0.63
19990712	0.0	16.93	0.48
19990713	4.48	13.54	0.49
19990714	0.19	11.8	0.46
19990715	11.14	13.27	0.51
19990716	0.51	14.77	1.27
19990717	11.4	14.26	3.06
19990718	5.38	14.77	3.78
19990719	9.08	16.91	1.89
19990720	5.13	13.29	3.78
19990721	2.09	12.12	3.01
19990722	0.01	12.25	1.76
19990723	0.0	15.8	0.89
19990724	0.56	12.46	0.62
19990725	0.01	10.83	0.51
19990726	0.0	12.37	0.44
19990727	0.0	13.95	0.4
19990728	0.0	13.1	0.37
19990729	0.0	15.4	0.34
19990730	0.03	17.37	0.33
19990731	0.0	19.14	0.31
19990801	1.03	19.96	0.31
19990802	0.0	20.36	0.28
19990803	0.3	19.59	0.28
19990804	0.07	18.45	0.27
19990805	6.63	15.49	0.32
19990806	0.43	18.56	0.31
19990807	0.55	12.69	0.29
19990808	1.2	12.87	0.28
19990809	0.02	10.65	0.28
19990810	0.0	9.37	0.27
19990811	0.01	11.72	0.27
19990812	4.72	13.93	0.27
19990813	10.91	13.93	0.35
19990814	3.32	12.77	0.68
19990815	2.3	11.81	0.58
19990816	1.85	10.73	0.43
19990817	12.65	12.7	0.37
19990818	22.0	11.47	10.88
19990819	0.15	11.36	2.59
19990820	0.04	9.13	1.09
19990821	0.0	9.68	0.67
19990822	0.02	10.21	0.5
19990823	0.0	12.27	0.45
19990824	0.45	13.63	0.41
19990825	6.97	15.14	0.41
19990826	2.94	15.1	0.43
19990827	0.09	14.01	0.48
19990828	0.0	13.28	0.41
19990829	3.41	12.91	0.39
19990830	1.91	13.23	0.4
19990831	0.11	14.64	0.46
19990901	0.91	16.63	0.52
19990902	0.02	16.95	0.46
19990903	0.02	15.27	0.46
19990904	0.0	16.84	0.43
19990905	0.09	17.2	0.39
19990906	18.93	16.59	0.66
19990907	0.21	12.88	1.94
19990908	11.52	13.69	2.64
19990909	0.03	10.35	1.6
19990910	0.01	15.82	0.77
19990911	4.15	13.9	0.56
19990912	0.17	11.44	0.53
19990913	0.06	10.16	0.46
19990914	0.03	9.63	0.42
19990915	0.4	13.58	0.38
19990916	5.61	10.59	0.39
19990917	2.01	11.29	0.41
19990918	0.27	14.37	0.47
19990919	12.1	14.71	0.43
19990920	5.55	13.79	3.19
19990921	0.14	12.93	2.02
19990922	7.55	14.94	0.9
19990923	7.71	14.43	2.0
19990924	3.17	12.51	3.01
19990925	0.02	10.77	1.69
19990926	0.89	10.59	0.89
19990927	2.54	9.73	0.71
19990928	11.18	11.89	0.71
19990929	7.61	11.55	5.29
19990930	9.14	9.62	3.39
19991001	18.97	6.89	12.18
19991002	3.22	7.25	4.98
19991003	2.52	6.85	2.62
19991004	0.12	4.64	1.57
19991005	0.01	4.67	1.04
19991006	4.77	7.78	0.81
19991007	3.74	9.87	1.6
19991008	1.16	10.89	2.06
19991009	2.57	13.55	1.67
19991010	4.21	10.25	3.21
19991011	0.22	7.2	2.22
19991012	0.02	8.03	1.19
19991013	0.11	10.17	0.86
19991014	0.16	9.75	0.72
19991015	0.03	9.42	0.64
19991016	0.02	10.5	0.59
19991017	0.0	7.81	0.53
19991018	0.39	7.51	0.49
19991019	1.1	7.5	0.47
19991020	0.05	7.89	0.44
19991021	8.72	9.02	0.45
19991022	2.82	11.67	0.87
19991023	1.6	9.77	1.0
19991024	7.01	9.65	1.4
19991025	0.15	9.36	2.45
19991026	0.06	9.77	1.16
19991027	1.83	9.02	0.77
19991028	0.14	6.54	0.67
19991029	0.31	10.27	0.61
19991030	7.53	10.71	0.89
19991031	2.03	10.56	1.73
19991101	9.96	8.56	2.16
19991102	0.31	8.33	2.03
19991103	1.43	10.1	1.12
19991104	5.63	9.7	0.89
19991105	8.25	6.31	4.28
19991106	0.06	3.93	2.21
19991107	5.06	7.83	1.7
19991108	0.1	5.93	2.48
19991109	0.07	4.47	1.3
19991110	0.27	5.41	0.92
19991111	0.32	6.16	0.77
19991112	0.89	7.44	0.71
19991113	0.02	6.88	0.71
19991114	0.62	6.64	0.64
19991115	1.93	4.77	0.69
19991116	0.02	1.96	0.74
19991117	0.04	0.84	0.64
19991118	0.11	1.87	0.56
19991119	0.89	2.66	0.52
19991120	0.06	1.3	0.51
19991121	1.69	2.4	0.52
19991122	0.21	6.16	0.56
19991123	2.55	9.12	0.55
19991124	9.87	7.52	3.89
19991125	0.87	8.33	2.07
19991126	7.07	6.89	2.28
19991127	4.83	7.38	2.17
19991128	10.24	6.95	5.55
19991129	5.69	5.93	4.2
19991130	4.73	7.37	5.93
19991201	3.15	3.4	3.06
19991202	23.47	5.41	6.45
19991203	5.66	1.67	14.3
19991204	2.35	-1.18	3.29
19991205	21.06	3.44	7.18
19991206	7.83	7.01	20.08
19991207	3.4	4.5	5.16
19991208	22.65	5.32	8.76
19991209	3.1	3.11	15.68
19991210	4.58	2.03	3.6
19991211	5.88	2.75	4.66
19991212	2.38	1.56	3.47
19991213	0.2	-1.37	2.33
19991214	2.38	-1.05	1.72
19991215	1.53	0.07	1.38
19991216	9.1	5.21	2.51
19991217	0.05	1.07	7.18
19991218	0.11	-3.9	2.0
19991219	0.51	-5.51	1.16
19991220	5.32	-2.93	0.95
19991221	0.61	3.69	1.81
19991222	6.54	4.64	3.29
19991223	7.64	5.32	4.25
19991224	8.51	5.36	5.29
19991225	2.78	1.71	3.73
19991226	4.03	1.84	2.53
19991227	0.06	0.24	2.51
19991228	0.08	-0.34	1.67
19991229	8.41	0.73	1.22
19991230	2.89	3.29	6.37
19991231	3.35	4.36	3.58
20000101	0.13	4.7	3.16
20000102	7.04	6.75	2.04
20000103	0.16	3.63	4.09
20000104	7.3	2.84	2.8
20000105	5.04	6.58	3.27
20000106	2.55	4.05	3.01
20000107	3.25	5.79	2.82
20000108	0.72	2.91	2.54
20000109	0.06	2.51	1.48
20000110	5.33	4.68	2.42
20000111	45.38	5.36	26.95
20000112	7.41	1.8	15.47
20000113	2.69	0.68	4.74
20000114	0.19	0.64	3.01
20000115	0.01	0.22	2.11
20000116	0.17	1.98	1.67
20000117	0.15	2.4	1.55
20000118	0.03	2.99	1.4
20000119	0.21	2.8	1.26
20000120	0.03	2.14	1.1
20000121	1.27	2.65	0.97
20000122	0.11	1.86	0.94
20000123	0.19	1.65	0.87
20000124	0.1	1.6	0.8
20000125	0.1	1.55	0.74
20000126	0.19	2.05	0.7
20000127	4.1	3.86	0.7
20000128	14.23	6.35	4.25
20000129	1.48	4.51	8.4
20000130	10.82	6.93	5.8
20000131	21.57	7.23	16.12
20000201	2.72	5.38	8.19
20000202	2.61	4.92	3.21
20000203	7.81	6.63	2.28
20000204	1.98	8.32	7.9
20000205	5.4	6.39	3.6
20000206	1.98	6.32	3.39
20000207	5.14	5.36	2.67
20000208	3.56	3.73	2.93
20000209	10.46	4.51	2.36
20000210	0.73	3.04	6.74
20000211	5.07	3.75	2.4
20000212	1.63	1.73	2.48
20000213	0.7	2.32	1.73
20000214	2.41	4.31	1.64
20000215	7.7	1.69	2.88
20000216	3.33	-1.4	2.56
20000217	7.47	2.44	2.75
20000218	2.73	2.96	7.75
20000219	0.01	0.84	2.98
20000220	3.32	2.05	1.68
20000221	0.07	2.12	1.83
20000222	0.76	3.4	1.44
20000223	4.42	5.47	1.8
20000224	2.69	2.95	2.36
20000225	0.57	4.12	1.76
20000226	7.12	6.53	1.43
20000227	17.7	5.36	15.68
20000228	10.58	3.31	5.47
20000229	1.96	3.0	8.19
20000301	6.93	2.57	2.75
20000302	15.94	4.81	14.41
20000303	0.73	1.1	5.21
20000304	0.32	1.02	2.13
20000305	2.53	5.17	1.58
20000306	3.3	8.72	1.97
20000307	7.44	9.72	4.15
20000308	17.79	9.47	13.86
20000309	2.52	7.42	7.77
20000310	0.4	7.47	3.45
20000311	0.05	6.1	2.22
20000312	0.9	6.95	1.47
20000313	0.49	6.76	1.31
20000314	0.37	4.14	1.18
20000315	0.29	6.32	0.99
20000316	0.0	8.24	0.88
20000317	0.03	4.08	0.8
20000318	0.08	5.77	0.73
20000319	0.0	8.28	0.68
20000320	0.0	8.79	0.65
20000321	0.31	6.95	0.61
20000322	0.02	5.83	0.59
20000323	10.39	5.43	1.21
20000324	1.15	5.46	1.64
20000325	0.04	3.49	1.07
20000326	0.46	5.28	0.78
20000327	0.57	3.28	0.66
20000328	0.0	3.47	0.61
20000329	0.0	4.71	0.57
20000330	0.08	5.17	0.54
20000331	1.97	2.13	0.55
20000401	1.38	5.55	0.55
20000402	6.32	2.84	0.6
20000403	1.12	0.91	1.28
20000404	0.44	0.85	0.94
20000405	0.06	3.11	0.81
20000406	0.02	4.26	0.78
20000407	1.33	7.59	0.63
20000408	0.36	5.59	0.62
20000409	0.24	2.84	0.58
20000410	6.35	5.63	0.56
20000411	8.46	3.44	1.56
20000412	9.89	3.38	4.35
20000413	2.55	2.82	5.83
20000414	0.08	2.27	2.16
20000415	0.16	2.52	1.16
20000416	1.81	5.13	0.87
20000417	7.21	4.39	1.29
20000418	0.7	6.77	1.74
20000419	2.05	10.36	1.1
20000420	2.45	10.17	0.97
20000421	2.4	9.55	0.98
20000422	0.45	7.21	0.86
20000423	1.07	8.86	0.73
20000424	6.58	9.51	0.7
20000425	5.32	7.54	2.05
20000426	13.66	6.78	6.27
20000427	0.92	9.2	3.73
20000428	0.0	10.16	1.71
20000429	0.03	8.06	1.05
20000430	0.0	11.03	0.79
20000501	0.03	10.09	0.64
20000502	0.03	11.0	0.56
20000503	0.0	5.85	0.51
20000504	0.0	7.1	0.47
20000505	0.0	8.45	0.45
20000506	0.0	11.68	0.43
20000507	0.0	12.01	0.42
20000508	0.0	13.92	0.41
20000509	0.0	13.66	0.4
20000510	0.0	8.91	0.39
20000511	0.0	9.17	0.38
20000512	0.0	11.84	0.38
20000513	0.0	13.57	0.38
20000514	0.0	16.49	0.38
20000515	0.01	14.05	0.39
20000516	13.61	10.42	0.45
20000517	3.94	7.74	0.7
20000518	5.02	9.3	1.16
20000519	2.45	8.35	0.94
20000520	1.93	9.6	0.7
20000521	1.22	9.64	0.59
20000522	0.38	9.61	0.61
20000523	2.4	7.94	0.54
20000524	1.29	8.61	0.44
20000525	3.0	7.97	0.43
20000526	23.22	7.77	1.26
20000527	2.91	6.23	5.52
20000528	4.54	8.4	2.23
20000529	0.58	8.1	1.31
20000530	0.14	8.06	0.76
20000531	2.2	11.78	0.57
20000601	7.7	12.98	0.55
20000602	6.34	9.16	2.42
20000603	26.21	7.65	8.34
20000604	0.75	7.67	12.08
20000605	1.09	9.12	2.5
20000606	7.98	8.86	3.71
20000607	0.93	11.16	2.33
20000608	1.01	12.5	1.27
20000609	7.99	10.17	1.52
20000610	2.22	11.13	1.55
20000611	0.89	11.51	1.04
20000612	3.95	13.52	0.82
20000613	0.66	11.12	1.37
20000614	0.3	10.95	0.85
20000615	0.0	11.48	0.62
20000616	0.0	15.84	0.51
20000617	0.0	17.51	0.44
20000618	0.0	20.17	0.41
20000619	0.13	18.64	0.39
20000620	1.73	15.34	0.38
20000621	6.08	12.95	0.38
20000622	5.0	12.27	0.51
20000623	0.68	10.13	0.63
20000624	1.86	10.57	0.58
20000625	1.23	10.65	0.47
20000626	0.0	10.47	0.42
20000627	0.0	14.33	0.42
20000628	0.94	11.56	0.4
20000629	0.01	9.37	0.38
20000630	0.0	10.6	0.36
20000701	1.22	15.63	0.34
20000702	1.78	12.76	0.34
20000703	0.03	12.2	0.33
20000704	0.02	13.17	0.32
20000705	12.48	12.01	0.33
20000706	3.82	7.61	1.21
20000707	0.82	12.72	0.6
20000708	14.69	12.97	1.17
20000709	15.27	12.5	5.0
20000710	0.23	9.47	4.72
20000711	0.05	10.27	1.42
20000712	0.82	12.92	0.74
20000713	0.78	11.9	0.55
20000714	0.12	11.65	0.46
20000715	0.0	11.32	0.41
20000716	0.0	11.68	0.37
20000717	0.0	14.47	0.34
20000718	0.03	14.88	0.32
20000719	0.0	14.8	0.31
20000720	0.0	14.09	0.31
20000721	0.0	16.92	0.3
20000722	0.0	14.86	0.3
20000723	0.05	14.62	0.31
20000724	0.32	11.74	0.31
20000725	0.02	12.69	0.32
20000726	0.05	14.23	0.32
20000727	2.87	14.83	0.33
20000728	2.95	15.92	0.38
20000729	6.51	15.98	0.45
20000730	1.76	16.66	0.4
20000731	11.05	14.59	0.49
20000801	0.82	14.37	0.71
20000802	12.38	13.4	0.78
20000803	0.1	13.62	0.81
20000804	0.04	12.12	0.65
20000805	0.47	15.75	0.47
20000806	0.24	14.76	0.41
20000807	1.52	15.17	0.38
20000808	3.77	17.06	0.36
20000809	7.54	15.3	0.68
20000810	0.18	12.94	1.03
20000811	0.0	14.35	0.67
20000812	2.76	16.64	0.49
20000813	11.44	16.83	0.52
20000814	2.28	13.64	2.56
20000815	3.31	13.69	1.31
20000816	4.66	12.55	1.85
20000817	9.76	12.79	1.39
20000818	7.33	12.96	3.27
20000819	5.16	10.04	4.48
20000820	3.21	11.02	2.17
20000821	4.35	11.61	1.88
20000822	0.08	12.59	1.25
20000823	0.0	14.28	0.73
20000824	0.0	14.04	0.55
20000825	6.47	18.46	0.48
20000826	3.93	14.95	0.65
20000827	7.24	12.78	2.36
20000828	2.72	12.11	1.92
20000829	0.35	12.44	1.09
20000830	0.01	13.72	0.75
20000831	3.37	11.55	0.64
20000901	6.23	14.12	0.66
20000902	0.1	9.47	0.89
20000903	0.0	9.96	0.68
20000904	6.22	14.76	0.55
20000905	8.67	14.84	0.67
20000906	1.73	11.25	2.08
20000907	6.75	13.86	2.75
20000908	0.05	12.47	1.73
20000909	3.92	12.96	0.91
20000910	3.46	13.56	0.77
20000911	1.62	15.53	1.21
20000912	0.24	12.69	1.16
20000913	1.38	12.08	0.77
20000914	1.71	12.99	0.61
20000915	4.25	11.23	0.69
20000916	0.95	13.06	0.97
20000917	13.92	11.61	1.54
20000918	1.32	8.57	3.76
20000919	20.03	11.61	4.38
20000920	6.97	9.13	7.7
20000921	2.96	13.1	3.24
20000922	1.7	12.62	1.83
20000923	0.06	16.27	1.32
20000924	21.77	12.85	3.78
20000925	0.47	12.15	6.45
20000926	23.36	11.84	8.4
20000927	4.11	10.49	10.62
20000928	1.22	9.96	3.52
20000929	1.68	12.76	1.86
20000930	0.18	11.64	1.39
20001001	0.4	12.16	1.11
20001002	1.34	9.75	0.92
20001003	0.69	12.27	0.81
20001004	17.72	9.36	2.67
20001005	1.64	6.5	3.94
20001006	7.44	8.04	1.87
20001007	13.96	7.29	10.39
20001008	0.57	6.77	4.35
20001009	7.27	6.47	2.69
20001010	4.32	4.81	3.39
20001011	6.25	6.31	3.47
20001012	1.5	7.56	3.32
20001013	4.38	9.82	2.05
20001014	0.07	8.34	2.23
20001015	0.05	9.55	1.65
20001016	1.72	8.17	1.29
20001017	5.56	9.74	1.25
20001018	3.35	8.79	1.81
20001019	0.76	6.69	1.72
20001020	1.89	7.03	1.33
20001021	0.09	5.45	1.1
20001022	0.97	7.57	0.9
20001023	7.71	9.62	1.27
20001024	29.93	9.63	8.03
20001025	1.28	7.52	15.73
20001026	2.04	8.73	2.77
20001027	1.72	8.95	2.24
20001028	13.52	9.15	4.46
20001029	9.51	4.92	4.74
20001030	3.24	3.42	4.82
20001031	12.56	5.31	3.76
20001101	1.96	3.66	6.53
20001102	1.44	3.05	2.8
20001103	2.15	3.95	1.85
20001104	0.32	3.96	1.62
20001105	14.29	4.52	1.4
20001106	22.35	5.96	19.95
20001107	4.36	5.83	8.89
20001108	1.62	5.17	4.46
20001109	0.23	5.41	2.25
20001110	4.65	5.9	1.65
20001111	14.55	5.23	4.04
20001112	9.7	4.38	11.04
20001113	0.77	4.8	4.48
20001114	0.04	3.56	2.32
20001115	6.11	3.98	1.83
20001116	0.94	3.46	3.06
20001117	1.37	3.87	1.96
20001118	9.38	5.24	4.33
20001119	1.06	2.8	3.94
20001120	0.16	2.22	2.07
20001121	2.3	3.2	1.53
20001122	2.52	3.39	1.91
20001123	0.94	2.92	2.24
20001124	5.41	4.94	1.7
20001125	10.1	5.4	3.99
20001126	4.02	4.92	4.07
20001127	8.25	7.2	3.5
20001128	21.84	10.77	22.39
20001129	1.81	7.71	4.95
20001130	1.62	7.45	2.55
20001201	6.45	8.82	2.44
20001202	2.82	7.19	2.85
20001203	3.03	7.14	2.29
20001204	4.03	9.69	3.06
20001205	6.35	9.11	3.68
20001206	0.13	7.1	2.42
20001207	9.51	6.95	2.09
20001208	17.64	7.74	14.77
20001209	2.31	6.52	5.67
20001210	2.55	7.53	2.95
20001211	10.3	8.08	2.53
20001212	14.65	8.02	12.31
20001213	0.52	4.47	7.83
20001214	0.01	1.53	2.57
20001215	0.24	-1.59	1.72
20001216	0.24	-2.01	1.35
20001217	0.69	0.06	1.24
20001218	0.09	0.61	1.12
20001219	6.73	4.86	2.13
20001220	0.01	5.95	3.34
20001221	0.0	4.32	1.62
20001222	0.06	3.3	1.22
20001223	2.7	2.72	1.03
20001224	0.11	0.29	1.1
20001225	0.28	-1.74	0.9
20001226	0.11	-3.72	0.68
20001227	0.05	-4.09	0.65
20001228	0.18	-3.38	0.62
20001229	0.35	-3.59	0.56
20001230	0.06	-3.11	0.52
20001231	4.48	1.81	0.66
20010101	1.75	4.72	1.25
20010102	2.65	3.24	2.28
20010103	7.44	3.72	2.32
20010104	0.3	3.55	4.09
20010105	1.15	2.21	2.0
20010106	2.08	3.92	1.6
20010107	5.47	2.83	3.06
20010108	1.28	2.43	2.4
20010109	0.02	1.34	1.67
20010110	0.45	1.25	1.22
20010111	0.85	2.24	0.99
20010112	0.0	1.93	0.91
20010113	0.04	1.54	0.8
20010114	0.17	1.5	0.63
20010115	0.02	-0.59	0.64
20010116	0.03	-1.47	0.55
20010117	0.06	-1.23	0.55
20010118	0.18	-0.94	0.52
20010119	0.44	-0.62	0.49
20010120	0.31	0.29	0.48
20010121	0.36	0.53	0.5
20010122	3.7	3.51	0.69
20010123	11.37	5.37	2.4
20010124	2.33	3.27	4.28
20010125	5.53	2.85	2.28
20010126	1.09	2.93	2.46
20010127	0.09	1.23	1.54
20010128	0.15	-0.75	1.18
20010129	0.94	0.86	0.9
20010130	0.97	1.78	0.84
20010131	0.07	1.29	0.84
20010201	4.48	1.73	0.9
20010202	5.27	3.77	1.53
20010203	5.31	2.31	3.47
20010204	4.12	-0.01	3.73
20010205	13.16	2.52	3.29
20010206	9.77	5.39	17.59
20010207	0.13	0.37	7.15
20010208	0.06	-1.74	2.23
20010209	2.31	-0.18	1.28
20010210	15.18	4.99	3.63
20010211	0.04	6.06	8.29
20010212	0.06	3.78	2.36
20010213	0.05	2.9	1.48
20010214	0.1	4.08	1.17
20010215	0.21	1.9	0.98
20010216	0.03	2.11	0.89
20010217	0.1	2.07	0.78
20010218	1.18	1.75	0.74
20010219	0.05	3.65	0.72
20010220	1.42	4.14	0.7
20010221	0.25	5.79	0.82
20010222	0.64	1.71	0.88
20010223	0.41	-0.33	0.77
20010224	1.14	-1.93	0.65
20010225	0.83	0.04	0.6
20010226	6.7	0.81	0.74
20010227	3.85	-0.88	1.5
20010228	2.42	-2.27	1.16
20010301	2.4	-4.18	1.04
20010302	0.78	-4.75	0.78
20010303	0.12	-4.56	0.71
20010304	0.12	-1.51	0.63
20010305	0.03	0.78	0.73
20010306	5.11	3.33	1.15
20010307	0.11	7.48	5.96
20010308	2.61	8.1	3.99
20010309	1.09	7.45	4.33
20010310	3.19	7.25	3.47
20010311	6.39	4.94	5.0
20010312	0.18	1.85	3.01
20010313	0.06	3.36	1.5
20010314	0.0	3.4	1.03
20010315	0.11	2.45	0.82
20010316	0.01	1.74	0.7
20010317	0.78	1.25	0.62
20010318	1.69	-1.05	0.6
20010319	0.02	1.28	0.6
20010320	0.0	2.4	0.56
20010321	1.5	1.17	0.52
20010322	3.99	2.34	0.53
20010323	1.93	4.32	0.75
20010324	1.09	2.77	1.12
20010325	0.56	2.44	1.09
20010326	0.45	2.45	0.93
20010327	4.37	3.1	0.79
20010328	0.16	3.32	1.08
20010329	0.61	3.62	0.94
20010330	4.29	6.81	0.76
20010331	1.08	7.95	1.22
20010401	0.11	9.06	1.09
20010402	1.25	7.71	0.77
20010403	1.71	5.85	0.66
20010404	0.95	5.51	0.59
20010405	9.43	4.6	0.81
20010406	18.57	5.25	3.68
20010407	0.51	2.63	7.77
20010408	0.0	4.61	1.96
20010409	11.22	6.57	3.45
20010410	0.58	6.59	3.52
20010411	0.07	4.88	1.5
20010412	0.0	2.52	1.0
20010413	0.43	6.15	0.79
20010414	0.17	7.51	0.7
20010415	1.32	5.49	0.66
20010416	0.03	3.8	0.6
20010417	7.43	3.14	0.86
20010418	0.14	2.41	1.11
20010419	1.93	3.96	0.81
20010420	0.02	3.05	0.69
20010421	4.21	6.2	0.59
20010422	8.32	4.49	1.57
20010423	0.7	3.87	3.27
20010424	2.37	8.1	1.48
20010425	6.37	7.87	1.03
20010426	1.75	5.41	1.98
20010427	2.86	7.38	1.28
20010428	3.29	4.84	1.23
20010429	16.55	3.2	5.42
20010430	0.29	5.78	4.64
20010501	0.02	8.92	1.71
20010502	0.88	10.14	1.03
20010503	0.12	6.12	0.79
20010504	0.09	5.95	0.66
20010505	0.0	6.74	0.59
20010506	0.02	5.94	0.52
20010507	0.0	8.73	0.48
20010508	0.0	6.93	0.46
20010509	0.0	9.34	0.44
20010510	0.0	12.89	0.42
20010511	0.0	13.81	0.41
20010512	0.0	15.1	0.39
20010513	0.0	13.31	0.39
20010514	0.15	11.07	0.38
20010515	4.46	8.76	0.39
20010516	2.22	9.0	0.41
20010517	2.2	9.16	0.41
20010518	0.81	7.56	0.4
20010519	0.1	8.33	0.39
20010520	0.0	9.72	0.37
20010521	0.0	11.54	0.37
20010522	0.0	14.28	0.36
20010523	0.0	14.95	0.35
20010524	0.0	14.07	0.34
20010525	1.23	15.39	0.34
20010526	0.36	14.62	0.35
20010527	1.8	14.29	0.33
20010528	2.71	13.96	0.36
20010529	2.09	13.54	0.35
20010530	5.62	9.82	0.37
20010531	0.63	11.26	0.36
20010601	7.32	8.98	0.46
20010602	0.25	6.71	0.72
20010603	0.02	10.6	0.53
20010604	0.02	11.32	0.41
20010605	1.45	11.58	0.38
20010606	10.81	7.94	0.53
20010607	7.47	6.95	1.46
20010608	8.29	9.27	1.36
20010609	13.87	7.19	5.7
20010610	0.53	9.7	2.58
20010611	0.07	9.4	1.04
20010612	0.0	10.31	0.71
20010613	0.0	12.23	0.56
20010614	5.69	11.29	0.5
20010615	4.17	10.34	0.55
20010616	0.31	9.13	1.66
20010617	0.0	8.52	0.94
20010618	0.16	12.75	0.61
20010619	2.2	13.33	0.5
20010620	0.0	10.97	0.44
20010621	0.0	10.83	0.44
20010622	0.0	12.27	0.41
20010623	0.0	14.35	0.38
20010624	0.0	14.99	0.37
20010625	0.02	17.49	0.36
20010626	5.68	15.37	0.39
20010627	1.93	14.65	0.39
20010628	0.17	14.36	0.38
20010629	4.53	15.55	0.39
20010630	1.07	14.06	0.39
20010701	0.0	16.54	0.41
20010702	0.0	18.8	0.42
20010703	0.08	18.47	0.4
20010704	0.0	16.85	0.37
20010705	0.0	17.85	0.34
20010706	0.53	17.5	0.34
20010707	0.18	18.12	0.34
20010708	0.07	14.17	0.33
20010709	0.1	11.9	0.32
20010710	11.31	12.61	0.36
20010711	5.54	11.26	0.4
20010712	9.03	11.15	0.45
20010713	16.91	9.71	2.77
20010714	7.78	9.58	6.12
20010715	1.29	9.61	2.3
20010716	4.99	12.42	1.11
20010717	0.02	12.77	0.81
20010718	1.43	12.6	0.63
20010719	0.01	11.23	0.47
20010720	0.5	13.32	0.41
20010721	3.91	14.74	0.38
20010722	0.15	14.86	0.42
20010723	1.19	14.67	0.39
20010724	0.61	13.79	0.38
20010725	0.11	14.64	0.36
20010726	0.03	17.03	0.36
20010727	0.05	17.0	0.33
20010728	0.0	18.51	0.32
20010729	0.02	13.35	0.31
20010730	6.3	14.18	0.32
20010731	0.0	12.56	0.33
20010801	0.0	15.71	0.31
20010802	0.2	16.14	0.32
20010803	0.02	12.86	0.31
20010804	4.71	11.97	0.34
20010805	0.78	12.35	0.33
20010806	1.68	13.58	0.32
20010807	17.31	12.62	0.49
20010808	4.08	10.73	1.61
20010809	0.79	11.37	0.85
20010810	1.98	12.39	0.56
20010811	5.89	15.46	0.46
20010812	8.06	15.63	1.19
20010813	0.7	17.24	3.14
20010814	0.08	15.98	1.38
20010815	8.77	16.28	0.79
20010816	1.22	13.63	1.5
20010817	4.06	14.83	1.23
20010818	5.24	16.5	1.04
20010819	10.4	14.55	1.88
20010820	0.06	13.01	3.06
20010821	0.29	13.12	1.06
20010822	0.02	14.62	0.65
20010823	0.38	15.95	0.5
20010824	1.29	14.75	0.43
20010825	1.84	13.93	0.4
20010826	0.03	11.7	0.38
20010827	0.03	11.57	0.36
20010828	0.0	12.88	0.35
20010829	1.56	14.24	0.34
20010830	5.27	12.71	0.35
20010831	0.12	13.07	0.39
20010901	3.52	13.71	0.47
20010902	0.06	12.2	0.5
20010903	0.07	10.42	0.56
20010904	2.71	10.63	0.44
20010905	0.03	11.54	0.41
20010906	0.83	12.71	0.37
20010907	1.82	10.15	0.36
20010908	0.03	9.41	0.36
20010909	0.0	9.17	0.36
20010910	0.36	11.11	0.35
20010911	0.0	12.93	0.32
20010912	17.16	10.87	0.85
20010913	7.99	8.35	3.76
20010914	3.69	10.55	1.84
20010915	0.8	9.03	1.29
20010916	1.73	10.19	0.76
20010917	0.02	9.45	0.58
20010918	0.07	10.6	0.48
20010919	7.19	10.68	0.82
20010920	5.24	11.67	0.71
20010921	0.2	10.69	0.94
20010922	0.0	10.22	0.74
20010923	1.27	10.79	0.55
20010924	3.42	11.03	0.52
20010925	13.63	9.34	3.6
20010926	3.64	11.68	2.53
20010927	22.82	12.44	6.17
20010928	1.05	15.58	6.94
20010929	2.34	13.48	2.21
20010930	12.36	13.05	2.67
20011001	1.99	13.21	3.6
20011002	5.09	12.33	1.36
20011003	8.49	11.31	1.99
20011004	2.1	12.45	6.17
20011005	8.18	12.79	2.44
20011006	4.74	12.39	3.34
20011007	21.24	11.28	4.09
20011008	20.88	9.73	21.84
20011009	2.08	11.24	5.23
20011010	0.98	11.26	3.06
20011011	1.94	14.12	1.91
20011012	0.61	13.52	1.94
20011013	5.18	13.58	1.42
20011014	5.17	13.46	2.06
20011015	4.71	11.42	3.94
20011016	0.02	11.74	2.23
20011017	3.95	12.92	1.27
20011018	2.7	10.31	1.62
20011019	6.73	10.41	1.5
20011020	3.16	11.86	3.06
20011021	15.7	10.1	4.43
20011022	6.66	10.62	5.29
20011023	5.78	11.83	4.74
20011024	2.43	11.17	3.86
20011025	3.86	10.69	3.06
20011026	11.75	9.05	3.63
20011027	0.22	7.44	5.1
20011028	0.01	8.26	2.04
20011029	0.0	11.42	1.39
20011030	1.68	8.81	1.11
20011031	0.06	6.92	1.0
20011101	0.04	9.17	0.83
20011102	3.28	9.18	0.73
20011103	0.31	7.76	0.86
20011104	0.89	4.75	0.91
20011105	9.94	6.41	2.55
20011106	1.64	6.51	2.64
20011107	8.02	3.49	1.91
20011108	2.49	-0.21	2.93
20011109	3.23	1.45	1.71
20011110	0.29	7.74	2.67
20011111	8.73	9.86	2.03
20011112	0.68	4.24	5.6
20011113	0.46	2.06	2.07
20011114	0.06	4.22	1.32
20011115	0.0	7.79	1.06
20011116	0.02	6.63	0.91
20011117	0.01	5.25	0.81
20011118	1.95	5.39	0.74
20011119	0.27	6.25	0.73
20011120	3.7	8.1	0.8
20011121	12.05	6.99	5.8
20011122	0.01	1.0	2.8
20011123	0.82	4.94	1.41
20011124	4.21	9.88	1.32
20011125	1.52	4.39	2.85
20011126	3.46	3.64	1.78
20011127	6.09	4.0	4.17
20011128	18.13	6.65	3.65
20011129	1.52	9.83	13.37
20011130	6.19	9.7	5.26
20011201	1.71	3.7	4.04
20011202	0.12	2.58	2.01
20011203	8.51	5.16	1.81
20011204	7.82	3.85	3.08
20011205	8.76	1.33	11.89
20011206	1.56	3.57	3.34
20011207	2.11	8.08	2.49
20011208	0.0	4.44	2.03
20011209	0.12	2.52	1.46
20011210	0.08	1.95	1.16
20011211	0.02	4.83	0.97
20011212	0.08	5.41	0.84
20011213	0.54	4.05	0.84
20011214	0.04	2.57	0.8
20011215	0.75	3.12	0.74
20011216	0.24	2.51	0.72
20011217	0.96	2.65	0.69
20011218	0.12	0.99	0.68
20011219	0.41	-0.17	0.65
20011220	0.82	1.63	0.59
20011221	4.57	1.13	0.95
20011222	0.09	-1.9	0.86
20011223	3.28	2.3	0.93
20011224	3.55	2.55	2.29
20011225	0.1	-2.05	2.21
20011226	4.69	0.17	1.0
20011227	7.08	4.4	4.02
20011228	0.02	-1.04	3.86
20011229	0.0	-2.72	1.44
20011230	0.64	-3.95	0.81
20011231	0.41	-3.36	0.64
20020101	0.26	-2.65	0.64
20020102	0.0	-1.15	0.57
20020103	0.06	-0.85	0.54
20020104	0.19	0.35	0.5
20020105	1.08	3.3	0.53
20020106	0.13	4.06	0.66
20020107	0.01	5.28	0.9
20020108	0.0	3.86	0.93
20020109	0.03	-0.72	0.83
20020110	0.11	-0.78	0.63
20020111	7.05	4.73	1.05
20020112	1.23	6.42	1.87
20020113	1.88	6.75	1.54
20020114	3.38	5.52	1.72
20020115	0.08	4.26	1.88
20020116	19.53	7.08	2.04
20020117	1.99	4.1	13.11
20020118	2.2	4.66	2.77
20020119	8.08	6.4	1.91
20020120	4.36	8.1	5.26
20020121	5.78	7.69	5.03
20020122	6.1	5.55	4.09
20020123	3.54	5.49	5.1
20020124	0.01	0.34	3.06
20020125	15.66	3.85	5.39
20020126	2.32	6.26	6.4
20020127	1.36	7.41	2.8
20020128	11.34	7.0	2.36
20020129	5.04	7.17	5.8
20020130	3.12	6.29	4.38
20020131	11.08	5.65	6.09
20020201	12.89	8.67	16.4
20020202	9.39	7.02	4.35
20020203	0.58	4.75	4.95
20020204	7.94	4.97	3.45
20020205	5.37	5.63	4.02
20020206	2.44	3.11	3.68
20020207	3.67	5.38	4.95
20020208	15.5	6.99	4.82
20020209	7.77	4.34	13.06
20020210	21.1	7.26	10.86
20020211	1.59	7.16	13.94
20020212	5.86	4.71	3.21
20020213	0.34	1.14	3.71
20020214	0.24	1.42	2.07
20020215	0.0	5.19	1.57
20020216	0.0	5.76	1.3
20020217	1.16	3.45	1.13
20020218	6.18	3.44	1.6
20020219	16.05	4.48	8.06
20020220	2.04	1.11	5.65
20020221	14.75	4.53	7.41
20020222	8.22	0.81	10.21
20020223	1.92	-0.89	3.5
20020224	5.0	1.47	3.14
20020225	35.37	4.37	21.22
20020226	8.45	3.84	23.63
20020227	9.2	2.34	6.27
20020228	1.61	1.29	6.09
20020301	0.51	1.18	3.08
20020302	0.2	3.71	2.15
20020303	0.17	5.94	2.18
20020304	0.3	3.73	1.75
20020305	4.46	5.67	1.42
20020306	4.01	6.45	2.98
20020307	0.04	6.06	2.43
20020308	3.67	5.63	1.5
20020309	6.39	2.12	1.75
20020310	3.83	4.51	4.12
20020311	0.02	4.58	2.11
20020312	0.09	2.24	1.26
20020313	0.02	2.4	1.0
20020314	0.66	3.37	0.87
20020315	4.07	3.49	0.82
20020316	0.42	6.64	1.36
20020317	0.13	8.14	1.37
20020318	0.08	6.59	0.99
20020319	2.48	6.48	0.82
20020320	8.11	7.38	1.23
20020321	4.23	8.29	3.03
20020322	1.71	7.75	2.67
20020323	0.0	7.09	1.51
20020324	2.77	7.7	1.08
20020325	0.7	3.99	1.24
20020326	0.0	6.29	1.12
20020327	0.02	6.88	0.85
20020328	0.03	6.35	0.74
20020329	0.07	6.77	0.67
20020330	0.54	8.35	0.62
20020331	1.0	9.49	0.61
20020401	7.22	5.06	0.96
20020402	0.88	8.87	1.44
20020403	0.06	10.24	0.89
20020404	0.0	8.02	0.7
20020405	0.0	6.83	0.6
20020406	0.07	3.5	0.53
20020407	0.0	6.45	0.51
20020408	0.0	6.27	0.49
20020409	0.0	6.18	0.48
20020410	0.0	4.34	0.46
20020411	1.66	6.97	0.46
20020412	0.06	3.32	0.45
20020413	0.27	5.12	0.44
20020414	3.16	3.79	0.46
20020415	0.04	4.57	0.45
20020416	0.02	6.36	0.43
20020417	0.35	9.29	0.42
20020418	0.06	5.38	0.41
20020419	0.02	7.71	0.4
20020420	6.97	10.86	0.4
20020421	9.51	11.6	0.64
20020422	0.19	10.58	1.44
20020423	0.08	10.77	0.82
20020424	1.11	9.87	0.62
20020425	10.75	9.06	0.58
20020426	1.6	5.65	1.97
20020427	1.36	6.14	1.11
20020428	16.4	4.92	1.25
20020429	4.62	5.88	4.69
20020430	6.42	6.56	4.12
20020501	0.38	6.35	2.23
20020502	6.65	6.75	1.2
20020503	4.74	6.68	3.52
20020504	0.32	7.28	1.93
20020505	0.0	8.27	1.1
20020506	0.03	9.76	0.77
20020507	0.77	10.25	0.65
20020508	0.0	8.02	0.58
20020509	1.07	9.3	0.54
20020510	0.0	10.21	0.51
20020511	0.0	7.53	0.48
20020512	0.55	11.47	0.45
20020513	2.53	11.33	0.45
20020514	3.3	9.91	0.44
20020515	0.99	11.79	0.46
20020516	0.03	15.99	0.52
20020517	1.71	11.48	0.48
20020518	4.28	9.75	0.46
20020519	1.52	11.82	0.5
20020520	3.88	12.35	0.56
20020521	3.19	13.4	0.6
20020522	2.92	12.73	0.67
20020523	4.02	10.15	0.5
20020524	12.53	9.87	1.31
20020525	1.18	9.94	3.24
20020526	4.79	7.89	1.62
20020527	1.0	10.52	1.58
20020528	6.24	10.94	0.98
20020529	4.05	9.63	2.34
20020530	11.29	9.21	2.44
20020531	0.03	10.07	2.34
20020601	0.24	14.89	1.01
20020602	12.08	12.75	1.07
20020603	2.04	10.23	2.48
20020604	0.13	10.66	1.3
20020605	0.39	12.87	0.77
20020606	0.0	14.73	0.59
20020607	1.49	12.95	0.49
20020608	2.06	13.17	0.47
20020609	9.79	10.09	0.81
20020610	3.15	10.5	2.09
20020611	4.48	9.37	1.53
20020612	5.49	11.25	1.9
20020613	7.12	11.41	2.93
20020614	14.96	12.89	6.69
20020615	2.13	12.72	7.31
20020616	3.72	15.09	2.13
20020617	0.0	14.36	1.49
20020618	0.2	12.97	0.79
20020619	0.06	11.41	0.57
20020620	0.03	12.4	0.48
20020621	3.42	12.61	0.43
20020622	4.28	11.66	0.48
20020623	0.78	11.52	0.58
20020624	1.11	10.52	0.48
20020625	0.54	11.96	0.44
20020626	0.87	10.64	0.39
20020627	0.77	10.57	0.38
20020628	0.21	11.22	0.37
20020629	0.71	11.5	0.33
20020630	15.34	10.49	1.57
20020701	9.58	9.02	3.91
20020702	5.47	11.32	4.46
20020703	2.36	12.23	2.44
20020704	4.66	10.44	1.16
20020705	0.12	9.89	1.01
20020706	1.55	10.83	0.79
20020707	2.6	12.89	0.65
20020708	0.05	10.64	0.58
20020709	1.02	10.45	0.56
20020710	0.6	12.8	0.47
20020711	3.27	11.72	0.43
20020712	6.36	10.19	0.93
20020713	0.0	13.43	0.55
20020714	0.02	15.09	0.44
20020715	0.23	12.72	0.39
20020716	0.0	14.4	0.36
20020717	0.1	14.17	0.34
20020718	7.34	15.22	0.34
20020719	3.31	10.67	0.46
20020720	3.71	12.53	0.52
20020721	2.18	12.46	0.74
20020722	8.05	14.36	0.58
20020723	6.54	11.97	4.25
20020724	1.34	13.42	2.02
20020725	1.13	13.12	1.18
20020726	0.01	13.25	0.83
20020727	0.0	15.88	0.62
20020728	0.28	17.42	0.51
20020729	0.37	18.39	0.45
20020730	17.58	17.71	1.44
20020731	0.09	17.14	2.62
20020801	0.78	16.56	1.08
20020802	15.92	14.84	3.81
20020803	0.09	17.08	3.39
20020804	0.03	16.53	1.15
20020805	0.0	16.24	0.67
20020806	0.58	18.18	0.69
20020807	7.29	13.65	1.58
20020808	0.0	11.94	0.91
20020809	3.22	12.99	0.61
20020810	1.17	13.27	0.54
20020811	4.25	13.65	0.53
20020812	8.71	15.68	0.75
20020813	7.42	16.03	7.44
20020814	0.43	16.49	2.67
20020815	0.0	12.37	1.29
20020816	0.0	16.2	0.75
20020817	0.27	19.09	0.56
20020818	2.95	14.72	0.51
20020819	0.14	15.71	0.46
20020820	0.01	12.95	0.44
20020821	0.0	14.24	0.4
20020822	2.9	14.84	0.38
20020823	1.66	14.17	0.39
20020824	7.62	15.15	0.8
20020825	0.0	11.82	1.27
20020826	0.08	13.36	0.62
20020827	0.03	16.37	0.46
20020828	4.25	16.26	0.4
20020829	1.8	15.5	0.42
20020830	19.9	12.17	8.21
20020831	0.04	9.36	2.82
20020901	0.0	12.07	1.02
20020902	0.06	13.91	0.64
20020903	0.0	14.33	0.49
20020904	0.0	14.85	0.43
20020905	6.37	11.38	0.42
20020906	7.77	10.76	0.55
20020907	14.95	11.96	2.19
20020908	0.78	12.35	2.59
20020909	18.8	13.34	6.84
20020910	0.11	11.64	3.29
20020911	0.0	15.82	1.27
20020912	0.14	15.53	0.8
20020913	0.0	13.86	0.63
20020914	0.0	13.59	0.54
20020915	0.05	13.0	0.48
20020916	0.1	12.89	0.45
20020917	0.04	12.39	0.43
20020918	0.0	12.16	0.41
20020919	0.0	11.73	0.39
20020920	0.0	10.83	0.37
20020921	0.17	12.33	0.36
20020922	0.3	9.57	0.35
20020923	0.23	8.38	0.34
20020924	0.09	10.52	0.33
20020925	1.31	9.08	0.33
20020926	0.09	11.08	0.33
20020927	0.01	12.31	0.32
20020928	0.02	12.03	0.32
20020929	0.0	12.84	0.31
20020930	0.9	13.68	0.3
20021001	0.08	15.06	0.3
20021002	2.66	13.3	0.3
20021003	2.07	9.8	0.3
20021004	1.05	11.38	0.3
20021005	0.07	11.45	0.32
20021006	0.02	10.75	0.32
20021007	1.3	11.32	0.33
20021008	0.02	9.74	0.32
20021009	0.0	9.84	0.3
20021010	0.01	10.27	0.29
20021011	22.03	8.27	0.34
20021012	8.44	5.32	4.38
20021013	3.94	7.81	1.94
20021014	0.49	5.85	1.54
20021015	1.0	5.66	1.16
20021016	0.48	4.74	0.8
20021017	1.88	3.54	0.63
20021018	0.07	2.33	0.56
20021019	0.09	1.85	0.49
20021020	19.23	2.37	0.91
20021021	32.92	7.7	15.7
20021022	10.98	6.5	19.49
20021023	0.78	2.88	3.96
20021024	15.47	6.07	3.65
20021025	10.97	6.62	11.48
20021026	13.92	7.1	4.92
20021027	1.41	5.41	8.21
20021028	6.83	6.75	2.75
20021029	1.01	3.56	3.37
20021030	0.04	4.17	2.02
20021031	0.94	6.33	1.39
20021101	16.08	9.23	4.98
20021102	11.24	9.54	10.21
20021103	1.72	8.4	6.12
20021104	1.67	8.44	2.47
20021105	15.13	10.58	2.85
20021106	2.29	6.19	10.0
20021107	7.51	5.04	2.67
20021108	8.72	5.37	10.31
20021109	3.67	4.93	3.29
20021110	4.39	7.91	2.82
20021111	5.61	5.67	4.66
20021112	6.76	4.96	5.7
20021113	7.43	5.53	4.02
20021114	14.97	6.62	12.08
20021115	0.77	4.62	5.67
20021116	0.41	3.54	2.47
20021117	0.05	3.07	1.71
20021118	0.11	4.12	1.35
20021119	0.08	4.96	1.14
20021120	3.36	6.38	1.12
20021121	4.02	6.96	1.28
20021122	0.68	7.52	1.81
20021123	0.09	5.74	1.26
20021124	0.07	4.02	1.0
20021125	1.0	4.6	0.86
20021126	0.92	7.51	0.8
20021127	6.13	7.61	1.12
20021128	1.79	5.76	1.78
20021129	0.4	5.25	1.38
20021130	3.8	6.63	1.25
20021201	9.54	6.61	2.77
20021202	0.88	5.68	4.09
20021203	6.7	5.81	1.9
20021204	1.0	2.81	4.02
20021205	0.68	3.31	2.0
20021206	2.13	4.23	1.45
20021207	1.21	3.26	1.46
20021208	0.01	2.84	1.4
20021209	0.21	2.71	1.11
20021210	0.0	1.82	0.89
20021211	0.0	1.59	0.76
20021212	0.0	1.63	0.68
20021213	4.45	2.1	0.66
20021214	1.69	2.3	0.89
20021215	9.62	3.02	1.62
20021216	0.94	1.42	4.43
20021217	0.03	-0.44	1.87
20021218	0.05	-1.32	1.09
20021219	0.12	-0.84	0.74
20021220	0.05	-0.22	0.71
20021221	12.6	2.29	1.47
20021222	4.68	5.62	5.65
20021223	2.6	8.56	4.25
20021224	3.38	8.64	3.27
20021225	0.73	6.59	2.58
20021226	7.81	6.23	2.18
20021227	1.95	4.85	4.79
20021228	0.1	4.38	2.5
20021229	13.63	3.28	4.38
20021230	0.77	2.14	4.98
20021231	7.63	1.22	2.32
20030101	11.29	2.37	7.77
20030102	8.25	0.5	10.29
20030103	1.18	-1.68	3.68
20030104	1.35	-3.34	1.9
20030105	0.41	-2.98	1.25
20030106	0.13	-2.64	1.05
20030107	0.12	-2.84	0.88
20030108	4.77	0.3	0.86
20030109	1.44	-0.15	1.08
20030110	0.1	-0.72	1.15
20030111	0.17	-0.47	0.9
20030112	2.49	5.03	3.29
20030113	2.5	8.21	4.79
20030114	3.28	6.93	4.64
20030115	0.92	5.26	2.77
20030116	4.76	7.13	1.71
20030117	0.8	4.6	2.98
20030118	9.4	5.01	2.29
20030119	1.25	3.63	4.43
20030120	4.4	5.55	3.63
20030121	6.16	4.61	2.88
20030122	2.52	1.28	3.5
20030123	0.96	3.13	2.34
20030124	18.54	6.99	3.73
20030125	3.34	7.01	13.4
20030126	1.99	9.25	4.25
20030127	7.09	5.16	5.0
20030128	0.7	2.6	4.3
20030129	0.02	0.39	2.17
20030130	0.0	-2.89	1.33
20030131	2.14	-0.86	0.99
20030201	3.17	2.77	1.24
20030202	8.87	0.67	2.69
20030203	1.84	-1.38	2.06
20030204	0.23	-2.52	1.32
20030205	0.29	-1.77	0.94
20030206	2.26	3.53	3.27
20030207	0.01	5.75	5.88
20030208	8.92	5.88	3.19
20030209	0.02	2.42	4.92
20030210	4.44	3.75	2.3
20030211	0.11	3.62	2.56
20030212	0.03	2.94	1.59
20030213	0.0	-0.33	1.26
20030214	0.09	-1.09	0.99
20030215	0.08	0.99	0.78
20030216	0.0	-0.74	0.72
20030217	0.02	-1.35	0.64
20030218	0.04	-0.17	0.6
20030219	0.0	1.41	0.61
20030220	0.02	2.05	0.6
20030221	0.03	4.22	0.59
20030222	0.08	2.51	0.58
20030223	0.02	4.73	0.58
20030224	0.0	6.18	0.57
20030225	0.04	5.02	0.55
20030226	0.06	4.44	0.54
20030227	0.06	6.11	0.52
20030228	2.34	7.15	0.53
20030301	5.53	5.22	0.58
20030302	0.29	5.03	0.74
20030303	1.71	7.26	0.71
20030304	3.22	7.0	0.71
20030305	0.47	5.06	1.18
20030306	0.02	6.18	0.84
20030307	2.26	5.07	0.67
20030308	13.76	5.58	2.98
20030309	3.61	7.55	4.69
20030310	0.84	7.5	2.27
20030311	3.89	5.18	1.52
20030312	0.0	1.61	1.38
20030313	0.0	3.0	0.94
20030314	0.07	4.15	0.76
20030315	0.05	4.32	0.66
20030316	0.03	4.9	0.59
20030317	0.02	4.23	0.54
20030318	0.09	4.55	0.51
20030319	0.13	6.15	0.49
20030320	0.03	5.08	0.48
20030321	0.0	6.37	0.46
20030322	0.07	5.66	0.45
20030323	0.0	8.67	0.43
20030324	0.0	7.86	0.42
20030325	0.0	7.89	0.41
20030326	0.0	7.03	0.41
20030327	0.02	7.43	0.4
20030328	0.0	8.71	0.39
20030329	0.0	7.54	0.38
20030330	0.0	5.88	0.38
20030331	7.99	8.57	0.38
20030401	1.73	4.71	0.43
20030402	0.02	4.92	0.54
20030403	0.0	9.87	0.46
20030404	0.0	8.88	0.41
20030405	0.0	9.8	0.39
20030406	0.0	5.16	0.38
20030407	0.03	4.47	0.37
20030408	0.0	5.48	0.36
20030409	0.02	2.65	0.36
20030410	0.0	3.63	0.36
20030411	0.0	5.36	0.36
20030412	0.0	6.25	0.36
20030413	0.4	10.43	0.35
20030414	0.02	11.49	0.35
20030415	0.0	14.19	0.34
20030416	0.0	14.53	0.34
20030417	0.04	12.02	0.33
20030418	0.0	9.62	0.32
20030419	0.0	7.05	0.32
20030420	0.01	7.53	0.32
20030421	1.0	7.03	0.32
20030422	0.07	7.21	0.32
20030423	0.03	8.5	0.32
20030424	0.96	7.56	0.32
20030425	4.57	7.92	0.33
20030426	1.99	9.79	0.34
20030427	7.59	9.19	0.35
20030428	3.38	10.32	0.4
20030429	10.04	9.56	0.9
20030430	10.65	9.37	1.5
20030501	3.23	8.45	3.14
20030502	5.39	6.81	2.03
20030503	9.99	9.26	1.85
20030504	5.38	9.9	3.96
20030505	1.55	8.33	2.44
20030506	3.38	8.1	1.28
20030507	0.62	10.66	1.26
20030508	0.42	8.33	0.86
20030509	5.09	6.44	0.69
20030510	1.28	8.87	0.81
20030511	6.82	7.7	0.65
20030512	0.79	6.8	1.15
20030513	4.08	7.65	1.19
20030514	1.26	6.74	1.0
20030515	1.21	8.93	0.76
20030516	14.14	8.34	2.32
20030517	13.49	10.75	6.37
20030518	5.17	10.19	6.84
20030519	2.43	8.99	2.57
20030520	1.51	10.48	1.76
20030521	6.72	10.12	1.29
20030522	1.78	11.58	3.06
20030523	7.18	8.88	2.02
20030524	3.86	8.67	4.38
20030525	2.22	10.4	2.48
20030526	0.01	12.17	1.46
20030527	0.12	13.88	0.94
20030528	0.54	13.86	0.74
20030529	0.75	16.4	0.64
20030530	0.94	16.05	0.58
20030531	0.0	17.8	0.53
20030601	0.11	15.89	0.47
20030602	0.0	12.06	0.43
20030603	0.99	13.92	0.41
20030604	3.32	12.69	0.4
20030605	2.14	13.55	0.4
20030606	0.04	14.24	0.38
20030607	5.89	13.32	0.36
20030608	8.06	10.34	0.51
20030609	0.63	13.85	0.74
20030610	6.75	14.2	0.57
20030611	0.15	12.32	1.17
20030612	0.8	12.57	0.74
20030613	0.0	11.87	0.52
20030614	0.0	15.34	0.43
20030615	0.0	13.38	0.39
20030616	1.02	15.84	0.36
20030617	0.79	14.29	0.34
20030618	2.72	13.69	0.34
20030619	2.18	11.9	0.34
20030620	0.01	10.91	0.33
20030621	3.2	13.5	0.33
20030622	0.02	15.26	0.34
20030623	0.0	13.17	0.28
20030624	0.0	12.74	0.26
20030625	0.0	16.38	0.25
20030626	0.0	15.25	0.24
20030627	5.93	13.84	0.27
20030628	0.13	12.27	0.26
20030629	0.0	14.43	0.25
20030630	16.75	13.33	0.33
20030701	4.16	12.28	0.77
20030702	0.86	13.67	0.77
20030703	0.07	15.19	0.47
20030704	0.48	15.88	0.38
20030705	0.22	12.88	0.32
20030706	0.02	13.77	0.29
20030707	3.81	15.62	0.29
20030708	0.06	15.52	0.28
20030709	0.99	17.48	0.27
20030710	4.47	14.24	0.3
20030711	0.58	12.86	0.3
20030712	0.0	12.6	0.34
20030713	0.0	18.68	0.28
20030714	0.02	18.12	0.26
20030715	0.0	19.82	0.24
20030716	0.01	20.55	0.23
20030717	5.53	16.86	0.24
20030718	0.39	15.74	0.26
20030719	3.93	16.72	0.24
20030720	6.9	15.89	0.24
20030721	0.96	15.97	0.29
20030722	0.23	13.82	0.27
20030723	2.27	14.49	0.27
20030724	7.29	14.26	0.28
20030725	0.98	14.11	0.32
20030726	4.02	12.66	0.57
20030727	0.14	14.09	0.51
20030728	3.68	15.46	0.38
20030729	14.86	15.22	0.46
20030730	2.31	15.76	1.38
20030731	5.76	14.59	0.75
20030801	0.11	14.18	0.8
20030802	0.0	14.26	0.57
20030803	0.0	14.84	0.39
20030804	0.11	19.19	0.31
20030805	0.19	20.64	0.27
20030806	0.07	20.39	0.25
20030807	0.0	18.15	0.24
20030808	0.0	18.96	0.23
20030809	0.0	23.02	0.22
20030810	0.48	19.3	0.22
20030811	0.02	16.72	0.23
20030812	0.22	16.41	0.22
20030813	0.11	13.52	0.22
20030814	0.0	13.2	0.22
20030815	0.0	13.55	0.22
20030816	0.0	15.78	0.21
20030817	2.34	16.28	0.21
20030818	0.01	14.84	0.22
20030819	0.0	13.79	0.21
20030820	0.16	15.72	0.21
20030821	13.92	13.4	0.23
20030822	0.51	13.38	0.48
20030823	0.26	16.15	0.41
20030824	0.0	16.15	0.31
20030825	0.03	13.32	0.27
20030826	0.08	11.1	0.25
20030827	0.01	12.21	0.24
20030828	0.22	10.91	0.23
20030829	0.14	9.39	0.23
20030830	0.0	10.0	0.23
20030831	0.0	11.4	0.22
20030901	0.06	12.43	0.22
20030902	0.0	13.09	0.21
20030903	0.02	13.6	0.21
20030904	0.0	14.31	0.21
20030905	0.03	14.76	0.21
20030906	0.22	11.4	0.21
20030907	2.58	13.7	0.21
20030908	0.15	11.64	0.22
20030909	3.94	12.06	0.23
20030910	0.05	11.27	0.22
20030911	2.48	11.77	0.21
20030912	0.05	13.32	0.2
20030913	0.0	16.86	0.2
20030914	0.0	16.9	0.2
20030915	0.0	15.6	0.2
20030916	0.02	13.82	0.2
20030917	0.02	18.11	0.2
20030918	3.36	15.07	0.2
20030919	6.76	13.14	0.22
20030920	8.28	9.69	0.5
20030921	21.26	12.7	0.39
20030922	4.71	6.88	2.55
20030923	0.43	6.43	0.91
20030924	0.0	10.95	0.47
20030925	3.35	11.85	0.36
20030926	0.02	9.01	0.32
20030927	0.04	7.84	0.3
20030928	1.88	9.86	0.29
20030929	5.8	10.69	0.28
20030930	0.25	11.16	0.4
20031001	0.13	10.98	0.47
20031002	0.05	12.07	0.36
20031003	0.02	9.11	0.3
20031004	0.52	4.14	0.27
20031005	4.43	6.81	0.26
20031006	2.07	6.39	0.27
20031007	0.39	7.14	0.33
20031008	1.78	11.13	0.35
20031009	7.05	10.87	0.57
20031010	0.24	8.12	1.79
20031011	0.25	9.92	0.66
20031012	0.0	10.58	0.44
20031013	0.03	9.52	0.37
20031014	0.0	9.16	0.31
20031015	0.05	7.98	0.28
20031016	0.1	8.19	0.26
20031017	0.0	8.49	0.25
20031018	0.02	6.63	0.24
20031019	0.37	4.05	0.23
20031020	0.11	1.86	0.23
20031021	1.42	1.96	0.22
20031022	5.16	3.62	0.23
20031023	0.26	4.68	0.26
20031024	0.07	3.79	0.26
20031025	3.59	3.96	0.27
20031026	0.04	4.84	0.29
20031027	1.76	7.92	0.3
20031028	5.1	6.23	0.46
20031029	0.06	3.52	0.51
20031030	0.44	4.32	0.41
20031031	2.48	5.99	0.36
20031101	6.74	5.77	0.36
20031102	6.59	7.73	0.92
20031103	1.64	5.26	1.78
20031104	0.05	9.41	1.24
20031105	0.0	11.17	0.68
20031106	0.05	11.18	0.5
20031107	0.1	8.43	0.4
20031108	0.07	6.69	0.35
20031109	0.58	7.13	0.33
20031110	0.05	7.57	0.31
20031111	2.67	8.62	0.29
20031112	4.57	7.25	0.3
20031113	5.55	8.18	0.85
20031114	2.19	7.73	1.72
20031115	0.28	4.84	1.01
20031116	1.93	5.18	0.62
20031117	4.05	10.38	0.73
20031118	3.75	10.9	2.1
20031119	11.6	8.49	2.4
20031120	4.62	5.36	5.21
20031121	0.77	3.55	2.06
20031122	0.15	2.36	1.12
20031123	0.11	2.44	0.76
20031124	3.54	4.81	0.6
20031125	3.37	4.9	0.96
20031126	14.82	3.39	2.0
20031127	0.2	3.54	4.72
20031128	3.32	5.26	1.92
20031129	4.4	6.09	1.95
20031130	7.19	5.05	1.91
20031201	6.08	6.61	2.9
20031202	0.51	6.62	3.34
20031203	0.04	6.37	1.78
20031204	0.05	4.14	1.14
20031205	0.27	4.8	0.83
20031206	0.01	1.36	0.68
20031207	0.01	-0.38	0.58
20031208	0.1	-0.55	0.48
20031209	0.03	4.22	0.47
20031210	11.65	6.5	0.45
20031211	0.37	2.12	2.72
20031212	21.41	6.48	6.17
20031213	4.7	5.57	9.69
20031214	0.4	1.72	3.34
20031215	0.15	-0.28	1.68
20031216	0.29	4.98	1.17
20031217	0.0	3.66	1.01
20031218	0.8	3.7	0.83
20031219	6.98	2.34	0.75
20031220	15.48	2.36	5.96
20031221	0.09	-0.67	5.49
20031222	7.72	1.44	2.64
20031223	5.88	7.25	8.01
20031224	7.27	8.34	3.39
20031225	17.87	7.34	6.04
20031226	16.4	4.55	25.73
20031227	0.05	0.8	5.21
20031228	0.07	-0.96	2.29
20031229	0.06	-3.35	1.43
20031230	0.0	-4.44	0.88
20031231	6.68	-0.04	0.93
20040101	1.53	2.33	2.5
20040102	0.8	1.37	2.08
20040103	0.23	3.02	1.56
20040104	1.75	4.53	1.59
20040105	6.79	7.11	2.38
20040106	0.06	5.94	3.76
20040107	2.47	7.65	1.9
20040108	9.18	6.36	3.32
20040109	1.82	4.64	3.73
20040110	7.68	6.54	2.05
20040111	5.2	3.21	4.79
20040112	9.63	3.28	3.73
20040113	1.73	2.4	4.69
20040114	1.0	2.15	2.41
20040115	10.32	1.9	2.85
20040116	2.01	0.48	4.48
20040117	1.27	0.1	2.57
20040118	4.48	4.03	3.03
20040119	4.4	8.34	3.86
20040120	2.18	6.89	4.35
20040121	1.78	5.72	2.57
20040122	3.17	6.16	3.03
20040123	6.83	5.06	3.71
20040124	0.3	2.81	3.52
20040125	0.03	0.77	1.83
20040126	0.82	-0.48	1.36
20040127	1.44	-2.18	1.15
20040128	0.87	-2.36	0.86
20040129	2.33	1.14	0.82
20040130	32.49	4.38	10.81
20040131	29.69	2.92	35.24
20040201	16.07	6.17	21.43
20040202	23.32	8.61	10.42
20040203	6.35	9.64	29.02
20040204	10.71	9.39	13.63
20040205	3.39	7.63	6.25
20040206	0.25	4.97	4.51
20040207	8.2	1.45	2.67
20040208	0.47	-1.07	2.69
20040209	1.71	2.09	1.88
20040210	0.25	6.58	3.32
20040211	0.02	6.5	2.2
20040212	0.0	6.39	1.58
20040213	2.43	5.37	1.41
20040214	0.36	4.57	1.37
20040215	0.1	3.28	1.2
20040216	6.77	3.95	1.18
20040217	0.0	2.01	2.01
20040218	0.13	2.61	1.39
20040219	0.24	2.75	1.08
20040220	0.04	1.72	0.96
20040221	0.0	1.09	0.86
20040222	0.0	-0.61	0.76
20040223	3.37	1.98	0.68
20040224	1.4	-1.11	0.87
20040225	0.37	-2.22	0.85
20040226	0.92	-1.18	0.68
20040227	1.45	-1.82	0.66
20040228	0.32	-1.46	0.62
20040229	0.0	-0.55	0.59
20040301	0.08	1.18	0.58
20040302	0.1	2.77	0.6
20040303	5.05	4.34	0.73
20040304	1.38	5.31	1.32
20040305	1.44	4.88	1.23
20040306	1.25	3.57	1.03
20040307	1.11	2.84	0.96
20040308	0.02	2.85	0.96
20040309	0.0	1.81	0.73
20040310	0.21	1.44	0.62
20040311	0.06	1.46	0.57
20040312	0.0	1.56	0.53
20040313	2.05	4.8	0.5
20040314	5.23	7.46	0.67
20040315	11.4	9.18	4.56
20040316	2.44	8.97	3.14
20040317	0.0	7.1	1.84
20040318	6.96	5.85	1.2
20040319	8.51	5.48	2.09
20040320	10.45	6.48	7.93
20040321	3.96	4.42	3.99
20040322	1.69	3.45	2.42
20040323	0.45	4.14	1.55
20040324	1.63	4.66	1.12
20040325	1.26	4.11	0.96
20040326	0.45	5.15	0.91
20040327	1.65	7.35	0.84
20040328	0.71	6.3	0.94
20040329	0.0	8.1	0.97
20040330	0.0	7.51	0.78
20040331	0.36	7.51	0.65
20040401	5.59	8.04	0.6
20040402	0.78	8.69	0.84
20040403	2.18	6.85	1.1
20040404	2.89	6.16	0.91
20040405	4.74	4.54	1.07
20040406	3.58	4.62	1.67
20040407	0.58	4.19	1.49
20040408	0.89	5.39	0.96
20040409	1.26	7.52	0.77
20040410	0.5	7.34	0.76
20040411	0.05	8.8	0.7
20040412	0.48	6.8	0.63
20040413	2.6	8.94	0.58
20040414	0.01	8.75	0.66
20040415	3.37	6.02	0.83
20040416	0.08	5.91	0.84
20040417	8.56	7.25	0.71
20040418	16.79	6.01	2.93
20040419	0.16	5.72	9.9
20040420	1.05	9.45	1.88
20040421	1.56	9.21	1.15
20040422	0.03	7.57	0.93
20040423	0.23	10.5	0.75
20040424	0.0	12.08	0.61
20040425	0.0	10.35	0.54
20040426	0.0	11.63	0.47
20040427	4.33	7.86	0.45
20040428	0.43	7.01	0.47
20040429	0.63	7.22	0.48
20040430	0.0	8.18	0.46
20040501	0.07	9.73	0.43
20040502	0.55	10.25	0.4
20040503	12.14	7.74	0.4
20040504	7.06	4.75	1.83
20040505	7.02	7.62	2.38
20040506	0.2	7.64	1.26
20040507	4.69	11.19	0.83
20040508	0.96	11.82	0.84
20040509	0.01	11.75	0.73
20040510	6.85	13.95	0.92
20040511	0.03	10.44	1.5
20040512	0.0	11.22	0.81
20040513	0.47	12.33	0.61
20040514	0.0	13.49	0.51
20040515	0.0	12.46	0.46
20040516	0.0	13.17	0.42
20040517	0.0	10.63	0.4
20040518	0.16	12.62	0.38
20040519	0.01	10.01	0.36
20040520	0.93	8.08	0.32
20040521	2.11	5.68	0.31
20040522	0.02	8.91	0.3
20040523	0.0	10.33	0.3
20040524	0.0	9.99	0.3
20040525	0.0	7.85	0.29
20040526	0.0	8.31	0.29
20040527	0.0	11.21	0.28
20040528	4.33	13.2	0.28
20040529	0.43	10.02	0.28
20040530	0.25	11.65	0.28
20040531	1.72	14.6	0.31
20040601	6.0	11.14	0.33
20040602	6.37	13.67	0.3
20040603	5.86	12.71	0.47
20040604	0.07	12.77	0.74
20040605	0.15	14.63	0.45
20040606	0.0	15.26	0.37
20040607	0.01	14.99	0.33
20040608	0.0	16.88	0.31
20040609	0.71	14.95	0.29
20040610	4.86	14.28	0.29
20040611	0.74	12.29	0.28
20040612	0.0	13.57	0.37
20040613	0.21	15.44	0.35
20040614	0.01	16.0	0.31
20040615	0.02	13.5	0.29
20040616	2.26	14.18	0.29
20040617	8.44	11.57	0.32
20040618	4.44	7.66	0.42
20040619	2.07	8.28	0.53
20040620	5.53	8.45	0.65
20040621	2.72	10.21	0.88
20040622	13.03	14.71	0.6
20040623	8.62	12.96	1.85
20040624	8.69	9.17	4.85
20040625	0.07	10.75	2.05
20040626	8.48	13.52	2.0
20040627	1.31	12.44	2.1
20040628	1.45	13.16	0.93
20040629	1.5	13.67	0.61
20040630	12.24	11.44	1.66
20040701	1.12	11.79	2.3
20040702	12.6	12.29	0.96
20040703	7.08	12.58	7.8
20040704	6.17	11.73	3.84
20040705	0.95	11.52	2.42
20040706	0.03	11.7	1.07
20040707	0.24	12.81	0.67
20040708	0.52	9.45	0.5
20040709	1.13	11.99	0.43
20040710	0.36	11.13	0.38
20040711	0.75	11.23	0.35
20040712	0.83	10.76	0.34
20040713	2.57	13.84	0.32
20040714	0.23	14.03	0.31
20040715	0.15	13.1	0.31
20040716	5.69	13.15	0.29
20040717	0.54	12.98	0.31
20040718	0.01	12.93	0.29
20040719	8.81	14.97	0.31
20040720	3.49	16.79	0.35
20040721	0.01	14.86	0.42
20040722	3.58	13.97	0.41
20040723	0.31	14.01	0.34
20040724	11.6	11.65	0.32
20040725	0.91	12.79	1.32
20040726	0.0	15.17	0.89
20040727	0.09	17.25	0.48
20040728	0.2	17.68	0.37
20040729	4.77	18.08	0.34
20040730	0.05	16.84	0.33
20040731	0.12	15.91	0.31
20040801	0.02	16.31	0.29
20040802	12.17	17.52	0.3
20040803	18.56	17.95	1.58
20040804	0.03	16.46	3.45
20040805	10.09	18.75	2.3
20040806	0.0	15.59	2.77
20040807	0.03	19.28	1.01
20040808	2.26	20.69	0.59
20040809	42.91	17.49	15.6
20040810	31.25	16.7	33.43
20040811	15.04	18.13	14.82
20040812	18.42	16.15	8.76
20040813	0.05	12.89	9.85
20040814	1.34	16.7	2.46
20040815	4.16	16.38	1.46
20040816	1.72	14.94	1.45
20040817	6.57	16.28	2.37
20040818	11.53	16.17	4.66
20040819	8.84	13.6	6.19
20040820	0.47	11.02	3.76
20040821	0.16	10.66	1.57
20040822	0.02	14.33	0.98
20040823	2.3	13.79	0.77
20040824	3.69	15.09	1.37
20040825	0.02	12.15	0.96
20040826	10.11	13.68	0.94
20040827	0.04	12.01	2.11
20040828	1.28	12.62	1.02
20040829	4.42	12.19	0.89
20040830	0.39	12.79	0.99
20040831	0.0	11.45	0.69
20040901	0.02	12.92	0.56
20040902	0.0	14.64	0.49
20040903	0.36	16.62	0.45
20040904	0.06	15.59	0.42
20040905	1.24	17.12	0.41
20040906	0.03	12.35	0.42
20040907	0.05	12.35	0.39
20040908	0.08	13.52	0.37
20040909	0.04	15.63	0.35
20040910	8.61	16.52	0.36
20040911	3.2	12.32	0.38
20040912	15.99	11.38	1.03
20040913	7.48	10.48	4.51
20040914	5.6	9.69	3.5
20040915	0.02	9.96	2.36
20040916	8.72	12.21	1.48
20040917	8.44	12.74	3.14
20040918	3.42	10.9	3.01
20040919	19.63	11.4	3.34
20040920	4.91	10.23	8.58
20040921	3.81	9.76	2.88
20040922	3.05	9.91	2.22
20040923	0.6	8.33	1.79
20040924	1.43	9.5	1.13
20040925	0.43	11.78	0.91
20040926	3.84	11.78	1.06
20040927	2.97	12.98	1.38
20040928	1.77	11.6	1.53
20040929	7.84	11.04	1.55
20040930	2.35	10.14	3.47
20041001	3.34	10.34	2.17
20041002	5.21	9.51	1.96
20041003	26.06	10.09	3.89
20041004	7.2	8.54	15.16
20041005	10.14	9.51	6.79
20041006	6.48	7.54	7.23
20041007	0.46	8.97	2.93
20041008	0.15	6.89	1.73
20041009	0.1	6.86	1.29
20041010	0.16	7.93	1.05
20041011	0.0	8.3	0.88
20041012	5.08	9.01	0.79
20041013	6.62	7.87	1.29
20041014	1.35	7.57	2.44
20041015	4.28	8.39	1.89
20041016	6.28	7.56	2.22
20041017	3.96	7.66	3.86
20041018	0.75	7.5	2.53
20041019	15.93	6.75	3.55
20041020	13.0	7.37	7.85
20041021	6.22	7.78	9.43
20041022	8.78	7.68	4.64
20041023	9.41	8.27	5.16
20041024	6.04	10.28	8.03
20041025	3.37	7.86	4.61
20041026	0.51	6.15	3.34
20041027	1.11	8.01	2.0
20041028	1.95	10.78	1.59
20041029	2.11	9.58	1.52
20041030	0.07	9.76	1.48
20041031	0.0	7.83	1.21
20041101	0.03	6.72	1.02
20041102	0.55	8.31	0.9
20041103	4.98	7.99	0.87
20041104	1.41	5.94	1.42
20041105	8.47	7.8	1.45
20041106	2.61	10.45	4.22
20041107	0.62	9.15	2.88
20041108	0.95	7.7	1.82
20041109	1.29	6.08	1.63
20041110	0.69	3.55	1.44
20041111	1.22	8.46	1.26
20041112	1.42	3.96	1.48
20041113	0.15	2.79	1.28
20041114	0.91	7.05	1.04
20041115	9.83	8.31	1.9
20041116	8.02	9.83	7.15
20041117	0.26	7.12	5.08
20041118	0.1	0.41	2.06
20041119	0.01	-1.18	1.32
20041120	0.17	-1.12	1.01
20041121	7.15	5.27	1.24
20041122	2.33	8.19	3.81
20041123	1.61	8.18	2.54
20041124	1.16	8.62	2.01
20041125	7.62	8.09	2.25
20041126	0.06	5.87	4.77
20041127	3.32	4.98	2.08
20041128	0.04	1.52	2.01
20041129	0.13	1.27	1.39
20041130	0.05	3.17	1.13
20041201	0.21	2.16	0.97
20041202	1.07	1.52	0.87
20041203	2.97	6.98	1.18
20041204	0.26	7.29	1.36
20041205	0.81	7.09	1.12
20041206	0.65	6.44	1.05
20041207	0.06	3.32	1.05
20041208	0.07	6.04	0.85
20041209	0.0	2.88	0.76
20041210	1.12	4.79	0.71
20041211	1.42	6.55	0.76
20041212	0.0	5.64	1.04
20041213	0.4	6.07	0.86
20041214	8.75	7.55	2.18
20041215	5.04	4.72	2.75
20041216	7.27	4.66	3.24
20041217	2.33	1.16	3.71
20041218	0.03	-0.03	2.26
20041219	0.11	-0.76	1.42
20041220	5.11	-0.21	1.3
20041221	9.64	3.94	2.03
20041222	5.95	8.54	9.2
20041223	7.62	5.7	9.02
20041224	11.18	1.47	8.55
20041225	0.44	-1.65	3.84
20041226	0.28	-0.12	1.84
20041227	13.26	3.61	7.59
20041228	2.51	1.77	6.66
20041229	1.62	6.71	3.37
20041230	13.34	6.57	7.93
20041231	0.62	5.17	6.06
20050101	12.0	4.26	5.62
20050102	1.96	3.58	4.95
20050103	2.21	7.67	3.45
20050104	0.74	5.46	2.34
20050105	6.72	4.74	2.85
20050106	9.67	8.18	2.53
20050107	59.81	6.85	40.17
20050108	7.78	4.01	28.5
20050109	14.07	8.92	14.59
20050110	0.81	6.75	11.45
20050111	2.69	5.01	3.08
20050112	2.98	2.8	2.36
20050113	0.04	1.89	2.11
20050114	0.76	5.26	1.68
20050115	0.91	8.14	1.49
20050116	5.01	6.82	1.46
20050117	2.85	2.66	2.8
20050118	3.17	1.29	2.36
20050119	4.61	5.37	4.04
20050120	1.15	3.82	3.03
20050121	0.02	-0.22	1.74
20050122	0.14	-1.73	1.26
20050123	0.06	-0.54	1.0
20050124	0.11	1.47	0.91
20050125	0.26	3.12	0.88
20050126	0.05	3.99	0.86
20050127	0.1	4.05	0.82
20050128	0.14	3.89	0.77
20050129	0.07	3.13	0.71
20050130	0.05	5.88	0.66
20050131	0.08	7.77	0.63
20050201	0.5	5.55	0.6
20050202	0.45	5.45	0.58
20050203	0.13	6.66	0.58
20050204	1.28	5.26	0.57
20050205	0.78	3.49	0.62
20050206	0.45	3.73	0.7
20050207	0.07	4.13	0.61
20050208	6.99	5.0	0.61
20050209	5.92	5.44	2.69
20050210	0.07	3.16	3.03
20050211	21.54	5.41	5.78
20050212	1.02	2.44	10.65
20050213	2.27	1.92	2.59
20050214	0.01	1.86	1.83
20050215	0.01	0.91	1.23
20050216	0.93	2.32	0.97
20050217	0.23	4.84	0.93
20050218	0.3	2.73	0.84
20050219	0.0	0.02	0.72
20050220	0.04	0.74	0.61
20050221	3.37	0.91	0.6
20050222	2.8	-0.33	0.66
20050223	4.66	-0.38	0.71
20050224	3.0	0.41	0.74
20050225	0.96	1.36	1.05
20050226	0.56	2.04	2.02
20050227	0.08	1.75	1.75
20050228	5.9	1.46	1.37
20050301	1.8	0.66	2.88
20050302	1.49	-0.36	1.88
20050303	3.56	2.05	1.33
20050304	0.04	2.14	1.98
20050305	2.14	0.51	1.58
20050306	0.48	2.04	1.37
20050307	0.0	3.69	1.11
20050308	0.04	2.39	1.08
20050309	0.68	3.05	1.06
20050310	0.94	4.99	1.52
20050311	0.27	2.85	2.21
20050312	0.04	0.98	1.07
20050313	0.42	1.51	0.72
20050314	17.31	5.02	2.43
20050315	3.26	9.31	7.28
20050316	2.72	10.54	2.62
20050317	0.48	10.55	1.8
20050318	0.71	8.31	1.55
20050319	0.03	9.79	1.56
20050320	0.06	10.33	1.09
20050321	2.06	9.4	0.85
20050322	0.94	10.71	0.77
20050323	0.11	10.3	0.77
20050324	1.66	11.0	0.65
20050325	0.05	9.27	0.61
20050326	0.05	6.84	0.59
20050327	16.1	5.56	1.33
20050328	0.15	5.69	4.15
20050329	0.19	6.05	1.7
20050330	0.45	5.22	1.14
20050331	0.03	7.93	0.93
20050401	0.27	8.19	0.78
20050402	0.0	9.12	0.69
20050403	4.54	9.81	0.64
20050404	5.58	5.84	0.9
20050405	22.43	6.22	2.43
20050406	6.93	4.42	15.39
20050407	0.96	3.91	4.04
20050408	0.08	1.68	1.75
20050409	3.12	5.34	1.28
20050410	0.03	8.66	1.27
20050411	2.04	8.53	0.96
20050412	0.21	5.83	0.86
20050413	0.84	5.48	0.8
20050414	8.71	4.5	1.0
20050415	10.3	3.35	2.69
20050416	0.06	4.05	4.41
20050417	6.37	7.81	1.74
20050418	0.73	5.0	3.37
20050419	0.53	7.16	1.66
20050420	0.07	4.44	1.0
20050421	0.0	7.42	0.75
20050422	0.0	7.14	0.63
20050423	0.0	6.14	0.55
20050424	0.0	7.69	0.5
20050425	2.76	8.68	0.47
20050426	6.37	8.15	0.49
20050427	1.53	8.03	0.62
20050428	0.09	9.71	0.89
20050429	0.01	9.26	0.77
20050430	0.59	11.15	0.55
20050501	12.22	12.21	1.45
20050502	2.52	13.17	1.38
20050503	8.2	9.75	2.22
20050504	0.57	10.18	1.73
20050505	2.17	8.02	1.01
20050506	1.17	6.99	0.97
20050507	1.3	6.33	0.77
20050508	2.86	5.59	0.67
20050509	1.48	5.16	0.65
20050510	0.0	5.2	0.58
20050511	0.0	6.73	0.51
20050512	0.02	8.4	0.47
20050513	0.0	8.37	0.44
20050514	0.0	8.7	0.42
20050515	0.1	10.1	0.41
20050516	0.03	4.71	0.4
20050517	1.05	6.06	0.4
20050518	6.29	8.06	0.41
20050519	2.2	12.14	0.42
20050520	4.84	10.51	0.47
20050521	7.78	9.96	0.71
20050522	8.97	9.37	0.87
20050523	6.69	8.73	2.17
20050524	7.68	10.36	3.03
20050525	3.57	12.48	4.04
20050526	2.0	12.16	1.87
20050527	0.12	11.61	1.1
20050528	0.04	10.7	0.8
20050529	0.05	8.0	0.63
20050530	0.01	8.47	0.52
20050531	3.36	9.45	0.46
20050601	15.47	10.8	0.59
20050602	6.02	12.99	5.39
20050603	2.03	11.59	4.48
20050604	3.6	10.87	1.91
20050605	2.0	9.07	1.84
20050606	0.0	7.72	1.26
20050607	0.02	11.68	0.74
20050608	0.02	12.6	0.56
20050609	0.07	13.92	0.48
20050610	0.19	12.06	0.43
20050611	0.56	10.78	0.4
20050612	8.71	7.86	0.43
20050613	4.81	9.01	0.91
20050614	3.91	11.13	1.13
20050615	0.06	13.8	1.15
20050616	11.8	13.97	1.45
20050617	0.15	16.77	3.96
20050618	0.0	19.14	1.53
20050619	0.02	17.77	0.88
20050620	0.91	14.12	0.61
20050621	0.37	14.81	0.5
20050622	0.0	15.82	0.45
20050623	0.02	16.27	0.41
20050624	2.45	14.96	0.39
20050625	0.0	11.92	0.37
20050626	0.0	13.1	0.35
20050627	0.0	14.96	0.34
20050628	0.74	16.89	0.33
20050629	0.96	13.21	0.33
20050630	10.17	14.88	0.47
20050701	0.07	12.59	0.51
20050702	1.12	15.79	0.44
20050703	0.47	12.77	0.37
20050704	0.72	11.33	0.35
20050705	7.83	12.55	0.37
20050706	1.15	12.18	0.41
20050707	0.0	13.59	0.38
20050708	0.0	15.15	0.36
20050709	0.0	19.65	0.33
20050710	0.0	19.85	0.31
20050711	0.0	20.59	0.3
20050712	0.02	19.17	0.28
20050713	0.16	17.6	0.27
20050714	11.13	14.67	0.49
20050715	0.0	12.8	0.36
20050716	0.0	15.89	0.31
20050717	0.89	17.8	0.3
20050718	2.07	13.72	0.3
20050719	4.02	12.22	0.29
20050720	0.0	14.42	0.27
20050721	0.0	15.66	0.27
20050722	0.0	14.89	0.27
20050723	0.0	12.73	0.26
20050724	0.09	12.53	0.25
20050725	0.0	11.79	0.25
20050726	0.0	11.5	0.25
20050727	0.91	11.91	0.25
20050728	17.63	10.97	0.34
20050729	1.49	12.55	0.86
20050730	1.96	10.51	0.69
20050731	1.22	12.84	0.6
20050801	0.04	12.52	0.43
20050802	1.91	14.06	0.38
20050803	1.12	13.39	0.34
20050804	11.28	13.33	0.41
20050805	0.2	12.41	1.18
20050806	0.69	11.55	0.6
20050807	0.03	11.46	0.42
20050808	0.0	14.68	0.34
20050809	6.59	16.48	0.34
20050810	0.2	15.63	0.33
20050811	9.07	15.17	0.32
20050812	2.43	13.58	0.5
20050813	1.84	13.76	0.69
20050814	0.05	14.22	0.79
20050815	0.21	14.86	0.52
20050816	0.08	15.88	0.41
20050817	0.0	16.92	0.37
20050818	1.52	14.6	0.34
20050819	0.57	13.54	0.32
20050820	0.0	14.12	0.29
20050821	3.0	16.61	0.28
20050822	0.0	13.17	0.28
20050823	26.38	14.15	0.3
20050824	3.23	11.17	6.97
20050825	7.1	10.94	2.38
20050826	4.99	11.72	1.65
20050827	0.14	13.92	2.05
20050828	3.53	14.25	0.96
20050829	0.0	11.82	1.09
20050830	0.0	16.68	0.72
20050831	4.47	18.32	0.53
20050901	0.02	11.99	0.52
20050902	0.0	12.79	0.45
20050903	0.06	15.59	0.38
20050904	0.0	18.95	0.34
20050905	0.09	18.39	0.32
20050906	0.21	15.85	0.3
20050907	3.86	14.59	0.3
20050908	16.85	13.88	0.33
20050909	3.81	11.11	2.48
20050910	0.05	11.18	1.99
20050911	0.04	13.45	0.91
20050912	0.0	15.01	0.57
20050913	5.34	14.15	0.44
20050914	2.24	12.93	0.56
20050915	3.92	7.74	0.74
20050916	0.03	7.26	0.73
20050917	1.12	9.85	0.49
20050918	0.02	11.76	0.42
20050919	7.84	12.65	0.42
20050920	0.02	11.14	1.92
20050921	0.01	13.71	0.79
20050922	3.13	14.93	0.52
20050923	1.78	8.07	0.45
20050924	0.85	9.81	0.55
20050925	0.12	12.02	0.45
20050926	14.8	12.73	1.75
20050927	3.53	9.79	2.64
20050928	10.88	9.77	3.11
20050929	5.66	11.09	2.3
20050930	6.07	12.7	2.05
20051001	0.93	8.2	2.82
20051002	0.46	9.75	1.45
20051003	0.02	10.53	0.91
20051004	0.01	10.41	0.69
20051005	0.0	8.32	0.58
20051006	0.01	11.05	0.49
20051007	0.79	11.72	0.45
20051008	2.34	8.27	0.43
20051009	0.11	10.03	0.42
20051010	2.29	13.44	0.41
20051011	57.08	10.18	12.72
20051012	4.43	10.2	18.66
20051013	0.1	6.61	3.65
20051014	0.01	8.27	1.86
20051015	0.06	11.3	1.28
20051016	0.0	11.7	1.0
20051017	0.0	11.93	0.82
20051018	4.81	10.31	0.72
20051019	7.23	10.23	0.93
20051020	2.04	9.48	2.41
20051021	12.78	8.75	4.33
20051022	6.78	7.06	5.88
20051023	16.66	7.66	3.6
20051024	41.76	11.41	36.8
20051025	8.34	10.14	20.29
20051026	4.64	12.79	6.61
20051027	0.23	16.26	3.71
20051028	5.99	11.62	3.39
20051029	0.72	13.68	2.44
20051030	5.54	11.76	2.06
20051031	9.26	9.35	2.18
20051101	6.06	8.29	3.84
20051102	10.23	12.3	5.99
20051103	14.53	11.48	7.75
20051104	2.22	7.78	12.78
20051105	19.96	9.39	4.25
20051106	7.99	8.39	17.02
20051107	5.3	7.82	5.31
20051108	8.25	4.98	7.64
20051109	1.27	7.86	3.39
20051110	3.16	10.21	2.34
20051111	5.48	8.4	3.11
20051112	0.17	3.99	3.16
20051113	0.08	4.11	1.92
20051114	2.59	7.44	1.57
20051115	0.02	3.84	1.91
20051116	0.11	0.4	1.43
20051117	0.1	-0.64	1.11
20051118	0.15	0.43	0.93
20051119	0.13	0.61	0.81
20051120	0.24	1.75	0.83
20051121	0.01	0.34	0.82
20051122	0.2	-0.31	0.77
20051123	1.31	3.52	0.75
20051124	0.43	1.06	0.82
20051125	4.61	0.47	0.82
20051126	1.9	2.46	1.4
20051127	0.05	0.72	1.63
20051128	0.0	-0.68	1.11
20051129	0.21	-0.36	0.81
20051130	0.5	4.27	0.75
20051201	2.6	6.3	0.78
20051202	3.09	5.51	0.96
20051203	9.93	4.84	2.22
20051204	2.93	3.97	4.64
20051205	1.16	3.7	2.41
20051206	0.04	1.64	1.63
20051207	0.51	1.42	1.27
20051208	0.05	2.41	1.07
20051209	5.16	6.36	0.98
20051210	1.61	8.86	2.67
20051211	0.03	4.55	2.2
20051212	0.07	0.8	1.31
20051213	0.05	4.16	0.95
20051214	0.1	5.15	0.84
20051215	4.28	6.25	0.81
20051216	0.05	0.24	2.03
20051217	0.0	-2.02	1.18
20051218	6.01	2.42	1.42
20051219	0.13	3.63	2.15
20051220	1.11	6.88	1.43
20051221	1.87	5.36	1.21
20051222	8.95	6.58	1.33
20051223	0.09	5.91	6.61
20051224	0.08	2.18	2.04
20051225	0.24	1.7	1.3
20051226	0.42	0.97	1.04
20051227	0.6	-1.05	0.9
20051228	0.57	-3.89	0.75
20051229	6.51	-3.12	0.58
20051230	11.39	2.85	4.46
20051231	2.2	3.2	11.12
20060101	0.03	2.27	3.08
20060102	4.57	5.09	1.74
20060103	0.0	2.46	2.67
20060104	0.16	1.85	1.66
20060105	0.01	1.01	1.24
20060106	0.22	1.02	1.0
20060107	0.16	0.87	0.86
20060108	0.0	-0.07	0.78
20060109	7.28	3.44	0.73
20060110	26.83	7.21	16.17
20060111	0.04	3.65	11.48
20060112	0.0	4.79	2.44
20060113	2.09	6.25	1.54
20060114	0.11	3.9	1.31
20060115	1.15	4.43	1.17
20060116	5.74	4.29	1.36
20060117	0.8	4.14	2.52
20060118	17.87	7.74	6.35
20060119	4.58	6.37	10.57
20060120	0.85	3.35	4.17
20060121	0.11	3.5	2.25
20060122	0.07	2.6	1.53
20060123	0.04	1.06	1.22
20060124	0.0	2.6	1.01
20060125	0.11	1.86	0.89
20060126	0.8	1.88	0.83
20060127	0.89	2.2	0.79
20060128	0.02	1.12	0.77
20060129	0.09	-1.21	0.72
20060130	0.08	-3.42	0.59
20060131	0.0	-2.49	0.6
20060201	0.05	0.93	0.59
20060202	0.1	2.25	0.6
20060203	0.01	3.39	0.6
20060204	0.1	3.46	0.59
20060205	0.02	4.4	0.58
20060206	0.02	5.89	0.59
20060207	3.62	3.84	0.6
20060208	0.06	1.55	0.82
20060209	0.01	-0.12	0.7
20060210	0.0	0.54	0.58
20060211	3.36	3.01	0.52
20060212	4.57	6.25	1.13
20060213	2.82	6.76	1.75
20060214	11.18	5.65	3.42
20060215	3.79	4.3	4.56
20060216	10.34	3.8	5.57
20060217	0.06	2.46	5.47
20060218	0.06	2.43	1.87
20060219	0.7	3.35	1.22
20060220	2.51	3.51	1.03
20060221	2.26	2.7	1.23
20060222	1.91	1.54	1.36
20060223	9.2	3.47	3.01
20060224	0.43	2.22	3.45
20060225	0.77	3.1	1.71
20060226	0.04	2.04	1.18
20060227	7.11	0.62	1.4
20060228	0.05	-1.83	1.87
20060301	0.02	-1.95	1.03
20060302	0.0	-1.77	0.75
20060303	0.04	-2.07	0.65
20060304	0.27	-0.22	0.6
20060305	0.02	0.61	0.56
20060306	1.22	1.39	0.52
20060307	7.53	3.99	0.65
20060308	3.86	5.69	2.95
20060309	5.17	5.54	2.52
20060310	2.88	2.23	4.38
20060311	0.38	-0.43	2.42
20060312	2.87	-0.72	1.47
20060313	10.29	1.35	1.64
20060314	5.88	2.08	5.62
20060315	0.88	1.0	3.76
20060316	0.78	1.52	2.07
20060317	0.02	1.95	1.53
20060318	0.0	2.91	1.34
20060319	0.45	3.6	1.44
20060320	0.91	2.15	1.54
20060321	0.03	-1.46	1.27
20060322	0.02	1.11	0.85
20060323	0.0	3.3	0.72
20060324	7.85	4.67	0.88
20060325	16.77	8.84	4.64
20060326	3.94	10.81	9.2
20060327	12.16	9.5	6.76
20060328	7.61	4.09	10.37
20060329	12.36	5.83	3.96
20060330	19.78	6.32	16.09
20060331	11.53	7.32	15.55
20060401	7.2	6.51	8.37
20060402	2.46	4.88	5.57
20060403	2.59	2.61	3.42
20060404	0.37	1.53	2.25
20060405	3.84	4.86	1.57
20060406	1.02	4.95	1.77
20060407	3.5	3.72	1.48
20060408	4.0	2.98	2.23
20060409	0.33	1.58	2.04
20060410	8.55	4.42	1.27
20060411	3.62	6.72	4.02
20060412	2.3	6.9	2.36
20060413	1.87	6.71	2.19
20060414	0.21	6.59	1.42
20060415	0.3	9.37	1.04
20060416	0.56	7.78	0.86
20060417	0.3	5.87	0.74
20060418	3.76	6.57	0.69
20060419	1.13	7.23	0.69
20060420	2.71	8.36	0.73
20060421	0.06	6.6	0.71
20060422	2.64	7.73	0.67
20060423	0.0	7.51	0.67
20060424	5.33	11.27	0.67
20060425	0.02	9.98	0.84
20060426	0.09	6.83	0.87
20060427	0.0	7.47	0.66
20060428	0.0	7.46	0.56
20060429	0.0	6.73	0.52
20060430	5.49	7.13	0.5
20060501	1.15	6.09	0.57
20060502	1.57	8.96	0.61
20060503	0.0	10.12	0.59
20060504	0.04	15.66	0.52
20060505	0.0	8.93	0.47
20060506	9.89	12.96	0.45
20060507	1.64	11.51	0.99
20060508	0.0	11.58	1.01
20060509	0.0	11.55	0.63
20060510	0.0	11.9	0.49
20060511	0.69	13.48	0.44
20060512	2.7	10.74	0.44
20060513	0.06	4.41	0.42
20060514	19.99	9.49	0.64
20060515	9.67	10.95	4.59
20060516	2.2	13.29	3.08
20060517	6.24	12.74	1.67
20060518	4.57	11.36	2.23
20060519	6.19	9.09	2.77
20060520	1.81	7.54	2.34
20060521	19.09	8.13	3.5
20060522	1.43	4.02	7.18
20060523	6.0	6.91	2.41
20060524	1.31	6.12	2.22
20060525	1.37	8.4	1.33
20060526	1.45	10.21	1.04
20060527	2.19	10.72	1.0
20060528	0.31	8.53	0.89
20060529	0.62	6.69	0.72
20060530	0.05	6.68	0.6
20060531	1.77	10.27	0.54
20060601	0.02	11.31	0.51
20060602	0.02	12.1	0.46
20060603	0.13	13.04	0.42
20060604	0.0	12.46	0.41
20060605	0.0	12.71	0.4
20060606	0.01	15.47	0.38
20060607	0.0	14.85	0.37
20060608	0.0	15.95	0.36
20060609	0.0	17.28	0.34
20060610	0.0	18.88	0.33
20060611	4.43	16.21	0.33
20060612	0.28	15.68	0.35
20060613	0.0	11.14	0.33
20060614	0.0	12.46	0.32
20060615	0.0	14.75	0.32
20060616	0.06	15.38	0.31
20060617	0.93	15.26	0.32
20060618	9.5	13.38	0.35
20060619	0.06	11.62	0.37
20060620	9.64	11.9	0.45
20060621	6.17	10.75	1.03
20060622	0.65	11.01	1.07
20060623	0.01	10.6	0.83
20060624	5.96	11.86	0.57
20060625	0.25	10.64	0.76
20060626	1.12	10.75	0.55
20060627	0.23	11.41	0.47
20060628	0.52	14.52	0.42
20060629	0.0	15.87	0.39
20060630	3.22	15.48	0.38
20060701	0.03	18.09	0.36
20060702	1.08	19.09	0.34
20060703	0.09	17.82	0.33
20060704	0.0	17.11	0.32
20060705	8.72	20.18	0.49
20060706	0.79	17.92	0.4
20060707	0.9	14.02	0.33
20060708	5.09	13.24	0.33
20060709	3.03	12.56	0.35
20060710	3.13	14.29	0.35
20060711	0.01	14.03	0.37
20060712	2.26	11.23	0.36
20060713	0.0	12.21	0.34
20060714	0.0	13.92	0.32
20060715	0.0	15.52	0.32
20060716	0.0	17.46	0.3
20060717	0.0	19.56	0.29
20060718	0.0	20.7	0.28
20060719	0.01	20.68	0.27
20060720	0.13	19.04	0.27
20060721	0.01	18.41	0.27
20060722	0.0	19.61	0.26
20060723	0.0	16.08	0.26
20060724	0.0	18.04	0.26
20060725	0.02	22.28	0.24
20060726	0.0	18.69	0.22
20060727	0.0	18.01	0.23
20060728	0.0	18.5	0.22
20060729	1.66	19.07	0.23
20060730	3.32	16.06	0.23
20060731	15.08	14.05	0.26
20060801	13.12	13.86	2.2
20060802	5.05	12.12	1.66
20060803	0.0	16.07	0.55
20060804	0.82	16.36	0.39
20060805	0.24	18.11	0.32
20060806	3.03	14.47	0.3
20060807	0.0	13.05	0.3
20060808	0.93	12.66	0.28
20060809	0.12	12.8	0.29
20060810	0.05	12.68	0.28
20060811	0.2	13.01	0.27
20060812	0.51	13.32	0.26
20060813	0.49	13.1	0.26
20060814	0.5	14.16	0.26
20060815	0.45	11.5	0.26
20060816	0.17	15.01	0.26
20060817	1.67	15.25	0.25
20060818	9.56	13.68	0.3
20060819	3.01	14.62	0.31
20060820	7.96	14.86	0.33
20060821	0.73	14.27	0.91
20060822	0.55	14.57	0.6
20060823	1.63	13.34	0.45
20060824	0.0	12.48	0.37
20060825	0.69	14.19	0.34
20060826	2.62	13.97	0.31
20060827	5.61	12.16	0.32
20060828	3.88	11.67	0.37
20060829	0.12	12.89	0.54
20060830	9.54	13.49	0.41
20060831	4.26	17.03	0.92
20060901	6.07	14.3	1.37
20060902	29.94	13.39	6.09
20060903	3.43	14.24	5.34
20060904	4.32	14.19	1.96
20060905	17.64	15.97	1.73
20060906	0.46	12.36	7.88
20060907	0.0	10.64	1.89
20060908	0.04	11.73	0.95
20060909	0.04	13.16	0.64
20060910	0.04	15.84	0.51
20060911	0.02	17.52	0.42
20060912	0.37	17.51	0.38
20060913	8.81	17.06	0.36
20060914	24.58	12.06	5.96
20060915	0.09	14.13	3.21
20060916	0.05	15.33	1.26
20060917	0.11	14.08	0.8
20060918	8.16	13.92	0.75
20060919	0.27	13.01	1.21
20060920	0.5	16.62	0.69
20060921	0.0	18.8	0.53
20060922	1.0	13.68	0.43
20060923	4.63	15.66	0.39
20060924	2.45	14.52	0.4
20060925	0.07	15.12	0.53
20060926	0.15	13.85	0.48
20060927	7.06	13.93	0.44
20060928	0.49	12.69	0.69
20060929	1.72	11.84	0.68
20060930	1.33	14.04	0.53
20061001	5.08	12.63	0.48
20061002	5.56	11.07	1.09
20061003	2.53	10.97	1.19
20061004	4.16	10.46	1.19
20061005	8.06	11.81	2.22
20061006	8.64	10.98	4.04
20061007	0.02	11.36	2.37
20061008	8.15	12.7	1.23
20061009	0.13	8.8	2.15
20061010	0.31	11.67	1.29
20061011	8.14	11.57	1.66
20061012	0.61	10.36	1.91
20061013	0.15	11.77	1.2
20061014	0.11	11.89	0.83
20061015	0.01	10.19	0.68
20061016	2.84	10.32	0.59
20061017	3.35	11.93	0.59
20061018	3.3	11.92	0.73
20061019	2.85	12.08	1.15
20061020	1.09	10.66	1.23
20061021	11.31	11.11	1.24
20061022	3.15	9.53	3.99
20061023	0.4	7.05	2.4
20061024	6.25	7.45	1.8
20061025	24.93	10.99	11.09
20061026	2.3	7.23	9.56
20061027	10.43	8.87	4.04
20061028	5.39	10.75	8.6
20061029	8.01	10.66	3.24
20061030	6.74	11.0	6.12
20061031	1.69	4.59	5.03
20061101	0.09	2.48	2.17
20061102	0.02	2.64	1.4
20061103	0.1	4.67	1.08
20061104	0.0	9.25	0.91
20061105	0.0	9.58	0.81
20061106	0.17	7.95	0.72
20061107	4.95	9.57	0.67
20061108	1.59	6.47	1.02
20061109	0.07	4.21	1.12
20061110	13.12	8.1	2.88
20061111	9.8	5.52	6.92
20061112	4.93	8.37	2.9
20061113	0.81	7.77	3.65
20061114	5.76	6.86	2.12
20061115	7.93	9.32	3.89
20061116	5.45	5.16	3.52
20061117	6.78	4.63	3.21
20061118	9.32	3.0	5.13
20061119	11.46	5.94	6.94
20061120	3.36	5.14	7.05
20061121	0.31	4.42	2.93
20061122	9.5	5.34	2.04
20061123	1.32	5.97	4.56
20061124	4.0	7.26	2.69
20061125	3.85	6.84	2.2
20061126	3.52	7.68	2.82
20061127	1.85	9.38	2.22
20061128	4.03	6.95	1.84
20061129	2.3	9.16	2.36
20061130	2.59	8.17	1.89
20061201	2.87	6.83	1.67
20061202	6.64	7.1	1.9
20061203	8.51	5.67	5.67
20061204	13.9	8.79	3.89
20061205	7.2	5.91	11.95
20061206	13.77	5.59	4.85
20061207	16.09	4.63	24.67
20061208	0.08	2.72	6.17
20061209	0.35	2.54	2.58
20061210	19.06	8.3	6.45
20061211	1.3	5.28	11.76
20061212	10.89	7.09	5.36
20061213	9.71	9.79	7.28
20061214	14.34	6.2	17.39
20061215	1.84	3.19	7.23
20061216	0.97	3.33	3.08
20061217	0.05	2.37	2.18
20061218	0.0	1.05	1.71
20061219	0.18	0.8	1.42
20061220	0.02	2.86	1.31
20061221	0.14	5.03	1.2
20061222	0.28	5.73	1.08
20061223	0.02	1.06	1.02
20061224	0.07	-1.93	0.94
20061225	0.52	-0.62	0.86
20061226	0.05	-0.28	0.83
20061227	2.48	0.55	0.86
20061228	0.55	4.12	0.95
20061229	15.18	7.82	1.76
20061230	1.9	5.03	4.87
20061231	6.29	5.73	3.27
20070101	6.44	3.67	2.4
20070102	2.82	6.13	3.5
20070103	6.41	8.51	3.78
20070104	1.73	6.92	3.99
20070105	0.55	7.03	2.25
20070106	9.44	6.42	2.37
20070107	9.75	6.03	6.97
20070108	12.58	7.31	7.51
20070109	10.25	5.47	8.71
20070110	11.52	4.69	6.97
20070111	3.61	6.84	13.14
20070112	5.51	8.13	6.19
20070113	6.13	5.75	5.18
20070114	0.06	6.53	3.63
20070115	2.0	4.04	2.06
20070116	6.24	2.71	1.69
20070117	14.66	3.24	3.39
20070118	3.74	4.43	10.31
20070119	8.02	8.0	5.36
20070120	4.55	2.84	4.56
20070121	2.22	1.99	3.68
20070122	0.75	-0.33	2.64
20070123	0.42	-0.37	1.83
20070124	1.36	-0.11	1.59
20070125	1.46	0.9	1.43
20070126	0.05	4.7	1.59
20070127	0.64	5.18	1.52
20070128	1.23	6.28	1.61
20070129	0.04	5.94	1.6
20070130	1.0	5.58	1.23
20070131	1.11	8.46	1.22
20070201	0.07	6.24	1.38
20070202	0.08	3.91	1.14
20070203	0.03	2.52	0.97
20070204	0.04	1.02	0.88
20070205	0.1	-1.38	0.81
20070206	0.07	-1.73	0.73
20070207	0.06	-1.19	0.65
20070208	1.45	-1.65	0.69
20070209	2.89	-0.14	0.65
20070210	9.26	2.29	1.08
20070211	3.06	4.36	5.03
20070212	0.29	5.11	3.71
20070213	2.01	4.64	2.06
20070214	0.03	4.83	1.64
20070215	1.04	7.24	1.27
20070216	0.4	5.1	1.05
20070217	0.04	3.34	0.91
20070218	0.18	4.28	0.8
20070219	9.27	6.25	1.07
20070220	2.36	5.55	3.32
20070221	9.52	5.53	2.09
20070222	2.84	7.22	6.89
20070223	2.92	7.75	2.85
20070224	2.29	6.36	2.98
20070225	1.72	4.99	2.08
20070226	4.83	3.36	1.75
20070227	9.2	6.35	6.22
20070228	4.29	5.39	3.55
20070301	0.23	2.38	2.5
20070302	3.69	5.15	1.62
20070303	0.1	4.61	1.63
20070304	8.09	5.83	1.91
20070305	15.58	6.42	4.59
20070306	2.08	6.26	7.36
20070307	0.73	5.94	2.69
20070308	1.84	6.07	1.92
20070309	0.89	5.35	1.61
20070310	0.47	7.99	1.36
20070311	3.32	7.47	1.17
20070312	0.01	6.15	1.2
20070313	0.1	6.42	1.1
20070314	0.02	7.87	0.89
20070315	0.52	4.44	0.79
20070316	4.49	6.37	0.74
20070317	5.96	4.63	2.04
20070318	3.45	1.04	3.32
20070319	1.01	1.66	1.91
20070320	0.03	-0.65	1.24
20070321	3.28	2.57	0.93
20070322	0.09	5.14	1.21
20070323	0.06	4.15	0.97
20070324	0.05	6.53	0.77
20070325	0.0	7.19	0.69
20070326	0.0	7.8	0.63
20070327	0.05	7.68	0.6
20070328	5.58	7.3	0.59
20070329	1.08	4.88	0.81
20070330	0.0	7.28	0.83
20070331	0.0	6.45	0.69
20070401	0.03	4.89	0.62
20070402	0.07	8.21	0.58
20070403	0.07	3.18	0.55
20070404	0.05	8.1	0.54
20070405	0.05	7.57	0.52
20070406	0.03	5.78	0.5
20070407	0.0	8.63	0.49
20070408	0.0	9.27	0.47
20070409	0.45	10.65	0.46
20070410	0.02	9.08	0.45
20070411	0.0	7.72	0.45
20070412	0.0	10.17	0.44
20070413	0.02	10.67	0.42
20070414	0.0	14.2	0.4
20070415	0.04	14.27	0.4
20070416	0.02	8.09	0.38
20070417	0.23	6.31	0.37
20070418	0.0	8.15	0.37
20070419	8.23	7.37	0.41
20070420	0.69	7.83	0.41
20070421	0.51	11.95	0.4
20070422	4.1	10.98	0.44
20070423	16.1	12.26	2.9
20070424	3.87	13.69	4.41
20070425	0.07	9.51	1.72
20070426	0.03	9.75	0.98
20070427	0.0	9.05	0.65
20070428	0.0	9.61	0.52
20070429	0.0	9.47	0.44
20070430	0.0	9.09	0.39
20070501	0.04	9.83	0.37
20070502	0.0	9.84	0.34
20070503	0.0	10.69	0.32
20070504	0.0	7.95	0.32
20070505	3.85	10.46	0.32
20070506	5.22	8.66	0.38
20070507	4.21	9.88	0.4
20070508	2.02	8.53	0.4
20070509	5.62	10.48	0.43
20070510	6.4	8.34	0.76
20070511	8.87	8.81	1.29
20070512	3.38	9.35	1.99
20070513	5.8	8.44	2.35
20070514	3.45	9.31	1.91
20070515	3.59	9.42	1.34
20070516	10.65	9.4	2.31
20070517	0.89	12.47	3.14
20070518	2.49	10.41	1.71
20070519	3.29	8.93	1.49
20070520	0.03	7.84	1.2
20070521	0.4	11.49	0.72
20070522	0.0	11.02	0.56
20070523	1.08	13.05	0.48
20070524	2.87	10.1	0.45
20070525	0.01	7.75	0.52
20070526	0.74	8.85	0.46
20070527	0.58	7.29	0.41
20070528	1.52	7.9	0.37
20070529	0.67	8.86	0.38
20070530	0.08	11.08	0.36
20070531	2.83	11.51	0.36
20070601	1.25	13.67	0.34
20070602	0.0	16.93	0.33
20070603	0.82	14.61	0.33
20070604	0.0	13.08	0.31
20070605	0.02	12.09	0.29
20070606	0.0	12.12	0.28
20070607	0.0	13.94	0.27
20070608	0.0	14.56	0.26
20070609	0.0	17.46	0.25
20070610	0.0	15.13	0.25
20070611	0.38	18.3	0.25
20070612	52.18	13.91	7.05
20070613	9.77	9.34	15.13
20070614	7.18	8.75	5.65
20070615	6.35	9.47	3.89
20070616	15.91	12.39	7.75
20070617	3.21	13.18	4.92
20070618	0.55	13.59	2.21
20070619	12.15	14.02	1.37
20070620	1.38	15.06	3.65
20070621	3.85	15.59	2.04
20070622	11.9	14.65	5.31
20070623	1.47	13.07	3.34
20070624	15.67	12.84	8.45
20070625	0.24	9.53	4.87
20070626	4.05	11.18	1.85
20070627	3.1	10.3	1.93
20070628	22.15	10.04	11.95
20070629	0.25	10.74	7.2
20070630	13.22	14.4	3.32
20070701	12.84	14.68	7.18
20070702	10.98	14.26	5.47
20070703	11.31	12.98	14.28
20070704	1.93	14.09	5.96
20070705	16.13	13.35	6.12
20070706	10.93	13.02	10.75
20070707	10.24	11.83	11.17
20070708	0.19	12.37	3.84
20070709	0.0	11.45	1.75
20070710	0.0	12.97	1.19
20070711	2.7	14.08	0.92
20070712	0.55	13.09	0.86
20070713	15.14	13.99	2.12
20070714	0.38	13.04	3.73
20070715	6.15	15.05	1.79
20070716	0.83	14.88	1.75
20070717	2.41	13.75	4.82
20070718	7.28	14.1	4.12
20070719	14.48	15.54	15.57
20070720	0.51	12.34	4.43
20070721	6.02	10.44	2.03
20070722	0.74	12.85	2.28
20070723	1.45	12.92	1.48
20070724	1.03	14.71	1.24
20070725	6.84	15.26	0.9
20070726	4.2	12.74	2.72
20070727	2.47	12.74	2.09
20070728	0.17	10.74	1.34
20070729	0.15	11.03	0.85
20070730	0.0	12.29	0.65
20070731	0.02	14.92	0.56
20070801	6.68	11.84	0.62
20070802	0.0	13.94	0.63
20070803	4.43	15.89	0.58
20070804	1.51	16.17	0.83
20070805	3.9	16.25	0.93
20070806	0.34	11.98	0.87
20070807	0.32	10.41	0.71
20070808	0.05	12.27	0.55
20070809	0.0	13.83	0.46
20070810	0.13	15.1	0.42
20070811	10.48	14.35	0.45
20070812	7.78	13.16	0.84
20070813	2.66	13.07	1.67
20070814	14.02	14.31	2.82
20070815	0.2	13.18	3.42
20070816	1.05	11.42	1.26
20070817	3.16	13.18	0.81
20070818	12.47	13.48	2.69
20070819	1.78	9.91	4.2
20070820	0.0	10.61	1.83
20070821	0.01	13.06	1.07
20070822	0.0	11.28	0.77
20070823	0.0	14.79	0.61
20070824	0.01	17.1	0.52
20070825	0.28	12.98	0.48
20070826	0.05	11.98	0.44
20070827	0.06	12.34	0.42
20070828	0.46	11.48	0.41
20070829	0.22	13.65	0.39
20070830	0.57	14.58	0.38
20070831	0.02	13.63	0.37
20070901	3.21	14.54	0.36
20070902	1.61	10.78	0.37
20070903	0.08	9.7	0.37
20070904	0.36	13.24	0.38
20070905	0.04	15.21	0.36
20070906	0.04	13.95	0.35
20070907	0.04	14.4	0.34
20070908	0.0	14.93	0.33
20070909	0.61	12.31	0.32
20070910	0.06	10.89	0.33
20070911	0.0	12.68	0.33
20070912	0.18	15.66	0.32
20070913	3.22	13.41	0.31
20070914	0.54	9.07	0.32
20070915	11.72	12.01	0.32
20070916	14.1	10.79	4.07
20070917	0.97	5.54	2.2
20070918	13.17	8.35	0.96
20070919	2.18	12.78	5.1
20070920	4.84	11.53	1.81
20070921	2.17	10.57	1.75
20070922	5.34	13.15	1.22
20070923	22.43	12.66	3.58
20070924	9.32	9.84	14.49
20070925	0.17	8.06	3.29
20070926	0.51	5.93	1.45
20070927	0.22	7.89	0.94
20070928	1.69	9.99	0.74
20070929	0.03	8.72	0.69
20070930	0.02	8.86	0.6
20071001	0.13	10.15	0.53
20071002	0.02	11.64	0.48
20071003	9.85	12.21	0.5
20071004	0.07	8.38	1.05
20071005	0.05	10.95	0.83
20071006	0.12	11.98	0.61
20071007	0.07	10.0	0.52
20071008	14.48	10.11	0.5
20071009	5.58	8.71	5.05
20071010	0.42	11.31	2.2
20071011	3.37	13.77	1.39
20071012	0.95	13.34	1.98
20071013	2.82	11.56	1.5
20071014	0.05	11.08	1.58
20071015	4.7	11.3	1.26
20071016	0.11	7.76	1.38
20071017	0.1	5.26	0.98
20071018	0.02	5.92	0.73
20071019	0.0	8.61	0.62
20071020	0.03	7.24	0.56
20071021	0.0	8.77	0.51
20071022	0.03	5.7	0.47
20071023	0.05	5.19	0.44
20071024	0.06	7.13	0.42
20071025	0.0	8.69	0.41
20071026	0.95	8.72	0.4
20071027	12.32	12.04	0.4
20071028	3.86	8.11	3.32
20071029	0.26	5.8	1.9
20071030	0.09	8.43	1.1
20071031	0.0	11.9	0.81
20071101	1.1	12.36	0.73
20071102	0.0	10.8	0.7
20071103	0.02	6.2	0.65
20071104	0.64	6.85	0.57
20071105	1.5	6.45	0.55
20071106	0.16	7.17	0.56
20071107	0.52	10.29	0.52
20071108	2.33	5.27	0.58
20071109	2.68	6.06	0.54
20071110	0.58	7.86	0.65
20071111	0.0	1.4	0.69
20071112	1.91	2.03	0.57
20071113	0.07	5.12	0.55
20071114	0.11	4.04	0.59
20071115	0.03	4.31	0.53
20071116	0.0	6.61	0.49
20071117	5.75	5.86	0.49
20071118	4.47	3.91	1.01
20071119	3.92	4.81	2.33
20071120	9.94	6.2	3.34
20071121	3.9	6.3	5.29
20071122	0.49	1.66	2.67
20071123	3.01	1.54	1.44
20071124	1.89	5.16	2.07
20071125	0.0	3.48	2.0
20071126	0.37	4.31	1.22
20071127	3.02	7.89	0.96
20071128	10.61	6.32	4.53
20071129	7.81	6.79	4.17
20071130	18.24	7.24	16.9
20071201	6.39	5.32	9.33
20071202	4.61	3.35	5.78
20071203	2.73	3.25	3.19
20071204	7.98	8.47	3.91
20071205	3.93	8.53	5.39
20071206	8.88	7.27	5.57
20071207	0.06	3.61	4.15
20071208	14.28	3.4	5.34
20071209	3.16	2.99	5.6
20071210	0.02	0.99	3.29
20071211	0.12	2.26	1.73
20071212	0.03	3.24	1.33
20071213	0.02	2.0	1.13
20071214	0.04	0.04	0.95
20071215	0.04	-0.4	0.76
20071216	0.03	-2.33	0.69
20071217	0.09	-0.39	0.65
20071218	0.0	1.41	0.7
20071219	0.11	0.79	0.65
20071220	0.03	-0.87	0.61
20071221	0.04	-3.46	0.58
20071222	1.56	0.86	0.54
20071223	11.01	4.3	0.6
20071224	1.43	3.2	4.15
20071225	3.61	2.91	2.4
20071226	5.6	7.65	2.32
20071227	31.72	8.16	11.97
20071228	9.2	6.03	28.5
20071229	7.77	3.05	11.27
20071230	1.76	4.58	3.94
20071231	7.87	6.92	2.75
20080101	19.05	5.98	15.68
20080102	0.25	1.2	7.33
20080103	8.77	-0.51	2.72
20080104	6.53	2.29	4.02
20080105	3.12	4.2	7.28
20080106	6.98	2.39	3.5
20080107	1.96	2.59	4.15
20080108	8.14	4.3	4.66
20080109	16.74	3.5	4.35
20080110	6.92	4.46	20.08
20080111	0.3	-0.02	3.78
20080112	5.3	4.47	2.59
20080113	4.86	6.46	3.63
20080114	8.22	4.59	5.75
20080115	2.23	3.92	4.87
20080116	0.2	1.45	2.93
20080117	4.01	4.85	2.35
20080118	13.44	7.78	9.64
20080119	4.94	4.63	4.09
20080120	8.02	3.94	3.39
20080121	25.27	-0.18	16.43
20080122	7.76	3.52	7.9
20080123	7.97	7.16	21.33
20080124	0.75	4.8	5.91
20080125	7.28	7.82	3.63
20080126	4.39	7.72	6.19
20080127	0.0	7.5	3.24
20080128	2.21	7.83	2.03
20080129	11.53	4.57	6.19
20080130	9.75	3.43	3.52
20080131	2.47	1.79	6.01
20080201	1.3	-0.83	3.11
20080202	4.17	2.76	2.47
20080203	1.1	3.14	3.91
20080204	3.26	4.02	2.07
20080205	3.26	3.21	2.72
20080206	2.65	4.22	2.09
20080207	0.01	9.08	2.41
20080208	1.76	7.38	1.93
20080209	0.02	5.72	1.92
20080210	0.07	4.93	1.38
20080211	0.08	5.73	1.15
20080212	0.07	5.92	0.99
20080213	0.11	6.71	0.89
20080214	0.0	4.0	0.83
20080215	0.0	0.76	0.77
20080216	0.02	0.85	0.72
20080217	0.05	-0.6	0.69
20080218	0.06	0.8	0.65
20080219	0.13	2.98	0.62
20080220	3.29	3.45	0.62
20080221	7.85	8.14	0.77
20080222	6.45	6.65	2.85
20080223	1.85	7.52	2.95
20080224	0.3	4.56	2.01
20080225	5.6	5.76	1.55
20080226	0.6	5.1	2.36
20080227	1.15	4.53	1.44
20080228	0.63	5.68	1.13
20080229	8.73	6.47	2.46
20080301	4.86	6.57	3.06
20080302	2.72	3.69	2.53
20080303	0.47	1.04	1.65
20080304	0.26	1.17	1.2
20080305	0.75	5.69	1.0
20080306	3.93	5.75	1.04
20080307	6.84	5.42	1.42
20080308	7.97	5.48	5.42
20080309	6.02	3.65	3.58
20080310	3.24	4.27	4.09
20080311	8.37	4.15	3.5
20080312	2.71	4.49	5.0
20080313	7.29	4.45	4.41
20080314	2.12	6.11	3.14
20080315	0.55	4.66	1.95
20080316	0.35	2.97	1.52
20080317	0.0	3.01	1.19
20080318	0.0	1.92	0.97
20080319	2.26	4.14	0.83
20080320	2.67	4.53	1.3
20080321	1.3	2.55	1.59
20080322	5.14	1.4	1.22
20080323	2.66	0.82	1.63
20080324	0.15	-0.01	1.39
20080325	0.03	2.13	1.01
20080326	4.58	3.37	1.01
20080327	4.65	4.81	1.49
20080328	4.56	5.46	3.76
20080329	9.73	6.11	3.27
20080330	0.52	5.12	4.12
20080331	2.03	8.3	1.87
20080401	2.13	7.03	1.52
20080402	0.02	8.81	1.48
20080403	0.0	10.15	1.12
20080404	6.29	5.8	1.0
20080405	0.62	1.41	1.41
20080406	2.08	1.14	1.19
20080407	5.66	2.38	1.4
20080408	3.66	4.57	1.88
20080409	1.21	4.28	1.73
20080410	4.16	4.26	1.84
20080411	2.74	4.27	1.8
20080412	2.76	2.85	1.77
20080413	0.48	4.26	2.23
20080414	2.02	3.57	1.45
20080415	4.88	3.41	1.67
20080416	0.26	3.2	1.89
20080417	8.88	4.93	1.39
20080418	2.26	4.33	3.5
20080419	0.0	6.1	2.18
20080420	0.0	6.24	1.25
20080421	0.0	6.87	0.96
20080422	0.35	9.23	0.83
20080423	2.76	7.36	0.79
20080424	0.93	8.59	0.81
20080425	2.26	10.59	0.8
20080426	7.59	9.85	1.68
20080427	14.09	8.67	6.58
20080428	2.42	6.84	5.26
20080429	8.53	8.71	1.97
20080430	3.83	8.61	3.45
20080501	0.6	8.04	2.62
20080502	0.83	8.82	1.51
20080503	4.02	13.63	1.1
20080504	3.13	10.23	1.13
20080505	0.01	13.44	1.55
20080506	0.0	13.26	1.01
20080507	0.02	13.45	0.81
20080508	0.0	13.92	0.71
20080509	0.01	15.66	0.66
20080510	1.11	17.41	0.64
20080511	0.1	14.43	0.62
20080512	0.0	11.03	0.58
20080513	0.0	9.72	0.54
20080514	0.04	9.04	0.4
20080515	0.0	9.88	0.38
20080516	0.03	8.97	0.38
20080517	0.29	5.13	0.38
20080518	0.08	5.68	0.37
20080519	0.02	6.43	0.36
20080520	0.0	8.17	0.36
20080521	0.0	10.59	0.35
20080522	0.01	12.04	0.34
20080523	0.0	12.39	0.33
20080524	0.0	9.9	0.32
20080525	0.0	11.98	0.31
20080526	0.0	11.54	0.31
20080527	3.21	10.68	0.31
20080528	5.23	12.07	0.35
20080529	0.6	14.8	0.34
20080530	0.19	12.03	0.33
20080531	0.06	14.19	0.32
20080601	5.72	11.29	0.35
20080602	6.0	14.41	0.35
20080603	0.66	11.34	0.39
20080604	0.0	11.76	0.34
20080605	4.53	13.67	0.36
20080606	0.5	13.5	0.34
20080607	0.07	13.67	0.32
20080608	0.0	14.28	0.3
20080609	0.0	15.24	0.28
20080610	0.0	12.08	0.27
20080611	1.06	11.33	0.27
20080612	0.0	10.44	0.27
20080613	0.08	10.37	0.27
20080614	2.0	9.76	0.27
20080615	0.01	9.69	0.27
20080616	0.82	11.85	0.26
20080617	9.13	11.65	0.33
20080618	16.88	12.26	0.84
20080619	1.07	10.61	0.97
20080620	1.29	9.47	0.63
20080621	29.19	11.61	2.62
20080622	12.52	10.12	7.15
20080623	0.01	9.98	4.92
20080624	4.05	13.35	1.4
20080625	4.02	12.12	1.17
20080626	5.14	12.12	2.04
20080627	9.06	13.49	2.32
20080628	1.59	13.32	2.35
20080629	1.43	12.89	1.32
20080630	0.03	14.63	0.95
20080701	6.11	16.09	0.7
20080702	1.53	13.11	0.64
20080703	6.11	14.46	0.67
20080704	0.02	14.02	1.25
20080705	7.16	12.2	0.75
20080706	12.0	12.78	1.29
20080707	1.62	11.8	3.01
20080708	1.18	12.39	1.48
20080709	23.44	15.09	2.38
20080710	16.27	12.24	12.62
20080711	5.54	11.01	9.04
20080712	0.06	11.72	3.27
20080713	0.47	13.42	1.62
20080714	0.45	16.17	1.07
20080715	0.93	13.63	0.83
20080716	9.28	13.09	0.71
20080717	5.31	12.42	2.56
20080718	7.01	13.07	3.71
20080719	6.68	10.79	4.98
20080720	0.05	10.56	2.2
20080721	0.19	15.0	1.15
20080722	0.53	16.6	0.8
20080723	0.09	16.72	0.68
20080724	0.0	16.61	0.6
20080725	0.02	18.14	0.54
20080726	0.04	16.75	0.48
20080727	0.0	17.11	0.46
20080728	0.34	18.99	0.45
20080729	0.65	17.95	0.44
20080730	0.02	17.33	0.43
20080731	41.47	18.05	2.1
20080801	5.13	14.97	14.74
20080802	7.22	14.58	4.38
20080803	7.25	13.64	3.34
20080804	0.08	14.71	2.95
20080805	6.45	15.75	1.43
20080806	8.58	14.76	2.82
20080807	1.05	13.29	4.22
20080808	0.43	12.81	1.62
20080809	15.15	14.13	2.59
20080810	5.81	14.26	6.48
20080811	1.66	14.1	3.52
20080812	12.16	11.91	3.73
20080813	11.41	13.52	9.56
20080814	6.54	13.13	8.91
20080815	1.99	13.22	3.24
20080816	7.46	14.96	1.91
20080817	2.85	13.68	2.58
20080818	4.86	13.99	2.06
20080819	9.36	15.21	7.39
20080820	1.4	13.17	3.34
20080821	2.33	13.22	2.08
20080822	0.03	11.65	1.56
20080823	3.15	14.16	1.18
20080824	0.03	14.12	1.04
20080825	8.74	13.68	1.85
20080826	4.63	13.85	2.36
20080827	2.24	14.72	4.53
20080828	0.02	16.08	2.88
20080829	0.02	16.87	1.66
20080830	0.42	16.78	1.17
20080831	3.16	13.61	1.01
20080901	3.12	11.83	1.1
20080902	7.52	11.68	1.24
20080903	7.99	9.72	3.11
20080904	0.51	9.62	2.51
20080905	34.19	10.45	11.4
20080906	11.57	11.77	22.86
20080907	5.2	12.25	6.79
20080908	1.91	12.88	3.14
20080909	16.33	12.53	7.57
20080910	0.5	14.16	5.65
20080911	0.41	14.12	2.17
20080912	6.37	13.51	1.53
20080913	0.14	11.11	1.99
20080914	0.4	12.66	1.51
20080915	3.76	11.47	1.22
20080916	0.92	10.24	1.28
20080917	0.06	11.38	1.13
20080918	1.63	12.84	0.96
20080919	0.63	13.1	0.89
20080920	0.09	12.77	0.85
20080921	0.05	13.72	0.84
20080922	0.13	8.19	0.75
20080923	0.59	10.69	0.69
20080924	0.0	10.68	0.65
20080925	0.08	11.5	0.63
20080926	0.04	12.18	0.62
20080927	0.52	9.5	0.6
20080928	0.24	8.96	0.59
20080929	9.74	9.51	0.6
20080930	15.71	8.67	3.91
20081001	7.07	6.82	5.23
20081002	0.55	6.05	3.24
20081003	2.21	4.62	1.56
20081004	23.8	6.22	15.91
20081005	0.05	6.74	4.2
20081006	0.48	10.01	1.81
20081007	4.13	11.9	1.47
20081008	0.82	9.95	1.55
20081009	27.58	11.69	2.8
20081010	23.74	11.69	39.39
20081011	0.01	9.23	7.9
20081012	0.3	12.08	2.59
20081013	1.53	8.62	1.76
20081014	9.22	7.87	2.77
20081015	0.89	7.51	2.95
20081016	0.22	6.94	1.8
20081017	8.56	9.04	1.55
20081018	1.05	9.67	4.07
20081019	13.91	10.91	4.22
20081020	6.05	7.64	8.32
20081021	1.57	6.54	3.55
20081022	3.63	8.23	2.07
20081023	10.85	9.43	8.86
20081024	0.11	8.05	3.55
20081025	40.6	9.84	27.73
20081026	2.79	5.4	13.19
20081027	0.04	2.86	3.14
20081028	0.05	1.02	1.94
20081029	0.13	1.08	1.5
20081030	10.51	3.18	1.61
20081031	6.04	2.22	6.25
20081101	0.43	4.15	3.37
20081102	0.26	5.7	1.93
20081103	0.03	7.69	1.47
20081104	0.03	6.91	1.21
20081105	0.36	6.93	1.05
20081106	1.57	7.42	0.97
20081107	2.31	7.86	0.95
20081108	9.79	6.23	1.56
20081109	14.93	3.8	7.88
20081110	8.35	6.5	7.18
20081111	2.45	4.99	6.12
20081112	0.59	5.69	2.95
20081113	3.42	9.82	2.22
20081114	1.85	9.12	2.95
20081115	0.03	6.79	2.82
20081116	0.83	3.91	1.68
20081117	4.46	6.02	1.68
20081118	0.17	6.76	2.25
20081119	0.47	8.63	1.48
20081120	0.07	5.43	1.24
20081121	0.54	2.07	1.02
20081122	1.65	0.01	0.91
20081123	4.21	2.55	1.04
20081124	0.76	1.81	1.44
20081125	0.91	4.16	1.31
20081126	0.75	8.15	1.41
20081127	5.68	4.51	1.63
20081128	0.03	-0.05	2.14
20081129	0.15	-2.51	1.44
20081130	0.09	-4.42	0.96
20081201	0.8	-1.6	0.74
20081202	1.09	-1.58	0.78
20081203	6.72	-1.49	0.73
20081204	2.12	0.27	1.17
20081205	2.8	0.73	1.67
20081206	0.16	0.23	2.02
20081207	4.16	3.59	1.69
20081208	0.01	1.94	4.95
20081209	0.11	0.14	1.98
20081210	0.18	0.49	1.24
20081211	0.26	0.34	1.0
20081212	8.13	4.24	1.14
20081213	10.81	2.25	7.0
20081214	0.06	0.28	3.52
20081215	0.46	3.22	1.9
20081216	13.01	4.67	9.04
20081217	1.22	6.06	4.33
20081218	5.94	5.26	4.35
20081219	16.02	5.56	13.42
20081220	2.73	6.84	4.79
20081221	0.13	8.61	3.01
20081222	0.68	7.21	1.99
20081223	0.01	5.44	1.63
20081224	0.0	4.98	1.35
20081225	0.0	4.18	1.13
20081226	0.0	0.37	0.98
20081227	0.09	0.5	0.86
20081228	0.13	1.55	0.81
20081229	0.0	-1.41	0.76
20081230	0.09	-2.62	0.65
20081231	0.0	-2.88	0.65
20090101	0.2	-0.48	0.63
20090102	0.32	0.75	0.61
20090103	0.01	-0.89	0.61
20090104	0.32	-0.31	0.54
20090105	0.26	-2.61	0.56
20090106	6.48	-1.98	0.51
20090107	6.61	1.59	0.61
20090108	0.15	1.34	1.55
20090109	0.02	0.08	1.62
20090110	10.8	3.69	2.3
20090111	30.04	8.2	27.73
20090112	0.59	5.71	23.45
20090113	0.05	2.61	3.19
20090114	6.99	3.74	2.42
20090115	0.17	6.01	3.84
20090116	7.96	5.6	2.01
20090117	3.94	3.12	4.02
20090118	6.97	2.23	3.24
20090119	6.16	1.3	3.76
20090120	5.09	1.94	5.26
20090121	4.69	3.64	3.58
20090122	3.61	3.03	4.66
20090123	0.61	1.41	2.82
20090124	3.51	2.34	2.12
20090125	0.14	2.45	1.98
20090126	0.1	2.74	1.55
20090127	0.85	4.36	1.26
20090128	0.1	2.33	1.32
20090129	0.14	3.61	1.13
20090130	0.12	4.66	0.95
20090131	0.0	3.34	0.82
20090201	3.11	-0.04	0.73
20090202	13.81	-0.34	0.78
20090203	0.45	-1.56	2.32
20090204	0.04	-2.91	1.37
20090205	0.07	-3.0	1.0
20090206	0.05	-2.42	0.81
20090207	0.05	-2.55	0.77
20090208	0.5	-2.04	0.68
20090209	1.16	-0.39	0.71
20090210	2.22	0.39	0.68
20090211	0.51	-2.01	0.79
20090212	7.35	0.73	1.25
20090213	0.09	2.15	1.97
20090214	0.53	3.29	1.93
20090215	0.07	5.96	6.56
20090216	0.07	6.57	4.61
20090217	0.37	7.34	2.62
20090218	0.0	5.4	1.71
20090219	0.15	3.69	1.26
20090220	3.14	3.58	1.08
20090221	0.99	5.92	1.22
20090222	4.67	6.86	1.25
20090223	0.01	6.43	1.67
20090224	0.84	6.28	1.22
20090225	0.14	6.12	1.04
20090226	1.23	6.63	0.94
20090227	0.47	7.06	1.16
20090228	1.54	6.23	1.32
20090301	2.01	4.6	1.08
20090302	3.2	4.84	1.25
20090303	5.34	2.58	2.14
20090304	1.51	-0.77	2.17
20090305	0.83	0.3	1.56
20090306	0.19	4.01	1.25
20090307	16.1	5.12	7.1
20090308	6.75	2.61	6.4
20090309	3.73	4.14	4.64
20090310	0.01	4.37	3.11
20090311	6.26	6.71	1.92
20090312	0.27	5.96	3.34
20090313	0.98	6.9	1.72
20090314	0.08	6.82	1.3
20090315	0.0	7.43	1.05
20090316	0.1	5.92	0.87
20090317	0.02	7.06	0.77
20090318	0.03	6.31	0.7
20090319	0.03	5.91	0.64
20090320	0.1	5.44	0.6
20090321	0.03	5.59	0.57
20090322	3.09	8.06	0.54
20090323	0.11	3.63	0.55
20090324	5.35	4.85	0.65
20090325	8.56	7.56	0.98
20090326	2.89	4.39	2.47
20090327	6.64	4.1	1.93
20090328	0.16	0.54	3.19
20090329	0.82	4.95	1.34
20090330	1.31	8.05	0.98
20090331	0.09	6.97	0.9
20090401	0.02	8.06	0.76
20090402	0.1	8.79	0.62
20090403	0.82	9.01	0.56
20090404	0.63	4.93	0.52
20090405	0.03	6.41	0.5
20090406	1.9	7.86	0.49
20090407	3.18	7.61	0.49
20090408	4.16	7.19	0.52
20090409	0.73	11.24	0.6
20090410	0.54	7.34	0.7
20090411	0.05	5.29	0.59
20090412	0.02	7.78	0.5
20090413	0.0	9.32	0.45
20090414	0.13	8.42	0.43
20090415	0.0	8.05	0.41
20090416	0.0	8.78	0.4
20090417	0.0	7.01	0.39
20090418	0.0	6.26	0.38
20090419	0.02	8.37	0.36
20090420	0.0	9.69	0.36
20090421	0.29	6.58	0.36
20090422	0.07	10.95	0.35
20090423	0.69	9.97	0.35
20090424	0.0	10.14	0.35
20090425	4.88	9.09	0.35
20090426	4.32	9.04	0.38
20090427	1.55	5.47	0.4
20090428	11.16	8.51	0.53
20090429	2.18	10.09	1.48
20090430	0.07	10.27	1.04
20090501	3.98	8.77	0.87
20090502	4.05	8.31	0.81
20090503	3.57	7.86	0.68
20090504	1.36	8.46	0.68
20090505	11.62	8.41	3.63
20090506	6.03	8.36	4.77
20090507	3.78	7.78	2.62
20090508	1.62	7.39	1.38
20090509	4.45	7.14	1.3
20090510	1.68	8.6	1.54
20090511	0.0	7.31	0.95
20090512	0.04	8.07	0.61
20090513	0.05	10.55	0.49
20090514	1.2	10.54	0.42
20090515	4.45	9.05	0.42
20090516	1.35	9.65	0.43
20090517	5.65	10.43	0.44
20090518	7.15	10.2	0.65
20090519	2.95	11.18	1.72
20090520	3.25	9.98	1.1
20090521	0.95	10.15	0.92
20090522	0.15	10.72	0.64
20090523	0.09	8.98	0.51
20090524	0.0	10.08	0.43
20090525	1.18	13.01	0.39
20090526	3.42	9.67	0.37
20090527	2.98	11.3	0.39
20090528	0.06	13.28	0.43
20090529	0.0	15.56	0.45
20090530	0.0	13.68	0.39
20090531	0.0	15.19	0.34
20090601	0.0	16.86	0.31
20090602	0.0	16.18	0.3
20090603	0.0	10.05	0.28
20090604	5.73	8.47	0.28
20090605	6.81	5.93	0.42
20090606	0.32	8.26	0.37
20090607	0.11	7.76	0.33
20090608	0.0	8.38	0.31
20090609	0.0	9.07	0.29
20090610	4.54	9.84	0.28
20090611	4.63	8.72	0.45
20090612	0.64	12.94	0.45
20090613	1.0	12.49	0.36
20090614	0.28	12.39	0.34
20090615	2.7	13.13	0.32
20090616	3.38	14.58	0.46
20090617	9.57	10.84	0.58
20090618	1.81	11.4	0.93
20090619	2.49	11.32	0.55
20090620	1.66	11.85	0.54
20090621	0.89	14.02	0.46
20090622	0.25	16.21	0.39
20090623	0.02	17.88	0.34
20090624	0.0	16.41	0.31
20090625	0.0	15.0	0.29
20090626	0.49	17.0	0.28
20090627	1.14	15.85	0.28
20090628	0.21	16.55	0.28
20090629	1.19	18.56	0.27
20090630	0.33	20.68	0.28
20090701	5.87	21.75	0.25
20090702	0.0	20.06	0.24
20090703	10.39	15.28	0.33
20090704	1.05	16.09	0.29
20090705	2.51	15.97	0.27
20090706	2.75	15.06	0.28
20090707	0.81	12.3	0.27
20090708	0.14	12.67	0.25
20090709	0.19	11.05	0.26
20090710	0.0	12.16	0.25
20090711	13.28	16.48	0.26
20090712	0.96	13.79	0.31
20090713	10.91	14.57	0.55
20090714	4.62	14.56	0.95
20090715	0.39	15.56	0.91
20090716	15.98	14.54	0.61
20090717	24.71	12.23	13.79
20090718	8.24	13.25	8.06
20090719	0.3	12.96	2.53
20090720	0.03	12.73	1.17
20090721	6.05	13.13	0.81
20090722	1.51	15.39	0.87
20090723	8.42	14.68	0.82
20090724	0.58	11.54	1.91
20090725	2.59	13.07	1.1
20090726	2.22	14.67	0.66
20090727	2.83	13.36	0.63
20090728	14.24	13.76	1.1
20090729	1.16	12.78	3.94
20090730	1.58	11.81	1.67
20090731	6.82	14.38	0.98
20090801	2.9	14.46	1.39
20090802	0.02	13.34	1.47
20090803	3.56	17.13	0.8
20090804	0.84	17.15	0.65
20090805	0.0	14.33	0.8
20090806	0.0	15.06	0.55
20090807	0.03	14.7	0.44
20090808	0.0	15.71	0.39
20090809	6.85	16.7	0.37
20090810	2.53	13.64	0.45
20090811	2.7	14.38	0.83
20090812	0.16	12.31	0.65
20090813	0.27	14.29	0.51
20090814	20.33	14.46	0.79
20090815	8.83	14.72	14.12
20090816	10.48	13.78	2.59
20090817	4.01	13.92	5.83
20090818	4.47	15.49	3.42
20090819	7.84	18.36	2.1
20090820	13.04	13.7	2.98
20090821	5.27	12.49	6.35
20090822	3.48	14.02	3.32
20090823	24.58	14.21	11.38
20090824	0.19	13.06	8.86
20090825	8.34	13.04	2.12
20090826	3.64	13.65	4.82
20090827	5.41	12.96	2.93
20090828	2.78	11.74	3.34
20090829	1.47	11.89	1.74
20090830	8.25	14.69	1.38
20090831	12.67	14.37	12.39
20090901	17.56	12.33	9.64
20090902	14.4	13.11	8.45
20090903	10.71	10.88	14.12
20090904	7.28	11.59	9.04
20090905	1.85	12.17	3.52
20090906	3.78	12.91	2.21
20090907	0.23	14.93	2.3
20090908	9.4	13.66	3.84
20090909	0.02	10.74	3.06
20090910	0.0	11.94	1.43
20090911	0.03	12.35	1.01
20090912	0.0	12.78	0.8
20090913	0.0	13.13	0.68
20090914	0.0	9.51	0.62
20090915	0.54	11.71	0.57
20090916	0.0	7.89	0.53
20090917	0.02	10.2	0.51
20090918	0.0	10.72	0.48
20090919	2.91	9.3	0.47
20090920	0.01	10.91	0.47
20090921	2.56	13.18	0.46
20090922	0.04	12.43	0.46
20090923	0.5	11.87	0.47
20090924	0.22	11.42	0.47
20090925	0.02	11.72	0.46
20090926	0.0	12.94	0.44
20090927	0.0	13.25	0.43
20090928	2.11	13.56	0.41
20090929	3.09	13.59	0.42
20090930	1.86	9.15	0.96
20091001	5.51	9.33	1.01
20091002	10.83	10.35	1.28
20091003	1.31	7.4	3.89
20091004	1.47	7.39	1.7
20091005	4.12	8.77	0.98
20091006	4.24	6.83	1.62
20091007	0.11	7.5	1.35
20091008	0.0	7.04	0.87
20091009	5.97	9.13	0.69
20091010	1.11	10.22	1.72
20091011	0.11	7.43	1.1
20091012	0.0	7.76	0.81
20091013	0.64	10.7	0.65
20091014	0.65	12.42	0.58
20091015	0.43	9.55	0.55
20091016	0.02	6.42	0.54
20091017	0.02	6.22	0.5
20091018	10.75	8.78	0.53
20091019	3.52	7.93	3.27
20091020	2.47	8.11	1.97
20091021	0.03	9.38	1.24
20091022	0.32	10.22	0.95
20091023	1.79	10.09	0.75
20091024	7.64	12.38	0.81
20091025	4.01	9.17	3.29
20091026	0.22	10.02	2.43
20091027	3.51	11.78	1.23
20091028	1.01	10.44	1.25
20091029	0.08	12.56	1.16
20091030	11.67	12.6	1.48
20091031	8.59	11.53	3.52
20091101	28.21	8.66	24.54
20091102	6.58	6.36	6.48
20091103	3.65	6.58	5.65
20091104	3.59	5.0	3.65
20091105	0.34	4.01	2.2
20091106	5.12	4.74	1.94
20091107	2.55	5.37	2.23
20091108	0.04	3.52	1.66
20091109	3.42	4.78	1.29
20091110	0.12	3.83	1.53
20091111	1.55	5.13	1.43
20091112	6.84	7.76	1.37
20091113	17.24	8.23	7.59
20091114	2.86	6.41	8.47
20091115	0.39	7.53	2.67
20091116	15.4	7.47	9.74
20091117	27.96	6.39	12.13
20091118	22.09	8.11	25.42
20091119	18.57	11.04	45.09
20091120	1.21	6.88	14.77
20091121	13.44	8.49	5.36
20091122	17.19	6.78	12.67
20091123	4.87	6.79	14.61
20091124	26.34	8.05	26.69
20091125	7.01	6.1	12.65
20091126	10.57	4.81	9.64
20091127	3.71	2.99	5.0
20091128	2.63	2.37	3.29
20091129	2.34	2.53	3.06
20091130	0.05	-0.59	2.4
20091201	5.47	1.16	1.89
20091202	2.44	4.71	2.53
20091203	5.28	1.93	4.25
20091204	5.72	2.74	2.88
20091205	8.21	7.2	4.48
20091206	9.51	5.67	7.93
20091207	7.28	5.45	7.98
20091208	0.56	6.42	4.72
20091209	12.45	6.29	5.16
20091210	0.12	2.05	5.26
20091211	0.12	1.28	2.5
20091212	0.19	2.44	1.86
20091213	1.24	0.55	1.58
20091214	3.45	3.15	1.73
20091215	0.68	4.09	2.23
20091216	2.7	2.35	1.87
20091217	0.7	-1.75	1.78
20091218	0.15	-3.58	1.36
20091219	2.98	-3.93	1.14
20091220	2.8	-1.44	1.03
20091221	6.22	-1.09	1.29
20091222	3.36	-0.96	1.2
20091223	0.44	-2.53	1.13
20091224	0.56	-1.92	1.01
20091225	0.42	-0.83	0.96
20091226	8.95	1.33	1.65
20091227	1.65	-1.71	3.78
20091228	0.09	-1.95	2.08
20091229	12.11	-0.12	1.98
20091230	2.95	0.3	4.59
20091231	0.96	-2.25	2.24
20100101	3.37	-2.55	1.56
20100102	0.85	-2.63	1.29
20100103	0.32	-4.94	1.08
20100104	3.82	-4.6	0.98
20100105	4.28	-2.5	0.97
20100106	0.44	-5.52	0.93
20100107	0.0	-7.47	1.14
20100108	2.36	-6.35	2.07
20100109	0.17	-2.1	2.39
20100110	0.7	1.51	1.08
20100111	0.85	0.9	0.99
20100112	1.47	0.35	1.36
20100113	1.59	-0.84	1.26
20100114	1.68	0.29	1.15
20100115	15.74	3.74	5.36
20100116	1.91	3.04	16.84
20100117	3.84	4.19	7.23
20100118	0.04	2.25	13.71
20100119	0.23	1.25	3.5
20100120	0.11	1.47	2.31
20100121	10.01	3.47	1.87
20100122	0.18	2.37	7.44
20100123	1.66	1.45	2.72
20100124	1.83	1.13	2.12
20100125	0.04	0.54	1.75
20100126	0.16	2.73	1.41
20100127	0.04	3.6	2.11
20100128	0.6	2.07	2.0
20100129	0.0	-1.67	1.67
20100130	0.0	-1.37	1.07
20100131	0.08	-1.35	0.8
20100201	9.8	0.42	0.81
20100202	1.09	-1.67	3.81
20100203	0.65	-0.77	1.77
20100204	1.02	4.16	1.48
20100205	0.77	1.53	1.79
20100206	0.5	2.48	1.61
20100207	1.09	1.56	1.34
20100208	0.54	1.26	1.4
20100209	0.96	1.02	1.2
20100210	0.5	-1.89	1.05
20100211	0.06	-0.83	0.83
20100212	0.63	1.71	0.82
20100213	0.09	1.18	0.84
20100214	1.29	1.36	0.81
20100215	7.03	1.67	1.88
20100216	0.08	0.05	2.53
20100217	0.03	-0.62	1.38
20100218	0.1	-0.6	1.02
20100219	0.04	-1.21	0.86
20100220	0.02	-0.78	0.74
20100221	0.07	-1.31	0.65
20100222	0.06	-0.51	0.61
20100223	5.26	0.31	0.59
20100224	2.83	1.1	0.9
20100225	2.54	2.97	1.15
20100226	9.75	1.13	3.86
20100227	0.3	0.61	3.14
20100228	0.66	0.11	2.11
20100301	1.27	-0.13	1.4
20100302	0.34	0.29	1.1
20100303	0.01	0.5	0.89
20100304	0.02	0.7	0.77
20100305	0.04	3.13	0.72
20100306	0.01	2.67	1.05
20100307	0.03	0.43	0.88
20100308	0.03	3.83	0.75
20100309	0.0	2.08	0.69
20100310	0.02	1.88	0.66
20100311	0.04	3.22	0.62
20100312	0.04	2.46	0.67
20100313	0.0	5.79	0.74
20100314	0.02	7.44	0.84
20100315	0.09	5.29	0.91
20100316	0.37	5.34	0.86
20100317	0.03	8.12	0.81
20100318	0.84	9.34	0.9
20100319	8.77	6.64	0.82
20100320	3.86	3.76	2.05
20100321	0.71	6.39	1.46
20100322	1.97	5.08	1.12
20100323	2.64	6.64	1.0
20100324	2.38	7.71	1.04
20100325	14.77	7.0	1.96
20100326	3.06	5.17	8.06
20100327	0.29	6.21	2.69
20100328	5.21	5.03	1.79
20100329	11.93	4.15	5.86
20100330	16.62	3.42	14.51
20100331	1.01	1.66	5.96
20100401	0.13	2.26	2.56
20100402	2.61	4.41	1.89
20100403	3.48	4.45	2.09
20100404	9.66	4.76	2.04
20100405	3.07	7.96	6.25
20100406	2.21	6.78	2.45
20100407	0.27	6.67	1.73
20100408	0.06	7.59	1.26
20100409	0.0	7.22	1.0
20100410	0.0	10.46	0.82
20100411	0.0	7.93	0.7
20100412	0.02	8.02	0.62
20100413	0.0	5.96	0.57
20100414	0.0	6.0	0.53
20100415	0.0	5.45	0.51
20100416	0.0	8.09	0.49
20100417	0.03	6.94	0.47
20100418	3.31	5.97	0.46
20100419	0.09	5.69	0.46
20100420	0.0	3.12	0.45
20100421	0.0	4.2	0.43
20100422	0.0	6.33	0.41
20100423	0.0	8.46	0.4
20100424	2.16	12.21	0.39
20100425	3.82	10.49	0.42
20100426	0.02	9.99	0.42
20100427	0.41	11.84	0.41
20100428	0.94	13.44	0.41
20100429	2.14	9.4	0.41
20100430	3.91	8.59	0.46
20100501	0.95	5.24	0.58
20100502	0.03	3.78	0.49
20100503	0.01	4.8	0.42
20100504	0.23	8.84	0.4
20100505	4.69	10.78	0.4
20100506	0.31	6.92	0.41
20100507	0.03	7.08	0.42
20100508	0.31	5.42	0.39
20100509	4.22	6.8	0.37
20100510	0.03	3.9	0.38
20100511	0.05	3.57	0.39
20100512	0.19	4.21	0.38
20100513	3.29	8.34	0.37
20100514	0.92	6.98	0.37
20100515	1.21	8.8	0.35
20100516	0.62	9.12	0.36
20100517	0.01	8.6	0.35
20100518	0.1	10.49	0.34
20100519	0.29	12.69	0.33
20100520	0.02	14.1	0.34
20100521	0.16	16.22	0.31
20100522	0.0	17.03	0.3
20100523	0.0	16.07	0.29
20100524	0.0	12.18	0.29
20100525	0.14	6.83	0.29
20100526	4.93	6.93	0.3
20100527	6.78	6.2	0.34
20100528	0.01	9.45	0.37
20100529	4.12	9.67	0.36
20100530	0.43	9.09	0.35
20100531	1.04	12.49	0.32
20100601	1.58	10.62	0.33
20100602	0.08	11.74	0.33
20100603	0.0	14.93	0.32
20100604	0.0	16.57	0.31
20100605	0.01	15.33	0.29
20100606	1.86	13.34	0.3
20100607	6.28	12.79	0.3
20100608	2.8	12.25	0.32
20100609	1.15	11.15	0.38
20100610	0.0	8.88	0.37
20100611	0.0	11.38	0.34
20100612	0.96	12.26	0.32
20100613	8.74	11.03	0.47
20100614	0.0	9.77	0.44
20100615	0.0	12.47	0.34
20100616	0.0	15.42	0.32
20100617	0.0	17.46	0.31
20100618	0.0	11.87	0.3
20100619	0.0	8.97	0.29
20100620	0.0	13.09	0.28
20100621	0.0	13.93	0.24
20100622	0.0	15.31	0.24
20100623	0.77	15.89	0.23
20100624	0.0	14.13	0.24
20100625	0.0	14.49	0.23
20100626	0.03	17.82	0.23
20100627	0.0	16.46	0.23
20100628	5.24	17.11	0.23
20100629	0.03	15.2	0.24
20100630	0.57	17.82	0.23
20100701	11.79	15.39	0.27
20100702	0.32	15.77	0.27
20100703	0.09	14.66	0.23
20100704	6.48	14.14	0.27
20100705	0.63	11.81	0.26
20100706	11.87	14.66	0.33
20100707	0.04	14.53	0.52
20100708	0.2	14.48	0.51
20100709	17.2	15.56	0.38
20100710	7.92	14.99	2.72
20100711	0.6	12.48	1.9
20100712	0.0	12.38	0.89
20100713	7.33	13.84	0.54
20100714	9.66	15.59	1.0
20100715	11.19	14.01	3.76
20100716	5.61	12.36	2.8
20100717	4.0	12.27	2.44
20100718	10.46	15.7	2.93
20100719	10.54	15.83	6.27
20100720	12.72	15.24	3.94
20100721	0.03	14.13	4.25
20100722	0.12	9.15	1.48
20100723	0.02	12.83	0.85
20100724	2.88	15.24	0.61
20100725	0.11	13.76	0.56
20100726	1.75	16.15	0.5
20100727	0.2	14.43	0.48
20100728	2.21	13.58	0.44
20100729	0.16	13.77	0.4
20100730	3.78	14.57	0.44
20100731	1.57	13.24	0.51
20100801	3.56	14.15	0.43
20100802	0.15	14.21	0.84
20100803	0.45	14.0	0.6
20100804	0.06	12.73	0.46
20100805	1.16	12.61	0.39
20100806	6.8	14.9	0.38
20100807	2.0	15.1	1.01
20100808	0.0	13.76	0.58
20100809	0.44	13.52	0.44
20100810	6.89	12.08	0.45
20100811	1.1	12.86	0.5
20100812	2.65	14.25	0.48
20100813	3.61	12.73	0.55
20100814	0.19	13.04	0.69
20100815	0.0	13.94	0.53
20100816	6.45	15.32	0.42
20100817	0.39	12.57	0.45
20100818	5.06	13.38	0.55
20100819	11.25	15.18	0.6
20100820	1.8	15.62	2.67
20100821	3.71	14.26	1.66
20100822	0.04	12.54	1.17
20100823	13.18	11.3	1.69
20100824	1.08	10.95	3.01
20100825	0.02	12.66	1.22
20100826	0.0	10.47	0.73
20100827	0.12	11.93	0.53
20100828	3.29	12.54	0.46
20100829	0.25	9.04	0.47
20100830	0.0	10.18	0.44
20100831	0.0	11.03	0.38
20100901	0.0	14.27	0.34
20100902	0.01	14.17	0.32
20100903	0.05	14.33	0.31
20100904	0.19	15.43	0.29
20100905	0.22	15.35	0.29
20100906	9.27	14.49	0.28
20100907	0.76	13.68	0.32
20100908	0.25	13.56	0.34
20100909	2.61	14.06	0.36
20100910	14.75	15.47	0.38
20100911	0.16	13.13	1.61
20100912	3.04	13.54	0.93
20100913	19.43	14.53	4.51
20100914	5.82	10.67	4.04
20100915	2.09	10.64	2.32
20100916	0.04	8.53	1.32
20100917	0.07	9.19	0.77
20100918	7.04	11.21	0.58
20100919	13.59	13.51	2.0
20100920	0.07	13.32	4.51
20100921	0.01	14.79	1.73
20100922	3.57	14.32	1.04
20100923	3.85	11.23	1.06
20100924	0.07	5.86	1.05
20100925	0.0	6.89	0.7
20100926	0.26	8.47	0.56
20100927	0.45	10.93	0.5
20100928	11.35	13.0	0.48
20100929	7.99	9.86	5.31
20100930	0.16	10.97	2.57
20101001	7.62	9.71	2.69
20101002	1.76	11.65	2.37
20101003	3.05	10.39	1.8
20101004	0.8	12.41	1.58
20101005	13.27	11.4	1.07
20101006	0.68	10.7	4.28
20101007	0.06	12.59	1.8
20101008	0.24	12.89	1.07
20101009	0.08	10.58	0.84
20101010	0.0	10.19	0.72
20101011	0.0	7.26	0.6
20101012	0.02	7.76	0.52
20101013	0.2	6.34	0.47
20101014	0.01	8.75	0.45
20101015	0.25	7.42	0.41
20101016	0.03	6.0	0.4
20101017	1.63	8.9	0.38
20101018	2.29	6.61	0.38
20101019	0.59	3.49	0.41
20101020	3.26	3.63	0.45
20101021	5.06	7.58	0.53
20101022	12.9	7.69	2.3
20101023	0.47	3.5	4.77
20101024	0.07	2.19	1.58
20101025	3.08	4.51	0.96
20101026	9.35	10.17	2.53
20101027	5.48	9.05	3.96
20101028	4.38	10.38	2.98
20101029	4.86	9.36	2.21
20101030	0.42	6.75	2.36
20101031	0.04	6.47	1.44
20101101	8.0	8.65	1.18
20101102	19.08	8.47	13.5
20101103	23.21	8.87	7.7
20101104	20.51	10.73	33.17
20101105	3.0	5.33	8.78
20101106	0.05	3.63	3.14
20101107	3.59	4.0	1.98
20101108	12.92	4.39	2.5
20101109	1.58	2.19	6.53
20101110	2.4	3.04	2.64
20101111	17.64	6.74	5.05
20101112	0.37	5.14	10.62
20101113	1.85	4.16	2.77
20101114	0.75	1.11	1.88
20101115	1.58	2.81	1.55
20101116	0.07	4.21	1.44
20101117	0.17	4.47	1.21
20101118	0.64	4.57	1.01
20101119	0.56	4.36	0.9
20101120	2.11	2.95	0.88
20101121	1.9	2.45	1.03
20101122	4.38	3.16	1.62
20101123	0.01	1.08	1.75
20101124	0.26	0.2	1.13
20101125	0.44	-2.57	0.9
20101126	4.91	-2.98	0.73
20101127	1.87	-3.71	0.66
20101128	1.94	-2.95	0.67
20101129	5.76	-2.22	0.66
20101130	3.8	-4.11	0.63
20101201	5.95	-3.4	0.63
20101202	0.91	-6.76	0.61
20101203	2.09	-3.86	0.64
20101204	0.34	-2.14	0.68
20101205	0.01	-5.48	0.67
20101206	2.27	-3.29	0.72
20101207	0.01	-6.84	0.67
20101208	0.0	-6.35	1.26
20101209	2.31	0.75	0.98
20101210	1.7	4.37	13.01
20101211	0.0	1.5	7.15
20101212	0.17	0.62	2.38
20101213	0.08	0.85	1.5
20101214	0.13	2.24	1.16
20101215	2.32	3.19	1.12
20101216	1.08	-3.53	2.09
20101217	0.07	-5.47	1.17
20101218	0.09	-5.85	0.74
20101219	0.17	-5.99	0.73
20101220	0.0	-7.64	0.83
20101221	0.11	-5.87	1.48
20101222	0.16	-3.86	1.93
20101223	0.07	-4.91	1.21
20101224	0.02	-5.62	0.67
20101225	0.37	-2.32	0.7
20101226	2.18	-0.41	0.67
20101227	12.39	1.29	0.66
20101228	1.54	2.89	3.16
20101229	0.05	4.33	3.08
20101230	0.81	3.98	2.44
20101231	1.31	3.21	2.95
20110101	0.01	0.34	2.9
20110102	0.0	-0.84	1.59
20110103	3.62	0.85	1.07
20110104	18.4	1.89	7.0
20110105	2.56	1.58	10.6
20110106	0.07	-2.84	3.11
20110107	3.74	-1.78	1.6
20110108	3.12	0.19	1.69
20110109	3.43	1.09	1.43
20110110	15.28	2.97	7.44
20110111	0.93	0.89	10.21
20110112	13.06	6.18	4.09
20110113	7.96	7.82	14.61
20110114	14.92	6.28	10.68
20110115	38.31	8.9	41.2
20110116	1.16	6.37	21.77
20110117	0.04	2.65	3.96
20110118	0.05	2.12	2.35
20110119	0.01	-0.45	1.74
20110120	0.07	-2.54	1.41
20110121	0.03	-1.94	1.16
20110122	0.19	2.19	1.05
20110123	0.01	2.72	1.0
20110124	0.36	4.0	0.95
20110125	0.92	4.37	1.02
20110126	0.89	2.1	0.97
20110127	0.22	0.85	0.9
20110128	0.06	-1.38	0.82
20110129	0.1	-1.47	0.69
20110130	0.38	0.47	0.7
20110131	9.04	3.73	0.75
20110201	2.92	5.28	3.16
20110202	7.74	5.83	6.06
20110203	10.65	5.04	3.63
20110204	23.95	7.06	16.12
20110205	7.92	4.93	17.1
20110206	20.97	5.79	18.55
20110207	3.85	4.19	17.54
20110208	7.59	3.16	4.59
20110209	4.67	5.64	7.64
20110210	0.23	3.31	4.82
20110211	7.23	3.71	3.11
20110212	0.46	3.61	5.18
20110213	5.08	4.78	2.8
20110214	0.44	1.19	3.63
20110215	5.63	2.13	2.39
20110216	0.05	3.85	4.07
20110217	0.16	4.1	2.32
20110218	2.41	2.24	1.65
20110219	2.22	1.34	1.54
20110220	0.02	1.89	1.57
20110221	0.67	1.56	1.69
20110222	2.51	4.64	1.41
20110223	2.38	7.91	2.39
20110224	0.87	9.1	2.33
20110225	6.56	7.73	1.76
20110226	0.92	4.43	3.14
20110227	0.14	3.06	2.0
20110228	0.6	2.2	1.4
20110301	0.04	2.61	1.17
20110302	0.11	0.8	1.01
20110303	0.05	3.45	0.88
20110304	0.51	4.24	0.83
20110305	0.01	2.79	0.79
20110306	0.0	1.6	0.72
20110307	0.01	2.25	0.67
20110308	2.6	4.24	0.65
20110309	9.11	3.56	0.79
20110310	3.32	3.92	4.12
20110311	18.0	3.04	3.34
20110312	7.23	4.12	8.91
20110313	0.1	2.01	5.0
20110314	0.13	4.93	2.09
20110315	2.9	3.24	1.52
20110316	0.12	4.14	1.41
20110317	0.36	2.45	1.18
20110318	0.03	3.77	0.97
20110319	0.2	6.27	0.82
20110320	1.21	6.73	0.75
20110321	0.0	8.26	0.77
20110322	0.02	9.21	0.74
20110323	0.04	8.23	0.67
20110324	0.04	6.9	0.62
20110325	0.04	6.83	0.58
20110326	0.03	4.64	0.53
20110327	0.05	4.95	0.51
20110328	0.03	6.45	0.49
20110329	3.69	7.02	0.49
20110330	8.17	8.06	0.61
20110331	4.48	9.57	2.57
20110401	8.72	10.67	3.5
20110402	1.69	8.2	3.06
20110403	0.44	7.08	1.72
20110404	19.22	8.37	2.8
20110405	10.03	11.86	12.67
20110406	0.41	11.47	8.14
20110407	0.03	8.18	2.24
20110408	0.0	10.72	1.31
20110409	0.0	13.68	0.95
20110410	0.0	12.83	0.77
20110411	2.08	7.28	0.7
20110412	0.26	7.48	0.64
20110413	1.17	7.39	0.61
20110414	0.04	9.74	0.6
20110415	0.28	9.2	0.6
20110416	0.04	7.15	0.56
20110417	0.02	8.63	0.52
20110418	0.0	10.26	0.49
20110419	0.0	11.05	0.47
20110420	0.02	11.88	0.44
20110421	0.14	12.37	0.43
20110422	0.1	14.98	0.42
20110423	1.96	9.05	0.42
20110424	0.0	10.23	0.41
20110425	0.0	9.28	0.4
20110426	0.0	7.04	0.38
20110427	0.02	6.81	0.36
20110428	0.0	8.85	0.35
20110429	0.0	9.88	0.34
20110430	0.0	9.71	0.33
20110501	0.0	9.31	0.32
20110502	0.07	6.95	0.32
20110503	0.02	5.79	0.32
20110504	0.03	10.24	0.31
20110505	2.98	12.99	0.32
20110506	9.33	14.32	0.37
20110507	13.64	14.6	0.44
20110508	1.42	12.06	0.58
20110509	0.62	12.25	0.65
20110510	3.48	11.34	0.49
20110511	7.95	10.74	0.45
20110512	5.72	8.49	1.13
20110513	4.32	8.3	1.57
20110514	1.6	8.69	1.14
20110515	4.35	9.39	0.87
20110516	5.98	9.99	2.03
20110517	4.29	11.4	2.82
20110518	0.67	9.24	2.27
20110519	0.23	9.81	1.33
20110520	2.2	8.75	0.82
20110521	14.84	10.44	0.99
20110522	14.14	9.32	4.41
20110523	7.16	8.91	11.79
20110524	6.19	7.16	3.29
20110525	2.03	11.26	1.78
20110526	3.53	10.21	1.39
20110527	5.5	10.27	1.09
20110528	10.32	8.66	2.26
20110529	1.09	10.29	4.59
20110530	0.52	8.12	1.86
20110531	0.26	10.18	1.07
20110601	0.0	13.15	0.75
20110602	0.0	15.14	0.62
20110603	0.0	17.08	0.53
20110604	0.0	10.27	0.46
20110605	0.44	8.67	0.44
20110606	0.01	9.57	0.4
20110607	1.44	9.77	0.38
20110608	3.1	10.17	0.38
20110609	0.13	7.74	0.37
20110610	4.49	8.69	0.38
20110611	6.67	8.05	0.63
20110612	9.58	11.93	1.03
20110613	0.46	10.45	2.22
20110614	0.09	12.77	1.1
20110615	0.65	13.56	0.63
20110616	0.77	11.29	0.5
20110617	3.03	12.53	0.44
20110618	10.08	10.88	0.78
20110619	4.81	10.91	2.72
20110620	4.68	13.73	1.87
20110621	7.34	12.91	2.16
20110622	30.52	11.26	14.46
20110623	4.99	9.72	9.9
20110624	4.77	11.15	2.88
20110625	3.26	14.79	3.16
20110626	0.11	18.09	2.77
20110627	0.97	14.71	1.54
20110628	0.0	11.36	1.05
20110629	0.67	11.44	0.76
20110630	4.73	9.86	0.73
20110701	0.0	11.25	0.69
20110702	0.0	12.55	0.58
20110703	0.0	13.77	0.49
20110704	0.16	17.16	0.43
20110705	8.0	15.3	0.42
20110706	7.94	13.1	0.7
20110707	0.53	11.76	0.59
20110708	4.92	13.87	0.56
20110709	5.83	12.7	1.27
20110710	0.09	13.73	1.2
20110711	2.55	12.91	0.81
20110712	0.0	10.3	0.95
20110713	0.0	11.56	0.6
20110714	0.0	15.66	0.47
20110715	4.95	15.73	0.42
20110716	33.21	13.73	7.07
20110717	9.52	14.58	16.95
20110718	7.6	13.54	6.27
20110719	6.55	14.52	4.02
20110720	2.62	11.74	3.37
20110721	0.6	12.15	1.93
20110722	0.12	10.24	1.2
20110723	0.0	11.45	0.86
20110724	0.0	12.82	0.67
20110725	0.5	14.2	0.56
20110726	0.03	13.0	0.5
20110727	0.0	15.6	0.46
20110728	0.22	14.37	0.44
20110729	0.0	12.65	0.41
20110730	0.0	14.73	0.39
20110731	0.17	17.47	0.38
20110801	9.67	16.22	0.42
20110802	4.75	14.43	0.56
20110803	4.5	16.03	0.54
20110804	8.54	15.33	1.72
20110805	0.0	12.6	1.52
20110806	23.62	11.39	6.79
20110807	8.95	11.27	8.06
20110808	1.72	11.69	3.42
20110809	11.91	13.12	1.73
20110810	28.32	13.78	19.56
20110811	11.3	12.47	22.21
20110812	3.17	14.13	6.69
20110813	2.07	13.86	3.94
20110814	1.04	12.61	2.36
20110815	4.09	12.99	1.67
20110816	5.32	11.8	2.58
20110817	0.04	11.53	2.09
20110818	1.25	11.9	1.32
20110819	1.66	14.01	1.18
20110820	5.47	15.74	1.06
20110821	0.05	12.65	1.56
20110822	0.02	12.62	1.08
20110823	0.2	12.86	0.8
20110824	2.46	11.96	0.69
20110825	0.05	12.73	0.61
20110826	8.14	11.63	0.58
20110827	2.93	11.1	1.66
20110828	1.22	9.81	1.47
20110829	0.02	11.7	0.95
20110830	0.51	10.42	0.76
20110831	0.04	11.27	0.68
20110901	0.55	14.84	0.61
20110902	4.82	14.39	0.6
20110903	13.03	13.23	3.39
20110904	2.08	12.66	3.29
20110905	26.05	12.55	3.55
20110906	4.12	11.77	16.71
20110907	10.63	11.85	5.7
20110908	3.67	12.78	4.95
20110909	0.5	15.57	2.45
20110910	2.84	15.3	1.71
20110911	7.15	13.1	1.62
20110912	2.39	12.42	2.48
20110913	4.54	11.26	1.86
20110914	0.48	8.69	1.62
20110915	0.03	10.91	1.09
20110916	19.97	11.01	1.61
20110917	3.57	9.27	7.96
20110918	1.79	10.41	2.64
20110919	15.3	11.3	5.67
20110920	0.09	11.21	7.07
20110921	6.75	9.79	3.06
20110922	0.01	11.41	2.39
20110923	0.18	13.05	1.44
20110924	0.34	11.71	1.1
20110925	2.54	12.16	1.05
20110926	0.08	10.97	1.11
20110927	0.11	14.11	0.79
20110928	0.02	19.13	0.7
20110929	0.02	17.61	0.62
20110930	0.21	19.09	0.58
20111001	2.05	17.92	0.55
20111002	8.63	14.99	0.67
20111003	0.74	12.74	1.55
20111004	2.78	12.33	1.13
20111005	4.53	10.28	1.25
20111006	6.03	6.87	2.36
20111007	1.43	9.54	2.05
20111008	19.73	11.31	4.43
20111009	13.41	12.9	11.27
20111010	8.21	10.91	11.84
20111011	15.27	9.63	5.49
20111012	0.69	8.55	9.28
20111013	0.0	11.4	3.08
20111014	0.0	11.52	1.94
20111015	2.83	11.29	1.45
20111016	0.29	9.82	1.31
20111017	8.35	8.07	1.83
20111018	4.24	4.88	2.98
20111019	0.01	3.63	1.96
20111020	7.84	7.58	1.38
20111021	0.88	10.09	3.63
20111022	0.61	9.45	2.35
20111023	0.45	12.01	1.44
20111024	1.74	11.98	1.16
20111025	1.01	9.42	1.02
20111026	2.37	7.8	1.02
20111027	0.48	6.96	1.02
20111028	0.16	8.41	0.89
20111029	2.12	9.62	0.81
20111030	1.26	12.63	0.8
20111031	6.33	11.48	0.92
20111101	0.07	7.97	2.0
20111102	3.39	10.86	1.26
20111103	1.58	12.26	1.28
20111104	4.03	8.0	1.81
20111105	0.1	4.0	1.57
20111106	0.11	3.42	1.08
20111107	0.43	4.68	0.88
20111108	0.32	8.91	0.83
20111109	0.82	9.99	0.81
20111110	0.16	10.49	0.78
20111111	5.08	8.79	0.76
20111112	0.07	8.78	1.3
20111113	0.03	8.77	1.06
20111114	0.0	7.67	0.84
20111115	0.0	6.14	0.74
20111116	0.06	6.55	0.67
20111117	0.24	8.81	0.63
20111118	0.01	9.47	0.6
20111119	0.02	8.2	0.58
20111120	1.53	8.2	0.55
20111121	2.72	8.89	0.56
20111122	0.15	6.39	0.65
20111123	11.42	10.6	0.74
20111124	12.42	8.06	8.34
20111125	5.12	5.82	7.44
20111126	15.3	8.73	6.87
20111127	0.62	5.68	6.71
20111128	2.17	8.54	2.35
20111129	6.4	6.9	2.95
20111130	11.43	5.94	3.01
20111201	0.64	2.9	4.77
20111202	3.0	5.43	2.14
20111203	6.01	2.63	2.23
20111204	5.92	0.61	3.27
20111205	4.64	0.26	2.75
20111206	9.47	1.94	2.98
20111207	12.44	4.12	6.06
20111208	6.63	4.71	19.72
20111209	0.52	-0.13	4.3
20111210	6.84	3.85	2.67
20111211	8.32	3.45	7.77
20111212	6.35	4.0	5.21
20111213	15.04	2.35	6.5
20111214	4.87	1.55	12.02
20111215	2.06	0.87	3.89
20111216	1.16	-0.91	2.82
20111217	0.67	-1.16	2.03
20111218	0.64	-0.21	1.53
20111219	6.15	3.26	3.34
20111220	7.51	4.17	3.71
20111221	1.2	8.17	6.5
20111222	5.08	7.81	3.45
20111223	0.73	3.33	4.3
20111224	3.57	7.19	3.34
20111225	0.75	10.41	3.42
20111226	0.58	8.08	2.13
20111227	4.63	6.65	1.57
20111228	8.36	4.0	2.72
20111229	3.49	2.56	4.72
20111230	9.39	5.26	5.05
20111231	6.54	7.46	7.98
20120101	4.43	3.98	4.82
20120102	9.86	5.94	4.59
20120103	3.8	3.9	6.22
20120104	17.97	5.36	10.21
20120105	0.1	2.32	8.03
20120106	2.12	4.46	2.75
20120107	0.57	5.4	2.67
20120108	2.77	7.01	2.04
20120109	0.36	5.05	2.45
20120110	1.27	6.84	1.92
20120111	3.22	7.7	1.76
20120112	0.01	2.31	2.93
20120113	0.08	0.64	1.74
20120114	0.09	0.14	1.29
20120115	0.05	-0.17	0.99
20120116	0.08	-0.07	0.84
20120117	7.05	4.12	0.86
20120118	1.47	5.21	3.37
20120119	3.55	2.74	2.55
20120120	8.87	5.15	3.55
20120121	3.92	4.96	5.88
20120122	0.46	3.92	3.11
20120123	5.65	2.34	1.96
20120124	4.47	4.65	3.19
20120125	3.59	4.32	3.71
20120126	7.38	2.1	3.96
20120127	2.4	0.06	3.99
20120128	0.14	0.04	2.33
20120129	0.06	0.11	1.6
20120130	0.04	0.28	1.33
20120131	0.08	0.15	1.16
20120201	0.02	-1.59	1.0
20120202	0.02	-2.6	0.79
20120203	0.07	-1.56	0.73
20120204	6.06	0.02	0.96
20120205	0.59	1.89	1.07
20120206	0.0	0.3	1.22
20120207	0.11	-0.72	1.0
20120208	0.36	-1.45	0.81
20120209	3.71	0.42	0.91
20120210	0.04	0.5	1.13
20120211	0.38	1.18	1.01
20120212	0.08	2.33	1.05
20120213	0.11	4.6	1.48
20120214	0.04	4.54	1.36
20120215	0.0	6.22	1.33
20120216	0.18	5.07	1.22
20120217	10.15	5.67	1.16
20120218	0.97	0.62	4.79
20120219	0.26	1.81	2.02
20120220	10.0	6.02	3.01
20120221	13.36	8.02	7.39
20120222	4.62	9.45	14.64
20120223	1.57	8.75	4.43
20120224	0.02	6.21	3.11
20120225	0.24	5.41	1.72
20120226	2.68	6.67	1.39
20120227	0.8	8.66	1.69
20120228	0.12	8.83	2.0
20120229	0.0	7.23	1.54
20120301	0.4	6.72	1.19
20120302	0.11	7.54	1.01
20120303	7.35	5.17	0.95
20120304	1.25	1.61	1.84
20120305	0.07	2.55	1.52
20120306	6.4	5.63	1.24
20120307	2.35	3.7	3.08
20120308	1.57	6.46	1.91
20120309	0.35	8.84	1.63
20120310	0.0	7.92	1.34
20120311	0.0	8.17	1.06
20120312	0.04	6.44	0.9
20120313	0.0	6.13	0.82
20120314	0.0	5.41	0.76
20120315	0.07	6.77	0.72
20120316	5.38	6.07	0.76
20120317	0.05	5.16	1.33
20120318	0.03	5.13	0.97
20120319	0.49	7.02	0.76
20120320	0.0	9.09	0.69
20120321	0.07	5.17	0.65
20120322	0.0	9.43	0.61
20120323	0.0	8.19	0.58
20120324	0.04	11.37	0.56
20120325	0.02	11.95	0.55
20120326	0.0	11.97	0.54
20120327	0.02	11.97	0.52
20120328	0.0	11.4	0.51
20120329	0.0	10.04	0.51
20120330	0.1	7.86	0.51
20120331	0.02	4.09	0.51
20120401	0.0	7.59	0.5
20120402	12.29	7.16	0.56
20120403	5.41	2.17	1.47
20120404	0.54	1.37	1.59
20120405	0.42	5.37	1.32
20120406	3.88	6.08	1.29
20120407	0.38	6.89	1.21
20120408	2.02	7.29	1.07
20120409	14.28	4.68	1.83
20120410	13.58	4.66	10.26
20120411	5.15	5.78	5.03
20120412	4.16	4.29	3.68
20120413	0.05	4.42	2.23
20120414	0.42	2.48	1.3
20120415	0.0	2.72	0.96
20120416	3.7	5.37	0.8
20120417	0.72	4.8	0.87
20120418	13.78	5.7	1.19
20120419	0.25	6.45	3.45
20120420	2.46	6.74	1.65
20120421	4.39	6.78	1.52
20120422	2.51	6.0	2.03
20120423	0.73	5.27	1.6
20120424	3.35	6.18	1.26
20120425	10.18	6.18	1.76
20120426	0.89	4.94	3.84
20120427	0.4	5.19	1.89
20120428	0.05	4.89	1.21
20120429	4.2	5.78	0.98
20120430	0.02	8.84	1.02
20120501	0.95	8.2	0.9
20120502	0.01	8.28	0.79
20120503	0.54	7.23	0.74
20120504	0.21	3.12	0.69
20120505	0.02	2.93	0.66
20120506	0.88	4.83	0.64
20120507	2.43	7.43	0.63
20120508	2.66	6.0	0.72
20120509	18.67	8.92	0.93
20120510	23.96	5.19	14.36
20120511	3.88	4.56	9.64
20120512	0.17	8.27	3.29
20120513	5.18	7.11	1.76
20120514	3.99	6.45	2.77
20120515	0.4	5.08	2.04
20120516	0.93	6.87	1.28
20120517	2.89	6.69	1.1
20120518	2.5	6.7	1.13
20120519	0.04	5.11	1.17
20120520	0.05	8.4	0.96
20120521	0.0	11.5	0.7
20120522	0.0	15.26	0.6
20120523	0.0	16.96	0.53
20120524	0.63	18.51	0.49
20120525	0.0	16.21	0.44
20120526	0.0	14.05	0.42
20120527	0.0	15.62	0.4
20120528	0.0	16.36	0.38
20120529	0.02	13.94	0.36
20120530	4.34	14.78	0.35
20120531	5.83	11.14	0.41
20120601	0.06	10.2	0.4
20120602	0.02	7.73	0.37
20120603	0.0	6.09	0.35
20120604	0.01	9.19	0.34
20120605	14.21	11.2	0.38
20120606	4.09	11.12	1.16
20120607	5.51	12.44	1.11
20120608	18.19	11.39	4.92
20120609	4.19	12.43	5.6
20120610	0.88	11.48	2.07
20120611	0.0	8.09	1.15
20120612	0.01	8.77	0.78
20120613	0.17	10.36	0.6
20120614	5.61	10.49	0.51
20120615	14.68	10.2	0.68
20120616	11.47	11.37	9.98
20120617	0.82	8.32	4.12
20120618	1.19	11.33	1.73
20120619	0.42	10.3	0.98
20120620	0.56	13.59	0.7
20120621	19.51	11.59	1.5
20120622	24.69	10.85	12.67
20120623	6.11	11.05	17.15
20120624	4.12	12.01	5.47
20120625	0.11	10.65	2.85
20120626	7.04	15.31	1.64
20120627	2.74	15.13	2.64
20120628	23.29	13.97	18.37
20120629	0.85	14.15	4.17
20120630	2.9	12.32	1.98
20120701	4.26	12.21	2.1
20120702	3.12	14.43	2.37
20120703	1.61	16.28	1.75
20120704	12.96	17.03	6.74
20120705	5.85	16.84	3.63
20120706	10.22	14.68	3.5
20120707	0.73	14.36	5.36
20120708	2.0	14.06	2.13
20120709	9.73	11.66	1.52
20120710	16.81	10.58	11.38
20120711	7.86	10.28	9.51
20120712	0.0	12.32	3.34
20120713	0.06	10.73	1.76
20120714	1.85	10.57	1.32
20120715	2.79	12.07	1.19
20120716	1.13	12.74	1.15
20120717	20.12	14.3	1.61
20120718	19.63	12.2	21.74
20120719	2.8	11.66	7.51
20120720	0.03	11.33	2.8
20120721	0.03	13.53	1.61
20120722	12.42	15.69	1.18
20120723	9.54	16.88	10.83
20120724	5.44	15.15	6.94
20120725	0.06	15.38	3.6
20120726	0.53	13.99	1.73
20120727	0.19	12.23	1.25
20120728	4.92	12.1	1.11
20120729	2.41	11.85	1.26
20120730	2.64	10.21	1.16
20120731	10.83	14.86	1.65
20120801	2.74	14.22	3.11
20120802	0.74	12.98	2.41
20120803	0.02	15.09	1.47
20120804	14.87	14.77	4.98
20120805	7.5	13.38	9.1
20120806	6.23	13.2	4.35
20120807	0.02	14.54	2.49
20120808	0.03	13.75	1.36
20120809	0.05	14.11	0.96
20120810	0.02	15.78	0.78
20120811	0.0	15.46	0.68
20120812	2.87	16.43	0.64
20120813	0.07	16.51	0.63
20120814	0.06	16.38	0.59
20120815	10.14	17.07	0.65
20120816	8.79	16.6	0.88
20120817	8.14	16.68	2.14
20120818	0.68	15.31	4.28
20120819	10.76	15.06	3.96
20120820	0.11	15.72	2.67
20120821	7.65	15.5	1.5
20120822	4.7	13.82	5.29
20120823	4.55	13.0	5.49
20120824	3.52	14.33	2.19
20120825	7.87	11.73	3.06
20120826	1.72	11.76	2.37
20120827	14.23	12.87	5.7
20120828	1.14	13.13	4.25
20120829	6.49	12.81	2.17
20120830	0.09	8.05	1.9
20120831	1.82	11.79	1.09
20120901	2.61	14.53	0.97
20120902	0.0	14.7	1.13
20120903	3.39	15.09	0.96
20120904	0.02	12.3	0.93
20120905	0.0	11.76	0.81
20120906	6.78	13.71	0.71
20120907	0.85	15.36	1.39
20120908	0.02	13.85	1.46
20120909	9.01	16.41	1.01
20120910	9.58	10.38	4.53
20120911	4.87	9.14	3.81
20120912	2.48	8.69	3.08
20120913	5.51	11.47	1.63
20120914	0.67	11.49	2.69
20120915	0.49	12.71	1.58
20120916	7.84	11.09	1.73
20120917	6.48	9.58	3.14
20120918	0.24	7.53	2.22
20120919	3.81	9.55	1.27
20120920	23.24	9.1	12.0
20120921	0.23	5.59	7.7
20120922	0.06	7.35	2.04
20120923	9.12	9.15	1.37
20120924	17.29	8.89	7.85
20120925	9.64	9.26	16.2
20120926	1.06	10.33	4.51
20120927	6.76	10.28	2.24
20120928	1.41	9.4	3.39
20120929	15.97	10.42	2.1
20120930	7.61	11.49	15.68
20121001	5.67	9.99	3.86
20121002	16.75	9.26	8.86
20121003	6.15	6.01	10.05
20121004	4.97	8.21	3.39
20121005	0.44	7.2	3.03
20121006	0.09	6.26	1.96
20121007	0.06	5.73	1.5
20121008	0.08	6.66	1.25
20121009	0.02	5.81	1.08
20121010	0.03	8.62	0.96
20121011	26.61	9.22	4.35
20121012	0.75	6.48	12.75
20121013	2.55	6.32	2.62
20121014	5.42	5.77	2.11
20121015	9.91	5.22	2.95
20121016	12.95	4.29	9.04
20121017	6.76	8.06	11.12
20121018	2.06	8.6	4.09
20121019	1.23	9.64	2.46
20121020	0.15	8.01	1.88
20121021	0.1	8.95	1.53
20121022	2.15	8.1	1.32
20121023	0.2	9.99	1.35
20121024	0.15	7.4	1.29
20121025	0.26	4.34	1.16
20121026	0.08	1.05	1.02
20121027	8.74	4.43	1.04
20121028	11.96	5.99	7.41
20121029	0.26	4.18	4.2
20121030	3.53	6.58	2.12
20121031	8.34	4.57	4.07
20121101	4.81	3.36	3.71
20121102	5.96	3.71	5.03
20121103	2.13	2.48	3.21
20121104	0.13	2.35	2.08
20121105	0.5	3.18	1.54
20121106	4.13	7.71	2.11
20121107	3.33	7.95	2.45
20121108	1.27	7.37	2.77
20121109	6.42	5.9	3.24
20121110	0.45	4.79	3.03
20121111	0.08	3.92	1.77
20121112	8.53	8.62	1.94
20121113	2.32	10.25	5.39
20121114	2.11	9.34	4.22
20121115	0.01	7.45	2.69
20121116	2.61	6.23	1.69
20121117	0.59	3.96	1.55
20121118	7.1	4.59	1.72
20121119	0.49	8.57	2.67
20121120	1.69	8.51	1.82
20121121	0.11	6.75	1.55
20121122	31.82	7.08	21.15
20121123	3.68	3.27	7.75
20121124	13.83	2.65	4.15
20121125	17.64	3.67	14.64
20121126	8.54	4.48	17.65
20121127	1.26	3.34	5.21
20121128	0.0	-0.29	2.82
20121129	0.06	-1.36	1.94
20121130	2.3	-0.86	1.55
20121201	0.09	-1.34	1.42
20121202	5.18	-1.04	1.18
20121203	1.76	2.03	2.12
20121204	0.25	-0.4	2.43
20121205	0.16	-2.02	1.63
20121206	19.06	1.07	13.58
20121207	1.09	0.69	6.06
20121208	3.57	3.0	4.69
20121209	0.02	2.91	5.65
20121210	0.14	-0.45	2.38
20121211	0.1	-1.55	1.61
20121212	0.08	-1.36	1.34
20121213	0.0	-0.96	1.15
20121214	9.37	2.29	1.84
20121215	2.46	5.44	4.25
20121216	2.08	4.88	2.9
20121217	0.37	3.86	2.33
20121218	0.0	4.31	1.75
20121219	12.27	4.05	2.11
20121220	22.9	3.78	18.42
20121221	1.6	3.75	10.99
20121222	12.81	7.27	9.15
20121223	0.53	6.12	5.36
20121224	10.43	4.56	3.78
20121225	4.26	4.31	5.49
20121226	24.45	3.11	15.81
20121227	2.99	3.46	13.94
20121228	6.24	8.19	4.41
20121229	7.12	3.91	7.51
20121230	15.48	5.94	8.5
20121231	0.29	5.65	14.12
20130101	3.09	3.9	3.01
20130102	3.35	7.27	3.52
20130103	1.4	8.76	4.02
20130104	0.07	7.79	2.72
20130105	1.59	6.6	2.06
20130106	0.35	6.67	1.9
20130107	15.21	8.21	6.4
20130108	0.68	5.69	6.92
20130109	0.01	2.84	2.75
20130110	0.47	1.51	1.91
20130111	0.39	1.66	1.63
20130112	0.02	0.19	1.45
20130113	2.46	-0.11	1.31
20130114	0.91	-0.34	1.44
20130115	0.13	-2.41	1.3
20130116	0.03	-2.71	1.02
20130117	0.0	-1.63	0.99
20130118	0.09	-1.47	0.9
20130119	1.36	-0.58	0.85
20130120	3.2	-0.55	0.82
20130121	6.29	-0.86	0.86
20130122	0.5	-0.61	0.82
20130123	0.1	-0.5	0.84
20130124	0.03	-0.69	0.82
20130125	15.39	0.01	1.08
20130126	12.9	3.75	6.06
20130127	1.36	3.32	19.07
20130128	6.76	5.09	7.2
20130129	12.93	7.35	13.19
20130130	4.74	4.45	6.14
20130131	1.03	4.67	3.65
20130201	0.47	1.05	2.3
20130202	1.47	1.68	1.6
20130203	2.42	5.13	1.57
20130204	4.48	1.57	2.36
20130205	6.32	1.24	2.64
20130206	0.01	0.03	3.91
20130207	0.05	0.07	1.95
20130208	1.54	2.45	1.5
20130209	2.26	1.65	1.61
20130210	1.09	1.03	1.83
20130211	0.03	1.24	1.66
20130212	0.07	-0.01	1.29
20130213	16.38	1.31	4.28
20130214	0.11	4.48	6.82
20130215	0.0	4.56	3.19
20130216	0.01	4.27	1.96
20130217	0.0	2.65	1.57
20130218	0.04	2.1	1.22
20130219	0.1	3.37	1.01
20130220	0.0	0.49	0.93
20130221	0.0	0.2	0.86
20130222	0.0	-0.09	0.79
20130223	0.06	-0.04	0.74
20130224	0.25	1.0	0.7
20130225	0.17	2.88	0.69
20130226	0.0	0.88	0.66
20130227	0.12	2.64	0.64
20130228	0.0	5.61	0.62
20130301	0.04	1.9	0.62
20130302	0.0	4.7	0.59
20130303	0.0	3.12	0.58
20130304	0.0	1.28	0.57
20130305	0.05	4.47	0.56
20130306	1.78	3.16	0.54
20130307	1.82	4.48	0.56
20130308	3.37	1.89	0.62
20130309	2.48	0.58	0.99
20130310	2.48	-2.24	1.02
20130311	1.09	-4.07	0.74
20130312	0.13	0.01	0.67
20130313	0.01	-0.6	0.68
20130314	3.44	1.62	0.64
20130315	6.22	2.6	1.92
20130316	6.23	1.48	2.41
20130317	7.95	2.73	3.5
20130318	3.28	0.71	5.73
20130319	4.47	1.19	3.03
20130320	0.21	-0.77	2.3
20130321	0.23	1.06	1.55
20130322	3.46	-0.53	1.17
20130323	0.11	-0.91	0.9
20130324	0.02	-0.15	0.78
20130325	0.09	-0.6	0.71
20130326	0.75	-1.32	0.66
20130327	0.5	-0.2	0.64
20130328	0.02	-0.15	0.63
20130329	0.1	0.25	0.6
20130330	0.01	-0.87	0.58
20130331	0.0	0.17	0.55
20130401	0.02	1.3	0.54
20130402	0.0	1.09	0.52
20130403	0.02	2.6	0.52
20130404	0.95	3.18	0.56
20130405	0.0	0.58	0.58
20130406	0.02	3.62	0.62
20130407	0.06	4.49	0.64
20130408	0.07	1.18	0.61
20130409	0.25	2.36	0.56
20130410	0.01	4.49	0.52
20130411	0.23	4.21	0.53
20130412	0.44	4.99	0.58
20130413	1.96	9.61	0.66
20130414	2.98	10.1	1.02
20130415	3.44	9.95	0.89
20130416	2.03	7.23	0.9
20130417	12.13	9.15	0.7
20130418	3.75	6.47	6.01
20130419	0.06	6.16	1.85
20130420	0.13	7.95	0.97
20130421	5.35	5.77	1.16
20130422	0.08	8.19	1.44
20130423	9.83	8.98	0.91
20130424	3.63	8.07	3.39
20130425	2.53	5.27	2.37
20130426	6.19	3.78	1.96
20130427	1.16	5.56	1.88
20130428	2.88	5.92	1.38
20130429	1.93	5.36	1.35
20130430	0.02	6.4	0.96
20130501	0.33	5.55	0.7
20130502	0.34	9.96	0.6
20130503	7.44	8.12	0.59
20130504	0.09	8.67	1.43
20130505	0.3	10.08	0.86
20130506	0.02	9.33	0.68
20130507	0.04	14.18	0.59
20130508	2.33	9.02	0.54
20130509	3.35	8.03	0.54
20130510	3.39	7.86	0.59
20130511	6.6	7.48	1.33
20130512	4.84	6.5	1.65
20130513	3.38	5.38	1.94
20130514	0.72	6.32	1.46
20130515	3.42	5.98	0.97
20130516	1.23	7.62	0.89
20130517	25.32	10.28	0.96
20130518	15.84	9.1	22.26
20130519	2.22	11.54	3.78
20130520	5.2	12.93	2.44
20130521	0.01	11.01	2.37
20130522	0.42	7.17	1.37
20130523	1.76	6.23	0.94
20130524	0.29	4.94	0.77
20130525	0.0	9.0	0.68
20130526	0.03	10.36	0.59
20130527	0.56	8.69	0.55
20130528	0.27	9.14	0.51
20130529	0.67	11.62	0.49
20130530	0.04	10.74	0.48
20130531	0.04	11.04	0.46
20130601	0.07	8.52	0.43
20130602	0.0	10.24	0.42
20130603	0.0	12.29	0.42
20130604	0.0	11.97	0.42
20130605	0.27	13.62	0.41
20130606	0.0	12.99	0.4
20130607	0.0	13.49	0.39
20130608	0.24	14.07	0.38
20130609	0.03	12.71	0.37
20130610	0.0	11.03	0.37
20130611	1.69	13.01	0.37
20130612	5.85	13.26	0.38
20130613	0.14	11.32	0.4
20130614	4.82	11.68	0.37
20130615	3.65	10.87	0.36
20130616	0.04	11.99	0.36
20130617	0.0	14.01	0.35
20130618	0.0	15.74	0.34
20130619	0.0	12.2	0.31
20130620	0.23	15.89	0.32
20130621	2.04	13.94	0.32
20130622	7.74	11.93	0.34
20130623	1.7	12.08	0.4
20130624	0.0	9.63	0.35
20130625	0.0	12.93	0.33
20130626	0.0	12.39	0.31
20130627	6.44	11.7	0.33
20130628	3.9	11.5	0.79
20130629	0.16	13.17	0.45
20130630	1.94	11.95	0.41
20130701	1.15	11.15	0.38
20130702	2.86	12.42	0.37
20130703	1.13	14.21	0.39
20130704	2.06	13.54	0.39
20130705	0.0	12.94	0.51
20130706	0.0	15.37	0.43
20130707	0.0	16.99	0.38
20130708	0.0	19.08	0.35
20130709	0.0	19.73	0.34
20130710	0.0	15.08	0.29
20130711	0.0	18.77	0.27
20130712	0.0	19.0	0.27
20130713	0.0	18.29	0.27
20130714	0.03	15.32	0.26
20130715	0.02	16.32	0.26
20130716	0.0	16.69	0.26
20130717	0.0	17.5	0.26
20130718	0.06	20.9	0.26
20130719	0.05	18.91	0.26
20130720	0.0	16.41	0.26
20130721	0.07	17.12	0.25
20130722	1.18	19.12	0.25
20130723	17.29	18.1	0.53
20130724	13.15	18.33	0.6
20130725	2.19	18.04	1.03
20130726	0.03	15.34	0.91
20130727	37.45	17.82	1.24
20130728	9.14	16.05	9.23
20130729	10.21	15.76	3.68
20130730	3.2	14.3	3.11
20130731	18.77	16.58	3.68
20130801	0.68	19.12	5.44
20130802	0.12	16.9	1.79
20130803	3.38	14.81	0.96
20130804	10.91	16.82	0.81
20130805	9.23	11.49	3.65
20130806	0.0	11.42	2.31
20130807	0.0	14.48	1.15
20130808	3.88	15.63	0.78
20130809	0.05	13.46	0.64
20130810	2.67	13.42	0.56
20130811	4.58	12.56	0.65
20130812	3.49	11.95	1.03
20130813	0.1	13.41	0.79
20130814	11.42	17.24	0.6
20130815	16.3	14.73	5.13
20130816	1.14	14.89	6.06
20130817	11.25	12.7	4.07
20130818	0.42	11.51	3.91
20130819	0.01	13.85	1.69
20130820	1.13	15.57	1.06
20130821	1.12	15.78	0.83
20130822	0.16	16.53	0.79
20130823	6.87	17.04	0.69
20130824	0.14	14.05	0.99
20130825	0.0	16.09	0.91
20130826	0.03	15.73	0.68
20130827	0.07	15.91	0.58
20130828	0.44	12.91	0.53
20130829	0.26	14.93	0.49
20130830	0.82	11.61	0.48
20130831	0.32	11.88	0.47
20130901	0.03	13.37	0.46
20130902	0.23	15.75	0.44
20130903	0.09	14.05	0.42
20130904	0.03	15.12	0.4
20130905	6.28	13.11	0.4
20130906	28.42	9.31	3.94
20130907	1.3	8.88	4.95
20130908	0.19	10.41	1.66
20130909	3.73	10.48	1.08
20130910	0.0	11.5	0.97
20130911	3.08	11.58	0.77
20130912	4.57	13.15	0.85
20130913	1.54	8.8	1.15
20130914	1.36	10.07	1.01
20130915	16.04	9.19	5.65
20130916	0.63	8.6	2.67
20130917	1.29	6.72	1.48
20130918	4.35	9.14	1.12
20130919	3.39	9.36	1.47
20130920	0.0	10.37	1.64
20130921	0.02	13.97	1.04
20130922	0.1	13.8	0.8
20130923	0.32	14.57	0.67
20130924	0.23	13.55	0.61
20130925	0.23	11.0	0.56
20130926	0.56	11.44	0.52
20130927	0.02	11.75	0.49
20130928	0.07	12.8	0.46
20130929	0.0	12.08	0.44
20130930	0.0	11.22	0.42
20131001	2.05	11.97	0.41
20131002	2.02	13.6	0.41
20131003	9.06	15.52	0.43
20131004	9.09	13.21	2.04
20131005	0.03	12.53	1.55
20131006	7.6	14.01	1.13
20131007	6.69	14.34	2.88
20131008	0.06	10.97	3.03
20131009	1.07	6.41	1.44
20131010	0.27	7.2	0.92
20131011	0.22	8.57	0.69
20131012	0.33	8.76	0.59
20131013	1.09	9.19	0.56
20131014	4.05	8.92	0.61
20131015	0.53	8.13	0.86
20131016	16.0	8.21	2.64
20131017	0.08	9.86	3.5
20131018	7.01	10.36	1.59
20131019	3.91	11.89	3.19
20131020	3.41	11.74	2.82
20131021	19.76	12.62	7.02
20131022	10.46	12.58	9.54
20131023	0.93	8.35	5.52
20131024	4.78	9.79	2.5
20131025	8.99	12.42	4.72
20131026	7.57	9.18	4.43
20131027	6.41	9.2	5.29
20131028	5.16	7.2	4.72
20131029	0.26	6.09	3.08
20131030	4.79	7.35	2.07
20131031	4.72	8.34	2.18
20131101	0.05	4.63	2.28
20131102	12.97	6.34	3.37
20131103	0.17	3.17	4.38
20131104	1.13	2.4	2.01
20131105	2.13	4.05	1.61
20131106	4.36	4.61	2.0
20131107	2.37	6.14	2.0
20131108	7.36	4.19	3.39
20131109	1.02	1.62	2.93
20131110	3.13	3.71	1.85
20131111	1.76	8.04	2.26
20131112	0.12	5.89	1.95
20131113	3.87	6.01	1.49
20131114	0.05	3.62	1.54
20131115	0.04	6.66	1.22
20131116	0.11	5.03	1.03
20131117	14.71	5.24	1.85
20131118	0.07	1.72	5.67
20131119	9.94	1.58	2.27
20131120	2.83	3.07	7.75
20131121	0.16	2.0	3.21
20131122	0.01	1.51	1.86
20131123	0.11	1.78	1.35
20131124	0.08	1.05	1.13
20131125	0.05	0.97	0.96
20131126	0.67	6.22	0.89
20131127	0.06	7.24	0.88
20131128	2.59	5.85	0.82
20131129	0.05	2.09	0.9
20131130	0.13	3.5	0.89
20131201	0.01	6.05	0.8
20131202	0.0	6.12	0.73
20131203	2.01	3.98	0.69
20131204	6.15	3.79	0.76
20131205	3.41	2.56	3.21
20131206	1.7	1.99	1.83
20131207	4.31	6.68	1.65
20131208	9.85	9.07	8.37
20131209	0.01	7.31	4.59
20131210	0.01	7.68	1.96
20131211	1.8	6.89	1.34
20131212	13.4	9.1	5.93
20131213	1.17	6.75	3.94
20131214	9.77	6.43	4.61
20131215	18.78	6.9	5.62
20131216	1.64	3.08	14.51
20131217	0.88	3.75	3.34
20131218	7.56	5.84	3.47
20131219	7.67	2.85	3.76
20131220	15.5	6.78	15.29
20131221	23.09	5.07	24.28
20131222	2.63	2.34	7.64
20131223	19.11	5.37	12.26
20131224	4.21	3.25	9.04
20131225	0.08	2.93	3.47
20131226	9.87	3.75	2.4
20131227	3.03	4.63	5.93
20131228	2.9	3.64	2.93
20131229	3.97	5.45	2.45
20131230	5.97	5.17	4.07
20131231	2.57	4.5	3.27
20140101	5.54	6.2	2.98
20140102	4.12	5.5	2.95
20140103	2.06	4.71	2.77
20140104	0.37	2.63	2.04
20140105	8.96	4.9	2.64
20140106	10.78	6.92	7.39
20140107	4.95	6.78	3.81
20140108	3.43	4.5	3.03
20140109	0.63	3.87	2.69
20140110	8.55	3.31	4.09
20140111	0.07	1.27	3.71
20140112	2.09	2.61	2.07
20140113	7.92	3.66	2.04
20140114	7.89	3.99	3.81
20140115	3.35	6.19	5.86
20140116	0.97	5.07	3.55
20140117	1.75	3.53	2.38
20140118	5.2	4.54	2.56
20140119	0.48	3.35	2.75
20140120	0.02	3.7	1.9
20140121	4.09	3.77	1.54
20140122	7.47	4.49	2.62
20140123	0.23	1.36	3.73
20140124	5.26	4.45	2.88
20140125	9.71	4.6	6.45
20140126	8.23	3.19	4.3
20140127	7.0	3.34	5.03
20140128	1.34	3.41	5.21
20140129	1.25	2.55	2.93
20140130	0.01	1.79	2.13
20140131	3.38	2.51	1.68
20140201	12.4	3.74	4.15
20140202	0.47	4.84	4.25
20140203	0.69	4.07	2.14
20140204	2.27	3.91	1.62
20140205	7.3	4.86	2.21
20140206	0.29	3.01	2.95
20140207	5.83	3.01	1.88
20140208	12.38	4.31	4.41
20140209	1.37	2.87	6.19
20140210	0.37	2.97	2.62
20140211	2.11	1.68	1.78
20140212	16.27	2.81	5.18
20140213	2.81	2.94	5.93
20140214	11.78	3.79	5.1
20140215	7.1	2.91	12.75
20140216	0.01	3.27	3.68
20140217	1.72	5.17	2.21
20140218	11.15	5.49	4.38
20140219	3.49	7.12	5.49
20140220	5.47	5.19	4.66
20140221	4.95	4.07	3.89
20140222	4.25	6.73	3.34
20140223	20.63	5.87	8.71
20140224	2.52	5.43	14.02
20140225	2.63	5.93	3.96
20140226	7.07	4.5	3.37
20140227	1.1	2.43	3.14
20140228	0.37	3.55	2.32
20140301	5.51	3.55	2.05
20140302	3.15	4.35	2.64
20140303	0.08	3.33	2.27
20140304	0.24	5.29	1.63
20140305	0.85	6.77	1.37
20140306	26.23	8.66	3.81
20140307	0.84	3.96	18.22
20140308	0.0	8.44	2.98
20140309	2.49	5.56	1.92
20140310	0.07	4.49	1.73
20140311	0.05	5.93	1.41
20140312	0.18	6.96	1.18
20140313	0.08	4.87	1.06
20140314	0.18	6.36	0.99
20140315	0.02	7.16	0.94
20140316	0.81	8.01	0.88
20140317	1.87	7.44	0.85
20140318	2.74	7.56	1.01
20140319	0.0	8.6	1.31
20140320	9.37	5.53	2.09
20140321	11.62	3.68	2.41
20140322	1.73	3.12	4.12
20140323	0.23	2.27	2.59
20140324	0.15	6.3	1.48
20140325	0.7	3.85	1.11
20140326	2.6	4.74	0.96
20140327	3.89	4.99	1.11
20140328	14.33	5.14	5.6
20140329	0.13	6.48	4.15
20140330	0.08	6.58	1.96
20140331	13.31	7.85	1.54
20140401	1.8	7.83	6.12
20140402	3.54	5.74	2.49
20140403	6.21	6.55	2.48
20140404	0.19	7.02	3.42
20140405	3.06	10.75	2.17
20140406	2.78	9.72	2.11
20140407	9.39	5.39	4.43
20140408	2.73	7.35	3.27
20140409	0.41	8.52	2.31
20140410	0.99	5.92	1.68
20140411	0.01	7.84	1.36
20140412	0.09	7.88	1.12
20140413	1.22	6.26	0.97
20140414	0.03	7.2	0.87
20140415	0.0	7.84	0.78
20140416	0.17	9.93	0.72
20140417	0.24	4.49	0.68
20140418	0.03	6.25	0.65
20140419	0.0	8.2	0.62
20140420	0.0	10.29	0.6
20140421	0.02	11.56	0.59
20140422	2.34	10.22	0.61
20140423	2.35	11.16	0.62
20140424	0.84	9.8	0.66
20140425	6.6	8.7	0.81
20140426	0.61	10.24	0.95
20140427	5.23	9.14	0.87
20140428	0.08	9.47	1.04
20140429	0.05	13.02	0.96
20140430	7.02	9.51	1.08
20140501	0.12	6.32	1.8
20140502	0.0	5.24	1.12
20140503	2.39	8.69	0.8
20140504	0.33	9.34	0.73
20140505	2.8	11.06	0.9
20140506	3.55	10.1	0.82
20140507	16.48	9.25	2.93
20140508	11.66	9.32	4.02
20140509	14.5	9.23	5.42
20140510	9.5	9.93	12.02
20140511	14.32	9.42	11.04
20140512	7.26	7.78	8.99
20140513	0.58	8.62	3.52
20140514	1.34	11.94	1.95
20140515	0.04	11.39	1.42
20140516	0.0	13.17	1.13
20140517	0.0	14.24	0.91
20140518	0.03	13.46	0.77
20140519	0.01	15.24	0.7
20140520	1.83	12.01	0.67
20140521	1.84	10.22	0.63
20140522	2.57	8.18	0.66
20140523	0.55	8.97	0.64
20140524	5.87	10.16	0.65
20140525	5.7	11.91	0.85
20140526	0.2	13.01	1.22
20140527	0.11	13.17	0.91
20140528	11.57	10.38	1.04
20140529	0.08	9.32	1.87
20140530	0.0	10.94	1.18
20140531	0.0	12.77	0.82
20140601	0.1	14.3	0.67
20140602	1.69	13.37	0.62
20140603	3.43	11.71	0.6
20140604	10.87	10.72	1.25
20140605	0.99	10.48	1.92
20140606	0.0	15.02	1.19
20140607	9.33	12.54	1.18
20140608	0.04	13.62	1.6
20140609	8.79	14.32	1.34
20140610	2.74	13.35	1.65
20140611	0.0	13.44	1.53
20140612	0.0	15.15	0.91
20140613	0.03	14.46	0.71
20140614	2.09	15.72	0.62
20140615	0.03	11.45	0.6
20140616	0.0	14.86	0.64
20140617	0.0	17.47	0.58
20140618	0.01	18.16	0.53
20140619	0.0	13.83	0.49
20140620	0.0	14.85	0.46
20140621	0.0	14.3	0.44
20140622	0.0	15.46	0.44
20140623	0.04	14.14	0.42
20140624	0.62	12.23	0.41
20140625	0.28	13.14	0.41
20140626	0.0	12.35	0.4
20140627	0.09	11.84	0.39
20140628	0.63	11.28	0.38
20140629	0.18	11.83	0.38
20140630	0.02	13.6	0.37
20140701	0.0	14.28	0.36
20140702	5.28	14.57	0.36
20140703	0.47	15.61	0.38
20140704	8.45	12.92	0.38
20140705	0.04	11.5	0.6
20140706	2.08	12.96	0.58
20140707	5.29	13.77	0.45
20140708	3.44	12.66	0.52
20140709	0.0	14.83	0.75
20140710	0.0	14.82	0.54
20140711	0.0	16.24	0.43
20140712	4.85	17.09	0.4
20140713	0.03	13.22	0.4
20140714	5.46	13.94	0.38
20140715	0.03	13.3	0.45
20140716	7.12	14.96	0.55
20140717	0.0	16.86	0.56
20140718	0.2	17.42	0.48
20140719	5.83	17.27	0.46
20140720	0.07	16.29	0.44
20140721	0.0	15.62	0.43
20140722	0.0	18.72	0.37
20140723	0.0	17.69	0.33
20140724	0.0	17.62	0.31
20140725	0.0	19.02	0.3
20140726	7.74	18.73	0.35
20140727	3.3	13.67	0.35
20140728	0.47	16.88	0.34
20140729	0.32	15.26	0.41
20140730	3.34	14.69	0.36
20140731	1.38	15.25	0.35
20140801	4.9	13.92	0.36
20140802	8.3	14.09	0.54
20140803	6.3	14.41	1.11
20140804	0.07	11.94	1.22
20140805	12.17	17.05	0.81
20140806	4.92	13.81	1.63
20140807	0.11	12.66	1.69
20140808	32.24	15.11	16.09
20140809	0.5	13.98	5.18
20140810	9.06	12.26	2.03
20140811	10.28	13.16	4.77
20140812	10.15	12.3	3.47
20140813	2.08	14.64	3.84
20140814	6.78	12.8	3.14
20140815	1.21	12.95	2.75
20140816	3.7	11.96	1.52
20140817	1.75	11.32	1.48
20140818	0.57	10.44	1.19
20140819	0.18	10.62	0.82
20140820	3.67	11.5	0.64
20140821	6.68	8.91	1.2
20140822	1.34	10.08	1.71
20140823	1.51	9.49	1.23
20140824	0.0	10.05	1.08
20140825	0.0	12.26	0.7
20140826	0.0	10.85	0.56
20140827	0.68	14.29	0.49
20140828	11.42	15.77	0.46
20140829	1.39	14.12	0.92
20140830	0.0	13.31	1.02
20140831	2.41	14.56	0.67
20140901	0.0	11.68	0.56
20140902	0.0	14.23	0.52
20140903	0.0	16.94	0.48
20140904	0.0	14.0	0.45
20140905	2.22	15.29	0.45
20140906	0.04	11.26	0.44
20140907	0.02	10.29	0.44
20140908	0.0	11.5	0.44
20140909	0.0	11.77	0.42
20140910	0.02	13.81	0.4
20140911	0.0	14.23	0.39
20140912	0.0	12.76	0.36
20140913	0.0	13.33	0.34
20140914	0.38	13.23	0.33
20140915	1.08	14.14	0.33
20140916	0.0	14.32	0.33
20140917	0.01	15.49	0.33
20140918	0.17	15.75	0.32
20140919	0.03	13.85	0.31
20140920	0.05	9.72	0.31
20140921	0.0	10.19	0.3
20140922	0.18	12.73	0.3
20140923	14.17	10.74	0.6
20140924	0.53	11.13	0.9
20140925	2.97	13.79	0.41
20140926	0.06	11.53	0.39
20140927	0.01	13.12	0.47
20140928	0.03	13.81	0.39
20140929	0.03	13.53	0.36
20140930	1.54	14.81	0.34
20141001	1.85	8.04	0.35
20141002	0.01	11.72	0.34
20141003	55.67	10.98	4.72
20141004	1.4	7.38	19.25
20141005	2.83	10.28	2.8
20141006	1.48	6.26	1.8
20141007	0.98	7.66	1.35
20141008	11.53	10.72	1.89
20141009	6.76	9.51	3.86
20141010	6.58	8.31	4.07
20141011	1.79	8.66	2.64
20141012	0.07	9.24	1.71
20141013	0.01	8.81	1.18
20141014	0.0	9.34	0.89
20141015	6.37	10.21	0.75
20141016	4.47	10.88	1.25
20141017	5.14	14.28	1.82
20141018	0.92	14.51	2.06
20141019	8.45	11.1	1.61
20141020	11.19	9.56	3.29
20141021	0.16	6.3	5.03
20141022	1.48	9.89	1.93
20141023	4.83	10.69	1.57
20141024	3.09	9.09	2.28
20141025	0.67	10.74	2.39
20141026	4.57	12.43	1.44
20141027	4.94	13.67	3.08
20141028	19.73	7.28	14.43
20141029	1.86	6.7	3.76
20141030	0.41	12.4	2.12
20141031	10.05	13.25	1.7
20141101	3.32	10.27	4.28
20141102	8.34	7.28	2.95
20141103	7.4	4.22	5.7
20141104	17.02	3.99	12.83
20141105	0.17	3.53	6.87
20141106	5.01	7.96	3.11
20141107	6.12	7.15	3.27
20141108	2.35	6.82	3.24
20141109	0.08	5.35	2.34
20141110	0.32	6.13	1.67
20141111	3.49	9.16	1.38
20141112	1.5	8.2	1.72
20141113	2.58	9.7	1.63
20141114	12.88	6.08	6.19
20141115	0.04	4.87	3.01
20141116	6.98	5.63	1.79
20141117	2.46	8.36	4.12
20141118	0.93	8.54	2.56
20141119	0.8	8.26	1.72
20141120	0.09	7.1	1.48
20141121	12.0	7.4	1.65
20141122	1.3	8.48	5.26
20141123	0.07	4.72	2.4
20141124	0.03	5.17	1.55
20141125	2.36	4.95	1.24
20141126	2.09	5.34	1.39
20141127	1.07	5.36	1.51
20141128	0.57	7.66	1.46
20141129	1.65	7.53	1.37
20141130	0.12	6.13	1.45
20141201	2.0	4.26	1.27
20141202	0.03	1.03	1.31
20141203	0.23	1.11	1.07
20141204	0.12	2.27	0.94
20141205	0.0	0.48	0.86
20141206	16.59	4.8	2.09
20141207	5.49	1.85	9.64
20141208	0.46	0.75	3.65
20141209	15.44	6.21	10.55
20141210	5.19	1.99	5.13
20141211	3.45	0.97	4.12
20141212	1.48	-0.57	2.75
20141213	2.99	1.96	1.94
20141214	4.27	4.49	5.75
20141215	1.45	2.64	2.85
20141216	7.9	5.19	2.51
20141217	1.77	9.34	5.36
20141218	5.76	6.71	4.56
20141219	6.46	3.59	4.25
20141220	2.39	5.5	4.09
20141221	15.43	8.97	4.15
20141222	34.1	8.09	33.95
20141223	14.75	4.5	34.72
20141224	1.69	3.23	6.45
20141225	0.1	2.33	3.24
20141226	0.48	1.19	2.28
20141227	0.23	0.14	1.8
20141228	0.28	-0.87	1.49
20141229	0.24	1.37	1.29
20141230	0.03	4.38	1.24
20141231	7.35	7.19	1.56
20150101	29.64	6.83	25.37
20150102	5.44	3.64	9.64
20150103	0.27	0.96	4.72
20150104	0.21	2.67	2.5
20150105	1.48	6.49	1.86
20150106	2.09	4.3	1.8
20150107	22.94	6.99	17.44
20150108	4.16	5.86	6.82
20150109	12.89	7.09	6.3
20150110	7.42	1.58	11.38
20150111	8.71	5.0	6.61
20150112	3.65	3.4	8.42
20150113	3.38	0.78	4.2
20150114	13.3	3.48	7.54
20150115	7.44	2.87	10.91
20150116	1.25	0.62	4.64
20150117	1.58	-0.13	2.5
20150118	1.3	-1.21	1.91
20150119	0.23	-1.6	1.51
20150120	0.19	-0.56	1.31
20150121	0.42	-0.98	1.19
20150122	0.14	-0.05	1.1
20150123	10.51	2.92	3.78
20150124	0.05	2.84	3.78
20150125	7.58	5.79	3.63
20150126	2.86	3.17	4.77
20150127	9.04	5.08	2.8
20150128	14.51	0.72	7.26
20150129	1.4	-2.25	3.27
20150130	3.07	0.46	2.16
20150131	0.04	0.8	1.81
20150201	0.0	-1.78	1.49
20150202	0.0	-3.12	1.21
20150203	0.06	-2.17	1.02
20150204	0.09	-0.14	1.0
20150205	0.31	1.76	1.0
20150206	0.0	0.64	1.17
20150207	0.12	-1.4	1.26
20150208	0.11	0.47	1.22
20150209	0.26	3.93	3.55
20150210	0.01	1.85	2.75
20150211	0.41	1.61	1.73
20150212	0.04	2.67	1.37
20150213	0.68	3.66	1.28
20150214	0.01	4.96	1.27
20150215	3.63	6.28	1.09
20150216	0.74	2.5	1.31
20150217	0.79	4.76	1.26
20150218	7.86	7.33	1.33
20150219	0.93	3.89	4.28
20150220	0.14	2.13	1.9
20150221	0.95	2.23	1.32
20150222	10.5	2.98	2.82
20150223	5.08	2.65	3.73
20150224	6.7	1.91	4.56
20150225	26.94	6.1	5.96
20150226	0.44	3.42	24.93
20150227	2.98	3.77	3.78
20150228	6.55	5.65	4.87
20150301	1.7	2.19	4.33
20150302	3.07	1.32	2.67
20150303	6.46	1.95	2.67
20150304	0.04	5.0	3.91
20150305	0.04	6.76	2.67
20150306	2.26	7.13	1.82
20150307	3.83	7.91	1.56
20150308	0.04	3.45	2.95
20150309	2.85	5.81	1.96
20150310	0.0	3.42	1.8
20150311	3.6	3.65	1.4
20150312	17.14	6.21	4.28
20150313	0.2	3.12	5.75
20150314	0.0	1.71	2.39
20150315	0.66	4.77	1.61
20150316	1.26	3.11	1.39
20150317	0.1	3.16	1.31
20150318	0.05	3.95	1.13
20150319	0.0	7.23	1.0
20150320	0.11	5.39	0.9
20150321	0.02	2.76	0.82
20150322	0.19	5.68	0.76
20150323	0.16	4.24	0.73
20150324	0.74	2.24	0.7
20150325	6.27	4.48	0.68
20150326	0.48	3.87	0.8
20150327	9.56	4.12	1.19
20150328	14.83	7.71	6.22
20150329	6.34	3.31	8.89
20150330	15.15	5.04	11.25
20150331	4.49	2.63	7.1
20150401	4.97	1.81	4.64
20150402	3.63	5.65	2.8
20150403	1.93	5.97	2.85
20150404	0.06	7.78	2.26
20150405	0.23	7.01	1.59
20150406	0.08	8.57	1.31
20150407	0.04	6.33	1.12
20150408	0.0	8.14	0.98
20150409	0.0	8.76	0.88
20150410	3.24	9.89	0.81
20150411	3.7	5.18	0.81
20150412	10.07	3.2	2.9
20150413	0.21	7.96	2.31
20150414	2.97	8.56	1.47
20150415	0.35	5.37	1.38
20150416	0.0	8.07	1.24
20150417	0.0	6.09	0.94
20150418	0.0	5.52	0.81
20150419	1.31	6.9	0.75
20150420	0.0	7.15	0.73
20150421	0.0	9.71	0.69
20150422	0.0	11.06	0.67
20150423	0.02	11.0	0.65
20150424	4.0	9.22	0.65
20150425	1.66	3.56	0.7
20150426	0.28	2.47	0.7
20150427	7.68	4.18	0.73
20150428	15.9	4.38	1.84
20150429	9.73	5.3	7.62
20150430	0.21	4.07	4.46
20150501	0.04	4.22	1.73
20150502	11.35	5.72	1.17
20150503	6.85	8.91	7.44
20150504	5.3	9.92	3.65
20150505	6.29	7.86	4.46
20150506	6.06	6.23	4.69
20150507	0.24	5.33	2.8
20150508	25.31	8.89	5.55
20150509	0.26	8.72	12.44
20150510	14.32	11.82	3.14
20150511	1.92	10.29	7.96
20150512	0.47	7.65	2.69
20150513	0.0	7.98	1.69
20150514	0.0	6.15	1.23
20150515	6.17	9.26	1.06
20150516	0.36	7.97	1.4
20150517	6.58	8.13	1.12
20150518	5.24	6.79	2.52
20150519	3.64	7.49	2.72
20150520	0.01	10.4	2.21
20150521	0.44	10.66	1.26
20150522	0.04	9.78	0.98
20150523	4.22	12.03	0.87
20150524	0.03	8.93	0.89
20150525	0.0	9.03	0.83
20150526	0.02	10.47	0.74
20150527	13.3	7.61	1.28
20150528	8.66	7.11	3.14
20150529	3.14	6.69	3.58
20150530	8.27	8.77	2.04
20150531	2.89	7.1	3.73
20150601	8.45	8.03	3.42
20150602	2.6	9.04	2.75
20150603	0.02	8.93	2.04
20150604	0.02	13.54	1.22
20150605	0.49	11.67	0.91
20150606	0.66	9.28	0.76
20150607	0.0	8.18	0.68
20150608	0.38	8.77	0.63
20150609	0.0	10.36	0.61
20150610	0.0	12.72	0.6
20150611	0.0	13.27	0.58
20150612	0.0	16.21	0.56
20150613	5.0	11.14	0.57
20150614	0.03	7.09	0.57
20150615	0.64	11.96	0.53
20150616	5.37	14.45	0.53
20150617	0.63	11.31	0.6
20150618	0.45	10.16	0.55
20150619	0.67	10.94	0.53
20150620	4.31	13.67	0.54
20150621	3.43	10.09	0.56
20150622	0.76	10.31	0.92
20150623	0.04	12.2	0.72
20150624	0.33	13.62	0.6
20150625	3.6	14.45	0.55
20150626	0.84	14.45	0.54
20150627	3.76	15.05	0.54
20150628	1.77	13.7	0.56
20150629	0.03	15.61	0.79
20150630	0.0	20.6	0.62
20150701	0.25	21.49	0.53
20150702	2.04	13.83	0.5
20150703	11.65	17.18	0.49
20150704	0.03	13.91	0.96
20150705	0.4	14.38	0.83
20150706	2.67	14.52	0.59
20150707	7.89	13.64	0.53
20150708	6.56	10.01	1.61
20150709	0.15	12.65	1.52
20150710	4.62	16.78	0.79
20150711	7.04	14.63	0.69
20150712	4.77	13.33	1.97
20150713	1.97	13.36	1.67
20150714	0.01	11.72	1.3
20150715	0.0	12.27	0.78
20150716	19.85	14.96	0.66
20150717	0.47	13.32	9.9
20150718	12.18	12.66	1.8
20150719	0.54	11.86	3.94
20150720	1.45	14.36	1.85
20150721	2.37	12.11	1.18
20150722	1.01	11.96	1.05
20150723	0.12	10.55	0.79
20150724	0.52	11.47	0.63
20150725	3.21	10.78	0.62
20150726	7.73	12.6	0.75
20150727	20.25	10.62	4.2
20150728	7.31	9.73	9.67
20150729	5.36	11.83	4.2
20150730	0.23	11.07	2.49
20150731	11.07	12.43	2.16
20150801	0.94	12.51	3.55
20150802	1.01	15.24	1.62
20150803	0.91	14.4	1.1
20150804	1.08	14.22	0.82
20150805	3.53	15.67	0.73
20150806	0.2	12.42	0.68
20150807	0.01	11.88	0.71
20150808	0.32	15.31	0.6
20150809	0.16	15.13	0.52
20150810	0.57	14.55	0.49
20150811	0.0	10.85	0.47
20150812	0.02	13.3	0.45
20150813	22.74	16.15	0.5
20150814	9.39	10.58	7.13
20150815	0.0	10.59	2.98
20150816	0.06	11.62	1.3
20150817	0.0	13.77	0.85
20150818	2.61	13.73	0.68
20150819	3.93	16.32	0.64
20150820	0.8	16.9	0.77
20150821	0.35	15.89	0.76
20150822	14.53	16.17	2.18
20150823	7.54	16.1	2.98
20150824	0.07	13.15	1.7
20150825	3.65	13.87	1.04
20150826	0.62	13.4	0.95
20150827	0.64	12.09	0.72
20150828	1.51	14.11	0.61
20150829	0.6	13.89	0.64
20150830	0.0	11.54	0.54
20150831	0.26	12.17	0.52
20150901	0.98	11.15	0.51
20150902	2.79	9.74	0.57
20150903	0.29	9.81	0.55
20150904	0.74	10.75	0.5
20150905	0.0	8.69	0.48
20150906	0.03	10.72	0.46
20150907	0.14	12.65	0.45
20150908	0.0	10.54	0.45
20150909	0.0	11.4	0.45
20150910	0.03	13.21	0.44
20150911	2.59	14.18	0.42
20150912	3.24	10.86	0.43
20150913	0.13	11.17	0.42
20150914	2.08	11.87	0.42
20150915	0.27	9.36	0.43
20150916	0.02	9.81	0.37
20150917	2.53	11.19	0.36
20150918	0.05	10.54	0.35
20150919	0.0	12.58	0.36
20150920	3.38	12.53	0.36
20150921	1.28	9.61	0.37
20150922	0.06	9.48	0.37
20150923	8.39	10.14	0.42
20150924	4.83	10.01	0.85
20150925	0.01	11.12	0.87
20150926	0.04	10.12	0.58
20150927	0.04	11.0	0.47
20150928	0.0	12.35	0.42
20150929	0.1	11.16	0.39
20150930	0.07	10.31	0.38
20151001	0.09	10.45	0.36
20151002	0.15	8.7	0.35
20151003	0.0	6.51	0.35
20151004	0.5	8.16	0.34
20151005	7.73	12.25	0.36
20151006	7.71	14.56	0.41
20151007	0.84	7.21	1.37
20151008	0.07	8.92	1.16
20151009	0.02	11.61	0.74
20151010	0.16	10.8	0.58
20151011	0.68	8.3	0.49
20151012	0.41	8.45	0.45
20151013	0.1	6.6	0.44
20151014	0.03	6.9	0.41
20151015	0.13	7.87	0.38
20151016	0.03	6.3	0.37
20151017	0.03	6.3	0.36
20151018	0.09	8.05	0.35
20151019	1.05	8.52	0.36
20151020	5.42	9.94	0.36
20151021	1.99	11.45	0.39
20151022	0.0	8.26	0.69
20151023	1.67	9.66	0.64
20151024	1.61	6.31	0.53
20151025	0.04	7.12	0.55
20151026	0.0	9.76	0.51
20151027	2.3	11.71	0.46
20151028	12.5	9.16	1.16
20151029	5.1	8.49	1.95
20151030	2.93	11.33	2.09
20151031	1.23	11.82	1.79
20151101	0.1	10.36	1.38
20151102	0.15	7.99	0.93
20151103	5.56	7.9	0.72
20151104	0.03	9.05	0.96
20151105	4.46	10.27	1.24
20151106	6.69	10.58	1.5
20151107	10.99	8.51	8.27
20151108	19.17	9.03	13.53
20151109	7.11	12.38	9.51
20151110	20.8	12.41	5.99
20151111	13.52	8.78	29.02
20151112	15.51	7.62	9.43
20151113	1.3	4.39	8.37
20151114	40.55	9.05	14.36
20151115	4.66	9.29	33.17
20151116	1.66	5.53	6.27
20151117	17.47	6.89	10.42
20151118	11.23	8.52	16.22
20151119	0.68	6.38	5.26
20151120	5.63	1.7	2.98
20151121	0.72	-0.64	2.42
20151122	0.22	0.73	1.93
20151123	5.79	4.59	3.01
20151124	1.1	4.41	3.99
20151125	0.79	5.51	2.11
20151126	4.14	8.64	2.16
20151127	8.33	5.41	5.7
20151128	14.54	4.86	10.26
20151129	8.3	4.85	12.26
20151130	9.25	1.83	6.94
20151201	5.06	7.3	8.47
20151202	4.54	5.95	6.09
20151203	23.74	5.36	18.48
20151204	24.12	7.98	11.12
20151205	43.59	8.54	51.57
20151206	1.88	4.46	29.28
20151207	1.11	9.96	4.51
20151208	13.2	6.35	3.81
20151209	12.59	6.92	14.04
20151210	6.42	3.33	12.83
20151211	2.66	3.53	6.17
20151212	13.45	0.24	7.62
20151213	2.57	1.44	4.43
20151214	0.24	4.87	4.64
20151215	1.28	8.37	3.32
20151216	1.42	11.09	2.85
20151217	0.98	10.84	2.69
20151218	4.8	11.76	2.57
20151219	17.26	10.62	6.25
20151220	8.35	6.53	17.05
20151221	25.16	7.59	9.2
20151222	5.03	7.68	29.8
20151223	7.69	6.55	5.39
20151224	2.56	4.47	6.3
20151225	37.31	3.02	12.88
20151226	22.77	5.89	50.79
20151227	0.52	6.27	10.11
20151228	0.62	9.12	3.76
20151229	0.62	9.37	2.69
20151230	3.71	6.81	2.54
20151231	7.02	2.35	3.34
20160101	0.99	3.49	3.24
20160102	3.91	6.45	2.4
20160103	4.72	5.72	3.65
20160104	10.42	5.69	3.52
20160105	13.46	5.64	19.15
20160106	3.36	4.67	6.5
20160107	2.24	2.15	4.22
20160108	7.39	1.61	4.64
20160109	15.73	3.3	8.81
20160110	1.19	2.45	9.46
20160111	1.73	2.46	3.47
20160112	1.94	1.67	2.85
20160113	13.52	0.91	3.32
20160114	0.06	-1.65	3.42
20160115	0.12	-1.71	2.06
20160116	4.18	-2.0	1.67
20160117	0.22	-0.46	1.56
20160118	0.45	1.37	1.78
20160119	0.06	1.29	1.77
20160120	0.0	0.8	1.65
20160121	12.64	3.72	2.44
20160122	3.51	7.81	15.7
20160123	4.81	8.3	3.68
20160124	0.59	11.5	3.73
20160125	7.17	7.98	2.67
20160126	25.02	8.59	21.72
20160127	9.74	5.88	21.48
20160128	8.55	7.14	5.34
20160129	2.0	4.3	5.44
20160130	3.03	1.65	2.88
20160131	9.28	5.87	5.13
20160201	2.0	6.71	6.71
20160202	0.19	2.89	2.75
20160203	6.08	3.4	1.88
20160204	2.85	6.97	3.16
20160205	7.32	5.01	4.74
20160206	3.7	4.45	4.09
20160207	7.65	3.86	3.21
20160208	12.74	3.98	6.74
20160209	1.33	1.36	11.51
20160210	0.02	1.54	3.32
20160211	0.15	1.62	2.1
20160212	0.1	2.03	1.63
20160213	4.47	0.21	1.65
20160214	1.61	-0.8	1.68
20160215	0.06	-0.88	1.41
20160216	7.16	2.17	1.45
20160217	1.9	0.51	4.95
20160218	1.14	2.04	2.53
20160219	4.77	4.8	2.47
20160220	2.82	4.79	3.84
20160221	7.71	3.49	6.32
20160222	0.66	1.4	3.32
20160223	0.16	0.61	2.0
20160224	0.13	-1.23	1.49
20160225	0.22	-0.02	1.25
20160226	0.0	0.66	1.12
20160227	0.06	0.36	0.99
20160228	0.06	2.11	0.9
20160229	27.52	4.75	2.06
20160301	3.51	4.41	18.55
20160302	1.75	1.32	4.07
20160303	7.64	2.92	2.8
20160304	3.93	2.58	5.18
20160305	0.57	1.27	2.85
20160306	0.06	0.32	1.96
20160307	0.72	1.28	1.45
20160308	1.93	3.67	1.27
20160309	0.02	2.97	1.41
20160310	0.03	3.35	1.24
20160311	1.01	6.07	1.06
20160312	0.04	7.11	0.97
20160313	0.05	6.32	0.89
20160314	0.0	6.18	0.81
20160315	0.02	4.9	0.74
20160316	0.02	4.03	0.7
20160317	0.08	5.59	0.68
20160318	0.0	4.87	0.64
20160319	0.0	3.97	0.62
20160320	0.0	5.87	0.6
20160321	0.0	6.49	0.58
20160322	0.0	6.16	0.57
20160323	0.98	5.14	0.56
20160324	4.18	4.95	0.6
20160325	0.01	7.54	0.9
20160326	8.96	6.99	1.06
20160327	8.75	4.21	3.21
20160328	1.27	4.63	2.62
20160329	4.59	3.97	1.66
20160330	0.15	3.75	1.59
20160331	0.03	4.89	1.15
20160401	10.18	5.68	1.31
20160402	4.31	6.67	3.84
20160403	3.63	8.27	2.53
20160404	5.13	7.49	2.17
20160405	4.87	6.95	3.55
20160406	5.45	4.5	4.04
20160407	3.83	7.22	4.22
20160408	3.68	6.35	2.44
20160409	3.52	4.41	2.02
20160410	0.0	6.62	1.76
20160411	2.18	8.23	1.29
20160412	5.24	6.15	1.41
20160413	0.73	6.63	2.04
20160414	0.04	5.23	1.45
20160415	4.43	2.36	1.39
20160416	0.78	2.16	1.47
20160417	0.32	5.76	1.13
20160418	0.39	5.39	0.93
20160419	0.06	6.19	0.79
20160420	0.0	7.79	0.7
20160421	0.02	9.06	0.64
20160422	0.0	3.9	0.59
20160423	0.49	4.05	0.56
20160424	0.13	5.15	0.55
20160425	0.04	3.61	0.52
20160426	1.02	3.29	0.51
20160427	0.54	2.51	0.49
20160428	9.15	2.51	0.54
20160429	2.44	1.89	0.67
20160430	1.69	5.65	1.37
20160501	7.25	8.74	1.26
20160502	2.86	7.29	2.4
20160503	0.6	7.55	1.57
20160504	0.0	8.95	0.98
20160505	0.0	9.42	0.74
20160506	0.0	11.3	0.63
20160507	0.06	11.81	0.57
20160508	0.0	14.52	0.53
20160509	0.0	14.41	0.5
20160510	0.0	14.81	0.48
20160511	0.09	13.77	0.46
20160512	0.02	11.45	0.44
20160513	0.0	3.43	0.42
20160514	0.0	7.34	0.42
20160515	0.0	7.9	0.42
20160516	0.0	8.55	0.42
20160517	0.51	12.28	0.42
20160518	0.03	12.14	0.42
20160519	4.96	11.05	0.43
20160520	3.47	12.03	0.45
20160521	0.47	11.36	0.45
20160522	0.4	10.03	0.52
20160523	3.22	9.93	0.49
20160524	0.0	10.24	0.47
20160525	9.46	9.08	0.52
20160526	0.32	8.98	0.54
20160527	0.0	10.65	0.55
20160528	0.03	10.48	0.52
20160529	0.0	11.93	0.48
20160530	0.0	11.92	0.45
20160531	0.02	13.03	0.44
20160601	0.0	9.61	0.42
20160602	0.0	9.68	0.41
20160603	0.01	15.29	0.41
20160604	0.0	12.69	0.41
20160605	0.02	15.06	0.41
20160606	0.17	17.27	0.4
20160607	0.55	18.14	0.4
20160608	0.15	14.36	0.4
20160609	0.05	17.09	0.41
20160610	1.64	13.78	0.41
20160611	10.5	11.85	0.47
20160612	2.0	13.99	0.5
20160613	0.86	12.0	0.46
20160614	1.06	13.68	0.4
20160615	1.15	13.12	0.39
20160616	0.5	11.85	0.41
20160617	1.03	10.49	0.39
20160618	0.0	12.17	0.37
20160619	12.16	14.22	0.39
20160620	0.84	12.97	1.12
20160621	0.22	14.02	0.82
20160622	0.0	12.91	0.56
20160623	1.08	14.65	0.46
20160624	14.54	12.06	1.16
20160625	7.51	12.49	0.73
20160626	5.59	12.59	0.7
20160627	0.46	10.71	0.72
20160628	3.66	11.46	0.66
20160629	11.8	10.14	1.47
20160630	8.74	12.13	2.02
20160701	9.91	10.17	2.64
20160702	7.56	10.85	5.23
20160703	0.21	11.62	2.8
20160704	13.47	12.55	2.24
20160705	0.02	10.83	3.39
20160706	5.37	13.44	1.44
20160707	6.77	14.41	1.7
20160708	3.36	14.29	3.19
20160709	5.6	15.16	2.22
20160710	5.21	14.67	4.35
20160711	1.23	11.56	3.16
20160712	0.0	11.6	1.68
20160713	6.27	11.06	1.23
20160714	0.0	14.2	1.7
20160715	6.51	14.78	1.08
20160716	0.03	13.82	1.82
20160717	0.12	15.1	1.02
20160718	0.11	17.62	0.75
20160719	12.54	22.26	0.65
20160720	5.59	15.9	2.22
20160721	0.1	15.95	1.65
20160722	1.81	16.84	1.05
20160723	0.09	15.93	1.08
20160724	3.32	14.97	0.82
20160725	2.23	13.77	0.72
20160726	21.99	14.12	2.3
20160727	1.39	13.07	7.36
20160728	8.51	14.03	2.58
20160729	0.63	13.83	3.34
20160730	1.82	12.28	1.65
20160731	3.87	12.25	1.68
20160801	0.07	13.05	1.5
20160802	5.87	15.19	1.01
20160803	12.72	14.82	3.65
20160804	0.95	14.46	4.92
20160805	0.07	12.44	1.97
20160806	0.72	16.64	1.17
20160807	2.26	13.44	0.85
20160808	0.02	11.2	0.96
20160809	3.26	10.2	0.79
20160810	19.86	12.36	1.72
20160811	4.62	14.12	11.32
20160812	3.05	14.2	4.85
20160813	0.8	13.89	3.11
20160814	0.0	11.83	1.64
20160815	0.02	14.93	1.11
20160816	0.03	15.62	0.83
20160817	0.04	15.48	0.69
20160818	0.0	16.48	0.61
20160819	7.76	13.43	0.61
20160820	16.02	14.02	7.23
20160821	7.28	14.61	4.41
20160822	1.46	14.55	4.48
20160823	4.41	17.56	2.43
20160824	0.59	16.06	1.77
20160825	0.91	13.31	1.1
20160826	0.04	13.06	0.9
20160827	17.64	16.53	0.83
20160828	0.56	13.25	3.52
20160829	0.0	14.72	1.83
20160830	3.09	16.24	1.09
20160831	0.67	13.01	0.91
20160901	5.05	14.24	0.89
20160902	1.41	14.02	1.26
20160903	19.4	13.22	2.67
20160904	0.23	14.77	5.73
20160905	1.0	17.16	1.96
20160906	0.33	18.07	1.32
20160907	0.65	17.3	1.13
20160908	11.69	14.0	2.14
20160909	13.52	12.47	6.74
20160910	1.12	11.83	5.34
20160911	0.02	14.49	1.88
20160912	0.08	18.37	1.24
20160913	4.55	18.01	1.02
20160914	0.07	15.66	1.01
20160915	4.41	17.22	0.94
20160916	0.07	11.1	0.93
20160917	0.07	11.82	0.85
20160918	1.11	12.58	0.73
20160919	0.02	11.45	0.68
20160920	0.06	11.65	0.65
20160921	23.39	13.11	1.8
20160922	2.88	10.35	5.39
20160923	0.01	12.99	2.21
20160924	8.83	13.97	1.38
20160925	4.47	10.33	2.75
20160926	3.19	10.99	2.56
20160927	2.02	13.74	2.35
20160928	17.22	13.79	5.73
20160929	5.03	10.07	7.15
20160930	1.09	9.0	3.73
20161001	0.21	7.57	1.87
20161002	0.05	9.11	1.34
20161003	0.08	10.58	1.05
20161004	0.12	12.77	0.88
20161005	0.02	10.08	0.77
20161006	0.5	11.28	0.69
20161007	0.12	9.62	0.65
20161008	0.1	8.74	0.62
20161009	0.36	7.62	0.59
20161010	0.69	8.58	0.58
20161011	1.11	8.51	0.57
20161012	2.22	8.89	0.56
20161013	5.47	9.06	0.6
20161014	0.57	9.45	1.01
20161015	0.25	9.41	0.98
20161016	6.85	10.54	0.82
20161017	11.33	8.66	1.3
20161018	3.53	6.22	5.49
20161019	0.11	8.84	2.21
20161020	0.5	8.75	1.33
20161021	0.15	6.86	1.02
20161022	1.37	6.8	0.86
20161023	1.39	5.65	0.81
20161024	0.93	5.64	0.85
20161025	1.0	8.58	0.88
20161026	0.48	10.4	0.77
20161027	1.81	9.98	0.75
20161028	0.3	8.73	1.03
20161029	0.82	10.75	0.95
20161030	0.02	9.39	0.9
20161031	0.71	8.21	0.82
20161101	0.0	4.31	0.72
20161102	0.18	4.28	0.67
20161103	3.13	5.14	0.66
20161104	2.49	4.09	0.95
20161105	2.39	3.11	1.04
20161106	7.28	2.61	2.35
20161107	0.04	1.8	2.53
20161108	8.21	1.17	1.39
20161109	2.73	2.17	1.74
20161110	0.08	3.04	2.67
20161111	15.11	4.99	3.21
20161112	0.66	5.61	7.54
20161113	9.07	6.72	3.11
20161114	1.36	9.82	5.62
20161115	1.66	8.18	3.29
20161116	7.45	5.24	2.18
20161117	9.99	2.17	10.08
20161118	2.91	1.39	3.73
20161119	0.92	0.64	2.48
20161120	0.23	-1.08	2.01
20161121	13.94	1.96	3.71
20161122	0.53	2.04	6.97
20161123	0.06	1.63	2.59
20161124	0.21	1.1	1.67
20161125	0.14	0.38	1.3
20161126	0.38	3.17	1.13
20161127	0.07	3.15	1.52
20161128	0.04	1.8	1.1
20161129	0.11	3.01	0.93
20161130	0.0	6.51	0.98
20161201	0.03	4.99	0.92
20161202	0.34	4.02	0.81
20161203	0.0	2.32	0.75
20161204	0.04	1.09	0.71
20161205	0.16	1.34	0.67
20161206	5.21	6.95	0.71
20161207	1.46	11.35	1.28
20161208	2.91	8.78	1.87
20161209	0.64	9.6	1.62
20161210	0.34	7.01	1.36
20161211	0.05	5.51	1.07
20161212	2.45	4.99	0.92
20161213	1.14	7.21	0.94
20161214	0.02	7.46	1.0
20161215	0.29	7.23	0.93
20161216	0.48	5.28	0.84
20161217	0.34	4.33	0.78
20161218	0.0	6.29	0.74
20161219	0.44	4.61	0.71
20161220	4.16	4.58	0.72
20161221	2.23	4.1	1.07
20161222	2.03	5.04	1.48
20161223	19.68	6.15	15.37
20161224	3.1	7.59	4.28
20161225	7.62	6.0	4.51
20161226	1.04	3.0	3.81
20161227	0.03	3.21	2.14
20161228	0.0	2.74	1.47
20161229	0.06	5.99	1.17
20161230	0.0	9.05	1.02
20161231	11.46	5.08	1.75
20170101	2.54	-0.17	3.68
20170102	0.41	0.53	2.1
20170103	0.32	3.39	1.68
20170104	0.02	0.03	1.61
20170105	0.47	0.28	1.2
20170106	3.81	5.96	1.21
20170107	1.62	6.72	1.82
20170108	6.88	7.0	1.74
20170109	2.43	4.57	3.84
20170110	1.38	5.91	2.69
20170111	2.64	2.39	2.08
20170112	1.55	-0.31	1.72
20170113	0.3	-0.52	1.41
20170114	14.12	1.71	1.5
20170115	3.42	6.33	15.57
20170116	0.96	6.78	3.81
20170117	1.16	6.95	2.51
20170118	0.02	5.96	2.14
20170119	0.1	4.89	1.62
20170120	0.06	0.98	1.31
20170121	0.22	0.73	1.13
20170122	0.0	0.51	1.01
20170123	0.0	2.43	0.94
20170124	0.51	6.04	0.88
20170125	0.0	2.64	0.85
20170126	0.1	-0.93	0.85
20170127	3.57	0.01	0.7
20170128	10.0	1.94	2.69
20170129	0.32	1.32	3.11
20170130	0.23	3.0	1.81
20170131	4.41	5.99	1.73
20170201	0.05	8.04	2.28
20170202	0.42	7.75	1.55
20170203	3.36	5.1	1.16
20170204	1.55	3.13	1.38
20170205	0.04	1.82	1.44
20170206	10.72	2.89	1.28
20170207	0.92	4.3	4.22
20170208	0.04	1.45	2.2
20170209	0.02	0.36	1.42
20170210	0.84	0.11	1.11
20170211	6.25	1.34	1.27
20170212	2.49	1.63	2.26
20170213	0.0	3.47	2.4
20170214	0.06	4.86	1.82
20170215	2.25	7.66	1.47
20170216	0.29	5.47	1.51
20170217	0.02	6.09	1.26
20170218	2.83	7.5	1.1
20170219	1.53	8.09	1.44
20170220	1.62	7.17	2.44
20170221	8.42	6.92	2.5
20170222	16.67	4.28	4.87
20170223	2.07	2.83	14.17
20170224	14.73	4.24	3.6
20170225	7.63	6.29	19.07
20170226	9.78	4.83	7.93
20170227	1.66	2.01	4.92
20170228	0.66	2.09	2.75
20170301	2.68	2.76	2.01
20170302	13.44	3.51	3.14
20170303	6.86	4.4	6.82
20170304	1.8	5.99	5.36
20170305	3.31	5.85	2.85
20170306	4.1	4.62	3.21
20170307	10.77	5.12	3.78
20170308	1.17	7.02	5.18
20170309	0.0	5.92	2.37
20170310	0.96	7.74	1.68
20170311	2.75	7.98	1.52
20170312	0.15	6.48	1.62
20170313	0.76	8.44	1.39
20170314	0.03	7.43	1.18
20170315	0.69	7.73	1.08
20170316	2.46	5.82	0.97
20170317	15.52	6.94	5.7
20170318	16.72	8.11	10.94
20170319	9.22	7.35	19.51
20170320	2.69	4.61	4.46
20170321	6.86	2.31	2.9
20170322	22.05	2.75	13.63
20170323	0.01	3.5	11.58
20170324	0.0	5.86	3.06
20170325	0.02	7.84	1.86
20170326	0.03	7.76	1.39
20170327	0.03	7.53	1.15
20170328	2.67	9.13	1.02
20170329	5.24	10.52	1.02
20170330	8.95	11.38	2.23
20170331	7.97	9.23	3.5
20170401	4.66	7.77	5.78
20170402	0.08	6.93	2.59
20170403	2.7	9.01	1.54
20170404	0.0	8.53	1.3
20170405	0.03	5.81	1.09
20170406	0.0	7.66	0.9
20170407	0.03	4.51	0.81
20170408	0.02	9.98	0.75
20170409	0.47	9.47	0.7
20170410	0.5	8.02	0.65
20170411	1.98	8.25	0.62
20170412	0.03	7.11	0.63
20170413	1.28	7.32	0.61
20170414	2.46	6.41	0.63
20170415	1.55	5.97	0.64
20170416	4.64	3.91	0.76
20170417	1.24	3.37	0.85
20170418	0.01	6.0	0.8
20170419	0.29	8.68	0.69
20170420	0.19	10.52	0.64
20170421	0.18	6.89	0.61
20170422	0.0	5.65	0.58
20170423	1.09	8.08	0.56
20170424	0.23	2.96	0.53
20170425	1.22	2.47	0.51
20170426	0.61	4.73	0.51
20170427	0.9	6.22	0.52
20170428	0.35	7.71	0.45
20170429	0.0	8.75	0.42
20170430	0.0	9.58	0.41
20170501	0.0	9.72	0.4
20170502	0.0	8.28	0.39
20170503	0.0	9.93	0.38
20170504	0.0	8.88	0.37
20170505	0.0	8.51	0.37
20170506	0.0	8.22	0.37
20170507	0.0	8.4	0.37
20170508	0.0	7.8	0.36
20170509	0.0	8.16	0.36
20170510	0.0	8.52	0.37
20170511	0.0	11.56	0.36
20170512	2.65	12.47	0.36
20170513	1.66	11.02	0.38
20170514	6.17	10.98	0.36
20170515	11.09	12.27	0.46
20170516	0.08	11.75	0.93
20170517	0.01	9.01	0.7
20170518	0.3	9.81	0.53
20170519	5.07	10.25	0.46
20170520	11.09	8.75	1.44
20170521	0.19	12.13	1.51
20170522	0.68	13.25	0.81
20170523	0.01	14.43	0.6
20170524	0.06	15.27	0.51
20170525	0.0	19.84	0.45
20170526	0.0	19.0	0.4
20170527	4.13	17.95	0.42
20170528	0.75	14.36	0.41
20170529	2.71	11.84	0.42
20170530	1.09	10.3	0.4
20170531	0.0	14.44	0.37
20170601	2.75	14.76	0.39
20170602	0.06	11.05	0.4
20170603	0.45	12.26	0.37
20170604	3.79	11.33	0.37
20170605	20.71	12.13	0.45
20170606	22.49	9.91	10.94
20170607	5.41	11.75	9.28
20170608	9.67	12.92	5.86
20170609	6.36	13.11	3.32
20170610	2.24	14.91	2.77
20170611	5.51	12.65	1.77
20170612	0.12	11.73	2.07
20170613	0.0	13.9	1.29
20170614	1.88	15.25	0.86
20170615	5.15	13.07	0.74
20170616	0.25	15.06	1.01
20170617	0.0	16.36	0.73
20170618	0.0	16.38	0.53
20170619	0.0	16.87	0.42
20170620	2.79	15.79	0.36
20170621	0.39	19.03	0.35
20170622	4.77	14.65	0.32
20170623	3.27	12.07	0.4
20170624	0.0	12.2	0.52
20170625	0.0	10.86	0.41
20170626	12.5	12.25	0.37
20170627	7.49	10.85	1.46
20170628	22.62	10.31	2.29
20170629	5.66	12.09	12.36
20170630	0.04	12.95	2.9
20170701	0.35	12.57	1.34
20170702	0.89	12.92	0.83
20170703	5.39	12.82	0.6
20170704	27.82	11.14	15.34
20170705	0.45	13.37	5.03
20170706	0.05	17.38	1.88
20170707	1.35	11.18	1.11
20170708	0.0	12.11	0.83
20170709	2.31	15.09	0.59
20170710	2.93	12.11	0.55
20170711	0.06	11.52	0.59
20170712	0.0	13.06	0.48
20170713	2.35	14.61	0.41
20170714	3.15	13.88	0.38
20170715	4.35	14.49	0.4
20170716	0.04	13.37	1.09
20170717	0.0	14.11	0.58
20170718	0.0	18.38	0.4
20170719	6.52	14.86	0.38
20170720	0.74	11.02	0.36
20170721	2.74	15.14	0.35
20170722	7.96	13.48	1.26
20170723	4.72	14.4	1.13
20170724	0.0	14.32	0.89
20170725	5.01	13.59	0.54
20170726	14.0	13.2	1.88
20170727	10.25	12.63	6.06
20170728	5.98	13.68	3.73
20170729	3.9	13.25	4.15
20170730	6.47	13.78	1.85
20170731	7.47	13.79	2.42
20170801	0.12	14.52	2.33
20170802	15.48	14.97	1.24
20170803	4.51	14.73	8.55
20170804	0.45	13.19	2.47
20170805	3.88	11.02	1.49
20170806	15.01	12.99	1.48
20170807	0.2	13.22	5.49
20170808	0.76	13.22	1.77
20170809	0.0	12.13	1.12
20170810	0.03	13.09	0.77
20170811	5.66	13.71	0.66
20170812	3.56	10.43	2.11
20170813	3.43	13.53	1.39
20170814	20.7	14.47	3.32
20170815	0.6	13.23	7.44
20170816	2.58	15.17	1.82
20170817	15.34	14.96	1.86
20170818	6.26	12.24	5.44
20170819	1.91	12.57	3.16
20170820	0.03	10.75	1.86
20170821	0.94	16.43	1.12
20170822	3.12	18.18	0.89
20170823	0.77	15.16	0.93
20170824	1.76	14.78	0.79
20170825	3.52	13.8	0.81
20170826	0.0	14.37	0.98
20170827	0.13	16.07	0.83
20170828	5.28	14.44	0.74
20170829	0.03	10.28	1.12
20170830	0.39	11.58	0.81
20170831	0.17	11.22	0.59
20170901	0.0	10.96	0.49
20170902	0.0	12.61	0.45
20170903	0.73	14.0	0.43
20170904	14.45	14.94	0.46
20170905	1.59	11.88	1.88
20170906	0.55	11.96	1.16
20170907	20.25	11.18	6.82
20170908	3.73	11.53	5.83
20170909	1.5	11.66	2.57
20170910	11.04	11.2	2.82
20170911	0.51	11.98	4.46
20170912	19.82	10.29	4.9
20170913	8.18	10.0	11.74
20170914	1.89	10.07	3.58
20170915	2.21	9.86	1.94
20170916	0.49	9.36	1.44
20170917	4.39	11.29	1.2
20170918	0.55	6.55	1.34
20170919	0.03	11.25	1.03
20170920	6.45	14.36	0.82
20170921	2.37	9.27	1.82
20170922	1.97	11.38	1.32
20170923	0.0	13.33	1.09
20170924	14.49	14.61	1.17
20170925	2.09	13.26	3.99
20170926	0.0	13.83	2.17
20170927	12.42	13.32	3.01
20170928	1.6	13.65	5.05
20170929	2.82	11.18	1.86
20170930	2.57	8.17	1.95
20171001	8.19	12.25	2.06
20171002	1.01	10.32	4.2
20171003	0.19	9.9	1.81
20171004	16.92	8.96	4.41
20171005	0.14	7.81	9.04
20171006	3.33	9.41	1.9
20171007	0.9	10.84	2.19
20171008	1.28	12.0	1.64
20171009	9.4	11.2	1.65
20171010	16.87	11.77	4.87
20171011	17.88	9.8	30.58
20171012	9.15	12.45	4.59
20171013	11.9	13.76	11.79
20171014	1.32	12.99	7.13
20171015	3.49	12.65	3.37
20171016	1.93	13.51	3.16
20171017	1.39	8.66	2.15
20171018	0.38	10.18	1.79
20171019	18.87	11.54	3.6
20171020	1.0	11.68	8.32
20171021	9.23	10.46	3.24
20171022	0.63	7.87	5.7
20171023	3.26	11.43	2.31
20171024	9.55	10.99	3.58
20171025	0.07	9.9	4.41
20171026	0.08	6.83	2.02
20171027	1.37	7.2	1.46
20171028	0.39	8.4	1.39
20171029	0.0	3.37	1.29
20171030	2.43	5.81	0.98
20171031	3.07	10.61	1.34
20171101	1.46	7.55	1.62
20171102	0.0	5.58	1.48
20171103	1.01	6.52	1.11
20171104	0.6	4.28	0.95
20171105	0.18	2.87	0.84
20171106	1.59	6.31	0.77
20171107	0.29	3.08	0.78
20171108	1.62	5.41	0.77
20171109	0.57	6.47	0.79
20171110	0.23	3.88	0.81
20171111	0.13	2.63	0.73
20171112	0.06	1.53	0.66
20171113	5.75	4.61	0.63
20171114	1.87	5.52	1.87
20171115	3.76	6.03	1.66
20171116	0.19	4.14	1.79
20171117	1.41	4.86	1.35
20171118	0.06	1.34	0.98
20171119	9.53	3.92	0.93
20171120	15.9	9.21	9.77
20171121	9.07	9.64	12.28
20171122	44.47	6.66	38.87
20171123	6.93	1.89	22.36
20171124	0.26	1.75	4.3
20171125	0.12	1.08	2.37
20171126	6.5	4.04	2.07
20171127	0.79	1.17	3.37
20171128	0.27	1.96	1.99
20171129	0.03	-0.14	1.43
20171130	0.8	-0.38	1.08
20171201	0.23	1.67	1.03
20171202	0.44	5.03	1.0
20171203	0.24	3.36	1.05
20171204	0.43	5.83	0.97
20171205	0.86	6.77	1.01
20171206	12.18	8.32	1.24
20171207	1.81	1.28	6.43
20171208	0.03	-2.24	2.21
20171209	0.05	-2.09	1.24
20171210	0.0	-4.99	0.97
20171211	0.09	-3.86	0.72
20171212	5.41	0.51	0.78
20171213	5.94	2.15	3.65
20171214	11.89	0.26	8.37
20171215	0.57	-0.36	3.11
20171216	1.18	-0.26	1.69
20171217	4.27	3.24	3.91
20171218	0.51	3.14	2.58
20171219	3.58	7.87	2.56
20171220	1.33	7.26	3.96
20171221	2.08	6.51	2.37
20171222	2.68	7.23	2.01
20171223	5.11	8.63	3.24
20171224	23.63	8.52	13.11
20171225	26.74	4.09	34.21
20171226	0.13	-0.4	9.95
20171227	0.07	-1.51	3.19
20171228	0.42	-0.98	1.9
20171229	6.36	1.49	1.86
20171230	2.39	4.24	4.17
20171231	7.3	4.5	4.61
20180101	1.31	3.73	4.49
20180102	14.83	4.07	5.75
20180103	5.32	5.08	8.36
20180104	12.68	2.68	10.91
20180105	1.34	1.46	4.99
20180106	0.69	-0.1	2.68
20180107	0.15	-0.89	1.9
20180108	0.12	-0.0	1.28
20180109	1.27	2.34	1.27
20180110	0.16	2.77	1.25
20180111	0.12	3.47	1.18
20180112	0.0	4.49	1.1
20180113	0.07	3.41	0.98
20180114	5.61	4.57	0.93
20180115	7.93	2.84	2.83
20180116	4.84	-0.16	4.03
20180117	10.31	0.46	2.59
20180118	1.38	0.82	3.4
20180119	2.34	0.81	2.48
20180120	0.11	-1.18	1.99
20180121	6.35	1.45	1.94
20180122	1.19	5.83	7.91
20180123	14.82	7.76	7.12
20180124	1.45	4.54	11.47
20180125	0.94	3.12	2.79
20180126	1.52	3.03	1.83
20180127	3.96	7.49	1.99
20180128	6.48	7.85	2.78
20180129	0.35	3.65	4.34
20180130	9.08	3.09	2.57
20180131	2.31	0.8	4.8
20180201	0.06	2.05	2.33
20180202	3.3	2.09	1.59
20180203	2.48	0.38	1.9
20180204	0.49	0.32	1.76
20180205	1.89	-1.04	1.36
20180206	1.43	-3.34	1.16
20180207	4.72	-1.13	0.93
20180208	9.84	2.82	6.64
20180209	3.45	0.84	5.51
20180210	18.7	3.01	12.61
20180211	0.42	0.35	7.76
20180212	2.73	1.36	2.72
20180213	2.34	0.17	2.3
20180214	2.22	2.44	2.03
20180215	0.48	2.0	2.27
20180216	1.85	4.24	1.82
20180217	1.17	3.62	1.87
20180218	7.16	4.73	2.16
20180219	1.41	5.92	4.25
20180220	0.03	3.2	2.43
20180221	0.09	2.73	1.52
20180222	0.04	0.29	1.15
20180223	0.04	1.07	1.0
20180224	0.0	1.68	0.88
20180225	0.0	0.79	0.8
20180226	1.73	-1.47	0.75
20180227	5.71	-3.25	0.74
20180228	9.26	-5.72	0.67
20180301	4.19	-3.22	0.64
20180302	0.02	-1.7	0.71
20180303	0.4	-0.92	0.78
20180304	1.17	0.76	0.85
20180305	10.85	2.5	2.77
20180306	1.05	2.3	8.6
20180307	0.27	2.48	4.65
20180308	0.13	2.75	3.0
20180309	4.86	4.31	2.54
20180310	6.5	5.15	8.35
20180311	0.02	6.43	5.12
20180312	0.45	3.94	2.76
20180313	0.19	3.82	1.87
20180314	0.02	6.49	1.58
20180315	3.92	3.43	1.46
20180316	1.58	0.35	2.12
20180317	2.67	-2.34	1.81
20180318	1.3	-0.71	1.13
20180319	0.02	1.17	1.1
20180320	0.0	2.45	1.16
20180321	0.34	4.26	1.21
20180322	3.87	5.97	1.51
20180323	0.84	4.44	1.93
20180324	0.11	4.09	1.56
20180325	0.3	3.47	0.95
20180326	7.32	5.35	0.81
20180327	2.14	4.97	2.13
20180328	2.87	2.23	2.08
20180329	0.96	4.39	1.57
20180330	1.53	4.37	1.05
20180331	0.25	1.82	1.1
20180401	1.17	2.57	0.92
20180402	10.61	1.57	1.32
20180403	9.38	5.74	5.97
20180404	6.35	1.69	9.64
20180405	0.02	5.4	2.94
20180406	0.08	7.24	1.63
20180407	4.83	6.81	1.4
20180408	0.0	7.69	1.52
20180409	1.2	9.35	1.14
20180410	1.03	5.23	0.9
20180411	0.06	4.58	0.88
20180412	5.64	4.57	0.85
20180413	0.9	7.19	1.69
20180414	0.05	8.65	1.52
20180415	3.7	10.68	1.07
20180416	1.05	9.8	1.21
20180417	1.58	10.76	1.14
20180418	0.04	13.37	0.93
20180419	0.0	12.88	0.74
20180420	0.02	8.79	0.62
20180421	1.44	14.09	0.57
20180422	4.99	9.02	0.56
20180423	4.14	8.22	0.79
20180424	2.98	7.57	1.28
20180425	2.71	7.63	1.18
20180426	0.91	5.42	1.07
20180427	0.3	5.65	0.8
20180428	0.05	4.97	0.65
20180429	0.13	4.56	0.57
20180430	0.02	4.35	0.54
20180501	3.06	8.57	0.52
20180502	0.13	6.57	0.51
20180503	3.23	9.35	0.53
20180504	0.0	10.98	0.53
20180505	0.05	11.43	0.62
20180506	0.0	13.87	0.54
20180507	0.0	14.73	0.49
20180508	1.68	9.63	0.45
20180509	6.34	8.15	0.47
20180510	0.02	7.47	0.49
20180511	3.14	8.7	0.53
20180512	8.59	11.62	0.51
20180513	0.02	8.28	0.84
20180514	0.0	10.75	0.67
20180515	1.89	12.07	0.47
20180516	0.0	6.91	0.42
20180517	0.0	8.47	0.39
20180518	0.0	10.2	0.38
20180519	0.0	13.08	0.36
20180520	0.0	12.26	0.35
20180521	0.0	13.92	0.33
20180522	0.0	10.72	0.32
20180523	0.0	10.18	0.32
20180524	0.0	12.11	0.31
20180525	2.42	14.44	0.31
20180526	0.0	14.52	0.31
20180527	0.0	16.01	0.3
20180528	0.0	16.81	0.29
20180529	0.0	13.33	0.31
20180530	0.23	15.41	0.32
20180531	0.0	16.81	0.33
20180601	8.83	17.76	1.03
20180602	15.89	14.61	1.02
20180603	1.36	14.85	1.44
20180604	0.02	12.58	1.0
20180605	0.0	11.7	0.61
20180606	0.0	12.09	0.48
20180607	0.0	14.19	0.42
20180608	0.07	13.69	0.38
20180609	2.98	14.44	0.37
20180610	0.25	16.21	0.44
20180611	0.02	14.36	0.42
20180612	0.0	11.63	0.37
20180613	3.83	13.75	0.36
20180614	1.04	11.72	0.35
20180615	1.73	10.21	0.52
20180616	4.96	10.24	0.45
20180617	3.09	12.71	0.53
20180618	0.2	10.83	0.52
20180619	11.21	12.82	0.53
20180620	0.07	10.54	1.05
20180621	0.01	10.37	0.82
20180622	0.0	12.02	0.53
20180623	0.0	10.84	0.44
20180624	0.0	14.48	0.4
20180625	0.0	17.17	0.37
20180626	0.0	18.24	0.36
20180627	0.0	18.55	0.34
20180628	0.0	19.4	0.33
20180629	0.0	16.89	0.32
20180630	0.0	16.29	0.32
20180701	0.0	17.49	0.32
20180702	0.0	15.39	0.31
20180703	0.0	15.78	0.29
20180704	0.0	16.8	0.29
20180705	0.0	16.17	0.28
20180706	0.0	15.51	0.27
20180707	0.0	17.88	0.27
20180708	0.0	18.04	0.27
20180709	0.53	15.8	0.27
20180710	0.0	13.6	0.27
20180711	0.0	16.28	0.26
20180712	0.17	17.28	0.26
20180713	0.54	15.57	0.27
20180714	0.0	16.48	0.26
20180715	0.74	18.99	0.26
20180716	3.59	14.93	0.27
20180717	0.06	12.71	0.27
20180718	0.02	14.99	0.27
20180719	0.11	14.75	0.27
20180720	2.73	14.05	0.28
20180721	0.5	16.15	0.28
20180722	0.0	18.83	0.27
20180723	2.34	18.06	0.28
20180724	0.04	14.11	0.28
20180725	0.0	15.94	0.27
20180726	1.71	19.33	0.27
20180727	22.59	20.96	0.74
20180728	4.85	12.81	0.7
20180729	4.91	14.86	0.4
20180730	10.29	14.23	0.67
20180731	0.03	15.8	0.88
20180801	4.95	15.82	0.55
20180802	0.24	18.31	0.44
20180803	4.08	15.38	0.56
20180804	0.0	14.59	0.47
20180805	0.0	16.77	0.38
20180806	1.57	15.77	0.36
20180807	0.21	13.23	0.35
20180808	0.87	12.07	0.33
20180809	7.07	12.73	0.32
20180810	2.29	10.35	0.37
20180811	16.65	15.51	0.58
20180812	8.31	17.57	6.84
20180813	7.61	16.5	6.44
20180814	11.81	15.83	2.74
20180815	10.51	14.85	6.4
20180816	3.28	13.07	4.26
20180817	2.35	13.48	2.23
20180818	14.82	16.18	2.36
20180819	2.12	15.11	8.19
20180820	2.11	16.09	2.63
20180821	3.18	17.07	1.52
20180822	3.7	12.25	2.11
20180823	5.64	10.78	2.78
20180824	6.07	8.83	3.2
20180825	0.04	11.9	1.88
20180826	4.95	10.99	1.24
20180827	0.13	12.18	1.37
20180828	0.22	13.34	1.03
20180829	0.02	10.43	0.74
20180830	0.0	10.97	0.59
20180831	0.0	13.56	0.5
20180901	0.75	16.03	0.45
20180902	9.25	16.04	0.43
20180903	5.01	11.06	1.01
20180904	0.03	9.74	1.37
20180905	0.75	11.0	0.77
20180906	4.34	8.46	0.56
20180907	0.22	11.13	0.54
20180908	5.17	13.55	0.53
20180909	4.32	12.36	1.04
20180910	34.17	11.28	7.83
20180911	0.28	11.34	12.83
20180912	4.68	10.74	2.41
20180913	9.08	11.47	2.14
20180914	4.67	9.54	5.03
20180915	10.13	11.5	2.67
20180916	0.03	12.17	4.74
20180917	2.74	14.61	2.19
20180918	0.49	13.47	1.61
20180919	4.1	11.91	1.42
20180920	29.01	8.32	5.16
20180921	1.19	8.74	12.55
20180922	0.16	6.74	2.53
20180923	0.07	7.06	1.45
20180924	0.69	7.87	1.02
20180925	3.21	11.1	0.79
20180926	0.62	15.34	0.86
20180927	0.22	8.34	0.93
20180928	0.0	8.08	0.72
20180929	0.0	9.13	0.58
20180930	0.71	5.56	0.52
20181001	2.99	8.11	0.51
20181002	0.57	9.65	0.49
20181003	0.27	11.58	0.5
20181004	11.76	10.12	0.62
20181005	0.38	6.67	1.83
20181006	0.05	5.68	1.35
20181007	2.12	9.25	0.79
20181008	0.36	12.99	0.77
20181009	0.0	11.48	0.75
20181010	0.05	16.24	0.58
20181011	6.1	12.02	0.53
20181012	35.77	13.46	5.54
20181013	34.12	11.96	44.13
20181014	0.13	6.36	9.95
20181015	0.06	7.47	2.94
20181016	3.88	11.71	1.95
20181017	0.15	6.24	2.07
20181018	0.08	6.33	1.44
20181019	1.85	9.45	1.17
20181020	4.11	12.04	1.14
20181021	2.91	7.95	2.9
20181022	0.0	8.26	2.11
20181023	0.18	10.31	1.32
20181024	0.66	9.76	1.06
20181025	1.17	6.95	0.89
20181026	0.21	3.75	0.9
20181027	1.59	2.65	0.74
20181028	0.61	1.66	0.67
20181029	0.78	1.85	0.67
20181030	1.53	3.26	0.64
20181031	6.24	5.59	0.68
20181101	0.35	3.86	1.17
20181102	0.85	6.02	1.0
20181103	3.27	10.03	0.87
20181104	0.94	9.52	1.4
20181105	0.01	8.91	1.07
20181106	0.28	11.27	0.8
20181107	4.46	8.19	0.76
20181108	0.62	7.88	1.16
20181109	5.72	8.2	0.98
20181110	4.52	7.36	1.54
20181111	8.29	6.44	2.12
20181112	10.58	8.05	4.38
20181113	3.17	8.81	4.05
20181114	0.43	8.42	2.76
20181115	0.0	9.63	1.88
20181116	0.03	8.67	1.32
20181117	0.03	6.3	0.97
20181118	0.12	6.48	0.79
20181119	3.22	5.2	0.7
20181120	18.1	3.75	1.52
20181121	0.36	1.25	7.72
20181122	1.63	2.78	2.59
20181123	0.2	4.14	1.94
20181124	1.1	3.59	1.48
20181125	1.31	2.41	1.21
20181126	0.38	2.68	1.31
20181127	7.28	5.44	1.51
20181128	10.86	9.54	3.81
20181129	5.03	9.13	5.06
20181130	4.03	4.31	3.66
20181201	5.29	5.65	3.17
20181202	7.63	5.93	5.79
20181203	0.01	1.47	4.59
20181204	1.52	0.9	2.08
20181205	6.96	5.15	2.87
20181206	17.73	7.89	5.75
20181207	1.26	5.95	13.07
20181208	8.71	4.08	5.18
20181209	0.09	2.65	4.94
20181210	0.13	2.72	2.28
20181211	0.01	4.94	1.7
20181212	0.0	3.49	1.42
20181213	0.0	1.03	1.19
20181214	0.02	0.48	1.0
20181215	6.4	2.56	0.92
20181216	4.83	4.55	1.51
20181217	0.19	6.48	2.69
20181218	4.64	6.28	2.2
20181219	1.07	4.88	2.02
20181220	6.07	5.28	2.04
20181221	4.93	5.04	3.17
20181222	0.16	5.26	3.38
20181223	0.11	2.21	1.97
20181224	0.09	1.88	1.43
20181225	0.75	6.1	1.15
20181226	0.0	7.87	1.16
20181227	0.14	7.19	1.03
20181228	2.37	7.53	0.91
20181229	2.49	6.68	1.18
20181230	0.31	8.27	1.59
20181231	0.76	5.08	1.35
20190101	0.0	1.97	1.06
20190102	0.01	-0.32	0.9
20190103	0.0	0.98	0.81
20190104	0.0	2.8	0.75
20190105	0.0	3.77	0.7
20190106	4.43	7.54	0.71
20190107	0.58	5.58	1.12
20190108	0.02	1.52	1.15
20190109	0.21	0.47	0.83
20190110	0.14	3.61	0.74
20190111	1.41	5.7	0.71
20190112	2.87	7.28	0.86
20190113	0.17	5.5	1.82
20190114	0.44	4.72	1.26
20190115	2.53	6.37	0.91
20190116	1.59	0.97	1.24
20190117	0.03	-0.77	1.24
20190118	0.33	0.11	0.88
20190119	0.27	1.22	0.77
20190120	0.0	-0.01	0.72
20190121	5.25	0.34	0.71
20190122	0.03	-1.71	0.9
20190123	0.68	-2.33	0.83
20190124	3.74	3.94	0.81
20190125	1.76	7.61	3.09
20190126	10.56	3.9	6.06
20190127	0.02	-0.07	3.68
20190128	7.03	-0.04	1.68
20190129	4.0	-1.88	2.17
20190130	0.07	-3.26	1.49
20190131	0.37	-2.63	1.03
20190201	0.15	-2.3	0.95
20190202	0.03	-3.09	0.76
20190203	11.84	2.28	1.79
20190204	0.06	2.27	8.15
20190205	9.84	4.05	4.76
20190206	2.49	4.39	5.11
20190207	10.84	4.42	2.98
20190208	11.53	6.1	10.57
20190209	4.1	3.93	6.56
20190210	0.83	2.36	3.86
20190211	0.5	3.17	2.26
20190212	0.98	7.49	1.77
20190213	0.02	7.45	1.64
20190214	0.02	4.71	1.41
20190215	0.02	7.77	1.08
20190216	0.0	8.29	0.91
20190217	2.59	8.29	0.82
20190218	2.3	6.32	0.84
20190219	8.33	6.44	1.35
20190220	7.63	8.68	3.94
20190221	0.1	7.56	4.81
20190222	0.0	11.21	2.11
20190223	0.09	9.5	1.41
20190224	0.03	8.68	1.06
20190225	0.02	9.68	0.85
20190226	0.02	9.28	0.75
20190227	0.0	6.64	0.7
20190228	0.05	4.82	0.68
20190301	1.94	5.8	0.67
20190302	8.48	7.27	1.2
20190303	23.58	3.9	5.7
20190304	3.55	4.07	7.76
20190305	19.68	4.92	9.04
20190306	9.35	7.2	16.68
20190307	1.22	1.88	6.07
20190308	11.57	3.26	5.64
20190309	4.08	2.39	6.21
20190310	7.88	1.72	4.8
20190311	22.98	4.59	6.37
20190312	8.95	4.26	22.92
20190313	10.26	6.8	7.06
20190314	5.61	6.73	10.55
20190315	19.41	3.9	5.07
20190316	13.49	5.03	28.04
20190317	1.35	3.16	5.19
20190318	0.74	5.44	2.85
20190319	0.65	7.92	2.15
20190320	1.28	9.37	1.9
20190321	0.03	9.62	1.86
20190322	3.15	5.55	1.62
20190323	0.0	5.14	1.66
20190324	0.92	3.87	1.35
20190325	0.0	6.3	1.14
20190326	0.0	7.53	0.94
20190327	0.0	7.38	0.82
20190328	0.03	6.43	0.73
20190329	0.0	6.15	0.68
20190330	0.62	4.86	0.63
20190331	0.0	3.22	0.6
20190401	15.53	4.5	0.87
20190402	9.56	3.35	2.42
20190403	7.15	2.14	3.64
20190404	0.21	4.9	4.74
20190405	0.0	6.27	2.52
20190406	0.14	7.09	1.43
20190407	0.1	7.45	1.11
20190408	0.0	6.68	0.89
20190409	0.07	3.89	0.74
20190410	0.05	3.54	0.64
20190411	0.04	4.49	0.58
20190412	0.06	3.76	0.56
20190413	0.0	3.67	0.55
20190414	0.02	3.81	0.54
20190415	0.0	7.94	0.52
20190416	0.02	7.71	0.49
20190417	0.0	9.74	0.48
20190418	0.0	9.98	0.47
20190419	0.0	14.67	0.48
20190420	0.0	14.16	0.48
20190421	0.0	13.14	0.47
20190422	0.0	13.57	0.44
20190423	0.0	10.31	0.42
20190424	0.4	9.42	0.42
20190425	4.47	8.68	0.45
20190426	0.95	8.53	0.45
20190427	8.86	5.93	0.53
20190428	0.02	8.01	0.55
20190429	0.03	9.56	0.52
20190430	0.83	11.19	0.45
20190501	0.49	8.37	0.45
20190502	4.56	7.91	0.5
20190503	0.02	4.27	0.51
20190504	0.05	5.21	0.46
20190505	0.31	5.51	0.44
20190506	0.58	5.14	0.44
20190507	3.78	6.46	0.45
20190508	5.66	5.39	0.48
20190509	0.03	3.72	0.56
20190510	0.69	6.36	0.57
20190511	0.06	6.83	0.5
20190512	0.0	8.27	0.46
20190513	0.0	10.57	0.43
20190514	0.0	13.54	0.4
20190515	0.0	13.2	0.38
20190516	0.01	11.41	0.37
20190517	0.4	12.62	0.36
20190518	0.21	9.98	0.38
20190519	0.0	11.39	0.37
20190520	0.02	10.42	0.35
20190521	0.01	9.3	0.35
20190522	0.03	9.48	0.34
20190523	0.0	10.71	0.34
20190524	0.0	10.8	0.33
20190525	17.96	11.85	0.37
20190526	1.62	10.95	0.94
20190527	9.64	9.09	1.34
20190528	1.98	7.05	2.23
20190529	7.98	10.89	1.11
20190530	22.85	13.22	8.83
20190531	6.53	11.91	10.46
20190601	2.91	13.45	3.87
20190602	0.34	13.18	2.18
20190603	0.04	10.75	1.34
20190604	12.75	11.54	1.25
20190605	0.18	10.84	2.3
20190606	0.04	9.88	1.29
20190607	14.23	12.88	1.02
20190608	10.22	9.73	4.51
20190609	0.06	8.33	3.03
20190610	0.04	11.42	1.51
20190611	1.23	9.73	0.96
20190612	12.49	9.28	1.09
20190613	5.02	8.09	4.31
20190614	0.21	11.34	2.38
20190615	0.32	10.06	1.26
20190616	5.66	13.09	1.12
20190617	0.01	13.31	1.18
20190618	0.39	12.92	0.8
20190619	0.4	13.24	0.58
20190620	1.18	10.77	0.47
20190621	0.0	9.91	0.42
20190622	0.0	15.05	0.38
20190623	12.36	15.26	0.38
20190624	0.05	15.25	0.59
20190625	0.03	11.61	0.74
20190626	0.0	12.79	0.52
20190627	0.0	16.12	0.42
20190628	0.0	17.41	0.38
20190629	1.09	18.73	0.35
20190630	1.7	14.15	0.34
20190701	0.06	12.17	0.33
20190702	0.0	10.63	0.32
20190703	0.0	13.34	0.32
20190704	0.02	14.02	0.3
20190705	0.37	13.99	0.3
20190706	0.0	13.57	0.29
20190707	0.0	11.92	0.29
20190708	1.27	14.73	0.29
20190709	3.06	14.74	0.31
20190710	4.36	16.85	0.29
20190711	0.48	15.06	0.29
20190712	0.33	16.54	0.28
20190713	1.25	15.9	0.27
20190714	0.0	14.11	0.28
20190715	0.0	15.89	0.28
20190716	0.0	16.28	0.27
20190717	3.53	14.47	0.28
20190718	0.7	14.26	0.29
20190719	19.86	16.28	0.35
20190720	0.7	14.09	2.76
20190721	24.07	16.3	1.97
20190722	0.0	18.52	4.3
20190723	8.52	20.81	1.26
20190724	0.05	18.92	1.37
20190725	4.1	23.01	0.98
20190726	5.48	18.6	0.7
20190727	17.82	16.13	3.06
20190728	0.62	17.83	2.27
20190729	0.45	14.38	1.05
20190730	12.58	17.36	0.76
20190731	2.92	16.58	2.36
20190801	0.05	16.2	1.61
20190802	0.42	15.6	0.83
20190803	1.87	18.58	0.64
20190804	5.85	18.1	0.65
20190805	5.85	15.14	0.75
20190806	14.19	14.33	3.32
20190807	0.27	14.08	3.03
20190808	16.73	16.74	1.28
20190809	43.91	17.28	15.52
20190810	24.25	14.58	51.57
20190811	27.87	10.77	33.06
20190812	2.18	11.28	14.54
20190813	5.7	11.68	4.39
20190814	4.41	13.65	3.24
20190815	1.36	13.37	3.07
20190816	14.83	14.16	3.72
20190817	0.8	13.28	5.34
20190818	12.1	12.93	4.58
20190819	4.77	12.71	3.8
20190820	0.77	12.13	2.5
20190821	15.37	14.54	3.11
20190822	2.51	14.3	6.67
20190823	0.0	16.1	2.94
20190824	0.0	18.23	1.65
20190825	0.0	20.53	1.12
20190826	0.03	15.96	0.91
20190827	0.81	18.04	0.78
20190828	0.54	12.7	0.69
20190829	0.32	14.92	0.59
20190830	9.46	14.78	1.02
20190831	1.44	11.69	2.13
20190901	5.11	11.27	1.19
20190902	9.1	12.58	1.85
20190903	11.91	12.32	4.89
20190904	7.85	8.42	8.05
20190905	6.53	12.77	3.35
20190906	0.2	10.1	2.98
20190907	0.0	9.07	1.67
20190908	0.42	12.02	1.11
20190909	1.17	10.98	0.9
20190910	12.05	12.61	0.81
20190911	0.19	13.62	2.95
20190912	10.13	10.57	4.29
20190913	0.03	10.55	2.79
20190914	2.49	13.21	1.39
20190915	0.05	8.4	1.12
20190916	0.02	10.29	0.88
20190917	0.0	9.96	0.68
20190918	0.0	11.58	0.57
20190919	0.09	12.14	0.5
20190920	0.02	15.08	0.47
20190921	0.1	15.56	0.44
20190922	10.99	14.42	0.58
20190923	3.74	14.63	0.66
20190924	21.43	14.26	7.12
20190925	13.55	14.21	5.97
20190926	10.79	11.47	9.1
20190927	27.11	11.05	13.12
20190928	7.53	11.41	13.28
20190929	4.79	9.51	8.05
20190930	40.31	10.12	12.92
20191001	1.92	5.18	28.53
20191002	0.03	6.26	4.27
20191003	17.13	8.11	5.09
20191004	0.32	9.66	8.48
20191005	19.06	10.07	5.6
20191006	3.35	10.02	16.65
20191007	0.88	10.81	3.94
20191008	7.62	10.22	3.27
20191009	1.45	9.38	3.56
20191010	3.5	10.76	2.3
20191011	1.56	9.61	2.12
20191012	1.49	8.72	1.82
20191013	12.94	7.19	3.7
20191014	1.03	9.63	3.14
20191015	0.8	9.36	1.95
20191016	1.95	8.15	1.66
20191017	1.65	9.51	1.47
20191018	0.46	6.86	1.36
20191019	4.03	6.17	1.56
20191020	0.16	6.32	1.45
20191021	0.0	7.44	1.16
20191022	0.0	8.8	0.93
20191023	0.7	10.02	0.82
20191024	0.51	6.11	0.74
20191025	7.69	4.32	0.94
20191026	0.02	5.05	1.45
20191027	0.04	3.93	1.08
20191028	0.23	3.34	0.8
20191029	0.23	4.71	0.71
20191030	0.07	4.51	0.7
20191031	5.07	6.38	0.68
20191101	12.11	8.96	1.46
20191102	1.67	6.86	4.27
20191103	4.45	7.95	3.31
20191104	7.38	7.59	3.92
20191105	0.5	4.0	3.34
20191106	1.97	3.43	1.84
20191107	3.78	4.02	2.16
20191108	0.18	1.63	2.24
20191109	0.06	1.3	1.43
20191110	5.97	3.52	1.09
20191111	6.1	3.33	2.11
20191112	0.7	1.96	3.03
20191113	0.32	2.17	1.8
20191114	1.45	3.23	1.28
20191115	1.96	5.18	1.37
20191116	3.69	5.39	1.52
20191117	0.09	1.4	1.85
20191118	0.18	-0.52	1.31
20191119	0.02	0.63	0.93
20191120	0.03	3.37	0.84
20191121	0.31	3.68	0.81
20191122	2.61	6.11	0.77
20191123	6.24	7.33	1.09
20191124	0.21	6.92	2.92
20191125	6.63	7.92	2.01
20191126	2.04	5.73	3.77
20191127	10.67	5.75	3.53
20191128	0.47	1.98	4.07
20191129	0.08	-0.19	1.92
20191130	0.15	-0.97	1.23
20191201	0.12	-1.76	0.94
20191202	2.48	2.54	0.91
20191203	0.0	4.36	1.24
20191204	2.15	5.59	1.26
20191205	15.26	8.23	6.94
20191206	1.26	7.54	8.52
20191207	13.43	7.64	6.14
20191208	7.27	3.82	12.43
20191209	2.03	2.39	4.23
20191210	17.13	6.73	16.27
20191211	2.08	2.47	5.78
20191212	4.66	2.05	3.21
20191213	6.04	3.09	3.82
20191214	0.74	1.57	3.6
20191215	7.27	2.3	2.08
20191216	0.29	2.73	3.02
20191217	0.18	2.15	2.0
20191218	5.62	4.58	1.82
20191219	5.06	7.89	3.53
20191220	1.04	4.6	3.3
20191221	0.52	3.69	2.01
20191222	2.98	4.39	1.7
20191223	1.59	4.75	1.78
20191224	1.15	3.67	1.72
20191225	0.0	4.11	1.57
20191226	0.39	4.69	1.28
20191227	0.73	7.34	1.1
20191228	0.0	7.42	0.99
20191229	0.03	7.26	0.88
20191230	0.82	3.25	0.8
20191231	0.16	1.94	0.8
20200101	0.02	4.4	0.78
20200102	7.57	5.28	1.32
20200103	0.2	3.75	2.47
20200104	1.9	6.19	1.43
20200105	1.28	7.21	1.78
20200106	7.37	5.91	3.36
20200107	10.79	7.9	7.1
20200108	11.68	3.02	3.6
20200109	0.48	0.7	5.21
20200110	5.41	5.25	3.24
20200111	20.69	7.12	22.19
20200112	0.45	3.87	5.94
20200113	4.45	4.86	3.19
20200114	6.7	3.45	3.65
20200115	0.02	5.06	3.35
20200116	10.52	5.94	2.86
20200117	0.35	1.98	4.23
20200118	0.13	0.81	2.11
20200119	0.15	2.09	1.52
20200120	0.02	5.19	1.27
20200121	0.44	6.52	1.13
20200122	0.48	6.74	1.08
20200123	0.17	5.75	1.09
20200124	1.13	5.45	1.1
20200125	0.18	5.37	1.26
20200126	4.12	3.18	1.2
20200127	2.81	2.47	1.49
20200128	2.85	1.7	1.88
20200129	5.67	4.8	2.89
20200130	3.87	7.63	3.14
20200131	9.28	7.9	8.27
20200201	1.72	4.54	2.96
20200202	5.99	5.45	2.93
20200203	4.05	3.02	3.72
20200204	0.02	4.37	2.62
20200205	0.03	3.8	1.71
20200206	0.02	2.27	1.28
20200207	0.41	4.29	1.0
20200208	40.66	6.59	5.07
20200209	6.56	5.45	39.91
20200210	7.23	2.21	4.71
20200211	6.0	0.83	4.69
20200212	5.03	0.85	3.57
20200213	1.71	1.15	4.05
20200214	2.47	5.39	6.27
20200215	26.24	5.74	22.77
20200216	0.3	4.89	15.61
20200217	2.37	4.24	2.89
20200218	3.54	2.89	2.33
20200219	36.58	4.95	10.2
20200220	8.63	3.87	34.85
20200221	15.96	6.6	15.83
20200222	16.35	3.32	13.25
20200223	11.34	2.34	12.38
20200224	4.09	2.93	15.36
20200225	0.57	1.86	5.55
20200226	1.83	2.0	3.04
20200227	0.22	2.07	2.21
20200228	11.04	5.03	2.97
20200229	8.61	2.88	5.92
20200301	1.19	2.75	5.29
20200302	1.55	2.51	2.59
20200303	1.25	2.96	2.14
20200304	0.08	2.04	1.8
20200305	0.01	3.25	1.49
20200306	1.13	4.05	1.25
20200307	10.17	6.93	1.96
20200308	1.21	5.35	4.45
20200309	14.05	6.12	6.59
20200310	2.7	5.64	5.94
20200311	13.89	3.9	7.38
20200312	8.75	2.65	7.63
20200313	0.49	3.81	4.43
20200314	6.8	6.55	2.87
20200315	2.39	4.54	4.77
20200316	3.26	6.14	2.56
20200317	14.79	6.96	9.45
20200318	0.05	2.09	5.68
20200319	0.21	3.24	2.19
20200320	0.6	4.02	1.62
20200321	0.0	3.03	1.31
20200322	0.02	3.99	1.06
20200323	0.0	8.17	0.9
20200324	0.0	8.93	0.8
20200325	0.0	7.86	0.73
20200326	0.0	7.12	0.68
20200327	0.1	6.22	0.63
20200328	0.19	3.94	0.62
20200329	0.01	3.27	0.59
20200330	0.0	5.28	0.58
20200331	0.0	5.89	0.57
20200401	0.57	7.04	0.55
20200402	0.08	5.32	0.54
20200403	2.5	5.98	0.54
20200404	0.14	8.33	0.55
20200405	0.46	12.75	0.53
20200406	0.04	6.23	0.51
20200407	0.05	8.05	0.49
20200408	0.0	10.08	0.47
20200409	0.0	8.5	0.46
20200410	0.03	14.01	0.45
20200411	0.02	10.84	0.44
20200412	0.04	6.28	0.43
20200413	0.02	2.23	0.42
20200414	0.0	6.15	0.41
20200415	0.0	8.69	0.41
20200416	0.0	8.07	0.4
20200417	0.0	6.74	0.39
20200418	0.0	6.23	0.39
20200419	0.0	8.05	0.38
20200420	0.0	7.38	0.38
20200421	0.02	8.79	0.38
20200422	0.0	9.86	0.37
20200423	0.0	8.88	0.37
20200424	0.0	10.84	0.37
20200425	0.0	11.59	0.37
20200426	0.04	5.76	0.36
20200427	0.0	7.39	0.36
20200428	0.05	6.82	0.36
20200429	1.85	5.88	0.37
20200430	0.72	7.27	0.37
20200501	3.28	8.75	0.36
20200502	0.19	8.54	0.38
20200503	0.57	8.82	0.37
20200504	0.06	6.68	0.36
20200505	0.05	5.94	0.35
20200506	0.0	9.79	0.35
20200507	0.02	13.2	0.34
20200508	0.0	11.84	0.33
20200509	0.67	12.66	0.32
20200510	0.08	3.39	0.32
20200511	0.0	5.65	0.32
20200512	0.88	6.73	0.32
20200513	0.0	3.74	0.33
20200514	0.0	8.03	0.33
20200515	0.0	8.49	0.32
20200516	0.01	10.21	0.32
20200517	5.34	10.4	0.31
20200518	9.6	11.21	0.34
20200519	0.05	12.28	0.4
20200520	0.0	15.22	0.55
20200521	2.02	14.11	0.39
20200522	0.7	10.86	0.36
20200523	2.55	9.52	0.34
20200524	0.19	10.16	0.33
20200525	0.06	14.01	0.33
20200526	0.0	10.79	0.33
20200527	0.0	12.41	0.31
20200528	0.0	15.98	0.3
20200529	0.0	16.76	0.28
20200530	0.0	13.77	0.27
20200531	0.0	14.62	0.27
20200601	0.0	13.95	0.26
20200602	10.39	15.13	0.28
20200603	0.32	8.89	0.32
20200604	6.3	7.96	0.32
20200605	9.96	8.55	0.41
20200606	0.92	11.56	0.58
20200607	0.0	9.71	0.42
20200608	0.0	8.75	0.35
20200609	4.93	11.03	0.33
20200610	2.86	10.15	0.35
20200611	1.25	11.5	0.33
20200612	1.43	11.73	0.39
20200613	0.27	14.25	0.36
20200614	0.0	16.49	0.32
20200615	1.82	17.18	0.31
20200616	0.49	16.21	0.29
20200617	4.77	15.25	0.88
20200618	0.67	14.29	0.36
20200619	17.58	13.91	0.93
20200620	3.39	15.06	0.98
20200621	3.97	11.75	0.74
20200622	0.68	14.55	0.77
20200623	0.01	15.65	0.47
20200624	0.0	19.88	0.38
20200625	0.0	20.19	0.33
20200626	6.88	17.62	0.31
20200627	15.11	14.09	0.36
20200628	18.34	10.85	2.22
20200629	5.02	11.98	12.01
20200630	1.16	12.5	2.41
20200701	4.68	11.44	1.28
20200702	8.17	12.47	1.64
20200703	23.14	12.44	10.12
20200704	5.61	12.91	9.15
20200705	9.43	11.22	5.77
20200706	0.55	12.37	3.08
20200707	1.53	10.34	1.42
20200708	1.66	12.27	0.91
20200709	6.88	12.15	0.68
20200710	3.18	11.45	1.69
20200711	0.03	10.84	1.17
20200712	2.92	14.56	0.69
20200713	2.29	12.09	0.6
20200714	3.83	13.04	0.69
20200715	0.99	12.95	0.87
20200716	0.45	15.83	1.73
20200717	19.97	14.24	1.96
20200718	0.15	11.47	11.64
20200719	0.0	11.86	3.28
20200720	0.39	10.72	1.97
20200721	0.25	13.58	1.53
20200722	27.88	13.33	1.44
20200723	7.55	13.41	18.4
20200724	7.35	15.71	4.5
20200725	2.54	13.72	4.45
20200726	10.27	13.48	3.5
20200727	7.85	12.85	10.67
20200728	0.17	11.88	2.81
20200729	2.87	11.65	1.26
20200730	1.29	17.5	0.96
20200731	0.65	21.69	0.79
20200801	4.96	13.96	0.59
20200802	2.03	11.64	0.76
20200803	2.28	11.53	0.78
20200804	10.84	13.83	1.16
20200805	4.3	15.34	4.32
20200806	0.09	17.61	2.41
20200807	0.0	16.08	1.1
20200808	0.0	15.38	0.7
20200809	0.0	15.78	0.48
20200810	13.69	17.71	0.49
20200811	0.24	18.95	1.02
20200812	1.46	19.9	0.81
20200813	0.02	16.42	0.57
20200814	0.16	15.07	0.42
20200815	0.16	15.26	0.37
20200816	9.37	13.64	0.35
20200817	1.49	15.83	0.58
20200818	5.87	15.33	0.86
20200819	3.7	17.4	1.14
20200820	3.7	16.39	0.88
20200821	7.14	14.51	1.31
20200822	8.52	13.27	2.39
20200823	22.82	10.96	11.16
20200824	10.11	12.91	4.94
20200825	18.92	13.76	19.1
20200826	3.6	12.2	6.3
20200827	24.03	12.17	13.49
20200828	0.88	9.88	9.71
20200829	0.0	8.18	2.71
20200830	0.0	9.36	1.55
20200831	0.0	10.98	1.13
20200901	0.0	13.49	0.86
20200902	23.65	13.78	2.99
20200903	0.74	12.92	5.5
20200904	5.44	11.71	2.41
20200905	3.64	11.66	1.96
20200906	5.87	12.71	1.61
20200907	2.78	13.9	2.56
20200908	3.58	13.52	2.5
20200909	0.04	9.79	2.35
20200910	0.1	11.08	1.29
20200911	7.58	11.57	1.33
20200912	3.38	13.03	1.87
20200913	0.03	14.13	1.49
20200914	0.0	17.09	1.06
20200915	0.0	17.81	0.8
20200916	0.0	9.95	0.61
20200917	0.05	11.73	0.52
20200918	0.03	11.64	0.46
20200919	0.38	12.71	0.42
20200920	0.05	10.1	0.41
20200921	0.07	13.32	0.41
20200922	8.65	11.64	0.4
20200923	1.13	5.87	0.56
20200924	4.76	6.26	0.81
20200925	1.03	5.9	1.19
20200926	0.0	7.22	0.75
20200927	0.03	7.34	0.56
20200928	1.68	8.22	0.51
20200929	0.26	9.41	0.47
20200930	11.38	8.68	0.63
20201001	0.1	6.21	1.96
20201002	3.09	9.31	1.04
20201003	43.53	10.27	19.87
20201004	2.7	11.29	12.15
20201005	2.83	10.5	3.03
20201006	0.32	10.41	2.16
20201007	8.86	8.38	1.51
20201008	5.3	7.72	2.69
20201009	3.43	6.14	2.52
20201010	2.25	7.71	2.2
20201011	3.87	8.42	1.68
20201012	5.08	5.96	2.85
20201013	2.58	8.19	2.53
20201014	1.55	8.0	1.95
20201015	0.13	6.81	1.51
20201016	0.36	8.06	1.16
20201017	0.65	6.94	0.92
20201018	2.15	7.75	0.81
20201019	4.66	9.78	0.83
20201020	1.1	12.64	1.53
20201021	6.63	10.37	1.75
20201022	4.14	8.04	3.45
20201023	2.66	7.11	2.6
20201024	10.66	7.07	3.03
20201025	7.68	7.85	3.95
20201026	1.87	7.03	4.29
20201027	9.14	7.0	3.89
20201028	2.92	7.07	4.2
20201029	10.02	10.26	4.89
20201030	1.86	7.69	3.59
20201031	6.1	10.0	2.34
20201101	20.65	9.79	11.48
20201102	19.54	5.63	25.23
20201103	0.43	4.01	7.75
20201104	0.05	6.69	2.92
20201105	0.05	6.6	1.93
20201106	0.1	6.15	1.52
20201107	0.08	5.58	1.27
20201108	1.23	8.89	1.06
20201109	0.11	10.28	0.99
20201110	0.88	9.82	0.89
20201111	5.13	8.85	0.86
20201112	6.1	7.7	1.46
20201113	2.7	6.9	2.74
20201114	3.14	9.36	2.42
20201115	8.94	7.36	3.81
20201116	4.84	9.31	3.6
20201117	0.91	11.75	4.49
20201118	10.29	6.85	3.97
20201119	0.02	2.62	4.38
20201120	12.01	7.75	3.15
20201121	1.95	5.75	11.66
20201122	0.23	4.85	3.1
20201123	8.85	7.43	2.46
20201124	6.76	7.08	5.75
20201125	0.1	5.45	3.92
20201126	0.0	5.03	2.25
20201127	0.0	1.79	1.7
20201128	0.04	2.73	1.32
20201129	2.91	6.72	1.17
20201130	2.02	3.66	1.66
20201201	1.66	3.12	1.82
20201202	4.61	3.82	1.65
20201203	3.52	1.18	2.84
20201204	15.79	2.37	9.57
20201205	2.83	2.11	6.95
20201206	0.22	2.19	3.13
20201207	1.98	2.27	2.08
20201208	2.29	4.45	2.31
20201209	0.4	3.4	2.17
20201210	5.28	4.53	1.78
20201211	2.22	5.36	2.74
20201212	1.65	4.22	2.55
20201213	16.59	6.16	6.11
20201214	2.69	6.22	8.57
20201215	1.25	5.96	3.14
20201216	5.2	6.41	2.44
20201217	5.42	8.09	3.29
20201218	4.6	9.63	4.38
20201219	9.28	6.32	5.53
20201220	1.55	4.65	5.03
20201221	1.96	2.69	3.08
20201222	3.01	3.26	2.29
20201223	6.55	0.88	3.78
20201224	0.04	-1.31	2.89
20201225	1.99	1.32	2.0
20201226	17.25	3.52	9.67
20201227	1.36	0.25	10.52
20201228	0.2	-0.97	2.76
20201229	0.16	-0.53	1.88
20201230	0.04	-2.35	1.42
20201231	1.12	-0.76	1.25
20210101	0.59	-1.4	1.25
20210102	0.51	-1.29	1.14
20210103	2.87	0.79	1.08
20210104	1.35	0.48	1.16
20210105	0.83	-0.47	1.14
20210106	0.58	-0.89	1.02
20210107	3.68	-0.72	0.99
20210108	0.22	-4.34	0.92
20210109	0.81	-1.83	0.74
20210110	1.05	4.13	3.17
20210111	8.34	2.09	9.31
20210112	0.06	-0.62	5.18
20210113	19.05	0.62	4.21
20210114	4.43	-1.52	7.05
20210115	9.04	0.42	2.81
20210116	0.7	3.53	8.79
20210117	0.59	3.24	3.8
20210118	9.27	4.36	3.34
20210119	45.2	4.51	32.62
20210120	15.28	1.72	29.31
20210121	0.3	2.12	8.07
20210122	0.03	-0.08	4.01
20210123	0.09	-2.44	2.61
20210124	0.1	-1.3	1.88
20210125	0.15	1.14	1.53
20210126	4.55	2.35	1.67
20210127	13.44	3.16	3.05
20210128	8.15	2.71	10.94
20210129	0.26	2.33	9.2
20210130	0.09	-0.45	3.2
20210131	0.04	-0.49	2.05
20210201	2.04	1.22	1.53
20210202	20.35	0.35	2.73
20210203	8.66	1.23	7.4
20210204	4.8	2.99	11.87
20210205	8.99	3.27	16.46
20210206	1.41	1.22	10.65
20210207	1.05	-1.93	3.75
20210208	1.5	-2.93	2.2
20210209	0.82	-2.94	1.58
20210210	0.5	-3.83	1.37
20210211	0.04	-2.82	1.19
20210212	0.0	-2.35	1.09
20210213	0.07	-0.87	1.04
20210214	0.59	3.42	1.34
20210215	1.21	6.94	2.78
20210216	1.91	6.11	2.83
20210217	1.1	6.02	2.27
20210218	3.87	4.39	2.02
20210219	6.15	7.34	2.6
20210220	3.54	8.0	3.35
20210221	3.52	7.69	2.35
20210222	0.04	5.78	2.15
20210223	22.62	8.79	10.68
20210224	6.36	6.32	16.85
20210225	0.17	3.75	4.33
20210226	0.0	5.43	2.36
20210227	0.0	5.35	1.79
20210228	0.05	3.5	1.45
20210301	0.06	4.15	1.19
20210302	0.01	1.89	1.1
20210303	0.27	1.05	1.0
20210304	0.51	2.3	0.95
20210305	0.0	0.49	0.88
20210306	0.02	1.44	0.84
20210307	1.57	5.07	0.81
20210308	3.4	5.98	0.88
20210309	6.29	5.44	1.31
20210310	23.75	6.83	11.08
20210311	7.58	3.75	12.39
20210312	14.16	2.57	8.13
20210313	2.14	3.54	8.43
20210314	2.04	3.69	4.03
20210315	3.95	7.43	2.5
20210316	0.02	7.85	2.56
20210317	0.0	6.75	1.83
20210318	0.01	9.86	1.38
20210319	0.0	7.18	1.16
20210320	0.0	6.36	1.03
20210321	0.06	5.53	0.93
20210322	0.0	6.58	0.89
20210323	0.65	6.13	0.81
20210324	3.47	7.13	0.82
20210325	6.98	5.82	0.9
20210326	1.97	3.94	1.78
20210327	18.8	6.11	2.6
20210328	9.39	9.29	14.89
20210329	0.35	10.13	6.54
20210330	0.0	9.25	2.5
20210331	0.09	10.36	1.58
20210401	0.03	2.13	1.1
20210402	0.0	4.72	0.89
20210403	0.04	6.32	0.81
20210404	0.58	2.82	0.75
20210405	0.11	0.55	0.7
20210406	0.15	-0.66	0.67
20210407	1.13	2.79	0.65
20210408	2.65	3.82	0.66
20210409	0.03	0.88	0.66
20210410	0.74	1.15	0.64
20210411	0.73	-0.52	0.61
20210412	0.01	2.18	0.6
20210413	0.49	4.48	0.59
20210414	0.07	4.1	0.58
20210415	0.0	4.94	0.56
20210416	0.0	5.27	0.54
20210417	0.0	6.92	0.53
20210418	0.0	7.62	0.51
20210419	0.0	8.46	0.5
20210420	0.0	9.59	0.48
20210421	0.0	4.15	0.47
20210422	0.0	7.35	0.47
20210423	0.0	10.4	0.45
20210424	0.0	6.42	0.43
20210425	0.0	6.09	0.43
20210426	1.9	7.55	0.44
20210427	3.06	5.97	0.43
20210428	0.29	2.99	0.43
20210429	0.85	4.09	0.43
20210430	0.58	2.88	0.42
20210501	0.16	4.48	0.41
20210502	0.03	5.36	0.41
20210503	12.39	4.79	0.47
20210504	2.77	2.71	0.71
20210505	1.39	3.04	0.84
20210506	1.98	4.0	0.63
20210507	2.42	4.75	0.59
20210508	5.24	7.47	0.89
20210509	0.15	10.9	0.88
20210510	1.71	9.48	0.68
20210511	8.99	9.76	0.64
20210512	1.34	7.65	1.88
20210513	0.8	9.49	0.94
20210514	0.0	8.42	0.69
20210515	0.25	9.07	0.61
20210516	2.53	9.45	0.67
20210517	3.1	7.97	0.78
20210518	0.05	8.28	0.65
20210519	0.19	8.89	0.55
20210520	11.74	8.69	0.54
20210521	1.29	8.02	1.45
20210522	2.56	6.54	1.11
20210523	11.76	8.06	1.21
20210524	1.6	9.4	2.79
20210525	4.26	8.83	1.6
20210526	4.7	9.35	1.58
20210527	0.14	11.12	1.09
20210528	0.06	13.03	0.7
20210529	0.03	13.22	0.58
20210530	0.0	13.61	0.52
20210531	0.0	15.29	0.47
20210601	0.0	15.81	0.43
20210602	0.04	14.88	0.42
20210603	0.07	11.58	0.41
20210604	0.0	10.32	0.4
20210605	0.07	14.07	0.39
20210606	0.0	13.79	0.38
20210607	0.1	13.51	0.37
20210608	0.0	14.19	0.37
20210609	0.73	16.02	0.37
20210610	0.66	15.75	0.35
20210611	0.02	12.03	0.34
20210612	0.0	14.44	0.34
20210613	3.72	14.75	0.34
20210614	0.0	10.39	0.35
20210615	0.02	15.53	0.34
20210616	2.18	12.57	0.36
20210617	0.0	12.33	0.35
20210618	0.04	13.58	0.34
20210619	0.0	12.79	0.34
20210620	1.06	13.56	0.34
20210621	0.01	9.08	0.35
20210622	0.08	12.61	0.34
20210623	0.73	13.5	0.35
20210624	9.18	14.27	0.36
20210625	2.23	10.32	0.43
20210626	0.13	12.43	0.42
20210627	0.0	14.2	0.37
20210628	0.0	16.0	0.34
20210629	0.0	16.11	0.34
20210630	0.0	12.93	0.33
20210701	1.32	16.22	0.33
20210702	6.01	15.47	0.4
20210703	8.91	14.99	0.48
20210704	17.12	16.18	0.88
20210705	4.85	13.31	1.26
20210706	2.13	12.38	1.2
20210707	0.19	14.62	0.76
20210708	0.03	14.96	0.52
20210709	0.72	14.24	0.48
20210710	7.24	16.45	0.52
20210711	4.02	16.59	0.53
20210712	0.81	15.93	0.65
20210713	0.04	16.04	0.53
20210714	0.0	16.19	0.44
20210715	0.0	17.6	0.4
20210716	0.0	18.29	0.37
20210717	0.0	18.8	0.35
20210718	0.0	18.22	0.33
20210719	0.0	17.83	0.32
20210720	0.0	20.18	0.31
20210721	0.0	19.84	0.31
20210722	0.0	19.71	0.3
20210723	0.0	18.35	0.29
20210724	0.0	14.38	0.29
20210725	0.0	15.15	0.29
20210726	0.0	17.88	0.29
20210727	7.54	15.61	0.29
20210728	6.21	14.36	0.41
20210729	2.97	14.34	0.43
20210730	8.37	14.04	0.5
20210731	3.44	12.97	0.49
20210801	0.0	11.67	0.57
20210802	0.0	12.08	0.5
20210803	0.13	13.92	0.42
20210804	0.0	15.16	0.37
20210805	3.6	16.38	0.34
20210806	13.81	15.33	0.39
20210807	4.28	13.88	0.48
20210808	32.87	14.55	9.84
20210809	0.81	14.31	8.15
20210810	0.06	14.65	2.16
20210811	4.6	13.58	1.14
20210812	0.27	14.91	1.05
20210813	1.17	13.14	0.68
20210814	0.61	13.95	0.54
20210815	1.45	12.94	0.48
20210816	1.72	14.98	0.45
20210817	0.01	14.99	0.42
20210818	0.06	13.71	0.38
20210819	1.49	14.02	0.37
20210820	3.68	16.44	0.35
20210821	12.22	15.43	0.99
20210822	6.57	15.08	3.1
20210823	0.03	15.26	1.46
20210824	0.0	16.2	0.82
20210825	0.05	17.75	0.55
20210826	0.0	13.31	0.44
20210827	0.03	11.58	0.38
20210828	0.0	13.66	0.35
20210829	0.15	12.67	0.36
20210830	0.04	12.13	0.35
20210831	0.08	11.94	0.34
20210901	0.01	13.86	0.34
20210902	0.0	14.32	0.34
20210903	0.37	11.8	0.34
20210904	0.07	12.59	0.34
20210905	1.4	17.3	0.34
20210906	0.06	16.02	0.35
20210907	0.06	18.89	0.33
20210908	1.62	21.12	0.32
20210909	1.92	17.79	0.31
20210910	2.62	17.17	0.32
20210911	0.0	12.61	0.32
20210912	0.19	10.61	0.32
20210913	0.2	12.09	0.31
20210914	0.22	10.98	0.31
20210915	0.27	15.18	0.31
20210916	0.01	14.22	0.3
20210917	0.79	15.72	0.3
20210918	4.6	14.98	0.31
20210919	3.76	10.38	0.34
20210920	0.42	12.72	0.32
20210921	0.1	14.12	0.3
20210922	1.39	14.41	0.31
20210923	0.73	13.57	0.31
20210924	0.29	15.12	0.3
20210925	0.05	15.83	0.3
20210926	16.19	13.52	0.32
20210927	4.7	9.93	1.08
20210928	11.3	8.28	1.84
20210929	1.45	8.48	1.46
20210930	15.13	11.73	1.01
20211001	9.82	8.48	3.49
20211002	29.24	7.74	11.87
20211003	12.72	9.54	16.64
20211004	18.24	8.87	6.4
20211005	9.0	6.05	18.7
20211006	0.9	11.43	4.15
20211007	0.37	14.69	2.14
20211008	0.0	14.64	1.52
20211009	1.93	10.48	1.16
20211010	0.01	9.76	0.99
20211011	0.01	11.09	0.78
20211012	0.38	10.95	0.64
20211013	0.12	11.13	0.56
20211014	3.14	6.4	0.51
20211015	0.07	4.95	0.59
20211016	3.17	8.37	0.59
20211017	4.06	12.59	0.73
20211018	2.86	12.96	1.65
20211019	3.57	11.88	2.1
20211020	2.25	5.56	2.0
20211021	0.81	6.21	1.27
20211022	0.06	7.94	0.82
20211023	1.04	9.53	0.63
20211024	4.17	10.09	0.57
20211025	3.98	8.15	0.92
20211026	13.69	12.1	1.19
20211027	23.59	13.16	16.07
20211028	13.83	11.38	18.24
20211029	8.23	9.43	8.35
20211030	5.26	7.53	5.15
20211031	11.09	7.54	5.47
20211101	0.3	6.29	5.76
20211102	0.05	6.21	2.48
20211103	0.07	4.38	1.63
20211104	0.29	3.44	1.2
20211105	0.98	8.6	0.93
20211106	7.48	8.61	2.2
20211107	0.02	5.87	2.45
20211108	10.8	9.61	1.45
20211109	4.14	8.94	12.02
20211110	0.02	7.37	3.16
20211111	2.81	8.61	1.72
20211112	6.22	7.69	3.26
20211113	0.0	7.65	3.25
20211114	0.13	8.63	1.65
20211115	1.78	7.87	1.33
20211116	3.24	7.11	1.21
20211117	2.84	8.71	1.41
20211118	0.08	10.94	2.35
20211119	0.74	9.41	1.73
20211120	1.36	4.87	1.36
20211121	0.41	1.79	1.26
20211122	0.1	2.49	0.89
20211123	0.06	5.7	0.76
20211124	2.25	2.37	0.78
20211125	5.18	2.7	0.82
20211126	16.0	2.23	3.61
20211127	0.09	-1.84	4.95
20211128	1.19	-2.61	1.92
20211129	1.6	2.7	1.95
20211130	20.24	6.42	15.75
20211201	0.79	0.93	11.24
20211202	1.49	1.59	2.62
20211203	9.81	4.0	2.18
20211204	9.02	2.14	8.22
20211205	0.41	1.86	5.51
20211206	3.33	2.19	2.83
20211207	3.74	2.75	2.54
20211208	0.83	1.87	2.31
20211209	6.4	2.66	2.39
20211210	0.14	1.62	3.01
20211211	6.23	7.01	2.73
20211212	1.5	7.29	3.73
20211213	0.02	4.71	2.21
20211214	0.3	6.63	1.59
20211215	5.86	8.11	2.06
20211216	0.0	5.17	3.33
20211217	0.02	2.64	1.73
20211218	0.2	2.52	1.21
20211219	0.47	1.16	0.98
20211220	0.11	1.99	0.9
20211221	0.0	-0.95	0.84
20211222	4.94	1.7	0.85
20211223	7.81	5.59	2.89
20211224	0.69	2.92	3.82
20211225	1.15	0.95	1.91
20211226	0.81	2.43	1.33
20211227	5.77	3.97	1.24
20211228	1.47	3.95	2.92
20211229	12.74	7.72	4.15
20211230	31.73	10.36	15.68
20211231	0.75	11.14	22.22
20220101	0.2	9.93	3.85
20220102	0.28	8.05	2.33
20220103	10.68	1.76	3.43
20220104	0.07	-1.4	3.21
20220105	0.0	-0.86	1.79
20220106	4.48	2.59	1.67
20220107	6.21	2.21	2.3
20220108	1.0	4.29	4.3
20220109	1.72	3.93	2.88
20220110	3.08	4.88	2.12
20220111	0.04	3.77	2.33
20220112	0.0	6.22	1.69
20220113	0.0	4.8	1.33
20220114	0.07	2.14	1.08
20220115	1.15	2.64	0.93
20220116	0.07	3.97	0.87
20220117	0.06	2.64	0.82
20220118	3.7	3.98	0.8
20220119	0.0	1.98	1.19
20220120	0.05	0.71	1.08
20220121	0.02	4.61	0.87
20220122	0.17	5.59	0.79
20220123	0.0	4.11	0.74
20220124	0.0	3.45	0.69
20220125	0.0	3.77	0.64
20220126	1.86	6.56	0.62
20220127	0.22	4.96	0.82
20220128	1.23	7.1	0.78
20220129	0.11	4.46	0.87
20220130	5.37	3.06	0.91
20220131	2.08	4.5	1.59
20220201	2.56	7.67	1.8
20220202	1.75	7.48	1.95
20220203	3.06	4.71	2.41
20220204	1.19	2.7	2.17
20220205	17.73	3.97	7.73
20220206	4.18	0.75	8.32
20220207	3.22	5.09	3.77
20220208	0.73	5.54	3.23
20220209	0.52	3.32	1.87
20220210	0.05	0.28	1.27
20220211	4.86	2.05	0.94
20220212	4.07	6.18	1.72
20220213	12.78	5.31	4.7
20220214	5.11	3.86	6.1
20220215	6.82	6.2	3.75
20220216	5.74	6.22	6.5
20220217	2.63	2.92	3.04
20220218	2.55	2.76	2.64
20220219	13.81	5.35	2.84
20220220	20.26	4.69	25.53
20220221	6.09	6.12	10.17
20220222	1.55	5.25	5.38
20220223	8.55	4.04	4.5
20220224	1.34	1.79	3.98
20220225	0.04	4.86	2.22
20220226	0.0	4.76	1.66
20220227	1.59	5.68	1.21
20220228	3.91	2.8	1.28
20220301	0.2	3.89	1.44
20220302	1.44	4.55	1.09
20220303	15.45	4.58	2.05
20220304	2.36	2.34	6.36
20220305	0.07	2.55	2.56
20220306	0.07	1.8	1.62
20220307	0.06	3.29	1.17
20220308	0.0	5.31	0.95
20220309	0.07	8.91	0.82
20220310	0.8	8.93	0.73
20220311	4.52	8.53	0.74
20220312	0.83	7.52	0.84
20220313	0.11	7.03	0.82
20220314	5.09	5.92	0.76
20220315	0.03	7.93	1.35
20220316	2.9	3.62	1.05
20220317	0.35	4.43	0.93
20220318	0.05	7.66	0.76
20220319	0.03	7.23	0.7
20220320	0.04	3.65	0.64
20220321	0.0	6.66	0.6
20220322	0.0	10.76	0.58
20220323	0.0	10.41	0.57
20220324	0.0	9.09	0.56
20220325	0.0	9.2	0.54
20220326	0.0	10.39	0.53
20220327	0.57	11.65	0.53
20220328	1.79	7.32	0.55
20220329	4.97	6.22	0.56
20220330	1.64	0.7	0.59
20220331	2.77	0.79	0.6
20220401	0.15	2.55	0.57
20220402	0.14	3.79	0.53
20220403	3.49	6.35	0.49
20220404	6.68	9.19	0.96
20220405	7.51	6.92	3.47
20220406	7.41	5.89	3.56
20220407	0.57	1.65	3.18
20220408	0.42	2.74	1.43
20220409	0.03	2.97	0.86
20220410	0.0	6.8	0.68
20220411	1.34	8.51	0.58
20220412	4.15	7.59	0.58
20220413	0.04	9.57	0.62
20220414	0.0	10.03	0.6
20220415	0.0	11.08	0.54
20220416	0.0	11.56	0.5
20220417	4.21	12.5	0.48
20220418	0.07	6.47	0.48
20220419	0.02	7.33	0.46
20220420	0.0	9.55	0.44
20220421	0.0	9.25	0.42
20220422	0.0	10.36	0.4
20220423	0.0	9.03	0.38
20220424	0.01	7.75	0.36
20220425	1.19	5.6	0.34
20220426	0.02	6.22	0.35
20220427	0.0	4.47	0.35
20220428	0.0	4.46	0.35
20220429	0.0	8.55	0.35
20220430	7.94	10.16	0.36
20220501	0.02	10.87	0.36
20220502	1.09	9.38	0.38
20220503	4.49	9.21	0.4
20220504	3.0	9.67	0.44
20220505	0.03	11.81	0.71
20220506	3.83	8.5	0.54
20220507	0.02	9.13	0.58
20220508	0.0	13.09	0.47
20220509	7.56	12.2	0.44
20220510	3.8	11.09	1.21
20220511	1.15	9.97	1.18
20220512	4.5	10.33	0.73
20220513	0.04	9.69	1.03
20220514	0.0	11.41	0.78
20220515	4.63	13.79	0.5
20220516	9.34	12.5	0.76
20220517	2.21	14.29	1.98
20220518	1.76	13.46	1.05
20220519	0.0	11.38	0.61
20220520	0.99	11.12	0.45
20220521	0.16	12.1	0.41
20220522	6.11	11.54	0.44
20220523	0.3	10.57	1.03
20220524	6.1	10.69	0.7
20220525	2.88	11.21	0.92
20220526	2.12	10.86	1.35
20220527	0.0	9.23	1.01
20220528	0.0	10.35	0.51
20220529	0.31	9.22	0.43
20220530	5.66	8.42	0.39
20220531	9.45	8.22	1.22
20220601	1.49	10.22	1.77
20220602	7.66	13.11	1.01
20220603	0.0	12.09	0.93
20220604	0.0	10.52	0.53
20220605	1.52	11.11	0.4
20220606	0.01	11.54	0.37
20220607	6.5	14.23	0.35
20220608	2.13	13.04	0.37
20220609	0.03	13.79	0.37
20220610	0.12	14.55	0.36
20220611	2.09	12.19	0.33
20220612	2.4	10.07	0.32
20220613	0.35	11.17	0.31
20220614	0.0	11.39	0.3
20220615	0.0	13.68	0.29
20220616	0.0	16.85	0.28
20220617	1.62	13.18	0.27
20220618	0.0	11.05	0.26
20220619	0.0	11.14	0.25
20220620	0.0	13.91	0.25
20220621	0.02	14.91	0.25
20220622	0.0	15.04	0.25
20220623	6.78	18.2	0.27
20220624	1.43	15.42	0.27
20220625	1.76	12.72	0.26
20220626	9.91	13.01	0.26
20220627	2.92	11.76	0.38
20220628	3.48	13.76	0.31
20220629	2.9	13.65	0.34
20220630	4.87	14.42	0.36
20220701	13.3	13.15	0.94
20220702	3.91	13.41	2.76
20220703	1.34	12.99	1.26
20220704	0.34	12.26	0.68
20220705	2.23	14.71	0.46
20220706	0.64	13.78	0.38
20220707	0.03	15.97	0.35
20220708	0.0	13.9	0.33
20220709	0.0	15.28	0.3
20220710	0.0	16.68	0.28
20220711	0.0	18.75	0.27
20220712	0.2	14.8	0.25
20220713	0.38	13.8	0.24
20220714	3.06	14.08	0.23
20220715	1.4	12.88	0.24
20220716	0.6	15.95	0.24
20220717	0.03	19.65	0.23
20220718	0.03	22.93	0.22
20220719	0.7	24.36	0.22
20220720	0.26	15.56	0.22
20220721	4.11	15.22	0.21
20220722	3.07	14.23	0.23
20220723	3.5	16.09	0.24
20220724	5.23	17.78	0.24
20220725	9.67	14.18	0.48
20220726	0.06	12.55	0.95
20220727	3.47	14.31	0.42
20220728	4.58	14.51	0.34
20220729	2.5	16.68	0.32
20220730	5.55	15.33	0.48
20220731	0.04	14.99	0.83
20220801	21.08	16.57	0.72
20220802	0.8	17.1	6.22
20220803	2.55	13.91	1.45
20220804	0.11	11.54	0.82
20220805	1.24	11.4	0.51
20220806	0.0	13.63	0.38
20220807	0.07	12.87	0.35
20220808	0.0	14.69	0.32
20220809	0.0	16.22	0.29
20220810	0.0	17.0	0.27
20220811	0.0	19.03	0.25
20220812	0.0	20.14	0.23
20220813	0.0	19.81	0.22
20220814	1.5	21.18	0.22
20220815	17.35	17.06	0.31
20220816	0.87	12.61	2.69
20220817	0.15	13.64	1.2
20220818	4.67	13.6	0.56
20220819	2.03	13.94	0.56
20220820	14.0	12.2	2.19
20220821	4.25	12.81	2.19
20220822	0.71	15.73	1.03
20220823	3.26	17.65	0.95
20220824	0.31	14.16	0.73
20220825	0.08	13.55	0.6
20220826	0.0	14.69	0.4
20220827	0.0	14.59	0.33
20220828	0.01	16.25	0.31
20220829	0.02	14.37	0.28
20220830	0.0	12.17	0.26
20220831	0.0	13.39	0.24
20220901	0.0	15.26	0.23
20220902	0.24	16.15	0.23
20220903	2.05	16.78	0.22
20220904	2.73	17.8	0.22
20220905	2.17	17.68	0.23
20220906	14.69	14.83	0.91
20220907	3.44	15.7	1.53
20220908	7.38	13.9	1.16
20220909	4.54	13.28	2.28
20220910	0.13	11.76	1.56
20220911	11.04	16.61	0.83
20220912	0.41	12.25	2.31
20220913	0.11	11.21	1.05
20220914	0.0	11.84	0.56
20220915	0.3	9.51	0.42
20220916	0.01	7.44	0.36
20220917	0.0	10.73	0.31
20220918	0.44	11.41	0.29
20220919	0.43	12.53	0.28
20220920	0.0	12.08	0.27
20220921	4.4	14.31	0.28
20220922	9.79	9.99	0.74
20220923	5.37	9.43	0.79
20220924	0.02	8.96	0.98
20220925	5.16	9.33	0.5
20220926	1.16	7.03	0.65
20220927	0.6	8.3	0.56
20220928	8.98	10.19	1.04
20220929	0.06	10.51	1.15
20220930	18.53	11.08	4.0
