date	precipitation	temperature	discharge_spec
19701001	0.0	14.39	0.02
19701002	0.37	11.02	0.02
19701003	0.55	12.49	0.02
19701004	0.08	15.81	0.02
19701005	1.93	11.53	0.02
19701006	0.06	8.59	0.02
19701007	0.24	7.54	0.02
19701008	0.0	7.07	0.02
19701009	0.03	8.03	0.02
19701010	0.16	11.32	0.02
19701011	0.06	15.96	0.02
19701012	0.0	13.85	0.02
19701013	0.01	15.01	0.02
19701014	0.11	12.1	0.02
19701015	0.0	8.46	0.02
19701016	0.0	7.82	0.02
19701017	0.0	10.9	0.02
19701018	2.06	11.69	0.02
19701019	1.03	7.41	0.02
19701020	0.03	5.76	0.02
19701021	0.01	5.5	0.02
19701022	0.01	8.42	0.02
19701023	0.77	9.66	0.02
19701024	0.3	12.23	0.02
19701025	0.83	10.85	0.02
19701026	0.1	7.36	0.02
19701027	7.09	9.97	0.02
19701028	0.02	12.54	0.03
19701029	0.0	13.04	0.03
19701030	1.14	14.98	0.02
19701031	0.1	13.02	0.02
19701101	21.48	12.05	0.02
19701102	7.11	12.8	0.08
19701103	0.17	10.16	0.09
19701104	0.49	9.23	0.06
19701105	0.0	7.86	0.05
19701106	10.02	7.8	0.04
19701107	1.11	3.67	0.04
19701108	0.11	6.98	0.07
19701109	0.05	7.2	0.05
19701110	0.26	9.72	0.04
19701111	5.63	9.57	0.04
19701112	0.01	4.53	0.04
19701113	2.03	5.49	0.04
19701114	5.31	3.35	0.05
19701115	1.09	1.57	0.06
19701116	5.75	3.91	0.07
19701117	8.89	6.92	0.12
19701118	17.67	8.57	0.25
19701119	0.73	4.65	0.99
19701120	2.21	6.6	0.56
19701121	0.0	4.19	0.31
19701122	5.59	5.2	0.2
19701123	0.9	10.1	0.24
19701124	0.01	9.96	0.35
19701125	0.01	8.72	0.24
19701126	0.08	7.95	0.16
19701127	0.82	8.66	0.12
19701128	9.92	10.1	0.12
19701129	14.64	7.95	3.18
19701130	2.08	6.61	3.29
19701201	0.2	5.13	1.09
19701202	1.85	8.46	0.62
19701203	9.22	8.94	0.47
19701204	0.71	7.81	1.78
19701205	2.93	6.74	1.24
19701206	1.71	4.76	0.98
19701207	0.15	4.44	0.9
19701208	0.0	1.5	0.51
19701209	0.02	1.57	0.38
19701210	0.01	5.41	0.31
19701211	0.01	5.18	0.28
19701212	0.13	4.25	0.25
19701213	0.01	2.27	0.21
19701214	0.0	1.25	0.17
19701215	0.0	2.68	0.15
19701216	0.04	5.94	0.14
19701217	0.04	6.79	0.13
19701218	0.06	8.74	0.13
19701219	0.01	7.05	0.12
19701220	0.01	4.44	0.11
19701221	0.01	1.22	0.09
19701222	0.16	2.09	0.09
19701223	2.55	1.48	0.09
19701224	0.64	-1.17	0.1
19701225	1.22	-0.4	0.09
19701226	0.63	-1.84	0.09
19701227	0.06	-1.16	0.08
19701228	1.73	1.73	0.08
19701229	6.8	1.76	0.2
19701230	0.24	0.12	1.06
19701231	0.06	-1.06	0.64
19710101	0.07	-1.48	0.38
19710102	0.0	-2.43	0.29
19710103	0.0	-2.53	0.23
19710104	0.0	-3.53	0.18
19710105	0.22	-2.2	0.16
19710106	0.74	4.59	0.15
19710107	6.08	9.1	0.26
19710108	0.56	9.48	0.94
19710109	0.01	8.68	0.81
19710110	0.01	6.32	0.51
19710111	0.0	2.21	0.42
19710112	0.01	3.37	0.33
19710113	0.05	3.98	0.25
19710114	2.15	3.05	0.24
19710115	0.82	3.9	0.25
19710116	2.42	4.56	0.28
19710117	0.3	5.78	0.43
19710118	0.72	6.63	0.46
19710119	4.19	5.44	0.43
19710120	5.26	5.24	0.83
19710121	1.45	6.7	2.66
19710122	7.37	5.07	1.68
19710123	11.98	7.66	8.45
19710124	0.96	7.03	9.09
19710125	5.83	6.08	2.8
19710126	9.92	5.22	4.91
19710127	1.44	5.02	5.67
19710128	0.5	5.02	3.07
19710129	0.29	4.09	1.69
19710130	5.91	2.35	2.13
19710131	11.14	3.44	5.83
19710201	0.04	0.19	7.09
19710202	0.08	3.41	2.18
19710203	0.0	5.3	1.32
19710204	0.01	4.67	0.91
19710205	0.02	4.71	0.69
19710206	0.04	3.68	0.56
19710207	0.0	5.78	0.49
19710208	0.0	5.68	0.43
19710209	0.0	4.2	0.39
19710210	0.0	4.14	0.35
19710211	0.06	5.45	0.3
19710212	1.33	6.59	0.3
19710213	0.26	4.57	0.29
19710214	3.54	5.04	0.25
19710215	0.37	0.82	0.35
19710216	2.5	0.23	0.3
19710217	3.89	2.63	0.4
19710218	0.28	3.79	0.8
19710219	0.87	5.51	0.61
19710220	0.18	7.39	0.53
19710221	0.01	5.32	0.44
19710222	0.0	3.92	0.34
19710223	0.01	4.2	0.29
19710224	0.0	5.84	0.27
19710225	0.0	5.51	0.26
19710226	0.01	2.14	0.24
19710227	0.89	2.36	0.22
19710228	0.13	1.43	0.2
19710301	6.2	1.89	0.18
19710302	0.35	3.95	0.33
19710303	0.19	-0.15	0.36
19710304	0.03	-1.53	0.28
19710305	0.36	-0.43	0.26
19710306	0.41	-1.89	0.24
19710307	1.62	2.05	0.2
19710308	0.9	5.49	0.22
19710309	0.18	4.57	0.21
19710310	0.03	5.18	0.19
19710311	0.06	6.82	0.17
19710312	0.12	8.1	0.17
19710313	0.01	5.33	0.17
19710314	8.77	7.06	0.19
19710315	0.33	3.63	0.38
19710316	0.43	4.28	0.3
19710317	9.24	6.77	0.29
19710318	4.56	7.99	1.65
19710319	2.54	6.3	2.0
19710320	1.06	7.46	1.62
19710321	0.66	5.47	0.99
19710322	0.01	3.08	0.68
19710323	2.98	6.99	0.52
19710324	0.82	8.95	0.49
19710325	0.2	6.05	0.43
19710326	0.02	5.73	0.35
19710327	0.0	5.25	0.28
19710328	0.14	8.57	0.26
19710329	0.03	4.35	0.26
19710330	0.01	6.75	0.22
19710331	0.0	5.61	0.19
19710401	0.03	4.79	0.2
19710402	0.0	6.51	0.19
19710403	0.01	6.29	0.16
19710404	0.26	6.73	0.15
19710405	0.01	6.5	0.14
19710406	0.0	7.1	0.13
19710407	0.0	6.38	0.12
19710408	0.01	6.23	0.11
19710409	0.36	5.73	0.1
19710410	0.03	6.21	0.1
19710411	0.0	6.47	0.09
19710412	0.0	9.6	0.09
19710413	0.0	8.92	0.09
19710414	0.02	6.44	0.09
19710415	0.0	7.13	0.09
19710416	1.03	5.66	0.09
19710417	0.01	7.65	0.09
19710418	0.0	9.19	0.07
19710419	0.0	9.26	0.07
19710420	0.0	10.76	0.07
19710421	0.0	11.0	0.06
19710422	2.77	15.95	0.07
19710423	16.26	11.44	0.11
19710424	12.99	7.11	0.68
19710425	0.07	4.86	2.52
19710426	0.07	2.98	1.03
19710427	0.32	4.54	0.49
19710428	0.0	6.34	0.32
19710429	0.0	6.28	0.26
19710430	0.0	5.51	0.22
19710501	0.0	5.83	0.18
19710502	0.0	6.07	0.16
19710503	0.0	8.61	0.14
19710504	0.0	10.51	0.13
19710505	0.01	13.02	0.12
19710506	3.55	14.63	0.11
19710507	3.83	11.64	0.14
19710508	0.01	12.74	0.13
19710509	0.0	14.23	0.1
19710510	0.0	14.35	0.09
19710511	0.0	16.1	0.08
19710512	0.0	14.25	0.08
19710513	0.0	12.03	0.07
19710514	0.0	11.65	0.06
19710515	5.31	10.72	0.07
19710516	0.8	10.83	0.1
19710517	0.02	8.93	0.08
19710518	0.0	11.26	0.06
19710519	0.0	10.69	0.05
19710520	0.0	10.62	0.05
19710521	0.0	10.76	0.04
19710522	4.17	13.14	0.05
19710523	1.37	11.45	0.06
19710524	5.38	12.63	0.06
19710525	1.07	8.83	0.07
19710526	2.37	9.89	0.07
19710527	2.3	7.46	0.07
19710528	1.3	9.8	0.07
19710529	3.13	12.15	0.06
19710530	0.96	13.06	0.06
19710531	0.0	11.95	0.05
19710601	0.0	13.77	0.05
19710602	3.65	14.93	0.04
19710603	0.12	12.95	0.04
19710604	0.01	10.57	0.04
19710605	0.01	10.28	0.04
19710606	0.08	11.1	0.03
19710607	0.47	11.89	0.03
19710608	10.24	9.85	0.03
19710609	0.49	10.66	0.05
19710610	26.82	10.68	0.2
19710611	0.69	10.87	1.49
19710612	0.02	12.41	0.61
19710613	1.39	13.45	0.27
19710614	5.4	8.09	0.18
19710615	0.44	10.32	0.19
19710616	0.86	11.41	0.13
19710617	1.42	10.76	0.09
19710618	15.94	11.9	0.15
19710619	11.52	13.44	0.84
19710620	0.13	12.04	2.37
19710621	0.05	13.46	1.0
19710622	0.0	12.02	0.38
19710623	0.0	14.84	0.21
19710624	0.0	16.04	0.14
19710625	1.44	15.6	0.11
19710626	0.97	13.5	0.09
19710627	2.03	13.54	0.07
19710628	0.44	11.55	0.06
19710629	0.23	13.69	0.05
19710630	0.02	16.82	0.04
19710701	0.0	18.52	0.04
19710702	0.0	18.85	0.04
19710703	0.0	16.79	0.03
19710704	0.96	18.28	0.03
19710705	0.0	16.12	0.03
19710706	0.0	16.08	0.03
19710707	0.0	17.17	0.02
19710708	0.0	20.38	0.02
19710709	0.14	20.01	0.02
19710710	0.01	17.39	0.02
19710711	5.66	21.94	0.02
19710712	0.01	12.91	0.03
19710713	0.0	14.19	0.02
19710714	0.0	16.62	0.02
19710715	0.0	17.45	0.02
19710716	0.0	13.25	0.02
19710717	0.0	11.12	0.02
19710718	0.0	13.8	0.02
19710719	0.0	14.81	0.02
19710720	0.03	16.65	0.01
19710721	0.01	14.64	0.01
19710722	0.19	18.24	0.01
19710723	0.05	17.6	0.01
19710724	1.96	16.84	0.01
19710725	0.48	17.52	0.01
19710726	1.41	16.98	0.01
19710727	4.14	18.3	0.01
19710728	0.2	15.44	0.01
19710729	0.0	17.4	0.01
19710730	6.33	20.6	0.01
19710731	0.01	16.4	0.02
19710801	3.57	17.17	0.02
19710802	2.9	17.65	0.01
19710803	17.49	16.14	0.05
19710804	0.91	16.86	0.11
19710805	1.42	15.65	0.05
19710806	2.51	16.06	0.03
19710807	4.48	13.34	0.03
19710808	0.01	18.03	0.04
19710809	8.21	19.29	0.02
19710810	6.31	15.26	0.03
19710811	0.11	14.49	0.04
19710812	2.8	16.09	0.04
19710813	5.68	17.11	0.03
19710814	5.75	15.35	0.04
19710815	0.07	10.83	0.06
19710816	0.0	12.88	0.04
19710817	0.01	15.39	0.03
19710818	1.0	17.78	0.02
19710819	0.01	19.42	0.02
19710820	3.63	16.39	0.02
19710821	0.27	15.1	0.02
19710822	0.03	15.86	0.03
19710823	0.93	17.45	0.02
19710824	0.03	13.91	0.02
19710825	0.0	15.23	0.02
19710826	1.57	17.47	0.02
19710827	0.03	16.35	0.01
19710828	0.04	19.59	0.01
19710829	0.98	15.23	0.01
19710830	0.57	13.6	0.01
19710831	0.0	15.95	0.01
19710901	0.0	14.66	0.01
19710902	0.0	17.7	0.01
19710903	0.0	15.62	0.01
19710904	0.0	13.54	0.01
19710905	0.0	14.36	0.01
19710906	0.0	14.92	0.01
19710907	0.0	15.41	0.01
19710908	0.0	17.14	0.01
19710909	0.03	15.12	0.01
19710910	1.36	12.11	0.01
19710911	0.0	11.98	0.01
19710912	0.0	12.85	0.01
19710913	0.0	12.5	0.01
19710914	0.01	13.26	0.01
19710915	0.0	10.41	0.01
19710916	0.0	13.89	0.01
19710917	0.0	11.93	0.01
19710918	0.0	11.54	0.01
19710919	0.0	13.5	0.01
19710920	0.0	15.65	0.01
19710921	0.0	15.19	0.01
19710922	0.0	15.6	0.01
19710923	2.54	15.13	0.01
19710924	7.28	12.18	0.01
19710925	2.86	11.15	0.01
19710926	4.09	14.19	0.02
19710927	1.65	12.44	0.02
19710928	0.04	11.66	0.02
19710929	0.01	15.65	0.02
19710930	0.01	16.67	0.01
19711001	0.0	13.29	0.01
19711002	0.0	15.23	0.01
19711003	0.27	14.54	0.01
19711004	0.01	9.1	0.01
19711005	0.0	8.05	0.01
19711006	0.0	10.64	0.01
19711007	0.0	11.26	0.01
19711008	0.0	10.99	0.01
19711009	0.0	12.76	0.01
19711010	0.0	15.33	0.01
19711011	1.56	16.18	0.01
19711012	7.18	11.55	0.01
19711013	19.02	6.11	0.03
19711014	0.02	4.92	0.08
19711015	4.91	9.21	0.06
19711016	10.02	9.79	0.05
19711017	3.84	12.42	0.14
19711018	0.46	14.66	0.16
19711019	10.69	12.04	0.18
19711020	2.4	10.31	0.28
19711021	0.0	13.82	0.14
19711022	0.0	15.08	0.09
19711023	0.0	12.24	0.07
19711024	0.0	14.12	0.05
19711025	0.0	7.32	0.04
19711026	0.0	8.36	0.03
19711027	0.0	7.95	0.03
19711028	0.0	6.93	0.02
19711029	0.0	7.77	0.02
19711030	0.0	8.96	0.02
19711031	0.0	9.5	0.02
19711101	0.0	11.49	0.02
19711102	0.0	11.53	0.02
19711103	0.01	10.71	0.02
19711104	0.01	11.19	0.02
19711105	10.61	7.24	0.03
19711106	0.18	3.03	0.06
19711107	3.03	6.14	0.05
19711108	0.63	4.87	0.04
19711109	0.0	2.03	0.03
19711110	0.0	1.27	0.03
19711111	0.0	3.45	0.02
19711112	0.4	7.6	0.02
19711113	0.09	5.35	0.02
19711114	0.0	5.51	0.02
19711115	0.0	8.83	0.02
19711116	1.07	8.62	0.02
19711117	6.38	8.86	0.02
19711118	4.04	2.42	0.06
19711119	0.08	-0.7	0.11
19711120	13.47	5.15	0.11
19711121	1.4	6.04	0.7
19711122	1.53	1.64	0.4
19711123	1.31	1.23	0.21
19711124	0.25	2.03	0.15
19711125	1.67	7.09	0.11
19711126	0.24	9.12	0.1
19711127	11.36	8.24	0.11
19711128	0.14	2.0	1.11
19711129	0.02	1.15	0.75
19711130	0.01	1.4	0.37
19711201	0.03	1.23	0.24
19711202	0.04	2.35	0.18
19711203	0.0	2.47	0.14
19711204	0.01	3.97	0.11
19711205	0.0	6.78	0.1
19711206	0.0	3.5	0.1
19711207	0.01	2.33	0.09
19711208	0.07	5.07	0.08
19711209	0.15	6.8	0.07
19711210	0.0	7.31	0.07
19711211	0.0	7.73	0.07
19711212	0.01	8.1	0.06
19711213	0.0	7.98	0.06
19711214	0.0	7.95	0.06
19711215	0.0	10.17	0.05
19711216	0.0	7.89	0.05
19711217	0.0	6.8	0.05
19711218	0.77	8.14	0.05
19711219	9.9	8.35	0.1
19711220	0.03	10.67	0.26
19711221	6.16	10.58	0.23
19711222	5.64	7.7	1.0
19711223	0.02	4.57	1.64
19711224	0.0	6.98	0.77
19711225	0.12	7.07	0.46
19711226	0.4	6.31	0.34
19711227	0.52	5.19	0.26
19711228	0.92	1.97	0.21
19711229	0.93	1.65	0.18
19711230	1.14	2.68	0.16
19711231	0.0	3.47	0.16
19720101	0.54	2.73	0.15
19720102	2.11	2.38	0.15
19720103	1.75	2.97	0.16
19720104	2.55	2.96	0.21
19720105	0.19	1.97	0.38
19720106	0.01	1.08	0.41
19720107	8.13	1.69	0.41
19720108	1.4	4.21	1.76
19720109	0.06	5.92	1.29
19720110	6.84	7.32	0.83
19720111	3.48	5.45	2.71
19720112	0.81	5.97	2.33
19720113	0.35	6.99	1.16
19720114	0.03	6.62	0.73
19720115	1.78	5.47	0.56
19720116	0.09	5.55	0.5
19720117	0.16	1.79	0.41
19720118	1.92	4.17	0.32
19720119	0.01	2.83	0.32
19720120	0.0	1.07	0.27
19720121	0.32	2.48	0.23
19720122	0.67	5.71	0.2
19720123	2.3	8.07	0.21
19720124	3.35	3.23	0.49
19720125	1.66	3.11	0.58
19720126	9.14	6.31	1.45
19720127	2.83	4.12	3.75
19720128	0.77	1.3	1.89
19720129	0.1	-2.37	1.09
19720130	0.26	-6.21	0.73
19720131	0.01	-4.27	0.49
19720201	3.61	1.06	0.39
19720202	2.2	4.43	0.59
19720203	3.97	5.92	1.5
19720204	0.02	4.45	2.16
19720205	3.14	5.66	1.23
19720206	1.29	4.45	1.36
19720207	0.07	3.66	1.31
19720208	0.16	5.93	0.88
19720209	0.0	3.32	0.63
19720210	3.64	3.58	0.53
19720211	6.56	2.94	1.49
19720212	0.61	2.68	1.85
19720213	0.01	4.14	1.1
19720214	0.0	3.56	0.67
19720215	1.61	5.24	0.57
19720216	1.18	5.03	0.49
19720217	0.27	4.54	0.38
19720218	4.03	3.05	0.38
19720219	0.03	2.84	0.61
19720220	1.08	2.68	0.57
19720221	1.25	3.31	0.49
19720222	0.81	3.38	0.49
19720223	0.01	4.76	0.51
19720224	0.0	3.73	0.48
19720225	0.23	5.54	0.42
19720226	0.01	4.5	0.36
19720227	0.0	4.33	0.31
19720228	1.3	4.98	0.28
19720229	0.41	6.2	0.27
19720301	0.13	3.05	0.25
19720302	0.61	5.12	0.22
19720303	2.39	3.75	0.26
19720304	6.02	4.79	0.26
19720305	2.78	1.96	1.23
19720306	6.45	4.32	2.3
19720307	2.09	3.66	2.71
19720308	0.02	5.4	2.08
19720309	0.01	4.31	1.15
19720310	0.54	3.72	0.71
19720311	3.98	1.18	0.73
19720312	0.05	2.05	0.98
19720313	1.67	3.66	0.73
19720314	1.14	10.7	0.59
19720315	0.65	10.42	0.48
19720316	0.01	9.35	0.41
19720317	0.0	7.63	0.36
19720318	0.0	8.18	0.33
19720319	0.92	9.92	0.3
19720320	0.0	10.85	0.25
19720321	0.01	6.08	0.22
19720322	0.01	8.14	0.19
19720323	0.0	8.48	0.18
19720324	0.0	5.92	0.17
19720325	1.24	10.77	0.17
19720326	1.63	7.02	0.18
19720327	2.32	5.69	0.17
19720328	2.92	5.4	0.18
19720329	1.2	6.81	0.14
19720330	0.66	10.77	0.13
19720331	5.5	11.0	0.12
19720401	2.28	12.0	0.2
19720402	0.35	10.26	0.19
19720403	1.34	9.5	0.16
19720404	1.83	10.18	0.17
19720405	0.43	9.08	0.16
19720406	1.14	11.45	0.12
19720407	0.56	9.34	0.11
19720408	4.53	5.12	0.12
19720409	4.61	8.12	0.14
19720410	4.67	7.39	0.2
19720411	1.92	7.02	0.3
19720412	0.06	7.11	0.25
19720413	1.55	10.02	0.19
19720414	0.84	7.21	0.17
19720415	0.28	7.69	0.16
19720416	0.07	8.61	0.13
19720417	1.02	11.27	0.12
19720418	0.42	7.42	0.12
19720419	1.06	6.28	0.11
19720420	0.12	7.33	0.1
19720421	0.08	7.93	0.09
19720422	0.01	7.57	0.09
19720423	0.0	6.48	0.08
19720424	0.0	3.78	0.07
19720425	0.0	6.6	0.06
19720426	0.06	9.33	0.06
19720427	0.13	6.07	0.06
19720428	4.66	9.09	0.06
19720429	5.33	7.93	0.11
19720430	0.04	9.56	0.12
19720501	0.0	10.21	0.07
19720502	0.29	11.87	0.06
19720503	0.02	12.86	0.06
19720504	0.91	11.62	0.05
19720505	7.45	9.61	0.07
19720506	2.19	10.64	0.12
19720507	0.08	8.99	0.1
19720508	1.47	13.06	0.08
19720509	1.76	10.95	0.07
19720510	1.65	8.44	0.07
19720511	5.67	8.33	0.07
19720512	3.9	9.26	0.1
19720513	0.51	9.1	0.12
19720514	0.14	9.1	0.09
19720515	1.18	8.06	0.07
19720516	0.11	6.81	0.06
19720517	0.01	9.23	0.05
19720518	0.14	8.8	0.05
19720519	0.04	11.02	0.05
19720520	4.39	11.18	0.04
19720521	1.18	13.65	0.05
19720522	0.16	13.09	0.05
19720523	2.26	14.23	0.04
19720524	0.15	12.04	0.04
19720525	0.39	12.53	0.04
19720526	2.57	11.47	0.04
19720527	0.98	10.11	0.04
19720528	0.14	10.8	0.04
19720529	0.41	11.3	0.03
19720530	0.39	11.54	0.03
19720531	0.33	10.7	0.02
19720601	0.84	9.29	0.02
19720602	0.62	12.46	0.03
19720603	2.78	11.12	0.02
19720604	2.41	12.44	0.03
19720605	0.02	11.33	0.02
19720606	0.42	12.76	0.02
19720607	0.63	12.63	0.02
19720608	2.14	12.58	0.02
19720609	11.88	10.69	0.02
19720610	1.1	9.81	0.06
19720611	1.56	11.34	0.07
19720612	0.04	11.92	0.04
19720613	0.01	11.71	0.03
19720614	0.0	11.08	0.02
19720615	0.24	11.38	0.02
19720616	0.0	13.15	0.02
19720617	0.11	15.34	0.02
19720618	2.63	10.01	0.02
19720619	1.85	9.38	0.02
19720620	0.12	13.43	0.02
19720621	0.06	12.63	0.02
19720622	0.72	11.88	0.01
19720623	0.38	13.63	0.01
19720624	0.0	14.99	0.01
19720625	0.0	14.57	0.01
19720626	0.06	14.35	0.01
19720627	3.97	11.64	0.01
19720628	0.02	11.69	0.02
19720629	0.05	11.58	0.02
19720630	0.26	15.15	0.02
19720701	0.23	13.21	0.01
19720702	1.06	13.01	0.01
19720703	0.72	17.02	0.01
19720704	0.0	14.86	0.01
19720705	0.0	14.1	0.01
19720706	0.56	14.65	0.01
19720707	2.61	15.47	0.01
19720708	4.8	13.45	0.02
19720709	0.01	11.8	0.02
19720710	0.0	12.78	0.02
19720711	0.0	11.77	0.01
19720712	0.0	15.66	0.01
19720713	0.0	16.66	0.01
19720714	0.0	15.94	0.01
19720715	0.0	17.27	0.01
19720716	0.0	16.83	0.01
19720717	0.0	17.8	0.02
19720718	0.0	18.84	0.02
19720719	0.0	18.08	0.02
19720720	2.15	18.59	0.01
19720721	3.86	15.46	0.01
19720722	6.45	15.73	0.03
19720723	1.71	19.03	0.02
19720724	0.95	15.58	0.03
19720725	1.14	17.04	0.02
19720726	0.0	13.23	0.02
19720727	0.0	13.02	0.02
19720728	0.0	13.41	0.02
19720729	0.0	15.01	0.02
19720730	0.6	17.34	0.02
19720731	13.89	16.07	0.01
19720801	6.52	15.98	0.03
19720802	0.01	13.91	0.04
19720803	0.09	13.35	0.03
19720804	3.58	14.74	0.03
19720805	0.04	16.81	0.02
19720806	6.11	17.38	0.02
19720807	1.81	17.71	0.03
19720808	0.92	15.17	0.03
19720809	0.15	13.08	0.02
19720810	0.02	12.58	0.02
19720811	0.0	13.37	0.02
19720812	0.0	16.0	0.01
19720813	0.0	16.52	0.01
19720814	0.0	17.67	0.01
19720815	0.0	14.55	0.01
19720816	0.0	15.52	0.01
19720817	0.06	14.86	0.01
19720818	0.0	11.58	0.01
19720819	0.1	16.31	0.01
19720820	0.0	15.5	0.01
19720821	0.0	14.15	0.01
19720822	0.0	12.65	0.01
19720823	0.0	17.01	0.01
19720824	0.02	15.59	0.01
19720825	0.0	17.5	0.01
19720826	0.0	14.66	0.01
19720827	0.0	14.59	0.01
19720828	0.0	16.06	0.01
19720829	0.0	15.83	0.01
19720830	0.0	16.91	0.01
19720831	0.0	16.82	0.01
19720901	0.0	16.21	0.01
19720902	0.0	15.2	0.01
19720903	0.62	15.06	0.01
19720904	0.02	13.83	0.01
19720905	0.0	13.27	0.01
19720906	0.0	12.42	0.01
19720907	0.32	12.32	0.01
19720908	21.13	11.84	0.02
19720909	0.16	7.64	0.03
19720910	0.02	10.04	0.04
19720911	0.19	12.17	0.02
19720912	3.42	11.83	0.02
19720913	4.41	10.62	0.02
19720914	0.03	10.12	0.02
19720915	0.0	11.43	0.02
19720916	0.0	11.77	0.02
19720917	2.6	11.57	0.02
19720918	2.57	11.12	0.02
19720919	0.01	10.03	0.02
19720920	0.01	10.64	0.02
19720921	0.0	12.01	0.02
19720922	0.0	12.77	0.02
19720923	0.0	13.95	0.01
19720924	0.0	10.8	0.01
19720925	0.0	8.31	0.01
19720926	0.0	9.1	0.01
19720927	0.0	10.93	0.01
19720928	0.0	10.22	0.01
19720929	0.0	10.14	0.01
19720930	0.0	9.53	0.01
19721001	0.0	11.08	0.01
19721002	0.0	11.04	0.01
19721003	0.0	8.41	0.01
19721004	0.0	8.55	0.01
19721005	0.0	9.53	0.01
19721006	0.0	9.82	0.01
19721007	0.0	15.18	0.01
19721008	0.04	12.78	0.01
19721009	4.6	14.25	0.01
19721010	6.46	12.92	0.02
19721011	0.1	10.56	0.02
19721012	0.0	11.21	0.02
19721013	0.0	10.15	0.01
19721014	0.0	9.71	0.01
19721015	0.01	11.91	0.01
19721016	0.0	11.64	0.01
19721017	0.33	10.28	0.01
19721018	0.01	8.24	0.01
19721019	0.0	7.08	0.01
19721020	0.0	5.38	0.01
19721021	0.07	7.71	0.01
19721022	0.01	11.19	0.01
19721023	0.0	10.19	0.01
19721024	0.0	10.07	0.01
19721025	0.0	10.77	0.01
19721026	0.03	11.56	0.01
19721027	0.72	10.34	0.01
19721028	0.01	9.24	0.01
19721029	0.58	12.64	0.01
19721030	2.57	12.38	0.01
19721031	0.07	9.79	0.01
19721101	0.0	9.51	0.02
19721102	0.0	8.3	0.02
19721103	0.15	10.0	0.02
19721104	0.08	11.8	0.02
19721105	0.03	12.42	0.02
19721106	7.49	13.8	0.02
19721107	6.95	8.27	0.02
19721108	0.01	6.14	0.04
19721109	6.93	8.45	0.04
19721110	0.02	5.34	0.03
19721111	0.02	5.61	0.04
19721112	15.26	8.51	0.04
19721113	0.02	3.03	0.08
19721114	0.0	1.26	0.06
19721115	0.52	3.08	0.04
19721116	0.01	1.86	0.03
19721117	0.0	0.32	0.03
19721118	6.05	2.55	0.03
19721119	11.47	5.89	0.03
19721120	0.01	7.5	0.1
19721121	0.02	6.51	0.1
19721122	0.26	4.74	0.06
19721123	0.01	3.49	0.04
19721124	0.03	1.59	0.03
19721125	1.34	2.59	0.03
19721126	0.21	3.5	0.03
19721127	0.29	6.43	0.02
19721128	0.01	4.86	0.02
19721129	0.82	6.68	0.02
19721130	0.46	6.18	0.02
19721201	17.27	9.92	0.03
19721202	4.27	6.17	0.19
19721203	0.49	5.68	0.27
19721204	4.59	5.84	0.13
19721205	6.2	8.75	0.23
19721206	8.88	7.74	0.5
19721207	0.67	4.35	0.84
19721208	1.78	4.24	0.32
19721209	3.07	5.25	0.21
19721210	1.38	3.91	0.24
19721211	2.71	5.63	0.22
19721212	0.7	9.43	0.19
19721213	0.08	11.16	0.18
19721214	0.0	8.34	0.16
19721215	5.16	5.76	0.13
19721216	0.14	8.35	0.18
19721217	0.02	4.54	0.28
19721218	0.13	3.41	0.2
19721219	0.02	2.15	0.14
19721220	0.0	1.41	0.12
19721221	0.0	0.93	0.1
19721222	0.04	-0.12	0.09
19721223	0.39	2.04	0.08
19721224	0.02	3.16	0.07
19721225	0.04	3.62	0.07
19721226	0.1	5.36	0.06
19721227	0.01	8.28	0.06
19721228	0.06	5.32	0.06
19721229	0.14	2.3	0.05
19721230	0.01	-0.17	0.04
19721231	0.01	0.21	0.04
19730101	0.11	1.66	0.04
19730102	0.02	4.3	0.04
19730103	1.38	8.18	0.04
19730104	0.11	7.23	0.04
19730105	0.04	2.72	0.04
19730106	0.62	2.53	0.03
19730107	0.32	3.73	0.03
19730108	0.29	1.94	0.04
19730109	0.07	2.53	0.04
19730110	0.0	3.21	0.04
19730111	0.0	2.2	0.04
19730112	0.01	0.57	0.03
19730113	1.74	3.88	0.03
19730114	1.28	7.49	0.04
19730115	1.93	3.0	0.05
19730116	0.01	1.23	0.06
19730117	0.03	0.22	0.05
19730118	0.0	0.8	0.05
19730119	1.94	1.08	0.04
19730120	5.25	1.47	0.07
19730121	0.01	1.59	0.58
19730122	2.65	4.24	0.31
19730123	0.16	8.4	0.24
19730124	0.0	8.23	0.25
19730125	0.0	6.99	0.22
19730126	2.1	6.77	0.2
19730127	0.09	4.46	0.2
19730128	0.01	5.99	0.16
19730129	0.0	8.46	0.14
19730130	0.0	4.13	0.13
19730131	0.54	3.79	0.12
19730201	0.19	4.26	0.1
19730202	0.06	5.34	0.09
19730203	0.0	4.35	0.08
19730204	0.0	3.03	0.07
19730205	0.0	5.66	0.07
19730206	0.0	8.89	0.07
19730207	1.62	8.79	0.07
19730208	1.14	5.31	0.08
19730209	0.55	4.11	0.08
19730210	0.35	2.81	0.07
19730211	0.22	5.71	0.06
19730212	6.97	4.41	0.09
19730213	0.89	1.6	0.17
19730214	0.08	-1.06	0.14
19730215	0.01	0.13	0.11
19730216	0.0	0.54	0.08
19730217	0.0	1.76	0.06
19730218	0.52	4.66	0.06
19730219	0.11	7.66	0.06
19730220	0.0	9.12	0.06
19730221	1.1	6.0	0.06
19730222	1.26	4.47	0.06
19730223	3.1	2.74	0.07
19730224	0.01	1.54	0.08
19730225	0.0	-0.29	0.07
19730226	0.0	0.02	0.06
19730227	0.02	2.94	0.05
19730228	0.59	5.35	0.05
19730301	1.86	3.57	0.05
19730302	0.0	6.42	0.05
19730303	0.0	8.9	0.05
19730304	0.38	9.4	0.05
19730305	6.86	4.94	0.06
19730306	0.81	3.78	0.11
19730307	0.0	4.21	0.11
19730308	0.0	4.8	0.08
19730309	0.0	5.2	0.07
19730310	0.0	1.91	0.07
19730311	0.0	2.7	0.06
19730312	0.0	4.72	0.06
19730313	0.12	4.79	0.06
19730314	0.04	4.15	0.05
19730315	0.01	3.72	0.05
19730316	0.0	5.02	0.05
19730317	0.0	6.99	0.04
19730318	0.55	7.67	0.05
19730319	0.01	6.84	0.04
19730320	0.0	6.78	0.04
19730321	0.0	5.89	0.04
19730322	0.0	7.9	0.04
19730323	0.0	10.89	0.04
19730324	0.3	7.21	0.04
19730325	0.47	6.89	0.04
19730326	0.22	4.26	0.04
19730327	0.28	6.92	0.03
19730328	0.06	5.34	0.03
19730329	0.0	7.25	0.03
19730330	1.68	4.26	0.03
19730331	0.01	8.37	0.03
19730401	13.05	8.58	0.03
19730402	0.21	4.55	0.11
19730403	4.05	5.19	0.07
19730404	1.31	8.45	0.06
19730405	0.03	8.29	0.06
19730406	0.26	6.46	0.05
19730407	0.53	4.99	0.04
19730408	1.86	2.0	0.04
19730409	1.17	2.66	0.04
19730410	0.54	7.28	0.04
19730411	0.05	5.12	0.04
19730412	0.0	5.28	0.04
19730413	0.0	7.71	0.03
19730414	0.0	8.46	0.03
19730415	0.0	11.04	0.03
19730416	0.0	9.36	0.03
19730417	0.0	10.49	0.03
19730418	1.39	7.54	0.03
19730419	0.15	5.33	0.03
19730420	0.04	4.77	0.03
19730421	4.27	5.84	0.03
19730422	2.02	6.11	0.04
19730423	5.58	6.64	0.05
19730424	0.04	8.77	0.06
19730425	0.0	7.8	0.04
19730426	0.02	9.39	0.03
19730427	0.0	9.0	0.03
19730428	1.03	8.8	0.03
19730429	0.2	7.52	0.03
19730430	6.69	8.61	0.04
19730501	0.06	6.37	0.07
19730502	0.01	8.32	0.04
19730503	7.22	9.66	0.04
19730504	1.56	10.97	0.04
19730505	3.72	9.31	0.08
19730506	3.68	7.57	0.08
19730507	1.88	10.23	0.09
19730508	0.28	10.98	0.07
19730509	2.77	10.29	0.06
19730510	1.86	7.82	0.05
19730511	0.0	8.68	0.05
19730512	0.01	10.55	0.05
19730513	2.47	9.2	0.04
19730514	0.0	8.24	0.04
19730515	0.0	8.24	0.04
19730516	0.0	9.69	0.03
19730517	0.03	12.6	0.02
19730518	0.0	12.52	0.02
19730519	5.69	14.9	0.03
19730520	0.09	14.31	0.04
19730521	17.33	14.31	0.25
19730522	6.47	15.07	0.69
19730523	6.78	12.02	0.42
19730524	0.58	12.54	0.52
19730525	0.0	14.23	0.29
19730526	0.01	15.35	0.17
19730527	0.0	17.39	0.11
19730528	8.59	15.63	0.12
19730529	3.81	13.17	0.19
19730530	0.17	13.48	0.15
19730531	0.16	10.26	0.1
19730601	0.0	9.86	0.07
19730602	0.35	11.52	0.05
19730603	0.2	11.42	0.04
19730604	0.0	10.14	0.04
19730605	0.0	11.79	0.03
19730606	0.0	14.24	0.03
19730607	0.0	14.17	0.03
19730608	0.01	18.77	0.02
19730609	0.0	16.32	0.02
19730610	0.0	14.38	0.02
19730611	0.0	14.98	0.02
19730612	0.0	15.35	0.01
19730613	0.0	10.1	0.01
19730614	0.0	13.59	0.01
19730615	0.0	16.46	0.01
19730616	0.0	20.23	0.0
19730617	0.0	15.97	0.0
19730618	0.0	18.22	0.01
19730619	34.84	16.08	0.03
19730620	0.59	13.59	0.34
19730621	0.0	16.22	0.14
19730622	0.0	15.15	0.07
19730623	0.08	15.79	0.04
19730624	1.39	17.61	0.03
19730625	0.0	17.87	0.03
19730626	21.68	17.09	0.17
19730627	29.42	16.56	0.63
19730628	0.09	14.64	2.35
19730629	0.0	16.39	0.57
19730630	0.0	17.09	0.23
19730701	0.05	19.99	0.14
19730702	0.0	17.12	0.1
19730703	0.0	16.98	0.07
19730704	0.05	16.6	0.06
19730705	9.61	19.92	0.05
19730706	17.16	15.81	0.22
19730707	0.0	12.62	0.32
19730708	0.0	13.74	0.13
19730709	0.16	17.08	0.08
19730710	0.31	17.92	0.06
19730711	0.13	17.02	0.06
19730712	0.05	16.36	0.04
19730713	0.04	17.1	0.04
19730714	0.13	17.2	0.04
19730715	6.88	16.15	0.05
19730716	4.92	16.42	0.05
19730717	0.5	14.87	0.05
19730718	2.64	15.01	0.04
19730719	2.56	15.47	0.05
19730720	13.7	14.47	0.08
19730721	2.76	15.62	0.25
19730722	0.32	12.22	0.11
19730723	2.07	10.12	0.07
19730724	0.08	14.56	0.06
19730725	1.54	15.23	0.05
19730726	0.0	13.44	0.04
19730727	0.0	14.72	0.04
19730728	0.0	13.86	0.03
19730729	0.0	15.27	0.03
19730730	0.01	16.23	0.02
19730731	0.0	16.63	0.02
19730801	3.72	19.24	0.02
19730802	0.01	19.46	0.03
19730803	0.21	15.78	0.03
19730804	2.56	15.31	0.02
19730805	7.06	17.06	0.03
19730806	2.68	14.13	0.05
19730807	0.14	14.07	0.04
19730808	0.0	15.02	0.03
19730809	0.0	17.95	0.03
19730810	0.0	18.14	0.02
19730811	0.0	16.72	0.02
19730812	0.0	18.27	0.02
19730813	0.0	19.31	0.02
19730814	0.0	20.01	0.01
19730815	0.0	20.02	0.01
19730816	0.01	23.34	0.01
19730817	0.01	15.72	0.01
19730818	0.0	17.77	0.02
19730819	0.08	19.74	0.01
19730820	0.5	17.52	0.01
19730821	0.21	12.19	0.01
19730822	0.01	14.42	0.01
19730823	0.0	15.26	0.01
19730824	0.0	17.07	0.01
19730825	0.0	16.37	0.01
19730826	0.08	15.37	0.01
19730827	2.41	18.19	0.02
19730828	0.14	16.16	0.02
19730829	0.54	15.02	0.02
19730830	0.11	14.47	0.02
19730831	0.01	16.46	0.02
19730901	3.5	16.22	0.02
19730902	0.0	18.52	0.02
19730903	0.0	19.31	0.02
19730904	0.04	20.15	0.02
19730905	0.0	21.22	0.01
19730906	0.0	16.91	0.01
19730907	0.0	17.46	0.01
19730908	0.0	17.69	0.01
19730909	0.19	18.36	0.01
19730910	0.0	11.44	0.01
19730911	0.0	11.9	0.01
19730912	0.0	15.01	0.01
19730913	0.0	15.12	0.01
19730914	0.0	15.95	0.01
19730915	3.39	18.87	0.01
19730916	1.01	18.35	0.01
19730917	2.63	12.7	0.02
19730918	7.33	15.4	0.02
19730919	0.06	11.74	0.02
19730920	4.14	13.52	0.03
19730921	0.14	10.24	0.02
19730922	0.12	9.98	0.02
19730923	0.94	11.61	0.02
19730924	0.01	12.25	0.01
19730925	0.02	14.67	0.01
19730926	0.79	10.46	0.02
19730927	9.03	11.58	0.02
19730928	0.02	10.78	0.03
19730929	2.9	11.09	0.03
19730930	0.18	8.18	0.02
19731001	0.0	7.59	0.02
19731002	0.33	11.74	0.01
19731003	0.12	12.81	0.01
19731004	0.0	13.74	0.01
19731005	0.0	14.86	0.01
19731006	7.36	15.09	0.02
19731007	0.12	12.06	0.03
19731008	0.03	14.14	0.02
19731009	3.82	13.39	0.02
19731010	8.92	10.3	0.02
19731011	0.0	5.01	0.04
19731012	0.0	8.78	0.03
19731013	0.0	7.6	0.02
19731014	0.39	8.13	0.02
19731015	2.63	8.09	0.02
19731016	2.22	4.6	0.02
19731017	0.0	4.25	0.02
19731018	0.42	7.39	0.02
19731019	6.43	8.36	0.02
19731020	0.51	9.95	0.03
19731021	0.01	6.68	0.02
19731022	0.24	7.87	0.02
19731023	0.0	7.48	0.02
19731024	0.0	8.31	0.02
19731025	0.02	7.27	0.02
19731026	0.0	7.31	0.01
19731027	0.0	7.04	0.01
19731028	0.0	7.53	0.01
19731029	0.0	4.27	0.02
19731030	0.0	5.38	0.01
19731031	0.01	7.38	0.01
19731101	0.03	7.84	0.01
19731102	0.05	10.03	0.01
19731103	0.31	11.36	0.01
19731104	8.42	9.79	0.02
19731105	0.17	5.18	0.02
19731106	0.01	4.31	0.03
19731107	0.01	8.98	0.02
19731108	0.0	11.86	0.02
19731109	3.77	11.23	0.02
19731110	0.1	7.66	0.02
19731111	0.0	4.53	0.02
19731112	1.36	9.75	0.02
19731113	0.71	6.54	0.02
19731114	3.91	8.29	0.02
19731115	1.27	6.29	0.02
19731116	0.05	1.94	0.03
19731117	0.0	2.18	0.02
19731118	0.1	6.64	0.02
19731119	0.0	2.64	0.02
19731120	0.0	1.79	0.02
19731121	0.0	2.5	0.02
19731122	0.0	4.14	0.02
19731123	0.03	9.41	0.02
19731124	0.34	6.17	0.02
19731125	0.23	0.98	0.02
19731126	0.0	-1.35	0.02
19731127	0.08	-2.3	0.02
19731128	6.61	-1.25	0.02
19731129	0.0	-0.97	0.02
19731130	0.0	-3.2	0.03
19731201	0.0	-2.24	0.02
19731202	0.08	0.53	0.02
19731203	0.04	7.84	0.02
19731204	0.01	9.83	0.03
19731205	0.01	8.08	0.03
19731206	0.03	5.66	0.02
19731207	9.4	6.71	0.03
19731208	0.33	1.24	0.08
19731209	0.0	0.68	0.08
19731210	1.18	4.21	0.05
19731211	0.03	3.7	0.04
19731212	0.25	5.06	0.03
19731213	0.2	7.17	0.03
19731214	0.21	2.33	0.02
19731215	0.67	4.39	0.02
19731216	0.86	5.02	0.03
19731217	0.15	1.89	0.03
19731218	0.01	2.61	0.02
19731219	0.95	5.02	0.02
19731220	2.44	7.85	0.02
19731221	5.27	6.34	0.04
19731222	1.21	4.62	0.07
19731223	0.93	3.77	0.08
19731224	0.02	3.0	0.07
19731225	2.29	3.45	0.06
19731226	0.24	8.01	0.06
19731227	0.48	8.32	0.06
19731228	0.78	8.05	0.06
19731229	2.15	6.84	0.06
19731230	0.71	1.03	0.06
19731231	0.02	-0.58	0.07
19740101	0.24	-1.71	0.06
19740102	0.24	-0.05	0.06
19740103	0.11	3.56	0.05
19740104	5.33	7.4	0.06
19740105	3.58	6.67	0.17
19740106	4.48	6.63	0.27
19740107	1.04	5.38	0.34
19740108	4.87	3.59	0.49
19740109	0.11	1.62	0.68
19740110	6.69	6.8	0.43
19740111	0.71	8.34	0.71
19740112	6.27	8.93	0.58
19740113	3.31	5.39	1.39
19740114	0.65	8.69	1.19
19740115	5.52	8.45	0.68
19740116	3.89	6.62	1.76
19740117	0.18	6.94	1.32
19740118	0.0	8.93	0.64
19740119	0.0	6.03	0.41
19740120	0.0	4.69	0.3
19740121	0.0	4.43	0.24
19740122	0.23	6.32	0.2
19740123	2.48	7.55	0.18
19740124	0.02	5.3	0.17
19740125	0.01	6.38	0.15
19740126	1.47	5.38	0.15
19740127	2.12	5.9	0.15
19740128	0.04	5.02	0.16
19740129	0.0	4.52	0.15
19740130	0.04	5.8	0.14
19740131	0.1	6.57	0.13
19740201	0.42	7.77	0.11
19740202	0.08	4.81	0.1
19740203	2.06	4.62	0.09
19740204	2.2	2.51	0.09
19740205	2.48	2.39	0.11
19740206	2.1	3.0	0.15
19740207	1.16	1.43	0.15
19740208	12.58	5.98	0.35
19740209	7.57	8.37	5.45
19740210	6.57	9.75	2.73
19740211	2.88	7.08	2.83
19740212	0.07	6.13	1.91
19740213	0.98	3.58	0.98
19740214	5.68	5.19	0.71
19740215	1.17	8.54	1.34
19740216	0.38	8.12	0.89
19740217	0.06	6.46	0.54
19740218	0.12	5.05	0.42
19740219	0.09	1.72	0.34
19740220	0.24	4.6	0.27
19740221	0.03	9.93	0.25
19740222	1.57	5.15	0.23
19740223	0.01	3.65	0.19
19740224	0.0	5.26	0.16
19740225	0.0	4.7	0.15
19740226	0.02	3.97	0.14
19740227	0.01	1.17	0.13
19740228	7.48	1.93	0.13
19740301	0.08	1.92	0.26
19740302	0.01	2.03	0.23
19740303	1.3	3.86	0.18
19740304	1.43	3.88	0.17
19740305	0.12	1.94	0.17
19740306	0.04	5.27	0.14
19740307	0.0	5.27	0.12
19740308	0.14	4.05	0.12
19740309	1.86	2.15	0.13
19740310	3.47	3.77	0.14
19740311	0.99	3.49	0.15
19740312	0.07	1.91	0.15
19740313	1.85	3.52	0.15
19740314	2.89	4.67	0.18
19740315	2.13	7.76	0.43
19740316	0.0	9.04	0.63
19740317	2.13	6.61	0.43
19740318	0.56	7.26	0.35
19740319	1.42	7.09	0.27
19740320	0.05	5.93	0.21
19740321	0.0	6.79	0.17
19740322	0.0	7.0	0.16
19740323	0.0	7.05	0.15
19740324	0.54	6.49	0.14
19740325	0.01	9.81	0.13
19740326	0.0	6.43	0.12
19740327	0.0	6.62	0.11
19740328	0.0	7.64	0.1
19740329	0.0	6.62	0.09
19740330	0.0	6.87	0.08
19740331	0.0	7.64	0.07
19740401	0.0	8.69	0.08
19740402	0.0	8.52	0.09
19740403	0.0	8.22	0.07
19740404	0.0	10.67	0.06
19740405	0.0	10.17	0.06
19740406	0.0	9.82	0.06
19740407	0.0	10.44	0.05
19740408	0.0	9.12	0.05
19740409	0.0	10.03	0.05
19740410	0.0	10.48	0.06
19740411	3.35	9.08	0.07
19740412	0.07	7.35	0.07
19740413	0.0	4.4	0.05
19740414	0.0	4.54	0.04
19740415	0.0	6.13	0.04
19740416	0.0	9.02	0.04
19740417	0.07	6.09	0.04
19740418	0.13	6.6	0.04
19740419	0.0	7.06	0.04
19740420	0.0	6.78	0.03
19740421	0.0	5.01	0.03
19740422	0.0	4.81	0.03
19740423	0.02	6.9	0.03
19740424	0.02	6.99	0.03
19740425	2.21	5.99	0.03
19740426	0.07	5.64	0.03
19740427	2.89	6.81	0.03
19740428	4.5	4.94	0.07
19740429	0.02	6.65	0.05
19740430	0.0	8.87	0.04
19740501	2.04	7.88	0.03
19740502	2.57	8.75	0.04
19740503	0.18	9.46	0.05
19740504	0.14	8.24	0.04
19740505	0.98	6.03	0.03
19740506	0.0	5.25	0.03
19740507	0.0	5.83	0.03
19740508	0.0	9.0	0.03
19740509	1.53	11.78	0.02
19740510	1.43	11.65	0.03
19740511	4.99	10.38	0.03
19740512	0.07	12.07	0.05
19740513	1.45	10.74	0.03
19740514	0.0	9.8	0.02
19740515	0.0	12.48	0.02
19740516	0.26	14.86	0.02
19740517	0.0	13.15	0.02
19740518	0.04	13.9	0.02
19740519	0.0	14.04	0.02
19740520	0.0	13.72	0.02
19740521	0.22	10.91	0.02
19740522	3.07	12.0	0.02
19740523	5.58	9.85	0.03
19740524	1.11	11.54	0.04
19740525	0.01	8.1	0.03
19740526	0.0	13.4	0.02
19740527	0.0	12.74	0.02
19740528	0.34	9.87	0.02
19740529	0.01	8.22	0.02
19740530	0.0	12.2	0.02
19740531	0.0	10.61	0.01
19740601	0.06	17.25	0.01
19740602	1.21	14.52	0.01
19740603	0.04	11.45	0.01
19740604	0.0	13.05	0.01
19740605	0.33	14.74	0.01
19740606	1.99	9.93	0.01
19740607	6.4	11.9	0.01
19740608	1.84	9.24	0.01
19740609	1.82	9.75	0.02
19740610	0.09	11.66	0.02
19740611	0.0	16.06	0.02
19740612	0.0	11.96	0.01
19740613	0.0	13.06	0.01
19740614	0.0	15.64	0.01
19740615	4.38	16.22	0.01
19740616	22.98	18.18	0.05
19740617	1.98	14.09	0.2
19740618	0.02	14.22	0.08
19740619	0.03	13.78	0.04
19740620	0.0	16.78	0.03
19740621	0.0	16.32	0.02
19740622	0.0	15.75	0.02
19740623	0.0	13.64	0.02
19740624	0.0	15.27	0.02
19740625	0.06	14.64	0.02
19740626	13.8	11.56	0.03
19740627	1.99	10.35	0.07
19740628	6.55	12.4	0.05
19740629	0.02	15.88	0.07
19740630	0.35	16.1	0.06
19740701	0.01	12.51	0.04
19740702	21.52	14.33	0.08
19740703	1.3	13.16	0.4
19740704	5.06	14.32	0.15
19740705	0.11	15.23	0.11
19740706	0.0	13.38	0.08
19740707	0.0	19.27	0.05
19740708	0.0	18.43	0.04
19740709	0.05	16.83	0.03
19740710	0.9	15.13	0.03
19740711	0.01	13.46	0.02
19740712	0.01	14.34	0.02
19740713	9.3	12.77	0.02
19740714	1.77	14.2	0.03
19740715	5.19	14.39	0.05
19740716	4.64	14.46	0.06
19740717	0.17	12.76	0.05
19740718	0.01	12.56	0.04
19740719	0.37	17.45	0.03
19740720	0.0	14.92	0.02
19740721	0.0	17.65	0.02
19740722	0.08	16.99	0.01
19740723	0.21	15.35	0.01
19740724	0.35	12.77	0.01
19740725	1.52	16.39	0.01
19740726	0.02	16.27	0.01
19740727	0.07	16.33	0.01
19740728	0.13	15.4	0.01
19740729	0.02	17.38	0.01
19740730	0.69	18.29	0.01
19740731	0.72	17.72	0.01
19740801	0.13	13.23	0.01
19740802	0.0	13.33	0.01
19740803	1.12	16.05	0.01
19740804	14.83	12.48	0.01
19740805	2.1	14.19	0.05
19740806	0.0	15.74	0.03
19740807	3.22	17.88	0.02
19740808	14.25	14.83	0.11
19740809	4.2	16.24	0.19
19740810	2.7	14.37	0.07
19740811	9.46	16.2	0.04
19740812	2.65	15.63	0.07
19740813	6.87	15.75	0.09
19740814	1.8	18.27	0.13
19740815	0.3	19.88	0.08
19740816	0.01	15.81	0.05
19740817	1.04	14.11	0.03
19740818	0.43	13.97	0.02
19740819	0.34	13.11	0.02
19740820	0.0	14.77	0.02
19740821	0.0	16.54	0.02
19740822	0.0	16.13	0.02
19740823	0.0	17.2	0.02
19740824	0.0	17.62	0.01
19740825	17.86	17.77	0.02
19740826	6.44	14.34	0.1
19740827	1.7	11.15	0.15
19740828	0.0	14.26	0.06
19740829	0.0	17.14	0.03
19740830	4.63	15.46	0.03
19740831	2.0	14.35	0.03
19740901	3.99	12.98	0.04
19740902	6.27	15.22	0.03
19740903	0.89	14.4	0.04
19740904	15.17	13.85	0.03
19740905	3.83	12.13	0.14
19740906	5.34	14.46	0.28
19740907	0.21	13.21	0.17
19740908	0.0	14.11	0.17
19740909	0.34	12.56	0.1
19740910	0.0	12.14	0.06
19740911	2.59	15.73	0.05
19740912	2.11	17.88	0.04
19740913	0.03	14.14	0.04
19740914	0.07	15.54	0.03
19740915	2.44	14.71	0.03
19740916	0.0	15.57	0.03
19740917	2.17	10.17	0.03
19740918	0.0	10.07	0.03
19740919	0.0	11.3	0.02
19740920	0.14	12.8	0.02
19740921	1.0	9.93	0.02
19740922	6.13	11.3	0.02
19740923	3.04	12.0	0.03
19740924	3.91	9.71	0.04
19740925	3.33	9.04	0.04
19740926	8.08	9.64	0.04
19740927	10.24	7.27	0.21
19740928	0.36	7.1	0.62
19740929	0.38	7.15	0.25
19740930	0.56	7.22	0.14
19741001	1.83	8.54	0.09
19741002	4.73	7.04	0.07
19741003	11.83	9.19	0.1
19741004	6.41	8.35	1.76
19741005	0.01	8.1	2.66
19741006	12.64	6.91	0.61
19741007	13.1	7.88	8.07
19741008	0.18	9.47	11.57
19741009	1.27	8.02	1.94
19741010	4.43	6.9	0.86
19741011	0.17	6.69	0.83
19741012	0.04	6.29	0.57
19741013	0.08	6.12	0.39
19741014	0.06	6.89	0.29
19741015	11.1	8.47	0.26
19741016	1.21	8.06	1.43
19741017	0.12	7.54	0.99
19741018	9.07	7.64	2.16
19741019	1.08	8.14	3.31
19741020	0.13	6.13	1.13
19741021	3.27	7.45	0.64
19741022	0.44	8.56	0.58
19741023	0.01	7.86	0.55
19741024	0.01	9.05	0.39
19741025	0.06	9.77	0.31
19741026	0.03	10.01	0.26
19741027	0.24	7.32	0.23
19741028	0.18	6.01	0.19
19741029	1.02	4.29	0.15
19741030	1.39	2.04	0.13
19741031	1.18	4.37	0.13
19741101	1.28	5.7	0.12
19741102	1.34	7.86	0.11
19741103	2.51	6.23	0.12
19741104	0.16	6.01	0.14
19741105	0.01	5.82	0.13
19741106	0.92	7.8	0.12
19741107	0.58	9.17	0.12
19741108	0.33	9.71	0.12
19741109	0.5	9.19	0.13
19741110	4.69	8.77	0.12
19741111	3.1	5.87	0.49
19741112	0.34	4.92	0.53
19741113	19.91	8.77	1.28
19741114	0.86	8.59	9.13
19741115	0.13	7.33	2.4
19741116	0.23	4.82	1.04
19741117	17.59	6.34	1.04
19741118	13.36	3.34	11.38
19741119	2.92	2.61	6.38
19741120	16.6	4.87	5.25
19741121	7.6	7.42	9.82
19741122	0.55	6.6	8.44
19741123	0.07	6.54	3.19
19741124	2.57	6.88	1.96
19741125	0.0	5.48	1.56
19741126	0.12	3.13	0.99
19741127	2.93	6.56	0.81
19741128	0.88	6.08	0.98
19741129	4.19	6.49	0.77
19741130	0.14	7.94	1.08
19741201	0.05	10.74	0.91
19741202	0.38	11.86	0.68
19741203	0.06	10.88	0.55
19741204	0.02	7.59	0.5
19741205	0.02	7.4	0.4
19741206	0.0	9.03	0.34
19741207	0.01	11.06	0.31
19741208	0.38	9.45	0.28
19741209	0.0	4.48	0.26
19741210	4.13	3.98	0.23
19741211	2.74	2.09	0.25
19741212	2.75	4.09	0.41
19741213	0.17	3.76	0.43
19741214	0.19	5.93	0.36
19741215	0.44	5.17	0.3
19741216	2.08	6.39	0.31
19741217	0.2	4.98	0.31
19741218	0.04	5.95	0.23
19741219	0.0	8.89	0.2
19741220	0.01	9.78	0.21
19741221	0.16	10.5	0.2
19741222	1.22	10.09	0.19
19741223	0.05	9.46	0.18
19741224	0.16	5.17	0.19
19741225	4.06	8.95	0.32
19741226	5.83	9.03	0.95
19741227	0.19	10.17	1.18
19741228	0.47	12.41	0.82
19741229	0.18	5.73	0.52
19741230	0.05	4.59	0.35
19741231	0.01	7.82	0.32
19750101	0.86	7.26	0.28
19750102	0.0	7.3	0.25
19750103	0.0	4.96	0.22
19750104	0.04	5.51	0.2
19750105	0.0	9.14	0.19
19750106	2.07	7.91	0.2
19750107	0.59	6.2	0.2
19750108	0.02	6.73	0.17
19750109	0.0	7.7	0.15
19750110	0.0	8.38	0.15
19750111	0.0	9.45	0.15
19750112	1.33	6.74	0.15
19750113	0.02	7.29	0.13
19750114	0.41	7.55	0.14
19750115	1.39	8.39	0.14
19750116	0.6	4.06	0.13
19750117	1.2	2.7	0.12
19750118	0.18	1.14	0.12
19750119	3.43	4.11	0.1
19750120	9.8	4.65	1.9
19750121	2.97	6.52	1.43
19750122	2.0	6.25	1.31
19750123	1.75	5.41	1.29
19750124	3.13	7.1	0.9
19750125	0.53	5.51	1.08
19750126	7.98	5.67	0.98
19750127	1.3	5.08	3.65
19750128	8.37	2.63	5.45
19750129	0.94	7.09	3.35
19750130	1.28	11.34	1.73
19750131	2.48	6.34	1.86
19750201	0.37	5.67	1.33
19750202	0.1	4.49	0.88
19750203	0.09	4.13	0.67
19750204	0.0	3.01	0.53
19750205	0.06	1.8	0.44
19750206	0.0	3.66	0.38
19750207	0.0	4.11	0.34
19750208	0.0	2.17	0.3
19750209	0.0	2.7	0.28
19750210	2.0	3.62	0.27
19750211	2.55	6.8	0.3
19750212	2.36	6.82	0.38
19750213	1.63	4.48	0.58
19750214	6.18	3.44	0.88
19750215	0.1	1.68	1.93
19750216	0.12	4.67	1.09
19750217	0.17	7.64	0.77
19750218	5.24	3.55	0.83
19750219	0.02	2.86	1.24
19750220	0.08	3.48	0.85
19750221	0.1	1.84	0.61
19750222	0.0	4.56	0.48
19750223	0.08	4.09	0.39
19750224	0.04	5.04	0.34
19750225	0.0	4.35	0.31
19750226	0.0	2.44	0.28
19750227	0.0	2.0	0.26
19750228	0.01	3.08	0.26
19750301	0.05	7.97	0.26
19750302	2.31	8.64	0.27
19750303	0.81	6.97	0.28
19750304	12.13	8.71	0.36
19750305	0.79	5.78	3.6
19750306	5.33	6.78	2.6
19750307	1.93	5.64	2.45
19750308	14.42	6.4	2.35
19750309	3.19	4.36	9.13
19750310	4.02	3.95	2.76
19750311	10.21	5.06	5.94
19750312	3.27	4.42	5.37
19750313	11.89	3.21	8.13
19750314	0.47	2.62	5.97
19750315	1.36	2.67	2.04
19750316	0.21	1.88	1.26
19750317	0.17	2.47	0.88
19750318	0.91	2.11	0.66
19750319	0.13	3.53	0.54
19750320	0.04	4.73	0.44
19750321	9.05	4.69	0.45
19750322	0.53	5.36	2.16
19750323	0.05	6.72	1.09
19750324	0.0	4.78	0.71
19750325	0.35	6.16	0.51
19750326	0.91	3.03	0.46
19750327	4.36	1.93	0.4
19750328	0.53	2.5	0.69
19750329	1.02	3.0	0.66
19750330	0.63	1.94	0.5
19750331	0.63	4.38	0.39
19750401	4.45	6.15	0.34
19750402	0.92	3.46	0.52
19750403	6.92	2.74	0.5
19750404	2.72	1.99	3.91
19750405	5.01	2.81	2.2
19750406	0.18	3.32	2.39
19750407	1.86	4.8	1.38
19750408	2.54	2.43	0.88
19750409	0.29	1.92	0.6
19750410	1.66	5.69	0.49
19750411	0.93	8.85	0.42
19750412	0.0	8.39	0.36
19750413	2.27	12.09	0.33
19750414	4.21	9.66	0.52
19750415	3.26	8.37	0.61
19750416	3.29	10.6	0.51
19750417	2.48	11.21	0.73
19750418	22.38	13.16	2.71
19750419	0.74	8.96	10.26
19750420	0.13	11.5	2.02
19750421	0.03	10.8	0.96
19750422	0.23	14.26	0.57
19750423	0.0	9.81	0.41
19750424	0.0	12.37	0.32
19750425	0.22	13.94	0.33
19750426	0.26	13.49	0.29
19750427	0.86	10.35	0.26
19750428	0.04	13.05	0.25
19750429	0.31	7.39	0.23
19750430	0.33	10.03	0.16
19750501	0.1	11.56	0.14
19750502	4.45	9.19	0.14
19750503	0.36	7.14	0.14
19750504	0.0	7.23	0.11
19750505	0.0	8.79	0.11
19750506	0.0	9.98	0.1
19750507	10.87	11.31	0.17
19750508	0.01	12.04	0.22
19750509	0.84	11.29	0.14
19750510	0.31	10.62	0.13
19750511	0.04	7.14	0.11
19750512	3.48	10.61	0.1
19750513	2.37	10.89	0.12
19750514	3.64	11.16	0.11
19750515	0.78	6.77	0.11
19750516	7.29	8.21	0.11
19750517	14.9	7.63	5.84
19750518	0.06	6.6	2.93
19750519	0.0	10.43	1.08
19750520	0.0	14.35	0.58
19750521	0.0	11.05	0.39
19750522	0.0	6.68	0.3
19750523	0.0	7.71	0.24
19750524	1.27	8.23	0.2
19750525	0.07	9.72	0.17
19750526	0.0	11.89	0.14
19750527	0.0	12.56	0.12
19750528	0.0	11.64	0.11
19750529	0.01	7.81	0.11
19750530	0.02	4.72	0.11
19750531	0.01	7.75	0.09
19750601	1.62	7.31	0.08
19750602	2.15	7.55	0.09
19750603	0.06	7.07	0.08
19750604	0.12	10.78	0.06
19750605	0.07	15.11	0.06
19750606	0.0	17.13	0.06
19750607	0.0	16.42	0.05
19750608	0.0	15.67	0.05
19750609	0.0	14.94	0.04
19750610	0.0	15.44	0.04
19750611	0.0	16.06	0.04
19750612	0.0	18.81	0.04
19750613	0.0	18.52	0.03
19750614	0.0	16.51	0.03
19750615	9.85	10.98	0.05
19750616	3.29	11.85	0.09
19750617	1.42	12.4	0.05
19750618	0.0	16.45	0.04
19750619	0.0	15.8	0.03
19750620	0.0	17.06	0.03
19750621	0.0	17.13	0.02
19750622	0.0	14.32	0.02
19750623	3.08	14.97	0.03
19750624	0.0	15.26	0.03
19750625	0.0	14.56	0.02
19750626	0.0	17.73	0.02
19750627	0.0	12.39	0.02
19750628	0.0	9.82	0.02
19750629	0.0	12.13	0.02
19750630	0.0	14.54	0.02
19750701	0.0	16.26	0.01
19750702	0.0	15.67	0.01
19750703	0.0	17.52	0.01
19750704	0.0	15.43	0.01
19750705	0.0	14.16	0.01
19750706	0.0	15.2	0.01
19750707	5.65	17.2	0.01
19750708	5.09	17.56	0.01
19750709	2.84	18.36	0.01
19750710	0.56	18.22	0.01
19750711	1.79	17.5	0.02
19750712	4.26	17.66	0.01
19750713	0.23	20.88	0.01
19750714	0.18	19.67	0.01
19750715	2.48	17.72	0.01
19750716	0.33	18.89	0.01
19750717	12.03	17.18	0.04
19750718	10.98	16.8	0.08
19750719	0.42	18.74	0.06
19750720	0.29	15.32	0.04
19750721	0.24	17.41	0.03
19750722	0.15	17.68	0.02
19750723	0.52	15.05	0.02
19750724	2.82	13.71	0.02
19750725	0.0	15.25	0.02
19750726	0.06	19.89	0.02
19750727	0.0	19.26	0.02
19750728	0.0	21.12	0.02
19750729	0.0	21.24	0.01
19750730	0.0	22.38	0.01
19750731	0.01	19.19	0.01
19750801	0.0	17.72	0.01
19750802	0.0	19.34	0.01
19750803	0.0	21.05	0.01
19750804	0.01	25.02	0.01
19750805	3.2	20.92	0.01
19750806	0.0	21.65	0.01
19750807	0.0	23.26	0.01
19750808	0.6	25.13	0.01
19750809	0.0	19.63	0.01
19750810	0.0	19.73	0.01
19750811	0.01	20.56	0.01
19750812	0.0	20.94	0.01
19750813	0.18	21.6	0.01
19750814	1.29	22.71	0.01
19750815	0.14	18.44	0.02
19750816	0.0	15.3	0.01
19750817	0.0	17.49	0.01
19750818	0.3	18.17	0.02
19750819	0.91	20.18	0.01
19750820	0.7	17.57	0.01
19750821	2.88	13.73	0.01
19750822	0.07	12.91	0.01
19750823	1.27	15.53	0.01
19750824	0.48	14.53	0.01
19750825	0.04	15.65	0.01
19750826	0.0	19.21	0.01
19750827	0.0	18.06	0.01
19750828	0.0	17.49	0.01
19750829	0.0	21.19	0.01
19750830	2.95	15.48	0.01
19750831	0.01	13.04	0.01
19750901	0.0	14.57	0.01
19750902	0.0	15.88	0.01
19750903	0.0	13.77	0.01
19750904	0.0	13.79	0.01
19750905	0.0	14.73	0.01
19750906	0.0	17.04	0.0
19750907	0.0	17.15	0.0
19750908	0.69	18.72	0.0
19750909	1.55	16.49	0.01
19750910	0.26	14.62	0.01
19750911	2.59	12.37	0.01
19750912	0.29	10.52	0.01
19750913	22.36	12.29	0.01
19750914	1.28	9.08	0.04
19750915	0.01	7.66	0.03
19750916	4.86	12.02	0.01
19750917	1.44	15.65	0.01
19750918	0.69	12.34	0.01
19750919	0.18	15.92	0.01
19750920	0.01	13.01	0.01
19750921	0.0	12.43	0.01
19750922	0.0	15.22	0.01
19750923	0.0	12.97	0.01
19750924	0.01	15.65	0.01
19750925	11.1	11.51	0.01
19750926	10.85	11.49	0.03
19750927	2.38	11.93	0.04
19750928	0.72	14.84	0.03
19750929	1.44	16.63	0.01
19750930	2.71	11.68	0.01
19751001	0.82	11.19	0.01
19751002	1.6	13.84	0.01
19751003	0.0	10.42	0.01
19751004	0.07	13.23	0.01
19751005	0.0	12.92	0.01
19751006	0.0	11.13	0.01
19751007	0.0	8.95	0.01
19751008	0.0	8.78	0.01
19751009	1.88	10.54	0.01
19751010	0.38	8.79	0.01
19751011	0.04	7.82	0.01
19751012	0.12	6.37	0.01
19751013	0.01	7.55	0.01
19751014	1.0	8.0	0.01
19751015	0.14	9.13	0.01
19751016	5.48	8.1	0.01
19751017	0.9	9.71	0.02
19751018	0.09	8.49	0.02
19751019	0.01	9.66	0.01
19751020	0.0	9.55	0.01
19751021	0.0	7.6	0.01
19751022	0.0	9.63	0.01
19751023	0.01	11.45	0.01
19751024	0.0	11.33	0.01
19751025	0.0	9.67	0.01
19751026	0.0	9.11	0.01
19751027	0.01	7.71	0.01
19751028	0.02	6.81	0.01
19751029	0.01	8.91	0.01
19751030	0.0	12.91	0.01
19751031	1.53	10.94	0.01
19751101	1.88	9.29	0.01
19751102	4.04	9.69	0.01
19751103	0.1	6.31	0.01
19751104	0.0	8.22	0.01
19751105	0.96	9.98	0.01
19751106	0.0	6.8	0.01
19751107	0.06	6.9	0.01
19751108	0.0	8.63	0.01
19751109	0.24	5.31	0.01
19751110	0.72	1.78	0.01
19751111	0.01	4.27	0.01
19751112	0.02	3.03	0.01
19751113	0.0	0.87	0.01
19751114	0.28	2.46	0.01
19751115	10.74	10.42	0.02
19751116	1.41	5.9	0.05
19751117	0.16	3.72	0.04
19751118	1.66	4.58	0.03
19751119	2.43	10.32	0.03
19751120	0.0	3.51	0.03
19751121	0.0	2.19	0.02
19751122	0.01	3.32	0.02
19751123	0.01	6.24	0.02
19751124	1.75	6.5	0.02
19751125	0.84	6.57	0.02
19751126	1.22	2.55	0.02
19751127	1.88	7.26	0.02
19751128	2.19	2.62	0.02
19751129	0.12	1.52	0.03
19751130	0.18	-0.27	0.03
19751201	12.72	6.34	0.03
19751202	0.5	4.45	0.13
19751203	0.01	2.55	0.08
19751204	0.0	7.0	0.05
19751205	0.0	8.09	0.03
19751206	0.0	7.76	0.03
19751207	0.06	4.13	0.03
19751208	0.01	0.64	0.03
19751209	0.06	1.92	0.03
19751210	0.04	4.44	0.03
19751211	1.31	3.75	0.03
19751212	0.8	1.77	0.03
19751213	0.01	-1.11	0.03
19751214	0.06	0.45	0.03
19751215	0.08	0.46	0.02
19751216	0.02	2.68	0.02
19751217	0.24	0.58	0.02
19751218	0.46	1.79	0.02
19751219	0.08	4.72	0.02
19751220	0.02	4.39	0.02
19751221	0.0	6.84	0.02
19751222	0.0	6.72	0.02
19751223	2.27	4.89	0.02
19751224	5.32	4.44	0.02
19751225	0.06	8.38	0.04
19751226	0.0	6.16	0.05
19751227	0.0	5.88	0.04
19751228	0.02	5.98	0.03
19751229	0.0	7.6	0.03
19751230	0.0	8.42	0.03
19751231	5.8	6.12	0.03
19760101	2.57	7.01	0.04
19760102	3.67	8.0	0.05
19760103	0.02	2.31	0.07
19760104	8.17	5.65	0.09
19760105	0.4	8.67	0.19
19760106	0.08	7.88	0.12
19760107	0.0	8.29	0.08
19760108	0.0	8.61	0.06
19760109	4.75	8.23	0.05
19760110	0.08	9.59	0.06
19760111	0.0	10.08	0.06
19760112	0.0	9.64	0.05
19760113	0.0	8.6	0.05
19760114	0.0	5.49	0.04
19760115	0.0	4.86	0.03
19760116	0.03	6.64	0.03
19760117	0.04	6.47	0.03
19760118	0.92	4.78	0.03
19760119	0.04	7.6	0.03
19760120	1.05	7.72	0.03
19760121	0.84	7.45	0.03
19760122	0.02	7.9	0.03
19760123	0.14	2.14	0.03
19760124	1.65	0.37	0.03
19760125	0.65	-0.25	0.03
19760126	1.52	0.76	0.03
19760127	0.05	-0.34	0.03
19760128	0.0	-0.46	0.02
19760129	0.0	-0.72	0.02
19760130	0.0	-2.31	0.02
19760131	0.0	-1.5	0.02
19760201	0.09	-0.43	0.02
19760202	0.08	-0.78	0.02
19760203	0.73	-0.45	0.02
19760204	0.09	0.38	0.02
19760205	0.04	1.08	0.02
19760206	0.6	3.67	0.03
19760207	0.53	4.04	0.03
19760208	1.08	3.68	0.03
19760209	0.32	5.28	0.03
19760210	2.29	4.29	0.03
19760211	0.22	3.76	0.03
19760212	5.43	6.62	0.04
19760213	0.07	2.59	0.05
19760214	0.0	1.33	0.05
19760215	0.11	0.53	0.04
19760216	0.4	0.88	0.03
19760217	0.35	1.87	0.03
19760218	0.0	2.19	0.03
19760219	0.0	3.57	0.03
19760220	0.0	5.02	0.03
19760221	2.55	7.61	0.03
19760222	0.09	8.94	0.03
19760223	0.2	9.48	0.03
19760224	0.06	8.93	0.03
19760225	0.0	8.96	0.03
19760226	0.0	6.83	0.03
19760227	0.0	7.16	0.03
19760228	0.15	5.86	0.03
19760229	0.7	6.93	0.03
19760301	0.01	3.02	0.02
19760302	0.0	4.98	0.02
19760303	0.0	3.62	0.02
19760304	0.0	4.07	0.02
19760305	0.0	3.39	0.02
19760306	0.0	0.55	0.01
19760307	0.0	0.09	0.01
19760308	0.01	0.94	0.02
19760309	0.0	2.21	0.02
19760310	0.0	5.52	0.01
19760311	1.69	5.76	0.01
19760312	3.29	4.45	0.02
19760313	0.23	3.5	0.02
19760314	0.29	2.94	0.03
19760315	4.06	5.18	0.03
19760316	4.15	4.33	0.03
19760317	2.8	4.91	0.05
19760318	0.05	2.2	0.07
19760319	0.0	1.88	0.05
19760320	0.0	4.42	0.04
19760321	0.0	4.09	0.03
19760322	0.0	1.01	0.03
19760323	0.0	1.16	0.03
19760324	1.36	5.4	0.04
19760325	1.21	10.22	0.04
19760326	0.01	7.53	0.03
19760327	0.0	8.54	0.03
19760328	0.0	9.48	0.02
19760329	0.0	9.44	0.02
19760330	0.0	8.8	0.03
19760331	0.08	9.99	0.03
19760401	0.27	9.13	0.03
19760402	1.08	5.44	0.02
19760403	0.0	6.86	0.03
19760404	0.08	7.45	0.02
19760405	0.0	11.35	0.02
19760406	0.34	8.66	0.02
19760407	1.01	3.52	0.02
19760408	0.03	7.22	0.02
19760409	0.01	9.15	0.02
19760410	0.0	9.87	0.02
19760411	0.0	8.01	0.02
19760412	0.0	8.17	0.02
19760413	3.75	9.32	0.03
19760414	9.25	7.22	0.04
19760415	0.0	8.63	0.07
19760416	0.0	6.18	0.04
19760417	0.0	12.66	0.04
19760418	0.0	11.11	0.03
19760419	0.0	10.45	0.03
19760420	0.0	11.37	0.03
19760421	0.0	9.12	0.03
19760422	0.24	6.19	0.02
19760423	0.25	4.77	0.02
19760424	0.01	7.9	0.02
19760425	0.0	7.59	0.02
19760426	0.0	7.13	0.02
19760427	0.0	3.1	0.02
19760428	0.0	2.95	0.02
19760429	0.0	9.69	0.02
19760430	0.03	7.1	0.02
19760501	1.34	10.55	0.02
19760502	0.12	11.34	0.02
19760503	2.56	9.9	0.02
19760504	0.08	11.24	0.03
19760505	0.05	13.79	0.02
19760506	0.07	12.73	0.02
19760507	0.3	15.93	0.02
19760508	0.01	15.59	0.01
19760509	0.49	16.99	0.01
19760510	0.0	10.05	0.01
19760511	0.16	11.21	0.01
19760512	1.88	10.34	0.01
19760513	0.06	7.73	0.01
19760514	0.0	10.31	0.01
19760515	1.11	10.43	0.01
19760516	0.0	11.59	0.01
19760517	0.2	14.95	0.01
19760518	0.92	11.63	0.01
19760519	2.67	10.78	0.01
19760520	0.64	9.56	0.01
19760521	0.0	13.83	0.01
19760522	0.0	13.12	0.01
19760523	0.0	14.0	0.01
19760524	2.25	15.27	0.01
19760525	5.65	11.14	0.01
19760526	0.87	10.5	0.01
19760527	0.0	11.96	0.01
19760528	6.3	13.32	0.01
19760529	4.36	12.02	0.02
19760530	0.02	12.85	0.05
19760531	2.17	14.36	0.03
19760601	0.63	13.59	0.02
19760602	0.89	9.58	0.02
19760603	0.01	10.63	0.02
19760604	0.01	12.72	0.01
19760605	0.24	16.18	0.01
19760606	0.01	18.06	0.01
19760607	0.0	18.26	0.0
19760608	0.0	19.35	0.0
19760609	0.01	20.02	0.0
19760610	0.0	14.36	0.0
19760611	0.0	15.69	0.0
19760612	0.0	15.5	0.0
19760613	0.0	18.38	0.0
19760614	0.01	17.54	0.0
19760615	0.11	17.61	0.0
19760616	0.16	12.57	0.0
19760617	0.49	13.81	0.0
19760618	1.28	17.19	0.0
19760619	14.5	12.56	0.0
19760620	0.01	12.64	0.03
19760621	0.0	16.84	0.01
19760622	0.0	19.88	0.01
19760623	0.0	21.44	0.01
19760624	0.0	20.88	0.0
19760625	0.0	23.26	0.0
19760626	0.0	24.66	0.0
19760627	0.0	24.34	0.0
19760628	0.0	21.87	0.0
19760629	0.0	20.9	0.0
19760630	0.0	21.17	0.0
19760701	0.0	19.79	0.0
19760702	0.0	21.9	0.0
19760703	1.64	24.33	0.0
19760704	0.48	22.03	0.0
19760705	0.0	22.95	0.0
19760706	0.0	21.57	0.0
19760707	0.0	19.46	0.0
19760708	0.0	21.93	0.0
19760709	0.13	17.41	0.0
19760710	0.0	17.23	0.0
19760711	0.01	19.88	0.0
19760712	16.25	22.21	0.0
19760713	0.54	18.91	0.0
19760714	0.06	17.76	0.0
19760715	11.58	20.71	0.0
19760716	2.51	16.36	0.0
19760717	0.07	18.32	0.0
19760718	0.01	21.41	0.0
19760719	0.51	19.03	0.0
19760720	1.48	14.27	0.0
19760721	0.04	15.11	0.0
19760722	0.0	15.69	0.0
19760723	0.0	15.11	0.0
19760724	0.73	16.52	0.0
19760725	0.0	18.19	0.0
19760726	0.0	16.39	0.01
19760727	0.0	18.16	0.0
19760728	0.0	13.65	0.0
19760729	0.0	18.72	0.0
19760730	0.0	15.33	0.0
19760731	0.12	11.12	0.0
19760801	0.36	16.96	0.0
19760802	0.42	17.48	0.0
19760803	0.58	14.68	0.0
19760804	0.0	15.31	0.01
19760805	0.01	15.73	0.01
19760806	0.0	16.97	0.01
19760807	0.0	16.3	0.01
19760808	0.0	16.52	0.0
19760809	0.0	16.02	0.0
19760810	0.0	17.51	0.01
19760811	0.0	17.45	0.01
19760812	0.0	19.44	0.0
19760813	0.0	19.37	0.0
19760814	0.0	16.96	0.0
19760815	0.0	17.74	0.0
19760816	0.0	17.59	0.0
19760817	0.0	19.33	0.0
19760818	0.0	16.9	0.0
19760819	0.0	17.68	0.0
19760820	0.0	19.16	0.0
19760821	0.0	17.97	0.0
19760822	0.0	17.39	0.0
19760823	0.0	17.15	0.0
19760824	0.0	19.37	0.0
19760825	0.0	19.5	0.0
19760826	0.01	19.51	0.0
19760827	0.05	16.58	0.0
19760828	9.34	14.9	0.0
19760829	1.71	17.85	0.0
19760830	27.22	15.17	0.0
19760831	0.01	15.24	0.02
19760901	2.94	12.41	0.02
19760902	0.03	10.88	0.01
19760903	0.0	14.85	0.01
19760904	0.0	12.76	0.01
19760905	0.0	13.58	0.01
19760906	0.0	13.7	0.01
19760907	0.04	15.14	0.01
19760908	1.51	16.02	0.01
19760909	0.08	10.42	0.0
19760910	15.01	11.57	0.0
19760911	0.26	12.17	0.01
19760912	1.21	12.08	0.02
19760913	2.08	10.09	0.02
19760914	1.79	11.42	0.02
19760915	0.02	10.74	0.01
19760916	0.78	12.13	0.01
19760917	0.03	9.85	0.01
19760918	0.0	11.93	0.01
19760919	0.0	14.58	0.01
19760920	0.0	17.74	0.01
19760921	0.0	16.91	0.01
19760922	3.36	14.92	0.01
19760923	0.71	14.1	0.01
19760924	28.08	15.8	0.01
19760925	6.98	16.64	0.04
19760926	6.11	16.36	0.08
19760927	2.17	16.31	0.07
19760928	5.74	16.0	0.06
19760929	1.3	14.45	0.04
19760930	3.84	15.09	0.04
19761001	0.48	14.0	0.04
19761002	4.31	13.92	0.04
19761003	10.49	12.82	0.04
19761004	0.86	9.83	0.07
19761005	2.43	13.66	0.07
19761006	7.79	13.93	0.05
19761007	0.06	11.78	0.05
19761008	11.76	11.01	0.07
19761009	0.07	12.01	0.15
19761010	1.49	13.8	0.14
19761011	3.13	15.39	0.08
19761012	0.12	9.17	0.06
19761013	8.22	9.52	0.05
19761014	7.92	11.01	0.05
19761015	0.3	8.62	0.12
19761016	0.01	9.42	0.14
19761017	7.71	11.27	0.08
19761018	8.52	10.21	0.06
19761019	0.73	9.17	0.23
19761020	0.3	8.2	0.29
19761021	2.77	9.47	0.15
19761022	4.8	10.82	0.1
19761023	1.01	7.73	0.13
19761024	2.63	8.7	0.13
19761025	9.79	10.99	0.12
19761026	2.25	9.36	1.38
19761027	0.63	9.99	0.59
19761028	3.44	9.07	0.28
19761029	1.95	8.75	0.24
19761030	0.51	6.26	0.24
19761031	2.24	7.22	0.23
19761101	2.78	7.85	0.21
19761102	0.04	3.71	0.28
19761103	0.0	3.56	0.24
19761104	0.79	6.7	0.17
19761105	1.73	8.92	0.13
19761106	3.35	7.01	0.11
19761107	0.03	6.83	0.14
19761108	0.04	6.44	0.13
19761109	0.44	6.57	0.12
19761110	0.1	2.88	0.1
19761111	2.56	4.5	0.09
19761112	5.88	4.48	0.09
19761113	0.05	3.4	0.29
19761114	0.11	3.3	0.3
19761115	4.49	6.23	0.22
19761116	0.46	5.81	0.24
19761117	0.01	6.86	0.36
19761118	0.01	7.01	0.3
19761119	0.0	7.45	0.22
19761120	0.0	5.46	0.18
19761121	0.04	5.71	0.16
19761122	0.0	2.36	0.14
19761123	0.0	2.36	0.11
19761124	0.01	6.67	0.1
19761125	0.0	7.15	0.09
19761126	0.87	7.1	0.08
19761127	2.19	7.8	0.08
19761128	7.32	7.01	0.11
19761129	1.54	5.47	0.31
19761130	9.54	2.58	1.12
19761201	1.63	2.5	1.83
19761202	0.06	0.93	0.87
19761203	0.01	-1.45	0.58
19761204	0.0	-1.38	0.4
19761205	4.16	0.39	0.29
19761206	1.07	4.9	0.36
19761207	6.19	5.26	1.79
19761208	0.11	3.45	2.82
19761209	0.0	0.47	0.87
19761210	0.0	0.43	0.51
19761211	0.71	-0.22	0.37
19761212	0.27	1.2	0.29
19761213	0.03	1.37	0.26
19761214	0.0	1.19	0.24
19761215	0.01	-0.18	0.23
19761216	2.89	0.99	0.24
19761217	7.31	0.57	0.25
19761218	13.84	1.38	1.17
19761219	7.62	2.62	10.01
19761220	1.8	3.6	9.26
19761221	2.01	2.0	4.0
19761222	0.06	5.54	2.13
19761223	0.01	3.41	1.43
19761224	0.02	2.15	1.04
19761225	0.01	1.55	0.78
19761226	0.09	2.04	0.59
19761227	4.3	1.79	0.61
19761228	0.44	-3.07	0.93
19761229	0.01	-2.2	0.88
19761230	7.55	2.97	0.9
19761231	18.89	4.16	6.22
19770101	2.34	2.83	11.51
19770102	0.13	-0.71	5.38
19770103	0.02	-0.2	1.84
19770104	1.42	2.0	1.08
19770105	3.3	4.06	1.1
19770106	0.05	1.47	1.54
19770107	0.13	3.28	1.02
19770108	0.59	4.47	0.83
19770109	1.05	3.45	0.9
19770110	0.04	0.61	0.92
19770111	0.0	-0.54	0.68
19770112	0.01	-1.81	0.51
19770113	10.9	0.38	0.59
19770114	4.23	1.56	5.41
19770115	0.13	1.54	5.49
19770116	0.02	-0.61	1.96
19770117	0.05	-0.62	1.1
19770118	1.04	1.61	0.83
19770119	0.1	2.11	0.71
19770120	0.07	4.97	0.64
19770121	1.49	5.99	0.57
19770122	4.45	5.84	0.54
19770123	0.07	4.19	1.21
19770124	2.63	6.87	1.18
19770125	3.71	8.37	1.61
19770126	0.64	5.79	1.98
19770127	11.1	4.59	2.91
19770128	0.15	1.01	5.93
19770129	0.0	-1.3	2.01
19770130	0.0	-0.79	1.13
19770131	4.04	1.49	0.78
19770201	0.55	-0.4	0.61
19770202	6.32	4.14	0.98
19770203	0.98	5.68	4.44
19770204	6.01	5.21	2.69
19770205	5.53	7.75	4.58
19770206	1.88	8.16	4.8
19770207	1.23	7.17	2.36
19770208	0.33	5.28	1.45
19770209	11.96	7.18	1.49
19770210	4.96	7.41	8.63
19770211	0.08	5.29	4.77
19770212	5.2	3.37	2.18
19770213	0.14	5.07	3.19
19770214	0.12	3.68	1.63
19770215	3.19	2.19	1.12
19770216	0.14	4.14	1.14
19770217	3.0	6.92	1.25
19770218	11.4	5.29	4.9
19770219	10.82	5.56	5.27
19770220	3.31	4.48	8.88
19770221	2.48	7.01	4.75
19770222	5.58	7.99	2.65
19770223	5.64	7.02	4.65
19770224	9.48	5.94	5.99
19770225	0.93	2.29	8.0
19770226	0.0	1.22	2.75
19770227	0.0	0.57	1.52
19770228	3.24	3.12	1.0
19770301	2.82	6.47	1.32
19770302	0.89	12.77	1.36
19770303	0.06	11.0	1.06
19770304	0.0	7.73	0.76
19770305	0.0	7.39	0.57
19770306	0.0	7.06	0.48
19770307	0.06	9.33	0.44
19770308	0.0	8.85	0.35
19770309	0.0	9.76	0.35
19770310	0.19	8.91	0.31
19770311	0.89	7.21	0.29
19770312	0.01	7.0	0.24
19770313	4.22	8.06	0.22
19770314	0.91	6.22	0.25
19770315	6.31	9.02	0.23
19770316	4.91	8.16	0.47
19770317	1.12	9.0	0.72
19770318	0.62	7.76	0.53
19770319	1.3	6.53	0.42
19770320	2.9	6.6	0.34
19770321	4.16	4.89	0.37
19770322	1.02	4.82	0.78
19770323	1.92	6.49	0.7
19770324	0.0	4.16	0.64
19770325	0.04	6.39	0.54
19770326	3.5	6.19	0.49
19770327	1.0	2.21	0.54
19770328	0.43	1.58	0.51
19770329	0.14	0.91	0.43
19770330	0.01	2.3	0.39
19770331	2.97	6.87	0.42
19770401	0.96	7.62	0.39
19770402	0.01	4.88	0.3
19770403	1.8	5.21	0.26
19770404	0.06	4.72	0.22
19770405	0.04	7.44	0.2
19770406	0.7	4.7	0.2
19770407	0.07	2.06	0.19
19770408	0.06	1.82	0.16
19770409	0.11	1.95	0.15
19770410	0.24	4.67	0.14
19770411	0.19	8.79	0.13
19770412	2.04	11.45	0.13
19770413	0.19	8.0	0.13
19770414	1.05	6.19	0.12
19770415	0.0	4.56	0.11
19770416	0.0	6.14	0.11
19770417	0.0	4.74	0.11
19770418	0.0	4.79	0.1
19770419	1.35	7.54	0.09
19770420	1.48	9.6	0.09
19770421	0.06	12.01	0.1
19770422	0.23	11.43	0.1
19770423	2.1	8.85	0.1
19770424	0.13	9.07	0.1
19770425	0.39	13.75	0.08
19770426	9.46	7.8	0.11
19770427	0.05	8.23	0.13
19770428	2.56	7.1	0.08
19770429	0.89	7.22	0.08
19770430	0.4	6.18	0.06
19770501	3.76	9.34	0.05
19770502	7.49	10.04	0.05
19770503	2.03	6.9	0.09
19770504	1.78	8.69	0.09
19770505	0.77	6.41	0.08
19770506	1.02	7.98	0.07
19770507	5.04	9.76	0.06
19770508	0.34	7.56	0.08
19770509	1.35	11.15	0.07
19770510	0.04	13.51	0.07
19770511	4.32	11.87	0.06
19770512	3.93	9.34	0.07
19770513	2.05	4.54	0.1
19770514	0.02	7.53	0.12
19770515	3.08	8.85	0.09
19770516	0.01	9.3	0.08
19770517	0.11	8.17	0.07
19770518	0.0	10.21	0.05
19770519	0.0	11.24	0.05
19770520	0.0	11.55	0.04
19770521	0.0	11.55	0.04
19770522	0.0	12.27	0.03
19770523	0.0	12.11	0.03
19770524	0.0	12.19	0.03
19770525	0.0	14.09	0.03
19770526	0.0	14.46	0.03
19770527	0.0	12.65	0.03
19770528	0.0	14.72	0.03
19770529	0.0	10.94	0.03
19770530	0.0	8.11	0.02
19770531	0.0	8.2	0.02
19770601	0.0	10.25	0.02
19770602	0.0	12.08	0.02
19770603	0.0	15.49	0.02
19770604	0.71	14.19	0.02
19770605	0.16	10.54	0.02
19770606	3.8	11.51	0.02
19770607	0.37	8.94	0.02
19770608	0.59	9.86	0.02
19770609	10.97	12.98	0.01
19770610	22.16	9.68	0.29
19770611	1.11	11.19	0.57
19770612	10.24	13.38	0.19
19770613	27.08	14.58	0.73
19770614	14.93	11.27	12.32
19770615	0.13	10.38	9.26
19770616	0.01	12.11	2.17
19770617	0.15	10.25	0.62
19770618	0.4	10.13	0.38
19770619	0.06	9.71	0.27
19770620	0.0	9.91	0.2
19770621	0.0	10.56	0.15
19770622	0.0	12.54	0.12
19770623	0.0	11.72	0.09
19770624	0.07	15.7	0.08
19770625	0.81	13.72	0.07
19770626	0.01	11.7	0.06
19770627	0.59	14.66	0.05
19770628	1.09	12.13	0.05
19770629	0.03	14.2	0.05
19770630	0.13	15.95	0.04
19770701	0.13	15.26	0.03
19770702	0.0	17.54	0.03
19770703	0.0	18.82	0.03
19770704	0.0	18.79	0.02
19770705	0.0	18.43	0.02
19770706	0.0	18.84	0.01
19770707	0.0	18.5	0.01
19770708	0.01	16.98	0.02
19770709	0.0	15.91	0.02
19770710	0.0	16.01	0.02
19770711	0.09	14.22	0.02
19770712	0.09	14.08	0.02
19770713	0.06	12.66	0.02
19770714	0.0	10.77	0.01
19770715	0.0	13.11	0.01
19770716	0.0	15.58	0.01
19770717	1.14	16.32	0.01
19770718	0.01	16.28	0.01
19770719	0.03	15.74	0.01
19770720	0.3	15.35	0.01
19770721	0.0	14.2	0.01
19770722	0.06	19.47	0.01
19770723	0.01	19.48	0.01
19770724	1.69	15.35	0.01
19770725	1.44	13.21	0.01
19770726	0.13	14.54	0.01
19770727	0.0	12.24	0.01
19770728	0.0	12.96	0.01
19770729	0.0	11.58	0.01
19770730	0.0	17.02	0.01
19770731	0.0	14.6	0.01
19770801	0.0	18.92	0.0
19770802	0.5	19.92	0.0
19770803	0.01	15.31	0.01
19770804	0.45	18.97	0.01
19770805	0.25	15.8	0.01
19770806	14.63	13.09	0.01
19770807	5.16	13.63	0.03
19770808	0.85	12.37	0.04
19770809	0.01	13.3	0.04
19770810	0.0	15.37	0.03
19770811	0.0	14.86	0.02
19770812	0.01	14.7	0.01
19770813	0.07	17.01	0.01
19770814	0.4	16.45	0.01
19770815	0.08	18.35	0.01
19770816	12.15	18.03	0.01
19770817	22.7	14.01	0.04
19770818	8.94	13.84	0.2
19770819	13.93	13.19	0.64
19770820	4.58	15.7	0.88
19770821	7.45	15.86	0.23
19770822	0.51	13.33	0.23
19770823	0.0	14.17	0.2
19770824	10.46	14.39	0.12
19770825	2.78	15.15	0.39
19770826	0.14	14.79	0.25
19770827	0.49	11.91	0.13
19770828	0.0	13.1	0.09
19770829	0.02	17.56	0.06
19770830	2.68	15.54	0.05
19770831	4.16	12.23	0.05
19770901	1.45	16.87	0.08
19770902	2.74	11.88	0.09
19770903	0.06	11.94	0.07
19770904	0.27	15.92	0.05
19770905	0.01	16.74	0.04
19770906	0.03	15.11	0.04
19770907	0.01	12.36	0.03
19770908	1.87	11.15	0.03
19770909	0.03	12.75	0.03
19770910	0.0	16.61	0.03
19770911	0.05	17.21	0.02
19770912	0.0	11.35	0.02
19770913	0.0	11.47	0.02
19770914	0.0	15.62	0.02
19770915	0.02	15.71	0.02
19770916	0.0	10.72	0.01
19770917	0.26	10.21	0.01
19770918	0.6	10.69	0.02
19770919	1.27	11.56	0.02
19770920	0.13	11.03	0.02
19770921	0.57	11.05	0.02
19770922	0.08	10.87	0.02
19770923	0.16	13.24	0.02
19770924	0.39	14.66	0.02
19770925	3.84	14.54	0.02
19770926	0.01	15.41	0.02
19770927	0.92	17.91	0.02
19770928	0.22	14.13	0.02
19770929	0.36	15.21	0.02
19770930	3.6	12.24	0.02
19771001	0.39	10.36	0.02
19771002	0.14	9.29	0.02
19771003	0.94	12.4	0.01
19771004	0.94	11.91	0.02
19771005	0.11	11.87	0.02
19771006	2.87	12.82	0.02
19771007	0.02	9.88	0.02
19771008	3.16	10.59	0.02
19771009	0.22	13.02	0.02
19771010	0.01	8.07	0.02
19771011	0.37	12.24	0.02
19771012	0.02	9.66	0.01
19771013	0.0	11.06	0.02
19771014	0.01	11.14	0.02
19771015	0.05	12.52	0.02
19771016	0.21	11.1	0.02
19771017	0.18	11.32	0.02
19771018	0.06	13.07	0.02
19771019	0.05	13.45	0.02
19771020	1.42	15.58	0.02
19771021	9.32	14.36	0.06
19771022	0.01	13.85	0.12
19771023	0.01	13.33	0.05
19771024	0.34	10.67	0.03
19771025	0.13	9.63	0.02
19771026	0.09	10.73	0.02
19771027	0.43	9.4	0.02
19771028	0.0	11.33	0.02
19771029	0.01	11.44	0.02
19771030	1.98	12.71	0.02
19771031	1.25	9.06	0.02
19771101	9.63	9.82	0.02
19771102	3.26	10.06	0.04
19771103	0.02	8.64	0.05
19771104	0.81	9.22	0.04
19771105	0.34	10.82	0.03
19771106	0.15	9.43	0.02
19771107	4.0	10.95	0.02
19771108	4.21	10.33	0.02
19771109	3.65	13.0	0.02
19771110	0.19	13.52	0.06
19771111	1.17	10.28	0.05
19771112	0.5	5.6	0.04
19771113	1.44	7.38	0.03
19771114	3.13	7.7	0.03
19771115	0.19	4.66	0.03
19771116	0.07	3.3	0.03
19771117	0.13	2.22	0.03
19771118	0.11	2.58	0.03
19771119	5.51	5.22	0.02
19771120	0.02	3.21	0.03
19771121	1.42	2.85	0.05
19771122	0.05	4.07	0.04
19771123	4.91	6.75	0.03
19771124	0.03	3.95	0.05
19771125	0.01	3.28	0.05
19771126	0.01	2.42	0.04
19771127	0.14	2.39	0.04
19771128	0.02	2.08	0.03
19771129	0.0	0.83	0.03
19771130	0.07	2.54	0.03
19771201	0.63	3.61	0.03
19771202	0.03	1.2	0.02
19771203	0.0	1.58	0.02
19771204	0.01	2.15	0.02
19771205	0.07	3.0	0.02
19771206	7.28	3.45	0.03
19771207	17.17	5.88	0.5
19771208	1.27	8.14	2.85
19771209	9.4	7.79	0.69
19771210	5.95	8.8	2.31
19771211	0.17	9.49	3.65
19771212	1.55	7.52	1.05
19771213	0.2	7.92	0.56
19771214	0.02	6.47	0.46
19771215	0.02	7.21	0.42
19771216	0.04	5.74	0.35
19771217	7.97	5.95	0.3
19771218	1.7	5.69	1.09
19771219	0.09	3.74	1.31
19771220	0.09	3.97	0.79
19771221	2.14	5.76	0.52
19771222	0.48	9.92	0.43
19771223	0.08	12.05	0.44
19771224	0.05	9.15	0.37
19771225	0.72	7.59	0.26
19771226	1.71	5.8	0.23
19771227	3.77	3.29	0.32
19771228	0.25	2.96	0.53
19771229	0.61	5.44	0.36
19771230	0.11	4.17	0.29
19771231	0.19	5.97	0.22
19780101	0.02	6.31	0.19
19780102	0.78	4.64	0.17
19780103	1.95	3.65	0.18
19780104	0.06	0.32	0.15
19780105	0.39	4.54	0.13
19780106	0.0	4.15	0.13
19780107	0.0	2.11	0.12
19780108	0.01	4.48	0.12
19780109	0.09	4.62	0.12
19780110	5.23	3.31	0.12
19780111	11.01	1.7	3.38
19780112	0.79	-0.96	3.21
19780113	0.3	1.12	1.01
19780114	0.02	4.88	0.77
19780115	0.31	2.86	0.71
19780116	6.52	1.68	0.61
19780117	1.3	-1.77	1.69
19780118	3.38	-1.93	1.44
19780119	3.55	0.05	0.91
19780120	0.08	1.84	0.67
19780121	0.39	2.44	1.14
19780122	0.17	2.77	3.13
19780123	8.52	5.97	3.47
19780124	0.01	4.25	4.06
19780125	0.98	2.38	1.38
19780126	1.46	2.83	0.89
19780127	6.5	4.11	1.04
19780128	4.4	3.77	5.68
19780129	4.94	3.35	3.7
19780130	0.47	0.07	2.9
19780131	2.06	0.91	1.56
19780201	10.41	4.59	3.81
19780202	4.08	2.27	7.75
19780203	0.37	2.4	4.13
19780204	9.93	4.07	5.75
19780205	1.42	5.05	5.03
19780206	0.25	4.66	2.16
19780207	0.05	2.03	1.28
19780208	0.14	-0.73	0.94
19780209	0.05	-2.79	0.69
19780210	0.26	-4.13	0.52
19780211	0.09	-3.16	0.47
19780212	0.39	-1.73	0.37
19780213	0.11	-1.56	0.31
19780214	0.02	-0.27	0.26
19780215	0.01	0.45	0.24
19780216	0.03	0.12	0.24
19780217	0.01	-2.2	0.2
19780218	0.01	-1.5	0.18
19780219	0.02	-1.38	0.18
19780220	1.31	-0.44	0.16
19780221	2.35	2.51	0.17
19780222	0.97	6.34	0.2
19780223	0.94	8.8	0.32
19780224	2.56	10.1	0.35
19780225	3.36	9.18	0.43
19780226	2.22	9.17	0.79
19780227	1.84	7.79	1.13
19780228	1.97	8.78	0.91
19780301	0.52	7.0	0.74
19780302	7.58	6.9	0.88
19780303	0.05	5.32	2.85
19780304	0.01	3.85	1.33
19780305	0.0	3.61	0.75
19780306	0.01	5.37	0.53
19780307	1.01	8.23	0.44
19780308	0.02	5.96	0.38
19780309	0.41	8.7	0.29
19780310	0.0	11.88	0.26
19780311	0.39	11.43	0.26
19780312	1.49	7.02	0.27
19780313	0.56	8.81	0.24
19780314	0.72	8.09	0.25
19780315	7.9	5.6	0.21
19780316	3.78	3.28	0.62
19780317	0.48	1.6	0.82
19780318	0.01	5.39	0.52
19780319	4.37	6.74	0.47
19780320	5.33	5.68	0.79
19780321	0.09	4.63	1.11
19780322	2.36	6.3	0.83
19780323	0.93	4.78	0.64
19780324	0.22	8.03	0.44
19780325	2.66	6.42	0.39
19780326	0.38	8.19	0.33
19780327	0.47	10.1	0.29
19780328	1.43	9.02	0.27
19780329	0.64	6.79	0.26
19780330	0.15	6.99	0.21
19780331	2.24	8.36	0.21
19780401	0.19	8.47	0.21
19780402	0.19	9.31	0.18
19780403	0.12	6.17	0.15
19780404	0.01	4.72	0.14
19780405	0.0	5.68	0.13
19780406	0.0	4.6	0.12
19780407	0.0	7.32	0.12
19780408	0.0	6.02	0.12
19780409	0.01	4.29	0.12
19780410	11.18	0.12	0.14
19780411	1.3	2.8	0.39
19780412	0.76	1.7	0.78
19780413	11.93	2.39	2.8
19780414	0.78	3.65	3.75
19780415	0.01	4.25	1.22
19780416	0.05	5.28	0.71
19780417	1.55	8.23	0.51
19780418	0.31	4.63	0.44
19780419	4.6	8.86	0.35
19780420	2.09	8.69	0.4
19780421	0.03	8.38	0.33
19780422	0.0	8.27	0.27
19780423	0.0	8.86	0.25
19780424	0.01	9.23	0.24
19780425	0.54	7.07	0.21
19780426	4.27	4.43	0.21
19780427	0.0	4.39	0.22
19780428	0.46	7.67	0.18
19780429	5.48	8.24	0.17
19780430	0.45	9.64	0.25
19780501	1.22	7.28	0.23
19780502	3.31	7.62	0.21
19780503	0.77	11.53	0.23
19780504	3.67	11.81	0.23
19780505	29.82	9.0	3.81
19780506	0.63	10.62	9.76
19780507	0.06	12.2	2.81
19780508	0.19	8.89	1.14
19780509	0.0	9.12	0.64
19780510	0.01	10.42	0.43
19780511	1.01	10.3	0.34
19780512	0.87	9.65	0.3
19780513	1.63	8.73	0.25
19780514	1.23	8.54	0.23
19780515	0.49	8.32	0.19
19780516	0.0	9.81	0.16
19780517	0.0	9.57	0.14
19780518	0.0	8.94	0.12
19780519	0.0	9.65	0.11
19780520	0.0	11.36	0.1
19780521	0.0	11.26	0.1
19780522	0.0	10.12	0.1
19780523	0.0	14.38	0.09
19780524	0.01	9.23	0.08
19780525	0.0	9.54	0.06
19780526	0.0	11.22	0.06
19780527	0.0	12.87	0.05
19780528	0.0	13.85	0.05
19780529	0.02	14.1	0.04
19780530	0.0	16.67	0.04
19780531	0.0	18.31	0.03
19780601	1.35	18.4	0.04
19780602	0.1	17.42	0.03
19780603	0.05	17.54	0.03
19780604	11.64	18.31	0.04
19780605	0.15	16.26	0.05
19780606	0.0	14.43	0.04
19780607	3.24	13.08	0.03
19780608	0.06	12.55	0.03
19780609	0.0	12.19	0.03
19780610	0.02	10.66	0.02
19780611	0.0	14.65	0.02
19780612	0.0	10.78	0.02
19780613	0.01	10.21	0.02
19780614	0.0	10.2	0.02
19780615	12.88	11.91	0.02
19780616	1.6	13.0	0.06
19780617	0.01	13.36	0.06
19780618	0.03	11.07	0.03
19780619	0.0	16.03	0.03
19780620	0.03	16.4	0.03
19780621	1.13	14.2	0.02
19780622	2.67	12.99	0.02
19780623	1.2	11.25	0.02
19780624	0.21	11.79	0.01
19780625	0.5	12.91	0.02
19780626	0.36	9.32	0.02
19780627	2.21	13.3	0.02
19780628	0.2	17.74	0.02
19780629	3.22	14.13	0.02
19780630	1.75	11.73	0.02
19780701	1.16	14.65	0.03
19780702	0.69	15.01	0.02
19780703	5.15	11.88	0.02
19780704	4.35	13.35	0.03
19780705	0.3	10.58	0.04
19780706	0.1	11.56	0.04
19780707	0.76	13.87	0.03
19780708	5.57	14.69	0.03
19780709	0.03	12.91	0.04
19780710	0.0	12.2	0.03
19780711	0.0	13.81	0.03
19780712	0.0	14.33	0.02
19780713	0.0	16.83	0.02
19780714	0.0	14.41	0.02
19780715	0.0	14.48	0.02
19780716	0.0	14.6	0.02
19780717	0.41	16.71	0.02
19780718	0.03	15.86	0.02
19780719	0.35	14.71	0.02
19780720	0.11	13.26	0.02
19780721	0.0	14.15	0.02
19780722	0.74	16.41	0.01
19780723	8.21	14.42	0.01
19780724	0.0	13.25	0.03
19780725	2.56	17.36	0.03
19780726	0.11	16.37	0.03
19780727	4.31	19.74	0.03
19780728	0.0	17.35	0.03
19780729	3.34	20.4	0.03
19780730	3.13	16.74	0.02
19780731	19.09	15.07	0.04
19780801	1.9	16.81	0.09
19780802	8.03	15.88	0.07
19780803	3.32	16.2	0.08
19780804	0.81	16.71	0.06
19780805	1.68	16.11	0.05
19780806	3.14	15.34	0.04
19780807	3.21	14.96	0.03
19780808	1.51	13.81	0.03
19780809	4.19	14.39	0.03
19780810	0.05	11.95	0.04
19780811	0.01	16.49	0.05
19780812	3.38	13.28	0.03
19780813	0.36	17.88	0.03
19780814	0.03	16.65	0.03
19780815	0.18	16.29	0.02
19780816	0.96	13.92	0.02
19780817	0.0	15.31	0.02
19780818	0.0	15.23	0.02
19780819	0.08	18.24	0.02
19780820	0.0	17.01	0.02
19780821	0.0	18.32	0.02
19780822	1.58	14.7	0.02
19780823	0.0	13.84	0.02
19780824	0.0	13.07	0.02
19780825	0.0	15.41	0.02
19780826	0.0	12.49	0.02
19780827	0.01	15.05	0.02
19780828	0.0	14.81	0.02
19780829	0.0	14.49	0.02
19780830	0.03	10.81	0.01
19780831	3.92	11.77	0.02
19780901	0.01	12.14	0.02
19780902	0.0	12.16	0.02
19780903	0.01	13.36	0.02
19780904	0.0	14.77	0.01
19780905	7.45	14.36	0.01
19780906	2.67	15.99	0.02
19780907	0.03	14.38	0.02
19780908	0.02	16.68	0.02
19780909	0.0	18.43	0.01
19780910	0.08	19.94	0.01
19780911	0.5	13.61	0.01
19780912	0.0	15.59	0.01
19780913	6.48	16.2	0.01
19780914	0.0	13.99	0.01
19780915	0.0	15.19	0.02
19780916	0.0	16.68	0.02
19780917	0.0	11.79	0.01
19780918	0.0	12.2	0.01
19780919	0.0	10.99	0.01
19780920	0.0	14.98	0.01
19780921	0.0	16.18	0.01
19780922	0.0	14.91	0.01
19780923	0.01	18.36	0.01
19780924	1.01	17.51	0.01
19780925	0.01	11.22	0.01
19780926	0.01	13.93	0.01
19780927	8.47	12.17	0.01
19780928	4.29	12.35	0.02
19780929	0.29	11.04	0.03
19780930	0.94	10.24	0.02
19781001	0.29	7.96	0.02
19781002	0.35	10.59	0.02
19781003	0.01	9.06	0.01
19781004	0.0	11.1	0.01
19781005	0.0	13.95	0.01
19781006	0.0	12.44	0.01
19781007	0.0	14.03	0.01
19781008	0.0	15.65	0.01
19781009	0.0	14.04	0.01
19781010	0.0	16.79	0.01
19781011	0.0	16.95	0.01
19781012	0.0	15.11	0.01
19781013	0.15	10.56	0.01
19781014	0.3	11.63	0.01
19781015	0.94	11.36	0.01
19781016	1.47	9.97	0.01
19781017	0.02	6.1	0.01
19781018	0.0	9.76	0.01
19781019	0.01	10.31	0.01
19781020	0.21	8.94	0.01
19781021	0.0	10.53	0.01
19781022	0.0	9.3	0.01
19781023	0.0	11.2	0.01
19781024	0.0	15.32	0.01
19781025	0.04	14.94	0.01
19781026	0.0	13.36	0.01
19781027	0.01	11.24	0.01
19781028	0.0	8.52	0.01
19781029	0.0	9.55	0.01
19781030	0.0	12.2	0.02
19781031	0.0	11.94	0.02
19781101	0.0	13.61	0.02
19781102	0.51	9.44	0.01
19781103	0.0	9.2	0.01
19781104	0.0	11.85	0.01
19781105	0.0	10.83	0.02
19781106	0.0	9.09	0.02
19781107	0.0	11.99	0.01
19781108	0.0	8.49	0.01
19781109	0.0	8.88	0.01
19781110	0.02	8.28	0.01
19781111	0.01	7.12	0.01
19781112	4.79	8.14	0.02
19781113	0.05	8.15	0.02
19781114	0.0	12.71	0.02
19781115	2.1	8.58	0.01
19781116	0.07	8.26	0.01
19781117	0.26	11.84	0.01
19781118	2.0	14.28	0.01
19781119	6.24	8.04	0.01
19781120	0.16	7.43	0.02
19781121	0.35	11.58	0.02
19781122	0.01	11.56	0.01
19781123	0.0	11.13	0.01
19781124	4.1	5.95	0.01
19781125	0.01	2.09	0.01
19781126	0.0	-0.01	0.01
19781127	0.04	0.21	0.01
19781128	0.02	-1.07	0.02
19781129	0.0	-2.57	0.02
19781130	0.01	-4.76	0.01
19781201	0.01	-1.55	0.01
19781202	0.04	2.71	0.01
19781203	8.38	4.14	0.02
19781204	0.21	2.51	0.02
19781205	0.04	2.12	0.03
19781206	0.01	1.12	0.02
19781207	14.53	3.81	0.02
19781208	7.05	8.37	0.09
19781209	5.71	9.3	0.12
19781210	8.5	11.01	0.09
19781211	1.14	10.31	0.15
19781212	5.87	8.36	0.12
19781213	6.27	5.7	0.12
19781214	6.6	5.09	0.22
19781215	5.37	5.0	0.34
19781216	0.3	2.69	0.3
19781217	0.11	1.38	0.19
19781218	0.0	-0.47	0.12
19781219	0.0	-2.03	0.08
19781220	1.73	-0.19	0.07
19781221	0.55	0.43	0.06
19781222	0.17	-0.69	0.05
19781223	7.69	1.4	0.05
19781224	5.93	5.91	1.04
19781225	2.58	6.21	1.06
19781226	2.85	8.12	0.46
19781227	9.48	8.0	1.69
19781228	7.55	8.45	2.75
19781229	1.35	4.16	2.99
19781230	0.14	-1.8	1.0
19781231	1.04	-5.98	0.51
19790101	0.79	-4.36	0.3
19790102	0.0	-4.11	0.2
19790103	0.0	-4.87	0.18
19790104	0.0	-2.75	0.16
19790105	0.0	-4.89	0.12
19790106	1.2	-0.51	0.1
19790107	1.3	5.46	0.2
19790108	0.4	3.22	0.43
19790109	6.54	2.13	0.42
19790110	1.12	2.11	2.0
19790111	0.04	0.73	1.03
19790112	0.0	-1.32	0.44
19790113	0.0	-2.66	0.24
19790114	0.5	0.74	0.23
19790115	1.25	3.12	0.18
19790116	4.48	3.07	0.17
19790117	2.19	1.3	0.64
19790118	0.27	-0.55	0.9
19790119	8.4	0.24	0.57
19790120	2.98	0.32	1.93
19790121	0.14	-0.19	2.23
19790122	2.92	-1.5	1.15
19790123	3.43	-2.9	0.73
19790124	2.63	-1.44	0.48
19790125	8.18	-0.86	0.48
19790126	0.49	-5.12	0.43
19790127	0.03	-7.13	0.33
19790128	1.3	-2.62	0.35
19790129	2.18	0.51	0.34
19790130	0.25	-0.28	0.36
19790131	2.08	2.6	0.61
19790201	15.08	2.69	9.51
19790202	0.03	-0.25	10.32
19790203	0.0	1.85	2.9
19790204	0.01	1.01	1.78
19790205	0.0	0.01	1.13
19790206	7.93	-0.16	0.87
19790207	0.65	-0.19	2.28
19790208	0.01	1.05	1.83
19790209	0.0	1.02	1.1
19790210	0.0	0.87	0.77
19790211	4.61	0.7	0.58
19790212	7.14	0.21	0.53
19790213	1.02	1.24	1.98
19790214	4.98	-3.23	3.82
19790215	3.89	-2.81	0.96
19790216	0.04	-1.36	1.06
19790217	0.03	-1.82	0.74
19790218	0.09	-1.22	0.55
19790219	0.15	-0.07	0.44
19790220	0.05	0.41	0.43
19790221	1.17	0.75	0.57
19790222	0.79	3.02	2.48
19790223	0.0	3.21	3.22
19790224	0.0	-0.47	2.04
19790225	0.0	0.8	1.18
19790226	0.0	2.94	0.88
19790227	2.42	4.61	0.88
19790228	2.74	1.47	1.19
19790301	0.16	5.41	0.84
19790302	0.0	9.92	0.76
19790303	7.17	7.41	0.68
19790304	0.0	4.71	1.28
19790305	0.0	6.38	0.9
19790306	4.98	4.5	0.77
19790307	0.0	4.06	0.71
19790308	3.81	6.27	0.55
19790309	1.31	4.17	0.68
19790310	0.99	6.02	0.6
19790311	0.18	8.57	0.61
19790312	0.87	6.62	0.48
19790313	6.08	3.41	0.5
19790314	0.01	2.61	0.78
19790315	3.64	0.99	0.67
19790316	13.57	0.56	0.81
19790317	0.58	0.88	5.68
19790318	6.89	4.32	6.94
19790319	0.69	2.96	6.69
19790320	3.86	5.14	3.13
19790321	1.83	3.39	2.67
19790322	1.89	2.09	1.79
19790323	0.01	2.69	1.36
19790324	5.77	7.3	1.02
19790325	1.32	7.93	1.59
19790326	4.02	4.28	1.49
19790327	17.96	4.92	3.6
19790328	6.01	3.31	8.38
19790329	3.84	4.26	6.44
19790330	0.16	4.11	3.22
19790331	0.03	6.66	1.76
19790401	2.18	5.33	1.16
19790402	2.62	4.15	0.99
19790403	0.43	2.47	0.88
19790404	0.03	3.01	0.65
19790405	0.27	3.4	0.51
19790406	1.6	3.37	0.45
19790407	17.59	6.56	0.78
19790408	10.41	6.16	8.13
19790409	0.7	9.74	7.07
19790410	7.22	13.11	2.85
19790411	2.38	10.99	4.7
19790412	4.99	8.99	2.67
19790413	0.01	11.01	1.64
19790414	0.0	12.67	1.04
19790415	0.0	13.1	0.71
19790416	0.0	8.53	0.53
19790417	0.0	3.78	0.42
19790418	0.01	9.38	0.35
19790419	0.37	10.78	0.32
19790420	0.07	8.22	0.29
19790421	0.0	8.87	0.26
19790422	2.28	9.78	0.25
19790423	7.53	8.73	0.28
19790424	1.77	6.44	0.27
19790425	3.29	6.78	0.24
19790426	0.68	7.69	0.21
19790427	3.81	8.93	0.18
19790428	0.59	6.41	0.25
19790429	0.87	7.45	0.24
19790430	0.0	6.27	0.21
19790501	6.21	3.67	0.22
19790502	1.1	3.71	0.29
19790503	0.65	3.96	0.24
19790504	0.38	3.57	0.2
19790505	0.14	4.69	0.17
19790506	1.41	7.74	0.15
19790507	0.15	10.16	0.15
19790508	0.19	9.42	0.14
19790509	0.03	8.37	0.12
19790510	10.51	10.53	0.12
19790511	0.4	13.41	0.24
19790512	0.0	15.0	0.18
19790513	0.02	17.04	0.14
19790514	0.0	17.58	0.12
19790515	0.0	17.88	0.11
19790516	0.84	14.37	0.12
19790517	3.03	10.98	0.1
19790518	0.07	9.75	0.09
19790519	0.14	9.9	0.06
19790520	23.23	10.28	0.1
19790521	2.46	10.42	0.91
19790522	4.81	11.51	0.49
19790523	0.3	9.5	0.54
19790524	1.75	9.01	0.32
19790525	2.82	9.92	0.25
19790526	13.2	10.17	1.79
19790527	0.63	10.64	1.39
19790528	6.62	13.4	0.89
19790529	0.14	14.4	1.57
19790530	13.65	13.69	2.5
19790531	0.25	10.73	1.78
19790601	1.87	14.2	0.74
19790602	0.35	13.16	0.46
19790603	0.07	14.74	0.35
19790604	0.01	17.96	0.28
19790605	0.0	13.82	0.21
19790606	0.25	11.75	0.17
19790607	2.64	10.71	0.15
19790608	0.01	14.17	0.13
19790609	0.0	14.21	0.11
19790610	0.01	13.4	0.09
19790611	0.0	10.99	0.08
19790612	0.03	13.99	0.07
19790613	6.13	14.55	0.34
19790614	2.73	10.93	0.38
19790615	2.42	12.25	0.19
19790616	0.0	14.85	0.13
19790617	0.0	14.68	0.09
19790618	0.0	17.14	0.08
19790619	0.0	18.06	0.07
19790620	0.0	19.16	0.06
19790621	1.3	13.73	0.06
19790622	0.0	13.89	0.05
19790623	0.38	14.44	0.05
19790624	12.27	11.42	0.08
19790625	0.04	11.21	0.07
19790626	0.0	13.38	0.04
19790627	0.0	13.61	0.04
19790628	0.0	15.51	0.03
19790629	0.0	13.17	0.03
19790630	0.0	10.92	0.03
19790701	0.0	13.02	0.02
19790702	0.0	12.74	0.02
19790703	0.0	14.12	0.02
19790704	0.0	15.99	0.02
19790705	0.0	17.9	0.02
19790706	0.0	18.56	0.02
19790707	0.07	15.47	0.02
19790708	0.85	18.42	0.02
19790709	0.0	13.74	0.02
19790710	0.0	15.42	0.02
19790711	0.0	15.04	0.02
19790712	0.0	15.74	0.02
19790713	0.0	16.95	0.02
19790714	0.0	16.14	0.02
19790715	0.0	15.37	0.02
19790716	0.0	17.49	0.02
19790717	0.0	19.98	0.01
19790718	0.0	16.57	0.01
19790719	0.0	14.67	0.01
19790720	0.06	15.57	0.01
19790721	0.58	13.52	0.01
19790722	0.0	13.99	0.01
19790723	0.04	13.17	0.01
19790724	1.06	16.94	0.01
19790725	0.02	17.23	0.01
19790726	0.01	17.43	0.01
19790727	0.0	21.4	0.01
19790728	3.55	20.5	0.01
19790729	10.55	16.95	0.02
19790730	7.76	18.12	0.04
19790731	0.2	16.57	0.03
19790801	0.12	17.23	0.03
19790802	0.05	17.4	0.02
19790803	0.01	15.92	0.01
19790804	0.0	14.74	0.01
19790805	0.01	17.6	0.01
19790806	0.0	19.62	0.01
19790807	3.64	16.72	0.02
19790808	18.06	15.0	0.02
19790809	0.99	12.98	0.06
19790810	1.17	16.67	0.06
19790811	0.08	18.85	0.03
19790812	3.61	20.36	0.02
19790813	6.95	18.11	0.03
19790814	0.01	15.12	0.03
19790815	0.04	14.08	0.03
19790816	5.73	15.96	0.02
19790817	3.75	15.29	0.03
19790818	0.03	15.09	0.05
19790819	0.03	15.29	0.03
19790820	1.16	16.3	0.02
19790821	0.02	13.46	0.02
19790822	0.08	12.65	0.02
19790823	5.46	12.02	0.02
19790824	0.03	11.02	0.02
19790825	0.02	13.62	0.02
19790826	2.08	13.34	0.03
19790827	0.01	9.98	0.02
19790828	0.0	13.33	0.02
19790829	0.0	15.56	0.02
19790830	0.0	17.64	0.01
19790831	0.0	18.26	0.02
19790901	2.13	17.84	0.02
19790902	0.16	16.37	0.02
19790903	0.02	14.25	0.02
19790904	0.0	15.21	0.02
19790905	0.0	17.2	0.01
19790906	0.0	16.73	0.02
19790907	0.02	15.11	0.02
19790908	0.01	17.81	0.01
19790909	0.0	16.5	0.02
19790910	0.0	15.34	0.02
19790911	0.0	17.08	0.01
19790912	0.0	15.54	0.01
19790913	0.0	10.52	0.01
19790914	0.0	10.1	0.01
19790915	0.0	10.21	0.01
19790916	0.0	14.84	0.01
19790917	0.12	16.84	0.01
19790918	0.34	17.61	0.01
19790919	10.08	13.49	0.01
19790920	0.0	10.61	0.02
19790921	0.73	8.66	0.02
19790922	0.06	8.08	0.02
19790923	0.57	8.79	0.02
19790924	0.03	11.44	0.02
19790925	0.22	15.53	0.01
19790926	0.66	15.81	0.01
19790927	0.0	9.84	0.01
19790928	0.0	9.19	0.01
19790929	0.0	10.42	0.01
19790930	0.0	13.56	0.01
19791001	0.01	11.23	0.01
19791002	1.0	13.96	0.01
19791003	1.18	15.79	0.01
19791004	0.01	10.9	0.01
19791005	0.01	9.43	0.01
19791006	1.0	13.92	0.01
19791007	0.04	14.99	0.01
19791008	9.05	17.41	0.02
19791009	6.51	16.62	0.02
19791010	8.99	12.23	0.05
19791011	0.04	13.54	0.07
19791012	2.49	14.32	0.04
19791013	0.68	12.39	0.03
19791014	0.07	9.61	0.03
19791015	0.02	11.23	0.02
19791016	0.0	8.98	0.02
19791017	1.65	10.65	0.01
19791018	0.02	10.71	0.01
19791019	0.01	11.55	0.01
19791020	0.0	7.45	0.01
19791021	0.0	9.19	0.01
19791022	0.0	7.5	0.01
19791023	0.0	6.85	0.01
19791024	0.68	9.76	0.01
19791025	24.9	10.92	0.02
19791026	0.86	7.33	0.13
19791027	0.01	5.04	0.11
19791028	0.01	5.73	0.06
19791029	0.12	6.25	0.04
19791030	2.1	10.49	0.03
19791031	0.02	9.72	0.03
19791101	0.0	6.74	0.02
19791102	4.35	8.74	0.02
19791103	2.79	12.5	0.02
19791104	2.19	9.0	0.04
19791105	1.87	9.22	0.04
19791106	0.11	7.42	0.03
19791107	6.48	8.07	0.04
19791108	0.09	5.19	0.07
19791109	0.19	3.15	0.05
19791110	0.08	4.59	0.04
19791111	3.78	6.37	0.03
19791112	0.03	0.56	0.03
19791113	3.8	1.48	0.04
19791114	2.29	3.39	0.04
19791115	4.18	3.57	0.08
19791116	0.37	2.37	0.14
19791117	0.65	4.34	0.12
19791118	0.03	6.24	0.09
19791119	0.0	3.65	0.07
19791120	0.03	1.88	0.05
19791121	0.08	2.72	0.04
19791122	0.08	8.76	0.04
19791123	0.12	5.16	0.04
19791124	0.32	4.41	0.03
19791125	0.86	9.45	0.03
19791126	6.52	10.57	0.03
19791127	0.06	9.72	0.04
19791128	0.0	8.98	0.07
19791129	0.45	9.12	0.06
19791130	0.0	10.98	0.05
19791201	0.02	10.57	0.05
19791202	0.02	10.23	0.04
19791203	0.01	8.62	0.04
19791204	0.02	11.04	0.04
19791205	3.34	8.51	0.04
19791206	0.27	9.8	0.04
19791207	0.15	10.91	0.04
19791208	3.2	8.8	0.04
19791209	16.47	9.73	0.24
19791210	5.89	7.82	0.94
19791211	2.65	3.54	0.6
19791212	4.18	5.99	0.5
19791213	31.31	6.06	1.63
19791214	2.35	6.68	8.0
19791215	1.45	4.47	3.28
19791216	0.02	5.83	1.37
19791217	0.02	5.18	0.75
19791218	3.98	3.28	0.5
19791219	0.36	2.52	0.42
19791220	0.28	2.01	0.33
19791221	1.15	0.59	0.3
19791222	0.63	1.58	0.3
19791223	1.52	0.98	0.34
19791224	0.0	0.03	0.43
19791225	0.17	1.07	0.35
19791226	3.4	4.61	0.3
19791227	20.86	6.65	2.55
19791228	0.4	2.8	6.88
19791229	0.52	2.33	2.46
19791230	0.02	0.96	1.26
19791231	0.0	-0.5	0.77
19800101	0.0	-1.74	0.52
19800102	0.58	-2.24	0.37
19800103	11.09	4.97	0.84
19800104	0.22	4.5	3.1
19800105	0.02	5.26	1.64
19800106	0.22	5.03	0.98
19800107	0.02	3.67	0.64
19800108	0.0	2.06	0.48
19800109	0.0	1.96	0.41
19800110	0.0	0.61	0.32
19800111	0.0	-1.34	0.26
19800112	0.0	-2.13	0.23
19800113	0.0	-2.59	0.22
19800114	2.9	-1.95	0.22
19800115	0.14	1.47	0.21
19800116	0.01	1.89	0.19
19800117	0.0	0.28	0.18
19800118	0.12	-0.74	0.18
19800119	0.05	1.71	0.18
19800120	3.37	2.67	0.17
19800121	1.74	5.21	0.71
19800122	0.04	4.3	0.93
19800123	0.37	3.38	0.55
19800124	0.01	3.73	0.39
19800125	0.02	2.57	0.28
19800126	0.02	0.54	0.23
19800127	0.01	0.04	0.21
19800128	2.09	3.02	0.23
19800129	0.42	6.08	0.24
19800130	8.87	6.95	0.3
19800131	2.34	2.97	3.95
19800201	4.0	2.32	2.1
19800202	6.25	5.63	3.24
19800203	3.64	3.31	4.13
19800204	6.78	4.79	3.69
19800205	2.97	7.21	4.18
19800206	7.46	4.37	3.56
19800207	5.66	5.86	4.47
19800208	0.62	8.67	4.54
19800209	0.03	8.1	2.52
19800210	0.0	6.8	1.28
19800211	0.01	6.67	0.83
19800212	0.0	6.5	0.63
19800213	0.0	6.23	0.51
19800214	1.78	7.23	0.43
19800215	0.01	6.57	0.39
19800216	0.05	5.51	0.33
19800217	0.0	7.95	0.28
19800218	0.0	6.25	0.26
19800219	0.0	4.26	0.24
19800220	0.02	5.3	0.22
19800221	1.5	8.52	0.19
19800222	4.78	3.29	0.26
19800223	0.05	4.33	0.3
19800224	1.43	4.54	0.27
19800225	0.28	2.27	0.27
19800226	0.01	2.37	0.23
19800227	0.0	2.27	0.21
19800228	0.0	5.04	0.19
19800229	0.0	6.72	0.19
19800301	0.0	6.93	0.19
19800302	0.0	4.38	0.18
19800303	0.0	0.86	0.15
19800304	0.0	3.78	0.14
19800305	1.7	5.26	0.15
19800306	3.85	5.45	0.19
19800307	3.85	5.16	0.22
19800308	0.26	4.22	0.22
19800309	1.46	4.98	0.17
19800310	0.63	5.14	0.18
19800311	2.04	7.41	0.16
19800312	6.94	5.69	0.69
19800313	0.14	3.85	1.18
19800314	1.38	3.81	0.63
19800315	0.03	2.64	0.46
19800316	1.9	2.44	0.38
19800317	13.5	2.71	2.41
19800318	2.59	3.21	3.93
19800319	0.26	0.99	2.33
19800320	0.01	0.67	1.36
19800321	0.0	-0.98	0.86
19800322	0.0	2.44	0.56
19800323	0.08	5.01	0.42
19800324	5.29	6.08	0.4
19800325	0.07	6.33	0.42
19800326	3.8	7.91	0.36
19800327	1.04	9.04	0.41
19800328	5.63	8.58	0.54
19800329	0.01	5.22	1.07
19800330	0.0	7.4	0.69
19800331	4.42	8.64	0.58
19800401	7.79	7.15	1.58
19800402	0.05	6.47	2.18
19800403	0.0	4.54	0.97
19800404	0.1	6.26	0.61
19800405	0.0	6.88	0.44
19800406	0.0	5.72	0.35
19800407	1.0	7.27	0.31
19800408	0.01	4.3	0.27
19800409	0.0	6.87	0.23
19800410	0.0	7.88	0.2
19800411	0.0	7.69	0.18
19800412	0.0	9.51	0.17
19800413	0.0	13.2	0.16
19800414	0.0	12.76	0.13
19800415	0.0	12.9	0.11
19800416	0.19	14.77	0.1
19800417	0.01	9.75	0.09
19800418	0.0	12.66	0.09
19800419	0.01	7.61	0.09
19800420	0.01	4.59	0.08
19800421	0.49	8.8	0.07
19800422	1.46	7.75	0.07
19800423	0.24	8.52	0.07
19800424	0.8	8.63	0.07
19800425	0.08	4.93	0.07
19800426	2.96	6.97	0.07
19800427	0.39	8.22	0.07
19800428	0.06	6.76	0.06
19800429	4.9	7.07	0.06
19800430	0.7	8.58	0.07
19800501	0.02	9.42	0.06
19800502	0.0	8.77	0.05
19800503	0.0	7.07	0.05
19800504	0.0	8.37	0.05
19800505	0.0	6.44	0.05
19800506	0.0	7.5	0.05
19800507	0.07	7.63	0.05
19800508	0.0	3.34	0.05
19800509	0.01	6.06	0.04
19800510	0.0	10.54	0.04
19800511	0.0	13.1	0.03
19800512	0.0	15.46	0.03
19800513	0.0	13.77	0.02
19800514	0.0	11.6	0.02
19800515	0.0	11.64	0.02
19800516	0.0	10.08	0.02
19800517	0.0	12.72	0.02
19800518	0.0	13.14	0.02
19800519	1.15	15.71	0.02
19800520	2.97	10.88	0.02
19800521	0.01	13.2	0.02
19800522	0.08	9.8	0.03
19800523	0.03	10.02	0.03
19800524	0.0	10.17	0.02
19800525	0.0	11.96	0.02
19800526	0.0	12.28	0.02
19800527	0.7	11.57	0.02
19800528	10.48	11.54	0.02
19800529	0.05	8.24	0.07
19800530	0.89	11.03	0.04
19800531	6.03	10.04	0.04
19800601	0.01	12.52	0.04
19800602	0.01	15.25	0.04
19800603	0.0	17.98	0.03
19800604	0.0	20.57	0.02
19800605	0.01	17.74	0.01
19800606	0.0	14.5	0.02
19800607	0.01	13.58	0.02
19800608	0.09	12.8	0.02
19800609	2.12	16.08	0.01
19800610	5.91	15.11	0.02
19800611	8.88	14.17	0.03
19800612	1.89	15.62	0.05
19800613	10.22	17.91	0.04
19800614	0.73	15.13	0.04
19800615	0.88	16.03	0.04
19800616	1.85	14.03	0.03
19800617	3.06	13.37	0.03
19800618	0.04	16.37	0.03
19800619	0.51	12.12	0.03
19800620	0.22	11.89	0.02
19800621	0.44	12.33	0.02
19800622	2.62	10.45	0.02
19800623	6.71	12.01	0.02
19800624	5.78	11.26	0.04
19800625	3.74	13.83	0.07
19800626	2.12	12.03	0.06
19800627	5.94	12.79	0.05
19800628	0.07	12.22	0.04
19800629	0.01	12.59	0.04
19800630	16.27	13.39	0.05
19800701	1.81	12.91	0.15
19800702	0.69	14.46	0.11
19800703	5.5	16.16	0.06
19800704	0.17	13.76	0.06
19800705	0.0	12.76	0.05
19800706	1.7	14.48	0.04
19800707	9.33	13.83	0.04
19800708	5.24	13.0	0.1
19800709	0.05	11.36	0.09
19800710	0.02	11.19	0.06
19800711	0.43	14.13	0.04
19800712	0.1	12.77	0.03
19800713	20.05	14.11	0.04
19800714	0.43	11.04	0.27
19800715	0.17	12.32	0.21
19800716	0.01	12.39	0.09
19800717	1.31	14.16	0.06
19800718	5.29	15.63	0.05
19800719	5.05	15.93	0.1
19800720	2.94	11.4	0.2
19800721	0.0	12.23	0.14
19800722	0.0	15.04	0.08
19800723	0.0	16.69	0.05
19800724	0.0	16.96	0.04
19800725	2.95	20.65	0.03
19800726	13.42	17.01	0.06
19800727	0.22	15.89	0.1
19800728	0.0	19.58	0.07
19800729	8.18	19.45	0.05
19800730	0.24	16.39	0.07
19800731	0.0	16.29	0.06
19800801	1.72	16.26	0.04
19800802	0.0	18.35	0.04
19800803	0.02	19.78	0.03
19800804	1.13	17.35	0.03
19800805	0.01	15.98	0.02
19800806	0.33	17.38	0.02
19800807	2.91	17.29	0.02
19800808	6.1	14.32	0.02
19800809	0.33	15.38	0.04
19800810	0.38	18.14	0.04
19800811	2.29	14.32	0.03
19800812	5.44	14.92	0.03
19800813	0.1	19.73	0.04
19800814	57.8	19.75	0.07
19800815	0.16	16.91	4.65
19800816	0.25	17.56	1.51
19800817	0.47	17.37	0.44
19800818	0.03	15.79	0.25
19800819	0.01	15.86	0.15
19800820	0.57	19.11	0.11
19800821	0.01	14.01	0.08
19800822	0.0	13.6	0.06
19800823	0.0	11.91	0.05
19800824	0.0	12.27	0.05
19800825	0.0	14.58	0.04
19800826	0.0	15.05	0.04
19800827	0.03	17.88	0.04
19800828	0.07	18.14	0.03
19800829	9.94	15.36	0.04
19800830	1.38	13.4	0.06
19800831	0.13	12.86	0.05
19800901	0.0	15.73	0.03
19800902	0.0	15.63	0.03
19800903	0.0	17.52	0.03
19800904	1.28	16.5	0.02
19800905	1.11	13.17	0.03
19800906	0.01	15.71	0.03
19800907	0.01	16.85	0.02
19800908	0.23	14.24	0.02
19800909	0.1	13.93	0.02
19800910	0.27	15.46	0.02
19800911	0.21	15.6	0.02
19800912	0.02	14.73	0.02
19800913	0.02	14.77	0.02
19800914	0.01	16.35	0.02
19800915	0.18	16.85	0.01
19800916	1.69	14.96	0.02
19800917	0.04	14.43	0.02
19800918	0.01	16.18	0.02
19800919	0.54	16.82	0.02
19800920	1.62	17.39	0.02
19800921	5.17	14.97	0.02
19800922	2.12	15.35	0.04
19800923	0.5	14.26	0.03
19800924	0.0	12.61	0.03
19800925	0.0	12.61	0.02
19800926	0.01	15.59	0.02
19800927	0.41	13.57	0.02
19800928	0.16	11.28	0.02
19800929	0.0	13.18	0.02
19800930	0.0	11.54	0.02
19801001	0.0	11.73	0.02
19801002	0.0	9.17	0.02
19801003	1.31	13.16	0.01
19801004	0.01	9.01	0.02
19801005	0.26	11.33	0.02
19801006	9.17	10.8	0.02
19801007	0.43	8.7	0.03
19801008	0.0	8.04	0.03
19801009	0.0	6.3	0.02
19801010	6.82	6.82	0.02
19801011	0.31	8.26	0.03
19801012	0.0	5.9	0.03
19801013	0.18	9.08	0.02
19801014	0.0	7.02	0.02
19801015	21.16	8.7	0.02
19801016	6.54	6.81	0.33
19801017	6.99	5.82	0.44
19801018	0.03	4.87	0.47
19801019	3.65	5.51	0.23
19801020	0.63	8.06	0.2
19801021	0.62	12.12	0.17
19801022	2.52	11.21	0.16
19801023	0.03	9.05	0.16
19801024	1.58	9.41	0.13
19801025	0.25	8.35	0.1
19801026	2.57	12.92	0.08
19801027	0.22	16.0	0.08
19801028	0.77	11.77	0.07
19801029	0.0	6.32	0.07
19801030	0.0	5.0	0.06
19801031	0.01	5.74	0.06
19801101	0.0	3.75	0.05
19801102	0.0	2.12	0.05
19801103	0.01	2.64	0.05
19801104	0.22	3.39	0.05
19801105	0.01	3.69	0.05
19801106	6.8	3.63	0.05
19801107	0.76	2.24	0.07
19801108	0.15	2.77	0.07
19801109	0.04	3.92	0.06
19801110	0.01	4.44	0.05
19801111	0.87	3.53	0.05
19801112	0.03	3.44	0.05
19801113	0.3	7.25	0.05
19801114	5.38	9.9	0.05
19801115	8.72	12.75	0.25
19801116	0.6	12.27	0.58
19801117	6.43	9.6	1.34
19801118	0.6	5.75	1.26
19801119	1.75	10.52	0.51
19801120	0.02	11.06	0.4
19801121	0.42	12.22	0.3
19801122	1.12	13.56	0.24
19801123	1.33	13.42	0.2
19801124	0.61	9.56	0.21
19801125	0.51	4.22	0.21
19801126	0.41	2.05	0.17
19801127	2.04	4.07	0.14
19801128	1.62	0.35	0.15
19801129	0.24	0.71	0.13
19801130	0.02	-0.58	0.11
19801201	0.3	1.08	0.1
19801202	0.03	3.58	0.12
19801203	0.01	2.5	0.11
19801204	0.51	4.87	0.09
19801205	1.64	5.64	0.09
19801206	0.01	1.21	0.09
19801207	0.0	-1.15	0.07
19801208	0.02	-0.17	0.06
19801209	0.0	5.06	0.06
19801210	1.3	9.39	0.06
19801211	0.32	8.3	0.07
19801212	0.53	10.69	0.07
19801213	1.01	9.35	0.08
19801214	2.62	7.51	0.1
19801215	4.93	2.8	0.34
19801216	3.68	5.38	0.47
19801217	6.04	6.09	1.46
19801218	0.01	2.16	1.83
19801219	7.96	2.13	0.98
19801220	3.63	3.36	3.3
19801221	0.04	4.97	1.93
19801222	0.05	9.32	1.01
19801223	0.0	10.42	0.69
19801224	0.35	8.17	0.52
19801225	0.0	4.06	0.42
19801226	0.22	2.41	0.32
19801227	0.0	1.14	0.25
19801228	0.01	4.88	0.21
19801229	0.0	8.24	0.2
19801230	0.0	8.01	0.19
19801231	0.76	6.95	0.18
19810101	0.08	6.14	0.16
19810102	0.37	9.79	0.15
19810103	0.07	5.21	0.16
19810104	0.16	1.45	0.14
19810105	0.47	2.13	0.1
19810106	3.15	1.32	0.1
19810107	0.09	2.25	0.1
19810108	0.11	7.11	0.09
19810109	3.05	4.32	0.11
19810110	1.19	1.43	0.14
19810111	0.28	1.6	0.12
19810112	1.6	0.75	0.16
19810113	1.8	2.3	0.17
19810114	4.02	5.05	0.2
19810115	0.14	-0.17	0.32
19810116	4.96	1.87	0.54
19810117	0.44	2.5	1.51
19810118	2.4	3.29	1.15
19810119	0.43	3.68	1.21
19810120	7.98	2.81	0.78
19810121	3.02	7.59	3.44
19810122	0.03	8.95	2.45
19810123	0.0	8.46	1.33
19810124	0.0	5.61	0.88
19810125	0.0	5.82	0.59
19810126	0.3	6.95	0.44
19810127	0.02	6.47	0.36
19810128	0.0	6.39	0.32
19810129	0.0	4.03	0.29
19810130	0.0	2.14	0.26
19810131	0.0	0.73	0.23
19810201	0.0	5.39	0.2
19810202	5.06	6.85	0.2
19810203	0.31	5.64	0.39
19810204	0.15	2.97	0.31
19810205	0.01	5.73	0.24
19810206	0.07	10.54	0.21
19810207	0.22	9.88	0.19
19810208	0.33	8.71	0.18
19810209	4.91	3.88	0.22
19810210	0.0	0.9	0.31
19810211	0.01	1.85	0.28
19810212	0.27	0.39	0.27
19810213	0.0	-0.34	0.21
19810214	0.0	-1.47	0.18
19810215	0.0	0.19	0.17
19810216	0.04	2.44	0.15
19810217	0.0	2.32	0.14
19810218	0.0	1.75	0.14
19810219	0.08	0.94	0.13
19810220	0.31	-1.41	0.13
19810221	0.35	-0.82	0.12
19810222	3.05	0.18	0.14
19810223	1.31	-0.75	0.14
19810224	0.14	-0.28	0.14
19810225	0.01	-0.26	0.14
19810226	0.0	-0.16	0.15
19810227	6.07	2.86	0.17
19810228	0.97	4.45	0.6
19810301	7.52	6.77	0.64
19810302	4.86	5.95	2.55
19810303	0.19	2.13	2.39
19810304	1.14	1.55	1.34
19810305	4.13	3.81	1.0
19810306	2.1	9.59	1.49
19810307	3.07	11.78	2.04
19810308	0.59	11.09	1.89
19810309	15.97	11.13	2.84
19810310	6.21	12.42	6.44
19810311	6.22	9.96	6.38
19810312	2.6	9.53	3.84
19810313	5.45	8.38	3.31
19810314	3.08	6.78	2.81
19810315	0.08	5.28	1.86
19810316	3.04	3.35	1.15
19810317	0.64	3.19	0.91
19810318	0.01	7.88	0.76
19810319	0.01	8.18	0.56
19810320	0.31	10.53	0.45
19810321	2.89	9.85	0.42
19810322	1.04	4.37	0.37
19810323	2.99	10.44	0.48
19810324	1.44	11.41	0.57
19810325	0.53	11.39	0.52
19810326	0.1	8.34	0.4
19810327	0.01	10.91	0.32
19810328	0.02	11.21	0.28
19810329	3.0	8.34	0.24
19810330	3.7	5.82	0.31
19810331	5.36	6.12	0.34
19810401	0.78	6.09	0.98
19810402	0.01	8.91	0.79
19810403	0.01	5.84	0.51
19810404	0.02	5.46	0.4
19810405	0.12	6.08	0.33
19810406	0.05	6.9	0.28
19810407	0.0	8.43	0.25
19810408	1.34	11.58	0.21
19810409	0.02	11.57	0.19
19810410	7.81	15.33	0.18
19810411	0.6	12.73	0.28
19810412	0.0	10.5	0.22
19810413	0.01	8.13	0.16
19810414	0.0	8.23	0.14
19810415	0.0	8.92	0.12
19810416	0.0	6.63	0.11
19810417	0.0	5.54	0.1
19810418	0.0	6.99	0.09
19810419	0.01	5.74	0.08
19810420	0.0	5.62	0.08
19810421	0.0	4.91	0.07
19810422	0.91	2.55	0.08
19810423	0.13	3.85	0.08
19810424	4.56	2.67	0.08
19810425	35.35	3.86	0.89
19810426	28.54	3.86	9.82
19810427	0.03	4.25	10.63
19810428	0.74	8.11	2.93
19810429	0.01	11.67	1.45
19810430	1.16	9.36	0.89
19810501	0.03	5.55	0.57
19810502	0.07	4.78	0.4
19810503	4.78	6.38	0.38
19810504	1.24	5.19	0.36
19810505	4.59	9.67	0.29
19810506	0.03	12.06	0.31
19810507	3.5	13.82	0.27
19810508	0.01	12.12	0.25
19810509	6.82	11.81	0.24
19810510	0.9	12.51	0.5
19810511	0.0	14.09	0.38
19810512	0.0	12.11	0.27
19810513	0.02	14.1	0.2
19810514	0.03	10.73	0.16
19810515	7.06	13.19	0.14
19810516	2.21	10.23	0.25
19810517	2.36	8.57	0.29
19810518	1.13	11.69	0.23
19810519	2.27	13.07	0.18
19810520	2.83	14.53	0.2
19810521	6.85	12.38	1.15
19810522	2.25	12.9	1.0
19810523	2.66	10.89	0.48
19810524	5.91	10.35	0.42
19810525	2.5	8.61	0.64
19810526	2.96	10.41	0.68
19810527	2.51	12.61	0.56
19810528	0.05	11.83	0.36
19810529	0.18	12.37	0.26
19810530	0.05	13.77	0.21
19810531	0.25	14.93	0.19
19810601	17.24	17.35	0.2
19810602	0.0	13.77	2.76
19810603	0.0	13.38	0.73
19810604	0.03	12.96	0.37
19810605	0.0	12.78	0.25
19810606	3.45	12.91	0.21
19810607	1.79	14.26	0.17
19810608	0.03	15.04	0.15
19810609	0.02	12.88	0.12
19810610	4.33	13.62	0.09
19810611	0.33	14.4	0.11
19810612	0.02	12.86	0.09
19810613	0.0	17.7	0.07
19810614	0.08	19.87	0.07
19810615	0.0	14.17	0.05
19810616	0.0	12.49	0.05
19810617	0.0	10.71	0.04
19810618	0.02	11.77	0.04
19810619	0.34	12.57	0.05
19810620	1.43	12.99	0.05
19810621	0.0	11.3	0.04
19810622	0.0	16.81	0.03
19810623	1.08	15.82	0.04
19810624	1.37	12.98	0.04
19810625	0.2	11.64	0.04
19810626	0.25	9.28	0.04
19810627	0.0	9.37	0.03
19810628	0.04	9.38	0.03
19810629	0.03	13.69	0.03
19810630	0.0	15.38	0.02
19810701	0.0	14.06	0.02
19810702	0.0	12.96	0.03
19810703	0.33	13.41	0.02
19810704	0.0	16.35	0.02
19810705	1.68	16.67	0.03
19810706	0.0	16.46	0.03
19810707	0.0	17.14	0.03
19810708	0.84	20.21	0.02
19810709	4.8	19.23	0.03
19810710	0.33	15.82	0.03
19810711	1.37	16.65	0.03
19810712	0.13	16.09	0.04
19810713	0.0	16.28	0.03
19810714	0.01	15.74	0.02
19810715	0.09	16.08	0.02
19810716	3.35	13.6	0.02
19810717	0.18	13.45	0.03
19810718	0.02	13.0	0.02
19810719	0.71	17.55	0.02
19810720	0.03	18.33	0.02
19810721	2.66	17.78	0.02
19810722	4.77	14.83	0.02
19810723	5.39	13.45	0.03
19810724	2.37	11.43	0.04
19810725	0.12	14.66	0.03
19810726	0.02	16.97	0.02
19810727	0.0	19.15	0.02
19810728	0.0	19.94	0.03
19810729	0.0	16.3	0.02
19810730	0.0	15.93	0.01
19810731	3.5	15.01	0.02
19810801	0.0	12.25	0.02
19810802	0.0	14.65	0.02
19810803	0.0	18.96	0.01
19810804	0.0	20.48	0.02
19810805	4.45	21.7	0.02
19810806	34.77	16.48	0.32
19810807	1.95	14.54	0.25
19810808	0.35	14.57	0.1
19810809	1.17	13.66	0.07
19810810	0.0	14.42	0.06
19810811	0.0	17.91	0.05
19810812	0.0	18.6	0.04
19810813	0.0	18.51	0.03
19810814	0.0	20.36	0.03
19810815	0.02	17.08	0.03
19810816	0.0	12.66	0.03
19810817	0.01	17.31	0.02
19810818	0.0	17.23	0.02
19810819	2.11	15.75	0.02
19810820	0.12	13.33	0.02
19810821	0.04	14.18	0.02
19810822	2.55	13.55	0.02
19810823	0.02	14.88	0.03
19810824	0.0	16.56	0.02
19810825	0.0	18.21	0.02
19810826	0.0	17.72	0.02
19810827	0.0	19.09	0.02
19810828	0.0	16.51	0.02
19810829	0.03	17.2	0.02
19810830	0.0	17.5	0.02
19810831	0.0	15.37	0.02
19810901	0.01	13.47	0.02
19810902	0.0	14.13	0.02
19810903	0.0	14.49	0.01
19810904	0.0	16.0	0.02
19810905	0.0	16.31	0.02
19810906	0.0	17.94	0.01
19810907	0.04	18.15	0.01
19810908	0.4	16.3	0.02
19810909	0.0	17.31	0.01
19810910	3.48	17.91	0.01
19810911	9.74	16.29	0.02
19810912	0.02	12.64	0.04
19810913	0.3	12.44	0.02
19810914	12.8	15.99	0.02
19810915	0.0	17.3	0.07
19810916	2.59	15.63	0.04
19810917	1.61	17.49	0.03
19810918	2.16	14.31	0.03
19810919	19.07	14.14	0.04
19810920	0.07	13.33	0.18
19810921	0.57	14.64	0.09
19810922	0.07	12.56	0.05
19810923	0.92	15.1	0.04
19810924	3.19	14.43	0.03
19810925	11.37	13.63	0.03
19810926	4.28	12.11	0.08
19810927	0.02	12.35	0.11
19810928	0.16	11.33	0.07
19810929	7.19	14.13	0.05
19810930	6.66	17.22	0.09
19811001	0.21	15.29	0.3
19811002	0.12	8.56	0.21
19811003	9.24	8.64	0.14
19811004	4.44	10.94	0.29
19811005	0.85	10.91	0.3
19811006	2.07	11.54	0.26
19811007	0.92	10.78	0.16
19811008	0.46	14.35	0.11
19811009	2.21	10.78	0.1
19811010	3.48	8.04	0.09
19811011	0.87	8.52	0.08
19811012	0.06	7.07	0.07
19811013	0.0	5.86	0.06
19811014	0.01	7.08	0.05
19811015	0.01	4.05	0.05
19811016	0.0	4.51	0.04
19811017	0.91	6.14	0.04
19811018	0.56	8.32	0.04
19811019	16.63	9.85	0.04
19811020	1.53	6.07	0.58
19811021	0.0	6.88	0.37
19811022	0.01	5.61	0.19
19811023	0.0	7.36	0.12
19811024	1.55	7.68	0.1
19811025	0.22	4.53	0.09
19811026	1.77	6.53	0.08
19811027	0.02	6.96	0.07
19811028	0.75	8.37	0.07
19811029	3.12	6.88	0.06
19811030	4.14	9.53	0.09
19811031	0.04	10.04	0.16
19811101	0.01	14.11	0.14
19811102	0.09	13.18	0.11
19811103	0.28	10.04	0.09
19811104	0.0	5.34	0.08
19811105	0.0	5.01	0.07
19811106	0.0	4.41	0.06
19811107	0.0	3.77	0.05
19811108	0.0	3.76	0.05
19811109	0.0	5.16	0.05
19811110	0.0	6.32	0.05
19811111	0.17	8.98	0.04
19811112	0.0	6.57	0.04
19811113	0.0	6.64	0.04
19811114	0.0	7.0	0.04
19811115	2.77	7.21	0.04
19811116	4.14	5.82	0.05
19811117	0.07	7.84	0.07
19811118	4.71	6.52	0.07
19811119	7.15	8.69	0.13
19811120	0.62	9.2	0.55
19811121	0.05	9.9	0.34
19811122	0.01	12.19	0.22
19811123	2.37	7.75	0.18
19811124	0.23	3.53	0.14
19811125	0.26	4.17	0.11
19811126	1.17	9.42	0.1
19811127	0.99	6.32	0.11
19811128	0.51	3.88	0.1
19811129	2.66	5.5	0.08
19811130	1.62	5.72	0.09
19811201	0.01	2.59	0.09
19811202	0.01	3.78	0.08
19811203	0.04	7.77	0.07
19811204	0.29	5.5	0.08
19811205	0.06	4.3	0.08
19811206	2.02	3.49	0.09
19811207	4.52	1.85	0.11
19811208	0.05	-2.8	0.13
19811209	0.0	-3.65	0.13
19811210	4.17	-4.47	0.12
19811211	3.86	-4.44	0.1
19811212	0.0	-8.37	0.09
19811213	6.58	-2.52	0.06
19811214	6.04	0.73	0.1
19811215	0.0	-2.56	1.65
19811216	0.0	-4.27	1.0
19811217	0.0	-5.1	0.42
19811218	0.0	-3.81	0.3
19811219	0.02	-2.56	0.22
19811220	8.7	0.87	0.22
19811221	0.8	-0.86	0.22
19811222	0.02	-4.79	0.16
19811223	0.01	-3.75	0.14
19811224	0.01	-1.9	0.14
19811225	0.0	-4.98	0.11
19811226	0.01	-0.71	0.1
19811227	4.16	0.39	0.13
19811228	2.7	1.34	0.21
19811229	4.88	3.4	3.35
19811230	0.2	4.2	8.88
19811231	0.81	2.58	4.83
19820101	1.91	1.98	2.31
19820102	7.01	8.24	5.61
19820103	0.07	9.52	3.63
19820104	0.61	9.23	1.65
19820105	5.57	3.59	1.5
19820106	0.0	-3.05	1.12
19820107	0.19	-3.63	0.66
19820108	9.91	-2.9	0.44
19820109	0.1	-6.84	0.35
19820110	0.0	-5.89	0.35
19820111	0.0	-3.75	0.3
19820112	0.0	-5.09	0.22
19820113	0.0	-10.82	0.19
19820114	0.0	-10.33	0.18
19820115	0.01	-2.11	0.19
19820116	0.06	3.49	0.2
19820117	0.05	3.97	0.24
19820118	0.11	4.16	1.13
19820119	1.54	4.3	1.44
19820120	1.09	4.95	2.65
19820121	1.12	5.37	1.78
19820122	4.09	4.63	1.59
19820123	0.05	2.94	2.03
19820124	0.26	3.61	1.04
19820125	3.69	7.97	0.83
19820126	1.22	4.34	1.31
19820127	0.01	1.26	0.99
19820128	0.42	5.76	0.67
19820129	0.01	9.32	0.53
19820130	0.0	8.98	0.44
19820131	0.0	8.53	0.36
19820201	0.0	7.03	0.31
19820202	0.0	3.73	0.29
19820203	0.0	3.0	0.26
19820204	0.04	5.63	0.21
19820205	3.19	8.92	0.22
19820206	0.17	6.32	0.23
19820207	2.38	4.05	0.22
19820208	0.0	5.64	0.23
19820209	0.04	9.45	0.22
19820210	0.73	8.36	0.21
19820211	4.76	5.76	0.3
19820212	3.42	7.39	0.5
19820213	1.09	5.12	0.85
19820214	0.19	3.36	0.65
19820215	0.0	2.96	0.46
19820216	0.59	2.09	0.38
19820217	3.11	1.02	0.35
19820218	0.49	3.39	0.37
19820219	0.04	0.68	0.41
19820220	0.0	-0.31	0.38
19820221	0.0	0.81	0.34
19820222	0.0	0.62	0.29
19820223	0.0	-0.17	0.24
19820224	0.05	1.37	0.23
19820225	0.53	2.66	0.22
19820226	1.54	4.03	0.21
19820227	0.2	6.87	0.2
19820228	2.27	9.67	0.21
19820301	0.46	5.84	0.25
19820302	2.71	8.48	0.21
19820303	0.38	7.35	0.25
19820304	1.54	3.71	0.19
19820305	0.01	4.98	0.14
19820306	14.9	5.75	0.75
19820307	0.03	2.68	3.52
19820308	0.32	3.51	1.33
19820309	6.35	5.26	0.86
19820310	4.33	6.27	2.0
19820311	4.84	6.25	1.42
19820312	0.19	4.55	1.35
19820313	0.01	6.23	0.86
19820314	1.9	9.14	0.59
19820315	22.12	4.73	5.07
19820316	0.18	5.15	5.42
19820317	1.09	6.04	1.84
19820318	0.95	4.97	1.08
19820319	4.93	5.57	0.87
19820320	1.05	4.21	0.96
19820321	0.6	5.28	0.81
19820322	0.0	5.92	0.59
19820323	0.0	5.68	0.46
19820324	0.0	7.06	0.39
19820325	0.0	8.06	0.34
19820326	0.0	8.36	0.31
19820327	0.0	7.13	0.28
19820328	0.0	6.42	0.26
19820329	4.71	4.21	0.28
19820330	0.52	4.86	0.24
19820331	0.01	5.13	0.21
19820401	0.73	7.66	0.2
19820402	0.0	7.54	0.18
19820403	0.0	9.43	0.16
19820404	0.0	10.48	0.15
19820405	3.49	13.61	0.15
19820406	3.69	9.7	0.19
19820407	2.7	9.26	0.19
19820408	0.09	3.65	0.17
19820409	0.26	6.7	0.13
19820410	0.08	6.06	0.13
19820411	0.0	4.6	0.12
19820412	0.01	3.33	0.1
19820413	0.0	5.41	0.09
19820414	0.0	8.46	0.09
19820415	0.0	9.85	0.09
19820416	0.0	8.8	0.08
19820417	0.0	7.47	0.08
19820418	0.0	5.37	0.07
19820419	0.0	6.81	0.07
19820420	0.0	10.52	0.07
19820421	0.0	8.64	0.07
19820422	0.0	11.23	0.07
19820423	0.0	9.49	0.06
19820424	0.0	9.21	0.06
19820425	0.0	10.54	0.06
19820426	0.0	9.03	0.06
19820427	0.0	10.59	0.05
19820428	0.0	11.43	0.05
19820429	2.0	7.81	0.05
19820430	0.36	9.85	0.06
19820501	0.26	6.28	0.05
19820502	2.84	7.68	0.05
19820503	0.28	6.92	0.06
19820504	0.58	4.45	0.05
19820505	4.39	7.61	0.05
19820506	3.28	5.12	0.11
19820507	0.72	6.22	0.07
19820508	0.0	7.81	0.05
19820509	0.01	8.34	0.05
19820510	0.12	9.22	0.05
19820511	0.0	10.17	0.04
19820512	0.0	12.93	0.04
19820513	0.0	11.74	0.03
19820514	0.0	13.24	0.03
19820515	0.37	15.96	0.03
19820516	0.0	14.25	0.03
19820517	2.1	11.74	0.04
19820518	0.13	12.08	0.04
19820519	0.98	13.92	0.03
19820520	0.05	14.54	0.03
19820521	3.74	14.97	0.03
19820522	0.16	12.98	0.04
19820523	3.8	11.54	0.04
19820524	0.02	14.39	0.03
19820525	0.0	13.03	0.02
19820526	21.58	16.03	0.04
19820527	1.83	10.51	0.24
19820528	0.0	12.35	0.1
19820529	0.0	13.9	0.06
19820530	0.0	14.44	0.04
19820531	0.6	19.32	0.04
19820601	0.18	18.7	0.04
19820602	3.61	19.14	0.04
19820603	14.75	18.86	0.13
19820604	1.0	19.98	0.15
19820605	7.63	21.29	0.09
19820606	6.75	19.14	0.75
19820607	0.01	18.79	0.3
19820608	0.0	18.04	0.12
19820609	0.0	16.36	0.08
19820610	6.35	15.85	0.06
19820611	4.16	14.83	0.08
19820612	8.4	12.66	0.15
19820613	0.03	10.61	0.12
19820614	0.01	11.97	0.07
19820615	0.72	13.33	0.05
19820616	0.01	13.9	0.05
19820617	11.39	15.18	0.04
19820618	1.54	15.14	0.13
19820619	4.82	13.81	0.16
19820620	0.19	15.94	0.11
19820621	0.44	13.68	0.07
19820622	26.33	13.65	2.34
19820623	7.38	14.87	2.46
19820624	0.01	15.28	1.3
19820625	26.13	14.09	5.54
19820626	1.76	14.69	6.15
19820627	1.4	16.01	1.09
19820628	5.94	14.31	0.54
19820629	1.3	13.18	0.38
19820630	1.19	15.89	0.25
19820701	0.24	15.99	0.2
19820702	0.36	14.94	0.16
19820703	0.3	13.72	0.13
19820704	0.01	13.53	0.11
19820705	0.02	16.57	0.09
19820706	0.0	16.83	0.08
19820707	0.0	18.47	0.07
19820708	0.0	19.77	0.06
19820709	0.87	20.31	0.06
19820710	0.0	17.98	0.05
19820711	0.0	19.03	0.05
19820712	0.0	15.55	0.05
19820713	0.0	18.56	0.04
19820714	2.17	17.44	0.05
19820715	9.04	14.75	0.15
19820716	0.02	13.83	0.09
19820717	0.0	17.27	0.05
19820718	0.05	16.26	0.05
19820719	0.0	15.65	0.04
19820720	0.1	16.29	0.04
19820721	0.0	15.86	0.04
19820722	0.16	15.09	0.03
19820723	0.05	14.74	0.03
19820724	0.01	14.87	0.03
19820725	0.01	18.27	0.03
19820726	0.0	13.43	0.03
19820727	0.0	12.83	0.03
19820728	0.0	15.14	0.03
19820729	0.0	18.04	0.02
19820730	1.9	20.6	0.03
19820731	4.24	20.65	0.03
19820801	0.95	19.28	0.03
19820802	0.41	20.47	0.03
19820803	1.12	21.38	0.03
19820804	7.42	19.46	0.03
19820805	2.16	18.05	0.05
19820806	0.76	19.93	0.04
19820807	0.03	15.67	0.03
19820808	0.01	18.86	0.03
19820809	0.14	17.37	0.03
19820810	0.0	17.84	0.02
19820811	0.0	19.41	0.02
19820812	0.24	17.25	0.02
19820813	7.76	12.97	0.03
19820814	4.53	15.88	0.03
19820815	0.9	18.21	0.03
19820816	0.58	15.45	0.03
19820817	0.41	17.24	0.02
19820818	0.21	14.5	0.02
19820819	0.88	13.14	0.02
19820820	0.04	14.23	0.02
19820821	0.01	16.05	0.02
19820822	0.78	14.89	0.02
19820823	0.13	14.04	0.01
19820824	2.93	12.58	0.02
19820825	0.25	13.1	0.02
19820826	2.79	13.3	0.02
19820827	0.01	13.05	0.03
19820828	0.0	13.26	0.03
19820829	0.22	17.52	0.02
19820830	6.14	14.32	0.03
19820831	0.36	12.16	0.05
19820901	0.97	13.28	0.04
19820902	0.01	12.58	0.04
19820903	0.0	16.77	0.03
19820904	0.0	16.86	0.02
19820905	3.28	17.58	0.03
19820906	0.16	13.98	0.04
19820907	0.0	15.66	0.04
19820908	0.0	14.43	0.03
19820909	0.0	15.33	0.03
19820910	0.0	18.16	0.03
19820911	0.0	14.49	0.03
19820912	0.0	14.99	0.03
19820913	0.0	12.83	0.03
19820914	0.0	14.63	0.02
19820915	0.0	15.34	0.02
19820916	0.0	17.06	0.02
19820917	0.0	16.93	0.02
19820918	0.5	20.72	0.03
19820919	2.66	16.84	0.03
19820920	7.97	16.18	0.03
19820921	4.2	9.98	0.05
19820922	0.52	11.49	0.05
19820923	3.57	11.0	0.04
19820924	2.34	12.63	0.04
19820925	5.29	14.85	0.04
19820926	1.77	13.96	0.05
19820927	4.6	11.85	0.04
19820928	2.52	13.37	0.05
19820929	1.79	8.61	0.05
19820930	0.05	11.58	0.05
19821001	0.62	14.79	0.03
19821002	23.98	10.92	0.17
19821003	8.96	12.03	0.64
19821004	5.31	10.87	1.75
19821005	2.86	9.3	0.88
19821006	0.27	12.47	0.45
19821007	9.1	10.61	0.29
19821008	0.68	10.63	0.93
19821009	0.0	10.33	0.55
19821010	0.02	9.31	0.3
19821011	0.01	7.71	0.21
19821012	2.95	8.9	0.16
19821013	2.78	9.83	0.17
19821014	0.01	8.17	0.18
19821015	0.0	8.47	0.16
19821016	4.37	9.8	0.13
19821017	0.88	11.6	0.2
19821018	0.03	11.38	0.21
19821019	0.52	12.29	0.15
19821020	8.11	12.15	0.14
19821021	17.07	9.3	1.01
19821022	4.28	6.75	7.07
19821023	0.01	5.98	2.56
19821024	0.17	7.84	1.01
19821025	0.01	10.06	0.59
19821026	0.17	9.76	0.41
19821027	0.01	7.76	0.29
19821028	0.08	9.47	0.23
19821029	0.01	11.2	0.2
19821030	0.08	10.99	0.17
19821031	0.83	13.14	0.16
19821101	1.17	13.08	0.15
19821102	0.2	11.14	0.13
19821103	0.33	11.03	0.12
19821104	0.13	11.08	0.11
19821105	0.06	10.08	0.11
19821106	0.0	9.17	0.12
19821107	3.79	10.48	0.12
19821108	5.13	12.18	0.26
19821109	0.2	10.2	0.32
19821110	0.06	12.02	0.21
19821111	5.82	11.61	0.16
19821112	0.63	7.43	0.24
19821113	0.22	5.02	0.28
19821114	18.83	3.2	2.27
19821115	4.48	5.27	5.16
19821116	0.63	7.18	2.98
19821117	0.6	8.88	1.56
19821118	0.07	8.29	0.94
19821119	0.78	6.62	0.58
19821120	0.46	8.64	0.42
19821121	9.7	8.47	0.77
19821122	0.1	7.75	1.71
19821123	6.06	7.6	1.78
19821124	6.88	6.58	2.98
19821125	0.29	4.71	3.38
19821126	0.09	2.22	1.51
19821127	0.0	1.52	0.88
19821128	0.01	2.45	0.56
19821129	0.02	0.37	0.41
19821130	0.03	-0.97	0.34
19821201	0.0	2.39	0.32
19821202	0.01	0.71	0.29
19821203	0.03	1.05	0.25
19821204	0.31	5.84	0.23
19821205	0.11	3.85	0.23
19821206	0.0	1.1	0.22
19821207	10.6	5.73	1.61
19821208	4.26	4.45	2.17
19821209	15.52	7.1	4.73
19821210	0.02	2.34	6.38
19821211	0.0	1.62	2.05
19821212	4.13	0.81	1.48
19821213	0.01	1.14	1.65
19821214	2.29	6.18	1.22
19821215	0.12	9.12	1.38
19821216	0.01	3.25	0.95
19821217	0.03	1.19	0.68
19821218	0.44	1.5	0.45
19821219	9.47	7.1	2.4
19821220	0.05	4.52	2.19
19821221	0.17	2.55	1.01
19821222	0.01	-1.16	0.62
19821223	2.24	1.41	0.46
19821224	0.09	7.53	0.49
19821225	0.04	7.8	0.49
19821226	0.01	7.53	0.47
19821227	0.0	5.03	0.42
19821228	0.0	3.62	0.33
19821229	0.0	4.89	0.29
19821230	0.0	4.62	0.27
19821231	0.05	6.41	0.27
19830101	0.1	5.67	0.27
19830102	0.53	6.58	0.23
19830103	5.26	10.19	0.28
19830104	3.12	8.21	0.69
19830105	0.11	12.1	1.16
19830106	4.3	6.86	1.27
19830107	0.11	4.16	1.19
19830108	0.18	5.23	0.71
19830109	0.1	6.13	0.53
19830110	0.0	9.22	0.43
19830111	0.0	7.88	0.37
19830112	3.57	6.05	0.34
19830113	3.54	2.92	0.37
19830114	0.42	7.19	0.66
19830115	0.0	9.91	0.6
19830116	0.01	8.03	0.43
19830117	0.84	6.16	0.38
19830118	0.24	2.68	0.31
19830119	0.0	0.65	0.23
19830120	0.0	2.07	0.2
19830121	0.0	5.36	0.2
19830122	0.0	2.81	0.18
19830123	0.04	2.32	0.18
19830124	2.56	7.67	0.19
19830125	0.04	7.0	0.18
19830126	0.04	8.75	0.16
19830127	0.07	10.6	0.18
19830128	0.01	8.17	0.17
19830129	1.9	5.38	0.17
19830130	3.48	1.81	0.23
19830131	8.31	6.02	2.94
19830201	0.54	3.1	2.38
19830202	0.14	3.36	0.91
19830203	0.12	-1.44	0.57
19830204	3.85	1.66	0.47
19830205	4.1	3.96	0.72
19830206	1.61	2.46	1.21
19830207	2.18	1.15	1.33
19830208	3.08	-0.55	1.35
19830209	0.84	-1.52	1.23
19830210	4.87	-0.31	1.08
19830211	1.89	0.14	1.52
19830212	0.31	-1.52	2.22
19830213	0.05	-2.24	1.64
19830214	0.0	-0.4	0.94
19830215	0.0	0.78	0.64
19830216	0.0	-0.04	0.56
19830217	0.0	-0.6	0.53
19830218	0.04	0.97	0.51
19830219	0.0	0.46	0.51
19830220	0.0	0.68	0.48
19830221	0.0	-0.36	0.48
19830222	0.0	-0.5	0.51
19830223	0.04	1.08	0.42
19830224	0.49	2.69	0.37
19830225	4.08	4.79	0.74
19830226	0.99	7.44	1.45
19830227	5.38	5.27	1.98
19830228	0.25	4.12	1.88
19830301	0.32	4.9	0.93
19830302	0.28	5.39	0.63
19830303	0.02	6.55	0.49
19830304	0.5	3.9	0.4
19830305	0.0	7.2	0.34
19830306	0.01	6.34	0.31
19830307	0.0	6.13	0.27
19830308	0.0	7.85	0.25
19830309	0.0	6.09	0.23
19830310	0.0	8.39	0.21
19830311	0.0	6.47	0.19
19830312	0.0	7.4	0.18
19830313	1.2	10.9	0.19
19830314	2.52	5.02	0.21
19830315	0.01	5.79	0.16
19830316	1.46	7.6	0.14
19830317	0.04	11.23	0.14
19830318	1.5	10.99	0.14
19830319	0.01	6.94	0.14
19830320	0.42	6.29	0.13
19830321	3.21	5.33	0.15
19830322	3.18	5.24	0.13
19830323	7.46	7.17	2.14
19830324	0.1	3.08	1.73
19830325	0.52	4.32	0.72
19830326	2.09	5.33	0.43
19830327	0.04	3.16	0.4
19830328	0.06	4.57	0.28
19830329	2.92	5.37	0.26
19830330	1.1	5.27	0.26
19830331	0.72	5.07	0.23
19830401	0.59	4.58	0.2
19830402	2.08	2.89	0.17
19830403	5.02	3.77	0.18
19830404	1.03	4.33	0.3
19830405	0.16	5.27	0.29
19830406	2.07	5.27	0.24
19830407	3.54	6.52	0.21
19830408	0.01	4.32	0.24
19830409	4.78	8.03	0.19
19830410	11.29	8.8	0.66
19830411	2.59	3.37	4.73
19830412	0.03	4.36	1.89
19830413	0.01	6.8	0.88
19830414	0.0	6.64	0.54
19830415	0.0	9.17	0.41
19830416	1.58	12.34	0.36
19830417	4.12	6.23	0.33
19830418	13.48	2.8	2.6
19830419	0.35	2.19	3.12
19830420	7.24	6.5	3.12
19830421	1.21	7.52	2.51
19830422	3.11	9.55	2.06
19830423	0.79	7.55	1.34
19830424	9.6	10.6	0.71
19830425	0.54	8.7	2.7
19830426	2.19	10.89	1.17
19830427	0.03	7.9	0.69
19830428	0.25	8.8	0.47
19830429	0.31	9.44	0.37
19830430	9.34	11.46	0.33
19830501	17.44	8.66	5.55
19830502	1.23	7.85	5.05
19830503	0.03	6.37	1.73
19830504	0.01	10.2	0.89
19830505	6.35	13.21	0.56
19830506	0.18	13.12	0.7
19830507	1.58	12.43	0.52
19830508	0.4	10.84	0.39
19830509	1.03	7.73	0.33
19830510	0.62	8.02	0.27
19830511	3.8	8.99	0.23
19830512	4.42	9.2	0.26
19830513	4.03	9.65	0.25
19830514	0.53	10.07	0.21
19830515	3.29	9.42	0.23
19830516	5.97	11.56	0.29
19830517	1.63	11.34	0.27
19830518	4.81	8.99	0.27
19830519	6.44	8.49	0.41
19830520	2.67	9.42	0.69
19830521	4.54	9.17	2.18
19830522	2.04	9.46	1.19
19830523	0.06	11.14	0.52
19830524	0.0	9.76	0.34
19830525	0.0	11.46	0.25
19830526	0.0	9.65	0.2
19830527	2.5	10.46	0.18
19830528	1.25	8.88	0.19
19830529	0.59	9.76	0.17
19830530	0.35	12.03	0.15
19830531	22.45	15.4	0.63
19830601	0.37	15.64	4.44
19830602	4.02	12.92	1.2
19830603	0.98	14.59	0.67
19830604	0.1	15.53	0.41
19830605	0.02	12.96	0.28
19830606	0.0	13.62	0.22
19830607	0.0	18.79	0.18
19830608	0.0	17.48	0.15
19830609	0.0	13.79	0.12
19830610	0.0	14.51	0.1
19830611	0.47	14.34	0.1
19830612	0.0	12.26	0.09
19830613	0.03	14.12	0.07
19830614	0.37	11.5	0.06
19830615	0.01	10.68	0.05
19830616	0.0	12.89	0.05
19830617	0.0	13.51	0.05
19830618	0.0	12.07	0.05
19830619	0.0	15.13	0.05
19830620	0.0	16.0	0.05
19830621	0.0	14.74	0.04
19830622	3.87	16.14	0.04
19830623	0.01	14.19	0.05
19830624	0.08	12.26	0.05
19830625	0.0	15.48	0.04
19830626	0.13	15.74	0.03
19830627	0.0	11.06	0.03
19830628	0.0	16.63	0.02
19830629	9.38	16.14	0.06
19830630	0.04	11.43	0.09
19830701	0.74	16.51	0.04
19830702	0.0	14.46	0.03
19830703	0.0	18.03	0.03
19830704	0.0	18.83	0.03
19830705	0.91	19.42	0.03
19830706	7.72	19.02	0.04
19830707	0.01	19.25	0.06
19830708	0.0	19.68	0.04
19830709	0.0	20.09	0.03
19830710	0.0	17.93	0.03
19830711	0.0	19.08	0.03
19830712	0.0	20.89	0.03
19830713	0.0	19.68	0.02
19830714	0.0	23.46	0.02
19830715	0.0	23.78	0.02
19830716	1.83	22.57	0.02
19830717	1.96	22.11	0.03
19830718	0.21	19.58	0.03
19830719	0.0	17.74	0.02
19830720	0.0	13.89	0.02
19830721	0.0	16.39	0.02
19830722	1.82	21.04	0.02
19830723	1.36	18.15	0.02
19830724	3.81	17.34	0.03
19830725	0.0	18.84	0.02
19830726	0.0	20.64	0.03
19830727	0.0	19.55	0.02
19830728	0.0	19.91	0.02
19830729	0.0	21.51	0.02
19830730	0.0	21.45	0.02
19830731	22.82	19.4	0.03
19830801	0.08	13.22	0.18
19830802	1.07	12.01	0.06
19830803	0.0	15.57	0.04
19830804	0.0	16.73	0.03
19830805	0.0	17.42	0.03
19830806	0.0	15.62	0.02
19830807	0.0	17.27	0.02
19830808	0.0	18.59	0.02
19830809	0.0	18.03	0.02
19830810	0.0	17.96	0.02
19830811	0.0	16.45	0.02
19830812	0.0	16.33	0.02
19830813	0.0	17.65	0.02
19830814	0.0	21.02	0.02
19830815	0.0	20.24	0.02
19830816	11.34	19.98	0.02
19830817	0.52	17.85	0.05
19830818	0.0	19.28	0.04
19830819	0.0	22.27	0.03
19830820	0.0	19.33	0.02
19830821	0.64	19.69	0.02
19830822	0.15	19.75	0.02
19830823	6.11	19.77	0.02
19830824	0.0	15.18	0.03
19830825	0.0	17.61	0.02
19830826	0.0	17.43	0.02
19830827	0.28	19.12	0.02
19830828	0.0	15.3	0.02
19830829	0.0	11.69	0.01
19830830	0.06	15.07	0.02
19830831	5.16	19.2	0.02
19830901	0.1	15.4	0.04
19830902	4.19	16.27	0.05
19830903	0.11	14.22	0.03
19830904	0.0	16.95	0.03
19830905	0.0	14.42	0.02
19830906	0.0	12.0	0.02
19830907	0.0	15.44	0.02
19830908	3.33	14.97	0.02
19830909	4.49	13.81	0.03
19830910	8.68	12.26	0.04
19830911	2.58	10.87	0.06
19830912	0.0	10.08	0.05
19830913	2.3	12.4	0.03
19830914	2.68	15.87	0.03
19830915	1.16	14.65	0.03
19830916	3.39	13.48	0.04
19830917	9.12	14.08	0.05
19830918	0.2	13.81	0.06
19830919	1.36	12.21	0.05
19830920	1.84	12.71	0.03
19830921	14.24	8.35	0.07
19830922	0.04	12.9	0.12
19830923	0.0	16.84	0.06
19830924	0.91	12.93	0.04
19830925	0.0	15.09	0.03
19830926	0.0	17.62	0.03
19830927	0.0	15.07	0.03
19830928	0.0	15.74	0.02
19830929	0.07	15.21	0.02
19830930	0.15	13.73	0.03
19831001	0.85	14.88	0.03
19831002	4.9	17.13	0.03
19831003	0.14	16.96	0.04
19831004	0.0	16.59	0.04
19831005	0.0	13.21	0.03
19831006	0.62	13.98	0.02
19831007	2.19	10.72	0.02
19831008	3.56	12.17	0.03
19831009	3.38	13.55	0.04
19831010	0.77	11.08	0.05
19831011	1.13	10.16	0.04
19831012	0.9	13.68	0.03
19831013	9.04	10.36	0.04
19831014	0.11	10.77	0.07
19831015	7.78	10.87	0.06
19831016	0.0	10.29	0.08
19831017	0.15	11.35	0.05
19831018	1.64	12.01	0.04
19831019	0.0	7.8	0.03
19831020	0.0	5.72	0.03
19831021	0.0	5.56	0.03
19831022	0.0	5.14	0.03
19831023	0.11	8.32	0.03
19831024	0.0	5.66	0.03
19831025	0.0	8.12	0.03
19831026	0.0	10.39	0.03
19831027	0.06	7.51	0.03
19831028	0.0	4.68	0.03
19831029	0.0	3.1	0.03
19831030	0.01	7.13	0.02
19831031	0.0	9.46	0.03
19831101	0.0	13.18	0.03
19831102	3.7	12.74	0.03
19831103	0.05	10.5	0.03
19831104	0.01	10.66	0.03
19831105	0.0	9.01	0.03
19831106	0.0	10.75	0.03
19831107	2.88	10.25	0.03
19831108	0.15	10.92	0.03
19831109	0.06	10.88	0.03
19831110	0.03	9.52	0.03
19831111	0.0	9.19	0.03
19831112	0.0	7.06	0.03
19831113	0.0	3.75	0.03
19831114	0.0	0.31	0.03
19831115	0.01	4.78	0.02
19831116	1.16	6.72	0.03
19831117	0.3	7.04	0.03
19831118	0.0	5.98	0.03
19831119	0.0	5.12	0.03
19831120	0.01	3.3	0.03
19831121	0.0	0.05	0.03
19831122	0.0	-0.79	0.03
19831123	0.0	-0.44	0.03
19831124	0.52	5.96	0.03
19831125	4.24	13.14	0.03
19831126	23.31	10.78	0.07
19831127	1.21	9.15	0.43
19831128	0.29	6.62	0.17
19831129	0.0	5.91	0.09
19831130	0.0	3.15	0.07
19831201	0.0	1.97	0.05
19831202	0.0	2.22	0.05
19831203	0.0	3.11	0.05
19831204	0.01	4.83	0.04
19831205	0.24	3.96	0.04
19831206	0.0	0.23	0.04
19831207	0.24	2.66	0.04
19831208	1.98	9.99	0.04
19831209	5.87	4.93	0.07
19831210	0.01	-1.12	0.12
19831211	0.82	-1.47	0.08
19831212	0.16	-0.42	0.07
19831213	0.0	4.26	0.06
19831214	0.33	4.89	0.05
19831215	0.3	4.33	0.05
19831216	1.55	4.3	0.05
19831217	2.75	3.96	0.06
19831218	5.64	5.6	0.08
19831219	1.94	7.09	0.26
19831220	4.72	7.52	0.33
19831221	0.13	6.29	0.37
19831222	2.28	8.44	0.22
19831223	4.65	8.26	0.19
19831224	1.33	10.94	0.35
19831225	4.16	8.69	0.55
19831226	0.2	7.24	0.53
19831227	0.01	10.66	0.29
19831228	0.04	8.16	0.21
19831229	0.0	5.47	0.16
19831230	0.0	4.21	0.13
19831231	0.01	6.73	0.11
19840101	5.87	6.21	0.13
19840102	10.55	6.22	1.03
19840103	2.43	2.3	2.25
19840104	0.22	2.33	0.78
19840105	0.62	5.01	0.45
19840106	2.21	5.42	0.35
19840107	0.22	3.59	0.36
19840108	0.0	1.42	0.31
19840109	0.0	2.74	0.23
19840110	1.46	8.5	0.2
19840111	0.83	6.1	0.21
19840112	1.08	6.88	0.2
19840113	3.1	7.47	0.19
19840114	0.68	2.89	0.19
19840115	0.01	2.0	0.16
19840116	6.86	6.27	0.52
19840117	0.0	2.25	0.69
19840118	0.0	0.25	0.35
19840119	0.09	-1.02	0.26
19840120	0.0	-0.68	0.19
19840121	6.46	0.53	0.16
19840122	4.83	-0.04	0.19
19840123	12.44	0.96	1.3
19840124	0.36	-1.38	1.28
19840125	2.44	0.4	0.69
19840126	3.5	3.67	4.62
19840127	0.01	3.88	6.32
19840128	2.34	4.01	2.47
19840129	0.03	4.24	1.7
19840130	5.37	3.09	1.85
19840131	0.23	3.37	2.17
19840201	1.94	5.18	1.24
19840202	0.53	6.56	1.09
19840203	5.69	6.99	0.84
19840204	3.09	6.39	1.81
19840205	6.42	5.5	2.51
19840206	15.56	5.42	6.44
19840207	1.92	4.95	6.38
19840208	0.32	4.03	2.41
19840209	0.0	3.5	1.16
19840210	0.0	5.61	0.77
19840211	0.0	5.66	0.58
19840212	0.0	0.78	0.47
19840213	0.0	-0.11	0.39
19840214	0.0	-0.8	0.32
19840215	0.02	-2.42	0.29
19840216	0.0	-0.76	0.27
19840217	0.0	1.4	0.25
19840218	0.0	1.05	0.22
19840219	0.01	-0.97	0.2
19840220	1.12	1.34	0.2
19840221	4.64	5.53	0.2
19840222	0.95	3.79	0.28
19840223	0.12	1.81	0.23
19840224	0.02	1.53	0.21
19840225	0.72	1.56	0.2
19840226	1.56	1.79	0.22
19840227	1.17	3.11	0.23
19840228	0.33	2.34	0.29
19840229	0.02	4.57	0.34
19840301	2.37	6.37	0.33
19840302	0.27	2.97	0.33
19840303	0.09	3.47	0.24
19840304	0.97	5.74	0.2
19840305	0.1	7.69	0.19
19840306	0.0	8.75	0.17
19840307	0.0	4.11	0.16
19840308	0.0	3.47	0.14
19840309	0.1	4.36	0.14
19840310	2.96	5.5	0.15
19840311	2.46	6.26	0.17
19840312	0.12	4.53	0.16
19840313	0.44	3.4	0.14
19840314	0.0	3.98	0.13
19840315	0.0	2.57	0.13
19840316	0.0	2.85	0.11
19840317	0.0	2.81	0.1
19840318	0.04	2.73	0.09
19840319	0.0	2.77	0.08
19840320	0.44	3.31	0.08
19840321	0.03	2.78	0.08
19840322	0.01	3.35	0.08
19840323	13.07	7.86	0.08
19840324	6.07	4.12	2.92
19840325	7.37	6.5	1.71
19840326	3.0	4.93	4.0
19840327	3.3	5.31	2.42
19840328	0.07	4.11	1.93
19840329	0.1	4.1	0.94
19840330	1.16	5.0	0.61
19840331	0.02	2.23	0.47
19840401	0.32	1.86	0.36
19840402	0.0	2.22	0.28
19840403	0.0	2.44	0.25
19840404	0.0	2.78	0.22
19840405	1.64	4.86	0.18
19840406	2.37	4.25	0.19
19840407	0.0	5.97	0.18
19840408	0.19	6.59	0.15
19840409	1.0	6.55	0.15
19840410	0.58	7.65	0.14
19840411	2.7	5.04	0.15
19840412	0.01	6.01	0.12
19840413	0.0	6.86	0.1
19840414	0.02	9.44	0.1
19840415	0.44	4.96	0.1
19840416	1.12	5.19	0.08
19840417	0.01	7.74	0.07
19840418	0.0	10.65	0.07
19840419	0.0	11.11	0.07
19840420	0.0	11.09	0.06
19840421	0.0	15.46	0.06
19840422	0.14	8.82	0.06
19840423	0.0	8.62	0.05
19840424	0.0	11.08	0.05
19840425	0.0	11.21	0.05
19840426	0.0	11.28	0.04
19840427	0.0	8.62	0.04
19840428	0.0	8.84	0.03
19840429	0.02	7.21	0.03
19840430	0.0	9.64	0.02
19840501	0.0	10.66	0.02
19840502	0.0	10.32	0.03
19840503	0.0	7.54	0.03
19840504	0.0	9.76	0.03
19840505	0.0	9.06	0.03
19840506	0.03	8.27	0.03
19840507	0.0	6.17	0.03
19840508	0.0	4.57	0.02
19840509	0.04	10.1	0.02
19840510	4.66	7.35	0.02
19840511	0.0	7.32	0.03
19840512	0.0	7.31	0.02
19840513	0.0	8.06	0.02
19840514	0.1	9.93	0.02
19840515	0.46	11.2	0.02
19840516	2.15	11.91	0.02
19840517	0.07	9.02	0.02
19840518	0.0	7.17	0.02
19840519	0.0	9.8	0.01
19840520	8.2	8.89	0.02
19840521	26.57	10.26	0.05
19840522	0.92	8.81	0.54
19840523	0.5	12.22	0.18
19840524	0.01	14.05	0.09
19840525	4.56	10.08	0.07
19840526	16.98	6.92	0.11
19840527	12.18	7.62	1.34
19840528	0.28	8.35	1.14
19840529	0.0	9.82	0.45
19840530	0.0	12.19	0.23
19840531	1.21	12.98	0.15
19840601	8.11	9.35	0.16
19840602	7.35	12.22	0.14
19840603	0.07	10.39	0.21
19840604	6.45	12.43	0.16
19840605	0.23	10.31	0.17
19840606	16.59	14.05	0.44
19840607	0.0	14.53	1.99
19840608	0.0	11.24	0.44
19840609	0.02	14.76	0.22
19840610	0.95	15.82	0.15
19840611	0.01	12.42	0.1
19840612	0.0	15.52	0.09
19840613	0.0	16.99	0.07
19840614	0.0	13.63	0.06
19840615	0.0	16.69	0.05
19840616	0.02	17.78	0.04
19840617	0.19	18.28	0.04
19840618	0.0	18.88	0.04
19840619	0.02	20.39	0.03
19840620	2.44	19.25	0.02
19840621	0.03	13.81	0.02
19840622	1.43	13.66	0.02
19840623	1.19	11.65	0.02
19840624	0.0	15.34	0.02
19840625	0.0	15.21	0.02
19840626	0.0	16.84	0.02
19840627	0.02	15.37	0.02
19840628	0.16	10.29	0.02
19840629	0.13	12.11	0.02
19840630	0.0	12.7	0.02
19840701	0.01	14.57	0.01
19840702	0.04	11.62	0.02
19840703	0.0	12.69	0.01
19840704	0.0	14.65	0.01
19840705	0.0	16.79	0.01
19840706	0.0	19.64	0.01
19840707	0.0	18.52	0.01
19840708	0.0	20.7	0.01
19840709	0.27	17.76	0.01
19840710	0.0	17.22	0.01
19840711	0.01	17.3	0.01
19840712	0.22	15.58	0.01
19840713	2.45	15.99	0.01
19840714	8.51	14.2	0.01
19840715	0.97	14.4	0.03
19840716	0.01	14.13	0.01
19840717	0.03	17.85	0.01
19840718	0.04	16.02	0.01
19840719	0.0	15.58	0.01
19840720	0.0	15.73	0.01
19840721	0.0	15.55	0.01
19840722	0.0	16.56	0.01
19840723	0.0	14.09	0.01
19840724	0.0	15.28	0.01
19840725	0.0	13.22	0.01
19840726	0.0	15.75	0.01
19840727	0.0	21.02	0.01
19840728	0.0	19.75	0.01
19840729	0.0	20.91	0.01
19840730	1.14	21.04	0.01
19840731	0.0	16.3	0.01
19840801	3.68	19.02	0.01
19840802	0.81	17.81	0.01
19840803	6.32	17.08	0.01
19840804	15.74	15.97	0.02
19840805	0.03	12.44	0.11
19840806	15.67	16.74	0.04
19840807	0.82	12.99	0.09
19840808	0.0	16.06	0.05
19840809	0.0	17.35	0.03
19840810	0.0	13.04	0.02
19840811	0.0	14.93	0.02
19840812	0.0	16.54	0.01
19840813	0.01	18.0	0.01
19840814	1.2	19.09	0.01
19840815	0.14	18.29	0.01
19840816	0.0	16.73	0.01
19840817	0.0	17.65	0.01
19840818	0.0	18.33	0.01
19840819	0.0	19.55	0.01
19840820	0.0	20.93	0.01
19840821	0.0	21.28	0.01
19840822	0.01	19.74	0.01
19840823	0.09	20.66	0.01
19840824	0.16	19.96	0.01
19840825	0.0	16.96	0.01
19840826	0.0	18.23	0.01
19840827	0.0	18.9	0.01
19840828	0.0	19.22	0.01
19840829	0.0	19.79	0.01
19840830	0.0	21.24	0.01
19840831	0.0	20.66	0.01
19840901	0.0	17.92	0.01
19840902	1.61	20.27	0.01
19840903	12.42	17.66	0.01
19840904	0.65	10.96	0.02
19840905	0.01	11.14	0.02
19840906	0.02	11.85	0.01
19840907	0.0	12.63	0.01
19840908	0.07	15.26	0.01
19840909	1.9	14.37	0.01
19840910	0.0	13.6	0.01
19840911	0.0	16.23	0.01
19840912	0.0	16.2	0.01
19840913	3.75	17.75	0.01
19840914	6.45	14.44	0.01
19840915	0.06	14.41	0.03
19840916	0.59	14.86	0.02
19840917	13.54	11.99	0.04
19840918	0.06	13.49	0.07
19840919	11.98	13.83	0.03
19840920	13.86	10.01	0.11
19840921	3.47	10.36	0.17
19840922	0.44	11.67	0.09
19840923	4.37	9.52	0.05
19840924	3.92	10.35	0.05
19840925	0.0	10.11	0.04
19840926	0.0	11.71	0.04
19840927	0.18	15.19	0.03
19840928	2.23	16.59	0.02
19840929	3.85	14.24	0.02
19840930	0.05	10.32	0.02
19841001	0.0	9.76	0.02
19841002	3.11	9.86	0.02
19841003	2.63	9.19	0.02
19841004	0.05	12.1	0.02
19841005	1.3	9.03	0.02
19841006	0.0	9.58	0.02
19841007	1.54	11.74	0.01
19841008	0.85	16.17	0.01
19841009	0.02	12.84	0.01
19841010	0.02	10.29	0.01
19841011	0.0	11.95	0.01
19841012	0.0	13.44	0.01
19841013	0.0	12.21	0.01
19841014	0.0	12.63	0.01
19841015	0.0	11.97	0.02
19841016	0.0	12.99	0.02
19841017	7.19	12.75	0.02
19841018	1.84	12.12	0.03
19841019	3.16	10.64	0.03
19841020	0.01	8.43	0.03
19841021	7.06	11.36	0.02
19841022	6.46	12.86	0.04
19841023	0.48	8.94	0.07
19841024	5.93	12.35	0.05
19841025	1.41	9.0	0.08
19841026	0.06	5.42	0.07
19841027	1.34	7.56	0.05
19841028	0.12	13.24	0.04
19841029	0.03	15.13	0.03
19841030	0.07	12.45	0.03
19841031	0.0	12.71	0.03
19841101	0.04	13.69	0.02
19841102	7.45	11.2	0.02
19841103	0.08	7.53	0.05
19841104	0.0	6.44	0.05
19841105	8.99	5.29	0.04
19841106	3.19	7.53	0.13
19841107	0.08	10.27	0.22
19841108	3.18	10.44	0.14
19841109	1.52	11.12	0.12
19841110	0.05	8.13	0.11
19841111	0.02	11.24	0.09
19841112	7.84	10.83	0.08
19841113	1.26	8.8	0.17
19841114	0.48	6.23	0.24
19841115	0.02	2.63	0.17
19841116	3.63	4.51	0.12
19841117	0.88	4.88	0.14
19841118	0.12	3.8	0.18
19841119	0.0	3.03	0.15
19841120	7.16	6.36	0.14
19841121	5.76	9.37	0.44
19841122	7.37	9.1	1.1
19841123	22.84	9.35	4.75
19841124	0.31	7.42	5.2
19841125	0.01	5.48	1.28
19841126	0.0	5.0	0.59
19841127	1.14	9.64	0.4
19841128	0.27	9.16	0.31
19841129	0.09	9.06	0.25
19841130	1.0	9.95	0.22
19841201	0.03	8.07	0.2
19841202	6.08	6.01	0.23
19841203	1.38	8.09	0.72
19841204	0.12	8.89	0.57
19841205	5.45	8.49	0.44
19841206	0.0	6.38	0.9
19841207	0.03	5.35	0.65
19841208	0.24	4.16	0.42
19841209	0.0	4.63	0.3
19841210	0.0	3.59	0.25
19841211	0.01	2.31	0.22
19841212	0.08	2.99	0.2
19841213	2.21	5.27	0.19
19841214	0.17	4.68	0.19
19841215	4.86	2.3	0.16
19841216	0.52	2.95	0.43
19841217	1.04	3.61	0.59
19841218	2.04	3.52	0.49
19841219	3.47	8.68	0.46
19841220	0.9	6.32	1.07
19841221	0.39	3.96	0.89
19841222	1.48	6.8	0.57
19841223	2.26	9.51	0.51
19841224	2.2	3.18	0.91
19841225	1.47	2.8	1.04
19841226	0.46	1.27	0.82
19841227	0.01	-0.34	0.51
19841228	0.01	0.44	0.36
19841229	4.22	1.71	0.32
19841230	0.98	5.72	0.84
19841231	0.01	4.48	0.94
19850101	0.08	2.28	0.71
19850102	0.01	0.93	0.49
19850103	0.03	1.13	0.39
19850104	0.62	-1.22	0.32
19850105	1.6	-2.42	0.27
19850106	0.42	-1.17	0.26
19850107	0.67	-4.61	0.23
19850108	0.27	-2.58	0.2
19850109	0.08	-0.73	0.19
19850110	0.02	0.72	0.16
19850111	0.28	-0.03	0.14
19850112	0.23	0.23	0.14
19850113	0.1	-4.15	0.14
19850114	2.53	-2.17	0.14
19850115	2.51	-3.81	0.14
19850116	0.02	-8.14	0.12
19850117	0.0	-5.72	0.12
19850118	0.06	-0.97	0.14
19850119	0.0	-1.69	0.12
19850120	6.65	1.18	0.12
19850121	7.87	4.52	6.22
19850122	0.0	1.77	4.82
19850123	0.0	1.0	1.4
19850124	3.62	3.1	0.92
19850125	7.26	4.17	1.51
19850126	0.12	-0.6	3.33
19850127	2.44	0.83	1.38
19850128	1.56	5.12	1.45
19850129	4.29	6.63	2.15
19850130	1.14	6.81	2.88
19850131	0.19	8.98	1.64
19850201	0.0	9.55	1.03
19850202	0.04	5.88	0.69
19850203	0.16	6.58	0.49
19850204	0.0	3.53	0.43
19850205	0.04	3.99	0.38
19850206	0.98	5.0	0.31
19850207	2.37	2.19	0.29
19850208	12.43	-0.71	0.33
19850209	0.63	-3.95	0.35
19850210	0.01	-5.47	0.36
19850211	0.0	-6.03	0.46
19850212	0.0	-5.78	0.35
19850213	0.0	-5.46	0.28
19850214	0.0	-2.84	0.23
19850215	0.0	-5.7	0.18
19850216	0.0	-3.47	0.17
19850217	0.0	-2.5	0.17
19850218	0.0	-3.96	0.15
19850219	0.23	-1.69	0.14
19850220	0.55	1.37	0.14
19850221	0.07	1.08	0.19
19850222	0.05	2.34	0.84
19850223	0.0	4.93	2.55
19850224	0.0	5.72	1.74
19850225	0.0	4.44	1.03
19850226	0.0	7.79	0.73
19850227	0.01	7.79	0.59
19850228	2.7	3.45	0.49
19850301	3.47	3.36	0.99
19850302	0.55	4.93	0.93
19850303	1.52	6.56	0.79
19850304	0.16	4.49	0.64
19850305	0.0	4.09	0.42
19850306	2.02	6.76	0.34
19850307	0.58	5.76	0.33
19850308	0.0	6.56	0.29
19850309	0.02	6.15	0.27
19850310	0.99	5.53	0.25
19850311	0.01	3.18	0.21
19850312	0.0	4.79	0.2
19850313	0.02	4.89	0.21
19850314	1.08	3.21	0.2
19850315	3.37	2.15	0.19
19850316	1.28	1.91	0.19
19850317	0.0	0.73	0.15
19850318	0.03	1.29	0.13
19850319	0.16	0.11	0.13
19850320	0.0	0.07	0.14
19850321	2.05	3.39	0.15
19850322	1.66	5.1	0.15
19850323	2.91	6.16	0.14
19850324	0.9	4.67	0.15
19850325	2.51	5.61	0.16
19850326	0.83	3.65	0.18
19850327	0.21	3.04	0.15
19850328	0.47	5.79	0.13
19850329	0.94	7.82	0.14
19850330	1.36	10.39	0.16
19850331	3.82	10.92	0.14
19850401	0.19	11.63	0.19
19850402	0.02	13.32	0.15
19850403	0.01	13.04	0.13
19850404	0.18	9.5	0.13
19850405	0.39	8.5	0.13
19850406	0.1	8.67	0.1
19850407	9.76	9.92	0.11
19850408	2.59	7.69	0.44
19850409	0.05	8.16	0.4
19850410	3.5	8.13	0.27
19850411	4.83	7.48	0.4
19850412	0.59	7.9	0.45
19850413	2.03	8.44	0.34
19850414	0.02	6.65	0.25
19850415	0.0	10.07	0.17
19850416	0.0	12.02	0.14
19850417	0.0	9.45	0.13
19850418	0.0	9.84	0.11
19850419	0.0	11.95	0.1
19850420	1.02	4.45	0.1
19850421	1.17	7.12	0.09
19850422	0.12	6.87	0.08
19850423	0.04	3.76	0.07
19850424	0.0	8.03	0.06
19850425	0.0	2.03	0.06
19850426	0.12	8.18	0.06
19850427	2.35	4.1	0.07
19850428	2.47	5.79	0.06
19850429	1.33	8.08	0.06
19850430	0.04	10.7	0.06
19850501	0.0	7.66	0.05
19850502	0.0	8.89	0.05
19850503	0.15	6.53	0.05
19850504	0.01	7.11	0.05
19850505	0.43	7.83	0.05
19850506	0.0	9.85	0.05
19850507	0.01	12.44	0.04
19850508	2.31	10.3	0.04
19850509	0.02	10.04	0.04
19850510	0.0	8.55	0.04
19850511	0.0	7.04	0.04
19850512	3.4	9.49	0.04
19850513	0.75	9.3	0.05
19850514	12.61	9.1	0.06
19850515	0.03	10.04	0.13
19850516	0.0	12.36	0.08
19850517	0.0	13.36	0.05
19850518	7.83	14.26	0.04
19850519	0.73	10.65	0.07
19850520	3.67	12.83	0.07
19850521	0.93	9.72	0.08
19850522	0.03	10.08	0.07
19850523	0.01	12.64	0.06
19850524	0.51	12.56	0.05
19850525	2.0	15.43	0.04
19850526	4.29	16.67	0.05
19850527	4.88	12.73	0.07
19850528	0.0	10.3	0.07
19850529	0.0	10.41	0.05
19850530	0.0	10.45	0.04
19850531	0.0	10.37	0.03
19850601	0.0	12.25	0.03
19850602	0.0	13.3	0.03
19850603	0.03	15.57	0.03
19850604	7.71	15.42	0.02
19850605	5.33	12.35	0.05
19850606	28.85	8.26	0.17
19850607	3.89	7.42	1.06
19850608	0.69	11.79	0.43
19850609	1.16	10.95	0.21
19850610	0.04	12.29	0.13
19850611	9.06	11.99	0.09
19850612	2.97	11.63	0.16
19850613	6.06	10.87	0.13
19850614	0.42	9.57	0.31
19850615	0.0	11.1	0.18
19850616	0.0	9.89	0.11
19850617	0.38	13.48	0.08
19850618	0.27	12.36	0.07
19850619	0.41	12.31	0.06
19850620	6.3	14.54	0.06
19850621	1.96	13.08	0.07
19850622	3.42	13.65	0.07
19850623	2.22	15.09	0.07
19850624	3.78	11.67	0.08
19850625	4.06	11.97	0.07
19850626	0.23	13.94	0.16
19850627	0.01	14.36	0.08
19850628	0.14	15.42	0.06
19850629	0.55	15.71	0.05
19850630	0.1	16.6	0.05
19850701	0.0	15.24	0.04
19850702	0.0	15.66	0.04
19850703	0.0	16.58	0.03
19850704	0.0	19.8	0.03
19850705	0.13	17.71	0.03
19850706	0.0	13.63	0.02
19850707	0.0	16.52	0.02
19850708	0.02	18.34	0.02
19850709	0.0	14.31	0.02
19850710	0.0	17.13	0.02
19850711	0.0	17.1	0.02
19850712	0.0	16.56	0.02
19850713	0.95	20.79	0.02
19850714	0.04	15.09	0.02
19850715	5.91	15.1	0.01
19850716	0.89	13.84	0.02
19850717	0.81	16.83	0.03
19850718	0.63	14.23	0.02
19850719	10.29	13.66	0.03
19850720	1.18	12.54	0.05
19850721	0.5	15.66	0.02
19850722	0.21	15.89	0.02
19850723	0.0	16.91	0.02
19850724	0.0	18.17	0.02
19850725	0.11	21.32	0.02
19850726	0.14	17.09	0.02
19850727	1.48	18.24	0.01
19850728	13.85	15.12	0.02
19850729	10.92	16.03	0.08
19850730	2.04	15.12	0.1
19850731	0.04	16.43	0.07
19850801	0.33	14.98	0.04
19850802	1.92	13.95	0.03
19850803	1.16	14.16	0.03
19850804	12.57	14.44	0.04
19850805	0.16	13.62	0.07
19850806	0.24	13.05	0.06
19850807	0.54	12.92	0.04
19850808	1.25	17.46	0.03
19850809	0.13	13.51	0.02
19850810	0.02	14.29	0.02
19850811	0.19	14.2	0.02
19850812	2.74	14.66	0.02
19850813	0.25	15.87	0.02
19850814	3.48	15.51	0.02
19850815	0.77	15.53	0.02
19850816	5.02	13.6	0.02
19850817	0.18	14.76	0.03
19850818	2.35	16.95	0.03
19850819	2.32	15.05	0.02
19850820	0.62	14.45	0.02
19850821	4.49	16.24	0.02
19850822	0.01	15.28	0.03
19850823	2.15	15.47	0.03
19850824	0.52	12.92	0.02
19850825	0.07	14.23	0.02
19850826	0.05	11.58	0.02
19850827	0.0	16.96	0.02
19850828	0.0	18.01	0.02
19850829	0.0	18.21	0.02
19850830	0.07	17.19	0.02
19850831	0.26	14.93	0.02
19850901	0.15	13.8	0.02
19850902	4.31	13.56	0.02
19850903	2.62	14.38	0.02
19850904	2.74	13.62	0.02
19850905	0.03	11.48	0.02
19850906	0.0	10.1	0.02
19850907	0.6	14.59	0.02
19850908	0.3	14.93	0.02
19850909	0.0	16.01	0.02
19850910	0.0	15.53	0.01
19850911	0.0	16.81	0.01
19850912	0.0	17.74	0.01
19850913	0.6	12.96	0.01
19850914	1.56	12.36	0.01
19850915	0.0	12.44	0.01
19850916	0.0	15.69	0.01
19850917	0.0	15.77	0.01
19850918	0.0	17.46	0.01
19850919	0.05	13.03	0.01
19850920	0.03	13.72	0.01
19850921	1.15	17.66	0.01
19850922	0.47	16.42	0.01
19850923	0.0	15.03	0.01
19850924	0.0	15.47	0.01
19850925	0.0	16.73	0.01
19850926	0.0	16.01	0.01
19850927	0.0	15.03	0.01
19850928	0.0	16.26	0.01
19850929	0.0	17.19	0.01
19850930	0.0	18.89	0.01
19851001	0.01	20.96	0.01
19851002	0.07	18.25	0.01
19851003	0.63	16.42	0.01
19851004	0.86	14.82	0.01
19851005	0.0	14.0	0.01
19851006	13.53	14.43	0.01
19851007	4.0	10.01	0.02
19851008	4.3	10.89	0.04
19851009	0.0	12.04	0.04
19851010	0.0	15.41	0.03
19851011	0.0	11.31	0.02
19851012	0.0	9.4	0.02
19851013	0.0	10.93	0.02
19851014	0.0	11.71	0.02
19851015	0.11	12.81	0.02
19851016	0.0	10.62	0.01
19851017	0.0	11.79	0.01
19851018	0.0	10.26	0.01
19851019	0.0	8.68	0.01
19851020	0.0	8.47	0.01
19851021	0.0	9.51	0.01
19851022	0.0	9.62	0.01
19851023	0.02	6.98	0.02
19851024	0.0	8.91	0.01
19851025	0.0	7.82	0.01
19851026	0.0	8.16	0.01
19851027	0.0	7.08	0.01
19851028	0.0	8.29	0.01
19851029	0.0	7.56	0.01
19851030	0.0	7.49	0.01
19851031	1.29	7.12	0.01
19851101	0.37	5.56	0.01
19851102	0.0	1.0	0.01
19851103	0.0	3.23	0.02
19851104	0.1	10.24	0.02
19851105	0.39	7.14	0.01
19851106	0.42	7.18	0.01
19851107	8.98	9.75	0.01
19851108	5.14	12.2	0.02
19851109	7.34	6.68	0.04
19851110	0.0	1.94	0.04
19851111	0.0	1.65	0.04
19851112	0.0	0.89	0.03
19851113	0.0	0.33	0.02
19851114	6.85	2.52	0.02
19851115	0.11	3.5	0.02
19851116	5.23	3.04	0.03
19851117	0.07	2.51	0.04
19851118	0.0	2.05	0.04
19851119	0.25	0.59	0.03
19851120	3.63	2.27	0.02
19851121	1.32	3.8	0.02
19851122	0.33	3.7	0.02
19851123	2.04	4.15	0.02
19851124	0.52	2.55	0.03
19851125	0.18	3.18	0.03
19851126	0.11	1.79	0.03
19851127	0.33	0.44	0.03
19851128	0.02	-2.36	0.03
19851129	2.48	-1.08	0.03
19851130	0.26	7.08	0.03
19851201	2.28	12.2	0.03
19851202	3.03	13.25	0.04
19851203	0.26	11.51	0.05
19851204	5.57	11.26	0.05
19851205	20.48	7.09	0.76
19851206	8.48	8.29	1.11
19851207	0.85	6.3	1.11
19851208	0.01	5.13	0.44
19851209	0.0	2.29	0.26
19851210	3.69	3.96	0.18
19851211	0.43	6.33	0.17
19851212	0.08	7.99	0.21
19851213	0.06	11.47	0.19
19851214	0.0	11.33	0.15
19851215	0.0	10.63	0.13
19851216	0.06	8.12	0.1
19851217	1.8	9.4	0.09
19851218	0.02	6.52	0.09
19851219	0.01	6.56	0.08
19851220	0.0	9.1	0.07
19851221	0.74	10.52	0.07
19851222	3.23	6.62	0.07
19851223	16.41	6.99	0.11
19851224	5.02	5.07	2.81
19851225	11.6	4.54	3.05
19851226	1.39	2.41	5.93
19851227	0.0	-2.6	1.83
19851228	0.08	-3.63	0.79
19851229	0.0	-3.33	0.44
19851230	0.21	-0.34	0.3
19851231	0.08	2.12	0.27
19860101	9.88	2.19	0.44
19860102	1.65	3.45	2.58
19860103	0.12	-0.15	1.48
19860104	6.52	1.19	0.84
19860105	0.09	1.03	1.61
19860106	0.01	-1.34	0.93
19860107	11.24	-0.0	0.69
19860108	3.05	0.38	0.71
19860109	3.34	4.15	1.35
19860110	0.6	7.61	8.69
19860111	0.17	5.3	3.06
19860112	0.01	6.53	1.35
19860113	0.05	8.19	0.86
19860114	0.28	5.74	0.6
19860115	0.35	3.2	0.41
19860116	0.01	0.48	0.3
19860117	2.16	4.23	0.27
19860118	0.41	10.16	0.28
19860119	1.81	6.64	0.28
19860120	1.06	5.66	0.23
19860121	0.45	4.65	0.24
19860122	3.31	6.51	0.27
19860123	0.01	3.77	0.4
19860124	0.0	1.16	0.27
19860125	0.0	-1.74	0.18
19860126	0.0	-0.61	0.16
19860127	3.3	0.67	0.2
19860128	1.17	2.06	0.19
19860129	3.78	2.7	0.23
19860130	0.08	2.76	0.47
19860131	1.63	1.57	0.44
19860201	5.07	2.08	0.65
19860202	5.61	1.58	2.9
19860203	0.14	0.84	3.1
19860204	0.01	-0.09	1.38
19860205	9.14	-1.14	0.88
19860206	0.67	-2.4	0.62
19860207	0.2	-2.7	0.52
19860208	0.08	-3.98	0.49
19860209	0.01	-6.49	0.4
19860210	0.0	-6.92	0.34
19860211	0.01	-1.85	0.33
19860212	0.0	-3.95	0.25
19860213	0.0	-1.6	0.26
19860214	0.04	-1.73	0.27
19860215	0.0	-0.7	0.22
19860216	0.0	-1.26	0.19
19860217	0.0	-1.08	0.17
19860218	0.53	-0.71	0.17
19860219	0.09	-4.6	0.14
19860220	0.02	-5.62	0.12
19860221	0.0	-5.47	0.13
19860222	0.0	-3.16	0.12
19860223	0.0	-4.3	0.11
19860224	0.0	-2.43	0.1
19860225	0.0	-3.5	0.09
19860226	0.0	-3.57	0.08
19860227	0.0	-2.0	0.08
19860228	0.0	0.11	0.08
19860301	0.01	-1.76	0.08
19860302	0.0	-1.62	0.09
19860303	1.75	0.88	0.09
19860304	2.08	6.53	0.24
19860305	0.02	6.32	0.6
19860306	0.18	4.28	0.37
19860307	0.02	4.92	0.24
19860308	0.0	5.01	0.2
19860309	1.64	4.22	0.19
19860310	0.04	4.99	0.18
19860311	0.03	3.07	0.17
19860312	0.0	1.48	0.15
19860313	0.0	1.14	0.15
19860314	0.03	6.35	0.13
19860315	0.0	6.81	0.11
19860316	1.27	6.67	0.12
19860317	0.0	5.92	0.11
19860318	10.15	8.72	0.11
19860319	0.89	5.13	0.47
19860320	0.22	6.64	0.53
19860321	0.78	8.54	0.33
19860322	0.92	8.62	0.31
19860323	5.97	6.29	0.28
19860324	6.84	4.72	1.73
19860325	0.5	4.69	1.48
19860326	3.84	7.6	0.78
19860327	8.1	7.29	0.76
19860328	2.71	7.7	2.46
19860329	3.78	5.77	1.69
19860330	3.05	4.1	2.23
19860331	2.33	5.13	1.77
19860401	0.14	4.82	1.08
19860402	5.65	5.52	0.95
19860403	0.18	4.27	1.21
19860404	2.14	3.91	0.7
19860405	1.16	3.63	0.54
19860406	4.22	2.96	0.53
19860407	8.82	2.84	2.63
19860408	0.18	4.17	2.94
19860409	0.28	5.43	1.45
19860410	0.17	1.92	0.79
19860411	3.55	3.8	0.53
19860412	2.16	2.33	0.57
19860413	2.13	6.02	0.57
19860414	4.55	7.48	0.76
19860415	5.24	6.85	2.7
19860416	2.76	6.35	2.04
19860417	0.83	7.01	1.44
19860418	0.04	4.35	0.89
19860419	8.6	7.15	0.62
19860420	1.91	7.36	2.82
19860421	4.68	5.71	1.91
19860422	2.7	7.69	1.63
19860423	9.0	7.4	1.32
19860424	0.25	7.63	4.08
19860425	2.73	8.01	1.79
19860426	0.28	10.88	1.15
19860427	0.83	7.13	0.73
19860428	0.05	8.47	0.5
19860429	0.01	7.75	0.37
19860430	0.0	9.77	0.29
19860501	0.0	11.68	0.26
19860502	0.98	14.99	0.25
19860503	0.18	10.05	0.22
19860504	0.1	11.12	0.18
19860505	2.7	8.92	0.18
19860506	4.17	11.34	0.15
19860507	0.7	9.5	0.16
19860508	1.66	9.92	0.13
19860509	2.98	13.24	0.12
19860510	0.06	13.39	0.12
19860511	0.8	12.3	0.1
19860512	0.15	11.35	0.1
19860513	0.02	10.38	0.09
19860514	17.11	9.42	0.11
19860515	0.45	7.83	0.4
19860516	0.0	9.9	0.21
19860517	1.88	12.51	0.15
19860518	0.0	10.87	0.13
19860519	2.97	14.72	0.1
19860520	24.58	12.74	4.25
19860521	2.88	9.82	4.83
19860522	0.05	12.34	1.15
19860523	0.0	11.47	0.53
19860524	0.0	12.86	0.32
19860525	0.0	13.6	0.24
19860526	0.0	12.28	0.18
19860527	0.04	10.57	0.15
19860528	0.75	9.27	0.11
19860529	2.67	9.48	0.1
19860530	1.75	11.14	0.09
19860531	3.69	11.53	0.09
19860601	0.27	14.52	0.1
19860602	0.2	13.72	0.08
19860603	2.64	10.66	0.08
19860604	0.22	9.54	0.07
19860605	0.75	9.31	0.06
19860606	0.12	10.16	0.06
19860607	0.0	11.07	0.05
19860608	0.01	13.28	0.05
19860609	0.61	14.77	0.04
19860610	1.09	11.05	0.04
19860611	0.69	9.6	0.04
19860612	0.0	13.44	0.04
19860613	0.0	15.91	0.03
19860614	0.0	15.83	0.03
19860615	0.0	18.2	0.03
19860616	0.01	21.13	0.03
19860617	0.0	14.44	0.03
19860618	0.0	13.32	0.03
19860619	0.0	15.37	0.02
19860620	0.0	12.98	0.02
19860621	0.15	13.69	0.02
19860622	0.68	14.78	0.02
19860623	5.04	13.31	0.02
19860624	0.01	15.22	0.03
19860625	0.0	17.66	0.02
19860626	0.0	18.53	0.02
19860627	0.0	20.37	0.02
19860628	0.0	19.62	0.01
19860629	0.0	18.42	0.01
19860630	0.0	19.7	0.0
19860701	0.0	18.11	0.01
19860702	0.0	19.43	0.01
19860703	0.0	17.68	0.01
19860704	4.08	17.38	0.01
19860705	9.2	14.89	0.02
19860706	0.01	15.99	0.04
19860707	0.07	15.56	0.01
19860708	2.86	13.74	0.01
19860709	0.02	15.75	0.02
19860710	2.74	16.24	0.02
19860711	3.8	16.12	0.02
19860712	2.33	14.52	0.03
19860713	0.01	17.59	0.03
19860714	0.0	19.93	0.02
19860715	0.0	21.56	0.02
19860716	0.0	20.15	0.02
19860717	0.0	14.38	0.01
19860718	0.01	12.99	0.01
19860719	1.77	15.73	0.01
19860720	0.05	16.7	0.01
19860721	0.03	15.92	0.01
19860722	0.0	13.91	0.01
19860723	1.2	11.82	0.01
19860724	3.09	17.93	0.01
19860725	0.09	17.75	0.01
19860726	0.0	16.4	0.01
19860727	0.05	18.57	0.01
19860728	3.31	18.64	0.01
19860729	0.02	14.34	0.01
19860730	6.88	14.61	0.02
19860731	0.11	13.54	0.02
19860801	0.11	17.42	0.02
19860802	0.0	15.5	0.02
19860803	11.86	12.66	0.02
19860804	1.75	13.62	0.04
19860805	0.01	15.62	0.03
19860806	0.03	18.37	0.02
19860807	0.15	15.37	0.01
19860808	0.0	14.66	0.01
19860809	0.03	15.49	0.01
19860810	22.3	17.58	0.02
19860811	0.39	14.16	0.07
19860812	0.13	15.65	0.06
19860813	0.27	17.76	0.03
19860814	0.01	16.32	0.02
19860815	0.0	13.67	0.02
19860816	0.0	15.44	0.01
19860817	0.0	15.03	0.01
19860818	10.26	14.53	0.01
19860819	0.35	12.04	0.03
19860820	0.0	12.27	0.04
19860821	4.35	14.49	0.02
19860822	7.31	13.76	0.03
19860823	0.46	12.56	0.06
19860824	0.0	13.29	0.04
19860825	35.35	13.63	0.05
19860826	8.48	12.51	0.42
19860827	0.74	11.86	0.26
19860828	2.56	10.95	0.12
19860829	0.0	13.0	0.08
19860830	0.12	10.46	0.06
19860831	0.65	13.64	0.04
19860901	0.23	13.64	0.03
19860902	2.48	15.26	0.03
19860903	0.3	9.98	0.03
19860904	0.0	11.53	0.03
19860905	0.0	13.42	0.02
19860906	0.0	11.42	0.02
19860907	0.0	11.87	0.02
19860908	0.0	9.13	0.02
19860909	0.0	10.69	0.02
19860910	0.0	10.52	0.02
19860911	0.0	11.81	0.02
19860912	0.0	8.8	0.02
19860913	21.45	12.2	0.03
19860914	0.01	9.87	0.12
19860915	0.03	7.76	0.08
19860916	0.0	8.75	0.04
19860917	0.01	9.54	0.03
19860918	0.0	8.27	0.03
19860919	0.0	9.32	0.02
19860920	0.0	13.23	0.02
19860921	0.0	13.45	0.02
19860922	0.0	13.66	0.02
19860923	0.0	14.9	0.02
19860924	0.0	9.5	0.02
19860925	0.0	9.04	0.02
19860926	0.0	13.03	0.02
19860927	0.0	13.69	0.02
19860928	0.0	15.61	0.02
19860929	0.0	14.95	0.02
19860930	0.01	12.93	0.02
19861001	0.0	12.31	0.02
19861002	0.0	11.13	0.02
19861003	0.01	12.21	0.02
19861004	0.0	13.24	0.02
19861005	0.0	14.7	0.02
19861006	0.0	16.06	0.02
19861007	0.0	15.32	0.02
19861008	0.0	14.92	0.02
19861009	0.05	16.42	0.02
19861010	0.32	11.0	0.02
19861011	0.0	9.46	0.02
19861012	0.01	11.98	0.02
19861013	0.0	14.2	0.02
19861014	7.52	13.89	0.02
19861015	0.0	8.0	0.03
19861016	0.0	7.69	0.03
19861017	2.46	9.36	0.02
19861018	1.15	9.11	0.03
19861019	11.95	8.33	0.03
19861020	1.92	8.37	0.06
19861021	7.91	9.78	0.07
19861022	0.53	7.8	0.08
19861023	0.01	6.1	0.06
19861024	2.54	9.14	0.04
19861025	0.28	8.54	0.04
19861026	1.02	9.2	0.03
19861027	5.05	13.33	0.03
19861028	0.83	10.3	0.05
19861029	0.01	9.42	0.04
19861030	1.06	8.8	0.04
19861031	8.79	9.77	0.03
19861101	2.13	5.2	0.08
19861102	0.01	5.46	0.12
19861103	2.23	5.69	0.08
19861104	0.02	7.52	0.06
19861105	0.13	6.75	0.05
19861106	0.03	6.29	0.04
19861107	4.33	9.51	0.04
19861108	0.21	6.86	0.04
19861109	2.61	10.91	0.05
19861110	3.21	11.83	0.05
19861111	1.21	7.36	0.08
19861112	0.03	8.4	0.1
19861113	5.44	10.02	0.09
19861114	6.51	9.43	0.19
19861115	0.01	8.57	0.41
19861116	0.88	6.98	0.27
19861117	6.03	6.71	0.17
19861118	4.9	10.42	0.37
19861119	0.0	6.13	0.83
19861120	15.65	5.19	0.84
19861121	0.29	6.33	3.76
19861122	4.16	5.59	1.03
19861123	0.33	7.67	0.81
19861124	0.6	11.5	0.65
19861125	3.68	9.84	0.46
19861126	1.19	5.96	0.49
19861127	0.01	7.06	0.44
19861128	0.06	4.94	0.34
19861129	0.0	2.78	0.28
19861130	0.0	6.11	0.23
19861201	0.15	7.34	0.2
19861202	0.03	9.58	0.17
19861203	0.0	11.79	0.15
19861204	0.0	12.91	0.14
19861205	3.66	7.07	0.14
19861206	0.02	3.94	0.13
19861207	0.3	7.83	0.11
19861208	0.45	8.37	0.11
19861209	0.51	3.67	0.1
19861210	0.08	3.38	0.08
19861211	3.88	3.93	0.09
19861212	4.78	4.59	0.14
19861213	0.02	3.54	0.54
19861214	0.3	2.16	0.49
19861215	6.78	5.08	1.21
19861216	0.01	3.81	1.43
19861217	4.14	6.7	0.9
19861218	1.51	5.49	1.21
19861219	0.01	3.63	0.81
19861220	0.01	3.11	0.51
19861221	0.31	1.77	0.38
19861222	0.0	1.36	0.28
19861223	0.01	2.09	0.23
19861224	3.87	4.25	0.2
19861225	0.54	5.17	0.28
19861226	0.05	3.6	0.33
19861227	0.0	4.35	0.28
19861228	0.0	8.45	0.25
19861229	9.76	9.83	0.25
19861230	5.44	8.96	3.16
19861231	10.96	7.61	2.22
19870101	1.29	6.36	7.07
19870102	0.08	2.1	2.51
19870103	0.08	1.48	1.17
19870104	3.91	6.55	1.03
19870105	0.2	4.71	1.08
19870106	0.0	1.19	0.7
19870107	0.0	-0.28	0.46
19870108	0.0	-1.19	0.39
19870109	0.0	-0.37	0.36
19870110	0.01	-4.37	0.28
19870111	0.11	-7.58	0.19
19870112	0.04	-9.67	0.18
19870113	2.12	-5.85	0.17
19870114	0.03	-3.63	0.15
19870115	0.3	-0.69	0.14
19870116	0.0	-2.48	0.13
19870117	0.0	-2.43	0.11
19870118	0.0	-2.63	0.11
19870119	0.02	-1.59	0.1
19870120	0.87	1.67	0.1
19870121	0.51	4.47	0.14
19870122	0.28	4.76	0.26
19870123	0.19	4.88	0.41
19870124	0.79	4.39	0.62
19870125	0.01	2.74	0.68
19870126	0.0	2.66	0.52
19870127	0.0	1.26	0.4
19870128	0.0	0.58	0.31
19870129	0.0	-1.54	0.25
19870130	0.0	-3.74	0.17
19870131	0.01	-2.39	0.17
19870201	2.99	-0.18	0.15
19870202	0.18	3.03	0.19
19870203	0.01	5.28	0.17
19870204	0.0	6.2	0.21
19870205	0.0	9.2	0.28
19870206	0.0	7.19	0.27
19870207	0.91	6.76	0.2
19870208	4.06	9.12	0.2
19870209	0.22	7.66	0.36
19870210	0.03	4.26	0.42
19870211	2.86	4.05	0.3
19870212	1.04	1.21	0.32
19870213	1.37	2.54	0.37
19870214	1.7	1.34	0.39
19870215	0.05	1.25	0.45
19870216	0.2	0.07	0.36
19870217	0.22	0.72	0.3
19870218	0.5	-0.31	0.26
19870219	0.03	-0.87	0.22
19870220	0.0	0.49	0.19
19870221	0.29	3.15	0.18
19870222	0.26	3.4	0.16
19870223	0.0	0.04	0.15
19870224	0.0	-0.9	0.15
19870225	0.0	0.85	0.15
19870226	4.59	5.26	0.15
19870227	7.47	9.71	1.6
19870228	2.02	9.23	1.31
19870301	5.34	9.18	2.1
19870302	0.2	3.98	1.91
19870303	0.11	-1.04	0.85
19870304	0.24	0.88	0.57
19870305	5.75	4.14	0.43
19870306	7.93	0.91	2.52
19870307	3.18	0.91	2.89
19870308	0.01	0.35	2.04
19870309	0.0	-0.05	1.44
19870310	0.0	0.69	0.85
19870311	0.0	0.17	0.58
19870312	0.0	1.37	0.45
19870313	0.0	-0.36	0.38
19870314	0.0	2.79	0.31
19870315	0.0	4.36	0.28
19870316	1.93	5.81	0.25
19870317	4.61	6.91	0.28
19870318	0.03	1.91	0.32
19870319	0.04	2.57	0.25
19870320	0.25	2.0	0.2
19870321	0.02	1.81	0.19
19870322	3.09	6.08	0.17
19870323	1.16	8.71	0.19
19870324	2.22	8.3	0.19
19870325	0.25	5.51	0.23
19870326	4.82	9.19	0.21
19870327	0.91	7.56	0.44
19870328	3.08	3.88	0.45
19870329	0.08	4.1	0.38
19870330	0.06	7.42	0.29
19870331	1.95	9.36	0.25
19870401	7.9	5.82	0.58
19870402	0.01	5.88	1.54
19870403	0.44	8.19	0.83
19870404	11.75	6.33	2.0
19870405	0.0	9.05	3.36
19870406	6.81	8.94	1.34
19870407	7.27	8.34	5.14
19870408	1.22	9.79	2.99
19870409	5.85	7.69	2.24
19870410	2.86	7.71	1.96
19870411	0.0	6.14	1.23
19870412	0.01	6.58	0.69
19870413	0.08	9.51	0.5
19870414	0.0	10.77	0.38
19870415	0.0	12.21	0.32
19870416	0.0	10.43	0.28
19870417	0.0	13.27	0.25
19870418	0.02	14.15	0.22
19870419	2.13	11.99	0.2
19870420	0.02	8.51	0.17
19870421	0.0	11.62	0.14
19870422	0.0	9.03	0.12
19870423	0.0	11.75	0.11
19870424	0.0	13.49	0.1
19870425	0.0	13.35	0.1
19870426	0.0	12.15	0.09
19870427	0.0	11.73	0.08
19870428	0.07	14.82	0.07
19870429	1.73	15.75	0.07
19870430	0.03	14.06	0.07
19870501	3.82	7.96	0.08
19870502	1.28	8.03	0.07
19870503	0.87	5.54	0.07
19870504	0.0	8.05	0.06
19870505	0.0	9.15	0.05
19870506	0.0	9.07	0.05
19870507	0.0	9.09	0.04
19870508	0.0	12.09	0.04
19870509	0.0	12.78	0.04
19870510	0.54	9.19	0.04
19870511	2.81	11.64	0.04
19870512	5.36	7.44	0.05
19870513	7.4	9.04	0.06
19870514	1.54	8.88	0.08
19870515	2.1	6.45	0.07
19870516	0.28	9.28	0.06
19870517	4.26	9.39	0.05
19870518	2.19	8.45	0.07
19870519	0.0	8.86	0.06
19870520	0.2	9.13	0.04
19870521	0.15	8.8	0.04
19870522	4.96	8.9	0.04
19870523	0.56	8.33	0.05
19870524	0.0	9.68	0.05
19870525	0.0	11.56	0.04
19870526	0.0	13.05	0.04
19870527	0.07	11.81	0.03
19870528	1.47	10.83	0.03
19870529	0.04	14.75	0.03
19870530	2.34	14.43	0.03
19870531	0.0	14.8	0.03
19870601	0.1	14.78	0.03
19870602	6.19	12.46	0.03
19870603	1.2	14.19	0.04
19870604	1.5	9.94	0.03
19870605	7.33	13.18	0.03
19870606	4.22	13.18	0.07
19870607	1.08	12.05	0.07
19870608	13.52	10.75	0.08
19870609	2.77	8.38	0.14
19870610	1.0	12.53	0.14
19870611	5.61	10.29	0.1
19870612	1.18	11.05	0.12
19870613	0.08	10.01	0.11
19870614	6.45	10.28	0.1
19870615	11.42	8.68	0.5
19870616	0.82	10.7	0.64
19870617	2.25	11.52	0.28
19870618	8.16	14.03	0.21
19870619	15.04	10.39	2.53
19870620	0.25	13.51	1.63
19870621	0.16	13.97	0.46
19870622	2.03	11.5	0.25
19870623	1.36	14.56	0.19
19870624	0.25	13.39	0.15
19870625	8.63	13.67	0.15
19870626	1.38	14.87	0.3
19870627	0.02	18.86	0.24
19870628	0.0	20.74	0.17
19870629	0.0	21.01	0.12
19870630	0.0	16.0	0.09
19870701	0.0	13.67	0.07
19870702	0.0	14.24	0.06
19870703	0.0	15.51	0.05
19870704	0.0	17.3	0.05
19870705	0.0	18.58	0.04
19870706	0.0	20.62	0.04
19870707	0.0	16.92	0.04
19870708	0.0	14.61	0.03
19870709	0.71	17.07	0.03
19870710	0.0	19.67	0.03
19870711	0.0	16.72	0.03
19870712	0.0	17.06	0.03
19870713	0.0	18.11	0.02
19870714	9.89	18.72	0.03
19870715	1.06	16.9	0.06
19870716	1.65	15.25	0.05
19870717	0.73	14.49	0.04
19870718	8.13	14.03	0.04
19870719	14.55	14.81	0.07
19870720	3.63	14.91	0.17
19870721	4.07	14.09	0.12
19870722	0.08	14.14	0.11
19870723	0.02	12.14	0.07
19870724	1.14	14.39	0.06
19870725	0.22	11.99	0.05
19870726	6.58	15.99	0.05
19870727	0.01	14.33	0.07
19870728	8.61	17.61	0.06
19870729	6.39	16.44	0.17
19870730	0.14	16.08	0.4
19870731	0.0	18.06	0.18
19870801	4.88	15.99	0.1
19870802	0.01	15.95	0.09
19870803	0.0	13.8	0.08
19870804	0.03	12.85	0.06
19870805	0.0	11.47	0.05
19870806	0.0	12.47	0.04
19870807	0.09	13.77	0.04
19870808	1.07	14.27	0.04
19870809	7.18	11.54	0.05
19870810	0.0	13.61	0.06
19870811	1.99	15.2	0.05
19870812	4.91	17.39	0.05
19870813	2.42	16.55	0.08
19870814	0.0	16.0	0.09
19870815	0.0	18.54	0.06
19870816	0.0	20.94	0.04
19870817	0.93	20.06	0.04
19870818	0.42	18.4	0.03
19870819	0.0	19.56	0.03
19870820	0.0	22.31	0.03
19870821	2.18	21.25	0.03
19870822	12.98	17.51	0.03
19870823	1.33	14.89	0.15
19870824	6.24	12.67	0.09
19870825	11.97	12.53	0.25
19870826	9.72	12.81	0.55
19870827	0.0	11.62	0.68
19870828	0.02	18.46	0.31
19870829	0.0	15.63	0.18
19870830	0.0	15.66	0.13
19870831	0.0	14.43	0.1
19870901	0.13	18.21	0.09
19870902	0.09	16.33	0.08
19870903	1.6	15.45	0.07
19870904	1.18	15.26	0.07
19870905	1.13	14.67	0.06
19870906	6.63	14.5	0.07
19870907	0.02	13.36	0.09
19870908	0.24	12.27	0.07
19870909	0.23	15.93	0.06
19870910	0.2	14.22	0.05
19870911	0.08	17.37	0.04
19870912	0.56	16.09	0.04
19870913	0.1	13.26	0.04
19870914	0.02	13.98	0.04
19870915	1.88	15.55	0.03
19870916	2.74	15.56	0.03
19870917	5.28	16.7	0.04
19870918	0.04	12.21	0.06
19870919	5.38	14.85	0.06
19870920	0.02	18.99	0.07
19870921	0.02	17.63	0.06
19870922	0.0	14.72	0.05
19870923	0.43	13.69	0.04
19870924	0.08	10.54	0.04
19870925	0.0	9.0	0.04
19870926	0.0	8.85	0.04
19870927	0.01	10.32	0.03
19870928	0.0	7.79	0.03
19870929	0.22	9.12	0.03
19870930	0.03	9.61	0.03
19871001	0.0	10.99	0.03
19871002	0.0	14.01	0.03
19871003	7.37	13.12	0.03
19871004	0.34	14.12	0.05
19871005	0.05	14.35	0.05
19871006	1.44	10.11	0.04
19871007	22.76	11.94	0.84
19871008	0.82	8.57	2.23
19871009	20.44	10.77	0.49
19871010	16.15	5.79	10.26
19871011	0.34	8.53	6.63
19871012	0.79	9.85	1.69
19871013	0.52	8.99	0.88
19871014	4.33	9.5	0.54
19871015	23.72	11.15	2.7
19871016	0.15	10.04	10.32
19871017	0.14	12.0	2.64
19871018	1.1	14.12	1.1
19871019	0.01	12.93	0.67
19871020	35.24	11.96	6.88
19871021	1.91	9.13	11.76
19871022	0.0	6.78	3.37
19871023	0.0	5.64	1.34
19871024	0.0	5.58	0.8
19871025	0.0	7.4	0.54
19871026	2.73	9.47	0.44
19871027	1.2	9.26	0.44
19871028	0.0	5.2	0.39
19871029	0.0	5.99	0.34
19871030	0.47	8.68	0.31
19871031	5.82	11.0	0.38
19871101	0.08	6.9	1.17
19871102	0.07	7.72	0.74
19871103	0.0	8.64	0.5
19871104	0.0	9.27	0.39
19871105	0.01	6.3	0.32
19871106	0.0	6.09	0.29
19871107	0.0	4.21	0.27
19871108	6.01	5.17	0.26
19871109	0.03	5.05	0.44
19871110	3.73	5.99	0.48
19871111	11.65	8.2	4.48
19871112	0.05	5.38	5.17
19871113	0.02	5.1	1.67
19871114	3.65	5.78	0.84
19871115	0.46	8.99	1.04
19871116	0.07	9.4	1.01
19871117	0.0	8.68	0.62
19871118	5.61	9.88	0.48
19871119	11.86	8.24	7.07
19871120	0.0	6.57	4.02
19871121	1.95	6.43	1.51
19871122	0.3	4.85	1.18
19871123	0.4	4.67	0.8
19871124	1.07	6.15	0.55
19871125	0.53	5.06	0.53
19871126	0.05	3.11	0.52
19871127	0.0	1.43	0.4
19871128	0.0	-0.98	0.34
19871129	0.3	0.55	0.3
19871130	0.86	3.27	0.27
19871201	0.55	4.37	0.26
19871202	0.01	3.72	0.28
19871203	0.0	2.23	0.29
19871204	0.0	3.75	0.28
19871205	0.03	4.57	0.25
19871206	0.11	3.46	0.22
19871207	0.0	0.26	0.19
19871208	0.0	-0.87	0.17
19871209	0.0	-0.53	0.16
19871210	0.01	-0.5	0.15
19871211	0.81	2.56	0.15
19871212	0.01	1.72	0.15
19871213	0.0	1.84	0.15
19871214	0.0	0.92	0.15
19871215	7.15	4.8	0.17
19871216	2.12	10.5	0.75
19871217	3.17	11.72	1.28
19871218	0.07	8.43	1.17
19871219	0.02	8.3	0.68
19871220	0.02	10.42	0.49
19871221	0.0	6.66	0.4
19871222	0.0	4.46	0.32
19871223	0.0	2.98	0.3
19871224	0.02	6.44	0.28
19871225	0.07	6.84	0.25
19871226	0.28	9.96	0.21
19871227	0.01	11.52	0.21
19871228	0.04	12.0	0.2
19871229	0.47	9.98	0.21
19871230	8.17	8.93	0.6
19871231	0.2	8.03	1.23
19880101	1.9	10.23	0.75
19880102	3.89	8.84	1.2
19880103	1.41	6.68	1.11
19880104	2.8	6.44	0.86
19880105	3.55	6.75	0.98
19880106	2.28	5.09	2.26
19880107	0.01	1.99	1.33
19880108	1.6	6.71	0.77
19880109	1.6	8.13	0.77
19880110	0.48	4.3	0.78
19880111	0.01	4.41	0.63
19880112	1.05	5.33	0.53
19880113	0.54	5.12	0.47
19880114	0.08	5.51	0.38
19880115	0.04	2.22	0.32
19880116	0.08	0.31	0.3
19880117	0.87	2.4	0.28
19880118	0.01	6.14	0.29
19880119	0.3	6.46	0.31
19880120	0.14	3.33	0.28
19880121	18.09	2.64	0.24
19880122	2.03	0.42	2.36
19880123	10.08	5.4	6.82
19880124	4.36	7.02	9.57
19880125	3.29	5.88	4.95
19880126	0.37	3.24	2.73
19880127	5.68	2.53	1.45
19880128	5.96	5.31	4.52
19880129	9.26	4.0	8.69
19880130	0.11	4.06	3.68
19880131	6.45	4.95	1.64
19880201	0.4	7.53	2.98
19880202	1.44	4.21	1.4
19880203	5.78	5.38	0.99
19880204	0.15	4.28	2.2
19880205	0.08	3.92	1.26
19880206	0.0	3.01	0.78
19880207	4.5	3.5	0.71
19880208	2.22	5.38	0.94
19880209	0.63	4.81	0.86
19880210	1.21	3.7	0.58
19880211	0.0	3.17	0.44
19880212	0.05	2.74	0.34
19880213	1.11	7.0	0.32
19880214	0.0	6.56	0.3
19880215	0.25	7.47	0.28
19880216	0.01	4.12	0.26
19880217	0.0	5.19	0.23
19880218	0.0	6.4	0.22
19880219	0.0	7.68	0.2
19880220	0.0	6.85	0.19
19880221	0.01	5.82	0.18
19880222	0.0	4.51	0.17
19880223	0.0	3.21	0.18
19880224	3.28	2.24	0.16
19880225	1.13	0.77	0.17
19880226	0.22	2.07	0.15
19880227	0.62	5.23	0.14
19880228	0.97	3.64	0.15
19880229	0.0	1.56	0.15
19880301	0.0	1.06	0.14
19880302	0.25	3.49	0.11
19880303	4.05	3.65	0.15
19880304	0.0	0.02	0.14
19880305	0.02	3.42	0.11
19880306	1.06	6.07	0.11
19880307	0.0	5.86	0.1
19880308	0.0	6.3	0.1
19880309	0.52	7.48	0.1
19880310	0.01	6.57	0.1
19880311	0.37	8.38	0.09
19880312	4.76	4.84	0.11
19880313	10.32	5.03	0.27
19880314	8.38	5.65	3.5
19880315	4.33	7.63	5.57
19880316	0.15	5.97	2.08
19880317	0.03	5.37	0.86
19880318	7.27	7.35	0.67
19880319	2.74	9.85	1.56
19880320	11.63	10.07	3.31
19880321	0.5	7.83	5.8
19880322	6.44	8.7	1.99
19880323	0.96	8.58	3.13
19880324	5.76	8.29	1.49
19880325	0.47	8.1	1.64
19880326	0.2	7.71	0.88
19880327	0.77	7.07	0.52
19880328	0.17	7.76	0.44
19880329	0.19	6.25	0.39
19880330	0.2	6.12	0.33
19880331	0.04	5.42	0.26
19880401	0.0	8.1	0.23
19880402	0.0	6.77	0.21
19880403	0.11	9.5	0.18
19880404	0.02	6.63	0.16
19880405	0.0	5.71	0.15
19880406	0.0	5.36	0.14
19880407	0.0	8.72	0.14
19880408	6.07	5.48	0.14
19880409	0.15	2.22	0.18
19880410	0.0	8.59	0.14
19880411	0.0	8.97	0.12
19880412	0.0	6.41	0.12
19880413	0.0	4.04	0.1
19880414	0.01	7.39	0.1
19880415	1.22	12.19	0.11
19880416	1.2	12.58	0.12
19880417	0.0	11.15	0.11
19880418	1.53	15.33	0.09
19880419	1.1	12.64	0.09
19880420	0.0	12.05	0.09
19880421	1.04	10.7	0.08
19880422	0.94	5.17	0.08
19880423	0.0	3.27	0.07
19880424	0.0	4.78	0.07
19880425	0.0	6.34	0.06
19880426	5.27	9.17	0.07
19880427	22.92	7.36	2.14
19880428	0.41	6.36	2.13
19880429	1.4	8.08	0.68
19880430	3.48	12.41	0.42
19880501	1.24	10.97	0.44
19880502	0.85	11.44	0.35
19880503	5.78	11.85	0.32
19880504	4.84	9.53	1.11
19880505	0.01	10.61	0.79
19880506	0.0	12.27	0.36
19880507	7.27	13.76	0.27
19880508	7.42	14.46	2.71
19880509	0.03	10.27	1.41
19880510	0.0	10.38	0.59
19880511	0.98	10.41	0.4
19880512	0.32	12.79	0.32
19880513	0.01	13.78	0.25
19880514	0.0	14.7	0.2
19880515	0.0	14.12	0.16
19880516	0.0	11.77	0.14
19880517	5.88	10.65	0.13
19880518	0.03	8.5	0.14
19880519	0.38	6.86	0.11
19880520	0.0	9.95	0.1
19880521	0.0	10.4	0.08
19880522	0.0	11.26	0.08
19880523	2.6	12.81	0.08
19880524	0.04	12.36	0.08
19880525	0.12	11.85	0.07
19880526	5.52	10.98	0.1
19880527	0.0	12.16	0.09
19880528	1.72	14.19	0.07
19880529	6.9	12.03	0.09
19880530	1.08	12.56	0.1
19880531	5.59	11.56	0.09
19880601	0.03	13.81	0.09
19880602	0.85	12.94	0.07
19880603	8.61	12.2	0.07
19880604	7.1	10.56	0.3
19880605	0.03	10.35	0.22
19880606	0.0	10.58	0.12
19880607	1.74	12.96	0.09
19880608	11.57	12.77	0.09
19880609	0.38	10.94	0.32
19880610	0.0	11.3	0.2
19880611	0.01	12.55	0.14
19880612	0.0	13.81	0.1
19880613	0.0	13.46	0.08
19880614	0.0	14.62	0.07
19880615	0.0	13.16	0.06
19880616	0.0	12.43	0.06
19880617	0.0	11.29	0.06
19880618	0.0	14.66	0.05
19880619	0.0	18.1	0.05
19880620	0.31	18.71	0.04
19880621	0.0	16.09	0.04
19880622	0.0	14.36	0.04
19880623	0.0	15.34	0.03
19880624	0.0	16.77	0.03
19880625	2.57	17.75	0.03
19880626	0.47	14.22	0.04
19880627	5.74	13.09	0.04
19880628	0.52	14.08	0.05
19880629	0.63	16.75	0.04
19880630	4.1	18.7	0.04
19880701	1.94	13.44	0.04
19880702	6.3	12.32	0.06
19880703	10.5	13.6	0.13
19880704	6.71	13.84	0.22
19880705	1.29	15.72	0.16
19880706	8.45	14.19	0.13
19880707	0.89	14.61	0.2
19880708	1.32	13.86	0.09
19880709	0.02	16.44	0.07
19880710	5.52	14.18	0.06
19880711	1.22	15.1	0.07
19880712	7.36	15.44	0.06
19880713	5.83	15.05	0.1
19880714	0.52	14.07	0.24
19880715	0.24	13.66	0.11
19880716	13.5	15.75	0.08
19880717	0.0	15.37	0.33
19880718	0.05	15.17	0.2
19880719	0.09	16.63	0.1
19880720	0.27	17.62	0.08
19880721	16.02	19.1	0.16
19880722	7.73	17.82	0.68
19880723	0.63	15.54	0.68
19880724	1.47	15.53	0.3
19880725	0.04	15.82	0.17
19880726	1.71	14.45	0.11
19880727	0.03	15.85	0.09
19880728	1.04	12.64	0.08
19880729	0.01	14.13	0.07
19880730	0.05	14.73	0.06
19880731	2.21	14.2	0.06
19880801	0.02	13.31	0.05
19880802	1.18	12.35	0.05
19880803	0.0	14.33	0.05
19880804	0.0	16.99	0.04
19880805	0.0	15.16	0.04
19880806	0.0	19.04	0.04
19880807	0.0	19.46	0.03
19880808	0.02	19.6	0.03
19880809	0.0	16.53	0.03
19880810	0.0	16.59	0.03
19880811	2.63	15.6	0.03
19880812	0.05	14.8	0.03
19880813	0.01	16.45	0.03
19880814	0.54	16.86	0.03
19880815	0.0	14.04	0.03
19880816	0.0	15.88	0.03
19880817	0.0	18.8	0.03
19880818	1.82	20.01	0.03
19880819	0.11	16.36	0.03
19880820	4.64	15.78	0.03
19880821	0.31	12.52	0.04
19880822	0.05	13.26	0.03
19880823	1.21	17.46	0.02
19880824	3.27	13.87	0.03
19880825	0.0	13.18	0.04
19880826	1.26	17.53	0.03
19880827	1.08	15.92	0.03
19880828	0.09	12.71	0.03
19880829	0.11	14.26	0.02
19880830	8.52	15.27	0.02
19880831	19.42	14.82	0.12
19880901	13.02	14.0	0.52
19880902	0.03	12.61	0.63
19880903	0.0	12.86	0.17
19880904	0.0	13.79	0.09
19880905	0.0	14.88	0.07
19880906	0.0	16.23	0.06
19880907	0.0	19.32	0.05
19880908	0.0	18.52	0.05
19880909	0.0	15.13	0.04
19880910	0.0	16.16	0.04
19880911	0.01	12.93	0.04
19880912	2.02	12.87	0.04
19880913	0.51	11.96	0.04
19880914	0.02	11.43	0.04
19880915	0.11	11.23	0.03
19880916	0.0	15.45	0.03
19880917	0.0	13.94	0.03
19880918	0.0	12.81	0.03
19880919	0.0	11.25	0.03
19880920	0.0	12.06	0.03
19880921	0.0	13.15	0.03
19880922	2.75	13.49	0.03
19880923	0.86	11.98	0.03
19880924	9.98	11.79	0.04
19880925	0.15	14.77	0.09
19880926	3.08	16.61	0.06
19880927	4.54	14.06	0.06
19880928	0.05	11.19	0.07
19880929	0.0	8.07	0.05
19880930	0.0	7.87	0.04
19881001	0.0	9.47	0.04
19881002	0.0	10.73	0.03
19881003	0.0	11.83	0.03
19881004	1.3	12.79	0.03
19881005	3.45	12.54	0.03
19881006	1.32	11.24	0.04
19881007	0.07	9.09	0.03
19881008	6.76	11.89	0.03
19881009	7.73	8.73	0.06
19881010	0.01	6.32	0.13
19881011	2.39	9.9	0.09
19881012	7.07	10.17	0.08
19881013	0.0	8.72	0.21
19881014	0.0	11.71	0.16
19881015	0.01	12.28	0.09
19881016	0.0	12.17	0.07
19881017	0.3	12.39	0.06
19881018	1.04	14.88	0.06
19881019	5.98	15.6	0.06
19881020	0.18	11.6	0.08
19881021	0.02	12.26	0.1
19881022	0.42	13.43	0.08
19881023	0.39	12.06	0.07
19881024	0.25	12.57	0.06
19881025	0.03	13.96	0.06
19881026	0.11	14.76	0.05
19881027	2.16	12.23	0.05
19881028	0.0	6.09	0.05
19881029	0.0	3.2	0.05
19881030	0.0	3.54	0.04
19881031	0.0	3.6	0.04
19881101	0.06	5.75	0.04
19881102	0.0	4.09	0.04
19881103	0.0	2.31	0.04
19881104	0.0	1.36	0.04
19881105	0.0	3.34	0.04
19881106	0.0	4.38	0.04
19881107	0.0	4.91	0.04
19881108	3.19	8.42	0.04
19881109	0.04	13.31	0.05
19881110	0.03	11.13	0.05
19881111	0.11	8.79	0.04
19881112	0.0	8.18	0.04
19881113	0.0	6.1	0.04
19881114	0.0	4.45	0.04
19881115	0.0	3.37	0.03
19881116	0.03	6.57	0.04
19881117	2.19	9.75	0.04
19881118	0.03	5.52	0.04
19881119	4.75	2.45	0.04
19881120	1.82	1.9	0.06
19881121	0.0	-1.05	0.07
19881122	0.01	0.64	0.06
19881123	0.0	2.37	0.05
19881124	0.0	1.78	0.04
19881125	0.0	0.59	0.04
19881126	0.0	0.88	0.04
19881127	1.68	1.94	0.04
19881128	0.41	7.21	0.04
19881129	18.38	7.96	0.12
19881130	1.57	8.24	2.86
19881201	1.52	4.26	0.94
19881202	0.47	1.55	0.62
19881203	5.8	4.39	0.62
19881204	0.27	6.21	1.36
19881205	0.0	5.12	0.71
19881206	0.0	3.34	0.39
19881207	0.0	3.76	0.25
19881208	4.14	8.04	0.21
19881209	0.11	9.37	0.24
19881210	0.0	9.71	0.27
19881211	0.02	8.15	0.24
19881212	0.0	4.86	0.2
19881213	0.05	7.69	0.17
19881214	0.0	6.93	0.15
19881215	0.03	5.79	0.14
19881216	0.22	4.13	0.13
19881217	0.0	4.39	0.12
19881218	5.26	8.16	0.11
19881219	0.03	5.21	0.21
19881220	0.04	6.21	0.2
19881221	0.0	9.83	0.16
19881222	0.13	9.93	0.16
19881223	1.96	9.8	0.16
19881224	0.9	8.9	0.15
19881225	0.04	10.32	0.12
19881226	2.54	9.79	0.12
19881227	0.01	8.35	0.14
19881228	0.02	7.99	0.14
19881229	0.0	6.35	0.13
19881230	0.0	6.07	0.12
19881231	0.0	6.38	0.11
19890101	0.0	4.71	0.1
19890102	0.0	3.79	0.1
19890103	0.05	6.1	0.1
19890104	0.01	5.09	0.1
19890105	3.47	5.9	0.1
19890106	0.02	7.56	0.12
19890107	0.0	9.62	0.1
19890108	0.0	9.31	0.1
19890109	1.24	6.66	0.11
19890110	0.0	3.12	0.11
19890111	0.96	5.22	0.09
19890112	4.28	4.51	0.21
19890113	4.46	7.4	0.29
19890114	0.01	6.96	0.52
19890115	0.0	9.14	0.47
19890116	0.75	7.39	0.34
19890117	0.03	3.07	0.27
19890118	0.0	1.73	0.21
19890119	0.0	2.31	0.18
19890120	3.89	4.95	0.17
19890121	5.2	4.56	0.83
19890122	0.02	4.37	1.08
19890123	0.0	7.51	0.61
19890124	0.0	4.72	0.44
19890125	0.0	3.05	0.35
19890126	0.0	6.42	0.29
19890127	0.71	9.11	0.23
19890128	4.11	2.71	0.26
19890129	0.04	3.4	0.34
19890130	0.0	6.76	0.31
19890131	0.0	3.82	0.28
19890201	0.0	1.16	0.26
19890202	0.01	1.78	0.22
19890203	0.11	6.68	0.2
19890204	1.42	7.93	0.2
19890205	0.0	8.97	0.19
19890206	0.0	10.87	0.17
19890207	0.0	7.51	0.16
19890208	0.0	5.27	0.15
19890209	0.11	5.89	0.15
19890210	0.67	3.15	0.14
19890211	0.88	5.95	0.11
19890212	0.0	5.09	0.11
19890213	2.26	6.69	0.11
19890214	0.0	7.28	0.12
19890215	1.88	6.0	0.12
19890216	3.39	1.69	0.11
19890217	3.74	5.98	0.21
19890218	0.83	11.26	0.53
19890219	1.78	7.92	0.46
19890220	0.0	4.23	0.33
19890221	0.24	5.89	0.25
19890222	0.82	4.43	0.26
19890223	0.54	4.41	0.23
19890224	2.14	2.99	0.23
19890225	11.85	3.51	1.41
19890226	1.68	3.57	2.25
19890227	0.03	4.73	0.84
19890228	0.01	5.8	0.5
19890301	0.27	4.8	0.35
19890302	4.54	6.21	0.31
19890303	0.56	6.01	0.33
19890304	0.48	9.43	0.3
19890305	0.0	11.01	0.28
19890306	0.13	10.77	0.26
19890307	0.03	3.47	0.22
19890308	0.76	6.39	0.18
19890309	0.16	10.04	0.18
19890310	1.26	8.44	0.17
19890311	0.0	5.43	0.15
19890312	1.61	7.23	0.15
19890313	0.01	6.77	0.16
19890314	8.4	7.7	0.19
19890315	0.7	6.31	0.48
19890316	15.2	2.97	3.68
19890317	0.01	2.18	4.0
19890318	0.07	6.38	1.15
19890319	1.52	8.29	0.69
19890320	6.84	5.44	0.66
19890321	1.63	7.43	1.14
19890322	1.87	6.75	1.1
19890323	1.44	8.21	0.68
19890324	0.03	7.28	0.52
19890325	0.0	8.88	0.33
19890326	0.0	11.42	0.28
19890327	0.02	12.5	0.27
19890328	0.78	8.61	0.23
19890329	0.0	8.37	0.18
19890330	0.0	9.79	0.17
19890331	0.0	10.25	0.16
19890401	4.73	9.17	0.15
19890402	9.96	3.71	0.61
19890403	0.13	3.51	0.73
19890404	9.96	3.32	0.43
19890405	3.68	3.08	2.62
19890406	7.18	4.73	4.0
19890407	1.18	5.71	4.25
19890408	0.05	5.24	1.39
19890409	4.31	9.71	0.79
19890410	1.1	9.16	0.71
19890411	3.5	8.31	0.79
19890412	3.79	8.63	0.83
19890413	1.67	7.77	1.21
19890414	0.0	6.4	0.76
19890415	0.0	9.2	0.45
19890416	10.64	8.15	0.61
19890417	0.13	3.51	1.62
19890418	0.02	6.45	0.81
19890419	0.58	7.47	0.49
19890420	0.58	5.43	0.37
19890421	0.24	6.86	0.29
19890422	1.27	7.89	0.25
19890423	4.23	3.69	0.28
19890424	13.43	2.93	1.88
19890425	1.65	2.73	5.12
19890426	6.73	6.75	1.66
19890427	1.41	3.88	3.04
19890428	0.1	9.1	1.53
19890429	0.01	7.61	0.79
19890430	1.53	11.18	0.5
19890501	0.03	11.55	0.39
19890502	0.01	11.52	0.3
19890503	0.0	13.31	0.25
19890504	0.0	14.28	0.21
19890505	0.0	13.23	0.18
19890506	0.0	8.39	0.16
19890507	0.0	12.1	0.15
19890508	0.0	14.12	0.14
19890509	0.0	9.02	0.13
19890510	4.47	10.82	0.11
19890511	1.19	9.17	0.14
19890512	3.64	8.46	0.14
19890513	0.36	9.8	0.11
19890514	0.0	11.31	0.09
19890515	0.0	13.56	0.08
19890516	0.0	11.31	0.08
19890517	0.0	15.2	0.07
19890518	0.0	16.81	0.07
19890519	0.0	15.7	0.06
19890520	0.0	16.11	0.06
19890521	0.0	17.35	0.05
19890522	0.0	16.83	0.05
19890523	0.86	19.29	0.05
19890524	8.88	18.97	0.06
19890525	0.0	11.86	0.1
19890526	0.0	10.03	0.07
19890527	0.0	10.07	0.05
19890528	0.0	14.27	0.04
19890529	0.0	12.56	0.04
19890530	0.0	7.81	0.04
19890531	0.18	10.51	0.03
19890601	2.36	6.55	0.03
19890602	0.01	10.16	0.03
19890603	0.02	7.81	0.03
19890604	0.03	8.45	0.03
19890605	1.21	11.55	0.03
19890606	12.63	10.06	0.06
19890607	1.63	9.21	0.1
19890608	3.81	10.02	0.07
19890609	0.24	13.51	0.07
19890610	0.27	13.25	0.05
19890611	0.0	18.07	0.04
19890612	0.0	19.37	0.03
19890613	0.0	19.6	0.04
19890614	0.0	17.97	0.03
19890615	0.0	16.67	0.03
19890616	0.0	18.27	0.03
19890617	0.0	17.76	0.03
19890618	0.0	17.78	0.02
19890619	0.0	18.18	0.02
19890620	0.0	19.39	0.01
19890621	0.0	16.11	0.01
19890622	0.0	14.28	0.02
19890623	0.0	16.39	0.02
19890624	0.0	15.68	0.02
19890625	0.0	18.01	0.01
19890626	2.08	17.6	0.01
19890627	2.56	11.93	0.01
19890628	15.5	13.2	0.02
19890629	0.03	11.92	0.06
19890630	2.91	16.25	0.05
19890701	0.34	13.79	0.03
19890702	0.0	13.56	0.03
19890703	0.0	15.49	0.02
19890704	0.0	17.31	0.02
19890705	0.1	19.13	0.01
19890706	16.98	22.81	0.01
19890707	10.55	17.99	0.09
19890708	0.21	17.51	0.15
19890709	0.05	15.42	0.09
19890710	0.1	18.98	0.04
19890711	0.0	18.04	0.03
19890712	0.0	16.25	0.03
19890713	0.0	16.0	0.02
19890714	0.0	15.43	0.02
19890715	0.0	19.28	0.02
19890716	0.0	17.35	0.02
19890717	0.0	19.31	0.02
19890718	0.0	15.66	0.02
19890719	0.0	20.19	0.02
19890720	0.0	20.74	0.02
19890721	0.0	22.79	0.02
19890722	2.36	24.58	0.02
19890723	0.0	21.96	0.02
19890724	0.0	20.23	0.02
19890725	0.04	22.25	0.01
19890726	0.0	16.75	0.01
19890727	0.0	18.01	0.01
19890728	0.0	18.21	0.01
19890729	1.54	19.51	0.01
19890730	1.46	14.46	0.01
19890731	2.25	13.15	0.01
19890801	0.0	14.74	0.01
19890802	0.0	16.86	0.01
19890803	0.0	16.73	0.01
19890804	0.0	15.39	0.01
19890805	0.0	17.75	0.01
19890806	0.0	20.82	0.01
19890807	0.0	19.97	0.01
19890808	0.0	19.79	0.01
19890809	8.12	20.05	0.01
19890810	3.84	16.78	0.01
19890811	0.0	19.16	0.02
19890812	0.0	17.64	0.02
19890813	6.59	17.01	0.01
19890814	3.1	19.59	0.01
19890815	0.22	18.85	0.03
19890816	0.01	16.85	0.02
19890817	0.27	15.02	0.01
19890818	0.0	15.3	0.01
19890819	0.0	19.06	0.01
19890820	0.0	20.59	0.01
19890821	0.0	17.47	0.01
19890822	0.0	15.52	0.01
19890823	0.0	17.25	0.01
19890824	0.01	19.71	0.01
19890825	5.75	16.28	0.01
19890826	13.43	15.99	0.02
19890827	0.01	12.56	0.05
19890828	0.01	13.3	0.03
19890829	0.0	16.65	0.02
19890830	0.28	17.8	0.02
19890831	0.0	13.41	0.02
19890901	0.0	14.66	0.02
19890902	0.0	11.02	0.02
19890903	0.0	14.26	0.02
19890904	0.0	15.44	0.02
19890905	0.0	16.28	0.02
19890906	0.0	17.79	0.02
19890907	0.03	19.91	0.02
19890908	0.04	15.75	0.01
19890909	0.08	13.99	0.02
19890910	0.56	16.39	0.02
19890911	1.93	17.46	0.02
19890912	3.38	17.02	0.02
19890913	0.07	13.51	0.02
19890914	2.21	13.33	0.05
19890915	0.2	17.43	0.02
19890916	26.47	14.61	0.03
19890917	3.02	14.79	0.11
19890918	0.06	17.76	0.11
19890919	0.0	15.68	0.05
19890920	0.0	16.0	0.03
19890921	0.02	20.46	0.02
19890922	0.02	14.4	0.02
19890923	0.0	14.36	0.02
19890924	0.0	15.29	0.02
19890925	0.0	17.83	0.02
19890926	0.65	15.74	0.02
19890927	0.19	12.72	0.02
19890928	0.0	10.73	0.02
19890929	0.0	13.84	0.02
19890930	0.41	13.86	0.02
19891001	0.56	11.64	0.02
19891002	0.0	9.96	0.02
19891003	0.0	11.7	0.02
19891004	0.0	12.02	0.02
19891005	1.54	11.92	0.01
19891006	1.83	12.0	0.01
19891007	3.04	10.33	0.02
19891008	0.32	10.82	0.02
19891009	0.17	10.7	0.02
19891010	0.01	13.09	0.02
19891011	0.0	13.5	0.01
19891012	0.02	13.79	0.01
19891013	0.01	11.27	0.01
19891014	0.02	9.04	0.01
19891015	0.0	11.86	0.01
19891016	0.0	12.05	0.01
19891017	0.0	11.29	0.01
19891018	0.0	13.16	0.01
19891019	8.62	13.57	0.01
19891020	6.02	13.67	0.03
19891021	2.11	14.13	0.05
19891022	1.94	13.05	0.04
19891023	0.01	11.17	0.03
19891024	0.0	12.02	0.03
19891025	0.78	13.52	0.03
19891026	2.23	10.82	0.03
19891027	1.09	13.17	0.03
19891028	4.09	11.38	0.03
19891029	1.11	12.24	0.03
19891030	0.84	10.79	0.03
19891031	0.02	10.89	0.03
19891101	0.03	10.62	0.03
19891102	9.55	8.8	0.03
19891103	0.53	8.56	0.06
19891104	0.67	6.45	0.04
19891105	0.0	4.23	0.03
19891106	0.01	5.0	0.03
19891107	6.25	8.42	0.03
19891108	20.76	7.98	0.08
19891109	2.1	7.41	0.34
19891110	1.46	11.3	0.16
19891111	0.0	9.64	0.1
19891112	0.07	8.53	0.08
19891113	0.1	4.8	0.06
19891114	0.08	6.5	0.05
19891115	0.0	6.04	0.04
19891116	0.0	5.18	0.03
19891117	0.23	5.1	0.03
19891118	0.01	7.1	0.03
19891119	0.03	6.91	0.03
19891120	0.04	7.29	0.03
19891121	0.07	6.61	0.03
19891122	0.06	4.4	0.03
19891123	0.0	1.75	0.03
19891124	0.06	2.5	0.03
19891125	0.0	1.05	0.03
19891126	0.0	0.93	0.03
19891127	0.0	1.83	0.03
19891128	0.0	1.84	0.03
19891129	0.0	1.33	0.03
19891130	0.0	0.94	0.02
19891201	0.07	0.0	0.02
19891202	0.0	2.42	0.02
19891203	0.07	2.54	0.02
19891204	0.03	4.62	0.02
19891205	0.01	6.6	0.03
19891206	0.0	6.04	0.03
19891207	0.01	3.65	0.02
19891208	0.02	3.38	0.02
19891209	0.01	2.98	0.02
19891210	0.02	1.1	0.02
19891211	5.14	2.66	0.03
19891212	5.12	3.6	0.03
19891213	24.87	4.16	0.18
19891214	9.17	7.67	2.68
19891215	12.04	6.73	1.47
19891216	4.58	10.75	4.32
19891217	0.05	7.59	1.58
19891218	16.88	4.06	2.4
19891219	4.34	5.8	4.92
19891220	13.23	11.39	5.78
19891221	0.42	9.65	6.13
19891222	0.06	4.87	1.4
19891223	3.19	8.26	0.83
19891224	9.34	9.81	0.76
19891225	1.95	6.35	4.75
19891226	0.04	4.96	1.98
19891227	0.0	5.56	0.96
19891228	0.0	4.94	0.58
19891229	0.0	3.06	0.42
19891230	0.0	1.94	0.33
19891231	0.05	2.03	0.27
19900101	2.81	2.55	0.24
19900102	0.02	4.76	0.22
19900103	0.0	3.5	0.19
19900104	0.0	4.9	0.17
19900105	3.41	7.4	0.16
19900106	8.67	5.61	1.01
19900107	0.57	4.36	2.9
19900108	0.01	5.28	1.09
19900109	0.16	8.29	0.69
19900110	0.0	9.65	0.53
19900111	0.0	8.48	0.42
19900112	3.33	4.39	0.35
19900113	0.07	3.21	0.33
19900114	1.59	6.96	0.32
19900115	0.05	11.09	0.32
19900116	0.38	8.82	0.33
19900117	0.0	4.44	0.31
19900118	0.06	5.36	0.24
19900119	0.97	6.4	0.23
19900120	0.05	8.0	0.2
19900121	0.6	10.65	0.18
19900122	2.03	9.6	0.18
19900123	8.39	5.69	0.83
19900124	1.89	7.32	0.88
19900125	1.0	7.03	0.76
19900126	0.0	3.37	0.49
19900127	4.71	5.12	0.4
19900128	0.03	4.46	0.57
19900129	2.17	7.54	0.53
19900130	4.57	8.57	0.53
19900131	1.96	6.42	1.41
19900201	6.39	6.08	1.29
19900202	3.65	6.45	2.36
19900203	17.61	5.2	9.63
19900204	0.02	9.81	5.05
19900205	0.01	10.11	1.88
19900206	4.69	9.72	1.13
19900207	11.16	9.87	3.76
19900208	0.0	6.45	4.3
19900209	0.0	7.32	1.56
19900210	2.51	6.45	1.11
19900211	3.01	5.07	0.89
19900212	0.01	4.41	0.87
19900213	5.22	6.12	0.79
19900214	5.4	4.22	1.23
19900215	0.0	2.62	2.03
19900216	0.01	4.74	1.11
19900217	1.29	8.32	0.74
19900218	0.01	8.27	0.52
19900219	0.01	11.62	0.44
19900220	4.0	10.2	0.37
19900221	0.16	8.02	0.36
19900222	0.0	10.75	0.3
19900223	0.0	13.86	0.28
19900224	0.45	8.29	0.28
19900225	4.96	9.02	0.29
19900226	6.75	5.59	0.39
19900227	0.09	5.42	0.91
19900228	6.4	6.19	1.06
19900301	1.41	2.65	1.22
19900302	0.0	4.32	0.62
19900303	0.0	7.06	0.43
19900304	0.0	8.2	0.36
19900305	0.0	8.74	0.32
19900306	0.0	9.99	0.29
19900307	0.0	9.91	0.24
19900308	0.0	9.09	0.21
19900309	0.0	8.9	0.18
19900310	0.0	11.33	0.15
19900311	0.0	8.37	0.14
19900312	0.0	7.69	0.13
19900313	2.22	6.89	0.13
19900314	0.0	8.94	0.12
19900315	0.0	8.38	0.11
19900316	0.0	11.3	0.1
19900317	0.0	14.11	0.1
19900318	0.17	16.08	0.1
19900319	7.49	8.74	0.12
19900320	0.0	10.46	0.14
19900321	0.0	10.84	0.11
19900322	0.0	8.36	0.09
19900323	0.0	9.99	0.08
19900324	2.27	6.08	0.08
19900325	0.03	4.63	0.08
19900326	0.0	3.12	0.07
19900327	0.02	6.16	0.07
19900328	0.0	4.21	0.07
19900329	0.0	7.94	0.06
19900330	0.0	9.44	0.06
19900331	0.0	9.27	0.06
19900401	0.29	12.91	0.06
19900402	5.0	8.02	0.06
19900403	0.7	1.99	0.08
19900404	0.0	1.7	0.07
19900405	0.0	3.51	0.05
19900406	0.0	5.12	0.05
19900407	0.0	4.98	0.05
19900408	0.0	3.48	0.03
19900409	0.0	7.26	0.04
19900410	0.0	9.09	0.04
19900411	0.0	11.43	0.04
19900412	1.46	10.07	0.04
19900413	3.74	4.55	0.05
19900414	2.47	6.3	0.05
19900415	0.52	6.76	0.05
19900416	1.3	5.59	0.05
19900417	1.25	5.93	0.05
19900418	3.58	7.58	0.05
19900419	6.39	6.53	0.09
19900420	6.41	8.43	0.24
19900421	0.31	10.25	0.27
19900422	0.0	10.41	0.15
19900423	0.0	9.38	0.1
19900424	0.0	9.32	0.08
19900425	0.0	12.49	0.07
19900426	0.23	7.48	0.06
19900427	0.0	5.98	0.06
19900428	0.0	11.14	0.05
19900429	0.0	14.44	0.05
19900430	0.0	14.09	0.04
19900501	0.0	13.73	0.04
19900502	0.0	16.02	0.04
19900503	0.0	16.39	0.03
19900504	0.0	15.53	0.03
19900505	0.0	16.39	0.03
19900506	0.0	13.66	0.03
19900507	0.0	9.89	0.03
19900508	0.0	13.05	0.03
19900509	0.16	8.38	0.03
19900510	0.81	10.22	0.03
19900511	1.16	9.75	0.03
19900512	0.04	9.98	0.04
19900513	0.0	9.1	0.03
19900514	3.67	14.03	0.03
19900515	0.04	15.41	0.04
19900516	0.0	12.47	0.04
19900517	0.0	12.86	0.03
19900518	0.0	10.04	0.03
19900519	0.0	9.13	0.03
19900520	0.0	11.61	0.02
19900521	0.0	10.99	0.02
19900522	0.0	10.75	0.02
19900523	0.0	13.16	0.02
19900524	0.0	9.23	0.02
19900525	0.0	8.36	0.02
19900526	0.0	10.1	0.02
19900527	0.0	11.98	0.02
19900528	0.0	15.42	0.02
19900529	0.06	15.45	0.02
19900530	0.0	14.22	0.02
19900531	0.0	16.46	0.02
19900601	4.9	15.28	0.02
19900602	0.0	14.8	0.03
19900603	4.6	11.76	0.03
19900604	0.0	11.19	0.03
19900605	1.14	12.5	0.02
19900606	0.22	10.55	0.02
19900607	1.05	11.28	0.02
19900608	4.77	11.12	0.02
19900609	1.16	12.95	0.02
19900610	0.0	12.6	0.02
19900611	0.0	10.11	0.02
19900612	0.0	10.86	0.03
19900613	0.0	11.14	0.03
19900614	0.0	11.96	0.03
19900615	0.0	13.32	0.03
19900616	0.0	15.76	0.02
19900617	0.0	15.92	0.02
19900618	0.27	14.94	0.02
19900619	0.2	13.74	0.02
19900620	1.61	15.07	0.02
19900621	8.92	12.78	0.02
19900622	0.94	14.46	0.04
19900623	4.38	12.66	0.03
19900624	0.01	16.12	0.03
19900625	0.0	19.09	0.02
19900626	0.0	19.86	0.02
19900627	0.0	16.71	0.02
19900628	0.0	13.32	0.02
19900629	0.28	17.25	0.01
19900630	7.37	16.36	0.01
19900701	1.29	12.83	0.02
19900702	0.07	11.15	0.03
19900703	0.57	13.92	0.02
19900704	7.55	14.15	0.02
19900705	0.6	12.51	0.03
19900706	6.23	15.16	0.02
19900707	0.1	18.42	0.02
19900708	0.0	17.46	0.03
19900709	0.23	14.86	0.02
19900710	0.0	13.51	0.02
19900711	0.0	20.28	0.02
19900712	0.0	18.61	0.02
19900713	0.0	17.52	0.01
19900714	0.0	15.85	0.01
19900715	0.04	22.05	0.01
19900716	0.0	17.4	0.01
19900717	0.0	16.8	0.01
19900718	0.0	19.22	0.01
19900719	0.0	21.91	0.01
19900720	0.0	22.15	0.01
19900721	0.0	20.2	0.01
19900722	0.0	16.51	0.01
19900723	0.0	14.03	0.01
19900724	0.0	14.73	0.01
19900725	0.0	16.27	0.01
19900726	0.0	17.55	0.01
19900727	0.03	18.81	0.01
19900728	0.05	18.05	0.01
19900729	4.07	19.73	0.01
19900730	0.91	17.24	0.02
19900731	0.0	20.08	0.02
19900801	0.0	22.66	0.02
19900802	0.01	23.8	0.01
19900803	0.0	26.42	0.01
19900804	0.0	21.31	0.01
19900805	0.0	16.99	0.02
19900806	0.01	14.81	0.01
19900807	0.0	15.44	0.01
19900808	0.0	18.95	0.01
19900809	0.0	20.67	0.01
19900810	0.0	19.81	0.01
19900811	0.0	20.33	0.01
19900812	0.0	20.06	0.01
19900813	0.0	18.39	0.01
19900814	1.04	16.95	0.02
19900815	0.4	17.03	0.02
19900816	0.02	14.89	0.01
19900817	6.43	15.63	0.01
19900818	5.08	15.51	0.02
19900819	3.4	17.02	0.03
19900820	0.07	15.81	0.03
19900821	0.0	16.97	0.03
19900822	0.0	20.67	0.02
19900823	0.0	21.52	0.02
19900824	0.0	21.92	0.02
19900825	0.19	20.59	0.02
19900826	0.01	20.28	0.02
19900827	0.0	19.88	0.02
19900828	0.0	20.47	0.01
19900829	0.1	20.02	0.01
19900830	0.0	14.8	0.01
19900831	0.4	17.43	0.01
19900901	0.0	17.75	0.01
19900902	0.0	18.63	0.01
19900903	0.98	15.07	0.01
19900904	0.02	12.91	0.01
19900905	0.77	15.84	0.01
19900906	0.02	14.55	0.01
19900907	0.4	13.36	0.01
19900908	0.0	13.33	0.01
19900909	0.0	14.94	0.01
19900910	0.0	15.0	0.01
19900911	0.0	14.06	0.01
19900912	0.0	13.56	0.01
19900913	0.0	16.04	0.01
19900914	0.0	13.61	0.01
19900915	0.0	12.12	0.01
19900916	0.14	14.36	0.01
19900917	1.34	12.19	0.01
19900918	3.52	16.13	0.01
19900919	0.2	11.4	0.01
19900920	1.35	10.93	0.01
19900921	0.7	11.71	0.01
19900922	0.09	11.24	0.01
19900923	0.57	9.84	0.01
19900924	4.26	11.14	0.01
19900925	0.03	8.86	0.01
19900926	0.0	10.16	0.01
19900927	0.0	11.38	0.01
19900928	0.02	15.37	0.01
19900929	7.0	14.69	0.01
19900930	2.28	12.02	0.02
19901001	0.0	12.07	0.01
19901002	0.31	15.76	0.02
19901003	5.26	10.12	0.02
19901004	1.65	12.69	0.02
19901005	0.63	15.45	0.02
19901006	3.32	11.92	0.02
19901007	0.0	6.73	0.02
19901008	0.0	9.67	0.02
19901009	0.0	13.95	0.02
19901010	0.0	15.57	0.02
19901011	0.0	12.61	0.02
19901012	0.0	18.17	0.02
19901013	0.0	18.24	0.02
19901014	0.0	16.85	0.02
19901015	0.02	16.23	0.02
19901016	0.0	13.14	0.02
19901017	5.97	16.41	0.02
19901018	7.14	13.76	0.02
19901019	0.35	13.19	0.03
19901020	0.0	14.18	0.03
19901021	0.0	10.22	0.02
19901022	0.0	7.99	0.02
19901023	0.0	11.69	0.01
19901024	0.42	10.66	0.01
19901025	6.74	11.92	0.01
19901026	1.27	9.54	0.02
19901027	7.35	10.04	0.02
19901028	0.16	6.97	0.03
19901029	0.0	6.9	0.03
19901030	0.2	9.65	0.03
19901031	0.34	8.93	0.02
19901101	0.17	7.3	0.02
19901102	0.37	4.73	0.01
19901103	0.0	6.12	0.01
19901104	0.03	5.53	0.01
19901105	0.2	5.05	0.01
19901106	0.01	6.12	0.01
19901107	0.0	6.39	0.01
19901108	0.0	5.43	0.01
19901109	1.57	8.01	0.02
19901110	0.84	10.74	0.02
19901111	4.15	10.12	0.02
19901112	1.82	12.22	0.02
19901113	5.26	11.97	0.03
19901114	0.35	10.62	0.03
19901115	0.08	11.19	0.03
19901116	3.35	12.91	0.03
19901117	2.7	11.06	0.03
19901118	0.08	6.96	0.03
19901119	10.34	5.48	0.03
19901120	0.72	3.16	0.05
19901121	0.12	2.19	0.05
19901122	0.02	2.58	0.04
19901123	0.4	3.81	0.03
19901124	0.26	3.09	0.03
19901125	4.14	4.04	0.03
19901126	0.24	4.86	0.03
19901127	0.57	4.24	0.03
19901128	0.74	6.1	0.03
19901129	0.19	5.02	0.03
19901130	0.0	5.57	0.03
19901201	0.0	4.73	0.03
19901202	0.0	5.03	0.03
19901203	0.0	4.14	0.03
19901204	0.0	4.0	0.02
19901205	0.0	2.22	0.02
19901206	0.0	2.28	0.02
19901207	2.05	3.92	0.02
19901208	7.58	0.74	0.02
19901209	7.64	2.96	0.03
19901210	0.14	4.53	0.08
19901211	1.05	5.56	0.07
19901212	0.01	3.14	0.04
19901213	0.01	1.89	0.03
19901214	0.0	1.22	0.03
19901215	0.94	2.06	0.03
19901216	0.0	2.2	0.02
19901217	0.13	1.49	0.02
19901218	0.0	0.51	0.02
19901219	0.01	2.27	0.02
19901220	4.36	5.86	0.02
19901221	0.53	8.25	0.03
19901222	0.02	9.21	0.03
19901223	1.36	8.12	0.03
19901224	4.53	5.28	0.03
19901225	6.71	5.28	0.04
19901226	5.87	7.23	0.09
19901227	0.04	3.49	0.1
19901228	1.29	7.22	0.07
19901229	2.73	4.08	0.05
19901230	0.52	4.63	0.04
19901231	0.38	3.87	0.04
19910101	4.48	7.04	0.04
19910102	0.47	7.2	0.05
19910103	3.17	4.85	0.06
19910104	2.81	4.9	0.06
19910105	2.51	5.12	0.06
19910106	2.71	3.69	0.08
19910107	0.69	4.2	0.07
19910108	8.04	6.17	0.08
19910109	14.31	7.41	0.17
19910110	1.8	4.94	0.33
19910111	0.47	2.68	0.22
19910112	0.0	0.77	0.13
19910113	0.03	0.12	0.09
19910114	0.0	0.57	0.07
19910115	0.0	-0.59	0.06
19910116	0.01	1.16	0.06
19910117	0.75	3.88	0.05
19910118	6.85	4.58	0.05
19910119	0.03	4.25	0.09
19910120	0.03	6.31	0.12
19910121	0.0	3.44	0.1
19910122	0.0	2.91	0.08
19910123	0.0	0.78	0.07
19910124	0.0	1.36	0.06
19910125	0.0	1.15	0.05
19910126	0.0	0.54	0.05
19910127	0.0	1.21	0.04
19910128	0.0	2.34	0.04
19910129	0.0	0.26	0.04
19910130	0.12	-0.38	0.04
19910131	0.29	0.99	0.04
19910201	0.03	1.73	0.04
19910202	0.0	1.03	0.04
19910203	0.0	-1.77	0.03
19910204	0.0	-1.11	0.03
19910205	0.04	-1.0	0.03
19910206	0.03	-4.22	0.03
19910207	7.96	-4.55	0.03
19910208	0.45	-5.52	0.03
19910209	0.4	-5.76	0.03
19910210	0.2	-1.8	0.03
19910211	0.01	-2.57	0.03
19910212	6.03	-1.28	0.03
19910213	0.27	-3.75	0.04
19910214	2.88	-0.51	0.04
19910215	0.09	2.21	0.11
19910216	0.04	1.77	0.37
19910217	0.01	2.92	0.29
19910218	0.0	1.05	0.2
19910219	0.03	1.84	0.16
19910220	0.15	4.97	0.13
19910221	1.75	4.4	0.12
19910222	1.62	7.44	0.11
19910223	0.0	11.16	0.1
19910224	2.44	5.79	0.09
19910225	0.03	7.85	0.08
19910226	0.06	6.86	0.08
19910227	29.3	4.54	1.25
19910228	0.01	3.55	3.39
19910301	0.03	2.52	0.84
19910302	0.41	3.98	0.42
19910303	0.02	5.31	0.27
19910304	2.48	7.65	0.21
19910305	8.48	9.53	0.21
19910306	3.59	9.07	0.64
19910307	3.23	8.87	0.91
19910308	0.03	10.55	0.89
19910309	0.5	9.04	0.55
19910310	1.86	9.49	0.35
19910311	0.04	9.67	0.29
19910312	0.0	10.89	0.25
19910313	0.0	11.72	0.22
19910314	0.01	8.95	0.18
19910315	0.41	9.33	0.16
19910316	4.96	10.91	0.16
19910317	0.03	8.06	0.17
19910318	2.68	10.66	0.14
19910319	0.01	11.43	0.14
19910320	3.3	9.86	0.14
19910321	0.12	6.83	0.15
19910322	1.55	5.31	0.13
19910323	0.01	4.97	0.11
19910324	0.0	5.63	0.1
19910325	0.0	6.54	0.08
19910326	0.03	4.51	0.08
19910327	0.0	7.42	0.07
19910328	0.0	8.05	0.07
19910329	0.03	4.84	0.06
19910330	0.01	7.98	0.06
19910331	0.0	10.49	0.05
19910401	0.54	11.18	0.06
19910402	2.59	7.33	0.06
19910403	0.06	7.95	0.06
19910404	3.0	6.93	0.06
19910405	0.37	6.82	0.06
19910406	4.68	7.57	0.05
19910407	1.15	8.32	0.07
19910408	0.03	9.67	0.06
19910409	0.0	10.15	0.05
19910410	0.0	12.83	0.04
19910411	0.0	13.97	0.04
19910412	0.0	13.92	0.04
19910413	0.0	9.17	0.04
19910414	0.0	7.79	0.03
19910415	0.0	7.63	0.03
19910416	0.0	5.16	0.03
19910417	0.02	3.66	0.03
19910418	6.83	5.22	0.03
19910419	1.24	3.96	0.05
19910420	0.83	3.33	0.04
19910421	1.72	5.68	0.04
19910422	0.0	5.19	0.04
19910423	0.0	8.61	0.03
19910424	0.21	8.77	0.03
19910425	0.0	7.89	0.03
19910426	0.02	7.8	0.03
19910427	0.03	6.06	0.03
19910428	0.01	7.89	0.03
19910429	27.46	8.24	0.04
19910430	2.37	6.63	0.25
19910501	0.84	5.39	0.19
19910502	0.05	6.6	0.1
19910503	7.08	7.48	0.08
19910504	0.03	7.95	0.1
19910505	0.0	6.87	0.1
19910506	0.54	7.08	0.08
19910507	0.1	8.17	0.07
19910508	0.0	6.19	0.06
19910509	0.0	8.66	0.05
19910510	0.0	11.16	0.04
19910511	0.0	9.96	0.04
19910512	0.0	14.25	0.04
19910513	0.03	12.84	0.04
19910514	0.0	8.94	0.04
19910515	1.1	10.5	0.03
19910516	5.22	9.13	0.04
19910517	0.32	9.06	0.04
19910518	0.03	12.15	0.04
19910519	0.0	13.47	0.04
19910520	0.0	16.45	0.04
19910521	0.0	16.62	0.03
19910522	0.0	13.83	0.03
19910523	0.02	12.32	0.02
19910524	0.0	12.55	0.02
19910525	0.0	14.96	0.02
19910526	0.0	12.51	0.02
19910527	0.0	12.95	0.02
19910528	0.0	9.78	0.02
19910529	0.11	10.14	0.02
19910530	0.0	10.0	0.02
19910531	0.0	9.22	0.02
19910601	0.0	7.61	0.02
19910602	0.31	9.49	0.02
19910603	0.83	6.93	0.02
19910604	1.02	7.5	0.02
19910605	6.5	12.23	0.02
19910606	1.16	12.85	0.03
19910607	2.42	10.77	0.04
19910608	1.75	12.58	0.04
19910609	7.52	14.43	0.04
19910610	0.97	11.58	0.05
19910611	1.94	13.41	0.04
19910612	1.17	14.13	0.04
19910613	1.71	12.66	0.03
19910614	2.93	13.26	0.03
19910615	8.29	10.45	0.04
19910616	5.84	11.29	0.06
19910617	0.11	10.58	0.09
19910618	2.35	10.83	0.06
19910619	3.68	10.45	0.04
19910620	0.32	13.19	0.04
19910621	1.59	15.3	0.03
19910622	1.91	13.36	0.03
19910623	13.75	12.65	0.04
19910624	6.41	14.65	0.11
19910625	2.9	14.52	0.11
19910626	1.71	14.41	0.09
19910627	1.88	13.41	0.08
19910628	1.43	12.94	0.06
19910629	0.12	16.39	0.05
19910630	0.86	16.83	0.04
19910701	0.02	15.38	0.03
19910702	9.38	17.37	0.03
19910703	0.08	17.66	0.04
19910704	0.01	19.35	0.05
19910705	0.89	20.52	0.04
19910706	0.08	18.09	0.03
19910707	0.23	20.01	0.03
19910708	0.09	17.03	0.02
19910709	0.0	16.53	0.02
19910710	0.0	19.21	0.02
19910711	2.2	19.2	0.02
19910712	0.03	16.15	0.02
19910713	0.02	16.14	0.02
19910714	0.03	18.28	0.02
19910715	0.01	15.73	0.02
19910716	5.46	15.28	0.02
19910717	8.71	16.42	0.02
19910718	1.64	18.01	0.03
19910719	0.0	16.62	0.04
19910720	0.0	16.39	0.03
19910721	0.0	16.18	0.02
19910722	0.05	18.74	0.02
19910723	1.03	18.53	0.02
19910724	11.41	15.15	0.02
19910725	0.02	16.39	0.05
19910726	0.04	17.64	0.05
19910727	0.0	17.82	0.03
19910728	0.0	18.69	0.02
19910729	0.0	21.54	0.02
19910730	23.94	18.37	0.02
19910731	0.12	17.37	0.07
19910801	5.05	18.33	0.09
19910802	0.05	18.07	0.06
19910803	0.0	18.14	0.04
19910804	0.0	19.0	0.03
19910805	0.27	19.56	0.02
19910806	0.32	17.89	0.02
19910807	3.5	15.42	0.02
19910808	0.01	16.01	0.02
19910809	0.0	19.87	0.02
19910810	0.01	20.8	0.02
19910811	0.03	15.4	0.02
19910812	0.0	16.56	0.02
19910813	0.0	18.43	0.02
19910814	0.0	18.42	0.02
19910815	0.02	18.76	0.02
19910816	0.27	18.34	0.02
19910817	0.0	15.2	0.02
19910818	0.0	13.42	0.02
19910819	0.03	17.35	0.02
19910820	0.0	18.31	0.02
19910821	0.05	21.85	0.02
19910822	1.34	18.36	0.01
19910823	5.04	15.04	0.01
19910824	0.0	16.45	0.01
19910825	0.0	17.35	0.02
19910826	0.0	17.58	0.02
19910827	0.04	19.15	0.01
19910828	0.0	14.49	0.01
19910829	0.03	15.26	0.01
19910830	0.0	17.2	0.01
19910831	0.0	19.01	0.01
19910901	0.0	20.86	0.01
19910902	0.0	20.81	0.01
19910903	0.0	18.82	0.01
19910904	0.0	17.74	0.02
19910905	0.0	18.39	0.02
19910906	0.0	11.85	0.01
19910907	0.0	14.16	0.02
19910908	0.0	15.49	0.02
19910909	0.0	15.91	0.01
19910910	0.0	18.06	0.01
19910911	0.06	12.24	0.01
19910912	0.0	13.66	0.01
19910913	0.0	18.17	0.01
19910914	1.69	18.67	0.01
19910915	0.51	15.4	0.01
19910916	0.54	16.22	0.02
19910917	0.01	16.28	0.01
19910918	0.17	12.33	0.01
19910919	0.0	11.01	0.02
19910920	0.0	13.17	0.02
19910921	5.81	16.97	0.02
19910922	0.03	14.22	0.02
19910923	0.83	16.41	0.02
19910924	1.28	13.34	0.02
19910925	0.13	12.47	0.02
19910926	25.0	11.62	0.02
19910927	8.77	8.12	0.04
19910928	17.94	12.05	0.08
19910929	3.7	9.99	0.09
19910930	0.62	11.29	0.09
19911001	0.03	12.15	0.07
19911002	0.0	14.07	0.04
19911003	0.57	11.16	0.04
19911004	0.04	11.38	0.03
19911005	1.28	7.87	0.03
19911006	0.0	10.18	0.03
19911007	0.02	10.81	0.03
19911008	0.04	11.05	0.03
19911009	0.17	14.24	0.03
19911010	0.04	15.58	0.02
19911011	0.03	15.31	0.02
19911012	0.03	11.41	0.02
19911013	0.03	10.99	0.02
19911014	0.04	9.86	0.02
19911015	0.35	10.87	0.02
19911016	2.01	11.42	0.02
19911017	1.28	8.03	0.02
19911018	0.01	5.72	0.02
19911019	0.0	5.72	0.02
19911020	0.03	3.92	0.02
19911021	0.03	5.94	0.02
19911022	0.0	6.11	0.02
19911023	0.0	8.35	0.02
19911024	0.96	8.77	0.02
19911025	0.92	9.17	0.02
19911026	0.01	7.88	0.02
19911027	0.01	9.04	0.02
19911028	0.04	11.4	0.02
19911029	8.27	11.37	0.02
19911030	0.18	8.69	0.02
19911031	10.27	11.7	0.03
19911101	0.98	12.38	0.04
19911102	5.08	9.83	0.05
19911103	3.55	5.52	0.04
19911104	9.26	5.64	0.05
19911105	0.13	3.01	0.07
19911106	0.41	7.68	0.06
19911107	3.74	11.05	0.05
19911108	0.3	6.86	0.04
19911109	0.03	3.72	0.04
19911110	3.74	5.93	0.04
19911111	0.06	4.56	0.04
19911112	3.83	5.79	0.04
19911113	0.19	3.61	0.04
19911114	0.02	4.47	0.04
19911115	0.02	4.96	0.04
19911116	0.04	2.79	0.04
19911117	1.91	4.95	0.03
19911118	21.18	8.32	0.03
19911119	4.45	4.63	0.2
19911120	0.02	1.99	0.33
19911121	0.14	3.59	0.17
19911122	0.0	8.33	0.1
19911123	0.03	6.81	0.07
19911124	0.0	6.3	0.06
19911125	0.16	7.19	0.05
19911126	0.02	8.94	0.04
19911127	0.01	9.36	0.04
19911128	0.0	9.91	0.04
19911129	0.03	8.16	0.04
19911130	0.0	6.62	0.04
19911201	0.0	7.13	0.04
19911202	0.0	6.82	0.04
19911203	0.0	6.24	0.03
19911204	0.0	5.65	0.03
19911205	0.01	2.16	0.03
19911206	0.03	0.58	0.03
19911207	0.03	-0.63	0.03
19911208	0.03	-0.73	0.03
19911209	0.03	-1.79	0.03
19911210	0.06	-3.13	0.03
19911211	0.03	-5.1	0.03
19911212	0.0	-4.84	0.03
19911213	0.0	-0.83	0.02
19911214	0.03	-2.44	0.03
19911215	0.62	1.92	0.03
19911216	1.18	6.19	0.03
19911217	6.7	6.87	0.04
19911218	2.68	8.04	0.05
19911219	0.49	7.27	0.05
19911220	2.4	5.5	0.05
19911221	0.67	11.51	0.05
19911222	0.06	12.11	0.06
19911223	0.59	7.63	0.05
19911224	0.03	2.66	0.05
19911225	0.08	4.07	0.04
19911226	0.0	6.09	0.04
19911227	0.0	4.35	0.04
19911228	0.0	4.96	0.04
19911229	0.0	5.89	0.04
19911230	0.0	5.64	0.03
19911231	0.0	6.4	0.03
19920101	0.0	8.72	0.03
19920102	0.0	9.74	0.03
19920103	3.11	7.52	0.03
19920104	5.8	7.14	0.04
19920105	0.01	10.26	0.06
19920106	0.0	8.05	0.06
19920107	1.61	8.2	0.06
19920108	31.98	7.33	0.06
19920109	16.65	2.33	6.5
19920110	0.0	0.88	2.45
19920111	0.0	-0.23	0.76
19920112	0.74	3.02	0.41
19920113	0.03	4.1	0.29
19920114	0.0	3.09	0.23
19920115	0.0	2.77	0.18
19920116	0.02	2.57	0.15
19920117	0.03	1.93	0.13
19920118	0.0	4.8	0.11
19920119	0.89	5.98	0.1
19920120	0.0	1.18	0.09
19920121	0.0	-2.45	0.08
19920122	0.0	-1.8	0.07
19920123	0.03	-0.95	0.07
19920124	0.0	-1.76	0.07
19920125	4.4	2.19	0.07
19920126	0.07	2.04	0.08
19920127	0.0	-0.16	0.07
19920128	0.03	-0.09	0.07
19920129	0.03	2.54	0.06
19920130	0.17	1.68	0.06
19920131	0.04	-0.91	0.06
19920201	0.05	-0.38	0.06
19920202	1.26	4.79	0.06
19920203	0.2	6.0	0.07
19920204	0.06	8.72	0.06
19920205	0.07	8.43	0.06
19920206	0.0	5.32	0.05
19920207	0.0	3.29	0.05
19920208	0.05	3.93	0.05
19920209	1.7	5.62	0.06
19920210	3.46	5.62	0.06
19920211	0.14	8.17	0.06
19920212	1.77	7.24	0.06
19920213	0.01	5.97	0.07
19920214	1.05	7.46	0.06
19920215	0.0	5.37	0.06
19920216	0.01	2.04	0.06
19920217	0.15	1.95	0.05
19920218	0.3	2.11	0.05
19920219	0.0	1.44	0.05
19920220	0.03	2.8	0.04
19920221	0.0	4.9	0.04
19920222	0.03	6.75	0.04
19920223	0.0	7.68	0.04
19920224	0.0	2.78	0.04
19920225	0.03	2.34	0.04
19920226	0.0	9.0	0.04
19920227	1.21	8.72	0.04
19920228	0.04	3.16	0.04
19920229	0.0	8.02	0.03
19920301	3.33	5.7	0.03
19920302	0.01	6.95	0.05
19920303	0.0	8.83	0.04
19920304	0.0	7.96	0.04
19920305	0.04	7.43	0.04
19920306	0.02	9.07	0.04
19920307	0.28	8.63	0.03
19920308	0.01	4.55	0.03
19920309	0.11	8.26	0.03
19920310	0.82	7.11	0.03
19920311	0.59	8.24	0.03
19920312	1.22	9.34	0.04
19920313	1.65	6.47	0.04
19920314	2.06	6.48	0.03
19920315	1.79	6.53	0.04
19920316	0.05	9.12	0.04
19920317	0.03	10.24	0.03
19920318	0.48	7.62	0.03
19920319	0.0	11.23	0.03
19920320	1.62	10.4	0.03
19920321	7.27	8.83	0.03
19920322	4.96	7.29	0.11
19920323	4.28	5.82	0.12
19920324	1.57	6.04	0.13
19920325	6.16	6.03	0.15
19920326	2.96	5.26	0.32
19920327	0.33	4.71	0.25
19920328	0.26	6.47	0.18
19920329	6.37	4.88	0.22
19920330	7.24	6.54	1.43
19920331	0.04	5.22	1.39
19920401	0.34	6.57	0.56
19920402	1.44	5.09	0.33
19920403	0.08	3.58	0.22
19920404	0.0	4.59	0.16
19920405	0.28	8.06	0.13
19920406	3.29	6.25	0.14
19920407	3.06	7.48	0.14
19920408	0.03	8.65	0.12
19920409	0.0	9.11	0.09
19920410	0.0	9.79	0.08
19920411	0.0	12.45	0.08
19920412	0.33	8.03	0.08
19920413	0.03	9.09	0.07
19920414	17.98	6.77	0.09
19920415	1.54	5.05	0.86
19920416	3.86	6.22	0.38
19920417	0.05	10.4	0.29
19920418	0.04	12.46	0.24
19920419	0.0	10.9	0.18
19920420	0.03	11.96	0.15
19920421	0.0	11.37	0.13
19920422	0.33	11.06	0.11
19920423	0.0	11.02	0.1
19920424	0.84	9.52	0.09
19920425	0.88	12.02	0.08
19920426	0.01	11.36	0.07
19920427	6.81	10.51	0.06
19920428	0.54	8.11	0.08
19920429	0.07	8.88	0.07
19920430	4.55	9.92	0.06
19920501	0.0	8.3	0.07
19920502	1.32	7.46	0.06
19920503	0.0	8.64	0.05
19920504	0.3	12.64	0.05
19920505	0.21	9.41	0.04
19920506	0.0	14.68	0.04
19920507	0.0	13.51	0.03
19920508	0.28	9.61	0.03
19920509	13.55	7.03	0.1
19920510	0.27	8.45	0.1
19920511	0.27	11.49	0.06
19920512	0.0	13.39	0.05
19920513	0.03	15.67	0.04
19920514	0.43	18.48	0.04
19920515	0.0	13.41	0.04
19920516	0.0	10.43	0.03
19920517	0.03	10.5	0.03
19920518	0.0	13.54	0.03
19920519	0.0	15.73	0.03
19920520	0.0	15.92	0.03
19920521	0.0	16.47	0.02
19920522	0.0	16.27	0.02
19920523	0.07	16.51	0.02
19920524	0.0	18.22	0.02
19920525	0.0	18.04	0.02
19920526	0.0	16.77	0.02
19920527	4.68	16.9	0.02
19920528	13.74	19.05	0.02
19920529	31.81	14.81	0.24
19920530	4.46	13.74	0.16
19920531	1.49	17.17	0.41
19920601	10.14	16.21	0.44
19920602	0.0	15.6	0.38
19920603	0.99	15.61	0.14
19920604	24.08	11.9	1.39
19920605	2.38	13.52	1.08
19920606	0.08	15.78	0.45
19920607	0.95	14.43	0.25
19920608	1.47	15.45	0.19
19920609	0.33	16.16	0.17
19920610	3.96	16.09	0.13
19920611	0.0	15.76	0.13
19920612	0.0	15.19	0.09
19920613	0.0	17.53	0.07
19920614	0.0	18.39	0.06
19920615	0.01	19.23	0.05
19920616	0.0	13.46	0.04
19920617	0.0	12.32	0.04
19920618	0.0	11.52	0.04
19920619	4.1	12.56	0.04
19920620	0.03	12.79	0.05
19920621	0.0	14.91	0.04
19920622	0.0	15.38	0.03
19920623	0.0	14.72	0.03
19920624	0.0	16.37	0.03
19920625	0.0	17.01	0.02
19920626	0.0	18.33	0.02
19920627	0.0	18.17	0.02
19920628	0.0	18.75	0.02
19920629	2.13	21.24	0.02
19920630	6.2	20.22	0.03
19920701	0.72	14.3	0.04
19920702	2.28	15.17	0.03
19920703	14.31	14.61	0.07
19920704	8.87	14.12	0.11
19920705	0.08	15.79	0.11
19920706	0.0	15.0	0.06
19920707	0.43	16.06	0.05
19920708	0.21	16.81	0.04
19920709	5.11	16.27	0.04
19920710	0.24	13.62	0.04
19920711	2.32	15.69	0.04
19920712	3.64	16.77	0.04
19920713	14.09	16.0	0.05
19920714	0.01	16.76	0.13
19920715	0.03	18.23	0.08
19920716	4.85	19.88	0.05
19920717	0.01	18.5	0.05
19920718	0.01	19.76	0.04
19920719	0.0	18.56	0.03
19920720	38.38	17.51	0.07
19920721	0.55	15.41	0.88
19920722	0.0	16.83	0.32
19920723	0.14	18.47	0.14
19920724	0.0	17.18	0.09
19920725	0.0	17.51	0.07
19920726	1.24	15.92	0.05
19920727	0.0	14.36	0.05
19920728	0.0	15.76	0.04
19920729	0.0	19.53	0.04
19920730	0.0	19.32	0.04
19920731	0.0	19.55	0.03
19920801	0.0	19.54	0.03
19920802	0.45	18.22	0.03
19920803	0.05	16.48	0.03
19920804	0.0	17.78	0.03
19920805	1.47	18.12	0.02
19920806	0.0	17.33	0.02
19920807	10.0	19.71	0.02
19920808	20.8	19.12	0.06
19920809	0.11	18.88	0.3
19920810	1.14	16.63	0.19
19920811	4.53	17.28	0.1
19920812	1.56	15.46	0.11
19920813	12.44	12.98	0.09
19920814	0.0	12.83	0.2
19920815	16.67	17.79	0.15
19920816	0.01	15.12	0.7
19920817	0.09	15.14	0.37
19920818	0.0	14.2	0.19
19920819	0.01	18.09	0.12
19920820	0.86	14.99	0.1
19920821	0.09	16.71	0.08
19920822	1.37	13.85	0.07
19920823	8.02	14.92	0.07
19920824	5.11	16.13	0.1
19920825	0.0	17.25	0.09
19920826	1.99	14.65	0.08
19920827	5.26	16.69	0.09
19920828	0.02	14.58	0.09
19920829	10.97	14.77	0.06
19920830	5.55	11.96	0.19
19920831	0.01	12.47	0.25
19920901	1.41	13.6	0.13
19920902	1.28	15.45	0.09
19920903	6.28	12.22	0.07
19920904	0.0	10.86	0.08
19920905	0.01	10.84	0.06
19920906	0.34	14.3	0.06
19920907	0.0	12.21	0.05
19920908	0.0	12.53	0.05
19920909	0.0	13.17	0.04
19920910	0.0	15.38	0.04
19920911	0.09	12.64	0.04
19920912	1.81	14.35	0.03
19920913	5.91	9.3	0.04
19920914	0.11	12.8	0.05
19920915	0.01	13.02	0.04
19920916	0.0	13.72	0.04
19920917	5.28	17.72	0.03
19920918	0.49	15.88	0.04
19920919	0.29	13.54	0.04
19920920	1.43	15.12	0.04
19920921	2.15	14.94	0.04
19920922	86.47	14.19	1.01
19920923	6.61	12.47	12.51
19920924	6.51	13.3	6.5
19920925	4.85	11.59	4.52
19920926	0.03	16.01	2.93
19920927	0.04	15.75	1.38
19920928	0.0	16.66	0.78
19920929	1.14	15.57	0.5
19920930	0.06	11.88	0.38
19921001	0.03	11.15	0.29
19921002	26.5	12.65	2.77
19921003	7.02	11.57	9.57
19921004	0.0	12.32	3.38
19921005	0.0	11.1	1.39
19921006	0.06	11.15	0.75
19921007	0.15	10.15	0.47
19921008	0.0	9.16	0.36
19921009	0.03	9.47	0.29
19921010	0.19	9.7	0.23
19921011	0.44	10.1	0.21
19921012	0.03	7.09	0.17
19921013	0.0	7.98	0.15
19921014	0.84	6.9	0.14
19921015	0.38	3.89	0.14
19921016	0.0	3.58	0.12
19921017	0.06	5.93	0.1
19921018	2.22	7.4	0.1
19921019	16.01	6.66	0.1
19921020	2.76	5.0	0.93
19921021	0.03	5.96	0.55
19921022	0.11	7.47	0.36
19921023	0.21	6.12	0.29
19921024	13.22	7.28	0.22
19921025	0.38	6.59	2.51
19921026	0.39	6.69	1.14
19921027	5.32	5.93	1.1
19921028	2.26	5.6	1.14
19921029	0.0	4.98	0.77
19921030	0.03	4.29	0.53
19921031	0.0	5.76	0.4
19921101	1.67	10.18	0.35
19921102	3.97	8.92	0.63
19921103	0.0	7.75	0.61
19921104	0.0	10.52	0.43
19921105	0.11	10.97	0.33
19921106	0.02	12.54	0.28
19921107	0.0	9.28	0.27
19921108	0.3	8.01	0.23
19921109	7.41	7.57	0.35
19921110	16.27	6.91	0.7
19921111	0.18	5.69	6.2
19921112	0.0	4.08	2.0
19921113	0.03	1.76	0.94
19921114	5.57	3.16	0.65
19921115	0.85	5.29	1.07
19921116	6.05	4.33	2.26
19921117	0.75	3.34	1.78
19921118	0.46	7.48	1.04
19921119	0.0	4.75	0.68
19921120	0.01	4.19	0.49
19921121	6.98	7.68	0.55
19921122	1.97	12.21	2.18
19921123	0.05	8.08	1.61
19921124	7.43	8.6	1.01
19921125	11.03	7.13	3.63
19921126	0.04	5.62	4.48
19921127	9.75	6.08	3.94
19921128	0.61	4.25	3.5
19921129	0.78	9.4	1.7
19921130	6.61	9.02	2.83
19921201	1.91	9.64	2.38
19921202	3.42	8.27	1.76
19921203	1.24	3.46	1.49
19921204	0.04	2.32	1.03
19921205	0.04	2.39	0.64
19921206	14.76	4.04	2.06
19921207	0.39	6.09	6.38
19921208	0.0	5.11	1.97
19921209	0.01	4.14	1.06
19921210	0.97	4.47	0.73
19921211	1.76	7.51	0.69
19921212	0.0	4.49	0.63
19921213	0.0	7.23	0.53
19921214	0.0	8.54	0.46
19921215	0.01	7.48	0.43
19921216	3.81	3.56	0.41
19921217	0.73	3.78	0.41
19921218	7.33	6.22	2.6
19921219	0.0	1.93	1.72
19921220	0.0	0.12	0.91
19921221	0.0	-0.22	0.6
19921222	0.0	-0.57	0.43
19921223	0.0	-1.65	0.36
19921224	0.04	-2.33	0.3
19921225	0.13	0.43	0.27
19921226	0.03	2.11	0.24
19921227	0.0	2.56	0.25
19921228	0.0	-0.71	0.26
19921229	0.03	-2.63	0.26
19921230	0.03	-2.03	0.24
19921231	0.0	-0.28	0.21
19930101	0.03	-0.58	0.17
19930102	0.0	-5.18	0.16
19930103	2.32	-3.01	0.15
19930104	1.09	4.25	0.19
19930105	4.93	8.14	0.6
19930106	5.54	5.43	2.06
19930107	0.72	5.81	2.04
19930108	0.03	6.08	1.14
19930109	9.94	9.23	0.92
19930110	7.69	8.68	6.0
19930111	1.95	5.05	4.32
19930112	1.73	4.43	1.68
19930113	15.75	7.55	6.13
19930114	1.02	7.71	4.1
19930115	0.49	10.16	1.94
19930116	0.44	11.25	1.13
19930117	0.0	5.75	0.74
19930118	0.15	5.05	0.52
19930119	0.01	7.41	0.45
19930120	0.18	9.07	0.39
19930121	0.05	9.65	0.33
19930122	2.25	5.96	0.31
19930123	2.53	8.36	0.33
19930124	0.45	5.7	0.34
19930125	0.0	1.21	0.25
19930126	2.76	4.97	0.25
19930127	1.44	6.09	0.27
19930128	0.21	7.89	0.33
19930129	0.4	5.21	0.3
19930130	0.18	5.14	0.28
19930131	0.02	5.57	0.25
19930201	0.03	2.79	0.23
19930202	0.05	5.28	0.22
19930203	0.0	3.76	0.2
19930204	0.0	1.74	0.2
19930205	0.0	3.06	0.19
19930206	0.03	7.4	0.17
19930207	0.22	8.23	0.16
19930208	0.91	7.34	0.16
19930209	0.39	4.81	0.17
19930210	0.04	3.15	0.18
19930211	0.01	2.07	0.17
19930212	0.09	2.16	0.15
19930213	0.03	2.68	0.14
19930214	0.0	1.59	0.15
19930215	0.13	3.82	0.14
19930216	0.57	6.33	0.13
19930217	0.0	8.4	0.14
19930218	0.0	6.6	0.14
19930219	0.0	5.05	0.14
19930220	0.0	5.36	0.12
19930221	0.0	2.87	0.12
19930222	0.0	2.21	0.1
19930223	0.0	3.56	0.1
19930224	0.0	5.47	0.09
19930225	1.88	5.41	0.1
19930226	4.16	1.94	0.14
19930227	0.15	0.42	0.12
19930228	2.75	0.57	0.1
19930301	0.17	2.22	0.12
19930302	0.01	2.1	0.14
19930303	0.0	2.18	0.11
19930304	0.0	1.82	0.1
19930305	0.0	6.37	0.1
19930306	0.0	6.53	0.1
19930307	0.0	5.6	0.1
19930308	0.0	4.03	0.09
19930309	0.0	3.67	0.09
19930310	0.02	7.26	0.09
19930311	0.0	8.06	0.08
19930312	0.01	9.48	0.08
19930313	0.0	10.82	0.09
19930314	1.21	10.29	0.08
19930315	0.63	13.0	0.08
19930316	0.11	9.79	0.08
19930317	0.0	12.58	0.08
19930318	0.02	6.95	0.07
19930319	0.0	5.72	0.07
19930320	0.6	8.73	0.07
19930321	7.66	9.36	0.09
19930322	0.4	7.18	0.14
19930323	0.01	5.61	0.09
19930324	0.0	5.42	0.08
19930325	0.0	2.65	0.08
19930326	0.0	2.89	0.06
19930327	0.0	3.9	0.06
19930328	0.0	5.71	0.06
19930329	0.0	9.11	0.06
19930330	2.21	7.59	0.06
19930331	5.36	7.95	0.09
19930401	19.81	3.98	3.07
19930402	0.03	5.77	1.89
19930403	7.56	6.15	1.08
19930404	2.94	7.64	1.38
19930405	0.96	9.77	0.96
19930406	0.68	8.29	0.54
19930407	0.21	8.61	0.35
19930408	2.99	8.83	0.28
19930409	17.69	6.37	5.22
19930410	1.33	9.22	3.79
19930411	0.89	7.67	1.33
19930412	2.09	8.7	0.85
19930413	0.0	6.81	0.8
19930414	0.0	6.66	0.46
19930415	0.0	8.86	0.34
19930416	0.0	12.15	0.28
19930417	0.9	12.1	0.25
19930418	0.24	11.67	0.22
19930419	0.0	11.96	0.18
19930420	0.0	13.78	0.17
19930421	0.0	9.98	0.15
19930422	0.0	12.03	0.14
19930423	4.94	11.27	0.15
19930424	12.44	11.02	0.16
19930425	0.5	10.15	0.78
19930426	3.98	8.27	0.52
19930427	0.02	10.71	0.46
19930428	0.0	9.98	0.33
19930429	0.0	12.15	0.25
19930430	0.0	13.04	0.21
19930501	0.06	12.39	0.18
19930502	0.73	8.1	0.14
19930503	0.01	6.99	0.12
19930504	0.0	7.54	0.1
19930505	0.0	8.18	0.09
19930506	0.0	8.07	0.09
19930507	0.0	9.24	0.08
19930508	0.57	10.98	0.08
19930509	5.17	11.93	0.09
19930510	0.07	14.43	0.1
19930511	0.19	15.43	0.08
19930512	0.05	12.07	0.07
19930513	0.0	10.75	0.07
19930514	0.11	9.2	0.07
19930515	0.01	9.19	0.06
19930516	0.04	14.54	0.05
19930517	4.09	14.68	0.06
19930518	0.0	12.7	0.06
19930519	0.04	12.28	0.04
19930520	12.39	9.66	0.08
19930521	0.03	9.82	0.1
19930522	0.03	13.51	0.06
19930523	0.0	16.02	0.05
19930524	0.0	16.45	0.04
19930525	0.01	13.83	0.04
19930526	16.06	12.64	0.05
19930527	8.18	9.03	0.32
19930528	0.39	11.59	0.32
19930529	2.96	15.38	0.17
19930530	0.16	12.17	0.12
19930531	0.0	13.92	0.08
19930601	0.86	14.07	0.07
19930602	1.08	15.67	0.06
19930603	0.0	12.21	0.05
19930604	0.0	15.02	0.05
19930605	0.0	15.56	0.04
19930606	0.0	17.2	0.04
19930607	0.0	17.0	0.04
19930608	0.0	19.26	0.04
19930609	2.08	19.78	0.04
19930610	15.28	19.54	0.04
19930611	15.28	15.72	0.7
19930612	1.78	12.98	0.82
19930613	5.83	12.77	0.27
19930614	7.05	10.33	0.52
19930615	3.26	15.67	0.42
19930616	5.61	13.39	0.32
19930617	4.37	16.12	0.29
19930618	0.52	15.18	0.22
19930619	0.32	13.26	0.15
19930620	0.0	12.43	0.11
19930621	0.0	13.26	0.09
19930622	0.03	13.73	0.08
19930623	0.03	11.7	0.07
19930624	0.0	13.29	0.06
19930625	0.1	15.6	0.05
19930626	0.04	16.46	0.05
19930627	0.0	15.18	0.04
19930628	0.0	14.4	0.04
19930629	0.0	16.17	0.03
19930630	0.0	17.16	0.03
19930701	0.0	14.03	0.03
19930702	0.0	18.52	0.03
19930703	0.0	20.05	0.03
19930704	0.0	18.9	0.03
19930705	0.0	12.76	0.03
19930706	0.0	15.06	0.02
19930707	0.0	15.38	0.02
19930708	14.47	16.5	0.02
19930709	9.7	9.82	0.14
19930710	1.09	10.92	0.11
19930711	0.22	11.64	0.06
19930712	0.37	11.07	0.04
19930713	8.39	15.4	0.04
19930714	2.55	17.56	0.08
19930715	1.01	18.61	0.08
19930716	2.35	17.58	0.06
19930717	0.0	14.0	0.05
19930718	3.1	14.7	0.04
19930719	1.19	15.78	0.05
19930720	1.93	13.59	0.04
19930721	0.0	13.51	0.06
19930722	0.0	18.16	0.04
19930723	4.89	19.82	0.04
19930724	3.7	13.82	0.06
19930725	2.05	13.58	0.05
19930726	2.82	15.5	0.04
19930727	0.73	17.63	0.04
19930728	1.39	19.81	0.04
19930729	0.31	16.46	0.03
19930730	0.01	15.71	0.03
19930731	0.0	14.28	0.03
19930801	0.0	16.59	0.02
19930802	0.19	16.45	0.03
19930803	0.0	15.77	0.02
19930804	6.11	15.95	0.02
19930805	0.0	13.49	0.04
19930806	0.0	16.03	0.03
19930807	0.02	17.58	0.03
19930808	0.01	16.42	0.03
19930809	1.82	16.46	0.03
19930810	0.59	13.86	0.03
19930811	6.63	16.41	0.03
19930812	4.05	12.21	0.04
19930813	0.0	13.75	0.03
19930814	0.03	19.04	0.02
19930815	0.32	15.15	0.02
19930816	0.03	14.11	0.02
19930817	0.0	15.17	0.02
19930818	0.0	15.96	0.02
19930819	0.0	20.19	0.02
19930820	0.0	18.07	0.02
19930821	16.59	15.97	0.02
19930822	0.72	10.45	0.07
19930823	0.0	11.39	0.04
19930824	0.0	11.31	0.03
19930825	0.25	12.02	0.03
19930826	0.0	11.52	0.03
19930827	0.0	11.45	0.03
19930828	0.0	13.06	0.02
19930829	0.0	17.79	0.02
19930830	0.0	14.08	0.02
19930831	0.0	13.77	0.02
19930901	0.0	17.74	0.02
19930902	0.0	14.8	0.02
19930903	1.8	11.28	0.02
19930904	0.0	11.35	0.03
19930905	0.0	11.4	0.02
19930906	0.0	12.43	0.02
19930907	8.96	17.44	0.02
19930908	4.79	17.12	0.04
19930909	0.72	16.78	0.04
19930910	0.01	12.48	0.04
19930911	0.0	12.39	0.03
19930912	12.12	13.76	0.03
19930913	2.36	13.52	0.08
19930914	2.03	11.48	0.07
19930915	1.01	12.29	0.05
19930916	19.1	10.47	0.08
19930917	0.06	9.05	0.3
19930918	0.0	10.82	0.18
19930919	0.38	15.88	0.09
19930920	7.68	14.47	0.07
19930921	0.2	13.55	0.09
19930922	0.26	12.23	0.08
19930923	0.08	11.21	0.07
19930924	0.06	11.29	0.06
19930925	0.15	9.83	0.05
19930926	0.83	10.2	0.05
19930927	9.2	8.42	0.05
19930928	0.3	9.23	0.09
19930929	1.74	9.82	0.09
19930930	16.25	11.05	0.19
19931001	8.15	11.08	1.09
19931002	3.32	10.35	1.21
19931003	3.43	12.11	0.71
19931004	1.07	12.35	0.43
19931005	7.64	12.48	0.52
19931006	10.63	12.45	1.98
19931007	0.62	9.93	2.35
19931008	0.08	11.94	0.68
19931009	0.4	11.09	0.37
19931010	4.98	12.56	0.25
19931011	4.54	13.55	0.31
19931012	27.72	10.87	1.07
19931013	5.43	7.1	10.88
19931014	0.06	4.88	3.78
19931015	0.03	3.3	1.18
19931016	0.0	2.14	0.6
19931017	0.03	4.9	0.38
19931018	0.03	4.94	0.28
19931019	0.0	4.26	0.23
19931020	0.23	6.37	0.21
19931021	0.01	6.51	0.18
19931022	0.05	7.55	0.14
19931023	0.02	7.09	0.13
19931024	0.01	7.45	0.15
19931025	1.01	8.09	0.12
19931026	0.96	8.71	0.11
19931027	0.72	8.09	0.1
19931028	0.06	8.75	0.1
19931029	0.0	8.39	0.09
19931030	0.0	8.07	0.08
19931031	0.0	7.37	0.08
19931101	0.0	6.24	0.08
19931102	0.11	6.7	0.08
19931103	0.01	10.67	0.08
19931104	0.04	11.21	0.07
19931105	0.0	10.35	0.07
19931106	0.12	8.14	0.07
19931107	0.88	7.5	0.07
19931108	0.03	5.77	0.07
19931109	7.62	8.13	0.07
19931110	8.74	6.7	0.99
19931111	0.09	5.3	0.98
19931112	9.96	6.5	0.45
19931113	22.29	8.11	6.57
19931114	0.68	3.7	10.32
19931115	0.0	4.06	2.65
19931116	0.03	3.77	1.21
19931117	0.0	1.58	0.76
19931118	0.0	0.76	0.52
19931119	0.02	0.99	0.4
19931120	0.75	1.08	0.34
19931121	0.37	-0.85	0.3
19931122	0.04	-1.0	0.25
19931123	0.03	-2.04	0.23
19931124	1.95	1.46	0.21
19931125	0.01	5.7	0.2
19931126	0.03	4.14	0.19
19931127	0.0	3.21	0.19
19931128	0.0	-0.5	0.19
19931129	7.17	2.05	0.2
19931130	0.9	5.73	0.79
19931201	0.16	7.07	0.73
19931202	0.03	10.93	0.55
19931203	0.79	10.65	0.46
19931204	0.79	6.8	0.44
19931205	0.0	7.23	0.39
19931206	1.07	7.05	0.36
19931207	7.0	4.05	0.37
19931208	5.68	7.77	3.52
19931209	0.12	6.49	2.31
19931210	0.12	5.04	1.04
19931211	0.08	3.39	0.6
19931212	15.5	5.9	5.9
19931213	5.27	3.4	5.08
19931214	5.33	2.54	2.67
19931215	0.16	4.69	3.52
19931216	0.22	5.04	1.51
19931217	0.12	7.22	0.88
19931218	5.16	11.81	0.79
19931219	3.19	8.89	1.61
19931220	11.59	2.31	5.22
19931221	0.32	2.9	6.19
19931222	6.0	4.67	3.44
19931223	2.8	3.8	2.83
19931224	0.12	1.55	1.95
19931225	0.02	0.59	1.14
19931226	0.01	0.96	0.74
19931227	2.06	0.44	0.57
19931228	8.01	4.23	1.11
19931229	1.63	7.11	4.67
19931230	2.77	5.2	2.31
19931231	0.06	2.69	2.03
19940101	7.02	3.94	1.63
19940102	0.08	5.83	3.49
19940103	5.29	4.45	2.96
19940104	6.0	3.76	2.76
19940105	8.78	3.58	5.77
19940106	6.51	0.83	6.25
19940107	0.23	1.83	3.42
19940108	1.15	3.35	1.78
19940109	7.69	6.9	2.04
19940110	0.05	5.99	4.18
19940111	4.65	6.58	2.18
19940112	5.07	9.38	3.8
19940113	1.15	7.37	3.55
19940114	0.43	5.12	1.76
19940115	1.81	3.12	1.16
19940116	0.03	1.54	0.86
19940117	0.0	0.72	0.61
19940118	1.81	3.77	0.55
19940119	0.0	3.02	0.5
19940120	0.04	6.06	0.43
19940121	0.21	7.86	0.4
19940122	1.24	7.56	0.37
19940123	0.03	6.24	0.38
19940124	0.25	7.33	0.35
19940125	4.91	7.74	0.47
19940126	0.03	8.0	0.54
19940127	1.42	6.97	0.49
19940128	0.73	3.0	0.33
19940129	0.71	7.89	0.3
19940130	0.08	4.65	0.3
19940131	0.01	5.09	0.26
19940201	2.71	4.1	0.34
19940202	0.58	2.18	0.32
19940203	8.5	5.86	2.51
19940204	0.05	5.0	1.53
19940205	0.06	4.68	0.81
19940206	3.98	5.57	0.66
19940207	0.02	3.64	0.93
19940208	0.33	4.39	0.65
19940209	0.02	5.02	0.5
19940210	1.72	4.23	0.41
19940211	1.47	2.37	0.56
19940212	0.02	2.71	0.53
19940213	0.0	-0.95	0.43
19940214	2.4	-1.71	0.37
19940215	0.53	1.1	0.34
19940216	0.1	3.56	0.31
19940217	0.01	2.48	0.38
19940218	0.0	0.97	0.35
19940219	0.03	1.93	0.3
19940220	0.02	-1.52	0.28
19940221	0.0	-0.89	0.24
19940222	7.15	-0.61	0.23
19940223	5.25	0.63	0.74
19940224	0.03	1.16	2.85
19940225	5.93	5.11	2.57
19940226	1.09	8.23	3.61
19940227	0.0	8.61	1.85
19940228	0.06	7.86	0.98
19940301	2.33	5.26	0.64
19940302	0.21	7.92	0.57
19940303	0.3	6.81	0.47
19940304	0.02	7.92	0.38
19940305	0.32	8.24	0.37
19940306	0.03	8.02	0.29
19940307	0.26	11.64	0.28
19940308	0.04	11.55	0.26
19940309	1.57	6.47	0.24
19940310	0.0	6.34	0.2
19940311	0.08	5.06	0.2
19940312	0.63	7.44	0.2
19940313	0.03	8.85	0.19
19940314	7.57	11.3	0.15
19940315	3.18	6.43	0.43
19940316	0.55	5.61	0.35
19940317	1.32	6.17	0.25
19940318	5.21	6.01	0.28
19940319	0.02	4.55	0.41
19940320	0.0	5.39	0.3
19940321	2.84	5.05	0.25
19940322	0.85	9.9	0.26
19940323	0.59	10.09	0.26
19940324	0.71	9.95	0.22
19940325	0.97	7.49	0.22
19940326	0.0	4.51	0.17
19940327	2.46	7.51	0.16
19940328	2.1	10.7	0.19
19940329	0.0	9.22	0.16
19940330	3.66	10.28	0.16
19940331	8.1	8.29	0.25
19940401	1.16	5.77	0.59
19940402	0.27	4.17	0.32
19940403	6.3	7.11	0.28
19940404	6.21	4.16	2.3
19940405	0.35	5.42	1.1
19940406	2.78	7.1	0.56
19940407	1.28	6.22	0.48
19940408	6.21	4.81	0.78
19940409	5.19	4.43	1.09
19940410	0.03	5.37	1.32
19940411	0.0	7.06	0.69
19940412	10.93	7.24	1.06
19940413	0.07	6.12	2.67
19940414	3.4	5.17	1.1
19940415	1.58	6.22	0.73
19940416	0.1	6.04	0.53
19940417	0.0	5.8	0.42
19940418	0.0	6.34	0.34
19940419	0.0	8.25	0.31
19940420	0.24	8.58	0.27
19940421	0.18	8.99	0.23
19940422	4.96	12.44	0.2
19940423	1.22	12.13	0.26
19940424	0.0	9.74	0.21
19940425	0.01	11.6	0.17
19940426	0.49	14.79	0.15
19940427	0.0	15.57	0.13
19940428	0.0	13.68	0.11
19940429	0.0	15.69	0.11
19940430	0.0	10.6	0.1
19940501	0.0	10.44	0.09
19940502	0.0	10.03	0.08
19940503	0.0	13.63	0.09
19940504	2.93	10.15	0.1
19940505	2.0	10.93	0.09
19940506	0.98	12.75	0.08
19940507	6.29	9.24	0.1
19940508	0.04	10.05	0.12
19940509	2.37	10.69	0.09
19940510	0.0	11.4	0.08
19940511	0.0	13.41	0.07
19940512	0.97	12.84	0.07
19940513	0.0	14.37	0.07
19940514	8.54	15.53	0.07
19940515	0.03	13.28	0.12
19940516	0.33	9.24	0.08
19940517	0.87	6.96	0.07
19940518	0.0	7.46	0.06
19940519	0.03	9.1	0.05
19940520	4.57	11.78	0.06
19940521	15.32	11.72	0.25
19940522	1.83	11.63	0.68
19940523	1.79	11.01	0.35
19940524	0.93	10.07	0.23
19940525	3.26	10.58	0.17
19940526	0.03	7.74	0.17
19940527	0.05	7.86	0.15
19940528	0.0	7.12	0.12
19940529	0.37	8.01	0.1
19940530	0.0	11.5	0.09
19940531	0.0	13.37	0.08
19940601	0.0	17.38	0.08
19940602	2.7	14.84	0.08
19940603	4.23	12.13	0.09
19940604	6.08	8.9	0.11
19940605	0.29	13.49	0.14
19940606	0.04	16.77	0.1
19940607	0.33	15.58	0.08
19940608	0.12	10.55	0.07
19940609	1.77	11.52	0.06
19940610	0.0	10.4	0.06
19940611	0.0	12.89	0.05
19940612	0.0	13.45	0.04
19940613	0.0	15.51	0.04
19940614	0.0	14.05	0.04
19940615	0.0	16.18	0.04
19940616	0.0	14.75	0.03
19940617	0.0	17.49	0.03
19940618	0.0	15.92	0.03
19940619	0.0	16.51	0.03
19940620	0.98	15.18	0.03
19940621	1.28	15.53	0.03
19940622	0.0	13.17	0.03
19940623	0.0	16.72	0.03
19940624	3.9	20.83	0.03
19940625	0.0	16.25	0.04
19940626	0.0	16.62	0.04
19940627	0.0	17.76	0.03
19940628	3.33	20.71	0.02
19940629	0.0	14.35	0.03
19940630	0.0	15.18	0.02
19940701	0.02	19.6	0.02
19940702	0.0	19.74	0.02
19940703	0.09	21.34	0.02
19940704	0.04	17.56	0.02
19940705	0.32	15.91	0.02
19940706	1.04	15.47	0.02
19940707	0.0	15.67	0.03
19940708	0.0	17.03	0.03
19940709	0.0	17.55	0.02
19940710	0.0	17.94	0.02
19940711	0.0	21.37	0.02
19940712	0.02	23.78	0.02
19940713	0.0	18.35	0.02
19940714	0.02	18.85	0.02
19940715	0.26	16.36	0.02
19940716	0.0	16.15	0.02
19940717	0.0	15.8	0.02
19940718	0.0	17.04	0.02
19940719	0.0	18.33	0.02
19940720	0.0	19.59	0.02
19940721	0.0	21.42	0.02
19940722	0.0	18.39	0.02
19940723	0.1	20.54	0.02
19940724	1.84	22.71	0.02
19940725	0.0	22.65	0.02
19940726	0.0	20.5	0.02
19940727	0.37	19.82	0.01
19940728	4.31	14.26	0.01
19940729	0.0	19.57	0.01
19940730	1.36	23.64	0.01
19940731	2.73	20.15	0.02
19940801	0.0	17.97	0.02
19940802	0.9	19.49	0.02
19940803	1.73	23.15	0.02
19940804	0.42	20.32	0.02
19940805	0.0	19.8	0.02
19940806	0.02	18.95	0.02
19940807	0.0	17.49	0.01
19940808	0.0	15.82	0.01
19940809	0.07	18.0	0.02
19940810	12.68	16.21	0.02
19940811	0.81	15.21	0.04
19940812	0.0	14.59	0.04
19940813	0.0	13.31	0.03
19940814	0.0	13.3	0.02
19940815	0.0	15.94	0.02
19940816	5.0	17.6	0.03
19940817	3.02	13.51	0.03
19940818	0.04	17.29	0.04
19940819	0.0	15.5	0.03
19940820	0.0	15.95	0.02
19940821	0.0	18.21	0.02
19940822	0.0	19.17	0.02
19940823	0.27	16.65	0.02
19940824	0.25	16.29	0.02
19940825	0.15	16.4	0.02
19940826	0.17	18.61	0.02
19940827	0.0	15.05	0.02
19940828	0.0	14.31	0.02
19940829	0.0	14.88	0.02
19940830	0.11	14.65	0.01
19940831	8.7	15.01	0.02
19940901	3.68	12.43	0.03
19940902	0.0	14.09	0.04
19940903	2.38	16.54	0.03
19940904	0.12	15.25	0.02
19940905	0.0	12.94	0.02
19940906	0.04	12.39	0.02
19940907	4.26	14.85	0.02
19940908	0.28	12.47	0.02
19940909	0.08	13.5	0.02
19940910	1.23	12.1	0.02
19940911	1.37	14.56	0.01
19940912	2.37	12.85	0.02
19940913	0.09	14.28	0.02
19940914	40.41	11.98	0.03
19940915	8.92	10.36	0.21
19940916	0.0	9.89	0.34
19940917	0.0	11.22	0.17
19940918	0.83	11.01	0.08
19940919	10.36	11.3	0.05
19940920	8.43	11.81	0.14
19940921	0.06	14.41	0.25
19940922	0.0	13.7	0.18
19940923	0.04	15.34	0.09
19940924	6.26	15.2	0.06
19940925	0.01	13.9	0.06
19940926	0.0	11.92	0.05
19940927	0.0	11.97	0.04
19940928	0.0	14.26	0.04
19940929	0.0	13.37	0.03
19940930	1.45	12.81	0.03
19941001	4.41	13.12	0.04
19941002	5.09	12.62	0.06
19941003	1.1	4.98	0.07
19941004	0.0	6.35	0.06
19941005	0.0	8.59	0.05
19941006	0.0	9.99	0.05
19941007	0.0	11.54	0.04
19941008	0.03	9.53	0.04
19941009	0.03	8.59	0.04
19941010	0.03	11.11	0.04
19941011	0.03	10.6	0.04
19941012	0.0	8.09	0.04
19941013	0.03	10.93	0.04
19941014	0.03	9.35	0.04
19941015	0.39	9.16	0.04
19941016	0.0	8.48	0.04
19941017	0.0	6.75	0.03
19941018	0.0	8.79	0.03
19941019	2.95	12.48	0.03
19941020	1.16	11.29	0.03
19941021	3.56	13.75	0.04
19941022	5.48	12.46	0.05
19941023	0.02	10.22	0.07
19941024	4.42	10.42	0.05
19941025	0.59	9.16	0.05
19941026	0.49	7.79	0.05
19941027	0.06	7.47	0.04
19941028	17.54	8.43	0.04
19941029	9.48	11.23	0.56
19941030	10.74	13.49	1.33
19941031	0.03	10.46	1.5
19941101	0.0	6.73	0.43
19941102	0.08	8.83	0.22
19941103	1.31	13.7	0.15
19941104	12.43	12.49	0.13
19941105	2.03	9.32	1.28
19941106	0.07	8.95	0.62
19941107	0.03	9.59	0.34
19941108	2.28	11.19	0.23
19941109	8.07	10.48	0.36
19941110	0.14	10.37	1.17
19941111	1.51	10.24	0.5
19941112	2.07	9.37	0.38
19941113	0.38	12.47	0.48
19941114	0.11	12.51	0.36
19941115	0.0	9.19	0.25
19941116	0.03	7.89	0.18
19941117	0.0	8.58	0.14
19941118	2.98	11.98	0.13
19941119	0.02	14.83	0.13
19941120	1.05	10.25	0.12
19941121	0.07	7.17	0.1
19941122	0.0	10.05	0.09
19941123	0.0	11.66	0.09
19941124	0.03	8.38	0.08
19941125	0.0	10.99	0.07
19941126	0.0	11.05	0.07
19941127	0.0	7.05	0.07
19941128	0.0	3.83	0.06
19941129	0.0	4.77	0.06
19941130	0.0	6.5	0.06
19941201	0.0	6.98	0.06
19941202	0.05	7.87	0.06
19941203	7.77	9.37	0.07
19941204	0.2	7.57	0.14
19941205	9.54	6.84	0.66
19941206	3.04	7.41	1.09
19941207	6.07	7.94	0.68
19941208	4.71	6.5	3.56
19941209	0.04	6.27	1.34
19941210	0.0	12.18	0.61
19941211	0.0	12.83	0.4
19941212	1.33	11.97	0.31
19941213	6.32	5.68	0.36
19941214	0.03	-0.05	0.68
19941215	0.19	2.31	0.46
19941216	0.05	3.89	0.34
19941217	13.49	9.29	0.3
19941218	0.01	5.43	4.82
19941219	0.0	2.99	1.5
19941220	0.19	2.64	0.7
19941221	0.01	0.95	0.46
19941222	0.07	-0.29	0.33
19941223	0.03	-4.08	0.26
19941224	1.61	0.28	0.24
19941225	1.37	5.56	0.27
19941226	3.9	7.23	0.4
19941227	3.02	10.34	1.58
19941228	2.49	11.81	1.49
19941229	1.27	7.78	1.34
19941230	0.61	5.26	0.89
19941231	2.79	1.63	0.62
19950101	0.45	0.22	0.62
19950102	0.0	-2.03	0.4
19950103	0.03	-1.54	0.31
19950104	2.85	2.78	0.28
19950105	2.45	2.97	0.8
19950106	0.04	3.23	1.05
19950107	0.03	5.05	0.62
19950108	2.67	5.51	0.63
19950109	0.1	7.37	0.72
19950110	3.38	5.77	0.59
19950111	0.0	1.71	0.79
19950112	0.0	2.0	0.51
19950113	0.05	4.84	0.4
19950114	0.21	7.62	0.37
19950115	0.04	9.22	0.31
19950116	2.01	7.1	0.31
19950117	11.6	6.44	1.64
19950118	0.04	3.88	3.05
19950119	14.72	5.16	2.86
19950120	0.03	4.93	6.32
19950121	9.29	6.02	5.29
19950122	4.62	4.2	5.3
19950123	0.11	5.9	3.16
19950124	0.9	4.84	1.41
19950125	11.56	6.73	1.84
19950126	1.94	1.05	5.22
19950127	10.08	4.88	6.25
19950128	3.19	7.65	3.65
19950129	2.75	5.05	3.68
19950130	1.52	4.13	2.06
19950131	10.36	10.13	1.42
19950201	1.46	4.42	7.25
19950202	0.0	4.89	2.54
19950203	0.07	8.17	1.36
19950204	0.03	6.36	0.89
19950205	0.1	7.83	0.68
19950206	0.0	9.72	0.56
19950207	3.64	7.51	0.49
19950208	0.9	2.66	0.53
19950209	7.91	3.27	0.52
19950210	6.06	6.71	4.89
19950211	2.54	8.66	3.8
19950212	0.02	8.8	2.03
19950213	0.39	7.54	1.16
19950214	0.89	8.65	0.76
19950215	5.54	7.81	0.97
19950216	4.21	6.88	1.33
19950217	0.28	5.18	1.39
19950218	1.09	6.77	0.79
19950219	0.82	6.07	0.62
19950220	3.0	7.11	0.49
19950221	0.02	5.32	0.53
19950222	7.49	5.58	1.06
19950223	3.1	4.91	1.68
19950224	7.57	4.66	1.51
19950225	0.26	3.64	4.1
19950226	0.01	2.84	1.55
19950227	1.47	6.69	0.93
19950228	3.3	8.96	0.72
19950301	1.44	4.17	0.85
19950302	18.7	2.79	0.78
19950303	0.01	-0.82	2.67
19950304	1.55	1.51	3.12
19950305	0.41	5.05	5.63
19950306	0.25	2.86	2.3
19950307	5.9	2.64	2.48
19950308	0.93	3.43	1.92
19950309	0.0	6.14	1.15
19950310	0.0	8.37	0.83
19950311	3.04	8.55	0.59
19950312	0.03	4.67	0.48
19950313	0.03	4.2	0.43
19950314	1.55	6.0	0.43
19950315	0.25	3.92	0.41
19950316	0.15	7.23	0.33
19950317	1.85	7.01	0.31
19950318	0.75	6.51	0.24
19950319	0.03	5.05	0.21
19950320	0.0	3.46	0.17
19950321	0.0	4.28	0.15
19950322	0.0	5.88	0.14
19950323	0.0	10.26	0.14
19950324	0.36	10.92	0.14
19950325	0.05	10.08	0.14
19950326	2.97	6.72	0.13
19950327	0.08	2.38	0.15
19950328	4.53	3.61	0.18
19950329	0.0	3.46	0.15
19950330	0.17	8.59	0.12
19950331	0.0	12.27	0.11
19950401	0.0	12.85	0.11
19950402	0.0	12.31	0.11
19950403	0.0	10.3	0.11
19950404	0.0	10.0	0.1
19950405	0.0	12.27	0.09
19950406	0.0	12.89	0.09
19950407	0.0	9.73	0.08
19950408	0.0	5.41	0.08
19950409	0.0	10.38	0.08
19950410	0.0	9.71	0.08
19950411	0.0	10.65	0.07
19950412	0.0	7.72	0.06
19950413	0.03	8.06	0.06
19950414	0.0	11.51	0.05
19950415	0.1	9.3	0.06
19950416	0.05	9.93	0.06
19950417	1.37	8.1	0.06
19950418	1.96	2.63	0.07
19950419	1.74	3.86	0.06
19950420	0.06	4.22	0.06
19950421	2.77	8.22	0.05
19950422	4.91	8.61	0.08
19950423	0.14	10.8	0.08
19950424	0.2	10.23	0.06
19950425	4.68	12.14	0.06
19950426	0.0	6.31	0.08
19950427	0.0	6.08	0.06
19950428	0.0	6.28	0.05
19950429	0.0	9.23	0.05
19950430	0.0	9.92	0.05
19950501	0.0	12.11	0.05
19950502	0.0	15.01	0.04
19950503	0.0	15.23	0.04
19950504	0.0	16.36	0.04
19950505	0.0	17.64	0.04
19950506	0.0	17.85	0.04
19950507	0.0	16.73	0.04
19950508	0.0	10.35	0.04
19950509	0.0	9.43	0.04
19950510	0.02	8.43	0.03
19950511	0.02	6.13	0.03
19950512	0.05	5.97	0.03
19950513	0.53	5.61	0.03
19950514	0.0	7.21	0.03
19950515	0.0	9.46	0.03
19950516	10.86	10.31	0.03
19950517	6.84	5.76	0.11
19950518	0.21	9.26	0.11
19950519	0.05	10.75	0.06
19950520	0.0	9.91	0.04
19950521	0.0	10.88	0.04
19950522	0.0	12.3	0.04
19950523	0.0	13.49	0.03
19950524	0.16	14.24	0.03
19950525	0.01	13.24	0.03
19950526	0.12	15.62	0.03
19950527	4.3	16.53	0.03
19950528	0.32	14.31	0.04
19950529	0.03	13.68	0.04
19950530	6.75	12.8	0.04
19950531	0.0	13.77	0.09
19950601	0.0	11.55	0.05
19950602	0.0	12.61	0.04
19950603	4.73	12.0	0.04
19950604	0.13	12.98	0.04
19950605	0.01	13.86	0.04
19950606	0.32	15.56	0.03
19950607	0.51	11.47	0.03
19950608	1.11	11.59	0.02
19950609	0.0	11.61	0.03
19950610	0.24	12.12	0.03
19950611	2.36	10.98	0.03
19950612	0.19	9.99	0.03
19950613	0.0	9.81	0.02
19950614	0.0	11.17	0.02
19950615	0.0	12.61	0.02
19950616	1.25	14.28	0.03
19950617	0.03	14.01	0.03
19950618	0.0	15.11	0.03
19950619	0.0	18.06	0.02
19950620	0.0	18.08	0.02
19950621	0.0	14.46	0.02
19950622	0.0	14.79	0.03
19950623	0.36	15.23	0.02
19950624	0.01	12.42	0.02
19950625	0.01	14.66	0.03
19950626	0.0	16.82	0.03
19950627	0.0	16.87	0.02
19950628	0.0	18.29	0.02
19950629	0.0	18.48	0.02
19950630	0.0	21.49	0.02
19950701	0.0	13.95	0.02
19950702	9.82	14.93	0.03
19950703	0.04	13.32	0.05
19950704	0.0	14.17	0.03
19950705	0.0	16.99	0.03
19950706	0.0	19.64	0.03
19950707	0.0	19.64	0.02
19950708	0.0	18.0	0.02
19950709	0.0	19.08	0.02
19950710	0.11	23.01	0.02
19950711	3.54	21.7	0.02
19950712	1.93	20.0	0.03
19950713	1.34	19.03	0.03
19950714	12.53	18.84	0.02
19950715	2.67	17.39	0.04
19950716	0.94	18.16	0.06
19950717	1.21	18.49	0.03
19950718	0.04	21.04	0.03
19950719	0.0	20.92	0.03
19950720	0.0	22.61	0.03
19950721	0.01	17.34	0.02
19950722	0.0	14.71	0.02
19950723	0.0	16.69	0.02
19950724	0.0	19.07	0.02
19950725	0.0	20.8	0.02
19950726	0.16	20.92	0.02
19950727	0.1	20.15	0.02
19950728	0.0	21.49	0.02
19950729	0.01	23.19	0.02
19950730	0.03	23.06	0.02
19950731	0.0	23.34	0.02
19950801	0.0	24.8	0.02
19950802	0.0	23.07	0.02
19950803	0.0	22.8	0.02
19950804	0.0	16.6	0.02
19950805	0.0	18.37	0.02
19950806	0.0	19.51	0.02
19950807	0.0	17.23	0.01
19950808	0.0	14.23	0.01
19950809	0.0	17.49	0.01
19950810	0.0	20.39	0.01
19950811	0.0	22.97	0.01
19950812	0.0	22.54	0.01
19950813	0.0	17.55	0.01
19950814	0.0	18.02	0.01
19950815	0.0	21.4	0.01
19950816	0.0	20.52	0.01
19950817	0.0	21.45	0.01
19950818	0.0	21.09	0.01
19950819	0.0	21.54	0.01
19950820	0.0	19.71	0.01
19950821	0.0	20.3	0.01
19950822	0.0	22.97	0.01
19950823	1.36	16.94	0.01
19950824	0.0	19.99	0.02
19950825	0.0	19.44	0.02
19950826	0.47	17.97	0.02
19950827	0.82	13.84	0.02
19950828	0.18	14.1	0.02
19950829	0.08	11.78	0.02
19950830	0.0	17.49	0.02
19950831	0.0	16.26	0.02
19950901	3.21	16.47	0.02
19950902	3.77	12.74	0.02
19950903	0.01	13.25	0.02
19950904	5.83	15.67	0.02
19950905	0.45	14.65	0.02
19950906	11.81	16.51	0.02
19950907	7.79	16.24	0.03
19950908	0.28	14.77	0.05
19950909	0.03	15.2	0.03
19950910	26.54	15.72	0.03
19950911	0.1	14.39	0.06
19950912	6.79	13.57	0.1
19950913	0.05	12.71	0.06
19950914	15.82	15.63	0.06
19950915	18.2	13.33	0.12
19950916	6.19	14.66	0.52
19950917	5.79	14.94	0.42
19950918	8.45	17.57	0.33
19950919	0.01	13.74	0.27
19950920	0.06	11.2	0.2
19950921	0.03	14.58	0.12
19950922	0.76	13.71	0.08
19950923	3.03	14.5	0.06
19950924	1.34	9.8	0.05
19950925	0.31	14.03	0.06
19950926	5.87	13.37	0.05
19950927	0.04	9.76	0.06
19950928	0.74	9.32	0.06
19950929	0.0	9.99	0.05
19950930	1.55	13.98	0.04
19951001	0.13	13.55	0.04
19951002	0.0	14.86	0.04
19951003	0.92	15.7	0.03
19951004	5.72	13.7	0.04
19951005	0.0	13.48	0.06
19951006	4.74	15.28	0.04
19951007	1.21	15.79	0.04
19951008	0.03	18.47	0.04
19951009	0.0	17.12	0.04
19951010	0.0	14.26	0.03
19951011	0.0	16.35	0.03
19951012	0.0	15.76	0.03
19951013	0.03	14.94	0.03
19951014	0.03	15.39	0.03
19951015	0.0	14.68	0.03
19951016	0.0	15.73	0.03
19951017	0.01	13.51	0.03
19951018	0.0	10.59	0.03
19951019	0.0	12.12	0.03
19951020	0.38	6.89	0.03
19951021	0.0	9.66	0.03
19951022	0.0	11.04	0.03
19951023	0.0	13.12	0.03
19951024	5.92	14.15	0.03
19951025	0.0	12.44	0.04
19951026	3.17	14.26	0.04
19951027	0.0	8.18	0.03
19951028	0.0	6.95	0.03
19951029	0.0	7.17	0.03
19951030	0.0	8.53	0.03
19951031	0.03	10.01	0.03
19951101	0.03	8.22	0.02
19951102	0.0	7.56	0.02
19951103	0.0	4.9	0.02
19951104	0.0	3.92	0.02
19951105	0.0	3.01	0.02
19951106	0.0	5.66	0.02
19951107	0.0	8.94	0.02
19951108	0.14	11.14	0.02
19951109	15.46	9.1	0.03
19951110	2.74	8.26	0.07
19951111	1.21	11.44	0.08
19951112	0.32	11.19	0.07
19951113	3.4	9.61	0.05
19951114	1.93	9.36	0.05
19951115	0.44	10.6	0.06
19951116	1.35	4.03	0.06
19951117	0.03	1.4	0.05
19951118	0.0	2.96	0.04
19951119	0.03	4.28	0.04
19951120	0.0	4.91	0.03
19951121	1.76	8.08	0.04
19951122	0.0	7.45	0.04
19951123	0.0	9.76	0.04
19951124	0.62	10.78	0.03
19951125	12.24	9.28	0.04
19951126	13.08	7.53	0.22
19951127	3.55	7.52	1.44
19951128	0.61	8.24	0.59
19951129	0.11	7.08	0.27
19951130	0.02	5.98	0.17
19951201	0.24	7.37	0.13
19951202	1.22	9.63	0.1
19951203	11.92	7.19	0.13
19951204	0.12	3.03	1.12
19951205	0.21	-0.18	0.46
19951206	0.31	-0.66	0.26
19951207	0.78	-0.59	0.18
19951208	0.0	-0.61	0.14
19951209	0.03	-0.99	0.1
19951210	0.03	-1.51	0.08
19951211	0.08	0.45	0.08
19951212	2.31	5.52	0.08
19951213	0.74	4.32	0.09
19951214	0.0	2.91	0.1
19951215	0.0	2.04	0.1
19951216	0.0	2.87	0.1
19951217	2.48	2.95	0.09
19951218	0.04	3.94	0.09
19951219	19.84	2.54	0.24
19951220	0.08	0.67	3.75
19951221	18.01	5.67	1.78
19951222	12.55	8.03	9.19
19951223	3.5	1.26	9.94
19951224	0.09	-0.0	2.93
19951225	0.0	-1.46	1.17
19951226	0.08	-2.11	0.62
19951227	0.03	-3.74	0.41
19951228	0.0	-6.17	0.31
19951229	0.0	-3.97	0.24
19951230	7.11	-1.15	0.24
19951231	0.47	0.93	0.3
19960101	0.25	2.11	0.37
19960102	0.14	3.29	0.73
19960103	0.0	3.42	0.86
19960104	2.4	4.4	0.7
19960105	6.67	5.46	1.11
19960106	4.28	6.69	3.21
19960107	0.54	7.84	2.84
19960108	18.56	9.15	2.28
19960109	0.44	7.62	10.38
19960110	0.01	7.51	3.36
19960111	1.0	7.89	1.59
19960112	0.12	9.8	1.07
19960113	0.05	8.77	0.7
19960114	0.03	6.64	0.51
19960115	0.1	5.91	0.4
19960116	0.24	4.97	0.34
19960117	0.2	4.25	0.31
19960118	0.07	3.77	0.29
19960119	0.0	4.48	0.27
19960120	0.04	2.59	0.25
19960121	0.0	1.14	0.21
19960122	0.0	2.58	0.19
19960123	7.17	0.69	0.2
19960124	0.57	-0.35	0.7
19960125	0.0	-3.39	0.71
19960126	0.07	-3.23	0.43
19960127	0.22	-2.12	0.35
19960128	0.0	-1.03	0.26
19960129	0.0	-0.29	0.22
19960130	0.0	0.24	0.19
19960131	0.0	0.23	0.17
19960201	0.03	-1.25	0.17
19960202	0.0	-0.96	0.16
19960203	0.0	0.63	0.14
19960204	0.03	-1.13	0.12
19960205	0.05	-0.42	0.13
19960206	0.05	-2.27	0.14
19960207	0.27	-0.97	0.12
19960208	0.87	0.54	0.1
19960209	5.66	4.11	0.13
19960210	0.73	7.03	0.31
19960211	10.42	4.93	0.41
19960212	2.33	3.05	4.05
19960213	0.74	1.87	1.67
19960214	0.03	1.78	0.93
19960215	0.0	4.16	0.67
19960216	0.0	8.22	0.53
19960217	4.53	6.68	0.43
19960218	4.28	3.69	0.72
19960219	4.52	0.07	0.96
19960220	0.24	-1.64	0.57
19960221	2.88	-0.96	0.57
19960222	0.88	1.64	0.87
19960223	6.89	4.29	2.56
19960224	6.56	6.24	6.15
19960225	7.09	3.02	7.32
19960226	1.05	2.8	4.61
19960227	0.0	3.01	1.74
19960228	0.06	1.61	1.01
19960229	0.0	5.22	0.69
19960301	0.92	5.62	0.55
19960302	2.96	5.46	0.5
19960303	1.32	5.63	0.58
19960304	0.4	5.4	0.73
19960305	0.05	4.93	0.6
19960306	0.0	4.72	0.49
19960307	0.0	2.83	0.42
19960308	2.45	3.46	0.36
19960309	0.51	3.54	0.33
19960310	0.0	1.93	0.27
19960311	0.51	0.94	0.27
19960312	0.01	0.29	0.25
19960313	0.0	-0.22	0.22
19960314	0.03	1.32	0.2
19960315	0.42	5.63	0.18
19960316	0.1	3.31	0.16
19960317	0.0	4.08	0.14
19960318	0.0	4.72	0.13
19960319	0.0	3.16	0.13
19960320	4.32	3.7	0.14
19960321	4.53	6.69	0.23
19960322	3.24	7.26	0.27
19960323	0.27	9.0	0.47
19960324	0.0	5.66	0.45
19960325	0.0	5.83	0.38
19960326	0.33	0.92	0.3
19960327	0.0	2.2	0.24
19960328	0.63	4.61	0.23
19960329	0.82	3.11	0.19
19960330	0.0	4.63	0.17
19960331	0.03	2.48	0.15
19960401	0.0	1.71	0.14
19960402	0.0	2.42	0.12
19960403	0.0	1.4	0.1
19960404	0.03	4.37	0.1
19960405	0.0	6.43	0.1
19960406	0.01	6.08	0.1
19960407	0.03	4.69	0.09
19960408	0.0	10.41	0.08
19960409	0.01	11.21	0.08
19960410	0.69	7.72	0.08
19960411	0.58	8.05	0.08
19960412	7.32	2.84	0.09
19960413	0.0	4.56	0.13
19960414	0.01	7.11	0.1
19960415	0.0	12.77	0.09
19960416	0.06	12.8	0.09
19960417	0.16	10.14	0.09
19960418	2.46	10.57	0.08
19960419	0.03	10.9	0.08
19960420	0.55	14.43	0.08
19960421	0.11	13.96	0.07
19960422	12.37	9.48	0.1
19960423	0.1	9.36	0.28
19960424	0.1	9.71	0.18
19960425	0.0	11.8	0.11
19960426	0.0	12.12	0.09
19960427	0.0	11.79	0.09
19960428	0.01	8.01	0.08
19960429	0.0	8.08	0.07
19960430	0.96	9.28	0.07
19960501	0.44	9.41	0.07
19960502	0.0	6.37	0.07
19960503	0.0	5.41	0.06
19960504	0.0	5.13	0.05
19960505	0.0	5.94	0.05
19960506	0.0	7.36	0.05
19960507	0.0	6.22	0.05
19960508	0.0	6.6	0.04
19960509	0.03	6.71	0.04
19960510	0.47	6.64	0.04
19960511	0.05	6.6	0.04
19960512	0.0	7.92	0.04
19960513	0.0	8.68	0.04
19960514	0.0	8.5	0.04
19960515	0.0	5.7	0.04
19960516	0.92	6.42	0.04
19960517	0.29	5.41	0.04
19960518	4.0	7.37	0.04
19960519	0.01	7.97	0.05
19960520	0.01	10.55	0.05
19960521	0.23	10.5	0.04
19960522	1.53	12.17	0.04
19960523	3.52	13.66	0.04
19960524	4.31	10.07	0.05
19960525	0.05	11.69	0.07
19960526	1.11	12.8	0.05
19960527	0.06	8.06	0.05
19960528	0.0	13.56	0.04
19960529	0.01	16.02	0.03
19960530	0.0	18.32	0.03
19960531	0.0	12.92	0.03
19960601	1.2	11.17	0.03
19960602	0.0	11.67	0.02
19960603	0.05	14.22	0.02
19960604	0.02	15.23	0.02
19960605	0.0	18.86	0.02
19960606	0.0	20.84	0.02
19960607	13.55	20.56	0.03
19960608	0.0	14.38	0.06
19960609	0.0	16.81	0.04
19960610	0.02	16.41	0.03
19960611	0.77	15.52	0.03
19960612	0.0	12.69	0.02
19960613	0.0	12.87	0.02
19960614	0.0	13.33	0.02
19960615	0.0	15.19	0.02
19960616	0.0	16.97	0.02
19960617	0.0	17.73	0.02
19960618	0.0	13.61	0.02
19960619	0.13	14.04	0.02
19960620	0.0	11.72	0.02
19960621	0.0	10.26	0.02
19960622	0.0	10.05	0.02
19960623	0.0	14.16	0.02
19960624	0.0	14.06	0.02
19960625	0.0	17.12	0.02
19960626	0.17	17.29	0.02
19960627	0.64	17.26	0.02
19960628	4.1	14.12	0.02
19960629	0.0	12.69	0.02
19960630	0.77	15.39	0.02
19960701	7.81	12.8	0.02
19960702	0.5	14.27	0.04
19960703	2.01	13.92	0.03
19960704	1.31	15.04	0.03
19960705	2.59	13.47	0.03
19960706	1.59	12.79	0.04
19960707	0.0	13.86	0.04
19960708	0.0	14.19	0.03
19960709	0.0	15.23	0.03
19960710	0.0	18.82	0.03
19960711	0.01	19.48	0.03
19960712	0.04	17.59	0.02
19960713	0.0	20.96	0.02
19960714	0.0	17.37	0.02
19960715	0.0	15.14	0.02
19960716	0.0	13.08	0.02
19960717	0.0	16.24	0.02
19960718	0.0	18.88	0.02
19960719	0.0	18.31	0.02
19960720	0.0	19.79	0.01
19960721	0.0	20.72	0.02
19960722	0.68	22.52	0.02
19960723	6.88	19.62	0.02
19960724	1.7	14.12	0.02
19960725	0.0	17.75	0.02
19960726	4.23	20.09	0.02
19960727	0.0	17.93	0.02
19960728	3.32	18.36	0.02
19960729	11.08	18.87	0.03
19960730	0.34	18.29	0.08
19960731	0.0	17.13	0.06
19960801	0.82	15.04	0.03
19960802	0.0	14.11	0.03
19960803	0.0	14.37	0.02
19960804	0.0	17.56	0.02
19960805	0.03	19.98	0.02
19960806	2.58	17.47	0.02
19960807	0.0	15.14	0.02
19960808	0.14	18.73	0.02
19960809	7.66	18.53	0.03
19960810	7.81	17.66	0.03
19960811	3.02	17.7	0.05
19960812	0.01	16.91	0.05
19960813	0.0	17.37	0.04
19960814	0.0	15.55	0.03
19960815	0.0	17.77	0.03
19960816	0.0	19.01	0.03
19960817	0.0	20.04	0.03
19960818	0.0	21.78	0.02
19960819	0.0	21.42	0.02
19960820	0.15	20.36	0.02
19960821	0.0	17.42	0.02
19960822	15.9	18.44	0.02
19960823	1.57	16.94	0.03
19960824	0.94	16.92	0.05
19960825	0.47	14.83	0.03
19960826	1.7	14.25	0.03
19960827	1.15	14.71	0.03
19960828	5.5	15.68	0.02
19960829	0.21	13.95	0.02
19960830	0.01	13.54	0.03
19960831	0.0	13.03	0.02
19960901	0.0	16.99	0.02
19960902	0.59	17.21	0.02
19960903	0.23	16.56	0.02
19960904	0.0	15.06	0.02
19960905	0.0	16.06	0.02
19960906	0.0	14.82	0.02
19960907	0.0	14.15	0.02
19960908	0.5	15.28	0.02
19960909	0.01	14.34	0.02
19960910	0.0	11.99	0.02
19960911	0.14	15.68	0.02
19960912	0.0	11.58	0.02
19960913	0.0	11.0	0.02
19960914	0.0	12.23	0.02
19960915	0.0	14.92	0.02
19960916	0.03	14.97	0.02
19960917	0.0	13.5	0.01
19960918	0.0	11.93	0.01
19960919	0.29	12.88	0.01
19960920	0.07	12.71	0.01
19960921	0.87	12.74	0.01
19960922	0.0	12.87	0.02
19960923	0.08	9.32	0.02
19960924	0.25	14.44	0.02
19960925	0.2	13.44	0.02
19960926	0.65	14.22	0.02
19960927	0.01	14.25	0.02
19960928	1.27	16.01	0.02
19960929	7.36	15.02	0.02
