date	precipitation	temperature	discharge_spec
19701001	0.01	14.33	0.12
19701002	0.08	10.85	0.11
19701003	1.26	10.59	0.11
19701004	0.06	14.69	0.12
19701005	1.9	13.39	0.13
19701006	0.02	8.31	0.15
19701007	0.0	8.21	0.13
19701008	0.0	7.95	0.11
19701009	0.0	9.32	0.11
19701010	0.0	13.43	0.11
19701011	0.0	17.16	0.12
19701012	0.01	16.4	0.12
19701013	0.01	16.14	0.14
19701014	0.11	12.27	0.14
19701015	0.0	9.79	0.13
19701016	0.0	8.96	0.14
19701017	0.0	11.43	0.14
19701018	0.79	11.76	0.14
19701019	0.46	8.04	0.13
19701020	11.22	6.21	0.2
19701021	2.94	6.54	0.17
19701022	0.24	8.26	0.16
19701023	0.01	9.47	0.16
19701024	0.05	11.57	0.16
19701025	0.12	10.62	0.15
19701026	0.02	7.05	0.14
19701027	9.23	8.84	0.17
19701028	1.89	11.81	0.19
19701029	0.01	12.67	0.18
19701030	3.56	14.61	0.2
19701031	0.29	13.08	0.16
19701101	19.38	11.41	0.2
19701102	6.48	12.6	0.42
19701103	0.02	9.75	0.38
19701104	2.13	9.09	0.25
19701105	0.01	6.85	0.2
19701106	2.95	7.25	0.2
19701107	0.12	4.58	0.18
19701108	0.01	6.82	0.19
19701109	0.0	6.12	0.19
19701110	0.01	8.4	0.19
19701111	3.18	9.36	0.18
19701112	0.02	4.09	0.19
19701113	7.41	5.58	0.25
19701114	43.71	5.24	1.01
19701115	0.91	1.87	1.68
19701116	6.46	2.94	0.74
19701117	5.9	7.18	0.61
19701118	6.63	9.55	0.81
19701119	3.07	5.06	0.98
19701120	8.25	6.02	0.97
19701121	0.06	3.98	0.98
19701122	2.21	4.7	0.57
19701123	0.44	8.56	0.49
19701124	0.0	8.89	0.4
19701125	0.02	8.09	0.39
19701126	0.18	7.47	0.34
19701127	0.15	7.85	0.32
19701128	9.88	9.29	0.33
19701129	12.86	8.03	1.64
19701130	4.92	7.0	2.07
19701201	0.1	5.06	1.38
19701202	2.39	8.01	0.97
19701203	8.53	7.82	0.89
19701204	1.0	7.87	1.76
19701205	0.09	7.01	1.27
19701206	3.73	4.91	1.04
19701207	0.64	6.06	0.9
19701208	0.04	2.92	0.68
19701209	0.01	3.61	0.6
19701210	0.0	7.26	0.48
19701211	0.0	5.13	0.54
19701212	0.1	4.43	0.49
19701213	0.02	2.84	0.4
19701214	0.0	2.0	0.41
19701215	0.0	2.51	0.38
19701216	0.1	4.07	0.36
19701217	0.04	5.95	0.35
19701218	0.08	7.31	0.29
19701219	0.03	6.64	0.34
19701220	0.51	4.69	0.32
19701221	1.59	2.59	0.3
19701222	4.19	2.58	0.33
19701223	2.33	1.55	0.5
19701224	3.88	-0.56	0.5
19701225	5.68	-0.34	0.46
19701226	0.64	-1.14	0.49
19701227	0.05	-0.06	0.48
19701228	11.19	2.36	0.73
19701229	8.77	1.9	3.96
19701230	3.28	0.86	3.87
19701231	1.07	-0.27	1.84
19710101	0.02	-1.8	1.14
19710102	0.01	-1.88	0.9
19710103	0.01	-1.91	0.73
19710104	0.01	-2.86	0.68
19710105	0.0	-2.28	0.58
19710106	0.65	2.9	0.56
19710107	3.75	8.32	1.04
19710108	1.74	8.37	1.36
19710109	0.01	8.12	1.13
19710110	0.01	5.17	0.89
19710111	0.0	2.97	0.78
19710112	0.05	3.21	0.65
19710113	0.01	3.96	0.58
19710114	0.05	3.19	0.55
19710115	0.8	4.45	0.54
19710116	1.47	4.04	0.53
19710117	0.1	5.29	0.53
19710118	0.68	6.28	0.52
19710119	2.13	5.61	0.53
19710120	7.69	4.43	0.55
19710121	2.81	6.26	1.16
19710122	14.41	4.51	2.0
19710123	19.65	7.57	4.76
19710124	0.65	6.75	6.49
19710125	6.66	6.22	2.88
19710126	5.23	5.43	2.99
19710127	2.04	4.23	2.8
19710128	0.16	5.49	1.95
19710129	0.8	3.75	1.44
19710130	7.15	3.87	1.81
19710131	5.85	3.77	2.37
19710201	0.07	0.38	2.2
19710202	0.41	2.67	1.4
19710203	0.02	5.24	1.14
19710204	0.01	4.81	0.95
19710205	0.04	4.6	0.85
19710206	0.02	3.26	0.76
19710207	0.0	5.2	0.75
19710208	0.0	6.04	0.67
19710209	0.0	4.4	0.63
19710210	0.01	5.4	0.6
19710211	0.0	5.12	0.56
19710212	3.3	6.86	0.59
19710213	0.06	4.53	0.6
19710214	1.87	5.21	0.54
19710215	1.29	1.24	0.61
19710216	3.95	1.73	0.56
19710217	3.74	2.45	0.7
19710218	0.16	3.71	0.87
19710219	0.71	3.55	0.73
19710220	0.9	6.61	0.72
19710221	0.79	4.93	0.67
19710222	0.0	3.71	0.58
19710223	0.02	4.88	0.55
19710224	0.21	6.43	0.54
19710225	0.0	6.46	0.52
19710226	0.0	2.18	0.46
19710227	0.32	1.23	0.46
19710228	0.21	1.16	0.45
19710301	5.23	1.68	0.51
19710302	1.46	2.9	0.53
19710303	0.3	-0.87	0.44
19710304	0.29	-1.3	0.45
19710305	2.01	-0.82	0.4
19710306	0.04	-1.67	0.46
19710307	0.65	2.46	0.43
19710308	1.47	5.58	0.48
19710309	2.27	5.53	0.47
19710310	0.34	4.62	0.44
19710311	0.01	5.39	0.44
19710312	0.0	8.11	0.43
19710313	0.0	6.37	0.43
19710314	4.26	6.76	0.55
19710315	2.24	2.55	0.49
19710316	0.8	4.1	0.46
19710317	7.35	6.8	1.0
19710318	2.88	8.36	0.9
19710319	1.37	5.47	0.74
19710320	0.35	6.86	0.59
19710321	0.01	5.44	0.55
19710322	0.0	2.52	0.5
19710323	0.89	6.67	0.49
19710324	3.22	9.35	0.55
19710325	1.68	6.28	0.47
19710326	0.69	5.22	0.4
19710327	0.07	2.62	0.41
19710328	0.01	7.5	0.4
19710329	0.0	4.88	0.38
19710330	0.0	5.18	0.37
19710331	0.0	5.45	0.37
19710401	0.0	4.82	0.37
19710402	0.0	7.08	0.36
19710403	0.0	5.91	0.34
19710404	0.02	6.43	0.33
19710405	0.0	6.38	0.34
19710406	0.0	6.98	0.33
19710407	0.0	6.62	0.32
19710408	0.0	6.22	0.31
19710409	0.0	6.35	0.28
19710410	0.0	6.06	0.22
19710411	0.0	5.65	0.28
19710412	0.0	7.87	0.26
19710413	0.0	6.25	0.3
19710414	0.0	6.09	0.27
19710415	0.0	6.08	0.29
19710416	2.84	6.91	0.31
19710417	0.02	7.43	0.31
19710418	0.0	10.68	0.27
19710419	0.0	11.44	0.25
19710420	0.0	9.3	0.25
19710421	0.0	10.68	0.24
19710422	2.78	15.79	0.26
19710423	7.62	12.56	0.33
19710424	6.69	8.5	0.45
19710425	0.04	4.2	0.41
19710426	0.07	3.77	0.28
19710427	0.33	4.75	0.36
19710428	0.0	6.14	0.24
19710429	0.0	5.11	0.29
19710430	0.0	5.52	0.27
19710501	0.0	7.02	0.25
19710502	0.0	6.19	0.21
19710503	0.0	7.5	0.23
19710504	0.0	9.14	0.25
19710505	0.0	12.36	0.21
19710506	0.9	14.62	0.27
19710507	1.12	11.9	0.2
19710508	0.13	14.09	0.23
19710509	0.01	13.9	0.22
19710510	0.0	15.72	0.22
19710511	0.0	15.07	0.21
19710512	0.0	14.14	0.19
19710513	0.0	11.67	0.19
19710514	0.0	10.7	0.17
19710515	4.62	12.63	0.19
19710516	0.24	10.04	0.2
19710517	0.0	8.83	0.23
19710518	0.0	12.25	0.21
19710519	0.01	10.46	0.18
19710520	0.0	10.4	0.15
19710521	0.0	10.26	0.18
19710522	0.95	14.2	0.16
19710523	0.17	13.04	0.17
19710524	4.41	10.6	0.19
19710525	0.78	9.11	0.2
19710526	0.03	10.73	0.18
19710527	7.01	8.18	0.22
19710528	1.57	10.04	0.27
19710529	0.05	13.12	0.21
19710530	0.01	13.79	0.2
19710531	0.01	13.28	0.17
19710601	0.0	13.82	0.17
19710602	0.62	14.3	0.14
19710603	0.0	13.68	0.14
19710604	0.01	10.62	0.16
19710605	0.03	9.85	0.17
19710606	0.03	10.98	0.17
19710607	0.2	13.47	0.17
19710608	0.11	9.66	0.17
19710609	0.01	10.73	0.17
19710610	17.29	12.24	0.24
19710611	0.01	11.15	0.35
19710612	0.44	13.54	0.18
19710613	4.33	12.35	0.2
19710614	7.59	9.83	0.3
19710615	0.06	10.08	0.23
19710616	3.63	11.28	0.24
19710617	2.75	10.08	0.25
19710618	11.29	11.79	0.23
19710619	11.04	13.03	0.36
19710620	0.1	12.47	0.52
19710621	1.0	14.37	0.31
19710622	0.0	12.42	0.25
19710623	0.0	13.34	0.21
19710624	0.0	15.69	0.19
19710625	0.89	16.87	0.19
19710626	0.0	13.8	0.17
19710627	1.39	14.27	0.18
19710628	3.34	11.09	0.16
19710629	0.47	13.95	0.18
19710630	0.01	15.51	0.16
19710701	0.0	17.0	0.16
19710702	0.0	16.98	0.15
19710703	0.0	15.02	0.16
19710704	0.0	16.48	0.16
19710705	0.0	17.08	0.17
19710706	0.0	15.47	0.14
19710707	0.0	17.01	0.15
19710708	0.0	19.38	0.15
19710709	0.0	19.84	0.13
19710710	0.0	16.95	0.14
19710711	7.91	20.61	0.14
19710712	0.0	13.51	0.16
19710713	0.0	13.81	0.15
19710714	0.0	18.16	0.13
19710715	0.0	18.31	0.13
19710716	0.0	11.52	0.12
19710717	0.66	11.82	0.11
19710718	0.0	11.69	0.11
19710719	0.06	15.43	0.12
19710720	0.59	16.05	0.12
19710721	0.89	15.42	0.12
19710722	0.03	17.67	0.12
19710723	0.01	18.34	0.12
19710724	0.09	17.61	0.12
19710725	2.06	17.1	0.11
19710726	1.53	17.27	0.12
19710727	11.47	18.89	0.12
19710728	26.46	14.47	0.37
19710729	0.01	17.1	0.28
19710730	0.69	20.54	0.17
19710731	0.01	16.66	0.15
19710801	3.44	17.22	0.14
19710802	0.08	18.46	0.14
19710803	21.11	17.99	0.24
19710804	8.57	17.5	0.26
19710805	7.48	16.74	0.28
19710806	1.79	17.07	0.25
19710807	6.86	13.52	0.21
19710808	0.03	18.16	0.21
19710809	3.17	19.59	0.2
19710810	0.53	15.91	0.17
19710811	0.04	13.34	0.18
19710812	4.21	17.01	0.18
19710813	3.56	17.7	0.19
19710814	1.99	16.69	0.2
19710815	0.01	11.76	0.19
19710816	0.0	14.2	0.18
19710817	0.0	15.11	0.13
19710818	0.08	17.9	0.15
19710819	0.02	19.53	0.18
19710820	4.79	16.73	0.12
19710821	0.14	17.78	0.17
19710822	0.37	16.29	0.17
19710823	0.43	16.86	0.16
19710824	0.03	15.45	0.15
19710825	0.0	15.49	0.14
19710826	0.07	17.7	0.14
19710827	0.0	15.9	0.13
19710828	0.03	19.64	0.12
19710829	0.97	15.74	0.12
19710830	0.46	14.17	0.12
19710831	0.0	15.74	0.13
19710901	0.0	14.56	0.12
19710902	0.0	17.35	0.12
19710903	0.02	15.2	0.12
19710904	0.0	14.39	0.13
19710905	0.0	13.12	0.12
19710906	0.0	14.18	0.12
19710907	0.0	15.7	0.12
19710908	0.0	17.28	0.11
19710909	0.0	15.29	0.12
19710910	0.08	13.61	0.11
19710911	0.0	11.91	0.11
19710912	0.0	13.98	0.11
19710913	0.04	11.84	0.12
19710914	0.0	12.04	0.12
19710915	0.0	10.77	0.12
19710916	0.0	13.46	0.12
19710917	0.0	12.48	0.12
19710918	0.0	11.94	0.12
19710919	0.0	13.43	0.12
19710920	0.0	15.91	0.12
19710921	0.0	15.76	0.12
19710922	0.34	15.87	0.12
19710923	0.51	16.36	0.13
19710924	5.01	12.07	0.15
19710925	2.79	11.49	0.17
19710926	4.85	13.74	0.17
19710927	2.59	12.17	0.19
19710928	0.06	12.74	0.17
19710929	0.02	14.96	0.16
19710930	0.0	16.1	0.16
19711001	0.04	14.04	0.15
19711002	0.01	15.35	0.15
19711003	1.97	16.18	0.15
19711004	0.01	9.79	0.13
19711005	0.0	8.31	0.12
19711006	0.0	10.06	0.13
19711007	0.0	11.18	0.12
19711008	0.0	10.78	0.12
19711009	0.0	11.95	0.12
19711010	0.0	14.84	0.13
19711011	9.82	16.56	0.13
19711012	10.9	11.69	0.18
19711013	5.7	7.51	0.28
19711014	0.35	5.77	0.26
19711015	0.22	8.88	0.14
19711016	13.71	9.08	0.19
19711017	4.32	12.12	0.3
19711018	0.72	14.88	0.29
19711019	7.63	12.17	0.32
19711020	0.13	9.8	0.34
19711021	0.02	13.1	0.24
19711022	0.0	15.49	0.2
19711023	0.0	12.29	0.17
19711024	0.0	14.53	0.14
19711025	0.0	8.75	0.17
19711026	0.0	8.66	0.16
19711027	0.0	8.93	0.15
19711028	0.0	7.18	0.14
19711029	0.03	6.84	0.15
19711030	0.02	7.76	0.15
19711031	0.01	7.11	0.16
19711101	0.0	10.71	0.15
19711102	0.0	11.24	0.15
19711103	0.0	10.74	0.15
19711104	0.01	10.98	0.15
19711105	7.35	7.98	0.22
19711106	0.53	3.79	0.16
19711107	7.35	5.52	0.24
19711108	11.39	5.15	0.31
19711109	4.05	3.37	0.48
19711110	0.11	3.81	0.39
19711111	0.0	5.18	0.26
19711112	0.85	7.57	0.25
19711113	0.59	6.11	0.26
19711114	0.03	5.56	0.2
19711115	0.03	8.24	0.19
19711116	0.94	8.46	0.2
19711117	9.38	7.77	0.24
19711118	5.79	2.93	0.4
19711119	4.98	-1.44	0.61
19711120	15.34	4.33	0.6
19711121	13.56	5.84	2.71
19711122	3.86	1.52	2.94
19711123	5.07	2.55	2.24
19711124	0.18	2.85	1.62
19711125	1.66	6.28	1.11
19711126	0.38	8.92	0.87
19711127	7.73	8.65	0.78
19711128	3.55	3.25	1.75
19711129	0.13	1.71	1.47
19711130	1.74	4.14	0.94
19711201	0.83	1.89	0.78
19711202	2.56	1.28	0.73
19711203	0.1	2.37	0.69
19711204	0.0	3.72	0.61
19711205	0.0	6.39	0.53
19711206	0.0	4.2	0.53
19711207	0.0	2.66	0.47
19711208	0.01	5.31	0.43
19711209	0.0	6.81	0.4
19711210	0.0	7.23	0.38
19711211	0.0	7.1	0.39
19711212	0.14	7.69	0.34
19711213	0.0	7.56	0.33
19711214	0.0	7.15	0.3
19711215	0.03	9.41	0.31
19711216	0.0	7.56	0.31
19711217	0.0	5.62	0.27
19711218	1.27	7.2	0.29
19711219	5.37	8.41	0.42
19711220	0.35	9.87	0.36
19711221	4.66	11.06	0.38
19711222	5.82	8.05	0.53
19711223	0.04	5.01	0.92
19711224	0.0	6.62	0.68
19711225	0.04	7.38	0.54
19711226	0.16	5.99	0.55
19711227	0.26	4.99	0.45
19711228	1.77	2.63	0.43
19711229	4.08	2.41	0.42
19711230	1.5	2.59	0.54
19711231	0.03	3.57	0.65
19720101	0.07	3.29	0.56
19720102	1.2	2.23	0.5
19720103	2.79	2.67	0.46
19720104	2.45	2.92	0.5
19720105	0.01	1.26	0.56
19720106	0.02	0.25	0.5
19720107	2.6	1.86	0.52
19720108	0.15	4.16	0.53
19720109	0.1	5.33	0.53
19720110	2.52	6.83	0.5
19720111	5.39	4.54	0.8
19720112	0.03	5.29	1.03
19720113	0.04	6.03	0.78
19720114	0.01	6.49	0.6
19720115	0.14	5.63	0.58
19720116	0.09	4.9	0.52
19720117	0.08	0.47	0.44
19720118	2.42	3.03	0.42
19720119	0.03	2.79	0.4
19720120	0.0	0.65	0.39
19720121	0.16	1.64	0.36
19720122	0.37	3.75	0.31
19720123	0.17	7.07	0.33
19720124	9.25	3.24	0.67
19720125	0.3	2.31	1.06
19720126	20.04	5.37	1.47
19720127	6.86	3.02	5.17
19720128	0.99	1.18	4.06
19720129	4.58	-3.59	1.79
19720130	0.09	-6.47	1.19
19720131	0.02	-4.22	0.9
19720201	0.53	1.35	0.8
19720202	1.62	4.11	0.98
19720203	2.47	6.47	1.11
19720204	0.09	5.18	1.06
19720205	2.23	5.94	0.91
19720206	1.96	5.99	1.01
19720207	0.01	3.08	0.99
19720208	0.01	5.67	0.83
19720209	0.0	3.17	0.72
19720210	4.23	3.19	0.67
19720211	10.44	2.82	1.58
19720212	0.03	2.62	2.26
19720213	0.0	3.8	1.39
19720214	0.0	3.53	0.96
19720215	0.22	4.76	0.85
19720216	0.03	5.45	0.75
19720217	0.09	5.47	0.62
19720218	2.01	3.4	0.55
19720219	0.09	2.76	0.56
19720220	2.89	2.72	0.56
19720221	1.37	3.13	0.56
19720222	0.49	3.62	0.57
19720223	0.02	4.58	0.56
19720224	0.0	3.82	0.56
19720225	0.0	4.95	0.55
19720226	0.0	2.65	0.48
19720227	0.0	4.14	0.47
19720228	0.11	3.31	0.44
19720229	2.29	5.26	0.41
19720301	0.03	2.8	0.44
19720302	0.01	4.98	0.42
19720303	3.12	3.48	0.45
19720304	1.29	5.54	0.47
19720305	1.74	2.28	0.51
19720306	4.14	4.85	0.55
19720307	0.02	3.78	0.55
19720308	0.0	5.45	0.47
19720309	0.0	3.83	0.45
19720310	0.69	3.34	0.38
19720311	2.73	1.43	0.45
19720312	0.0	1.92	0.43
19720313	0.19	3.96	0.42
19720314	0.06	9.94	0.41
19720315	0.0	9.62	0.35
19720316	0.0	8.47	0.36
19720317	0.0	7.73	0.32
19720318	0.0	8.82	0.36
19720319	0.0	10.05	0.33
19720320	0.0	10.29	0.33
19720321	0.0	6.09	0.32
19720322	0.0	8.46	0.29
19720323	0.0	7.98	0.3
19720324	0.01	6.25	0.29
19720325	1.81	11.13	0.29
19720326	2.78	6.72	0.32
19720327	3.98	5.45	0.32
19720328	0.19	4.88	0.39
19720329	0.1	5.91	0.29
19720330	2.82	9.9	0.31
19720331	5.98	10.97	0.33
19720401	2.32	11.5	0.44
19720402	0.03	10.74	0.39
19720403	0.12	8.7	0.35
19720404	1.1	10.41	0.38
19720405	0.72	9.25	0.31
19720406	2.35	11.6	0.31
19720407	1.55	9.32	0.29
19720408	1.85	5.65	0.32
19720409	3.16	7.79	0.3
19720410	8.83	7.29	0.42
19720411	2.29	6.73	0.54
19720412	0.47	6.22	0.48
19720413	0.35	9.5	0.41
19720414	0.58	6.71	0.36
19720415	0.01	6.39	0.37
19720416	0.0	6.5	0.3
19720417	0.04	9.63	0.31
19720418	0.82	7.87	0.27
19720419	0.18	7.22	0.29
19720420	0.01	7.03	0.28
19720421	0.11	7.33	0.23
19720422	0.02	7.46	0.25
19720423	0.0	6.87	0.28
19720424	0.0	4.79	0.22
19720425	0.0	6.97	0.26
19720426	0.44	9.11	0.22
19720427	0.04	6.8	0.23
19720428	4.33	9.22	0.27
19720429	4.91	7.45	0.34
19720430	0.06	11.09	0.34
19720501	0.0	10.62	0.24
19720502	0.0	12.08	0.23
19720503	0.0	11.2	0.23
19720504	1.22	11.56	0.22
19720505	1.0	10.18	0.28
19720506	0.0	11.25	0.2
19720507	0.0	9.44	0.22
19720508	2.8	13.49	0.26
19720509	1.08	11.98	0.22
19720510	4.83	8.01	0.3
19720511	6.71	10.14	0.29
19720512	6.42	9.63	0.38
19720513	0.15	9.53	0.29
19720514	0.25	9.38	0.26
19720515	1.88	7.61	0.25
19720516	0.08	7.95	0.25
19720517	1.07	9.04	0.24
19720518	0.08	8.9	0.23
19720519	0.0	10.16	0.2
19720520	0.01	10.87	0.23
19720521	0.1	13.26	0.2
19720522	1.2	15.07	0.19
19720523	0.07	14.77	0.17
19720524	0.08	12.79	0.18
19720525	0.56	13.28	0.17
19720526	2.18	11.93	0.17
19720527	10.74	10.56	0.28
19720528	0.38	11.84	0.18
19720529	0.03	11.19	0.2
19720530	1.44	11.63	0.19
19720531	2.6	9.99	0.18
19720601	4.08	9.84	0.19
19720602	0.14	12.93	0.18
19720603	3.49	11.47	0.21
19720604	4.87	12.97	0.22
19720605	0.05	12.31	0.18
19720606	0.01	12.93	0.23
19720607	0.15	12.51	0.2
19720608	4.29	12.59	0.19
19720609	6.08	10.22	0.18
19720610	3.8	10.17	0.18
19720611	0.58	10.97	0.16
19720612	1.78	11.24	0.3
19720613	0.04	12.32	0.23
19720614	0.05	10.38	0.23
19720615	0.18	9.03	0.22
19720616	0.03	12.25	0.2
19720617	0.52	15.62	0.18
19720618	1.37	10.37	0.18
19720619	2.82	9.82	0.18
19720620	0.01	13.86	0.18
19720621	0.34	13.52	0.17
19720622	2.56	11.87	0.17
19720623	0.01	13.55	0.16
19720624	0.0	14.28	0.16
19720625	0.0	13.62	0.16
19720626	0.06	15.47	0.14
19720627	0.74	14.3	0.15
19720628	0.0	12.58	0.15
19720629	0.0	12.04	0.15
19720630	0.05	12.59	0.14
19720701	1.4	12.71	0.14
19720702	1.96	13.37	0.15
19720703	1.38	17.57	0.15
19720704	0.14	15.65	0.14
19720705	0.0	15.51	0.14
19720706	0.05	14.87	0.14
19720707	4.05	16.35	0.14
19720708	3.36	14.36	0.16
19720709	0.24	11.68	0.16
19720710	0.0	13.34	0.16
19720711	0.0	13.06	0.15
19720712	0.0	15.38	0.14
19720713	0.0	16.41	0.13
19720714	0.0	15.56	0.13
19720715	0.0	16.83	0.13
19720716	0.0	17.77	0.12
19720717	0.0	17.85	0.11
19720718	0.0	18.53	0.11
19720719	0.0	18.57	0.11
19720720	0.01	17.4	0.11
19720721	2.7	16.02	0.12
19720722	8.94	15.92	0.15
19720723	8.73	18.79	0.16
19720724	4.37	15.49	0.29
19720725	0.04	15.71	0.19
19720726	0.44	13.26	0.16
19720727	0.21	14.25	0.14
19720728	0.72	15.6	0.15
19720729	0.01	15.02	0.14
19720730	0.18	17.65	0.15
19720731	10.72	15.64	0.14
19720801	15.06	15.58	0.26
19720802	3.03	14.1	0.32
19720803	0.02	13.45	0.2
19720804	0.35	14.51	0.18
19720805	0.13	16.57	0.17
19720806	0.43	19.52	0.14
19720807	0.01	18.24	0.14
19720808	0.0	15.91	0.16
19720809	0.03	14.52	0.11
19720810	0.02	13.76	0.11
19720811	0.0	13.32	0.12
19720812	1.35	17.58	0.13
19720813	0.01	15.95	0.1
19720814	0.0	16.9	0.12
19720815	0.0	13.69	0.11
19720816	0.0	15.34	0.11
19720817	0.01	15.25	0.11
19720818	0.0	11.66	0.11
19720819	3.27	14.65	0.11
19720820	0.02	15.84	0.12
19720821	0.0	13.76	0.12
19720822	0.0	11.68	0.11
19720823	0.0	17.1	0.11
19720824	0.0	15.7	0.11
19720825	0.0	16.95	0.11
19720826	0.0	14.65	0.11
19720827	0.0	15.8	0.11
19720828	0.0	16.45	0.11
19720829	0.0	16.23	0.11
19720830	0.0	16.41	0.11
19720831	0.0	16.44	0.11
19720901	0.0	15.91	0.11
19720902	0.0	14.54	0.11
19720903	0.65	15.54	0.11
19720904	0.01	14.48	0.1
19720905	0.0	13.53	0.1
19720906	0.0	12.38	0.1
19720907	0.01	13.22	0.11
19720908	5.97	13.14	0.1
19720909	0.72	9.63	0.11
19720910	0.01	9.98	0.11
19720911	0.0	12.04	0.1
19720912	0.51	12.16	0.11
19720913	2.87	10.34	0.11
19720914	0.22	10.92	0.11
19720915	0.01	10.85	0.11
19720916	0.18	11.65	0.11
19720917	6.96	10.97	0.11
19720918	20.31	12.09	0.34
19720919	0.01	9.85	0.2
19720920	0.0	11.43	0.14
19720921	0.0	12.46	0.15
19720922	0.0	12.81	0.14
19720923	0.0	12.69	0.14
19720924	0.0	10.47	0.14
19720925	0.0	10.28	0.13
19720926	0.0	10.43	0.12
19720927	0.01	11.37	0.12
19720928	0.03	10.52	0.14
19720929	0.0	9.16	0.13
19720930	0.0	9.92	0.12
19721001	0.0	10.68	0.12
19721002	0.0	9.72	0.11
19721003	0.0	8.69	0.12
19721004	0.0	9.06	0.12
19721005	0.0	11.38	0.12
19721006	0.02	11.11	0.16
19721007	0.0	14.66	0.08
19721008	0.0	11.81	0.12
19721009	0.09	13.27	0.13
19721010	0.01	13.41	0.13
19721011	0.05	11.26	0.13
19721012	0.0	10.79	0.12
19721013	0.0	10.79	0.12
19721014	0.0	10.58	0.12
19721015	0.0	12.1	0.12
19721016	0.0	11.96	0.12
19721017	0.03	10.27	0.12
19721018	0.02	7.2	0.11
19721019	0.03	6.75	0.13
19721020	3.39	6.25	0.12
19721021	0.79	6.37	0.12
19721022	0.04	11.23	0.13
19721023	0.0	9.64	0.13
19721024	0.0	8.42	0.12
19721025	0.0	9.4	0.13
19721026	0.03	11.41	0.11
19721027	0.0	11.01	0.12
19721028	0.0	9.07	0.12
19721029	1.19	12.78	0.12
19721030	0.53	12.02	0.12
19721031	0.02	8.1	0.13
19721101	0.0	10.6	0.13
19721102	0.0	6.8	0.13
19721103	0.04	8.31	0.13
19721104	0.03	11.43	0.13
19721105	0.03	11.78	0.12
19721106	1.19	12.98	0.13
19721107	11.14	8.89	0.26
19721108	0.01	6.52	0.14
19721109	5.31	8.21	0.14
19721110	0.71	5.01	0.19
19721111	0.02	5.06	0.17
19721112	16.11	8.38	0.35
19721113	0.01	3.07	0.33
19721114	0.0	2.18	0.18
19721115	0.1	2.22	0.16
19721116	0.02	2.05	0.14
19721117	3.57	0.8	0.19
19721118	1.32	3.02	0.19
19721119	4.2	5.6	0.21
19721120	1.27	7.47	0.2
19721121	0.44	6.57	0.21
19721122	0.07	4.44	0.17
19721123	3.18	3.91	0.17
19721124	0.64	3.23	0.18
19721125	3.84	2.61	0.18
19721126	0.06	4.53	0.2
19721127	1.09	5.26	0.19
19721128	0.36	4.78	0.18
19721129	1.14	6.12	0.18
19721130	0.67	6.34	0.15
19721201	0.68	9.74	0.18
19721202	0.49	7.14	0.19
19721203	0.01	5.84	0.16
19721204	3.03	5.26	0.16
19721205	10.84	8.06	0.23
19721206	11.28	7.91	0.61
19721207	1.3	4.89	0.37
19721208	2.42	4.4	0.28
19721209	3.11	5.0	0.29
19721210	0.2	4.33	0.25
19721211	2.89	5.53	0.25
19721212	0.25	9.8	0.25
19721213	0.01	10.97	0.23
19721214	0.0	9.51	0.22
19721215	2.66	5.95	0.21
19721216	0.54	7.01	0.22
19721217	0.23	5.02	0.22
19721218	0.11	3.89	0.19
19721219	0.0	2.83	0.19
19721220	0.0	1.77	0.2
19721221	0.01	0.32	0.19
19721222	0.0	0.77	0.19
19721223	0.03	2.03	0.17
19721224	0.02	4.12	0.16
19721225	0.01	4.33	0.17
19721226	0.01	5.9	0.17
19721227	0.0	7.24	0.19
19721228	0.0	5.62	0.17
19721229	0.05	4.13	0.15
19721230	0.01	1.03	0.16
19721231	0.05	0.53	0.16
19730101	0.01	1.29	0.18
19730102	0.03	2.56	0.16
19730103	1.63	6.08	0.16
19730104	0.18	3.74	0.13
19730105	0.08	2.54	0.15
19730106	1.22	3.97	0.15
19730107	0.79	4.66	0.14
19730108	0.41	2.85	0.18
19730109	0.05	2.69	0.19
19730110	0.05	4.11	0.15
19730111	0.0	3.14	0.16
19730112	0.0	1.95	0.16
19730113	0.0	3.98	0.16
19730114	1.04	7.38	0.16
19730115	0.18	3.27	0.16
19730116	0.16	1.71	0.15
19730117	0.06	2.16	0.17
19730118	0.02	3.49	0.13
19730119	0.33	2.06	0.13
19730120	2.15	2.13	0.19
19730121	0.02	1.98	0.15
19730122	1.65	3.95	0.14
19730123	1.75	6.53	0.16
19730124	0.04	7.88	0.17
19730125	0.0	7.13	0.16
19730126	4.39	6.38	0.18
19730127	0.01	3.21	0.21
19730128	0.07	4.68	0.17
19730129	0.0	7.31	0.17
19730130	0.38	4.1	0.17
19730131	0.05	3.37	0.17
19730201	0.0	3.66	0.17
19730202	0.02	3.98	0.16
19730203	0.01	2.06	0.16
19730204	0.01	1.02	0.16
19730205	0.0	4.65	0.15
19730206	0.0	8.33	0.14
19730207	2.11	8.4	0.15
19730208	1.9	5.29	0.21
19730209	0.37	3.74	0.16
19730210	0.41	2.88	0.17
19730211	1.18	4.97	0.16
19730212	10.54	4.45	0.35
19730213	0.1	1.28	0.45
19730214	0.82	-1.27	0.28
19730215	1.04	1.01	0.19
19730216	0.16	1.42	0.27
19730217	0.0	2.65	0.18
19730218	0.08	4.56	0.23
19730219	0.16	6.88	0.16
19730220	0.01	8.71	0.19
19730221	0.78	6.07	0.19
19730222	2.91	4.15	0.19
19730223	4.99	1.55	0.29
19730224	0.46	1.68	0.22
19730225	0.03	0.4	0.26
19730226	0.0	0.75	0.24
19730227	0.04	3.38	0.21
19730228	0.4	3.96	0.21
19730301	2.06	3.96	0.2
19730302	0.0	6.1	0.2
19730303	0.12	8.4	0.21
19730304	0.19	9.19	0.2
19730305	3.42	4.94	0.26
19730306	2.62	3.28	0.19
19730307	0.01	4.63	0.21
19730308	0.0	7.54	0.21
19730309	0.0	5.4	0.19
19730310	0.0	3.02	0.19
19730311	0.0	4.96	0.19
19730312	0.0	5.47	0.18
19730313	0.59	5.39	0.17
19730314	0.0	3.17	0.15
19730315	0.01	4.34	0.15
19730316	0.0	4.3	0.16
19730317	0.02	7.17	0.16
19730318	0.0	7.21	0.17
19730319	0.0	7.75	0.15
19730320	0.0	7.64	0.16
19730321	0.0	5.17	0.16
19730322	0.0	7.49	0.13
19730323	0.0	9.61	0.16
19730324	0.43	8.7	0.15
19730325	0.0	7.19	0.15
19730326	0.0	5.83	0.14
19730327	0.0	7.07	0.14
19730328	0.0	4.71	0.14
19730329	0.0	6.55	0.14
19730330	1.42	4.73	0.14
19730331	0.14	8.37	0.14
19730401	15.13	8.31	0.16
19730402	3.82	5.59	0.48
19730403	2.89	3.56	0.2
19730404	6.09	6.25	0.46
19730405	0.01	8.01	0.39
19730406	0.99	6.48	0.22
19730407	0.41	4.49	0.24
19730408	3.01	2.62	0.3
19730409	0.84	3.53	0.19
19730410	0.08	7.02	0.18
19730411	0.12	5.11	0.22
19730412	0.53	4.08	0.17
19730413	0.0	6.33	0.18
19730414	1.16	8.91	0.17
19730415	0.48	8.96	0.17
19730416	0.02	10.92	0.18
19730417	0.01	10.02	0.16
19730418	0.71	7.24	0.15
19730419	3.68	5.28	0.23
19730420	0.95	4.98	0.13
19730421	3.54	5.64	0.16
19730422	0.04	6.95	0.18
19730423	0.64	7.25	0.17
19730424	0.0	8.49	0.17
19730425	0.0	7.64	0.16
19730426	0.0	9.5	0.16
19730427	0.0	8.83	0.17
19730428	7.95	8.98	0.27
19730429	2.85	7.24	0.25
19730430	3.52	9.11	0.29
19730501	0.0	6.6	0.2
19730502	0.01	8.8	0.22
19730503	9.8	9.62	0.26
19730504	2.14	11.5	0.26
19730505	8.58	9.11	0.49
19730506	0.66	8.04	0.39
19730507	0.36	9.54	0.35
19730508	0.47	10.45	0.22
19730509	3.97	11.09	0.23
19730510	2.57	7.97	0.27
19730511	0.0	8.92	0.25
19730512	0.0	10.51	0.18
19730513	2.88	10.53	0.22
19730514	0.03	7.51	0.19
19730515	0.0	7.42	0.19
19730516	0.15	9.96	0.18
19730517	1.74	12.77	0.18
19730518	0.24	12.07	0.18
19730519	3.42	13.91	0.19
19730520	1.31	14.28	0.19
19730521	0.02	14.91	0.16
19730522	6.68	14.88	0.15
19730523	1.05	12.86	0.17
19730524	1.05	12.18	0.16
19730525	0.0	13.95	0.15
19730526	0.0	14.96	0.12
19730527	0.0	15.84	0.12
19730528	3.99	15.16	0.13
19730529	7.14	15.13	0.16
19730530	0.02	15.01	0.2
19730531	0.05	12.31	0.16
19730601	0.0	9.4	0.14
19730602	0.0	13.06	0.13
19730603	0.01	12.05	0.12
19730604	0.0	10.26	0.12
19730605	0.0	11.23	0.11
19730606	0.0	13.97	0.11
19730607	0.0	13.98	0.11
19730608	0.0	18.52	0.11
19730609	0.08	17.35	0.11
19730610	0.04	14.0	0.11
19730611	0.0	14.57	0.1
19730612	0.0	15.95	0.1
19730613	0.0	11.07	0.09
19730614	0.0	13.22	0.09
19730615	0.0	16.06	0.08
19730616	0.0	17.95	0.08
19730617	0.0	16.97	0.09
19730618	0.0	17.52	0.09
19730619	9.09	18.47	0.09
19730620	0.76	15.22	0.12
19730621	0.0	15.16	0.13
19730622	0.0	15.57	0.09
19730623	0.0	16.48	0.07
19730624	0.0	16.72	0.08
19730625	0.0	17.77	0.08
19730626	7.58	19.09	0.12
19730627	8.91	17.11	0.1
19730628	1.2	14.41	0.1
19730629	0.0	16.7	0.1
19730630	0.0	18.22	0.09
19730701	0.0	20.3	0.08
19730702	0.0	18.98	0.08
19730703	0.0	17.74	0.08
19730704	0.01	17.04	0.08
19730705	6.26	20.43	0.08
19730706	1.93	18.55	0.09
19730707	0.04	11.7	0.08
19730708	0.0	12.81	0.09
19730709	0.0	16.33	0.08
19730710	3.16	18.13	0.08
19730711	1.75	17.89	0.08
19730712	0.34	15.91	0.08
19730713	0.22	16.72	0.1
19730714	2.13	17.8	0.08
19730715	23.68	15.51	0.33
19730716	8.07	15.77	0.22
19730717	2.35	15.72	0.17
19730718	1.82	15.54	0.15
19730719	1.61	14.98	0.12
19730720	4.28	15.43	0.14
19730721	11.33	15.8	0.2
19730722	4.25	11.23	0.26
19730723	0.63	10.59	0.19
19730724	0.01	14.98	0.14
19730725	0.0	15.37	0.14
19730726	0.0	12.13	0.11
19730727	0.07	13.8	0.11
19730728	0.01	13.89	0.11
19730729	0.06	15.89	0.11
19730730	0.0	15.61	0.1
19730731	0.0	15.57	0.09
19730801	0.0	18.09	0.09
19730802	0.04	20.82	0.11
19730803	0.1	16.76	0.08
19730804	4.63	15.87	0.08
19730805	7.31	17.86	0.09
19730806	7.83	14.04	0.12
19730807	1.84	14.2	0.14
19730808	0.01	15.53	0.12
19730809	0.0	18.05	0.1
19730810	0.0	17.99	0.09
19730811	0.0	18.23	0.09
19730812	0.0	17.69	0.08
19730813	0.0	18.56	0.09
19730814	0.0	19.64	0.08
19730815	0.0	19.13	0.08
19730816	0.0	22.42	0.08
19730817	0.0	17.76	0.08
19730818	0.0	16.95	0.08
19730819	0.0	19.44	0.08
19730820	2.04	16.31	0.08
19730821	0.01	11.94	0.08
19730822	0.0	13.87	0.08
19730823	0.0	14.28	0.07
19730824	0.0	16.69	0.07
19730825	0.0	16.46	0.08
19730826	0.0	14.55	0.09
19730827	0.04	18.77	0.07
19730828	0.01	16.22	0.09
19730829	0.14	16.15	0.08
19730830	0.47	14.11	0.07
19730831	0.0	15.49	0.07
19730901	0.62	16.43	0.07
19730902	0.05	18.74	0.08
19730903	0.01	19.21	0.07
19730904	0.14	19.47	0.07
19730905	0.0	20.65	0.07
19730906	0.0	17.18	0.07
19730907	0.0	17.97	0.07
19730908	0.02	18.37	0.09
19730909	0.0	18.36	0.06
19730910	0.0	11.37	0.05
19730911	0.0	11.36	0.06
19730912	0.0	15.73	0.06
19730913	0.0	14.31	0.06
19730914	0.0	16.0	0.07
19730915	6.27	18.81	0.06
19730916	0.43	18.04	0.07
19730917	7.45	14.34	0.08
19730918	9.75	15.95	0.09
19730919	1.25	11.71	0.12
19730920	9.56	14.14	0.08
19730921	17.04	9.77	0.35
19730922	0.05	9.57	0.18
19730923	1.72	12.06	0.11
19730924	2.61	9.75	0.13
19730925	0.02	12.34	0.12
19730926	3.93	10.43	0.16
19730927	9.61	12.17	0.15
19730928	0.01	11.03	0.17
19730929	3.26	11.6	0.15
19730930	8.32	10.6	0.2
19731001	0.01	8.28	0.21
19731002	0.87	12.56	0.16
19731003	0.03	13.67	0.13
19731004	0.01	14.32	0.13
19731005	0.01	14.2	0.13
19731006	0.22	15.53	0.12
19731007	0.0	12.41	0.13
19731008	0.01	13.6	0.12
19731009	3.98	12.99	0.1
19731010	9.16	9.75	0.17
19731011	0.59	6.19	0.17
19731012	0.12	8.8	0.19
19731013	0.0	7.53	0.14
19731014	1.0	8.52	0.14
19731015	3.26	9.03	0.12
19731016	2.96	5.99	0.12
19731017	0.02	3.9	0.14
19731018	5.27	6.55	0.13
19731019	8.43	8.27	0.22
19731020	3.55	9.73	0.26
19731021	0.27	5.53	0.21
19731022	0.71	7.34	0.18
19731023	0.01	6.29	0.16
19731024	0.0	7.52	0.19
19731025	0.0	7.88	0.13
19731026	0.0	7.76	0.12
19731027	0.0	7.06	0.13
19731028	0.01	7.46	0.13
19731029	0.01	5.66	0.13
19731030	0.11	7.34	0.13
19731031	0.01	7.45	0.12
19731101	0.0	7.2	0.12
19731102	0.0	10.5	0.12
19731103	0.0	12.03	0.14
19731104	2.97	8.86	0.12
19731105	0.14	5.14	0.14
19731106	0.0	3.39	0.12
19731107	0.05	7.53	0.12
19731108	0.0	11.24	0.11
19731109	5.95	10.99	0.11
19731110	0.24	7.81	0.22
19731111	0.34	4.26	0.16
19731112	2.94	8.42	0.11
19731113	0.02	6.35	0.12
19731114	7.19	6.67	0.18
19731115	0.06	6.09	0.18
19731116	0.0	2.03	0.17
19731117	0.0	1.43	0.15
19731118	0.0	5.93	0.15
19731119	0.0	3.22	0.15
19731120	0.0	1.74	0.1
19731121	0.0	2.82	0.12
19731122	0.02	3.68	0.16
19731123	0.0	8.27	0.17
19731124	0.0	5.46	0.1
19731125	0.02	1.29	0.11
19731126	0.02	-0.7	0.12
19731127	0.01	-1.38	0.15
19731128	4.2	-1.61	0.13
19731129	0.19	-0.68	0.18
19731130	0.59	-3.67	0.11
19731201	0.18	-2.31	0.1
19731202	3.5	-0.6	0.11
19731203	0.05	6.45	0.13
19731204	0.04	9.83	0.19
19731205	0.0	8.2	0.15
19731206	0.04	4.5	0.14
19731207	15.2	6.09	0.21
19731208	0.25	2.05	0.42
19731209	0.01	1.39	0.29
19731210	5.23	3.76	0.25
19731211	0.03	3.53	0.28
19731212	3.73	4.56	0.32
19731213	1.32	5.23	0.34
19731214	0.68	2.4	0.35
19731215	1.33	4.46	0.27
19731216	0.99	5.37	0.23
19731217	0.01	1.37	0.25
19731218	0.03	1.67	0.22
19731219	0.36	4.49	0.22
19731220	0.51	6.81	0.2
19731221	0.2	6.46	0.2
19731222	3.21	4.5	0.2
19731223	0.06	4.2	0.21
19731224	0.05	3.41	0.21
19731225	2.32	3.25	0.19
19731226	0.1	7.37	0.19
19731227	0.24	8.14	0.22
19731228	0.13	8.12	0.19
19731229	0.43	7.28	0.16
19731230	1.6	1.88	0.2
19731231	0.11	-0.97	0.19
19740101	0.02	-0.92	0.18
19740102	0.45	0.56	0.18
19740103	0.1	3.46	0.18
19740104	1.72	6.33	0.19
19740105	1.14	6.83	0.19
19740106	1.96	6.33	0.19
19740107	0.55	5.08	0.2
19740108	4.56	3.59	0.25
19740109	0.01	1.27	0.28
19740110	7.4	5.24	0.59
19740111	1.4	8.06	0.56
19740112	4.25	9.19	0.58
19740113	1.39	5.56	0.62
19740114	0.05	8.38	0.6
19740115	1.76	8.85	0.51
19740116	5.14	6.55	0.52
19740117	0.06	6.57	0.55
19740118	0.0	8.54	0.49
19740119	0.01	5.22	0.36
19740120	0.0	3.87	0.32
19740121	0.0	4.16	0.31
19740122	0.03	6.18	0.3
19740123	1.53	7.3	0.25
19740124	0.02	4.66	0.26
19740125	0.03	5.42	0.24
19740126	0.99	5.38	0.26
19740127	1.34	6.24	0.24
19740128	0.18	5.79	0.25
19740129	0.0	4.37	0.24
19740130	0.0	5.53	0.21
19740131	0.0	6.53	0.19
19740201	0.0	7.54	0.21
19740202	0.0	4.7	0.21
19740203	0.18	5.75	0.2
19740204	1.94	2.4	0.19
19740205	4.12	2.48	0.21
19740206	5.11	2.35	0.33
19740207	0.24	1.51	0.33
19740208	7.23	5.69	0.35
19740209	7.04	7.98	1.24
19740210	5.84	9.56	1.3
19740211	1.32	7.73	1.32
19740212	0.45	6.26	0.96
19740213	5.0	4.44	0.76
19740214	6.43	5.21	1.05
19740215	0.04	7.78	1.34
19740216	0.04	5.75	1.02
19740217	0.0	6.05	0.67
19740218	0.4	4.96	0.53
19740219	0.13	2.19	0.48
19740220	0.01	4.64	0.43
19740221	0.0	10.33	0.4
19740222	1.96	5.05	0.38
19740223	0.02	3.44	0.34
19740224	0.0	5.24	0.3
19740225	0.03	5.27	0.27
19740226	0.15	3.92	0.25
19740227	0.01	1.53	0.28
19740228	3.88	2.17	0.28
19740301	4.38	1.23	0.43
19740302	0.0	2.05	0.38
19740303	0.33	3.16	0.33
19740304	3.63	4.13	0.37
19740305	0.22	3.84	0.33
19740306	0.0	3.71	0.32
19740307	0.0	4.87	0.29
19740308	0.01	3.28	0.26
19740309	0.62	2.6	0.28
19740310	1.78	4.51	0.29
19740311	9.07	4.04	0.3
19740312	0.27	3.53	0.57
19740313	2.61	4.2	0.5
19740314	0.25	3.33	0.43
19740315	6.37	6.7	0.59
19740316	0.02	8.24	0.82
19740317	1.79	6.89	0.54
19740318	0.11	6.85	0.56
19740319	0.02	6.78	0.37
19740320	0.03	6.07	0.37
19740321	0.0	6.85	0.32
19740322	0.0	6.63	0.27
19740323	0.0	6.45	0.3
19740324	0.07	7.03	0.27
19740325	0.0	8.42	0.27
19740326	0.0	8.41	0.28
19740327	0.0	8.43	0.21
19740328	0.0	7.46	0.24
19740329	0.0	8.3	0.23
19740330	0.0	6.51	0.22
19740331	0.0	8.22	0.21
19740401	0.0	7.55	0.22
19740402	0.01	10.67	0.22
19740403	0.0	10.09	0.23
19740404	0.0	11.09	0.19
19740405	0.0	10.05	0.18
19740406	0.0	10.25	0.18
19740407	0.0	10.36	0.18
19740408	0.0	9.85	0.18
19740409	0.0	9.46	0.18
19740410	0.0	11.02	0.18
19740411	0.81	10.75	0.18
19740412	0.05	6.89	0.18
19740413	0.0	5.37	0.17
19740414	0.1	5.37	0.17
19740415	0.02	7.33	0.17
19740416	0.04	8.25	0.17
19740417	0.0	4.57	0.16
19740418	0.04	7.26	0.16
19740419	0.0	6.96	0.16
19740420	0.0	6.81	0.16
19740421	0.0	7.55	0.16
19740422	0.0	4.79	0.16
19740423	0.15	7.9	0.16
19740424	0.02	6.02	0.15
19740425	2.33	6.86	0.16
19740426	0.64	6.39	0.16
19740427	3.56	7.2	0.16
19740428	1.58	5.44	0.17
19740429	0.01	8.06	0.17
19740430	0.0	8.95	0.17
19740501	0.55	8.18	0.17
19740502	0.75	8.64	0.13
19740503	0.47	10.2	0.13
19740504	0.07	7.99	0.15
19740505	0.39	6.28	0.15
19740506	0.09	5.61	0.15
19740507	0.0	5.27	0.14
19740508	0.0	9.19	0.15
19740509	2.1	11.78	0.14
19740510	0.02	11.77	0.14
19740511	0.56	10.07	0.14
19740512	0.02	11.79	0.14
19740513	1.18	11.98	0.14
19740514	0.0	9.87	0.13
19740515	0.0	11.52	0.13
19740516	0.0	13.62	0.13
19740517	0.0	13.17	0.12
19740518	0.0	16.41	0.12
19740519	0.0	13.25	0.14
19740520	0.0	15.0	0.1
19740521	0.47	12.02	0.09
19740522	2.29	12.45	0.11
19740523	0.35	9.99	0.11
19740524	0.0	12.06	0.11
19740525	0.0	8.29	0.11
19740526	0.0	13.77	0.11
19740527	0.0	13.99	0.1
19740528	0.67	10.94	0.09
19740529	0.0	8.93	0.1
19740530	0.0	12.57	0.09
19740531	0.0	9.14	0.08
19740601	0.0	17.22	0.09
19740602	2.85	15.29	0.09
19740603	0.02	12.29	0.09
19740604	0.04	13.39	0.09
19740605	0.28	14.77	0.09
19740606	3.78	10.69	0.09
19740607	1.17	11.72	0.09
19740608	2.45	8.14	0.1
19740609	10.19	10.3	0.15
19740610	0.91	11.61	0.16
19740611	0.02	14.61	0.13
19740612	0.0	12.01	0.11
19740613	0.0	14.27	0.1
19740614	0.0	16.23	0.1
19740615	0.0	15.62	0.1
19740616	1.11	16.8	0.09
19740617	3.12	15.36	0.09
19740618	0.06	13.48	0.09
19740619	0.06	15.09	0.09
19740620	0.0	15.32	0.09
19740621	0.0	15.76	0.08
19740622	0.0	15.68	0.08
19740623	0.0	14.05	0.09
19740624	0.0	15.06	0.08
19740625	0.0	14.86	0.08
19740626	12.29	11.81	0.1
19740627	1.02	11.13	0.12
19740628	4.11	13.36	0.13
19740629	0.06	15.92	0.12
19740630	1.47	16.36	0.11
19740701	0.01	11.99	0.1
19740702	5.88	15.45	0.1
19740703	1.53	11.75	0.11
19740704	15.39	13.32	0.15
19740705	0.04	15.91	0.2
19740706	0.0	12.62	0.16
19740707	0.0	17.95	0.1
19740708	0.0	18.92	0.1
19740709	0.0	15.68	0.1
19740710	0.0	16.01	0.1
19740711	0.0	13.48	0.09
19740712	0.37	15.18	0.09
19740713	6.11	11.9	0.1
19740714	0.77	14.28	0.1
19740715	2.76	14.38	0.11
19740716	1.5	15.04	0.11
19740717	0.01	12.57	0.1
19740718	0.47	13.32	0.09
19740719	0.35	18.0	0.09
19740720	0.0	16.05	0.09
19740721	0.0	17.69	0.08
19740722	1.73	18.69	0.08
19740723	0.03	14.82	0.08
19740724	0.56	12.3	0.08
19740725	0.33	16.25	0.08
19740726	0.06	16.29	0.08
19740727	0.01	15.73	0.08
19740728	0.1	16.1	0.08
19740729	0.0	18.27	0.07
19740730	6.16	17.97	0.07
19740731	0.1	18.44	0.08
19740801	0.0	14.52	0.08
19740802	0.0	14.36	0.07
19740803	3.23	16.26	0.07
19740804	10.75	14.01	0.1
19740805	0.01	13.17	0.11
19740806	0.0	14.98	0.09
19740807	10.03	17.78	0.09
19740808	8.41	14.31	0.15
19740809	9.99	16.99	0.16
19740810	5.63	15.35	0.18
19740811	11.01	14.37	0.17
19740812	2.42	16.11	0.21
19740813	1.6	16.51	0.2
19740814	0.03	20.31	0.16
19740815	0.01	20.96	0.12
19740816	0.04	16.22	0.11
19740817	4.88	14.81	0.11
19740818	0.19	15.24	0.12
19740819	0.0	13.05	0.11
19740820	0.0	13.6	0.1
19740821	0.0	15.58	0.09
19740822	0.0	16.16	0.09
19740823	0.0	18.42	0.09
19740824	0.06	17.22	0.09
19740825	0.12	19.07	0.08
19740826	13.86	14.15	0.15
19740827	0.02	11.62	0.18
19740828	0.0	14.74	0.08
19740829	0.0	16.59	0.1
19740830	5.74	16.24	0.1
19740831	8.72	14.01	0.12
19740901	2.07	13.04	0.18
19740902	1.04	15.88	0.14
19740903	1.71	14.31	0.13
19740904	14.52	13.61	0.12
19740905	3.67	12.01	0.24
19740906	1.28	14.61	0.23
19740907	0.97	13.65	0.18
19740908	0.02	14.7	0.11
19740909	0.05	12.27	0.12
19740910	0.0	12.26	0.11
19740911	2.35	15.57	0.11
19740912	0.83	16.58	0.12
19740913	0.0	14.68	0.11
19740914	0.0	15.99	0.1
19740915	0.02	15.71	0.1
19740916	0.0	16.44	0.1
19740917	0.02	12.39	0.1
19740918	0.0	9.92	0.09
19740919	0.0	12.03	0.09
19740920	0.0	12.46	0.09
19740921	4.15	9.8	0.1
19740922	4.26	11.01	0.1
19740923	14.04	12.14	0.13
19740924	4.01	8.52	0.17
19740925	4.43	9.38	0.17
19740926	5.98	9.5	0.18
19740927	8.25	9.07	0.28
19740928	0.12	7.36	0.32
19740929	0.03	7.3	0.17
19740930	0.1	7.73	0.16
19741001	0.11	7.99	0.15
19741002	10.06	7.72	0.16
19741003	11.37	10.01	0.32
19741004	9.72	9.33	1.0
19741005	0.08	7.8	0.8
19741006	12.44	6.9	0.58
19741007	15.61	6.49	1.33
19741008	1.3	10.06	2.26
19741009	1.02	8.07	1.18
19741010	1.29	6.17	0.64
19741011	3.28	7.64	0.51
19741012	0.65	6.83	0.43
19741013	0.73	6.56	0.39
19741014	0.0	7.24	0.29
19741015	6.84	8.81	0.32
19741016	0.17	6.73	0.44
19741017	0.01	6.51	0.44
19741018	11.29	7.94	0.77
19741019	0.84	7.6	1.31
19741020	0.12	6.0	0.76
19741021	5.08	6.46	0.56
19741022	5.49	8.51	0.69
19741023	1.85	8.36	0.91
19741024	0.06	8.54	0.78
19741025	0.0	9.26	0.59
19741026	0.02	9.43	0.43
19741027	0.22	7.46	0.43
19741028	12.86	5.52	0.36
19741029	8.71	5.6	1.79
19741030	5.49	3.67	2.33
19741031	0.09	4.07	1.91
19741101	0.08	2.81	1.12
19741102	1.84	6.54	0.8
19741103	4.78	4.55	0.95
19741104	0.38	6.6	1.02
19741105	0.01	5.75	0.74
19741106	0.31	6.6	0.65
19741107	0.09	8.17	0.52
19741108	2.8	9.51	0.58
19741109	0.09	9.21	0.52
19741110	0.27	8.46	0.52
19741111	5.95	6.11	0.69
19741112	0.31	4.61	0.69
19741113	6.22	8.66	0.64
19741114	5.9	9.06	1.82
19741115	6.85	7.9	1.65
19741116	0.92	5.2	1.61
19741117	13.93	7.12	1.52
19741118	12.38	4.53	4.65
19741119	0.17	1.68	5.12
19741120	8.8	4.4	2.99
19741121	18.1	8.05	4.38
19741122	0.38	7.36	5.14
19741123	0.69	6.65	2.66
19741124	3.22	6.66	1.75
19741125	0.0	5.2	1.6
19741126	0.27	2.65	1.14
19741127	3.07	6.04	1.04
19741128	0.02	5.01	1.03
19741129	8.46	4.69	0.81
19741130	0.36	7.3	1.48
19741201	0.02	10.2	1.27
19741202	0.15	11.86	1.0
19741203	0.01	10.38	0.84
19741204	0.01	7.76	0.78
19741205	0.13	7.11	0.68
19741206	0.0	8.98	0.6
19741207	0.65	10.75	0.56
19741208	0.0	9.69	0.56
19741209	0.01	5.12	0.53
19741210	7.31	4.08	0.51
19741211	2.61	1.54	0.98
19741212	1.7	4.35	1.0
19741213	0.81	4.24	0.83
19741214	1.0	5.92	0.77
19741215	0.03	4.32	0.69
19741216	4.1	6.12	0.77
19741217	0.0	4.73	0.85
19741218	0.02	5.09	0.68
19741219	0.0	8.46	0.6
19741220	0.0	9.54	0.53
19741221	0.05	9.98	0.56
19741222	2.7	9.03	0.53
19741223	3.01	8.81	0.54
19741224	1.71	4.99	0.65
19741225	3.09	8.56	0.79
19741226	5.76	9.18	0.86
19741227	0.29	9.94	1.13
19741228	0.31	12.77	1.03
19741229	0.06	5.99	0.74
19741230	0.0	4.34	0.63
19741231	0.0	8.04	0.58
19750101	0.12	6.92	0.53
19750102	0.0	7.16	0.53
19750103	0.0	4.97	0.5
19750104	1.1	5.41	0.47
19750105	0.03	9.08	0.46
19750106	3.49	7.68	0.47
19750107	3.54	5.24	0.55
19750108	0.09	5.79	0.6
19750109	0.0	7.36	0.56
19750110	0.0	7.47	0.53
19750111	0.01	8.78	0.51
19750112	0.56	6.22	0.48
19750113	0.0	6.45	0.45
19750114	0.31	7.78	0.45
19750115	0.01	9.9	0.44
19750116	3.83	4.8	0.39
19750117	1.97	3.03	0.41
19750118	6.11	2.14	0.59
19750119	2.18	3.73	0.78
19750120	11.4	4.41	1.66
19750121	4.72	5.57	2.02
19750122	6.49	6.15	2.98
19750123	0.88	5.26	2.76
19750124	4.36	6.19	1.42
19750125	0.17	5.75	1.43
19750126	5.96	5.65	1.11
19750127	3.84	5.2	2.25
19750128	6.62	1.94	2.76
19750129	0.17	6.44	2.61
19750130	0.29	11.34	1.56
19750131	3.63	6.14	1.38
19750201	0.03	5.29	1.18
19750202	0.08	5.81	0.96
19750203	0.02	4.76	0.89
19750204	0.0	2.92	0.78
19750205	0.0	2.12	0.72
19750206	0.0	2.93	0.61
19750207	0.02	4.48	0.6
19750208	0.0	2.23	0.58
19750209	0.01	2.96	0.53
19750210	2.13	2.35	0.54
19750211	3.05	6.27	0.59
19750212	4.25	6.38	0.81
19750213	2.8	5.3	1.02
19750214	0.05	2.83	1.04
19750215	0.0	2.43	0.83
19750216	1.24	4.17	0.69
19750217	0.55	7.09	0.7
19750218	3.34	3.74	0.68
19750219	0.03	3.67	0.78
19750220	0.0	3.85	0.72
19750221	0.01	2.28	0.64
19750222	0.0	5.05	0.6
19750223	0.0	4.89	0.56
19750224	0.01	6.25	0.46
19750225	0.0	3.58	0.46
19750226	0.0	2.41	0.46
19750227	0.01	4.17	0.44
19750228	0.01	4.43	0.45
19750301	0.0	7.99	0.46
19750302	2.18	7.5	0.46
19750303	0.21	6.14	0.46
19750304	6.47	8.06	0.46
19750305	0.32	6.1	0.56
19750306	7.28	6.53	0.75
19750307	2.64	4.58	1.17
19750308	1.91	6.69	1.07
19750309	1.25	6.98	0.98
19750310	1.7	4.48	0.78
19750311	5.71	5.27	0.88
19750312	3.97	4.51	1.23
19750313	0.97	3.6	1.58
19750314	0.94	3.31	1.35
19750315	1.2	3.13	1.04
19750316	0.38	2.83	0.9
19750317	0.79	2.7	0.8
19750318	2.05	2.4	0.75
19750319	0.39	3.36	0.72
19750320	0.11	4.13	0.63
19750321	8.25	5.12	0.56
19750322	0.55	4.03	1.26
19750323	0.2	5.5	1.07
19750324	0.08	4.8	0.86
19750325	2.07	5.69	0.72
19750326	0.82	2.51	0.71
19750327	3.45	2.31	0.67
19750328	3.19	1.65	0.92
19750329	4.2	2.71	1.07
19750330	0.99	1.93	1.26
19750331	0.54	4.83	1.17
19750401	5.56	5.7	0.9
19750402	3.0	3.91	1.06
19750403	3.69	2.97	1.17
19750404	1.41	3.43	1.21
19750405	2.29	1.47	1.16
19750406	0.08	4.05	1.08
19750407	2.87	4.08	1.07
19750408	4.58	3.31	1.12
19750409	1.52	2.07	1.16
19750410	0.59	5.21	1.03
19750411	0.08	8.07	0.87
19750412	0.0	8.42	0.74
19750413	4.41	11.86	0.69
19750414	4.3	8.6	1.05
19750415	0.17	8.88	1.06
19750416	1.59	7.78	0.82
19750417	1.94	10.46	0.76
19750418	13.0	13.31	1.24
19750419	0.01	10.04	2.64
19750420	0.0	12.26	1.38
19750421	0.0	11.02	0.94
19750422	0.0	13.86	0.76
19750423	0.0	8.49	0.63
19750424	0.0	10.41	0.56
19750425	0.01	11.79	0.55
19750426	0.3	11.53	0.5
19750427	2.86	8.86	0.55
19750428	0.0	11.79	0.53
19750429	0.0	8.6	0.51
19750430	0.08	10.41	0.43
19750501	0.25	12.05	0.4
19750502	1.22	8.43	0.4
19750503	0.04	7.24	0.37
19750504	0.0	7.03	0.37
19750505	0.0	9.46	0.36
19750506	0.0	10.75	0.36
19750507	14.15	9.89	0.61
19750508	0.0	11.84	0.55
19750509	0.0	11.32	0.45
19750510	4.43	10.77	0.44
19750511	0.2	6.26	0.43
19750512	4.1	11.6	0.41
19750513	2.64	11.35	0.44
19750514	2.19	10.89	0.42
19750515	0.0	8.47	0.41
19750516	9.95	9.26	0.38
19750517	4.76	9.82	1.24
19750518	0.06	7.33	0.92
19750519	0.0	10.76	0.6
19750520	0.0	14.05	0.51
19750521	0.0	10.09	0.44
19750522	0.38	6.78	0.39
19750523	0.07	7.02	0.37
19750524	1.83	9.05	0.37
19750525	0.01	10.71	0.35
19750526	0.0	12.46	0.29
19750527	0.0	12.85	0.29
19750528	0.0	11.99	0.28
19750529	0.06	8.21	0.26
19750530	0.02	6.21	0.28
19750531	1.4	7.96	0.26
19750601	0.56	7.86	0.28
19750602	7.63	6.68	0.32
19750603	2.25	7.48	0.39
19750604	0.84	10.45	0.36
19750605	0.0	13.38	0.27
19750606	0.0	16.59	0.28
19750607	0.0	15.76	0.24
19750608	0.0	15.78	0.22
19750609	0.0	14.26	0.23
19750610	0.0	14.97	0.22
19750611	0.0	15.39	0.22
19750612	0.0	17.97	0.21
19750613	0.0	18.78	0.21
19750614	0.0	16.78	0.2
19750615	9.07	11.42	0.24
19750616	4.19	12.17	0.3
19750617	6.95	11.69	0.3
19750618	0.01	15.66	0.28
19750619	0.0	14.8	0.25
19750620	0.0	16.17	0.24
19750621	0.0	16.71	0.21
19750622	0.0	15.68	0.21
19750623	0.08	15.05	0.21
19750624	0.0	15.8	0.2
19750625	0.0	13.35	0.19
19750626	0.0	16.33	0.18
19750627	0.0	11.91	0.18
19750628	0.01	12.28	0.18
19750629	0.0	12.43	0.18
19750630	0.0	12.58	0.17
19750701	0.0	13.94	0.17
19750702	0.0	15.04	0.17
19750703	0.3	17.69	0.17
19750704	0.07	15.44	0.17
19750705	0.0	13.12	0.17
19750706	0.0	14.29	0.16
19750707	0.15	16.24	0.15
19750708	5.0	19.47	0.16
19750709	11.49	17.68	0.25
19750710	1.09	18.52	0.21
19750711	0.1	17.92	0.18
19750712	3.86	18.21	0.17
19750713	0.0	20.48	0.17
19750714	0.02	20.51	0.2
19750715	5.58	17.26	0.15
19750716	0.01	17.54	0.16
19750717	4.36	17.16	0.18
19750718	1.74	17.24	0.19
19750719	1.43	19.43	0.18
19750720	0.48	15.82	0.18
19750721	0.18	16.42	0.17
19750722	0.87	17.47	0.17
19750723	1.14	14.68	0.17
19750724	0.84	13.91	0.17
19750725	0.0	14.43	0.17
19750726	0.0	17.31	0.17
19750727	0.0	18.74	0.16
19750728	0.0	20.21	0.16
19750729	0.0	21.39	0.15
19750730	0.0	21.83	0.14
19750731	0.0	19.16	0.14
19750801	0.0	16.3	0.13
19750802	0.0	16.74	0.12
19750803	0.0	20.68	0.13
19750804	0.0	22.8	0.13
19750805	0.02	21.89	0.13
19750806	0.0	22.72	0.13
19750807	0.0	23.13	0.12
19750808	0.21	25.11	0.11
19750809	0.56	19.91	0.11
19750810	1.08	19.72	0.12
19750811	0.0	20.85	0.12
19750812	0.0	21.29	0.11
19750813	0.01	21.6	0.11
19750814	1.35	22.0	0.11
19750815	0.74	19.38	0.11
19750816	0.0	16.17	0.11
19750817	0.0	17.54	0.11
19750818	0.0	17.81	0.12
19750819	1.09	19.82	0.13
19750820	0.04	16.7	0.13
19750821	5.99	14.49	0.13
19750822	0.79	14.19	0.13
19750823	0.2	15.69	0.13
19750824	0.01	14.53	0.13
19750825	0.0	14.34	0.12
19750826	0.0	18.0	0.12
19750827	0.0	18.0	0.11
19750828	0.0	18.5	0.11
19750829	0.0	19.5	0.11
19750830	0.0	16.01	0.11
19750831	0.0	17.25	0.12
19750901	0.0	16.2	0.11
19750902	0.0	17.15	0.11
19750903	0.0	14.13	0.11
19750904	0.0	14.06	0.12
19750905	0.0	15.05	0.11
19750906	0.0	16.35	0.11
19750907	0.0	17.59	0.11
19750908	0.21	19.08	0.11
19750909	1.56	16.3	0.12
19750910	0.74	14.97	0.12
19750911	1.03	13.13	0.12
19750912	2.05	10.83	0.12
19750913	10.12	13.05	0.12
19750914	6.17	10.91	0.18
19750915	0.04	9.11	0.14
19750916	1.54	13.76	0.14
19750917	1.02	15.93	0.14
19750918	2.28	14.12	0.14
19750919	0.1	17.12	0.15
19750920	0.1	12.98	0.13
19750921	0.0	11.97	0.12
19750922	0.0	15.5	0.13
19750923	0.16	11.94	0.13
19750924	0.01	15.72	0.13
19750925	15.37	11.9	0.18
19750926	11.43	11.13	0.17
19750927	7.22	12.07	0.31
19750928	0.31	14.26	0.21
19750929	4.46	16.47	0.2
19750930	17.94	11.13	0.42
19751001	6.45	10.75	0.45
19751002	1.09	13.8	0.29
19751003	0.05	10.28	0.19
19751004	0.08	13.59	0.19
19751005	0.0	13.23	0.18
19751006	0.15	10.8	0.16
19751007	0.0	10.37	0.17
19751008	0.01	8.81	0.16
19751009	1.08	7.43	0.16
19751010	3.78	9.09	0.15
19751011	2.19	8.95	0.16
19751012	0.16	7.14	0.19
19751013	0.05	8.34	0.16
19751014	0.13	9.24	0.15
19751015	1.35	9.49	0.16
19751016	0.51	9.67	0.16
19751017	7.74	9.99	0.24
19751018	0.01	9.54	0.19
19751019	0.0	10.74	0.15
19751020	0.0	9.5	0.17
19751021	0.04	8.49	0.17
19751022	0.0	10.38	0.16
19751023	0.0	9.94	0.17
19751024	0.1	12.1	0.16
19751025	0.0	10.26	0.16
19751026	0.0	8.37	0.15
19751027	0.03	9.4	0.16
19751028	0.02	6.9	0.16
19751029	0.0	8.04	0.16
19751030	0.02	12.42	0.16
19751031	0.04	10.39	0.16
19751101	5.4	9.71	0.18
19751102	5.29	7.98	0.18
19751103	0.32	6.0	0.21
19751104	0.01	7.69	0.2
19751105	0.39	9.77	0.19
19751106	1.07	7.85	0.18
19751107	0.38	8.55	0.18
19751108	0.1	9.55	0.18
19751109	0.87	6.51	0.18
19751110	1.33	2.81	0.18
19751111	0.0	4.12	0.18
19751112	0.0	4.56	0.18
19751113	0.0	1.53	0.18
19751114	0.29	2.26	0.17
19751115	11.32	8.8	0.24
19751116	15.74	6.61	0.36
19751117	22.44	6.04	1.53
19751118	0.28	4.94	1.17
19751119	4.94	9.64	0.6
19751120	0.11	3.95	0.53
19751121	0.01	3.13	0.4
19751122	0.0	3.39	0.24
19751123	0.01	4.91	0.29
19751124	0.0	4.89	0.26
19751125	1.19	6.24	0.24
19751126	0.62	2.61	0.24
19751127	3.23	6.55	0.31
19751128	5.61	3.0	0.27
19751129	0.18	0.88	0.38
19751130	0.01	-0.68	0.37
19751201	16.18	5.04	0.55
19751202	4.48	5.48	1.77
19751203	0.21	2.32	0.95
19751204	0.65	6.2	0.59
19751205	0.09	7.28	0.54
19751206	0.01	4.85	0.47
19751207	0.01	4.62	0.42
19751208	0.0	1.62	0.35
19751209	0.07	1.29	0.35
19751210	1.17	4.35	0.33
19751211	0.06	3.29	0.33
19751212	2.37	2.68	0.32
19751213	0.18	0.75	0.32
19751214	0.02	-0.42	0.25
19751215	0.0	-0.99	0.27
19751216	0.27	1.27	0.26
19751217	0.78	1.81	0.28
19751218	0.72	2.37	0.27
19751219	0.03	3.37	0.26
19751220	0.0	4.39	0.25
19751221	0.03	6.12	0.25
19751222	0.0	6.54	0.25
19751223	2.24	5.55	0.25
19751224	1.76	3.96	0.27
19751225	0.79	5.85	0.3
19751226	0.08	5.57	0.29
19751227	0.0	5.56	0.28
19751228	0.01	4.82	0.28
19751229	0.0	6.59	0.27
19751230	0.03	8.6	0.26
19751231	7.18	6.33	0.35
19760101	9.02	6.56	0.7
19760102	4.26	7.59	1.42
19760103	0.01	2.42	1.11
19760104	7.76	4.9	0.79
19760105	0.73	8.77	1.08
19760106	0.04	7.61	0.9
19760107	0.0	7.7	0.64
19760108	0.0	8.49	0.58
19760109	6.66	7.31	0.54
19760110	0.35	8.48	0.75
19760111	0.0	10.27	0.7
19760112	0.0	9.71	0.56
19760113	0.01	8.94	0.45
19760114	0.53	5.53	0.44
19760115	0.0	5.16	0.39
19760116	0.7	6.23	0.37
19760117	0.01	3.98	0.36
19760118	0.11	4.99	0.32
19760119	0.31	7.48	0.32
19760120	1.27	7.88	0.41
19760121	0.88	7.0	0.28
19760122	0.22	7.74	0.29
19760123	0.1	1.89	0.32
19760124	6.65	0.56	0.3
19760125	5.03	-0.03	0.35
19760126	3.26	-0.46	0.39
19760127	0.02	-1.16	0.51
19760128	0.02	-0.5	0.48
19760129	0.0	-0.16	0.38
19760130	0.0	-2.0	0.36
19760131	0.01	-1.39	0.31
19760201	0.0	-0.29	0.28
19760202	0.01	-0.29	0.3
19760203	0.1	0.12	0.3
19760204	0.0	0.61	0.29
19760205	0.0	1.47	0.3
19760206	0.0	1.61	0.32
19760207	0.0	2.69	0.3
19760208	0.63	2.56	0.32
19760209	3.67	5.11	0.31
19760210	4.77	4.08	0.34
19760211	0.09	3.29	0.52
19760212	5.12	6.1	0.68
19760213	0.12	3.01	0.9
19760214	0.0	1.84	0.59
19760215	0.0	1.38	0.51
19760216	0.01	1.37	0.44
19760217	0.17	1.98	0.43
19760218	0.0	1.02	0.41
19760219	0.0	2.5	0.38
19760220	0.0	5.52	0.35
19760221	1.57	7.74	0.33
19760222	0.17	6.65	0.33
19760223	0.38	8.29	0.31
19760224	0.0	9.07	0.3
19760225	0.0	8.75	0.29
19760226	0.0	8.72	0.28
19760227	0.0	6.79	0.27
19760228	0.01	5.57	0.28
19760229	1.78	6.98	0.28
19760301	0.0	3.69	0.27
19760302	0.0	5.34	0.25
19760303	0.0	4.25	0.24
19760304	0.0	4.59	0.24
19760305	0.0	2.8	0.24
19760306	0.02	1.18	0.23
19760307	0.12	0.06	0.23
19760308	0.19	0.67	0.23
19760309	0.98	1.56	0.22
19760310	0.01	4.55	0.22
19760311	0.14	4.42	0.22
19760312	4.38	5.01	0.25
19760313	0.4	3.01	0.23
19760314	0.39	3.26	0.23
19760315	0.76	5.3	0.25
19760316	0.09	3.34	0.25
19760317	3.0	4.11	0.23
19760318	0.02	1.91	0.21
19760319	0.0	1.36	0.23
19760320	0.0	3.16	0.22
19760321	0.0	3.8	0.24
19760322	0.0	1.46	0.2
19760323	0.0	1.17	0.2
19760324	1.38	5.43	0.2
19760325	1.89	10.31	0.22
19760326	0.01	7.09	0.22
19760327	0.0	8.57	0.22
19760328	0.0	9.79	0.2
19760329	0.03	9.52	0.19
19760330	0.0	9.05	0.2
19760331	0.0	9.82	0.2
19760401	0.01	8.96	0.2
19760402	0.49	6.89	0.2
19760403	0.12	5.69	0.2
19760404	0.18	7.0	0.2
19760405	0.0	11.68	0.2
19760406	0.01	8.75	0.17
19760407	0.04	5.05	0.19
19760408	0.0	6.21	0.19
19760409	0.04	7.65	0.19
19760410	0.0	10.25	0.19
19760411	0.0	9.27	0.19
19760412	0.0	9.55	0.19
19760413	10.41	10.33	0.23
19760414	2.03	7.34	0.28
19760415	0.0	8.65	0.23
19760416	0.0	6.83	0.21
19760417	0.0	10.84	0.21
19760418	0.0	10.52	0.2
19760419	0.0	9.97	0.18
19760420	0.0	10.26	0.18
19760421	0.01	6.65	0.18
19760422	0.39	6.34	0.18
19760423	0.15	5.11	0.18
19760424	0.0	7.38	0.17
19760425	0.0	7.23	0.17
19760426	0.03	6.89	0.17
19760427	0.09	3.4	0.17
19760428	0.0	3.18	0.17
19760429	0.0	9.38	0.17
19760430	0.11	7.39	0.18
19760501	0.26	10.7	0.15
19760502	0.4	11.3	0.17
19760503	4.66	9.65	0.19
19760504	0.27	10.36	0.18
19760505	0.26	13.05	0.17
19760506	0.03	12.88	0.16
19760507	0.0	15.11	0.15
19760508	0.0	15.2	0.16
19760509	0.0	15.17	0.14
19760510	0.0	10.15	0.14
19760511	0.05	12.73	0.14
19760512	2.01	9.87	0.14
19760513	0.54	8.02	0.14
19760514	0.0	11.38	0.14
19760515	0.78	12.52	0.12
19760516	0.0	12.42	0.12
19760517	0.02	15.07	0.14
19760518	0.2	13.51	0.12
19760519	2.12	11.57	0.1
19760520	10.75	9.57	0.23
19760521	0.01	12.37	0.15
19760522	0.0	15.04	0.15
19760523	0.0	14.0	0.14
19760524	0.0	12.71	0.13
19760525	2.53	9.58	0.13
19760526	7.65	11.01	0.17
19760527	0.04	11.84	0.18
19760528	0.03	11.85	0.15
19760529	0.96	12.99	0.17
19760530	0.05	13.57	0.15
19760531	0.17	15.16	0.15
19760601	0.88	13.99	0.14
19760602	0.0	9.28	0.13
19760603	0.0	8.29	0.13
19760604	0.0	11.0	0.13
19760605	0.0	15.55	0.13
19760606	0.0	17.59	0.12
19760607	0.0	17.27	0.11
19760608	0.0	19.44	0.1
19760609	0.0	20.12	0.11
19760610	0.0	15.84	0.1
19760611	0.0	16.17	0.1
19760612	0.0	16.65	0.1
19760613	0.0	18.1	0.09
19760614	0.0	18.05	0.09
19760615	0.01	17.45	0.09
19760616	0.0	12.11	0.09
19760617	0.0	16.71	0.09
19760618	0.91	18.05	0.09
19760619	5.84	13.53	0.1
19760620	0.01	12.93	0.11
19760621	0.0	18.19	0.1
19760622	0.05	19.54	0.09
19760623	0.0	21.77	0.09
19760624	0.0	21.03	0.08
19760625	0.0	21.72	0.08
19760626	0.0	24.13	0.08
19760627	0.0	22.81	0.08
19760628	0.0	20.49	0.07
19760629	0.0	19.09	0.07
19760630	0.0	19.77	0.07
19760701	0.0	18.25	0.07
19760702	0.0	20.05	0.07
19760703	0.0	21.69	0.05
19760704	0.0	20.83	0.05
19760705	0.0	20.81	0.06
19760706	0.0	18.92	0.06
19760707	0.0	18.57	0.06
19760708	0.0	19.68	0.06
19760709	0.0	20.22	0.06
19760710	0.0	17.95	0.06
19760711	0.0	18.04	0.06
19760712	0.01	20.78	0.06
19760713	0.0	20.56	0.06
19760714	0.0	17.86	0.07
19760715	19.42	21.62	0.06
19760716	0.56	17.95	0.14
19760717	0.03	17.83	0.1
19760718	0.0	20.31	0.09
19760719	0.46	20.44	0.08
19760720	0.6	15.91	0.07
19760721	2.49	13.76	0.08
19760722	0.0	15.6	0.07
19760723	0.03	16.68	0.07
19760724	0.17	16.02	0.07
19760725	1.45	17.82	0.07
19760726	0.0	15.35	0.06
19760727	0.0	17.88	0.06
19760728	0.0	13.96	0.06
19760729	0.93	19.02	0.06
19760730	1.88	15.32	0.06
19760731	1.24	10.83	0.07
19760801	0.02	17.13	0.08
19760802	0.04	17.67	0.07
19760803	5.17	14.7	0.08
19760804	0.0	15.03	0.08
19760805	0.0	15.68	0.07
19760806	0.0	16.08	0.07
19760807	0.0	16.51	0.07
19760808	0.0	16.73	0.07
19760809	0.0	16.9	0.06
19760810	0.0	16.87	0.06
19760811	0.0	17.63	0.05
19760812	0.0	18.07	0.05
19760813	0.0	18.93	0.05
19760814	0.0	17.84	0.05
19760815	0.0	18.0	0.05
19760816	0.0	17.22	0.06
19760817	0.0	17.49	0.05
19760818	0.0	17.12	0.05
19760819	0.0	17.4	0.05
19760820	0.0	18.54	0.05
19760821	0.0	18.55	0.05
19760822	0.0	17.13	0.06
19760823	0.0	16.85	0.06
19760824	0.0	18.47	0.05
19760825	0.0	19.19	0.05
19760826	0.24	19.59	0.05
19760827	4.2	16.79	0.05
19760828	11.91	14.13	0.1
19760829	18.61	18.79	0.11
19760830	13.3	15.73	0.21
19760831	0.09	14.16	0.2
19760901	8.01	13.69	0.11
19760902	1.68	12.25	0.14
19760903	0.02	12.86	0.12
19760904	0.0	12.46	0.11
19760905	0.0	12.99	0.11
19760906	0.0	14.13	0.1
19760907	0.0	14.92	0.1
19760908	0.58	16.04	0.1
19760909	2.0	10.55	0.1
19760910	14.71	12.16	0.1
19760911	4.16	13.27	0.16
19760912	0.15	14.11	0.14
19760913	0.23	11.04	0.12
19760914	0.16	12.21	0.12
19760915	0.01	11.45	0.12
19760916	1.23	13.55	0.12
19760917	1.13	10.07	0.12
19760918	0.67	11.65	0.12
19760919	0.04	14.08	0.12
19760920	0.0	17.24	0.11
19760921	0.0	14.87	0.11
19760922	0.98	15.09	0.11
19760923	0.35	15.48	0.08
19760924	13.93	16.22	0.1
19760925	14.42	16.16	0.38
19760926	4.75	16.06	0.21
19760927	0.46	16.29	0.23
19760928	1.37	16.44	0.16
19760929	1.17	14.05	0.15
19760930	6.06	15.94	0.15
19761001	5.86	13.48	0.16
19761002	1.01	13.98	0.18
19761003	14.34	13.83	0.2
19761004	1.69	10.38	0.36
19761005	4.91	13.59	0.28
19761006	8.78	13.94	0.23
19761007	0.71	12.28	0.26
19761008	2.73	11.8	0.24
19761009	0.38	13.76	0.21
19761010	0.06	13.93	0.19
19761011	0.08	15.04	0.18
19761012	0.09	10.49	0.17
19761013	0.53	10.18	0.15
19761014	13.93	11.36	0.2
19761015	0.35	8.94	0.26
19761016	0.01	8.43	0.26
19761017	0.01	11.7	0.14
19761018	9.95	10.15	0.19
19761019	6.15	8.69	0.35
19761020	0.05	7.19	0.34
19761021	6.64	8.31	0.27
19761022	4.41	10.73	0.31
19761023	0.13	9.85	0.32
19761024	2.89	10.35	0.28
19761025	4.2	12.24	0.26
19761026	2.85	10.14	0.26
19761027	1.84	11.12	0.27
19761028	2.11	8.84	0.27
19761029	4.64	9.17	0.3
19761030	0.42	7.33	0.38
19761031	0.42	7.03	0.37
19761101	3.39	8.29	0.28
19761102	0.38	4.16	0.28
19761103	0.03	2.24	0.27
19761104	1.2	6.16	0.25
19761105	0.66	8.84	0.23
19761106	3.34	7.42	0.23
19761107	0.02	7.55	0.22
19761108	0.03	6.72	0.22
19761109	0.45	7.48	0.22
19761110	2.5	3.86	0.22
19761111	6.89	4.32	0.22
19761112	1.62	6.21	0.4
19761113	1.63	6.39	0.49
19761114	0.1	4.71	0.39
19761115	3.86	5.91	0.32
19761116	2.18	5.81	0.35
19761117	0.06	7.5	0.42
19761118	0.0	7.41	0.38
19761119	0.0	7.81	0.32
19761120	0.0	6.34	0.28
19761121	0.34	5.86	0.26
19761122	0.14	3.21	0.25
19761123	0.1	2.38	0.24
19761124	1.31	6.92	0.23
19761125	0.05	6.98	0.23
19761126	0.57	7.37	0.22
19761127	0.81	7.14	0.23
19761128	5.62	6.69	0.24
19761129	0.61	5.55	0.33
19761130	15.59	2.77	0.94
19761201	0.67	2.85	1.41
19761202	0.33	1.34	0.86
19761203	0.02	-0.5	0.59
19761204	0.0	-0.98	0.47
19761205	3.11	0.95	0.35
19761206	0.18	5.0	0.4
19761207	3.47	5.27	0.45
19761208	0.09	3.42	0.49
19761209	0.0	0.67	0.41
19761210	0.01	0.31	0.34
19761211	0.01	-0.02	0.29
19761212	0.14	0.28	0.31
19761213	0.07	0.52	0.26
19761214	0.03	-0.86	0.23
19761215	0.0	0.15	0.24
19761216	0.22	2.09	0.25
19761217	12.48	1.3	0.5
19761218	2.92	2.66	0.88
19761219	3.88	3.88	1.03
19761220	1.48	5.87	1.09
19761221	1.23	2.4	0.82
19761222	0.15	5.08	0.72
19761223	0.01	4.74	0.55
19761224	0.4	2.82	0.57
19761225	0.84	2.38	0.44
19761226	0.02	2.88	0.46
19761227	1.36	1.42	0.41
19761228	0.0	-1.3	0.42
19761229	0.02	-1.82	0.38
19761230	0.23	2.4	0.32
19761231	8.95	5.75	0.37
19770101	7.42	4.32	0.9
19770102	0.7	1.17	1.46
19770103	0.0	-0.63	1.18
19770104	3.58	0.61	0.77
19770105	3.19	4.33	0.9
19770106	0.03	2.02	1.27
19770107	0.14	2.5	0.96
19770108	0.37	3.66	0.77
19770109	0.86	3.06	0.81
19770110	1.4	0.11	0.73
19770111	0.37	-1.8	0.62
19770112	1.99	-1.87	0.55
19770113	13.58	0.63	0.74
19770114	7.89	1.52	3.28
19770115	5.56	1.57	4.09
19770116	0.32	0.17	3.57
19770117	0.18	-0.38	1.89
19770118	0.67	1.81	1.24
19770119	0.82	1.49	1.08
19770120	0.52	3.55	0.95
19770121	0.17	5.94	0.86
19770122	2.9	6.02	0.78
19770123	0.32	4.08	0.78
19770124	5.5	6.41	0.83
19770125	4.56	8.09	1.61
19770126	0.14	5.41	1.73
19770127	13.76	5.61	1.68
19770128	0.93	2.42	3.4
19770129	0.21	-0.33	2.04
19770130	0.21	-0.87	1.25
19770131	0.6	1.91	1.0
19770201	1.11	-0.44	0.89
19770202	1.4	3.14	0.82
19770203	6.57	4.99	1.4
19770204	5.25	5.23	1.56
19770205	0.18	7.35	1.86
19770206	1.86	7.36	1.43
19770207	0.79	7.23	1.22
19770208	0.03	3.43	1.02
19770209	8.16	6.72	0.91
19770210	5.63	7.64	2.06
19770211	1.31	4.73	2.26
19770212	0.03	3.38	1.57
19770213	0.05	5.29	1.15
19770214	0.08	4.31	0.95
19770215	2.33	3.83	0.82
19770216	1.05	2.13	0.82
19770217	2.5	6.42	0.86
19770218	7.41	5.42	1.13
19770219	6.45	5.64	1.6
19770220	7.02	3.91	2.87
19770221	0.49	6.66	2.71
19770222	1.41	7.29	1.75
19770223	3.03	6.52	1.46
19770224	6.33	7.1	1.41
19770225	10.61	2.55	3.33
19770226	0.08	1.44	3.77
19770227	0.03	0.73	1.78
19770228	0.01	3.01	1.2
19770301	1.96	5.86	1.07
19770302	0.71	11.52	1.0
19770303	0.01	11.17	0.91
19770304	0.0	7.62	0.78
19770305	0.0	6.08	0.63
19770306	0.0	7.83	0.63
19770307	2.23	8.66	0.64
19770308	0.0	8.84	0.6
19770309	0.0	8.64	0.58
19770310	0.0	8.75	0.54
19770311	0.0	7.54	0.53
19770312	0.0	7.24	0.47
19770313	3.36	8.15	0.43
19770314	1.43	6.37	0.5
19770315	4.29	9.13	0.5
19770316	2.0	8.24	0.53
19770317	0.0	8.84	0.5
19770318	0.43	7.2	0.43
19770319	0.02	6.43	0.44
19770320	1.5	7.5	0.42
19770321	5.46	5.08	0.42
19770322	5.18	5.33	0.67
19770323	1.69	6.05	0.66
19770324	0.04	2.93	0.61
19770325	0.48	6.4	0.55
19770326	3.96	6.38	0.55
19770327	6.11	2.69	0.86
19770328	1.32	1.85	1.04
19770329	0.5	0.92	0.85
19770330	0.01	1.82	0.72
19770331	2.58	7.23	0.69
19770401	0.46	8.08	0.68
19770402	0.0	5.6	0.57
19770403	1.7	5.88	0.48
19770404	0.05	4.75	0.47
19770405	0.0	7.85	0.44
19770406	0.91	4.61	0.4
19770407	3.43	3.59	0.48
19770408	2.61	1.59	0.57
19770409	0.07	1.59	0.54
19770410	1.39	4.95	0.47
19770411	0.25	7.47	0.44
19770412	3.1	11.62	0.38
19770413	0.1	8.12	0.44
19770414	0.81	5.82	0.41
19770415	0.04	3.37	0.39
19770416	0.0	6.82	0.38
19770417	0.0	5.61	0.37
19770418	0.0	2.38	0.36
19770419	0.0	6.21	0.35
19770420	0.46	9.9	0.35
19770421	0.07	12.91	0.36
19770422	0.0	12.98	0.35
19770423	2.53	9.3	0.36
19770424	0.03	8.16	0.35
19770425	0.0	13.93	0.34
19770426	8.41	8.99	0.4
19770427	0.08	7.72	0.42
19770428	2.15	6.97	0.39
19770429	2.07	8.5	0.39
19770430	0.12	7.46	0.37
19770501	0.81	8.83	0.33
19770502	7.57	10.79	0.35
19770503	0.25	8.18	0.44
19770504	4.56	7.89	0.44
19770505	3.32	6.71	0.43
19770506	0.86	9.51	0.45
19770507	5.8	9.78	0.43
19770508	0.04	9.07	0.46
19770509	1.5	11.64	0.43
19770510	0.0	13.26	0.4
19770511	4.26	13.15	0.38
19770512	5.8	9.4	0.49
19770513	0.17	6.19	0.5
19770514	3.66	6.12	0.53
19770515	0.66	9.06	0.49
19770516	1.48	9.47	0.39
19770517	0.0	8.98	0.36
19770518	0.0	10.45	0.33
19770519	0.0	11.24	0.3
19770520	0.0	11.11	0.28
19770521	0.0	10.78	0.26
19770522	0.0	11.45	0.25
19770523	0.0	12.0	0.25
19770524	0.0	11.59	0.24
19770525	0.0	13.77	0.24
19770526	0.0	13.49	0.21
19770527	0.0	12.09	0.21
19770528	0.0	13.86	0.23
19770529	0.0	11.3	0.22
19770530	0.0	9.07	0.21
19770531	0.0	9.2	0.2
19770601	0.0	10.32	0.19
19770602	0.0	11.93	0.17
19770603	0.0	13.04	0.18
19770604	0.76	12.78	0.18
19770605	0.23	11.75	0.2
19770606	2.56	10.98	0.2
19770607	2.75	9.08	0.21
19770608	0.64	10.42	0.2
19770609	1.63	12.3	0.2
19770610	7.05	10.31	0.24
19770611	0.65	11.26	0.25
19770612	0.02	15.59	0.22
19770613	0.26	18.44	0.21
19770614	0.55	12.93	0.2
19770615	0.25	11.71	0.2
19770616	0.0	11.69	0.2
19770617	0.0	10.93	0.2
19770618	0.05	10.75	0.19
19770619	0.02	10.42	0.17
19770620	0.03	10.78	0.19
19770621	0.0	12.97	0.18
19770622	0.0	12.98	0.18
19770623	0.0	12.95	0.17
19770624	0.01	15.65	0.16
19770625	0.88	14.47	0.17
19770626	0.21	11.04	0.17
19770627	0.15	15.29	0.17
19770628	2.18	13.58	0.17
19770629	0.02	13.94	0.18
19770630	1.0	16.74	0.17
19770701	0.62	16.9	0.17
19770702	0.0	17.68	0.16
19770703	0.0	18.72	0.15
19770704	0.0	18.01	0.15
19770705	0.0	16.9	0.14
19770706	0.0	18.57	0.14
19770707	0.0	18.95	0.14
19770708	0.14	16.95	0.13
19770709	0.0	15.18	0.14
19770710	0.0	15.59	0.14
19770711	0.04	15.25	0.14
19770712	0.0	14.48	0.14
19770713	0.0	11.72	0.15
19770714	0.0	13.15	0.14
19770715	0.0	11.73	0.14
19770716	0.0	15.01	0.13
19770717	1.36	17.6	0.14
19770718	0.03	17.1	0.14
19770719	0.05	15.84	0.13
19770720	1.01	15.14	0.12
19770721	0.0	14.99	0.12
19770722	0.0	18.52	0.12
19770723	0.0	21.33	0.12
19770724	0.4	15.9	0.12
19770725	0.66	14.24	0.12
19770726	1.61	13.14	0.12
19770727	0.02	14.33	0.13
19770728	0.02	11.79	0.13
19770729	0.0	13.4	0.12
19770730	0.0	15.5	0.12
19770731	0.0	14.08	0.11
19770801	0.0	17.64	0.11
19770802	0.0	18.26	0.11
19770803	1.31	14.95	0.11
19770804	0.04	19.07	0.11
19770805	3.44	16.36	0.11
19770806	1.49	14.42	0.12
19770807	0.28	16.73	0.12
19770808	4.93	14.66	0.13
19770809	0.0	14.56	0.13
19770810	0.0	14.99	0.12
19770811	0.0	14.77	0.11
19770812	0.27	15.83	0.11
19770813	0.31	17.02	0.13
19770814	0.04	17.65	0.13
19770815	7.71	18.17	0.17
19770816	0.16	17.99	0.2
19770817	10.14	15.03	0.22
19770818	15.23	15.41	0.16
19770819	5.1	13.1	0.41
19770820	1.3	14.46	0.24
19770821	7.5	15.86	0.21
19770822	0.3	13.64	0.22
19770823	0.04	12.51	0.2
19770824	7.35	14.82	0.21
19770825	0.13	16.07	0.2
19770826	0.8	14.92	0.19
19770827	0.03	14.33	0.14
19770828	0.0	13.03	0.16
19770829	0.0	16.21	0.15
19770830	0.0	17.29	0.15
19770831	2.48	13.81	0.14
19770901	0.31	17.59	0.14
19770902	10.45	11.99	0.17
19770903	0.0	13.07	0.18
19770904	1.09	16.28	0.16
19770905	0.02	16.03	0.16
19770906	0.01	15.89	0.15
19770907	0.0	12.43	0.14
19770908	0.07	11.78	0.14
19770909	0.0	12.88	0.11
19770910	0.0	16.37	0.13
19770911	0.0	18.21	0.13
19770912	0.0	11.47	0.12
19770913	0.0	11.46	0.12
19770914	0.0	15.55	0.12
19770915	0.22	13.77	0.12
19770916	0.13	11.53	0.12
19770917	0.0	9.8	0.12
19770918	0.02	12.2	0.13
19770919	0.3	11.37	0.13
19770920	0.11	11.79	0.13
19770921	0.03	12.31	0.13
19770922	0.0	11.64	0.13
19770923	0.06	13.69	0.13
19770924	0.41	15.46	0.13
19770925	0.02	14.47	0.13
19770926	0.0	14.03	0.13
19770927	0.0	18.13	0.12
19770928	0.0	14.17	0.12
19770929	0.0	14.84	0.12
19770930	1.47	12.26	0.12
19771001	0.51	10.23	0.12
19771002	0.01	8.24	0.12
19771003	0.03	12.64	0.11
19771004	3.33	11.7	0.14
19771005	1.05	12.11	0.14
19771006	2.14	13.9	0.14
19771007	0.43	10.52	0.14
19771008	1.44	12.19	0.14
19771009	0.66	13.27	0.14
19771010	0.01	8.14	0.14
19771011	0.0	11.91	0.13
19771012	0.0	10.07	0.13
19771013	0.0	11.05	0.13
19771014	0.0	12.29	0.13
19771015	0.03	11.32	0.13
19771016	0.12	13.54	0.13
19771017	0.06	12.15	0.13
19771018	0.01	13.92	0.13
19771019	0.0	13.8	0.13
19771020	0.26	15.93	0.13
19771021	5.41	14.25	0.15
19771022	0.34	14.0	0.15
19771023	0.01	12.96	0.14
19771024	0.19	12.08	0.13
19771025	0.1	8.93	0.13
19771026	0.0	10.27	0.13
19771027	0.5	10.28	0.13
19771028	0.0	10.81	0.13
19771029	0.0	11.5	0.14
19771030	0.34	13.39	0.13
19771031	4.26	8.72	0.15
19771101	10.52	10.22	0.16
19771102	1.91	10.35	0.22
19771103	0.04	8.95	0.19
19771104	1.01	8.58	0.17
19771105	3.73	11.0	0.17
19771106	0.06	9.25	0.18
19771107	0.34	11.15	0.18
19771108	2.21	10.6	0.16
19771109	2.41	12.69	0.16
19771110	0.26	14.08	0.16
19771111	0.41	10.75	0.15
19771112	1.02	5.59	0.13
19771113	0.26	6.73	0.13
19771114	1.7	7.76	0.15
19771115	0.02	4.97	0.15
19771116	1.94	3.34	0.15
19771117	0.69	2.88	0.15
19771118	0.41	2.8	0.15
19771119	4.83	5.12	0.15
19771120	0.23	2.87	0.18
19771121	6.14	4.18	0.18
19771122	0.23	3.86	0.2
19771123	2.98	6.3	0.19
19771124	1.03	4.2	0.19
19771125	2.9	4.09	0.18
19771126	0.72	3.62	0.19
19771127	0.83	2.5	0.23
19771128	0.24	2.6	0.16
19771129	0.55	3.4	0.16
19771130	2.0	4.13	0.17
19771201	0.55	4.41	0.17
19771202	0.0	3.73	0.17
19771203	0.0	3.93	0.17
19771204	0.0	3.57	0.16
19771205	0.02	4.26	0.16
19771206	4.38	3.97	0.17
19771207	20.59	6.84	0.38
19771208	0.15	9.03	0.48
19771209	3.42	7.87	0.28
19771210	4.97	8.66	0.28
19771211	0.1	9.0	0.31
19771212	0.03	7.42	0.25
19771213	0.08	7.69	0.22
19771214	0.08	5.86	0.2
19771215	0.12	5.35	0.19
19771216	0.28	6.26	0.18
19771217	5.92	5.52	0.18
19771218	1.84	6.39	0.21
19771219	0.1	4.4	0.25
19771220	0.01	4.8	0.23
19771221	2.1	6.38	0.22
19771222	0.22	10.18	0.22
19771223	0.02	12.33	0.21
19771224	0.0	9.04	0.18
19771225	0.26	7.9	0.17
19771226	3.97	6.47	0.19
19771227	9.18	3.5	0.26
19771228	2.03	3.36	0.46
19771229	0.06	4.56	0.27
19771230	0.04	2.77	0.24
19771231	0.13	4.01	0.22
19780101	0.0	6.25	0.21
19780102	0.2	4.12	0.19
19780103	3.33	3.09	0.22
19780104	0.01	0.33	0.21
19780105	0.07	3.45	0.21
19780106	0.0	4.06	0.2
19780107	0.0	0.26	0.2
19780108	0.47	2.49	0.18
19780109	0.43	4.38	0.18
19780110	3.88	3.33	0.2
19780111	10.4	2.65	0.38
19780112	0.15	2.01	0.44
19780113	0.63	2.78	0.3
19780114	0.23	5.53	0.27
19780115	0.21	3.0	0.21
19780116	5.93	2.83	0.25
19780117	1.97	-1.65	0.35
19780118	0.18	-1.25	0.35
19780119	2.33	-0.48	0.32
19780120	1.59	1.36	0.31
19780121	0.17	2.13	0.32
19780122	1.14	2.23	0.33
19780123	14.53	4.81	0.72
19780124	1.18	3.83	1.3
19780125	0.01	2.03	0.71
19780126	1.86	2.04	0.51
19780127	5.76	3.4	0.49
19780128	2.91	4.1	0.91
19780129	2.21	3.31	0.91
19780130	0.9	0.35	0.65
19780131	5.29	0.68	0.64
19780201	12.34	2.39	1.92
19780202	0.56	2.42	2.44
19780203	0.04	1.94	1.22
19780204	7.1	3.81	1.05
19780205	2.04	4.56	1.62
19780206	0.2	4.1	1.36
19780207	0.03	1.94	0.96
19780208	2.58	-1.13	0.74
19780209	4.09	-2.93	0.64
19780210	3.77	-6.19	0.53
19780211	1.35	-3.35	0.58
19780212	2.13	-1.52	0.55
19780213	1.67	-1.64	0.5
19780214	0.23	-0.6	0.52
19780215	0.05	0.26	0.59
19780216	0.0	0.03	0.62
19780217	0.0	-3.03	0.56
19780218	0.0	-0.99	0.47
19780219	0.04	-1.46	0.39
19780220	0.42	-0.99	0.39
19780221	1.22	1.92	0.44
19780222	0.88	4.83	0.68
19780223	1.53	7.84	1.22
19780224	8.26	9.15	1.02
19780225	1.47	8.86	1.86
19780226	0.29	9.01	1.37
19780227	2.28	7.22	0.95
19780228	0.11	7.44	0.8
19780301	0.09	7.04	0.69
19780302	0.69	7.01	0.6
19780303	0.01	4.92	0.54
19780304	0.01	2.94	0.46
19780305	0.03	2.26	0.38
19780306	0.0	4.12	0.4
19780307	0.29	7.97	0.39
19780308	0.08	6.29	0.38
19780309	0.28	9.69	0.35
19780310	0.04	10.3	0.32
19780311	2.12	11.7	0.32
19780312	2.08	6.61	0.37
19780313	1.93	8.39	0.37
19780314	0.5	7.88	0.36
19780315	12.48	5.59	0.35
19780316	8.55	1.75	0.67
19780317	0.31	1.4	1.29
19780318	0.04	4.1	1.53
19780319	7.82	6.24	1.52
19780320	13.8	4.81	2.26
19780321	0.07	3.69	3.79
19780322	3.83	5.24	2.18
19780323	3.84	4.73	1.86
19780324	0.98	6.09	1.49
19780325	3.82	6.59	1.31
19780326	1.38	7.38	1.14
19780327	1.27	9.84	0.96
19780328	0.48	8.91	0.85
19780329	2.45	7.3	0.76
19780330	0.01	6.41	0.72
19780331	1.86	9.52	0.62
19780401	0.05	8.61	0.58
19780402	0.13	9.65	0.49
19780403	0.08	5.86	0.48
19780404	0.0	5.87	0.44
19780405	0.0	6.41	0.41
19780406	0.0	4.76	0.38
19780407	0.0	7.12	0.36
19780408	0.0	6.45	0.37
19780409	0.0	4.84	0.34
19780410	3.85	2.67	0.36
19780411	0.39	2.61	0.31
19780412	1.2	0.55	0.36
19780413	13.62	2.71	0.48
19780414	1.09	3.62	0.85
19780415	0.03	3.8	0.56
19780416	0.0	3.82	0.5
19780417	0.0	7.27	0.45
19780418	0.0	5.49	0.43
19780419	0.35	8.03	0.41
19780420	3.75	7.91	0.42
19780421	0.08	7.83	0.4
19780422	0.0	8.5	0.31
19780423	0.0	9.09	0.33
19780424	0.0	7.86	0.32
19780425	0.03	7.19	0.35
19780426	6.77	5.9	0.34
19780427	0.04	5.14	0.37
19780428	0.07	8.02	0.32
19780429	5.1	9.08	0.31
19780430	0.7	8.59	0.38
19780501	0.11	7.84	0.34
19780502	2.18	8.64	0.31
19780503	0.37	10.22	0.3
19780504	0.05	12.64	0.27
19780505	6.0	11.72	0.29
19780506	0.06	11.25	0.35
19780507	0.19	10.79	0.28
19780508	0.0	10.01	0.28
19780509	0.0	9.96	0.26
19780510	0.0	7.3	0.24
19780511	3.55	9.49	0.2
19780512	4.78	9.8	0.26
19780513	4.02	7.94	0.34
19780514	3.65	8.67	0.37
19780515	5.44	9.25	0.55
19780516	0.02	7.33	0.53
19780517	0.0	9.41	0.41
19780518	0.0	9.6	0.34
19780519	0.0	10.35	0.3
19780520	0.0	11.58	0.26
19780521	0.0	9.74	0.26
19780522	0.0	9.59	0.28
19780523	0.0	12.89	0.26
19780524	0.0	8.04	0.24
19780525	0.0	8.28	0.23
19780526	0.0	9.82	0.22
19780527	0.0	11.15	0.2
19780528	0.0	12.62	0.2
19780529	0.0	12.58	0.2
19780530	0.0	16.08	0.18
19780531	0.0	17.8	0.18
19780601	0.01	18.68	0.18
19780602	0.0	17.59	0.17
19780603	0.0	17.47	0.17
19780604	0.74	17.77	0.17
19780605	0.01	16.7	0.16
19780606	0.0	16.61	0.15
19780607	5.15	15.46	0.16
19780608	1.68	14.02	0.17
19780609	0.0	11.93	0.16
19780610	0.0	10.66	0.16
19780611	0.0	15.26	0.15
19780612	0.03	10.53	0.15
19780613	0.0	10.63	0.15
19780614	0.0	9.93	0.15
19780615	20.45	13.57	0.16
19780616	1.14	13.05	0.36
19780617	0.01	13.6	0.25
19780618	0.0	10.41	0.17
19780619	0.63	15.69	0.17
19780620	3.32	15.55	0.17
19780621	5.25	14.7	0.2
19780622	8.1	12.71	0.25
19780623	5.41	10.88	0.25
19780624	0.09	11.75	0.23
19780625	4.01	13.28	0.22
19780626	3.34	9.05	0.22
19780627	2.17	13.02	0.21
19780628	0.94	16.35	0.2
19780629	15.28	14.18	0.29
19780630	1.22	11.74	0.42
19780701	3.63	15.11	0.3
19780702	2.79	14.97	0.28
19780703	8.63	12.45	0.33
19780704	6.61	12.72	0.48
19780705	0.86	12.4	0.38
19780706	0.66	11.58	0.31
19780707	1.88	12.87	0.28
19780708	1.19	14.47	0.26
19780709	0.0	12.03	0.24
19780710	0.0	12.14	0.2
19780711	0.0	13.78	0.19
19780712	0.0	13.27	0.18
19780713	0.0	15.76	0.18
19780714	0.0	13.45	0.18
19780715	0.0	13.0	0.17
19780716	0.0	14.2	0.15
19780717	0.54	15.9	0.16
19780718	0.47	15.22	0.17
19780719	1.44	14.61	0.16
19780720	0.7	11.96	0.17
19780721	0.0	13.76	0.16
19780722	0.1	15.57	0.16
19780723	0.91	17.23	0.15
19780724	0.49	14.32	0.15
19780725	0.11	17.73	0.14
19780726	0.1	15.98	0.14
19780727	2.68	19.88	0.14
19780728	0.01	19.6	0.14
19780729	8.86	19.82	0.15
19780730	8.19	17.92	0.21
19780731	5.8	16.24	0.24
19780801	0.18	16.97	0.23
19780802	4.0	16.51	0.2
19780803	6.59	16.62	0.22
19780804	1.88	16.27	0.22
19780805	1.26	16.53	0.2
19780806	6.7	15.42	0.2
19780807	1.15	13.87	0.23
19780808	5.76	13.97	0.22
19780809	8.52	14.08	0.28
19780810	0.1	12.42	0.38
19780811	0.0	15.94	0.3
19780812	4.6	13.77	0.24
19780813	1.03	17.2	0.2
19780814	0.06	17.5	0.2
19780815	6.93	16.65	0.23
19780816	1.88	14.36	0.35
19780817	0.0	14.24	0.27
19780818	0.0	16.29	0.18
19780819	0.01	16.45	0.17
19780820	0.0	18.03	0.17
19780821	0.01	18.46	0.16
19780822	2.27	17.13	0.16
19780823	0.0	14.47	0.16
19780824	0.0	13.68	0.15
19780825	0.0	13.3	0.14
19780826	0.0	11.48	0.14
19780827	0.0	13.11	0.13
19780828	0.0	14.54	0.13
19780829	2.5	13.02	0.13
19780830	0.54	11.9	0.14
19780831	3.94	11.82	0.14
19780901	2.4	11.92	0.17
19780902	0.0	12.19	0.15
19780903	0.0	13.19	0.15
19780904	0.0	11.39	0.15
19780905	1.7	13.71	0.15
19780906	1.36	14.61	0.16
19780907	0.27	13.45	0.15
19780908	0.07	17.25	0.15
19780909	0.0	18.93	0.12
19780910	0.3	21.17	0.13
19780911	0.77	13.91	0.12
19780912	0.0	14.67	0.12
19780913	12.4	16.34	0.13
19780914	0.0	13.43	0.17
19780915	0.0	15.13	0.15
19780916	0.0	17.16	0.14
19780917	0.0	11.92	0.13
19780918	0.0	12.32	0.13
19780919	0.0	9.37	0.13
19780920	0.0	15.04	0.12
19780921	0.0	16.23	0.12
19780922	0.0	15.8	0.12
19780923	0.0	18.03	0.12
19780924	0.13	17.99	0.12
19780925	0.01	10.71	0.12
19780926	0.22	13.75	0.12
19780927	1.76	11.81	0.12
19780928	8.54	11.48	0.15
19780929	5.61	11.17	0.19
19780930	4.63	11.04	0.19
19781001	0.07	9.43	0.16
19781002	0.0	10.99	0.17
19781003	0.12	8.4	0.16
19781004	0.09	10.48	0.16
19781005	0.0	14.74	0.14
19781006	0.05	11.18	0.14
19781007	0.01	13.51	0.14
19781008	0.0	15.44	0.14
19781009	0.0	13.75	0.14
19781010	0.0	15.46	0.14
19781011	0.0	16.22	0.14
19781012	0.03	15.65	0.14
19781013	0.1	11.74	0.14
19781014	0.09	10.98	0.14
19781015	0.17	10.65	0.15
19781016	0.53	9.48	0.14
19781017	4.33	7.21	0.15
19781018	0.01	9.45	0.15
19781019	0.0	10.36	0.15
19781020	0.56	8.35	0.15
19781021	0.55	9.69	0.15
19781022	0.03	8.33	0.15
19781023	0.0	10.47	0.15
19781024	0.01	14.86	0.14
19781025	1.15	14.06	0.14
19781026	0.28	12.87	0.14
19781027	0.1	11.68	0.15
19781028	0.0	10.91	0.21
19781029	0.0	10.73	0.12
19781030	0.0	11.02	0.13
19781031	0.0	11.28	0.14
19781101	0.0	12.99	0.14
19781102	0.45	9.79	0.15
19781103	0.0	9.31	0.15
19781104	0.02	11.63	0.15
19781105	0.0	9.94	0.15
19781106	0.0	9.04	0.15
19781107	0.0	11.42	0.15
19781108	0.0	8.79	0.15
19781109	0.0	8.75	0.15
19781110	0.01	8.2	0.15
19781111	0.01	6.91	0.15
19781112	3.22	7.49	0.15
19781113	0.02	7.83	0.15
19781114	0.0	12.01	0.15
19781115	1.97	8.43	0.15
19781116	0.24	7.86	0.15
19781117	0.33	11.74	0.16
19781118	0.01	14.33	0.18
19781119	5.2	8.12	0.18
19781120	0.03	6.64	0.19
19781121	0.12	11.46	0.18
19781122	0.0	11.58	0.18
19781123	0.04	10.88	0.17
19781124	5.17	6.06	0.23
19781125	0.01	1.89	0.16
19781126	0.23	0.52	0.18
19781127	7.16	0.68	0.18
19781128	3.55	0.37	0.2
19781129	0.08	-0.71	0.25
19781130	0.08	-0.72	0.19
19781201	0.0	0.37	0.13
19781202	0.01	3.09	0.17
19781203	6.02	5.28	0.18
19781204	0.28	4.73	0.23
19781205	0.0	3.79	0.21
19781206	0.0	3.51	0.2
19781207	10.24	4.63	0.2
19781208	7.74	7.79	0.53
19781209	1.71	8.75	0.41
19781210	5.34	10.16	0.37
19781211	0.31	10.17	0.45
19781212	3.04	8.4	0.42
19781213	0.43	5.48	0.37
19781214	2.02	3.37	0.34
19781215	9.11	4.71	0.52
19781216	0.44	3.35	0.87
19781217	0.23	1.64	0.49
19781218	0.0	0.08	0.42
19781219	0.02	0.92	0.35
19781220	0.57	0.55	0.26
19781221	0.59	2.85	0.26
19781222	0.0	1.86	0.27
19781223	2.61	2.3	0.26
19781224	10.51	5.72	0.58
19781225	3.78	6.11	0.99
19781226	2.23	7.44	0.78
19781227	13.22	7.57	1.4
19781228	8.3	8.88	2.49
19781229	0.87	4.57	2.59
19781230	0.16	-2.06	1.34
19781231	6.49	-5.1	0.79
19790101	0.28	-4.9	0.56
19790102	0.06	-3.84	0.47
19790103	0.0	-3.01	0.4
19790104	0.0	-1.6	0.39
19790105	0.0	-4.81	0.34
19790106	1.68	-2.04	0.33
19790107	2.64	4.79	0.65
19790108	1.57	3.15	1.16
19790109	3.09	1.65	1.03
19790110	0.65	1.9	1.22
19790111	2.02	0.02	1.03
19790112	0.25	-0.36	0.73
19790113	0.0	-2.75	0.51
19790114	0.14	-0.21	0.42
19790115	1.36	2.3	0.41
19790116	5.91	2.05	0.46
19790117	1.13	0.75	0.91
19790118	1.35	-0.54	0.97
19790119	4.62	0.51	0.76
19790120	3.22	1.81	0.91
19790121	0.17	1.5	1.51
19790122	3.2	-1.67	1.2
19790123	6.01	-2.49	0.85
19790124	2.1	-1.85	0.65
19790125	10.57	-1.34	0.71
19790126	0.64	-5.51	0.69
19790127	0.0	-8.41	0.5
19790128	2.09	-4.37	0.58
19790129	6.94	0.31	0.54
19790130	0.66	-0.92	0.65
19790131	4.33	1.31	0.83
19790201	17.52	2.2	4.73
19790202	0.09	0.31	7.22
19790203	0.01	1.38	4.17
19790204	0.0	1.51	2.26
19790205	0.0	-0.23	1.61
19790206	6.42	0.16	1.17
19790207	0.73	0.64	1.7
19790208	0.01	1.98	1.57
19790209	0.0	1.52	1.14
19790210	0.0	1.09	0.94
19790211	6.09	0.79	0.82
19790212	8.46	1.76	1.11
19790213	15.92	1.98	3.38
19790214	9.69	-3.39	4.18
19790215	7.32	-2.7	1.4
19790216	0.15	-1.81	1.68
19790217	0.14	-1.46	1.37
19790218	0.11	-1.18	1.13
19790219	0.0	0.08	0.98
19790220	0.01	0.19	0.95
19790221	0.0	-0.36	1.02
19790222	2.01	1.03	1.24
19790223	0.27	3.12	2.45
19790224	0.0	0.11	3.54
19790225	0.0	0.22	2.21
19790226	0.03	2.6	1.58
19790227	0.0	4.1	1.49
19790228	3.42	1.2	1.53
19790301	3.04	4.71	1.22
19790302	0.03	10.39	1.6
19790303	5.82	8.11	1.4
19790304	0.02	4.28	1.34
19790305	0.0	5.84	1.06
19790306	2.73	4.34	0.98
19790307	0.04	3.89	0.85
19790308	3.32	6.56	0.72
19790309	1.67	4.31	0.86
19790310	2.16	6.05	0.72
19790311	0.05	8.68	0.74
19790312	0.01	6.35	0.64
19790313	4.45	3.91	0.64
19790314	0.03	2.45	0.6
19790315	7.01	0.76	0.74
19790316	2.48	1.71	1.39
19790317	0.21	2.28	1.24
19790318	0.1	4.25	0.98
19790319	0.26	1.31	0.81
19790320	7.88	4.7	1.13
19790321	1.11	3.25	1.43
19790322	4.47	1.62	1.31
19790323	0.04	2.03	1.25
19790324	5.29	7.39	1.03
19790325	0.67	9.76	1.1
19790326	5.71	4.3	1.09
19790327	11.46	4.81	1.93
19790328	13.73	1.88	4.71
19790329	0.99	4.18	5.07
19790330	0.05	3.3	2.43
19790331	0.33	5.47	1.56
19790401	4.16	4.8	1.36
19790402	1.81	4.75	1.47
19790403	6.66	2.54	1.77
19790404	0.07	2.47	2.67
19790405	2.77	4.12	1.61
19790406	5.65	2.79	1.79
19790407	0.05	7.02	1.74
19790408	2.47	7.96	1.3
19790409	0.07	10.07	1.13
19790410	0.0	12.3	0.98
19790411	0.01	10.82	0.85
19790412	2.46	9.85	0.73
19790413	0.0	11.07	0.68
19790414	0.0	12.06	0.61
19790415	0.0	13.11	0.57
19790416	0.1	7.58	0.55
19790417	0.05	4.06	0.51
19790418	0.0	7.76	0.49
19790419	2.24	11.26	0.49
19790420	0.15	7.51	0.5
19790421	0.68	8.62	0.48
19790422	1.28	9.66	0.48
19790423	9.96	9.5	0.6
19790424	5.67	6.6	0.63
19790425	2.17	7.46	0.66
19790426	0.69	7.18	0.58
19790427	4.24	8.03	0.53
19790428	0.3	5.61	0.59
19790429	0.67	7.28	0.56
19790430	0.15	5.79	0.52
19790501	3.25	4.13	0.5
19790502	1.15	3.89	0.49
19790503	5.87	4.98	0.5
19790504	0.34	3.4	0.51
19790505	2.06	4.03	0.5
19790506	0.7	7.5	0.61
19790507	1.17	9.05	0.58
19790508	1.15	10.11	0.52
19790509	0.0	5.86	0.46
19790510	8.04	10.01	0.47
19790511	0.16	13.37	0.6
19790512	0.0	14.7	0.51
19790513	0.02	18.03	0.47
19790514	0.0	18.69	0.43
19790515	0.0	18.36	0.41
19790516	0.35	17.03	0.38
19790517	0.09	11.73	0.36
19790518	0.13	11.2	0.33
19790519	0.22	10.28	0.3
19790520	9.19	11.65	0.34
19790521	1.14	11.4	0.45
19790522	0.68	11.99	0.37
19790523	0.86	10.39	0.33
19790524	8.73	10.41	0.37
19790525	0.44	10.26	0.39
19790526	9.2	10.41	0.56
19790527	0.93	10.37	0.53
19790528	3.56	14.55	0.38
19790529	0.15	15.4	0.41
19790530	6.17	16.03	0.44
19790531	0.26	14.86	0.62
19790601	0.0	13.6	0.42
19790602	0.02	12.62	0.34
19790603	0.17	18.54	0.34
19790604	0.0	19.39	0.32
19790605	0.0	15.14	0.31
19790606	0.04	13.03	0.29
19790607	10.31	11.57	0.36
19790608	0.0	14.05	0.43
19790609	0.0	13.5	0.29
19790610	0.1	12.62	0.28
19790611	0.3	11.19	0.28
19790612	0.14	13.35	0.27
19790613	5.34	14.99	0.3
19790614	4.53	11.6	0.37
19790615	4.56	11.3	0.33
19790616	0.0	14.47	0.34
19790617	0.0	13.93	0.29
19790618	0.0	16.11	0.24
19790619	0.0	16.21	0.24
19790620	0.0	17.55	0.22
19790621	2.08	16.7	0.23
19790622	0.0	14.31	0.22
19790623	0.21	15.29	0.22
19790624	13.81	11.93	0.35
19790625	0.21	11.76	0.26
19790626	0.0	13.61	0.24
19790627	0.0	13.95	0.22
19790628	0.0	16.89	0.22
19790629	0.02	13.21	0.21
19790630	0.0	11.95	0.21
19790701	0.02	12.44	0.2
19790702	0.0	13.01	0.2
19790703	0.0	13.6	0.19
19790704	0.0	13.91	0.2
19790705	0.01	17.49	0.18
19790706	0.0	18.35	0.18
19790707	0.13	15.08	0.19
19790708	0.25	18.35	0.19
19790709	0.0	13.57	0.18
19790710	0.0	14.51	0.18
19790711	0.0	15.05	0.18
19790712	0.0	15.51	0.18
19790713	0.0	17.36	0.17
19790714	0.0	16.25	0.17
19790715	0.0	14.6	0.17
19790716	0.02	17.61	0.17
19790717	0.0	20.78	0.17
19790718	0.02	16.54	0.17
19790719	0.08	13.95	0.17
19790720	0.01	15.68	0.17
19790721	0.85	13.42	0.16
19790722	0.0	15.24	0.16
19790723	0.0	13.52	0.15
19790724	0.29	16.29	0.16
19790725	0.03	16.41	0.16
19790726	0.0	18.57	0.15
19790727	0.0	20.65	0.15
19790728	0.69	21.71	0.15
19790729	8.3	16.92	0.17
19790730	3.03	18.72	0.18
19790731	0.5	16.67	0.18
19790801	1.84	17.16	0.18
19790802	1.14	17.3	0.18
19790803	0.02	15.61	0.17
19790804	0.03	16.07	0.16
19790805	0.0	17.24	0.16
19790806	0.0	20.22	0.15
19790807	2.72	17.11	0.14
19790808	9.15	14.2	0.14
19790809	16.51	12.48	0.34
19790810	1.29	16.3	0.24
19790811	0.08	17.52	0.21
19790812	0.16	20.69	0.19
19790813	1.01	19.44	0.17
19790814	0.01	17.02	0.16
19790815	0.04	14.26	0.15
19790816	7.53	17.15	0.16
19790817	5.33	16.47	0.19
19790818	0.04	15.19	0.19
19790819	0.0	14.95	0.18
19790820	8.01	16.32	0.19
19790821	0.0	13.25	0.19
19790822	0.02	12.65	0.18
19790823	0.73	12.4	0.17
19790824	3.12	11.1	0.16
19790825	0.42	13.87	0.15
19790826	0.0	12.11	0.16
19790827	0.0	10.7	0.16
19790828	0.0	13.65	0.15
19790829	0.0	16.27	0.15
19790830	0.0	16.35	0.14
19790831	0.0	18.33	0.14
19790901	1.04	18.93	0.14
19790902	0.4	16.49	0.14
19790903	0.18	14.27	0.14
19790904	0.0	14.71	0.14
19790905	0.0	17.56	0.14
19790906	0.0	16.93	0.14
19790907	0.0	15.71	0.14
19790908	0.0	18.29	0.13
19790909	0.0	17.37	0.13
19790910	0.0	15.08	0.13
19790911	0.0	17.99	0.13
19790912	0.0	17.85	0.13
19790913	0.0	10.58	0.13
19790914	0.0	10.8	0.13
19790915	0.0	8.66	0.13
19790916	0.0	14.5	0.13
19790917	0.38	17.45	0.13
19790918	0.21	17.88	0.13
19790919	10.84	14.82	0.14
19790920	0.01	10.63	0.16
19790921	5.26	9.7	0.16
19790922	0.06	8.13	0.15
19790923	0.05	9.66	0.15
19790924	0.0	11.2	0.15
19790925	0.1	14.85	0.14
19790926	0.25	16.44	0.14
19790927	0.0	10.05	0.15
19790928	0.0	9.7	0.14
19790929	0.0	10.85	0.12
19790930	0.0	13.46	0.13
19791001	0.05	14.83	0.14
19791002	0.6	14.93	0.14
19791003	0.29	16.08	0.15
19791004	0.63	12.11	0.14
19791005	0.0	10.19	0.14
19791006	0.02	15.35	0.13
19791007	0.02	15.64	0.13
19791008	0.83	16.88	0.13
19791009	11.49	16.8	0.15
19791010	7.43	14.44	0.28
19791011	0.04	12.42	0.24
19791012	16.77	14.77	0.2
19791013	0.07	13.85	0.4
19791014	0.0	9.85	0.21
19791015	0.04	11.57	0.21
19791016	0.0	8.86	0.18
19791017	1.16	10.14	0.18
19791018	0.0	9.98	0.18
19791019	0.0	12.42	0.17
19791020	0.0	8.47	0.13
19791021	0.0	10.72	0.14
19791022	0.0	8.99	0.15
19791023	0.15	9.27	0.14
19791024	1.94	10.85	0.15
19791025	1.83	11.66	0.16
19791026	0.0	7.66	0.16
19791027	0.01	5.69	0.16
19791028	1.0	5.33	0.18
19791029	0.02	5.09	0.17
19791030	3.54	8.72	0.17
19791031	0.03	9.15	0.17
19791101	0.01	6.7	0.16
19791102	4.02	7.41	0.14
19791103	2.29	11.86	0.23
19791104	3.58	9.5	0.19
19791105	1.72	8.53	0.16
19791106	0.57	6.08	0.22
19791107	9.7	7.23	0.29
19791108	0.03	5.12	0.26
19791109	1.82	3.49	0.22
19791110	0.04	3.12	0.2
19791111	5.58	6.06	0.19
19791112	2.12	1.46	0.21
19791113	0.38	1.46	0.21
19791114	10.88	3.36	0.29
19791115	4.15	3.2	0.37
19791116	0.09	1.72	0.33
19791117	1.46	3.38	0.25
19791118	0.07	5.6	0.24
19791119	0.02	4.19	0.22
19791120	0.06	3.6	0.21
19791121	0.08	2.76	0.2
19791122	0.15	6.91	0.19
19791123	0.05	5.05	0.19
19791124	0.05	4.0	0.19
19791125	1.49	8.78	0.16
19791126	1.92	10.24	0.18
19791127	0.3	8.25	0.18
19791128	0.02	8.08	0.19
19791129	0.35	8.19	0.19
19791130	0.17	11.27	0.2
19791201	0.05	9.97	0.19
19791202	0.02	10.95	0.18
19791203	0.0	8.56	0.17
19791204	0.03	10.27	0.17
19791205	2.14	8.0	0.17
19791206	0.19	8.04	0.18
19791207	2.66	10.26	0.19
19791208	2.13	8.88	0.19
19791209	8.85	9.52	0.27
19791210	4.38	7.98	0.34
19791211	3.4	4.74	0.35
19791212	5.64	6.83	0.35
19791213	17.15	6.53	0.61
19791214	4.14	6.26	1.33
19791215	1.66	4.96	0.93
19791216	0.11	5.46	0.65
19791217	0.07	5.32	0.47
19791218	0.54	3.19	0.38
19791219	3.45	3.14	0.36
19791220	1.86	2.75	0.34
19791221	2.83	1.0	0.35
19791222	1.78	3.0	0.33
19791223	3.41	2.13	0.45
19791224	0.23	0.24	0.54
19791225	0.17	1.46	0.43
19791226	2.92	3.36	0.4
19791227	18.84	5.87	0.8
19791228	0.34	2.46	2.0
19791229	0.29	1.98	1.31
19791230	0.48	1.22	0.85
19791231	0.06	-0.54	0.59
19800101	4.35	-1.08	0.55
19800102	0.52	-1.94	0.44
19800103	15.93	3.5	1.17
19800104	0.54	4.45	2.3
19800105	0.66	3.9	1.21
19800106	1.58	4.81	0.79
19800107	0.06	3.19	0.63
19800108	1.21	2.99	0.54
19800109	0.12	2.02	0.49
19800110	0.65	1.55	0.43
19800111	0.07	0.76	0.39
19800112	0.0	-0.57	0.32
19800113	0.0	-1.97	0.35
19800114	0.27	-2.51	0.34
19800115	0.37	2.47	0.32
19800116	0.18	2.78	0.26
19800117	0.0	0.27	0.26
19800118	0.19	-0.53	0.25
19800119	1.17	1.67	0.24
19800120	4.67	2.79	0.25
19800121	1.24	4.66	0.49
19800122	0.06	4.01	0.49
19800123	0.39	3.53	0.4
19800124	0.03	3.44	0.35
19800125	0.05	1.82	0.29
19800126	0.05	1.92	0.27
19800127	0.01	0.77	0.25
19800128	3.84	1.81	0.28
19800129	1.2	5.85	0.4
19800130	3.28	6.71	0.39
19800131	1.25	3.97	0.46
19800201	7.45	1.78	0.41
19800202	1.24	4.06	0.76
19800203	3.86	3.36	0.81
19800204	7.89	4.67	1.03
19800205	2.46	6.74	1.42
19800206	4.98	4.95	1.04
19800207	7.69	5.21	1.04
19800208	0.36	7.64	1.64
19800209	0.09	7.68	1.15
19800210	0.02	6.42	0.72
19800211	0.0	5.68	0.53
19800212	0.02	5.98	0.45
19800213	0.12	5.52	0.42
19800214	1.42	6.84	0.38
19800215	0.81	7.51	0.37
19800216	0.03	5.17	0.32
19800217	0.0	7.91	0.28
19800218	0.0	6.06	0.29
19800219	0.0	4.0	0.42
19800220	0.0	5.47	0.42
19800221	0.0	7.34	0.35
19800222	5.21	2.76	0.41
19800223	0.05	4.58	0.43
19800224	7.93	6.41	0.41
19800225	1.07	2.66	0.83
19800226	0.03	2.6	0.78
19800227	0.0	2.51	0.65
19800228	0.0	4.44	0.56
19800229	0.0	6.28	0.54
19800301	0.0	6.54	0.5
19800302	0.0	5.35	0.46
19800303	0.0	0.57	0.43
19800304	0.0	3.93	0.4
19800305	1.24	5.61	0.4
19800306	1.77	5.68	0.42
19800307	1.75	6.36	0.42
19800308	0.73	3.99	0.39
19800309	0.01	3.69	0.3
19800310	3.15	5.48	0.36
19800311	2.0	7.14	0.36
19800312	8.77	6.19	0.61
19800313	4.14	4.49	0.95
19800314	2.59	4.06	1.12
19800315	0.01	2.68	0.98
19800316	0.09	2.82	0.76
19800317	6.8	3.9	0.77
19800318	1.93	3.22	0.97
19800319	0.07	1.42	0.87
19800320	0.04	0.46	0.77
19800321	0.0	-0.04	0.65
19800322	0.0	1.57	0.54
19800323	0.0	3.88	0.46
19800324	0.1	7.77	0.45
19800325	0.02	5.43	0.43
19800326	2.92	7.9	0.42
19800327	0.26	9.36	0.43
19800328	4.12	8.17	0.43
19800329	0.08	5.08	0.43
19800330	0.02	7.09	0.33
19800331	1.97	9.08	0.38
19800401	8.25	7.63	0.46
19800402	1.84	6.64	0.5
19800403	0.03	4.25	0.45
19800404	0.0	5.51	0.41
19800405	0.0	7.95	0.37
19800406	0.02	5.67	0.36
19800407	0.0	6.22	0.35
19800408	3.26	4.18	0.34
19800409	0.02	7.34	0.34
19800410	0.01	8.21	0.31
19800411	0.01	7.45	0.3
19800412	0.0	8.49	0.26
19800413	0.0	11.04	0.28
19800414	0.0	12.71	0.26
19800415	0.0	12.62	0.26
19800416	0.01	14.69	0.25
19800417	0.01	9.34	0.25
19800418	0.0	12.8	0.29
19800419	1.68	6.03	0.2
19800420	2.46	5.49	0.26
19800421	0.14	5.99	0.26
19800422	2.2	7.45	0.25
19800423	0.24	7.68	0.26
19800424	0.29	7.13	0.25
19800425	0.78	7.14	0.25
19800426	3.17	6.06	0.3
19800427	0.25	9.13	0.27
19800428	0.14	7.51	0.26
19800429	3.81	7.89	0.25
19800430	0.15	8.6	0.26
19800501	0.0	10.42	0.24
19800502	0.0	8.4	0.19
19800503	0.0	7.69	0.22
19800504	0.0	8.5	0.22
19800505	0.0	7.0	0.21
19800506	0.05	8.34	0.21
19800507	0.07	8.65	0.24
19800508	0.08	5.34	0.18
19800509	0.0	6.18	0.17
19800510	0.0	9.86	0.19
19800511	0.0	12.21	0.16
19800512	0.0	14.54	0.16
19800513	0.0	13.22	0.16
19800514	0.0	11.37	0.18
19800515	0.0	11.4	0.15
19800516	0.0	9.98	0.12
19800517	0.0	12.63	0.14
19800518	0.0	12.77	0.14
19800519	0.0	12.89	0.18
19800520	0.32	12.91	0.19
19800521	0.0	12.99	0.13
19800522	0.27	9.69	0.14
19800523	0.36	10.27	0.19
19800524	0.01	9.21	0.12
19800525	0.0	13.14	0.16
19800526	0.0	12.96	0.15
19800527	0.0	12.44	0.15
19800528	4.95	12.27	0.18
19800529	0.0	7.78	0.19
19800530	0.05	10.83	0.17
19800531	5.78	10.28	0.18
19800601	0.08	10.54	0.18
19800602	0.0	16.22	0.17
19800603	0.0	17.91	0.16
19800604	0.0	18.69	0.16
19800605	5.51	18.24	0.12
19800606	0.02	15.66	0.16
19800607	0.84	13.99	0.15
19800608	0.07	13.17	0.15
19800609	0.21	16.03	0.14
19800610	1.9	15.92	0.14
19800611	0.92	15.42	0.14
19800612	1.11	16.01	0.14
19800613	6.81	18.6	0.14
19800614	0.24	16.7	0.28
19800615	1.28	17.09	0.16
19800616	0.48	14.63	0.16
19800617	4.86	13.2	0.18
19800618	0.55	16.52	0.17
19800619	1.06	12.42	0.15
19800620	0.14	12.68	0.15
19800621	0.96	12.71	0.15
19800622	3.7	11.42	0.16
19800623	2.34	12.19	0.16
19800624	6.75	11.73	0.21
19800625	4.8	13.13	0.2
19800626	1.62	12.31	0.18
19800627	6.4	12.41	0.16
19800628	1.44	10.85	0.2
19800629	0.21	11.59	0.19
19800630	34.79	14.41	0.32
19800701	1.31	13.13	0.74
19800702	0.19	13.03	0.4
19800703	1.33	15.21	0.28
19800704	0.06	14.42	0.2
19800705	0.09	13.17	0.19
19800706	0.45	14.17	0.19
19800707	0.42	14.27	0.18
19800708	4.97	12.64	0.19
19800709	2.72	11.92	0.2
19800710	0.13	10.66	0.2
19800711	0.7	13.42	0.19
19800712	1.6	13.07	0.18
19800713	15.11	13.67	0.18
19800714	3.71	11.51	0.35
19800715	0.09	11.61	0.29
19800716	0.01	11.25	0.22
19800717	1.74	15.15	0.19
19800718	3.78	16.13	0.18
19800719	15.88	15.67	0.49
19800720	2.22	11.82	0.63
19800721	0.0	12.44	0.36
19800722	0.0	15.18	0.28
19800723	0.0	16.82	0.21
19800724	0.0	17.03	0.19
19800725	0.0	18.73	0.18
19800726	0.1	19.67	0.17
19800727	0.0	16.69	0.16
19800728	0.49	19.44	0.15
19800729	0.65	18.81	0.15
19800730	0.08	16.84	0.15
19800731	0.14	16.89	0.14
19800801	0.55	16.31	0.14
19800802	0.0	18.74	0.13
19800803	0.0	20.96	0.12
19800804	0.36	18.68	0.13
19800805	0.0	16.62	0.13
19800806	0.01	18.58	0.13
19800807	1.33	18.4	0.13
19800808	0.31	13.15	0.13
19800809	0.23	15.04	0.13
19800810	0.01	18.18	0.13
19800811	3.04	15.55	0.14
19800812	0.47	15.0	0.14
19800813	0.06	18.72	0.14
19800814	0.37	21.08	0.13
19800815	1.31	17.43	0.14
19800816	0.01	17.94	0.16
19800817	0.1	16.57	0.13
19800818	0.0	16.85	0.13
19800819	0.0	17.1	0.13
19800820	1.17	19.69	0.13
19800821	0.0	14.23	0.13
19800822	0.0	14.59	0.11
19800823	0.0	9.68	0.11
19800824	0.0	11.73	0.1
19800825	0.0	14.08	0.11
19800826	0.0	14.94	0.11
19800827	0.0	18.1	0.11
19800828	0.12	17.0	0.11
19800829	6.71	16.23	0.12
19800830	4.74	15.08	0.17
19800831	0.03	11.32	0.12
19800901	0.0	15.58	0.11
19800902	0.0	16.03	0.12
19800903	0.0	17.26	0.11
19800904	0.02	16.42	0.11
19800905	2.02	13.63	0.12
19800906	0.0	16.63	0.12
19800907	0.0	16.1	0.11
19800908	0.05	14.07	0.11
19800909	0.4	14.1	0.11
19800910	0.57	15.29	0.11
19800911	0.03	16.02	0.11
19800912	0.0	15.41	0.11
19800913	0.09	15.17	0.11
19800914	0.05	16.35	0.11
19800915	0.0	17.01	0.1
19800916	12.15	14.88	0.12
19800917	0.03	14.39	0.13
19800918	0.0	16.28	0.12
19800919	17.77	17.93	0.13
19800920	0.23	17.93	0.2
19800921	0.01	15.76	0.16
19800922	0.57	15.92	0.14
19800923	0.37	14.65	0.13
19800924	0.0	12.51	0.13
19800925	0.0	12.25	0.13
19800926	0.0	14.99	0.11
19800927	0.0	14.63	0.13
19800928	0.0	13.0	0.12
19800929	0.0	13.91	0.12
19800930	0.0	11.53	0.12
19801001	0.0	12.09	0.12
19801002	0.0	9.42	0.12
19801003	0.99	12.11	0.12
19801004	0.01	8.81	0.12
19801005	0.02	11.49	0.13
19801006	15.11	11.33	0.16
19801007	0.38	9.12	0.24
19801008	0.0	7.91	0.17
19801009	0.0	6.03	0.14
19801010	9.33	8.64	0.13
19801011	1.36	9.65	0.16
19801012	0.09	6.79	0.16
19801013	0.09	7.13	0.14
19801014	0.07	7.71	0.14
19801015	11.78	9.15	0.14
19801016	18.74	9.54	0.45
19801017	6.71	7.34	0.48
19801018	0.42	4.11	0.4
19801019	3.6	3.95	0.3
19801020	0.29	7.07	0.27
19801021	0.93	11.83	0.25
19801022	2.26	11.53	0.23
19801023	0.04	9.29	0.22
19801024	1.0	8.32	0.2
19801025	0.26	6.48	0.16
19801026	3.0	12.95	0.19
19801027	0.11	16.43	0.19
19801028	4.53	12.29	0.23
19801029	0.01	6.53	0.2
19801030	0.01	5.41	0.17
19801031	0.02	7.1	0.16
19801101	0.0	5.44	0.17
19801102	0.0	3.22	0.16
19801103	0.2	3.41	0.16
19801104	1.91	3.88	0.16
19801105	0.0	4.57	0.16
19801106	13.85	3.97	0.17
19801107	2.14	3.08	0.35
19801108	0.3	3.45	0.38
19801109	0.4	4.8	0.22
19801110	0.16	5.2	0.26
19801111	1.14	3.06	0.23
19801112	0.54	3.19	0.2
19801113	0.03	6.37	0.2
19801114	9.06	9.44	0.26
19801115	9.17	12.37	0.68
19801116	0.98	11.66	0.7
19801117	1.67	10.12	0.53
19801118	0.36	5.43	0.37
19801119	2.77	8.51	0.35
19801120	0.06	10.95	0.32
19801121	0.27	12.2	0.3
19801122	1.04	13.68	0.28
19801123	0.27	13.98	0.27
19801124	0.01	9.52	0.23
19801125	0.76	4.58	0.23
19801126	0.85	1.81	0.23
19801127	5.72	3.8	0.23
19801128	6.61	1.43	0.36
19801129	1.06	2.07	0.48
19801130	0.04	0.67	0.46
19801201	1.16	1.34	0.38
19801202	3.31	3.42	0.38
19801203	5.26	2.38	0.47
19801204	3.43	3.82	0.67
19801205	2.65	4.79	0.77
19801206	7.35	1.5	0.85
19801207	1.98	-1.07	0.89
19801208	0.34	-0.18	0.78
19801209	0.04	3.41	0.6
19801210	2.91	8.27	0.74
19801211	0.71	7.88	0.96
19801212	0.21	9.98	0.78
19801213	0.69	9.83	0.64
19801214	4.64	7.35	0.7
19801215	1.27	2.67	0.78
19801216	4.15	3.92	0.61
19801217	10.11	5.7	1.5
19801218	0.09	1.46	2.09
19801219	11.0	1.43	1.49
19801220	5.65	2.97	3.09
19801221	0.17	3.47	2.37
19801222	0.07	9.14	1.32
19801223	0.05	10.28	1.0
19801224	0.63	8.8	0.82
19801225	0.03	4.73	0.68
19801226	1.54	2.17	0.61
19801227	0.05	1.49	0.55
19801228	0.05	4.62	0.47
19801229	0.03	8.28	0.46
19801230	0.0	8.11	0.45
19801231	0.58	6.61	0.44
19810101	2.49	5.45	0.43
19810102	3.93	8.99	0.46
19810103	0.07	4.76	0.5
19810104	0.36	1.74	0.44
19810105	2.07	1.75	0.41
19810106	1.15	1.18	0.41
19810107	0.65	1.42	0.39
19810108	0.08	5.47	0.39
19810109	7.24	4.18	0.46
19810110	0.7	2.39	0.81
19810111	0.1	1.9	0.68
19810112	7.85	0.45	0.84
19810113	6.03	2.06	0.88
19810114	5.73	5.13	3.1
19810115	0.01	-0.69	2.97
19810116	5.41	0.58	1.52
19810117	3.91	1.66	1.74
19810118	2.61	2.61	1.93
19810119	1.09	3.62	1.68
19810120	1.67	2.35	1.26
19810121	2.26	6.36	1.15
19810122	0.46	7.67	1.15
19810123	0.19	8.35	1.02
19810124	0.03	5.54	0.89
19810125	0.13	5.8	0.8
19810126	1.73	6.22	0.69
19810127	0.08	7.18	0.64
19810128	0.01	7.08	0.56
19810129	0.01	4.53	0.58
19810130	0.0	2.6	0.55
19810131	0.0	1.56	0.47
19810201	0.0	4.4	0.47
19810202	3.81	6.7	0.46
19810203	0.27	5.45	0.59
19810204	0.67	2.18	0.55
19810205	0.31	4.4	0.47
19810206	0.17	10.1	0.44
19810207	0.04	10.47	0.42
19810208	0.39	9.07	0.42
19810209	9.8	4.3	0.46
19810210	1.06	0.54	0.9
19810211	0.04	0.87	0.88
19810212	0.02	1.88	0.76
19810213	0.0	-0.51	0.55
19810214	0.0	-1.13	0.51
19810215	0.0	-0.7	0.47
19810216	0.03	1.31	0.44
19810217	0.0	3.39	0.43
19810218	0.48	2.34	0.42
19810219	0.84	0.94	0.41
19810220	0.78	0.0	0.4
19810221	0.05	-0.08	0.37
19810222	5.05	0.49	0.36
19810223	0.92	-0.93	0.41
19810224	0.63	0.55	0.39
19810225	0.64	0.64	0.38
19810226	0.03	1.13	0.39
19810227	2.23	2.78	0.41
19810228	3.95	3.16	0.54
19810301	2.78	6.58	0.72
19810302	3.95	6.2	0.75
19810303	1.93	2.41	1.07
19810304	0.03	1.21	1.04
19810305	3.28	2.88	0.85
19810306	3.5	8.05	0.84
19810307	1.41	11.98	1.05
19810308	1.09	11.4	1.13
19810309	23.07	10.32	2.63
19810310	12.04	12.34	3.59
19810311	4.03	10.55	3.51
19810312	5.35	9.51	2.0
19810313	5.41	7.72	1.45
19810314	5.17	5.64	1.49
19810315	1.0	4.08	1.32
19810316	0.76	3.55	0.91
19810317	1.39	2.1	0.72
19810318	0.22	6.09	1.06
19810319	0.03	7.86	0.94
19810320	0.03	10.49	0.82
19810321	0.44	10.44	0.72
19810322	3.64	4.52	0.75
19810323	4.11	9.3	0.77
19810324	1.91	11.48	0.79
19810325	1.5	11.88	0.79
19810326	1.46	8.08	0.72
19810327	0.02	10.6	0.67
19810328	0.03	11.66	0.6
19810329	3.32	8.52	0.59
19810330	1.04	6.31	0.58
19810331	0.65	7.46	0.54
19810401	0.16	6.95	0.53
19810402	0.01	8.18	0.49
19810403	0.08	5.97	0.38
19810404	0.43	6.19	0.41
19810405	0.02	5.71	0.41
19810406	2.26	6.88	0.42
19810407	0.02	7.48	0.45
19810408	0.0	11.63	0.42
19810409	0.0	11.65	0.39
19810410	0.03	14.09	0.38
19810411	2.81	13.08	0.4
19810412	0.0	11.22	0.38
19810413	0.0	7.76	0.35
19810414	0.0	7.59	0.34
19810415	0.0	8.46	0.33
19810416	0.0	6.44	0.32
19810417	0.02	6.05	0.32
19810418	0.05	7.18	0.36
19810419	0.37	7.15	0.31
19810420	0.05	6.56	0.3
19810421	0.11	3.53	0.24
19810422	3.97	2.14	0.3
19810423	0.43	3.12	0.32
19810424	14.94	3.91	0.45
19810425	43.65	3.92	2.91
19810426	25.93	5.79	6.82
19810427	0.61	4.47	6.15
19810428	1.96	8.06	2.25
19810429	0.06	11.98	0.99
19810430	2.44	8.9	0.72
19810501	0.1	4.08	0.56
19810502	0.08	3.91	0.44
19810503	4.66	6.87	0.46
19810504	0.43	4.99	0.39
19810505	4.59	9.76	0.35
19810506	0.03	12.04	0.36
19810507	5.52	13.83	0.32
19810508	2.87	12.87	0.64
19810509	3.27	12.09	0.66
19810510	0.05	13.99	0.64
19810511	0.07	12.72	0.56
19810512	0.0	13.12	0.53
19810513	0.0	13.99	0.43
19810514	0.0	11.02	0.41
19810515	0.21	13.6	0.34
19810516	0.77	10.88	0.38
19810517	2.06	9.95	0.37
19810518	5.76	13.1	0.39
19810519	0.39	13.12	0.41
19810520	1.62	15.84	0.39
19810521	2.08	13.06	0.37
19810522	3.01	12.96	0.36
19810523	3.19	10.8	0.4
19810524	1.22	10.7	0.37
19810525	7.53	10.53	0.46
19810526	0.72	10.66	0.45
19810527	8.33	12.33	0.5
19810528	0.06	11.16	0.56
19810529	0.01	12.9	0.4
19810530	1.32	15.43	0.37
19810531	0.07	15.65	0.36
19810601	7.69	17.24	0.35
19810602	0.01	15.03	0.4
19810603	0.6	14.03	0.34
19810604	0.03	13.95	0.32
19810605	0.0	13.06	0.29
19810606	1.41	13.34	0.27
19810607	1.14	14.61	0.24
19810608	0.06	15.48	0.27
19810609	0.04	13.15	0.27
19810610	2.97	13.84	0.25
19810611	0.05	14.94	0.26
19810612	0.0	11.1	0.24
19810613	0.0	18.84	0.23
19810614	0.49	21.37	0.23
19810615	0.0	15.12	0.23
19810616	0.04	12.55	0.22
19810617	0.0	10.56	0.22
19810618	0.01	11.36	0.23
19810619	1.66	13.38	0.23
19810620	0.06	12.59	0.23
19810621	0.0	9.67	0.21
19810622	0.0	14.63	0.22
19810623	5.95	17.55	0.22
19810624	9.16	12.38	0.29
19810625	0.22	11.06	0.32
19810626	2.4	10.09	0.28
19810627	0.04	9.84	0.26
19810628	0.0	10.73	0.25
19810629	0.0	11.89	0.25
19810630	0.0	14.78	0.23
19810701	0.0	14.55	0.22
19810702	0.0	13.31	0.21
19810703	1.13	13.72	0.21
19810704	0.0	16.14	0.2
19810705	0.0	17.41	0.19
19810706	0.0	17.47	0.19
19810707	0.0	17.78	0.19
19810708	0.0	19.68	0.18
19810709	23.66	19.02	0.53
19810710	0.09	15.83	0.34
19810711	2.55	17.04	0.26
19810712	0.0	15.86	0.24
19810713	0.0	16.43	0.22
19810714	1.07	13.51	0.22
19810715	0.04	15.11	0.22
19810716	1.55	13.6	0.22
19810717	1.6	13.58	0.22
19810718	0.32	11.93	0.21
19810719	0.24	16.58	0.21
19810720	0.14	18.6	0.21
19810721	1.49	17.52	0.2
19810722	5.7	13.76	0.21
19810723	15.76	13.98	0.23
19810724	11.31	12.35	0.52
19810725	0.05	13.93	0.39
19810726	0.0	15.31	0.3
19810727	0.0	18.69	0.24
19810728	0.0	19.38	0.22
19810729	0.0	15.06	0.2
19810730	0.0	14.01	0.18
19810731	6.92	16.0	0.18
19810801	0.2	11.42	0.21
19810802	0.0	12.91	0.2
19810803	0.0	18.42	0.18
19810804	0.0	19.66	0.18
19810805	0.01	20.49	0.17
19810806	1.37	18.08	0.17
19810807	4.74	16.37	0.19
19810808	0.14	15.19	0.2
19810809	0.06	14.35	0.19
19810810	0.0	12.48	0.19
19810811	0.0	17.43	0.17
19810812	0.0	18.62	0.17
19810813	0.0	19.29	0.16
19810814	0.0	21.39	0.16
19810815	0.01	17.18	0.16
19810816	0.03	12.47	0.15
19810817	0.09	16.82	0.15
19810818	0.03	17.98	0.15
19810819	3.93	15.79	0.15
19810820	0.08	12.85	0.15
19810821	0.0	14.51	0.15
19810822	0.0	12.6	0.14
19810823	0.0	12.62	0.14
19810824	0.0	15.46	0.14
19810825	0.0	18.02	0.13
19810826	0.0	16.5	0.13
19810827	0.0	18.6	0.13
19810828	0.0	14.92	0.13
19810829	0.0	15.99	0.13
19810830	0.0	16.07	0.13
19810831	0.06	16.34	0.13
19810901	0.0	14.3	0.13
19810902	0.0	14.56	0.13
19810903	0.0	13.67	0.13
19810904	0.0	14.18	0.13
19810905	0.0	15.45	0.13
19810906	0.0	16.79	0.13
19810907	0.02	19.01	0.13
19810908	2.42	17.04	0.13
19810909	0.0	17.44	0.13
19810910	1.61	17.33	0.13
19810911	0.47	16.48	0.13
19810912	0.31	13.29	0.13
19810913	0.01	12.67	0.13
19810914	11.92	16.52	0.15
19810915	0.05	17.22	0.2
19810916	1.9	14.81	0.17
19810917	0.34	17.62	0.16
19810918	2.53	13.95	0.16
19810919	11.21	15.09	0.24
19810920	0.06	13.95	0.18
19810921	0.0	15.19	0.17
19810922	0.0	13.01	0.15
19810923	0.0	14.88	0.15
19810924	8.17	14.15	0.16
19810925	8.41	13.9	0.18
19810926	5.78	13.33	0.25
19810927	1.31	11.88	0.26
19810928	0.03	11.09	0.16
19810929	0.87	14.21	0.16
19810930	6.39	16.79	0.18
19811001	0.07	15.27	0.2
19811002	0.1	9.45	0.2
19811003	8.26	8.74	0.2
19811004	3.79	8.63	0.24
19811005	0.96	10.54	0.25
19811006	9.87	11.85	0.3
19811007	1.98	10.67	0.31
19811008	0.39	14.32	0.24
19811009	2.94	11.14	0.22
19811010	6.87	8.57	0.21
19811011	0.17	8.48	0.26
19811012	0.68	7.22	0.23
19811013	0.48	6.2	0.2
19811014	0.03	6.48	0.2
19811015	0.1	4.69	0.19
19811016	0.17	4.54	0.18
19811017	0.65	9.11	0.18
19811018	0.62	7.92	0.18
19811019	18.99	9.78	0.22
19811020	5.3	5.47	0.78
19811021	0.26	6.06	0.46
19811022	2.27	7.46	0.33
19811023	0.41	6.41	0.25
19811024	7.68	8.49	0.29
19811025	1.5	6.36	0.47
19811026	3.67	6.42	0.38
19811027	0.07	6.23	0.36
19811028	0.47	8.3	0.34
19811029	3.99	6.78	0.31
19811030	5.32	9.27	0.35
19811031	0.11	9.51	0.46
19811101	0.12	13.34	0.39
19811102	0.12	12.51	0.34
19811103	0.12	11.02	0.31
19811104	0.02	5.67	0.27
19811105	0.0	6.26	0.26
19811106	0.09	6.75	0.2
19811107	0.03	5.49	0.25
19811108	0.0	3.82	0.24
19811109	0.0	4.94	0.22
19811110	0.08	5.81	0.22
19811111	2.51	8.32	0.23
19811112	0.03	6.23	0.23
19811113	0.03	6.02	0.22
19811114	0.04	6.4	0.21
19811115	1.7	6.5	0.21
19811116	5.84	6.05	0.23
19811117	0.09	7.83	0.27
19811118	3.6	6.36	0.27
19811119	7.0	8.57	0.31
19811120	2.05	9.27	0.61
19811121	0.1	9.32	0.51
19811122	0.04	12.25	0.37
19811123	1.83	7.57	0.38
19811124	0.0	3.05	0.34
19811125	0.0	3.95	0.28
19811126	2.24	9.46	0.26
19811127	0.68	6.56	0.28
19811128	0.35	4.0	0.28
19811129	2.56	5.35	0.29
19811130	6.15	6.34	0.4
19811201	0.08	3.58	0.49
19811202	0.84	4.66	0.42
19811203	1.06	7.0	0.39
19811204	2.85	5.18	0.44
19811205	0.82	3.43	0.47
19811206	1.69	1.63	0.47
19811207	0.63	0.8	0.47
19811208	0.68	-1.56	0.44
19811209	0.0	-3.11	0.38
19811210	0.45	-3.32	0.34
19811211	4.78	-1.96	0.32
19811212	0.19	-6.22	0.28
19811213	11.93	-2.7	0.27
19811214	8.16	-1.15	0.3
19811215	0.0	-2.67	0.3
19811216	0.0	-3.6	0.27
19811217	0.0	-3.98	0.28
19811218	0.89	-2.05	0.24
19811219	0.12	-2.74	0.29
19811220	2.35	1.06	0.27
19811221	7.9	0.02	0.3
19811222	0.12	-2.63	0.31
19811223	0.03	-2.91	0.3
19811224	1.3	-1.15	0.31
19811225	0.06	-5.13	0.31
19811226	0.78	-0.16	0.32
19811227	3.35	1.25	0.37
19811228	0.55	2.16	0.87
19811229	3.65	3.76	3.46
19811230	0.23	4.16	5.13
19811231	0.19	2.86	3.73
19820101	0.9	1.69	1.7
19820102	4.37	7.52	1.68
19820103	0.07	9.12	1.71
19820104	0.62	9.09	0.74
19820105	6.08	3.82	0.69
19820106	1.2	-3.76	0.65
19820107	0.14	-3.6	0.46
19820108	0.23	-1.73	0.39
19820109	0.08	-3.62	0.29
19820110	0.03	-2.31	0.27
19820111	0.01	-0.72	0.26
19820112	0.0	-1.9	0.23
19820113	0.02	-2.66	0.2
19820114	0.0	-2.76	0.18
19820115	0.11	1.16	0.2
19820116	0.09	3.92	0.2
19820117	0.04	3.7	0.2
19820118	0.09	4.06	0.19
19820119	0.07	3.95	0.19
19820120	1.02	3.76	0.2
19820121	2.04	4.84	0.24
19820122	1.95	3.7	0.34
19820123	0.08	1.73	0.3
19820124	2.64	3.61	0.31
19820125	4.01	7.34	0.36
19820126	1.9	4.64	0.6
19820127	0.35	1.78	0.53
19820128	0.48	4.63	0.42
19820129	0.85	8.56	0.38
19820130	0.28	9.36	0.31
19820131	1.37	7.38	0.31
19820201	0.05	6.43	0.44
19820202	0.0	3.32	0.47
19820203	0.0	3.75	0.45
19820204	0.0	6.23	0.4
19820205	0.66	7.72	0.38
19820206	0.06	6.66	0.34
19820207	4.56	5.06	0.38
19820208	0.06	5.46	0.48
19820209	0.02	8.25	0.4
19820210	0.03	6.83	0.38
19820211	1.91	5.72	0.37
19820212	0.99	6.36	0.36
19820213	0.29	4.56	0.33
19820214	0.04	4.93	0.4
19820215	0.01	3.13	0.28
19820216	0.18	1.98	0.32
19820217	1.6	1.85	0.31
19820218	0.24	3.33	0.33
19820219	0.0	0.7	0.31
19820220	0.0	0.09	0.3
19820221	0.02	0.67	0.29
19820222	0.02	1.03	0.29
19820223	0.0	0.74	0.28
19820224	0.02	0.11	0.27
19820225	0.0	1.25	0.27
19820226	3.47	2.84	0.27
19820227	0.2	6.52	0.3
19820228	1.92	9.97	0.29
19820301	3.14	6.55	0.33
19820302	3.74	8.29	0.34
19820303	0.78	7.38	0.39
19820304	1.59	2.86	0.41
19820305	0.03	4.1	0.33
19820306	0.0	4.73	0.28
19820307	0.0	1.88	0.34
19820308	0.75	4.4	0.27
19820309	5.46	5.93	0.3
19820310	2.99	6.77	0.44
19820311	4.66	5.81	0.39
19820312	1.93	4.5	0.59
19820313	0.01	5.43	0.51
19820314	0.0	9.52	0.39
19820315	6.23	4.85	0.53
19820316	1.37	4.84	0.57
19820317	1.49	5.71	0.53
19820318	0.47	4.24	0.5
19820319	7.07	6.33	0.49
19820320	0.06	3.25	0.68
19820321	0.27	5.36	0.57
19820322	0.0	5.4	0.52
19820323	0.0	6.15	0.41
19820324	0.0	6.08	0.41
19820325	0.0	7.14	0.33
19820326	0.0	7.58	0.33
19820327	0.02	6.96	0.37
19820328	0.0	5.3	0.37
19820329	1.92	5.54	0.34
19820330	0.01	5.62	0.28
19820331	0.0	5.51	0.31
19820401	0.78	8.96	0.28
19820402	0.0	6.67	0.3
19820403	0.0	9.35	0.28
19820404	0.0	10.56	0.26
19820405	0.14	12.59	0.24
19820406	2.02	10.73	0.25
19820407	3.47	9.95	0.27
19820408	0.63	3.29	0.29
19820409	0.89	6.27	0.22
19820410	0.04	6.32	0.24
19820411	0.01	4.67	0.25
19820412	0.12	3.2	0.24
19820413	0.03	4.25	0.23
19820414	0.0	7.31	0.23
19820415	0.0	8.17	0.21
19820416	0.0	8.92	0.22
19820417	0.0	8.33	0.23
19820418	0.0	5.44	0.22
19820419	0.0	6.17	0.21
19820420	0.0	9.1	0.2
19820421	0.13	8.14	0.21
19820422	0.27	10.18	0.2
19820423	0.0	8.4	0.2
19820424	0.0	9.53	0.19
19820425	0.0	9.24	0.2
19820426	0.0	7.9	0.19
19820427	0.29	8.81	0.2
19820428	0.0	11.19	0.2
19820429	0.76	6.23	0.21
19820430	0.05	9.55	0.23
19820501	1.63	6.68	0.23
19820502	2.62	8.47	0.23
19820503	0.38	7.75	0.25
19820504	0.29	5.11	0.24
19820505	12.16	7.59	0.28
19820506	5.06	6.23	0.4
19820507	0.64	6.79	0.26
19820508	0.0	7.24	0.21
19820509	0.0	8.76	0.22
19820510	0.08	9.6	0.22
19820511	0.0	10.6	0.2
19820512	0.0	12.25	0.18
19820513	0.0	11.24	0.17
19820514	0.0	11.96	0.18
19820515	0.02	15.4	0.11
19820516	2.85	16.24	0.1
19820517	2.92	14.71	0.11
19820518	2.12	13.11	0.15
19820519	0.28	14.74	0.16
19820520	0.71	15.01	0.17
19820521	1.99	14.9	0.15
19820522	2.37	14.27	0.17
19820523	1.62	12.08	0.17
19820524	0.02	14.78	0.16
19820525	0.0	13.59	0.14
19820526	5.77	15.63	0.14
19820527	13.87	10.92	0.37
19820528	0.0	12.16	0.24
19820529	0.0	13.94	0.19
19820530	0.0	14.44	0.16
19820531	0.02	18.42	0.15
19820601	0.02	17.65	0.15
19820602	3.03	18.89	0.15
19820603	1.17	17.55	0.16
19820604	0.02	19.63	0.15
19820605	0.24	20.57	0.13
19820606	0.43	19.07	0.13
19820607	0.0	16.52	0.13
19820608	0.0	16.57	0.14
19820609	0.0	14.67	0.13
19820610	5.77	15.28	0.12
19820611	0.24	14.3	0.13
19820612	8.32	13.32	0.23
19820613	0.4	10.86	0.21
19820614	0.02	10.33	0.15
19820615	3.13	13.03	0.13
19820616	0.0	13.06	0.14
19820617	1.72	14.21	0.13
19820618	7.15	14.87	0.16
19820619	0.3	12.82	0.14
19820620	0.21	14.62	0.09
19820621	1.45	13.79	0.07
19820622	14.14	13.57	0.17
19820623	4.75	15.68	0.14
19820624	0.07	15.38	0.1
19820625	7.48	15.03	0.1
19820626	13.25	15.28	0.26
19820627	6.71	16.16	0.28
19820628	12.06	14.47	0.38
19820629	5.68	12.81	0.41
19820630	0.01	15.5	0.26
19820701	0.3	15.38	0.21
19820702	4.88	15.8	0.26
19820703	0.26	13.72	0.19
19820704	1.72	14.24	0.19
19820705	0.1	16.65	0.17
19820706	0.0	16.41	0.16
19820707	0.0	18.14	0.14
19820708	0.0	19.15	0.13
19820709	2.14	20.66	0.12
19820710	0.0	18.15	0.12
19820711	0.0	18.08	0.12
19820712	0.01	15.89	0.12
19820713	0.0	17.99	0.11
19820714	0.25	20.81	0.1
19820715	5.7	14.63	0.11
19820716	0.0	14.42	0.12
19820717	0.0	16.42	0.11
19820718	0.0	16.92	0.1
19820719	0.0	15.96	0.09
19820720	0.0	16.7	0.09
19820721	0.0	15.71	0.09
19820722	0.21	15.23	0.09
19820723	0.46	14.68	0.09
19820724	0.01	15.16	0.09
19820725	0.05	16.94	0.08
19820726	0.0	13.82	0.08
19820727	0.0	14.16	0.08
19820728	0.0	15.22	0.08
19820729	0.0	17.97	0.08
19820730	0.12	19.98	0.08
19820731	0.56	21.7	0.08
19820801	0.01	20.64	0.08
19820802	0.0	20.62	0.07
19820803	0.05	20.96	0.07
19820804	4.55	21.65	0.09
19820805	3.72	17.29	0.1
19820806	0.0	18.31	0.1
19820807	0.0	16.3	0.1
19820808	0.63	19.48	0.09
19820809	0.71	18.02	0.08
19820810	0.0	17.27	0.08
19820811	1.24	19.58	0.07
19820812	0.86	17.56	0.08
19820813	7.71	13.45	0.08
19820814	7.04	16.68	0.1
19820815	2.14	18.34	0.1
19820816	2.16	16.16	0.09
19820817	1.26	17.37	0.09
19820818	0.83	15.32	0.08
19820819	3.6	13.68	0.08
19820820	0.48	14.74	0.08
19820821	0.0	16.17	0.08
19820822	0.8	15.64	0.07
19820823	0.03	13.69	0.07
19820824	6.18	13.12	0.08
19820825	0.02	13.14	0.08
19820826	1.91	13.27	0.09
19820827	0.0	13.3	0.08
19820828	0.0	14.32	0.08
19820829	0.0	17.85	0.08
19820830	5.44	15.17	0.08
19820831	0.05	11.32	0.09
19820901	0.11	12.54	0.09
19820902	0.0	12.22	0.08
19820903	0.0	17.63	0.08
19820904	0.0	17.44	0.08
19820905	17.7	18.17	0.1
19820906	0.26	13.38	0.13
19820907	0.0	15.62	0.11
19820908	0.0	15.68	0.09
19820909	0.0	15.72	0.08
19820910	0.0	17.91	0.08
19820911	0.0	13.29	0.08
19820912	0.0	15.97	0.08
19820913	0.0	13.46	0.08
19820914	0.01	15.53	0.08
19820915	0.0	16.7	0.08
19820916	0.0	17.4	0.08
19820917	0.0	18.37	0.08
19820918	0.0	19.07	0.08
19820919	2.8	17.73	0.07
19820920	5.82	16.65	0.08
19820921	6.42	10.1	0.13
19820922	0.0	10.92	0.12
19820923	4.89	11.13	0.11
19820924	3.26	14.37	0.11
19820925	7.87	15.91	0.15
19820926	0.04	14.5	0.2
19820927	1.55	12.19	0.09
19820928	1.18	14.3	0.1
19820929	5.35	10.48	0.12
19820930	0.05	10.76	0.12
19821001	0.47	14.93	0.11
19821002	28.45	12.31	0.32
19821003	0.07	12.2	0.58
19821004	26.84	11.52	0.39
19821005	1.84	10.3	0.86
19821006	5.6	13.09	0.37
19821007	6.22	11.76	0.32
19821008	2.92	11.35	0.38
19821009	0.39	10.06	0.29
19821010	0.02	8.7	0.18
19821011	0.44	9.07	0.17
19821012	3.45	9.49	0.15
19821013	1.9	9.59	0.15
19821014	1.49	8.13	0.14
19821015	0.03	7.19	0.13
19821016	3.77	10.49	0.12
19821017	1.79	12.42	0.13
19821018	2.74	9.29	0.14
19821019	0.14	12.18	0.14
19821020	3.78	12.73	0.13
19821021	18.39	10.06	0.23
19821022	8.05	8.45	1.58
19821023	0.05	5.92	0.99
19821024	0.53	8.63	0.43
19821025	0.12	8.76	0.28
19821026	0.19	9.72	0.25
19821027	0.02	7.55	0.2
19821028	0.01	10.26	0.17
19821029	0.0	11.34	0.15
19821030	0.0	10.66	0.15
19821031	0.3	12.35	0.14
19821101	0.92	13.28	0.14
19821102	0.07	11.29	0.14
19821103	0.0	11.31	0.14
19821104	0.0	10.7	0.13
19821105	0.0	10.31	0.13
19821106	0.0	9.9	0.12
19821107	3.65	12.02	0.12
19821108	1.88	12.95	0.13
19821109	1.58	10.2	0.13
19821110	0.14	11.91	0.12
19821111	1.97	12.27	0.12
19821112	3.5	7.43	0.14
19821113	0.13	4.05	0.14
19821114	11.84	4.66	0.2
19821115	7.29	4.62	0.28
19821116	0.11	6.28	0.5
19821117	1.84	8.56	0.43
19821118	0.02	8.39	0.33
19821119	2.4	6.48	0.26
19821120	0.09	7.56	0.24
19821121	11.06	8.62	0.29
19821122	0.07	7.76	0.58
19821123	9.83	7.93	0.62
19821124	7.81	7.16	0.9
19821125	0.19	4.67	1.11
19821126	0.05	3.33	0.67
19821127	0.0	1.55	0.44
19821128	0.0	2.15	0.33
19821129	0.01	1.64	0.27
19821130	0.03	2.68	0.24
19821201	0.0	3.73	0.22
19821202	0.0	0.82	0.21
19821203	0.06	2.51	0.19
19821204	0.16	5.72	0.15
19821205	0.84	4.61	0.18
19821206	0.01	1.77	0.17
19821207	5.7	6.61	0.2
19821208	13.54	4.85	0.3
19821209	16.15	7.43	1.96
19821210	0.1	3.23	3.43
19821211	0.02	0.84	1.11
19821212	0.17	1.24	0.6
19821213	0.05	1.84	0.42
19821214	2.65	5.71	0.72
19821215	0.14	9.02	0.85
19821216	0.01	3.06	0.71
19821217	0.0	0.56	0.6
19821218	0.02	0.7	0.46
19821219	9.67	6.87	0.9
19821220	0.05	4.95	1.16
19821221	0.16	2.11	0.77
19821222	0.0	-1.23	0.56
19821223	2.84	0.39	0.46
19821224	0.25	5.68	0.5
19821225	0.09	7.3	0.5
19821226	0.07	7.57	0.5
19821227	0.05	5.61	0.48
19821228	0.02	2.93	0.42
19821229	0.0	3.97	0.39
19821230	0.0	3.64	0.37
19821231	0.01	4.97	0.37
19830101	1.75	5.1	0.38
19830102	2.03	6.34	0.32
19830103	5.56	10.25	0.44
19830104	4.23	8.26	0.87
19830105	0.06	12.73	1.26
19830106	5.59	7.25	1.25
19830107	0.04	4.49	1.17
19830108	0.1	5.36	0.83
19830109	0.21	5.94	0.69
19830110	0.02	7.88	0.58
19830111	0.15	7.62	0.47
19830112	2.09	6.27	0.49
19830113	6.74	2.36	0.49
19830114	1.22	5.34	1.24
19830115	0.0	9.16	1.04
19830116	0.0	8.05	0.74
19830117	0.98	6.1	0.58
19830118	0.04	2.77	0.53
19830119	0.01	0.54	0.43
19830120	0.0	2.1	0.38
19830121	0.0	5.64	0.37
19830122	0.0	1.71	0.35
19830123	0.03	3.0	0.35
19830124	7.05	6.37	0.42
19830125	0.08	6.96	0.53
19830126	0.07	8.81	0.45
19830127	1.68	10.72	0.46
19830128	0.36	8.17	0.45
19830129	0.7	5.23	0.44
19830130	0.13	1.98	0.42
19830131	7.91	6.05	0.69
19830201	0.18	2.8	0.94
19830202	0.17	2.9	0.62
19830203	0.12	-0.65	0.47
19830204	8.24	1.76	0.54
19830205	3.74	3.59	1.12
19830206	8.66	2.52	1.46
19830207	2.73	2.1	2.26
19830208	1.55	0.41	1.65
19830209	2.97	-1.66	1.27
19830210	6.57	-0.61	0.97
19830211	2.38	0.26	1.18
19830212	1.02	-0.42	1.14
19830213	0.06	-1.14	1.07
19830214	0.01	0.64	0.88
19830215	0.0	0.77	0.77
19830216	0.0	0.71	0.74
19830217	0.0	-0.0	0.74
19830218	0.0	1.29	0.74
19830219	0.0	1.18	0.73
19830220	0.0	1.65	0.63
19830221	0.0	0.44	0.62
19830222	0.0	-0.02	0.5
19830223	0.0	1.47	0.51
19830224	0.02	3.27	0.49
19830225	2.53	4.08	0.48
19830226	0.74	6.75	0.52
19830227	4.07	5.65	0.55
19830228	0.64	4.41	0.6
19830301	0.04	3.57	0.55
19830302	0.04	5.03	0.5
19830303	0.01	4.93	0.45
19830304	0.8	3.26	0.44
19830305	0.02	7.31	0.42
19830306	0.0	6.33	0.41
19830307	0.0	6.79	0.4
19830308	0.0	8.53	0.39
19830309	0.0	6.32	0.38
19830310	0.0	9.18	0.37
19830311	0.0	5.86	0.35
19830312	0.0	6.04	0.34
19830313	0.93	9.65	0.33
19830314	1.99	5.39	0.36
19830315	0.0	5.8	0.34
19830316	0.98	8.95	0.33
19830317	0.05	12.06	0.33
19830318	1.29	12.2	0.31
19830319	0.05	6.56	0.32
19830320	2.46	5.8	0.33
19830321	4.62	5.2	0.38
19830322	5.37	4.96	0.4
19830323	4.96	7.11	0.48
19830324	0.84	2.74	0.53
19830325	7.61	4.07	0.59
19830326	2.44	4.18	0.86
19830327	1.83	2.82	0.89
19830328	0.3	3.61	0.8
19830329	1.76	5.42	0.65
19830330	2.79	5.2	0.64
19830331	0.26	5.42	0.59
19830401	11.31	4.55	1.16
19830402	1.66	3.94	1.46
19830403	2.36	3.9	0.99
19830404	3.09	3.1	0.98
19830405	1.69	4.83	0.99
19830406	2.99	4.94	0.89
19830407	3.33	6.53	0.91
19830408	0.11	4.71	0.92
19830409	1.9	7.39	0.78
19830410	4.9	9.89	0.82
19830411	12.91	4.99	1.95
19830412	1.41	3.62	1.41
19830413	0.12	7.85	0.8
19830414	0.0	7.05	0.53
19830415	0.0	10.07	0.4
19830416	0.08	13.12	0.32
19830417	6.83	7.1	0.36
19830418	10.5	4.74	0.8
19830419	0.1	3.61	0.8
19830420	5.6	7.53	0.66
19830421	0.21	7.77	0.65
19830422	0.57	10.02	0.47
19830423	1.21	7.65	0.35
19830424	0.62	10.03	0.3
19830425	4.37	9.18	0.32
19830426	0.02	10.28	0.26
19830427	0.0	7.23	0.23
19830428	0.04	9.53	0.2
19830429	2.18	9.03	0.21
19830430	7.21	10.88	0.22
19830501	0.51	9.62	0.31
19830502	1.78	8.43	0.24
19830503	0.38	6.18	0.21
19830504	0.1	8.92	0.19
19830505	2.43	11.63	0.18
19830506	2.12	13.23	0.18
19830507	7.85	12.16	0.24
19830508	6.11	9.9	0.51
19830509	1.84	7.59	0.45
19830510	3.88	8.69	0.36
19830511	1.42	9.47	0.32
19830512	4.76	9.84	0.36
19830513	3.21	10.75	0.39
19830514	0.15	11.42	0.29
19830515	9.05	9.89	0.46
19830516	1.61	11.56	0.45
19830517	0.02	12.06	0.32
19830518	0.81	10.48	0.26
19830519	10.37	9.91	0.34
19830520	1.54	9.93	0.47
19830521	0.58	8.87	0.36
19830522	5.57	10.16	0.3
19830523	0.03	10.71	0.28
19830524	0.0	10.0	0.24
19830525	0.0	10.16	0.18
19830526	0.0	7.76	0.18
19830527	0.19	9.5	0.18
19830528	2.42	9.62	0.18
19830529	0.15	10.35	0.17
19830530	1.03	11.66	0.16
19830531	8.16	14.91	0.16
19830601	1.44	16.38	0.23
19830602	3.65	13.01	0.23
19830603	4.53	15.09	0.17
19830604	0.05	16.12	0.18
19830605	0.0	12.8	0.15
19830606	0.0	13.09	0.13
19830607	0.0	18.09	0.12
19830608	0.0	18.72	0.12
19830609	0.15	14.66	0.11
19830610	0.0	14.62	0.1
19830611	0.06	14.1	0.1
19830612	0.05	12.48	0.1
19830613	0.04	14.8	0.1
19830614	1.25	11.71	0.09
19830615	0.0	9.99	0.09
19830616	0.63	12.63	0.09
19830617	0.0	12.12	0.09
19830618	0.0	12.11	0.09
19830619	0.0	14.56	0.09
19830620	0.0	15.16	0.09
19830621	0.0	14.5	0.09
19830622	20.52	16.06	0.16
19830623	0.02	15.25	0.17
19830624	0.83	13.34	0.12
19830625	0.0	14.67	0.11
19830626	0.0	15.87	0.1
19830627	0.0	11.16	0.09
19830628	0.6	16.51	0.13
19830629	2.1	15.3	0.16
19830630	0.0	11.46	0.15
19830701	0.22	16.69	0.14
19830702	0.08	14.95	0.13
19830703	0.0	17.34	0.12
19830704	0.0	17.58	0.12
19830705	0.03	18.53	0.11
19830706	2.07	17.6	0.13
19830707	0.01	19.07	0.14
19830708	0.0	18.08	0.15
19830709	0.0	18.45	0.12
19830710	0.0	16.86	0.12
19830711	0.0	18.48	0.13
19830712	0.0	17.89	0.09
19830713	0.0	18.24	0.11
19830714	0.0	22.46	0.12
19830715	0.0	23.65	0.11
19830716	0.0	21.23	0.1
19830717	0.17	23.14	0.1
19830718	1.36	19.66	0.11
19830719	0.02	16.16	0.1
19830720	0.0	12.17	0.1
19830721	0.0	15.8	0.09
19830722	0.19	19.78	0.09
19830723	2.88	18.41	0.09
19830724	13.61	17.13	0.25
19830725	0.04	19.56	0.16
19830726	0.0	19.72	0.14
19830727	0.0	18.99	0.13
19830728	0.0	19.09	0.11
19830729	0.0	22.12	0.09
19830730	0.0	19.89	0.09
19830731	5.68	21.25	0.09
19830801	0.3	13.32	0.11
19830802	3.87	12.14	0.19
19830803	0.0	15.59	0.15
19830804	0.0	16.23	0.14
19830805	0.0	15.69	0.12
19830806	0.0	15.4	0.13
19830807	0.0	15.85	0.13
19830808	0.0	18.68	0.13
19830809	0.0	18.44	0.12
19830810	0.0	17.76	0.12
19830811	0.0	14.86	0.12
19830812	0.0	16.82	0.12
19830813	0.0	18.17	0.11
19830814	0.0	20.93	0.11
19830815	0.0	20.88	0.1
19830816	2.31	20.49	0.1
19830817	0.04	18.01	0.11
19830818	0.0	19.74	0.11
19830819	0.02	21.6	0.11
19830820	3.52	21.64	0.1
19830821	0.02	19.29	0.11
19830822	0.06	18.92	0.1
19830823	0.0	19.92	0.1
19830824	0.0	16.17	0.11
19830825	0.0	17.44	0.11
19830826	0.0	15.85	0.11
19830827	0.09	17.06	0.1
19830828	0.11	16.06	0.1
19830829	0.0	12.81	0.1
19830830	0.0	15.09	0.1
19830831	0.0	19.07	0.1
19830901	0.03	17.93	0.1
19830902	10.2	16.86	0.1
19830903	3.33	13.81	0.14
19830904	0.29	16.96	0.15
19830905	0.0	14.27	0.12
19830906	0.0	11.6	0.12
19830907	0.0	13.76	0.12
19830908	2.18	16.0	0.12
19830909	2.46	14.95	0.12
19830910	1.42	13.3	0.14
19830911	6.6	10.87	0.14
19830912	0.1	8.56	0.14
19830913	2.97	12.66	0.14
19830914	6.84	15.5	0.17
19830915	0.8	15.22	0.15
19830916	3.58	13.64	0.16
19830917	16.22	13.52	0.18
19830918	1.87	13.26	0.27
19830919	0.11	12.65	0.24
19830920	1.06	12.66	0.14
19830921	11.82	9.51	0.23
19830922	0.01	12.81	0.23
19830923	0.0	16.3	0.16
19830924	0.64	13.64	0.18
19830925	0.0	14.0	0.15
19830926	0.0	18.87	0.15
19830927	0.0	15.88	0.15
19830928	0.0	15.77	0.15
19830929	0.1	15.01	0.15
19830930	0.0	13.57	0.15
19831001	0.3	14.82	0.14
19831002	2.54	17.24	0.14
19831003	0.35	17.14	0.14
19831004	0.0	17.86	0.14
19831005	0.0	14.04	0.13
19831006	0.25	14.13	0.13
19831007	5.0	10.51	0.15
19831008	2.09	11.26	0.15
19831009	2.82	12.48	0.17
19831010	3.51	11.01	0.18
19831011	0.98	9.4	0.17
19831012	0.27	12.94	0.17
19831013	4.93	12.41	0.18
19831014	0.26	11.27	0.18
19831015	7.74	11.21	0.21
19831016	0.01	10.55	0.2
19831017	2.15	10.82	0.15
19831018	2.97	12.12	0.16
19831019	0.02	7.46	0.18
19831020	0.01	6.23	0.17
19831021	0.0	7.07	0.17
19831022	0.0	6.33	0.16
19831023	0.06	8.71	0.16
19831024	0.0	5.75	0.16
19831025	0.01	8.12	0.14
19831026	0.0	11.45	0.14
19831027	0.0	7.35	0.16
19831028	1.28	5.53	0.16
19831029	0.02	3.56	0.15
19831030	0.02	6.33	0.15
19831031	0.0	8.86	0.14
19831101	0.0	12.37	0.15
19831102	4.58	12.57	0.16
19831103	0.27	9.27	0.17
19831104	0.0	9.48	0.16
19831105	0.02	9.24	0.16
19831106	0.0	10.97	0.16
19831107	0.44	9.66	0.16
19831108	0.3	9.74	0.16
19831109	0.05	10.96	0.15
19831110	0.02	10.22	0.16
19831111	0.01	9.56	0.15
19831112	0.0	6.13	0.15
19831113	0.0	4.28	0.2
19831114	0.0	0.88	0.15
19831115	0.92	5.56	0.15
19831116	2.38	7.77	0.16
19831117	1.02	7.33	0.17
19831118	0.06	6.14	0.17
19831119	0.0	5.08	0.16
19831120	0.4	4.39	0.16
19831121	0.63	2.53	0.17
19831122	0.0	-0.38	0.16
19831123	0.04	0.06	0.16
19831124	0.59	6.67	0.16
19831125	5.87	12.95	0.19
19831126	38.88	10.88	0.4
19831127	0.67	9.15	1.16
19831128	0.03	6.46	0.37
19831129	0.07	4.98	0.17
19831130	0.0	2.78	0.14
19831201	0.02	1.72	0.12
19831202	0.0	1.92	0.11
19831203	0.0	2.87	0.1
19831204	0.0	4.69	0.1
19831205	0.72	4.38	0.1
19831206	0.04	2.02	0.1
19831207	0.76	3.04	0.09
19831208	11.44	9.32	0.13
19831209	5.03	6.53	0.25
19831210	0.49	0.96	0.28
19831211	2.26	0.3	0.19
19831212	0.59	-0.78	0.17
19831213	0.09	2.79	0.16
19831214	0.02	3.23	0.25
19831215	0.09	5.12	0.27
19831216	2.15	4.59	0.25
19831217	0.97	4.04	0.26
19831218	3.86	6.05	0.27
19831219	0.41	7.3	0.35
19831220	1.66	7.27	0.35
19831221	0.17	6.24	0.32
19831222	2.44	7.47	0.31
19831223	4.65	6.84	0.32
19831224	0.8	10.83	0.37
19831225	3.62	8.43	0.45
19831226	0.59	6.04	0.45
19831227	0.03	10.46	0.42
19831228	0.02	7.04	0.38
19831229	0.01	5.67	0.34
19831230	0.02	4.46	0.32
19831231	0.0	6.77	0.29
19840101	5.37	6.58	0.32
19840102	8.56	6.56	0.51
19840103	2.15	2.81	0.98
19840104	0.06	1.45	0.6
19840105	2.34	4.04	0.54
19840106	4.43	4.75	0.54
19840107	0.06	3.21	0.77
19840108	1.9	2.23	0.7
19840109	0.27	2.15	0.57
19840110	2.28	7.55	0.51
19840111	0.44	6.3	0.54
19840112	4.31	6.95	0.55
19840113	3.33	7.74	0.77
19840114	0.61	3.1	0.89
19840115	0.03	1.99	0.62
19840116	6.42	5.98	0.77
19840117	0.0	2.45	0.86
19840118	0.01	-0.2	0.57
19840119	0.88	-0.74	0.52
19840120	0.02	0.54	0.44
19840121	5.46	1.07	0.41
19840122	9.53	-0.56	0.47
19840123	17.38	0.61	0.64
19840124	0.96	-2.88	0.72
19840125	6.58	-1.41	0.48
19840126	1.61	3.41	2.15
19840127	1.58	3.98	3.84
19840128	2.16	3.56	3.94
19840129	0.09	3.83	2.51
19840130	5.42	3.28	1.61
19840131	0.06	2.11	1.43
19840201	6.03	4.27	1.16
19840202	2.18	5.69	1.17
19840203	3.01	6.27	1.0
19840204	5.22	6.42	1.05
19840205	4.41	5.35	1.13
19840206	7.62	5.17	1.3
19840207	2.71	4.49	1.42
19840208	0.08	3.81	0.91
19840209	0.0	2.93	0.57
19840210	0.0	4.95	0.5
19840211	0.01	4.68	0.41
19840212	0.02	1.43	0.38
19840213	0.02	1.84	0.33
19840214	0.04	1.23	0.3
19840215	0.0	-0.15	0.28
19840216	0.0	0.43	0.27
19840217	0.0	1.43	0.25
19840218	0.0	1.71	0.23
19840219	0.01	0.11	0.23
19840220	3.04	3.0	0.22
19840221	0.08	5.63	0.21
19840222	0.07	4.2	0.21
19840223	0.01	2.24	0.19
19840224	0.01	2.1	0.18
19840225	0.54	1.92	0.18
19840226	1.13	2.56	0.18
19840227	1.22	2.8	0.18
19840228	0.33	2.1	0.18
19840229	0.0	3.61	0.18
19840301	3.82	5.9	0.18
19840302	3.87	2.78	0.22
19840303	0.16	1.73	0.24
19840304	1.54	5.15	0.18
19840305	0.13	6.27	0.19
19840306	0.0	7.68	0.19
19840307	0.01	4.48	0.19
19840308	0.0	2.91	0.16
19840309	0.18	4.15	0.14
19840310	5.96	4.76	0.18
19840311	1.49	5.88	0.24
19840312	0.04	3.69	0.21
19840313	1.13	3.4	0.19
19840314	0.0	4.38	0.19
19840315	0.0	2.74	0.18
19840316	0.0	3.1	0.17
19840317	0.0	3.0	0.16
19840318	0.0	3.3	0.15
19840319	0.0	3.64	0.14
19840320	0.0	3.12	0.14
19840321	0.03	4.54	0.14
19840322	0.02	3.96	0.14
19840323	8.32	7.77	0.14
19840324	5.84	4.26	0.27
19840325	6.81	6.11	0.35
19840326	1.8	5.69	0.51
19840327	1.61	5.72	0.41
19840328	0.77	4.63	0.34
19840329	2.14	3.64	0.29
19840330	1.99	4.91	0.28
19840331	0.1	2.73	0.26
19840401	0.28	2.42	0.25
19840402	0.0	2.85	0.23
19840403	0.0	1.31	0.2
19840404	0.0	3.05	0.17
19840405	5.53	4.71	0.17
19840406	4.91	3.21	0.29
19840407	0.18	3.47	0.29
19840408	0.11	6.23	0.24
19840409	3.44	6.17	0.24
19840410	0.06	5.27	0.24
19840411	0.33	5.37	0.22
19840412	0.0	6.15	0.18
19840413	0.0	7.29	0.17
19840414	0.0	9.47	0.19
19840415	0.11	6.31	0.16
19840416	0.3	5.05	0.14
19840417	0.0	7.12	0.14
19840418	0.0	10.87	0.13
19840419	0.0	11.44	0.2
19840420	0.0	11.62	0.27
19840421	0.0	14.57	0.25
19840422	0.0	9.85	0.26
19840423	0.0	8.02	0.23
19840424	0.0	11.4	0.19
19840425	0.0	10.24	0.22
19840426	0.0	10.51	0.22
19840427	0.0	8.38	0.22
19840428	0.0	9.2	0.23
19840429	0.0	8.01	0.2
19840430	0.0	9.51	0.2
19840501	0.0	10.45	0.2
19840502	0.01	10.16	0.19
19840503	0.16	9.01	0.18
19840504	0.11	8.27	0.19
19840505	0.0	9.01	0.19
19840506	0.0	8.14	0.19
19840507	0.28	6.69	0.17
19840508	0.01	5.66	0.2
19840509	0.01	9.67	0.18
19840510	1.37	6.99	0.18
19840511	0.0	8.61	0.18
19840512	0.0	7.99	0.17
19840513	0.0	8.66	0.16
19840514	0.0	9.72	0.16
19840515	0.01	10.8	0.17
19840516	0.03	11.98	0.17
19840517	0.01	7.59	0.17
19840518	0.0	7.76	0.17
19840519	0.13	9.16	0.18
19840520	11.33	7.67	0.21
19840521	21.29	9.83	0.36
19840522	0.08	9.4	0.62
19840523	0.15	11.19	0.34
19840524	0.01	10.42	0.23
19840525	2.26	9.87	0.24
19840526	14.34	8.17	0.27
19840527	9.92	10.92	0.56
19840528	0.34	8.72	0.69
19840529	0.06	8.37	0.48
19840530	0.0	11.18	0.37
19840531	0.01	11.27	0.27
19840601	11.22	9.89	0.42
19840602	1.41	12.36	0.41
19840603	0.06	11.86	0.34
19840604	4.9	12.05	0.31
19840605	0.04	11.35	0.31
19840606	11.69	13.58	0.37
19840607	0.0	12.37	0.52
19840608	0.0	9.29	0.34
19840609	0.36	12.79	0.3
19840610	0.0	14.9	0.26
19840611	0.01	10.79	0.23
19840612	0.45	16.0	0.21
19840613	0.85	17.34	0.2
19840614	0.01	13.79	0.2
19840615	0.0	14.94	0.2
19840616	0.08	15.63	0.18
19840617	4.63	16.73	0.2
19840618	0.14	17.4	0.21
19840619	0.0	18.8	0.2
19840620	10.34	19.14	0.21
19840621	0.14	13.81	0.23
19840622	2.28	13.3	0.19
19840623	1.49	11.25	0.19
19840624	0.05	14.87	0.19
19840625	0.0	14.75	0.18
19840626	0.0	15.84	0.17
19840627	0.0	14.96	0.17
19840628	0.0	9.54	0.15
19840629	0.0	11.11	0.15
19840630	0.0	10.39	0.15
19840701	0.03	14.17	0.15
19840702	4.09	11.52	0.15
19840703	0.02	12.93	0.15
19840704	0.0	12.89	0.15
19840705	0.0	14.83	0.14
19840706	0.0	17.08	0.14
19840707	0.0	18.33	0.14
19840708	0.0	19.83	0.12
19840709	7.94	17.84	0.14
19840710	0.17	16.94	0.14
19840711	1.04	15.35	0.14
19840712	1.37	16.76	0.15
19840713	2.36	16.02	0.14
19840714	11.06	15.12	0.17
19840715	2.48	12.52	0.21
19840716	0.03	13.98	0.17
19840717	0.0	17.02	0.14
19840718	0.06	15.26	0.13
19840719	0.33	14.76	0.13
19840720	0.03	15.26	0.13
19840721	0.0	13.64	0.13
19840722	6.33	15.59	0.21
19840723	0.02	13.24	0.25
19840724	0.0	13.27	0.16
19840725	0.0	14.68	0.14
19840726	0.0	13.65	0.14
19840727	3.57	19.24	0.14
19840728	0.0	18.77	0.14
19840729	0.0	21.67	0.13
19840730	0.12	20.5	0.13
19840731	0.03	15.85	0.12
19840801	4.1	17.83	0.12
19840802	6.25	17.54	0.15
19840803	0.05	16.36	0.14
19840804	0.86	15.8	0.14
19840805	5.16	12.43	0.19
19840806	13.02	16.68	0.2
19840807	1.03	14.46	0.24
19840808	0.0	16.71	0.21
19840809	0.39	16.45	0.18
19840810	0.01	14.95	0.13
19840811	0.0	13.26	0.13
19840812	0.0	15.6	0.13
19840813	0.0	16.21	0.13
19840814	3.75	18.72	0.13
19840815	0.41	17.02	0.13
19840816	0.0	16.56	0.12
19840817	0.0	17.34	0.12
19840818	0.0	18.23	0.11
19840819	0.0	18.92	0.11
19840820	0.0	19.63	0.11
19840821	0.0	19.83	0.1
19840822	0.02	19.96	0.1
19840823	0.3	20.69	0.1
19840824	1.27	19.1	0.1
19840825	0.04	15.53	0.1
19840826	0.0	15.86	0.1
19840827	0.0	18.17	0.1
19840828	0.0	18.93	0.1
19840829	0.01	17.85	0.1
19840830	0.06	20.77	0.1
19840831	0.02	20.25	0.1
19840901	0.0	18.29	0.09
19840902	2.05	20.99	0.09
19840903	6.78	18.5	0.1
19840904	1.83	11.84	0.1
19840905	3.69	12.25	0.11
19840906	1.57	12.82	0.11
19840907	0.01	12.84	0.11
19840908	0.34	14.26	0.11
19840909	0.48	14.07	0.11
19840910	0.49	13.1	0.11
19840911	0.03	15.73	0.11
19840912	0.02	14.83	0.11
19840913	1.87	18.17	0.11
19840914	8.84	14.83	0.13
19840915	0.8	15.19	0.16
19840916	0.71	14.85	0.14
19840917	9.82	12.52	0.14
19840918	0.35	12.66	0.16
19840919	6.25	12.89	0.15
19840920	19.38	9.85	0.32
19840921	2.18	10.19	0.33
19840922	1.5	10.52	0.21
19840923	4.78	9.57	0.2
19840924	9.55	10.24	0.28
19840925	0.05	10.52	0.29
19840926	0.0	10.22	0.22
19840927	0.0	14.8	0.19
19840928	0.0	16.45	0.17
19840929	5.21	14.09	0.16
19840930	0.09	9.74	0.16
19841001	0.02	9.75	0.16
19841002	2.63	9.81	0.15
19841003	0.4	9.3	0.15
19841004	0.22	12.38	0.15
19841005	14.01	11.03	0.19
19841006	0.07	9.11	0.23
19841007	4.48	10.24	0.19
19841008	1.31	15.73	0.21
19841009	0.03	11.71	0.2
19841010	0.0	10.01	0.18
19841011	0.0	11.99	0.17
19841012	0.0	13.08	0.16
19841013	0.0	11.59	0.19
19841014	0.0	13.08	0.14
19841015	0.0	12.69	0.15
19841016	0.0	13.03	0.15
19841017	1.63	13.08	0.15
19841018	0.24	12.38	0.17
19841019	0.37	11.72	0.17
19841020	0.0	8.49	0.16
19841021	7.6	11.35	0.16
19841022	6.11	12.92	0.22
19841023	0.07	8.42	0.2
19841024	6.73	12.16	0.21
19841025	0.48	9.42	0.23
19841026	0.0	5.27	0.21
19841027	0.58	7.85	0.21
19841028	0.98	12.59	0.19
19841029	0.08	15.5	0.17
19841030	0.0	12.85	0.17
19841031	0.02	12.72	0.16
19841101	0.04	13.26	0.16
19841102	0.9	11.22	0.16
19841103	0.34	6.99	0.16
19841104	0.01	6.45	0.16
19841105	5.65	7.19	0.16
19841106	0.84	8.46	0.19
19841107	0.15	9.86	0.23
19841108	1.15	11.52	0.18
19841109	0.13	12.51	0.17
19841110	0.1	8.42	0.17
19841111	0.2	11.38	0.17
19841112	2.56	11.25	0.18
19841113	2.59	9.39	0.19
19841114	3.38	8.28	0.2
19841115	0.1	4.66	0.21
19841116	3.21	5.95	0.21
19841117	2.45	5.54	0.23
19841118	2.74	5.12	0.24
19841119	0.48	4.13	0.26
19841120	11.8	6.27	0.33
19841121	7.38	9.29	0.78
19841122	7.1	9.33	1.32
19841123	21.23	9.4	1.92
19841124	0.1	7.83	2.61
19841125	0.02	5.7	1.23
19841126	0.02	4.24	0.7
19841127	0.55	8.71	0.56
19841128	0.44	9.5	0.47
19841129	0.05	9.63	0.37
19841130	0.0	10.32	0.37
19841201	0.0	8.85	0.34
19841202	0.14	6.6	0.31
19841203	1.83	8.07	0.24
19841204	0.13	9.55	0.23
19841205	9.46	8.4	0.26
19841206	0.06	5.4	0.52
19841207	0.0	5.42	0.49
19841208	0.16	4.29	0.42
19841209	0.04	4.39	0.37
19841210	0.0	3.88	0.34
19841211	0.07	2.85	0.32
19841212	0.32	4.78	0.31
19841213	0.35	6.52	0.3
19841214	2.57	5.86	0.29
19841215	0.93	2.83	0.28
19841216	8.46	3.5	0.41
19841217	2.56	3.77	0.68
19841218	2.27	3.73	0.58
19841219	6.71	8.25	0.57
19841220	2.23	6.47	1.08
19841221	0.05	3.22	1.02
19841222	0.73	6.11	0.69
19841223	1.72	9.72	0.59
19841224	2.99	3.84	0.58
19841225	5.34	3.36	0.68
19841226	0.07	0.15	0.82
19841227	0.05	0.69	0.56
19841228	0.05	0.04	0.46
19841229	1.1	0.52	0.4
19841230	1.12	5.04	0.37
19841231	1.68	4.59	0.42
19850101	6.25	2.17	0.52
19850102	1.4	1.3	0.55
19850103	1.99	1.08	0.49
19850104	3.43	-2.42	0.48
19850105	2.64	-4.04	0.38
19850106	3.41	-1.32	0.38
19850107	4.3	-7.73	0.32
19850108	1.86	-3.05	0.3
19850109	0.42	-2.53	0.29
19850110	0.5	-2.02	0.24
19850111	0.88	-1.54	0.21
19850112	3.3	-0.5	0.24
19850113	1.81	-4.17	0.34
19850114	4.87	-1.85	0.29
19850115	4.32	-3.25	0.27
19850116	0.08	-4.15	0.26
19850117	0.02	-2.61	0.25
19850118	0.0	-0.96	0.26
19850119	0.01	-3.0	0.24
19850120	2.85	0.51	0.25
19850121	7.38	4.93	2.53
19850122	0.04	1.87	4.27
19850123	0.02	0.44	1.39
19850124	2.29	2.8	0.67
19850125	7.03	4.69	0.64
19850126	0.16	-0.07	0.95
19850127	0.17	-0.03	0.64
19850128	0.15	4.03	0.5
19850129	9.88	6.62	0.68
19850130	0.62	6.92	1.15
19850131	0.92	8.81	0.76
19850201	0.03	9.8	0.55
19850202	0.0	6.18	0.41
19850203	0.01	5.6	0.33
19850204	0.02	4.19	0.32
19850205	0.02	3.8	0.3
19850206	0.46	2.82	0.27
19850207	0.0	2.45	0.22
19850208	6.06	-0.32	0.24
19850209	0.23	-2.84	0.2
19850210	0.39	-3.78	0.18
19850211	0.0	-3.78	0.19
19850212	0.0	-4.24	0.18
19850213	0.0	-3.83	0.17
19850214	0.0	-1.92	0.17
19850215	0.0	-3.92	0.15
19850216	0.0	-0.87	0.14
19850217	0.0	-0.26	0.16
19850218	0.0	-2.84	0.14
19850219	0.0	-1.15	0.13
19850220	0.23	1.84	0.13
19850221	0.2	0.81	0.15
19850222	0.12	1.74	0.15
19850223	0.17	4.72	0.18
19850224	0.04	4.52	0.19
19850225	0.0	3.61	0.18
19850226	0.02	6.38	0.17
19850227	0.23	4.98	0.16
19850228	0.03	2.19	0.16
19850301	5.42	1.95	0.19
19850302	1.72	4.97	0.21
19850303	2.3	5.67	0.23
19850304	0.28	4.37	0.24
19850305	0.3	3.87	0.2
19850306	0.12	5.23	0.18
19850307	0.48	4.36	0.17
19850308	0.02	4.6	0.17
19850309	0.0	6.71	0.15
19850310	0.92	6.37	0.16
19850311	0.03	3.16	0.15
19850312	0.02	3.74	0.15
19850313	0.44	3.86	0.15
19850314	0.76	2.63	0.15
19850315	1.67	2.45	0.15
19850316	0.43	2.06	0.15
19850317	0.26	0.17	0.13
19850318	0.12	1.15	0.13
19850319	1.39	0.65	0.13
19850320	0.55	1.04	0.13
19850321	1.67	3.96	0.14
19850322	1.17	6.03	0.14
19850323	1.99	5.42	0.14
19850324	1.52	4.52	0.14
19850325	0.98	6.36	0.14
19850326	0.22	3.63	0.14
19850327	0.55	2.48	0.13
19850328	0.66	4.78	0.13
19850329	1.59	7.37	0.13
19850330	0.07	10.23	0.14
19850331	7.8	11.3	0.15
19850401	0.1	13.27	0.19
19850402	0.01	13.61	0.15
19850403	0.0	13.45	0.14
19850404	0.01	10.38	0.15
19850405	3.56	9.69	0.15
19850406	0.04	8.89	0.14
19850407	9.77	9.05	0.15
19850408	10.71	9.1	0.56
19850409	0.17	8.23	0.56
19850410	0.48	6.98	0.34
19850411	15.44	6.42	0.68
19850412	1.65	7.91	1.08
19850413	3.19	8.97	0.58
19850414	10.81	6.41	1.09
19850415	0.06	10.46	1.0
19850416	0.0	12.09	0.55
19850417	0.0	11.3	0.39
19850418	0.02	9.88	0.29
19850419	0.03	12.52	0.27
19850420	0.02	4.44	0.23
19850421	0.0	8.03	0.2
19850422	0.03	6.95	0.18
19850423	0.0	5.07	0.16
19850424	0.11	7.58	0.15
19850425	0.03	2.34	0.15
19850426	1.72	7.54	0.14
19850427	2.88	4.29	0.16
19850428	1.09	5.25	0.15
19850429	3.45	8.32	0.15
19850430	1.24	10.29	0.16
19850501	0.01	7.75	0.14
19850502	0.4	8.02	0.12
19850503	0.45	4.69	0.13
19850504	0.51	7.26	0.13
19850505	0.01	7.03	0.13
19850506	0.05	10.22	0.12
19850507	0.0	9.81	0.12
19850508	5.82	9.68	0.12
19850509	4.59	9.88	0.18
19850510	0.05	8.46	0.24
19850511	0.0	6.83	0.21
19850512	3.34	10.32	0.22
19850513	6.86	11.33	0.25
19850514	16.81	9.97	1.14
19850515	0.02	11.08	1.25
19850516	0.0	12.38	0.65
19850517	0.0	12.07	0.44
19850518	0.01	12.49	0.29
19850519	4.94	12.8	0.33
19850520	1.91	13.23	0.35
19850521	3.31	13.17	0.4
19850522	1.58	8.8	0.35
19850523	0.14	11.73	0.3
19850524	0.06	12.89	0.25
19850525	0.8	15.76	0.22
19850526	6.2	17.06	0.24
19850527	3.07	14.66	0.34
19850528	0.04	10.26	0.26
19850529	0.0	9.77	0.2
19850530	0.0	10.2	0.18
19850531	0.0	10.48	0.15
19850601	0.0	12.43	0.15
19850602	0.0	12.97	0.15
19850603	0.0	13.57	0.15
19850604	7.19	16.43	0.14
19850605	10.5	13.04	0.22
19850606	16.41	9.35	0.63
19850607	1.78	8.06	1.22
19850608	3.56	12.03	0.7
19850609	2.49	11.62	0.53
19850610	4.05	10.89	0.49
19850611	13.04	13.01	0.59
19850612	2.25	11.85	1.32
19850613	10.97	11.23	0.78
19850614	1.8	9.14	1.69
19850615	0.23	9.88	1.07
19850616	0.07	10.07	0.65
19850617	0.0	14.1	0.5
19850618	3.24	13.06	0.43
19850619	7.58	12.52	0.6
19850620	0.86	13.11	0.58
19850621	6.6	13.52	0.61
19850622	3.32	14.65	0.73
19850623	2.13	15.28	0.59
19850624	10.7	12.72	1.75
19850625	7.0	13.11	1.59
19850626	3.72	13.97	1.78
19850627	5.64	13.57	1.62
19850628	3.6	15.27	1.56
19850629	3.15	16.32	1.4
19850630	2.11	17.03	1.42
19850701	0.02	15.14	0.9
19850702	0.0	14.89	0.62
19850703	0.0	16.03	0.47
19850704	0.01	18.78	0.4
19850705	10.67	19.58	0.81
19850706	0.0	13.92	0.78
19850707	0.0	15.97	0.46
19850708	0.0	18.31	0.38
19850709	0.0	14.89	0.34
19850710	0.0	17.0	0.3
19850711	0.0	18.33	0.28
19850712	0.0	17.39	0.27
19850713	6.01	21.31	0.25
19850714	1.66	17.11	0.31
19850715	0.87	15.83	0.26
19850716	0.91	13.96	0.25
19850717	0.14	18.15	0.24
19850718	1.28	14.55	0.2
19850719	6.68	13.33	0.26
19850720	8.08	12.89	0.33
19850721	2.09	15.64	0.33
19850722	0.67	16.12	0.3
19850723	0.02	16.82	0.26
19850724	0.0	18.31	0.23
19850725	0.27	20.5	0.21
19850726	0.24	17.92	0.21
19850727	3.59	18.89	0.21
19850728	9.87	15.95	0.23
19850729	5.07	16.97	0.3
19850730	1.2	14.23	0.31
19850731	0.16	16.29	0.28
19850801	0.08	15.23	0.22
19850802	6.6	14.31	0.25
19850803	2.14	14.31	0.27
19850804	7.21	14.52	0.27
19850805	0.99	13.2	0.34
19850806	7.47	12.88	0.35
19850807	0.15	13.29	0.38
19850808	2.08	18.09	0.33
19850809	1.3	12.99	0.28
19850810	3.35	13.94	0.29
19850811	0.18	14.0	0.26
19850812	2.64	14.92	0.22
19850813	0.15	16.15	0.22
19850814	1.79	16.35	0.21
19850815	0.13	15.9	0.2
19850816	1.72	14.87	0.19
19850817	0.07	13.47	0.19
19850818	4.22	18.02	0.19
19850819	2.29	15.3	0.21
19850820	0.92	15.22	0.21
19850821	3.27	17.13	0.19
19850822	0.35	14.73	0.19
19850823	5.14	15.9	0.18
19850824	0.06	13.33	0.2
19850825	3.75	15.27	0.19
19850826	0.04	11.54	0.2
19850827	0.0	17.05	0.18
19850828	0.0	19.05	0.17
19850829	0.0	18.12	0.16
19850830	0.0	18.04	0.16
19850831	0.15	15.6	0.14
19850901	0.02	13.78	0.14
19850902	1.66	14.29	0.14
19850903	2.39	14.5	0.15
19850904	1.27	14.13	0.15
19850905	0.03	12.27	0.15
19850906	0.45	9.48	0.14
19850907	1.54	13.23	0.15
19850908	0.41	12.19	0.16
19850909	0.0	15.53	0.15
19850910	0.0	15.42	0.15
19850911	0.0	16.69	0.14
19850912	0.0	18.03	0.14
19850913	0.12	12.49	0.13
19850914	1.72	12.56	0.13
19850915	0.01	11.77	0.13
19850916	0.05	15.98	0.14
19850917	0.18	15.25	0.14
19850918	0.0	17.67	0.14
19850919	1.06	13.23	0.14
19850920	0.08	13.1	0.14
19850921	1.23	17.87	0.14
19850922	0.03	16.08	0.14
19850923	0.0	14.26	0.13
19850924	0.0	13.15	0.13
19850925	0.0	15.62	0.13
19850926	0.03	15.25	0.13
19850927	0.0	14.6	0.13
19850928	0.0	17.41	0.13
19850929	0.0	15.71	0.12
19850930	0.0	20.11	0.12
19851001	0.0	20.87	0.12
19851002	0.0	18.16	0.12
19851003	2.68	17.74	0.12
19851004	0.02	14.93	0.12
19851005	0.01	14.28	0.12
19851006	2.95	14.98	0.12
19851007	1.05	10.4	0.13
19851008	3.36	11.32	0.13
19851009	0.04	11.68	0.15
19851010	0.04	14.93	0.13
19851011	0.01	10.96	0.13
19851012	0.0	9.3	0.13
19851013	0.0	10.85	0.14
19851014	0.09	11.69	0.13
19851015	0.39	12.28	0.14
19851016	0.07	11.01	0.14
19851017	0.0	11.96	0.14
19851018	0.0	9.05	0.14
19851019	0.0	8.92	0.14
19851020	0.0	8.83	0.14
19851021	0.0	9.99	0.14
19851022	0.0	10.47	0.14
19851023	0.0	7.71	0.14
19851024	0.0	9.8	0.14
19851025	0.0	6.84	0.14
19851026	0.0	9.17	0.14
19851027	0.0	8.06	0.14
19851028	0.09	7.95	0.15
19851029	0.02	8.33	0.14
19851030	0.01	6.23	0.14
19851031	1.02	7.42	0.14
19851101	0.7	6.08	0.15
19851102	0.04	-0.18	0.15
19851103	0.06	2.11	0.15
19851104	0.59	10.21	0.15
19851105	1.06	8.31	0.17
19851106	0.0	6.77	0.16
19851107	8.3	7.52	0.16
19851108	3.24	12.37	0.21
19851109	6.21	7.2	0.21
19851110	0.1	1.16	0.21
19851111	0.42	1.92	0.19
19851112	0.26	1.52	0.19
19851113	0.57	0.33	0.18
19851114	1.57	2.64	0.18
19851115	1.17	2.58	0.18
19851116	8.1	3.67	0.2
19851117	0.38	4.1	0.24
19851118	0.02	2.38	0.22
19851119	0.32	0.91	0.2
19851120	5.22	2.85	0.2
19851121	2.44	4.25	0.24
19851122	1.63	3.72	0.24
19851123	2.68	4.19	0.25
19851124	0.91	3.36	0.26
19851125	0.61	3.69	0.25
19851126	2.66	2.13	0.24
19851127	0.66	-0.48	0.24
19851128	0.02	-2.98	0.23
19851129	2.63	-0.51	0.22
19851130	0.19	7.28	0.25
19851201	1.52	10.91	0.27
19851202	5.2	12.7	0.43
19851203	0.94	11.63	0.34
19851204	8.98	11.26	0.32
19851205	10.23	7.5	1.02
19851206	9.33	8.2	1.47
19851207	0.4	5.6	1.55
19851208	0.76	5.15	0.88
19851209	0.14	2.89	0.61
19851210	0.19	3.31	0.54
19851211	0.36	5.52	0.45
19851212	2.35	7.46	0.4
19851213	1.7	10.5	0.47
19851214	0.18	11.54	0.51
19851215	0.12	10.6	0.47
19851216	0.01	8.22	0.41
19851217	0.95	9.51	0.39
19851218	1.08	7.01	0.37
19851219	0.09	6.92	0.34
19851220	0.34	9.5	0.33
19851221	0.33	9.99	0.32
19851222	3.26	6.85	0.33
19851223	8.87	7.36	0.34
19851224	2.75	6.57	0.81
19851225	16.57	5.41	1.48
19851226	7.17	3.56	3.2
19851227	0.03	-0.97	2.37
19851228	3.49	-2.62	1.17
19851229	0.06	-4.25	0.82
19851230	0.08	-1.92	0.64
19851231	0.15	1.44	0.65
19860101	5.87	2.74	0.8
19860102	1.79	4.45	1.34
19860103	0.97	0.35	1.05
19860104	5.77	0.4	0.88
19860105	2.17	0.55	1.4
19860106	0.41	-1.54	1.13
19860107	4.22	0.94	0.95
19860108	2.33	0.69	0.93
19860109	4.34	3.78	1.01
19860110	2.62	7.5	1.78
19860111	0.04	5.09	1.5
19860112	2.8	6.61	1.03
19860113	0.17	8.14	0.98
19860114	0.08	5.69	0.85
19860115	2.07	3.57	0.68
19860116	0.05	-0.3	0.61
19860117	5.21	3.47	0.58
19860118	4.43	9.5	0.9
19860119	2.69	7.0	1.22
19860120	2.84	5.92	0.91
19860121	0.58	4.57	0.85
19860122	2.28	5.57	0.85
19860123	0.26	3.69	0.79
19860124	0.83	1.07	0.61
19860125	0.06	-0.73	0.49
19860126	0.04	-0.62	0.44
19860127	2.58	-0.07	0.47
19860128	0.25	1.41	0.46
19860129	1.35	3.68	0.45
19860130	0.16	2.96	0.43
19860131	0.13	1.93	0.39
19860201	3.82	2.47	0.43
19860202	6.3	1.75	0.67
19860203	0.08	0.81	0.86
19860204	0.0	0.18	0.6
19860205	0.37	-0.17	0.51
19860206	0.3	-1.52	0.42
19860207	1.02	-2.39	0.36
19860208	1.01	-2.57	0.34
19860209	0.44	-4.53	0.32
19860210	0.02	-3.12	0.29
19860211	0.0	-0.37	0.27
19860212	0.0	-1.56	0.26
19860213	0.02	-0.19	0.25
19860214	0.08	-1.38	0.24
19860215	0.18	-1.28	0.24
19860216	0.01	-0.83	0.22
19860217	0.0	-0.29	0.22
19860218	0.25	-0.32	0.21
19860219	1.23	-3.33	0.2
19860220	0.25	-4.03	0.19
19860221	0.01	-4.32	0.18
19860222	0.01	-2.27	0.18
19860223	0.02	-2.98	0.17
19860224	0.0	-0.06	0.16
19860225	0.0	-3.15	0.15
19860226	0.0	-2.76	0.16
19860227	0.0	-0.85	0.17
19860228	0.17	-0.02	0.18
19860301	0.14	-1.26	0.17
19860302	0.02	-1.36	0.18
19860303	0.89	0.45	0.17
19860304	4.77	5.53	0.23
19860305	0.02	6.21	0.38
19860306	0.03	4.39	0.38
19860307	0.0	5.06	0.34
19860308	0.0	4.73	0.32
19860309	0.25	3.56	0.32
19860310	4.34	4.09	0.35
19860311	0.03	1.69	0.42
19860312	0.0	1.38	0.37
19860313	0.01	2.02	0.35
19860314	0.0	5.44	0.33
19860315	0.0	5.93	0.29
19860316	0.3	6.32	0.31
19860317	0.0	6.68	0.3
19860318	6.46	9.24	0.31
19860319	3.71	3.85	0.42
19860320	0.23	6.23	0.42
19860321	2.18	7.3	0.37
19860322	4.2	8.33	0.43
19860323	7.76	6.18	0.56
19860324	4.59	5.9	0.97
19860325	0.1	4.69	0.89
19860326	4.46	7.92	0.64
19860327	4.63	8.17	0.64
19860328	0.84	8.21	0.62
19860329	1.39	6.15	0.51
19860330	2.23	2.87	0.45
19860331	3.77	5.46	0.46
19860401	0.48	5.31	0.52
19860402	7.44	5.6	0.53
19860403	0.07	4.45	0.72
19860404	0.67	4.12	0.52
19860405	0.62	3.64	0.38
19860406	1.17	4.08	0.34
19860407	10.11	3.32	0.63
19860408	0.17	4.65	0.74
19860409	0.0	5.48	0.52
19860410	0.0	2.12	0.37
19860411	1.44	2.64	0.27
19860412	0.58	3.84	0.28
19860413	3.21	6.37	0.26
19860414	0.58	6.56	0.28
19860415	1.95	6.78	0.23
19860416	1.44	6.42	0.23
19860417	7.93	6.02	0.36
19860418	1.08	4.48	0.28
19860419	4.11	6.68	0.26
19860420	5.13	7.07	0.48
19860421	2.62	6.44	0.52
19860422	2.09	7.98	0.42
19860423	0.84	8.31	0.33
19860424	0.26	8.34	0.29
19860425	0.57	8.05	0.26
19860426	3.04	10.6	0.25
19860427	0.59	7.57	0.24
19860428	0.16	11.04	0.22
19860429	0.0	8.1	0.2
19860430	0.0	10.48	0.18
19860501	0.0	11.58	0.18
19860502	0.34	15.22	0.18
19860503	0.13	13.76	0.18
19860504	0.04	12.35	0.16
19860505	0.32	10.46	0.16
19860506	13.42	12.35	0.16
19860507	0.1	10.41	0.16
19860508	2.87	10.17	0.16
19860509	3.44	13.4	0.16
19860510	0.04	14.29	0.16
19860511	0.82	12.89	0.16
19860512	1.1	11.59	0.16
19860513	0.18	10.56	0.16
19860514	4.22	10.44	0.16
19860515	1.93	8.66	0.16
19860516	0.03	9.43	0.16
19860517	0.73	12.5	0.16
19860518	0.05	11.5	0.16
19860519	0.04	14.05	0.16
19860520	3.16	14.43	0.16
19860521	1.03	9.68	0.16
19860522	2.19	12.89	0.16
19860523	0.41	11.39	0.16
19860524	0.01	13.33	0.16
19860525	0.0	14.21	0.16
19860526	0.0	13.5	0.16
19860527	0.0	11.64	0.16
19860528	2.02	9.65	0.16
19860529	0.28	9.94	0.16
19860530	0.0	9.81	0.16
19860531	7.86	12.0	0.16
19860601	0.13	12.06	0.16
19860602	1.12	12.41	0.16
19860603	6.13	11.19	0.16
19860604	3.26	10.03	0.16
19860605	2.35	8.95	0.16
19860606	0.55	10.49	0.16
19860607	0.16	11.66	0.16
19860608	0.0	13.2	0.16
19860609	0.01	14.78	0.16
19860610	0.01	11.92	0.16
19860611	1.76	8.03	0.16
19860612	0.0	12.57	0.16
19860613	0.0	14.6	0.16
19860614	0.0	15.63	0.16
19860615	0.0	17.75	0.16
19860616	0.0	20.64	0.16
19860617	0.0	17.96	0.16
19860618	0.0	12.56	0.16
19860619	0.0	14.16	0.16
19860620	0.0	12.33	0.16
19860621	0.0	13.51	0.16
19860622	5.02	16.38	0.16
19860623	5.89	15.71	0.16
19860624	0.0	15.82	0.16
19860625	0.01	17.32	0.16
19860626	0.0	17.46	0.16
19860627	0.0	19.0	0.16
19860628	0.0	18.24	0.16
19860629	0.0	17.73	0.16
19860630	0.0	19.45	0.16
19860701	0.0	17.97	0.16
19860702	1.78	20.81	0.16
19860703	0.0	18.15	0.16
19860704	8.77	18.5	0.16
19860705	11.68	15.14	0.16
19860706	0.03	15.47	0.16
19860707	0.0	14.2	0.16
19860708	2.2	14.21	0.16
19860709	0.04	15.45	0.16
19860710	0.01	15.54	0.16
19860711	0.06	14.5	0.16
19860712	2.8	13.0	0.16
19860713	0.0	17.21	0.16
19860714	0.0	19.62	0.16
19860715	0.0	21.94	0.16
19860716	0.0	22.04	0.16
19860717	0.0	14.99	0.16
19860718	0.01	14.9	0.16
19860719	3.43	15.74	0.16
19860720	0.09	16.29	0.16
19860721	0.02	15.84	0.16
19860722	0.0	12.91	0.16
19860723	0.55	11.32	0.16
19860724	5.25	17.17	0.16
19860725	0.27	16.24	0.16
19860726	0.0	16.17	0.16
19860727	0.0	19.4	0.16
19860728	3.99	20.08	0.16
19860729	0.01	15.34	0.16
19860730	3.3	16.06	0.16
19860731	0.05	14.19	0.16
19860801	0.06	18.14	0.16
19860802	0.0	16.18	0.16
19860803	19.7	14.42	0.16
19860804	1.74	14.01	0.16
19860805	0.0	15.54	0.16
19860806	0.01	18.39	0.16
19860807	1.13	16.01	0.16
19860808	0.0	14.48	0.16
19860809	0.0	14.83	0.16
19860810	6.56	17.84	0.16
19860811	0.61	15.13	0.16
19860812	0.0	13.49	0.16
19860813	0.0	17.38	0.16
19860814	0.0	16.86	0.16
19860815	0.0	15.34	0.16
19860816	0.0	15.21	0.16
19860817	0.0	15.38	0.16
19860818	1.29	15.87	0.16
19860819	1.02	11.76	0.16
19860820	0.0	12.04	0.16
19860821	5.64	15.34	0.16
19860822	10.9	14.97	0.16
19860823	0.01	13.04	0.16
19860824	0.0	12.77	0.16
19860825	28.11	14.87	0.16
19860826	4.4	12.86	0.37
19860827	0.41	11.81	0.16
19860828	0.1	10.32	0.16
19860829	0.59	13.5	0.14
19860830	0.63	9.62	0.14
19860831	0.03	12.84	0.14
19860901	0.0	13.85	0.14
19860902	6.09	15.24	0.14
19860903	1.13	8.7	0.16
19860904	0.0	11.69	0.15
19860905	0.0	13.8	0.14
19860906	0.03	11.2	0.14
19860907	0.0	11.1	0.13
19860908	0.01	9.06	0.13
19860909	0.0	10.3	0.13
19860910	0.0	7.79	0.12
19860911	0.1	11.77	0.13
19860912	0.0	9.62	0.13
19860913	18.01	12.86	0.19
19860914	0.4	9.52	0.27
19860915	0.77	8.91	0.19
19860916	0.04	10.07	0.17
19860917	0.14	9.58	0.15
19860918	0.02	8.22	0.13
19860919	0.0	9.39	0.13
19860920	0.0	13.66	0.14
19860921	0.0	14.14	0.14
19860922	0.0	14.59	0.14
19860923	0.0	14.73	0.13
19860924	0.0	10.47	0.13
19860925	0.0	9.37	0.13
19860926	0.0	12.29	0.13
19860927	0.0	13.13	0.14
19860928	0.0	15.45	0.13
19860929	0.0	14.87	0.13
19860930	0.0	13.73	0.13
19861001	0.0	13.8	0.14
19861002	0.0	10.69	0.13
19861003	0.0	11.59	0.13
19861004	0.0	13.04	0.13
19861005	0.0	15.68	0.13
19861006	0.0	15.58	0.14
19861007	0.0	14.72	0.14
19861008	0.0	14.4	0.14
19861009	0.0	15.69	0.14
19861010	1.85	12.03	0.14
19861011	0.0	9.98	0.14
19861012	0.02	11.94	0.14
19861013	0.01	13.48	0.14
19861014	15.26	15.26	0.16
19861015	0.7	8.78	0.25
19861016	0.0	8.15	0.17
19861017	0.67	10.63	0.16
19861018	3.07	9.35	0.16
19861019	14.33	7.71	0.17
19861020	1.36	7.84	0.32
19861021	9.13	9.51	0.24
19861022	0.6	7.77	0.29
19861023	0.13	5.8	0.22
19861024	0.26	8.96	0.2
19861025	2.33	8.39	0.19
19861026	0.24	8.0	0.17
19861027	5.75	12.8	0.19
19861028	3.14	10.58	0.21
19861029	0.05	9.74	0.21
19861030	4.3	8.79	0.22
19861031	11.13	9.47	0.26
19861101	2.21	7.87	0.43
19861102	0.18	5.35	0.31
19861103	1.8	5.39	0.26
19861104	0.04	6.8	0.24
19861105	0.1	6.76	0.22
19861106	0.03	5.77	0.2
19861107	4.23	9.14	0.2
19861108	0.21	6.22	0.21
19861109	0.32	10.68	0.21
19861110	3.15	12.8	0.2
19861111	2.81	7.06	0.21
19861112	0.08	8.39	0.21
19861113	1.34	10.25	0.21
19861114	5.6	10.05	0.21
19861115	0.08	7.97	0.26
19861116	1.44	6.91	0.25
19861117	5.33	7.35	0.25
19861118	7.42	9.99	0.32
19861119	0.21	6.83	0.5
19861120	9.78	4.59	0.43
19861121	0.74	6.07	0.65
19861122	3.88	5.68	0.51
19861123	0.29	6.49	0.46
19861124	1.48	11.2	0.42
19861125	1.67	10.35	0.37
19861126	0.91	5.87	0.35
19861127	0.11	6.3	0.26
19861128	0.05	4.07	0.29
19861129	0.05	1.11	0.28
19861130	0.05	4.5	0.27
19861201	0.0	6.78	0.26
19861202	0.03	8.76	0.25
19861203	0.0	10.99	0.24
19861204	0.0	12.65	0.23
19861205	4.48	7.27	0.25
19861206	0.06	3.57	0.25
19861207	0.05	8.03	0.24
19861208	0.56	8.7	0.24
19861209	0.93	3.56	0.23
19861210	0.03	3.29	0.22
19861211	1.37	3.43	0.22
19861212	6.69	4.31	0.23
19861213	0.17	3.71	0.34
19861214	1.04	1.57	0.33
19861215	6.39	4.75	0.49
19861216	0.04	3.56	0.55
19861217	8.05	6.84	0.61
19861218	4.46	5.5	1.07
19861219	0.08	3.14	0.86
19861220	0.01	2.52	0.56
19861221	1.72	1.76	0.53
19861222	4.09	1.84	0.41
19861223	1.58	2.24	0.55
19861224	10.05	3.93	0.63
19861225	1.51	4.32	1.79
19861226	0.07	3.27	1.4
19861227	0.0	3.71	0.87
19861228	0.01	7.63	0.63
19861229	13.46	10.05	0.62
19861230	4.2	8.72	2.05
19861231	7.91	6.77	1.77
19870101	2.95	6.11	2.19
19870102	0.4	2.42	1.95
19870103	0.05	1.04	1.12
19870104	8.19	6.09	1.36
19870105	1.08	4.33	1.58
19870106	1.09	1.34	1.14
19870107	0.93	0.85	0.84
19870108	0.02	-2.27	0.76
19870109	0.14	-0.85	0.69
19870110	1.02	-4.52	0.59
19870111	7.68	-7.72	0.41
19870112	7.13	-7.93	0.45
19870113	2.95	-5.31	0.46
19870114	0.26	-3.24	0.31
19870115	0.02	-0.12	0.34
19870116	0.01	-1.24	0.43
19870117	0.0	-1.28	0.42
19870118	0.03	-1.34	0.42
19870119	0.0	-1.84	0.41
19870120	0.08	0.14	0.39
19870121	0.25	2.97	0.48
19870122	0.19	4.5	1.32
19870123	0.22	5.22	2.25
19870124	0.31	4.05	2.09
19870125	0.45	2.82	1.47
19870126	0.15	2.45	1.13
19870127	0.09	1.49	0.85
19870128	0.04	0.32	0.73
19870129	0.0	-0.13	0.61
19870130	0.0	-2.7	0.49
19870131	0.0	-1.41	0.41
19870201	0.0	0.39	0.42
19870202	0.03	1.98	0.42
19870203	0.08	3.69	0.41
19870204	0.0	5.27	0.43
19870205	0.02	9.1	0.69
19870206	0.03	7.5	0.71
19870207	1.18	6.49	0.42
19870208	3.58	8.68	0.4
19870209	0.36	7.87	0.47
19870210	0.0	4.07	0.51
19870211	0.03	3.99	0.39
19870212	0.4	1.89	0.39
19870213	0.26	2.63	0.37
19870214	0.48	1.69	0.35
19870215	0.99	1.5	0.34
19870216	0.34	0.68	0.32
19870217	1.12	0.11	0.31
19870218	1.18	-0.07	0.31
19870219	0.39	0.45	0.32
19870220	0.03	1.03	0.28
19870221	0.12	3.31	0.29
19870222	0.41	3.02	0.29
19870223	0.05	-0.05	0.29
19870224	0.05	-0.77	0.29
19870225	0.0	0.44	0.29
19870226	7.42	5.66	0.35
19870227	6.7	8.92	0.85
19870228	0.05	8.76	0.9
19870301	8.4	8.01	0.85
19870302	0.16	2.03	1.34
19870303	0.0	-1.53	0.92
19870304	0.34	-0.61	0.72
19870305	0.17	2.13	0.58
19870306	0.0	1.79	0.47
19870307	0.0	1.2	0.48
19870308	0.0	0.71	0.44
19870309	0.0	0.28	0.4
19870310	0.0	0.99	0.37
19870311	0.0	-0.36	0.35
19870312	0.0	0.4	0.33
19870313	0.03	-0.9	0.34
19870314	0.0	1.8	0.32
19870315	0.86	4.16	0.33
19870316	5.48	4.47	0.34
19870317	5.04	6.34	0.43
19870318	1.88	1.14	0.52
19870319	0.78	1.7	0.48
19870320	0.1	1.85	0.43
19870321	0.0	1.09	0.4
19870322	1.61	5.87	0.38
19870323	0.46	8.31	0.38
19870324	4.25	7.68	0.4
19870325	1.89	5.4	0.56
19870326	3.87	8.77	0.56
19870327	0.25	8.05	0.72
19870328	4.2	3.24	0.7
19870329	0.24	2.93	0.63
19870330	0.04	6.37	0.56
19870331	0.3	8.74	0.5
19870401	14.6	6.2	0.69
19870402	0.16	5.2	2.05
19870403	1.11	7.4	1.39
19870404	1.03	5.78	0.94
19870405	0.02	9.34	0.73
19870406	0.29	9.89	0.63
19870407	4.77	8.74	0.64
19870408	2.23	10.14	0.64
19870409	7.84	9.05	0.72
19870410	3.37	7.93	1.13
19870411	3.82	5.79	1.04
19870412	0.12	4.21	0.96
19870413	2.17	9.37	0.89
19870414	0.01	9.16	0.7
19870415	0.03	12.5	0.68
19870416	0.0	10.45	0.56
19870417	0.0	11.13	0.53
19870418	0.0	14.86	0.48
19870419	0.42	13.29	0.44
19870420	3.79	7.55	0.45
19870421	0.03	9.83	0.4
19870422	0.0	9.26	0.34
19870423	0.0	11.1	0.34
19870424	0.0	13.15	0.34
19870425	0.0	12.58	0.35
19870426	0.0	10.78	0.33
19870427	0.0	12.11	0.32
19870428	0.0	14.81	0.3
19870429	0.18	17.3	0.28
19870430	0.19	14.86	0.29
19870501	4.06	9.05	0.31
19870502	1.76	8.39	0.31
19870503	3.73	6.46	0.29
19870504	0.12	5.97	0.3
19870505	0.0	8.17	0.28
19870506	0.01	7.49	0.28
19870507	0.0	8.0	0.26
19870508	0.0	11.34	0.26
19870509	0.0	13.97	0.27
19870510	0.0	8.09	0.23
19870511	3.67	11.44	0.23
19870512	2.08	6.95	0.24
19870513	3.29	8.06	0.25
19870514	9.48	8.82	0.3
19870515	0.77	6.6	0.32
19870516	2.17	9.03	0.28
19870517	9.33	10.45	0.32
19870518	0.04	9.15	0.4
19870519	0.08	9.28	0.29
19870520	0.32	8.61	0.23
19870521	1.91	8.44	0.24
19870522	2.88	9.46	0.25
19870523	0.03	10.4	0.25
19870524	0.0	9.86	0.25
19870525	0.0	11.59	0.23
19870526	0.0	12.84	0.2
19870527	0.0	11.07	0.19
19870528	1.49	10.17	0.2
19870529	0.0	14.25	0.21
19870530	6.63	15.99	0.21
19870531	0.02	14.83	0.22
19870601	2.09	15.37	0.22
19870602	8.34	13.19	0.25
19870603	0.49	14.71	0.27
19870604	0.57	10.95	0.24
19870605	5.79	13.7	0.23
19870606	4.6	14.08	0.26
19870607	2.37	12.04	0.26
19870608	4.38	10.07	0.25
19870609	1.48	10.19	0.28
19870610	10.4	12.53	0.3
19870611	2.4	11.24	0.49
19870612	0.76	11.38	0.43
19870613	0.11	9.81	0.34
19870614	0.33	9.77	0.3
19870615	0.03	8.75	0.23
19870616	0.06	10.68	0.23
19870617	0.02	11.29	0.22
19870618	7.05	14.22	0.22
19870619	10.49	11.5	0.4
19870620	0.4	12.8	0.35
19870621	0.04	13.81	0.3
19870622	4.98	12.81	0.29
19870623	0.83	14.77	0.27
19870624	0.03	12.52	0.24
19870625	4.97	13.93	0.23
19870626	2.63	14.26	0.25
19870627	0.62	18.42	0.25
19870628	0.01	21.36	0.24
19870629	0.01	21.16	0.22
19870630	0.02	16.96	0.2
19870701	0.0	14.6	0.18
19870702	0.0	13.37	0.17
19870703	0.0	13.85	0.17
19870704	0.0	15.73	0.16
19870705	0.0	17.67	0.15
19870706	0.0	19.95	0.15
19870707	0.0	17.21	0.15
19870708	0.0	14.52	0.14
19870709	0.12	16.71	0.14
19870710	0.01	21.04	0.14
19870711	0.02	16.83	0.14
19870712	0.0	17.26	0.13
19870713	0.0	16.8	0.13
19870714	0.44	19.54	0.13
19870715	3.52	18.27	0.14
19870716	12.27	14.49	0.19
19870717	1.01	15.0	0.2
19870718	3.8	14.26	0.19
19870719	13.42	15.86	0.24
19870720	7.96	15.69	0.31
19870721	4.8	15.52	0.39
19870722	1.09	15.1	0.32
19870723	1.78	13.5	0.27
19870724	2.67	14.23	0.26
19870725	0.2	11.48	0.23
19870726	7.21	15.44	0.22
19870727	0.7	13.5	0.24
19870728	5.0	16.2	0.23
19870729	23.59	15.13	1.17
19870730	0.22	16.2	0.85
19870731	0.01	17.48	0.43
19870801	0.72	15.43	0.33
19870802	0.32	15.27	0.29
19870803	0.1	13.13	0.25
19870804	1.86	11.39	0.19
19870805	0.01	10.3	0.2
19870806	0.02	11.79	0.19
19870807	1.18	13.64	0.19
19870808	0.13	14.88	0.19
19870809	5.64	12.35	0.2
19870810	0.09	14.09	0.21
19870811	0.2	16.18	0.2
19870812	0.07	16.65	0.19
19870813	4.22	16.13	0.21
19870814	0.03	15.6	0.2
19870815	0.0	18.36	0.19
19870816	0.0	20.87	0.14
19870817	1.93	20.8	0.12
19870818	0.18	19.61	0.12
19870819	0.0	18.17	0.12
19870820	0.0	22.05	0.11
19870821	6.96	22.26	0.11
19870822	14.34	17.79	0.16
19870823	1.04	16.81	0.16
19870824	32.7	15.41	0.19
19870825	46.34	13.25	4.52
19870826	7.93	13.42	6.43
19870827	4.42	11.87	4.06
19870828	0.01	18.34	2.14
19870829	0.03	16.57	0.86
19870830	0.0	14.67	0.58
19870831	0.0	13.36	0.43
19870901	1.23	18.34	0.38
19870902	0.07	17.07	0.34
19870903	0.07	16.64	0.31
19870904	0.1	15.33	0.28
19870905	3.13	14.29	0.27
19870906	8.29	15.2	0.29
19870907	0.03	12.94	0.3
19870908	0.0	12.42	0.26
19870909	0.32	15.62	0.22
19870910	0.0	14.75	0.23
19870911	0.27	18.26	0.21
19870912	3.48	17.27	0.22
19870913	0.07	13.16	0.22
19870914	0.0	14.33	0.21
19870915	0.67	14.98	0.2
19870916	2.84	15.59	0.2
19870917	2.01	18.02	0.21
19870918	0.0	12.99	0.2
19870919	4.84	15.32	0.22
19870920	0.01	18.73	0.22
19870921	0.52	19.18	0.21
19870922	0.0	13.84	0.2
19870923	1.64	14.35	0.19
19870924	1.39	10.56	0.2
19870925	0.05	9.56	0.19
19870926	1.11	9.65	0.19
19870927	0.06	9.42	0.18
19870928	0.07	8.64	0.18
19870929	0.06	10.35	0.18
19870930	0.0	10.79	0.18
19871001	0.0	11.4	0.18
19871002	0.0	12.54	0.18
19871003	1.95	11.96	0.18
19871004	3.22	14.19	0.19
19871005	2.32	14.32	0.27
19871006	4.41	10.35	0.25
19871007	14.58	11.55	0.41
19871008	1.96	8.57	0.73
19871009	19.72	12.63	0.63
19871010	17.44	9.93	1.95
19871011	0.06	7.96	3.15
19871012	2.22	8.98	1.22
19871013	0.02	8.86	0.71
19871014	14.69	9.96	0.79
19871015	15.73	11.89	2.72
19871016	5.7	10.49	3.75
19871017	0.04	11.59	1.91
19871018	0.0	12.42	1.05
19871019	0.06	13.49	0.74
19871020	1.56	13.31	0.61
19871021	1.2	9.38	0.54
19871022	0.03	6.78	0.47
19871023	0.05	7.33	0.41
19871024	0.0	5.05	0.41
19871025	0.0	7.5	0.36
19871026	0.01	10.29	0.35
19871027	0.07	11.4	0.35
19871028	0.0	5.8	0.33
19871029	0.0	8.13	0.31
19871030	0.33	11.32	0.3
19871031	5.18	11.32	0.31
19871101	0.02	7.2	0.36
19871102	0.05	6.72	0.32
19871103	0.0	9.97	0.3
19871104	0.0	9.78	0.29
19871105	0.0	7.55	0.29
19871106	0.0	8.47	0.29
19871107	0.0	6.43	0.29
19871108	0.12	5.33	0.29
19871109	0.03	6.5	0.29
19871110	2.0	5.32	0.28
19871111	15.04	8.26	0.43
19871112	0.01	5.8	0.88
19871113	0.0	4.53	0.67
19871114	2.09	5.22	0.47
19871115	5.77	8.36	0.61
19871116	0.12	9.25	0.69
19871117	0.0	8.84	0.53
19871118	6.99	10.25	0.45
19871119	9.18	8.33	1.17
19871120	0.14	7.02	1.36
19871121	2.16	6.51	0.85
19871122	1.13	4.82	0.7
19871123	0.74	4.91	0.59
19871124	1.91	6.8	0.48
19871125	2.66	6.11	0.47
19871126	1.06	4.63	0.47
19871127	0.54	4.17	0.44
19871128	0.01	1.41	0.41
19871129	0.0	0.53	0.39
19871130	0.47	2.76	0.37
19871201	4.15	4.84	0.49
19871202	0.01	4.01	0.58
19871203	0.0	3.38	0.51
19871204	0.03	4.32	0.46
19871205	0.11	5.18	0.42
19871206	0.19	4.14	0.36
19871207	0.07	1.5	0.35
19871208	0.49	1.73	0.33
19871209	0.23	1.05	0.32
19871210	0.15	1.52	0.32
19871211	0.3	4.1	0.32
19871212	0.11	3.67	0.31
19871213	0.11	3.08	0.31
19871214	0.01	1.37	0.31
19871215	4.53	4.92	0.31
19871216	3.84	9.2	0.4
19871217	7.24	11.32	0.72
19871218	0.06	8.97	0.92
19871219	1.14	8.31	0.67
19871220	0.13	9.97	0.54
19871221	0.01	6.87	0.48
19871222	0.04	4.68	0.42
19871223	0.05	3.55	0.39
19871224	0.01	5.57	0.4
19871225	0.02	6.36	0.37
19871226	1.54	9.32	0.35
19871227	0.04	11.39	0.35
19871228	0.0	11.89	0.34
19871229	0.09	9.78	0.33
19871230	5.52	8.43	0.38
19871231	0.08	7.95	0.47
19880101	6.72	9.79	0.63
19880102	1.24	9.4	0.8
19880103	2.0	6.59	0.61
19880104	3.36	6.62	0.53
19880105	4.09	6.69	0.66
19880106	3.1	5.42	0.9
19880107	0.06	2.16	0.74
19880108	0.58	6.12	0.59
19880109	1.25	8.5	0.53
19880110	2.08	4.67	0.49
19880111	0.01	3.93	0.49
19880112	0.37	5.32	0.45
19880113	9.48	5.69	0.68
19880114	0.18	4.4	1.07
19880115	0.09	2.37	0.78
19880116	0.33	1.23	0.61
19880117	0.13	1.75	0.51
19880118	0.0	5.32	0.5
19880119	0.33	6.72	0.48
19880120	1.72	3.71	0.46
19880121	14.78	2.37	0.44
19880122	5.9	0.4	1.96
19880123	11.02	4.55	2.79
19880124	7.06	6.91	3.77
19880125	4.74	5.82	3.2
19880126	0.03	2.93	2.24
19880127	8.82	3.39	1.21
19880128	7.57	6.36	2.32
19880129	8.66	4.83	3.91
19880130	0.16	4.41	3.46
19880131	5.52	4.75	1.38
19880201	0.12	7.37	1.28
19880202	0.13	4.92	0.95
19880203	1.02	5.87	0.76
19880204	0.59	4.22	0.7
19880205	0.51	3.63	0.61
19880206	2.07	2.68	0.51
19880207	5.74	2.97	0.57
19880208	3.72	5.01	0.69
19880209	0.12	5.18	0.71
19880210	2.57	3.55	0.62
19880211	0.0	2.81	0.56
19880212	0.0	2.01	0.5
19880213	3.42	5.82	0.48
19880214	0.03	6.13	0.49
19880215	0.14	6.9	0.48
19880216	0.0	4.0	0.47
19880217	0.0	3.72	0.43
19880218	0.0	6.45	0.38
19880219	0.0	7.58	0.51
19880220	0.0	6.25	0.5
19880221	0.0	4.85	0.43
19880222	0.18	5.01	0.48
19880223	11.04	3.06	0.6
19880224	2.42	1.95	1.29
19880225	1.74	1.29	1.12
19880226	0.06	1.3	0.9
19880227	0.7	4.28	0.79
19880228	5.85	3.59	0.77
19880229	6.04	1.51	1.52
19880301	4.96	1.36	2.64
19880302	0.29	2.71	2.49
19880303	3.23	3.26	2.27
19880304	3.22	0.7	1.1
19880305	1.83	2.74	0.9
19880306	2.71	4.76	0.96
19880307	0.01	3.99	0.93
19880308	0.1	6.12	0.74
19880309	0.27	7.24	0.64
19880310	0.03	6.83	0.56
19880311	0.6	7.12	0.52
19880312	3.05	3.5	0.47
19880313	6.1	4.4	0.58
19880314	9.29	5.79	0.85
19880315	2.32	7.46	1.82
19880316	0.17	5.49	1.22
19880317	0.01	4.72	0.76
19880318	3.57	7.02	0.61
19880319	1.1	10.27	0.61
19880320	10.59	10.51	0.66
19880321	3.02	7.4	1.42
19880322	2.76	9.66	1.32
19880323	3.96	7.65	1.09
19880324	7.57	7.98	0.97
19880325	0.3	7.49	1.27
19880326	1.11	7.59	0.96
19880327	1.31	5.35	0.7
19880328	1.06	6.97	0.63
19880329	4.14	7.13	0.57
19880330	4.47	3.37	0.77
19880331	0.05	4.11	0.83
19880401	0.0	8.65	0.65
19880402	0.0	6.29	0.56
19880403	0.0	9.07	0.46
19880404	0.0	5.34	0.45
19880405	0.0	5.66	0.42
19880406	0.0	6.19	0.4
19880407	0.01	7.69	0.39
19880408	2.66	5.55	0.38
19880409	0.0	3.19	0.37
19880410	0.0	9.65	0.36
19880411	0.0	10.02	0.35
19880412	0.0	6.48	0.34
19880413	0.0	4.2	0.32
19880414	0.17	6.98	0.32
19880415	0.23	12.32	0.32
19880416	1.8	12.83	0.33
19880417	0.0	11.78	0.32
19880418	2.03	14.42	0.31
19880419	19.42	14.72	0.58
19880420	0.06	12.54	1.37
19880421	0.35	10.8	0.85
19880422	0.01	5.87	0.61
19880423	0.0	3.9	0.56
19880424	0.0	4.45	0.51
19880425	0.0	5.15	0.48
19880426	6.77	8.55	0.48
19880427	5.27	7.09	0.61
19880428	0.5	6.97	0.64
19880429	0.47	9.28	0.6
19880430	0.3	12.32	0.55
19880501	0.52	10.35	0.51
19880502	3.23	11.85	0.49
19880503	3.48	11.6	0.51
19880504	2.86	10.1	0.55
19880505	0.0	11.1	0.48
19880506	0.0	12.68	0.39
19880507	5.23	14.01	0.41
19880508	2.35	14.41	0.49
19880509	0.01	9.76	0.46
19880510	0.18	9.29	0.46
19880511	2.35	10.4	0.4
19880512	0.0	13.33	0.43
19880513	0.0	14.93	0.43
19880514	0.0	14.95	0.35
19880515	0.0	14.32	0.34
19880516	0.0	12.0	0.34
19880517	0.18	10.48	0.34
19880518	0.02	7.85	0.33
19880519	0.18	6.49	0.31
19880520	0.0	8.92	0.32
19880521	0.0	10.58	0.31
19880522	0.0	11.87	0.29
19880523	0.7	13.84	0.3
19880524	0.0	15.16	0.3
19880525	0.25	15.38	0.29
19880526	1.32	12.83	0.3
19880527	0.0	13.39	0.29
19880528	0.45	15.12	0.3
19880529	3.5	12.7	0.27
19880530	3.25	11.65	0.3
19880531	8.06	11.91	0.49
19880601	0.01	14.19	0.43
19880602	0.37	12.48	0.34
19880603	2.84	12.87	0.32
19880604	0.82	11.31	0.3
19880605	0.01	8.84	0.3
19880606	0.0	10.23	0.29
19880607	1.7	12.12	0.29
19880608	4.34	13.81	0.29
19880609	0.43	12.02	0.31
19880610	0.0	12.8	0.31
19880611	0.0	13.36	0.29
19880612	0.0	14.03	0.28
19880613	0.0	13.0	0.26
19880614	0.0	13.84	0.25
19880615	0.0	12.92	0.25
19880616	0.03	12.4	0.25
19880617	0.16	12.15	0.25
19880618	0.0	13.18	0.24
19880619	0.04	15.86	0.23
19880620	0.7	17.93	0.23
19880621	0.04	16.97	0.23
19880622	0.0	13.96	0.22
19880623	0.0	15.06	0.21
19880624	0.0	15.68	0.21
19880625	0.01	15.73	0.21
19880626	0.47	14.36	0.21
19880627	5.21	13.73	0.23
19880628	0.36	12.09	0.25
19880629	0.2	15.84	0.24
19880630	0.01	18.44	0.23
19880701	9.0	15.26	0.27
19880702	2.6	12.91	0.29
19880703	9.78	14.36	0.28
19880704	6.4	14.21	0.36
19880705	3.62	15.47	0.34
19880706	10.71	14.49	0.43
19880707	1.76	14.82	0.4
19880708	0.79	14.78	0.26
19880709	0.03	17.03	0.27
19880710	3.85	15.87	0.26
19880711	0.77	15.61	0.26
19880712	5.33	16.19	0.25
19880713	4.48	14.98	0.31
19880714	6.43	14.17	0.38
19880715	0.02	13.04	0.32
19880716	4.3	15.94	0.29
19880717	0.04	15.89	0.29
19880718	0.0	14.86	0.27
19880719	0.12	17.2	0.25
19880720	0.26	16.48	0.24
19880721	17.8	19.48	0.39
19880722	6.64	18.59	0.6
19880723	1.62	16.84	0.57
19880724	2.38	16.24	0.4
19880725	0.0	15.79	0.33
19880726	2.99	14.78	0.3
19880727	0.34	15.97	0.3
19880728	0.1	13.63	0.27
19880729	0.03	14.05	0.23
19880730	1.39	14.9	0.23
19880731	1.13	15.46	0.23
19880801	0.0	13.18	0.23
19880802	0.26	12.06	0.22
19880803	0.0	14.7	0.22
19880804	0.0	16.48	0.22
19880805	0.0	17.66	0.21
19880806	0.0	18.07	0.2
19880807	0.0	18.89	0.2
19880808	0.53	17.16	0.2
19880809	0.07	18.09	0.2
19880810	0.21	18.01	0.2
19880811	0.8	16.52	0.19
19880812	0.07	15.35	0.18
19880813	0.02	18.12	0.18
19880814	0.0	18.93	0.18
19880815	0.0	14.7	0.18
19880816	0.0	14.41	0.17
19880817	0.0	17.95	0.17
19880818	3.49	21.77	0.17
19880819	1.95	17.46	0.18
19880820	2.4	16.4	0.18
19880821	0.91	13.39	0.19
19880822	0.0	13.37	0.18
19880823	0.43	17.82	0.18
19880824	4.87	14.9	0.19
19880825	0.03	13.34	0.19
19880826	2.24	18.23	0.18
19880827	0.17	18.93	0.18
19880828	0.66	12.77	0.18
19880829	0.08	14.61	0.18
19880830	0.08	16.54	0.17
19880831	15.22	14.1	0.23
19880901	7.23	14.08	0.29
19880902	0.18	12.67	0.26
19880903	0.0	13.13	0.21
19880904	0.0	14.53	0.18
19880905	0.0	15.86	0.18
19880906	0.0	16.8	0.17
19880907	0.0	18.15	0.17
19880908	0.0	16.9	0.17
19880909	0.0	14.22	0.17
19880910	0.0	16.79	0.17
19880911	0.0	12.83	0.17
19880912	1.68	12.47	0.16
19880913	2.05	12.78	0.16
19880914	0.01	12.14	0.17
19880915	0.05	11.61	0.17
19880916	0.58	14.37	0.15
19880917	0.0	13.46	0.17
19880918	0.19	12.12	0.17
19880919	0.0	11.89	0.17
19880920	0.0	12.1	0.17
19880921	5.12	13.31	0.17
19880922	4.65	13.62	0.19
19880923	2.91	12.27	0.19
19880924	1.57	11.52	0.19
19880925	0.01	14.69	0.19
19880926	2.1	17.42	0.18
19880927	22.51	14.64	0.23
19880928	0.04	11.83	0.59
19880929	0.0	8.07	0.29
19880930	0.0	6.91	0.23
19881001	0.0	8.05	0.21
19881002	0.0	11.09	0.2
19881003	0.0	10.51	0.2
19881004	0.49	13.41	0.2
19881005	1.73	12.86	0.2
19881006	2.91	11.44	0.21
19881007	0.19	9.27	0.2
19881008	6.83	11.51	0.18
19881009	4.82	8.17	0.24
19881010	0.04	6.06	0.24
19881011	4.2	10.62	0.23
19881012	15.12	10.71	0.51
19881013	0.02	9.8	0.65
19881014	0.0	12.91	0.33
19881015	0.08	12.57	0.3
19881016	0.0	12.22	0.28
19881017	0.01	12.63	0.26
19881018	5.22	14.21	0.26
19881019	22.68	14.81	0.34
19881020	0.74	12.42	2.12
19881021	0.01	10.36	1.21
19881022	0.04	12.39	0.65
19881023	4.15	11.61	0.48
19881024	0.65	11.26	0.5
19881025	0.03	13.11	0.45
19881026	0.0	14.15	0.41
19881027	0.19	12.78	0.35
19881028	0.0	6.93	0.33
19881029	0.02	5.07	0.29
19881030	0.0	4.61	0.28
19881031	0.0	3.94	0.27
19881101	0.15	5.66	0.26
19881102	0.03	4.76	0.25
19881103	0.18	3.56	0.24
19881104	0.04	1.51	0.23
19881105	0.0	2.91	0.24
19881106	0.06	2.26	0.24
19881107	0.0	4.09	0.23
19881108	7.29	8.44	0.24
19881109	0.05	12.7	0.33
19881110	0.08	10.69	0.29
19881111	0.19	8.35	0.27
19881112	0.0	7.23	0.25
19881113	0.0	5.91	0.24
19881114	0.0	4.89	0.24
19881115	0.0	5.46	0.23
19881116	0.19	8.0	0.23
19881117	0.98	8.91	0.23
19881118	0.21	5.88	0.22
19881119	4.68	2.87	0.23
19881120	2.43	2.94	0.26
19881121	0.65	0.97	0.28
19881122	0.06	0.62	0.25
19881123	0.03	3.65	0.25
19881124	0.0	2.23	0.25
19881125	0.0	2.03	0.25
19881126	0.0	1.71	0.24
19881127	0.73	2.33	0.24
19881128	0.83	6.98	0.24
19881129	17.72	7.86	0.37
19881130	1.15	7.28	1.34
19881201	0.61	3.46	0.87
19881202	0.19	2.22	0.61
19881203	6.01	4.6	0.6
19881204	0.05	6.02	0.81
19881205	0.0	4.29	0.63
19881206	3.25	4.46	0.51
19881207	0.01	3.66	0.4
19881208	3.42	7.4	0.44
19881209	0.08	8.17	0.48
19881210	0.0	9.43	0.48
19881211	0.0	8.31	0.45
19881212	0.0	4.35	0.42
19881213	0.17	4.82	0.37
19881214	0.13	4.05	0.35
19881215	0.01	4.5	0.34
19881216	0.13	3.63	0.33
19881217	0.12	3.74	0.32
19881218	3.12	7.8	0.31
19881219	0.58	4.78	0.36
19881220	0.02	5.23	0.33
19881221	0.0	9.61	0.31
19881222	0.13	9.62	0.31
19881223	2.51	9.45	0.31
19881224	1.59	6.92	0.31
19881225	0.03	9.24	0.3
19881226	2.47	8.88	0.3
19881227	0.02	7.14	0.31
19881228	0.06	7.59	0.31
19881229	0.06	5.78	0.29
19881230	0.1	4.59	0.29
19881231	0.0	5.19	0.28
19890101	0.0	5.29	0.28
19890102	0.0	4.43	0.27
19890103	0.0	5.41	0.27
19890104	0.0	5.35	0.25
19890105	11.07	5.37	0.25
19890106	0.02	6.51	0.25
19890107	0.0	9.01	0.25
19890108	0.04	9.3	0.25
19890109	0.68	7.0	0.25
19890110	0.01	2.89	0.25
19890111	0.08	4.29	0.25
19890112	4.7	4.22	0.25
19890113	3.49	6.3	0.25
19890114	0.0	6.91	0.25
19890115	0.0	8.79	0.25
19890116	1.5	7.46	0.25
19890117	0.06	3.09	0.25
19890118	0.0	2.3	0.25
19890119	0.12	1.92	0.25
19890120	1.73	3.73	0.25
19890121	2.25	3.73	0.25
19890122	0.1	3.33	0.25
19890123	0.0	6.67	0.25
19890124	0.0	3.88	0.25
19890125	0.0	2.5	0.25
19890126	0.03	5.86	0.25
19890127	0.04	7.92	0.25
19890128	3.22	3.31	0.25
19890129	0.08	3.57	0.25
19890130	0.0	7.01	0.25
19890131	0.0	4.2	0.25
19890201	0.0	1.02	0.25
19890202	0.01	1.31	0.25
19890203	0.05	5.77	0.25
19890204	1.82	7.62	0.25
19890205	0.0	7.97	0.25
19890206	0.0	10.97	0.25
19890207	0.0	7.38	0.25
19890208	0.0	4.97	0.25
19890209	0.0	4.73	0.25
19890210	0.03	4.23	0.25
19890211	0.72	5.69	0.25
19890212	0.01	4.62	0.25
19890213	5.77	6.32	0.25
19890214	0.01	6.76	0.25
19890215	1.38	5.93	0.25
19890216	0.07	1.83	0.25
19890217	7.12	6.65	0.25
19890218	0.13	11.8	0.25
19890219	0.1	8.72	0.25
19890220	0.0	3.99	0.25
19890221	0.03	5.54	0.25
19890222	3.19	3.16	0.25
19890223	0.09	4.39	0.25
19890224	2.38	3.54	0.25
19890225	8.63	4.26	0.25
19890226	5.47	3.6	0.25
19890227	0.16	4.06	0.25
19890228	2.87	5.49	0.25
19890301	3.99	4.55	0.25
19890302	8.91	4.9	0.25
19890303	0.11	5.15	0.25
19890304	0.8	8.44	0.25
19890305	0.01	10.7	0.25
19890306	0.06	11.55	0.25
19890307	0.02	3.86	0.25
19890308	1.45	6.65	0.25
19890309	1.7	9.17	0.25
19890310	3.06	9.11	0.25
19890311	0.0	5.62	0.25
19890312	2.25	7.71	0.25
19890313	0.0	6.82	0.25
19890314	8.44	7.78	0.25
19890315	0.33	6.5	0.25
19890316	14.85	3.73	0.25
19890317	1.31	2.24	0.25
19890318	1.31	6.6	0.25
19890319	0.67	8.64	0.25
19890320	7.26	5.21	0.25
19890321	0.37	8.06	0.25
19890322	1.58	7.24	0.25
19890323	2.44	8.03	0.25
19890324	0.59	7.64	0.25
19890325	0.0	8.75	0.25
19890326	0.0	10.61	0.25
19890327	0.0	12.12	0.25
19890328	0.0	9.28	0.25
19890329	0.0	8.7	0.25
19890330	0.0	10.93	0.25
19890331	0.0	10.26	0.25
19890401	0.0	7.45	0.25
19890402	0.64	3.75	0.25
19890403	0.69	3.86	0.25
19890404	8.41	3.81	0.25
19890405	3.27	4.22	0.25
19890406	5.38	4.95	0.25
19890407	3.57	6.07	0.25
19890408	0.09	5.82	0.25
19890409	2.45	9.29	0.25
19890410	4.85	9.42	0.25
19890411	3.49	8.25	0.25
19890412	0.27	8.96	0.25
19890413	2.27	9.41	0.25
19890414	0.04	5.36	0.25
19890415	0.0	9.33	0.25
19890416	2.96	7.61	0.25
19890417	0.05	5.12	0.25
19890418	0.71	6.18	0.25
19890419	8.63	6.41	0.25
19890420	1.98	6.39	0.25
19890421	0.59	7.36	0.25
19890422	3.26	6.95	0.25
19890423	12.16	3.82	0.25
19890424	3.33	4.24	0.25
19890425	0.05	3.22	0.25
19890426	0.02	5.84	0.25
19890427	0.0	5.38	0.25
19890428	0.0	8.77	0.25
19890429	0.0	7.58	0.25
19890430	2.98	11.91	0.25
19890501	0.0	11.96	0.25
19890502	0.0	12.41	0.25
19890503	0.0	12.81	0.25
19890504	0.0	13.73	0.25
19890505	0.0	12.73	0.25
19890506	0.0	7.47	0.25
19890507	0.0	11.06	0.25
19890508	0.0	14.66	0.25
19890509	0.0	9.67	0.29
19890510	0.02	10.59	0.26
19890511	1.03	9.86	0.26
19890512	3.65	8.7	0.3
19890513	0.14	8.9	0.27
19890514	0.0	12.13	0.27
19890515	0.0	14.82	0.24
19890516	0.0	13.3	0.24
19890517	0.0	13.56	0.24
19890518	0.0	16.5	0.23
19890519	0.0	15.11	0.23
19890520	0.0	16.0	0.21
19890521	0.0	16.42	0.22
19890522	0.0	16.07	0.2
19890523	0.0	17.34	0.19
19890524	0.25	18.97	0.18
19890525	0.0	12.5	0.19
19890526	0.0	10.25	0.19
19890527	0.0	9.9	0.19
19890528	0.0	13.45	0.18
19890529	0.03	13.78	0.18
19890530	0.02	8.05	0.17
19890531	0.11	9.78	0.17
19890601	0.18	7.79	0.18
19890602	2.25	10.23	0.18
19890603	1.89	8.53	0.18
19890604	1.09	7.95	0.19
19890605	6.78	11.67	0.21
19890606	2.28	11.05	0.21
19890607	0.78	9.54	0.22
19890608	6.97	9.02	0.24
19890609	1.05	13.98	0.23
19890610	0.1	14.15	0.21
19890611	0.0	16.77	0.19
19890612	0.0	18.71	0.17
19890613	0.0	16.81	0.16
19890614	0.0	18.34	0.16
19890615	0.0	15.67	0.15
19890616	0.0	16.59	0.15
19890617	0.0	16.65	0.16
19890618	0.0	17.19	0.15
19890619	0.0	17.21	0.15
19890620	0.0	19.25	0.14
19890621	8.22	15.4	0.2
19890622	0.0	11.71	0.17
19890623	0.0	15.21	0.15
19890624	0.0	16.08	0.14
19890625	0.0	18.45	0.14
19890626	5.52	18.41	0.18
19890627	7.48	12.91	0.24
19890628	7.8	13.24	0.24
19890629	0.53	12.31	0.21
19890630	15.8	15.79	0.23
19890701	2.31	15.71	0.31
19890702	0.0	13.77	0.25
19890703	0.0	15.09	0.21
19890704	0.0	17.78	0.18
19890705	0.0	18.41	0.17
19890706	4.88	21.66	0.17
19890707	4.04	19.33	0.21
19890708	13.84	18.99	0.29
19890709	0.08	14.97	0.24
19890710	0.01	18.7	0.2
19890711	0.0	17.49	0.17
19890712	0.0	16.09	0.17
19890713	0.0	16.53	0.16
19890714	0.0	14.75	0.15
19890715	0.0	18.27	0.16
19890716	0.0	15.55	0.15
19890717	0.0	19.23	0.15
19890718	0.0	12.64	0.15
19890719	0.0	18.25	0.14
19890720	0.0	19.84	0.14
19890721	0.02	20.92	0.14
19890722	0.13	23.57	0.13
19890723	0.0	21.16	0.12
19890724	0.0	19.08	0.12
19890725	0.0	21.09	0.12
19890726	0.0	17.3	0.11
19890727	0.0	18.16	0.11
19890728	0.0	19.39	0.11
19890729	6.31	20.63	0.11
19890730	4.8	13.89	0.16
19890731	1.22	13.81	0.16
19890801	0.0	13.41	0.14
19890802	0.0	16.91	0.14
19890803	0.01	16.68	0.14
19890804	0.0	15.11	0.13
19890805	0.0	17.3	0.12
19890806	0.0	20.39	0.12
19890807	0.01	20.24	0.12
19890808	0.0	18.83	0.12
19890809	1.59	21.41	0.12
19890810	5.82	15.53	0.13
19890811	0.37	18.84	0.15
19890812	0.0	16.69	0.13
19890813	0.73	18.55	0.12
19890814	7.66	19.98	0.12
19890815	0.09	19.8	0.14
19890816	0.29	16.75	0.13
19890817	0.49	15.31	0.13
19890818	0.0	15.8	0.12
19890819	0.0	18.42	0.12
19890820	0.33	21.88	0.12
19890821	0.0	16.93	0.11
19890822	0.0	15.1	0.11
19890823	0.0	17.11	0.11
19890824	0.05	19.32	0.11
19890825	0.91	15.05	0.11
19890826	10.18	16.39	0.13
19890827	2.45	13.34	0.15
19890828	0.07	11.92	0.15
19890829	0.0	16.01	0.14
19890830	0.05	18.82	0.14
19890831	0.0	13.27	0.13
19890901	0.12	14.46	0.12
19890902	0.06	11.76	0.12
19890903	0.0	11.8	0.12
19890904	0.0	14.03	0.12
19890905	0.0	15.39	0.12
19890906	0.0	17.27	0.12
19890907	0.0	19.78	0.12
19890908	1.14	17.15	0.11
19890909	0.01	15.9	0.11
19890910	0.05	17.63	0.12
19890911	0.03	15.68	0.12
19890912	5.33	15.94	0.12
19890913	4.32	13.29	0.16
19890914	3.4	13.53	0.16
19890915	0.16	16.7	0.15
19890916	3.02	16.74	0.15
19890917	1.97	16.2	0.15
19890918	0.02	19.22	0.15
19890919	0.0	15.54	0.14
19890920	0.0	17.07	0.14
19890921	0.0	19.48	0.13
19890922	0.07	16.61	0.12
19890923	0.0	13.58	0.12
19890924	0.0	14.28	0.13
19890925	0.0	18.11	0.13
19890926	0.12	15.07	0.13
19890927	0.33	14.36	0.13
19890928	0.0	11.28	0.13
19890929	0.96	14.24	0.13
19890930	0.14	13.19	0.12
19891001	0.01	11.84	0.13
19891002	0.0	10.63	0.13
19891003	0.0	12.72	0.13
19891004	0.0	12.08	0.13
19891005	2.57	13.27	0.13
19891006	3.72	10.87	0.13
19891007	1.2	10.92	0.13
19891008	0.56	11.96	0.14
19891009	0.63	10.79	0.13
19891010	0.04	12.3	0.15
19891011	0.01	12.17	0.14
19891012	0.54	13.21	0.13
19891013	0.99	10.24	0.14
19891014	0.63	8.14	0.14
19891015	0.0	10.45	0.14
19891016	0.0	11.91	0.14
19891017	0.0	11.51	0.14
19891018	0.0	14.56	0.13
19891019	10.22	14.04	0.14
19891020	4.04	14.2	0.16
19891021	0.25	15.35	0.16
19891022	0.18	14.47	0.15
19891023	0.01	11.12	0.14
19891024	0.02	12.25	0.14
19891025	0.73	13.67	0.14
19891026	1.45	11.13	0.14
19891027	0.52	13.14	0.14
19891028	4.09	11.44	0.14
19891029	5.19	11.74	0.15
19891030	0.45	10.27	0.22
19891031	0.09	10.4	0.16
19891101	0.0	9.75	0.14
19891102	12.62	9.51	0.16
19891103	1.71	8.16	0.18
19891104	0.18	5.81	0.18
19891105	0.5	3.78	0.17
19891106	0.02	3.62	0.16
19891107	2.59	7.82	0.15
19891108	12.31	8.1	0.2
19891109	2.64	7.72	0.24
19891110	0.85	10.96	0.26
19891111	0.0	9.56	0.19
19891112	0.09	8.33	0.17
19891113	0.09	5.56	0.16
19891114	0.02	6.8	0.16
19891115	0.0	7.29	0.16
19891116	0.0	7.36	0.15
19891117	0.0	6.89	0.15
19891118	0.01	8.56	0.15
19891119	0.01	8.8	0.15
19891120	0.03	6.89	0.15
19891121	0.21	7.16	0.15
19891122	0.69	5.14	0.14
19891123	0.03	2.55	0.14
19891124	0.03	2.71	0.14
19891125	0.0	1.45	0.14
19891126	0.0	1.42	0.14
19891127	0.0	3.07	0.14
19891128	0.0	2.99	0.14
19891129	0.0	2.89	0.14
19891130	0.31	2.01	0.14
19891201	0.0	1.21	0.14
19891202	0.01	2.11	0.15
19891203	0.02	1.21	0.15
19891204	0.41	4.61	0.15
19891205	0.1	6.43	0.15
19891206	0.03	5.86	0.15
19891207	0.18	4.0	0.15
19891208	0.17	3.23	0.15
19891209	0.02	2.98	0.15
19891210	0.01	0.49	0.15
19891211	1.74	1.45	0.15
19891212	3.7	3.66	0.16
19891213	16.12	4.45	0.2
19891214	17.41	7.98	0.76
19891215	9.78	6.83	0.49
19891216	1.89	10.41	0.55
19891217	0.04	7.97	0.39
19891218	15.28	6.39	0.44
19891219	3.36	5.35	0.62
19891220	16.81	11.2	0.95
19891221	0.57	9.94	1.18
19891222	0.07	4.65	0.63
19891223	1.67	7.46	0.45
19891224	1.46	10.14	0.39
19891225	0.72	6.76	0.35
19891226	0.04	5.89	0.32
19891227	0.0	6.53	0.29
19891228	0.0	4.97	0.26
19891229	0.0	3.19	0.24
19891230	0.01	2.74	0.23
19891231	0.12	3.71	0.22
19900101	0.83	3.29	0.22
19900102	0.01	3.8	0.21
19900103	0.0	3.43	0.22
19900104	0.0	2.9	0.21
19900105	3.02	6.21	0.21
19900106	4.57	5.86	0.21
19900107	0.82	5.19	0.25
19900108	0.32	4.79	0.27
19900109	0.33	7.24	0.26
19900110	0.03	9.22	0.26
19900111	0.0	8.12	0.27
19900112	1.65	4.37	0.25
19900113	0.0	3.1	0.24
19900114	3.18	5.26	0.23
19900115	0.01	10.18	0.24
19900116	1.52	9.28	0.25
19900117	0.0	4.63	0.26
19900118	0.0	4.88	0.25
19900119	1.92	6.32	0.24
19900120	0.04	7.99	0.24
19900121	1.15	10.89	0.24
19900122	1.83	9.43	0.24
19900123	7.23	5.41	0.29
19900124	4.94	6.61	0.38
19900125	2.04	7.41	0.63
19900126	0.01	3.35	0.52
19900127	2.26	5.23	0.41
19900128	0.05	4.23	0.37
19900129	2.35	6.93	0.33
19900130	3.41	8.61	0.34
19900131	3.4	7.14	0.38
19900201	2.72	6.65	0.44
19900202	2.56	6.66	0.44
19900203	21.5	4.87	1.63
19900204	0.01	8.92	1.41
19900205	0.03	8.28	0.74
19900206	2.31	9.23	0.76
19900207	5.7	10.49	0.81
19900208	0.0	5.95	0.69
19900209	0.03	7.58	0.54
19900210	2.72	5.98	0.52
19900211	0.72	5.19	0.51
19900212	0.16	3.67	0.51
19900213	3.26	6.1	0.42
19900214	5.77	3.63	0.42
19900215	0.03	2.82	0.48
19900216	0.05	3.65	0.45
19900217	1.01	7.99	0.44
19900218	0.04	7.89	0.4
19900219	0.0	10.91	0.37
19900220	2.81	12.35	0.35
19900221	0.4	8.24	0.35
19900222	0.01	10.26	0.31
19900223	0.02	12.68	0.3
19900224	0.0	8.85	0.31
19900225	3.27	9.08	0.32
19900226	12.22	5.68	0.38
19900227	0.14	5.73	0.6
19900228	16.34	5.79	1.53
19900301	1.48	2.73	1.58
19900302	0.02	3.02	0.9
19900303	0.0	6.68	0.66
19900304	0.0	8.07	0.56
19900305	0.0	8.33	0.46
19900306	0.0	9.33	0.51
19900307	0.0	9.7	0.41
19900308	0.0	9.3	0.37
19900309	0.27	8.78	0.34
19900310	0.0	11.21	0.31
19900311	0.0	9.23	0.25
19900312	0.0	8.04	0.27
19900313	1.63	6.42	0.28
19900314	0.0	8.74	0.27
19900315	0.0	8.6	0.26
19900316	0.0	11.35	0.29
19900317	0.0	13.74	0.22
19900318	0.0	16.22	0.22
19900319	16.27	8.51	0.56
19900320	0.02	9.7	0.51
19900321	0.0	11.65	0.41
19900322	0.0	8.13	0.35
19900323	0.0	10.52	0.31
19900324	1.47	6.56	0.29
19900325	0.8	5.65	0.23
19900326	0.18	6.41	0.24
19900327	0.0	3.69	0.24
19900328	0.16	3.9	0.24
19900329	0.0	8.13	0.23
19900330	0.0	8.96	0.22
19900331	0.0	9.4	0.22
19900401	0.0	13.17	0.22
19900402	11.99	8.59	0.27
19900403	1.82	2.72	0.31
19900404	0.0	1.76	0.25
19900405	0.0	3.46	0.23
19900406	0.0	5.72	0.22
19900407	0.01	6.15	0.21
19900408	0.0	4.22	0.23
19900409	0.0	6.32	0.18
19900410	0.0	8.49	0.21
19900411	0.0	11.21	0.18
19900412	0.43	11.37	0.19
19900413	8.48	4.83	0.25
19900414	3.66	7.17	0.23
19900415	1.15	7.49	0.23
19900416	3.0	5.86	0.22
19900417	1.32	5.86	0.22
19900418	5.74	7.24	0.26
19900419	0.91	6.23	0.28
19900420	3.87	8.63	0.25
19900421	1.39	11.19	0.25
19900422	0.01	10.51	0.23
19900423	0.0	10.12	0.21
19900424	0.0	10.1	0.2
19900425	0.0	12.08	0.17
19900426	2.88	8.64	0.21
19900427	0.0	7.14	0.21
19900428	0.0	11.45	0.2
19900429	0.0	13.99	0.19
19900430	0.0	13.65	0.18
19900501	0.0	12.61	0.17
19900502	0.0	14.9	0.18
19900503	0.0	14.61	0.17
19900504	0.0	14.51	0.16
19900505	0.0	16.42	0.16
19900506	0.22	14.79	0.14
19900507	0.0	11.7	0.15
19900508	0.0	13.06	0.14
19900509	0.05	11.59	0.14
19900510	8.09	9.58	0.16
19900511	10.98	10.1	0.2
19900512	0.12	11.43	0.22
19900513	0.06	9.19	0.21
19900514	0.08	13.95	0.18
19900515	0.0	16.07	0.17
19900516	0.0	13.15	0.16
19900517	0.0	12.16	0.34
19900518	0.0	10.5	0.16
19900519	0.0	9.74	0.15
19900520	0.0	12.87	0.14
19900521	0.0	12.02	0.13
19900522	0.0	9.53	0.13
19900523	0.0	13.1	0.13
19900524	0.0	9.06	0.13
19900525	0.0	7.57	0.13
19900526	0.0	8.84	0.12
19900527	0.0	10.55	0.12
19900528	0.0	13.6	0.12
19900529	0.0	14.38	0.12
19900530	0.02	14.34	0.12
19900531	0.0	15.84	0.12
19900601	6.65	16.18	0.13
19900602	2.69	13.69	0.14
19900603	5.91	12.01	0.15
19900604	0.03	10.67	0.15
19900605	1.0	13.2	0.15
19900606	1.6	10.81	0.14
19900607	0.69	10.87	0.13
19900608	6.01	11.24	0.14
19900609	1.8	13.26	0.15
19900610	0.04	11.78	0.15
19900611	0.04	11.11	0.14
19900612	0.25	11.09	0.13
19900613	0.07	10.67	0.13
19900614	0.0	9.4	0.13
19900615	0.0	10.59	0.13
19900616	0.0	12.41	0.12
19900617	0.01	15.96	0.12
19900618	0.28	16.97	0.12
19900619	0.06	14.36	0.12
19900620	0.49	15.16	0.11
19900621	8.07	13.61	0.13
19900622	1.42	14.44	0.13
19900623	1.0	13.33	0.13
19900624	0.0	17.46	0.12
19900625	0.0	18.73	0.12
19900626	0.01	18.98	0.11
19900627	0.0	17.61	0.11
19900628	0.0	14.17	0.1
19900629	0.01	16.47	0.1
19900630	0.83	16.99	0.09
19900701	7.71	13.88	0.11
19900702	0.07	11.91	0.11
19900703	0.0	12.9	0.11
19900704	6.35	13.21	0.12
19900705	1.15	12.25	0.12
19900706	1.33	14.75	0.12
19900707	0.14	18.05	0.12
19900708	0.0	18.02	0.11
19900709	0.03	14.93	0.11
19900710	0.0	13.53	0.1
19900711	0.0	20.52	0.09
19900712	0.0	16.74	0.09
19900713	0.0	15.54	0.09
19900714	0.0	15.34	0.09
19900715	0.22	20.16	0.08
19900716	0.0	15.54	0.08
19900717	0.0	15.03	0.08
19900718	0.0	17.34	0.08
19900719	0.0	20.92	0.08
19900720	0.0	21.34	0.07
19900721	0.0	18.79	0.07
19900722	0.0	14.54	0.07
19900723	0.0	12.79	0.08
19900724	0.0	12.71	0.07
19900725	0.0	15.6	0.07
19900726	0.0	18.03	0.07
19900727	0.02	19.15	0.07
19900728	0.03	17.53	0.08
19900729	0.09	20.66	0.08
19900730	0.29	19.66	0.07
19900731	0.06	19.72	0.07
19900801	0.0	21.84	0.07
19900802	0.0	20.25	0.06
19900803	0.0	24.75	0.06
19900804	0.0	21.62	0.06
19900805	0.08	17.06	0.06
19900806	0.16	13.41	0.06
19900807	0.0	13.85	0.07
19900808	0.0	18.48	0.07
19900809	0.0	21.13	0.07
19900810	0.0	20.86	0.06
19900811	0.0	21.35	0.06
19900812	0.0	20.02	0.06
19900813	0.0	19.85	0.06
19900814	0.1	18.15	0.06
19900815	3.17	17.81	0.06
19900816	0.0	15.46	0.07
19900817	2.8	15.49	0.07
19900818	1.09	14.89	0.07
19900819	9.21	16.43	0.09
19900820	0.12	14.83	0.09
19900821	0.0	17.75	0.08
19900822	0.0	20.37	0.08
19900823	0.0	20.54	0.08
19900824	0.0	19.42	0.07
19900825	0.02	19.55	0.07
19900826	0.0	19.04	0.07
19900827	0.0	19.38	0.07
19900828	0.0	21.75	0.07
19900829	3.01	20.53	0.07
19900830	0.0	13.92	0.07
19900831	0.01	18.17	0.07
19900901	0.0	18.76	0.07
19900902	0.0	18.41	0.07
19900903	5.1	16.81	0.08
19900904	0.0	12.11	0.08
19900905	1.09	16.28	0.08
19900906	4.12	14.17	0.08
19900907	2.24	12.85	0.08
19900908	0.0	12.25	0.09
19900909	0.0	14.0	0.09
19900910	0.0	14.95	0.09
19900911	0.0	13.27	0.09
19900912	0.0	12.39	0.08
19900913	0.0	12.47	0.08
19900914	0.0	13.28	0.1
19900915	0.0	12.2	0.09
19900916	0.05	13.31	0.08
19900917	2.6	9.94	0.09
19900918	2.07	16.02	0.09
19900919	0.33	11.3	0.09
19900920	1.64	10.32	0.09
19900921	0.05	9.89	0.08
19900922	0.01	10.34	0.08
19900923	2.85	9.8	0.09
19900924	9.67	10.88	0.1
19900925	0.02	9.64	0.11
19900926	0.0	8.09	0.1
19900927	0.01	10.54	0.1
19900928	0.0	15.04	0.1
19900929	5.35	15.01	0.1
19900930	6.88	14.0	0.12
19901001	0.01	11.31	0.12
19901002	0.0	15.23	0.11
19901003	5.19	10.31	0.12
19901004	1.83	11.52	0.11
19901005	1.43	15.09	0.11
19901006	0.08	12.33	0.11
19901007	0.84	7.41	0.1
19901008	0.0	9.36	0.1
19901009	0.0	12.66	0.1
19901010	0.0	15.17	0.1
19901011	0.0	12.98	0.1
19901012	0.0	17.16	0.1
19901013	0.0	18.08	0.1
19901014	0.0	16.19	0.11
19901015	9.16	16.48	0.1
19901016	0.0	13.29	0.11
19901017	8.24	15.71	0.12
19901018	10.27	14.52	0.23
19901019	0.03	13.46	0.17
19901020	0.0	14.73	0.16
19901021	0.0	10.59	0.14
19901022	0.0	8.84	0.13
19901023	0.0	12.08	0.12
19901024	2.82	13.08	0.12
19901025	6.66	12.79	0.12
19901026	10.18	9.2	0.17
19901027	8.9	9.82	0.19
19901028	0.02	7.49	0.23
19901029	0.0	6.97	0.2
19901030	0.18	9.76	0.16
19901031	3.3	9.0	0.16
19901101	0.48	6.88	0.15
19901102	3.72	5.95	0.15
19901103	7.89	6.75	0.17
19901104	3.73	5.89	0.21
19901105	0.49	5.44	0.21
19901106	0.21	5.77	0.18
19901107	0.12	6.75	0.16
19901108	0.0	6.62	0.16
19901109	0.14	8.73	0.15
19901110	0.65	10.66	0.14
19901111	0.13	7.94	0.14
19901112	1.39	11.53	0.14
19901113	3.53	11.65	0.14
19901114	0.39	9.24	0.15
19901115	0.25	10.34	0.15
19901116	8.23	12.34	0.2
19901117	4.7	9.88	0.21
19901118	0.01	6.68	0.23
19901119	14.76	5.11	0.23
19901120	1.73	2.03	0.48
19901121	2.88	2.08	0.25
19901122	0.41	2.44	0.24
19901123	1.38	2.26	0.22
19901124	2.69	2.64	0.27
19901125	10.9	5.05	0.23
19901126	15.45	6.33	0.7
19901127	0.24	5.08	0.77
19901128	0.29	5.42	0.44
19901129	1.92	5.83	0.37
19901130	0.0	5.77	0.29
19901201	0.01	5.16	0.25
19901202	0.0	5.22	0.2
19901203	0.1	3.73	0.2
19901204	0.46	3.78	0.21
19901205	0.01	3.02	0.2
19901206	0.0	2.4	0.19
19901207	0.99	3.76	0.19
19901208	5.58	1.69	0.22
19901209	7.1	3.59	0.29
19901210	0.01	5.7	0.38
19901211	4.19	5.17	0.38
19901212	2.03	3.75	0.33
19901213	0.38	3.71	0.3
19901214	0.04	3.06	0.22
19901215	1.83	3.7	0.23
19901216	0.05	2.28	0.23
19901217	0.3	2.54	0.22
19901218	0.49	1.14	0.22
19901219	0.05	1.46	0.22
19901220	4.49	4.72	0.23
19901221	0.49	6.85	0.31
19901222	0.01	8.52	0.26
19901223	0.04	7.59	0.2
19901224	0.35	5.17	0.21
19901225	6.99	4.81	0.33
19901226	6.17	7.18	0.41
19901227	0.05	3.21	0.51
19901228	0.87	6.78	0.4
19901229	5.02	4.79	0.36
19901230	0.01	4.45	0.38
19901231	0.9	3.4	0.36
19910101	7.78	6.68	0.36
19910102	1.32	7.36	0.59
19910103	1.95	4.6	0.52
19910104	0.59	4.3	0.49
19910105	3.29	5.4	0.44
19910106	1.66	3.19	0.43
19910107	0.19	4.16	0.38
19910108	3.68	6.03	0.36
19910109	2.69	7.27	0.4
19910110	0.56	5.15	0.41
19910111	0.39	3.19	0.38
19910112	0.29	1.72	0.34
19910113	0.09	1.51	0.23
19910114	0.01	2.24	0.33
19910115	0.0	1.12	0.26
19910116	0.01	2.2	0.25
19910117	1.53	4.52	0.25
19910118	5.79	4.8	0.22
19910119	0.07	4.0	0.35
19910120	0.24	6.1	0.37
19910121	0.01	4.3	0.35
19910122	0.0	4.09	0.31
19910123	0.0	0.65	0.29
19910124	0.0	0.84	0.28
19910125	0.0	2.47	0.27
19910126	0.04	2.13	0.26
19910127	0.04	2.79	0.25
19910128	0.0	3.22	0.24
19910129	0.0	1.27	0.24
19910130	0.0	0.81	0.23
19910131	0.37	1.28	0.2
19910201	1.12	1.3	0.21
19910202	0.01	-0.24	0.22
19910203	0.0	-1.11	0.21
19910204	0.0	-0.61	0.2
19910205	0.08	-0.47	0.2
19910206	0.0	-4.15	0.18
19910207	5.8	-3.64	0.18
19910208	4.52	-5.45	0.19
19910209	2.21	-5.96	0.2
19910210	1.7	-2.84	0.2
19910211	2.87	-2.29	0.2
19910212	0.0	-3.94	0.2
19910213	0.03	-2.78	0.2
19910214	6.24	-1.94	0.2
19910215	0.33	1.9	0.48
19910216	0.01	0.92	0.97
19910217	0.02	1.9	1.16
19910218	0.0	2.03	1.08
19910219	0.0	1.62	1.04
19910220	0.87	3.43	0.86
19910221	1.12	4.1	0.83
19910222	4.03	7.31	0.74
19910223	0.01	10.62	0.78
19910224	0.86	8.11	0.63
19910225	0.0	7.43	0.51
19910226	0.05	5.95	0.4
19910227	5.96	5.17	0.44
19910228	0.12	3.03	0.56
19910301	0.0	1.48	0.53
19910302	1.14	3.26	0.54
19910303	0.0	5.18	0.37
19910304	1.57	7.16	0.45
19910305	4.39	9.0	0.37
19910306	1.98	7.89	0.58
19910307	2.99	8.75	0.53
19910308	0.73	9.27	0.63
19910309	0.01	9.95	0.59
19910310	0.47	9.83	0.5
19910311	0.0	8.44	0.44
19910312	0.02	10.49	0.41
19910313	0.07	10.86	0.37
19910314	1.04	9.96	0.36
19910315	0.48	9.52	0.34
19910316	3.52	10.86	0.35
19910317	0.1	9.69	0.35
19910318	6.22	11.07	0.34
19910319	0.01	12.13	0.47
19910320	2.45	10.96	0.34
19910321	0.01	6.93	0.4
19910322	0.2	4.54	0.35
19910323	0.04	4.91	0.31
19910324	0.0	6.04	0.29
19910325	0.0	6.65	0.29
19910326	0.0	5.39	0.23
19910327	0.0	6.92	0.26
19910328	0.0	7.83	0.27
19910329	0.0	4.64	0.23
19910330	0.01	7.57	0.25
19910331	0.0	10.54	0.23
19910401	1.03	10.98	0.23
19910402	1.97	8.52	0.24
19910403	0.02	8.41	0.24
19910404	3.87	6.58	0.25
19910405	0.66	6.77	0.25
19910406	1.76	8.11	0.24
19910407	3.16	8.33	0.24
19910408	0.28	8.92	0.23
19910409	0.0	9.85	0.22
19910410	0.0	13.01	0.22
19910411	0.0	13.83	0.2
19910412	0.0	12.77	0.2
19910413	0.0	10.09	0.19
19910414	0.0	7.57	0.18
19910415	0.0	6.76	0.18
19910416	0.41	5.64	0.19
19910417	1.72	4.64	0.18
19910418	4.32	4.92	0.2
19910419	5.05	3.8	0.22
19910420	0.38	3.18	0.23
19910421	0.96	5.99	0.24
19910422	0.53	4.81	0.2
19910423	0.01	8.48	0.2
19910424	0.13	7.57	0.2
19910425	0.0	8.38	0.19
19910426	0.0	7.77	0.18
19910427	0.0	6.07	0.17
19910428	0.0	5.52	0.17
19910429	16.3	9.29	0.21
19910430	3.63	7.03	0.34
19910501	0.08	6.42	0.27
19910502	1.3	6.84	0.24
19910503	0.65	6.58	0.23
19910504	10.93	7.21	0.32
19910505	0.42	7.17	0.45
19910506	0.0	5.74	0.33
19910507	0.0	8.7	0.27
19910508	0.0	6.7	0.26
19910509	0.0	6.81	0.19
19910510	0.0	10.03	0.21
19910511	0.0	10.17	0.2
19910512	0.0	13.9	0.19
19910513	0.2	14.06	0.18
19910514	0.0	9.28	0.18
19910515	2.5	9.29	0.17
19910516	0.26	8.74	0.17
19910517	0.0	6.66	0.17
19910518	0.0	11.74	0.16
19910519	0.0	13.82	0.16
19910520	0.0	17.2	0.16
19910521	0.0	16.29	0.15
19910522	0.0	12.41	0.14
19910523	0.0	9.52	0.15
19910524	0.27	10.5	0.17
19910525	0.0	13.26	0.16
19910526	0.0	11.77	0.14
19910527	0.48	12.73	0.14
19910528	0.0	10.07	0.14
19910529	0.0	10.85	0.14
19910530	0.0	10.46	0.14
19910531	0.0	9.57	0.14
19910601	0.0	7.54	0.13
19910602	3.39	9.02	0.14
19910603	1.19	6.34	0.14
19910604	1.35	8.12	0.14
19910605	1.49	12.32	0.13
19910606	1.85	12.64	0.14
19910607	4.68	12.49	0.16
19910608	2.38	13.52	0.16
19910609	1.1	15.25	0.17
19910610	0.73	12.25	0.17
19910611	3.35	14.01	0.15
19910612	0.51	14.78	0.15
19910613	2.83	12.63	0.16
19910614	3.07	13.58	0.14
19910615	6.05	11.27	0.16
19910616	0.73	12.17	0.18
19910617	0.62	11.82	0.16
19910618	1.26	11.27	0.15
19910619	6.28	10.87	0.17
19910620	0.01	11.35	0.17
19910621	0.14	14.53	0.16
19910622	0.02	14.41	0.14
19910623	13.0	14.17	0.18
19910624	2.37	15.15	0.22
19910625	6.43	15.51	0.23
19910626	7.0	14.9	0.25
19910627	0.44	13.17	0.26
19910628	3.26	12.1	0.23
19910629	1.82	16.35	0.21
19910630	0.49	16.65	0.2
19910701	0.28	15.36	0.19
19910702	2.13	16.6	0.18
19910703	0.09	17.18	0.17
19910704	0.0	18.4	0.16
19910705	0.0	20.51	0.14
19910706	0.14	20.7	0.13
19910707	0.12	19.93	0.12
19910708	0.0	17.98	0.12
19910709	0.0	16.75	0.11
19910710	0.0	18.84	0.1
19910711	0.0	20.04	0.1
19910712	0.04	16.98	0.1
19910713	0.01	17.37	0.1
19910714	0.01	18.21	0.1
19910715	0.0	16.16	0.1
19910716	4.58	15.03	0.1
19910717	3.87	16.52	0.1
19910718	2.66	17.7	0.12
19910719	0.0	15.69	0.12
19910720	0.0	16.12	0.11
19910721	0.0	15.78	0.11
19910722	0.0	18.33	0.1
19910723	4.67	20.14	0.1
19910724	6.57	14.47	0.12
19910725	0.37	15.89	0.12
19910726	0.03	15.69	0.12
19910727	0.0	18.59	0.12
19910728	0.0	19.13	0.11
19910729	0.0	20.9	0.1
19910730	1.54	20.33	0.08
19910731	0.01	18.34	0.09
19910801	1.41	18.16	0.09
19910802	0.0	18.2	0.09
19910803	0.0	19.92	0.08
19910804	0.0	19.75	0.09
19910805	6.74	20.51	0.09
19910806	0.01	19.58	0.11
19910807	2.21	16.46	0.1
19910808	0.0	15.89	0.1
19910809	0.08	20.87	0.1
19910810	0.01	21.21	0.09
19910811	0.21	15.64	0.09
19910812	0.0	17.44	0.09
19910813	0.0	17.71	0.09
19910814	0.0	18.68	0.08
19910815	0.0	20.45	0.08
19910816	0.75	18.93	0.08
19910817	0.0	15.52	0.08
19910818	0.0	13.58	0.08
19910819	0.03	17.83	0.08
19910820	0.0	17.2	0.08
19910821	0.0	20.18	0.08
19910822	0.73	19.25	0.08
19910823	2.78	15.99	0.08
19910824	0.0	17.25	0.08
19910825	0.0	17.02	0.08
19910826	0.0	17.18	0.08
19910827	0.0	17.49	0.07
19910828	0.0	13.91	0.08
19910829	0.0	14.92	0.08
19910830	0.0	18.01	0.08
19910831	0.0	19.08	0.07
19910901	0.0	19.37	0.07
19910902	0.0	20.74	0.07
19910903	0.0	18.1	0.07
19910904	0.0	17.65	0.07
19910905	0.0	16.27	0.07
19910906	0.0	12.06	0.07
19910907	0.0	12.32	0.08
19910908	0.0	13.44	0.07
19910909	0.0	13.54	0.07
19910910	0.0	17.94	0.07
19910911	0.0	10.33	0.07
19910912	0.0	12.13	0.07
19910913	0.0	16.38	0.07
19910914	0.41	19.73	0.07
19910915	0.82	15.39	0.07
19910916	1.71	15.84	0.08
19910917	0.0	15.38	0.08
19910918	0.31	11.86	0.07
19910919	0.0	11.12	0.08
19910920	0.0	13.59	0.08
19910921	4.87	16.89	0.08
19910922	0.0	13.81	0.08
19910923	1.02	15.46	0.08
19910924	1.22	13.96	0.08
19910925	0.1	11.19	0.08
19910926	5.54	13.58	0.08
19910927	2.13	8.73	0.09
19910928	30.89	13.59	0.14
19910929	10.37	12.48	0.35
19910930	1.49	9.6	0.2
19911001	0.26	11.88	0.16
19911002	0.0	14.0	0.14
19911003	0.43	10.81	0.13
19911004	0.0	10.67	0.11
19911005	0.29	9.23	0.1
19911006	0.0	8.54	0.1
19911007	0.0	10.99	0.1
19911008	0.0	12.49	0.1
19911009	0.0	14.25	0.1
19911010	0.0	16.17	0.11
19911011	0.0	15.21	0.1
19911012	0.04	12.31	0.1
19911013	0.0	10.94	0.14
19911014	0.0	10.89	0.11
19911015	0.07	11.37	0.11
19911016	2.43	10.75	0.11
19911017	0.46	7.9	0.1
19911018	1.85	6.63	0.1
19911019	7.39	6.32	0.12
19911020	4.27	4.66	0.14
19911021	0.19	6.29	0.14
19911022	0.0	7.08	0.13
19911023	0.21	8.98	0.13
19911024	0.96	8.75	0.13
19911025	0.08	9.86	0.13
19911026	0.0	8.68	0.13
19911027	0.0	10.15	0.13
19911028	0.27	11.99	0.12
19911029	5.61	10.9	0.12
19911030	3.62	7.84	0.15
19911031	2.66	11.54	0.15
19911101	1.08	12.02	0.15
19911102	5.92	10.28	0.14
19911103	1.58	6.04	0.14
19911104	9.02	6.12	0.15
19911105	1.49	2.91	0.23
19911106	1.93	7.16	0.17
19911107	1.48	10.75	0.16
19911108	0.02	6.54	0.16
19911109	0.01	2.74	0.15
19911110	8.13	4.88	0.15
19911111	0.0	3.98	0.21
19911112	2.92	5.79	0.17
19911113	1.05	3.86	0.17
19911114	0.14	4.69	0.16
19911115	0.89	4.19	0.15
19911116	1.57	2.05	0.15
19911117	2.41	2.87	0.15
19911118	16.59	8.19	0.16
19911119	0.99	5.81	0.3
19911120	0.0	2.72	0.34
19911121	1.35	3.75	0.19
19911122	0.01	8.1	0.17
19911123	0.02	7.22	0.17
19911124	0.0	5.51	0.17
19911125	1.43	6.42	0.16
19911126	0.1	8.38	0.16
19911127	0.04	8.18	0.16
19911128	0.0	9.4	0.16
19911129	0.0	8.0	0.15
19911130	0.0	6.44	0.15
19911201	0.0	7.0	0.15
19911202	0.01	6.88	0.15
19911203	0.01	6.64	0.14
19911204	0.0	6.47	0.14
19911205	0.0	3.41	0.13
19911206	0.0	1.99	0.13
19911207	0.0	0.11	0.12
19911208	0.0	0.1	0.12
19911209	0.0	0.53	0.13
19911210	0.0	-0.67	0.13
19911211	0.0	-2.93	0.13
19911212	0.0	-3.18	0.12
19911213	0.0	-0.42	0.12
19911214	0.0	-1.76	0.12
19911215	0.45	0.94	0.13
19911216	0.85	4.76	0.13
19911217	7.43	6.71	0.15
19911218	5.33	7.91	0.19
19911219	1.12	7.47	0.3
19911220	10.49	5.15	0.22
19911221	4.49	10.87	0.41
19911222	0.04	11.89	0.45
19911223	1.09	6.9	0.33
19911224	0.0	1.82	0.25
19911225	0.02	3.4	0.21
19911226	0.0	6.38	0.2
19911227	0.0	4.49	0.19
19911228	0.01	4.79	0.18
19911229	0.0	5.52	0.15
19911230	0.0	5.31	0.16
19911231	0.1	5.93	0.16
19920101	0.0	8.1	0.16
19920102	0.0	9.52	0.16
19920103	1.47	7.45	0.16
19920104	7.41	5.99	0.16
19920105	0.1	9.89	0.2
19920106	0.0	8.02	0.21
19920107	0.36	7.38	0.2
19920108	20.9	7.69	0.21
19920109	14.56	3.13	2.0
19920110	0.1	1.82	1.87
19920111	0.0	0.68	0.98
19920112	0.6	2.23	0.62
19920113	0.01	3.19	0.39
19920114	0.0	3.09	0.39
19920115	0.0	3.07	0.4
19920116	0.0	2.81	0.31
19920117	0.03	3.66	0.28
19920118	0.19	4.22	0.21
19920119	0.88	5.7	0.25
19920120	0.0	1.5	0.24
19920121	0.0	-0.55	0.22
19920122	0.0	-0.02	0.2
19920123	0.0	0.64	0.2
19920124	0.0	-1.47	0.2
19920125	1.01	0.19	0.19
19920126	0.04	3.15	0.19
19920127	0.02	1.75	0.19
19920128	0.0	2.5	0.18
19920129	0.0	3.82	0.2
19920130	0.18	2.75	0.2
19920131	0.03	-0.13	0.2
19920201	0.02	-0.1	0.2
19920202	0.19	4.65	0.21
19920203	5.04	5.58	0.19
19920204	1.21	7.88	0.2
19920205	0.0	8.06	0.2
19920206	0.0	5.11	0.19
19920207	0.0	2.45	0.18
19920208	0.0	3.33	0.22
19920209	1.57	4.99	0.16
19920210	3.59	5.41	0.18
19920211	0.12	7.25	0.21
19920212	1.34	6.78	0.21
19920213	0.01	5.41	0.21
19920214	2.28	6.75	0.21
19920215	0.2	4.86	0.21
19920216	3.08	2.07	0.2
19920217	0.04	0.89	0.21
19920218	0.0	1.41	0.23
19920219	0.0	0.96	0.2
19920220	0.0	2.02	0.2
19920221	0.0	4.24	0.19
19920222	0.08	6.31	0.19
19920223	0.0	8.05	0.19
19920224	0.0	2.78	0.19
19920225	0.0	2.38	0.18
19920226	0.0	8.1	0.18
19920227	1.23	8.78	0.17
19920228	0.05	5.1	0.17
19920229	0.0	8.57	0.17
19920301	5.2	5.96	0.17
19920302	0.08	6.8	0.18
19920303	0.07	9.86	0.18
19920304	0.0	9.2	0.17
19920305	1.5	7.33	0.17
19920306	0.0	8.7	0.16
19920307	0.01	8.57	0.16
19920308	0.03	3.49	0.16
19920309	0.02	7.7	0.15
19920310	2.8	6.72	0.15
19920311	0.61	7.88	0.15
19920312	3.83	8.62	0.16
19920313	1.9	5.28	0.17
19920314	3.41	4.26	0.17
19920315	0.32	3.66	0.18
19920316	0.02	8.32	0.18
19920317	0.0	10.84	0.2
19920318	1.58	7.91	0.17
19920319	0.0	10.73	0.16
19920320	1.98	10.58	0.15
19920321	8.37	7.55	0.16
19920322	1.35	6.29	0.21
19920323	5.52	5.41	0.29
19920324	1.13	5.03	0.25
19920325	13.06	5.51	0.46
19920326	5.5	5.55	1.18
19920327	1.66	4.62	1.06
19920328	0.58	5.6	0.8
19920329	3.93	5.77	0.65
19920330	7.91	6.88	0.83
19920331	0.33	4.45	1.27
19920401	0.07	5.38	0.89
19920402	1.81	6.63	0.56
19920403	0.38	4.41	0.51
19920404	0.09	4.31	0.43
19920405	0.01	8.15	0.38
19920406	0.33	7.36	0.36
19920407	0.03	8.09	0.33
19920408	0.0	8.53	0.28
19920409	0.0	8.29	0.25
19920410	0.0	9.47	0.24
19920411	0.57	12.13	0.23
19920412	2.11	8.57	0.23
19920413	1.16	8.97	0.23
19920414	17.45	7.59	0.28
19920415	3.07	4.66	0.9
19920416	1.81	5.1	0.65
19920417	0.71	9.98	0.55
19920418	0.0	12.55	0.48
19920419	0.01	9.58	0.38
19920420	0.0	9.72	0.33
19920421	0.0	11.48	0.25
19920422	0.01	10.54	0.29
19920423	0.01	10.97	0.25
19920424	0.34	10.93	0.25
19920425	0.68	12.48	0.22
19920426	0.3	11.33	0.22
19920427	3.26	10.97	0.21
19920428	5.04	7.28	0.23
19920429	0.07	8.08	0.25
19920430	7.67	9.49	0.24
19920501	0.0	9.02	0.26
19920502	0.23	7.39	0.25
19920503	0.0	9.04	0.19
19920504	0.01	12.21	0.21
19920505	0.21	9.13	0.2
19920506	0.0	15.42	0.19
19920507	0.0	15.27	0.18
19920508	1.09	9.74	0.17
19920509	13.79	6.5	0.3
19920510	2.33	7.93	0.25
19920511	1.81	11.42	0.27
19920512	0.0	13.17	0.2
19920513	0.0	15.38	0.2
19920514	0.14	17.99	0.19
19920515	0.06	12.7	0.18
19920516	0.0	11.11	0.17
19920517	0.0	10.73	0.15
19920518	0.0	13.24	0.15
19920519	0.0	14.59	0.14
19920520	0.0	16.14	0.14
19920521	0.0	16.26	0.13
19920522	0.0	16.55	0.12
19920523	0.07	17.68	0.11
19920524	0.0	17.36	0.12
19920525	0.0	18.33	0.11
19920526	0.0	16.38	0.1
19920527	0.01	16.31	0.1
19920528	17.57	18.28	0.14
19920529	8.35	15.36	0.28
19920530	2.64	14.04	0.26
19920531	0.36	16.83	0.19
19920601	0.0	16.37	0.17
19920602	5.38	16.54	0.15
19920603	0.26	16.85	0.16
19920604	2.44	12.43	0.15
19920605	2.61	14.95	0.15
19920606	0.6	15.83	0.15
19920607	0.1	15.04	0.15
19920608	0.0	15.76	0.14
19920609	2.02	16.91	0.13
19920610	0.0	15.3	0.12
19920611	0.0	15.09	0.12
19920612	0.0	16.11	0.11
19920613	0.0	16.87	0.09
19920614	0.0	19.76	0.09
19920615	0.0	19.79	0.09
19920616	0.0	14.61	0.09
19920617	0.0	11.4	0.08
19920618	3.67	12.33	0.08
19920619	17.33	12.62	0.16
19920620	0.0	13.33	0.17
19920621	0.0	13.21	0.15
19920622	0.0	14.19	0.13
19920623	0.0	13.56	0.12
19920624	0.0	13.42	0.1
19920625	0.0	14.73	0.09
19920626	0.0	16.02	0.09
19920627	0.0	16.23	0.09
19920628	0.0	18.18	0.08
19920629	0.0	19.95	0.08
19920630	0.03	20.49	0.08
19920701	24.86	17.04	0.21
19920702	0.0	13.67	0.16
19920703	7.5	14.81	0.15
19920704	1.85	14.51	0.15
19920705	0.0	16.25	0.14
19920706	0.0	14.23	0.12
19920707	0.55	15.62	0.11
19920708	0.08	15.96	0.11
19920709	3.99	17.63	0.11
19920710	0.11	13.53	0.11
19920711	0.63	16.96	0.1
19920712	0.89	16.07	0.1
19920713	24.24	16.06	0.19
19920714	0.0	15.86	0.28
19920715	1.88	18.44	0.21
19920716	3.1	20.9	0.16
19920717	0.0	18.84	0.15
19920718	0.0	19.01	0.12
19920719	0.0	19.84	0.11
19920720	36.45	20.11	0.26
19920721	0.22	16.0	0.53
19920722	0.0	17.56	0.33
19920723	1.91	18.69	0.21
19920724	2.73	17.53	0.19
19920725	0.0	17.94	0.16
19920726	0.13	17.55	0.15
19920727	0.02	14.94	0.13
19920728	0.0	15.76	0.12
19920729	0.0	18.28	0.11
19920730	0.0	18.5	0.1
19920731	0.0	19.41	0.1
19920801	0.0	21.08	0.09
19920802	0.14	18.53	0.09
19920803	0.05	17.76	0.09
19920804	0.0	18.35	0.09
19920805	0.01	20.6	0.08
19920806	0.0	17.24	0.08
19920807	0.01	18.99	0.08
19920808	0.01	20.42	0.08
19920809	6.21	20.17	0.09
19920810	0.17	17.13	0.09
19920811	3.58	17.39	0.1
19920812	4.4	15.09	0.1
19920813	5.59	14.69	0.1
19920814	0.05	11.98	0.1
19920815	5.24	17.95	0.09
19920816	0.23	15.27	0.1
19920817	0.51	15.4	0.1
19920818	0.01	14.76	0.1
19920819	0.24	17.29	0.1
19920820	19.62	14.02	0.16
19920821	0.0	17.1	0.15
19920822	2.37	14.78	0.14
19920823	6.19	15.58	0.13
19920824	7.27	16.37	0.15
19920825	0.03	18.02	0.15
19920826	1.73	15.38	0.14
19920827	0.37	17.93	0.13
19920828	0.05	16.37	0.12
19920829	5.26	14.63	0.11
19920830	0.22	12.97	0.11
19920831	0.0	12.46	0.1
19920901	0.3	14.33	0.1
19920902	3.15	16.12	0.1
19920903	1.12	12.66	0.1
19920904	0.0	11.23	0.1
19920905	0.0	10.12	0.1
19920906	1.08	14.12	0.1
19920907	0.0	12.2	0.1
19920908	0.0	12.46	0.09
19920909	0.0	12.92	0.09
19920910	0.0	15.43	0.09
19920911	0.0	13.35	0.09
19920912	1.39	14.2	0.09
19920913	11.05	9.03	0.18
19920914	0.02	11.95	0.13
19920915	0.0	13.95	0.12
19920916	0.0	13.2	0.11
19920917	5.74	16.53	0.1
19920918	0.26	15.73	0.11
19920919	0.03	15.03	0.11
19920920	0.0	15.03	0.11
19920921	11.26	16.09	0.11
19920922	11.89	14.42	0.16
19920923	4.45	12.03	0.24
19920924	5.66	14.11	0.28
19920925	2.24	14.21	0.27
19920926	0.01	16.55	0.28
19920927	0.0	16.1	0.2
19920928	0.0	16.63	0.21
19920929	0.36	14.58	0.17
19920930	1.66	13.01	0.15
19921001	0.0	10.46	0.13
19921002	9.92	14.21	0.14
19921003	0.01	13.86	0.23
19921004	0.0	13.44	0.19
19921005	0.0	12.5	0.18
19921006	0.01	11.68	0.15
19921007	0.43	11.41	0.17
19921008	0.02	9.57	0.13
19921009	0.86	10.28	0.13
19921010	0.66	10.3	0.13
19921011	0.3	10.59	0.13
19921012	0.02	7.1	0.13
19921013	0.0	7.6	0.13
19921014	2.31	6.55	0.13
19921015	0.06	3.69	0.13
19921016	0.15	3.79	0.13
19921017	0.01	5.05	0.14
19921018	0.0	6.28	0.14
19921019	5.0	7.18	0.14
19921020	12.6	7.61	0.22
19921021	0.02	4.65	0.28
19921022	0.03	7.47	0.23
19921023	1.85	6.21	0.2
19921024	13.55	5.34	0.24
19921025	6.79	6.86	0.61
19921026	0.51	6.34	0.83
19921027	2.94	6.15	0.61
19921028	0.21	5.2	0.46
19921029	0.02	4.18	0.43
19921030	0.1	4.28	0.31
19921031	0.0	4.48	0.23
19921101	1.65	10.27	0.24
19921102	9.91	8.88	0.52
19921103	0.0	7.44	0.6
19921104	0.04	10.02	0.44
19921105	0.0	11.17	0.28
19921106	0.03	12.66	0.27
19921107	0.0	8.01	0.26
19921108	0.0	7.17	0.24
19921109	7.91	7.59	0.25
19921110	15.68	6.92	0.25
19921111	0.94	5.6	0.25
19921112	0.0	3.98	0.25
19921113	0.0	1.32	0.25
19921114	9.65	4.06	0.25
19921115	1.12	6.42	0.25
19921116	2.32	4.09	0.25
19921117	0.01	3.18	0.25
19921118	1.06	6.43	0.25
19921119	0.05	4.31	0.25
19921120	0.0	3.67	0.25
19921121	8.98	7.29	0.25
19921122	6.85	12.07	0.25
19921123	0.03	8.49	0.25
19921124	4.59	8.22	0.25
19921125	12.35	7.46	0.25
19921126	0.01	5.23	0.25
19921127	14.77	6.04	0.25
19921128	0.03	4.08	0.25
19921129	0.14	9.59	0.25
19921130	1.42	8.7	0.25
19921201	2.07	8.82	0.25
19921202	4.44	8.13	0.25
19921203	4.47	3.23	0.89
19921204	0.5	2.08	0.92
19921205	0.01	1.78	0.92
19921206	11.57	3.29	0.92
19921207	0.45	6.04	0.92
19921208	0.92	5.62	0.92
19921209	0.1	3.66	0.92
19921210	1.15	3.63	0.55
19921211	6.13	7.31	0.59
19921212	0.02	4.19	0.77
19921213	0.0	6.36	0.65
19921214	0.07	8.29	0.55
19921215	1.19	6.34	0.46
19921216	2.8	3.58	0.47
19921217	0.05	3.61	0.47
19921218	3.15	6.75	0.46
19921219	0.02	3.25	0.49
19921220	0.07	2.38	0.44
19921221	0.22	3.05	0.41
19921222	0.08	2.77	0.39
19921223	0.0	0.27	0.35
19921224	0.02	0.04	0.34
19921225	0.0	3.21	0.32
19921226	0.0	4.77	0.3
19921227	0.0	2.59	0.29
19921228	0.0	0.82	0.28
19921229	0.0	-0.41	0.28
19921230	0.0	-1.46	0.28
19921231	0.05	0.72	0.27
19930101	0.0	0.22	0.26
19930102	0.0	-4.24	0.25
19930103	0.58	-2.05	0.24
19930104	2.65	2.35	0.25
19930105	7.78	7.03	0.31
19930106	5.5	5.2	1.0
19930107	1.78	5.29	1.23
19930108	0.02	5.61	0.89
19930109	4.66	9.15	0.7
19930110	7.78	8.77	0.99
19930111	1.87	5.59	1.17
19930112	0.25	4.22	0.78
19930113	7.67	7.95	0.84
19930114	0.43	6.77	0.92
19930115	0.01	9.97	0.72
19930116	0.0	11.2	0.56
19930117	0.0	6.13	0.49
19930118	0.05	4.91	0.38
19930119	2.43	7.75	0.4
19930120	1.09	8.83	0.4
19930121	0.11	9.37	0.37
19930122	1.36	6.3	0.36
19930123	2.63	8.21	0.36
19930124	0.41	6.0	0.37
19930125	0.0	0.55	0.32
19930126	6.56	3.21	0.35
19930127	1.25	4.43	0.45
19930128	1.79	7.35	0.44
19930129	0.14	4.93	0.41
19930130	0.18	3.3	0.41
19930131	0.08	4.79	0.38
19930201	0.0	2.03	0.34
19930202	0.01	4.25	0.33
19930203	0.01	2.95	0.31
19930204	0.01	1.8	0.37
19930205	0.01	3.34	0.37
19930206	0.12	7.82	0.36
19930207	1.17	7.86	0.35
19930208	0.67	6.42	0.34
19930209	0.62	4.67	0.34
19930210	0.02	3.89	0.35
19930211	0.0	3.3	0.34
19930212	0.05	3.45	0.32
19930213	0.0	3.26	0.27
19930214	0.0	1.77	0.29
19930215	0.06	2.88	0.3
19930216	0.12	5.43	0.29
19930217	0.0	7.0	0.29
19930218	0.0	6.26	0.29
19930219	0.05	4.38	0.29
19930220	0.22	4.62	0.27
19930221	3.66	2.7	0.28
19930222	1.32	1.69	0.3
19930223	0.05	3.01	0.29
19930224	0.11	4.68	0.27
19930225	0.45	6.1	0.28
19930226	6.7	2.69	0.35
19930227	4.68	0.53	0.38
19930228	3.66	0.58	0.46
19930301	0.09	2.52	0.71
19930302	0.0	1.9	0.81
19930303	0.0	1.86	0.64
19930304	0.06	1.69	0.44
19930305	0.56	4.6	0.45
19930306	0.0	4.65	0.42
19930307	0.0	5.13	0.39
19930308	0.0	4.05	0.36
19930309	0.0	2.39	0.35
19930310	0.02	6.78	0.33
19930311	0.0	7.85	0.31
19930312	0.0	10.13	0.32
19930313	0.0	10.3	0.3
19930314	0.23	10.1	0.29
19930315	0.11	12.77	0.28
19930316	0.18	9.59	0.27
19930317	0.0	13.3	0.27
19930318	0.0	7.63	0.26
19930319	0.0	5.74	0.25
19930320	0.92	8.65	0.25
19930321	10.31	9.89	0.33
19930322	1.33	7.12	0.41
19930323	0.08	5.14	0.33
19930324	0.54	5.47	0.29
19930325	0.01	3.83	0.27
19930326	0.0	2.14	0.26
19930327	0.0	3.61	0.28
19930328	0.0	3.79	0.25
19930329	0.0	7.6	0.25
19930330	0.06	7.64	0.24
19930331	5.0	8.24	0.27
19930401	8.93	5.63	0.36
19930402	0.0	5.88	0.38
19930403	2.41	7.27	0.33
19930404	1.68	6.71	0.32
19930405	3.96	9.57	0.39
19930406	0.01	8.9	0.34
19930407	0.0	7.28	0.3
19930408	0.0	7.78	0.28
19930409	7.68	7.25	0.31
19930410	2.8	9.12	0.36
19930411	1.43	8.15	0.37
19930412	0.29	9.34	0.35
19930413	0.0	7.44	0.32
19930414	0.0	7.58	0.29
19930415	0.0	7.29	0.26
19930416	0.0	12.14	0.25
19930417	0.48	11.39	0.26
19930418	2.85	11.51	0.27
19930419	0.0	12.36	0.26
19930420	0.23	15.12	0.25
19930421	0.0	11.06	0.23
19930422	0.0	12.08	0.24
19930423	5.4	12.62	0.23
19930424	11.4	10.54	0.27
19930425	0.1	10.39	0.44
19930426	0.1	8.57	0.34
19930427	0.0	10.32	0.27
19930428	0.0	10.73	0.24
19930429	0.0	12.8	0.24
19930430	0.0	14.82	0.26
19930501	0.02	13.76	0.18
19930502	0.0	8.16	0.2
19930503	0.0	7.13	0.21
19930504	0.0	8.12	0.18
19930505	0.0	7.15	0.19
19930506	0.0	8.86	0.18
19930507	0.0	10.29	0.19
19930508	1.02	10.78	0.18
19930509	2.53	12.63	0.18
19930510	0.01	14.24	0.19
19930511	0.0	14.27	0.18
19930512	0.0	12.39	0.17
19930513	0.0	9.94	0.17
19930514	0.77	10.55	0.18
19930515	0.04	9.45	0.18
19930516	0.0	14.82	0.17
19930517	1.94	16.01	0.16
19930518	4.01	13.27	0.16
19930519	0.14	13.24	0.17
19930520	1.51	11.2	0.17
19930521	0.01	10.09	0.17
19930522	0.0	13.09	0.16
19930523	0.0	14.77	0.16
19930524	0.0	15.07	0.15
19930525	0.0	13.61	0.15
19930526	15.23	13.37	0.16
19930527	17.81	9.49	0.57
19930528	0.25	11.6	0.37
19930529	4.74	15.64	0.27
19930530	0.01	13.92	0.25
19930531	0.0	13.79	0.21
19930601	0.43	13.47	0.19
19930602	4.74	14.59	0.2
19930603	0.0	11.62	0.19
19930604	0.0	13.68	0.17
19930605	0.0	14.79	0.16
19930606	0.0	17.36	0.15
19930607	0.0	17.09	0.14
19930608	0.0	18.76	0.12
19930609	0.03	19.69	0.12
19930610	2.09	20.03	0.12
19930611	0.18	16.23	0.12
19930612	1.25	14.58	0.12
19930613	0.47	10.97	0.12
19930614	2.14	10.26	0.13
19930615	1.09	15.66	0.12
19930616	4.75	12.96	0.13
19930617	3.51	16.23	0.13
19930618	0.22	15.88	0.14
19930619	0.19	13.69	0.14
19930620	0.0	12.93	0.13
19930621	0.0	11.92	0.12
19930622	0.01	13.55	0.12
19930623	0.29	10.64	0.12
19930624	0.01	12.68	0.11
19930625	0.9	15.25	0.1
19930626	0.01	16.1	0.1
19930627	0.0	13.41	0.1
19930628	0.0	13.17	0.1
19930629	0.0	15.9	0.1
19930630	0.09	16.28	0.09
19930701	0.0	13.59	0.09
19930702	0.0	18.44	0.09
19930703	0.0	19.85	0.09
19930704	0.0	20.31	0.09
19930705	0.0	12.44	0.08
19930706	0.0	15.03	0.08
19930707	0.0	15.66	0.08
19930708	1.16	17.4	0.08
19930709	8.09	10.2	0.11
19930710	1.2	11.27	0.1
19930711	0.77	11.67	0.1
19930712	0.01	11.31	0.09
19930713	12.87	16.22	0.11
19930714	1.03	16.8	0.19
19930715	7.05	17.96	0.14
19930716	2.27	17.37	0.14
19930717	0.1	14.82	0.13
19930718	0.79	15.75	0.13
19930719	7.94	16.0	0.14
19930720	0.39	13.22	0.15
19930721	0.0	14.86	0.15
19930722	0.0	17.62	0.13
19930723	2.04	20.09	0.13
19930724	2.73	14.47	0.12
19930725	4.36	13.77	0.12
19930726	5.37	15.48	0.12
19930727	0.48	18.07	0.13
19930728	1.37	19.18	0.12
19930729	0.91	17.93	0.12
19930730	1.93	14.84	0.12
19930731	0.14	13.79	0.11
19930801	0.0	17.21	0.11
19930802	1.08	17.65	0.1
19930803	0.0	16.59	0.1
19930804	4.08	17.29	0.09
19930805	0.04	13.78	0.1
19930806	0.0	17.18	0.1
19930807	0.03	18.51	0.09
19930808	0.0	16.97	0.09
19930809	1.88	15.58	0.09
19930810	0.44	13.12	0.09
19930811	12.84	15.99	0.09
19930812	14.64	11.95	0.19
19930813	0.0	15.1	0.17
19930814	2.49	17.89	0.14
19930815	0.13	17.34	0.13
19930816	0.0	14.59	0.12
19930817	0.0	14.6	0.11
19930818	0.0	14.94	0.11
19930819	0.0	19.99	0.1
19930820	0.0	17.88	0.1
19930821	11.67	15.35	0.1
19930822	1.66	11.12	0.13
19930823	1.33	12.87	0.12
19930824	0.09	10.81	0.12
19930825	1.61	12.94	0.12
19930826	0.14	12.89	0.12
19930827	0.01	12.01	0.13
19930828	0.0	13.04	0.11
19930829	0.81	17.8	0.1
19930830	0.0	13.48	0.1
19930831	0.0	14.11	0.1
19930901	0.0	14.85	0.1
19930902	0.01	13.75	0.1
19930903	2.21	13.26	0.1
19930904	0.14	11.97	0.1
19930905	0.0	10.79	0.1
19930906	0.0	12.68	0.09
19930907	1.99	16.79	0.09
19930908	0.11	16.88	0.09
19930909	0.32	17.67	0.09
19930910	0.38	13.63	0.1
19930911	0.0	13.88	0.09
19930912	29.19	14.66	0.13
19930913	10.54	13.1	0.37
19930914	0.27	12.84	0.28
19930915	0.18	12.54	0.2
19930916	23.42	12.84	0.3
19930917	0.09	9.84	0.53
19930918	0.0	11.44	0.33
19930919	0.0	14.36	0.23
19930920	1.29	16.37	0.2
19930921	0.01	14.46	0.16
19930922	0.35	12.63	0.12
19930923	0.01	11.41	0.12
19930924	0.0	12.13	0.12
19930925	2.7	11.41	0.13
19930926	24.42	10.59	0.2
19930927	9.2	10.39	0.52
19930928	2.53	9.39	0.79
19930929	3.93	11.58	0.51
19930930	4.9	11.81	0.43
19931001	7.86	11.43	0.51
19931002	0.33	10.46	0.83
19931003	4.05	11.12	0.54
19931004	1.26	12.68	0.38
19931005	3.82	13.16	0.38
19931006	1.36	13.04	0.41
19931007	6.5	10.9	0.39
19931008	0.55	13.05	0.59
19931009	0.13	11.58	0.47
19931010	3.43	12.99	0.35
19931011	17.15	14.57	0.37
19931012	47.82	11.68	8.4
19931013	6.35	10.46	13.65
19931014	0.05	6.14	8.01
19931015	0.03	4.1	1.6
19931016	0.05	3.59	0.97
19931017	0.42	6.74	0.69
19931018	0.01	5.62	0.56
19931019	0.0	4.43	0.42
19931020	6.63	5.61	0.47
19931021	6.95	7.6	0.71
19931022	0.23	9.13	0.91
19931023	0.01	8.84	0.73
19931024	0.08	8.39	0.52
19931025	1.52	8.7	0.49
19931026	0.45	9.61	0.45
19931027	3.36	9.3	0.44
19931028	0.02	9.3	0.46
19931029	0.0	8.89	0.42
19931030	0.0	7.94	0.38
19931031	0.0	7.44	0.36
19931101	0.0	7.19	0.36
19931102	0.02	7.94	0.34
19931103	0.0	10.01	0.33
19931104	0.01	11.42	0.31
19931105	0.0	10.72	0.3
19931106	0.68	9.0	0.28
19931107	0.64	8.68	0.28
19931108	0.14	5.63	0.28
19931109	10.63	7.79	0.29
19931110	7.0	7.26	0.83
19931111	0.03	4.54	0.98
19931112	12.59	5.98	0.75
19931113	25.73	8.51	2.54
19931114	11.94	5.14	12.92
19931115	0.02	4.47	9.81
19931116	0.0	4.25	2.06
19931117	0.0	2.94	1.31
19931118	0.0	2.31	1.04
19931119	0.0	2.94	0.87
19931120	3.07	2.05	0.76
19931121	0.9	-0.75	0.69
19931122	1.06	-1.28	0.63
19931123	0.01	-3.11	0.53
19931124	0.02	0.17	0.54
19931125	0.01	5.25	0.53
19931126	0.01	4.26	0.52
19931127	0.0	4.25	0.51
19931128	0.0	1.46	0.49
19931129	8.36	2.49	0.49
19931130	0.14	4.87	1.01
19931201	0.46	7.62	0.9
19931202	0.0	10.94	0.74
19931203	0.76	10.43	0.65
19931204	0.24	7.3	0.61
19931205	0.02	6.83	0.5
19931206	2.16	6.97	0.49
19931207	1.83	3.84	0.54
19931208	9.63	6.62	1.09
19931209	0.85	6.83	1.36
19931210	0.05	4.8	1.01
19931211	2.81	2.49	0.83
19931212	20.7	5.22	2.19
19931213	2.5	4.69	3.86
19931214	1.25	3.54	2.15
19931215	2.47	4.49	1.51
19931216	0.15	4.34	1.15
19931217	2.21	6.1	0.92
19931218	5.26	11.31	0.98
19931219	2.04	9.28	1.42
19931220	16.54	2.7	1.69
19931221	1.32	2.97	2.97
19931222	0.76	4.01	1.86
19931223	7.6	3.62	1.48
19931224	8.01	1.92	2.66
19931225	0.8	0.66	2.44
19931226	1.39	2.3	1.53
19931227	1.23	1.76	1.25
19931228	4.34	4.09	1.35
19931229	3.03	6.57	1.57
19931230	3.8	4.8	1.51
19931231	0.2	2.22	1.44
19940101	6.82	3.62	1.24
19940102	0.13	5.05	1.83
19940103	5.47	4.45	1.67
19940104	10.93	3.3	2.13
19940105	3.17	3.85	2.81
19940106	9.49	2.12	2.84
19940107	0.06	1.81	3.05
19940108	0.76	3.02	1.7
19940109	7.5	5.86	1.38
19940110	0.39	5.12	1.95
19940111	3.49	6.14	1.62
19940112	3.81	9.51	1.85
19940113	0.18	7.12	1.68
19940114	0.52	4.49	1.27
19940115	0.5	2.8	1.11
19940116	2.41	1.96	1.03
19940117	0.29	0.96	0.99
19940118	2.84	3.82	0.99
19940119	0.02	2.77	0.98
19940120	0.08	5.1	0.89
19940121	0.05	7.36	0.78
19940122	2.08	7.4	0.79
19940123	0.1	6.28	0.82
19940124	2.67	7.16	0.78
19940125	3.91	8.15	0.89
19940126	0.05	7.45	0.97
19940127	2.22	7.01	0.94
19940128	0.25	1.63	0.74
19940129	0.34	5.8	0.68
19940130	0.0	4.63	0.67
19940131	0.01	4.38	0.61
19940201	3.13	3.76	0.69
19940202	0.02	1.62	0.65
19940203	13.23	5.01	1.65
19940204	0.05	5.01	1.62
19940205	0.01	4.07	1.14
19940206	0.98	4.74	0.95
19940207	0.17	3.41	0.79
19940208	0.73	4.33	0.72
19940209	0.08	4.64	0.67
19940210	0.0	3.83	0.62
19940211	0.0	3.31	0.59
19940212	0.0	3.09	0.55
19940213	0.0	-0.97	0.52
19940214	3.05	-1.07	0.5
19940215	0.49	1.4	0.51
19940216	0.03	5.02	0.53
19940217	2.35	1.72	0.53
19940218	0.0	1.32	0.47
19940219	0.0	1.4	0.48
19940220	3.1	-2.64	0.48
19940221	0.02	-2.91	0.48
19940222	0.94	-0.12	0.46
19940223	8.14	0.83	0.57
19940224	0.05	1.12	0.89
19940225	3.79	4.41	1.16
19940226	0.32	7.57	1.43
19940227	0.01	7.81	1.2
19940228	1.29	7.42	1.0
19940301	2.2	5.48	0.87
19940302	0.11	6.55	0.87
19940303	1.26	5.86	0.85
19940304	0.01	7.88	0.76
19940305	0.01	8.44	0.68
19940306	0.0	8.41	0.63
19940307	0.0	12.62	0.6
19940308	0.01	12.52	0.56
19940309	0.68	6.81	0.54
19940310	0.0	6.09	0.49
19940311	0.1	5.14	0.48
19940312	0.26	7.65	0.48
19940313	0.01	8.52	0.47
19940314	8.37	11.16	0.43
19940315	1.32	6.1	0.55
19940316	0.45	5.37	0.5
19940317	0.27	5.61	0.46
19940318	12.95	5.89	0.62
19940319	0.0	4.51	0.98
19940320	0.0	4.89	0.72
19940321	0.93	3.82	0.6
19940322	2.0	9.35	0.54
19940323	0.65	10.23	0.56
19940324	8.28	9.16	0.54
19940325	3.07	8.5	1.08
19940326	0.0	2.86	0.94
19940327	1.34	7.41	0.76
19940328	3.2	10.53	0.79
19940329	0.0	10.05	0.69
19940330	2.64	10.28	0.64
19940331	10.55	8.67	0.74
19940401	4.33	6.16	1.74
19940402	1.44	4.39	1.23
19940403	11.82	7.62	1.16
19940404	5.44	4.97	2.46
19940405	1.57	5.85	1.79
19940406	0.06	6.95	1.23
19940407	5.14	6.19	1.14
19940408	7.11	5.54	1.43
19940409	0.9	5.05	1.67
19940410	1.86	5.16	1.2
19940411	0.03	4.12	1.0
19940412	3.19	8.49	0.91
19940413	0.69	5.86	0.81
19940414	4.52	4.42	0.76
19940415	2.52	6.64	0.8
19940416	0.05	6.11	0.76
19940417	0.09	5.78	0.71
19940418	0.01	5.81	0.65
19940419	0.0	8.36	0.62
19940420	0.06	8.82	0.58
19940421	0.0	9.07	0.53
19940422	0.0	11.59	0.49
19940423	0.18	11.56	0.48
19940424	0.08	11.23	0.46
19940425	0.0	12.67	0.43
19940426	0.0	14.83	0.4
19940427	0.0	16.87	0.35
19940428	0.0	15.34	0.36
19940429	0.0	16.78	0.36
19940430	0.0	9.95	0.37
19940501	0.0	8.24	0.29
19940502	0.0	10.09	0.32
19940503	0.0	12.69	0.32
19940504	0.73	10.76	0.32
19940505	4.54	11.96	0.32
19940506	0.08	12.32	0.33
19940507	16.47	11.61	0.48
19940508	5.67	10.24	0.9
19940509	0.03	10.02	0.67
19940510	0.0	11.07	0.49
19940511	0.0	13.29	0.44
19940512	0.0	13.67	0.39
19940513	0.0	13.77	0.36
19940514	5.64	14.39	0.38
19940515	0.0	13.59	0.37
19940516	0.16	10.02	0.35
19940517	0.85	8.55	0.34
19940518	0.01	9.27	0.31
19940519	0.19	10.42	0.3
19940520	0.11	12.24	0.31
19940521	7.11	12.35	0.35
19940522	1.85	12.08	0.36
19940523	0.01	11.51	0.32
19940524	0.0	11.19	0.31
19940525	0.01	11.22	0.31
19940526	0.0	9.5	0.28
19940527	2.46	8.78	0.25
19940528	0.01	6.92	0.27
19940529	0.1	8.6	0.26
19940530	0.0	11.53	0.26
19940531	0.0	14.09	0.24
19940601	0.0	17.8	0.24
19940602	1.66	14.65	0.22
19940603	3.12	13.64	0.23
19940604	5.16	9.89	0.25
19940605	0.07	13.6	0.26
19940606	0.11	17.04	0.24
19940607	0.49	16.15	0.23
19940608	4.2	9.93	0.24
19940609	1.24	11.76	0.24
19940610	0.01	9.71	0.24
19940611	0.0	10.92	0.23
19940612	0.0	13.18	0.22
19940613	0.0	15.58	0.21
19940614	0.0	14.21	0.2
19940615	0.0	16.63	0.19
19940616	0.02	13.96	0.19
19940617	0.0	17.35	0.19
19940618	0.0	16.44	0.19
19940619	0.0	17.58	0.18
19940620	0.26	15.48	0.18
19940621	1.16	16.19	0.19
19940622	0.0	14.27	0.18
19940623	0.01	16.19	0.18
19940624	6.81	18.72	0.18
19940625	0.48	16.82	0.2
19940626	0.0	17.3	0.2
19940627	0.0	19.72	0.19
19940628	4.13	20.91	0.18
19940629	0.0	14.76	0.18
19940630	0.0	15.39	0.17
19940701	2.16	18.86	0.18
19940702	0.01	19.79	0.19
19940703	0.43	20.84	0.18
19940704	1.93	19.31	0.19
19940705	0.01	16.82	0.19
19940706	4.45	15.71	0.22
19940707	0.22	15.31	0.24
19940708	0.0	16.26	0.21
19940709	0.0	17.77	0.19
19940710	0.0	19.66	0.17
19940711	0.0	22.0	0.15
19940712	5.66	23.62	0.14
19940713	0.47	16.93	0.16
19940714	0.0	18.5	0.16
19940715	0.58	17.08	0.15
19940716	0.0	15.79	0.15
19940717	0.0	15.53	0.15
19940718	0.0	17.87	0.14
19940719	0.0	18.33	0.14
19940720	0.0	18.5	0.13
19940721	0.0	21.06	0.13
19940722	0.0	18.41	0.13
19940723	0.0	19.88	0.13
19940724	2.16	22.33	0.13
19940725	0.35	22.47	0.13
19940726	0.03	21.56	0.13
19940727	3.59	22.2	0.12
19940728	6.29	16.16	0.15
19940729	0.01	19.43	0.14
19940730	6.53	22.38	0.16
19940731	6.25	19.49	0.21
19940801	3.43	18.06	0.21
19940802	0.08	20.75	0.18
19940803	0.18	22.9	0.15
19940804	9.6	22.64	0.18
19940805	0.0	20.03	0.17
19940806	0.0	18.44	0.16
19940807	0.0	16.74	0.15
19940808	0.0	16.98	0.14
19940809	0.05	17.97	0.15
19940810	2.91	17.46	0.15
19940811	14.0	14.85	0.23
19940812	0.09	14.26	0.21
19940813	0.0	13.07	0.19
19940814	0.0	13.23	0.17
19940815	0.0	16.27	0.16
19940816	1.79	17.76	0.15
19940817	6.84	14.43	0.17
19940818	0.01	17.63	0.16
19940819	0.0	15.81	0.16
19940820	0.0	15.93	0.15
19940821	0.0	17.24	0.15
19940822	0.0	17.28	0.14
19940823	0.56	17.76	0.14
19940824	9.52	16.3	0.18
19940825	0.18	16.36	0.18
19940826	2.11	18.02	0.18
19940827	0.0	15.42	0.16
19940828	0.0	14.87	0.15
19940829	0.01	14.49	0.14
19940830	1.49	14.19	0.15
19940831	70.45	16.66	0.47
19940901	3.54	13.5	3.73
19940902	0.0	14.85	1.78
19940903	0.98	17.88	0.65
19940904	0.95	16.48	0.4
19940905	0.0	13.26	0.32
19940906	0.08	13.62	0.27
19940907	5.06	14.86	0.24
19940908	0.26	13.17	0.24
19940909	0.38	13.25	0.22
19940910	3.35	12.17	0.2
19940911	0.95	15.01	0.2
19940912	0.05	13.34	0.19
19940913	0.21	14.63	0.18
19940914	25.22	11.75	0.58
19940915	13.13	11.1	0.77
19940916	2.46	9.63	0.95
19940917	7.45	10.05	0.67
19940918	0.01	11.14	0.69
19940919	7.32	11.7	0.59
19940920	0.82	11.96	0.81
19940921	0.01	13.98	0.58
19940922	0.01	14.25	0.43
19940923	0.0	15.34	0.36
19940924	2.28	14.86	0.33
19940925	0.03	14.11	0.31
19940926	0.01	12.61	0.29
19940927	0.01	11.14	0.26
19940928	0.0	13.79	0.25
19940929	0.0	13.58	0.24
19940930	0.42	13.04	0.23
19941001	6.75	12.26	0.26
19941002	9.12	13.36	0.34
19941003	4.39	6.36	0.55
19941004	0.03	6.57	0.48
19941005	0.0	8.93	0.38
19941006	0.0	10.09	0.31
19941007	0.0	10.75	0.28
19941008	0.01	10.15	0.27
19941009	0.01	9.5	0.26
19941010	0.01	10.98	0.24
19941011	0.02	11.33	0.23
19941012	0.01	10.22	0.23
19941013	0.03	10.47	0.22
19941014	0.14	11.77	0.2
19941015	0.41	10.99	0.21
19941016	0.0	9.87	0.2
19941017	0.0	8.06	0.2
19941018	0.0	9.47	0.2
19941019	1.64	12.26	0.2
19941020	0.13	11.2	0.27
19941021	2.0	13.23	0.18
19941022	2.5	12.76	0.21
19941023	0.03	10.48	0.22
19941024	1.81	9.68	0.21
19941025	3.47	8.64	0.22
19941026	0.16	7.86	0.22
19941027	0.01	7.29	0.21
19941028	10.15	7.84	0.2
19941029	10.19	10.68	0.43
19941030	13.09	13.42	1.0
19941031	0.74	10.29	1.66
19941101	0.01	6.36	0.96
19941102	0.0	9.67	0.61
19941103	0.0	12.92	0.5
19941104	1.08	12.57	0.43
19941105	0.16	10.69	0.34
19941106	0.01	8.48	0.35
19941107	0.01	9.79	0.33
19941108	0.03	11.38	0.31
19941109	2.85	10.97	0.31
19941110	3.9	10.22	0.33
19941111	0.07	8.87	0.34
19941112	6.61	9.59	0.4
19941113	0.33	12.32	0.62
19941114	0.28	12.16	0.59
19941115	0.0	9.17	0.49
19941116	0.01	7.69	0.43
19941117	1.29	7.92	0.33
19941118	2.57	10.1	0.35
19941119	0.01	14.82	0.36
19941120	2.66	10.35	0.35
19941121	0.18	6.01	0.33
19941122	0.11	8.95	0.33
19941123	0.01	11.5	0.32
19941124	0.02	6.16	0.3
19941125	0.0	8.16	0.28
19941126	0.0	10.79	0.28
19941127	0.0	8.81	0.28
19941128	0.0	4.5	0.27
19941129	0.0	5.39	0.27
19941130	0.0	7.42	0.27
19941201	0.0	6.99	0.26
19941202	0.01	8.05	0.26
19941203	3.56	8.73	0.27
19941204	0.21	8.21	0.33
19941205	1.76	6.85	0.27
19941206	1.95	7.01	0.27
19941207	1.41	6.9	0.24
19941208	2.88	6.44	0.29
19941209	0.88	5.06	0.29
19941210	0.62	11.26	0.29
19941211	0.01	12.67	0.29
19941212	0.4	11.7	0.28
19941213	9.38	5.33	0.43
19941214	0.24	1.52	0.61
19941215	0.26	2.97	0.5
19941216	0.02	3.58	0.43
19941217	2.32	8.51	0.39
19941218	2.51	5.0	0.52
19941219	0.02	2.54	0.53
19941220	0.01	1.39	0.45
19941221	1.32	1.48	0.41
19941222	0.02	1.19	0.37
19941223	0.0	-0.53	0.33
19941224	0.12	-0.67	0.33
19941225	1.24	4.51	0.35
19941226	5.82	7.3	0.39
19941227	8.43	9.89	1.14
19941228	0.89	12.46	1.5
19941229	1.69	8.23	1.11
19941230	0.01	5.24	0.87
19941231	1.38	2.3	0.6
19950101	0.66	0.18	0.56
19950102	0.58	-0.51	0.44
19950103	0.02	1.05	0.34
19950104	0.0	1.73	0.38
19950105	7.08	1.32	0.62
19950106	0.0	2.42	0.99
19950107	1.05	4.12	0.77
19950108	2.7	5.53	0.85
19950109	0.09	6.22	0.88
19950110	14.35	5.35	1.42
19950111	0.4	2.55	2.0
19950112	0.42	3.65	1.24
19950113	0.22	4.18	0.95
19950114	0.46	7.08	0.81
19950115	0.03	8.32	0.7
19950116	0.16	6.33	0.64
19950117	2.56	7.2	0.63
19950118	0.0	4.32	0.56
19950119	9.03	5.05	0.64
19950120	0.07	5.03	1.13
19950121	8.6	4.87	1.33
19950122	6.47	4.28	2.07
19950123	0.04	5.27	1.98
19950124	0.03	4.01	1.27
19950125	15.5	6.94	1.36
19950126	2.26	1.68	2.9
19950127	10.27	4.16	2.71
19950128	0.94	7.59	2.86
19950129	2.47	4.72	1.89
19950130	3.39	2.57	1.48
19950131	7.02	9.19	1.46
19950201	3.63	4.46	2.72
19950202	0.02	4.24	1.99
19950203	0.03	7.34	1.4
19950204	0.02	5.7	1.13
19950205	0.19	7.74	0.98
19950206	0.0	9.29	0.89
19950207	9.68	6.57	0.85
19950208	0.32	1.47	1.57
19950209	0.97	2.34	1.31
19950210	6.3	6.07	1.46
19950211	3.56	8.25	1.76
19950212	0.11	7.95	1.53
19950213	4.27	7.45	1.26
19950214	0.42	7.96	1.23
19950215	2.73	7.98	1.14
19950216	3.78	6.64	1.08
19950217	0.31	5.39	1.03
19950218	2.91	6.35	0.87
19950219	2.16	6.31	1.04
19950220	5.54	6.63	1.32
19950221	0.69	4.85	1.59
19950222	5.18	5.19	1.33
19950223	0.7	4.65	1.32
19950224	10.37	4.04	1.13
19950225	1.01	3.19	2.21
19950226	1.03	1.91	1.66
19950227	1.66	6.29	1.34
19950228	1.25	9.74	1.18
19950301	1.0	4.7	1.07
19950302	16.03	3.24	1.2
19950303	0.44	0.21	2.77
19950304	3.11	2.73	2.14
19950305	0.45	4.2	1.69
19950306	0.21	3.36	1.27
19950307	10.23	3.3	1.73
19950308	0.63	2.95	1.76
19950309	0.0	6.5	1.27
19950310	0.0	7.36	1.02
19950311	1.59	9.73	0.91
19950312	0.01	6.22	0.8
19950313	0.01	3.6	0.75
19950314	4.11	4.68	0.78
19950315	1.0	4.0	0.8
19950316	0.33	7.22	0.7
19950317	1.47	7.61	0.68
19950318	0.44	6.34	0.6
19950319	0.19	4.63	0.55
19950320	0.01	3.57	0.5
19950321	0.0	4.15	0.47
19950322	0.0	5.67	0.42
19950323	0.0	10.56	0.45
19950324	0.73	10.87	0.45
19950325	1.88	9.03	0.46
19950326	3.62	6.4	0.48
19950327	3.45	1.88	0.56
19950328	7.12	1.57	0.84
19950329	0.51	3.07	0.78
19950330	0.27	8.62	0.55
19950331	0.0	12.46	0.56
19950401	0.0	13.08	0.53
19950402	0.0	13.51	0.49
19950403	0.0	9.89	0.48
19950404	0.0	8.91	0.46
19950405	0.0	12.1	0.43
19950406	0.0	12.96	0.42
19950407	0.0	9.33	0.4
19950408	0.0	5.38	0.38
19950409	0.14	10.1	0.38
19950410	0.0	9.11	0.38
19950411	0.0	10.98	0.37
19950412	0.0	8.2	0.36
19950413	0.0	8.23	0.35
19950414	0.0	10.97	0.35
19950415	0.1	7.35	0.34
19950416	0.01	8.96	0.36
19950417	3.92	8.15	0.31
19950418	2.09	2.9	0.37
19950419	0.08	3.58	0.35
19950420	0.19	3.81	0.34
19950421	5.28	8.88	0.3
19950422	4.61	9.24	0.4
19950423	0.79	11.16	0.37
19950424	0.57	10.15	0.35
19950425	1.29	11.66	0.37
19950426	0.01	7.24	0.3
19950427	0.0	7.2	0.3
19950428	0.0	6.19	0.3
19950429	0.0	7.6	0.3
19950430	0.0	9.06	0.29
19950501	0.0	11.04	0.28
19950502	0.0	13.37	0.27
19950503	0.0	14.25	0.26
19950504	0.0	15.56	0.23
19950505	0.0	17.1	0.22
19950506	0.0	16.36	0.24
19950507	2.12	16.94	0.23
19950508	0.05	9.97	0.24
19950509	0.12	8.98	0.24
19950510	0.77	7.62	0.26
19950511	0.02	7.06	0.24
19950512	0.26	7.3	0.22
19950513	0.02	5.36	0.25
19950514	0.0	7.58	0.23
19950515	0.01	10.28	0.2
19950516	9.54	10.54	0.26
19950517	4.63	7.28	0.29
19950518	1.2	8.23	0.28
19950519	0.11	10.02	0.25
19950520	1.36	10.4	0.23
19950521	0.0	9.5	0.24
19950522	0.0	11.08	0.19
19950523	0.0	14.04	0.22
19950524	1.62	15.69	0.2
19950525	0.0	14.0	0.19
19950526	0.05	14.98	0.22
19950527	0.32	16.96	0.19
19950528	0.19	14.99	0.18
19950529	0.02	14.13	0.18
19950530	2.88	13.17	0.22
19950531	0.14	12.52	0.19
19950601	0.01	11.98	0.17
19950602	0.02	12.75	0.18
19950603	4.82	13.14	0.22
19950604	6.73	13.96	0.26
19950605	0.02	13.35	0.22
19950606	0.91	13.9	0.21
19950607	0.89	10.68	0.2
19950608	8.67	10.66	0.2
19950609	4.94	9.66	0.27
19950610	0.52	10.28	0.27
19950611	0.95	10.76	0.25
19950612	3.66	10.38	0.24
19950613	0.49	10.18	0.25
19950614	0.63	10.8	0.25
19950615	1.27	10.85	0.25
19950616	0.45	13.54	0.25
19950617	0.34	14.48	0.24
19950618	0.0	14.38	0.23
19950619	0.0	19.0	0.2
19950620	0.0	19.2	0.19
19950621	0.0	12.59	0.18
19950622	0.0	14.05	0.17
19950623	0.02	12.97	0.18
19950624	0.0	12.48	0.17
19950625	0.0	14.1	0.17
19950626	0.0	15.4	0.16
19950627	0.0	15.68	0.16
19950628	0.0	16.66	0.14
19950629	0.0	16.71	0.15
19950630	0.0	20.69	0.15
19950701	0.0	13.48	0.14
19950702	6.13	14.5	0.15
19950703	0.0	12.97	0.15
19950704	0.0	14.7	0.15
19950705	0.0	17.4	0.14
19950706	0.0	19.38	0.13
19950707	0.0	19.67	0.13
19950708	0.0	18.72	0.12
19950709	0.0	18.06	0.12
19950710	21.72	21.16	0.14
19950711	0.98	20.87	0.29
19950712	0.1	20.39	0.22
19950713	7.68	20.26	0.19
19950714	2.59	18.82	0.19
19950715	1.46	17.5	0.19
19950716	3.55	18.81	0.19
19950717	2.09	18.28	0.19
19950718	0.1	21.45	0.19
19950719	0.0	22.86	0.18
19950720	0.0	22.16	0.17
19950721	0.05	18.51	0.16
19950722	0.0	15.59	0.15
19950723	0.0	17.68	0.14
19950724	0.0	18.46	0.14
19950725	0.0	20.04	0.13
19950726	0.67	20.63	0.13
19950727	0.0	20.74	0.13
19950728	0.01	21.92	0.13
19950729	0.01	21.94	0.13
19950730	0.0	22.18	0.12
19950731	0.0	23.01	0.12
19950801	0.0	22.98	0.11
19950802	0.0	21.72	0.11
19950803	0.0	21.06	0.1
19950804	0.0	16.72	0.1
19950805	0.0	17.18	0.1
19950806	0.01	19.06	0.1
19950807	0.0	17.01	0.1
19950808	0.0	14.6	0.1
19950809	0.0	16.24	0.1
19950810	0.0	18.96	0.1
19950811	0.0	21.03	0.1
19950812	0.0	23.39	0.1
19950813	0.0	17.83	0.1
19950814	0.0	17.35	0.1
19950815	0.0	19.53	0.1
19950816	0.0	20.14	0.09
19950817	0.0	20.56	0.09
19950818	0.0	20.95	0.09
19950819	0.0	20.69	0.09
19950820	0.01	18.99	0.1
19950821	0.0	20.17	0.1
19950822	0.0	20.43	0.1
19950823	0.73	17.53	0.09
19950824	0.01	19.73	0.09
19950825	0.0	19.59	0.09
19950826	1.25	16.16	0.09
19950827	7.1	14.32	0.09
19950828	1.28	12.94	0.1
19950829	0.01	12.83	0.1
19950830	2.6	16.89	0.1
19950831	2.19	14.75	0.11
19950901	1.01	15.51	0.13
19950902	8.71	11.7	0.16
19950903	0.13	13.53	0.17
19950904	1.3	14.63	0.14
19950905	0.25	14.52	0.13
19950906	5.3	16.62	0.13
19950907	7.87	16.09	0.16
19950908	6.5	15.89	0.17
19950909	0.0	15.36	0.17
19950910	7.2	17.24	0.15
19950911	0.08	12.71	0.15
19950912	0.37	13.6	0.15
19950913	0.22	13.36	0.14
19950914	0.9	15.67	0.14
19950915	19.34	13.85	0.28
19950916	10.37	15.44	0.23
19950917	4.5	15.86	0.33
19950918	4.14	17.86	0.46
19950919	0.0	13.94	0.26
19950920	0.09	13.61	0.24
19950921	0.0	14.94	0.21
19950922	0.38	14.14	0.18
19950923	2.55	14.08	0.17
19950924	4.4	10.22	0.17
19950925	1.93	13.13	0.17
19950926	3.35	12.33	0.17
19950927	0.21	9.32	0.17
19950928	0.01	9.24	0.16
19950929	0.0	10.31	0.15
19950930	2.61	12.86	0.15
19951001	0.1	13.53	0.15
19951002	0.0	14.92	0.14
19951003	0.11	15.54	0.14
19951004	1.38	13.79	0.14
19951005	0.0	14.09	0.14
19951006	1.78	15.23	0.13
19951007	1.41	16.03	0.14
19951008	0.02	18.09	0.15
19951009	0.01	17.01	0.14
19951010	0.0	14.04	0.16
19951011	0.0	15.55	0.14
19951012	0.01	15.74	0.14
19951013	0.02	14.36	0.14
19951014	0.02	14.76	0.14
19951015	0.02	14.99	0.14
19951016	0.0	14.84	0.14
19951017	0.0	13.36	0.14
19951018	0.0	10.79	0.14
19951019	0.0	11.67	0.16
19951020	0.05	8.11	0.14
19951021	0.01	9.54	0.14
19951022	0.0	9.94	0.14
19951023	0.0	12.74	0.14
19951024	0.08	14.19	0.13
19951025	0.0	13.42	0.15
19951026	3.47	14.51	0.13
19951027	0.09	8.0	0.14
19951028	0.0	6.39	0.14
19951029	0.0	7.06	0.14
19951030	0.0	8.7	0.14
19951031	0.09	10.44	0.14
19951101	1.37	8.25	0.14
19951102	0.02	6.55	0.14
19951103	0.04	6.36	0.14
19951104	0.0	3.98	0.13
19951105	0.0	3.05	0.13
19951106	0.0	5.13	0.13
19951107	0.0	9.32	0.16
19951108	0.01	10.95	0.14
19951109	9.07	9.78	0.15
19951110	0.13	9.96	0.16
19951111	0.33	11.42	0.16
19951112	0.0	11.23	0.15
19951113	1.64	9.38	0.14
19951114	3.27	9.28	0.15
19951115	0.08	10.45	0.17
19951116	4.71	5.19	0.22
19951117	6.83	2.44	0.19
19951118	0.03	3.39	0.19
19951119	0.02	5.29	0.21
19951120	0.0	6.37	0.17
19951121	1.78	6.71	0.17
19951122	0.02	6.86	0.16
19951123	0.0	8.77	0.16
19951124	0.1	10.27	0.15
19951125	0.42	9.92	0.15
19951126	4.01	8.21	0.17
19951127	0.13	7.82	0.17
19951128	0.01	7.77	0.17
19951129	0.0	7.85	0.16
19951130	0.0	6.22	0.16
19951201	0.28	7.14	0.16
19951202	0.04	8.86	0.2
19951203	0.77	6.41	0.15
19951204	3.2	2.61	0.15
19951205	1.05	-0.36	0.16
19951206	1.6	-0.53	0.16
19951207	1.96	-1.11	0.17
19951208	0.0	-0.76	0.16
19951209	0.0	-0.61	0.16
19951210	0.0	-1.09	0.15
19951211	0.77	1.64	0.16
19951212	2.8	5.35	0.17
19951213	3.53	5.09	0.21
19951214	0.02	3.28	0.24
19951215	0.0	2.67	0.18
19951216	0.0	3.19	0.18
19951217	1.93	3.45	0.18
19951218	0.68	3.73	0.18
19951219	13.97	3.54	0.2
19951220	0.04	1.27	0.41
19951221	13.43	5.64	0.33
19951222	7.66	8.63	0.82
19951223	1.83	2.64	0.81
19951224	0.09	0.91	0.54
19951225	0.02	-0.57	0.38
19951226	2.9	-1.13	0.33
19951227	0.0	-5.03	0.29
19951228	0.0	-5.79	0.19
19951229	0.0	-2.71	0.23
19951230	5.51	0.09	0.22
19951231	4.32	2.25	0.47
19960101	0.24	3.4	0.55
19960102	0.02	3.76	0.5
19960103	0.01	3.33	0.39
19960104	3.81	3.57	0.37
19960105	2.3	4.14	0.35
19960106	1.18	5.68	0.43
19960107	0.03	7.97	0.46
19960108	2.99	8.01	0.34
19960109	0.77	7.25	0.36
19960110	0.83	6.67	0.37
19960111	1.51	7.85	0.36
19960112	0.02	9.01	0.35
19960113	0.0	8.44	0.32
19960114	0.02	6.44	0.29
19960115	0.08	4.69	0.27
19960116	0.12	5.1	0.24
19960117	0.15	4.08	0.25
19960118	0.04	3.07	0.25
19960119	0.02	3.22	0.24
19960120	0.0	1.67	0.23
19960121	0.0	1.72	0.22
19960122	0.0	2.86	0.21
19960123	0.1	0.53	0.2
19960124	0.0	-0.59	0.2
19960125	0.0	-2.82	0.18
19960126	3.69	-3.36	0.17
19960127	0.23	-1.42	0.18
19960128	0.0	-0.49	0.18
19960129	0.0	-0.17	0.18
19960130	0.0	-0.47	0.18
19960131	0.0	-0.35	0.18
19960201	0.01	-0.59	0.18
19960202	0.11	-0.54	0.18
19960203	0.32	0.11	0.18
19960204	0.03	-0.57	0.18
19960205	0.01	0.16	0.18
19960206	0.0	-1.04	0.18
19960207	0.0	-1.19	0.18
19960208	0.05	0.47	0.17
19960209	5.99	3.63	0.18
19960210	0.8	5.91	0.21
19960211	12.35	4.59	0.23
19960212	3.53	3.1	0.83
19960213	0.06	1.36	0.64
19960214	0.0	0.97	0.46
19960215	0.18	4.63	0.38
19960216	0.0	7.68	0.35
19960217	4.27	5.45	0.32
19960218	3.12	2.92	0.37
19960219	2.59	-0.84	0.32
19960220	0.21	-1.47	0.28
19960221	0.52	-1.51	0.29
19960222	1.1	-0.04	0.3
19960223	0.89	3.39	0.34
19960224	2.02	5.93	0.58
19960225	7.65	3.32	0.94
19960226	0.02	2.54	0.96
19960227	0.02	3.05	0.6
19960228	0.02	1.1	0.46
19960229	0.14	4.94	0.39
19960301	1.13	4.08	0.36
19960302	4.48	4.35	0.39
19960303	0.96	3.91	0.42
19960304	1.23	4.6	0.42
19960305	0.45	4.82	0.41
19960306	0.03	4.63	0.39
19960307	0.0	2.16	0.37
19960308	0.11	3.59	0.34
19960309	0.73	3.75	0.27
19960310	0.0	1.16	0.3
19960311	0.01	1.27	0.26
19960312	0.0	0.33	0.27
19960313	0.0	0.2	0.25
19960314	0.0	1.83	0.25
19960315	0.0	4.79	0.24
19960316	0.0	2.81	0.23
19960317	0.0	2.44	0.22
19960318	0.0	4.11	0.22
19960319	0.0	3.07	0.22
19960320	0.19	3.97	0.22
19960321	3.24	6.07	0.22
19960322	1.43	6.99	0.23
19960323	0.03	6.84	0.23
19960324	0.0	4.58	0.21
19960325	0.0	4.99	0.21
19960326	0.0	1.69	0.21
19960327	0.0	2.1	0.2
19960328	0.68	3.35	0.2
19960329	0.59	3.03	0.2
19960330	0.01	3.46	0.19
19960331	0.1	2.12	0.19
19960401	0.02	1.64	0.18
19960402	0.6	1.52	0.21
19960403	0.02	1.49	0.18
19960404	0.01	4.3	0.17
19960405	0.01	5.67	0.16
19960406	0.06	5.64	0.16
19960407	0.01	5.02	0.17
19960408	0.01	11.83	0.21
19960409	0.02	10.8	0.16
19960410	1.17	9.4	0.16
19960411	0.3	6.93	0.2
19960412	0.0	2.86	0.15
19960413	0.01	4.44	0.16
19960414	0.01	5.72	0.15
19960415	0.12	11.43	0.15
19960416	0.36	11.7	0.17
19960417	0.0	9.79	0.18
19960418	0.25	11.4	0.16
19960419	0.0	10.31	0.21
19960420	0.0	14.46	0.16
19960421	0.0	14.65	0.17
19960422	0.15	10.85	0.16
19960423	0.1	9.67	0.15
19960424	0.02	10.55	0.15
19960425	0.0	12.56	0.15
19960426	0.0	12.62	0.14
19960427	0.23	12.47	0.14
19960428	0.0	6.24	0.14
19960429	0.01	7.43	0.14
19960430	1.27	8.78	0.13
19960501	1.71	7.24	0.15
19960502	0.01	6.91	0.16
19960503	0.12	4.58	0.13
19960504	0.07	4.17	0.13
19960505	0.0	5.58	0.12
19960506	0.0	7.47	0.12
19960507	0.0	5.83	0.12
19960508	0.0	6.47	0.12
19960509	0.0	6.88	0.12
19960510	0.72	5.37	0.13
19960511	0.0	5.4	0.13
19960512	0.0	6.76	0.13
19960513	0.0	7.62	0.12
19960514	0.01	8.05	0.13
19960515	0.01	6.94	0.12
19960516	4.18	6.96	0.12
19960517	0.3	6.14	0.14
19960518	2.7	8.18	0.14
19960519	0.0	8.99	0.14
19960520	0.32	9.98	0.13
19960521	0.08	10.33	0.12
19960522	2.77	12.6	0.13
19960523	1.96	14.79	0.13
19960524	8.02	10.99	0.16
19960525	0.05	12.39	0.16
19960526	1.41	13.13	0.14
19960527	0.09	7.85	0.14
19960528	0.04	14.25	0.13
19960529	0.02	16.93	0.13
19960530	0.0	18.19	0.12
19960531	0.0	13.61	0.11
19960601	0.28	11.19	0.1
19960602	0.32	13.17	0.1
19960603	0.0	16.07	0.1
19960604	0.0	16.15	0.1
19960605	0.0	18.96	0.1
19960606	0.0	20.39	0.1
19960607	3.71	22.81	0.09
19960608	0.39	15.79	0.1
19960609	0.0	15.97	0.1
19960610	0.14	17.91	0.1
19960611	0.05	17.94	0.1
19960612	0.0	12.84	0.1
19960613	0.0	11.48	0.1
19960614	0.0	11.21	0.1
19960615	0.0	13.02	0.1
19960616	0.0	14.88	0.1
19960617	0.0	18.42	0.1
19960618	0.0	13.56	0.32
19960619	0.0	10.67	0.11
19960620	0.01	9.9	0.11
19960621	0.07	10.83	0.1
19960622	0.0	9.82	0.11
19960623	0.0	11.35	0.1
19960624	0.0	13.36	0.1
19960625	0.0	14.56	0.1
19960626	1.94	17.84	0.1
19960627	0.02	15.72	0.11
19960628	2.31	14.36	0.12
19960629	0.28	11.91	0.11
19960630	0.01	15.82	0.11
19960701	5.33	12.89	0.12
19960702	0.03	14.04	0.12
19960703	2.63	12.93	0.09
19960704	1.81	15.09	0.1
19960705	6.59	13.65	0.1
19960706	3.1	11.76	0.11
19960707	0.09	14.16	0.1
19960708	0.0	13.61	0.09
19960709	0.04	15.95	0.09
19960710	0.0	18.52	0.08
19960711	0.05	19.47	0.08
19960712	0.04	19.36	0.08
19960713	0.0	22.19	0.08
19960714	0.0	18.36	0.07
19960715	0.0	14.8	0.07
19960716	0.0	12.67	0.07
19960717	0.0	13.44	0.07
19960718	0.0	15.08	0.06
19960719	0.0	15.35	0.06
19960720	0.0	18.61	0.06
19960721	0.0	19.46	0.06
19960722	0.22	22.6	0.06
19960723	8.9	19.16	0.07
19960724	0.83	15.17	0.08
19960725	0.0	16.69	0.07
19960726	13.25	19.68	0.08
19960727	0.0	16.95	0.11
19960728	3.87	18.86	0.09
19960729	7.96	18.24	0.13
19960730	0.14	18.55	0.14
19960731	0.0	16.95	0.1
19960801	0.01	15.82	0.08
19960802	0.0	14.58	0.08
19960803	0.0	13.96	0.07
19960804	0.0	17.14	0.07
19960805	0.0	19.28	0.07
19960806	0.14	18.62	0.07
19960807	0.0	13.69	0.06
19960808	0.0	18.06	0.07
19960809	1.21	19.65	0.06
19960810	0.81	17.2	0.07
19960811	5.52	17.79	0.06
19960812	0.06	17.09	0.07
19960813	0.64	15.51	0.07
19960814	0.0	16.33	0.06
19960815	0.0	16.85	0.06
19960816	0.0	18.89	0.06
19960817	0.0	20.16	0.06
19960818	0.0	20.79	0.05
19960819	0.0	20.57	0.06
19960820	0.27	22.42	0.06
19960821	0.0	17.71	0.06
19960822	9.92	19.43	0.06
19960823	2.15	16.84	0.1
19960824	2.65	17.06	0.08
19960825	1.51	15.05	0.08
19960826	0.06	16.01	0.07
19960827	3.01	15.0	0.07
19960828	33.1	16.37	0.11
19960829	34.12	13.05	0.61
19960830	0.15	12.94	0.53
19960831	0.01	11.41	0.25
19960901	0.0	15.96	0.21
19960902	1.94	16.73	0.16
19960903	0.01	16.98	0.13
19960904	0.0	15.31	0.12
19960905	0.0	14.99	0.11
19960906	0.0	14.86	0.1
19960907	0.01	15.1	0.1
19960908	0.77	15.4	0.09
19960909	0.36	14.36	0.09
19960910	2.28	12.75	0.1
19960911	1.16	14.26	0.1
19960912	3.59	11.86	0.1
19960913	0.09	11.62	0.1
19960914	0.01	11.35	0.09
19960915	0.0	14.29	0.09
19960916	0.0	14.53	0.09
19960917	0.0	13.84	0.09
19960918	0.08	13.06	0.08
19960919	0.01	13.18	0.08
19960920	0.25	12.48	0.08
19960921	0.11	12.23	0.08
19960922	0.45	12.46	0.09
19960923	0.06	10.75	0.09
19960924	0.0	14.01	0.09
19960925	0.01	13.49	0.09
19960926	1.24	15.85	0.08
19960927	0.01	13.55	0.09
19960928	3.44	15.59	0.08
19960929	5.74	14.83	0.1
