date	precipitation	temperature	discharge_spec
19960930	0.22	9.81	0.41
19961001	0.99	8.95	0.23
19961002	0.01	11.9	0.18
19961003	9.08	10.8	0.22
19961004	7.26	9.12	0.51
19961005	0.98	10.38	0.37
19961006	0.31	11.84	0.28
19961007	1.73	12.21	0.25
19961008	1.87	9.0	0.23
19961009	0.95	9.85	0.26
19961010	0.11	8.83	0.26
19961011	0.0	11.57	0.21
19961012	0.0	13.0	0.2
19961013	0.0	14.57	0.21
19961014	6.48	12.49	0.23
19961015	1.72	8.32	0.27
19961016	2.34	8.04	0.27
19961017	8.75	9.68	0.26
19961018	2.46	11.01	0.47
19961019	2.28	12.07	0.5
19961020	8.27	11.76	0.75
19961021	0.05	11.02	0.88
19961022	0.01	12.82	0.44
19961023	0.06	13.7	0.34
19961024	1.6	14.12	0.29
19961025	1.27	10.31	0.3
19961026	2.95	10.32	0.28
19961027	1.06	12.52	0.32
19961028	8.57	9.99	0.39
19961029	0.07	7.43	0.76
19961030	3.53	9.53	0.39
19961031	9.99	10.01	0.61
19961101	2.18	12.32	1.38
19961102	1.57	14.4	0.66
19961103	4.6	12.68	0.59
19961104	6.28	9.82	0.81
19961105	4.15	10.07	1.25
19961106	2.19	8.4	0.95
19961107	2.62	3.6	0.73
19961108	0.38	5.54	0.64
19961109	1.22	4.38	0.5
19961110	0.05	2.5	0.48
19961111	2.83	4.61	0.44
19961112	0.04	3.09	0.47
19961113	0.23	3.43	0.41
19961114	1.26	6.71	0.37
19961115	2.11	8.04	0.37
19961116	10.79	7.66	0.45
19961117	3.74	1.67	1.41
19961118	2.09	0.96	1.22
19961119	9.3	1.17	0.94
19961120	0.1	0.01	1.23
19961121	1.62	1.52	0.96
19961122	2.07	1.28	0.74
19961123	6.83	1.71	0.89
19961124	19.86	3.37	1.75
19961125	4.48	3.91	6.31
19961126	0.03	2.51	3.62
19961127	0.0	0.47	1.75
19961128	11.03	2.77	1.32
19961129	7.85	5.88	3.96
19961130	1.29	5.57	4.02
19961201	1.95	7.76	2.26
19961202	8.57	5.12	1.8
19961203	5.77	6.22	2.51
19961204	0.53	3.52	2.26
19961205	0.16	2.05	1.59
19961206	0.02	1.56	1.22
19961207	0.02	0.86	0.99
19961208	0.0	1.66	0.85
19961209	0.01	1.76	0.77
19961210	0.01	2.11	0.68
19961211	0.0	3.17	0.63
19961212	0.09	2.52	0.59
19961213	0.0	0.33	0.56
19961214	0.13	3.22	0.51
19961215	0.08	6.74	0.51
19961216	0.27	3.23	0.5
19961217	2.42	4.3	0.48
19961218	21.25	7.3	1.2
19961219	11.61	3.64	5.28
19961220	0.12	1.93	3.92
19961221	0.02	0.84	2.03
19961222	0.05	2.0	1.34
19961223	0.02	1.68	1.05
19961224	0.01	0.81	0.87
19961225	0.0	-0.39	0.74
19961226	1.22	-0.23	0.65
19961227	0.13	1.08	0.63
19961228	0.02	-0.87	0.58
19961229	1.44	0.29	0.53
19961230	0.73	-0.18	0.54
19961231	1.2	-1.93	0.51
19970101	0.04	-2.63	0.48
19970102	0.05	-1.94	0.45
19970103	0.0	-1.02	0.44
19970104	0.01	-0.43	0.43
19970105	0.06	0.81	0.43
19970106	0.06	-0.41	0.43
19970107	0.0	-1.97	0.44
19970108	0.01	-0.85	0.39
19970109	0.02	0.79	0.38
19970110	0.97	0.01	0.37
19970111	0.32	4.69	0.39
19970112	0.0	8.0	0.6
19970113	0.09	5.65	0.8
19970114	0.0	3.72	0.56
19970115	0.04	1.55	0.46
19970116	0.01	2.77	0.43
19970117	0.0	5.32	0.43
19970118	0.12	4.96	0.43
19970119	0.77	2.22	0.43
19970120	0.01	1.45	0.41
19970121	3.74	0.36	0.37
19970122	0.54	1.29	0.48
19970123	0.22	2.88	0.45
19970124	0.23	4.52	0.44
19970125	0.01	4.93	0.44
19970126	0.08	4.84	0.42
19970127	0.39	4.33	0.4
19970128	0.04	2.45	0.37
19970129	0.0	3.07	0.35
19970130	0.0	2.8	0.34
19970131	0.0	3.74	0.34
19970201	1.62	3.3	0.34
19970202	0.09	2.49	0.37
19970203	4.46	4.49	0.39
19970204	0.32	5.72	0.5
19970205	0.07	5.36	0.52
19970206	5.82	8.16	0.43
19970207	0.01	4.17	0.67
19970208	0.25	5.02	0.61
19970209	1.16	8.71	0.53
19970210	1.34	5.97	0.53
19970211	6.46	8.11	0.59
19970212	10.71	7.09	1.23
19970213	1.35	2.82	2.3
19970214	0.04	3.34	1.52
19970215	0.08	5.44	0.96
19970216	1.0	6.29	0.79
19970217	6.77	6.22	0.76
19970218	0.84	3.91	1.19
19970219	6.89	7.02	1.28
19970220	3.53	8.38	1.79
19970221	0.19	8.42	1.51
19970222	0.09	8.89	1.11
19970223	4.26	7.91	1.01
19970224	10.03	5.45	1.35
19970225	5.59	6.86	2.09
19970226	6.96	4.36	2.47
19970227	2.68	7.26	2.39
19970228	0.18	7.9	1.69
19970301	5.28	7.97	1.33
19970302	0.0	4.97	1.54
19970303	1.28	4.92	1.12
19970304	0.26	5.88	0.98
19970305	4.09	4.79	0.95
19970306	0.06	6.5	1.09
19970307	0.0	6.99	0.87
19970308	0.0	6.93	0.76
19970309	1.26	6.62	0.73
19970310	0.01	6.69	0.7
19970311	0.0	10.49	0.63
19970312	0.0	9.61	0.59
19970313	1.81	10.19	0.57
19970314	1.83	9.63	0.57
19970315	0.48	10.16	0.66
19970316	0.18	10.53	0.72
19970317	0.96	11.09	0.59
19970318	5.81	8.14	0.7
19970319	0.02	6.27	0.92
19970320	2.36	5.48	0.77
19970321	0.01	6.15	0.87
19970322	5.73	9.16	0.69
19970323	2.64	7.31	1.05
19970324	0.65	7.28	1.02
19970325	0.02	9.48	0.88
19970326	0.07	9.73	0.76
19970327	3.7	7.97	0.68
19970328	0.04	6.56	0.73
19970329	0.0	7.12	0.64
19970330	0.0	5.42	0.57
19970331	0.0	8.01	0.53
19970401	0.0	10.33	0.51
19970402	0.81	9.42	0.47
19970403	0.59	5.06	0.45
19970404	0.09	7.85	0.42
19970405	0.49	9.15	0.41
19970406	0.0	9.58	0.42
19970407	0.0	7.56	0.39
19970408	0.0	9.11	0.36
19970409	0.0	10.01	0.35
19970410	0.0	9.8	0.34
19970411	0.0	5.35	0.33
19970412	0.0	7.39	0.32
19970413	0.06	8.83	0.33
19970414	1.07	9.76	0.34
19970415	0.0	7.35	0.32
19970416	0.0	10.53	0.29
19970417	0.0	8.25	0.28
19970418	0.0	7.51	0.29
19970419	0.0	3.95	0.29
19970420	0.0	3.36	0.29
19970421	2.0	5.85	0.3
19970422	0.01	6.91	0.3
19970423	0.02	10.56	0.27
19970424	4.51	9.21	0.26
19970425	6.91	6.82	0.45
19970426	1.64	9.23	0.5
19970427	2.09	13.52	0.44
19970428	11.57	11.25	0.6
19970429	0.12	8.58	1.32
19970430	0.0	12.72	0.52
19970501	0.0	14.75	0.39
19970502	0.0	15.87	0.32
19970503	3.49	16.64	0.3
19970504	5.99	13.3	0.32
19970505	18.81	7.33	0.72
19970506	7.16	4.15	1.87
19970507	16.95	4.85	1.09
19970508	1.86	4.94	3.1
19970509	0.3	7.9	1.61
19970510	4.18	8.99	1.02
19970511	2.53	9.18	0.96
19970512	0.85	10.02	0.8
19970513	1.99	9.71	0.71
19970514	0.0	11.0	0.58
19970515	0.0	12.91	0.47
19970516	3.37	13.0	0.43
19970517	5.95	14.95	0.44
19970518	0.64	14.98	0.65
19970519	10.83	13.03	0.75
19970520	8.03	12.96	1.09
19970521	0.01	8.57	1.2
19970522	0.06	8.49	0.76
19970523	0.0	7.11	0.56
19970524	0.0	7.79	0.47
19970525	0.0	10.76	0.43
19970526	0.0	13.94	0.4
19970527	0.0	11.46	0.38
19970528	0.0	10.71	0.35
19970529	0.0	15.25	0.32
19970530	0.17	17.07	0.31
19970531	0.0	15.65	0.28
19970601	0.0	12.9	0.26
19970602	0.0	13.33	0.25
19970603	0.0	13.72	0.24
19970604	0.0	15.24	0.22
19970605	0.1	17.64	0.22
19970606	2.48	17.35	0.22
19970607	1.08	17.24	0.25
19970608	1.69	13.72	0.23
19970609	0.46	15.04	0.23
19970610	10.92	17.17	0.23
19970611	20.04	16.43	0.44
19970612	3.09	15.81	1.17
19970613	8.21	13.45	0.85
19970614	5.89	11.0	0.89
19970615	1.23	9.34	0.78
19970616	0.0	11.8	0.64
19970617	0.05	13.23	0.44
19970618	0.97	14.5	0.36
19970619	6.22	11.14	0.42
19970620	11.34	11.29	0.52
19970621	15.4	11.0	1.95
19970622	11.34	13.39	2.81
19970623	0.14	11.76	3.02
19970624	5.37	12.34	1.58
19970625	14.81	10.84	1.56
19970626	4.85	9.77	3.96
19970627	2.02	11.72	2.85
19970628	4.29	12.33	1.89
19970629	0.05	12.19	1.75
19970630	5.84	11.45	1.28
19970701	0.94	10.91	1.32
19970702	1.72	12.83	1.08
19970703	3.27	12.35	0.94
19970704	0.06	13.34	1.03
19970705	0.16	15.07	0.76
19970706	0.0	16.95	0.65
19970707	0.0	17.68	0.59
19970708	0.0	18.57	0.51
19970709	0.04	19.7	0.49
19970710	0.0	15.84	0.43
19970711	0.0	17.7	0.39
19970712	2.59	18.18	0.37
19970713	0.45	16.25	0.42
19970714	4.5	16.38	0.39
19970715	0.97	17.48	0.42
19970716	13.0	15.3	0.38
19970717	0.5	14.02	0.61
19970718	0.0	14.85	0.45
19970719	0.0	17.58	0.34
19970720	0.17	17.6	0.3
19970721	0.0	17.17	0.34
19970722	0.0	17.75	0.27
19970723	2.85	19.03	0.26
19970724	11.62	16.54	0.44
19970725	0.28	15.94	0.75
19970726	4.93	15.81	0.43
19970727	0.09	16.37	0.41
19970728	0.0	16.15	0.34
19970729	4.8	18.32	0.31
19970730	0.78	15.72	0.32
19970731	10.57	14.66	0.32
19970801	2.7	14.8	0.87
19970802	0.01	14.88	0.7
19970803	0.01	14.7	0.41
19970804	0.02	16.7	0.35
19970805	0.0	16.81	0.3
19970806	0.0	19.8	0.26
19970807	0.0	20.35	0.24
19970808	0.0	21.84	0.21
19970809	0.0	19.8	0.21
19970810	0.08	23.28	0.2
19970811	0.07	20.77	0.2
19970812	0.32	21.71	0.2
19970813	3.49	16.71	0.21
19970814	0.01	18.06	0.24
19970815	0.0	19.14	0.19
19970816	0.01	21.37	0.17
19970817	0.99	19.8	0.16
19970818	0.01	20.36	0.2
19970819	0.84	22.69	0.17
19970820	0.41	20.9	0.17
19970821	9.97	17.47	0.22
19970822	3.76	18.39	0.36
19970823	6.85	19.08	0.27
19970824	5.21	15.12	0.59
19970825	0.03	15.27	0.55
19970826	0.9	16.59	0.32
19970827	2.18	14.39	0.3
19970828	15.0	15.55	0.38
19970829	5.5	14.6	1.04
19970830	5.71	14.89	0.61
19970831	13.71	16.05	1.77
19970901	0.02	13.62	1.69
19970902	2.19	16.34	0.74
19970903	4.01	13.1	0.59
19970904	0.01	14.77	0.63
19970905	0.07	14.0	0.42
19970906	3.85	14.28	0.37
19970907	0.25	14.04	0.5
19970908	0.0	14.32	0.47
19970909	0.0	11.93	0.36
19970910	0.0	14.12	0.33
19970911	4.77	13.72	0.34
19970912	1.82	10.43	0.42
19970913	2.75	10.1	0.35
19970914	0.1	13.31	0.36
19970915	0.28	14.6	0.32
19970916	0.56	13.03	0.31
19970917	0.01	14.98	0.29
19970918	0.88	14.7	0.27
19970919	0.02	11.66	0.25
19970920	0.0	11.92	0.25
19970921	0.0	11.25	0.24
19970922	0.0	11.46	0.24
19970923	0.01	11.0	0.23
19970924	0.0	14.25	0.23
19970925	0.0	13.12	0.23
19970926	0.0	13.22	0.24
19970927	0.0	11.68	0.22
19970928	2.33	14.77	0.23
19970929	0.83	13.87	0.26
19970930	4.48	14.87	0.27
19971001	1.07	13.49	0.27
19971002	0.19	11.62	0.36
19971003	0.06	14.11	0.29
19971004	0.02	14.05	0.27
19971005	0.34	14.36	0.27
19971006	7.18	12.55	0.31
19971007	5.03	10.89	0.54
19971008	27.32	12.21	0.76
19971009	1.77	12.66	2.97
19971010	1.0	10.8	1.11
19971011	3.27	7.88	0.74
19971012	2.1	6.99	0.64
19971013	0.03	5.21	0.56
19971014	10.95	8.34	0.58
19971015	3.51	10.69	1.74
19971016	1.64	13.39	1.35
19971017	0.02	12.69	1.12
19971018	0.0	14.0	0.77
19971019	0.12	13.44	0.64
19971020	0.0	7.94	0.54
19971021	0.0	5.89	0.44
19971022	0.0	4.98	0.42
19971023	0.0	4.79	0.39
19971024	0.0	4.09	0.36
19971025	0.0	4.96	0.35
19971026	0.0	5.11	0.35
19971027	0.0	5.97	0.35
19971028	0.0	2.42	0.31
19971029	0.28	4.88	0.3
19971030	0.67	5.19	0.29
19971031	0.04	8.13	0.29
19971101	0.95	9.73	0.29
19971102	0.27	9.75	0.3
19971103	0.12	7.59	0.29
19971104	3.08	9.17	0.29
19971105	1.63	10.66	0.34
19971106	0.79	7.9	0.35
19971107	8.12	7.05	0.34
19971108	4.43	7.3	0.7
19971109	1.23	5.98	0.75
19971110	5.77	6.54	0.62
19971111	0.21	6.59	0.78
19971112	0.55	6.49	0.53
19971113	0.36	4.4	0.45
19971114	0.97	7.98	0.43
19971115	0.53	12.76	0.45
19971116	4.14	12.82	0.51
19971117	3.24	11.93	0.57
19971118	1.52	11.11	0.58
19971119	6.29	9.83	0.7
19971120	5.6	5.83	1.42
19971121	0.12	5.32	1.4
19971122	0.05	5.36	0.88
19971123	3.54	6.56	0.71
19971124	0.14	6.7	0.81
19971125	1.39	6.43	0.76
19971126	1.68	8.14	0.67
19971127	7.4	7.22	0.71
19971128	14.09	8.78	1.96
19971129	5.83	7.42	4.57
19971130	0.06	3.54	2.79
19971201	0.28	-0.51	1.62
19971202	0.05	-1.09	1.18
19971203	0.17	0.6	0.92
19971204	0.11	1.52	0.8
19971205	0.86	5.57	0.71
19971206	0.05	8.33	0.71
19971207	0.97	9.01	0.69
19971208	1.46	8.68	0.67
19971209	7.8	9.66	0.65
19971210	6.79	9.39	1.34
19971211	5.96	5.88	2.49
19971212	0.04	4.26	2.2
19971213	0.02	5.13	1.38
19971214	0.07	5.23	1.08
19971215	0.01	3.63	0.91
19971216	0.03	2.29	0.78
19971217	2.61	2.32	0.72
19971218	5.87	5.73	1.14
19971219	0.09	4.84	1.29
19971220	0.01	3.77	0.92
19971221	0.03	3.74	0.81
19971222	6.38	4.43	0.81
19971223	8.56	8.85	1.8
19971224	3.12	9.11	2.72
19971225	8.93	7.34	1.85
19971226	9.55	5.88	3.1
19971227	8.42	4.46	5.32
19971228	10.86	4.77	5.57
19971229	2.52	5.62	5.4
19971230	8.34	7.01	3.64
19971231	0.09	3.89	4.4
19980101	4.55	4.93	2.7
19980102	12.07	6.49	2.66
19980103	3.19	5.36	5.32
19980104	15.32	4.0	4.69
19980105	2.31	2.18	6.16
19980106	3.19	4.05	3.69
19980107	6.66	4.69	2.85
19980108	6.43	9.11	4.32
19980109	0.07	10.75	3.73
19980110	0.0	9.24	2.39
19980111	0.46	7.91	1.96
19980112	2.15	8.85	1.7
19980113	11.61	6.81	2.03
19980114	2.88	5.43	4.13
19980115	1.53	6.51	2.72
19980116	0.4	5.07	2.09
19980117	9.24	6.42	1.78
19980118	9.5	4.83	4.96
19980119	0.01	1.03	4.57
19980120	0.11	0.97	2.35
19980121	0.16	3.4	1.84
19980122	0.3	2.19	1.6
19980123	0.02	1.32	1.43
19980124	0.0	2.39	1.26
19980125	0.0	1.71	1.13
19980126	0.0	1.44	1.02
19980127	0.0	-0.54	0.91
19980128	0.0	0.38	0.85
19980129	0.0	3.2	0.81
19980130	0.01	3.45	0.78
19980131	0.02	0.82	0.74
19980201	0.33	0.98	0.74
19980202	0.1	1.72	0.69
19980203	0.28	2.2	0.65
19980204	0.1	5.47	0.63
19980205	0.11	6.77	0.61
19980206	4.11	4.87	0.62
19980207	0.24	4.5	0.72
19980208	0.05	7.84	0.66
19980209	0.05	9.31	0.62
19980210	0.03	9.7	0.58
19980211	0.0	11.65	0.56
19980212	0.01	11.76	0.54
19980213	0.0	11.22	0.53
19980214	0.29	11.64	0.52
19980215	0.13	11.15	0.54
19980216	0.27	6.84	0.5
19980217	0.01	8.49	0.46
19980218	0.0	6.81	0.49
19980219	0.0	9.8	0.47
19980220	2.38	9.84	0.46
19980221	1.04	6.09	0.51
19980222	2.16	6.65	0.48
19980223	1.08	8.8	0.5
19980224	0.0	8.21	0.55
19980225	0.01	7.66	0.47
19980226	2.67	8.07	0.48
19980227	7.69	5.08	0.54
19980228	3.66	2.85	0.87
19980301	0.48	5.45	0.85
19980302	6.57	8.74	0.88
19980303	23.01	7.45	2.7
19980304	5.05	4.73	7.1
19980305	15.14	5.71	3.39
19980306	18.86	7.8	11.44
19980307	4.36	7.24	9.09
19980308	0.09	2.27	4.32
19980309	0.0	4.52	2.53
19980310	5.02	6.11	2.02
19980311	0.09	3.63	2.16
19980312	3.47	4.81	1.68
19980313	0.02	7.19	1.69
19980314	0.01	8.22	1.37
19980315	0.0	8.51	1.19
19980316	0.32	8.76	1.07
19980317	0.01	8.9	0.97
19980318	0.0	6.16	0.88
19980319	0.0	7.22	0.81
19980320	0.0	8.38	0.77
19980321	0.0	5.73	0.75
19980322	0.0	7.93	0.72
19980323	1.63	6.06	0.68
19980324	11.35	6.12	0.72
19980325	6.64	8.78	2.03
19980326	0.25	10.08	2.51
19980327	0.05	11.66	1.51
19980328	0.01	12.22	1.16
19980329	5.6	12.96	1.07
19980330	0.0	9.64	1.21
19980331	0.0	10.32	0.94
19980401	1.89	7.92	0.86
19980402	10.42	7.61	0.91
19980403	6.22	9.22	2.35
19980404	7.85	9.4	2.7
19980405	2.52	8.06	2.79
19980406	0.7	7.65	2.06
19980407	3.04	7.72	1.65
19980408	5.63	6.74	1.93
19980409	4.76	3.93	1.92
19980410	7.81	2.84	3.08
19980411	0.28	2.46	2.77
19980412	0.81	2.74	1.82
19980413	4.34	3.26	1.43
19980414	16.96	3.19	2.33
19980415	0.5	3.17	4.69
19980416	0.08	5.65	2.83
19980417	0.01	5.48	1.92
19980418	0.01	5.8	1.42
19980419	6.05	7.88	1.26
19980420	1.28	6.57	1.73
19980421	5.17	9.45	1.41
19980422	8.02	12.0	1.85
19980423	4.15	9.17	2.72
19980424	1.11	11.13	2.16
19980425	0.66	10.65	1.56
19980426	1.68	7.58	1.29
19980427	2.3	8.83	1.25
19980428	0.57	8.69	1.06
19980429	0.01	11.02	0.93
19980430	0.0	7.65	0.81
19980501	0.0	8.26	0.75
19980502	0.29	10.83	0.71
19980503	0.03	8.44	0.66
19980504	0.61	10.04	0.64
19980505	6.52	9.98	0.71
19980506	0.41	12.13	0.84
19980507	0.07	12.61	0.69
19980508	3.36	15.32	0.65
19980509	0.02	12.14	0.67
19980510	4.67	11.05	0.62
19980511	0.09	10.55	0.65
19980512	0.03	13.83	0.57
19980513	0.0	17.36	0.53
19980514	0.17	15.84	0.51
19980515	0.01	15.44	0.49
19980516	0.0	13.97	0.45
19980517	0.0	13.24	0.43
19980518	0.0	15.11	0.41
19980519	0.0	16.14	0.37
19980520	0.15	16.3	0.37
19980521	0.0	12.34	0.37
19980522	0.49	13.09	0.36
19980523	0.8	11.84	0.39
19980524	0.05	12.56	0.4
19980525	1.74	12.13	0.38
19980526	0.44	7.75	0.39
19980527	0.04	9.05	0.36
19980528	0.82	12.8	0.35
19980529	0.0	12.82	0.34
19980530	0.9	14.23	0.31
19980531	0.04	13.23	0.33
19980601	8.9	14.56	0.32
19980602	14.06	10.64	0.78
19980603	3.28	10.68	0.87
19980604	0.01	12.42	0.55
19980605	3.48	13.61	0.41
19980606	5.56	14.39	0.57
19980607	9.75	12.41	0.97
19980608	9.63	14.2	1.31
19980609	4.71	13.76	1.55
19980610	7.09	11.52	1.02
19980611	0.61	8.94	1.07
19980612	1.34	11.16	0.72
19980613	2.24	11.9	0.63
19980614	2.3	12.28	0.65
19980615	9.79	11.57	1.53
19980616	0.56	11.36	2.04
19980617	18.0	13.04	1.41
19980618	2.74	16.18	3.48
19980619	0.02	19.42	1.96
19980620	0.75	19.24	1.18
19980621	0.47	15.83	0.9
19980622	1.62	14.91	0.71
19980623	0.27	17.76	0.64
19980624	1.3	14.26	0.59
19980625	2.23	14.56	0.55
19980626	12.97	13.41	0.62
19980627	3.91	12.95	1.22
19980628	2.04	14.39	0.97
19980629	0.1	12.87	0.81
19980630	1.16	12.77	0.64
19980701	0.0	14.2	0.59
19980702	0.03	14.04	0.51
19980703	0.33	14.41	0.46
19980704	0.08	14.89	0.46
19980705	0.82	14.45	0.48
19980706	0.13	14.15	0.47
19980707	0.09	13.68	0.43
19980708	2.68	15.54	0.43
19980709	0.23	13.76	0.45
19980710	0.36	15.59	0.46
19980711	2.2	15.19	0.4
19980712	2.42	13.76	0.43
19980713	3.26	13.17	0.43
19980714	1.67	13.22	0.5
19980715	0.0	13.97	0.41
19980716	0.7	15.76	0.37
19980717	1.87	13.69	0.36
19980718	0.17	14.45	0.36
19980719	2.92	16.12	0.38
19980720	10.23	16.98	0.45
19980721	0.46	15.68	0.66
19980722	2.46	16.69	0.41
19980723	0.28	12.9	0.37
19980724	0.18	12.64	0.39
19980725	0.0	15.63	0.32
19980726	3.77	14.53	0.34
19980727	1.95	16.2	0.4
19980728	3.07	16.22	0.35
19980729	7.81	14.66	0.57
19980730	4.97	14.84	0.98
19980731	3.49	14.64	0.88
19980801	1.31	13.22	0.81
19980802	4.41	15.98	0.59
19980803	5.15	14.32	0.8
19980804	0.0	15.57	1.12
19980805	0.0	15.14	0.56
19980806	0.12	17.28	0.46
19980807	0.0	17.19	0.42
19980808	0.0	18.6	0.39
19980809	0.0	19.0	0.37
19980810	0.0	18.53	0.35
19980811	0.18	19.25	0.34
19980812	0.46	14.38	0.29
19980813	0.48	15.83	0.29
19980814	11.08	15.74	0.35
19980815	0.03	14.67	0.61
19980816	0.42	16.32	0.38
19980817	0.43	15.28	0.34
19980818	0.01	12.79	0.3
19980819	0.0	17.26	0.31
19980820	7.2	15.4	0.3
19980821	2.9	13.89	0.48
19980822	2.98	13.08	0.46
19980823	25.37	14.04	2.09
19980824	0.02	12.22	2.89
19980825	7.03	13.4	1.02
19980826	0.05	11.18	1.71
19980827	0.0	12.88	0.85
19980828	0.0	13.36	0.63
19980829	0.0	13.97	0.54
19980830	0.0	15.99	0.5
19980831	4.26	15.62	0.46
19980901	3.92	14.77	0.58
19980902	0.01	16.54	0.48
19980903	0.01	14.32	0.41
19980904	3.06	16.21	0.38
19980905	0.3	14.79	0.43
19980906	0.77	16.19	0.42
19980907	2.51	17.61	0.41
19980908	4.28	16.96	0.5
19980909	7.95	15.32	0.76
19980910	8.12	12.38	0.94
19980911	4.44	10.48	1.45
19980912	10.18	8.47	1.53
19980913	0.15	10.16	1.84
19980914	0.53	11.69	0.93
19980915	3.7	12.04	0.72
19980916	0.15	11.51	0.83
19980917	0.08	14.13	0.68
19980918	0.72	13.93	0.58
19980919	0.06	15.75	0.55
19980920	0.08	16.62	0.51
19980921	0.01	13.02	0.48
19980922	0.0	13.86	0.45
19980923	0.0	14.28	0.43
19980924	0.0	14.02	0.39
19980925	0.02	14.43	0.37
19980926	0.04	14.92	0.37
19980927	0.0	14.35	0.36
19980928	0.02	12.57	0.36
19980929	5.38	13.5	0.34
19980930	21.28	13.36	1.99
19981001	1.4	13.53	2.07
19981002	0.06	8.06	0.92
19981003	0.09	9.77	0.68
19981004	0.44	8.99	0.58
19981005	1.44	10.26	0.52
19981006	0.08	8.75	0.55
19981007	0.13	9.15	0.48
19981008	0.0	6.91	0.42
19981009	5.45	10.78	0.45
19981010	4.92	10.67	0.6
19981011	2.9	10.74	0.88
19981012	1.43	10.45	0.83
19981013	6.3	13.78	0.68
19981014	0.17	10.78	1.22
19981015	1.21	9.34	0.81
19981016	19.64	11.82	1.41
19981017	2.8	5.01	5.07
19981018	2.69	6.76	1.87
19981019	7.06	7.21	1.55
19981020	3.15	10.46	2.26
19981021	3.69	14.99	1.63
19981022	37.38	14.19	2.87
19981023	4.76	8.88	14.33
19981024	18.37	9.59	9.01
19981025	4.59	7.32	8.42
19981026	16.93	9.17	5.82
19981027	13.13	11.02	10.83
19981028	4.83	8.52	7.58
19981029	9.64	7.25	4.8
19981030	2.85	7.28	4.82
19981031	1.08	4.4	3.44
19981101	6.58	5.7	2.97
19981102	7.0	5.87	3.94
19981103	1.51	3.66	3.79
19981104	2.75	3.28	2.53
19981105	3.7	7.16	2.28
19981106	0.11	6.9	2.33
19981107	6.21	9.53	1.95
19981108	4.02	12.23	2.6
19981109	0.44	9.64	2.49
19981110	1.57	6.08	1.85
19981111	2.84	7.18	1.69
19981112	7.52	6.96	1.93
19981113	3.0	5.08	3.1
19981114	0.4	5.34	2.09
19981115	0.08	2.6	1.7
19981116	0.07	1.49	1.43
19981117	0.08	2.03	1.27
19981118	0.8	3.36	1.18
19981119	0.04	3.78	1.14
19981120	0.05	4.61	1.05
19981121	0.0	5.14	0.98
19981122	4.35	3.77	1.01
19981123	7.01	4.7	1.11
19981124	0.53	5.09	1.84
19981125	3.94	5.26	1.51
19981126	2.5	7.87	1.84
19981127	4.35	8.79	1.63
19981128	1.61	5.49	2.28
19981129	0.06	3.77	1.77
19981130	0.13	3.82	1.37
19981201	0.0	3.01	1.2
19981202	0.06	1.32	1.09
19981203	1.42	1.19	1.01
19981204	0.04	0.69	1.02
19981205	1.41	-1.0	0.97
19981206	0.68	-0.57	0.89
19981207	7.99	5.05	0.88
19981208	3.71	5.77	3.39
19981209	0.2	5.49	2.16
19981210	1.99	6.19	1.63
19981211	1.61	7.39	1.55
19981212	9.21	7.59	1.94
19981213	5.54	9.7	3.44
19981214	1.54	10.56	2.83
19981215	3.82	6.36	2.56
19981216	0.04	8.07	2.12
19981217	0.73	7.16	1.69
19981218	4.69	5.75	1.54
19981219	0.6	2.54	1.75
19981220	0.03	-0.95	1.46
19981221	0.79	0.44	1.22
19981222	1.23	2.87	1.15
19981223	0.06	2.26	1.21
19981224	2.67	5.57	1.2
19981225	2.11	6.26	1.46
19981226	2.36	6.6	1.42
19981227	0.91	3.91	1.28
19981228	0.06	2.72	1.09
19981229	0.04	6.75	1.0
19981230	0.02	7.72	0.94
19981231	0.01	6.84	0.9
19990101	5.12	6.52	0.86
19990102	8.59	4.25	1.14
19990103	6.35	6.53	2.37
19990104	3.07	9.0	2.97
19990105	4.55	10.03	1.94
19990106	10.7	5.18	4.96
19990107	6.95	3.92	4.84
19990108	0.35	1.62	3.94
19990109	0.03	0.17	2.41
19990110	0.07	-0.63	1.8
19990111	1.56	-0.72	1.47
19990112	3.71	2.59	1.48
19990113	1.87	4.99	1.95
19990114	4.57	5.91	2.43
19990115	12.41	5.78	2.66
19990116	2.88	2.78	4.73
19990117	1.06	3.33	3.02
19990118	2.57	7.22	2.49
19990119	3.91	9.89	2.45
19990120	0.08	5.47	2.39
19990121	0.01	2.8	1.82
19990122	0.08	1.91	1.51
19990123	1.9	4.26	1.39
19990124	1.69	7.14	1.44
19990125	0.86	5.15	1.41
19990126	7.1	2.93	1.97
19990127	18.41	5.1	2.6
19990128	0.17	5.36	8.02
19990129	2.05	5.29	3.52
19990130	0.15	7.31	2.51
19990131	0.13	7.06	2.03
19990201	0.0	4.3	1.72
19990202	0.01	5.2	1.49
19990203	0.01	9.31	1.34
19990204	0.32	9.0	1.23
19990205	5.11	5.83	1.17
19990206	5.02	2.88	2.07
19990207	1.46	1.22	2.0
19990208	0.42	-0.98	1.48
19990209	0.0	-0.18	1.24
19990210	0.02	0.28	1.08
19990211	0.45	1.35	1.03
19990212	2.67	3.02	1.05
19990213	0.04	4.54	1.13
19990214	3.41	5.26	1.24
19990215	1.62	5.9	1.47
19990216	2.73	4.46	1.29
19990217	6.57	5.64	1.52
19990218	2.13	9.32	2.72
19990219	0.23	7.27	1.98
19990220	8.35	5.99	1.55
19990221	4.93	4.32	2.89
19990222	0.15	3.09	2.41
19990223	2.75	3.52	1.73
19990224	0.13	3.41	1.54
19990225	0.21	7.49	1.36
19990226	0.23	5.65	1.28
19990227	0.13	5.95	1.18
19990228	15.38	8.29	1.41
19990301	15.25	9.23	6.54
19990302	9.28	8.66	10.01
19990303	5.41	5.37	6.07
19990304	3.27	3.43	4.23
19990305	1.16	2.21	3.14
19990306	10.05	2.29	3.14
19990307	5.82	2.69	5.43
19990308	0.79	3.23	4.29
19990309	2.9	2.81	3.0
19990310	0.05	3.08	2.53
19990311	1.71	4.3	2.09
19990312	0.41	7.08	2.02
19990313	0.0	7.32	1.72
19990314	0.01	7.9	1.48
19990315	0.15	8.94	1.31
19990316	0.01	10.06	1.2
19990317	0.06	10.73	1.11
19990318	0.0	6.95	1.03
19990319	0.0	6.69	0.95
19990320	7.78	7.1	0.92
19990321	2.89	5.23	1.47
19990322	6.41	6.83	1.38
19990323	1.19	9.44	2.45
19990324	0.55	8.71	1.62
19990325	6.1	5.23	1.65
19990326	0.44	6.29	1.77
19990327	0.0	5.84	1.3
19990328	0.07	9.89	1.14
19990329	2.52	10.04	1.11
19990330	1.25	11.18	1.01
19990331	0.01	12.09	0.92
19990401	3.08	12.82	0.87
19990402	0.35	10.0	0.9
19990403	0.01	11.64	0.81
19990404	0.48	13.33	0.78
19990405	1.47	12.76	0.77
19990406	5.99	10.65	0.79
19990407	0.42	8.34	1.02
19990408	0.36	11.06	0.8
19990409	0.08	13.25	0.75
19990410	0.41	9.18	0.72
19990411	7.19	8.74	0.74
19990412	6.98	6.44	1.06
19990413	3.74	1.74	1.64
19990414	0.77	2.48	1.36
19990415	3.86	4.08	1.17
19990416	4.9	5.06	1.3
19990417	5.27	3.06	1.78
19990418	4.06	4.22	1.84
19990419	2.64	6.56	1.78
19990420	10.04	8.47	2.39
19990421	3.42	10.08	3.08
19990422	0.63	9.47	2.06
19990423	9.32	8.65	1.99
19990424	0.01	10.35	3.1
19990425	2.25	10.88	1.76
19990426	0.67	11.08	1.42
19990427	0.0	11.33	1.23
19990428	0.0	12.06	1.05
19990429	0.0	11.09	0.93
19990430	0.0	12.76	0.87
19990501	0.0	11.39	0.79
19990502	0.02	11.72	0.76
19990503	0.0	14.63	0.74
19990504	0.0	11.58	0.69
19990505	1.55	13.09	0.65
19990506	0.06	11.87	0.65
19990507	28.95	11.9	2.22
19990508	4.46	13.41	3.48
19990509	3.38	14.15	1.67
19990510	7.16	13.04	1.76
19990511	4.84	12.84	1.6
19990512	0.23	12.5	1.54
19990513	3.68	12.05	1.11
19990514	0.69	11.37	1.07
19990515	0.08	12.66	0.89
19990516	0.09	10.59	0.81
19990517	0.01	9.64	0.74
19990518	0.0	12.42	0.69
19990519	0.0	14.18	0.66
19990520	0.05	13.61	0.61
19990521	1.43	10.41	0.6
19990522	0.1	12.54	0.58
19990523	0.0	14.15	0.56
19990524	7.27	10.49	0.63
19990525	0.1	11.36	0.63
19990526	0.0	13.31	0.53
19990527	3.36	17.69	0.51
19990528	0.01	14.13	0.54
19990529	1.59	12.78	0.49
19990530	1.18	9.56	0.52
19990531	0.05	12.41	0.48
19990601	3.72	15.6	0.46
19990602	8.89	13.08	1.03
19990603	15.27	13.2	1.69
19990604	0.67	9.99	1.96
19990605	0.2	11.39	0.91
19990606	2.85	12.11	0.68
19990607	12.24	9.46	0.71
19990608	0.33	9.63	1.53
19990609	0.0	11.39	0.92
19990610	0.0	12.18	0.7
19990611	0.33	11.45	0.61
19990612	1.58	11.55	0.58
19990613	0.02	14.68	0.6
19990614	0.08	15.02	0.54
19990615	0.0	17.49	0.5
19990616	0.88	17.16	0.47
19990617	0.09	12.2	0.45
19990618	0.0	17.24	0.44
19990619	5.97	14.74	0.43
19990620	1.82	11.12	0.56
19990621	0.93	10.54	0.51
19990622	1.6	13.47	0.44
19990623	0.01	14.72	0.44
19990624	0.0	15.84	0.42
19990625	0.0	15.88	0.39
19990626	5.49	18.3	0.4
19990627	11.63	11.87	0.81
19990628	0.22	12.11	0.8
19990629	0.0	14.31	0.48
19990630	6.55	13.81	0.44
19990701	2.53	16.82	0.63
19990702	8.82	19.74	0.54
19990703	0.25	16.2	0.8
19990704	0.08	16.64	0.57
19990705	1.05	17.59	0.46
19990706	0.01	18.64	0.79
19990707	0.01	17.93	0.43
19990708	0.0	20.63	0.37
19990709	0.0	18.7	0.37
19990710	0.0	18.8	0.36
19990711	0.0	18.17	0.34
19990712	0.0	17.73	0.33
19990713	3.78	15.8	0.34
19990714	0.36	13.71	0.39
19990715	0.12	15.1	0.34
19990716	0.0	16.61	0.32
19990717	0.67	17.76	0.32
19990718	0.02	18.22	0.34
19990719	6.19	18.43	0.35
19990720	0.58	15.4	0.42
19990721	2.67	13.86	0.35
19990722	0.18	12.64	0.33
19990723	0.0	17.24	0.31
19990724	0.0	19.38	0.29
19990725	0.0	15.18	0.28
19990726	0.0	13.48	0.28
19990727	0.0	14.9	0.25
19990728	0.0	15.85	0.25
19990729	0.0	18.23	0.25
19990730	0.0	19.76	0.25
19990731	0.0	21.38	0.24
19990801	1.96	21.65	0.29
19990802	3.95	22.78	0.3
19990803	2.23	17.62	0.3
19990804	2.72	20.33	0.3
19990805	3.7	17.52	0.36
19990806	5.32	19.27	0.4
19990807	0.08	16.02	0.38
19990808	12.49	15.07	0.36
19990809	9.25	12.75	0.68
19990810	0.05	12.43	0.66
19990811	0.46	15.0	0.42
19990812	1.09	15.88	0.33
19990813	4.8	16.1	0.32
19990814	9.17	14.56	0.56
19990815	0.19	12.94	0.7
19990816	6.05	12.57	0.49
19990817	4.23	12.61	0.48
19990818	6.87	14.48	0.64
19990819	0.42	11.93	0.61
19990820	0.01	12.33	0.44
19990821	0.0	11.54	0.34
19990822	0.0	14.33	0.3
19990823	0.0	15.36	0.3
19990824	4.93	14.94	0.28
19990825	3.65	17.01	0.43
19990826	0.63	15.74	0.39
19990827	0.01	15.76	0.31
19990828	0.0	16.19	0.27
19990829	0.49	14.96	0.27
19990830	0.0	15.12	0.27
19990831	0.0	14.77	0.27
19990901	0.0	17.98	0.25
19990902	0.01	18.53	0.24
19990903	0.01	17.97	0.22
19990904	0.0	18.24	0.23
19990905	0.0	19.35	0.24
19990906	4.45	20.26	0.26
19990907	0.49	14.27	0.29
19990908	4.61	14.87	0.26
19990909	0.01	12.39	0.29
19990910	0.0	17.93	0.22
19990911	6.82	16.09	0.25
19990912	0.03	13.61	0.35
19990913	0.01	11.56	0.25
19990914	0.0	13.24	0.22
19990915	1.25	14.48	0.2
19990916	1.34	12.94	0.24
19990917	0.15	13.81	0.24
19990918	2.41	15.27	0.23
19990919	24.12	15.07	0.36
19990920	4.95	14.4	1.63
19990921	0.04	13.92	0.8
19990922	11.56	15.02	0.59
19990923	1.86	16.02	0.94
19990924	1.86	14.45	0.61
19990925	7.63	14.52	0.58
19990926	15.04	13.02	1.07
19990927	3.46	13.48	2.07
19990928	2.27	14.13	1.24
19990929	17.47	13.19	1.7
19990930	2.94	11.42	2.43
19991001	29.48	9.5	3.41
19991002	7.11	9.21	9.51
19991003	5.61	8.4	4.86
19991004	0.07	6.77	3.18
19991005	0.0	6.97	1.77
19991006	2.31	10.2	1.27
19991007	4.54	12.09	1.18
19991008	5.32	14.09	1.45
19991009	0.38	14.43	2.24
19991010	0.33	11.54	1.48
19991011	0.01	8.61	1.14
19991012	0.0	8.32	0.9
19991013	0.01	9.74	0.79
19991014	0.0	10.77	0.71
19991015	0.0	10.11	0.66
19991016	0.0	10.28	0.61
19991017	0.0	9.21	0.57
19991018	0.0	7.78	0.51
19991019	0.0	8.22	0.48
19991020	0.06	8.05	0.47
19991021	4.37	9.23	0.48
19991022	5.31	12.4	0.68
19991023	4.29	11.96	0.82
19991024	21.24	10.38	1.77
19991025	1.85	11.81	5.05
19991026	0.15	10.78	2.24
19991027	0.89	11.4	1.41
19991028	0.0	8.34	1.07
19991029	1.41	11.26	0.9
19991030	4.44	11.84	1.01
19991031	1.71	11.74	1.06
19991101	4.16	9.18	0.95
19991102	0.13	8.89	1.2
19991103	0.0	10.44	0.85
19991104	1.9	10.17	0.76
19991105	12.01	8.0	1.31
19991106	0.08	6.41	2.81
19991107	0.08	8.46	1.3
19991108	0.53	7.63	1.03
19991109	0.05	5.64	0.94
19991110	0.04	6.76	0.8
19991111	0.13	8.07	0.74
19991112	0.06	8.53	0.71
19991113	0.09	7.84	0.67
19991114	0.37	7.04	0.66
19991115	8.86	5.53	0.68
19991116	3.84	3.46	1.58
19991117	1.85	2.69	1.56
19991118	0.06	2.79	1.21
19991119	0.0	3.48	0.96
19991120	0.03	1.83	0.84
19991121	3.04	2.64	0.8
19991122	1.47	6.74	0.88
19991123	0.27	9.22	0.92
19991124	22.38	8.62	2.09
19991125	0.05	9.13	6.81
19991126	3.06	7.43	2.6
19991127	0.11	8.17	1.88
19991128	1.01	8.55	1.44
19991129	0.01	5.37	1.19
19991130	0.39	9.62	1.03
19991201	4.35	6.12	0.95
19991202	4.59	7.8	1.15
19991203	3.95	5.07	1.41
19991204	3.92	2.32	1.73
19991205	0.68	5.55	1.5
19991206	2.94	8.59	1.68
19991207	0.57	5.84	1.78
19991208	2.87	6.71	1.42
19991209	12.71	5.5	1.96
19991210	8.47	5.88	3.77
19991211	13.54	6.72	8.34
19991212	10.46	3.58	7.02
19991213	5.08	1.14	6.77
19991214	1.37	0.79	4.0
19991215	0.52	2.26	2.53
19991216	10.21	7.09	2.16
19991217	0.39	3.55	4.4
19991218	0.0	-1.42	2.56
19991219	0.01	-2.75	1.82
19991220	8.86	-1.91	1.47
19991221	0.41	3.48	2.12
19991222	1.97	6.72	2.7
19991223	5.04	6.28	2.41
19991224	9.39	7.33	3.52
19991225	3.35	3.22	3.96
19991226	5.79	3.16	2.89
19991227	1.03	2.07	3.02
19991228	1.41	2.14	2.2
19991229	3.11	3.1	1.88
19991230	4.49	4.54	2.81
19991231	0.97	5.0	2.56
20000101	0.09	4.27	2.0
20000102	1.59	7.57	1.7
20000103	0.28	4.6	1.63
20000104	1.55	3.01	1.52
20000105	1.93	7.52	1.42
20000106	0.75	5.35	1.4
20000107	3.7	6.03	1.32
20000108	0.04	3.62	1.54
20000109	0.36	2.23	1.23
20000110	1.57	4.8	1.13
20000111	0.27	8.48	1.15
20000112	14.51	4.14	2.16
20000113	3.0	2.08	3.73
20000114	1.5	3.11	2.28
20000115	0.07	1.36	1.91
20000116	0.13	3.14	1.55
20000117	0.13	4.08	1.35
20000118	0.26	4.17	1.21
20000119	0.06	3.79	1.11
20000120	0.37	3.32	1.03
20000121	1.45	4.64	0.99
20000122	0.02	3.61	1.01
20000123	0.38	2.44	0.94
20000124	0.13	1.8	0.88
20000125	0.03	2.41	0.81
20000126	0.01	2.2	0.78
20000127	0.04	4.15	0.76
20000128	3.69	7.83	0.8
20000129	3.86	9.1	1.02
20000130	3.48	9.51	1.14
20000131	0.8	9.06	1.36
20000201	1.95	6.59	1.19
20000202	0.16	6.18	1.05
20000203	0.57	7.37	0.92
20000204	0.53	9.44	0.87
20000205	0.01	8.99	0.86
20000206	2.09	7.57	0.84
20000207	3.63	7.62	0.95
20000208	2.54	7.03	1.0
20000209	7.94	6.31	0.94
20000210	0.75	3.91	1.7
20000211	5.91	6.49	1.37
20000212	0.83	4.55	1.78
20000213	2.21	3.27	1.41
20000214	4.76	5.82	1.69
20000215	3.39	3.3	2.03
20000216	11.07	1.41	2.62
20000217	6.33	4.54	3.79
20000218	4.4	5.61	5.2
20000219	0.0	2.02	3.23
20000220	3.63	3.59	2.06
20000221	0.07	2.9	2.01
20000222	0.16	4.19	1.57
20000223	1.21	6.91	1.36
20000224	1.88	4.15	1.28
20000225	0.02	5.14	1.23
20000226	0.0	7.14	1.09
20000227	22.46	6.63	2.53
20000228	2.44	5.72	6.45
20000229	2.53	5.21	3.04
20000301	2.63	4.49	2.45
20000302	15.7	6.96	3.6
20000303	0.82	2.97	6.33
20000304	0.09	2.98	2.77
20000305	0.25	6.01	2.03
20000306	1.63	11.01	1.68
20000307	6.38	10.74	1.76
20000308	0.35	12.19	2.26
20000309	1.54	9.75	1.58
20000310	0.69	9.14	1.44
20000311	0.0	6.08	1.35
20000312	0.08	7.86	1.16
20000313	2.91	10.32	1.06
20000314	0.71	5.51	1.12
20000315	0.06	7.24	1.0
20000316	0.0	8.65	0.91
20000317	0.0	7.31	0.86
20000318	0.02	5.37	0.82
20000319	0.0	6.36	0.79
20000320	0.0	7.59	0.77
20000321	0.0	6.24	0.72
20000322	0.15	7.42	0.7
20000323	5.06	6.63	0.75
20000324	0.45	6.79	0.81
20000325	0.34	4.93	0.72
20000326	0.72	6.14	0.7
20000327	1.04	5.58	0.65
20000328	0.03	3.04	0.62
20000329	0.0	3.46	0.59
20000330	0.0	4.24	0.56
20000331	0.01	5.33	0.57
20000401	2.56	6.3	0.58
20000402	7.68	5.07	0.76
20000403	0.96	2.35	0.94
20000404	0.03	3.2	0.73
20000405	0.03	3.48	0.62
20000406	0.0	6.08	0.57
20000407	0.0	7.43	0.53
20000408	0.22	7.96	0.53
20000409	0.03	5.76	0.54
20000410	4.91	7.39	0.52
20000411	7.37	4.73	0.74
20000412	8.66	4.35	1.19
20000413	6.56	4.2	2.45
20000414	0.06	4.37	2.28
20000415	0.01	3.44	1.33
20000416	3.14	7.24	1.01
20000417	5.05	5.55	1.09
20000418	11.79	8.07	1.72
20000419	5.27	11.41	3.39
20000420	0.84	11.71	2.49
20000421	9.66	11.17	1.65
20000422	3.16	8.15	3.06
20000423	1.43	10.29	2.16
20000424	7.6	11.24	1.65
20000425	1.13	11.29	2.18
20000426	6.96	10.89	2.16
20000427	0.04	10.86	2.33
20000428	2.0	12.12	1.55
20000429	0.06	9.85	1.32
20000430	0.0	11.84	1.12
20000501	0.15	11.1	0.98
20000502	0.16	11.66	0.87
20000503	0.02	8.48	0.78
20000504	0.0	8.7	0.75
20000505	0.0	9.74	0.7
20000506	0.0	14.74	0.68
20000507	0.01	14.5	0.65
20000508	0.0	15.24	0.61
20000509	0.02	15.31	0.57
20000510	0.0	12.82	0.55
20000511	0.0	11.27	0.51
20000512	0.01	14.5	0.49
20000513	0.0	16.64	0.5
20000514	0.0	18.76	0.49
20000515	0.76	16.45	0.47
20000516	1.63	12.62	0.46
20000517	15.48	9.58	0.52
20000518	9.16	9.93	1.24
20000519	3.4	8.69	1.36
20000520	6.53	11.04	0.94
20000521	0.34	9.96	0.99
20000522	4.39	11.1	0.7
20000523	7.6	9.24	1.37
20000524	0.3	9.72	1.29
20000525	3.68	9.97	0.84
20000526	15.26	8.77	1.0
20000527	2.63	8.93	3.04
20000528	4.98	8.98	1.64
20000529	0.78	9.13	1.52
20000530	0.03	10.28	1.05
20000531	7.94	13.69	0.86
20000601	1.11	15.19	1.06
20000602	11.76	13.33	1.2
20000603	22.17	11.51	4.32
20000604	0.29	12.78	8.15
20000605	0.26	11.35	2.77
20000606	2.74	11.34	1.91
20000607	2.37	13.98	1.46
20000608	2.94	14.99	1.17
20000609	1.29	11.08	1.25
20000610	0.0	13.52	1.03
20000611	0.0	14.04	0.86
20000612	0.28	17.24	0.76
20000613	4.35	13.97	0.68
20000614	2.56	12.67	0.81
20000615	0.0	13.05	0.74
20000616	0.0	17.83	0.63
20000617	0.0	20.29	0.59
20000618	0.0	22.16	0.56
20000619	0.0	21.36	0.53
20000620	0.61	17.22	0.47
20000621	3.86	14.43	0.51
20000622	10.13	13.41	0.67
20000623	3.06	12.13	0.83
20000624	1.94	10.98	0.65
20000625	1.6	11.34	0.61
20000626	0.0	13.63	0.58
20000627	0.0	15.84	0.49
20000628	0.13	16.02	0.45
20000629	0.04	12.86	0.43
20000630	4.45	12.55	0.43
20000701	1.64	14.31	0.61
20000702	12.23	15.96	0.71
20000703	6.91	16.18	1.33
20000704	0.53	15.32	1.17
20000705	3.67	14.07	0.81
20000706	0.51	14.73	0.8
20000707	2.59	14.58	0.6
20000708	4.5	14.28	0.56
20000709	5.08	13.36	0.65
20000710	1.6	10.92	0.79
20000711	0.1	11.68	0.71
20000712	3.04	14.84	0.51
20000713	2.69	13.25	0.56
20000714	0.15	12.56	0.54
20000715	0.0	12.82	0.51
20000716	0.0	12.83	0.46
20000717	0.03	14.19	0.43
20000718	0.01	15.6	0.4
20000719	0.0	16.01	0.38
20000720	0.0	13.92	0.37
20000721	0.0	17.77	0.36
20000722	0.0	16.14	0.34
20000723	0.0	13.68	0.36
20000724	0.0	14.04	0.36
20000725	0.0	15.04	0.33
20000726	0.91	16.96	0.32
20000727	3.36	16.83	0.32
20000728	7.06	16.43	0.51
20000729	1.24	16.18	0.54
20000730	3.66	18.47	0.4
20000731	2.51	17.51	0.42
20000801	0.93	16.6	0.36
20000802	2.62	15.98	0.34
20000803	5.6	15.25	0.47
20000804	0.03	15.0	0.46
20000805	1.1	18.58	0.36
20000806	1.12	18.03	0.37
20000807	1.47	16.44	0.38
20000808	0.38	17.62	0.36
20000809	4.23	17.67	0.34
20000810	0.12	15.84	0.36
20000811	0.02	16.25	0.36
20000812	0.74	19.37	0.33
20000813	9.53	18.85	0.34
20000814	1.29	16.25	0.63
20000815	2.34	15.13	0.55
20000816	1.42	15.03	0.41
20000817	1.3	14.87	0.37
20000818	1.84	14.9	0.34
20000819	0.34	12.77	0.34
20000820	0.23	13.32	0.33
20000821	1.68	13.42	0.37
20000822	0.0	15.2	0.34
20000823	0.0	14.68	0.3
20000824	0.0	16.41	0.27
20000825	6.71	20.11	0.27
20000826	7.19	16.03	0.41
20000827	2.36	14.8	0.64
20000828	1.29	13.46	0.48
20000829	0.01	13.78	0.39
20000830	0.01	15.5	0.32
20000831	13.62	14.18	0.5
20000901	6.01	14.01	0.92
20000902	0.05	11.89	0.67
20000903	0.0	10.41	0.47
20000904	2.08	15.25	0.4
20000905	3.41	15.52	0.37
20000906	0.25	13.09	0.41
20000907	2.05	15.95	0.39
20000908	0.01	13.42	0.42
20000909	0.18	16.27	0.37
20000910	0.01	18.29	0.34
20000911	0.18	19.61	0.34
20000912	0.44	15.55	0.32
20000913	1.85	15.05	0.32
20000914	8.21	14.58	0.35
20000915	4.21	12.59	0.74
20000916	0.24	14.19	0.67
20000917	12.43	13.61	0.47
20000918	1.14	10.19	1.26
20000919	18.26	11.12	1.31
20000920	0.63	10.32	2.49
20000921	8.11	13.3	1.21
20000922	0.91	15.14	1.42
20000923	0.07	18.15	0.97
20000924	17.21	12.89	1.94
20000925	16.73	14.42	2.93
20000926	4.63	14.84	4.99
20000927	9.87	11.66	2.74
20000928	1.35	12.36	3.56
20000929	0.56	13.57	2.06
20000930	1.49	13.0	1.52
20001001	6.5	12.47	1.26
20001002	3.79	10.49	2.62
20001003	0.37	12.93	1.83
20001004	2.88	11.23	1.28
20001005	8.39	8.03	1.84
20001006	11.27	9.9	1.77
20001007	4.65	10.25	4.46
20001008	2.08	8.61	3.06
20001009	20.54	8.33	3.98
20001010	9.07	7.43	6.72
20001011	0.44	7.96	4.9
20001012	1.46	9.75	2.95
20001013	1.04	10.73	2.2
20001014	3.42	10.7	1.81
20001015	0.23	11.14	2.06
20001016	4.09	8.6	1.6
20001017	5.91	10.06	2.12
20001018	0.17	9.77	2.18
20001019	0.87	8.72	1.55
20001020	3.32	9.67	1.34
20001021	0.06	6.47	1.39
20001022	1.39	9.02	1.26
20001023	0.82	11.4	1.12
20001024	3.84	10.58	1.09
20001025	2.48	9.13	1.43
20001026	7.9	10.16	1.36
20001027	1.81	11.13	2.33
20001028	7.84	10.24	2.77
20001029	33.58	6.06	4.23
20001030	6.83	6.09	11.56
20001031	4.83	7.03	7.44
20001101	1.51	6.34	4.25
20001102	10.87	5.07	4.48
20001103	9.55	6.75	3.88
20001104	1.82	5.9	5.05
20001105	36.82	6.0	4.4
20001106	4.92	8.14	15.06
20001107	7.22	7.16	7.75
20001108	1.54	6.57	6.22
20001109	6.29	5.96	4.23
20001110	2.99	6.91	3.96
20001111	3.23	7.39	3.18
20001112	0.57	6.2	3.0
20001113	0.46	5.28	2.53
20001114	1.35	3.64	2.22
20001115	5.78	4.96	2.0
20001116	10.26	4.79	2.77
20001117	9.47	4.76	5.82
20001118	5.84	7.74	4.48
20001119	7.18	4.88	3.96
20001120	1.97	2.78	4.4
20001121	12.95	3.37	3.25
20001122	1.13	4.9	5.72
20001123	4.25	4.15	3.39
20001124	2.07	5.19	3.12
20001125	14.05	7.2	3.18
20001126	0.59	5.81	5.32
20001127	12.21	8.52	3.64
20001128	0.3	12.27	5.72
20001129	0.07	8.88	3.23
20001130	2.78	8.78	2.6
20001201	2.44	9.95	2.58
20001202	0.07	7.68	2.41
20001203	4.79	7.86	1.94
20001204	2.26	11.07	2.3
20001205	10.09	10.19	3.02
20001206	2.45	8.24	3.1
20001207	12.22	9.12	2.58
20001208	2.69	8.34	4.69
20001209	5.16	7.84	3.0
20001210	7.35	9.09	3.12
20001211	4.9	11.5	4.08
20001212	6.89	9.32	3.56
20001213	6.18	5.58	3.88
20001214	4.55	3.21	3.77
20001215	0.24	1.67	3.33
20001216	1.56	1.15	2.68
20001217	0.14	1.33	2.3
20001218	0.03	2.91	1.96
20001219	5.35	6.64	2.0
20001220	0.1	6.73	2.33
20001221	0.07	4.65	1.81
20001222	0.03	3.25	1.62
20001223	4.13	2.51	1.54
20001224	3.41	2.22	2.35
20001225	0.41	0.88	1.99
20001226	0.0	-0.85	1.56
20001227	3.27	-0.94	1.39
20001228	0.46	-3.07	1.3
20001229	0.01	-4.35	1.2
20001230	0.19	-2.16	1.11
20001231	9.92	2.39	1.58
20010101	2.1	6.61	3.46
20010102	8.07	4.53	4.08
20010103	2.16	4.61	3.48
20010104	0.47	3.91	2.6
20010105	0.16	2.46	2.01
20010106	0.96	4.6	1.67
20010107	5.04	4.65	1.54
20010108	3.32	2.77	2.3
20010109	0.48	1.23	2.16
20010110	0.14	2.78	1.64
20010111	0.06	3.23	1.4
20010112	0.01	2.62	1.25
20010113	0.0	2.16	1.16
20010114	0.02	1.24	1.08
20010115	0.04	-0.37	1.03
20010116	0.03	-2.52	0.97
20010117	0.01	-1.65	0.92
20010118	0.02	-1.68	0.88
20010119	0.0	-0.54	0.84
20010120	0.66	0.58	0.81
20010121	1.12	1.36	0.84
20010122	8.78	4.88	1.22
20010123	11.72	7.02	3.23
20010124	1.0	4.86	3.58
20010125	2.14	4.24	2.2
20010126	0.35	2.86	1.76
20010127	0.06	1.96	1.5
20010128	0.28	1.17	1.27
20010129	0.42	2.5	1.15
20010130	2.57	3.48	1.14
20010131	0.09	1.34	1.2
20010201	6.75	2.24	1.21
20010202	9.32	5.69	2.3
20010203	6.69	4.17	3.85
20010204	3.52	2.98	3.94
20010205	6.48	6.76	3.39
20010206	1.65	8.12	3.37
20010207	1.58	5.03	2.58
20010208	0.21	0.52	1.95
20010209	0.53	2.06	1.55
20010210	5.27	7.35	1.45
20010211	20.51	7.75	3.27
20010212	0.35	3.68	6.81
20010213	0.08	2.62	3.12
20010214	0.02	3.81	2.33
20010215	0.44	4.85	1.86
20010216	0.06	3.05	1.62
20010217	0.02	1.25	1.41
20010218	0.08	0.73	1.29
20010219	0.33	3.23	1.2
20010220	0.46	5.46	1.15
20010221	0.63	6.85	1.11
20010222	2.08	5.12	1.16
20010223	0.55	2.02	1.22
20010224	1.37	0.08	1.06
20010225	0.87	1.89	1.03
20010226	6.03	2.1	1.32
20010227	4.35	1.42	1.88
20010228	0.17	-0.78	1.61
20010301	0.13	-1.04	1.27
20010302	0.04	-1.92	1.1
20010303	0.01	-1.06	1.01
20010304	0.04	-0.37	0.92
20010305	0.02	2.57	0.85
20010306	7.7	6.35	0.9
20010307	2.79	9.82	2.08
20010308	0.69	8.84	1.51
20010309	3.18	9.56	1.23
20010310	1.83	9.72	1.31
20010311	2.3	6.75	1.29
20010312	1.75	4.51	1.28
20010313	0.64	4.8	1.31
20010314	0.15	4.89	1.13
20010315	0.9	5.43	1.01
20010316	0.82	3.39	0.94
20010317	0.48	2.31	0.9
20010318	0.61	0.47	0.87
20010319	0.02	2.42	0.82
20010320	1.35	2.72	0.79
20010321	4.74	1.65	0.86
20010322	4.86	5.8	1.19
20010323	1.4	7.7	1.9
20010324	0.04	5.23	1.33
20010325	0.12	3.64	1.01
20010326	0.15	3.38	0.92
20010327	7.69	5.09	0.96
20010328	0.46	5.64	1.78
20010329	2.82	6.69	1.18
20010330	0.96	8.58	1.21
20010331	1.46	9.51	1.06
20010401	0.06	11.79	1.01
20010402	1.87	8.8	0.97
20010403	11.71	7.04	1.03
20010404	1.15	6.06	2.49
20010405	14.23	6.71	3.0
20010406	10.88	7.9	4.15
20010407	7.46	4.99	4.4
20010408	3.84	6.64	3.35
20010409	6.13	10.13	2.85
20010410	2.78	7.37	2.89
20010411	0.1	5.9	2.49
20010412	0.21	6.37	1.85
20010413	0.22	6.24	1.52
20010414	10.75	9.05	1.74
20010415	2.26	7.4	3.04
20010416	0.07	4.89	2.09
20010417	5.23	4.31	1.64
20010418	0.55	3.73	1.92
20010419	1.98	4.79	1.44
20010420	0.59	4.35	1.31
20010421	0.58	6.98	1.16
20010422	11.0	6.05	1.38
20010423	0.15	7.22	2.39
20010424	7.08	7.1	1.71
20010425	4.24	9.1	2.26
20010426	0.67	6.24	2.05
20010427	8.85	9.28	1.65
20010428	4.3	7.76	2.51
20010429	0.35	5.11	2.18
20010430	0.02	7.01	1.59
20010501	0.0	10.06	1.29
20010502	0.05	11.71	1.15
20010503	0.07	6.53	1.06
20010504	2.05	7.41	1.02
20010505	0.01	7.7	0.96
20010506	0.0	6.53	0.87
20010507	0.0	8.1	0.84
20010508	0.17	9.32	0.79
20010509	4.97	11.5	0.76
20010510	0.06	15.68	0.9
20010511	0.01	16.06	0.77
20010512	0.0	15.03	0.69
20010513	18.6	16.26	0.71
20010514	31.75	10.58	4.17
20010515	4.84	10.38	7.33
20010516	9.73	11.23	3.83
20010517	8.12	10.24	4.46
20010518	0.1	10.39	3.69
20010519	0.05	11.02	2.37
20010520	0.0	12.17	1.76
20010521	0.0	12.46	1.46
20010522	0.0	13.66	1.25
20010523	0.0	14.76	1.08
20010524	0.0	14.58	0.96
20010525	0.0	14.78	0.87
20010526	2.84	17.22	0.85
20010527	1.11	16.5	0.87
20010528	0.14	15.41	0.8
20010529	0.02	14.22	0.72
20010530	0.94	13.65	0.68
20010531	1.34	12.63	0.7
20010601	4.12	12.35	0.66
20010602	2.38	8.61	0.76
20010603	0.01	11.64	0.72
20010604	0.0	11.11	0.63
20010605	0.73	14.58	0.6
20010606	4.14	10.22	0.61
20010607	1.81	9.34	0.66
20010608	0.84	9.48	0.6
20010609	0.91	9.52	0.57
20010610	0.01	9.8	0.57
20010611	0.0	11.35	0.53
20010612	0.0	12.47	0.53
20010613	0.0	13.47	0.53
20010614	3.1	15.76	0.52
20010615	8.99	14.06	0.65
20010616	0.33	12.63	0.79
20010617	0.01	10.59	0.6
20010618	1.69	14.54	0.54
20010619	1.94	15.83	0.56
20010620	0.02	13.52	0.51
20010621	0.01	11.41	0.48
20010622	0.0	14.47	0.47
20010623	0.0	15.25	0.46
20010624	0.0	17.52	0.46
20010625	0.04	20.14	0.44
20010626	0.0	21.64	0.43
20010627	0.3	16.95	0.41
20010628	2.23	17.43	0.42
20010629	3.94	16.79	0.43
20010630	0.68	16.73	0.54
20010701	0.0	17.78	0.47
20010702	0.01	20.6	0.42
20010703	0.26	20.43	0.42
20010704	0.01	19.93	0.36
20010705	0.0	21.63	0.34
20010706	0.9	19.26	0.35
20010707	1.31	17.65	0.37
20010708	0.29	14.11	0.38
20010709	0.07	15.26	0.39
20010710	10.46	13.93	0.4
20010711	2.67	12.93	0.53
20010712	3.45	13.55	0.45
20010713	0.73	11.21	0.42
20010714	0.68	11.72	0.38
20010715	0.08	10.29	0.35
20010716	0.0	14.31	0.36
20010717	10.87	15.56	0.36
20010718	0.45	12.47	0.8
20010719	0.14	12.06	0.54
20010720	2.36	15.23	0.4
20010721	1.5	15.97	0.42
20010722	0.0	15.45	0.39
20010723	0.0	16.56	0.36
20010724	0.09	16.07	0.35
20010725	0.0	16.75	0.33
20010726	0.03	17.73	0.31
20010727	0.0	18.52	0.31
20010728	0.0	22.0	0.31
20010729	0.0	20.69	0.28
20010730	0.4	19.11	0.29
20010731	0.01	15.14	0.31
20010801	0.0	18.69	0.3
20010802	5.62	17.34	0.28
20010803	2.6	15.16	0.45
20010804	7.73	14.17	0.43
20010805	10.96	15.61	0.52
20010806	11.09	14.75	1.0
20010807	25.11	15.22	3.21
20010808	4.96	13.56	3.44
20010809	1.51	13.44	1.58
20010810	0.47	13.97	0.86
20010811	2.49	17.3	0.67
20010812	6.47	17.88	0.79
20010813	0.44	19.31	1.16
20010814	1.82	20.08	0.71
20010815	11.45	19.41	0.67
20010816	0.93	15.37	1.4
20010817	0.08	16.28	0.83
20010818	6.7	17.42	0.66
20010819	4.79	16.54	0.95
20010820	0.0	14.81	0.88
20010821	1.07	16.91	0.63
20010822	0.04	17.32	0.53
20010823	0.18	18.39	0.49
20010824	4.25	16.96	0.56
20010825	0.01	18.51	0.55
20010826	0.01	14.24	0.47
20010827	0.0	12.32	0.43
20010828	0.0	14.52	0.43
20010829	0.02	16.4	0.42
20010830	10.68	13.15	0.57
20010831	0.8	13.45	0.85
20010901	2.37	16.07	0.53
20010902	1.82	13.9	0.49
20010903	1.08	12.89	0.46
20010904	0.84	11.95	0.41
20010905	14.22	13.65	0.52
20010906	0.03	13.87	1.62
20010907	4.95	14.46	0.7
20010908	0.15	11.57	0.84
20010909	0.0	11.07	0.67
20010910	0.63	13.22	0.5
20010911	0.47	14.05	0.47
20010912	10.52	12.11	0.58
20010913	9.21	9.7	1.42
20010914	5.54	12.85	1.42
20010915	7.89	11.07	1.5
20010916	0.94	10.63	2.05
20010917	0.05	10.72	1.02
20010918	0.37	12.52	0.79
20010919	4.51	11.47	0.78
20010920	0.34	12.46	0.82
20010921	0.89	11.26	0.69
20010922	0.09	10.1	0.63
20010923	1.92	11.44	0.57
20010924	5.87	11.87	0.59
20010925	0.69	11.01	1.4
20010926	3.24	12.47	0.93
20010927	6.09	14.86	1.29
20010928	2.64	17.41	1.22
20010929	0.65	15.09	0.9
20010930	9.12	14.05	0.86
20011001	1.93	14.82	1.6
20011002	1.16	13.21	1.01
20011003	0.97	13.55	0.79
20011004	6.64	13.98	0.77
20011005	5.49	14.46	1.52
20011006	0.88	13.78	1.81
20011007	11.89	11.96	1.23
20011008	12.61	12.95	2.68
20011009	2.47	12.15	3.73
20011010	3.76	13.07	2.37
20011011	0.02	14.6	1.94
20011012	0.01	15.14	1.33
20011013	0.04	15.03	1.09
20011014	0.96	15.1	0.96
20011015	8.4	12.36	1.19
20011016	0.02	12.64	1.34
20011017	8.57	13.86	0.96
20011018	0.06	11.7	1.4
20011019	6.55	12.21	1.27
20011020	1.54	11.22	1.72
20011021	8.34	10.41	1.92
20011022	6.91	12.73	2.51
20011023	2.88	12.99	2.79
20011024	0.21	11.69	2.24
20011025	10.37	12.08	1.76
20011026	11.55	10.11	6.03
20011027	0.06	9.99	3.52
20011028	0.0	10.19	2.28
20011029	0.02	12.45	1.67
20011030	4.76	12.19	1.4
20011031	0.61	7.98	1.43
20011101	0.04	9.75	1.18
20011102	0.02	9.62	1.04
20011103	1.22	9.24	1.0
20011104	1.12	6.77	0.97
20011105	1.8	8.4	0.93
20011106	4.16	9.95	0.96
20011107	9.9	6.95	1.28
20011108	0.33	2.72	2.47
20011109	0.0	2.38	1.45
20011110	0.24	7.5	1.14
20011111	3.91	10.42	1.04
20011112	2.41	7.31	1.39
20011113	0.61	2.99	1.43
20011114	0.02	3.88	1.09
20011115	0.02	6.15	1.01
20011116	0.02	7.99	0.92
20011117	0.02	6.88	0.86
20011118	0.0	6.23	0.8
20011119	0.0	5.2	0.77
20011120	0.28	8.62	0.72
20011121	4.29	9.82	0.72
20011122	0.04	3.82	0.99
20011123	0.53	5.77	0.77
20011124	1.75	11.04	0.74
20011125	5.99	6.9	1.16
20011126	0.42	4.47	1.32
20011127	6.09	5.71	1.32
20011128	7.31	7.86	1.68
20011129	6.56	11.35	2.49
20011130	2.96	11.47	3.12
20011201	3.27	4.96	2.79
20011202	0.05	2.83	2.33
20011203	6.51	6.14	1.74
20011204	3.78	6.13	2.24
20011205	0.27	5.67	2.07
20011206	0.66	4.24	1.62
20011207	0.06	6.6	1.35
20011208	0.01	2.92	1.18
20011209	0.01	0.81	1.06
20011210	0.01	1.91	1.0
20011211	0.04	1.92	0.92
20011212	0.04	5.73	0.85
20011213	0.01	3.08	0.81
20011214	0.06	0.24	0.76
20011215	0.29	2.56	0.72
20011216	0.0	1.0	0.72
20011217	0.2	2.26	0.7
20011218	0.38	3.26	0.67
20011219	0.68	2.08	0.67
20011220	1.29	2.55	0.68
20011221	4.34	2.82	0.93
20011222	0.01	-0.58	1.12
20011223	3.26	2.51	0.77
20011224	3.76	5.07	1.11
20011225	0.07	0.6	1.59
20011226	3.2	1.96	0.96
20011227	3.02	5.87	1.06
20011228	2.84	2.54	1.51
20011229	3.82	0.49	1.14
20011230	0.53	-2.17	1.0
20011231	0.03	-2.19	0.83
20020101	0.02	-2.77	0.68
20020102	0.0	-2.26	0.7
20020103	0.01	-1.82	0.71
20020104	2.09	-0.15	0.62
20020105	4.69	2.81	1.32
20020106	0.12	3.71	1.56
20020107	0.18	4.54	1.36
20020108	0.01	2.81	1.18
20020109	0.35	2.19	1.02
20020110	0.62	1.01	0.93
20020111	0.88	3.95	0.9
20020112	0.06	6.0	0.88
20020113	1.44	7.28	0.86
20020114	1.14	6.38	0.89
20020115	1.64	3.73	0.97
20020116	0.19	6.71	0.91
20020117	0.88	4.34	0.84
20020118	0.79	4.55	0.81
20020119	0.04	7.26	0.8
20020120	0.15	9.43	0.75
20020121	0.9	8.81	0.75
20020122	3.26	6.95	0.73
20020123	3.86	8.12	0.87
20020124	1.31	3.42	1.15
20020125	12.65	6.66	1.18
20020126	1.76	7.28	3.25
20020127	4.42	9.34	2.43
20020128	1.05	9.12	2.01
20020129	0.52	9.48	1.5
20020130	3.47	7.26	1.43
20020131	6.39	7.45	1.84
20020201	5.44	11.0	2.37
20020202	4.16	9.96	2.85
20020203	0.37	6.18	2.3
20020204	9.77	7.98	2.28
20020205	4.02	7.1	3.06
20020206	3.03	4.12	2.68
20020207	2.83	7.09	2.43
20020208	4.52	9.79	2.58
20020209	2.44	7.21	2.33
20020210	9.35	8.8	2.16
20020211	0.3	10.49	3.08
20020212	0.88	7.75	1.95
20020213	1.45	3.69	1.57
20020214	0.07	2.88	1.36
20020215	0.01	4.34	1.19
20020216	0.0	3.94	1.1
20020217	1.61	6.0	1.04
20020218	2.25	6.27	1.02
20020219	22.6	7.1	2.39
20020220	2.51	3.36	6.26
20020221	8.89	6.06	2.93
20020222	5.38	4.95	4.04
20020223	4.09	2.54	3.52
20020224	11.28	5.22	3.31
20020225	12.51	7.88	7.08
20020226	0.74	5.94	6.24
20020227	0.25	4.1	3.23
20020228	0.78	3.81	2.43
20020301	0.19	2.45	1.89
20020302	2.09	4.18	1.63
20020303	0.01	7.0	1.61
20020304	0.38	5.3	1.41
20020305	2.37	7.53	1.28
20020306	0.05	9.9	1.22
20020307	0.0	8.41	1.09
20020308	1.65	6.0	1.02
20020309	2.79	4.34	1.06
20020310	3.87	6.24	1.17
20020311	0.78	4.79	1.23
20020312	0.0	5.84	1.06
20020313	0.0	4.5	0.94
20020314	2.71	4.57	0.86
20020315	1.96	6.28	1.06
20020316	0.39	9.39	1.21
20020317	1.12	8.83	1.0
20020318	5.46	6.2	1.17
20020319	1.52	8.48	1.34
20020320	3.81	9.69	1.2
20020321	1.36	10.99	1.28
20020322	0.01	9.32	1.09
20020323	0.01	7.52	1.01
20020324	0.19	8.32	0.91
20020325	0.17	5.61	0.85
20020326	0.0	6.39	0.77
20020327	0.0	7.32	0.74
20020328	0.01	6.03	0.71
20020329	0.0	8.59	0.7
20020330	0.76	11.1	0.69
20020331	0.25	11.01	0.69
20020401	2.95	7.04	0.72
20020402	1.15	10.84	0.72
20020403	0.09	11.43	0.67
20020404	0.01	10.08	0.61
20020405	0.0	9.45	0.58
20020406	0.0	5.96	0.55
20020407	0.0	5.64	0.53
20020408	0.0	6.59	0.52
20020409	0.0	7.03	0.53
20020410	0.0	5.79	0.5
20020411	0.0	6.65	0.51
20020412	0.01	5.53	0.5
20020413	0.0	5.72	0.49
20020414	0.26	6.38	0.48
20020415	0.0	6.09	0.5
20020416	0.0	8.13	0.49
20020417	0.77	9.15	0.48
20020418	6.08	7.37	0.53
20020419	0.04	9.59	0.58
20020420	1.15	11.26	0.49
20020421	0.16	14.16	0.5
20020422	0.0	12.55	0.47
20020423	0.0	12.33	0.48
20020424	0.05	13.63	0.45
20020425	5.7	10.44	0.42
20020426	7.1	7.94	0.6
20020427	11.36	8.3	0.78
20020428	8.16	7.64	1.46
20020429	6.9	8.33	1.46
20020430	3.4	9.33	1.43
20020501	1.65	8.46	1.07
20020502	0.02	8.96	0.87
20020503	1.74	7.78	0.69
20020504	0.18	8.58	0.63
20020505	0.31	10.37	0.58
20020506	0.0	8.98	0.54
20020507	0.01	9.66	0.52
20020508	0.0	10.31	0.5
20020509	0.03	11.61	0.47
20020510	0.0	11.5	0.44
20020511	0.0	8.74	0.43
20020512	5.04	12.89	0.44
20020513	4.86	11.55	0.61
20020514	0.13	12.07	0.67
20020515	0.01	12.94	0.49
20020516	0.0	18.4	0.44
20020517	6.24	14.75	0.45
20020518	3.03	12.76	0.62
20020519	1.1	14.49	0.54
20020520	12.48	13.16	0.64
20020521	4.7	13.72	0.9
20020522	1.65	13.45	0.73
20020523	3.75	12.82	0.56
20020524	2.36	11.59	0.55
20020525	2.86	11.17	0.57
20020526	7.38	9.39	0.77
20020527	4.16	11.03	1.2
20020528	6.78	11.77	0.9
20020529	1.81	11.68	1.13
20020530	0.8	12.01	0.77
20020531	0.0	12.35	0.62
20020601	0.0	15.66	0.53
20020602	1.49	16.88	0.51
20020603	5.66	10.73	0.6
20020604	0.39	11.75	0.63
20020605	15.07	13.92	0.61
20020606	0.72	16.0	1.35
20020607	5.56	14.11	0.86
20020608	0.61	14.68	0.93
20020609	6.05	12.27	0.78
20020610	1.49	11.62	0.98
20020611	0.81	11.68	0.73
20020612	0.01	12.67	0.57
20020613	6.04	13.48	0.55
20020614	7.72	15.5	0.76
20020615	0.15	15.31	1.16
20020616	0.02	17.54	0.66
20020617	0.0	17.01	0.56
20020618	0.0	14.15	0.48
20020619	0.0	14.33	0.43
20020620	0.3	14.95	0.41
20020621	0.62	14.84	0.43
20020622	0.02	13.62	0.41
20020623	0.44	12.61	0.4
20020624	0.0	14.34	0.41
20020625	0.0	12.95	0.37
20020626	5.81	13.0	0.4
20020627	0.04	12.28	0.49
20020628	0.05	12.31	0.38
20020629	0.36	14.08	0.36
20020630	1.55	13.73	0.36
20020701	8.04	11.28	0.47
20020702	3.14	12.74	0.58
20020703	4.81	12.92	0.62
20020704	19.32	13.48	0.63
20020705	3.31	11.18	1.72
20020706	0.04	15.33	1.07
20020707	4.46	16.79	0.63
20020708	0.42	14.41	0.63
20020709	2.82	11.3	0.57
20020710	8.33	13.85	0.63
20020711	5.02	12.52	1.02
20020712	1.43	12.99	0.83
20020713	0.0	14.7	0.58
20020714	0.0	17.0	0.49
20020715	0.0	18.41	0.44
20020716	0.01	15.16	0.39
20020717	0.0	13.7	0.38
20020718	0.05	17.15	0.37
20020719	10.04	15.5	0.44
20020720	3.48	13.54	0.65
20020721	0.07	13.41	0.82
20020722	3.35	15.63	0.5
20020723	1.32	15.72	0.49
20020724	0.02	13.36	0.53
20020725	0.0	17.37	0.47
20020726	0.0	18.48	0.4
20020727	0.0	18.84	0.39
20020728	0.0	19.81	0.38
20020729	0.01	21.42	0.37
20020730	24.83	18.0	0.95
20020731	7.51	16.09	2.16
20020801	33.8	14.64	3.64
20020802	1.24	15.24	6.89
20020803	6.42	17.86	2.85
20020804	20.36	16.96	2.93
20020805	0.04	17.33	3.73
20020806	0.25	18.41	1.85
20020807	3.8	16.28	1.32
20020808	10.8	14.68	1.14
20020809	11.01	13.46	2.24
20020810	0.32	14.82	3.0
20020811	5.87	15.26	1.87
20020812	0.02	16.47	1.68
20020813	0.0	18.54	1.14
20020814	0.03	18.75	0.91
20020815	0.0	14.03	0.79
20020816	0.0	17.72	0.69
20020817	0.01	20.81	0.63
20020818	1.33	18.05	0.7
20020819	0.0	15.13	0.62
20020820	1.31	14.85	0.56
20020821	0.0	14.68	0.53
20020822	0.5	16.77	0.48
20020823	0.11	15.72	0.46
20020824	1.33	15.48	0.47
20020825	0.02	14.1	0.45
20020826	0.01	14.94	0.44
20020827	0.0	16.8	0.44
20020828	0.53	17.97	0.41
20020829	0.13	17.1	0.41
20020830	0.6	16.53	0.4
20020831	0.0	11.03	0.39
20020901	0.07	12.38	0.37
20020902	0.0	15.55	0.37
20020903	0.0	15.65	0.35
20020904	0.0	16.15	0.36
20020905	2.35	15.7	0.35
20020906	3.15	12.75	0.41
20020907	0.9	12.58	0.45
20020908	0.22	12.64	0.38
20020909	44.44	13.13	2.68
20020910	0.02	13.25	4.25
20020911	0.0	17.03	1.53
20020912	0.01	17.48	0.92
20020913	0.0	16.32	0.67
20020914	0.0	14.71	0.58
20020915	0.0	13.99	0.53
20020916	0.0	13.71	0.51
20020917	0.0	13.99	0.47
20020918	0.0	12.97	0.46
20020919	0.0	13.09	0.44
20020920	0.0	12.41	0.4
20020921	0.0	13.46	0.39
20020922	0.0	10.83	0.37
20020923	0.01	10.75	0.37
20020924	0.0	10.81	0.35
20020925	3.24	12.64	0.35
20020926	0.19	14.06	0.41
20020927	0.11	13.32	0.36
20020928	0.01	12.35	0.36
20020929	0.0	13.15	0.37
20020930	0.0	14.07	0.36
20021001	0.94	15.71	0.32
20021002	3.24	14.15	0.34
20021003	0.05	12.03	0.38
20021004	0.67	13.19	0.32
20021005	1.45	12.34	0.32
20021006	0.02	12.21	0.35
20021007	0.0	12.37	0.35
20021008	0.0	10.3	0.34
20021009	0.0	10.51	0.3
20021010	0.0	11.02	0.31
20021011	15.48	9.85	0.37
20021012	1.5	7.82	0.84
20021013	8.85	7.21	0.72
20021014	1.46	8.74	0.77
20021015	1.16	6.98	0.59
20021016	0.23	5.17	0.55
20021017	0.21	5.3	0.45
20021018	0.09	4.42	0.41
20021019	0.55	5.4	0.36
20021020	13.87	5.09	0.54
20021021	3.42	9.95	1.52
20021022	7.6	10.02	1.34
20021023	5.65	5.03	2.3
20021024	7.58	7.96	1.82
20021025	6.78	10.1	2.56
20021026	8.71	10.2	2.18
20021027	12.63	7.2	5.03
20021028	3.44	8.85	3.62
20021029	3.34	6.83	2.6
20021030	0.35	7.28	2.18
20021031	0.12	9.54	1.53
20021101	10.71	10.33	2.41
20021102	8.49	10.58	2.95
20021103	2.67	9.67	3.16
20021104	0.9	10.01	2.16
20021105	12.32	11.98	1.7
20021106	2.57	8.11	4.06
20021107	5.48	6.92	2.79
20021108	16.07	8.58	5.15
20021109	7.63	7.65	5.17
20021110	0.57	9.15	4.52
20021111	3.16	8.38	3.0
20021112	3.75	7.63	2.6
20021113	7.05	8.21	2.33
20021114	3.85	7.3	3.6
20021115	0.91	7.78	2.64
20021116	0.98	6.5	2.02
20021117	2.02	4.89	1.71
20021118	0.06	5.46	1.65
20021119	1.35	5.37	1.35
20021120	2.69	7.1	1.39
20021121	2.4	7.99	1.45
20021122	1.87	7.21	1.48
20021123	2.11	6.14	1.47
20021124	0.14	5.82	1.32
20021125	0.06	5.27	1.14
20021126	0.01	7.96	1.03
20021127	4.42	8.58	1.01
20021128	0.55	7.78	1.17
20021129	0.22	6.36	1.02
20021130	6.62	8.26	1.04
20021201	6.27	8.83	1.82
20021202	10.99	6.72	3.37
20021203	6.71	7.03	4.23
20021204	3.24	5.46	3.94
20021205	0.04	5.06	2.87
20021206	0.88	5.53	2.07
20021207	0.18	4.21	1.75
20021208	0.01	2.58	1.5
20021209	0.0	2.73	1.27
20021210	0.0	1.63	1.1
20021211	0.0	1.34	1.0
20021212	0.08	1.9	0.93
20021213	0.93	3.46	0.89
20021214	2.58	4.25	0.86
20021215	5.88	4.1	1.2
20021216	4.46	3.13	1.99
20021217	0.02	0.5	1.85
20021218	0.1	0.41	1.3
20021219	0.01	1.45	1.12
20021220	0.01	1.6	1.05
20021221	18.45	4.89	1.36
20021222	1.82	8.18	4.57
20021223	5.22	9.46	2.89
20021224	1.31	8.87	2.91
20021225	2.42	7.8	2.18
20021226	9.3	8.74	2.37
20021227	2.63	8.23	3.6
20021228	7.23	6.56	2.83
20021229	18.34	6.7	5.91
20021230	0.21	4.02	8.09
20021231	2.99	3.84	3.29
20030101	1.17	6.87	2.91
20030102	11.07	3.96	2.72
20030103	0.13	0.24	3.75
20030104	0.05	-1.07	2.51
20030105	0.06	-0.23	1.89
20030106	0.04	-1.32	1.56
20030107	0.0	-2.32	1.33
20030108	0.42	0.09	1.17
20030109	0.26	1.64	1.08
20030110	0.03	1.02	1.06
20030111	0.04	0.07	1.04
20030112	1.18	4.67	1.01
20030113	0.18	8.87	1.54
20030114	1.12	8.22	1.24
20030115	0.03	6.48	1.09
20030116	0.0	7.42	0.98
20030117	3.29	5.53	1.03
20030118	10.66	5.87	1.12
20030119	5.05	5.98	2.72
20030120	1.67	7.3	2.72
20030121	4.78	6.27	2.22
20030122	2.08	4.0	2.37
20030123	0.01	4.01	1.82
20030124	2.92	7.85	1.46
20030125	1.09	7.2	1.46
20030126	1.47	10.08	1.46
20030127	3.35	8.01	1.46
20030128	5.11	4.0	1.79
20030129	0.89	2.31	1.95
20030130	0.0	-0.87	1.39
20030131	3.93	1.02	1.15
20030201	1.27	4.62	1.56
20030202	2.2	3.59	1.62
20030203	3.87	2.07	1.49
20030204	1.25	1.09	1.49
20030205	1.58	0.11	1.34
20030206	0.92	3.84	1.21
20030207	0.13	7.48	1.45
20030208	9.57	7.39	1.46
20030209	0.21	3.25	2.68
20030210	10.96	3.67	2.33
20030211	0.08	4.7	3.75
20030212	0.36	3.13	2.37
20030213	0.0	-1.18	1.79
20030214	0.02	-0.35	1.45
20030215	0.01	2.08	1.24
20030216	0.0	-1.2	1.12
20030217	0.0	-1.41	1.01
20030218	0.0	0.29	0.94
20030219	0.03	1.44	0.88
20030220	0.03	2.6	0.83
20030221	0.02	3.67	0.8
20030222	0.2	3.2	0.79
20030223	0.1	7.57	0.77
20030224	0.03	5.95	0.75
20030225	0.0	6.89	0.73
20030226	0.0	7.69	0.7
20030227	0.0	7.62	0.67
20030228	10.0	6.46	0.85
20030301	7.33	6.65	1.74
20030302	0.06	5.76	1.81
20030303	3.2	6.15	1.21
20030304	1.43	9.7	1.22
20030305	2.55	5.12	1.31
20030306	0.07	6.97	1.21
20030307	9.03	5.6	1.34
20030308	7.06	7.89	3.02
20030309	0.93	9.62	2.79
20030310	2.03	9.67	1.77
20030311	0.34	8.15	1.48
20030312	0.0	5.5	1.19
20030313	0.0	3.67	1.03
20030314	0.0	5.18	0.94
20030315	0.0	4.59	0.88
20030316	0.0	5.53	0.84
20030317	0.0	7.35	0.78
20030318	0.0	4.47	0.72
20030319	0.0	6.57	0.69
20030320	0.0	5.93	0.66
20030321	0.01	5.64	0.64
20030322	0.0	6.17	0.62
20030323	0.01	10.37	0.61
20030324	0.0	8.02	0.59
20030325	0.05	7.71	0.58
20030326	0.0	8.91	0.59
20030327	0.0	8.42	0.55
20030328	0.0	9.31	0.55
20030329	0.0	7.47	0.55
20030330	0.0	6.71	0.53
20030331	3.65	10.18	0.52
20030401	3.77	7.25	0.61
20030402	0.01	6.37	0.59
20030403	0.01	9.64	0.52
20030404	0.0	9.12	0.49
20030405	0.0	9.63	0.48
20030406	0.0	5.99	0.48
20030407	0.0	4.16	0.47
20030408	0.0	3.89	0.44
20030409	0.0	3.0	0.43
20030410	0.01	4.11	0.44
20030411	0.0	6.64	0.43
20030412	0.0	7.73	0.43
20030413	0.13	13.02	0.42
20030414	0.01	13.16	0.41
20030415	0.0	15.09	0.39
20030416	0.0	16.08	0.38
20030417	0.0	13.98	0.39
20030418	0.0	12.02	0.4
20030419	0.0	7.9	0.39
20030420	8.13	8.42	0.41
20030421	0.54	9.98	0.68
20030422	0.0	8.72	0.5
20030423	0.0	10.1	0.42
20030424	4.01	10.16	0.43
20030425	2.85	9.08	0.49
20030426	4.52	10.69	0.46
20030427	15.04	12.06	0.53
20030428	2.55	12.19	1.37
20030429	5.53	11.57	0.82
20030430	6.69	10.34	1.07
20030501	8.23	10.81	1.06
20030502	6.38	9.51	1.71
20030503	1.81	10.82	1.66
20030504	0.39	14.11	1.05
20030505	0.43	9.36	0.75
20030506	0.04	10.36	0.62
20030507	0.0	13.07	0.52
20030508	0.0	9.49	0.48
20030509	0.24	9.41	0.45
20030510	1.7	9.17	0.44
20030511	4.93	9.58	0.47
20030512	4.77	8.46	0.57
20030513	3.21	9.38	0.55
20030514	0.03	7.25	0.56
20030515	3.43	10.41	0.45
20030516	7.54	10.07	0.57
20030517	4.0	12.01	0.95
20030518	4.19	11.51	0.82
20030519	10.46	10.88	0.8
20030520	4.89	10.77	2.49
20030521	11.8	12.61	1.84
20030522	5.58	12.49	3.18
20030523	1.03	11.82	2.14
20030524	4.09	11.39	1.41
20030525	0.05	10.82	1.28
20030526	0.64	14.32	0.96
20030527	2.07	14.94	0.81
20030528	0.0	16.26	0.73
20030529	0.0	18.3	0.63
20030530	0.01	18.03	0.56
20030531	0.01	18.73	0.52
20030601	0.16	17.63	0.5
20030602	0.08	14.38	0.49
20030603	0.04	15.1	0.44
20030604	0.46	13.86	0.42
20030605	7.57	14.91	0.42
20030606	0.18	15.86	0.6
20030607	3.59	16.09	0.48
20030608	7.04	13.0	0.69
20030609	1.08	15.32	0.65
20030610	1.57	15.78	0.48
20030611	0.73	14.72	0.45
20030612	0.08	13.59	0.4
20030613	0.16	15.7	0.37
20030614	0.02	16.3	0.36
20030615	0.0	15.04	0.36
20030616	0.03	19.33	0.35
20030617	0.53	15.77	0.34
20030618	1.35	16.54	0.34
20030619	0.12	14.62	0.34
20030620	0.0	12.35	0.31
20030621	0.42	17.18	0.3
20030622	7.7	20.34	0.31
20030623	0.02	14.88	0.5
20030624	0.0	14.73	0.37
20030625	0.06	17.08	0.32
20030626	0.68	17.44	0.29
20030627	9.43	13.98	0.42
20030628	0.03	13.86	0.48
20030629	6.83	17.04	0.34
20030630	11.3	14.01	0.65
20030701	4.04	13.84	0.92
20030702	0.55	14.95	0.69
20030703	0.04	14.02	0.46
20030704	0.0	13.41	0.37
20030705	0.0	13.61	0.35
20030706	0.0	13.7	0.33
20030707	0.38	17.74	0.32
20030708	0.01	17.26	0.3
20030709	0.0	20.2	0.31
20030710	0.02	17.44	0.3
20030711	0.0	14.32	0.28
20030712	0.0	17.15	0.28
20030713	0.0	19.38	0.26
20030714	0.0	20.77	0.25
20030715	0.0	22.25	0.22
20030716	5.22	22.94	0.21
20030717	18.63	16.08	0.68
20030718	0.0	19.04	0.75
20030719	0.07	17.78	0.41
20030720	2.61	17.83	0.32
20030721	4.36	16.24	0.39
20030722	0.79	16.43	0.38
20030723	3.01	16.49	0.31
20030724	13.27	16.65	0.36
20030725	19.87	14.71	1.91
20030726	2.06	15.99	1.48
20030727	0.24	14.5	0.78
20030728	1.61	17.67	0.53
20030729	8.4	16.77	0.52
20030730	5.98	16.32	1.34
20030731	0.59	16.57	1.56
20030801	0.03	15.72	0.7
20030802	0.0	15.19	0.51
20030803	0.0	17.75	0.43
20030804	0.0	22.71	0.39
20030805	0.0	21.65	0.36
20030806	0.0	20.6	0.33
20030807	0.0	18.91	0.32
20030808	0.01	20.21	0.32
20030809	0.23	24.14	0.31
20030810	3.55	20.12	0.36
20030811	0.76	19.25	0.36
20030812	0.01	17.68	0.33
20030813	0.0	15.13	0.28
20030814	0.01	15.33	0.27
20030815	0.02	16.46	0.26
20030816	0.0	16.62	0.25
20030817	1.7	18.39	0.27
20030818	0.0	16.03	0.29
20030819	0.0	14.22	0.25
20030820	0.0	16.08	0.24
20030821	1.54	18.37	0.24
20030822	2.58	18.31	0.25
20030823	0.27	19.17	0.29
20030824	0.0	17.73	0.3
20030825	0.02	15.74	0.27
20030826	0.04	15.29	0.28
20030827	0.01	15.48	0.25
20030828	9.88	11.15	0.27
20030829	0.3	11.32	0.42
20030830	0.05	11.68	0.27
20030831	0.03	12.05	0.25
20030901	0.45	12.29	0.25
20030902	0.08	14.12	0.25
20030903	0.0	16.03	0.23
20030904	0.02	15.79	0.24
20030905	2.09	15.96	0.24
20030906	4.15	12.13	0.3
20030907	1.29	14.64	0.34
20030908	2.05	12.04	0.28
20030909	14.07	13.46	0.39
20030910	1.09	12.02	0.64
20030911	2.27	13.56	0.48
20030912	0.0	14.24	0.38
20030913	0.0	16.19	0.31
20030914	0.0	17.55	0.26
20030915	0.0	16.23	0.26
20030916	0.0	16.88	0.25
20030917	0.0	18.64	0.23
20030918	0.02	16.85	0.23
20030919	1.9	15.49	0.24
20030920	3.49	13.3	0.27
20030921	1.04	16.9	0.3
20030922	11.02	11.11	0.39
20030923	0.09	8.39	0.43
20030924	0.01	10.5	0.32
20030925	0.01	12.25	0.27
20030926	0.24	9.46	0.22
20030927	0.08	10.92	0.22
20030928	0.19	9.64	0.23
20030929	0.2	12.14	0.26
20030930	0.02	11.63	0.26
20031001	0.04	11.98	0.24
20031002	0.0	12.79	0.23
20031003	2.35	11.61	0.22
20031004	1.9	5.95	0.26
20031005	5.08	8.57	0.26
20031006	10.99	9.39	0.39
20031007	2.39	9.09	0.72
20031008	2.52	13.34	0.49
20031009	0.95	13.14	0.58
20031010	0.0	10.4	0.39
20031011	0.0	11.91	0.32
20031012	0.0	11.75	0.28
20031013	0.0	11.71	0.27
20031014	0.0	10.43	0.25
20031015	0.0	9.7	0.23
20031016	0.0	9.75	0.24
20031017	0.0	9.66	0.24
20031018	0.0	8.64	0.23
20031019	0.05	6.57	0.22
20031020	0.04	4.03	0.24
20031021	0.5	4.22	0.24
20031022	1.85	4.72	0.26
20031023	0.05	4.72	0.26
20031024	0.06	4.29	0.21
20031025	4.92	5.13	0.26
20031026	0.06	5.09	0.37
20031027	0.0	6.36	0.32
20031028	12.72	7.77	0.31
20031029	4.77	6.82	0.89
20031030	6.63	6.68	0.66
20031031	0.98	5.96	0.9
20031101	5.17	7.66	0.63
20031102	2.43	9.39	0.72
20031103	1.59	7.36	0.7
20031104	0.05	9.64	0.61
20031105	0.0	11.31	0.46
20031106	0.01	10.26	0.42
20031107	0.0	8.78	0.37
20031108	0.03	6.26	0.34
20031109	1.05	7.43	0.34
20031110	0.02	8.85	0.34
20031111	5.0	8.81	0.34
20031112	0.73	8.35	0.51
20031113	1.19	9.06	0.5
20031114	9.15	8.77	0.5
20031115	0.58	6.45	1.49
20031116	0.51	5.97	0.69
20031117	5.92	10.74	0.6
20031118	0.07	12.08	1.41
20031119	1.35	11.45	0.71
20031120	1.1	7.04	0.6
20031121	0.05	4.58	0.57
20031122	0.01	2.02	0.49
20031123	0.03	1.6	0.45
20031124	0.24	3.86	0.41
20031125	6.07	7.89	0.4
20031126	0.5	3.44	0.73
20031127	0.1	3.98	0.64
20031128	0.13	5.79	0.48
20031129	4.89	7.52	0.57
20031130	4.23	6.33	0.7
20031201	6.06	7.57	1.03
20031202	1.96	7.05	1.16
20031203	0.07	6.95	0.79
20031204	0.01	5.08	0.68
20031205	0.03	6.12	0.57
20031206	0.0	2.92	0.53
20031207	0.0	0.64	0.49
20031208	0.01	1.83	0.45
20031209	0.04	3.44	0.44
20031210	14.68	4.39	0.44
20031211	3.03	4.41	1.94
20031212	19.48	7.75	2.3
20031213	5.17	8.56	5.07
20031214	0.56	3.49	2.89
20031215	0.05	1.22	1.78
20031216	0.05	2.44	1.24
20031217	0.0	2.01	0.99
20031218	0.26	2.46	0.84
20031219	1.71	3.95	0.75
20031220	21.05	4.22	2.14
20031221	0.03	1.6	3.79
20031222	4.89	3.27	1.99
20031223	4.18	8.25	2.81
20031224	0.04	8.28	2.64
20031225	0.62	9.07	1.66
20031226	6.78	5.38	1.57
20031227	2.28	1.37	2.09
20031228	1.23	1.33	1.66
20031229	0.01	-0.13	1.36
20031230	0.04	-1.67	1.09
20031231	14.62	1.22	1.09
20040101	2.64	4.01	3.58
20040102	0.48	1.75	2.77
20040103	0.85	3.18	1.79
20040104	0.42	6.25	1.56
20040105	2.04	8.43	1.35
20040106	0.11	6.35	1.33
20040107	6.06	8.56	1.14
20040108	8.95	6.89	3.12
20040109	0.63	4.74	2.56
20040110	4.86	8.1	1.78
20040111	0.5	5.13	2.12
20040112	4.37	5.62	1.64
20040113	3.75	4.34	1.89
20040114	1.34	2.45	1.85
20040115	7.63	4.21	1.71
20040116	1.42	2.72	2.3
20040117	0.05	1.18	1.59
20040118	1.93	3.82	1.26
20040119	19.73	8.44	3.37
20040120	7.5	7.72	8.59
20040121	1.17	6.63	5.38
20040122	0.69	7.04	2.97
20040123	7.66	5.37	2.68
20040124	1.95	3.85	3.25
20040125	0.13	2.99	2.51
20040126	0.05	1.09	1.91
20040127	4.24	-0.14	1.57
20040128	5.82	-0.43	1.83
20040129	0.41	1.9	1.68
20040130	10.9	5.91	1.91
20040131	8.46	8.22	6.68
20040201	5.72	8.94	4.67
20040202	4.59	11.41	3.31
20040203	8.11	12.82	3.33
20040204	7.29	11.63	5.49
20040205	0.03	10.24	3.94
20040206	7.77	6.43	2.95
20040207	4.89	4.43	3.29
20040208	0.03	1.35	2.72
20040209	0.03	2.18	2.01
20040210	0.43	7.07	1.67
20040211	0.02	8.38	1.5
20040212	0.11	8.13	1.35
20040213	1.31	5.9	1.22
20040214	2.14	5.16	1.22
20040215	0.07	4.79	1.24
20040216	2.24	6.15	1.12
20040217	0.24	3.5	1.09
20040218	0.24	4.56	1.0
20040219	0.0	3.89	0.94
20040220	0.0	1.88	0.87
20040221	0.0	2.62	0.83
20040222	0.0	0.56	0.78
20040223	0.7	2.07	0.73
20040224	0.89	1.41	0.75
20040225	0.01	-0.45	0.72
20040226	1.33	-0.27	0.67
20040227	0.34	-0.17	0.66
20040228	0.01	0.26	0.64
20040229	0.01	0.22	0.61
20040301	0.0	0.78	0.57
20040302	0.03	2.84	0.57
20040303	0.34	4.57	0.58
20040304	0.35	6.24	0.57
20040305	0.85	5.85	0.58
20040306	1.24	5.9	0.59
20040307	0.67	4.88	0.61
20040308	0.01	4.03	0.62
20040309	0.03	4.06	0.57
20040310	0.15	2.94	0.55
20040311	0.09	2.21	0.52
20040312	1.13	2.43	0.51
20040313	1.07	7.12	0.54
20040314	1.28	9.87	0.57
20040315	1.36	11.24	0.56
20040316	0.17	12.47	0.55
20040317	0.31	8.5	0.53
20040318	6.28	7.92	0.5
20040319	2.68	8.62	0.81
20040320	0.83	9.4	0.84
20040321	8.3	6.92	0.9
20040322	2.19	5.52	1.46
20040323	0.32	5.36	1.12
20040324	2.98	5.1	0.82
20040325	0.61	4.86	0.87
20040326	1.27	6.04	0.85
20040327	0.06	6.85	0.78
20040328	0.0	7.78	0.74
20040329	0.0	7.94	0.66
20040330	0.0	8.85	0.6
20040331	0.08	11.51	0.59
20040401	2.01	10.79	0.58
20040402	1.61	10.5	0.58
20040403	16.24	8.98	0.81
20040404	3.79	7.96	2.33
20040405	3.36	7.03	1.39
20040406	5.49	5.41	1.58
20040407	2.01	6.25	1.71
20040408	0.03	4.56	1.21
20040409	1.67	8.3	0.97
20040410	0.0	8.44	0.94
20040411	0.01	9.72	0.83
20040412	0.05	9.26	0.74
20040413	0.07	10.12	0.71
20040414	0.0	9.25	0.63
20040415	4.78	9.61	0.62
20040416	14.7	7.71	1.13
20040417	10.16	8.65	2.62
20040418	1.69	5.78	3.02
20040419	0.34	8.07	1.94
20040420	0.27	10.46	1.3
20040421	2.1	10.38	1.05
20040422	0.03	9.22	0.95
20040423	0.0	12.65	0.8
20040424	0.0	14.48	0.75
20040425	0.0	15.35	0.7
20040426	1.13	12.96	0.65
20040427	3.11	9.47	0.66
20040428	3.47	8.63	0.67
20040429	1.11	8.13	0.74
20040430	0.0	10.7	0.67
20040501	0.0	11.48	0.6
20040502	1.18	12.39	0.57
20040503	7.99	9.42	0.56
20040504	8.49	7.95	1.04
20040505	1.35	8.0	1.16
20040506	0.3	8.39	0.79
20040507	2.96	11.42	0.64
20040508	2.67	10.37	0.75
20040509	0.15	12.65	0.73
20040510	2.76	13.21	0.75
20040511	0.1	12.83	0.82
20040512	0.06	11.84	0.62
20040513	0.04	11.4	0.56
20040514	0.0	12.77	0.54
20040515	0.0	13.01	0.5
20040516	0.0	15.9	0.48
20040517	0.0	13.01	0.45
20040518	0.0	14.14	0.43
20040519	0.98	14.08	0.41
20040520	0.0	9.99	0.41
20040521	1.69	8.94	0.39
20040522	0.0	9.87	0.41
20040523	0.0	11.33	0.39
20040524	0.03	12.22	0.38
20040525	0.0	12.14	0.37
20040526	0.0	10.47	0.36
20040527	0.0	12.5	0.34
20040528	4.21	13.39	0.34
20040529	0.35	13.25	0.4
20040530	0.03	13.15	0.37
20040531	6.19	15.1	0.37
20040601	1.18	13.28	0.48
20040602	0.34	13.4	0.4
20040603	4.1	14.1	0.38
20040604	0.29	15.38	0.44
20040605	0.14	15.75	0.38
20040606	0.0	19.02	0.35
20040607	0.0	20.15	0.35
20040608	0.01	20.04	0.33
20040609	0.72	18.14	0.29
20040610	0.53	16.74	0.29
20040611	2.26	13.95	0.28
20040612	0.1	13.24	0.31
20040613	0.0	17.91	0.3
20040614	0.05	17.68	0.28
20040615	0.19	14.13	0.27
20040616	0.24	18.22	0.27
20040617	2.27	13.3	0.27
20040618	4.92	9.54	0.32
20040619	4.21	10.69	0.4
20040620	6.37	10.29	0.43
20040621	1.92	10.99	0.56
20040622	18.83	16.13	0.47
20040623	18.56	13.59	1.86
20040624	2.96	11.26	3.27
20040625	0.38	13.03	1.14
20040626	1.25	14.38	0.71
20040627	0.17	14.12	0.58
20040628	0.07	15.31	0.48
20040629	2.24	15.17	0.43
20040630	3.14	14.0	0.46
20040701	1.46	13.38	0.45
20040702	5.21	13.93	0.44
20040703	3.27	13.33	0.52
20040704	2.65	13.23	0.56
20040705	0.02	13.0	0.49
20040706	6.25	16.0	0.4
20040707	6.53	14.52	0.45
20040708	0.73	10.47	0.5
20040709	0.51	12.38	0.42
20040710	6.65	12.82	0.38
20040711	0.49	13.23	0.59
20040712	0.23	11.72	0.47
20040713	4.92	15.47	0.41
20040714	2.37	16.63	0.5
20040715	9.54	15.28	0.8
20040716	1.98	15.12	1.06
20040717	6.9	14.1	0.89
20040718	0.1	13.28	0.91
20040719	1.11	16.15	0.58
20040720	0.7	18.97	0.47
20040721	0.0	17.09	0.41
20040722	0.32	15.32	0.39
20040723	0.02	15.41	0.36
20040724	1.52	14.69	0.35
20040725	8.25	13.99	0.4
20040726	1.59	15.43	0.71
20040727	0.86	16.94	0.57
20040728	0.02	19.02	0.47
20040729	0.63	19.91	0.41
20040730	0.9	15.9	0.39
20040731	0.01	15.52	0.37
20040801	0.08	18.48	0.35
20040802	2.88	19.93	0.34
20040803	5.82	18.83	0.43
20040804	1.77	17.46	0.43
20040805	11.92	19.51	0.55
20040806	0.03	18.74	1.36
20040807	0.0	20.93	0.52
20040808	4.05	23.52	0.44
20040809	34.71	18.58	0.66
20040810	18.84	17.8	7.88
20040811	9.01	19.07	3.52
20040812	3.46	17.81	3.04
20040813	2.61	16.57	2.12
20040814	0.04	18.06	1.42
20040815	2.95	18.77	1.03
20040816	16.22	17.74	1.16
20040817	4.54	18.7	2.33
20040818	7.9	17.17	2.39
20040819	3.46	16.66	2.28
20040820	11.67	12.46	3.08
20040821	0.06	12.86	2.41
20040822	11.14	16.02	1.53
20040823	6.57	15.45	2.7
20040824	25.41	15.4	5.03
20040825	7.05	14.84	8.61
20040826	6.61	15.62	4.69
20040827	0.07	13.19	3.37
20040828	0.56	13.57	2.3
20040829	2.91	14.72	1.71
20040830	1.9	13.47	1.53
20040831	0.01	11.81	1.32
20040901	0.0	14.18	1.03
20040902	0.0	15.67	0.91
20040903	0.0	18.02	0.8
20040904	0.01	17.25	0.75
20040905	0.02	18.89	0.73
20040906	0.01	16.07	0.67
20040907	0.0	14.78	0.62
20040908	0.0	15.93	0.57
20040909	0.0	17.4	0.55
20040910	3.54	15.88	0.62
20040911	4.65	13.51	0.62
20040912	13.97	13.65	0.66
20040913	1.65	12.49	1.76
20040914	17.63	11.93	1.08
20040915	0.13	10.52	4.13
20040916	3.37	14.15	1.48
20040917	1.3	14.74	1.2
20040918	2.6	12.42	1.13
20040919	5.14	13.98	0.97
20040920	2.35	12.85	1.1
20040921	5.4	11.85	1.0
20040922	14.54	13.34	1.81
20040923	0.17	10.14	4.27
20040924	0.04	10.46	1.98
20040925	0.47	13.26	1.37
20040926	1.48	15.42	1.13
20040927	1.38	14.44	1.08
20040928	1.29	13.02	1.07
20040929	2.89	12.82	0.98
20040930	1.33	12.16	1.02
20041001	1.87	11.52	0.98
20041002	0.4	11.08	0.91
20041003	18.1	12.14	0.89
20041004	0.12	10.82	3.5
20041005	2.95	11.38	1.95
20041006	1.55	8.98	1.5
20041007	0.13	9.5	1.21
20041008	0.01	9.76	1.02
20041009	0.0	9.91	0.89
20041010	0.01	10.63	0.8
20041011	0.0	9.99	0.75
20041012	5.73	9.1	0.71
20041013	1.79	8.24	0.92
20041014	3.7	8.46	0.98
20041015	10.33	9.12	1.04
20041016	2.09	9.43	2.16
20041017	3.06	8.85	1.44
20041018	0.65	7.81	1.52
20041019	8.87	8.82	1.25
20041020	5.42	9.11	2.51
20041021	9.81	9.56	3.16
20041022	6.33	11.64	3.56
20041023	4.56	12.75	3.21
20041024	9.19	12.12	3.06
20041025	2.17	7.09	3.52
20041026	0.04	7.88	2.6
20041027	2.34	9.64	1.88
20041028	1.94	11.57	1.63
20041029	0.24	10.6	1.49
20041030	0.04	9.89	1.29
20041031	0.0	9.38	1.1
20041101	0.09	9.07	1.01
20041102	0.47	9.27	0.93
20041103	4.4	9.32	0.88
20041104	0.24	8.8	1.18
20041105	4.38	9.32	0.93
20041106	6.23	10.67	1.51
20041107	3.24	10.15	2.35
20041108	0.71	9.03	2.22
20041109	3.46	7.38	1.88
20041110	0.04	4.89	1.83
20041111	1.3	8.26	1.42
20041112	1.8	5.38	1.37
20041113	0.01	3.18	1.26
20041114	0.08	5.95	1.09
20041115	0.48	8.69	1.02
20041116	6.13	10.32	1.0
20041117	8.03	8.49	2.62
20041118	18.63	1.7	5.4
20041119	0.49	1.28	4.73
20041120	1.2	1.61	2.7
20041121	1.73	7.27	2.28
20041122	0.79	10.84	2.3
20041123	1.09	8.07	1.7
20041124	2.01	8.34	1.57
20041125	2.21	8.57	1.5
20041126	1.84	7.11	1.78
20041127	3.63	6.53	1.73
20041128	0.31	3.1	1.82
20041129	0.09	3.74	1.49
20041130	0.01	5.29	1.25
20041201	0.41	4.32	1.14
20041202	0.34	2.48	1.06
20041203	0.97	5.67	0.99
20041204	0.34	8.19	1.01
20041205	0.04	7.66	0.97
20041206	0.04	7.83	0.9
20041207	0.04	6.76	0.83
20041208	0.01	6.38	0.8
20041209	0.0	3.11	0.77
20041210	0.4	5.06	0.74
20041211	0.08	6.75	0.72
20041212	0.01	4.66	0.71
20041213	0.01	4.84	0.68
20041214	2.7	8.83	0.68
20041215	2.46	7.77	0.72
20041216	2.97	6.7	0.81
20041217	8.98	3.43	1.31
20041218	2.0	3.34	2.14
20041219	0.0	0.57	1.65
20041220	2.79	1.29	1.21
20041221	14.68	4.2	1.24
20041222	3.11	9.75	5.47
20041223	0.41	8.04	3.1
20041224	5.08	3.93	2.33
20041225	4.6	-0.19	2.24
20041226	0.12	-0.79	1.78
20041227	10.69	3.3	1.98
20041228	3.82	3.83	4.46
20041229	0.19	6.59	3.02
20041230	3.02	9.73	2.33
20041231	0.03	6.29	2.12
20050101	4.22	6.22	2.05
20050102	0.21	5.2	1.86
20050103	0.06	7.98	1.51
20050104	3.03	5.79	1.49
20050105	1.8	5.57	1.41
20050106	0.12	8.26	1.33
20050107	3.34	8.61	1.25
20050108	0.06	5.46	1.29
20050109	0.71	9.82	1.13
20050110	0.07	8.22	1.07
20050111	1.93	7.55	1.01
20050112	0.47	4.64	0.97
20050113	0.0	3.9	0.89
20050114	0.02	5.35	0.85
20050115	0.66	7.52	0.85
20050116	0.81	7.75	0.83
20050117	5.81	4.36	0.95
20050118	16.42	3.2	4.42
20050119	2.86	7.79	4.65
20050120	8.04	7.37	3.9
20050121	0.72	1.95	3.41
20050122	0.07	0.28	2.18
20050123	0.01	1.24	1.69
20050124	0.03	2.22	1.41
20050125	0.38	2.84	1.24
20050126	0.33	3.93	1.14
20050127	0.13	5.03	1.07
20050128	0.53	5.66	1.02
20050129	0.02	5.19	0.96
20050130	0.35	6.36	0.91
20050131	0.67	7.88	0.88
20050201	0.3	7.14	0.88
20050202	2.51	6.76	0.83
20050203	0.24	7.01	0.9
20050204	0.07	6.81	0.89
20050205	6.11	4.43	0.84
20050206	0.36	3.56	1.18
20050207	0.04	3.9	1.12
20050208	0.18	6.69	0.94
20050209	6.97	8.03	0.91
20050210	0.05	4.59	1.66
20050211	17.87	6.7	1.53
20050212	4.97	4.67	6.18
20050213	0.44	3.64	3.29
20050214	0.01	3.0	2.35
20050215	0.03	1.87	1.7
20050216	0.78	2.4	1.39
20050217	0.18	4.99	1.25
20050218	1.66	3.99	1.22
20050219	0.05	0.92	1.17
20050220	0.0	1.3	1.01
20050221	0.98	1.62	0.94
20050222	0.9	0.48	0.9
20050223	3.0	0.42	0.87
20050224	2.97	1.0	0.97
20050225	1.29	2.17	1.05
20050226	0.35	2.34	1.11
20050227	0.11	0.64	1.06
20050228	5.0	1.72	0.97
20050301	0.51	2.71	1.21
20050302	0.35	0.45	1.14
20050303	3.07	2.2	0.97
20050304	1.08	3.05	1.09
20050305	0.34	1.17	1.15
20050306	0.07	1.7	0.98
20050307	0.0	5.2	0.9
20050308	0.01	4.19	0.96
20050309	0.27	5.45	1.07
20050310	0.18	6.45	1.08
20050311	1.09	4.1	1.28
20050312	0.04	3.26	1.08
20050313	0.01	2.17	0.84
20050314	4.43	5.57	0.78
20050315	0.08	9.92	1.0
20050316	1.14	11.61	0.83
20050317	0.02	12.12	0.8
20050318	0.01	11.78	0.73
20050319	0.0	11.73	0.7
20050320	0.0	9.48	0.68
20050321	5.1	11.25	0.69
20050322	1.39	10.7	0.8
20050323	2.56	12.08	1.02
20050324	0.78	12.02	0.79
20050325	0.01	10.37	0.73
20050326	0.88	9.46	0.71
20050327	0.24	7.45	0.71
20050328	0.0	8.15	0.64
20050329	8.62	7.47	0.6
20050330	9.85	6.74	1.77
20050331	0.58	9.02	2.41
20050401	0.22	8.15	1.42
20050402	0.0	10.7	1.13
20050403	1.57	10.2	0.94
20050404	0.11	7.22	0.85
20050405	5.19	8.62	0.75
20050406	3.39	7.04	0.97
20050407	1.43	6.24	1.01
20050408	0.23	2.85	0.88
20050409	1.14	7.19	0.75
20050410	0.13	9.77	0.76
20050411	0.74	10.56	0.72
20050412	1.02	9.04	0.65
20050413	5.05	8.03	0.68
20050414	1.73	6.74	0.84
20050415	13.41	4.18	1.15
20050416	0.03	4.02	2.58
20050417	9.85	8.64	1.6
20050418	1.65	5.96	2.68
20050419	2.29	8.07	1.77
20050420	0.04	5.74	1.33
20050421	0.0	7.65	1.1
20050422	0.0	9.89	0.93
20050423	0.0	9.18	0.85
20050424	0.0	9.8	0.77
20050425	0.47	11.93	0.71
20050426	7.44	8.75	0.77
20050427	1.22	10.71	0.92
20050428	0.17	10.7	0.75
20050429	6.67	12.97	0.67
20050430	5.39	14.86	1.02
20050501	0.07	14.53	1.21
20050502	3.63	14.91	0.98
20050503	1.31	12.41	0.9
20050504	0.15	9.97	0.71
20050505	4.06	10.97	0.66
20050506	10.56	9.5	1.13
20050507	2.24	8.14	1.97
20050508	1.26	6.98	1.12
20050509	0.61	6.52	0.92
20050510	0.0	6.19	0.75
20050511	0.0	7.93	0.66
20050512	0.01	9.72	0.62
20050513	0.0	9.43	0.56
20050514	0.0	8.68	0.53
20050515	0.1	12.56	0.53
20050516	0.53	5.81	0.52
20050517	0.03	7.36	0.5
20050518	1.01	10.43	0.48
20050519	0.49	14.59	0.5
20050520	0.33	11.27	0.48
20050521	8.21	9.99	0.61
20050522	2.55	10.25	0.77
20050523	2.47	11.35	0.56
20050524	2.03	13.19	0.54
20050525	0.06	15.93	0.54
20050526	0.0	14.84	0.49
20050527	0.0	18.28	0.46
20050528	0.0	11.69	0.43
20050529	0.01	11.07	0.41
20050530	0.39	12.37	0.42
20050531	1.72	13.19	0.4
20050601	8.74	13.58	0.53
20050602	2.26	14.14	0.66
20050603	3.25	13.27	0.59
20050604	3.4	13.98	0.51
20050605	0.04	13.55	0.72
20050606	0.0	9.26	0.54
20050607	0.0	12.43	0.43
20050608	0.0	14.66	0.38
20050609	0.01	15.71	0.37
20050610	0.0	12.06	0.37
20050611	0.07	12.08	0.37
20050612	1.57	9.11	0.38
20050613	2.15	11.26	0.41
20050614	1.38	13.48	0.39
20050615	0.97	15.47	0.4
20050616	0.04	16.74	0.37
20050617	0.0	19.85	0.35
20050618	0.0	21.93	0.32
20050619	16.4	21.1	0.76
20050620	0.0	16.48	1.15
20050621	0.02	16.14	0.51
20050622	0.0	19.07	0.39
20050623	4.83	19.59	0.35
20050624	8.36	17.03	0.52
20050625	0.01	12.67	0.66
20050626	0.0	14.52	0.43
20050627	0.0	15.91	0.39
20050628	11.92	17.42	0.42
20050629	1.35	15.26	0.7
20050630	0.35	15.38	0.47
20050701	0.91	17.07	0.37
20050702	0.07	16.27	0.35
20050703	1.16	15.33	0.37
20050704	7.34	11.52	0.48
20050705	15.45	13.8	0.79
20050706	0.44	13.65	1.33
20050707	0.26	14.75	0.67
20050708	0.0	15.63	0.5
20050709	0.0	19.23	0.42
20050710	0.0	20.88	0.4
20050711	0.0	20.79	0.37
20050712	0.1	21.26	0.33
20050713	0.0	18.81	0.31
20050714	0.0	20.8	0.29
20050715	0.0	16.0	0.29
20050716	0.0	15.75	0.28
20050717	0.03	18.84	0.29
20050718	2.94	15.16	0.29
20050719	0.52	15.09	0.32
20050720	0.06	15.31	0.28
20050721	0.04	14.42	0.28
20050722	0.04	14.83	0.3
20050723	0.01	16.37	0.3
20050724	7.41	12.94	0.42
20050725	0.18	13.19	0.43
20050726	0.02	14.81	0.31
20050727	6.65	14.9	0.3
20050728	7.59	14.38	0.6
20050729	0.04	15.26	0.57
20050730	0.5	14.66	0.4
20050731	0.01	14.54	0.36
20050801	0.01	14.64	0.34
20050802	0.44	16.93	0.31
20050803	0.29	15.96	0.27
20050804	4.82	16.19	0.29
20050805	0.01	14.19	0.35
20050806	0.0	12.76	0.32
20050807	0.0	13.54	0.27
20050808	0.0	15.23	0.26
20050809	0.33	18.29	0.25
20050810	0.15	16.49	0.23
20050811	3.35	17.94	0.25
20050812	2.46	13.96	0.3
20050813	30.87	15.09	2.24
20050814	0.12	14.87	1.72
20050815	0.01	16.62	0.71
20050816	0.0	17.82	0.5
20050817	0.0	18.32	0.43
20050818	0.08	18.31	0.37
20050819	0.02	14.89	0.34
20050820	0.0	14.57	0.31
20050821	11.79	18.45	0.31
20050822	0.61	13.19	0.61
20050823	3.91	16.01	0.46
20050824	5.96	13.41	0.55
20050825	9.64	11.9	0.81
20050826	0.29	13.27	1.48
20050827	0.0	14.77	0.62
20050828	0.09	17.95	0.49
20050829	2.09	14.86	0.44
20050830	0.0	19.53	0.4
20050831	3.79	20.14	0.37
20050901	0.2	12.62	0.41
20050902	0.01	14.84	0.35
20050903	0.0	16.8	0.31
20050904	2.14	20.56	0.33
20050905	0.14	16.75	0.35
20050906	0.0	18.03	0.33
20050907	0.54	18.01	0.3
20050908	13.93	16.74	0.43
20050909	1.06	17.28	0.81
20050910	3.88	14.45	0.48
20050911	0.44	13.04	0.55
20050912	0.0	16.45	0.44
20050913	0.56	16.59	0.36
20050914	1.2	14.62	0.32
20050915	11.84	11.19	0.57
20050916	0.02	8.45	0.98
20050917	0.57	11.29	0.49
20050918	0.02	13.03	0.43
20050919	0.15	15.36	0.42
20050920	0.02	13.27	0.37
20050921	0.0	14.83	0.32
20050922	1.34	15.79	0.32
20050923	1.01	10.4	0.32
20050924	1.24	11.76	0.32
20050925	0.26	13.25	0.33
20050926	0.91	13.86	0.34
20050927	0.68	11.15	0.3
20050928	13.92	10.05	0.37
20050929	15.17	12.62	0.93
20050930	9.16	13.9	2.6
20051001	2.45	9.68	2.18
20051002	0.31	11.31	1.22
20051003	0.0	11.37	0.8
20051004	0.0	10.64	0.63
20051005	0.0	12.52	0.53
20051006	0.11	12.93	0.47
20051007	0.27	14.43	0.44
20051008	6.47	9.67	0.54
20051009	0.04	11.11	0.74
20051010	0.01	16.26	0.53
20051011	4.72	17.34	0.46
20051012	13.17	13.41	0.85
20051013	0.03	10.14	1.9
20051014	0.02	11.84	0.89
20051015	0.01	13.84	0.67
20051016	0.04	13.47	0.59
20051017	0.0	12.28	0.54
20051018	8.62	10.54	0.5
20051019	2.81	10.52	0.84
20051020	2.5	11.44	0.75
20051021	9.43	11.7	1.23
20051022	1.42	9.85	1.83
20051023	22.26	11.36	1.31
20051024	20.42	13.13	5.89
20051025	3.08	11.8	7.98
20051026	3.88	14.02	3.23
20051027	0.34	16.09	2.41
20051028	0.59	14.05	1.68
20051029	0.45	14.69	1.32
20051030	3.22	13.22	1.19
20051031	5.74	10.46	1.12
20051101	7.16	10.73	1.42
20051102	2.33	14.75	2.12
20051103	3.0	11.05	1.64
20051104	4.63	6.6	2.09
20051105	6.11	9.69	1.83
20051106	4.9	9.76	2.79
20051107	7.43	10.09	2.26
20051108	20.23	8.74	4.92
20051109	1.42	8.67	5.89
20051110	0.72	13.13	2.95
20051111	1.61	8.37	2.35
20051112	0.15	6.39	1.84
20051113	0.05	4.58	1.49
20051114	1.15	7.46	1.26
20051115	2.41	6.53	1.18
20051116	0.0	1.75	1.18
20051117	0.02	1.18	1.01
20051118	0.04	1.56	0.9
20051119	0.03	1.38	0.84
20051120	0.03	2.91	0.81
20051121	0.08	2.72	0.78
20051122	0.02	1.31	0.72
20051123	1.56	4.31	0.69
20051124	2.02	3.19	0.8
20051125	0.27	1.14	0.86
20051126	1.16	3.03	0.75
20051127	1.39	1.74	0.77
20051128	3.68	-0.2	0.81
20051129	1.89	0.75	0.76
20051130	1.67	4.83	0.93
20051201	9.76	6.56	1.56
20051202	7.35	6.52	2.89
20051203	7.07	5.68	3.54
20051204	13.38	6.03	3.5
20051205	9.7	5.1	6.22
20051206	0.14	2.75	5.28
20051207	3.24	2.38	2.89
20051208	0.1	3.5	2.64
20051209	0.51	5.48	1.94
20051210	0.07	7.48	1.68
20051211	0.24	6.59	1.47
20051212	0.02	2.58	1.29
20051213	0.19	4.18	1.15
20051214	0.06	6.91	1.1
20051215	1.56	8.83	1.04
20051216	0.01	3.52	1.1
20051217	0.03	-0.5	0.99
20051218	2.59	2.52	0.92
20051219	0.16	5.0	1.0
20051220	0.19	6.47	0.9
20051221	1.82	7.87	0.86
20051222	0.29	7.88	0.89
20051223	4.33	7.93	0.9
20051224	0.07	4.56	1.47
20051225	0.24	2.33	1.02
20051226	0.64	1.47	0.94
20051227	0.14	-0.92	0.86
20051228	0.03	-2.6	0.8
20051229	6.45	-1.94	0.73
20051230	6.36	4.05	1.77
20051231	2.87	5.36	2.56
20060101	0.04	3.66	2.22
20060102	0.58	4.22	1.49
20060103	0.56	5.0	1.27
20060104	0.05	2.62	1.18
20060105	0.02	0.88	1.05
20060106	0.05	1.49	0.94
20060107	0.98	1.17	0.9
20060108	0.09	1.91	0.87
20060109	4.33	4.36	0.83
20060110	6.44	7.93	1.57
20060111	0.08	4.54	2.22
20060112	0.0	4.83	1.47
20060113	0.96	6.52	1.22
20060114	0.03	4.86	1.11
20060115	0.05	6.35	1.05
20060116	5.36	5.81	1.0
20060117	3.49	7.21	1.53
20060118	1.89	9.29	1.93
20060119	3.24	7.46	1.79
20060120	0.06	5.93	1.71
20060121	0.04	4.25	1.35
20060122	0.0	1.93	1.14
20060123	0.0	0.72	1.02
20060124	0.01	0.87	0.94
20060125	0.0	2.38	0.86
20060126	0.01	2.43	0.81
20060127	0.54	1.94	0.77
20060128	0.0	1.05	0.73
20060129	0.02	0.89	0.71
20060130	0.0	1.8	0.69
20060131	0.0	-0.08	0.66
20060201	0.0	-1.99	0.64
20060202	0.0	-0.81	0.62
20060203	0.0	1.76	0.61
20060204	0.03	4.32	0.6
20060205	0.11	5.06	0.59
20060206	0.0	6.55	0.61
20060207	6.61	6.47	0.61
20060208	0.05	3.49	0.97
20060209	0.0	0.52	0.71
20060210	0.0	1.72	0.61
20060211	6.59	3.27	0.58
20060212	8.97	7.55	1.71
20060213	2.18	7.57	2.66
20060214	6.49	7.58	1.66
20060215	0.13	6.64	2.35
20060216	4.37	5.58	1.59
20060217	0.06	3.54	1.74
20060218	0.05	3.69	1.39
20060219	0.02	3.54	1.12
20060220	0.4	4.33	0.96
20060221	1.18	3.38	0.84
20060222	0.69	1.45	0.81
20060223	9.91	2.07	0.97
20060224	0.25	1.57	1.59
20060225	0.58	3.87	1.28
20060226	0.04	3.47	1.15
20060227	5.65	2.72	1.11
20060228	0.05	0.12	1.73
20060301	1.31	0.52	1.12
20060302	0.71	-1.46	1.01
20060303	1.3	-0.87	0.93
20060304	1.27	0.84	0.92
20060305	1.27	2.5	0.92
20060306	3.5	2.83	0.91
20060307	12.01	5.62	1.81
20060308	9.47	7.67	4.76
20060309	4.92	5.97	3.79
20060310	7.95	3.18	3.92
20060311	0.22	1.61	3.21
20060312	1.07	-0.03	2.24
20060313	1.46	2.0	1.72
20060314	15.87	5.28	1.61
20060315	0.06	2.47	4.99
20060316	0.32	1.79	2.7
20060317	0.18	1.78	1.95
20060318	0.0	3.22	1.57
20060319	0.1	4.86	1.36
20060320	0.04	3.33	1.26
20060321	0.0	1.13	1.12
20060322	0.0	1.51	0.99
20060323	1.77	4.95	0.92
20060324	6.27	7.99	0.98
20060325	5.41	11.33	1.65
20060326	3.06	12.55	1.89
20060327	4.24	10.64	2.0
20060328	3.8	5.81	1.87
20060329	6.39	8.54	1.83
20060330	1.23	11.15	2.28
20060331	6.6	9.47	1.67
20060401	2.0	9.04	1.96
20060402	6.89	7.39	1.96
20060403	0.55	4.69	2.58
20060404	0.01	2.64	1.62
20060405	0.0	5.74	1.3
20060406	2.36	5.94	1.14
20060407	4.32	5.29	1.12
20060408	3.63	5.16	1.21
20060409	4.04	2.25	1.54
20060410	1.42	5.3	1.52
20060411	5.33	8.14	1.68
20060412	0.09	9.42	1.83
20060413	0.05	9.05	1.3
20060414	1.37	8.95	1.09
20060415	0.14	10.88	1.02
20060416	0.12	9.33	0.91
20060417	4.26	8.2	0.84
20060418	12.3	8.98	1.13
20060419	1.01	7.87	2.83
20060420	10.83	10.38	2.28
20060421	0.54	8.76	3.52
20060422	0.7	10.27	2.39
20060423	0.0	8.1	1.71
20060424	0.21	10.21	1.37
20060425	0.01	10.96	1.18
20060426	0.02	10.86	1.02
20060427	0.0	10.38	0.91
20060428	0.0	10.25	0.81
20060429	0.31	9.29	0.76
20060430	6.21	7.98	0.75
20060501	0.71	7.67	0.92
20060502	1.06	10.21	0.81
20060503	0.02	12.87	0.73
20060504	0.08	16.94	0.66
20060505	0.0	12.1	0.61
20060506	0.25	13.65	0.57
20060507	3.41	11.38	0.59
20060508	4.51	12.76	0.66
20060509	0.0	13.36	0.72
20060510	0.0	13.86	0.59
20060511	0.01	15.49	0.54
20060512	3.59	15.76	0.51
20060513	1.26	9.15	0.56
20060514	1.04	11.83	0.54
20060515	4.49	12.38	0.6
20060516	6.79	13.93	0.67
20060517	7.73	13.89	0.79
20060518	4.84	13.47	1.07
20060519	12.78	12.26	1.4
20060520	3.38	9.67	2.89
20060521	13.87	11.61	2.24
20060522	9.36	8.1	4.4
20060523	12.48	9.17	2.93
20060524	1.08	8.71	4.15
20060525	8.57	11.82	2.49
20060526	1.62	14.24	2.83
20060527	0.66	13.06	2.14
20060528	2.73	10.59	1.53
20060529	4.43	8.36	1.51
20060530	0.06	8.22	1.37
20060531	0.25	10.13	1.05
20060601	0.01	12.18	0.89
20060602	0.0	12.63	0.8
20060603	0.0	14.19	0.72
20060604	0.0	15.37	0.66
20060605	0.0	14.68	0.64
20060606	0.0	16.75	0.59
20060607	0.0	16.44	0.56
20060608	0.0	18.88	0.53
20060609	0.0	18.79	0.5
20060610	0.0	21.33	0.49
20060611	2.57	21.11	0.47
20060612	0.39	17.54	0.51
20060613	1.26	15.39	0.47
20060614	0.1	13.98	0.45
20060615	0.0	14.56	0.44
20060616	0.07	17.63	0.43
20060617	0.0	18.44	0.43
20060618	1.0	14.9	0.45
20060619	2.75	13.67	0.45
20060620	3.92	14.67	0.49
20060621	0.7	13.17	0.46
20060622	0.22	12.2	0.4
20060623	0.02	15.71	0.39
20060624	0.05	16.53	0.36
20060625	0.32	16.07	0.37
20060626	7.52	13.55	0.4
20060627	0.53	14.14	0.51
20060628	0.0	15.43	0.43
20060629	0.0	17.83	0.37
20060630	0.0	18.63	0.34
20060701	0.0	21.13	0.35
20060702	5.16	21.64	0.45
20060703	0.0	20.73	0.52
20060704	0.35	21.06	0.37
20060705	2.59	21.12	0.33
20060706	0.09	19.76	0.33
20060707	0.0	15.1	0.33
20060708	1.8	15.65	0.31
20060709	0.17	14.9	0.33
20060710	0.01	16.86	0.33
20060711	0.0	15.17	0.29
20060712	0.09	17.55	0.27
20060713	0.0	14.49	0.25
20060714	0.0	15.62	0.25
20060715	0.0	17.05	0.24
20060716	0.0	20.19	0.27
20060717	0.0	21.86	0.26
20060718	0.0	23.07	0.21
20060719	2.6	24.38	0.19
20060720	0.0	21.55	0.23
20060721	0.01	21.13	0.21
20060722	0.9	20.46	0.22
20060723	0.0	17.57	0.22
20060724	0.0	20.91	0.22
20060725	0.05	23.72	0.2
20060726	0.0	21.37	0.18
20060727	0.0	19.26	0.19
20060728	0.0	19.71	0.19
20060729	1.52	18.46	0.19
20060730	0.19	18.13	0.19
20060731	6.29	16.52	0.25
20060801	3.07	15.48	0.31
20060802	7.02	14.57	0.29
20060803	0.03	17.48	0.46
20060804	0.9	17.14	0.26
20060805	0.16	19.03	0.27
20060806	0.79	19.38	0.27
20060807	0.0	16.32	0.27
20060808	2.52	17.23	0.23
20060809	0.87	14.69	0.25
20060810	0.19	14.15	0.22
20060811	0.05	15.01	0.21
20060812	1.9	15.14	0.19
20060813	4.47	14.14	0.22
20060814	0.15	16.16	0.31
20060815	0.05	14.83	0.24
20060816	6.35	16.34	0.31
20060817	9.84	16.11	0.45
20060818	6.54	15.15	0.96
20060819	11.17	15.7	0.69
20060820	4.87	15.03	0.83
20060821	0.38	14.2	0.62
20060822	0.68	17.16	0.44
20060823	18.09	15.49	0.83
20060824	0.03	12.77	1.37
20060825	5.11	15.27	0.67
20060826	0.36	14.99	0.56
20060827	15.06	14.77	0.54
20060828	6.46	13.1	1.48
20060829	5.4	13.44	1.34
20060830	7.55	14.49	1.02
20060831	11.4	16.45	1.24
20060901	3.38	16.74	1.98
20060902	8.75	16.15	1.52
20060903	1.39	16.17	1.65
20060904	3.58	17.05	1.09
20060905	0.19	19.04	0.88
20060906	0.56	15.71	0.71
20060907	0.01	12.4	0.55
20060908	0.0	13.25	0.46
20060909	0.01	14.39	0.41
20060910	0.0	17.09	0.38
20060911	0.36	19.57	0.38
20060912	0.01	18.71	0.34
20060913	15.71	18.56	0.34
20060914	18.72	14.15	2.72
20060915	0.01	14.96	2.18
20060916	0.0	15.5	1.17
20060917	0.17	16.42	0.82
20060918	3.38	14.98	0.67
20060919	0.0	14.03	0.62
20060920	0.0	17.11	0.53
20060921	0.0	20.2	0.46
20060922	5.47	14.76	0.57
20060923	0.95	17.24	0.58
20060924	6.62	16.0	0.81
20060925	0.09	15.75	0.7
20060926	0.0	15.25	0.51
20060927	0.75	15.26	0.45
20060928	3.42	14.87	0.44
20060929	3.51	11.98	0.54
20060930	7.88	13.84	0.61
20061001	10.79	13.64	1.3
20061002	1.41	12.65	2.0
20061003	7.62	11.06	1.32
20061004	1.56	10.44	1.97
20061005	12.44	12.84	2.04
20061006	4.97	12.94	2.93
20061007	0.03	12.8	2.41
20061008	5.31	13.59	1.53
20061009	2.29	10.99	1.53
20061010	4.72	13.61	1.42
20061011	7.5	11.79	2.47
20061012	0.13	12.2	2.56
20061013	0.06	11.81	1.6
20061014	0.0	13.34	1.21
20061015	0.0	11.71	1.0
20061016	1.43	13.16	0.85
20061017	0.38	12.32	0.79
20061018	4.75	13.74	0.74
20061019	2.34	13.57	0.87
20061020	1.62	13.18	0.97
20061021	5.95	13.01	0.88
20061022	6.95	10.13	1.38
20061023	0.04	9.14	1.99
20061024	0.02	9.71	1.29
20061025	15.96	11.93	2.03
20061026	0.31	10.82	3.18
20061027	3.94	10.97	1.99
20061028	0.23	12.98	1.69
20061029	0.16	12.49	1.32
20061030	1.21	13.38	1.11
20061031	0.33	6.62	0.96
20061101	0.02	3.44	0.83
20061102	0.03	3.25	0.73
20061103	0.01	5.03	0.69
20061104	0.02	8.35	0.66
20061105	0.0	9.23	0.64
20061106	0.01	6.91	0.63
20061107	2.52	7.65	0.6
20061108	2.31	8.42	0.65
20061109	0.15	5.68	0.68
20061110	4.96	7.95	0.64
20061111	4.2	8.29	0.99
20061112	2.28	10.33	1.1
20061113	0.07	10.74	1.09
20061114	6.37	10.29	0.86
20061115	0.26	11.11	1.46
20061116	0.15	6.42	1.2
20061117	0.48	5.8	0.94
20061118	0.47	5.12	0.8
20061119	4.79	6.44	0.76
20061120	0.84	6.57	1.11
20061121	5.76	5.43	1.01
20061122	11.48	7.53	2.12
20061123	1.23	7.37	3.06
20061124	16.7	8.44	2.35
20061125	1.93	7.46	5.34
20061126	0.55	9.06	3.0
20061127	6.03	10.76	2.18
20061128	0.02	7.65	2.3
20061129	0.03	9.58	1.77
20061130	0.72	9.41	1.44
20061201	0.04	8.77	1.27
20061202	6.89	8.27	1.17
20061203	0.12	7.56	1.67
20061204	10.66	9.88	1.53
20061205	3.69	8.32	2.51
20061206	8.22	7.61	2.39
20061207	6.89	6.94	3.08
20061208	3.73	5.63	3.02
20061209	1.2	3.91	2.66
20061210	13.96	8.23	2.3
20061211	0.18	5.93	4.13
20061212	1.72	7.8	3.0
20061213	0.24	10.93	2.39
20061214	8.72	9.59	1.9
20061215	12.26	5.53	3.75
20061216	1.38	5.17	4.63
20061217	3.4	5.14	3.1
20061218	0.06	4.0	2.7
20061219	0.07	3.14	2.12
20061220	0.02	2.13	1.73
20061221	0.06	2.39	1.49
20061222	0.03	2.75	1.31
20061223	0.0	1.39	1.19
20061224	0.0	3.07	1.12
20061225	0.01	2.95	1.04
20061226	0.0	2.79	0.98
20061227	5.13	4.94	1.02
20061228	0.95	7.59	1.24
20061229	13.41	9.26	1.42
20061230	3.53	7.44	3.44
20061231	3.38	7.38	2.85
20070101	6.95	5.49	2.62
20070102	2.52	7.13	2.97
20070103	4.07	9.25	2.56
20070104	0.32	8.25	2.56
20070105	1.93	7.01	2.14
20070106	3.71	6.75	2.07
20070107	7.12	6.85	2.33
20070108	2.7	8.34	3.21
20070109	8.6	8.41	3.06
20070110	5.54	6.86	3.39
20070111	2.02	8.59	3.27
20070112	0.05	10.53	2.7
20070113	1.91	6.99	2.08
20070114	0.02	6.2	1.79
20070115	2.78	7.62	1.56
20070116	9.58	6.93	1.85
20070117	14.25	7.99	3.0
20070118	1.71	8.2	5.49
20070119	3.58	9.29	3.16
20070120	6.78	5.41	2.81
20070121	3.52	3.37	2.97
20070122	0.35	1.23	2.62
20070123	1.67	0.92	1.98
20070124	0.34	1.23	1.74
20070125	1.31	1.84	1.55
20070126	0.15	5.61	1.49
20070127	0.08	6.28	1.63
20070128	0.34	7.67	1.36
20070129	0.02	6.77	1.23
20070130	0.02	5.32	1.13
20070131	1.78	7.92	1.06
20070201	0.16	8.24	1.18
20070202	0.02	4.56	1.05
20070203	0.06	3.65	0.95
20070204	0.04	3.89	0.92
20070205	0.06	1.18	0.91
20070206	0.06	-1.06	0.85
20070207	0.25	-0.03	0.8
20070208	0.68	-0.65	0.78
20070209	11.14	1.02	0.89
20070210	8.41	4.28	1.75
20070211	3.94	7.0	3.25
20070212	2.3	6.86	3.08
20070213	2.35	6.44	2.62
20070214	0.04	5.71	2.03
20070215	2.96	8.71	1.58
20070216	7.73	6.19	2.18
20070217	0.05	5.7	2.53
20070218	0.03	6.29	1.83
20070219	2.47	7.56	1.52
20070220	1.24	8.06	1.44
20070221	4.25	8.13	1.37
20070222	4.54	8.41	1.7
20070223	3.2	8.76	2.22
20070224	4.44	7.86	2.26
20070225	2.48	7.07	2.6
20070226	5.39	5.48	2.37
20070227	2.5	8.64	2.6
20070228	1.69	6.86	2.41
20070301	1.12	4.33	2.0
20070302	8.98	6.63	1.68
20070303	0.07	6.53	2.51
20070304	10.32	6.82	2.6
20070305	7.68	7.25	3.39
20070306	0.49	7.76	3.46
20070307	0.03	7.11	2.53
20070308	3.76	7.69	1.97
20070309	0.03	6.88	1.83
20070310	0.0	8.67	1.55
20070311	0.12	9.55	1.36
20070312	0.31	6.43	1.23
20070313	0.01	7.29	1.09
20070314	0.0	8.17	0.99
20070315	1.33	5.71	0.95
20070316	0.56	7.42	0.92
20070317	2.91	7.8	0.89
20070318	7.43	3.2	1.0
20070319	1.0	3.54	1.23
20070320	0.01	1.43	1.22
20070321	3.89	3.67	0.98
20070322	0.11	6.05	1.03
20070323	0.04	5.16	1.05
20070324	0.01	7.19	0.89
20070325	0.01	7.53	0.84
20070326	0.0	8.61	0.78
20070327	0.0	8.47	0.73
20070328	1.3	8.7	0.69
20070329	0.85	6.14	0.68
20070330	0.01	6.99	0.67
20070331	0.0	7.83	0.64
20070401	0.0	8.11	0.61
20070402	0.22	9.32	0.59
20070403	0.01	5.16	0.59
20070404	0.0	7.62	0.57
20070405	0.0	8.78	0.56
20070406	0.0	8.07	0.57
20070407	0.0	9.3	0.57
20070408	0.0	10.32	0.56
20070409	0.6	10.41	0.56
20070410	0.0	10.72	0.56
20070411	0.0	10.02	0.52
20070412	0.0	10.61	0.51
20070413	0.0	11.46	0.5
20070414	0.0	14.5	0.5
20070415	0.01	15.57	0.5
20070416	0.0	10.59	0.49
20070417	0.0	8.83	0.46
20070418	0.0	8.61	0.45
20070419	0.0	9.63	0.45
20070420	0.0	11.87	0.45
20070421	0.12	13.48	0.45
20070422	1.52	13.62	0.46
20070423	9.99	13.97	0.59
20070424	3.7	13.82	0.74
20070425	0.0	10.79	0.65
20070426	0.23	11.7	0.51
20070427	0.0	11.35	0.47
20070428	0.0	11.93	0.44
20070429	0.0	11.56	0.44
20070430	0.0	11.78	0.43
20070501	0.0	12.36	0.4
20070502	0.0	11.66	0.42
20070503	0.0	11.63	0.46
20070504	0.0	9.13	0.42
20070505	0.0	13.11	0.4
20070506	0.27	12.11	0.41
20070507	6.13	11.86	0.43
20070508	5.08	10.43	0.56
20070509	7.1	11.72	0.63
20070510	0.61	11.79	0.65
20070511	7.19	11.67	0.53
20070512	2.53	11.1	0.66
20070513	23.98	10.73	1.01
20070514	2.51	10.12	2.12
20070515	2.16	11.56	1.06
20070516	17.2	11.59	0.99
20070517	0.3	14.41	2.72
20070518	0.28	12.99	1.69
20070519	1.21	10.13	1.0
20070520	0.0	11.18	0.76
20070521	0.0	11.98	0.65
20070522	0.0	13.56	0.57
20070523	0.09	16.96	0.52
20070524	0.51	15.62	0.49
20070525	0.28	10.69	0.46
20070526	4.82	9.33	0.45
20070527	3.78	7.94	0.57
20070528	4.9	7.71	0.61
20070529	0.43	8.02	0.58
20070530	0.31	11.49	0.49
20070531	3.02	12.73	0.47
20070601	0.03	15.49	0.51
20070602	0.0	17.39	0.43
20070603	0.22	16.86	0.42
20070604	0.0	14.75	0.4
20070605	0.0	13.92	0.36
20070606	0.0	14.13	0.34
20070607	0.0	14.13	0.33
20070608	0.0	15.9	0.33
20070609	0.01	18.44	0.34
20070610	0.0	17.38	0.33
20070611	1.56	19.45	0.33
20070612	1.28	15.94	0.33
20070613	20.83	15.83	0.45
20070614	23.3	12.36	1.08
20070615	13.52	14.32	2.91
20070616	1.72	14.16	2.91
20070617	3.18	15.1	1.68
20070618	2.41	14.3	1.19
20070619	5.69	16.99	1.02
20070620	0.05	16.12	1.01
20070621	3.66	15.12	0.79
20070622	8.93	15.19	1.0
20070623	3.04	14.33	1.29
20070624	23.04	13.85	1.45
20070625	10.14	10.76	6.31
20070626	0.05	11.83	4.57
20070627	1.45	10.96	2.22
20070628	12.1	13.73	1.56
20070629	3.76	13.6	2.45
20070630	8.55	15.53	2.49
20070701	4.68	16.09	3.04
20070702	21.8	14.78	4.0
20070703	11.9	14.03	8.8
20070704	9.11	14.23	8.44
20070705	9.29	14.25	6.72
20070706	3.31	14.13	4.55
20070707	0.21	13.57	2.97
20070708	3.07	13.53	2.28
20070709	1.6	13.2	1.82
20070710	1.47	14.31	1.5
20070711	0.18	14.47	1.31
20070712	4.08	16.51	1.21
20070713	18.04	15.04	2.53
20070714	0.33	15.76	3.81
20070715	8.96	15.43	2.47
20070716	0.7	16.48	2.64
20070717	6.04	15.41	2.45
20070718	3.69	14.58	2.14
20070719	4.73	17.13	1.69
20070720	10.64	12.88	2.26
20070721	1.63	11.57	2.66
20070722	1.88	14.52	2.04
20070723	0.6	14.27	1.72
20070724	3.6	14.73	1.36
20070725	1.77	16.52	1.27
20070726	7.07	14.62	1.46
20070727	0.35	15.25	1.56
20070728	0.79	14.1	1.1
20070729	0.0	13.05	0.96
20070730	0.0	13.04	0.84
20070731	0.01	15.16	0.74
20070801	0.21	16.77	0.71
20070802	0.0	14.59	0.67
20070803	0.0	18.73	0.64
20070804	0.01	17.28	0.62
20070805	0.65	19.27	0.61
20070806	2.55	14.56	0.63
20070807	0.0	12.25	0.73
20070808	0.0	13.81	0.6
20070809	0.0	14.72	0.56
20070810	0.0	17.18	0.54
20070811	0.74	18.1	0.53
20070812	1.45	14.51	0.56
20070813	4.78	15.76	0.57
20070814	9.82	16.61	0.69
20070815	1.29	13.92	0.85
20070816	4.34	12.48	0.78
20070817	2.6	15.1	0.65
20070818	7.91	15.25	0.68
20070819	4.48	13.0	1.08
20070820	0.0	13.85	1.09
20070821	0.01	15.45	0.73
20070822	0.0	15.02	0.59
20070823	0.0	16.3	0.52
20070824	0.07	16.57	0.49
20070825	0.0	16.09	0.48
20070826	0.0	13.55	0.49
20070827	0.01	13.78	0.48
20070828	0.0	13.08	0.47
20070829	1.25	13.98	0.43
20070830	0.26	15.12	0.43
20070831	1.62	15.06	0.43
20070901	0.65	15.39	0.47
20070902	10.6	13.51	0.54
20070903	0.02	11.72	1.1
20070904	0.75	15.25	0.56
20070905	0.19	17.0	0.46
20070906	0.01	16.85	0.43
20070907	0.0	15.74	0.42
20070908	0.0	15.3	0.42
20070909	0.78	15.38	0.43
20070910	0.02	12.19	0.44
20070911	0.03	15.32	0.4
20070912	0.0	15.7	0.39
20070913	0.66	15.67	0.39
20070914	0.01	11.68	0.37
20070915	0.0	14.13	0.37
20070916	2.41	14.34	0.38
20070917	3.91	8.06	0.45
20070918	0.2	10.7	0.46
20070919	10.17	14.9	0.43
20070920	2.66	14.9	0.73
20070921	5.57	12.87	0.71
20070922	0.23	15.1	0.72
20070923	11.95	13.75	0.61
20070924	7.34	11.59	1.31
20070925	2.24	10.4	1.55
20070926	0.04	7.18	1.11
20070927	0.09	9.44	0.72
20070928	0.1	12.14	0.6
20070929	0.0	10.15	0.54
20070930	0.02	10.73	0.49
20071001	0.16	11.61	0.47
20071002	0.73	12.88	0.45
20071003	1.04	10.88	0.44
20071004	0.04	9.53	0.44
20071005	0.01	11.58	0.4
20071006	0.0	11.77	0.37
20071007	0.02	12.58	0.38
20071008	10.17	12.21	0.39
20071009	1.67	12.83	0.77
20071010	0.01	12.01	0.71
20071011	1.39	13.69	0.52
20071012	0.27	15.35	0.48
20071013	1.0	14.33	0.49
20071014	0.23	12.87	0.49
20071015	1.95	12.44	0.56
20071016	4.27	9.24	0.59
20071017	0.4	7.09	0.68
20071018	0.02	7.61	0.54
20071019	0.0	7.73	0.48
20071020	0.03	8.09	0.46
20071021	0.0	8.98	0.45
20071022	0.0	6.96	0.46
20071023	0.01	6.14	0.43
20071024	0.01	7.92	0.41
20071025	0.0	9.06	0.39
20071026	0.79	10.01	0.39
20071027	4.91	13.56	0.39
20071028	8.43	10.3	1.0
20071029	6.04	8.71	1.05
20071030	0.05	10.65	1.32
20071031	0.01	12.04	0.94
20071101	0.0	13.2	0.72
20071102	0.08	12.36	0.62
20071103	0.78	8.38	0.57
20071104	0.08	8.15	0.56
20071105	1.93	8.67	0.54
20071106	0.05	9.11	0.51
20071107	0.47	10.87	0.47
20071108	4.5	8.25	0.52
20071109	4.34	8.35	0.71
20071110	3.27	10.6	0.96
20071111	0.11	4.17	1.13
20071112	3.7	3.86	0.86
20071113	1.72	6.39	1.02
20071114	0.17	4.21	1.01
20071115	0.07	4.05	0.79
20071116	0.05	4.62	0.71
20071117	11.78	6.02	0.67
20071118	8.47	2.98	1.91
20071119	1.7	5.65	2.68
20071120	2.58	7.05	2.56
20071121	0.26	6.31	1.79
20071122	1.18	3.79	1.36
20071123	0.07	1.26	1.13
20071124	1.43	6.15	0.96
20071125	0.12	6.85	0.97
20071126	1.97	6.78	0.87
20071127	0.55	8.15	0.85
20071128	6.26	7.42	1.06
20071129	1.22	7.75	1.46
20071130	6.94	8.42	1.54
20071201	5.68	6.58	2.51
20071202	6.32	7.43	2.64
20071203	6.24	6.1	3.1
20071204	3.34	10.15	2.89
20071205	2.72	9.9	2.3
20071206	32.14	9.28	4.61
20071207	3.3	5.08	11.19
20071208	9.9	6.12	6.87
20071209	2.76	4.78	5.05
20071210	0.06	1.53	3.06
20071211	0.07	2.95	2.37
20071212	0.0	2.54	1.9
20071213	0.04	1.63	1.59
20071214	0.07	0.17	1.39
20071215	0.01	0.74	1.26
20071216	0.01	-0.79	1.14
20071217	0.0	2.23	1.03
20071218	0.0	2.27	0.96
20071219	0.03	1.13	0.9
20071220	0.02	-0.47	0.85
20071221	0.02	-0.1	0.83
20071222	2.81	2.17	0.85
20071223	0.09	3.78	0.9
20071224	12.53	6.17	1.23
20071225	0.2	3.89	2.6
20071226	0.02	7.47	1.6
20071227	0.87	10.31	1.29
20071228	8.6	6.99	1.45
20071229	5.99	5.67	3.08
20071230	0.34	5.97	2.91
20071231	0.81	6.96	1.95
20080101	0.56	6.53	1.59
20080102	0.02	2.13	1.38
20080103	1.64	0.6	1.19
20080104	5.28	4.31	1.28
20080105	0.01	4.61	1.71
20080106	5.18	4.9	1.35
20080107	2.6	5.09	1.68
20080108	5.41	5.25	2.0
20080109	6.77	5.72	2.47
20080110	5.96	4.85	3.44
20080111	5.43	2.34	3.27
20080112	3.75	5.86	3.08
20080113	2.75	7.59	2.83
20080114	11.39	7.15	2.58
20080115	10.66	5.7	5.82
20080116	1.97	4.56	5.84
20080117	12.45	6.63	3.79
20080118	7.22	9.36	5.34
20080119	12.42	10.02	5.47
20080120	8.15	10.49	7.35
20080121	2.5	5.22	6.41
20080122	0.89	5.67	3.81
20080123	1.0	9.1	2.87
20080124	0.39	5.79	2.41
20080125	0.0	8.76	1.96
20080126	0.0	8.19	1.68
20080127	0.0	6.37	1.5
20080128	0.01	6.57	1.35
20080129	3.39	5.84	1.29
20080130	5.04	4.83	1.33
20080131	2.95	3.89	1.82
20080201	1.73	1.72	1.92
20080202	0.86	2.97	1.59
20080203	2.79	3.24	1.56
20080204	10.96	5.2	1.71
20080205	5.91	7.48	3.54
20080206	0.13	5.43	2.93
20080207	0.08	9.6	2.12
20080208	0.0	6.93	1.69
20080209	0.0	6.77	1.44
20080210	0.0	5.98	1.27
20080211	0.03	5.54	1.14
20080212	0.01	7.45	1.03
20080213	0.0	6.76	0.96
20080214	0.0	3.2	0.92
20080215	0.0	0.91	0.88
20080216	0.0	-0.55	0.83
20080217	0.04	1.05	0.8
20080218	0.01	1.68	0.79
20080219	0.0	0.41	0.76
20080220	0.3	2.23	0.74
20080221	1.07	8.56	0.74
20080222	0.03	8.33	0.75
20080223	0.0	9.21	0.72
20080224	1.8	5.04	0.74
20080225	6.25	5.63	0.74
20080226	0.02	6.45	0.94
20080227	0.0	5.43	0.8
20080228	0.0	6.05	0.7
20080229	7.96	8.23	0.8
20080301	2.99	8.92	1.25
20080302	0.8	5.68	1.3
20080303	0.72	2.87	0.93
20080304	0.69	2.42	0.78
20080305	0.03	5.59	0.71
20080306	2.79	6.95	0.71
20080307	0.01	7.25	0.77
20080308	0.85	6.65	0.76
20080309	5.32	5.58	0.73
20080310	7.27	5.32	1.04
20080311	1.97	7.64	1.86
20080312	1.01	5.93	1.16
20080313	0.55	5.67	0.98
20080314	0.34	7.23	0.85
20080315	6.6	8.01	0.92
20080316	0.1	4.47	1.27
20080317	0.0	3.82	0.93
20080318	0.0	3.06	0.79
20080319	0.4	5.22	0.73
20080320	7.85	5.96	0.74
20080321	0.8	4.54	1.34
20080322	2.92	2.94	0.9
20080323	0.42	2.99	0.87
20080324	0.15	2.59	0.86
20080325	3.39	4.12	0.79
20080326	1.68	4.19	0.93
20080327	4.88	5.9	1.0
20080328	5.74	6.48	1.46
20080329	7.64	6.76	2.37
20080330	0.04	7.08	2.33
20080331	3.02	9.43	1.45
20080401	0.53	9.1	1.29
20080402	0.36	9.84	1.11
20080403	0.02	9.98	0.97
20080404	2.17	8.47	0.89
20080405	4.82	2.97	0.92
20080406	2.56	2.4	1.09
20080407	1.47	3.61	1.07
20080408	0.77	4.06	1.0
20080409	1.1	5.08	1.03
20080410	1.98	6.5	0.93
20080411	8.84	5.26	1.23
20080412	3.88	6.69	1.9
20080413	0.49	6.04	1.49
20080414	1.43	5.11	1.2
20080415	1.96	4.22	1.11
20080416	0.54	5.5	1.04
20080417	0.02	5.81	0.93
20080418	0.01	6.61	0.83
20080419	0.72	6.93	0.79
20080420	0.66	7.32	0.77
20080421	0.0	8.66	0.72
20080422	0.96	11.92	0.67
20080423	4.72	10.92	0.66
20080424	3.51	10.39	0.87
20080425	0.66	10.81	0.91
20080426	4.18	13.26	0.75
20080427	4.48	10.13	0.88
20080428	1.18	7.77	1.27
20080429	9.69	9.08	1.08
20080430	0.65	8.8	1.83
20080501	0.02	8.79	1.16
20080502	0.13	11.46	0.89
20080503	1.85	15.28	0.79
20080504	10.7	13.88	1.09
20080505	0.64	13.36	1.54
20080506	0.01	15.64	1.09
20080507	0.02	15.96	0.85
20080508	0.01	17.48	0.74
20080509	0.02	16.26	0.65
20080510	0.21	17.82	0.63
20080511	0.1	17.45	0.61
20080512	0.0	14.68	0.58
20080513	0.0	12.58	0.55
20080514	0.0	11.15	0.53
20080515	0.0	12.05	0.53
20080516	0.49	10.9	0.53
20080517	0.18	9.18	0.54
20080518	0.01	8.09	0.54
20080519	0.0	8.2	0.5
20080520	0.0	10.32	0.48
20080521	0.0	12.23	0.47
20080522	0.04	14.75	0.46
20080523	0.17	13.36	0.46
20080524	0.0	12.58	0.47
20080525	0.33	12.42	0.46
20080526	11.71	12.12	0.45
20080527	12.05	11.3	0.75
20080528	4.48	12.6	1.14
20080529	1.44	15.88	0.88
20080530	0.02	14.12	0.63
20080531	0.18	15.67	0.54
20080601	1.92	13.68	0.51
20080602	6.69	16.11	0.51
20080603	0.95	11.83	0.66
20080604	0.0	13.98	0.57
20080605	0.42	14.17	0.47
20080606	0.24	13.39	0.43
20080607	0.01	13.25	0.41
20080608	0.0	15.62	0.41
20080609	0.0	18.3	0.39
20080610	0.42	14.13	0.37
20080611	1.59	13.22	0.36
20080612	0.64	10.91	0.41
20080613	0.07	10.84	0.39
20080614	0.04	11.39	0.37
20080615	0.12	10.15	0.36
20080616	0.0	11.64	0.36
20080617	2.35	13.97	0.34
20080618	4.61	13.16	0.4
20080619	0.15	14.32	0.39
20080620	0.48	12.13	0.33
20080621	2.39	12.96	0.36
20080622	0.8	12.88	0.37
20080623	0.04	11.87	0.34
20080624	0.46	16.45	0.3
20080625	0.29	14.15	0.29
20080626	17.39	12.67	0.49
20080627	1.37	15.08	0.91
20080628	0.08	15.12	0.48
20080629	2.61	13.49	0.41
20080630	0.0	15.81	0.38
20080701	3.7	17.25	0.31
20080702	1.83	14.52	0.37
20080703	0.72	13.32	0.35
20080704	3.95	16.18	0.32
20080705	8.41	16.39	0.39
20080706	7.13	14.61	0.65
20080707	5.83	13.35	0.8
20080708	0.29	13.15	0.76
20080709	8.56	14.31	0.54
20080710	7.1	15.22	0.73
20080711	9.6	12.4	1.15
20080712	0.24	12.2	1.82
20080713	0.0	14.83	0.9
20080714	0.02	18.08	0.59
20080715	0.01	16.49	0.48
20080716	2.91	14.01	0.43
20080717	2.92	14.14	0.43
20080718	9.08	14.97	0.66
20080719	3.01	13.04	1.41
20080720	0.27	12.38	0.92
20080721	0.02	14.38	0.61
20080722	0.0	17.14	0.48
20080723	0.01	18.65	0.44
20080724	0.0	18.87	0.41
20080725	0.03	19.76	0.37
20080726	0.0	18.46	0.36
20080727	1.33	20.34	0.37
20080728	15.03	21.05	0.43
20080729	2.28	17.73	0.79
20080730	0.16	18.88	0.5
20080731	7.94	17.05	0.44
20080801	0.72	17.05	0.58
20080802	0.03	17.19	0.42
20080803	0.29	15.19	0.37
20080804	2.81	14.94	0.35
20080805	2.24	16.49	0.44
20080806	2.33	18.16	0.42
20080807	1.15	17.01	0.38
20080808	0.65	14.15	0.33
20080809	10.47	15.29	0.51
20080810	0.43	16.46	0.85
20080811	13.73	15.34	0.5
20080812	3.49	13.98	1.02
20080813	1.8	14.7	0.79
20080814	0.91	12.92	0.53
20080815	0.01	15.59	0.44
20080816	21.7	15.22	0.53
20080817	2.74	15.77	2.51
20080818	6.99	16.18	1.17
20080819	2.81	15.08	1.64
20080820	2.61	16.0	1.22
20080821	9.63	14.63	1.51
20080822	0.44	12.98	1.48
20080823	4.75	16.04	0.96
20080824	0.18	16.09	0.91
20080825	0.02	18.2	0.72
20080826	0.04	16.79	0.59
20080827	0.38	16.45	0.51
20080828	0.53	17.64	0.48
20080829	0.0	19.34	0.48
20080830	0.02	17.66	0.45
20080831	4.07	14.01	0.45
20080901	0.89	13.48	0.5
20080902	2.13	12.86	0.44
20080903	7.47	11.59	0.5
20080904	11.33	11.67	0.84
20080905	38.19	13.14	2.87
20080906	4.47	14.95	9.82
20080907	2.09	13.92	4.21
20080908	3.17	13.86	2.62
20080909	2.12	13.57	1.78
20080910	1.33	15.61	1.55
20080911	0.61	14.69	1.12
20080912	3.78	13.5	0.98
20080913	0.06	14.1	1.05
20080914	0.01	13.32	0.85
20080915	0.09	12.98	0.74
20080916	0.81	11.97	0.67
20080917	0.02	10.9	0.63
20080918	0.03	13.7	0.58
20080919	0.0	13.82	0.52
20080920	0.01	13.49	0.51
20080921	0.02	14.49	0.49
20080922	0.14	11.45	0.48
20080923	0.01	12.39	0.45
20080924	0.07	14.2	0.44
20080925	0.0	12.6	0.44
20080926	0.03	11.83	0.42
20080927	0.19	12.97	0.43
20080928	0.18	10.45	0.43
20080929	5.45	11.64	0.43
20080930	15.88	10.7	0.59
20081001	12.32	8.25	2.97
20081002	6.18	7.62	2.72
20081003	0.52	6.88	1.74
20081004	21.35	10.25	1.33
20081005	0.71	7.15	5.43
20081006	0.76	11.36	2.41
20081007	4.26	11.95	1.69
20081008	0.07	9.79	1.57
20081009	0.16	12.94	1.1
20081010	0.02	14.33	0.91
20081011	2.01	12.51	0.81
20081012	0.05	14.91	0.78
20081013	0.76	13.49	0.71
20081014	13.24	12.24	0.87
20081015	4.2	8.96	2.2
20081016	1.47	8.18	2.09
20081017	0.38	10.08	1.49
20081018	0.17	11.42	1.1
20081019	2.14	12.69	0.91
20081020	1.52	10.03	0.86
20081021	0.57	7.24	0.79
20081022	0.03	9.36	0.68
20081023	2.95	9.79	0.63
20081024	0.02	8.43	0.68
20081025	31.06	10.6	0.9
20081026	2.26	8.04	7.6
20081027	2.83	4.35	3.56
20081028	3.26	1.02	2.58
20081029	1.05	2.54	1.93
20081030	0.36	2.75	1.49
20081031	0.11	3.62	1.22
20081101	1.2	5.88	1.03
20081102	0.35	6.97	0.96
20081103	0.19	8.37	0.87
20081104	0.13	8.66	0.78
20081105	0.07	7.91	0.73
20081106	3.38	8.37	0.7
20081107	2.71	8.44	0.77
20081108	3.34	7.69	0.95
20081109	14.35	6.13	2.2
20081110	2.73	5.71	3.58
20081111	3.02	7.59	1.99
20081112	0.1	7.17	1.86
20081113	2.3	9.52	1.47
20081114	0.56	11.42	1.43
20081115	3.29	10.02	1.25
20081116	1.2	5.82	1.38
20081117	3.88	7.15	1.3
20081118	0.24	8.1	1.7
20081119	1.13	9.74	1.29
20081120	0.2	8.45	1.25
20081121	0.34	4.74	1.04
20081122	5.74	1.48	0.88
20081123	8.97	4.57	2.09
20081124	0.15	3.56	2.91
20081125	0.71	4.51	1.69
20081126	0.34	8.97	1.33
20081127	2.07	4.97	1.27
20081128	0.12	1.13	1.16
20081129	0.11	-0.56	1.02
20081130	0.03	-0.66	0.92
20081201	1.71	0.31	0.81
20081202	3.68	-0.21	0.93
20081203	7.58	1.39	0.96
20081204	4.45	3.8	2.53
20081205	1.24	3.1	2.77
20081206	0.03	1.34	1.92
20081207	0.15	2.12	1.33
20081208	6.53	3.06	1.41
20081209	1.39	1.99	1.98
20081210	0.16	1.37	1.46
20081211	0.5	1.12	1.19
20081212	17.17	4.63	1.18
20081213	5.69	3.6	6.58
20081214	0.0	1.46	4.15
20081215	0.13	2.23	2.43
20081216	2.59	4.53	1.81
20081217	0.45	5.96	1.76
20081218	3.44	6.31	1.64
20081219	1.91	6.99	1.76
20081220	6.31	8.84	2.14
20081221	1.13	9.99	2.47
20081222	0.06	8.16	1.82
20081223	0.04	5.71	1.46
20081224	0.01	6.47	1.25
20081225	0.0	4.24	1.12
20081226	0.01	1.57	0.99
20081227	0.04	1.44	0.89
20081228	0.0	1.36	0.84
20081229	0.0	-0.46	0.78
20081230	0.0	-3.15	0.72
20081231	0.0	-3.65	0.68
20090101	0.03	-0.69	0.64
20090102	0.0	1.09	0.62
20090103	0.0	-0.64	0.61
20090104	0.5	-0.42	0.59
20090105	0.44	-2.71	0.58
20090106	0.03	-2.99	0.52
20090107	2.0	1.12	0.53
20090108	0.04	2.27	0.57
20090109	0.01	-1.54	0.57
20090110	0.04	1.61	0.56
20090111	3.0	7.4	0.57
20090112	7.67	7.08	1.12
20090113	0.25	3.23	1.75
20090114	0.21	3.62	1.1
20090115	1.37	6.1	0.92
20090116	4.74	6.91	0.87
20090117	7.6	4.61	1.59
20090118	2.66	3.45	2.37
20090119	3.42	2.61	1.85
20090120	0.84	2.72	1.68
20090121	10.87	4.66	1.34
20090122	5.06	4.25	3.52
20090123	1.6	2.87	3.08
20090124	2.92	4.18	2.41
20090125	0.01	5.21	2.04
20090126	0.15	3.24	1.59
20090127	11.26	3.79	1.44
20090128	0.11	5.15	3.31
20090129	0.66	3.54	2.24
20090130	0.51	3.63	1.7
20090131	0.0	3.34	1.39
20090201	0.12	0.02	1.14
20090202	3.84	-0.85	1.03
20090203	0.37	-0.92	1.01
20090204	0.67	0.77	0.94
20090205	0.97	-0.26	0.92
20090206	0.15	-0.02	0.88
20090207	0.25	0.36	0.83
20090208	1.98	0.37	0.82
20090209	4.39	1.55	1.05
20090210	0.52	1.89	1.41
20090211	1.33	0.56	1.21
20090212	2.38	2.45	1.13
20090213	0.09	2.88	1.33
20090214	0.18	3.64	1.16
20090215	0.29	6.41	1.18
20090216	0.06	7.64	1.34
20090217	0.12	7.58	0.98
20090218	0.0	6.01	0.86
20090219	0.53	5.15	0.78
20090220	0.28	5.11	0.76
20090221	0.8	7.23	0.73
20090222	0.81	7.47	0.73
20090223	0.07	7.8	0.72
20090224	0.23	7.38	0.69
20090225	0.1	6.76	0.66
20090226	3.77	7.43	0.64
20090227	0.43	7.64	0.96
20090228	0.09	6.74	0.88
20090301	0.1	6.25	0.75
20090302	0.73	7.08	0.68
20090303	7.32	3.36	0.81
20090304	0.39	2.18	1.35
20090305	0.14	2.95	0.88
20090306	0.31	5.7	0.75
20090307	1.62	6.83	0.72
20090308	3.0	4.49	0.8
20090309	7.24	6.45	0.86
20090310	0.17	5.51	1.43
20090311	1.81	8.87	1.08
20090312	0.04	8.23	0.95
20090313	1.35	8.36	0.89
20090314	0.0	8.08	0.83
20090315	0.01	7.55	0.74
20090316	0.01	8.66	0.69
20090317	0.0	6.1	0.63
20090318	0.0	6.79	0.61
20090319	0.0	7.56	0.59
20090320	0.0	6.64	0.57
20090321	0.01	6.59	0.57
20090322	0.06	8.81	0.57
20090323	0.73	5.86	0.57
20090324	6.03	7.16	0.55
20090325	3.37	7.37	0.71
20090326	2.64	6.98	0.94
20090327	1.87	6.18	0.79
20090328	1.94	2.74	0.71
20090329	0.05	5.47	0.73
20090330	0.01	8.39	0.63
20090331	0.01	10.59	0.57
20090401	0.0	9.93	0.55
20090402	0.0	8.36	0.51
20090403	1.86	9.31	0.51
20090404	0.02	6.89	0.54
20090405	0.0	8.54	0.52
20090406	2.27	9.09	0.52
20090407	2.67	9.76	0.54
20090408	0.69	8.53	0.55
20090409	0.44	11.57	0.5
20090410	2.84	8.58	0.53
20090411	0.01	8.35	0.59
20090412	0.0	8.9	0.53
20090413	0.0	10.63	0.49
20090414	6.22	10.96	0.51
20090415	0.51	11.55	0.68
20090416	0.83	9.18	0.55
20090417	0.22	9.03	0.48
20090418	0.0	8.38	0.45
20090419	0.0	9.13	0.45
20090420	0.0	11.17	0.44
20090421	0.0	9.53	0.41
20090422	0.0	11.17	0.39
20090423	0.0	12.27	0.39
20090424	0.04	11.93	0.39
20090425	0.46	9.12	0.38
20090426	9.11	10.01	0.4
20090427	6.08	6.81	0.75
20090428	9.25	7.84	1.2
20090429	0.54	11.83	1.72
20090430	2.05	12.07	0.85
20090501	0.79	11.28	0.65
20090502	2.31	10.61	0.55
20090503	0.97	8.06	0.54
20090504	8.26	9.85	0.52
20090505	3.86	12.27	1.39
20090506	1.56	11.37	1.31
20090507	0.93	10.49	0.89
20090508	0.63	9.87	0.67
20090509	0.02	9.45	0.57
20090510	0.0	9.47	0.53
20090511	0.01	9.31	0.48
20090512	0.0	9.91	0.43
20090513	0.12	11.15	0.4
20090514	16.92	10.55	0.45
20090515	5.14	10.06	1.19
20090516	1.06	9.61	1.06
20090517	7.47	10.37	0.86
20090518	5.84	10.71	1.2
20090519	4.33	10.68	1.43
20090520	8.08	11.67	1.29
20090521	4.92	11.38	2.26
20090522	0.96	12.58	1.8
20090523	0.01	12.37	1.26
20090524	0.0	13.79	0.91
20090525	2.78	14.62	0.77
20090526	1.04	10.76	0.72
20090527	3.48	13.58	0.65
20090528	0.01	15.05	0.81
20090529	0.0	16.07	0.65
20090530	0.0	15.13	0.53
20090531	0.0	16.01	0.48
20090601	0.0	16.24	0.45
20090602	0.0	17.77	0.39
20090603	0.0	10.31	0.38
20090604	0.0	12.11	0.39
20090605	8.9	11.44	0.41
20090606	4.28	9.73	0.66
20090607	6.43	10.13	0.73
20090608	0.01	11.58	0.82
20090609	0.71	11.93	0.54
20090610	9.16	10.89	0.57
20090611	0.02	9.67	0.7
20090612	0.0	14.85	0.52
20090613	0.0	15.12	0.42
20090614	2.99	15.2	0.43
20090615	1.59	13.98	0.42
20090616	0.01	16.49	0.39
20090617	6.09	11.47	0.41
20090618	0.57	12.38	0.43
20090619	1.56	12.83	0.35
20090620	0.37	13.26	0.37
20090621	0.27	14.13	0.36
20090622	0.04	16.95	0.37
20090623	4.55	16.84	0.37
20090624	0.02	16.46	0.38
20090625	0.01	17.32	0.31
20090626	1.38	18.85	0.29
20090627	2.11	18.43	0.72
20090628	0.47	19.59	0.46
20090629	2.0	20.64	0.33
20090630	0.61	21.12	0.3
20090701	1.66	22.72	0.56
20090702	1.36	21.71	0.39
20090703	5.71	16.4	0.37
20090704	0.87	18.47	0.43
20090705	1.63	17.21	0.35
20090706	14.38	14.54	0.43
20090707	21.4	15.09	1.59
20090708	0.05	13.85	3.23
20090709	0.06	12.35	0.95
20090710	0.02	14.67	0.62
20090711	9.39	17.04	0.56
20090712	0.22	14.78	0.9
20090713	3.61	15.61	0.6
20090714	5.19	16.33	0.55
20090715	0.83	15.82	0.56
20090716	10.14	16.49	0.64
20090717	9.98	14.29	0.92
20090718	5.08	14.77	1.87
20090719	8.54	13.63	1.34
20090720	1.03	14.52	1.45
20090721	4.6	14.79	0.9
20090722	4.63	15.05	1.1
20090723	1.49	15.57	1.14
20090724	5.19	14.05	0.86
20090725	2.01	16.01	0.85
20090726	7.45	14.17	0.81
20090727	3.05	14.41	1.76
20090728	3.36	15.55	1.15
20090729	11.86	12.94	1.61
20090730	3.01	12.38	2.09
20090731	2.3	15.19	1.28
20090801	2.21	13.68	1.12
20090802	0.03	14.77	1.1
20090803	2.03	17.83	0.8
20090804	0.88	17.92	0.7
20090805	0.0	16.77	0.63
20090806	0.94	16.3	0.57
20090807	0.0	15.17	0.52
20090808	0.0	15.43	0.49
20090809	2.72	18.35	0.49
20090810	1.74	16.01	0.54
20090811	8.19	18.62	0.53
20090812	0.33	15.36	0.82
20090813	0.0	14.91	0.67
20090814	0.06	17.96	0.5
20090815	0.72	17.09	0.48
20090816	0.99	16.2	0.45
20090817	0.03	15.25	0.44
20090818	0.01	17.65	0.4
20090819	0.27	20.52	0.38
20090820	2.12	15.3	0.4
20090821	1.39	13.38	0.4
20090822	0.39	17.29	0.4
20090823	2.43	17.38	0.41
20090824	3.55	13.7	0.43
20090825	3.44	14.87	0.45
20090826	2.58	15.5	0.41
20090827	0.81	15.41	0.49
20090828	3.64	12.69	0.39
20090829	0.27	13.84	0.45
20090830	2.91	16.32	0.41
20090831	2.23	16.02	0.63
20090901	5.5	14.28	0.52
20090902	19.04	13.97	0.8
20090903	2.36	12.13	3.44
20090904	1.4	12.6	1.39
20090905	0.0	13.83	0.91
20090906	2.22	15.07	0.71
20090907	0.03	17.81	0.64
20090908	5.07	15.62	0.59
20090909	0.01	12.3	0.68
20090910	0.0	13.06	0.52
20090911	0.0	13.44	0.45
20090912	0.02	13.64	0.42
20090913	0.0	14.02	0.42
20090914	0.01	12.45	0.41
20090915	0.03	13.33	0.37
20090916	0.03	12.78	0.37
20090917	0.01	12.04	0.36
20090918	0.0	14.1	0.35
20090919	0.0	13.42	0.35
20090920	0.0	12.3	0.35
20090921	0.02	14.27	0.35
20090922	0.26	14.5	0.33
20090923	0.08	11.73	0.32
20090924	0.02	11.85	0.32
20090925	0.0	13.12	0.31
20090926	0.0	13.07	0.32
20090927	0.03	14.54	0.33
20090928	0.4	14.89	0.32
20090929	0.94	14.31	0.31
20090930	1.06	13.21	0.33
20091001	0.01	11.09	0.33
20091002	0.69	12.29	0.31
20091003	1.47	10.49	0.3
20091004	0.33	8.87	0.31
20091005	4.59	11.25	0.35
20091006	14.04	11.29	0.58
20091007	0.01	7.6	1.14
20091008	0.0	8.43	0.53
20091009	1.6	10.31	0.4
20091010	0.03	12.97	0.38
20091011	0.5	9.51	0.37
20091012	0.02	8.29	0.38
20091013	0.02	11.28	0.36
20091014	0.96	13.11	0.35
20091015	0.36	11.72	0.32
20091016	0.03	8.29	0.3
20091017	0.0	7.55	0.29
20091018	0.04	8.55	0.3
20091019	0.0	9.34	0.31
20091020	2.75	8.9	0.3
20091021	0.07	11.7	0.33
20091022	2.02	11.45	0.35
20091023	0.67	12.37	0.35
20091024	2.61	13.65	0.33
20091025	1.03	12.75	0.39
20091026	0.46	11.59	0.38
20091027	0.06	13.1	0.37
20091028	0.01	12.35	0.34
20091029	0.03	12.75	0.35
20091030	2.43	12.8	0.33
20091031	13.95	12.76	0.36
20091101	5.42	10.72	1.68
20091102	7.24	8.76	1.06
20091103	1.8	8.11	1.2
20091104	5.01	7.59	1.1
20091105	6.96	7.35	1.25
20091106	5.16	5.92	1.61
20091107	0.67	6.05	1.66
20091108	0.17	4.89	1.07
20091109	2.02	5.3	0.81
20091110	2.07	5.93	0.77
20091111	0.94	6.72	0.89
20091112	4.08	8.59	0.79
20091113	11.27	10.0	1.28
20091114	3.39	7.8	2.43
20091115	5.79	8.91	1.69
20091116	0.84	8.66	1.9
20091117	5.78	9.43	1.48
20091118	5.22	10.45	2.35
20091119	2.29	12.74	1.82
20091120	0.8	9.17	1.39
20091121	6.67	9.83	1.37
20091122	3.66	7.59	1.99
20091123	15.0	9.33	3.81
20091124	7.33	9.15	3.75
20091125	2.43	7.05	4.17
20091126	0.87	5.36	2.51
20091127	7.33	4.93	2.0
20091128	3.86	3.71	2.58
20091129	3.3	4.22	2.77
20091130	0.05	1.04	2.18
20091201	3.72	2.18	1.6
20091202	4.05	5.89	1.67
20091203	5.05	3.54	2.49
20091204	4.36	5.03	2.53
20091205	6.93	8.72	2.43
20091206	0.56	7.39	3.41
20091207	7.65	6.49	2.35
20091208	0.57	7.35	2.74
20091209	3.56	7.72	2.07
20091210	0.03	4.04	2.02
20091211	0.11	2.66	1.58
20091212	0.04	3.42	1.36
20091213	0.14	3.45	1.21
20091214	4.37	3.98	1.17
20091215	0.49	3.15	1.26
20091216	2.51	2.98	1.22
20091217	0.07	0.2	1.28
20091218	0.01	-2.45	1.06
20091219	2.59	-2.18	0.96
20091220	1.78	-0.56	0.97
20091221	0.5	-1.66	0.9
20091222	1.08	-0.43	0.83
20091223	2.55	-0.44	0.79
20091224	1.47	0.23	0.92
20091225	1.61	1.72	0.97
20091226	2.12	3.93	1.34
20091227	4.7	0.95	2.53
20091228	0.22	0.58	2.2
20091229	6.52	1.79	1.69
20091230	0.52	1.63	2.16
20091231	0.04	-0.55	1.64
20100101	0.16	-1.0	1.25
20100102	4.14	-0.94	1.2
20100103	0.92	-3.55	1.1
20100104	1.79	-1.71	0.94
20100105	2.07	-0.58	0.93
20100106	0.65	-3.94	0.84
20100107	0.07	-4.66	0.56
20100108	0.15	-3.13	0.61
20100109	0.02	-1.53	0.71
20100110	1.73	1.06	0.82
20100111	0.93	0.58	0.8
20100112	0.83	0.3	0.8
20100113	1.01	-0.11	0.81
20100114	4.16	0.89	0.81
20100115	8.23	3.73	2.6
20100116	1.96	3.58	6.2
20100117	0.03	4.89	3.69
20100118	0.4	5.8	2.58
20100119	0.13	4.28	2.26
20100120	0.11	2.17	1.79
20100121	5.21	4.24	1.4
20100122	4.87	4.57	2.58
20100123	0.41	2.59	2.45
20100124	4.61	3.05	2.09
20100125	0.06	1.63	2.16
20100126	0.04	1.95	1.62
20100127	0.9	4.87	1.42
20100128	4.85	4.4	1.53
20100129	0.06	0.48	2.16
20100130	1.35	0.28	1.51
20100131	1.06	0.27	1.25
20100201	5.24	1.69	1.15
20100202	7.02	2.47	2.97
20100203	4.41	1.47	3.18
20100204	1.47	4.47	2.74
20100205	0.06	4.71	2.39
20100206	0.16	3.62	1.78
20100207	0.18	2.41	1.47
20100208	0.34	1.62	1.31
20100209	0.17	2.14	1.16
20100210	0.07	0.13	1.03
20100211	0.08	1.05	0.93
20100212	0.23	2.44	0.87
20100213	0.06	1.61	0.86
20100214	0.31	3.21	0.84
20100215	7.39	3.18	0.9
20100216	0.45	0.95	1.38
20100217	0.9	0.12	1.14
20100218	2.18	0.95	1.03
20100219	2.99	0.64	1.11
20100220	1.76	0.9	1.09
20100221	3.69	0.09	1.29
20100222	0.05	0.75	1.24
20100223	1.6	1.84	1.1
20100224	0.13	4.64	1.17
20100225	10.89	5.35	1.45
20100226	6.47	2.63	4.59
20100227	0.87	3.46	3.18
20100228	0.06	1.93	2.39
20100301	0.08	2.72	1.73
20100302	0.0	3.64	1.4
20100303	0.0	2.06	1.23
20100304	0.0	2.0	1.08
20100305	0.02	3.92	0.98
20100306	0.0	0.55	0.95
20100307	0.0	-0.58	0.9
20100308	0.0	2.69	0.84
20100309	0.0	5.16	0.78
20100310	0.05	2.22	0.74
20100311	1.07	5.07	0.73
20100312	0.27	3.83	0.72
20100313	0.0	5.45	0.73
20100314	0.0	6.55	0.7
20100315	0.0	5.27	0.7
20100316	0.0	7.81	0.65
20100317	0.0	10.7	0.62
20100318	0.06	10.06	0.62
20100319	5.48	10.08	0.65
20100320	3.46	6.16	0.86
20100321	0.02	9.0	0.87
20100322	0.54	5.85	0.71
20100323	4.63	8.21	0.67
20100324	3.51	10.72	0.83
20100325	6.35	9.46	0.98
20100326	0.86	8.7	1.31
20100327	0.05	7.77	0.98
20100328	2.36	6.85	0.8
20100329	4.52	6.99	0.89
20100330	9.31	6.35	1.33
20100331	5.24	3.1	2.39
20100401	0.64	4.48	2.09
20100402	3.96	5.76	1.77
20100403	0.46	6.69	1.71
20100404	1.26	6.13	1.31
20100405	0.0	9.55	1.11
20100406	1.1	10.03	0.97
20100407	0.38	6.86	0.86
20100408	0.01	8.85	0.77
20100409	0.0	9.94	0.71
20100410	0.0	11.68	0.68
20100411	0.0	8.0	0.67
20100412	0.0	7.39	0.63
20100413	0.0	8.74	0.61
20100414	0.0	6.11	0.58
20100415	0.0	5.92	0.55
20100416	0.0	8.02	0.52
20100417	0.0	9.37	0.52
20100418	0.32	9.57	0.52
20100419	0.0	5.64	0.55
20100420	0.01	4.95	0.49
20100421	0.0	5.17	0.47
20100422	0.0	6.88	0.46
20100423	0.0	9.67	0.46
20100424	0.73	13.7	0.44
20100425	3.87	12.95	0.5
20100426	0.09	10.27	0.53
20100427	0.0	13.97	0.46
20100428	0.01	14.48	0.44
20100429	3.74	10.05	0.48
20100430	5.16	9.37	0.53
20100501	1.5	9.55	0.65
20100502	0.01	5.65	0.58
20100503	0.51	5.64	0.49
20100504	0.05	9.14	0.47
20100505	0.74	10.6	0.44
20100506	1.21	8.61	0.45
20100507	0.39	9.41	0.43
20100508	0.02	6.81	0.42
20100509	0.01	9.09	0.44
20100510	0.51	5.92	0.41
20100511	1.09	5.72	0.41
20100512	0.18	5.7	0.4
20100513	0.05	8.66	0.39
20100514	0.16	7.82	0.37
20100515	0.31	9.63	0.37
20100516	0.18	9.55	0.38
20100517	0.15	9.42	0.37
20100518	0.1	13.55	0.36
20100519	0.0	15.37	0.35
20100520	0.0	16.43	0.36
20100521	0.0	17.76	0.35
20100522	0.0	19.11	0.33
20100523	0.0	18.9	0.34
20100524	0.0	13.96	0.34
20100525	0.0	12.16	0.31
20100526	1.27	8.65	0.31
20100527	1.38	9.98	0.33
20100528	2.52	11.22	0.31
20100529	6.55	11.65	0.41
20100530	0.02	10.84	0.44
20100531	0.59	13.32	0.38
20100601	0.49	11.41	0.38
20100602	0.02	14.58	0.36
20100603	0.0	15.98	0.34
20100604	0.09	18.09	0.3
20100605	6.52	17.94	0.3
20100606	0.48	15.03	0.54
20100607	6.08	14.55	0.41
20100608	2.89	13.78	0.49
20100609	0.65	14.38	0.46
20100610	0.02	11.87	0.35
20100611	0.0	13.54	0.32
20100612	0.43	13.5	0.31
20100613	9.4	14.04	0.34
20100614	0.04	10.27	0.75
20100615	0.03	12.0	0.41
20100616	0.0	14.4	0.32
20100617	0.0	16.26	0.29
20100618	0.83	12.97	0.29
20100619	0.0	10.15	0.29
20100620	0.0	13.94	0.28
20100621	0.0	16.47	0.29
20100622	0.0	16.82	0.26
20100623	0.04	17.84	0.25
20100624	0.31	15.3	0.25
20100625	0.0	17.7	0.26
20100626	0.0	19.51	0.23
20100627	0.0	18.4	0.23
20100628	3.18	19.33	0.26
20100629	0.0	16.04	0.28
20100630	0.0	19.0	0.26
20100701	4.76	18.42	0.27
20100702	0.03	17.2	0.31
20100703	0.0	15.7	0.24
20100704	0.0	16.11	0.23
20100705	0.0	13.73	0.23
20100706	0.02	17.58	0.19
20100707	3.58	16.46	0.2
20100708	0.5	17.36	0.25
20100709	0.0	19.5	0.21
20100710	0.3	19.66	0.19
20100711	1.54	15.79	0.18
20100712	3.63	13.35	0.26
20100713	3.6	15.37	0.31
20100714	10.89	17.2	0.31
20100715	2.94	15.8	0.49
20100716	8.31	13.97	0.4
20100717	1.94	14.44	0.56
20100718	0.75	17.6	0.35
20100719	10.89	19.34	0.36
20100720	10.09	16.94	0.72
20100721	4.95	16.37	0.94
20100722	1.04	14.33	0.61
20100723	0.0	14.07	0.44
20100724	0.47	16.73	0.34
20100725	3.77	17.24	0.31
20100726	3.29	17.56	0.37
20100727	0.33	15.24	0.46
20100728	0.75	15.44	0.38
20100729	0.23	14.52	0.32
20100730	8.37	15.75	0.37
20100731	0.32	16.2	0.75
20100801	0.04	15.09	0.44
20100802	0.01	14.22	0.36
20100803	9.59	15.67	0.33
20100804	2.96	14.13	0.57
20100805	0.37	13.95	0.55
20100806	1.29	15.91	0.38
20100807	1.2	15.65	0.36
20100808	0.01	14.61	0.36
20100809	0.93	15.44	0.34
20100810	0.02	14.33	0.3
20100811	5.43	15.08	0.28
20100812	16.46	14.77	0.76
20100813	8.63	13.73	1.64
20100814	0.29	15.61	1.14
20100815	0.0	15.75	0.79
20100816	2.94	17.11	0.55
20100817	0.61	14.38	0.48
20100818	1.38	14.69	0.43
20100819	6.63	16.23	0.44
20100820	2.97	18.13	0.58
20100821	1.74	15.86	0.56
20100822	2.56	16.4	0.5
20100823	4.9	12.79	0.54
20100824	1.74	13.11	0.66
20100825	1.46	14.02	0.57
20100826	0.13	10.72	0.45
20100827	0.63	13.59	0.41
20100828	6.38	14.14	0.4
20100829	1.78	10.67	0.69
20100830	0.01	10.92	0.65
20100831	0.0	13.36	0.44
20100901	0.0	14.98	0.38
20100902	0.0	15.0	0.33
20100903	0.0	14.5	0.32
20100904	0.0	15.3	0.31
20100905	0.0	15.57	0.3
20100906	14.48	15.38	0.4
20100907	2.54	13.31	0.96
20100908	0.11	14.86	0.62
20100909	7.43	15.86	0.43
20100910	7.32	17.51	0.52
20100911	3.78	15.08	1.3
20100912	0.2	13.84	1.02
20100913	7.4	15.6	0.66
20100914	4.85	13.39	1.21
20100915	5.45	12.91	1.15
20100916	1.04	10.97	1.13
20100917	0.0	10.06	0.76
20100918	8.19	11.86	0.59
20100919	2.9	14.25	1.33
20100920	0.68	14.0	1.3
20100921	0.0	15.22	0.87
20100922	5.37	16.15	0.69
20100923	7.61	13.76	0.87
20100924	0.07	7.08	1.34
20100925	0.0	7.82	0.83
20100926	0.06	10.54	0.66
20100927	0.11	12.21	0.59
20100928	2.32	13.58	0.53
20100929	2.64	10.06	0.54
20100930	2.33	12.6	0.66
20101001	15.79	10.54	1.67
20101002	14.81	11.88	2.7
20101003	12.66	10.28	5.2
20101004	0.07	13.67	3.83
20101005	5.86	13.21	1.81
20101006	0.24	11.4	1.65
20101007	0.21	12.94	1.26
20101008	0.02	14.73	1.0
20101009	0.0	13.08	0.84
20101010	0.0	11.69	0.74
20101011	0.0	10.2	0.65
20101012	0.0	7.97	0.59
20101013	0.01	8.34	0.55
20101014	0.14	8.82	0.53
20101015	1.18	7.93	0.51
20101016	0.04	6.9	0.51
20101017	0.7	8.93	0.49
20101018	5.13	9.61	0.52
20101019	7.48	4.92	0.87
20101020	0.31	4.28	0.97
20101021	0.29	8.68	0.65
20101022	4.82	10.01	0.59
20101023	2.24	5.7	0.79
20101024	0.06	3.52	0.85
20101025	2.6	5.29	0.65
20101026	8.47	10.63	0.93
20101027	5.14	11.29	1.53
20101028	0.05	11.45	1.44
20101029	0.16	10.36	1.12
20101030	0.04	9.52	0.9
20101031	1.12	9.18	0.78
20101101	2.53	10.18	0.71
20101102	15.69	10.87	1.26
20101103	5.49	12.2	4.42
20101104	7.49	13.07	2.72
20101105	3.59	8.28	4.04
20101106	0.86	5.54	2.68
20101107	12.34	4.96	1.94
20101108	11.0	4.54	5.91
20101109	0.72	3.35	6.35
20101110	2.99	4.83	2.91
20101111	1.74	10.04	2.51
20101112	0.08	7.08	1.99
20101113	1.61	5.61	1.5
20101114	0.11	2.58	1.34
20101115	0.32	3.94	1.16
20101116	1.16	4.8	1.02
20101117	5.11	4.97	1.18
20101118	0.83	5.25	1.5
20101119	0.14	5.48	1.19
20101120	0.54	4.97	1.05
20101121	0.32	3.48	0.99
20101122	0.66	4.6	0.93
20101123	0.0	2.28	0.87
20101124	0.12	0.74	0.8
20101125	0.01	-1.18	0.75
20101126	0.25	-1.03	0.7
20101127	0.34	-4.05	0.68
20101128	0.05	-3.62	0.6
20101129	0.8	-1.76	0.61
20101130	2.18	-1.53	0.62
20101201	0.63	-1.75	0.59
20101202	0.43	-5.21	0.57
20101203	0.24	-3.67	0.54
20101204	4.03	-0.15	0.62
20101205	0.28	-2.54	0.68
20101206	0.06	-4.78	0.63
20101207	0.21	-4.12	0.5
20101208	0.0	-2.42	0.51
20101209	3.12	2.95	0.6
20101210	0.86	5.75	1.82
20101211	0.04	3.03	2.2
20101212	0.21	1.81	1.41
20101213	0.09	1.74	1.1
20101214	0.64	2.33	0.93
20101215	1.56	4.45	0.86
20101216	2.37	0.83	1.11
20101217	0.88	-2.58	1.11
20101218	0.12	-5.23	0.86
20101219	0.14	-6.13	0.7
20101220	0.0	-6.47	0.53
20101221	0.5	-3.18	0.78
20101222	0.32	-2.97	0.57
20101223	0.0	-3.03	0.48
20101224	0.03	-4.45	0.45
20101225	0.12	-3.85	0.49
20101226	0.73	-1.99	0.61
20101227	8.2	1.81	0.83
20101228	0.86	4.22	1.48
20101229	0.24	5.7	1.8
20101230	0.01	5.25	1.56
20101231	0.68	4.69	1.28
20110101	1.72	2.78	1.18
20110102	0.01	0.22	1.16
20110103	0.17	-1.12	0.99
20110104	9.5	2.79	0.88
20110105	3.7	2.53	2.33
20110106	0.32	1.36	2.24
20110107	10.0	3.24	1.75
20110108	0.16	2.53	3.12
20110109	0.22	2.64	2.22
20110110	4.22	5.23	1.69
20110111	5.12	3.68	1.98
20110112	5.73	8.72	2.45
20110113	1.19	9.9	3.14
20110114	0.94	7.63	2.53
20110115	0.24	10.67	2.05
20110116	5.04	7.44	1.94
20110117	0.07	4.55	2.0
20110118	0.29	3.28	1.51
20110119	0.06	1.71	1.28
20110120	0.21	-0.48	1.14
20110121	0.06	-0.08	1.01
20110122	0.13	2.02	0.94
20110123	0.07	4.24	0.91
20110124	2.89	4.98	0.88
20110125	5.37	5.47	1.38
20110126	0.06	3.01	1.88
20110127	0.01	0.04	1.26
20110128	0.0	-1.55	1.06
20110129	0.01	-1.1	0.92
20110130	0.02	-0.88	0.85
20110131	2.64	1.61	0.79
20110201	0.06	6.77	0.84
20110202	0.15	6.59	0.87
20110203	3.74	6.93	0.84
20110204	6.7	10.57	1.0
20110205	22.77	10.15	6.51
20110206	0.52	10.0	8.94
20110207	0.62	5.84	3.46
20110208	1.74	4.84	2.35
20110209	4.96	8.12	1.93
20110210	1.05	7.25	2.24
20110211	5.64	8.24	2.09
20110212	1.15	6.37	2.66
20110213	9.03	5.33	2.97
20110214	0.92	3.51	3.56
20110215	4.08	3.35	2.53
20110216	0.01	4.71	2.56
20110217	0.05	5.03	1.9
20110218	10.56	3.52	1.58
20110219	1.21	3.07	2.3
20110220	0.94	2.93	2.16
20110221	0.91	3.14	1.78
20110222	3.38	5.91	1.63
20110223	1.52	9.33	2.04
20110224	0.04	10.13	1.84
20110225	14.9	8.85	1.61
20110226	1.45	5.79	4.15
20110227	2.72	4.91	3.04
20110228	0.01	2.99	2.51
20110301	0.01	4.33	1.9
20110302	0.04	2.11	1.56
20110303	0.03	2.36	1.33
20110304	0.01	2.4	1.19
20110305	0.09	3.59	1.12
20110306	0.0	2.25	1.03
20110307	0.02	2.53	0.97
20110308	0.25	5.39	0.9
20110309	0.11	7.22	0.86
20110310	1.78	6.75	0.84
20110311	0.06	6.94	0.82
20110312	4.1	7.14	0.78
20110313	0.5	3.68	0.9
20110314	0.01	6.31	0.83
20110315	0.0	7.07	0.77
20110316	0.11	6.1	0.74
20110317	0.08	4.7	0.7
20110318	0.0	4.52	0.67
20110319	0.01	8.06	0.65
20110320	0.38	8.34	0.68
20110321	0.0	8.77	0.67
20110322	0.02	8.82	0.62
20110323	0.0	9.57	0.6
20110324	0.0	10.01	0.58
20110325	0.0	9.04	0.57
20110326	0.0	6.44	0.56
20110327	0.0	5.21	0.56
20110328	0.04	8.13	0.55
20110329	0.04	11.27	0.52
20110330	7.27	10.27	0.55
20110331	0.15	12.65	0.68
20110401	0.08	12.76	0.58
20110402	0.02	9.53	0.53
20110403	5.98	8.19	0.67
20110404	2.1	9.17	0.77
20110405	0.22	13.12	0.67
20110406	0.07	13.98	0.62
20110407	0.02	9.71	0.52
20110408	0.0	11.67	0.5
20110409	0.0	11.63	0.48
20110410	0.0	12.89	0.48
20110411	1.93	8.83	0.49
20110412	0.0	7.86	0.45
20110413	0.09	8.15	0.43
20110414	0.03	10.04	0.43
20110415	0.03	9.83	0.42
20110416	0.0	9.94	0.42
20110417	0.0	11.53	0.43
20110418	0.0	11.03	0.46
20110419	0.0	11.95	0.42
20110420	0.0	13.73	0.42
20110421	0.0	15.24	0.38
20110422	1.45	15.73	0.39
20110423	0.0	13.6	0.39
20110424	0.0	11.1	0.37
20110425	0.0	12.56	0.36
20110426	0.01	9.85	0.34
20110427	0.0	7.81	0.33
20110428	0.0	10.72	0.31
20110429	0.0	12.37	0.33
20110430	0.0	12.07	0.32
20110501	0.0	11.97	0.31
20110502	0.0	9.39	0.28
20110503	0.0	8.04	0.29
20110504	0.0	11.86	0.3
20110505	1.89	14.4	0.28
20110506	4.7	16.63	0.32
20110507	11.67	16.61	0.52
20110508	1.16	13.41	0.6
20110509	6.26	12.99	0.45
20110510	0.18	13.34	0.46
20110511	0.5	12.15	0.37
20110512	2.95	9.7	0.35
20110513	3.37	9.05	0.39
20110514	2.23	9.95	0.37
20110515	4.07	10.91	0.39
20110516	1.72	13.06	0.63
20110517	0.28	13.43	0.47
20110518	1.65	9.88	0.46
20110519	0.01	11.13	0.41
20110520	0.02	11.01	0.34
20110521	3.16	12.78	0.35
20110522	1.2	11.61	0.4
20110523	2.0	10.4	0.37
20110524	0.0	10.36	0.34
20110525	1.17	12.89	0.31
20110526	4.38	11.13	0.32
20110527	0.24	11.44	0.36
20110528	0.12	13.27	0.34
20110529	5.61	13.06	0.33
20110530	6.24	9.32	0.44
20110531	0.23	10.8	0.62
20110601	0.0	14.25	0.46
20110602	0.02	15.16	0.34
20110603	0.0	16.36	0.3
20110604	1.12	15.23	0.27
20110605	0.43	12.08	0.27
20110606	0.16	11.33	0.28
20110607	1.22	11.68	0.28
20110608	3.34	12.19	0.3
20110609	0.27	10.21	0.32
20110610	0.12	9.22	0.27
20110611	3.18	9.2	0.24
20110612	11.67	11.96	0.41
20110613	0.0	11.62	0.51
20110614	0.0	16.34	0.37
20110615	2.9	14.12	0.35
20110616	1.78	12.5	0.34
20110617	3.72	13.07	0.3
20110618	4.6	12.96	0.37
20110619	0.03	11.42	0.42
20110620	4.74	16.52	0.39
20110621	5.32	15.12	0.4
20110622	5.33	13.87	0.55
20110623	1.13	11.88	0.57
20110624	7.05	12.78	0.51
20110625	0.3	17.47	0.58
20110626	0.0	21.07	0.53
20110627	1.0	18.07	0.44
20110628	0.03	12.45	0.31
20110629	0.29	11.93	0.27
20110630	0.27	12.41	0.25
20110701	0.01	11.8	0.25
20110702	0.0	14.91	0.25
20110703	0.0	17.42	0.27
20110704	0.0	18.87	0.26
20110705	3.3	16.37	0.24
20110706	4.54	15.16	0.25
20110707	1.56	14.41	0.31
20110708	4.26	14.68	0.31
20110709	0.23	14.48	0.32
20110710	2.04	14.38	0.28
20110711	0.0	16.19	0.28
20110712	0.0	14.71	0.24
20110713	0.0	12.26	0.22
20110714	0.0	15.8	0.22
20110715	4.07	17.45	0.23
20110716	5.23	14.53	0.32
20110717	35.55	14.0	0.62
20110718	5.9	13.77	5.78
20110719	0.51	13.71	1.87
20110720	0.59	14.32	1.01
20110721	0.6	14.26	0.69
20110722	2.98	12.56	0.57
20110723	0.06	13.67	0.7
20110724	0.0	13.22	0.53
20110725	0.04	15.28	0.48
20110726	0.0	16.41	0.47
20110727	0.0	15.47	0.44
20110728	0.0	17.0	0.42
20110729	0.0	13.01	0.38
20110730	0.0	16.84	0.34
20110731	0.19	19.29	0.34
20110801	0.33	19.16	0.34
20110802	0.5	18.21	0.33
20110803	0.72	19.44	0.31
20110804	2.66	16.64	0.36
20110805	3.12	15.49	0.34
20110806	1.77	14.69	0.33
20110807	5.19	13.78	0.36
20110808	1.23	13.97	0.45
20110809	0.08	13.42	0.36
20110810	15.25	15.74	0.46
20110811	5.47	16.53	0.9
20110812	1.37	16.76	0.84
20110813	0.01	15.72	0.57
20110814	0.64	13.57	0.45
20110815	2.67	15.89	0.41
20110816	1.1	14.05	0.39
20110817	0.0	12.61	0.35
20110818	1.94	13.0	0.32
20110819	0.04	15.95	0.34
20110820	1.34	16.89	0.31
20110821	0.04	15.8	0.31
20110822	0.02	16.73	0.29
20110823	0.03	15.09	0.24
20110824	6.91	14.38	0.23
20110825	0.95	14.13	0.35
20110826	8.4	12.86	0.38
20110827	7.11	13.09	0.58
20110828	2.66	12.74	0.61
20110829	2.23	12.16	0.49
20110830	0.25	12.12	0.55
20110831	0.03	12.11	0.45
20110901	0.03	15.52	0.37
20110902	0.0	17.47	0.32
20110903	0.58	16.12	0.29
20110904	0.95	14.39	0.29
20110905	4.44	13.95	0.3
20110906	2.68	13.5	0.31
20110907	4.43	13.17	0.46
20110908	1.01	15.76	0.5
20110909	0.36	18.49	0.41
20110910	0.19	17.16	0.34
20110911	3.59	15.04	0.32
20110912	0.01	14.42	0.35
20110913	0.58	13.2	0.32
20110914	0.04	11.44	0.26
20110915	0.0	13.45	0.24
20110916	2.38	14.21	0.26
20110917	4.54	11.47	0.31
20110918	0.55	13.01	0.33
20110919	4.71	13.75	0.3
20110920	1.22	11.82	0.35
20110921	1.6	12.23	0.36
20110922	0.01	12.7	0.33
20110923	0.01	13.8	0.28
20110924	0.57	14.49	0.25
20110925	0.67	14.17	0.24
20110926	0.06	13.23	0.24
20110927	0.03	17.03	0.22
20110928	0.0	19.44	0.22
20110929	0.0	19.64	0.21
20110930	0.0	20.59	0.2
20111001	0.0	20.3	0.19
20111002	2.37	18.6	0.22
20111003	0.09	16.5	0.25
20111004	0.01	13.89	0.21
20111005	4.94	12.9	0.22
20111006	8.56	9.33	0.3
20111007	2.82	11.07	0.59
20111008	12.84	12.73	0.72
20111009	1.64	15.92	2.22
20111010	6.04	15.64	1.08
20111011	11.37	14.2	2.2
20111012	2.18	13.25	2.79
20111013	0.04	13.89	1.5
20111014	0.03	9.75	0.87
20111015	0.06	10.66	0.65
20111016	0.46	12.02	0.55
20111017	5.28	8.82	0.52
20111018	3.87	7.65	0.67
20111019	3.71	5.53	0.8
20111020	0.18	8.38	0.7
20111021	0.0	10.33	0.55
20111022	0.02	10.49	0.48
20111023	0.0	14.26	0.44
20111024	1.82	13.11	0.41
20111025	1.03	9.17	0.41
20111026	2.44	8.88	0.4
20111027	2.23	7.57	0.42
20111028	0.05	8.42	0.47
20111029	0.87	10.29	0.4
20111030	0.24	13.66	0.38
20111031	6.92	12.06	0.39
20111101	0.16	10.11	0.66
20111102	2.35	11.79	0.59
20111103	3.8	12.81	0.5
20111104	6.74	11.55	0.7
20111105	0.1	6.63	1.18
20111106	0.09	5.01	0.66
20111107	0.19	6.42	0.54
20111108	0.5	9.12	0.48
20111109	0.41	10.88	0.46
20111110	0.36	10.59	0.44
20111111	8.56	9.55	0.49
20111112	0.05	11.16	0.84
20111113	0.01	9.38	0.63
20111114	0.0	7.66	0.52
20111115	0.0	6.64	0.45
20111116	0.02	6.48	0.42
20111117	0.01	9.66	0.39
20111118	0.0	9.7	0.37
20111119	0.05	7.63	0.36
20111120	0.43	7.75	0.36
20111121	0.85	8.94	0.37
20111122	0.09	6.0	0.35
20111123	0.04	8.93	0.34
20111124	5.43	9.11	0.34
20111125	0.48	7.23	0.49
20111126	1.97	10.55	0.47
20111127	0.04	6.02	0.43
20111128	0.68	8.97	0.43
20111129	4.6	8.18	0.48
20111130	2.33	6.51	0.63
20111201	0.57	3.42	0.52
20111202	1.22	6.28	0.49
20111203	1.14	6.64	0.45
20111204	7.14	3.76	0.56
20111205	5.37	3.06	1.07
20111206	6.22	4.5	1.04
20111207	1.09	5.57	1.84
20111208	4.28	6.87	1.71
20111209	4.66	2.47	1.39
20111210	0.93	3.82	1.07
20111211	4.66	4.12	1.57
20111212	9.26	5.66	1.71
20111213	0.35	3.47	2.24
20111214	4.58	2.91	1.37
20111215	1.77	3.01	1.36
20111216	6.46	0.48	1.64
20111217	8.76	0.64	2.06
20111218	3.76	1.18	2.09
20111219	9.58	4.69	2.62
20111220	5.86	7.18	5.28
20111221	0.36	9.85	3.73
20111222	0.98	10.38	2.43
20111223	15.22	6.08	4.27
20111224	1.62	7.28	3.88
20111225	0.09	11.15	2.49
20111226	0.07	10.26	1.76
20111227	0.37	8.25	1.4
20111228	2.67	6.01	1.2
20111229	7.85	5.59	1.2
20111230	9.97	7.58	2.7
20111231	0.84	9.67	4.25
20120101	3.48	5.71	2.51
20120102	8.37	6.66	2.2
20120103	2.19	6.05	3.16
20120104	11.81	7.72	2.81
20120105	0.92	4.65	5.22
20120106	4.66	6.23	2.64
20120107	0.2	7.45	2.91
20120108	1.12	8.26	2.02
20120109	1.5	6.44	1.76
20120110	2.21	8.54	1.59
20120111	0.97	9.66	1.53
20120112	0.14	5.21	1.45
20120113	0.1	1.5	1.22
20120114	0.11	0.49	1.07
20120115	0.1	0.62	0.98
20120116	0.07	0.72	0.89
20120117	0.89	3.26	0.81
20120118	3.1	6.8	0.82
20120119	11.8	5.67	1.12
20120120	8.2	8.37	4.73
20120121	0.39	6.93	3.69
20120122	0.62	6.47	2.14
20120123	5.36	3.77	1.65
20120124	2.47	6.73	1.93
20120125	4.45	5.75	2.18
20120126	1.49	3.72	2.2
20120127	5.84	2.87	1.94
20120128	0.08	1.73	2.06
20120129	0.18	0.99	1.61
20120130	0.0	0.73	1.37
20120131	0.0	-0.22	1.16
20120201	0.0	-0.9	1.0
20120202	0.0	-2.25	0.88
20120203	0.02	-2.26	0.82
20120204	11.16	-0.82	0.79
20120205	4.77	2.34	0.92
20120206	0.38	1.17	2.08
20120207	0.11	-2.36	1.96
20120208	0.0	-1.65	1.39
20120209	3.83	-0.55	1.33
20120210	0.11	-1.36	1.51
20120211	0.1	-0.11	1.26
20120212	0.28	3.45	1.15
20120213	1.12	4.6	1.53
20120214	0.02	5.42	1.73
20120215	0.01	6.61	1.51
20120216	6.68	7.29	1.31
20120217	0.95	8.42	2.41
20120218	4.48	3.98	2.28
20120219	0.42	2.84	1.88
20120220	0.93	5.66	1.44
20120221	0.28	9.43	1.29
20120222	3.6	9.91	1.17
20120223	0.03	12.12	1.61
20120224	0.77	6.7	1.16
20120225	0.0	6.16	1.05
20120226	0.18	7.83	0.94
20120227	0.62	9.38	0.88
20120228	0.09	9.22	0.83
20120229	0.03	7.55	0.79
20120301	0.07	8.36	0.74
20120302	0.11	8.2	0.7
20120303	6.67	7.37	0.7
20120304	4.05	3.87	1.11
20120305	0.03	3.57	1.3
20120306	3.34	6.17	0.97
20120307	0.52	5.64	0.99
20120308	0.0	8.32	0.94
20120309	0.08	10.72	0.79
20120310	0.01	9.6	0.73
20120311	0.07	8.8	0.69
20120312	0.01	7.69	0.66
20120313	0.01	7.21	0.62
20120314	0.07	5.46	0.6
20120315	0.0	5.78	0.59
20120316	1.91	8.59	0.58
20120317	5.84	6.79	0.61
20120318	0.23	5.8	0.72
20120319	0.0	7.54	0.7
20120320	0.0	10.38	0.6
20120321	0.0	7.11	0.56
20120322	0.0	10.79	0.54
20120323	0.01	9.99	0.5
20120324	0.0	10.45	0.49
20120325	0.0	9.81	0.48
20120326	0.0	10.14	0.46
20120327	0.0	11.74	0.43
20120328	0.0	11.42	0.43
20120329	0.0	11.25	0.43
20120330	0.01	8.73	0.42
20120331	0.0	4.58	0.43
20120401	0.15	8.28	0.42
20120402	1.17	7.93	0.43
20120403	8.6	4.93	0.49
20120404	1.07	2.71	0.57
20120405	0.0	3.81	0.52
20120406	3.9	7.07	0.54
20120407	2.55	8.52	1.0
20120408	8.07	8.7	0.84
20120409	6.01	6.64	1.94
20120410	5.11	6.36	1.73
20120411	5.08	7.01	1.69
20120412	2.04	6.05	1.54
20120413	1.78	6.22	1.23
20120414	0.2	3.81	0.98
20120415	0.0	4.44	0.8
20120416	4.25	7.54	0.7
20120417	3.32	7.78	0.78
20120418	7.14	6.64	0.98
20120419	6.31	6.81	1.66
20120420	6.94	6.6	1.83
20120421	3.28	7.98	1.98
20120422	4.9	8.07	1.99
20120423	1.28	7.09	1.96
20120424	2.39	7.71	1.39
20120425	11.78	7.39	2.01
20120426	13.11	9.01	3.37
20120427	1.33	6.4	5.17
20120428	2.96	6.83	2.64
20120429	6.22	7.71	2.68
20120430	0.37	13.15	2.22
20120501	0.69	9.32	1.54
20120502	0.05	10.63	1.25
20120503	0.06	8.04	1.05
20120504	0.02	4.74	0.92
20120505	0.02	4.89	0.82
20120506	0.02	6.55	0.75
20120507	10.56	8.6	0.79
20120508	0.05	10.6	1.18
20120509	13.05	12.87	1.07
20120510	4.73	12.43	2.51
20120511	0.45	6.6	1.88
20120512	0.0	8.73	1.33
20120513	0.66	11.24	1.04
20120514	10.61	8.26	1.03
20120515	3.28	6.68	2.02
20120516	0.71	7.64	1.56
20120517	0.79	10.05	1.15
20120518	5.59	10.01	0.99
20120519	0.14	7.47	1.1
20120520	0.0	9.28	0.96
20120521	0.0	12.79	0.82
20120522	0.0	15.69	0.71
20120523	0.0	17.22	0.62
20120524	0.0	18.88	0.59
20120525	0.0	18.33	0.55
20120526	0.0	16.91	0.51
20120527	0.0	17.83	0.49
20120528	0.2	17.37	0.47
20120529	0.0	15.04	0.44
20120530	0.74	16.83	0.43
20120531	3.87	13.74	0.48
20120601	0.09	14.14	0.5
20120602	11.71	10.69	0.48
20120603	6.81	8.41	1.0
20120604	0.01	10.38	1.1
20120605	0.89	12.9	0.65
20120606	6.14	13.69	0.58
20120607	20.84	12.7	0.74
20120608	26.48	11.62	4.61
20120609	1.43	11.31	8.38
20120610	0.66	13.77	3.31
20120611	0.01	10.9	1.88
20120612	0.55	11.52	1.32
20120613	5.21	11.06	1.12
20120614	13.94	13.36	1.14
20120615	3.16	13.61	3.08
20120616	2.57	12.4	1.78
20120617	1.55	12.03	1.4
20120618	0.08	13.87	1.12
20120619	0.0	13.1	0.93
20120620	1.41	15.52	0.78
20120621	15.04	13.66	0.81
20120622	4.3	12.3	2.93
20120623	17.01	13.17	2.22
20120624	0.1	13.71	5.11
20120625	0.0	14.15	2.45
20120626	1.43	17.32	1.63
20120627	0.85	19.01	1.28
20120628	2.81	17.81	1.09
20120629	0.52	15.38	1.0
20120630	5.03	13.2	0.9
20120701	3.23	13.77	1.01
20120702	4.31	14.56	1.12
20120703	3.55	16.3	1.22
20120704	6.18	16.72	1.22
20120705	15.52	18.4	1.72
20120706	12.82	13.82	6.03
20120707	1.37	16.33	4.5
20120708	3.36	16.01	2.3
20120709	17.13	14.51	1.74
20120710	3.32	11.99	6.26
20120711	0.07	11.79	3.58
20120712	2.68	14.94	2.26
20120713	5.22	12.38	1.81
20120714	0.98	13.03	1.82
20120715	0.98	13.99	1.35
20120716	10.78	15.04	1.38
20120717	0.43	17.6	2.04
20120718	4.66	15.72	1.5
20120719	6.14	13.1	1.67
20120720	0.13	11.65	1.83
20120721	0.0	15.83	1.27
20120722	0.0	17.74	1.02
20120723	0.0	18.94	0.88
20120724	0.0	20.63	0.77
20120725	0.0	18.89	0.7
20120726	0.01	18.38	0.67
20120727	0.06	14.37	0.64
20120728	1.24	13.94	0.61
20120729	7.65	12.99	0.71
20120730	6.58	12.29	0.91
20120731	2.51	14.41	0.85
20120801	1.93	15.72	0.85
20120802	4.4	14.75	0.81
20120803	0.35	16.2	0.83
20120804	4.81	15.57	0.75
20120805	1.78	15.3	0.91
20120806	0.83	14.2	0.71
20120807	0.72	15.22	0.63
20120808	0.02	16.44	0.57
20120809	0.03	16.61	0.53
20120810	0.0	17.87	0.5
20120811	0.0	17.74	0.48
20120812	1.76	17.92	0.49
20120813	0.14	17.78	0.49
20120814	0.01	18.99	0.46
20120815	14.58	17.09	0.79
20120816	0.44	18.46	1.01
20120817	2.9	18.57	0.65
20120818	0.01	19.14	0.58
20120819	2.47	16.75	0.54
20120820	0.01	17.39	0.55
20120821	2.37	15.37	0.52
20120822	0.2	15.72	0.51
20120823	1.56	14.83	0.45
20120824	5.53	15.79	0.5
20120825	16.92	16.0	0.99
20120826	1.05	14.35	3.71
20120827	6.35	14.15	1.6
20120828	8.37	15.64	1.92
20120829	8.15	13.68	3.23
20120830	0.25	10.05	2.7
20120831	0.53	13.76	1.42
20120901	0.26	17.08	1.06
20120902	0.04	14.85	0.88
20120903	0.11	17.13	0.77
20120904	0.03	13.49	0.69
20120905	0.0	12.18	0.61
20120906	0.0	15.84	0.56
20120907	0.02	15.98	0.54
20120908	0.0	15.87	0.5
20120909	0.2	18.63	0.48
20120910	6.26	13.78	0.5
20120911	1.71	10.53	0.58
20120912	5.9	9.99	0.66
20120913	0.72	13.7	0.84
20120914	0.08	12.21	0.55
20120915	0.0	14.6	0.49
20120916	2.83	11.92	0.49
20120917	2.08	11.48	0.53
20120918	5.0	9.95	0.56
20120919	4.39	10.76	0.69
20120920	4.63	12.62	0.84
20120921	1.92	6.45	1.02
20120922	0.0	8.89	0.87
20120923	15.95	9.73	0.71
20120924	18.71	10.24	6.01
20120925	26.64	9.55	8.27
20120926	3.84	9.68	11.19
20120927	2.6	10.51	5.45
20120928	1.34	10.68	3.44
20120929	0.08	10.56	2.6
20120930	5.17	12.61	1.98
20121001	1.3	11.58	2.28
20121002	9.24	10.36	2.56
20121003	0.48	9.38	2.83
20121004	5.27	11.17	1.82
20121005	2.43	8.02	1.97
20121006	0.04	8.75	1.75
20121007	0.32	9.08	1.4
20121008	0.16	8.37	1.19
20121009	0.02	8.38	1.06
20121010	0.39	9.44	0.95
20121011	28.92	10.31	1.66
20121012	0.14	7.63	8.48
20121013	0.74	5.68	3.14
20121014	0.13	7.49	2.22
20121015	5.15	8.61	1.74
20121016	4.2	7.94	1.88
20121017	3.73	11.7	2.0
20121018	1.85	10.36	2.18
20121019	0.03	9.94	1.7
20121020	0.05	8.94	1.4
20121021	0.27	10.02	1.2
20121022	0.59	11.35	1.08
20121023	0.04	12.76	1.04
20121024	0.09	10.83	0.96
20121025	0.0	6.56	0.9
20121026	0.0	3.34	0.83
20121027	1.43	4.42	0.77
20121028	4.12	7.34	0.83
20121029	0.81	6.53	1.07
20121030	0.19	7.3	0.89
20121031	7.78	6.55	0.97
20121101	0.34	5.0	1.61
20121102	0.58	4.87	1.13
20121103	0.53	4.05	0.93
20121104	0.07	2.81	0.86
20121105	0.26	4.17	0.77
20121106	1.89	7.19	0.72
20121107	0.23	8.55	0.86
20121108	0.04	8.31	0.78
20121109	2.81	6.76	0.78
20121110	0.11	5.52	0.84
20121111	1.09	6.71	0.76
20121112	2.88	9.31	0.79
20121113	0.0	10.97	1.01
20121114	0.0	8.49	0.79
20121115	0.0	6.45	0.76
20121116	8.63	5.56	0.8
20121117	0.29	4.11	1.54
20121118	0.25	4.61	1.25
20121119	0.51	9.53	1.01
20121120	12.15	9.83	0.93
20121121	3.52	7.29	3.58
20121122	9.36	7.63	2.97
20121123	0.18	4.49	3.64
20121124	23.49	3.91	2.41
20121125	5.84	6.45	9.3
20121126	9.08	6.17	6.14
20121127	0.35	4.89	6.01
20121128	0.0	1.61	3.16
20121129	0.08	0.91	2.28
20121130	2.62	1.04	1.81
20121201	0.04	0.54	1.69
20121202	7.81	3.06	1.6
20121203	7.66	4.89	2.95
20121204	6.59	2.54	5.17
20121205	0.01	-0.42	3.88
20121206	13.91	1.49	3.04
20121207	0.11	2.75	5.28
20121208	1.59	3.86	2.95
20121209	1.14	3.68	3.14
20121210	0.12	0.57	2.16
20121211	0.13	-0.48	1.68
20121212	0.01	-2.44	1.46
20121213	0.1	-1.04	1.31
20121214	17.84	4.51	3.33
20121215	0.89	5.73	5.74
20121216	3.6	5.45	2.91
20121217	5.17	5.17	2.93
20121218	0.11	3.83	2.95
20121219	11.5	4.94	2.33
20121220	11.71	6.01	6.24
20121221	7.01	5.36	6.91
20121222	15.0	9.51	8.69
20121223	0.59	6.89	8.71
20121224	7.29	5.51	5.03
20121225	2.54	4.94	4.42
20121226	3.0	5.39	3.52
20121227	4.96	5.19	2.95
20121228	3.18	9.31	3.04
20121229	5.26	5.69	3.81
20121230	2.86	7.3	3.25
20121231	7.44	6.29	3.33
20130101	0.29	4.78	3.33
20130102	2.34	8.05	2.51
20130103	0.51	9.02	2.28
20130104	0.04	8.23	2.0
20130105	0.01	7.61	1.73
20130106	0.03	7.67	1.56
20130107	0.13	8.51	1.43
20130108	6.1	5.77	1.64
20130109	0.07	2.04	1.92
20130110	0.81	0.86	1.55
20130111	0.26	2.72	1.42
20130112	0.05	0.42	1.3
20130113	2.96	0.28	1.18
20130114	4.53	0.28	1.87
20130115	0.26	-1.12	1.79
20130116	0.01	-2.52	1.38
20130117	0.15	-0.5	1.18
20130118	0.31	-1.65	1.13
20130119	0.15	-0.23	1.08
20130120	1.47	-0.15	1.04
20130121	1.18	-1.11	1.05
20130122	0.73	-0.47	0.98
20130123	0.36	-0.5	0.96
20130124	0.07	-1.26	0.92
20130125	8.75	0.96	0.95
20130126	15.55	5.55	2.97
20130127	0.05	4.15	8.84
20130128	1.52	6.02	4.04
20130129	0.78	9.81	3.31
20130130	5.01	6.82	2.37
20130131	0.29	5.85	2.62
20130201	2.29	3.34	2.16
20130202	0.17	1.75	1.84
20130203	2.48	7.13	1.64
20130204	2.02	4.07	1.77
20130205	6.67	2.91	1.73
20130206	0.0	1.88	2.79
20130207	1.6	1.67	1.81
20130208	3.22	3.45	1.63
20130209	4.29	2.58	1.92
20130210	5.24	1.79	2.89
20130211	0.15	0.62	2.66
20130212	0.01	0.23	1.87
20130213	15.31	2.54	1.98
20130214	0.16	5.69	6.07
20130215	0.04	4.22	3.48
20130216	0.07	4.07	2.24
20130217	0.08	4.45	1.77
20130218	0.02	2.22	1.49
20130219	0.08	3.97	1.31
20130220	0.0	0.86	1.18
20130221	0.0	0.8	1.08
20130222	0.0	-0.28	1.01
20130223	0.08	0.41	0.96
20130224	0.08	1.09	0.91
20130225	0.04	3.46	0.87
20130226	0.0	2.67	0.84
20130227	0.01	2.38	0.81
20130228	0.0	5.49	0.79
20130301	0.0	2.14	0.77
20130302	0.0	3.31	0.76
20130303	0.0	4.25	0.74
20130304	0.01	2.54	0.74
20130305	0.0	6.07	0.72
20130306	2.03	5.39	0.71
20130307	3.89	6.52	0.78
20130308	1.4	5.05	0.85
20130309	3.4	2.56	0.87
20130310	0.4	-0.67	1.04
20130311	0.03	-1.92	0.81
20130312	0.04	1.47	0.73
20130313	0.03	0.53	0.7
20130314	1.92	3.39	0.66
20130315	8.5	5.1	0.76
20130316	5.99	3.83	1.76
20130317	0.5	2.24	1.97
20130318	0.25	3.15	1.35
20130319	0.05	3.07	1.04
20130320	0.01	1.49	0.89
20130321	2.86	2.21	0.8
20130322	7.68	0.8	0.86
20130323	1.23	-0.61	0.93
20130324	0.08	-0.16	0.85
20130325	0.07	0.76	0.77
20130326	0.21	0.64	0.73
20130327	0.16	-0.13	0.72
20130328	0.03	0.27	0.7
20130329	0.0	0.72	0.67
20130330	0.0	0.57	0.67
20130331	0.0	2.19	0.66
20130401	0.0	0.85	0.66
20130402	0.01	2.23	0.63
20130403	0.0	3.58	0.63
20130404	0.02	2.64	0.67
20130405	0.0	2.49	0.6
20130406	0.0	3.52	0.63
20130407	0.0	4.78	0.65
20130408	0.0	4.55	0.64
20130409	0.0	4.23	0.61
20130410	0.0	6.67	0.62
20130411	1.56	5.04	0.61
20130412	1.27	6.89	0.61
20130413	1.24	11.5	0.64
20130414	0.13	12.35	0.67
20130415	0.19	12.76	0.63
20130416	0.04	9.96	0.57
20130417	0.19	11.89	0.52
20130418	0.96	9.1	0.48
20130419	0.06	5.96	0.48
20130420	0.0	8.58	0.47
20130421	1.83	6.89	0.48
20130422	0.02	9.93	0.51
20130423	0.23	11.02	0.49
20130424	0.01	12.17	0.48
20130425	1.08	8.48	0.47
20130426	1.04	5.42	0.47
20130427	0.72	5.98	0.47
20130428	3.67	7.89	0.49
20130429	0.03	6.91	0.55
20130430	0.01	7.53	0.48
20130501	0.0	7.8	0.44
20130502	0.01	10.13	0.43
20130503	0.07	11.7	0.41
20130504	0.99	10.34	0.42
20130505	0.0	10.66	0.41
20130506	0.0	12.96	0.41
20130507	0.23	16.34	0.4
20130508	0.25	11.07	0.4
20130509	6.73	9.75	0.44
20130510	0.85	9.66	0.5
20130511	7.42	8.3	0.56
20130512	3.73	8.41	0.63
20130513	1.08	7.4	0.72
20130514	25.09	7.55	0.84
20130515	6.21	6.83	3.64
20130516	1.19	10.14	1.82
20130517	2.61	10.13	1.06
20130518	0.06	9.83	0.87
20130519	1.28	12.67	0.74
20130520	1.16	12.53	0.68
20130521	0.18	10.3	0.63
20130522	0.45	8.18	0.58
20130523	2.93	7.17	0.54
20130524	1.74	7.35	0.59
20130525	0.01	9.45	0.6
20130526	0.0	11.12	0.51
20130527	4.7	10.95	0.5
20130528	10.71	9.85	0.69
20130529	6.39	12.55	1.39
20130530	0.36	12.32	1.46
20130531	0.04	12.34	0.91
20130601	0.0	10.7	0.67
20130602	0.0	10.77	0.58
20130603	0.0	12.97	0.53
20130604	0.0	13.93	0.5
20130605	0.0	11.92	0.47
20130606	0.0	12.88	0.44
20130607	0.0	13.91	0.43
20130608	0.0	12.68	0.4
20130609	0.01	12.84	0.4
20130610	0.04	11.74	0.39
20130611	0.09	14.85	0.4
20130612	1.91	14.95	0.4
20130613	7.35	12.54	0.49
20130614	7.16	12.44	0.69
20130615	2.01	12.97	0.59
20130616	0.05	14.46	0.49
20130617	0.01	13.51	0.43
20130618	0.22	17.62	0.42
20130619	0.77	14.25	0.39
20130620	0.92	16.05	0.39
20130621	5.21	15.09	0.4
20130622	6.9	13.92	0.47
20130623	2.34	11.83	0.79
20130624	0.0	11.4	0.66
20130625	0.0	13.91	0.45
20130626	0.0	13.89	0.36
20130627	12.63	13.1	0.4
20130628	5.83	13.31	0.96
20130629	0.02	15.35	1.35
20130630	0.04	14.57	0.6
20130701	0.43	12.57	0.48
20130702	8.13	13.87	0.48
20130703	0.04	14.34	0.59
20130704	0.0	15.11	0.5
20130705	0.0	16.97	0.41
20130706	0.0	17.84	0.36
20130707	0.0	19.56	0.35
20130708	0.01	17.8	0.33
20130709	0.0	20.18	0.31
20130710	0.0	15.32	0.3
20130711	0.0	16.46	0.28
20130712	0.0	19.49	0.28
20130713	0.0	20.09	0.26
20130714	0.0	16.79	0.26
20130715	0.0	17.9	0.28
20130716	0.0	18.73	0.29
20130717	0.0	19.8	0.27
20130718	0.0	21.02	0.25
20130719	0.0	21.65	0.23
20130720	0.0	18.21	0.25
20130721	0.0	16.21	0.24
20130722	16.43	21.47	0.25
20130723	1.13	19.26	0.74
20130724	1.46	19.79	0.54
20130725	0.11	18.13	0.37
20130726	0.0	17.67	0.31
20130727	41.2	19.42	0.46
20130728	5.96	18.19	4.69
20130729	3.49	16.67	1.58
20130730	2.09	17.18	0.91
20130731	6.51	16.9	0.78
20130801	0.05	22.17	0.78
20130802	3.46	18.86	0.55
20130803	0.83	17.37	0.54
20130804	11.06	16.72	0.51
20130805	1.94	14.67	1.01
20130806	0.0	13.94	0.85
20130807	0.0	14.88	0.55
20130808	1.33	18.11	0.45
20130809	0.06	15.26	0.42
20130810	0.35	15.61	0.4
20130811	0.12	15.2	0.37
20130812	0.94	13.55	0.37
20130813	0.57	13.83	0.34
20130814	0.84	17.96	0.34
20130815	20.04	18.82	0.35
20130816	0.04	16.1	1.21
20130817	5.46	15.19	0.74
20130818	0.17	15.06	0.78
20130819	0.04	15.09	0.54
20130820	0.0	16.53	0.43
20130821	0.0	17.05	0.39
20130822	0.1	18.57	0.36
20130823	8.87	17.83	0.36
20130824	0.06	14.27	0.53
20130825	0.01	16.47	0.42
20130826	0.01	16.76	0.37
20130827	0.01	16.85	0.34
20130828	0.0	14.54	0.32
20130829	0.01	17.23	0.3
20130830	0.04	14.97	0.28
20130831	0.0	12.92	0.26
20130901	0.0	13.58	0.26
20130902	0.0	17.05	0.26
20130903	0.02	16.24	0.28
20130904	0.0	17.5	0.27
20130905	8.21	15.52	0.26
20130906	4.0	10.87	0.48
20130907	0.04	10.46	0.49
20130908	0.4	10.44	0.34
20130909	2.68	11.72	0.31
20130910	0.04	12.33	0.34
20130911	4.44	12.9	0.34
20130912	3.91	15.45	0.4
20130913	3.41	11.86	0.52
20130914	0.35	10.46	0.52
20130915	8.94	10.74	0.5
20130916	5.31	9.75	1.15
20130917	2.19	9.28	1.13
20130918	1.13	11.06	0.77
20130919	3.14	12.96	0.69
20130920	0.16	11.81	0.73
20130921	0.01	16.57	0.54
20130922	0.09	15.47	0.47
20130923	0.01	14.27	0.43
20130924	0.47	16.25	0.42
20130925	0.95	14.46	0.41
20130926	0.07	13.27	0.37
20130927	0.0	13.01	0.35
20130928	0.0	14.27	0.34
20130929	0.0	14.33	0.32
20130930	0.01	13.65	0.27
20131001	9.19	13.73	0.32
20131002	5.56	14.56	0.52
20131003	7.73	16.18	0.71
20131004	6.16	15.12	1.11
20131005	0.07	12.03	1.14
20131006	0.01	15.06	0.63
20131007	0.36	15.73	0.51
20131008	0.3	14.39	0.45
20131009	1.58	8.69	0.42
20131010	0.66	8.52	0.41
20131011	0.35	11.19	0.37
20131012	3.0	11.01	0.37
20131013	5.56	9.41	0.7
20131014	2.41	8.53	0.76
20131015	0.06	9.67	0.7
20131016	7.8	10.32	0.66
20131017	0.57	12.29	1.09
20131018	3.92	12.62	0.76
20131019	3.45	13.82	0.88
20131020	13.02	13.06	0.88
20131021	12.12	14.33	3.83
20131022	9.48	14.18	3.46
20131023	1.04	9.27	3.44
20131024	4.46	12.17	1.92
20131025	2.57	14.53	1.58
20131026	2.84	11.8	1.46
20131027	11.59	10.8	1.27
20131028	11.56	9.09	2.79
20131029	4.78	6.95	5.01
20131030	1.76	9.0	3.35
20131031	0.09	9.52	2.01
20131101	13.05	7.78	2.64
20131102	4.68	8.31	3.12
20131103	2.22	4.66	2.49
20131104	2.67	5.64	1.92
20131105	5.1	7.41	1.92
20131106	7.06	6.57	2.35
20131107	0.13	7.11	2.6
20131108	0.74	4.51	1.73
20131109	2.64	4.35	1.49
20131110	4.08	5.68	1.45
20131111	2.0	10.11	1.73
20131112	0.02	6.46	1.74
20131113	3.47	6.59	1.32
20131114	0.66	4.17	1.32
20131115	0.12	6.34	1.17
20131116	0.04	8.2	1.03
20131117	0.28	8.48	0.95
20131118	4.09	4.26	0.95
20131119	5.85	2.52	1.12
20131120	7.08	5.06	1.85
20131121	0.16	4.75	2.74
20131122	0.0	2.33	1.7
20131123	0.06	2.06	1.28
20131124	0.04	3.18	1.09
20131125	0.02	2.54	0.97
20131126	0.76	6.09	0.88
20131127	0.02	7.94	0.84
20131128	0.41	7.87	0.82
20131129	1.24	5.37	0.77
20131130	0.07	5.05	0.8
20131201	0.02	7.48	0.72
20131202	0.03	6.26	0.68
20131203	0.3	5.71	0.67
20131204	0.3	4.92	0.64
20131205	4.63	5.33	0.65
20131206	2.62	4.95	0.78
20131207	0.41	7.09	0.88
20131208	0.08	9.01	0.82
20131209	0.01	7.38	0.72
20131210	0.01	5.45	0.66
20131211	0.02	4.62	0.62
20131212	5.51	8.69	0.62
20131213	1.2	7.02	0.92
20131214	0.9	7.47	0.88
20131215	13.08	9.32	0.87
20131216	2.35	5.57	4.21
20131217	0.09	4.1	2.28
20131218	9.54	6.06	1.8
20131219	2.9	3.16	3.37
20131220	5.49	6.72	2.12
20131221	4.43	7.37	3.0
20131222	0.12	3.96	2.37
20131223	9.02	7.32	2.35
20131224	0.85	3.62	3.46
20131225	0.02	2.33	2.0
20131226	5.58	4.77	1.6
20131227	0.52	5.63	2.03
20131228	0.2	3.84	1.66
20131229	1.35	6.03	1.34
20131230	1.07	6.92	1.27
20131231	2.14	5.94	1.24
20140101	9.97	7.05	1.7
20140102	2.29	6.72	2.87
20140103	3.07	5.41	2.02
20140104	0.18	2.99	1.8
20140105	5.56	6.51	1.6
20140106	5.19	8.35	2.89
20140107	3.53	7.83	2.81
20140108	7.77	6.28	2.6
20140109	0.45	4.53	3.39
20140110	2.67	4.83	2.22
20140111	0.68	2.39	1.93
20140112	4.2	3.82	1.74
20140113	5.15	4.06	2.04
20140114	5.9	5.06	2.45
20140115	4.91	7.09	3.75
20140116	0.77	6.13	3.73
20140117	2.28	5.3	2.35
20140118	4.56	6.08	2.07
20140119	0.03	3.34	2.43
20140120	0.1	3.44	1.89
20140121	5.98	3.92	1.66
20140122	2.53	5.39	2.09
20140123	2.22	3.56	2.02
20140124	10.01	5.47	2.49
20140125	4.23	5.98	4.59
20140126	4.22	4.42	3.46
20140127	6.26	5.15	2.89
20140128	3.24	5.4	3.64
20140129	1.03	3.3	2.97
20140130	1.36	2.06	2.43
20140131	11.12	3.94	3.27
20140201	2.43	4.38	4.19
20140202	0.02	6.23	2.66
20140203	0.33	4.45	2.04
20140204	3.71	4.9	1.71
20140205	10.45	6.36	2.81
20140206	8.32	4.63	3.88
20140207	3.54	5.69	4.0
20140208	8.75	5.98	3.58
20140209	0.25	3.16	4.61
20140210	6.93	2.88	2.83
20140211	3.86	3.11	3.94
20140212	5.5	4.41	4.02
20140213	0.28	4.23	3.41
20140214	11.49	5.7	2.64
20140215	4.23	4.3	5.32
20140216	0.23	5.31	3.62
20140217	2.67	6.89	2.56
20140218	0.65	7.15	2.41
20140219	1.58	8.47	1.9
20140220	0.73	6.04	1.78
20140221	0.91	5.72	1.6
20140222	0.03	7.95	1.41
20140223	1.04	8.51	1.28
20140224	1.09	7.72	1.21
20140225	0.47	6.44	1.17
20140226	4.57	6.94	1.09
20140227	0.4	4.85	1.28
20140228	0.01	3.49	1.24
20140301	2.62	5.16	1.06
20140302	8.08	4.65	1.37
20140303	0.44	4.83	2.39
20140304	0.14	5.19	1.48
20140305	1.12	7.67	1.23
20140306	3.88	9.13	1.14
20140307	0.07	6.49	1.26
20140308	0.0	8.92	1.18
20140309	0.0	10.41	1.03
20140310	0.02	5.41	0.94
20140311	0.02	5.73	0.85
20140312	0.2	6.34	0.81
20140313	0.03	6.24	0.78
20140314	0.0	8.59	0.75
20140315	0.0	8.94	0.72
20140316	0.01	9.53	0.72
20140317	0.07	9.03	0.7
20140318	2.88	8.4	0.76
20140319	0.01	9.53	0.75
20140320	2.81	6.79	0.71
20140321	1.68	5.78	0.74
20140322	4.2	4.8	0.76
20140323	0.65	3.22	0.86
20140324	5.45	7.15	0.81
20140325	4.77	4.22	1.09
20140326	0.63	5.25	1.3
20140327	3.76	5.35	1.0
20140328	3.2	8.38	1.16
20140329	0.0	11.07	1.12
20140330	0.01	11.39	0.89
20140331	8.29	10.91	0.93
20140401	0.32	11.02	1.53
20140402	0.09	9.28	1.15
20140403	5.55	9.43	1.02
20140404	0.4	9.82	1.48
20140405	4.03	11.85	1.19
20140406	5.52	11.86	1.28
20140407	7.34	8.92	2.37
20140408	0.13	8.36	2.7
20140409	0.0	10.42	1.62
20140410	0.05	8.28	1.23
20140411	0.0	8.66	1.03
20140412	0.85	8.85	0.92
20140413	0.03	9.25	0.85
20140414	0.0	7.52	0.77
20140415	0.0	8.48	0.71
20140416	0.0	11.12	0.66
20140417	0.12	6.79	0.63
20140418	0.0	6.7	0.61
20140419	0.04	7.78	0.59
20140420	0.54	10.49	0.59
20140421	2.44	13.38	0.6
20140422	1.27	10.51	0.63
20140423	1.45	10.11	0.61
20140424	0.02	10.9	0.6
20140425	9.91	9.22	0.7
20140426	0.16	10.99	0.84
20140427	0.06	10.87	0.69
20140428	0.01	11.98	0.61
20140429	0.0	13.94	0.57
20140430	2.1	13.04	0.56
20140501	0.31	9.68	0.61
20140502	0.0	6.13	0.53
20140503	0.01	11.06	0.5
20140504	0.0	10.33	0.5
20140505	5.4	12.04	0.52
20140506	0.58	12.29	0.59
20140507	1.82	11.81	0.56
20140508	11.4	11.22	0.7
20140509	9.12	11.38	1.09
20140510	15.26	11.41	1.37
20140511	8.45	10.24	4.06
20140512	7.56	9.16	3.33
20140513	2.76	9.99	2.81
20140514	0.01	12.42	1.78
20140515	0.0	13.5	1.19
20140516	0.0	15.08	0.94
20140517	0.0	15.14	0.81
20140518	0.3	15.29	0.72
20140519	2.36	17.6	0.66
20140520	1.98	14.07	0.66
20140521	4.44	14.04	0.61
20140522	6.93	11.33	0.65
20140523	1.73	11.53	0.84
20140524	9.77	11.25	0.97
20140525	3.05	10.91	1.22
20140526	0.19	13.77	0.89
20140527	6.93	13.01	0.7
20140528	3.32	11.35	0.95
20140529	0.1	11.11	1.02
20140530	0.0	12.45	0.83
20140531	0.01	12.64	0.66
20140601	1.02	16.2	0.62
20140602	7.22	15.34	0.66
20140603	1.44	12.86	0.96
20140604	7.16	11.37	1.01
20140605	0.07	10.28	1.46
20140606	3.96	16.11	1.02
20140607	7.11	14.57	1.07
20140608	2.22	16.02	1.24
20140609	7.14	16.19	1.58
20140610	2.19	15.5	1.54
20140611	0.0	14.01	1.05
20140612	0.01	15.87	0.8
20140613	0.06	17.28	0.68
20140614	1.22	16.9	0.62
20140615	0.68	14.64	0.61
20140616	0.06	13.37	0.59
20140617	0.0	15.97	0.52
20140618	0.03	18.17	0.5
20140619	0.01	15.66	0.49
20140620	0.0	15.25	0.47
20140621	0.01	15.06	0.45
20140622	0.0	16.54	0.43
20140623	0.0	16.88	0.42
20140624	0.96	14.58	0.43
20140625	0.0	15.43	0.44
20140626	0.59	15.02	0.41
20140627	7.59	12.54	0.41
20140628	0.54	11.71	0.53
20140629	0.08	12.66	0.51
20140630	0.0	14.35	0.42
20140701	0.01	15.46	0.38
20140702	0.0	17.93	0.36
20140703	0.06	17.54	0.36
20140704	18.73	15.6	0.45
20140705	0.02	13.9	1.11
20140706	1.26	13.93	0.72
20140707	1.03	14.95	0.49
20140708	1.43	15.05	0.46
20140709	0.03	15.38	0.43
20140710	0.0	15.83	0.38
20140711	0.0	17.29	0.35
20140712	6.95	19.29	0.35
20140713	0.02	13.85	0.47
20140714	2.02	16.25	0.43
20140715	0.0	15.17	0.39
20140716	0.27	16.11	0.35
20140717	0.67	20.21	0.32
20140718	13.87	20.74	0.31
20140719	8.47	18.36	0.94
20140720	0.03	18.12	0.84
20140721	0.0	17.41	0.53
20140722	0.0	19.32	0.41
20140723	0.0	19.64	0.36
20140724	0.0	19.74	0.3
20140725	0.0	19.71	0.29
20140726	0.68	19.8	0.28
20140727	0.41	16.07	0.28
20140728	0.0	17.32	0.29
20140729	0.03	16.59	0.3
20140730	0.02	17.14	0.29
20140731	1.84	17.24	0.29
20140801	7.18	17.28	0.4
20140802	6.95	15.67	0.56
20140803	0.0	15.65	0.41
20140804	0.0	15.66	0.32
20140805	4.36	17.84	0.31
20140806	1.25	16.33	0.37
20140807	0.09	15.33	0.41
20140808	2.07	17.17	0.39
20140809	8.99	16.74	0.37
20140810	10.34	14.0	0.74
20140811	0.3	14.71	1.06
20140812	3.57	14.68	0.54
20140813	1.77	14.37	0.5
20140814	5.29	14.27	0.43
20140815	0.44	14.67	0.44
20140816	1.02	14.12	0.38
20140817	6.65	13.85	0.36
20140818	5.65	12.36	0.6
20140819	0.8	11.49	0.63
20140820	0.21	11.67	0.49
20140821	2.33	12.51	0.39
20140822	2.57	11.65	0.37
20140823	1.29	11.37	0.41
20140824	2.78	13.89	0.4
20140825	6.53	12.94	0.39
20140826	0.02	11.79	0.64
20140827	1.77	16.33	0.54
20140828	0.12	16.11	0.4
20140829	5.35	14.67	0.41
20140830	4.55	14.66	0.59
20140831	2.39	15.59	0.66
20140901	0.11	12.87	0.57
20140902	0.0	15.87	0.54
20140903	0.0	15.95	0.42
20140904	0.0	16.32	0.36
20140905	0.12	17.19	0.34
20140906	0.08	12.08	0.32
20140907	0.0	12.35	0.31
20140908	0.0	12.38	0.31
20140909	0.0	13.62	0.31
20140910	0.0	14.82	0.28
20140911	0.0	13.42	0.28
20140912	0.0	14.46	0.26
20140913	0.0	13.84	0.26
20140914	0.01	13.79	0.25
20140915	0.03	16.07	0.25
20140916	0.0	16.31	0.27
20140917	0.0	16.04	0.25
20140918	0.0	17.43	0.24
20140919	2.01	15.5	0.24
20140920	0.32	12.17	0.26
20140921	0.0	10.68	0.26
20140922	0.05	12.82	0.25
20140923	5.75	14.06	0.26
20140924	0.02	11.62	0.33
20140925	0.32	15.36	0.3
20140926	0.1	11.66	0.27
20140927	0.0	14.28	0.25
20140928	0.02	15.84	0.25
20140929	4.31	14.81	0.25
20140930	0.53	15.77	0.43
20141001	0.72	11.28	0.33
20141002	0.03	13.23	0.3
20141003	7.46	14.66	0.29
20141004	0.88	8.65	0.4
20141005	13.1	11.42	0.43
20141006	5.65	8.93	0.87
20141007	2.2	8.19	1.03
20141008	6.58	10.95	0.85
20141009	1.12	10.2	0.83
20141010	1.04	9.77	0.71
20141011	0.59	8.71	0.53
20141012	0.01	10.06	0.47
20141013	8.3	10.49	0.45
20141014	0.24	10.62	0.65
20141015	5.37	11.73	0.63
20141016	2.64	13.81	0.68
20141017	3.04	15.48	0.66
20141018	0.24	15.91	0.69
20141019	0.98	13.07	0.61
20141020	7.49	11.29	0.52
20141021	5.99	8.29	1.08
20141022	0.37	10.74	1.35
20141023	2.24	13.1	0.82
20141024	1.78	9.99	0.74
20141025	0.54	11.37	0.84
20141026	0.0	13.3	0.67
20141027	0.01	13.79	0.58
20141028	3.98	10.11	0.55
20141029	1.19	9.99	0.63
20141030	0.01	15.26	0.6
20141031	0.35	14.4	0.57
20141101	3.37	12.4	0.51
20141102	2.68	9.04	0.55
20141103	0.27	6.12	0.66
20141104	0.24	6.03	0.62
20141105	0.02	4.86	0.52
20141106	4.03	8.48	0.49
20141107	17.34	7.9	2.18
20141108	3.26	7.22	3.98
20141109	0.27	6.91	1.84
20141110	2.01	8.51	1.28
20141111	3.97	9.99	1.08
20141112	1.35	9.08	1.36
20141113	5.18	11.19	1.19
20141114	4.51	8.62	2.06
20141115	0.06	7.81	1.8
20141116	5.27	8.06	1.3
20141117	0.75	7.29	1.49
20141118	0.16	8.52	1.32
20141119	0.12	7.91	1.04
20141120	0.05	6.38	0.88
20141121	16.59	8.65	1.04
20141122	2.96	9.85	4.55
20141123	0.05	4.79	2.2
20141124	0.09	4.11	1.65
20141125	4.38	3.73	1.29
20141126	1.96	6.51	1.47
20141127	0.06	6.6	1.45
20141128	0.76	9.3	1.25
20141129	0.07	8.5	1.09
20141130	0.01	7.66	0.97
20141201	0.7	6.38	0.88
20141202	0.13	2.12	0.81
20141203	0.04	3.02	0.75
20141204	0.24	3.07	0.71
20141205	0.81	2.26	0.68
20141206	3.5	4.61	0.65
20141207	3.68	3.98	0.79
20141208	1.88	2.64	1.07
20141209	7.15	6.59	1.13
20141210	5.22	4.57	2.09
20141211	16.93	3.77	2.26
20141212	1.79	1.54	6.93
20141213	0.14	2.67	3.23
20141214	5.51	5.94	2.22
20141215	2.38	4.75	2.64
20141216	14.01	7.55	2.28
20141217	3.06	11.12	6.72
20141218	9.45	8.79	4.48
20141219	1.54	6.12	5.49
20141220	0.98	6.64	2.87
20141221	0.04	9.6	2.07
20141222	2.26	11.24	1.71
20141223	4.26	7.88	1.64
20141224	1.1	5.36	1.96
20141225	3.45	3.84	1.78
20141226	11.81	1.4	3.0
20141227	1.52	-0.13	4.55
20141228	0.51	0.36	2.7
20141229	0.26	1.44	1.9
20141230	0.12	2.0	1.57
20141231	0.66	5.96	1.4
20150101	2.81	8.72	2.14
20150102	0.87	4.69	1.77
20150103	3.83	0.69	1.62
20150104	0.17	1.77	1.63
20150105	0.31	6.36	1.38
20150106	2.95	4.71	1.41
20150107	4.38	7.77	1.54
20150108	0.75	7.44	1.64
20150109	4.59	10.51	1.55
20150110	0.55	4.92	1.63
20150111	1.09	7.03	1.39
20150112	2.48	6.18	1.32
20150113	0.82	1.67	1.34
20150114	4.31	4.68	1.2
20150115	1.85	3.35	1.68
20150116	1.39	1.7	1.47
20150117	1.08	1.42	1.35
20150118	0.99	-0.02	1.3
20150119	0.14	-0.22	1.18
20150120	1.71	0.07	1.06
20150121	2.04	0.97	1.13
20150122	0.02	0.8	1.1
20150123	4.62	3.1	1.02
20150124	0.01	3.83	1.95
20150125	1.91	6.24	1.4
20150126	1.07	5.06	1.52
20150127	0.84	6.95	1.28
20150128	2.73	4.04	1.31
20150129	11.92	0.63	1.54
20150130	6.36	2.64	2.79
20150131	0.24	2.89	2.95
20150201	0.01	-0.08	2.22
20150202	0.0	-0.69	1.6
20150203	0.01	0.81	1.28
20150204	0.01	1.62	1.1
20150205	0.11	0.68	1.0
20150206	0.12	1.04	0.95
20150207	0.0	1.3	0.89
20150208	0.23	2.41	0.89
20150209	0.0	4.0	1.3
20150210	0.0	2.58	1.53
20150211	0.0	2.89	1.15
20150212	0.03	3.57	0.96
20150213	2.79	5.73	0.91
20150214	0.14	5.23	1.17
20150215	3.48	5.67	0.96
20150216	0.76	3.67	1.02
20150217	0.06	5.17	1.0
20150218	0.49	7.28	0.84
20150219	6.19	4.12	0.98
20150220	2.03	3.37	1.41
20150221	1.43	2.54	1.24
20150222	7.48	4.36	1.6
20150223	4.39	4.5	2.74
20150224	0.93	4.66	2.03
20150225	4.2	8.07	1.61
20150226	3.04	4.76	2.49
20150227	0.34	5.55	1.95
20150228	0.28	7.75	1.51
20150301	3.63	3.87	1.37
20150302	0.25	3.29	1.33
20150303	0.15	4.28	1.1
20150304	0.06	4.6	0.96
20150305	0.0	6.49	0.88
20150306	0.0	9.54	0.83
20150307	0.14	10.94	0.77
20150308	5.22	4.48	0.84
20150309	0.78	6.3	0.91
20150310	0.14	5.18	0.82
20150311	0.95	6.18	0.75
20150312	9.11	7.45	0.73
20150313	3.43	3.97	1.86
20150314	0.01	3.41	1.75
20150315	0.2	5.47	1.24
20150316	0.27	5.21	1.03
20150317	0.2	3.65	0.91
20150318	0.06	4.52	0.8
20150319	0.0	5.5	0.75
20150320	0.12	6.55	0.73
20150321	0.02	5.09	0.67
20150322	0.02	5.12	0.65
20150323	0.76	5.0	0.64
20150324	1.83	3.26	0.66
20150325	8.37	4.99	0.66
20150326	0.41	5.42	1.09
20150327	0.83	7.55	1.07
20150328	7.6	9.46	0.88
20150329	9.36	6.74	3.16
20150330	15.82	8.01	3.23
20150331	2.93	5.54	6.24
20150401	6.75	6.06	2.74
20150402	3.59	7.56	2.95
20150403	3.98	8.66	2.6
20150404	0.03	8.44	2.64
20150405	0.11	9.36	1.81
20150406	0.09	9.55	1.42
20150407	0.0	9.01	1.21
20150408	0.0	9.94	1.07
20150409	0.0	11.14	0.97
20150410	2.23	11.47	0.89
20150411	0.1	7.76	0.83
20150412	3.21	6.34	0.78
20150413	0.0	10.33	0.85
20150414	0.0	10.97	0.75
20150415	0.01	9.25	0.7
20150416	0.0	10.11	0.65
20150417	0.0	7.3	0.61
20150418	0.0	7.66	0.59
20150419	0.07	6.54	0.58
20150420	0.0	8.46	0.57
20150421	0.0	9.96	0.54
20150422	0.0	10.13	0.52
20150423	0.0	11.79	0.52
20150424	0.02	12.01	0.52
20150425	1.96	8.22	0.54
20150426	0.0	4.82	0.54
20150427	0.42	6.31	0.5
20150428	3.97	7.64	0.49
20150429	2.07	7.68	0.54
20150430	0.62	6.23	0.53
20150501	0.0	7.17	0.5
20150502	13.05	8.7	0.49
20150503	1.09	12.74	1.03
20150504	8.76	12.51	0.83
20150505	0.83	10.1	1.06
20150506	5.3	8.3	0.81
20150507	3.02	8.28	1.02
20150508	14.59	10.87	1.11
20150509	0.1	9.64	2.02
20150510	0.15	14.3	1.07
20150511	0.09	13.72	0.82
20150512	0.28	10.22	0.67
20150513	0.0	10.81	0.6
20150514	0.02	8.22	0.54
20150515	0.39	12.27	0.51
20150516	0.0	9.42	0.48
20150517	8.45	10.05	0.47
20150518	11.95	8.49	0.88
20150519	5.62	8.35	1.56
20150520	1.4	9.58	1.36
20150521	0.26	13.2	0.95
20150522	0.1	12.22	0.7
20150523	1.83	12.66	0.61
20150524	0.06	10.71	0.6
20150525	0.0	11.24	0.56
20150526	0.0	9.84	0.5
20150527	2.4	11.84	0.49
20150528	10.94	10.72	0.49
20150529	3.03	8.48	0.93
20150530	7.52	11.76	0.87
20150531	1.03	8.25	1.23
20150601	14.89	10.52	1.07
20150602	0.98	12.81	3.06
20150603	0.0	10.96	1.26
20150604	0.0	15.62	0.87
20150605	0.0	13.63	0.72
20150606	0.0	11.11	0.6
20150607	0.0	10.17	0.55
20150608	0.19	9.58	0.51
20150609	0.05	9.19	0.49
20150610	0.0	11.4	0.46
20150611	0.0	14.81	0.44
20150612	10.4	16.97	0.45
20150613	1.17	11.79	0.67
20150614	0.11	10.46	0.63
20150615	0.0	14.25	0.5
20150616	0.11	16.24	0.45
20150617	1.91	13.55	0.43
20150618	0.0	12.4	0.45
20150619	0.62	13.11	0.42
20150620	1.25	14.97	0.42
20150621	4.57	12.29	0.43
20150622	1.14	11.92	0.53
20150623	0.0	14.41	0.59
20150624	0.0	15.47	0.45
20150625	0.49	17.56	0.41
20150626	0.95	15.4	0.42
20150627	3.45	17.01	0.4
20150628	0.13	16.25	0.44
20150629	0.0	17.75	0.43
20150630	0.05	22.03	0.38
20150701	0.93	22.41	0.36
20150702	3.88	14.7	0.36
20150703	5.19	19.04	0.39
20150704	0.0	16.29	0.42
20150705	3.11	15.21	0.43
20150706	3.03	15.43	0.44
20150707	3.52	15.46	0.42
20150708	1.08	12.02	0.39
20150709	0.0	14.13	0.36
20150710	0.03	19.3	0.32
20150711	1.62	16.81	0.32
20150712	1.13	15.99	0.32
20150713	3.95	16.25	0.37
20150714	0.18	15.55	0.41
20150715	0.0	12.41	0.34
20150716	0.06	17.99	0.31
20150717	0.0	14.57	0.29
20150718	5.8	15.93	0.27
20150719	0.04	13.82	0.35
20150720	1.37	16.79	0.32
20150721	0.92	15.63	0.3
20150722	1.18	13.6	0.29
20150723	0.01	12.94	0.3
20150724	2.35	11.9	0.29
20150725	0.07	12.73	0.29
20150726	8.43	13.31	0.31
20150727	5.85	13.91	0.41
20150728	8.37	11.91	0.81
20150729	1.27	12.9	0.98
20150730	0.07	10.83	0.6
20150731	0.05	14.63	0.45
20150801	3.08	14.05	0.38
20150802	0.03	18.2	0.39
20150803	0.0	16.12	0.34
20150804	0.17	15.41	0.31
20150805	1.22	16.73	0.28
20150806	0.14	12.94	0.28
20150807	0.0	14.96	0.3
20150808	0.04	17.86	0.26
20150809	0.03	18.85	0.25
20150810	1.3	14.92	0.29
20150811	0.09	13.93	0.25
20150812	0.0	16.35	0.23
20150813	19.2	16.16	0.21
20150814	6.76	12.57	1.34
20150815	0.02	11.48	0.92
20150816	0.0	14.89	0.55
20150817	0.0	14.29	0.43
20150818	0.03	14.94	0.36
20150819	3.66	16.39	0.34
20150820	0.5	18.71	0.35
20150821	2.26	17.91	0.31
20150822	7.4	20.1	0.41
20150823	3.1	16.6	0.57
20150824	0.15	14.21	0.44
20150825	7.73	15.07	0.36
20150826	0.39	15.31	0.41
20150827	0.28	14.13	0.49
20150828	0.46	15.15	0.36
20150829	0.05	14.8	0.3
20150830	7.66	14.92	0.29
20150831	5.11	12.74	0.45
20150901	3.74	13.24	0.56
20150902	4.38	12.67	0.52
20150903	0.82	11.6	0.67
20150904	1.26	12.46	0.43
20150905	0.01	10.41	0.35
20150906	0.0	12.32	0.32
20150907	0.0	12.37	0.31
20150908	0.0	11.53	0.3
20150909	0.0	12.75	0.28
20150910	0.0	15.29	0.27
20150911	10.23	16.21	0.28
20150912	3.35	12.31	0.52
20150913	0.23	12.33	0.6
20150914	4.64	11.69	0.43
20150915	0.37	11.45	0.46
20150916	0.17	11.11	0.41
20150917	0.05	11.19	0.34
20150918	0.14	11.74	0.31
20150919	0.02	12.46	0.28
20150920	5.13	13.33	0.28
20150921	9.71	12.09	0.43
20150922	0.12	11.5	1.03
20150923	0.47	12.11	0.67
20150924	0.06	11.78	0.46
20150925	0.02	10.22	0.39
20150926	0.0	10.63	0.34
20150927	0.02	11.13	0.33
20150928	0.02	12.11	0.32
20150929	0.0	12.31	0.32
20150930	0.0	12.23	0.31
20151001	0.04	10.57	0.28
20151002	0.03	11.05	0.28
20151003	0.08	8.38	0.29
20151004	1.3	11.99	0.29
20151005	1.37	15.76	0.3
20151006	12.82	14.66	0.39
20151007	0.89	9.76	1.01
20151008	0.0	11.1	0.74
20151009	0.0	11.31	0.43
20151010	0.0	10.9	0.37
20151011	0.0	8.11	0.33
20151012	0.0	8.73	0.32
20151013	0.0	7.73	0.31
20151014	0.0	8.58	0.29
20151015	0.07	10.31	0.27
20151016	0.24	8.74	0.28
20151017	0.01	10.12	0.27
20151018	0.02	10.0	0.28
20151019	0.0	9.99	0.29
20151020	10.42	10.69	0.3
20151021	1.43	12.7	0.57
20151022	0.0	9.18	0.69
20151023	1.05	10.31	0.44
20151024	3.76	7.35	0.41
20151025	0.03	7.72	0.51
20151026	0.01	11.04	0.43
20151027	3.8	12.34	0.4
20151028	1.28	10.59	0.43
20151029	6.27	11.04	0.51
20151030	0.32	14.07	0.71
20151031	0.05	11.02	0.68
20151101	0.13	10.51	0.49
20151102	0.12	8.02	0.44
20151103	2.47	8.92	0.43
20151104	1.18	11.03	0.43
20151105	3.72	12.81	0.46
20151106	12.53	12.61	0.69
20151107	1.67	10.95	1.78
20151108	7.03	10.57	1.36
20151109	7.44	13.15	2.85
20151110	0.01	14.43	2.28
20151111	0.45	10.89	1.11
20151112	4.13	9.33	0.86
20151113	1.02	6.75	0.83
20151114	16.28	10.48	1.01
20151115	1.82	11.27	4.78
20151116	2.3	8.42	2.05
20151117	4.15	10.35	1.59
20151118	1.82	10.39	1.9
20151119	1.81	6.7	1.31
20151120	5.42	4.05	1.15
20151121	0.4	0.93	1.19
20151122	0.05	1.82	0.99
20151123	3.22	4.34	0.94
20151124	15.73	7.23	2.39
20151125	2.66	8.3	5.07
20151126	0.77	9.62	2.58
20151127	9.04	6.77	2.35
20151128	5.65	6.46	4.08
20151129	5.67	7.61	2.79
20151130	12.24	7.53	4.71
20151201	0.05	10.76	5.63
20151202	5.86	9.95	2.58
20151203	7.43	8.48	3.02
20151204	0.21	9.64	4.36
20151205	1.8	11.61	2.22
20151206	3.02	9.03	1.84
20151207	1.96	11.86	1.75
20151208	0.5	6.87	1.61
20151209	7.05	8.19	1.34
20151210	4.25	5.65	2.3
20151211	2.34	4.81	2.08
20151212	12.02	6.27	3.14
20151213	0.64	4.79	5.01
20151214	1.72	7.7	2.3
20151215	1.63	10.37	1.85
20151216	0.05	12.38	1.69
20151217	0.63	11.09	1.46
20151218	0.55	12.04	1.28
20151219	1.26	11.5	1.21
20151220	0.05	7.71	1.17
20151221	3.32	9.46	1.07
20151222	2.79	9.25	1.17
20151223	1.63	8.16	1.22
20151224	4.12	5.94	1.24
20151225	9.05	9.02	1.54
20151226	5.5	8.98	3.02
20151227	0.14	8.14	3.1
20151228	0.96	9.45	1.92
20151229	0.1	10.05	1.51
20151230	10.56	8.36	1.47
20151231	6.2	3.96	3.6
20160101	5.21	4.71	3.23
20160102	4.28	6.96	3.94
20160103	10.94	6.04	5.82
20160104	4.28	6.29	5.95
20160105	0.88	6.06	4.11
20160106	9.07	6.15	2.77
20160107	2.64	3.9	5.09
20160108	2.53	5.38	3.41
20160109	10.73	5.6	3.9
20160110	0.15	3.86	5.72
20160111	10.49	3.52	3.1
20160112	8.43	3.75	6.41
20160113	6.26	2.61	6.64
20160114	0.87	1.32	5.72
20160115	2.3	0.84	3.62
20160116	3.77	0.16	2.77
20160117	0.79	1.27	2.62
20160118	0.08	1.95	2.26
20160119	0.01	2.52	1.92
20160120	0.0	1.97	1.65
20160121	2.21	3.71	1.47
20160122	2.24	7.67	1.95
20160123	2.32	8.99	1.72
20160124	0.02	11.3	1.64
20160125	0.85	9.41	1.44
20160126	1.54	10.11	1.33
20160127	1.11	7.22	1.3
20160128	0.74	7.39	1.21
20160129	2.69	7.19	1.11
20160130	1.31	3.92	1.08
20160131	5.71	7.7	1.27
20160201	0.02	9.08	2.12
20160202	6.02	4.19	1.24
20160203	7.91	6.2	1.56
20160204	2.35	9.14	3.9
20160205	5.45	6.37	2.68
20160206	10.94	6.32	4.59
20160207	5.42	5.69	5.66
20160208	4.86	4.46	3.92
20160209	1.79	4.1	3.56
20160210	0.75	3.34	2.24
20160211	0.09	3.83	1.83
20160212	0.24	3.61	1.58
20160213	0.0	2.43	1.41
20160214	0.01	2.12	1.24
20160215	0.0	1.0	1.07
20160216	4.04	3.12	1.01
20160217	7.03	1.99	1.86
20160218	0.04	3.41	2.04
20160219	0.23	5.48	1.42
20160220	12.28	8.84	2.49
20160221	3.09	8.28	3.9
20160222	0.55	4.42	2.7
20160223	0.03	1.87	1.86
20160224	0.34	1.87	1.51
20160225	0.34	2.47	1.34
20160226	0.01	3.12	1.21
20160227	0.0	2.78	1.09
20160228	0.01	2.26	1.0
20160229	7.15	4.82	0.95
20160301	4.98	7.21	1.66
20160302	5.57	3.08	2.18
20160303	9.72	3.8	2.74
20160304	7.56	2.0	4.82
20160305	1.38	3.03	3.96
20160306	0.41	1.42	2.77
20160307	0.0	1.85	1.98
20160308	7.55	4.8	1.68
20160309	6.99	3.14	5.13
20160310	0.05	3.69	4.61
20160311	0.0	6.25	2.56
20160312	0.01	7.5	1.92
20160313	0.0	6.19	1.6
20160314	0.0	7.21	1.37
20160315	0.0	6.72	1.22
20160316	0.0	5.47	1.1
20160317	0.03	4.44	1.02
20160318	0.06	4.44	0.94
20160319	0.0	5.51	0.9
20160320	0.0	5.9	0.87
20160321	0.0	5.5	0.84
20160322	0.0	6.98	0.81
20160323	0.01	5.74	0.78
20160324	2.84	6.28	0.79
20160325	0.04	9.53	0.8
20160326	4.4	8.38	0.83
20160327	24.87	5.93	1.11
20160328	3.31	5.8	6.56
20160329	2.41	5.13	3.79
20160330	1.12	5.79	2.58
20160331	0.01	6.08	1.85
20160401	5.57	7.47	1.44
20160402	2.39	8.76	1.83
20160403	1.81	10.36	1.75
20160404	0.84	8.94	1.44
20160405	1.52	8.28	1.26
20160406	13.99	6.44	1.23
20160407	1.31	7.88	4.27
20160408	3.36	7.66	2.51
20160409	2.06	4.44	2.02
20160410	0.7	8.81	1.73
20160411	4.09	10.84	1.46
20160412	0.16	7.62	1.44
20160413	1.43	10.52	1.23
20160414	0.07	8.88	1.09
20160415	7.49	4.72	1.09
20160416	0.4	3.95	1.68
20160417	0.0	7.32	1.16
20160418	0.0	7.25	1.01
20160419	0.0	8.0	0.9
20160420	0.0	8.68	0.83
20160421	0.0	10.39	0.79
20160422	0.0	6.06	0.73
20160423	0.1	5.89	0.71
20160424	7.08	7.25	0.79
20160425	1.06	5.55	0.93
20160426	1.53	3.84	0.85
20160427	0.85	3.89	0.77
20160428	11.46	4.07	0.95
20160429	3.45	4.35	1.65
20160430	2.86	6.19	1.49
20160501	1.11	10.23	1.28
20160502	4.6	8.59	1.26
20160503	0.02	8.23	1.37
20160504	0.0	10.77	1.02
20160505	0.0	12.98	0.9
20160506	0.0	13.9	0.83
20160507	5.8	15.5	0.82
20160508	0.0	18.56	0.9
20160509	0.31	18.19	0.74
20160510	7.74	13.82	0.8
20160511	0.11	14.86	0.86
20160512	0.0	14.92	0.73
20160513	0.0	9.22	0.62
20160514	0.0	8.11	0.59
20160515	0.0	9.63	0.58
20160516	0.0	8.73	0.58
20160517	3.25	13.93	0.57
20160518	1.77	11.91	0.55
20160519	5.86	13.23	0.57
20160520	4.17	14.05	0.62
20160521	10.99	11.51	1.1
20160522	1.07	10.94	2.01
20160523	0.02	11.12	0.86
20160524	0.0	11.45	0.64
20160525	3.79	9.56	0.57
20160526	0.1	10.83	0.62
20160527	0.01	12.69	0.56
20160528	0.0	12.48	0.5
20160529	0.0	12.98	0.49
20160530	0.01	13.94	0.47
20160531	0.04	14.58	0.44
20160601	0.0	10.94	0.44
20160602	0.0	9.98	0.43
20160603	0.0	15.57	0.41
20160604	0.62	16.48	0.4
20160605	0.0	16.76	0.39
20160606	0.0	18.52	0.38
20160607	6.61	19.17	0.39
20160608	1.06	17.39	0.73
20160609	2.94	19.23	0.58
20160610	7.54	17.45	0.58
20160611	9.64	16.22	1.34
20160612	5.17	15.47	1.25
20160613	10.65	14.1	1.36
20160614	6.44	14.44	1.4
20160615	4.29	14.69	1.33
20160616	13.03	14.39	2.04
20160617	1.19	14.01	3.14
20160618	0.0	13.32	1.55
20160619	10.74	15.84	1.16
20160620	2.55	14.35	1.98
20160621	0.0	16.1	1.47
20160622	0.06	15.92	0.98
20160623	0.0	16.35	0.79
20160624	2.88	14.02	0.68
20160625	5.59	14.53	0.71
20160626	4.92	14.91	0.83
20160627	0.0	13.44	1.07
20160628	5.06	12.62	0.81
20160629	10.39	13.1	1.63
20160630	5.02	14.43	2.64
20160701	1.76	12.56	1.71
20160702	6.32	13.07	1.65
20160703	0.03	13.0	2.3
20160704	1.83	15.88	1.19
20160705	0.02	12.63	0.97
20160706	0.14	16.17	0.81
20160707	10.22	16.93	0.77
20160708	9.01	16.79	1.63
20160709	4.0	17.88	2.51
20160710	6.27	16.62	1.84
20160711	3.78	14.1	2.2
20160712	1.43	11.59	1.89
20160713	1.36	13.14	1.36
20160714	0.0	14.24	1.1
20160715	4.95	16.47	0.97
20160716	2.19	15.93	1.11
20160717	0.0	17.97	1.14
20160718	0.0	21.0	0.86
20160719	0.01	24.7	0.75
20160720	1.47	19.31	0.67
20160721	0.67	18.23	0.65
20160722	0.51	18.81	0.62
20160723	0.0	18.77	0.57
20160724	0.46	16.8	0.54
20160725	0.61	15.61	0.54
20160726	4.99	17.11	0.53
20160727	0.03	14.77	0.61
20160728	2.82	16.54	0.58
20160729	1.22	14.53	0.58
20160730	0.04	14.35	0.58
20160731	0.04	13.87	0.48
20160801	1.59	15.45	0.47
20160802	0.35	17.57	0.47
20160803	0.29	16.91	0.45
20160804	3.47	15.35	0.47
20160805	0.01	16.3	0.48
20160806	0.0	19.57	0.42
20160807	2.86	16.12	0.42
20160808	0.32	13.11	0.43
20160809	3.49	13.59	0.43
20160810	4.75	14.43	0.46
20160811	0.97	16.05	0.58
20160812	0.32	17.26	0.58
20160813	0.02	16.12	0.46
20160814	0.0	13.48	0.41
20160815	0.0	16.36	0.4
20160816	0.01	16.41	0.39
20160817	0.0	17.67	0.37
20160818	2.06	18.57	0.36
20160819	8.5	15.55	0.49
20160820	11.12	15.86	0.6
20160821	7.89	17.06	1.13
20160822	2.28	17.97	1.4
20160823	0.0	20.16	0.98
20160824	1.93	18.39	0.63
20160825	10.61	14.62	0.64
20160826	0.01	14.51	1.53
20160827	2.9	16.5	0.77
20160828	0.79	16.71	0.82
20160829	0.01	15.93	0.67
20160830	0.09	17.38	0.58
20160831	0.41	15.24	0.5
20160901	0.27	16.44	0.45
20160902	0.16	14.78	0.41
20160903	8.03	15.32	0.48
20160904	1.25	15.55	0.61
20160905	0.1	18.65	0.6
20160906	0.0	19.97	0.5
20160907	0.45	18.67	0.44
20160908	0.02	16.68	0.43
20160909	4.53	16.05	0.42
20160910	0.13	12.26	0.48
20160911	0.01	15.09	0.45
20160912	0.01	18.25	0.42
20160913	18.31	19.99	0.87
20160914	0.01	19.15	2.33
20160915	0.4	18.38	0.88
20160916	0.05	13.04	0.64
20160917	0.0	12.84	0.5
20160918	3.25	16.16	0.46
20160919	0.17	13.32	0.51
20160920	0.0	13.99	0.47
20160921	2.78	15.0	0.43
20160922	0.03	12.31	0.44
20160923	0.0	13.8	0.4
20160924	13.76	15.65	0.42
20160925	1.36	12.58	1.88
20160926	5.45	13.08	1.01
20160927	0.06	15.6	1.16
20160928	0.91	17.44	0.75
20160929	0.56	11.98	0.61
20160930	0.69	10.54	0.57
20161001	1.36	7.96	0.53
20161002	0.02	9.94	0.53
20161003	0.02	11.59	0.47
20161004	0.01	14.56	0.42
20161005	0.0	10.6	0.39
20161006	0.32	12.12	0.36
20161007	0.07	11.53	0.36
20161008	0.02	10.43	0.37
20161009	0.02	9.08	0.36
20161010	0.21	8.51	0.36
20161011	1.28	10.86	0.37
20161012	0.9	10.75	0.39
20161013	0.85	9.3	0.39
20161014	0.07	10.11	0.36
20161015	4.26	10.94	0.36
20161016	1.43	12.27	0.41
20161017	6.32	11.07	0.46
20161018	7.24	9.46	0.68
20161019	0.15	10.18	1.62
20161020	0.08	8.73	0.65
20161021	0.01	7.79	0.52
20161022	0.3	7.78	0.47
20161023	0.01	8.08	0.43
20161024	0.0	7.2	0.42
20161025	0.03	9.2	0.4
20161026	0.0	12.37	0.39
20161027	1.23	12.68	0.39
20161028	0.87	13.24	0.37
20161029	0.46	12.01	0.43
20161030	0.02	10.15	0.41
20161031	0.01	11.85	0.4
20161101	0.05	5.54	0.39
20161102	0.02	5.68	0.38
20161103	2.59	6.33	0.39
20161104	3.04	6.5	0.41
20161105	0.03	3.82	0.56
20161106	2.0	3.89	0.46
20161107	0.16	2.36	0.49
20161108	14.48	2.52	0.55
20161109	3.72	4.34	1.35
20161110	3.25	4.38	1.57
20161111	11.33	5.33	1.3
20161112	1.08	7.34	2.83
20161113	2.76	7.91	1.89
20161114	2.12	12.1	1.36
20161115	1.19	10.24	1.38
20161116	1.02	7.5	1.29
20161117	7.62	4.4	1.66
20161118	4.33	3.35	1.83
20161119	2.01	3.72	1.55
20161120	3.05	2.37	1.43
20161121	21.17	5.28	2.72
20161122	0.68	5.27	7.34
20161123	0.01	5.52	2.8
20161124	0.01	4.27	1.74
20161125	0.01	3.35	1.33
20161126	0.07	2.5	1.09
20161127	0.0	5.31	0.96
20161128	0.02	2.21	0.87
20161129	0.07	1.07	0.79
20161130	0.02	3.64	0.72
20161201	0.04	5.18	0.7
20161202	0.42	5.67	0.67
20161203	0.0	2.92	0.64
20161204	0.01	2.38	0.63
20161205	0.04	2.28	0.6
20161206	0.27	6.96	0.58
20161207	10.73	11.51	0.59
20161208	0.33	9.78	1.58
20161209	3.36	11.11	1.33
20161210	4.62	7.82	1.39
20161211	0.1	4.95	1.68
20161212	1.73	5.64	1.22
20161213	3.07	8.77	1.21
20161214	0.09	8.36	1.45
20161215	1.41	8.22	1.12
20161216	0.15	6.64	1.02
20161217	0.09	4.49	0.89
20161218	0.0	5.13	0.82
20161219	0.21	5.24	0.79
20161220	0.52	4.79	0.76
20161221	1.12	4.79	0.73
20161222	0.14	5.59	0.71
20161223	5.57	7.41	0.84
20161224	0.12	9.4	1.28
20161225	5.18	8.52	0.96
20161226	0.08	3.36	1.33
20161227	0.03	1.4	1.01
20161228	0.12	1.91	0.85
20161229	0.2	2.51	0.79
20161230	0.07	5.75	0.76
20161231	3.17	6.34	0.74
20170101	2.19	1.45	0.92
20170102	0.37	1.55	1.05
20170103	1.26	5.57	0.84
20170104	0.0	1.55	0.86
20170105	0.1	0.46	0.81
20170106	3.65	5.53	0.73
20170107	1.21	7.49	1.0
20170108	1.24	7.43	1.03
20170109	6.65	6.08	1.33
20170110	0.34	8.45	1.83
20170111	1.17	5.14	1.34
20170112	7.06	1.62	1.21
20170113	3.13	2.24	1.79
20170114	11.23	4.42	1.98
20170115	9.2	7.75	7.03
20170116	3.51	6.5	7.68
20170117	2.12	5.64	4.39
20170118	0.25	6.3	2.9
20170119	0.1	4.21	2.05
20170120	0.06	2.6	1.65
20170121	0.01	0.58	1.38
20170122	0.25	0.95	1.23
20170123	0.13	2.67	1.11
20170124	0.16	3.96	1.0
20170125	0.0	2.63	0.95
20170126	0.0	-1.69	0.9
20170127	5.5	1.66	0.85
20170128	4.4	2.96	1.4
20170129	1.74	3.0	1.66
20170130	0.55	5.21	1.42
20170131	11.28	7.17	1.43
20170201	0.62	9.08	4.53
20170202	0.28	8.16	2.53
20170203	4.97	4.76	1.84
20170204	1.18	3.78	2.2
20170205	0.06	2.4	1.66
20170206	6.07	2.65	1.51
20170207	0.87	5.39	2.24
20170208	0.02	2.21	1.59
20170209	0.0	0.95	1.34
20170210	1.64	1.77	1.18
20170211	2.0	2.15	1.11
20170212	0.37	2.84	1.11
20170213	0.0	5.12	1.09
20170214	0.04	5.08	1.13
20170215	1.52	6.83	0.95
20170216	0.15	7.56	0.95
20170217	0.07	8.16	0.87
20170218	0.02	8.28	0.81
20170219	0.89	9.77	0.79
20170220	1.13	10.37	0.81
20170221	4.27	9.48	0.89
20170222	9.2	8.05	1.32
20170223	6.89	4.2	3.89
20170224	5.13	5.96	2.94
20170225	2.31	8.17	2.67
20170226	2.68	7.08	2.27
20170227	5.27	3.42	1.98
20170228	8.8	3.05	3.2
20170301	10.29	5.27	5.22
20170302	0.45	6.2	6.19
20170303	6.51	6.53	4.47
20170304	1.3	6.64	4.15
20170305	10.74	3.3	4.18
20170306	0.84	5.97	4.74
20170307	5.58	7.13	2.6
20170308	0.08	8.8	3.09
20170309	0.11	7.99	2.03
20170310	0.12	9.5	1.64
20170311	1.02	10.75	1.46
20170312	0.3	7.92	1.34
20170313	0.0	9.46	1.21
20170314	0.03	9.37	1.08
20170315	0.02	9.91	1.0
20170316	0.73	7.3	0.94
20170317	9.76	8.53	1.01
20170318	4.08	11.39	2.22
20170319	7.54	10.9	2.32
20170320	6.09	5.92	3.86
20170321	8.07	5.72	3.15
20170322	5.26	4.02	3.98
20170323	0.04	6.72	3.79
20170324	0.01	6.29	1.94
20170325	0.0	8.3	1.51
20170326	0.0	8.32	1.28
20170327	0.0	7.41	1.16
20170328	2.2	9.74	1.04
20170329	0.96	12.46	1.01
20170330	0.31	14.16	0.98
20170331	3.14	11.55	0.94
20170401	0.86	9.28	1.0
20170402	0.03	8.4	0.91
20170403	0.18	11.65	0.83
20170404	0.06	8.37	0.77
20170405	0.0	6.64	0.73
20170406	0.01	7.33	0.72
20170407	0.0	7.14	0.7
20170408	0.0	13.08	0.68
20170409	0.01	12.85	0.67
20170410	0.0	7.29	0.64
20170411	0.02	9.97	0.6
20170412	1.28	7.88	0.59
20170413	0.54	8.65	0.6
20170414	5.77	9.1	0.65
20170415	0.24	8.11	0.78
20170416	4.23	8.64	0.67
20170417	0.14	5.28	0.76
20170418	0.01	7.49	0.66
20170419	0.82	9.75	0.6
20170420	0.03	11.19	0.59
20170421	0.0	9.22	0.57
20170422	0.01	8.04	0.56
20170423	0.42	9.91	0.56
20170424	2.21	5.48	0.56
20170425	1.79	4.86	0.55
20170426	0.31	4.82	0.54
20170427	2.94	8.03	0.53
20170428	0.07	8.78	0.55
20170429	0.01	10.23	0.53
20170430	0.7	12.45	0.52
20170501	0.07	10.59	0.53
20170502	0.01	10.0	0.5
20170503	0.0	11.49	0.48
20170504	0.0	10.22	0.47
20170505	0.0	11.1	0.46
20170506	0.0	8.22	0.45
20170507	0.01	10.4	0.46
20170508	0.0	8.48	0.48
20170509	0.0	7.47	0.46
20170510	0.0	10.73	0.45
20170511	0.42	14.2	0.44
20170512	4.49	13.13	0.47
20170513	4.04	12.6	0.51
20170514	3.71	12.79	0.53
20170515	4.92	13.91	0.54
20170516	2.71	14.53	0.58
20170517	2.76	9.07	0.61
20170518	0.45	11.88	0.64
20170519	0.14	9.98	0.5
20170520	2.28	10.52	0.46
20170521	0.02	13.72	0.46
20170522	0.01	15.79	0.44
20170523	0.0	16.22	0.4
20170524	0.0	17.51	0.39
20170525	0.0	19.51	0.37
20170526	0.04	19.75	0.35
20170527	2.62	18.31	0.36
20170528	1.78	15.28	0.39
20170529	1.51	14.14	0.38
20170530	1.36	12.94	0.39
20170531	0.04	16.8	0.37
20170601	0.12	17.73	0.34
20170602	2.52	13.18	0.37
20170603	0.03	13.31	0.38
20170604	3.03	12.57	0.37
20170605	21.47	12.21	0.51
20170606	7.21	11.81	1.55
20170607	6.52	13.82	1.37
20170608	1.69	14.32	1.04
20170609	10.82	15.32	0.84
20170610	2.27	15.35	1.14
20170611	0.7	14.65	1.06
20170612	0.01	13.8	0.7
20170613	0.0	14.82	0.56
20170614	0.0	17.9	0.49
20170615	0.01	15.22	0.44
20170616	0.0	17.3	0.42
20170617	0.0	19.41	0.4
20170618	0.0	21.23	0.4
20170619	0.0	22.24	0.39
20170620	0.0	18.46	0.37
20170621	0.43	21.06	0.35
20170622	1.4	15.28	0.33
20170623	1.67	15.33	0.33
20170624	0.11	15.45	0.35
20170625	0.31	12.44	0.34
20170626	0.25	15.33	0.33
20170627	6.22	14.36	0.32
20170628	7.27	11.2	0.44
20170629	3.41	13.24	0.49
20170630	0.8	14.47	0.54
20170701	0.94	15.39	0.41
20170702	0.01	15.99	0.36
20170703	0.61	15.74	0.34
20170704	0.2	16.28	0.3
20170705	0.01	18.47	0.29
20170706	0.0	20.0	0.28
20170707	0.47	15.32	0.28
20170708	0.03	17.07	0.28
20170709	1.47	17.87	0.28
20170710	4.24	14.56	0.32
20170711	7.16	13.29	0.4
20170712	0.01	15.98	0.45
20170713	1.57	16.8	0.33
20170714	0.84	14.97	0.29
20170715	2.69	18.0	0.3
20170716	0.11	14.31	0.32
20170717	0.0	16.91	0.33
20170718	0.01	19.86	0.28
20170719	3.22	17.06	0.26
20170720	1.71	14.69	0.28
20170721	13.61	14.84	0.35
20170722	8.76	15.19	0.67
20170723	1.82	16.62	0.74
20170724	0.23	15.7	0.54
20170725	8.75	17.27	0.42
20170726	3.89	15.58	0.64
20170727	1.82	15.41	0.8
20170728	13.7	14.62	0.62
20170729	1.79	14.93	1.42
20170730	2.41	15.09	0.71
20170731	0.63	15.06	0.6
20170801	6.39	15.57	0.57
20170802	2.02	17.09	0.57
20170803	3.04	15.86	0.5
20170804	0.07	14.75	0.54
20170805	0.43	13.46	0.42
20170806	13.18	14.99	0.44
20170807	3.62	15.1	1.04
20170808	6.9	13.49	0.76
20170809	0.05	13.2	1.05
20170810	0.0	13.77	0.73
20170811	1.5	15.46	0.53
20170812	0.23	13.14	0.48
20170813	0.53	15.38	0.46
20170814	2.44	15.53	0.42
20170815	0.04	14.55	0.41
20170816	16.37	16.79	0.48
20170817	2.43	16.53	1.16
20170818	3.05	13.58	0.81
20170819	2.66	13.13	0.64
20170820	1.45	15.21	0.63
20170821	0.04	16.58	0.54
20170822	0.33	19.04	0.47
20170823	0.08	15.99	0.43
20170824	0.06	15.1	0.41
20170825	0.0	16.37	0.38
20170826	0.0	14.7	0.36
20170827	0.0	17.88	0.35
20170828	0.41	17.84	0.35
20170829	0.11	13.41	0.34
20170830	0.22	11.98	0.32
20170831	0.72	12.59	0.33
20170901	0.09	12.37	0.33
20170902	0.0	14.19	0.32
20170903	2.68	14.28	0.32
20170904	10.87	18.19	0.34
20170905	5.66	14.89	0.9
20170906	0.09	12.94	1.03
20170907	8.71	13.92	0.55
20170908	8.2	13.37	0.8
20170909	8.48	12.19	2.0
20170910	7.06	12.6	2.38
20170911	7.96	12.62	1.98
20170912	5.13	12.6	2.28
20170913	7.6	11.11	1.68
20170914	2.61	11.61	1.58
20170915	1.86	11.7	1.19
20170916	0.23	10.36	0.97
20170917	3.8	12.45	0.85
20170918	4.91	9.81	0.84
20170919	0.01	12.47	0.89
20170920	0.45	15.6	0.74
20170921	2.86	9.95	0.67
20170922	0.88	12.97	0.65
20170923	0.01	13.41	0.59
20170924	3.67	15.98	0.57
20170925	0.15	14.24	0.55
20170926	0.01	14.76	0.5
20170927	12.8	14.34	0.57
20170928	3.65	15.09	1.21
20170929	1.38	12.39	0.96
20170930	7.78	12.61	1.0
20171001	0.29	14.27	1.61
20171002	2.33	12.07	1.17
20171003	0.0	11.15	0.87
20171004	16.13	11.55	0.93
20171005	1.02	10.16	4.51
20171006	1.39	11.66	1.59
20171007	5.83	12.15	1.22
20171008	0.39	12.72	1.66
20171009	0.78	13.62	1.16
20171010	0.76	14.96	1.03
20171011	3.74	10.94	1.0
20171012	0.04	13.63	1.0
20171013	1.12	17.27	0.79
20171014	0.02	15.75	0.74
20171015	0.02	15.01	0.68
20171016	0.16	14.95	0.64
20171017	0.0	9.72	0.63
20171018	0.1	9.95	0.61
20171019	18.14	11.95	1.34
20171020	2.46	11.45	3.18
20171021	9.43	10.34	2.5
20171022	1.22	9.82	4.12
20171023	0.46	12.95	2.72
20171024	5.84	13.37	1.83
20171025	0.01	12.18	2.35
20171026	0.08	9.1	1.78
20171027	0.13	9.18	1.39
20171028	1.98	11.96	1.19
20171029	0.03	5.71	1.28
20171030	0.04	6.19	1.08
20171031	0.34	10.57	0.78
20171101	0.15	9.1	0.7
20171102	0.02	9.62	1.17
20171103	10.69	9.79	0.92
20171104	9.66	6.87	1.69
20171105	0.59	4.86	3.17
20171106	0.07	7.08	1.89
20171107	4.34	5.18	1.49
20171108	0.14	6.78	1.47
20171109	2.13	8.87	1.1
20171110	4.81	7.43	1.05
20171111	2.33	6.03	1.32
20171112	0.02	2.99	1.28
20171113	1.03	5.14	1.06
20171114	0.27	10.07	0.95
20171115	0.27	9.08	0.9
20171116	1.74	5.03	0.86
20171117	0.08	5.41	0.85
20171118	0.05	4.75	0.77
20171119	1.21	6.22	0.73
20171120	2.52	12.11	0.72
20171121	7.25	11.98	0.89
20171122	5.28	9.09	1.62
20171123	0.42	4.73	2.05
20171124	3.85	3.96	1.37
20171125	11.4	2.94	1.72
20171126	9.61	5.87	4.07
20171127	3.72	4.0	6.86
20171128	0.02	2.85	4.78
20171129	0.05	1.47	2.49
20171130	0.1	1.09	1.63
20171201	0.66	2.96	1.33
20171202	3.7	6.31	1.21
20171203	1.65	6.59	1.39
20171204	0.49	7.23	1.37
20171205	0.02	7.35	1.28
20171206	5.27	9.39	1.14
20171207	6.54	4.09	1.46
20171208	2.6	0.06	1.87
20171209	2.2	-0.41	1.55
20171210	1.32	-1.72	1.48
20171211	0.09	-2.31	1.32
20171212	2.77	-0.03	1.1
20171213	10.88	3.09	2.16
20171214	11.63	2.73	4.57
20171215	1.32	1.43	7.01
20171216	3.11	1.44	4.41
20171217	5.24	4.9	4.0
20171218	0.08	3.12	5.47
20171219	0.09	6.13	2.66
20171220	0.82	9.55	2.16
20171221	0.26	8.92	1.73
20171222	0.54	8.48	1.52
20171223	0.07	8.34	1.39
20171224	0.69	9.76	1.3
20171225	12.33	6.03	1.6
20171226	1.88	3.26	4.64
20171227	0.32	0.94	2.47
20171228	5.31	1.27	1.75
20171229	9.48	4.92	2.99
20171230	1.85	8.73	5.15
20171231	5.06	6.12	3.81
20180101	5.13	4.12	4.05
20180102	6.88	6.33	4.96
20180103	1.7	6.34	4.95
20180104	1.65	5.89	3.14
20180105	2.55	2.38	2.45
20180106	0.03	2.4	1.94
20180107	0.04	1.44	1.59
20180108	0.02	1.49	1.4
20180109	1.41	3.63	1.28
20180110	0.08	4.35	1.26
20180111	0.03	3.63	1.16
20180112	0.0	4.57	1.08
20180113	0.0	4.08	1.02
20180114	5.18	5.28	1.0
20180115	6.9	5.33	2.01
20180116	1.98	2.52	2.06
20180117	7.28	5.4	1.55
20180118	8.53	2.87	4.26
20180119	0.76	2.46	4.43
20180120	2.25	0.8	2.49
20180121	8.7	3.78	3.17
20180122	0.93	7.23	5.59
20180123	2.53	9.51	3.7
20180124	1.68	5.95	2.94
20180125	1.66	4.61	2.19
20180126	0.47	4.97	1.75
20180127	1.28	8.35	1.55
20180128	3.76	10.73	1.5
20180129	4.22	5.06	2.58
20180130	3.49	4.12	2.39
20180131	4.29	3.34	2.93
20180201	0.13	4.41	3.28
20180202	3.1	3.7	2.22
20180203	3.43	1.66	2.11
20180204	0.03	1.96	2.2
20180205	0.01	0.78	1.68
20180206	0.79	-1.49	1.52
20180207	0.36	0.59	1.36
20180208	9.09	4.64	1.46
20180209	1.59	1.95	3.24
20180210	5.34	5.26	2.33
20180211	3.3	1.42	3.6
20180212	1.21	2.8	2.58
20180213	2.84	0.95	2.23
20180214	3.0	3.8	2.08
20180215	0.06	3.47	2.88
20180216	1.27	4.72	1.72
20180217	0.65	5.55	1.52
20180218	4.67	6.24	1.45
20180219	1.4	7.3	1.82
20180220	0.04	6.11	1.77
20180221	0.1	3.84	1.45
20180222	0.0	0.51	1.3
20180223	0.02	1.35	1.16
20180224	0.0	1.9	1.06
20180225	0.0	0.75	0.99
20180226	1.06	-0.8	0.93
20180227	0.7	-2.8	0.88
20180228	0.86	-4.26	0.85
20180301	0.49	-2.88	0.82
20180302	0.2	-1.17	0.82
20180303	0.62	0.02	0.8
20180304	2.91	2.68	0.82
20180305	7.94	5.67	1.05
20180306	0.22	3.92	2.64
20180307	3.86	4.77	1.5
20180308	1.46	3.64	1.37
20180309	11.4	6.45	1.6
20180310	0.83	7.6	4.55
20180311	6.87	7.93	2.92
20180312	3.53	4.98	3.62
20180313	0.3	5.55	3.17
20180314	3.35	8.06	1.92
20180315	1.52	8.22	1.76
20180316	0.82	5.19	1.68
20180317	1.73	-0.79	1.54
20180318	0.11	-0.79	1.27
20180319	0.03	2.35	1.15
20180320	0.0	2.63	1.07
20180321	0.0	5.52	1.05
20180322	0.56	7.37	1.06
20180323	2.44	6.93	1.05
20180324	0.12	4.67	1.03
20180325	0.03	5.9	0.94
20180326	5.93	8.23	0.86
20180327	2.41	6.6	1.24
20180328	0.98	4.14	1.3
20180329	5.11	5.49	1.06
20180330	4.36	5.97	1.34
20180331	0.08	3.47	1.49
20180401	12.41	3.83	1.23
20180402	5.96	6.09	3.96
20180403	3.0	9.44	4.96
20180404	5.26	5.65	2.95
20180405	0.0	7.38	2.74
20180406	1.64	10.21	1.68
20180407	2.51	7.69	1.5
20180408	0.02	7.2	1.38
20180409	7.76	9.37	1.28
20180410	0.4	7.14	2.5
20180411	0.17	6.36	1.76
20180412	8.92	6.43	1.4
20180413	0.81	8.12	2.82
20180414	0.02	11.72	2.1
20180415	2.24	10.42	1.57
20180416	0.04	11.69	1.37
20180417	0.98	13.02	1.16
20180418	0.0	15.93	1.06
20180419	0.01	16.08	0.96
20180420	0.0	11.62	0.87
20180421	0.02	16.76	0.84
20180422	0.93	12.11	0.82
20180423	0.05	10.85	0.77
20180424	12.88	8.71	0.98
20180425	1.39	9.43	1.42
20180426	0.8	8.23	1.04
20180427	4.15	5.8	0.95
20180428	0.18	6.24	0.98
20180429	0.0	6.22	0.84
20180430	0.01	5.66	0.78
20180501	11.73	10.39	0.73
20180502	0.43	8.07	1.73
20180503	0.03	11.07	1.19
20180504	0.01	12.12	0.89
20180505	0.09	14.81	0.79
20180506	0.0	16.04	0.75
20180507	0.0	17.97	0.71
20180508	1.37	12.68	0.69
20180509	2.13	10.45	0.67
20180510	0.01	9.73	0.64
20180511	1.83	9.43	0.61
20180512	0.57	10.69	0.62
20180513	0.01	10.04	0.6
20180514	0.0	12.06	0.58
20180515	0.31	14.64	0.54
20180516	0.04	7.71	0.53
20180517	0.02	9.25	0.52
20180518	0.0	11.5	0.51
20180519	0.0	14.41	0.5
20180520	0.0	15.08	0.51
20180521	0.12	15.83	0.51
20180522	0.0	13.16	0.5
20180523	0.0	13.97	0.47
20180524	3.65	15.97	0.45
20180525	2.25	13.83	0.56
20180526	0.64	16.32	0.55
20180527	1.17	18.36	0.49
20180528	0.0	17.56	0.48
20180529	0.01	16.54	0.45
20180530	4.97	15.72	0.48
20180531	0.02	18.21	0.49
20180601	0.45	18.97	0.43
20180602	0.12	15.48	0.41
20180603	0.0	17.92	0.4
20180604	0.0	15.13	0.39
20180605	0.0	12.56	0.37
20180606	0.01	13.27	0.36
20180607	0.82	16.41	0.34
20180608	0.15	14.03	0.34
20180609	0.0	15.16	0.35
20180610	0.05	16.75	0.34
20180611	0.01	16.2	0.33
20180612	0.0	14.11	0.31
20180613	0.15	16.76	0.29
20180614	0.02	13.73	0.29
20180615	1.47	13.55	0.3
20180616	2.17	14.85	0.37
20180617	0.62	14.82	0.43
20180618	1.14	15.61	0.36
20180619	0.03	18.29	0.34
20180620	0.26	14.29	0.32
20180621	0.0	12.0	0.3
20180622	0.0	13.73	0.27
20180623	0.0	13.14	0.27
20180624	0.0	16.43	0.26
20180625	0.0	19.39	0.26
20180626	0.0	19.61	0.25
20180627	0.0	18.02	0.24
20180628	0.0	18.53	0.24
20180629	0.0	18.86	0.25
20180630	0.0	18.44	0.25
20180701	0.0	20.75	0.25
20180702	0.0	18.3	0.24
20180703	0.0	16.7	0.22
20180704	0.0	18.66	0.22
20180705	0.0	18.71	0.22
20180706	0.0	19.2	0.21
20180707	0.0	19.9	0.22
20180708	0.0	21.03	0.22
20180709	0.0	18.73	0.21
20180710	0.0	16.6	0.19
20180711	0.02	18.73	0.18
20180712	4.18	17.97	0.2
20180713	3.94	17.96	0.26
20180714	0.0	18.87	0.29
20180715	0.01	20.28	0.22
20180716	3.1	17.32	0.25
20180717	0.01	16.5	0.25
20180718	0.03	17.02	0.21
20180719	0.0	17.27	0.2
20180720	1.29	18.08	0.19
20180721	0.04	17.3	0.2
20180722	0.01	19.9	0.2
20180723	0.0	21.85	0.2
20180724	0.99	16.15	0.2
20180725	0.0	18.57	0.2
20180726	0.02	21.64	0.17
20180727	0.52	21.6	0.17
20180728	11.02	15.3	0.18
20180729	5.13	16.75	0.36
20180730	1.09	17.77	0.38
20180731	0.03	16.83	0.26
20180801	0.0	18.78	0.22
20180802	0.0	21.27	0.2
20180803	0.0	19.37	0.19
20180804	0.0	17.2	0.19
20180805	0.0	20.5	0.18
20180806	0.0	19.9	0.18
20180807	0.0	17.2	0.17
20180808	1.71	14.82	0.19
20180809	0.11	14.34	0.18
20180810	6.26	11.88	0.24
20180811	8.41	18.01	0.29
20180812	0.92	17.27	0.38
20180813	1.16	15.78	0.31
20180814	0.04	17.73	0.26
20180815	6.64	17.47	0.22
20180816	0.05	14.64	0.26
20180817	0.02	16.12	0.28
20180818	1.33	19.15	0.27
20180819	0.48	17.84	0.27
20180820	1.04	19.06	0.27
20180821	0.0	19.38	0.27
20180822	3.61	16.57	0.25
20180823	3.82	13.08	0.28
20180824	9.97	11.8	0.29
20180825	1.23	12.61	0.39
20180826	9.13	13.3	0.44
20180827	0.06	14.29	0.48
20180828	0.04	14.52	0.35
20180829	0.24	11.73	0.27
20180830	0.0	12.53	0.24
20180831	0.0	14.23	0.22
20180901	0.0	18.66	0.22
20180902	0.23	18.92	0.2
20180903	2.16	14.48	0.23
20180904	0.04	11.84	0.24
20180905	0.01	13.16	0.22
20180906	5.83	10.94	0.24
20180907	1.25	12.61	0.29
20180908	10.3	14.25	0.41
20180909	0.19	14.28	0.46
20180910	7.75	14.27	0.37
20180911	6.29	13.19	0.43
20180912	0.01	11.95	0.57
20180913	0.0	13.69	0.47
20180914	6.06	12.29	0.4
20180915	0.86	14.65	0.45
20180916	4.04	14.34	0.42
20180917	0.32	17.26	0.41
20180918	8.84	16.74	0.4
20180919	1.44	14.26	0.64
20180920	41.87	12.05	1.12
20180921	6.29	10.15	6.01
20180922	0.25	9.06	3.43
20180923	0.2	8.22	1.12
20180924	0.03	8.36	0.75
20180925	0.03	12.52	0.57
20180926	0.0	16.89	0.48
20180927	0.02	13.24	0.41
20180928	0.0	8.82	0.37
20180929	0.28	11.3	0.36
20180930	0.72	7.63	0.35
20181001	2.93	11.06	0.34
20181002	1.72	12.53	0.35
20181003	0.18	13.66	0.36
20181004	0.01	15.25	0.35
20181005	13.87	10.99	0.35
20181006	0.37	5.93	0.76
20181007	0.08	9.19	0.68
20181008	0.0	13.53	0.49
20181009	0.0	12.76	0.41
20181010	0.02	17.16	0.36
20181011	3.83	13.29	0.38
20181012	15.38	16.4	0.52
20181013	4.49	15.29	1.51
20181014	6.02	8.07	1.49
20181015	0.31	10.1	1.53
20181016	0.25	12.16	0.87
20181017	0.06	8.72	0.68
20181018	0.04	8.17	0.57
20181019	0.03	10.46	0.5
20181020	0.03	12.34	0.46
20181021	0.74	10.35	0.43
20181022	0.0	9.84	0.41
20181023	1.8	11.11	0.39
20181024	0.0	10.16	0.39
20181025	3.39	8.34	0.4
20181026	1.82	4.63	0.44
20181027	0.12	3.59	0.53
20181028	0.12	3.38	0.42
20181029	0.35	2.89	0.41
20181030	0.26	3.59	0.41
20181031	1.92	6.83	0.4
20181101	0.13	5.47	0.4
20181102	0.06	7.44	0.38
20181103	0.27	10.84	0.37
20181104	0.36	9.95	0.37
20181105	0.01	9.63	0.38
20181106	2.9	12.37	0.38
20181107	7.16	8.57	0.48
20181108	0.19	9.12	0.8
20181109	4.09	8.82	0.65
20181110	0.8	8.65	0.69
20181111	0.74	8.81	0.66
20181112	3.37	9.44	0.62
20181113	0.77	10.17	0.68
20181114	0.04	9.29	0.59
20181115	0.1	10.48	0.52
20181116	0.09	9.4	0.48
20181117	0.04	7.01	0.45
20181118	0.02	6.88	0.43
20181119	1.73	5.81	0.43
20181120	3.86	3.63	0.43
20181121	0.25	1.63	0.54
20181122	0.18	2.31	0.54
20181123	0.01	4.95	0.48
20181124	0.06	5.48	0.46
20181125	0.77	4.95	0.43
20181126	0.05	3.31	0.43
20181127	7.48	6.65	0.46
20181128	4.67	10.98	0.77
20181129	2.65	9.35	0.94
20181130	0.56	6.55	1.08
20181201	2.6	9.05	0.76
20181202	6.44	10.41	0.79
20181203	5.07	4.76	1.34
20181204	5.47	3.3	1.46
20181205	10.81	7.75	2.41
20181206	8.58	10.0	3.69
20181207	1.57	6.93	3.24
20181208	14.9	8.21	3.16
20181209	3.95	6.53	5.93
20181210	0.56	5.44	3.68
20181211	0.01	6.28	2.15
20181212	0.0	3.9	1.5
20181213	0.0	1.65	1.21
20181214	0.0	1.1	1.01
20181215	6.74	3.7	0.95
20181216	3.94	4.15	1.19
20181217	0.07	6.44	1.37
20181218	8.75	7.14	1.32
20181219	1.62	6.15	2.27
20181220	5.83	7.33	1.64
20181221	2.91	7.24	2.1
20181222	6.71	6.81	2.27
20181223	3.45	3.67	3.02
20181224	0.15	3.7	3.06
20181225	0.08	6.73	1.78
20181226	0.03	7.68	1.44
20181227	0.01	7.48	1.23
20181228	0.26	8.78	1.08
20181229	0.41	8.25	0.97
20181230	0.21	9.02	0.88
20181231	0.63	7.88	0.84
20190101	0.21	3.57	0.77
20190102	0.03	1.41	0.73
20190103	0.0	0.67	0.68
20190104	0.0	1.81	0.65
20190105	0.0	5.0	0.63
20190106	0.14	7.14	0.61
20190107	2.2	7.98	0.61
20190108	0.03	3.37	0.66
20190109	0.12	1.15	0.61
20190110	0.33	4.4	0.57
20190111	1.58	6.45	0.55
20190112	1.37	8.92	0.58
20190113	1.94	8.07	0.69
20190114	0.13	6.19	0.81
20190115	1.04	8.07	0.68
20190116	5.29	3.35	0.7
20190117	0.03	0.93	1.03
20190118	5.74	1.62	0.84
20190119	0.31	2.63	0.96
20190120	1.12	2.76	1.01
20190121	4.09	2.31	0.97
20190122	3.93	0.26	1.31
20190123	2.95	-0.29	1.29
20190124	2.32	5.33	1.21
20190125	0.7	7.92	1.69
20190126	8.37	5.87	1.77
20190127	0.0	1.95	2.51
20190128	0.23	1.72	1.75
20190129	8.31	0.02	1.56
20190130	0.15	-1.46	1.69
20190131	0.02	-2.12	1.43
20190201	0.27	-0.48	1.17
20190202	0.05	-1.18	1.01
20190203	5.26	2.22	0.91
20190204	0.03	3.86	1.62
20190205	2.49	4.88	1.55
20190206	9.47	5.07	1.4
20190207	4.22	5.71	3.07
20190208	3.63	8.07	3.88
20190209	3.9	5.99	2.91
20190210	0.58	4.18	1.93
20190211	0.06	4.73	1.61
20190212	0.01	7.49	1.31
20190213	0.05	5.71	1.16
20190214	0.04	6.27	1.03
20190215	0.01	8.44	0.95
20190216	0.0	9.77	0.88
20190217	0.01	9.18	0.83
20190218	0.37	7.37	0.77
20190219	1.68	7.23	0.74
20190220	1.22	9.49	0.71
20190221	0.06	9.36	0.69
20190222	0.0	9.74	0.65
20190223	0.01	8.83	0.63
20190224	0.0	7.83	0.6
20190225	0.01	9.19	0.59
20190226	0.03	10.21	0.57
20190227	0.01	9.25	0.55
20190228	7.64	7.3	0.63
20190301	1.26	8.31	0.8
20190302	0.67	9.11	0.74
20190303	6.7	6.4	0.78
20190304	1.35	5.28	0.97
20190305	8.63	8.13	1.01
20190306	5.2	8.2	1.57
20190307	7.38	4.35	2.59
20190308	3.93	6.23	3.14
20190309	9.08	5.11	2.12
20190310	5.22	4.13	4.22
20190311	12.71	6.58	3.74
20190312	6.55	5.45	6.98
20190313	11.27	7.63	6.61
20190314	6.51	8.74	6.17
20190315	7.74	8.17	5.92
20190316	13.89	6.37	6.78
20190317	1.92	5.51	9.47
20190318	2.61	6.66	5.84
20190319	0.01	9.79	4.08
20190320	0.0	12.43	2.82
20190321	0.0	11.63	1.98
20190322	0.84	8.07	1.66
20190323	0.0	5.33	1.43
20190324	0.84	7.03	1.26
20190325	0.03	6.47	1.14
20190326	0.0	8.73	1.02
20190327	0.01	6.52	0.93
20190328	0.0	8.29	0.87
20190329	0.01	8.08	0.84
20190330	0.0	7.92	0.8
20190331	0.0	6.64	0.75
20190401	6.31	8.11	0.74
20190402	1.83	4.33	0.91
20190403	0.51	3.6	0.84
20190404	10.5	5.43	1.0
20190405	0.04	7.15	1.41
20190406	0.0	9.02	1.02
20190407	0.0	9.73	0.84
20190408	0.04	9.95	0.76
20190409	0.0	6.02	0.69
20190410	0.0	4.49	0.61
20190411	0.0	5.13	0.57
20190412	0.0	4.41	0.55
20190413	0.0	4.02	0.53
20190414	0.0	5.74	0.52
20190415	0.03	9.2	0.51
20190416	0.19	9.23	0.49
20190417	0.0	12.1	0.47
20190418	0.0	12.33	0.47
20190419	0.0	13.94	0.45
20190420	0.0	14.06	0.44
20190421	0.0	13.96	0.43
20190422	0.0	15.51	0.44
20190423	0.0	12.7	0.44
20190424	3.69	11.9	0.49
20190425	2.45	9.8	0.54
20190426	9.62	8.62	0.53
20190427	31.37	7.25	1.82
20190428	0.03	8.74	6.63
20190429	0.04	9.17	1.97
20190430	0.11	12.18	1.21
20190501	0.9	9.69	0.94
20190502	3.88	9.84	0.81
20190503	2.16	6.79	0.81
20190504	0.08	6.47	0.76
20190505	0.32	7.62	0.66
20190506	0.25	7.26	0.62
20190507	3.44	9.81	0.59
20190508	2.62	8.31	0.65
20190509	3.71	6.61	0.72
20190510	1.54	7.79	0.76
20190511	0.14	7.87	0.65
20190512	0.0	10.43	0.56
20190513	0.0	12.0	0.52
20190514	0.0	12.89	0.5
20190515	0.0	12.33	0.47
20190516	0.28	12.56	0.45
20190517	0.1	13.93	0.45
20190518	0.38	11.75	0.44
20190519	0.0	11.34	0.45
20190520	0.0	11.75	0.44
20190521	0.05	11.9	0.42
20190522	0.01	12.39	0.4
20190523	0.0	13.68	0.39
20190524	0.07	13.79	0.39
20190525	1.21	15.88	0.39
20190526	2.27	13.2	0.42
20190527	10.02	11.42	0.5
20190528	0.14	9.49	0.74
20190529	3.03	13.1	0.53
20190530	0.44	15.88	0.48
20190531	0.04	15.81	0.44
20190601	0.17	17.84	0.42
20190602	0.53	14.54	0.41
20190603	0.61	13.31	0.39
20190604	8.4	12.14	0.44
20190605	0.02	10.48	0.55
20190606	1.91	11.65	0.44
20190607	15.57	12.14	0.51
20190608	5.84	10.47	0.95
20190609	2.12	10.94	1.18
20190610	11.85	12.39	0.77
20190611	31.99	9.14	2.09
20190612	9.17	11.3	6.63
20190613	9.8	10.43	5.63
20190614	1.21	12.55	4.97
20190615	5.0	11.59	3.9
20190616	5.03	14.63	2.86
20190617	2.74	14.06	2.1
20190618	1.81	15.09	1.72
20190619	0.36	13.52	1.33
20190620	0.92	12.32	1.08
20190621	0.0	12.28	0.91
20190622	0.0	16.53	0.77
20190623	1.72	16.87	0.7
20190624	2.23	17.99	0.65
20190625	3.65	14.68	0.72
20190626	0.0	12.92	0.68
20190627	0.0	16.01	0.6
20190628	0.0	18.24	0.54
20190629	0.0	20.58	0.51
20190630	0.07	16.47	0.47
20190701	0.03	12.77	0.46
20190702	0.0	12.32	0.45
20190703	0.0	14.51	0.43
20190704	0.0	17.11	0.42
20190705	2.41	17.64	0.42
20190706	0.72	13.07	0.46
20190707	0.0	14.58	0.46
20190708	0.7	16.16	0.42
20190709	2.64	16.31	0.42
20190710	0.94	17.95	0.44
20190711	7.33	17.07	0.44
20190712	0.39	16.5	0.56
20190713	0.02	15.33	0.48
20190714	0.01	14.55	0.42
20190715	0.04	18.3	0.39
20190716	0.02	17.86	0.37
20190717	3.76	17.3	0.36
20190718	2.07	15.56	0.37
20190719	10.83	16.52	0.69
20190720	2.93	15.97	0.59
20190721	0.92	19.02	0.48
20190722	0.0	19.77	0.39
20190723	14.9	23.45	0.39
20190724	0.0	21.06	0.81
20190725	0.89	24.77	0.56
20190726	3.02	19.18	0.39
20190727	35.03	14.68	0.68
20190728	27.25	15.34	5.32
20190729	0.93	18.24	9.77
20190730	32.94	17.71	4.24
20190731	6.72	16.44	12.51
20190801	9.1	17.19	10.84
20190802	0.01	18.15	5.81
20190803	1.83	19.01	2.91
20190804	0.29	19.22	1.93
20190805	0.07	17.05	1.45
20190806	1.86	17.7	1.16
20190807	0.1	16.05	1.06
20190808	16.26	19.21	0.96
20190809	10.32	18.92	2.38
20190810	2.51	16.36	3.86
20190811	0.52	13.16	2.25
20190812	3.38	13.13	1.51
20190813	4.29	14.48	1.28
20190814	7.32	15.41	1.43
20190815	1.43	14.57	2.03
20190816	20.89	14.82	3.03
20190817	0.06	15.32	7.97
20190818	0.08	15.55	2.94
20190819	1.72	14.29	1.73
20190820	1.89	14.91	1.32
20190821	0.72	16.7	1.13
20190822	0.07	17.3	0.97
20190823	0.0	17.5	0.87
20190824	0.0	20.46	0.79
20190825	0.0	21.06	0.72
20190826	0.0	19.29	0.68
20190827	0.25	19.41	0.66
20190828	4.64	12.68	0.68
20190829	0.0	16.77	0.7
20190830	0.01	17.39	0.63
20190831	2.14	13.13	0.62
20190901	1.97	12.72	0.58
20190902	0.64	14.85	0.58
20190903	6.39	15.38	0.58
20190904	2.45	12.03	0.71
20190905	0.52	13.59	0.73
20190906	3.31	13.42	0.6
20190907	0.0	10.18	0.66
20190908	4.64	13.48	0.57
20190909	3.79	12.22	0.71
20190910	1.62	14.44	0.76
20190911	1.27	15.04	0.67
20190912	0.71	13.85	0.65
20190913	0.0	11.39	0.56
20190914	0.21	15.75	0.52
20190915	6.63	13.71	0.53
20190916	0.06	11.41	0.66
20190917	0.0	10.87	0.61
20190918	0.01	11.83	0.53
20190919	0.0	13.63	0.49
20190920	0.01	14.71	0.46
20190921	12.97	17.79	0.47
20190922	1.59	14.71	0.95
20190923	7.71	15.83	0.86
20190924	6.4	14.68	1.29
20190925	9.59	15.55	1.58
20190926	1.95	14.17	2.52
20190927	9.12	12.88	2.21
20190928	19.33	13.83	3.62
20190929	7.7	12.37	8.59
20190930	16.73	13.32	7.57
20191001	0.81	8.05	7.83
20191002	0.0	7.21	4.12
20191003	7.8	9.2	2.41
20191004	0.92	12.11	2.95
20191005	12.91	12.56	2.37
20191006	4.29	11.97	5.09
20191007	1.1	11.31	4.07
20191008	1.19	11.85	2.88
20191009	0.4	10.43	2.02
20191010	7.25	12.68	1.57
20191011	5.84	11.06	2.86
20191012	2.88	11.91	3.18
20191013	0.3	9.58	2.19
20191014	6.59	10.53	1.84
20191015	2.79	10.62	2.37
20191016	0.17	9.11	1.9
20191017	5.78	9.9	1.62
20191018	3.03	9.49	2.21
20191019	0.4	9.0	1.97
20191020	1.49	9.07	1.62
20191021	0.14	7.24	1.45
20191022	0.02	8.17	1.31
20191023	0.28	8.97	1.2
20191024	1.18	9.58	1.13
20191025	50.45	9.4	3.45
20191026	7.48	4.89	20.84
20191027	0.08	5.76	11.97
20191028	0.05	4.72	5.61
20191029	0.07	6.64	3.56
20191030	0.03	6.49	2.52
20191031	5.5	8.18	1.99
20191101	5.22	10.63	2.21
20191102	3.52	7.2	3.63
20191103	2.74	8.32	3.13
20191104	0.62	8.39	2.38
20191105	0.17	5.71	1.86
20191106	14.83	5.03	1.72
20191107	19.01	5.39	6.94
20191108	0.33	3.18	10.95
20191109	2.09	2.25	5.58
20191110	9.72	5.36	3.86
20191111	12.04	5.67	6.05
20191112	2.76	5.18	8.4
20191113	0.2	5.16	5.56
20191114	6.59	4.42	3.61
20191115	1.82	6.62	3.92
20191116	2.64	6.53	3.01
20191117	2.6	3.99	3.23
20191118	0.05	2.32	2.7
20191119	0.16	2.68	2.05
20191120	0.01	4.46	1.76
20191121	2.88	4.62	1.58
20191122	2.3	7.13	1.54
20191123	3.41	7.69	1.63
20191124	1.18	8.1	1.74
20191125	4.9	9.17	1.76
20191126	2.76	9.37	2.23
20191127	10.01	8.03	2.26
20191128	3.5	3.73	5.17
20191129	0.12	1.89	4.16
20191130	0.19	1.08	2.33
20191201	0.12	0.79	1.81
20191202	0.09	2.92	1.56
20191203	0.04	4.26	1.44
20191204	0.13	4.19	1.33
20191205	2.15	7.82	1.24
20191206	3.71	9.54	1.39
20191207	3.54	8.59	1.69
20191208	1.48	6.6	1.71
20191209	0.11	4.15	1.51
20191210	13.54	7.08	2.67
20191211	1.6	2.78	5.4
20191212	16.49	4.64	4.49
20191213	3.62	4.59	7.77
20191214	3.28	3.58	5.73
20191215	1.72	3.75	3.98
20191216	0.04	2.71	2.94
20191217	0.28	1.13	2.13
20191218	5.87	5.64	1.86
20191219	5.18	8.63	3.05
20191220	3.72	4.72	3.93
20191221	4.09	6.07	3.57
20191222	0.74	5.84	3.26
20191223	3.09	6.23	2.4
20191224	3.38	6.21	2.31
20191225	0.11	4.91	2.38
20191226	3.33	4.11	2.2
20191227	0.14	6.56	2.03
20191228	0.03	7.58	1.74
20191229	0.07	5.72	1.56
20191230	0.25	5.96	1.43
20191231	0.0	5.01	1.3
20200101	0.0	5.09	1.22
20200102	1.99	6.91	1.18
20200103	0.04	5.39	1.16
20200104	0.08	6.23	1.1
20200105	0.07	7.77	1.06
20200106	0.42	6.08	1.03
20200107	0.58	9.85	0.99
20200108	10.37	7.58	1.1
20200109	0.04	5.35	2.12
20200110	0.01	5.86	1.54
20200111	14.61	8.9	1.49
20200112	0.86	5.76	5.29
20200113	5.86	6.0	3.79
20200114	4.62	8.32	4.26
20200115	0.06	6.24	3.52
20200116	2.75	8.22	2.15
20200117	3.58	3.64	2.18
20200118	0.09	2.27	2.18
20200119	0.08	1.76	1.71
20200120	0.08	4.05	1.5
20200121	0.84	5.58	1.37
20200122	0.32	6.79	1.32
20200123	0.35	6.44	1.27
20200124	1.18	5.76	1.23
20200125	0.2	5.69	1.24
20200126	4.61	5.14	1.31
20200127	1.21	3.62	1.54
20200128	0.97	4.06	1.32
20200129	0.19	6.19	1.19
20200130	0.01	8.76	1.1
20200131	0.88	9.5	1.04
20200201	6.29	7.14	1.03
20200202	1.38	7.89	1.44
20200203	1.37	5.56	1.41
20200204	0.77	5.01	1.19
20200205	0.0	3.12	1.15
20200206	0.23	3.95	1.03
20200207	1.1	5.1	1.0
20200208	12.8	8.13	1.03
20200209	10.43	7.88	5.3
20200210	3.88	3.81	5.41
20200211	0.38	3.45	3.09
20200212	6.38	4.29	2.07
20200213	0.36	3.99	2.57
20200214	3.39	6.82	2.04
20200215	27.91	9.13	4.23
20200216	4.12	5.71	12.04
20200217	1.06	6.23	7.67
20200218	2.33	5.35	4.42
20200219	4.85	6.29	3.53
20200220	6.95	5.84	4.84
20200221	3.3	8.64	4.38
20200222	18.07	7.79	3.43
20200223	10.64	5.57	9.1
20200224	1.61	7.16	8.74
20200225	6.42	4.06	5.83
20200226	3.77	3.69	5.35
20200227	2.05	3.16	4.72
20200228	10.17	5.84	4.4
20200229	1.76	4.17	6.42
20200301	0.1	3.55	4.12
20200302	1.63	4.47	2.8
20200303	1.79	3.98	2.32
20200304	0.03	3.72	2.26
20200305	0.01	2.36	1.86
20200306	0.09	5.23	1.64
20200307	7.49	9.12	1.51
20200308	2.65	7.29	1.85
20200309	16.52	8.24	2.63
20200310	0.56	8.33	7.17
20200311	2.06	6.88	4.02
20200312	2.02	5.87	2.7
20200313	3.16	7.05	2.17
20200314	5.91	8.75	2.0
20200315	0.96	6.11	2.81
20200316	0.05	8.01	2.33
20200317	5.66	9.67	1.8
20200318	1.42	5.02	2.31
20200319	0.0	5.26	2.13
20200320	0.01	5.87	1.68
20200321	0.0	4.7	1.45
20200322	0.01	4.65	1.3
20200323	0.0	7.13	1.19
20200324	0.0	9.93	1.1
20200325	0.0	7.79	1.04
20200326	0.01	6.21	0.97
20200327	0.0	7.01	0.9
20200328	0.0	5.78	0.86
20200329	0.0	3.53	0.83
20200330	0.28	5.59	0.81
20200331	0.1	6.34	0.77
20200401	0.21	6.72	0.92
20200402	0.23	7.95	1.02
20200403	0.02	7.55	0.77
20200404	0.0	9.28	0.72
20200405	0.87	14.27	0.72
20200406	0.27	7.92	0.71
20200407	0.0	11.62	0.68
20200408	0.0	13.04	0.67
20200409	0.0	12.02	0.66
20200410	0.09	15.66	0.66
20200411	0.01	13.64	0.65
20200412	2.85	11.07	0.7
20200413	0.0	4.09	0.79
20200414	0.0	7.28	0.65
20200415	0.0	10.5	0.62
20200416	0.0	12.43	0.6
20200417	1.56	9.11	0.58
20200418	1.91	6.67	0.61
20200419	0.0	9.32	0.61
20200420	0.0	10.08	0.58
20200421	0.0	10.71	0.55
20200422	0.0	11.48	0.54
20200423	0.0	11.75	0.54
20200424	0.0	11.51	0.54
20200425	0.0	12.11	0.53
20200426	0.76	12.6	0.53
20200427	0.03	10.22	0.55
20200428	5.15	6.93	0.56
20200429	4.05	8.82	0.71
20200430	5.68	8.74	0.7
20200501	2.16	8.53	0.68
20200502	0.02	9.15	0.62
20200503	0.01	10.58	0.56
20200504	0.0	10.18	0.57
20200505	0.0	7.76	0.52
20200506	0.0	10.47	0.49
20200507	0.03	14.42	0.48
20200508	0.0	14.32	0.48
20200509	6.11	15.66	0.5
20200510	0.06	5.88	0.63
20200511	0.07	5.33	0.58
20200512	0.13	7.67	0.52
20200513	0.0	4.99	0.49
20200514	0.0	8.47	0.47
20200515	0.0	9.32	0.45
20200516	0.0	11.41	0.45
20200517	0.01	12.86	0.46
20200518	0.06	14.3	0.48
20200519	0.0	14.56	0.46
20200520	0.02	17.41	0.44
20200521	1.96	16.76	0.41
20200522	0.31	13.56	0.39
20200523	0.15	13.23	0.38
20200524	0.02	11.58	0.39
20200525	0.0	15.71	0.39
20200526	0.0	12.84	0.38
20200527	0.0	15.6	0.37
20200528	0.0	16.13	0.35
20200529	0.0	15.31	0.33
20200530	0.0	15.74	0.33
20200531	0.0	15.88	0.32
20200601	0.0	15.4	0.32
20200602	3.17	17.61	0.31
20200603	1.19	9.63	0.35
20200604	3.94	10.75	0.36
20200605	11.5	9.83	0.43
20200606	5.27	11.77	0.57
20200607	1.53	11.22	0.68
20200608	0.01	11.74	0.53
20200609	2.31	13.19	0.41
20200610	0.95	12.49	0.4
20200611	5.38	13.1	0.43
20200612	0.42	14.84	0.46
20200613	3.6	17.1	0.54
20200614	0.63	16.68	0.47
20200615	10.05	18.13	0.67
20200616	12.54	16.43	1.09
20200617	12.62	16.92	1.37
20200618	15.5	13.32	2.83
20200619	2.68	12.54	2.34
20200620	7.62	16.49	1.34
20200621	0.41	13.62	1.13
20200622	0.01	17.41	0.89
20200623	0.0	19.02	0.64
20200624	0.0	21.71	0.53
20200625	0.29	22.84	0.47
20200626	4.44	19.94	0.46
20200627	8.48	15.0	0.68
20200628	2.3	13.65	0.64
20200629	1.99	12.72	0.52
20200630	2.07	15.3	0.53
20200701	4.65	15.39	0.6
20200702	3.62	14.23	0.69
20200703	5.03	14.61	0.72
20200704	1.97	15.7	0.84
20200705	2.67	13.43	0.73
20200706	0.39	13.67	0.65
20200707	12.54	12.53	0.79
20200708	23.02	13.26	1.48
20200709	2.88	11.43	5.2
20200710	0.8	12.55	2.28
20200711	0.03	11.42	1.31
20200712	0.15	16.83	0.94
20200713	0.77	15.08	0.77
20200714	2.12	13.83	0.68
20200715	1.67	14.29	0.64
20200716	0.01	16.46	0.73
20200717	1.38	18.47	0.66
20200718	5.55	13.05	0.66
20200719	0.0	12.39	0.71
20200720	0.0	11.92	0.59
20200721	0.04	14.57	0.51
20200722	0.34	16.16	0.49
20200723	2.97	16.01	0.52
20200724	3.9	18.74	0.56
20200725	2.42	15.97	0.55
20200726	5.46	16.61	0.55
20200727	7.67	15.1	0.69
20200728	0.35	13.74	1.05
20200729	0.36	15.4	0.65
20200730	0.0	19.56	0.54
20200731	0.01	22.37	0.47
20200801	0.84	15.67	0.45
20200802	0.41	14.74	0.44
20200803	0.35	12.82	0.44
20200804	2.07	15.41	0.41
20200805	0.37	18.96	0.45
20200806	0.01	20.0	0.42
20200807	0.02	21.46	0.4
20200808	0.0	18.73	0.37
20200809	0.0	18.35	0.35
20200810	0.93	21.55	0.37
20200811	11.42	22.78	0.44
20200812	8.73	23.46	1.4
20200813	0.33	19.02	0.93
20200814	0.0	18.29	0.64
20200815	1.5	17.57	0.51
20200816	11.45	16.64	0.56
20200817	6.61	17.5	0.96
20200818	2.36	17.48	0.8
20200819	7.92	16.3	0.81
20200820	5.18	18.06	0.97
20200821	1.72	16.28	0.93
20200822	5.72	15.72	0.79
20200823	6.99	14.57	0.97
20200824	19.85	16.29	1.34
20200825	19.98	16.08	3.92
20200826	0.77	14.47	8.9
20200827	7.86	12.84	4.16
20200828	5.01	11.17	4.0
20200829	0.2	9.58	3.5
20200830	0.01	10.03	1.73
20200831	0.02	12.31	1.3
20200901	0.01	14.65	1.06
20200902	12.71	15.04	1.04
20200903	0.07	14.81	1.58
20200904	0.15	12.96	1.25
20200905	0.38	12.86	0.93
20200906	1.65	13.93	0.84
20200907	1.17	15.32	0.79
20200908	0.96	18.23	0.74
20200909	0.0	13.1	0.73
20200910	0.0	12.15	0.69
20200911	1.3	14.02	0.62
20200912	0.0	15.24	0.6
20200913	0.0	16.2	0.56
20200914	0.0	18.16	0.55
20200915	0.02	19.51	0.52
20200916	0.0	14.09	0.49
20200917	0.01	12.51	0.47
20200918	0.0	13.44	0.46
20200919	0.0	13.76	0.45
20200920	0.0	12.05	0.45
20200921	0.0	15.26	0.45
20200922	2.55	16.5	0.44
20200923	3.47	9.16	0.47
20200924	0.45	9.16	0.49
20200925	1.09	8.26	0.44
20200926	0.01	7.9	0.41
20200927	0.0	7.79	0.41
20200928	1.56	11.63	0.42
20200929	0.99	11.69	0.43
20200930	10.44	10.46	0.57
20201001	0.19	9.29	0.7
20201002	5.5	11.81	0.55
20201003	36.33	10.54	1.68
20201004	4.52	11.52	7.4
20201005	12.29	11.58	5.52
20201006	7.65	11.19	7.43
20201007	15.78	11.98	5.81
20201008	0.32	9.16	8.13
20201009	11.26	8.44	4.94
20201010	2.55	9.01	6.61
20201011	0.01	9.81	4.78
20201012	4.34	7.99	3.04
20201013	2.14	8.84	2.77
20201014	0.17	8.34	2.07
20201015	0.3	8.27	1.59
20201016	0.07	7.92	1.34
20201017	0.22	8.99	1.18
20201018	0.0	8.39	1.08
20201019	1.81	11.15	1.01
20201020	1.2	14.42	0.97
20201021	1.34	11.47	0.97
20201022	0.77	7.79	0.91
20201023	1.36	8.65	0.87
20201024	6.28	9.22	1.04
20201025	1.47	8.46	1.34
20201026	2.79	8.66	1.09
20201027	3.59	8.49	1.23
20201028	1.82	7.42	1.42
20201029	5.5	11.45	1.4
20201030	2.04	11.01	1.85
20201031	3.57	11.24	1.75
20201101	9.27	12.69	1.93
20201102	0.88	7.68	3.85
20201103	4.82	4.57	3.05
20201104	0.25	6.62	3.31
20201105	0.18	7.01	1.92
20201106	0.02	6.1	1.54
20201107	0.01	7.46	1.34
20201108	1.83	10.0	1.2
20201109	1.19	11.52	1.17
20201110	0.26	10.75	1.12
20201111	3.15	9.47	1.05
20201112	3.51	8.41	1.07
20201113	1.32	8.33	1.18
20201114	3.74	11.35	1.31
20201115	6.77	8.44	1.74
20201116	2.42	10.36	3.16
20201117	0.02	12.67	2.06
20201118	8.95	9.52	1.67
20201119	0.14	4.75	2.82
20201120	2.38	8.14	2.16
20201121	3.76	7.84	1.96
20201122	0.08	4.78	2.02
20201123	0.04	6.39	1.57
20201124	3.2	8.44	1.38
20201125	0.93	4.99	1.43
20201126	0.04	5.06	1.4
20201127	0.54	3.19	1.21
20201128	1.54	6.3	1.12
20201129	0.15	7.2	1.11
20201130	2.54	4.89	1.09
20201201	0.35	3.91	1.25
20201202	2.24	5.3	1.08
20201203	7.99	2.58	1.51
20201204	10.5	2.61	3.12
20201205	0.84	2.65	4.81
20201206	0.59	3.02	3.1
20201207	1.4	1.86	2.34
20201208	12.19	4.35	3.22
20201209	0.84	4.53	6.66
20201210	5.85	6.42	4.08
20201211	5.75	7.73	4.14
20201212	4.38	4.46	4.75
20201213	9.23	7.38	5.2
20201214	0.52	7.09	6.5
20201215	1.78	7.15	3.8
20201216	6.55	6.35	3.94
20201217	4.13	8.19	4.25
20201218	5.72	10.43	4.01
20201219	3.13	7.12	4.7
20201220	2.87	5.21	4.08
20201221	8.81	6.31	3.54
20201222	4.84	3.71	5.67
20201223	1.92	2.91	5.43
20201224	0.06	0.12	4.15
20201225	0.39	2.21	2.85
20201226	16.48	5.36	2.84
20201227	4.68	2.63	7.49
20201228	1.2	-0.26	6.28
20201229	2.96	0.53	5.01
20201230	0.95	-0.27	3.7
20201231	0.3	0.71	3.2
20210101	0.14	0.13	2.74
20210102	1.73	0.24	2.26
20210103	0.69	1.94	1.92
20210104	0.71	2.17	1.83
20210105	0.15	1.22	1.77
20210106	0.07	-0.6	1.62
20210107	1.55	-0.8	1.48
20210108	0.67	0.12	1.45
20210109	0.05	0.55	1.4
20210110	0.29	3.58	1.32
20210111	21.19	5.84	2.34
20210112	0.82	2.04	9.2
20210113	26.8	3.92	6.31
20210114	2.13	-0.15	13.85
20210115	7.49	0.83	8.65
20210116	1.46	5.26	7.8
20210117	0.13	4.4	5.79
20210118	18.53	6.23	4.42
20210119	16.88	9.42	9.69
20210120	29.93	5.25	18.76
20210121	0.79	3.0	21.22
20210122	1.67	2.48	9.64
20210123	2.48	-0.43	6.59
20210124	0.87	-1.46	4.96
20210125	0.48	1.31	3.83
20210126	3.59	3.77	3.3
20210127	16.27	6.69	4.92
20210128	6.35	8.13	9.52
20210129	0.91	5.32	8.9
20210130	0.56	0.48	5.58
20210131	0.02	0.28	3.94
20210201	9.34	2.67	3.08
20210202	5.76	4.99	4.9
20210203	2.32	5.94	5.84
20210204	1.45	5.7	3.99
20210205	3.62	5.25	3.32
20210206	3.27	3.34	3.17
20210207	0.12	0.16	3.02
20210208	0.59	-0.78	2.22
20210209	0.39	-1.51	1.85
20210210	0.3	-1.98	1.66
20210211	0.01	-1.16	1.51
20210212	0.01	-1.28	1.4
20210213	0.05	-0.62	1.29
20210214	2.72	3.82	1.23
20210215	1.25	8.42	1.33
20210216	5.22	7.63	1.59
20210217	4.51	8.33	2.03
20210218	0.16	6.09	2.3
20210219	1.45	9.04	2.13
20210220	1.55	9.54	1.73
20210221	3.84	8.63	1.64
20210222	0.21	7.97	1.74
20210223	1.57	10.02	1.73
20210224	1.81	9.41	1.73
20210225	0.09	5.46	1.57
20210226	0.03	5.15	1.4
20210227	0.04	5.31	1.25
20210228	0.01	5.31	1.17
20210301	0.02	3.8	1.11
20210302	0.02	3.26	1.06
20210303	0.3	3.43	1.02
20210304	0.05	4.09	0.98
20210305	0.0	2.48	0.95
20210306	0.0	2.11	0.91
20210307	0.02	3.87	0.89
20210308	0.2	5.19	0.87
20210309	5.2	7.3	0.86
20210310	11.25	8.76	1.2
20210311	5.14	5.96	2.45
20210312	8.65	5.48	2.07
20210313	3.79	5.58	3.13
20210314	6.81	6.71	3.35
20210315	2.58	8.51	4.22
20210316	0.24	6.78	2.63
20210317	0.1	6.12	1.97
20210318	0.04	7.81	1.56
20210319	0.07	7.78	1.39
20210320	0.02	7.96	1.25
20210321	0.02	6.31	1.16
20210322	0.0	8.15	1.09
20210323	2.33	8.41	1.02
20210324	0.11	8.53	1.02
20210325	2.06	10.27	0.96
20210326	3.02	5.93	0.99
20210327	2.61	7.83	0.96
20210328	1.37	11.87	0.94
20210329	0.01	10.25	0.97
20210330	0.0	14.43	0.86
20210331	0.0	13.1	0.82
20210401	0.0	4.78	0.77
20210402	0.0	6.64	0.74
20210403	0.05	5.21	0.75
20210404	0.31	7.15	0.74
20210405	0.08	2.14	0.71
20210406	0.61	1.74	0.69
20210407	0.42	5.0	0.68
20210408	0.81	7.21	0.66
20210409	0.87	3.77	0.68
20210410	7.36	2.88	0.76
20210411	0.29	2.92	0.89
20210412	0.0	3.66	0.79
20210413	0.0	5.94	0.72
20210414	0.01	4.83	0.67
20210415	0.0	5.14	0.63
20210416	0.0	6.05	0.61
20210417	0.0	7.58	0.62
20210418	0.0	8.03	0.62
20210419	0.0	9.73	0.61
20210420	0.04	11.36	0.58
20210421	0.0	5.58	0.57
20210422	0.0	7.85	0.54
20210423	0.0	10.15	0.53
20210424	0.0	9.42	0.53
20210425	0.0	6.68	0.52
20210426	0.01	10.17	0.53
20210427	4.37	8.02	0.55
20210428	0.04	5.81	0.6
20210429	2.49	5.12	0.56
20210430	0.76	5.84	0.66
20210501	0.26	5.45	0.57
20210502	0.73	8.72	0.55
20210503	24.21	7.1	1.02
20210504	5.13	5.3	2.13
20210505	2.02	5.3	1.57
20210506	4.72	6.04	1.19
20210507	11.99	7.42	1.21
20210508	9.06	10.31	2.9
20210509	0.09	12.51	3.79
20210510	2.22	10.31	1.7
20210511	6.24	9.58	1.31
20210512	1.0	10.8	1.36
20210513	1.22	10.89	1.11
20210514	0.87	10.17	0.94
20210515	3.13	9.39	0.91
20210516	2.5	11.29	0.92
20210517	6.21	9.91	1.08
20210518	0.8	10.04	1.15
20210519	0.36	10.01	0.91
20210520	8.48	10.66	0.84
20210521	14.83	8.93	1.78
20210522	0.4	7.86	4.53
20210523	6.3	8.67	1.83
20210524	9.31	9.42	2.3
20210525	2.61	9.5	3.11
20210526	0.1	9.6	2.25
20210527	0.0	14.01	1.46
20210528	0.08	14.54	1.16
20210529	0.01	14.25	1.0
20210530	0.01	13.21	0.89
20210531	0.0	15.19	0.81
20210601	0.0	17.21	0.74
20210602	0.06	19.22	0.68
20210603	0.0	13.92	0.63
20210604	0.0	13.38	0.61
20210605	1.36	17.1	0.58
20210606	0.18	15.59	0.58
20210607	0.01	14.47	0.56
20210608	0.0	16.27	0.52
20210609	0.02	18.62	0.5
20210610	0.0	18.6	0.49
20210611	0.0	15.3	0.49
20210612	0.0	15.13	0.46
20210613	0.0	19.36	0.46
20210614	0.0	12.77	0.48
20210615	0.0	17.1	0.45
20210616	0.38	18.05	0.45
20210617	0.0	14.76	0.44
20210618	0.12	12.84	0.44
20210619	5.63	14.12	0.45
20210620	0.04	12.14	0.54
20210621	0.02	11.32	0.47
20210622	0.0	12.06	0.42
20210623	1.94	15.4	0.42
20210624	5.16	15.34	0.44
20210625	2.18	12.41	0.56
20210626	0.0	14.82	0.52
20210627	0.0	14.74	0.47
20210628	4.71	14.52	0.46
20210629	0.01	15.6	0.53
20210630	0.0	15.75	0.45
20210701	0.0	16.69	0.42
20210702	4.37	18.04	0.43
20210703	5.05	17.18	0.53
20210704	26.39	16.35	1.43
20210705	13.74	15.1	1.95
20210706	6.6	15.57	1.88
20210707	3.27	15.76	1.62
20210708	0.01	15.96	1.03
20210709	0.35	17.44	0.74
20210710	1.24	17.06	0.65
20210711	1.53	17.04	0.58
20210712	4.38	16.28	0.57
20210713	0.01	16.94	0.57
20210714	0.0	17.09	0.49
20210715	0.0	16.95	0.46
20210716	0.0	19.26	0.43
20210717	0.0	20.8	0.42
20210718	0.0	21.17	0.4
20210719	0.0	21.56	0.4
20210720	0.0	20.62	0.37
20210721	0.0	21.23	0.36
20210722	0.5	21.97	0.35
20210723	0.0	17.69	0.33
20210724	0.0	16.39	0.34
20210725	0.0	17.64	0.34
20210726	0.01	18.95	0.34
20210727	10.97	17.25	0.58
20210728	8.04	14.72	0.81
20210729	6.77	15.05	0.62
20210730	4.98	14.65	0.69
20210731	2.04	14.39	0.69
20210801	0.21	14.34	0.59
20210802	0.01	13.27	0.49
20210803	0.01	15.41	0.43
20210804	2.78	17.01	0.4
20210805	9.39	16.38	0.48
20210806	3.24	15.74	0.64
20210807	17.88	15.57	0.87
20210808	4.4	14.55	1.47
20210809	0.93	16.38	1.2
20210810	0.0	16.23	0.73
20210811	0.95	15.09	0.57
20210812	0.0	16.49	0.49
20210813	0.02	17.23	0.46
20210814	0.35	16.11	0.41
20210815	1.2	15.64	0.42
20210816	3.44	14.57	0.44
20210817	3.17	14.99	0.48
20210818	0.35	14.84	0.68
20210819	1.57	16.35	0.6
20210820	2.64	18.34	0.55
20210821	9.23	15.87	0.76
20210822	0.35	16.66	1.83
20210823	0.0	17.05	0.93
20210824	0.0	15.39	0.63
20210825	0.0	16.18	0.54
20210826	0.0	14.16	0.46
20210827	0.0	12.37	0.42
20210828	0.0	15.32	0.41
20210829	0.0	14.83	0.41
20210830	0.21	14.05	0.4
20210831	0.08	12.76	0.39
20210901	0.07	14.41	0.37
20210902	0.01	15.88	0.36
20210903	0.06	13.88	0.37
20210904	0.0	14.49	0.36
20210905	0.0	18.55	0.35
20210906	0.01	19.16	0.34
20210907	0.0	20.54	0.34
20210908	0.57	21.82	0.33
20210909	5.29	19.17	0.34
20210910	2.51	18.57	0.43
20210911	0.16	15.84	0.47
20210912	3.48	14.3	0.4
20210913	1.33	14.91	0.42
20210914	0.07	13.42	0.39
20210915	0.02	15.86	0.37
20210916	0.01	15.25	0.35
20210917	0.0	16.06	0.35
20210918	2.01	16.86	0.35
20210919	0.21	12.72	0.36
20210920	0.02	14.66	0.35
20210921	0.04	13.99	0.32
20210922	0.08	15.6	0.31
20210923	0.01	14.17	0.3
20210924	0.58	17.96	0.32
20210925	0.09	17.32	0.33
20210926	17.93	14.62	0.36
20210927	0.5	12.31	0.86
20210928	16.93	10.3	0.95
20210929	3.71	9.98	1.73
20210930	13.3	13.39	1.24
20211001	0.35	10.75	2.87
20211002	7.39	8.7	1.3
20211003	1.13	11.31	1.42
20211004	10.08	11.23	1.16
20211005	10.47	10.16	2.73
20211006	0.07	13.43	4.24
20211007	0.01	15.7	1.62
20211008	0.0	14.64	1.15
20211009	1.11	13.32	0.91
20211010	0.03	11.67	0.83
20211011	0.02	12.03	0.42
20211012	4.85	12.45	0.65
20211013	0.28	12.03	0.85
20211014	1.31	10.22	0.77
20211015	0.04	8.36	0.68
20211016	5.68	11.88	0.63
20211017	0.11	12.61	0.72
20211018	5.82	14.3	0.91
20211019	1.68	14.32	1.03
20211020	5.81	9.1	1.26
20211021	1.51	8.1	1.37
20211022	0.98	9.7	1.11
20211023	0.14	10.68	1.08
20211024	1.08	10.85	0.87
20211025	0.36	10.41	0.81
20211026	0.02	13.17	0.71
20211027	0.0	14.48	0.65
20211028	19.67	13.35	0.74
20211029	5.38	10.46	3.9
20211030	5.98	9.16	2.56
20211031	11.52	9.84	4.34
20211101	9.27	6.43	6.37
20211102	0.24	7.02	5.43
20211103	0.25	6.3	2.75
20211104	0.13	4.06	1.6
20211105	0.52	7.91	1.26
20211106	1.45	10.18	1.13
20211107	0.01	7.49	1.06
20211108	0.18	9.83	0.95
20211109	3.8	11.72	0.87
20211110	0.2	9.08	0.9
20211111	1.08	9.56	0.88
20211112	3.12	10.94	0.81
20211113	0.04	8.29	1.04
20211114	0.06	8.29	0.93
20211115	0.47	9.16	0.81
20211116	1.09	8.35	0.8
20211117	0.13	9.11	0.79
20211118	0.19	11.66	0.77
20211119	0.0	11.34	0.75
20211120	0.93	6.7	0.68
20211121	0.01	2.8	0.67
20211122	0.1	4.11	0.64
20211123	0.2	6.72	0.63
20211124	0.27	3.79	0.61
20211125	6.25	3.76	0.59
20211126	14.2	4.44	0.96
20211127	0.0	-0.04	1.98
20211128	2.12	-1.27	1.49
20211129	2.34	3.77	1.14
20211130	7.78	8.79	4.39
20211201	4.32	3.26	5.27
20211202	3.05	2.62	3.68
20211203	2.27	5.33	2.75
20211204	17.75	4.65	4.28
20211205	0.85	3.13	8.46
20211206	5.69	2.8	4.98
20211207	8.78	4.48	4.55
20211208	16.8	4.74	5.68
20211209	6.09	4.68	10.38
20211210	2.34	3.75	7.0
20211211	4.39	7.9	5.07
20211212	0.34	10.67	4.39
20211213	5.27	7.0	3.52
20211214	0.01	8.42	3.6
20211215	0.06	8.31	2.45
20211216	0.05	6.19	1.76
20211217	0.02	5.1	1.51
20211218	0.09	3.13	1.37
20211219	0.13	2.7	1.26
20211220	0.0	3.71	1.18
20211221	0.0	1.44	1.07
20211222	4.6	3.34	1.03
20211223	0.73	7.02	1.18
20211224	3.77	5.41	1.2
20211225	10.29	2.89	1.6
20211226	0.4	4.51	3.53
20211227	9.79	6.85	3.21
20211228	3.08	6.09	7.2
20211229	3.5	10.27	4.4
20211230	3.17	12.8	3.69
20211231	0.03	12.34	3.1
20220101	2.87	10.7	2.01
20220102	1.11	8.38	2.08
20220103	1.08	5.01	1.72
20220104	0.69	1.92	1.5
20220105	0.09	1.41	1.34
20220106	2.6	3.21	1.23
20220107	5.06	3.62	1.58
20220108	7.31	4.91	3.88
20220109	0.1	4.48	4.65
20220110	2.64	7.24	2.49
20220111	0.06	3.89	2.13
20220112	0.12	4.67	1.64
20220113	0.11	3.28	1.4
20220114	0.03	2.69	1.26
20220115	0.39	2.5	1.17
20220116	0.27	4.66	1.1
20220117	0.0	3.35	1.02
20220118	0.76	4.02	0.94
20220119	0.27	3.26	0.92
20220120	0.09	1.0	0.88
20220121	0.01	3.99	0.82
20220122	0.08	5.36	0.82
20220123	0.0	2.59	0.79
20220124	0.0	1.22	0.76
20220125	0.0	2.42	0.72
20220126	1.67	6.78	0.7
20220127	0.05	6.15	0.72
20220128	0.01	7.23	0.71
20220129	0.3	6.08	0.7
20220130	3.13	4.62	0.69
20220131	3.98	6.87	0.73
20220201	2.42	9.96	1.0
20220202	0.13	8.44	1.11
20220203	5.53	6.54	0.99
20220204	2.05	3.76	1.09
20220205	20.62	6.58	1.73
20220206	2.06	4.2	7.74
20220207	0.6	6.72	4.22
20220208	3.95	9.53	2.41
20220209	0.1	5.49	2.28
20220210	0.46	3.76	1.78
20220211	0.02	4.34	1.47
20220212	5.42	7.03	1.33
20220213	8.58	7.15	2.13
20220214	8.31	4.37	5.5
20220215	2.42	8.72	4.88
20220216	5.74	8.92	3.89
20220217	11.0	6.55	4.27
20220218	5.83	3.99	6.32
20220219	15.82	5.64	5.98
20220220	11.99	6.95	9.22
20220221	2.23	7.58	9.44
20220222	2.69	7.22	5.49
20220223	4.41	5.95	3.89
20220224	1.7	3.81	3.34
20220225	0.05	5.43	2.59
20220226	0.03	5.28	1.9
20220227	1.14	6.3	1.6
20220228	9.42	5.43	1.96
20220301	0.41	6.18	2.91
20220302	1.75	5.82	1.85
20220303	12.87	5.94	2.78
20220304	0.14	4.98	4.7
20220305	0.07	4.48	2.8
20220306	0.04	3.6	1.83
20220307	0.05	3.38	1.54
20220308	0.01	6.19	1.34
20220309	0.09	9.71	1.2
20220310	0.02	10.78	1.09
20220311	4.36	8.91	1.07
20220312	1.41	9.27	1.09
20220313	0.17	6.81	1.03
20220314	0.01	5.84	0.96
20220315	0.07	9.19	0.88
20220316	8.21	5.47	0.93
20220317	0.01	6.9	1.27
20220318	0.01	9.38	0.99
20220319	0.0	8.17	0.88
20220320	0.0	4.66	0.84
20220321	0.0	7.31	0.8
20220322	0.01	10.54	0.75
20220323	0.0	9.81	0.72
20220324	0.0	10.79	0.69
20220325	0.0	10.26	0.68
20220326	0.0	10.59	0.67
20220327	0.0	10.76	0.66
20220328	0.01	9.07	0.66
20220329	0.99	8.1	0.65
20220330	1.19	2.41	0.66
20220331	0.18	2.69	0.61
20220401	1.01	3.34	0.59
20220402	0.03	3.34	0.6
20220403	5.11	7.17	0.58
20220404	6.81	9.91	0.69
20220405	2.18	10.01	1.2
20220406	8.4	8.32	1.15
20220407	3.47	4.03	1.58
20220408	0.95	5.14	1.45
20220409	0.25	4.09	0.95
20220410	0.0	8.19	0.8
20220411	1.59	10.97	0.72
20220412	4.26	10.67	0.74
20220413	0.26	9.73	0.75
20220414	0.0	10.82	0.68
20220415	0.0	12.72	0.65
20220416	0.0	13.64	0.63
20220417	0.42	12.81	0.61
20220418	0.17	8.18	0.59
20220419	0.35	8.93	0.57
20220420	0.0	10.48	0.56
20220421	0.0	11.0	0.54
20220422	0.0	11.14	0.52
20220423	0.0	10.06	0.52
20220424	0.0	8.6	0.52
20220425	0.0	8.48	0.52
20220426	0.0	8.25	0.49
20220427	0.01	7.66	0.49
20220428	0.0	7.21	0.5
20220429	0.0	7.56	0.5
20220430	2.04	11.55	0.49
20220501	0.02	10.93	0.51
20220502	3.92	10.84	0.51
20220503	4.3	10.89	0.56
20220504	3.11	10.53	0.66
20220505	0.01	13.45	0.62
20220506	7.47	11.96	0.56
20220507	0.0	12.28	0.68
20220508	0.0	12.91	0.59
20220509	0.03	14.16	0.51
20220510	6.06	13.77	0.49
20220511	5.74	10.58	0.67
20220512	0.05	12.47	0.78
20220513	0.0	12.62	0.53
20220514	0.76	15.69	0.48
20220515	5.71	16.32	0.48
20220516	1.4	15.41	0.54
20220517	2.03	15.27	0.51
20220518	1.29	13.72	0.48
20220519	0.0	13.87	0.45
20220520	1.05	12.61	0.42
20220521	0.0	13.81	0.43
20220522	0.01	14.55	0.41
20220523	3.84	12.07	0.41
20220524	0.53	12.4	0.45
20220525	0.93	13.13	0.42
20220526	3.69	12.62	0.4
20220527	0.0	11.03	0.44
20220528	0.8	12.06	0.4
20220529	0.92	10.63	0.4
20220530	2.24	10.41	0.42
20220531	2.48	10.4	0.45
20220601	0.48	11.22	0.44
20220602	0.44	14.99	0.41
20220603	0.01	13.87	0.38
20220604	7.3	11.95	0.36
20220605	4.12	10.11	0.49
20220606	0.05	12.51	0.55
20220607	8.39	16.63	0.49
20220608	3.02	13.5	0.64
20220609	0.29	13.88	0.61
20220610	0.0	15.71	0.45
20220611	0.01	15.27	0.41
20220612	0.25	13.82	0.38
20220613	0.0	12.58	0.39
20220614	0.0	13.81	0.37
20220615	0.0	15.15	0.35
20220616	0.0	20.07	0.35
20220617	0.01	20.15	0.35
20220618	1.63	10.84	0.34
20220619	0.04	12.28	0.36
20220620	0.0	14.16	0.35
20220621	0.0	17.05	0.34
20220622	0.0	17.36	0.34
20220623	0.01	19.02	0.32
20220624	0.56	15.17	0.34
20220625	4.04	14.33	0.32
20220626	3.09	15.69	0.32
20220627	0.74	14.0	0.33
20220628	3.95	15.02	0.34
20220629	2.62	15.91	0.43
20220630	9.07	15.33	0.4
20220701	2.0	14.54	0.64
20220702	0.36	13.84	0.43
20220703	0.09	14.08	0.38
20220704	0.14	14.4	0.35
20220705	1.35	16.1	0.35
20220706	1.06	15.76	0.36
20220707	0.0	16.16	0.34
20220708	0.23	17.38	0.33
20220709	0.03	16.81	0.32
20220710	0.0	18.95	0.31
20220711	0.0	23.29	0.3
20220712	0.03	19.07	0.27
20220713	0.01	14.74	0.27
20220714	0.0	14.97	0.27
20220715	0.0	15.18	0.28
20220716	0.0	18.86	0.27
20220717	0.0	22.82	0.27
20220718	0.0	27.36	0.26
20220719	0.01	26.58	0.24
20220720	0.18	17.77	0.24
20220721	6.0	15.75	0.26
20220722	3.57	15.31	0.37
20220723	1.8	18.3	0.37
20220724	10.24	17.57	0.4
20220725	6.42	15.13	0.53
20220726	0.03	13.33	0.49
20220727	1.86	16.91	0.42
20220728	0.24	16.24	0.35
20220729	0.15	18.12	0.31
20220730	9.62	18.67	0.33
20220731	0.09	15.02	0.47
20220801	12.46	19.66	0.53
20220802	0.73	20.34	0.85
20220803	0.04	17.45	0.72
20220804	2.71	14.26	0.4
20220805	0.63	12.74	0.36
20220806	0.0	14.78	0.35
20220807	0.0	16.08	0.31
20220808	0.0	16.84	0.28
20220809	0.01	19.25	0.27
20220810	0.0	20.71	0.27
20220811	0.0	21.45	0.24
20220812	0.0	21.86	0.24
20220813	0.0	22.82	0.24
20220814	0.01	23.18	0.23
20220815	0.17	18.54	0.23
20220816	4.93	17.66	0.22
20220817	0.11	16.18	0.27
20220818	2.14	15.92	0.27
20220819	0.0	16.15	0.27
20220820	0.3	17.7	0.24
20220821	0.58	17.21	0.23
20220822	7.46	18.78	0.25
20220823	1.66	20.09	0.34
20220824	2.03	18.31	0.28
20220825	0.15	14.86	0.27
20220826	0.17	16.66	0.24
20220827	0.0	16.59	0.22
20220828	0.03	18.68	0.22
20220829	0.0	13.97	0.22
20220830	0.0	15.83	0.22
20220831	0.0	16.86	0.22
20220901	0.0	17.75	0.23
20220902	0.02	18.47	0.22
20220903	0.06	18.43	0.21
20220904	5.36	18.5	0.23
20220905	8.61	18.05	0.33
20220906	1.23	16.9	0.39
20220907	3.31	16.69	0.41
20220908	2.96	15.88	0.37
20220909	3.24	16.51	0.46
20220910	0.02	14.5	0.42
20220911	5.14	17.23	0.36
20220912	6.63	14.3	0.46
20220913	0.01	13.2	0.57
20220914	0.0	14.15	0.4
20220915	0.44	12.05	0.32
20220916	0.01	9.03	0.27
20220917	0.36	12.29	0.27
20220918	2.26	12.96	0.28
20220919	0.99	12.75	0.29
20220920	0.0	13.7	0.3
20220921	0.0	14.07	0.29
20220922	6.25	12.64	0.35
20220923	0.09	11.93	0.39
20220924	0.0	9.92	0.33
20220925	5.21	11.48	0.3
20220926	5.53	10.02	0.41
20220927	3.48	7.89	0.57
20220928	5.61	10.94	0.54
20220929	0.68	10.81	0.58
20220930	14.54	11.36	0.77
