date	precipitation	temperature	discharge_spec
19701001	0.02	14.87	0.16
19701002	1.04	11.57	0.15
19701003	0.28	11.95	0.14
19701004	0.1	15.59	0.13
19701005	5.77	12.09	0.15
19701006	6.39	8.78	0.17
19701007	4.34	8.46	0.19
19701008	0.01	8.71	0.21
19701009	0.05	12.37	0.22
19701010	0.22	13.78	0.2
19701011	0.11	16.39	0.19
19701012	0.0	14.52	0.18
19701013	0.0	15.3	0.17
19701014	0.04	13.05	0.12
19701015	0.0	8.6	0.11
19701016	0.0	8.99	0.11
19701017	0.0	9.92	0.11
19701018	0.28	12.42	0.11
19701019	0.39	8.22	0.12
19701020	0.0	6.23	0.12
19701021	0.0	5.44	0.13
19701022	0.0	7.17	0.13
19701023	0.0	9.55	0.13
19701024	0.0	11.9	0.13
19701025	2.16	11.75	0.12
19701026	0.17	8.06	0.13
19701027	1.3	9.81	0.14
19701028	0.01	11.99	0.14
19701029	0.07	13.26	0.14
19701030	0.5	13.93	0.14
19701031	1.37	12.72	0.14
19701101	13.61	12.99	0.14
19701102	12.64	13.03	0.2
19701103	0.09	10.73	0.37
19701104	1.55	10.28	0.38
19701105	0.11	7.9	0.29
19701106	17.64	8.04	0.22
19701107	1.4	5.15	0.36
19701108	0.11	7.44	0.55
19701109	0.0	7.81	0.37
19701110	2.74	9.93	0.33
19701111	8.7	9.88	0.28
19701112	0.51	4.56	0.84
19701113	21.78	7.06	0.98
19701114	16.87	4.44	2.83
19701115	0.1	2.31	3.41
19701116	11.12	5.8	2.47
19701117	7.36	8.13	2.42
19701118	24.98	10.03	3.11
19701119	2.99	6.01	4.03
19701120	8.84	7.48	3.36
19701121	6.78	4.97	2.96
19701122	8.96	6.47	2.67
19701123	2.4	10.41	2.86
19701124	0.01	10.81	2.43
19701125	0.02	9.59	1.53
19701126	0.01	9.25	1.14
19701127	0.13	9.07	1.01
19701128	15.73	10.87	0.89
19701129	12.11	9.59	1.94
19701130	0.63	7.91	2.73
19701201	0.12	5.53	1.87
19701202	2.15	8.83	1.32
19701203	9.72	10.02	1.22
19701204	2.58	8.68	1.78
19701205	1.23	8.24	1.83
19701206	3.0	5.62	1.44
19701207	0.11	4.7	1.37
19701208	0.0	3.12	1.21
19701209	0.0	3.42	0.91
19701210	0.0	5.9	0.83
19701211	0.1	6.59	0.79
19701212	3.13	6.08	0.79
19701213	0.07	4.59	0.8
19701214	0.02	2.51	0.79
19701215	0.0	3.98	0.44
19701216	0.05	4.95	0.68
19701217	1.36	6.6	0.67
19701218	0.58	9.71	0.67
19701219	0.05	5.51	0.67
19701220	0.24	2.95	0.61
19701221	0.02	1.38	0.59
19701222	0.12	2.0	0.39
19701223	3.65	0.58	0.59
19701224	1.97	-1.21	0.7
19701225	3.15	-0.81	0.62
19701226	2.62	-2.29	0.6
19701227	0.24	-1.58	0.4
19701228	5.23	0.26	0.61
19701229	3.75	-0.14	1.07
19701230	1.85	-0.94	1.16
19701231	0.19	-1.22	1.18
19710101	0.0	-2.12	0.82
19710102	0.0	-2.79	0.75
19710103	0.03	-2.43	0.61
19710104	0.05	-2.17	0.6
19710105	0.03	-0.65	0.58
19710106	2.65	4.73	0.62
19710107	7.79	8.91	3.12
19710108	0.57	8.13	3.04
19710109	0.18	7.57	1.73
19710110	0.01	4.42	1.28
19710111	0.0	3.58	1.12
19710112	0.02	5.55	0.93
19710113	0.01	4.39	0.87
19710114	0.91	4.51	0.82
19710115	0.68	5.06	0.81
19710116	4.79	5.1	0.83
19710117	0.04	7.23	1.03
19710118	6.57	6.97	1.2
19710119	6.1	6.35	2.14
19710120	12.45	6.87	2.34
19710121	3.92	7.45	3.92
19710122	10.07	6.6	2.88
19710123	14.14	7.78	4.16
19710124	6.02	7.49	4.64
19710125	8.51	7.24	3.25
19710126	6.8	7.16	3.64
19710127	2.25	6.96	3.17
19710128	1.04	5.85	2.7
19710129	4.3	5.57	1.93
19710130	2.59	4.1	2.65
19710131	0.34	2.94	2.27
19710201	0.02	1.66	1.49
19710202	0.1	2.95	1.3
19710203	0.0	6.12	1.18
19710204	0.0	6.8	1.07
19710205	0.0	5.84	1.01
19710206	0.28	4.13	0.94
19710207	0.01	4.76	0.9
19710208	0.0	5.18	0.88
19710209	0.0	4.85	0.84
19710210	0.01	4.83	0.82
19710211	0.0	5.43	0.77
19710212	4.39	7.18	0.73
19710213	0.53	5.22	0.91
19710214	6.88	5.71	0.86
19710215	1.33	1.5	1.6
19710216	3.91	1.35	1.38
19710217	6.42	4.24	1.99
19710218	0.33	4.28	2.24
19710219	0.58	6.33	1.3
19710220	1.42	7.34	1.13
19710221	0.21	5.09	1.09
19710222	0.05	4.29	0.96
19710223	0.0	4.18	0.85
19710224	0.01	5.76	0.81
19710225	0.0	4.96	0.81
19710226	0.0	4.07	0.76
19710227	0.06	2.11	0.74
19710228	0.0	0.18	0.68
19710301	7.79	2.86	0.65
19710302	0.34	4.09	1.08
19710303	0.3	0.77	0.95
19710304	0.29	-1.17	0.77
19710305	0.85	-0.45	0.71
19710306	0.57	-3.28	0.69
19710307	0.15	0.06	0.63
19710308	0.18	3.53	0.62
19710309	0.09	4.89	0.62
19710310	0.0	5.06	0.58
19710311	0.0	5.65	0.56
19710312	0.04	7.9	0.55
19710313	0.0	5.24	0.55
19710314	9.99	6.18	0.56
19710315	5.55	4.46	1.95
19710316	0.08	5.78	1.86
19710317	20.84	8.11	1.36
19710318	12.93	7.95	3.6
19710319	8.11	6.7	3.58
19710320	0.16	7.58	2.89
19710321	0.06	6.73	1.88
19710322	0.0	3.97	1.36
19710323	0.4	7.11	1.19
19710324	1.1	9.21	1.15
19710325	0.14	6.87	1.08
19710326	0.01	6.97	1.01
19710327	0.0	5.28	0.91
19710328	0.18	7.94	0.81
19710329	0.0	5.92	0.8
19710330	0.0	7.27	0.8
19710331	0.0	6.23	0.7
19710401	0.0	6.4	0.75
19710402	0.0	7.94	0.76
19710403	0.0	6.46	0.7
19710404	0.02	6.95	0.67
19710405	0.12	6.29	0.67
19710406	0.04	6.85	0.63
19710407	0.09	6.46	0.62
19710408	3.9	6.51	0.58
19710409	0.08	5.85	0.6
19710410	0.0	7.1	0.59
19710411	0.0	7.41	0.54
19710412	0.0	9.1	0.49
19710413	0.0	7.74	0.48
19710414	0.0	7.19	0.48
19710415	0.01	10.59	0.48
19710416	1.4	6.04	0.5
19710417	0.04	7.37	0.48
19710418	0.0	9.55	0.45
19710419	0.0	8.55	0.46
19710420	0.0	11.77	0.44
19710421	0.01	14.18	0.44
19710422	4.88	15.49	0.43
19710423	14.61	10.11	0.79
19710424	0.09	7.71	1.03
19710425	6.26	4.8	0.67
19710426	8.96	3.02	1.54
19710427	0.06	4.43	1.51
19710428	0.0	5.9	0.85
19710429	0.0	6.86	0.63
19710430	0.0	6.9	0.56
19710501	0.0	7.52	0.48
19710502	0.0	7.16	0.45
19710503	0.0	8.21	0.46
19710504	0.0	10.88	0.46
19710505	0.07	14.33	0.44
19710506	15.45	15.35	0.45
19710507	4.1	11.38	1.36
19710508	0.27	12.04	0.82
19710509	0.0	12.09	0.64
19710510	0.0	13.61	0.48
19710511	0.0	15.93	0.46
19710512	0.0	16.89	0.45
19710513	0.0	13.18	0.45
19710514	0.0	12.68	0.42
19710515	9.4	12.52	0.48
19710516	2.01	10.15	0.56
19710517	0.0	8.61	0.51
19710518	0.04	14.01	0.42
19710519	0.02	13.69	0.38
19710520	0.0	11.07	0.37
19710521	0.0	11.17	0.33
19710522	3.08	13.61	0.33
19710523	4.93	10.6	0.49
19710524	1.99	12.59	0.43
19710525	0.12	9.41	0.39
19710526	0.01	10.17	0.37
19710527	5.43	7.79	0.4
19710528	0.83	10.64	0.44
19710529	2.73	12.15	0.4
19710530	6.21	12.2	0.47
19710531	0.0	13.53	0.5
19710601	0.0	15.09	0.37
19710602	0.0	16.39	0.34
19710603	0.0	16.4	0.31
19710604	0.0	13.73	0.3
19710605	0.0	10.9	0.29
19710606	0.0	12.27	0.29
19710607	0.0	12.26	0.3
19710608	1.52	12.3	0.32
19710609	2.24	14.19	0.34
19710610	24.76	10.42	0.9
19710611	0.32	11.49	0.73
19710612	0.37	10.66	0.55
19710613	18.92	13.39	0.39
19710614	34.09	9.95	3.08
19710615	0.08	10.77	3.93
19710616	0.35	11.21	1.76
19710617	4.0	10.71	1.06
19710618	34.52	12.61	2.12
19710619	6.74	14.61	4.68
19710620	0.08	12.07	4.11
19710621	0.69	13.46	1.83
19710622	0.0	13.97	1.2
19710623	0.0	15.63	0.93
19710624	0.01	14.86	0.78
19710625	3.73	14.52	0.7
19710626	0.12	13.3	0.7
19710627	8.06	12.79	0.61
19710628	1.02	12.19	0.75
19710629	0.24	14.56	0.6
19710630	0.0	16.99	0.57
19710701	0.0	16.87	0.5
19710702	0.01	17.19	0.4
19710703	0.0	16.7	0.44
19710704	0.0	18.84	0.4
19710705	0.0	17.75	0.39
19710706	0.0	17.45	0.37
19710707	0.0	18.61	0.34
19710708	0.0	21.33	0.32
19710709	0.0	21.43	0.35
19710710	0.0	18.08	0.32
19710711	0.0	20.48	0.3
19710712	0.0	16.05	0.3
19710713	0.0	13.41	0.29
19710714	0.0	17.38	0.27
19710715	0.0	17.19	0.28
19710716	0.0	14.11	0.29
19710717	0.0	12.39	0.29
19710718	0.0	12.42	0.27
19710719	0.01	15.33	0.27
19710720	0.02	16.79	0.27
19710721	0.05	15.14	0.27
19710722	0.02	17.28	0.27
19710723	0.24	17.52	0.27
19710724	1.47	17.12	0.26
19710725	6.12	16.87	0.27
19710726	0.08	16.39	0.27
19710727	12.99	16.66	0.32
19710728	8.0	15.63	0.75
19710729	0.0	16.36	0.5
19710730	2.65	19.76	0.35
19710731	0.0	15.76	0.29
19710801	2.48	17.36	0.27
19710802	8.4	16.23	0.25
19710803	6.1	17.63	0.46
19710804	9.2	16.54	0.42
19710805	0.9	16.13	0.49
19710806	2.83	15.79	0.36
19710807	1.84	13.25	0.33
19710808	0.01	17.11	0.3
19710809	0.07	17.29	0.28
19710810	2.59	15.24	0.33
19710811	0.04	15.6	0.28
19710812	10.24	15.6	0.28
19710813	4.67	16.65	0.37
19710814	6.58	15.67	0.54
19710815	0.02	13.52	0.44
19710816	0.02	14.55	0.33
19710817	0.02	16.72	0.29
19710818	0.2	19.04	0.25
19710819	0.9	19.85	0.24
19710820	24.07	15.79	0.38
19710821	3.27	17.07	1.43
19710822	0.34	17.54	0.7
19710823	0.0	18.08	0.41
19710824	0.01	15.7	0.34
19710825	0.49	16.18	0.29
19710826	3.85	16.88	0.28
19710827	0.15	16.14	0.29
19710828	0.13	17.52	0.27
19710829	0.13	13.94	0.26
19710830	0.36	14.68	0.25
19710831	0.07	15.47	0.24
19710901	0.26	13.81	0.23
19710902	0.01	15.22	0.2
19710903	0.01	13.88	0.18
19710904	0.0	15.56	0.19
19710905	0.0	14.46	0.18
19710906	0.0	15.65	0.16
19710907	0.0	15.15	0.14
19710908	0.0	16.33	0.17
19710909	0.0	14.07	0.19
19710910	0.0	14.03	0.21
19710911	0.0	12.59	0.16
19710912	0.0	12.72	0.16
19710913	0.0	12.34	0.14
19710914	0.0	12.11	0.15
19710915	0.0	9.77	0.15
19710916	0.0	11.11	0.15
19710917	0.0	11.04	0.17
19710918	0.0	12.02	0.13
19710919	0.03	12.54	0.16
19710920	0.0	13.88	0.18
19710921	0.0	15.75	0.16
19710922	0.0	15.82	0.16
19710923	0.34	15.09	0.16
19710924	0.55	15.43	0.17
19710925	4.55	14.79	0.19
19710926	5.76	14.08	0.21
19710927	1.79	12.13	0.26
19710928	0.0	11.59	0.22
19710929	0.0	15.56	0.2
19710930	0.01	14.07	0.19
19711001	0.0	13.82	0.16
19711002	0.0	15.16	0.15
19711003	0.35	14.23	0.18
19711004	0.06	11.85	0.19
19711005	0.01	8.9	0.17
19711006	0.0	8.92	0.67
19711007	0.0	9.91	0.16
19711008	0.0	12.76	0.17
19711009	0.0	13.49	0.16
19711010	0.0	15.51	0.18
19711011	0.09	15.69	0.2
19711012	1.02	14.02	0.19
19711013	19.52	8.5	0.2
19711014	0.01	6.44	0.32
19711015	0.06	8.88	0.22
19711016	10.9	11.22	0.18
19711017	9.0	12.69	0.54
19711018	1.11	15.69	0.38
19711019	17.06	12.61	1.16
19711020	0.94	11.93	0.84
19711021	0.0	15.0	0.31
19711022	0.0	13.5	0.26
19711023	0.03	12.06	0.22
19711024	0.01	12.71	0.22
19711025	0.0	10.03	0.22
19711026	0.0	9.52	0.2
19711027	0.0	7.99	0.17
19711028	0.0	7.73	0.17
19711029	0.0	9.29	0.19
19711030	0.0	9.75	0.16
19711031	0.04	10.3	0.26
19711101	0.03	10.69	0.2
19711102	0.01	9.62	0.18
19711103	0.01	10.28	0.16
19711104	0.02	11.4	0.17
19711105	5.52	7.93	0.2
19711106	0.01	3.65	0.2
19711107	7.03	6.98	0.19
19711108	0.08	5.22	0.28
19711109	0.0	2.81	0.27
19711110	0.02	3.67	0.2
19711111	0.0	4.51	0.16
19711112	0.25	6.94	0.15
19711113	0.67	5.21	0.19
19711114	0.01	5.05	0.19
19711115	0.0	7.75	0.2
19711116	0.05	8.36	0.2
19711117	0.5	9.61	0.18
19711118	8.74	6.3	0.27
19711119	0.01	0.86	0.31
19711120	18.54	5.37	0.66
19711121	1.05	6.36	1.57
19711122	1.38	1.3	0.47
19711123	0.98	1.58	0.42
19711124	0.26	1.89	0.34
19711125	2.48	6.09	0.32
19711126	1.3	9.22	0.34
19711127	5.47	9.26	0.37
19711128	0.03	3.2	0.65
19711129	0.29	2.4	0.54
19711130	0.0	3.51	0.43
19711201	0.12	1.84	0.32
19711202	0.32	4.15	0.35
19711203	0.03	3.02	0.31
19711204	0.0	3.71	0.29
19711205	0.01	5.64	0.28
19711206	0.0	6.78	0.29
19711207	0.0	4.15	0.27
19711208	0.0	4.68	0.22
19711209	0.0	6.34	0.22
19711210	0.0	7.24	0.23
19711211	0.0	7.89	0.22
19711212	0.01	8.01	0.22
19711213	0.0	6.84	0.21
19711214	0.06	8.01	0.24
19711215	0.19	10.32	0.2
19711216	0.0	7.44	0.21
19711217	0.0	7.0	0.19
19711218	0.69	8.59	0.21
19711219	9.56	9.48	0.59
19711220	2.75	11.13	0.52
19711221	0.07	11.75	0.41
19711222	1.67	9.59	0.37
19711223	0.05	6.03	0.36
19711224	0.01	6.64	0.35
19711225	0.19	7.15	0.31
19711226	0.02	7.38	0.22
19711227	0.26	6.34	0.26
19711228	0.53	2.4	0.24
19711229	4.37	1.31	0.28
19711230	7.89	2.03	0.57
19711231	0.16	3.37	1.05
19720101	1.5	2.25	0.7
19720102	1.5	1.91	0.51
19720103	1.54	2.83	0.5
19720104	1.4	2.44	0.5
19720105	0.01	1.5	0.46
19720106	0.26	1.85	0.43
19720107	6.72	3.48	0.49
19720108	0.47	5.79	0.92
19720109	0.26	6.25	0.69
19720110	13.94	7.98	0.66
19720111	14.79	5.31	3.93
19720112	0.54	7.01	2.87
19720113	4.8	7.24	1.64
19720114	0.08	6.61	1.44
19720115	2.91	6.52	1.13
19720116	6.87	6.22	1.34
19720117	1.06	2.99	2.16
19720118	5.65	4.56	1.13
19720119	0.18	3.77	1.88
19720120	0.03	1.25	1.15
19720121	0.04	2.05	0.87
19720122	0.44	4.72	0.72
19720123	5.06	7.8	0.71
19720124	8.45	2.62	2.91
19720125	4.46	3.25	1.72
19720126	5.89	6.79	2.68
19720127	3.43	4.54	2.18
19720128	0.49	1.38	1.45
19720129	1.8	-2.38	1.14
19720130	0.33	-6.02	0.93
19720131	0.59	-2.87	0.82
19720201	3.09	3.2	0.91
19720202	5.29	6.29	2.06
19720203	6.66	7.14	2.13
19720204	0.25	6.58	2.2
19720205	10.64	7.03	1.44
19720206	1.51	6.43	3.21
19720207	0.87	4.51	2.15
19720208	5.31	6.05	1.91
19720209	0.86	3.18	1.85
19720210	4.85	4.47	1.56
19720211	9.67	5.31	2.72
19720212	4.65	4.58	3.01
19720213	0.06	3.94	2.68
19720214	0.0	4.59	1.7
19720215	4.25	5.99	1.45
19720216	0.43	5.17	1.5
19720217	1.23	5.87	1.22
19720218	3.28	4.31	1.22
19720219	0.13	3.12	1.09
19720220	1.08	2.79	1.04
19720221	1.35	3.3	0.97
19720222	0.18	3.98	1.01
19720223	0.01	5.83	0.84
19720224	0.01	4.96	0.78
19720225	0.0	6.67	0.79
19720226	0.0	5.11	0.71
19720227	0.02	4.44	0.67
19720228	0.02	4.9	0.53
19720229	1.01	6.81	0.73
19720301	0.15	3.78	0.62
19720302	1.52	5.41	0.61
19720303	8.42	4.07	1.41
19720304	15.42	5.19	1.43
19720305	5.36	2.08	3.42
19720306	10.43	6.22	3.78
19720307	3.65	5.54	3.09
19720308	0.0	5.16	2.14
19720309	0.07	6.48	1.36
19720310	2.3	3.69	1.19
19720311	0.99	1.8	1.13
19720312	0.01	2.47	1.06
19720313	1.34	5.3	0.94
19720314	0.11	9.58	0.87
19720315	0.0	8.93	0.78
19720316	0.0	10.27	0.72
19720317	0.0	10.11	0.68
19720318	0.0	8.91	0.61
19720319	0.0	9.71	0.62
19720320	0.0	10.65	0.58
19720321	0.0	9.22	0.54
19720322	0.0	8.88	0.51
19720323	0.0	9.3	0.5
19720324	0.0	6.47	0.44
19720325	2.84	10.24	0.52
19720326	0.74	8.06	0.58
19720327	4.05	6.99	0.54
19720328	0.29	7.09	0.53
19720329	0.19	7.51	0.47
19720330	1.3	9.69	0.5
19720331	3.76	10.77	0.5
19720401	0.24	12.43	0.47
19720402	0.22	10.57	0.45
19720403	2.7	9.67	0.42
19720404	3.54	9.54	0.54
19720405	8.34	9.37	0.74
19720406	3.22	11.06	1.02
19720407	3.24	8.82	0.77
19720408	0.04	6.88	0.68
19720409	4.13	8.31	0.56
19720410	5.43	8.04	1.46
19720411	2.61	7.46	1.06
19720412	0.78	7.69	0.67
19720413	8.89	10.07	0.78
19720414	0.13	7.92	1.64
19720415	0.09	7.47	0.83
19720416	0.05	7.68	0.69
19720417	0.21	10.47	0.55
19720418	0.07	9.6	0.52
19720419	2.3	7.21	0.47
19720420	0.03	8.11	0.48
19720421	0.0	9.54	0.43
19720422	0.0	7.75	0.42
19720423	0.0	7.53	0.41
19720424	0.0	5.73	0.4
19720425	0.0	5.23	0.39
19720426	0.0	9.59	0.38
19720427	0.0	5.95	0.4
19720428	8.41	9.65	0.37
19720429	13.39	7.78	2.03
19720430	0.34	9.62	1.07
19720501	0.44	11.43	0.63
19720502	0.02	13.43	0.47
19720503	0.27	13.82	0.37
19720504	0.71	13.05	0.36
19720505	3.2	9.57	0.39
19720506	0.17	9.59	0.4
19720507	0.02	7.85	0.36
19720508	8.01	12.69	0.39
19720509	9.41	10.44	0.49
19720510	3.49	8.14	1.2
19720511	8.19	8.46	1.23
19720512	0.44	7.86	1.13
19720513	0.55	9.6	0.78
19720514	2.57	10.33	0.6
19720515	0.13	7.68	0.54
19720516	0.21	8.03	0.53
19720517	0.03	9.08	0.45
19720518	0.17	8.58	0.42
19720519	0.0	12.19	0.4
19720520	0.31	11.64	0.38
19720521	0.1	13.11	0.36
19720522	2.5	12.4	0.34
19720523	2.96	12.52	0.34
19720524	1.67	10.88	0.35
19720525	5.81	11.57	0.35
19720526	4.01	11.17	0.38
19720527	1.9	10.46	0.4
19720528	0.67	10.82	0.35
19720529	0.56	11.1	0.33
19720530	2.35	10.71	0.34
19720531	1.42	10.75	0.3
19720601	4.86	9.3	0.33
19720602	2.54	12.21	0.38
19720603	8.25	10.5	0.44
19720604	10.24	11.89	1.3
19720605	0.15	10.62	1.05
19720606	0.54	12.28	0.57
19720607	0.11	11.93	0.37
19720608	1.93	12.42	0.29
19720609	1.66	8.87	0.28
19720610	4.08	10.43	0.34
19720611	2.88	10.05	0.44
19720612	0.45	11.19	0.42
19720613	0.0	12.84	0.34
19720614	0.0	11.21	0.27
19720615	0.01	13.4	0.23
19720616	0.0	12.67	0.24
19720617	0.17	13.91	0.24
19720618	8.76	9.9	0.34
19720619	3.89	9.74	0.45
19720620	1.69	12.74	0.35
19720621	1.94	12.82	0.27
19720622	0.66	11.35	0.28
19720623	0.0	13.47	0.24
19720624	0.01	13.48	0.25
19720625	0.0	11.91	0.24
19720626	0.0	14.7	0.25
19720627	1.94	10.97	0.23
19720628	0.0	10.74	0.22
19720629	0.01	12.19	0.21
19720630	2.2	13.63	0.18
19720701	0.21	13.19	0.2
19720702	2.77	14.01	0.19
19720703	0.09	15.4	0.2
19720704	0.01	13.8	0.21
19720705	0.0	13.69	0.24
19720706	0.0	14.24	0.24
19720707	1.67	14.96	0.2
19720708	6.96	14.3	0.29
19720709	0.16	11.9	0.3
19720710	0.0	12.4	0.25
19720711	0.0	13.3	0.22
19720712	0.0	14.18	0.12
19720713	0.0	15.84	0.14
19720714	0.0	16.7	0.13
19720715	0.0	16.99	0.12
19720716	0.0	19.9	0.12
19720717	0.0	19.72	0.12
19720718	5.23	19.75	0.14
19720719	0.3	19.35	0.2
19720720	1.88	18.97	0.16
19720721	1.42	17.67	0.12
19720722	0.07	17.9	0.12
19720723	5.12	18.46	0.14
19720724	2.79	18.04	0.22
19720725	0.02	17.8	0.19
19720726	0.0	14.65	0.13
19720727	0.0	13.53	0.13
19720728	0.0	15.36	0.14
19720729	0.0	15.76	0.09
19720730	0.75	15.96	0.08
19720731	5.29	15.95	0.18
19720801	8.35	15.69	0.28
19720802	0.36	14.9	0.18
19720803	0.04	14.47	0.18
19720804	1.19	13.81	0.17
19720805	0.12	16.12	0.16
19720806	2.48	17.96	0.17
19720807	1.11	17.01	0.16
19720808	0.25	15.26	0.14
19720809	0.01	13.78	0.12
19720810	0.0	13.06	0.11
19720811	0.0	13.85	0.1
19720812	5.91	15.98	0.13
19720813	0.06	17.07	0.14
19720814	0.0	16.67	0.12
19720815	0.0	15.52	0.1
19720816	0.0	15.13	0.09
19720817	0.0	14.69	0.1
19720818	0.0	12.01	0.1
19720819	0.0	15.35	0.07
19720820	0.01	16.39	0.07
19720821	0.0	14.71	0.07
19720822	0.0	13.61	0.06
19720823	0.0	15.11	0.07
19720824	0.0	15.76	0.09
19720825	0.0	17.51	0.11
19720826	0.0	14.73	0.08
19720827	0.0	14.79	0.08
19720828	0.0	17.4	0.08
19720829	0.0	16.96	0.08
19720830	0.0	16.99	0.08
19720831	0.0	17.64	0.06
19720901	0.0	16.43	0.06
19720902	0.03	15.07	0.06
19720903	0.0	14.37	0.05
19720904	0.0	13.62	0.07
19720905	0.0	12.28	0.08
19720906	0.0	12.7	0.07
19720907	0.0	14.6	0.07
19720908	18.29	14.17	0.11
19720909	2.52	9.54	0.19
19720910	0.05	9.71	0.13
19720911	0.0	11.99	0.11
19720912	0.05	11.71	0.1
19720913	6.47	10.44	0.12
19720914	0.02	10.06	0.13
19720915	0.01	10.4	0.08
19720916	0.0	11.59	0.09
19720917	0.25	11.64	0.08
19720918	9.41	11.13	0.12
19720919	0.28	10.29	0.17
19720920	0.0	10.84	0.14
19720921	0.0	12.26	0.12
19720922	0.0	13.7	0.13
19720923	0.0	13.52	0.09
19720924	0.0	10.75	0.09
19720925	0.0	10.42	0.12
19720926	0.0	9.45	0.1
19720927	0.0	10.82	0.08
19720928	0.0	11.92	0.08
19720929	0.0	11.37	0.08
19720930	0.0	11.01	0.07
19721001	0.0	13.08	0.06
19721002	0.0	12.22	0.09
19721003	0.0	9.38	0.08
19721004	0.0	9.34	0.09
19721005	0.0	11.14	0.07
19721006	0.0	12.0	0.07
19721007	0.01	15.28	0.06
19721008	0.0	14.9	0.06
19721009	4.2	14.03	0.07
19721010	13.28	11.8	0.19
19721011	0.02	12.63	0.16
19721012	0.0	11.1	0.11
19721013	0.0	11.41	0.05
19721014	0.0	10.42	0.09
19721015	0.0	10.91	0.08
19721016	0.0	11.72	0.07
19721017	0.0	11.02	0.12
19721018	0.0	6.66	0.09
19721019	0.0	7.54	0.08
19721020	0.0	5.37	0.07
19721021	0.0	5.96	0.06
19721022	0.0	11.41	0.07
19721023	0.0	9.95	0.07
19721024	0.0	9.56	0.09
19721025	0.0	10.32	0.11
19721026	1.74	12.22	0.13
19721027	0.19	10.37	0.13
19721028	0.78	9.69	0.12
19721029	6.8	12.7	0.11
19721030	1.74	11.37	0.19
19721031	0.03	8.26	0.13
19721101	0.0	8.31	0.09
19721102	0.04	9.68	0.08
19721103	0.09	8.97	0.09
19721104	1.05	11.6	0.05
19721105	1.25	12.38	0.08
19721106	0.87	13.28	0.21
19721107	3.43	9.59	0.14
19721108	0.04	5.03	0.11
19721109	8.31	8.74	0.09
19721110	2.28	5.69	0.2
19721111	0.07	6.19	0.17
19721112	21.49	9.0	0.42
19721113	0.01	4.51	0.39
19721114	0.01	2.88	0.21
19721115	8.82	3.49	0.14
19721116	5.53	2.24	0.29
19721117	2.05	-0.1	0.4
19721118	4.75	2.69	0.29
19721119	11.95	7.25	0.54
19721120	2.27	8.08	1.01
19721121	0.03	6.39	0.46
19721122	0.0	4.81	0.28
19721123	0.0	3.79	0.17
19721124	0.0	2.0	0.13
19721125	2.88	2.42	0.12
19721126	0.05	3.05	0.15
19721127	0.47	6.6	0.14
19721128	0.4	4.77	0.12
19721129	7.27	7.11	0.22
19721130	1.16	7.04	0.4
19721201	11.23	10.26	0.43
19721202	2.1	6.49	0.77
19721203	1.76	6.71	0.77
19721204	13.43	6.72	1.46
19721205	13.19	9.78	1.98
19721206	10.92	8.63	3.45
19721207	9.23	6.71	2.85
19721208	21.05	5.36	3.52
19721209	4.53	6.16	3.97
19721210	2.23	5.28	2.94
19721211	9.14	6.42	1.71
19721212	12.89	9.8	3.19
19721213	2.59	11.67	5.63
19721214	0.02	8.14	2.86
19721215	4.4	7.09	1.63
19721216	0.14	8.0	1.57
19721217	0.01	6.54	1.24
19721218	0.01	5.4	0.9
19721219	0.04	2.6	0.82
19721220	0.0	2.5	0.61
19721221	0.0	0.6	0.55
19721222	0.02	1.51	0.54
19721223	2.19	3.66	0.54
19721224	0.16	5.04	0.53
19721225	0.05	4.81	0.54
19721226	0.63	7.8	0.49
19721227	0.13	9.75	0.48
19721228	0.01	6.88	0.47
19721229	0.0	6.44	0.4
19721230	0.0	0.95	0.38
19721231	0.0	0.78	0.37
19730101	0.01	2.11	0.34
19730102	0.04	4.47	0.33
19730103	0.19	7.98	0.34
19730104	0.25	6.92	0.33
19730105	0.02	3.0	0.31
19730106	0.0	4.79	0.3
19730107	0.06	4.17	0.3
19730108	0.08	3.3	0.29
19730109	0.0	1.73	0.3
19730110	0.0	3.41	0.29
19730111	0.0	2.38	0.25
19730112	0.0	0.29	0.29
19730113	2.15	3.84	0.28
19730114	11.91	7.34	0.33
19730115	4.5	3.15	3.18
19730116	0.07	3.29	1.06
19730117	0.02	3.23	0.62
19730118	0.05	2.01	0.52
19730119	0.56	2.73	0.47
19730120	5.84	2.71	0.78
19730121	0.05	0.93	0.78
19730122	2.03	3.77	0.53
19730123	0.32	8.73	0.54
19730124	0.06	7.94	0.52
19730125	0.12	7.11	0.48
19730126	3.32	7.51	0.48
19730127	0.01	4.41	0.53
19730128	0.03	6.18	0.44
19730129	0.01	8.26	0.39
19730130	0.86	4.17	0.4
19730131	0.17	3.9	0.32
19730201	0.01	2.85	0.35
19730202	0.01	4.86	0.32
19730203	0.01	1.82	0.29
19730204	0.0	2.42	0.28
19730205	0.01	5.87	0.28
19730206	0.0	7.75	0.29
19730207	0.01	8.18	0.3
19730208	4.93	6.36	0.35
19730209	0.15	4.36	0.43
19730210	1.24	3.6	0.39
19730211	4.71	5.36	0.34
19730212	7.54	4.31	1.97
19730213	9.21	1.56	1.24
19730214	3.18	-0.42	2.65
19730215	0.02	0.35	1.22
19730216	0.09	0.72	1.16
19730217	0.0	2.0	1.01
19730218	0.08	4.24	0.87
19730219	0.6	7.18	0.85
19730220	0.01	9.11	0.73
19730221	0.95	6.03	0.71
19730222	0.07	5.24	0.43
19730223	0.19	3.65	0.44
19730224	0.0	1.93	0.41
19730225	0.01	1.31	0.4
19730226	0.01	1.04	0.36
19730227	0.02	2.83	0.31
19730228	0.01	5.04	0.38
19730301	3.47	3.56	0.39
19730302	0.01	6.71	0.41
19730303	0.0	7.68	0.38
19730304	0.01	6.92	0.31
19730305	0.58	6.14	0.29
19730306	5.1	3.86	0.36
19730307	0.01	3.89	0.42
19730308	0.01	4.94	0.37
19730309	0.0	5.39	0.36
19730310	0.0	3.36	0.35
19730311	0.0	4.12	0.34
19730312	0.0	5.0	0.34
19730313	0.9	5.33	0.32
19730314	0.0	4.92	0.34
19730315	0.0	5.26	0.31
19730316	0.0	4.06	0.33
19730317	0.0	5.82	0.29
19730318	0.0	8.1	0.3
19730319	0.0	7.67	0.27
19730320	0.0	6.09	0.25
19730321	0.0	5.8	0.29
19730322	0.0	5.87	0.28
19730323	0.0	9.82	0.26
19730324	9.45	7.97	0.38
19730325	0.33	4.91	0.41
19730326	0.26	4.51	0.33
19730327	0.0	5.95	0.3
19730328	0.0	5.61	0.29
19730329	0.0	6.87	0.25
19730330	1.66	4.12	0.25
19730331	0.0	8.46	0.27
19730401	16.37	8.53	0.28
19730402	1.45	5.32	1.62
19730403	0.16	4.8	1.37
19730404	0.72	7.39	0.43
19730405	0.02	7.85	0.39
19730406	0.0	6.69	0.34
19730407	0.54	6.29	0.33
19730408	0.5	4.11	0.3
19730409	0.02	3.44	0.27
19730410	0.21	6.93	0.24
19730411	0.7	4.67	0.29
19730412	0.09	5.08	0.27
19730413	0.0	6.13	0.26
19730414	0.0	8.68	0.24
19730415	0.01	10.33	0.24
19730416	0.01	9.72	0.21
19730417	0.0	9.96	0.24
19730418	0.83	8.2	0.23
19730419	0.5	5.52	0.27
19730420	0.1	5.43	0.24
19730421	5.97	5.29	0.25
19730422	7.71	5.73	0.43
19730423	3.88	5.67	0.63
19730424	0.01	10.47	0.49
19730425	0.0	7.4	0.36
19730426	0.0	8.39	0.29
19730427	0.0	11.6	0.27
19730428	4.3	10.1	0.27
19730429	1.97	8.61	0.34
19730430	8.49	9.75	0.62
19730501	0.01	5.69	0.52
19730502	1.07	10.0	0.37
19730503	23.71	11.73	1.98
19730504	3.45	10.02	3.14
19730505	4.3	9.78	1.71
19730506	4.99	7.44	1.93
19730507	2.26	8.53	1.44
19730508	0.14	10.94	0.88
19730509	1.24	11.31	0.63
19730510	0.01	8.92	0.55
19730511	0.0	8.24	0.48
19730512	0.01	10.39	0.37
19730513	2.45	10.19	0.38
19730514	3.0	6.42	0.4
19730515	0.0	9.28	0.39
19730516	0.0	11.55	0.38
19730517	0.05	11.43	0.36
19730518	0.03	14.99	0.33
19730519	0.84	14.32	0.32
19730520	0.66	13.27	0.33
19730521	11.14	12.15	0.67
19730522	3.5	14.46	0.34
19730523	4.39	12.95	0.39
19730524	0.01	11.93	0.4
19730525	0.0	14.14	0.34
19730526	0.0	16.05	0.3
19730527	0.18	17.96	0.24
19730528	1.86	14.08	0.28
19730529	4.72	13.3	0.28
19730530	4.23	13.58	0.3
19730531	1.53	12.17	0.33
19730601	0.03	10.06	0.3
19730602	1.78	12.25	0.25
19730603	0.05	11.05	0.23
19730604	0.0	11.53	0.23
19730605	0.0	11.02	0.19
19730606	0.0	13.25	0.21
19730607	0.0	14.96	0.16
19730608	0.0	17.17	0.16
19730609	0.0	17.27	0.15
19730610	0.0	15.9	0.18
19730611	0.0	13.7	0.15
19730612	0.0	15.02	0.14
19730613	0.0	11.75	0.13
19730614	0.0	11.66	0.11
19730615	0.0	16.16	0.11
19730616	0.0	18.04	0.11
19730617	0.0	15.94	0.09
19730618	0.0	16.51	0.1
19730619	40.28	16.31	0.42
19730620	11.23	14.19	2.58
19730621	0.0	15.8	0.64
19730622	0.0	15.83	0.34
19730623	0.0	16.41	0.23
19730624	0.04	17.27	0.18
19730625	0.0	17.65	0.15
19730626	3.25	19.82	0.18
19730627	11.38	17.83	0.21
19730628	0.01	14.74	0.38
19730629	0.0	15.04	0.24
19730630	0.0	17.0	0.15
19730701	0.0	19.61	0.15
19730702	0.0	15.86	0.13
19730703	0.0	15.83	0.13
19730704	0.0	18.19	0.12
19730705	1.8	19.83	0.11
19730706	7.52	17.88	0.19
19730707	0.08	14.74	0.2
19730708	0.0	12.77	0.12
19730709	0.0	14.73	0.11
19730710	0.0	18.22	0.09
19730711	0.05	17.02	0.11
19730712	0.0	17.39	0.1
19730713	0.04	16.66	0.11
19730714	6.75	18.0	0.1
19730715	9.47	14.07	0.25
19730716	2.23	15.17	0.27
19730717	0.48	14.65	0.2
19730718	0.33	16.71	0.14
19730719	1.75	15.61	0.14
19730720	9.94	14.91	0.2
19730721	0.49	15.43	0.22
19730722	0.48	13.24	0.14
19730723	1.01	11.13	0.14
19730724	0.0	13.89	0.12
19730725	0.07	15.2	0.1
19730726	0.0	14.79	0.13
19730727	0.0	15.41	0.09
19730728	0.02	14.52	0.09
19730729	0.02	17.32	0.09
19730730	0.0	15.16	0.1
19730731	0.0	15.96	0.1
19730801	0.73	18.72	0.08
19730802	0.03	20.45	0.09
19730803	0.12	17.82	0.08
19730804	2.61	17.22	0.08
19730805	4.71	16.64	0.1
19730806	13.76	14.76	0.14
19730807	3.55	13.87	0.26
19730808	0.01	14.46	0.16
19730809	0.0	15.36	0.11
19730810	0.0	16.62	0.09
19730811	0.0	19.99	0.09
19730812	0.0	19.2	0.09
19730813	0.0	20.15	0.07
19730814	0.0	20.88	0.06
19730815	0.0	20.71	0.07
19730816	0.0	21.99	0.06
19730817	0.0	19.7	0.06
19730818	0.0	17.43	0.06
19730819	0.0	18.39	0.05
19730820	0.06	19.5	0.06
19730821	0.25	15.48	0.05
19730822	0.02	16.78	0.06
19730823	0.0	17.48	0.05
19730824	0.0	16.51	0.05
19730825	0.0	17.07	0.05
19730826	0.04	16.6	0.04
19730827	2.51	19.27	0.05
19730828	0.02	17.53	0.05
19730829	0.42	16.58	0.07
19730830	0.03	14.68	0.06
19730831	0.08	16.38	0.05
19730901	1.27	18.46	0.05
19730902	0.3	18.28	0.05
19730903	0.01	17.94	0.05
19730904	0.0	18.24	0.06
19730905	0.0	20.16	0.05
19730906	0.0	17.96	0.05
19730907	0.0	18.81	0.04
19730908	0.05	19.29	0.04
19730909	0.0	19.22	0.03
19730910	0.0	12.48	0.04
19730911	0.0	12.74	0.07
19730912	0.0	14.85	0.05
19730913	0.0	15.71	0.03
19730914	0.0	16.66	0.03
19730915	22.58	19.86	0.13
19730916	0.99	18.03	0.28
19730917	3.53	12.02	0.15
19730918	7.42	15.48	0.13
19730919	0.05	12.21	0.22
19730920	49.27	13.26	0.49
19730921	0.41	10.43	2.06
19730922	0.11	9.37	0.27
19730923	2.21	11.49	0.14
19730924	0.01	12.44	0.12
19730925	0.01	12.53	0.09
19730926	3.72	9.77	0.11
19730927	8.13	12.54	0.12
19730928	1.46	11.72	0.25
19730929	0.02	11.08	0.18
19730930	0.13	9.09	0.12
19731001	0.0	10.32	0.09
19731002	0.49	13.68	0.08
19731003	0.29	13.25	0.08
19731004	0.03	14.07	0.08
19731005	0.0	14.81	0.08
19731006	7.79	14.46	0.3
19731007	0.45	12.86	0.29
19731008	0.0	13.42	0.15
19731009	0.08	14.17	0.17
19731010	1.82	11.65	0.08
19731011	0.09	6.21	0.15
19731012	0.28	9.47	0.09
19731013	0.01	8.8	0.09
19731014	2.47	9.99	0.08
19731015	18.83	10.1	0.14
19731016	1.19	6.3	1.03
19731017	0.0	5.54	0.22
19731018	0.06	7.71	0.13
19731019	2.64	8.82	0.13
19731020	0.3	10.51	0.14
19731021	0.02	6.63	0.12
19731022	1.53	8.22	0.11
19731023	0.0	7.57	0.12
19731024	0.0	8.18	0.12
19731025	0.0	7.35	0.12
19731026	0.0	8.67	0.09
19731027	0.01	6.11	0.1
19731028	0.0	8.11	0.12
19731029	0.0	7.12	0.14
19731030	0.0	6.1	0.13
19731031	0.0	8.43	0.1
19731101	0.01	9.14	0.1
19731102	0.02	11.85	0.1
19731103	1.72	12.43	0.09
19731104	10.45	10.72	0.09
19731105	0.08	5.44	0.31
19731106	0.01	4.07	0.22
19731107	0.0	7.89	0.11
19731108	0.0	12.23	0.16
19731109	1.69	11.04	0.11
19731110	2.23	7.55	0.09
19731111	0.01	5.2	0.13
19731112	0.3	10.04	0.14
19731113	0.12	8.25	0.1
19731114	8.16	9.61	0.1
19731115	3.35	7.84	0.34
19731116	0.17	2.83	0.29
19731117	0.01	2.69	0.22
19731118	0.03	6.92	0.16
19731119	0.0	5.14	0.16
19731120	0.0	3.31	0.13
19731121	0.01	3.87	0.13
19731122	0.01	4.8	0.17
19731123	0.13	8.81	0.08
19731124	0.2	6.98	0.12
19731125	0.32	2.32	0.11
19731126	0.0	-1.07	0.12
19731127	0.0	-2.0	0.1
19731128	8.11	1.06	0.11
19731129	0.01	-0.02	0.26
19731130	0.0	-1.13	0.19
19731201	0.4	-0.54	0.15
19731202	0.57	1.39	0.12
19731203	0.02	7.35	0.12
19731204	0.0	9.84	0.15
19731205	0.01	8.41	0.15
19731206	1.02	7.17	0.13
19731207	7.55	7.12	0.18
19731208	0.38	1.73	0.42
19731209	0.01	0.95	0.29
19731210	1.99	5.33	0.21
19731211	1.12	3.6	0.24
19731212	0.66	5.93	0.24
19731213	0.01	8.24	0.2
19731214	0.25	3.22	0.18
19731215	2.69	4.65	0.15
19731216	1.82	5.92	0.21
19731217	0.01	2.28	0.25
19731218	0.27	4.32	0.2
19731219	5.26	6.41	0.21
19731220	10.09	8.44	0.79
19731221	8.66	7.17	1.97
19731222	2.97	5.91	1.85
19731223	1.95	5.54	1.32
19731224	0.03	3.39	0.69
19731225	3.58	3.92	0.49
19731226	0.24	7.99	0.48
19731227	0.02	8.84	0.47
19731228	0.45	8.88	0.44
19731229	0.27	7.52	0.42
19731230	0.94	2.43	0.4
19731231	0.01	1.09	0.35
19740101	0.02	0.41	0.29
19740102	0.03	1.96	0.29
19740103	0.72	5.21	0.29
19740104	8.7	8.48	0.39
19740105	14.15	7.79	2.1
19740106	6.64	8.32	3.48
19740107	1.49	6.57	2.56
19740108	8.4	4.91	2.69
19740109	1.15	3.01	2.0
19740110	18.87	8.43	2.32
19740111	2.93	8.73	3.46
19740112	7.01	9.23	3.07
19740113	4.74	6.77	3.29
19740114	3.48	9.16	2.47
19740115	4.24	8.6	2.28
19740116	4.86	7.2	3.19
19740117	0.08	6.93	2.2
19740118	0.0	8.87	1.5
19740119	0.0	7.64	1.3
19740120	0.0	6.32	1.05
19740121	0.39	5.41	0.9
19740122	3.69	7.88	0.85
19740123	4.82	7.4	1.03
19740124	0.03	6.07	1.27
19740125	0.26	7.15	0.99
19740126	7.03	5.5	1.39
19740127	7.18	6.72	1.87
19740128	2.53	5.85	2.78
19740129	0.47	5.68	1.81
19740130	0.9	5.81	1.23
19740131	0.53	7.44	0.85
19740201	1.45	8.56	0.91
19740202	2.94	4.0	1.09
19740203	1.27	5.89	1.01
19740204	6.45	4.83	1.21
19740205	8.27	4.14	1.9
19740206	1.01	3.32	3.33
19740207	2.32	2.28	1.5
19740208	15.01	7.45	2.74
19740209	1.97	9.15	3.77
19740210	41.25	9.63	9.72
19740211	0.86	7.76	24.54
19740212	10.9	7.3	5.48
19740213	6.61	3.46	8.54
19740214	27.04	5.74	7.4
19740215	0.62	8.83	16.21
19740216	0.03	6.33	4.81
19740217	0.0	6.07	2.63
19740218	0.04	5.57	1.85
19740219	0.54	3.11	1.71
19740220	0.27	4.33	1.23
19740221	0.02	9.23	1.43
19740222	0.69	4.72	1.56
19740223	0.0	4.37	1.55
19740224	0.0	4.27	1.54
19740225	0.41	5.65	1.44
19740226	0.0	4.07	0.96
19740227	0.25	1.78	0.96
19740228	10.14	2.76	1.12
19740301	0.11	2.71	2.5
19740302	0.0	2.87	1.63
19740303	0.04	2.97	1.31
19740304	0.0	3.5	1.07
19740305	0.0	1.97	1.04
19740306	0.0	4.45	0.91
19740307	0.0	5.92	0.85
19740308	0.05	4.52	0.88
19740309	8.54	2.73	0.84
19740310	0.69	3.26	1.49
19740311	3.97	4.64	1.21
19740312	0.5	3.47	1.33
19740313	0.01	4.47	1.09
19740314	2.36	4.58	1.0
19740315	5.87	7.83	2.13
19740316	0.02	9.86	1.9
19740317	9.62	7.26	1.63
19740318	0.65	8.04	2.74
19740319	0.05	6.61	1.63
19740320	0.01	5.84	1.13
19740321	0.0	7.54	1.09
19740322	0.0	9.23	0.93
19740323	0.0	7.51	0.85
19740324	0.08	7.41	0.82
19740325	0.03	10.7	0.8
19740326	0.0	8.24	0.75
19740327	0.04	6.55	0.77
19740328	0.15	7.44	0.75
19740329	0.02	8.48	0.72
19740330	0.0	8.12	0.67
19740331	0.01	8.39	0.62
19740401	0.0	9.65	0.68
19740402	0.0	9.9	0.65
19740403	0.0	12.39	0.54
19740404	0.0	11.9	0.76
19740405	0.0	10.47	0.54
19740406	0.0	10.91	0.57
19740407	0.0	11.66	0.53
19740408	0.0	11.52	0.53
19740409	0.0	11.09	0.52
19740410	0.02	13.25	0.5
19740411	0.16	9.26	0.58
19740412	1.32	10.95	0.61
19740413	0.0	6.87	0.6
19740414	0.0	6.56	0.49
19740415	0.0	8.02	0.5
19740416	0.0	9.76	0.47
19740417	0.0	6.25	0.44
19740418	0.0	8.33	0.42
19740419	0.0	5.39	0.36
19740420	0.0	8.46	0.35
19740421	0.0	7.08	0.32
19740422	0.0	5.95	0.32
19740423	0.0	7.6	0.31
19740424	0.03	5.85	0.33
19740425	9.24	6.19	0.4
19740426	0.03	6.69	0.65
19740427	4.05	7.09	0.47
19740428	0.54	5.78	0.54
19740429	0.0	7.06	0.43
19740430	0.03	8.47	0.38
19740501	0.35	7.15	0.36
19740502	3.53	8.88	0.33
19740503	0.03	9.31	0.43
19740504	0.0	9.42	0.42
19740505	0.26	7.5	0.31
19740506	0.02	5.58	0.3
19740507	0.0	7.04	0.3
19740508	0.02	7.86	0.31
19740509	7.68	11.36	0.24
19740510	1.47	11.84	0.27
19740511	0.16	10.69	0.24
19740512	1.05	12.37	0.22
19740513	3.58	9.78	0.23
19740514	0.0	9.27	0.21
19740515	0.0	13.19	0.17
19740516	0.04	15.36	0.16
19740517	0.0	11.59	0.15
19740518	0.01	14.28	0.15
19740519	0.0	13.64	0.15
19740520	0.0	13.42	0.15
19740521	0.0	12.77	0.14
19740522	0.09	12.83	0.14
19740523	6.95	10.48	0.11
19740524	0.05	11.98	0.17
19740525	0.0	8.78	0.15
19740526	0.0	12.39	0.15
19740527	0.0	13.37	0.15
19740528	0.01	10.91	0.14
19740529	0.0	10.42	0.15
19740530	1.93	13.29	0.14
19740531	0.12	10.9	0.14
19740601	0.05	14.98	0.14
19740602	3.3	12.8	0.14
19740603	0.13	12.39	0.15
19740604	0.0	12.44	0.14
19740605	1.05	14.21	0.12
19740606	1.38	10.59	0.12
19740607	8.55	11.63	0.11
19740608	2.39	10.07	0.16
19740609	9.4	9.83	0.21
19740610	0.05	12.34	0.27
19740611	0.0	17.26	0.19
19740612	0.0	13.17	0.15
19740613	0.0	14.03	0.1
19740614	0.01	17.78	0.1
19740615	0.0	16.8	0.09
19740616	0.23	17.43	0.08
19740617	0.02	13.95	0.08
19740618	0.0	14.3	0.08
19740619	0.15	13.26	0.08
19740620	0.0	16.13	0.09
19740621	0.0	15.75	0.09
19740622	0.0	16.17	0.09
19740623	0.0	15.51	0.09
19740624	0.0	16.33	0.09
19740625	24.01	14.31	0.09
19740626	14.96	14.12	1.1
19740627	18.82	13.37	1.62
19740628	3.85	14.13	0.71
19740629	1.0	16.19	0.21
19740630	1.39	16.08	0.22
19740701	0.05	13.25	0.16
19740702	10.61	15.44	0.19
19740703	0.6	14.11	0.25
19740704	0.41	14.95	0.19
19740705	0.26	16.05	0.18
19740706	0.0	14.41	0.14
19740707	0.0	17.45	0.13
19740708	0.0	17.19	0.13
19740709	0.0	17.42	0.11
19740710	1.27	15.79	0.12
19740711	1.78	12.68	0.11
19740712	7.08	14.85	0.13
19740713	4.39	11.95	0.21
19740714	3.32	14.84	0.19
19740715	12.85	13.97	0.3
19740716	2.77	14.44	0.41
19740717	0.23	12.39	0.24
19740718	0.0	13.36	0.17
19740719	0.06	18.21	0.14
19740720	0.0	16.57	0.12
19740721	0.01	17.19	0.11
19740722	1.24	17.35	0.09
19740723	0.23	16.11	0.1
19740724	18.79	12.52	0.45
19740725	0.0	16.76	0.29
19740726	0.41	15.68	0.16
19740727	0.0	14.96	0.12
19740728	0.0	14.95	0.12
19740729	0.0	15.93	0.1
19740730	0.0	17.47	0.16
19740731	0.68	17.44	0.06
19740801	0.31	14.91	0.09
19740802	0.02	13.83	0.09
19740803	8.79	16.06	0.08
19740804	1.0	14.88	0.15
19740805	0.01	14.21	0.14
19740806	0.0	15.73	0.09
19740807	2.93	18.42	0.08
19740808	5.06	17.13	0.09
19740809	9.01	16.67	0.13
19740810	7.53	14.9	0.24
19740811	8.97	16.98	0.19
19740812	3.17	16.21	0.34
19740813	0.07	16.48	0.24
19740814	0.01	19.09	0.16
19740815	0.02	18.51	0.12
19740816	0.03	15.65	0.11
19740817	0.11	15.12	0.11
19740818	15.03	13.17	0.27
19740819	0.05	14.42	0.35
19740820	0.0	14.24	0.15
19740821	0.0	15.34	0.13
19740822	0.0	16.59	0.11
19740823	0.0	17.31	0.08
19740824	0.01	16.88	0.08
19740825	1.67	17.63	0.08
19740826	1.49	13.59	0.09
19740827	0.01	11.92	0.09
19740828	0.0	14.36	0.07
19740829	0.0	15.12	0.08
19740830	7.08	14.64	0.07
19740831	5.71	14.87	0.12
19740901	7.92	13.29	0.26
19740902	16.81	15.27	0.43
19740903	2.09	14.18	0.99
19740904	39.7	14.43	0.88
19740905	14.49	13.23	11.77
19740906	6.53	14.24	3.46
19740907	3.92	13.75	1.63
19740908	3.94	13.65	0.95
19740909	2.92	11.2	1.05
19740910	0.51	12.19	0.72
19740911	1.18	15.8	0.53
19740912	6.71	17.76	0.74
19740913	0.25	12.48	0.72
19740914	0.02	14.86	0.53
19740915	18.34	15.56	1.68
19740916	0.01	13.93	2.7
19740917	0.0	13.19	0.91
19740918	0.0	10.61	0.44
19740919	0.0	11.59	0.46
19740920	0.04	12.49	0.37
19740921	3.24	9.8	0.43
19740922	11.7	11.54	0.39
19740923	13.57	11.88	2.82
19740924	10.37	10.35	2.3
19740925	3.04	9.76	3.21
19740926	20.7	11.34	1.82
19740927	12.72	10.25	15.31
19740928	1.25	8.71	6.51
19740929	0.12	7.13	2.03
19740930	0.01	7.81	1.18
19741001	0.53	8.66	0.84
19741002	14.39	7.27	2.06
19741003	4.91	8.93	3.05
19741004	3.67	7.55	2.26
19741005	0.05	8.24	2.26
19741006	12.09	6.73	3.09
19741007	7.1	7.38	3.89
19741008	0.87	8.31	2.61
19741009	0.13	7.67	1.39
19741010	0.61	7.06	1.21
19741011	0.54	6.67	1.01
19741012	0.01	5.45	0.99
19741013	0.03	6.05	0.98
19741014	0.01	7.02	0.98
19741015	12.6	8.97	1.01
19741016	2.44	9.37	2.86
19741017	0.09	7.66	1.69
19741018	20.8	8.76	8.38
19741019	8.55	8.51	7.82
19741020	1.98	6.61	3.57
19741021	3.58	7.2	2.25
19741022	2.21	8.7	2.0
19741023	0.16	7.63	1.77
19741024	0.01	7.91	1.35
19741025	0.0	9.88	1.11
19741026	0.02	10.52	1.08
19741027	0.02	8.2	0.98
19741028	0.01	6.78	0.9
19741029	0.14	5.14	0.78
19741030	0.58	3.31	0.74
19741031	1.09	4.29	0.74
19741101	0.79	6.9	0.75
19741102	9.66	8.78	0.75
19741103	2.06	6.17	1.93
19741104	0.07	6.65	1.05
19741105	0.0	4.8	1.01
19741106	1.56	7.5	0.62
19741107	3.56	9.3	0.66
19741108	2.05	10.08	0.91
19741109	2.95	9.05	1.29
19741110	1.97	9.34	1.33
19741111	13.1	7.03	3.07
19741112	2.25	6.23	2.93
19741113	30.12	10.21	9.14
19741114	4.29	9.97	12.57
19741115	13.44	9.36	4.62
19741116	7.57	6.61	8.97
19741117	21.14	8.83	5.98
19741118	3.59	5.49	15.75
19741119	13.57	4.72	5.98
19741120	14.32	8.62	9.58
19741121	37.36	10.29	19.51
19741122	1.82	9.43	27.74
19741123	0.57	7.27	6.21
19741124	1.15	7.46	3.43
19741125	0.03	6.1	2.53
19741126	0.26	4.42	1.15
19741127	0.27	7.59	1.6
19741128	0.02	6.56	1.55
19741129	4.25	7.12	1.3
19741130	0.24	9.11	1.4
19741201	0.05	10.78	1.29
19741202	0.08	11.21	1.16
19741203	0.01	10.5	1.09
19741204	0.18	8.24	1.02
19741205	0.01	7.79	0.97
19741206	0.0	9.21	0.78
19741207	0.0	10.77	0.81
19741208	0.01	9.06	0.81
19741209	0.07	5.16	0.8
19741210	3.53	5.45	0.71
19741211	4.68	3.29	0.79
19741212	2.94	5.09	1.5
19741213	0.09	4.78	1.15
19741214	0.04	5.83	0.93
19741215	0.6	6.18	0.84
19741216	1.3	7.82	0.82
19741217	0.0	5.71	0.82
19741218	0.02	6.56	0.73
19741219	0.06	9.24	0.66
19741220	0.01	10.14	0.65
19741221	0.9	9.76	0.65
19741222	1.06	10.13	0.65
19741223	11.11	8.86	0.68
19741224	4.15	5.62	2.46
19741225	17.66	9.65	6.92
19741226	11.8	9.85	5.73
19741227	1.95	10.65	5.65
19741228	0.16	12.06	2.58
19741229	0.05	6.33	1.91
19741230	0.0	4.47	1.14
19741231	0.02	7.4	1.2
19750101	1.56	8.1	1.17
19750102	0.06	7.45	1.06
19750103	0.02	4.72	1.04
19750104	0.01	4.8	0.98
19750105	0.01	8.28	0.95
19750106	1.7	7.71	0.85
19750107	1.75	7.55	0.89
19750108	0.01	8.04	0.88
19750109	0.0	8.43	0.88
19750110	0.05	8.3	0.81
19750111	0.3	8.77	0.79
19750112	1.26	7.49	0.74
19750113	0.05	8.56	0.69
19750114	2.8	9.82	0.69
19750115	1.14	9.83	0.77
19750116	20.11	5.89	1.31
19750117	6.06	5.63	5.68
19750118	12.47	3.1	6.68
19750119	10.74	4.47	3.51
19750120	20.92	5.11	12.41
19750121	5.55	6.5	5.98
19750122	8.22	7.02	6.39
19750123	2.62	6.23	4.43
19750124	8.54	7.15	3.13
19750125	1.51	5.08	4.08
19750126	17.46	6.28	3.28
19750127	7.89	5.78	14.23
19750128	11.05	6.11	8.83
19750129	4.17	7.9	6.49
19750130	0.99	10.38	3.96
19750131	5.93	6.35	3.83
19750201	0.01	8.38	2.93
19750202	0.0	8.13	2.56
19750203	0.0	4.31	2.2
19750204	0.0	2.27	2.02
19750205	0.0	2.69	1.8
19750206	0.0	4.72	1.47
19750207	0.0	5.46	1.45
19750208	0.0	4.1	1.37
19750209	0.02	3.58	1.35
19750210	2.69	5.25	1.21
19750211	9.61	7.5	1.45
19750212	2.52	7.83	2.17
19750213	2.95	4.44	2.11
19750214	1.17	5.03	1.52
19750215	1.03	2.54	1.39
19750216	0.58	4.9	1.3
19750217	0.59	7.68	1.26
19750218	10.86	5.61	2.2
19750219	0.01	4.43	2.82
19750220	0.0	4.22	1.44
19750221	0.0	2.47	1.42
19750222	0.0	5.76	1.22
19750223	0.02	5.27	1.21
19750224	0.0	5.84	1.2
19750225	0.0	4.93	1.17
19750226	0.0	3.8	0.79
19750227	0.0	4.73	0.8
19750228	0.0	7.36	0.8
19750301	1.46	9.78	0.8
19750302	3.92	9.32	0.77
19750303	0.38	6.97	0.9
19750304	2.95	8.45	0.91
19750305	0.19	5.28	0.91
19750306	8.3	7.95	1.24
19750307	6.02	5.91	2.96
19750308	15.1	6.42	3.58
19750309	2.69	5.58	4.02
19750310	0.31	4.28	2.47
19750311	0.14	6.69	1.5
19750312	1.13	5.83	1.5
19750313	5.11	4.2	1.28
19750314	0.2	3.59	1.87
19750315	0.99	3.51	1.27
19750316	0.11	2.23	1.19
19750317	0.62	2.79	0.82
19750318	0.7	2.34	0.8
19750319	11.56	3.15	1.68
19750320	2.75	4.7	3.28
19750321	8.09	5.6	2.28
19750322	0.43	5.94	3.76
19750323	0.01	6.91	2.13
19750324	0.0	5.17	1.22
19750325	0.0	6.28	1.05
19750326	8.05	4.94	1.17
19750327	11.25	0.95	3.8
19750328	0.29	1.9	3.11
19750329	4.32	3.0	2.28
19750330	1.06	2.85	1.89
19750331	0.24	4.95	1.56
19750401	3.58	5.8	1.16
19750402	4.77	3.86	1.99
19750403	0.92	3.3	1.61
19750404	1.67	2.02	1.48
19750405	0.03	1.5	1.41
19750406	0.74	3.05	1.25
19750407	1.3	4.7	1.08
19750408	1.46	3.32	1.06
19750409	0.24	1.9	1.03
19750410	2.12	5.87	0.89
19750411	0.01	8.72	0.92
19750412	0.0	9.3	0.93
19750413	0.1	11.27	0.93
19750414	5.56	8.88	0.91
19750415	1.63	9.19	0.94
19750416	2.51	10.84	0.84
19750417	2.64	10.53	0.9
19750418	22.64	11.24	4.84
19750419	0.0	8.07	6.59
19750420	0.0	10.33	1.24
19750421	0.0	9.85	0.81
19750422	0.0	14.64	0.55
19750423	0.0	9.82	0.93
19750424	0.0	12.25	0.93
19750425	0.0	11.9	0.88
19750426	0.0	11.04	0.87
19750427	0.0	13.03	0.85
19750428	0.0	12.55	0.77
19750429	0.02	7.5	0.76
19750430	0.0	9.93	0.73
19750501	0.0	10.93	0.68
19750502	2.05	9.49	0.65
19750503	0.0	8.29	0.65
19750504	0.0	8.14	0.62
19750505	0.0	9.75	0.62
19750506	0.22	10.31	0.58
19750507	9.17	10.93	0.66
19750508	3.53	11.78	0.67
19750509	0.23	9.84	0.7
19750510	0.01	10.62	0.7
19750511	0.02	7.71	0.68
19750512	6.51	10.86	0.55
19750513	1.6	10.8	0.74
19750514	0.08	9.31	0.65
19750515	7.89	10.94	0.6
19750516	28.81	8.67	3.39
19750517	1.69	8.51	8.03
19750518	0.06	10.03	0.76
19750519	0.0	9.98	1.22
19750520	0.0	13.05	1.08
19750521	0.0	9.34	0.78
19750522	0.18	6.61	0.73
19750523	0.0	7.27	0.75
19750524	0.36	8.53	0.75
19750525	0.08	11.19	0.75
19750526	0.0	12.55	0.73
19750527	0.01	14.11	0.65
19750528	0.0	12.89	0.64
19750529	0.07	9.88	0.54
19750530	0.0	5.8	0.55
19750531	0.03	7.58	0.53
19750601	0.36	8.58	0.5
19750602	8.08	8.88	0.64
19750603	0.0	8.41	0.57
19750604	0.06	10.22	0.49
19750605	0.0	13.83	0.48
19750606	0.0	16.85	0.44
19750607	0.0	15.85	0.39
19750608	0.0	15.38	0.38
19750609	0.0	15.64	0.37
19750610	0.0	17.54	0.34
19750611	0.0	17.72	0.34
19750612	0.0	17.76	0.28
19750613	0.0	18.31	0.27
19750614	0.02	17.68	0.27
19750615	0.33	11.97	0.27
19750616	2.34	11.99	0.27
19750617	4.2	12.36	0.37
19750618	0.0	15.33	0.32
19750619	0.0	13.65	0.28
19750620	0.0	15.54	0.27
19750621	0.0	18.92	0.26
19750622	0.0	17.47	0.25
19750623	1.36	16.56	0.23
19750624	0.0	17.89	0.23
19750625	0.0	12.29	0.23
19750626	0.0	18.11	0.23
19750627	0.0	13.97	0.23
19750628	0.0	9.96	0.22
19750629	0.0	13.53	0.21
19750630	0.0	15.32	0.2
19750701	0.0	14.07	0.2
19750702	0.0	14.81	0.2
19750703	0.0	17.31	0.2
19750704	0.97	15.16	0.19
19750705	0.01	14.29	0.19
19750706	0.0	16.15	0.19
19750707	14.41	18.77	0.2
19750708	0.15	18.3	0.51
19750709	0.6	17.27	0.24
19750710	1.96	17.59	0.18
19750711	0.1	16.47	0.22
19750712	2.46	16.82	0.21
19750713	0.01	18.56	0.21
19750714	0.03	18.28	0.21
19750715	0.06	16.7	0.2
19750716	1.74	18.06	0.2
19750717	0.42	17.93	0.19
19750718	0.22	17.0	0.18
19750719	1.56	17.64	0.2
19750720	0.07	15.11	0.23
19750721	0.12	16.11	0.24
19750722	0.27	17.71	0.24
19750723	2.13	13.98	0.24
19750724	0.07	14.33	0.24
19750725	0.0	15.61	0.24
19750726	0.0	17.02	0.15
19750727	0.0	19.16	0.14
19750728	0.0	18.94	0.15
19750729	0.0	19.06	0.15
19750730	0.0	21.15	0.14
19750731	0.3	22.17	0.14
19750801	0.0	18.87	0.13
19750802	0.0	18.74	0.12
19750803	0.0	22.18	0.12
19750804	2.25	25.56	0.11
19750805	0.09	20.13	0.11
19750806	0.0	21.18	0.12
19750807	0.0	23.57	0.11
19750808	7.38	24.28	0.11
19750809	0.01	18.51	0.14
19750810	0.09	17.33	0.14
19750811	0.0	18.87	0.14
19750812	0.0	19.69	0.13
19750813	0.0	19.17	0.13
19750814	11.1	22.26	0.14
19750815	10.65	19.01	0.21
19750816	4.67	17.9	0.25
19750817	0.54	16.67	0.22
19750818	3.28	18.96	0.19
19750819	0.16	19.21	0.19
19750820	4.62	16.38	0.19
19750821	2.14	14.77	0.19
19750822	0.49	14.2	0.18
19750823	0.15	15.89	0.17
19750824	0.0	14.97	0.16
19750825	0.0	15.58	0.16
19750826	0.0	16.86	0.15
19750827	0.0	17.27	0.15
19750828	0.0	18.05	0.15
19750829	0.0	18.91	0.14
19750830	0.01	14.36	0.14
19750831	0.02	16.18	0.14
19750901	0.0	15.86	0.14
19750902	0.0	16.02	0.14
19750903	0.28	16.62	0.14
19750904	0.02	14.22	0.13
19750905	0.0	13.98	0.13
19750906	0.0	15.89	0.12
19750907	0.0	15.7	0.12
19750908	0.28	17.43	0.12
19750909	3.47	16.2	0.12
19750910	0.63	14.3	0.12
19750911	8.51	12.48	0.12
19750912	0.18	10.93	0.14
19750913	38.36	12.41	0.32
19750914	8.95	9.13	1.25
19750915	0.04	11.09	0.29
19750916	9.03	12.39	0.27
19750917	3.27	14.74	0.32
19750918	0.21	13.83	0.25
19750919	0.61	16.5	0.23
19750920	1.29	12.2	0.22
19750921	0.02	12.32	0.19
19750922	0.02	14.43	0.18
19750923	1.58	11.32	0.17
19750924	1.49	14.84	0.18
19750925	25.65	11.28	0.84
19750926	18.37	12.86	0.56
19750927	13.6	11.81	2.67
19750928	1.04	15.29	0.71
19750929	13.28	16.61	0.64
19750930	6.5	12.51	1.32
19751001	7.49	11.15	1.47
19751002	9.7	13.75	1.31
19751003	0.0	10.13	1.17
19751004	0.0	13.27	0.53
19751005	0.0	11.73	0.3
19751006	0.02	11.13	0.3
19751007	0.0	10.16	0.25
19751008	0.0	9.08	0.22
19751009	1.75	11.44	0.21
19751010	0.13	9.11	0.19
19751011	2.37	7.71	0.18
19751012	0.0	6.84	0.18
19751013	0.75	5.85	0.19
19751014	11.74	8.8	0.23
19751015	6.25	9.26	0.66
19751016	0.65	8.31	0.8
19751017	5.35	9.16	0.45
19751018	0.03	9.23	0.54
19751019	0.0	9.71	0.42
19751020	0.0	10.59	0.3
19751021	0.0	7.46	0.26
19751022	0.0	10.08	0.23
19751023	0.01	11.35	0.21
19751024	0.01	11.65	0.2
19751025	0.0	10.67	0.19
19751026	0.0	9.72	0.18
19751027	0.0	10.29	0.17
19751028	0.0	7.5	0.17
19751029	0.0	11.69	0.17
19751030	0.0	13.54	0.17
19751031	3.17	10.69	0.17
19751101	2.11	9.24	0.21
19751102	4.77	9.14	0.2
19751103	0.19	6.28	0.25
19751104	0.0	7.74	0.23
19751105	0.04	10.01	0.2
19751106	0.0	6.97	0.2
19751107	0.94	7.34	0.17
19751108	0.13	8.04	0.17
19751109	0.03	5.63	0.16
19751110	0.01	4.52	0.17
19751111	0.0	5.5	0.16
19751112	0.0	4.77	0.17
19751113	0.0	1.43	0.17
19751114	0.17	5.79	0.14
19751115	19.08	11.11	0.29
19751116	8.12	6.53	3.08
19751117	2.57	4.67	1.5
19751118	0.79	4.26	0.91
19751119	4.3	9.57	0.74
19751120	0.0	4.96	0.79
19751121	0.0	2.65	0.49
19751122	0.01	3.28	0.46
19751123	0.0	5.49	0.4
19751124	0.05	4.62	0.38
19751125	8.15	6.87	0.53
19751126	1.19	3.4	1.0
19751127	7.98	8.54	2.09
19751128	18.48	4.6	3.52
19751129	0.09	2.31	3.27
19751130	0.04	1.21	1.38
19751201	26.41	7.42	4.5
19751202	0.04	6.1	9.41
19751203	0.0	1.79	2.12
19751204	0.02	5.66	1.34
19751205	0.02	8.54	0.95
19751206	0.0	5.8	0.97
19751207	0.0	4.52	0.82
19751208	0.0	1.73	0.78
19751209	0.0	1.64	0.7
19751210	0.01	4.13	0.62
19751211	0.0	0.96	0.51
19751212	0.16	1.78	0.57
19751213	0.0	-0.19	0.53
19751214	0.0	-0.67	0.42
19751215	0.0	-1.48	0.33
19751216	1.23	-0.23	0.33
19751217	0.2	1.36	0.38
19751218	0.87	1.62	0.38
19751219	0.4	2.97	0.38
19751220	0.02	2.0	0.36
19751221	0.01	5.78	0.35
19751222	0.0	6.14	0.36
19751223	4.8	6.06	0.31
19751224	3.61	4.17	0.43
19751225	1.07	7.54	0.78
19751226	0.0	6.79	0.82
19751227	0.0	6.51	0.55
19751228	0.0	6.82	0.51
19751229	0.0	7.31	0.43
19751230	1.26	8.41	0.43
19751231	2.82	6.37	0.41
19760101	2.51	7.27	0.56
19760102	1.48	8.75	0.71
19760103	0.02	3.05	0.66
19760104	7.1	5.83	0.76
19760105	0.01	8.97	1.24
19760106	0.0	8.68	0.84
19760107	0.0	8.46	0.72
19760108	0.0	8.23	0.58
19760109	4.0	9.04	0.46
19760110	0.21	10.05	0.63
19760111	0.01	9.81	0.59
19760112	0.0	8.16	0.5
19760113	0.0	7.48	0.45
19760114	0.0	5.49	0.42
19760115	0.0	4.55	0.36
19760116	0.0	5.04	0.34
19760117	0.01	6.13	0.34
19760118	0.63	4.62	0.35
19760119	0.16	7.33	0.41
19760120	1.35	7.73	0.38
19760121	0.37	7.86	0.39
19760122	0.07	8.42	0.33
19760123	0.23	2.89	0.32
19760124	2.37	0.54	0.32
19760125	0.19	-0.07	0.32
19760126	1.23	1.2	0.31
19760127	0.01	-0.53	0.33
19760128	0.01	0.67	0.31
19760129	0.0	-0.16	0.28
19760130	0.0	-1.78	0.25
19760131	0.0	-1.06	0.26
19760201	0.06	-0.69	0.25
19760202	0.03	-0.56	0.26
19760203	0.12	-0.72	0.19
19760204	0.04	1.48	0.27
19760205	0.0	2.53	0.25
19760206	0.0	4.29	0.25
19760207	0.0	5.12	0.26
19760208	2.5	2.98	0.31
19760209	4.03	5.43	0.31
19760210	2.49	5.5	0.42
19760211	0.04	4.21	0.42
19760212	20.79	7.06	3.06
19760213	0.14	3.85	3.28
19760214	0.0	1.53	1.18
19760215	0.0	1.8	0.73
19760216	0.13	1.51	0.63
19760217	0.33	2.15	0.52
19760218	0.0	1.62	0.55
19760219	0.0	4.51	0.53
19760220	0.01	5.26	0.46
19760221	3.68	8.07	0.41
19760222	0.69	7.63	0.52
19760223	1.24	8.68	0.55
19760224	0.1	8.79	0.51
19760225	0.0	8.18	0.48
19760226	0.0	8.08	0.43
19760227	0.01	4.41	0.43
19760228	0.03	5.51	0.42
19760229	1.7	5.65	0.41
19760301	0.01	3.67	0.41
19760302	0.0	5.53	0.38
19760303	0.0	5.63	0.34
19760304	0.0	4.52	0.32
19760305	0.0	3.95	0.31
19760306	0.0	0.76	0.29
19760307	0.01	0.63	0.29
19760308	0.0	0.58	0.29
19760309	0.0	1.57	0.27
19760310	0.0	4.99	0.25
19760311	0.9	6.02	0.26
19760312	12.87	5.61	0.82
19760313	0.06	5.35	0.95
19760314	1.7	4.32	0.46
19760315	1.33	5.82	0.54
19760316	0.85	4.96	0.51
19760317	1.26	6.15	0.41
19760318	0.03	4.85	0.46
19760319	0.0	3.14	0.39
19760320	0.0	4.48	0.35
19760321	0.0	4.3	0.3
19760322	0.0	1.7	0.29
19760323	0.0	1.02	0.28
19760324	1.72	5.66	0.25
19760325	0.8	9.51	0.26
19760326	0.35	6.88	0.26
19760327	0.0	9.18	0.25
19760328	0.0	8.36	0.22
19760329	0.0	7.74	0.24
19760330	0.0	9.3	0.24
19760331	0.0	9.21	0.18
19760401	0.29	8.6	0.23
19760402	0.03	5.18	0.23
19760403	0.0	4.86	0.21
19760404	0.0	5.98	0.25
19760405	0.0	9.07	0.24
19760406	0.0	9.12	0.23
19760407	1.47	5.01	0.23
19760408	0.0	6.97	0.22
19760409	0.0	8.75	0.23
19760410	0.0	7.37	0.25
19760411	0.0	7.18	0.23
19760412	0.0	8.44	0.22
19760413	4.12	9.33	0.24
19760414	2.5	8.45	0.22
19760415	0.0	10.4	0.22
19760416	0.0	7.02	0.19
19760417	0.0	8.32	0.19
19760418	0.0	12.15	0.18
19760419	0.0	12.02	0.18
19760420	0.0	12.0	0.16
19760421	0.0	10.91	0.13
19760422	0.77	6.62	0.13
19760423	2.34	5.23	0.14
19760424	0.0	7.14	0.13
19760425	0.0	8.7	0.14
19760426	0.0	9.67	0.13
19760427	0.0	4.15	0.13
19760428	0.0	3.52	0.12
19760429	0.0	7.11	0.12
19760430	0.02	8.15	0.13
19760501	0.46	10.47	0.11
19760502	0.11	10.24	0.12
19760503	0.56	10.57	0.14
19760504	0.51	10.88	0.13
19760505	0.01	14.56	0.12
19760506	0.0	15.58	0.11
19760507	0.01	17.51	0.11
19760508	0.04	17.95	0.1
19760509	0.0	19.17	0.11
19760510	0.0	13.15	0.13
19760511	0.07	12.01	0.11
19760512	1.71	10.17	0.13
19760513	0.0	8.58	0.1
19760514	0.0	9.28	0.09
19760515	0.0	10.35	0.1
19760516	0.0	11.57	0.09
19760517	0.0	13.29	0.08
19760518	1.55	11.68	0.08
19760519	6.86	10.87	0.1
19760520	1.9	9.68	0.14
19760521	0.01	12.91	0.11
19760522	0.0	11.52	0.09
19760523	0.0	14.02	0.1
19760524	1.96	16.08	0.1
19760525	0.26	12.07	0.09
19760526	0.0	10.73	0.09
19760527	0.0	11.81	0.08
19760528	0.0	14.59	0.08
19760529	0.0	13.53	0.07
19760530	0.0	13.55	0.07
19760531	3.71	14.67	0.06
19760601	0.02	14.46	0.08
19760602	0.0	11.82	0.08
19760603	0.0	11.04	0.06
19760604	0.0	11.8	0.07
19760605	0.0	14.91	0.06
19760606	0.0	14.64	0.06
19760607	0.0	17.69	0.06
19760608	0.0	19.0	0.06
19760609	0.0	18.33	0.05
19760610	0.0	13.3	0.03
19760611	0.0	14.56	0.02
19760612	0.0	16.36	0.03
19760613	0.0	15.8	0.03
19760614	0.0	17.25	0.03
19760615	0.02	19.77	0.03
19760616	0.82	13.64	0.03
19760617	0.0	16.04	0.03
19760618	0.0	17.59	0.03
19760619	7.11	14.0	0.04
19760620	1.48	14.14	0.06
19760621	0.02	15.53	0.08
19760622	0.51	20.01	0.08
19760623	0.0	20.04	0.06
19760624	0.0	20.62	0.04
19760625	0.0	22.61	0.03
19760626	0.0	24.37	0.03
19760627	0.0	24.63	0.03
19760628	0.0	23.8	0.02
19760629	0.0	21.53	0.02
19760630	0.0	22.53	0.03
19760701	0.0	23.27	0.02
19760702	0.06	24.16	0.02
19760703	2.18	25.04	0.02
19760704	0.01	23.29	0.03
19760705	0.0	23.11	0.04
19760706	0.0	22.61	0.03
19760707	0.0	20.03	0.02
19760708	0.0	21.07	0.02
19760709	0.0	17.41	0.04
19760710	0.0	16.0	0.03
19760711	0.0	20.21	0.03
19760712	0.0	21.47	0.04
19760713	6.66	18.13	0.04
19760714	0.03	17.44	0.04
19760715	8.85	20.16	0.05
19760716	0.0	18.99	0.08
19760717	3.3	18.75	0.1
19760718	0.05	20.1	0.08
19760719	0.51	19.51	0.05
19760720	13.42	16.02	0.05
19760721	0.23	14.76	0.19
19760722	0.0	14.79	0.07
19760723	0.0	15.97	0.03
19760724	0.0	16.1	0.02
19760725	0.0	17.3	0.04
19760726	0.0	16.01	0.04
19760727	0.0	18.27	0.03
19760728	0.0	15.53	0.03
19760729	0.0	16.9	0.04
19760730	0.0	16.5	0.03
19760731	0.0	11.29	0.03
19760801	0.0	16.49	0.02
19760802	0.0	17.04	0.04
19760803	0.0	16.04	0.04
19760804	0.0	15.46	0.04
19760805	0.0	15.68	0.03
19760806	0.0	16.47	0.03
19760807	0.0	18.54	0.02
19760808	0.0	17.64	0.03
19760809	0.0	18.45	0.02
19760810	0.0	18.17	0.03
19760811	0.0	17.66	0.03
19760812	0.0	18.47	0.03
19760813	0.0	18.94	0.02
19760814	0.0	19.24	0.02
19760815	0.0	18.94	0.03
19760816	0.0	18.57	0.03
19760817	0.0	18.68	0.04
19760818	0.0	17.96	0.04
19760819	0.0	17.69	0.03
19760820	0.0	19.59	0.03
19760821	0.0	19.44	0.03
19760822	0.0	17.83	0.02
19760823	0.0	17.35	0.02
19760824	0.0	19.25	0.03
19760825	0.0	21.71	0.03
19760826	0.0	20.79	0.02
19760827	2.87	17.37	0.02
19760828	0.84	15.03	0.03
19760829	0.16	17.09	0.04
19760830	0.01	14.56	0.05
19760831	0.17	14.28	0.04
19760901	2.54	14.42	0.05
19760902	0.01	11.14	0.03
19760903	0.0	13.39	0.04
19760904	0.0	12.06	0.04
19760905	0.0	13.62	0.02
19760906	0.0	13.81	0.03
19760907	0.0	13.87	0.04
19760908	1.93	16.41	0.04
19760909	1.14	11.87	0.03
19760910	29.92	13.13	0.05
19760911	2.14	11.53	0.29
19760912	0.44	13.35	0.13
19760913	7.21	9.83	0.09
19760914	22.78	12.54	0.37
19760915	1.18	11.2	0.26
19760916	0.03	11.96	0.07
19760917	15.38	13.38	0.09
19760918	0.01	13.13	0.21
19760919	0.0	14.55	0.1
19760920	0.0	17.43	0.07
19760921	0.0	16.62	0.06
19760922	10.89	13.14	0.11
19760923	3.8	14.92	0.13
19760924	5.43	16.67	0.1
19760925	9.59	16.77	0.17
19760926	10.18	16.68	0.23
19760927	7.86	15.27	0.37
19760928	3.79	16.45	0.38
19760929	8.03	15.26	0.24
19760930	3.86	15.36	0.27
19761001	5.32	14.7	0.25
19761002	3.73	14.29	0.33
19761003	22.27	13.59	0.44
19761004	2.92	10.0	1.49
19761005	25.55	14.02	0.86
19761006	12.99	13.97	3.96
19761007	0.25	12.73	1.95
19761008	0.05	13.21	0.78
19761009	0.02	15.21	0.31
19761010	2.35	15.86	0.29
19761011	7.04	15.07	0.3
19761012	5.73	10.82	0.7
19761013	14.54	11.57	0.57
19761014	21.02	11.38	8.63
19761015	2.69	8.02	3.86
19761016	0.01	9.96	1.41
19761017	8.0	11.79	0.75
19761018	14.32	11.11	3.9
19761019	0.8	11.61	3.48
19761020	0.11	9.0	1.32
19761021	8.62	10.38	1.62
19761022	8.52	12.19	2.47
19761023	4.33	9.37	2.56
19761024	0.15	10.22	1.77
19761025	4.27	11.37	1.18
19761026	0.02	10.0	1.23
19761027	0.32	10.46	0.76
19761028	5.57	9.41	0.9
19761029	0.25	8.94	1.06
19761030	0.02	7.83	0.86
19761031	2.72	8.22	0.63
19761101	5.47	9.0	0.98
19761102	0.3	4.66	1.16
19761103	0.01	2.82	0.86
19761104	5.38	7.32	0.69
19761105	2.82	10.11	1.16
19761106	9.51	8.45	2.27
19761107	22.52	8.47	4.96
19761108	17.84	7.19	12.94
19761109	14.6	8.46	8.62
19761110	0.48	3.85	9.05
19761111	22.55	5.77	5.45
19761112	1.76	6.72	14.04
19761113	0.03	4.0	5.79
19761114	0.0	4.96	2.74
19761115	3.4	6.86	1.59
19761116	4.7	8.76	2.21
19761117	0.01	8.86	2.15
19761118	0.0	7.94	1.6
19761119	0.0	7.69	1.29
19761120	0.0	4.49	1.14
19761121	0.03	4.36	1.08
19761122	0.0	2.7	0.97
19761123	0.0	2.17	0.87
19761124	0.0	4.95	0.77
19761125	0.43	7.76	0.72
19761126	3.0	7.15	0.7
19761127	1.44	8.04	0.75
19761128	15.3	7.86	4.73
19761129	21.15	6.8	7.39
19761130	15.15	5.25	16.56
19761201	8.63	3.74	6.82
19761202	0.03	1.19	4.49
19761203	0.0	-0.38	2.61
19761204	0.05	-1.66	2.66
19761205	15.27	1.82	1.51
19761206	9.29	6.58	6.74
19761207	11.4	6.66	7.01
19761208	0.02	4.7	6.11
19761209	0.0	0.58	2.53
19761210	0.0	0.56	1.8
19761211	0.0	-0.4	1.39
19761212	0.02	0.98	1.16
19761213	0.0	0.99	1.14
19761214	0.0	1.35	1.11
19761215	0.0	0.9	1.08
19761216	1.94	2.42	1.01
19761217	6.18	3.63	1.15
19761218	4.72	4.61	1.83
19761219	4.76	5.33	2.3
19761220	5.55	6.24	2.39
19761221	3.62	3.39	4.3
19761222	0.01	7.19	2.36
19761223	0.0	3.94	1.64
19761224	0.0	2.65	1.43
19761225	0.0	1.5	1.25
19761226	0.0	2.16	1.06
19761227	0.68	1.64	1.46
19761228	0.83	-2.39	1.51
19761229	0.13	-0.63	1.33
19761230	0.23	4.78	1.31
19761231	14.86	7.21	2.03
19770101	12.84	4.41	5.61
19770102	0.02	-0.36	5.26
19770103	0.0	-0.73	1.94
19770104	2.49	1.08	1.37
19770105	9.53	5.73	2.53
19770106	0.0	2.04	4.24
19770107	0.04	2.51	2.81
19770108	2.36	3.73	2.6
19770109	0.6	3.31	2.68
19770110	0.06	-0.01	2.66
19770111	0.01	-0.25	2.46
19770112	8.52	-1.64	2.12
19770113	22.3	2.58	5.98
19770114	2.46	3.27	7.79
19770115	0.19	2.03	2.38
19770116	0.02	-0.28	1.96
19770117	0.01	0.24	1.8
19770118	1.97	3.17	2.27
19770119	0.63	3.8	2.41
19770120	2.42	6.37	2.41
19770121	6.0	7.22	2.46
19770122	4.82	6.83	3.63
19770123	0.02	6.42	3.65
19770124	4.61	7.74	2.77
19770125	13.88	8.17	4.71
19770126	2.02	6.91	4.68
19770127	3.53	7.22	3.43
19770128	0.94	4.43	2.88
19770129	0.0	0.85	1.82
19770130	0.07	0.54	1.52
19770131	1.6	2.0	1.28
19770201	0.06	1.14	1.19
19770202	5.64	4.62	1.15
19770203	7.23	6.27	1.89
19770204	5.61	7.01	2.19
19770205	3.74	8.14	2.86
19770206	3.54	9.1	2.47
19770207	2.5	7.9	3.07
19770208	0.39	7.29	2.49
19770209	13.94	8.26	2.85
19770210	10.68	7.24	7.02
19770211	0.11	5.29	6.0
19770212	2.03	5.06	2.66
19770213	0.01	5.89	2.29
19770214	0.01	5.1	1.62
19770215	5.91	3.89	1.53
19770216	1.33	6.4	2.64
19770217	6.05	7.65	2.27
19770218	8.04	6.25	4.24
19770219	8.78	7.34	3.57
19770220	3.68	8.45	4.88
19770221	2.59	7.77	3.73
19770222	2.14	8.49	2.79
19770223	1.09	7.08	2.32
19770224	0.61	6.37	1.99
19770225	3.42	4.39	2.49
19770226	0.0	1.63	2.09
19770227	0.0	1.04	1.67
19770228	1.84	3.45	1.5
19770301	2.88	7.57	1.62
19770302	0.05	11.71	2.13
19770303	0.02	10.91	2.23
19770304	0.0	8.13	2.08
19770305	0.0	7.87	1.97
19770306	0.0	6.34	1.92
19770307	2.22	9.6	1.94
19770308	0.01	8.54	1.89
19770309	0.0	9.07	1.86
19770310	1.15	9.22	1.81
19770311	0.13	6.92	0.74
19770312	1.21	8.15	0.72
19770313	7.3	8.59	0.71
19770314	0.67	7.46	1.05
19770315	8.35	9.46	1.24
19770316	4.56	8.81	2.12
19770317	0.56	9.31	1.73
19770318	2.16	8.03	1.13
19770319	0.04	7.27	1.06
19770320	13.73	7.67	2.15
19770321	2.54	7.33	4.17
19770322	0.06	5.56	2.14
19770323	0.53	8.01	1.67
19770324	0.01	4.23	1.21
19770325	0.0	7.28	0.94
19770326	3.27	7.57	0.88
19770327	6.09	4.02	1.46
19770328	0.33	1.95	1.42
19770329	0.0	1.85	1.05
19770330	0.0	1.72	0.9
19770331	11.22	7.31	1.45
19770401	4.91	7.13	1.63
19770402	0.01	6.65	1.82
19770403	0.56	4.56	1.25
19770404	0.17	4.24	0.89
19770405	0.02	7.64	0.83
19770406	1.78	4.46	0.79
19770407	0.83	2.55	0.68
19770408	0.01	2.53	0.67
19770409	0.22	2.13	0.63
19770410	1.25	5.37	0.6
19770411	1.04	8.6	0.56
19770412	0.01	12.2	0.58
19770413	0.21	8.54	0.55
19770414	0.0	6.02	0.53
19770415	0.0	4.64	0.4
19770416	0.0	5.93	0.49
19770417	0.07	7.37	0.46
19770418	0.0	4.13	0.4
19770419	0.12	5.3	0.41
19770420	2.44	9.25	0.41
19770421	0.07	11.39	0.43
19770422	1.68	10.83	0.44
19770423	6.4	8.7	0.52
19770424	0.12	10.13	0.54
19770425	0.03	11.22	0.47
19770426	6.49	7.83	0.61
19770427	0.01	8.52	0.57
19770428	7.68	7.81	0.68
19770429	1.87	8.35	0.77
19770430	0.18	6.38	0.61
19770501	1.18	7.95	0.51
19770502	6.05	10.67	0.5
19770503	2.32	6.28	0.73
19770504	3.18	8.05	0.69
19770505	1.31	6.74	0.63
19770506	6.06	9.66	0.61
19770507	2.45	10.6	0.98
19770508	0.58	8.22	0.88
19770509	4.4	10.29	0.74
19770510	0.22	11.6	0.78
19770511	6.69	10.76	0.74
19770512	1.25	9.83	1.18
19770513	0.16	6.72	0.87
19770514	0.25	7.15	0.66
19770515	0.02	10.78	0.56
19770516	0.01	10.04	0.49
19770517	0.0	9.76	0.41
19770518	0.0	12.13	0.35
19770519	0.0	12.41	0.36
19770520	0.57	10.96	0.33
19770521	0.0	11.66	0.32
19770522	0.02	12.61	0.29
19770523	0.0	13.34	0.31
19770524	0.0	15.31	0.26
19770525	3.83	17.31	0.26
19770526	0.0	15.5	0.28
19770527	0.0	13.16	0.24
19770528	0.0	14.58	0.22
19770529	0.0	15.32	0.21
19770530	0.0	9.21	0.19
19770531	0.0	9.94	0.19
19770601	0.0	10.95	0.19
19770602	0.0	12.2	0.19
19770603	0.0	14.98	0.19
19770604	0.86	15.41	0.19
19770605	0.23	11.31	0.19
19770606	3.03	11.44	0.21
19770607	2.81	9.94	0.22
19770608	0.93	9.88	0.18
19770609	1.79	11.8	0.21
19770610	6.69	11.39	0.33
19770611	1.24	9.81	0.27
19770612	12.53	15.26	0.33
19770613	7.91	18.39	0.68
19770614	0.05	14.53	0.46
19770615	0.72	11.54	0.33
19770616	0.1	14.29	0.27
19770617	1.53	10.96	0.23
19770618	1.22	11.09	0.2
19770619	0.46	10.62	0.22
19770620	0.0	10.23	0.2
19770621	0.0	10.85	0.19
19770622	0.0	14.12	0.19
19770623	0.0	13.21	0.17
19770624	0.13	14.52	0.15
19770625	0.04	12.79	0.15
19770626	0.02	11.93	0.15
19770627	0.36	14.86	0.12
19770628	0.27	14.42	0.13
19770629	0.02	15.24	0.14
19770630	1.65	16.27	0.14
19770701	0.0	14.95	0.14
19770702	0.0	16.19	0.13
19770703	0.0	18.53	0.11
19770704	0.0	21.04	0.11
19770705	0.0	19.16	0.13
19770706	0.0	19.54	0.11
19770707	0.0	18.91	0.08
19770708	8.11	18.76	0.08
19770709	2.0	17.41	0.16
19770710	0.0	17.81	0.13
19770711	0.0	17.03	0.1
19770712	0.64	17.16	0.1
19770713	0.2	14.09	0.11
19770714	0.0	12.24	0.11
19770715	0.0	12.06	0.1
19770716	0.0	15.87	0.09
19770717	10.95	16.27	0.1
19770718	0.0	15.39	0.19
19770719	0.13	14.43	0.12
19770720	0.73	15.33	0.12
19770721	1.02	16.03	0.1
19770722	0.21	18.26	0.1
19770723	0.01	19.01	0.1
19770724	2.23	14.67	0.1
19770725	3.02	13.94	0.11
19770726	0.0	14.36	0.11
19770727	0.16	14.01	0.11
19770728	0.06	13.6	0.12
19770729	0.0	14.34	0.1
19770730	0.0	16.46	0.09
19770731	0.0	14.33	0.09
19770801	0.0	17.36	0.08
19770802	0.0	17.44	0.09
19770803	0.01	17.07	0.08
19770804	0.0	17.77	0.05
19770805	2.16	15.99	0.05
19770806	6.79	16.09	0.14
19770807	1.29	15.08	0.13
19770808	0.11	15.83	0.09
19770809	0.01	14.83	0.08
19770810	0.0	15.27	0.08
19770811	0.0	15.37	0.07
19770812	0.0	15.46	0.07
19770813	1.09	17.64	0.07
19770814	4.22	15.17	0.09
19770815	0.0	17.63	0.1
19770816	7.05	19.23	0.09
19770817	0.08	16.01	0.14
19770818	0.11	13.83	0.1
19770819	13.77	14.49	0.1
19770820	1.19	15.3	0.37
19770821	0.43	15.12	0.23
19770822	5.49	13.52	0.16
19770823	0.09	14.82	0.11
19770824	31.55	14.88	0.38
19770825	2.62	15.24	0.82
19770826	5.14	14.94	0.31
19770827	21.84	13.21	1.59
19770828	0.0	12.0	1.5
19770829	0.01	14.42	0.32
19770830	1.26	16.44	0.19
19770831	1.21	13.04	0.22
19770901	0.55	17.04	0.27
19770902	9.8	11.4	0.37
19770903	0.0	12.32	0.26
19770904	0.03	15.03	0.19
19770905	0.1	16.17	0.16
19770906	0.23	15.2	0.15
19770907	4.53	14.02	0.15
19770908	1.0	10.1	0.11
19770909	0.0	12.13	0.14
19770910	0.0	15.69	0.12
19770911	0.0	13.59	0.11
19770912	0.0	11.56	0.14
19770913	0.0	10.45	0.13
19770914	0.0	13.82	0.1
19770915	0.21	15.29	0.09
19770916	0.0	10.81	0.09
19770917	0.0	10.19	0.09
19770918	0.01	11.17	0.08
19770919	0.84	9.88	0.08
19770920	0.01	10.37	0.09
19770921	0.3	10.87	0.09
19770922	0.01	12.71	0.18
19770923	0.02	13.5	0.16
19770924	3.04	13.79	0.1
19770925	4.42	13.89	0.11
19770926	0.02	14.43	0.14
19770927	0.78	17.06	0.14
19770928	0.03	12.73	0.12
19770929	0.0	14.62	0.12
19770930	3.24	12.32	0.1
19771001	0.0	10.79	0.08
19771002	0.01	8.66	0.04
19771003	1.1	12.13	0.06
19771004	1.42	12.71	0.07
19771005	7.32	12.59	0.09
19771006	2.92	12.58	0.13
19771007	1.23	10.82	0.16
19771008	6.6	11.7	0.17
19771009	0.83	13.06	0.19
19771010	0.0	8.61	0.16
19771011	0.15	12.48	0.11
19771012	0.07	9.74	0.1
19771013	0.02	11.54	0.19
19771014	0.0	11.52	0.08
19771015	0.01	12.97	0.09
19771016	0.02	12.23	0.1
19771017	0.05	12.76	0.09
19771018	0.01	14.24	0.08
19771019	0.01	14.12	0.1
19771020	12.48	15.94	0.1
19771021	5.17	15.41	0.69
19771022	0.08	14.38	0.39
19771023	0.0	14.13	0.21
19771024	3.1	12.19	0.15
19771025	0.01	11.41	0.06
19771026	0.01	11.3	0.14
19771027	2.04	11.07	0.12
19771028	0.01	11.62	0.12
19771029	0.12	11.78	0.13
19771030	2.14	13.58	0.18
19771031	4.35	8.83	0.23
19771101	22.21	11.31	0.3
19771102	8.27	12.21	1.87
19771103	0.04	9.58	1.26
19771104	7.5	10.31	0.54
19771105	12.2	11.44	1.08
19771106	0.25	10.09	2.19
19771107	13.91	12.0	1.01
19771108	3.23	12.88	2.75
19771109	0.15	14.38	0.9
19771110	1.8	14.7	0.88
19771111	2.64	11.18	0.61
19771112	0.42	7.04	0.6
19771113	3.03	7.86	0.4
19771114	0.64	9.04	0.47
19771115	0.25	5.67	0.45
19771116	0.05	3.76	0.37
19771117	0.0	2.33	0.33
19771118	0.0	2.48	0.29
19771119	7.4	5.12	0.26
19771120	21.39	3.85	0.65
19771121	1.24	3.7	5.58
19771122	0.0	4.34	1.91
19771123	0.35	7.37	0.83
19771124	0.02	4.14	0.68
19771125	0.0	3.3	0.54
19771126	0.0	1.96	0.46
19771127	0.44	1.57	0.44
19771128	0.07	1.37	0.35
19771129	0.34	2.63	0.37
19771130	0.16	3.29	0.44
19771201	0.13	4.0	0.48
19771202	0.0	1.74	0.45
19771203	0.0	2.91	0.45
19771204	0.77	3.63	0.32
19771205	1.18	5.26	0.34
19771206	9.76	5.52	0.47
19771207	29.96	7.87	5.76
19771208	0.14	8.09	13.16
19771209	16.14	8.34	3.08
19771210	9.64	10.15	6.24
19771211	0.73	10.41	6.25
19771212	0.87	8.21	2.68
19771213	0.62	7.94	1.49
19771214	0.05	5.98	1.11
19771215	0.04	5.69	0.98
19771216	0.0	6.48	0.85
19771217	3.39	7.13	0.75
19771218	4.99	7.48	1.06
19771219	0.14	5.86	1.16
19771220	0.01	3.17	0.97
19771221	6.57	5.58	1.0
19771222	4.62	10.77	1.45
19771223	2.7	12.23	2.4
19771224	0.52	8.23	1.93
19771225	5.69	7.35	1.37
19771226	10.44	7.02	2.45
19771227	0.46	3.57	2.43
19771228	0.02	2.54	1.59
19771229	0.42	5.01	1.35
19771230	0.66	5.38	1.12
19771231	0.27	6.4	1.01
19780101	0.0	6.4	0.84
19780102	0.0	4.08	0.79
19780103	3.86	4.79	0.68
19780104	0.08	0.79	0.7
19780105	0.03	5.41	0.73
19780106	0.0	4.36	0.68
19780107	0.0	1.85	0.68
19780108	3.44	3.6	0.64
19780109	1.12	5.24	0.73
19780110	13.23	4.86	1.15
19780111	17.77	2.16	5.21
19780112	0.02	0.94	6.5
19780113	0.19	2.8	2.47
19780114	0.24	5.6	1.56
19780115	0.08	3.6	1.47
19780116	7.84	3.18	1.28
19780117	0.0	-1.79	2.31
19780118	6.11	-0.71	1.45
19780119	6.81	0.39	2.5
19780120	0.01	1.43	1.94
19780121	7.64	3.3	1.74
19780122	0.02	3.02	4.0
19780123	15.85	6.66	4.15
19780124	0.01	4.46	4.86
19780125	7.38	2.6	2.09
19780126	5.19	2.57	4.7
19780127	14.13	5.28	3.75
19780128	6.79	4.26	7.06
19780129	4.33	3.46	5.65
19780130	0.88	0.52	3.46
19780131	4.93	3.34	3.12
19780201	4.42	6.81	3.18
19780202	1.76	3.48	3.09
19780203	0.02	3.12	2.46
19780204	10.01	4.77	3.6
19780205	4.62	5.02	4.42
19780206	0.47	4.15	3.05
19780207	0.14	2.98	2.05
19780208	0.27	0.21	1.71
19780209	2.77	-1.96	1.47
19780210	0.62	-4.12	1.3
19780211	0.0	-4.42	1.24
19780212	0.22	-2.36	1.08
19780213	0.04	-1.25	0.95
19780214	0.01	-1.48	0.94
19780215	3.27	-0.24	0.95
19780216	3.44	1.07	0.98
19780217	0.01	-1.7	0.99
19780218	0.0	-0.7	0.97
19780219	0.02	-0.42	0.96
19780220	2.27	1.16	0.77
19780221	2.32	4.78	1.36
19780222	0.67	6.66	1.84
19780223	0.69	9.52	1.35
19780224	9.48	9.58	2.03
19780225	13.54	9.04	3.37
19780226	5.22	8.8	5.85
19780227	1.21	7.35	4.26
19780228	5.02	8.57	3.01
19780301	0.62	7.61	3.36
19780302	7.82	4.92	3.84
19780303	0.01	5.44	3.71
19780304	0.01	3.98	2.75
19780305	0.02	2.91	2.41
19780306	0.04	3.16	1.49
19780307	0.0	6.88	1.12
19780308	0.0	5.89	1.0
19780309	0.0	8.21	0.9
19780310	0.04	10.54	0.94
19780311	2.1	10.32	0.95
19780312	1.54	6.45	0.95
19780313	7.83	8.4	1.06
19780314	1.39	7.7	1.96
19780315	7.87	6.28	1.47
19780316	2.18	3.56	2.37
19780317	0.19	2.42	1.61
19780318	0.15	5.19	1.08
19780319	6.38	7.5	1.39
19780320	3.56	5.46	1.41
19780321	0.06	5.72	1.29
19780322	3.24	6.12	1.33
19780323	0.11	5.33	1.34
19780324	0.01	8.54	1.13
19780325	2.66	6.65	1.04
19780326	1.88	8.11	0.99
19780327	6.35	9.46	0.98
19780328	5.43	8.99	1.74
19780329	0.93	6.51	2.34
19780330	0.01	6.79	1.64
19780331	6.12	8.07	1.62
19780401	2.6	8.1	1.87
19780402	2.09	9.12	1.69
19780403	0.07	7.05	1.2
19780404	0.0	5.77	1.02
19780405	0.0	6.61	0.93
19780406	0.0	5.15	0.82
19780407	0.0	7.28	0.73
19780408	0.0	6.75	0.72
19780409	0.35	4.31	0.71
19780410	2.7	2.14	0.64
19780411	5.19	3.11	0.58
19780412	5.42	3.43	0.89
19780413	10.01	3.77	1.83
19780414	0.28	4.11	2.78
19780415	0.01	3.94	1.06
19780416	0.0	5.51	0.87
19780417	0.05	7.37	0.78
19780418	0.19	4.83	0.82
19780419	3.37	8.26	0.7
19780420	1.26	9.07	0.86
19780421	0.22	8.78	0.81
19780422	0.05	7.72	0.72
19780423	0.0	10.65	0.72
19780424	0.14	11.6	0.72
19780425	6.52	7.55	0.72
19780426	2.81	5.7	0.96
19780427	0.03	4.16	0.79
19780428	5.99	7.18	0.99
19780429	7.6	9.94	1.21
19780430	3.55	11.3	0.86
19780501	12.98	8.5	1.83
19780502	6.61	6.34	2.83
19780503	0.13	12.34	1.59
19780504	5.53	13.46	1.03
19780505	15.28	10.02	1.83
19780506	1.41	10.63	3.17
19780507	0.02	13.38	1.11
19780508	0.22	10.46	1.9
19780509	0.0	10.61	1.51
19780510	0.0	11.33	1.17
19780511	4.66	11.16	1.01
19780512	1.13	10.21	1.15
19780513	0.32	9.31	1.13
19780514	3.23	8.36	1.12
19780515	0.19	9.62	1.08
19780516	0.67	9.81	1.08
19780517	0.0	9.88	1.04
19780518	0.0	11.45	0.86
19780519	0.03	11.33	0.83
19780520	0.0	11.73	0.81
19780521	0.0	11.23	0.75
19780522	0.02	11.17	0.75
19780523	0.0	14.62	0.73
19780524	0.0	10.01	0.7
19780525	0.0	10.78	0.58
19780526	0.0	10.76	0.53
19780527	0.0	13.52	0.52
19780528	0.0	14.86	0.5
19780529	0.0	15.86	0.49
19780530	0.0	17.87	0.36
19780531	0.0	18.54	0.21
19780601	0.0	18.03	0.26
19780602	0.0	16.06	0.28
19780603	0.02	18.52	0.29
19780604	0.02	17.66	0.26
19780605	0.14	15.43	0.24
19780606	0.0	14.74	0.26
19780607	5.2	15.41	0.25
19780608	0.72	14.93	0.3
19780609	0.0	12.84	0.26
19780610	0.0	11.62	0.22
19780611	0.0	14.36	0.2
19780612	0.0	11.52	0.11
19780613	0.03	10.67	0.09
19780614	0.01	10.97	0.13
19780615	11.74	10.27	0.29
19780616	1.35	14.39	0.33
19780617	0.07	14.17	0.23
19780618	0.0	13.13	0.21
19780619	1.06	16.11	0.15
19780620	1.69	16.14	0.12
19780621	12.1	13.74	0.2
19780622	11.02	12.27	0.53
19780623	4.66	11.17	0.56
19780624	0.5	11.73	0.38
19780625	0.16	13.56	0.25
19780626	0.02	10.04	0.21
19780627	1.39	13.35	0.22
19780628	0.46	17.73	0.22
19780629	1.46	13.8	0.22
19780630	0.0	13.08	0.22
19780701	0.72	15.65	0.22
19780702	1.49	15.31	0.21
19780703	3.51	12.78	0.23
19780704	3.36	12.89	0.26
19780705	0.01	12.26	0.24
19780706	0.01	12.25	0.2
19780707	0.02	14.72	0.2
19780708	6.06	14.64	0.21
19780709	0.18	15.41	0.25
19780710	0.01	13.9	0.2
19780711	0.05	16.17	0.18
19780712	0.04	15.0	0.12
19780713	0.0	15.63	0.1
19780714	0.0	16.37	0.17
19780715	0.0	14.02	0.17
19780716	0.0	14.42	0.15
19780717	0.0	15.61	0.16
19780718	0.0	16.58	0.16
19780719	0.0	16.24	0.15
19780720	0.0	14.23	0.14
19780721	0.0	15.17	0.12
19780722	0.03	15.69	0.13
19780723	2.0	15.91	0.14
19780724	0.04	13.58	0.08
19780725	3.86	16.33	0.06
19780726	0.67	16.66	0.07
19780727	0.01	18.21	0.06
19780728	0.0	16.69	0.05
19780729	17.37	19.87	0.12
19780730	6.66	17.89	0.53
19780731	25.19	16.04	0.68
19780801	12.59	16.56	0.49
19780802	4.29	15.66	0.88
19780803	1.04	15.82	0.41
19780804	1.76	16.53	0.25
19780805	4.11	15.85	0.2
19780806	0.8	14.47	0.24
19780807	5.76	15.15	0.31
19780808	0.67	15.45	0.31
19780809	3.58	14.73	0.29
19780810	0.01	13.9	0.23
19780811	0.39	15.07	0.18
19780812	0.88	13.66	0.17
19780813	0.0	17.6	0.17
19780814	0.08	15.45	0.22
19780815	1.42	15.99	0.15
19780816	0.15	14.57	0.17
19780817	0.0	14.63	0.19
19780818	0.0	14.82	0.19
19780819	0.0	16.8	0.18
19780820	0.0	17.16	0.17
19780821	0.0	16.79	0.04
19780822	0.0	16.46	0.04
19780823	0.0	15.5	0.06
19780824	0.0	14.32	0.09
19780825	0.0	14.19	0.09
19780826	0.0	12.37	0.08
19780827	0.0	16.39	0.08
19780828	0.0	15.26	0.07
19780829	0.0	15.29	0.07
19780830	0.0	11.1	0.08
19780831	0.19	13.1	0.1
19780901	0.0	13.18	0.09
19780902	0.0	12.01	0.16
19780903	0.0	12.76	0.19
19780904	0.05	14.93	0.18
19780905	2.14	15.25	0.16
19780906	1.56	16.85	0.12
19780907	0.15	14.9	0.09
19780908	0.11	15.58	0.06
19780909	0.0	17.66	0.06
19780910	0.06	18.49	0.06
19780911	0.0	14.14	0.04
19780912	0.0	15.04	0.05
19780913	4.62	15.58	0.06
19780914	0.0	14.23	0.07
19780915	0.0	14.74	0.07
19780916	0.0	15.78	0.06
19780917	0.0	11.96	0.06
19780918	0.0	11.71	0.06
19780919	0.0	11.62	0.06
19780920	0.0	13.26	0.06
19780921	0.0	15.06	0.06
19780922	0.0	14.63	0.06
19780923	0.0	16.72	0.06
19780924	0.0	16.36	0.06
19780925	0.03	11.34	0.07
19780926	0.13	14.32	0.06
19780927	3.58	12.24	0.06
19780928	3.89	13.16	0.09
19780929	0.01	11.45	0.05
19780930	0.02	10.86	0.05
19781001	0.0	10.36	0.09
19781002	0.0	10.43	0.09
19781003	0.13	8.72	0.1
19781004	0.0	10.18	0.09
19781005	0.0	12.89	0.1
19781006	0.0	12.37	0.11
19781007	0.0	13.75	0.09
19781008	0.02	15.42	0.08
19781009	1.33	13.54	0.08
19781010	0.0	15.92	0.04
19781011	0.0	15.68	0.09
19781012	0.01	15.28	0.11
19781013	0.01	12.52	0.11
19781014	0.11	12.25	0.08
19781015	0.42	12.61	0.09
19781016	0.28	10.48	0.08
19781017	2.52	7.35	0.09
19781018	0.01	10.04	0.08
19781019	0.0	10.8	0.09
19781020	0.25	11.36	0.08
19781021	0.01	11.78	0.08
19781022	0.03	10.11	0.07
19781023	0.01	10.24	0.08
19781024	0.01	14.14	0.08
19781025	0.0	13.87	0.08
19781026	0.14	13.8	0.09
19781027	0.21	9.8	0.08
19781028	0.0	8.42	0.09
19781029	0.0	9.7	0.1
19781030	0.0	9.73	0.09
19781031	0.48	13.06	0.1
19781101	0.17	14.18	0.15
19781102	0.09	12.62	0.13
19781103	0.01	9.66	0.09
19781104	0.0	11.26	0.09
19781105	0.0	11.69	0.08
19781106	0.0	9.2	0.08
19781107	0.37	12.55	0.09
19781108	0.25	11.99	0.13
19781109	0.05	8.47	0.09
19781110	0.06	7.19	0.17
19781111	0.0	8.25	0.1
19781112	4.63	8.52	0.07
19781113	0.02	8.84	0.11
19781114	0.01	12.88	0.07
19781115	1.28	8.47	0.16
19781116	0.0	9.01	0.18
19781117	0.29	11.78	0.11
19781118	3.46	13.5	0.1
19781119	3.37	7.67	0.13
19781120	0.0	7.55	0.13
19781121	0.05	12.7	0.11
19781122	0.1	12.39	0.1
19781123	0.04	11.66	0.1
19781124	0.98	6.14	0.1
19781125	0.0	2.32	0.09
19781126	0.0	0.33	0.09
19781127	0.0	-0.2	0.1
19781128	0.01	-0.0	0.09
19781129	0.0	-1.38	0.09
19781130	0.06	-0.42	0.1
19781201	0.02	0.78	0.09
19781202	0.07	4.37	0.09
19781203	9.48	6.26	0.12
19781204	0.04	4.98	0.17
19781205	0.01	3.66	0.12
19781206	0.0	2.79	0.1
19781207	26.81	7.41	0.15
19781208	7.89	10.23	0.9
19781209	11.84	11.49	0.33
19781210	4.12	11.67	0.46
19781211	8.42	11.67	0.39
19781212	11.28	9.32	0.82
19781213	7.21	7.35	0.35
19781214	2.37	6.83	0.59
19781215	0.81	7.28	0.42
19781216	0.04	3.33	0.31
19781217	0.0	2.09	0.26
19781218	0.0	0.2	0.21
19781219	0.01	-0.69	0.18
19781220	0.01	-0.26	0.16
19781221	2.91	1.41	0.19
19781222	0.01	0.61	0.15
19781223	16.08	4.55	0.35
19781224	14.47	7.84	2.82
19781225	3.01	8.5	2.85
19781226	1.23	9.39	1.04
19781227	7.76	9.43	1.98
19781228	13.35	10.15	2.75
19781229	5.3	5.9	4.01
19781230	6.09	-1.26	1.91
19781231	0.84	-6.04	0.89
19790101	0.02	-5.5	0.62
19790102	0.0	-4.0	0.42
19790103	0.0	-3.2	0.43
19790104	0.0	-1.59	0.42
19790105	0.0	-5.89	0.36
19790106	0.38	-1.79	0.33
19790107	10.8	5.99	0.68
19790108	3.21	4.9	0.94
19790109	8.82	2.74	0.87
19790110	4.06	2.85	1.97
19790111	0.11	1.17	0.72
19790112	0.0	-1.75	0.7
19790113	0.0	-2.21	0.57
19790114	0.28	3.2	0.47
19790115	0.19	4.42	0.42
19790116	4.95	2.93	0.4
19790117	2.1	-0.21	0.78
19790118	0.06	-1.09	0.73
19790119	9.92	1.3	0.69
19790120	0.17	2.78	2.06
19790121	0.16	1.43	1.16
19790122	6.25	-0.32	0.83
19790123	0.22	-2.22	0.98
19790124	0.01	0.15	0.75
19790125	9.19	1.18	1.28
19790126	0.02	-1.92	1.96
19790127	0.3	-1.43	1.2
19790128	10.79	2.11	1.31
19790129	4.96	1.71	3.5
19790130	0.09	0.29	2.03
19790131	4.26	3.81	1.11
19790201	15.24	4.85	3.96
19790202	0.0	-0.25	3.52
19790203	0.0	1.71	1.77
19790204	0.01	2.19	1.23
19790205	0.0	1.2	1.0
19790206	9.04	2.81	0.72
19790207	5.06	4.15	2.66
19790208	0.11	1.86	1.95
19790209	0.03	2.22	1.27
19790210	4.35	1.79	1.15
19790211	6.04	1.49	1.32
19790212	6.54	3.55	2.3
19790213	10.79	3.3	5.71
19790214	1.38	-2.2	3.73
19790215	0.72	-2.42	1.72
19790216	0.02	-1.3	1.25
19790217	0.02	-1.41	1.05
19790218	0.06	-0.86	0.84
19790219	0.02	0.85	0.82
19790220	0.01	1.68	0.79
19790221	0.14	1.61	0.71
19790222	1.72	2.77	0.7
19790223	0.02	4.23	0.67
19790224	0.0	0.37	0.68
19790225	0.0	1.19	0.58
19790226	0.01	1.33	0.56
19790227	0.41	4.54	0.59
19790228	2.85	1.62	0.64
19790301	2.04	5.03	0.64
19790302	0.06	9.01	0.64
19790303	7.76	6.98	0.64
19790304	0.0	4.38	0.64
19790305	0.02	5.81	0.64
19790306	6.83	4.63	0.64
19790307	0.04	4.36	0.64
19790308	8.31	7.14	0.64
19790309	3.37	4.63	0.64
19790310	4.19	6.3	0.64
19790311	0.29	7.33	0.64
19790312	1.25	7.12	0.64
19790313	13.15	3.8	0.64
19790314	3.67	1.84	0.64
19790315	0.61	1.23	0.64
19790316	2.3	1.65	0.64
19790317	0.15	3.5	0.64
19790318	0.45	5.42	0.64
19790319	3.3	4.75	0.64
19790320	4.41	5.43	0.64
19790321	2.51	3.87	0.64
19790322	2.13	2.8	0.64
19790323	0.0	3.36	0.64
19790324	18.12	7.65	0.64
19790325	1.65	9.11	0.64
19790326	5.32	5.8	0.64
19790327	6.24	4.86	0.64
19790328	3.84	4.46	0.64
19790329	2.26	4.41	0.64
19790330	0.12	4.37	0.64
19790331	1.21	6.69	0.64
19790401	0.38	5.63	0.64
19790402	5.24	3.42	0.64
19790403	0.87	3.95	0.64
19790404	1.07	2.61	0.64
19790405	0.79	3.38	0.64
19790406	0.06	4.2	0.64
19790407	20.86	7.05	0.64
19790408	2.59	7.64	0.64
19790409	0.27	10.08	0.64
19790410	8.94	11.64	0.64
19790411	0.55	10.7	0.64
19790412	2.22	9.72	0.64
19790413	0.0	12.07	0.64
19790414	0.0	12.72	0.64
19790415	0.0	14.21	0.64
19790416	0.0	10.09	0.64
19790417	0.0	4.12	0.64
19790418	0.0	7.75	0.64
19790419	1.97	9.88	0.64
19790420	0.29	8.54	0.64
19790421	0.18	6.74	0.64
19790422	4.48	10.28	0.64
19790423	3.89	8.82	0.64
19790424	4.61	7.18	0.64
19790425	4.3	8.15	0.64
19790426	0.92	7.41	0.64
19790427	4.79	8.8	0.64
19790428	0.73	6.91	0.64
19790429	0.25	9.36	0.64
19790430	0.31	7.48	0.64
19790501	17.91	4.19	0.64
19790502	1.15	3.39	0.64
19790503	1.01	4.19	0.64
19790504	0.13	4.51	0.64
19790505	0.25	4.77	0.64
19790506	0.0	5.9	0.64
19790507	0.0	8.67	0.64
19790508	0.0	8.64	0.64
19790509	0.0	10.91	0.64
19790510	17.69	11.02	0.64
19790511	0.2	13.15	0.64
19790512	0.0	13.56	0.64
19790513	0.0	13.51	0.64
19790514	0.0	15.86	0.64
19790515	0.0	17.0	0.64
19790516	3.55	13.85	0.64
19790517	0.07	10.76	0.64
19790518	0.16	8.6	0.64
19790519	1.15	11.7	0.64
19790520	16.23	12.01	0.64
19790521	7.57	10.69	0.64
19790522	1.99	11.54	0.64
19790523	0.46	9.6	0.64
19790524	2.97	9.55	0.64
19790525	4.9	9.48	0.64
19790526	8.35	10.53	0.64
19790527	0.86	10.6	0.64
19790528	5.13	13.51	0.64
19790529	1.13	14.77	0.64
19790530	2.86	16.75	0.64
19790531	0.23	12.19	0.64
19790601	2.89	15.35	0.59
19790602	0.06	15.4	0.56
19790603	0.01	16.48	0.53
19790604	0.0	15.27	0.52
19790605	0.0	12.71	0.46
19790606	0.46	12.35	0.41
19790607	6.42	10.25	0.49
19790608	0.76	13.68	0.56
19790609	0.01	14.97	0.46
19790610	5.13	13.55	0.46
19790611	0.69	11.9	0.45
19790612	13.45	13.69	0.48
19790613	1.55	13.65	1.6
19790614	0.64	11.18	0.88
19790615	4.16	12.71	0.73
19790616	0.0	14.15	0.64
19790617	0.0	15.73	0.57
19790618	0.0	15.11	0.53
19790619	0.0	15.84	0.49
19790620	0.0	16.59	0.44
19790621	1.39	14.57	0.35
19790622	0.0	13.03	0.29
19790623	4.35	13.74	0.34
19790624	3.93	12.31	0.35
19790625	5.4	13.81	0.46
19790626	0.35	13.31	0.33
19790627	0.0	13.9	0.34
19790628	0.0	16.05	0.33
19790629	0.0	14.49	0.32
19790630	0.0	11.93	0.28
19790701	0.0	12.25	0.26
19790702	0.0	13.52	0.17
19790703	0.0	16.26	0.21
19790704	0.0	15.18	0.23
19790705	0.0	17.39	0.23
19790706	0.0	18.03	0.15
19790707	0.0	17.21	0.21
19790708	0.01	18.52	0.17
19790709	0.0	15.98	0.19
19790710	0.0	16.68	0.18
19790711	0.0	15.54	0.15
19790712	0.0	17.9	0.14
19790713	0.0	19.22	0.1
19790714	0.0	17.42	0.19
19790715	0.0	15.18	0.22
19790716	0.0	17.34	0.17
19790717	0.0	19.12	0.09
19790718	0.32	16.66	0.07
19790719	0.0	13.58	0.08
19790720	0.0	15.29	0.07
19790721	0.0	13.31	0.06
19790722	0.0	15.08	0.05
19790723	0.0	15.84	0.08
19790724	2.2	15.34	0.11
19790725	0.0	16.84	0.11
19790726	0.0	17.25	0.11
19790727	0.0	20.38	0.1
19790728	22.27	21.31	0.11
19790729	5.04	16.22	0.53
19790730	3.32	17.25	0.27
19790731	7.66	16.72	0.21
19790801	0.7	17.2	0.3
19790802	1.53	16.34	0.17
19790803	8.95	16.06	0.22
19790804	0.0	15.58	0.21
19790805	0.0	15.6	0.08
19790806	0.25	18.61	0.1
19790807	3.21	15.52	0.05
19790808	19.84	16.11	0.09
19790809	1.44	14.0	0.59
19790810	1.3	16.84	0.18
19790811	0.04	18.44	0.15
19790812	0.04	18.86	0.15
19790813	1.65	17.56	0.16
19790814	0.03	14.42	0.17
19790815	0.03	13.67	0.09
19790816	13.59	16.0	0.07
19790817	0.73	14.75	0.22
19790818	0.14	14.71	0.18
19790819	0.22	15.18	0.09
19790820	3.07	17.41	0.12
19790821	0.03	13.82	0.15
19790822	1.8	12.64	0.18
19790823	14.1	11.82	0.34
19790824	0.04	11.76	0.31
19790825	5.73	10.56	0.22
19790826	0.01	12.5	0.24
19790827	1.23	10.4	0.17
19790828	0.0	12.44	0.11
19790829	0.0	14.23	0.1
19790830	0.0	16.55	0.12
19790831	0.0	16.67	0.09
19790901	6.57	17.21	0.09
19790902	1.05	16.15	0.09
19790903	0.0	14.83	0.09
19790904	0.0	13.68	0.09
19790905	0.0	16.37	0.09
19790906	0.0	16.89	0.09
19790907	0.0	14.2	0.09
19790908	0.0	17.87	0.09
19790909	0.0	16.2	0.09
19790910	0.0	13.8	0.09
19790911	0.0	13.14	0.09
19790912	0.0	13.55	0.09
19790913	0.0	11.03	0.09
19790914	0.0	10.74	0.09
19790915	0.0	9.98	0.09
19790916	0.0	12.29	0.09
19790917	0.0	15.88	0.09
19790918	3.48	16.53	0.09
19790919	6.08	14.2	0.09
19790920	0.01	10.54	0.09
19790921	0.69	9.67	0.09
19790922	0.0	8.15	0.09
19790923	0.72	10.59	0.09
19790924	0.01	10.81	0.09
19790925	0.5	14.36	0.09
19790926	2.43	14.89	0.09
19790927	0.0	11.27	0.09
19790928	0.0	10.06	0.09
19790929	0.0	11.8	0.09
19790930	0.0	11.82	0.09
19791001	0.0	12.39	0.09
19791002	0.0	14.92	0.09
19791003	1.01	16.88	0.09
19791004	0.14	10.8	0.09
19791005	0.0	11.06	0.09
19791006	3.85	13.96	0.09
19791007	0.05	14.9	0.09
19791008	4.02	16.51	0.09
19791009	12.33	16.88	0.09
19791010	0.7	13.02	0.09
19791011	0.05	13.28	0.09
19791012	0.93	15.2	0.09
19791013	0.02	13.29	0.09
19791014	0.0	11.48	0.09
19791015	0.02	11.46	0.09
19791016	0.01	11.03	0.09
19791017	0.88	12.18	0.09
19791018	0.0	10.55	0.09
19791019	0.0	11.85	0.09
19791020	0.0	11.02	0.09
19791021	0.0	11.33	0.09
19791022	0.0	8.89	0.09
19791023	0.02	9.25	0.09
19791024	3.65	12.01	0.09
19791025	27.84	11.5	0.09
19791026	7.47	8.6	0.09
19791027	0.03	5.78	0.09
19791028	0.01	6.23	0.09
19791029	0.01	6.11	0.09
19791030	11.2	10.31	0.09
19791031	0.13	9.61	0.09
19791101	0.02	6.94	0.09
19791102	3.52	8.67	0.09
19791103	4.47	12.46	0.09
19791104	2.71	10.6	0.09
19791105	5.49	10.45	0.09
19791106	20.95	10.37	0.09
19791107	4.83	8.5	0.09
19791108	5.29	5.71	0.09
19791109	0.08	3.86	0.09
19791110	0.0	3.88	0.09
19791111	15.2	6.93	0.09
19791112	0.0	1.68	0.09
19791113	3.42	2.71	0.09
19791114	4.92	4.42	0.09
19791115	0.61	3.91	0.09
19791116	0.29	2.9	0.09
19791117	2.75	5.87	0.09
19791118	0.01	5.73	0.09
19791119	0.01	4.68	0.09
19791120	0.0	2.68	0.09
19791121	0.94	2.32	0.09
19791122	1.73	7.5	0.09
19791123	0.63	4.91	0.09
19791124	0.04	4.08	0.09
19791125	0.11	10.24	0.09
19791126	5.17	11.78	0.09
19791127	0.03	11.46	0.09
19791128	0.01	7.05	0.09
19791129	0.29	7.65	0.09
19791130	0.67	11.26	0.09
19791201	0.01	10.86	0.09
19791202	0.39	11.57	0.09
19791203	0.01	9.53	0.09
19791204	0.02	11.64	0.09
19791205	5.64	12.25	0.09
19791206	0.12	11.35	0.09
19791207	3.56	11.53	0.09
19791208	4.91	9.69	0.09
19791209	18.28	10.31	0.09
19791210	7.56	9.57	0.09
19791211	0.14	4.69	0.09
19791212	10.98	6.7	0.09
19791213	13.14	8.04	0.09
19791214	10.83	8.74	0.09
19791215	0.21	5.86	0.09
19791216	0.11	7.32	0.09
19791217	0.03	6.32	0.09
19791218	0.59	3.98	0.09
19791219	0.02	3.22	0.09
19791220	0.01	2.63	0.09
19791221	1.01	1.0	0.09
19791222	1.52	1.73	0.09
19791223	0.03	0.76	0.09
19791224	0.0	-0.27	0.09
19791225	0.01	1.34	0.09
19791226	14.43	4.66	0.09
19791227	53.25	5.05	0.09
19791228	2.16	3.62	0.09
19791229	0.01	2.25	0.09
19791230	0.0	1.35	0.09
19791231	0.0	-0.63	0.09
19800101	0.0	-2.55	0.09
19800102	0.24	-1.97	0.09
19800103	19.37	5.93	0.09
19800104	0.43	5.03	0.09
19800105	0.02	5.25	0.09
19800106	0.01	5.08	0.09
19800107	0.01	3.68	0.09
19800108	0.0	2.23	0.09
19800109	0.0	1.81	0.09
19800110	0.04	1.22	0.09
19800111	0.04	0.6	0.09
19800112	0.02	-0.32	0.09
19800113	0.0	-2.01	0.09
19800114	0.01	-1.39	0.09
19800115	0.11	1.15	0.09
19800116	0.22	2.03	0.09
19800117	0.0	0.86	0.09
19800118	0.74	-0.11	0.09
19800119	4.65	3.23	0.09
19800120	12.57	3.64	0.09
19800121	6.28	6.24	0.09
19800122	1.09	5.31	0.09
19800123	0.13	3.73	0.09
19800124	0.01	3.0	0.09
19800125	0.01	1.92	0.09
19800126	0.0	0.01	0.09
19800127	0.0	-0.14	0.09
19800128	0.0	3.12	0.09
19800129	0.85	5.62	0.09
19800130	10.37	8.38	0.09
19800131	11.02	3.75	0.09
19800201	12.34	3.55	0.09
19800202	6.74	6.65	0.09
19800203	9.83	6.58	0.09
19800204	11.03	6.65	0.09
19800205	0.33	7.95	0.09
19800206	9.86	6.4	0.09
19800207	2.9	6.64	0.09
19800208	0.12	8.45	0.09
19800209	2.4	7.4	0.09
19800210	0.01	6.79	0.09
19800211	0.0	7.42	0.09
19800212	0.0	6.98	0.09
19800213	0.0	5.52	0.09
19800214	1.77	6.86	0.09
19800215	1.02	7.81	0.09
19800216	2.16	5.24	0.09
19800217	0.0	7.29	0.09
19800218	0.0	6.84	0.09
19800219	0.0	5.69	0.09
19800220	0.22	6.87	0.09
19800221	3.65	8.45	0.09
19800222	8.91	4.25	0.09
19800223	0.78	4.34	0.09
19800224	2.7	2.96	0.09
19800225	0.02	3.22	0.09
19800226	0.0	4.73	0.09
19800227	0.0	5.16	0.09
19800228	0.0	5.25	0.09
19800229	0.0	7.04	0.09
19800301	0.0	7.08	0.09
19800302	0.0	3.84	0.09
19800303	0.0	1.33	0.09
19800304	0.0	3.63	0.09
19800305	6.9	6.11	0.09
19800306	7.23	6.83	0.09
19800307	3.31	5.47	0.09
19800308	0.13	4.55	0.09
19800309	1.44	4.98	0.09
19800310	3.49	5.67	0.09
19800311	1.99	7.36	0.09
19800312	6.67	5.21	0.09
19800313	0.18	4.5	0.09
19800314	0.15	4.52	0.09
19800315	0.01	3.24	0.09
19800316	0.01	4.25	0.09
19800317	12.55	3.28	0.09
19800318	2.34	5.22	0.09
19800319	0.14	1.98	0.09
19800320	0.01	1.52	0.09
19800321	0.0	-0.39	0.09
19800322	0.0	3.07	0.09
19800323	0.15	6.09	0.09
19800324	7.75	7.97	0.09
19800325	0.1	6.39	0.09
19800326	12.16	8.06	0.09
19800327	4.52	8.97	0.09
19800328	7.94	9.12	0.09
19800329	0.06	6.4	0.09
19800330	0.18	7.77	0.09
19800331	9.74	8.91	0.09
19800401	8.51	7.74	0.09
19800402	0.01	6.96	0.09
19800403	0.0	5.52	0.09
19800404	0.0	6.22	0.09
19800405	0.0	7.15	0.09
19800406	0.0	6.4	0.09
19800407	0.05	8.38	0.09
19800408	0.0	5.15	0.09
19800409	0.0	7.26	0.09
19800410	0.0	7.52	0.09
19800411	0.0	8.83	0.09
19800412	0.0	10.42	0.09
19800413	0.0	11.88	0.09
19800414	0.0	13.0	0.09
19800415	0.0	13.28	0.09
19800416	0.02	15.23	0.09
19800417	0.0	10.63	0.09
19800418	0.0	13.02	0.09
19800419	0.0	9.57	0.09
19800420	0.0	5.28	0.09
19800421	0.02	8.53	0.09
19800422	2.64	7.95	0.09
19800423	0.07	8.14	0.09
19800424	0.06	9.71	0.09
19800425	0.0	6.48	0.09
19800426	2.28	7.66	0.09
19800427	0.12	9.47	0.09
19800428	0.1	8.63	0.09
19800429	0.87	8.23	0.09
19800430	0.44	9.66	0.09
19800501	0.05	12.78	0.09
19800502	3.43	9.46	0.09
19800503	0.01	7.9	0.09
19800504	0.0	9.5	0.09
19800505	0.0	8.1	0.09
19800506	0.01	8.32	0.09
19800507	0.02	7.12	0.09
19800508	0.0	5.05	0.09
19800509	0.0	6.6	0.09
19800510	0.0	12.02	0.09
19800511	0.0	14.87	0.09
19800512	0.0	18.04	0.09
19800513	0.0	15.33	0.09
19800514	0.0	13.48	0.09
19800515	0.0	11.1	0.09
19800516	0.0	12.64	0.09
19800517	0.0	12.45	0.09
19800518	0.0	13.64	0.09
19800519	0.0	14.89	0.09
19800520	1.97	11.41	0.09
19800521	0.28	12.61	0.09
19800522	0.0	9.54	0.09
19800523	0.04	10.6	0.09
19800524	0.0	9.02	0.09
19800525	0.0	9.33	0.09
19800526	0.0	11.05	0.09
19800527	0.0	10.69	0.09
19800528	0.05	11.05	0.09
19800529	0.03	8.35	0.09
19800530	8.78	10.77	0.09
19800531	3.68	10.94	0.09
19800601	0.02	12.41	0.09
19800602	0.0	14.68	0.09
19800603	0.0	16.42	0.09
19800604	0.0	19.89	0.09
19800605	0.0	17.24	0.09
19800606	0.0	13.35	0.09
19800607	0.01	12.76	0.09
19800608	0.0	12.29	0.09
19800609	0.59	14.78	0.09
19800610	14.31	13.79	0.09
19800611	0.01	13.29	0.09
19800612	7.58	16.88	0.09
19800613	22.9	18.62	0.09
19800614	0.01	14.94	0.09
19800615	5.03	15.27	0.09
19800616	3.94	13.5	0.09
19800617	9.0	12.31	0.09
19800618	0.12	15.53	0.09
19800619	0.14	12.66	0.09
19800620	0.1	12.89	0.09
19800621	5.23	12.24	0.09
19800622	4.11	11.29	0.09
19800623	17.15	12.28	0.09
19800624	8.38	11.01	0.09
19800625	1.13	12.34	0.09
19800626	4.72	12.23	0.09
19800627	16.31	13.94	0.09
19800628	0.92	12.89	0.09
19800629	0.0	13.26	0.09
19800630	12.91	13.99	0.09
19800701	0.75	12.92	0.09
19800702	3.79	14.8	0.09
19800703	6.17	15.51	0.09
19800704	0.01	13.31	0.09
19800705	0.0	13.24	0.09
19800706	10.56	14.42	0.09
19800707	29.22	14.28	0.09
19800708	4.31	12.73	0.09
19800709	1.35	11.63	0.09
19800710	0.02	12.52	0.09
19800711	0.32	14.25	0.09
19800712	2.74	13.81	0.09
19800713	14.86	14.75	0.09
19800714	1.59	12.69	0.09
19800715	0.25	12.99	0.09
19800716	0.01	12.69	0.09
19800717	1.48	14.69	0.09
19800718	3.91	15.16	0.09
19800719	1.77	15.92	0.09
19800720	2.67	11.91	0.09
19800721	0.0	12.66	0.09
19800722	0.0	14.39	0.09
19800723	0.0	16.36	0.09
19800724	0.0	17.59	0.09
19800725	0.01	21.38	0.09
19800726	3.56	16.3	0.09
19800727	0.01	14.72	0.09
19800728	0.0	20.8	0.09
19800729	8.26	19.89	0.09
19800730	0.22	16.01	0.09
19800731	0.25	15.18	0.09
19800801	0.01	16.3	0.09
19800802	0.0	20.35	0.09
19800803	1.36	18.42	0.09
19800804	3.76	17.47	0.09
19800805	0.0	16.02	0.09
19800806	0.0	16.89	0.09
19800807	0.0	18.71	0.09
19800808	2.76	16.97	0.09
19800809	0.01	16.59	0.09
19800810	0.01	17.68	0.09
19800811	1.69	14.79	0.09
19800812	13.85	15.84	0.09
19800813	1.0	19.41	0.09
19800814	33.33	20.05	0.09
19800815	0.03	17.32	0.09
19800816	0.19	17.3	0.09
19800817	2.78	16.48	0.09
19800818	0.0	15.94	0.09
19800819	0.0	15.61	0.09
19800820	0.01	19.12	0.09
19800821	0.0	14.31	0.09
19800822	0.0	12.2	0.09
19800823	0.0	11.55	0.09
19800824	0.0	12.33	0.09
19800825	0.0	14.93	0.09
19800826	0.0	16.94	0.09
19800827	0.09	18.6	0.09
19800828	1.05	17.68	0.09
19800829	12.0	15.9	0.09
19800830	0.19	15.1	0.09
19800831	0.0	13.26	0.09
19800901	0.0	14.33	0.09
19800902	0.0	14.5	0.09
19800903	0.0	16.2	0.09
19800904	2.7	15.81	0.09
19800905	6.92	14.14	0.09
19800906	0.0	14.94	0.09
19800907	0.14	14.37	0.09
19800908	0.17	13.85	0.09
19800909	3.98	14.24	0.09
19800910	1.52	15.49	0.09
19800911	1.23	16.33	0.09
19800912	0.02	14.54	0.09
19800913	0.08	15.15	0.09
19800914	0.0	16.13	0.09
19800915	0.27	15.95	0.09
19800916	11.45	14.3	0.09
19800917	0.02	15.06	0.09
19800918	0.22	16.42	0.09
19800919	2.42	17.34	0.09
19800920	8.7	17.56	0.09
19800921	5.55	14.8	0.09
19800922	1.45	15.13	0.09
19800923	3.84	14.67	0.09
19800924	0.01	12.56	0.09
19800925	0.0	13.21	0.09
19800926	0.0	14.76	0.09
19800927	0.0	13.65	0.09
19800928	0.0	14.97	0.09
19800929	0.0	14.86	0.09
19800930	0.0	12.18	0.09
19801001	0.0	12.49	0.09
19801002	0.0	9.94	0.09
19801003	0.05	10.96	0.09
19801004	0.0	9.09	0.09
19801005	0.07	11.79	0.09
19801006	23.23	12.42	0.09
19801007	0.11	10.14	0.09
19801008	0.03	7.87	0.09
19801009	0.27	6.14	0.09
19801010	32.45	8.0	0.09
19801011	1.71	8.83	0.09
19801012	0.01	6.62	0.09
19801013	0.36	9.24	0.09
19801014	0.33	7.65	0.09
19801015	26.8	9.94	0.09
19801016	6.92	9.9	0.09
19801017	0.53	6.43	0.09
19801018	0.04	5.44	0.09
19801019	1.14	9.69	0.09
19801020	0.22	9.43	0.09
19801021	3.35	12.26	0.09
19801022	7.22	11.42	0.09
19801023	0.73	9.94	0.09
19801024	0.54	9.93	0.09
19801025	1.44	9.45	0.09
19801026	6.94	13.2	0.09
19801027	0.25	15.58	0.09
19801028	10.12	11.76	0.09
19801029	0.0	7.29	0.09
19801030	0.0	6.12	0.09
19801031	0.0	6.4	0.09
19801101	0.0	4.37	0.09
19801102	0.0	1.72	0.09
19801103	0.0	2.81	0.09
19801104	1.07	2.68	0.09
19801105	0.38	2.39	0.09
19801106	4.95	1.84	0.09
19801107	0.12	1.4	0.09
19801108	0.11	4.04	0.09
19801109	0.0	3.36	0.09
19801110	0.01	4.45	0.09
19801111	0.12	2.71	0.09
19801112	0.0	3.49	0.09
19801113	0.01	6.97	0.09
19801114	16.7	10.65	0.09
19801115	6.07	12.78	0.09
19801116	0.9	12.53	0.09
19801117	13.89	10.22	0.09
19801118	0.26	7.34	0.09
19801119	0.06	11.28	0.09
19801120	0.01	12.08	0.09
19801121	1.18	12.2	0.09
19801122	6.28	12.62	0.09
19801123	0.54	12.69	0.09
19801124	0.06	10.4	0.09
19801125	0.29	4.95	0.09
19801126	0.02	1.53	0.09
19801127	1.06	4.65	0.09
19801128	2.13	1.46	0.09
19801129	0.28	1.28	0.09
19801130	0.01	0.34	0.09
19801201	3.22	2.47	0.09
19801202	0.06	4.8	0.09
19801203	0.01	2.56	0.09
19801204	0.43	4.83	0.09
19801205	0.68	6.24	0.09
19801206	0.0	1.74	0.09
19801207	0.0	-0.99	0.09
19801208	0.0	0.57	0.09
19801209	0.0	4.83	0.09
19801210	1.15	8.55	0.09
19801211	0.29	9.25	0.09
19801212	3.19	9.72	0.09
19801213	0.43	9.93	0.09
19801214	7.98	8.09	0.09
19801215	1.06	3.64	0.09
19801216	5.97	4.49	0.09
19801217	13.38	5.87	0.09
19801218	0.04	2.1	0.09
19801219	12.32	4.08	0.09
19801220	3.73	5.07	0.09
19801221	0.43	4.98	0.09
19801222	0.1	9.7	0.09
19801223	0.05	10.57	0.09
19801224	1.22	9.14	0.09
19801225	0.05	5.07	0.09
19801226	2.33	3.0	0.09
19801227	0.0	0.82	0.09
19801228	0.08	4.94	0.09
19801229	0.01	8.65	0.09
19801230	0.0	8.2	0.09
19801231	0.08	6.98	0.09
19810101	0.01	6.56	0.09
19810102	0.0	9.46	0.09
19810103	0.01	6.84	0.09
19810104	0.11	2.17	0.09
19810105	0.09	2.47	0.09
19810106	3.42	2.62	0.09
19810107	0.08	2.3	0.09
19810108	0.04	6.34	0.09
19810109	4.7	4.6	0.09
19810110	0.24	1.93	0.09
19810111	0.03	0.35	0.09
19810112	2.7	1.39	0.09
19810113	2.37	2.55	0.09
19810114	1.79	5.69	0.09
19810115	0.01	1.29	0.09
19810116	3.87	3.89	0.09
19810117	1.65	3.18	0.09
19810118	2.91	3.67	0.09
19810119	0.7	5.14	0.09
19810120	2.96	2.85	0.09
19810121	1.94	7.5	0.09
19810122	0.02	8.21	0.09
19810123	0.01	8.21	0.09
19810124	0.0	6.11	0.09
19810125	0.0	6.13	0.09
19810126	0.02	7.16	0.09
19810127	0.14	8.73	0.09
19810128	0.01	7.3	0.09
19810129	0.01	2.68	0.09
19810130	0.01	0.43	0.09
19810131	0.03	0.34	0.09
19810201	0.03	4.18	0.09
19810202	5.62	6.52	0.09
19810203	0.06	6.12	0.09
19810204	0.05	3.23	0.09
19810205	0.05	6.04	0.09
19810206	0.0	10.57	0.09
19810207	0.0	9.62	0.09
19810208	0.18	8.91	0.09
19810209	2.41	4.0	0.09
19810210	0.01	0.65	0.09
19810211	0.0	1.85	0.09
19810212	0.0	1.54	0.09
19810213	0.0	-0.87	0.09
19810214	0.0	-0.91	0.09
19810215	0.0	-0.28	0.09
19810216	0.0	1.23	0.09
19810217	0.0	3.06	0.09
19810218	0.22	2.05	0.09
19810219	0.06	1.52	0.09
19810220	0.0	-0.91	0.09
19810221	3.77	0.8	0.09
19810222	2.65	3.0	0.09
19810223	0.01	0.88	0.09
19810224	0.01	0.89	0.09
19810225	0.0	0.4	0.09
19810226	0.0	0.59	0.09
19810227	8.93	4.12	0.09
19810228	1.65	6.77	0.09
19810301	10.13	7.57	0.09
19810302	12.47	6.59	0.09
19810303	0.58	3.13	0.09
19810304	0.0	2.42	0.09
19810305	4.09	5.81	0.09
19810306	3.51	9.49	0.09
19810307	8.82	10.67	0.09
19810308	4.75	10.51	0.09
19810309	17.2	10.29	0.09
19810310	11.73	11.71	0.09
19810311	0.33	9.94	0.09
19810312	2.27	9.99	0.09
19810313	4.66	8.02	0.09
19810314	0.48	6.2	0.09
19810315	1.58	5.49	0.09
19810316	0.19	3.83	0.09
19810317	0.7	2.83	0.09
19810318	0.03	7.31	0.09
19810319	0.02	8.09	0.09
19810320	0.09	9.91	0.09
19810321	6.42	9.32	0.09
19810322	4.07	6.22	0.09
19810323	6.83	9.99	0.09
19810324	8.89	10.76	0.09
19810325	5.49	11.16	0.09
19810326	0.29	9.98	0.09
19810327	0.01	11.52	0.09
19810328	0.64	11.95	0.09
19810329	1.88	11.96	0.09
19810330	17.65	8.43	0.09
19810331	4.59	7.87	0.09
19810401	0.04	7.48	0.09
19810402	0.01	8.98	0.09
19810403	0.0	6.53	0.09
19810404	0.03	6.36	0.09
19810405	0.12	5.71	0.09
19810406	0.0	6.47	0.09
19810407	0.01	7.36	0.09
19810408	0.0	11.1	0.09
19810409	0.0	12.58	0.09
19810410	10.38	16.34	0.09
19810411	0.58	13.62	0.09
19810412	0.0	10.36	0.09
19810413	3.97	8.77	0.09
19810414	0.35	10.88	0.09
19810415	0.0	10.34	0.09
19810416	0.0	8.67	0.09
19810417	0.0	7.32	0.09
19810418	0.0	5.96	0.09
19810419	2.27	6.93	0.09
19810420	0.01	5.56	0.09
19810421	0.0	4.21	0.09
19810422	0.18	5.47	0.09
19810423	0.0	4.6	0.09
19810424	5.8	4.94	0.09
19810425	4.83	3.47	0.09
19810426	9.27	6.17	0.09
19810427	0.75	4.71	0.09
19810428	0.39	8.33	0.09
19810429	0.0	12.22	0.09
19810430	0.23	12.54	0.09
19810501	0.01	6.93	0.56
19810502	0.04	4.42	0.51
19810503	9.74	6.76	0.69
19810504	0.74	5.85	0.91
19810505	2.16	9.57	0.7
19810506	0.01	10.96	0.62
19810507	1.7	13.59	0.58
19810508	1.24	11.94	0.53
19810509	10.88	13.71	0.57
19810510	3.49	12.79	2.32
19810511	0.02	16.17	1.1
19810512	0.0	11.54	0.72
19810513	0.51	12.01	0.59
19810514	0.0	10.45	0.45
19810515	15.94	12.62	1.2
19810516	0.85	11.23	2.23
19810517	1.49	10.32	0.99
19810518	9.33	12.13	1.58
19810519	3.22	14.65	1.63
19810520	0.3	13.92	1.22
19810521	5.89	12.37	1.98
19810522	9.86	12.4	1.17
19810523	7.07	10.06	3.64
19810524	8.93	10.45	2.94
19810525	5.38	9.82	3.41
19810526	0.82	10.88	2.61
19810527	2.69	12.44	1.56
19810528	0.38	11.93	1.38
19810529	0.02	13.12	1.01
19810530	2.65	15.63	0.81
19810531	0.12	15.08	0.86
19810601	8.83	16.43	0.73
19810602	0.0	13.15	1.72
19810603	0.0	12.78	0.91
19810604	2.35	12.62	0.73
19810605	0.11	12.54	0.66
19810606	0.0	12.17	0.58
19810607	5.66	14.0	0.62
19810608	0.12	13.92	0.64
19810609	0.01	11.94	0.56
19810610	3.19	13.14	0.48
19810611	1.52	13.01	0.65
19810612	0.13	12.66	0.6
19810613	0.0	14.99	0.49
19810614	0.0	16.7	0.42
19810615	0.01	13.76	0.49
19810616	0.0	12.43	0.35
19810617	0.0	10.38	0.33
19810618	0.0	12.37	0.26
19810619	0.0	13.56	0.26
19810620	0.0	13.47	0.28
19810621	0.0	11.26	0.26
19810622	0.0	14.05	0.23
19810623	6.21	16.42	0.23
19810624	1.9	13.62	0.42
19810625	0.01	12.2	0.31
19810626	8.22	10.27	0.36
19810627	0.0	10.63	0.42
19810628	0.0	10.32	0.35
19810629	0.0	13.35	0.31
19810630	0.0	15.36	0.25
19810701	0.01	13.64	0.19
19810702	0.53	12.87	0.2
19810703	1.41	14.28	0.24
19810704	0.02	14.49	0.23
19810705	0.21	15.84	0.23
19810706	0.0	15.44	0.2
19810707	0.0	16.93	0.2
19810708	2.18	21.01	0.19
19810709	0.03	20.58	0.15
19810710	0.07	15.88	0.13
19810711	0.23	15.49	0.13
19810712	0.12	16.4	0.17
19810713	0.0	16.79	0.19
19810714	0.0	17.26	0.17
19810715	0.0	16.37	0.14
19810716	4.31	14.38	0.16
19810717	1.93	12.8	0.16
19810718	0.2	13.21	0.19
19810719	0.41	17.2	0.18
19810720	0.01	18.88	0.13
19810721	1.61	16.5	0.17
19810722	4.92	13.48	0.19
19810723	7.64	13.6	0.24
19810724	0.29	12.83	0.29
19810725	0.0	13.47	0.18
19810726	0.0	15.74	0.15
19810727	0.0	18.82	0.15
19810728	0.0	18.18	0.14
19810729	0.0	17.21	0.13
19810730	0.13	16.48	0.13
19810731	10.85	16.54	0.26
19810801	0.2	14.48	0.26
19810802	0.0	14.67	0.14
19810803	0.0	16.92	0.14
19810804	0.0	19.92	0.13
19810805	18.84	20.76	0.11
19810806	26.82	18.47	3.26
19810807	0.01	17.65	1.23
19810808	0.01	17.26	0.51
19810809	0.16	15.49	0.22
19810810	0.0	14.22	0.17
19810811	0.0	15.59	0.14
19810812	0.0	16.31	0.14
19810813	0.0	17.13	0.15
19810814	0.0	20.58	0.1
19810815	0.0	19.08	0.13
19810816	0.0	13.77	0.19
19810817	0.0	15.31	0.1
19810818	0.0	17.86	0.09
19810819	7.8	17.83	0.1
19810820	0.12	13.81	0.11
19810821	0.0	16.31	0.14
19810822	0.48	16.63	0.13
19810823	0.0	15.36	0.13
19810824	0.0	15.63	0.1
19810825	0.0	18.19	0.1
19810826	0.0	19.1	0.14
19810827	0.0	18.16	0.13
19810828	0.0	20.25	0.1
19810829	0.0	17.62	0.06
19810830	0.0	16.28	0.1
19810831	0.0	15.32	0.11
19810901	0.0	13.9	0.13
19810902	0.0	14.05	0.09
19810903	0.0	14.16	0.05
19810904	0.0	13.95	0.1
19810905	0.0	14.44	0.08
19810906	0.0	17.06	0.04
19810907	0.01	17.63	0.12
19810908	0.0	15.79	0.15
19810909	0.0	16.97	0.11
19810910	4.93	16.96	0.09
19810911	4.01	16.08	0.15
19810912	0.84	11.91	0.14
19810913	5.28	11.66	0.12
19810914	14.77	15.75	0.16
19810915	0.06	16.89	0.32
19810916	0.25	14.84	0.25
19810917	1.92	16.35	0.11
19810918	7.03	14.49	0.22
19810919	34.99	14.92	1.3
19810920	9.38	13.55	2.39
19810921	1.14	14.75	1.78
19810922	0.24	12.64	0.46
19810923	0.08	14.99	0.21
19810924	29.11	13.13	1.29
19810925	21.29	14.09	3.44
19810926	22.85	12.98	4.34
19810927	2.27	10.57	3.67
19810928	0.01	11.42	0.93
19810929	4.17	14.2	0.29
19810930	9.01	16.25	1.74
19811001	1.63	14.83	1.89
19811002	6.96	9.51	1.21
19811003	7.47	10.32	2.68
19811004	0.68	12.16	1.71
19811005	0.06	11.77	1.03
19811006	10.87	11.59	1.65
19811007	1.64	11.81	1.67
19811008	7.32	14.92	1.1
19811009	0.77	12.1	1.84
19811010	5.88	8.59	1.36
19811011	3.83	8.88	1.28
19811012	0.21	6.72	1.19
19811013	0.0	5.86	0.82
19811014	4.04	7.57	0.72
19811015	0.49	4.4	0.77
19811016	1.57	5.95	0.69
19811017	12.15	8.56	1.78
19811018	0.18	8.14	2.29
19811019	12.1	10.15	1.66
19811020	0.98	6.07	3.29
19811021	0.02	5.63	1.8
19811022	0.0	5.92	1.01
19811023	0.09	6.14	0.75
19811024	13.25	7.84	1.55
19811025	3.19	4.87	3.38
19811026	4.55	6.65	2.01
19811027	3.19	7.47	2.36
19811028	11.78	9.41	2.93
19811029	3.55	8.75	3.65
19811030	4.2	11.06	2.82
19811031	0.38	11.95	2.27
19811101	0.02	13.89	1.53
19811102	0.21	13.11	1.18
19811103	1.75	11.3	1.13
19811104	0.08	5.87	0.97
19811105	0.0	4.77	0.83
19811106	0.0	5.14	0.8
19811107	0.0	6.03	0.75
19811108	0.0	3.5	0.71
19811109	0.0	3.6	0.65
19811110	0.0	6.57	0.62
19811111	0.1	9.45	0.64
19811112	0.0	6.44	0.65
19811113	0.0	6.18	0.53
19811114	0.0	7.09	0.49
19811115	0.04	7.65	0.53
19811116	14.77	8.56	0.56
19811117	0.1	9.02	2.31
19811118	11.81	6.8	2.29
19811119	4.93	8.54	3.13
19811120	0.78	12.46	1.86
19811121	1.16	12.39	0.86
19811122	0.04	11.79	0.53
19811123	0.6	7.48	0.54
19811124	0.0	4.06	0.32
19811125	0.35	3.81	0.24
19811126	2.95	9.87	0.21
19811127	2.63	7.58	0.41
19811128	0.15	4.31	0.39
19811129	1.64	5.87	0.25
19811130	0.99	5.6	0.81
19811201	0.01	2.85	0.74
19811202	0.0	4.2	0.66
19811203	0.04	6.7	0.66
19811204	0.16	5.97	0.64
19811205	0.01	4.63	0.63
19811206	0.05	4.84	0.64
19811207	8.29	4.82	0.63
19811208	3.38	-0.8	1.51
19811209	1.16	-1.69	0.43
19811210	4.74	-1.43	0.75
19811211	6.75	-2.24	2.01
19811212	0.0	-3.93	1.03
19811213	20.62	2.64	1.46
19811214	0.88	4.29	3.77
19811215	0.0	0.55	1.76
19811216	0.0	-0.57	1.05
19811217	0.0	-1.27	0.66
19811218	0.0	-2.22	0.37
19811219	0.0	-0.4	0.16
19811220	18.59	1.87	1.38
19811221	2.2	0.88	3.83
19811222	0.14	-2.54	1.42
19811223	1.93	-1.81	1.0
19811224	1.3	-1.46	0.55
19811225	0.0	-1.39	0.31
19811226	3.31	2.81	0.33
19811227	1.59	3.64	1.93
19811228	7.87	4.69	2.47
19811229	3.82	6.53	3.85
19811230	0.53	6.44	1.81
19811231	6.01	5.87	1.29
19820101	1.47	5.72	1.92
19820102	3.36	9.07	2.0
19820103	4.55	9.53	1.56
19820104	5.15	9.33	2.36
19820105	10.94	5.17	3.79
19820106	0.01	-0.65	1.87
19820107	2.83	-1.53	1.12
19820108	2.4	-2.53	0.85
19820109	1.6	-3.51	0.6
19820110	0.01	-3.07	0.47
19820111	0.02	-0.27	0.37
19820112	0.0	-2.01	0.25
19820113	0.0	-3.85	0.64
19820114	0.0	-3.27	0.88
19820115	0.04	2.72	0.91
19820116	0.01	5.52	1.35
19820117	0.07	5.57	1.42
19820118	0.01	6.21	1.45
19820119	0.3	6.69	1.27
19820120	1.89	4.17	1.17
19820121	3.2	5.24	1.14
19820122	0.85	4.77	1.42
19820123	0.01	2.85	1.16
19820124	0.13	3.51	0.97
19820125	3.33	8.35	0.98
19820126	1.06	5.37	1.21
19820127	0.01	1.19	1.02
19820128	3.84	5.37	0.84
19820129	0.73	9.19	1.17
19820130	0.0	7.79	1.12
19820131	0.0	8.67	0.89
19820201	0.0	5.79	0.84
19820202	0.0	4.05	0.81
19820203	0.0	5.31	0.8
19820204	0.0	7.77	0.73
19820205	1.11	8.8	0.71
19820206	3.05	8.72	0.71
19820207	10.68	4.91	1.76
19820208	0.02	5.66	2.3
19820209	0.01	7.3	1.34
19820210	0.22	8.28	1.04
19820211	4.92	5.26	1.22
19820212	9.95	7.95	1.48
19820213	1.03	4.81	3.29
19820214	0.45	4.33	2.0
19820215	0.15	4.4	1.37
19820216	0.07	2.25	1.12
19820217	3.32	2.63	1.06
19820218	0.03	4.53	1.11
19820219	0.0	2.26	0.97
19820220	0.0	1.45	0.85
19820221	0.0	1.5	0.79
19820222	0.0	1.39	0.76
19820223	0.0	0.32	0.73
19820224	0.0	0.7	0.7
19820225	0.07	2.74	0.72
19820226	1.27	4.13	0.73
19820227	0.64	6.86	0.72
19820228	2.0	9.32	0.73
19820301	7.7	6.5	1.25
19820302	13.55	8.45	1.06
19820303	1.33	6.98	3.11
19820304	1.54	4.01	1.5
19820305	0.0	4.68	0.68
19820306	0.02	5.45	1.08
19820307	0.0	1.74	0.97
19820308	2.43	4.01	0.84
19820309	19.0	6.41	1.46
19820310	1.06	6.84	3.92
19820311	6.85	7.14	1.38
19820312	0.15	5.86	2.04
19820313	0.01	6.19	0.92
19820314	0.1	8.87	0.59
19820315	9.62	5.19	0.68
19820316	3.02	5.7	1.84
19820317	0.18	5.64	1.09
19820318	0.01	5.96	0.57
19820319	1.13	5.52	1.09
19820320	0.16	3.7	1.0
19820321	1.38	5.29	0.89
19820322	0.0	6.59	0.87
19820323	0.0	5.54	0.79
19820324	0.0	5.0	0.84
19820325	0.0	5.76	0.78
19820326	0.0	7.49	0.69
19820327	0.0	8.26	0.62
19820328	0.0	8.08	0.65
19820329	2.11	5.9	0.71
19820330	0.02	6.86	0.71
19820331	4.75	6.21	0.65
19820401	0.59	8.62	0.78
19820402	0.01	8.27	0.69
19820403	0.0	7.82	0.57
19820404	0.0	11.4	0.61
19820405	3.5	13.37	0.54
19820406	4.7	10.31	0.67
19820407	4.49	9.34	0.9
19820408	0.09	4.18	0.79
19820409	0.0	7.61	0.63
19820410	0.0	6.16	0.58
19820411	0.0	5.35	0.56
19820412	0.0	4.19	0.54
19820413	0.0	4.88	0.44
19820414	0.0	5.25	0.51
19820415	0.0	8.27	0.53
19820416	0.0	9.91	0.46
19820417	0.0	7.76	0.39
19820418	0.0	7.34	0.35
19820419	0.0	7.26	0.36
19820420	0.0	8.87	0.33
19820421	0.0	10.43	0.25
19820422	0.0	10.98	0.25
19820423	0.0	9.74	0.26
19820424	0.0	9.34	0.28
19820425	0.0	10.99	0.25
19820426	0.0	9.12	0.29
19820427	0.0	8.99	0.26
19820428	0.0	12.22	0.28
19820429	1.57	7.96	0.24
19820430	0.02	10.47	0.24
19820501	0.99	7.5	0.26
19820502	3.44	9.05	0.26
19820503	0.56	7.36	0.31
19820504	0.96	4.84	0.24
19820505	5.67	6.74	0.28
19820506	0.71	5.03	0.34
19820507	1.1	5.4	0.28
19820508	0.06	6.19	0.27
19820509	0.0	7.52	0.25
19820510	0.0	8.29	0.23
19820511	0.0	12.56	0.2
19820512	0.0	14.68	0.18
19820513	0.0	14.21	0.18
19820514	0.0	15.2	0.17
19820515	0.05	16.45	0.15
19820516	1.96	15.41	0.19
19820517	2.39	12.76	0.19
19820518	0.3	13.1	0.18
19820519	0.47	14.2	0.16
19820520	0.05	13.42	0.16
19820521	5.9	13.29	0.17
19820522	2.25	13.0	0.24
19820523	1.98	11.35	0.27
19820524	0.01	14.18	0.29
19820525	0.0	13.88	0.28
19820526	11.49	17.92	0.22
19820527	0.66	11.66	0.32
19820528	0.0	13.18	0.22
19820529	0.0	14.73	0.13
19820530	0.0	16.04	0.1
19820531	0.0	19.18	0.09
19820601	0.0	17.92	0.08
19820602	0.03	19.3	0.11
19820603	0.19	17.68	0.12
19820604	0.0	20.94	0.11
19820605	0.07	20.58	0.11
19820606	2.15	20.33	0.09
19820607	0.12	18.67	0.1
19820608	0.0	17.71	0.08
19820609	0.0	16.5	0.07
19820610	1.47	16.42	0.08
19820611	1.81	14.24	0.12
19820612	6.59	12.98	0.17
19820613	0.0	11.72	0.21
19820614	0.0	11.3	0.2
19820615	3.08	14.46	0.19
19820616	0.01	13.89	0.19
19820617	0.75	16.94	0.17
19820618	9.36	15.25	0.14
19820619	4.49	13.64	0.17
19820620	0.34	15.74	0.19
19820621	1.3	16.22	0.19
19820622	17.96	15.12	0.54
19820623	9.13	14.68	0.75
19820624	0.12	15.49	0.76
19820625	6.49	14.68	0.38
19820626	0.8	15.05	0.27
19820627	2.09	15.49	0.19
19820628	1.71	14.19	0.22
19820629	0.71	13.54	0.18
19820630	0.72	15.69	0.14
19820701	0.09	16.01	0.16
19820702	0.1	18.41	0.15
19820703	1.9	13.79	0.13
19820704	0.0	14.3	0.15
19820705	0.0	16.51	0.14
19820706	0.0	16.22	0.14
19820707	0.0	16.05	0.14
19820708	0.0	20.46	0.1
19820709	0.85	20.63	0.06
19820710	0.0	17.43	0.07
19820711	0.0	20.6	0.11
19820712	0.0	17.78	0.14
19820713	6.51	21.17	0.13
19820714	1.38	18.81	0.22
19820715	7.83	14.17	0.24
19820716	0.01	14.25	0.18
19820717	0.0	16.0	0.14
19820718	0.0	18.07	0.11
19820719	0.0	18.13	0.12
19820720	0.0	18.6	0.11
19820721	0.0	16.21	0.08
19820722	0.03	17.33	0.08
19820723	0.0	15.51	0.07
19820724	0.0	15.28	0.05
19820725	0.01	19.02	0.05
19820726	0.3	14.23	0.05
19820727	0.0	14.18	0.04
19820728	0.0	17.51	0.06
19820729	0.02	18.33	0.06
19820730	4.45	19.12	0.09
19820731	0.0	18.6	0.1
19820801	0.0	18.85	0.11
19820802	0.09	21.11	0.12
19820803	0.07	20.66	0.12
19820804	0.61	18.79	0.07
19820805	4.18	18.65	0.11
19820806	0.14	18.37	0.14
19820807	0.0	16.82	0.09
19820808	0.0	19.7	0.1
19820809	0.04	20.1	0.13
19820810	0.0	18.82	0.13
19820811	0.02	18.02	0.1
19820812	0.18	18.68	0.09
19820813	11.35	13.55	0.22
19820814	10.75	16.18	0.15
19820815	0.1	18.18	0.27
19820816	1.26	16.07	0.18
19820817	0.81	17.59	0.15
19820818	14.28	13.29	0.32
19820819	0.71	13.3	0.21
19820820	0.0	14.49	0.12
19820821	0.0	16.39	0.15
19820822	0.76	15.83	0.15
19820823	0.05	14.67	0.15
19820824	4.47	14.39	0.15
19820825	0.0	13.18	0.11
19820826	8.35	13.97	0.11
19820827	0.0	13.28	0.2
19820828	0.0	13.6	0.13
19820829	2.15	16.79	0.16
19820830	3.7	14.94	0.16
19820831	0.0	11.5	0.15
19820901	1.56	13.06	0.12
19820902	0.0	13.03	0.09
19820903	0.0	14.8	0.07
19820904	0.0	15.02	0.1
19820905	1.85	19.74	0.07
19820906	0.43	13.66	0.07
19820907	0.14	14.43	0.09
19820908	0.0	15.41	0.11
19820909	0.0	14.28	0.11
19820910	0.0	17.32	0.09
19820911	0.0	15.76	0.08
19820912	0.0	14.97	0.08
19820913	0.0	13.95	0.09
19820914	0.0	15.13	0.08
19820915	0.0	18.64	0.06
19820916	0.0	18.21	0.07
19820917	0.77	19.76	0.05
19820918	0.53	18.19	0.09
19820919	9.9	16.89	0.16
19820920	9.23	16.79	0.18
19820921	6.9	9.95	0.34
19820922	6.17	11.89	0.21
19820923	8.99	10.9	0.37
19820924	11.72	14.44	0.36
19820925	3.23	15.28	0.34
19820926	2.93	14.74	0.22
19820927	6.38	12.78	0.24
19820928	0.89	14.39	0.22
19820929	4.43	11.96	0.19
19820930	0.0	11.83	0.21
19821001	2.22	15.14	0.15
19821002	34.28	11.39	1.47
19821003	6.83	13.02	0.51
19821004	22.74	10.06	3.23
19821005	0.26	8.59	0.47
19821006	0.07	11.64	0.57
19821007	5.24	11.17	0.31
19821008	2.56	11.28	0.4
19821009	0.01	10.13	0.33
19821010	1.31	9.7	0.24
19821011	3.07	7.89	0.36
19821012	13.18	11.47	0.94
19821013	27.63	10.42	3.55
19821014	0.03	7.94	2.39
19821015	0.01	8.77	0.44
19821016	21.29	11.0	2.09
19821017	14.69	12.44	4.07
19821018	0.88	9.65	3.2
19821019	0.23	12.32	0.91
19821020	11.2	12.69	0.93
19821021	19.25	11.58	3.14
19821022	6.27	8.02	4.38
19821023	0.0	6.34	2.32
19821024	4.01	9.48	1.32
19821025	1.3	12.55	1.49
19821026	0.36	9.23	1.18
19821027	0.0	7.69	0.87
19821028	0.0	10.45	0.65
19821029	0.0	11.92	0.62
19821030	0.0	11.39	0.57
19821031	0.3	13.79	0.57
19821101	0.28	15.2	0.53
19821102	0.0	12.88	0.48
19821103	0.03	11.47	0.54
19821104	1.1	11.17	0.54
19821105	0.01	11.06	0.5
19821106	0.01	10.94	0.52
19821107	8.56	12.22	0.67
19821108	6.44	13.42	1.22
19821109	2.02	11.51	1.23
19821110	1.02	12.7	0.9
19821111	10.28	12.27	0.68
19821112	3.73	7.91	3.0
19821113	0.55	5.01	1.64
19821114	11.41	4.35	2.66
19821115	7.19	5.17	2.08
19821116	0.75	7.33	2.72
19821117	1.13	9.42	1.77
19821118	0.53	9.04	1.33
19821119	0.03	7.94	0.99
19821120	0.19	9.6	0.79
19821121	11.01	9.41	1.2
19821122	2.08	9.64	2.24
19821123	14.43	8.6	2.83
19821124	21.81	8.31	4.32
19821125	5.8	6.23	4.38
19821126	17.32	4.33	3.34
19821127	0.04	1.33	3.77
19821128	0.0	2.24	1.96
19821129	0.0	1.95	0.87
19821130	0.0	3.39	0.51
19821201	0.29	3.26	0.56
19821202	0.06	2.45	0.45
19821203	0.0	3.79	0.31
19821204	1.74	7.14	0.24
19821205	7.45	6.12	0.74
19821206	0.01	3.75	1.1
19821207	14.54	8.31	2.68
19821208	22.84	6.76	3.02
19821209	16.46	8.79	4.38
19821210	0.02	3.24	4.24
19821211	4.64	2.31	1.0
19821212	4.91	1.97	3.4
19821213	0.0	1.99	2.15
19821214	9.39	5.48	2.3
19821215	0.46	9.38	2.97
19821216	1.58	4.3	1.58
19821217	0.14	0.25	1.1
19821218	0.7	1.7	0.63
19821219	20.63	8.06	3.43
19821220	0.05	5.95	3.03
19821221	0.28	2.6	0.21
19821222	0.02	-0.31	0.89
19821223	3.45	2.11	0.58
19821224	0.08	7.88	0.75
19821225	0.01	8.7	0.59
19821226	0.17	8.71	0.46
19821227	0.04	4.9	0.33
19821228	0.0	3.2	0.2
19821229	0.0	4.12	0.17
19821230	0.0	3.24	0.72
19821231	0.01	4.8	0.95
19830101	1.43	5.54	0.95
19830102	4.7	6.24	0.94
19830103	20.9	10.3	3.04
19830104	4.86	9.09	4.05
19830105	0.98	11.25	1.6
19830106	2.35	7.08	2.7
19830107	4.26	5.56	2.18
19830108	0.42	5.88	2.1
19830109	0.48	7.06	1.73
19830110	0.01	9.01	1.48
19830111	0.01	7.39	1.32
19830112	2.73	6.71	1.22
19830113	3.23	3.3	1.27
19830114	2.88	7.93	2.07
19830115	0.01	9.77	1.57
19830116	0.0	8.12	1.26
19830117	0.03	6.96	1.07
19830118	0.0	3.44	0.96
19830119	0.0	0.61	0.84
19830120	0.0	1.77	0.82
19830121	0.0	5.15	0.78
19830122	0.0	4.95	0.75
19830123	0.0	4.22	0.74
19830124	9.01	7.72	0.96
19830125	0.12	8.99	1.3
19830126	0.12	10.13	1.08
19830127	0.1	10.11	0.98
19830128	0.04	7.98	0.89
19830129	2.45	6.62	0.8
19830130	1.04	3.63	0.92
19830131	16.59	6.47	3.37
19830201	0.03	3.65	1.67
19830202	0.0	3.84	1.62
19830203	0.0	0.13	1.18
19830204	5.24	2.71	0.96
19830205	3.49	4.83	1.47
19830206	2.64	3.15	1.68
19830207	3.23	2.15	1.68
19830208	0.24	0.27	1.6
19830209	0.33	-0.94	1.17
19830210	1.32	-0.16	1.08
19830211	2.46	0.37	1.06
19830212	0.91	0.47	1.11
19830213	0.03	-0.8	0.98
19830214	0.0	0.48	0.9
19830215	0.0	0.3	0.8
19830216	0.0	0.36	0.69
19830217	0.0	0.09	0.72
19830218	0.0	1.35	0.7
19830219	0.0	1.25	0.7
19830220	0.0	1.29	0.69
19830221	0.0	0.56	0.6
19830222	0.0	0.48	0.54
19830223	0.89	2.39	0.53
19830224	4.25	5.16	0.54
19830225	5.21	6.29	0.69
19830226	1.55	7.07	1.23
19830227	5.78	5.26	1.63
19830228	0.19	4.67	1.45
19830301	0.02	5.11	0.99
19830302	0.65	5.57	0.74
19830303	0.01	4.85	0.79
19830304	0.03	3.51	0.75
19830305	0.0	6.86	0.63
19830306	0.0	6.74	0.64
19830307	0.0	6.25	0.64
19830308	0.0	5.0	0.57
19830309	0.0	4.12	0.59
19830310	0.0	6.43	0.52
19830311	0.0	7.72	0.58
19830312	0.0	7.47	0.59
19830313	8.23	9.54	0.69
19830314	3.46	5.1	1.29
19830315	0.0	5.28	0.96
19830316	1.38	7.79	0.73
19830317	0.13	10.78	0.6
19830318	1.49	10.61	0.63
19830319	0.0	10.15	0.63
19830320	2.34	5.8	0.63
19830321	2.11	5.86	0.68
19830322	3.63	5.62	0.58
19830323	9.14	7.1	2.3
19830324	0.85	3.32	1.22
19830325	2.55	4.39	1.14
19830326	6.83	5.35	1.04
19830327	3.09	3.27	2.34
19830328	0.01	4.01	1.52
19830329	2.06	6.36	1.15
19830330	1.2	6.65	0.94
19830331	0.33	4.78	0.79
19830401	5.13	4.98	0.75
19830402	1.74	4.3	0.92
19830403	6.58	4.72	0.96
19830404	0.59	5.35	1.72
19830405	15.34	5.22	2.8
19830406	1.98	5.69	2.08
19830407	4.38	7.39	1.11
19830408	0.0	5.37	0.99
19830409	6.08	8.4	0.5
19830410	1.17	10.34	1.89
19830411	4.99	4.77	1.84
19830412	0.03	4.2	1.46
19830413	0.02	7.53	1.12
19830414	0.0	6.98	0.98
19830415	0.0	7.56	0.91
19830416	0.27	12.47	0.87
19830417	13.62	7.42	1.04
19830418	8.58	3.94	2.74
19830419	0.04	3.33	1.13
19830420	5.87	8.22	1.48
19830421	0.91	8.16	0.96
19830422	5.68	10.75	1.4
19830423	0.23	7.42	1.75
19830424	14.0	11.09	1.5
19830425	3.07	9.55	2.17
19830426	2.47	10.65	1.59
19830427	0.29	9.05	1.1
19830428	0.0	8.29	1.35
19830429	0.12	9.81	1.12
19830430	5.66	12.66	1.07
19830501	1.19	9.45	1.23
19830502	1.66	8.75	1.11
19830503	0.57	8.79	0.96
19830504	0.26	10.15	0.89
19830505	5.58	14.01	0.81
19830506	5.02	12.87	1.17
19830507	1.17	11.95	1.27
19830508	3.15	10.6	1.11
19830509	7.4	8.24	1.21
19830510	6.5	7.78	1.4
19830511	9.83	9.33	1.52
19830512	0.51	10.34	2.14
19830513	0.04	10.98	0.88
19830514	5.68	10.21	0.3
19830515	7.39	10.4	2.13
19830516	5.67	12.81	1.53
19830517	3.06	11.42	0.96
19830518	4.58	10.71	1.05
19830519	1.36	10.26	0.57
19830520	0.01	8.67	1.07
19830521	7.15	8.98	2.33
19830522	0.05	9.49	1.45
19830523	0.0	10.38	1.0
19830524	0.0	10.31	0.78
19830525	0.0	12.47	0.79
19830526	0.0	9.58	0.67
19830527	8.73	10.52	0.88
19830528	7.27	9.07	1.48
19830529	0.13	10.32	1.24
19830530	2.92	13.29	0.93
19830531	15.71	17.23	1.12
19830601	2.72	14.99	1.93
19830602	0.02	12.9	0.8
19830603	0.02	16.41	0.98
19830604	8.25	17.31	0.91
19830605	18.18	14.09	3.54
19830606	0.0	15.64	2.06
19830607	0.01	19.01	0.62
19830608	0.01	16.03	0.57
19830609	0.0	13.97	0.8
19830610	0.0	14.77	0.73
19830611	0.13	13.72	0.67
19830612	0.09	12.55	0.62
19830613	0.96	14.06	0.56
19830614	0.0	12.46	0.51
19830615	0.0	11.61	0.47
19830616	0.01	13.31	0.46
19830617	0.0	12.33	0.49
19830618	0.0	13.93	0.43
19830619	0.0	16.11	0.36
19830620	0.0	16.71	0.4
19830621	0.02	17.66	0.33
19830622	0.03	18.02	0.3
19830623	2.79	17.71	0.47
19830624	3.66	14.04	0.49
19830625	0.0	14.47	0.39
19830626	0.0	18.0	0.34
19830627	0.0	11.59	0.32
19830628	0.0	16.61	0.3
19830629	6.52	15.86	0.28
19830630	1.71	12.68	0.41
19830701	0.0	15.32	0.29
19830702	0.01	15.08	0.26
19830703	0.0	17.19	0.28
19830704	0.0	18.54	0.25
19830705	1.02	21.0	0.15
19830706	0.16	19.09	0.19
19830707	0.02	18.61	0.18
19830708	0.02	19.71	0.19
19830709	0.0	20.36	0.17
19830710	0.0	20.14	0.15
19830711	0.0	22.49	0.16
19830712	0.0	21.9	0.14
19830713	0.13	21.24	0.11
19830714	0.0	20.25	0.11
19830715	0.0	21.84	0.11
19830716	0.0	23.92	0.11
19830717	0.0	20.12	0.11
19830718	0.0	19.79	0.11
19830719	0.43	20.28	0.11
19830720	0.0	14.75	0.11
19830721	0.0	18.19	0.11
19830722	5.34	21.35	0.08
19830723	0.05	19.1	0.14
19830724	0.19	18.12	0.09
19830725	0.03	21.26	0.11
19830726	0.0	21.47	0.08
19830727	0.0	21.41	0.06
19830728	0.0	19.03	0.08
19830729	0.0	21.75	0.06
19830730	0.0	21.42	0.11
19830731	13.01	21.61	0.18
19830801	0.01	14.27	0.25
19830802	5.4	12.44	0.2
19830803	0.0	15.17	0.19
19830804	0.0	17.22	0.14
19830805	0.0	17.37	0.17
19830806	0.0	16.69	0.15
19830807	0.0	16.99	0.14
19830808	0.0	19.92	0.13
19830809	0.0	20.48	0.12
19830810	0.0	19.03	0.1
19830811	0.0	15.8	0.07
19830812	0.0	17.82	0.05
19830813	0.0	17.45	0.04
19830814	0.0	18.71	0.05
19830815	0.0	19.21	0.05
19830816	0.0	19.3	0.03
19830817	0.01	17.55	0.04
19830818	0.0	20.26	0.03
19830819	4.52	23.27	0.04
19830820	0.15	18.77	0.06
19830821	3.19	19.51	0.07
19830822	3.1	18.43	0.09
19830823	0.4	19.2	0.13
19830824	0.0	17.33	0.1
19830825	0.01	20.54	0.08
19830826	0.0	17.9	0.07
19830827	0.0	17.7	0.08
19830828	0.18	16.78	0.06
19830829	0.0	14.85	0.07
19830830	0.0	16.41	0.07
19830831	0.0	19.52	0.06
19830901	0.05	15.95	0.08
19830902	10.97	16.16	0.09
19830903	0.48	14.63	0.11
19830904	1.89	15.56	0.09
19830905	0.0	14.07	0.08
19830906	0.0	11.99	0.08
19830907	0.0	14.59	0.17
19830908	1.75	16.0	0.15
19830909	10.1	13.57	0.13
19830910	3.17	12.66	0.26
19830911	0.5	10.76	0.21
19830912	0.0	12.11	0.1
19830913	9.96	13.6	0.13
19830914	7.12	15.51	0.16
19830915	7.17	14.67	0.16
19830916	5.56	13.33	0.16
19830917	4.66	14.64	0.12
19830918	3.48	13.45	0.15
19830919	0.98	12.64	0.12
19830920	0.33	13.39	0.09
19830921	5.91	10.31	0.13
19830922	0.0	12.8	0.1
19830923	0.0	16.99	0.05
19830924	0.0	16.5	0.05
19830925	0.0	13.59	0.05
19830926	0.02	17.6	0.05
19830927	0.0	15.9	0.06
19830928	0.0	16.32	0.09
19830929	0.0	15.33	0.07
19830930	0.0	15.12	0.06
19831001	1.39	15.13	0.07
19831002	0.3	16.5	0.08
19831003	0.05	17.22	0.08
19831004	0.0	16.56	0.07
19831005	0.0	13.25	0.06
19831006	0.0	14.26	0.06
19831007	2.1	10.71	0.06
19831008	2.03	12.77	0.08
19831009	0.39	14.36	0.08
19831010	4.58	11.36	0.09
19831011	1.87	10.83	0.08
19831012	0.34	14.12	0.1
19831013	12.76	12.74	0.17
19831014	10.48	11.62	0.29
19831015	30.56	11.39	1.62
19831016	0.07	10.83	0.96
19831017	0.72	11.74	0.17
19831018	0.47	13.21	0.13
19831019	0.01	8.25	0.12
19831020	0.0	7.96	0.11
19831021	0.0	7.07	0.08
19831022	0.0	6.12	0.06
19831023	0.0	7.52	0.06
19831024	0.0	6.21	0.1
19831025	0.0	8.96	0.09
19831026	0.0	9.83	0.08
19831027	0.0	8.93	0.09
19831028	0.03	5.9	0.06
19831029	0.0	3.48	0.07
19831030	0.0	6.29	0.07
19831031	0.02	10.07	0.11
19831101	0.24	13.73	0.09
19831102	0.49	12.37	0.09
19831103	0.04	9.46	0.08
19831104	0.04	9.91	0.07
19831105	0.01	11.21	0.07
19831106	0.0	12.48	0.12
19831107	2.31	12.8	0.12
19831108	0.0	12.16	0.08
19831109	0.0	11.56	0.06
19831110	0.0	9.22	0.07
19831111	0.0	8.6	0.06
19831112	0.0	6.42	0.05
19831113	0.0	5.01	0.07
19831114	0.0	-0.01	0.06
19831115	0.03	2.76	0.07
19831116	0.02	7.15	0.14
19831117	0.0	6.03	0.1
19831118	0.0	6.35	0.08
19831119	0.0	6.02	0.09
19831120	0.17	3.44	0.07
19831121	0.0	0.96	0.1
19831122	0.0	0.34	0.08
19831123	0.0	1.51	0.05
19831124	9.96	8.36	0.09
19831125	12.16	12.93	0.45
19831126	23.6	11.92	1.35
19831127	2.49	9.76	1.41
19831128	0.07	6.49	0.54
19831129	0.0	5.6	0.25
19831130	0.0	4.11	0.19
19831201	0.0	2.4	0.21
19831202	0.0	1.53	0.23
19831203	0.0	2.16	0.12
19831204	0.0	4.43	0.11
19831205	1.45	5.59	0.12
19831206	0.0	1.04	0.12
19831207	0.15	3.31	0.1
19831208	18.26	9.71	1.01
19831209	16.12	6.6	3.05
19831210	0.0	-0.03	0.99
19831211	2.73	0.54	0.13
19831212	1.0	-0.18	0.65
19831213	0.05	4.76	0.48
19831214	2.87	5.62	0.41
19831215	2.11	5.89	0.64
19831216	6.5	6.17	0.61
19831217	3.87	6.85	1.71
19831218	11.96	7.2	2.2
19831219	11.12	8.7	2.1
19831220	15.41	8.22	2.64
19831221	7.55	7.74	2.37
19831222	6.25	9.36	2.4
19831223	3.35	10.75	1.5
19831224	1.83	11.3	0.84
19831225	1.64	8.89	0.44
19831226	0.07	7.1	0.74
19831227	0.01	10.55	0.56
19831228	0.0	8.53	0.62
19831229	0.0	6.06	0.6
19831230	0.0	4.44	0.55
19831231	0.0	7.58	0.47
19840101	6.26	6.96	0.53
19840102	18.47	6.76	1.96
19840103	0.7	4.23	2.56
19840104	0.13	3.11	0.9
19840105	4.55	5.06	0.68
19840106	2.88	6.2	0.67
19840107	0.05	4.54	0.71
19840108	0.0	1.96	0.34
19840109	0.16	3.27	0.61
19840110	4.01	8.55	0.72
19840111	5.77	6.16	1.92
19840112	14.08	6.7	2.34
19840113	6.63	8.68	2.73
19840114	0.65	5.11	1.91
19840115	0.38	4.07	0.96
19840116	19.1	6.71	2.92
19840117	0.02	2.68	2.15
19840118	1.64	2.14	1.21
19840119	0.19	0.69	0.78
19840120	0.03	1.3	1.1
19840121	6.76	1.76	1.03
19840122	10.05	3.02	1.82
19840123	15.42	3.21	4.11
19840124	0.25	0.16	2.92
19840125	16.4	3.09	1.44
19840126	1.89	6.83	4.19
19840127	7.84	5.81	3.25
19840128	5.92	5.52	1.26
19840129	0.25	4.87	1.99
19840130	11.76	4.65	2.32
19840131	2.09	4.44	2.37
19840201	5.25	6.02	1.28
19840202	2.52	6.76	1.54
19840203	1.77	7.99	1.53
19840204	4.0	6.86	1.28
19840205	0.8	6.58	1.49
19840206	2.29	7.67	1.19
19840207	2.07	6.45	0.87
19840208	0.17	5.13	0.62
19840209	0.0	3.24	0.36
19840210	0.01	4.66	0.78
19840211	0.03	6.1	0.83
19840212	0.0	2.34	0.8
19840213	0.0	2.09	0.77
19840214	0.0	3.32	0.74
19840215	0.0	0.72	0.71
19840216	0.0	0.91	0.68
19840217	0.0	1.48	0.65
19840218	0.0	1.18	0.62
19840219	0.0	0.87	0.61
19840220	8.29	3.43	0.68
19840221	2.53	5.96	1.32
19840222	10.33	4.51	2.35
19840223	0.03	3.51	0.93
19840224	0.04	2.27	0.51
19840225	0.41	1.97	0.27
19840226	0.44	2.47	0.81
19840227	0.95	3.52	0.83
19840228	0.06	2.77	0.79
19840229	0.14	3.02	0.74
19840301	0.95	7.76	0.71
19840302	0.23	4.32	0.7
19840303	0.05	2.75	0.58
19840304	0.29	5.48	0.48
19840305	0.34	8.54	0.49
19840306	0.08	8.91	0.48
19840307	0.04	5.55	0.52
19840308	0.07	2.75	0.47
19840309	0.08	2.77	0.45
19840310	0.06	4.98	0.47
19840311	3.81	6.4	0.47
19840312	0.04	4.98	0.56
19840313	0.0	3.03	0.5
19840314	0.0	5.74	0.42
19840315	0.0	3.43	0.4
19840316	0.0	2.66	0.38
19840317	0.0	3.97	0.35
19840318	0.0	2.5	0.33
19840319	0.0	4.1	0.33
19840320	0.14	4.23	0.26
19840321	0.0	4.77	0.27
19840322	0.0	6.38	0.28
19840323	24.19	8.04	0.53
19840324	6.94	5.32	3.4
19840325	10.29	6.81	1.77
19840326	1.82	6.66	1.78
19840327	9.54	4.81	2.68
19840328	12.75	4.63	3.1
19840329	1.59	4.6	1.83
19840330	2.05	6.89	0.99
19840331	7.4	4.14	0.87
19840401	0.68	2.4	1.57
19840402	0.06	2.58	0.82
19840403	0.0	3.13	0.45
19840404	0.0	2.94	0.25
19840405	0.73	5.07	0.15
19840406	0.41	5.62	0.61
19840407	0.08	5.56	0.73
19840408	0.01	5.3	0.67
19840409	0.33	7.52	0.63
19840410	0.37	5.15	0.68
19840411	0.4	5.91	0.64
19840412	0.0	5.45	0.65
19840413	0.0	6.11	0.48
19840414	0.0	8.97	0.5
19840415	0.09	6.45	0.5
19840416	0.13	5.54	0.55
19840417	0.0	6.9	0.51
19840418	0.0	10.12	0.41
19840419	0.01	9.12	0.38
19840420	0.0	10.05	0.35
19840421	0.0	14.06	0.34
19840422	0.0	13.6	0.32
19840423	0.0	10.86	0.32
19840424	0.0	13.36	0.35
19840425	0.0	14.04	0.31
19840426	0.0	12.79	0.26
19840427	0.0	10.55	0.27
19840428	0.0	9.74	0.26
19840429	0.0	8.39	0.24
19840430	0.0	10.0	0.26
19840501	0.0	10.73	0.24
19840502	0.02	10.66	0.23
19840503	0.0	8.36	0.23
19840504	0.0	10.27	0.2
19840505	0.0	11.49	0.2
19840506	0.0	8.04	0.2
19840507	0.0	7.47	0.19
19840508	0.0	5.44	0.24
19840509	0.0	10.15	0.25
19840510	1.96	7.18	0.31
19840511	0.11	8.71	0.3
19840512	0.0	8.28	0.28
19840513	0.0	10.5	0.26
19840514	0.01	10.3	0.15
19840515	3.66	9.57	0.18
19840516	2.27	11.73	0.11
19840517	0.04	10.52	0.14
19840518	0.0	9.21	0.12
19840519	0.06	10.16	0.09
19840520	8.16	7.81	0.2
19840521	16.21	10.18	0.28
19840522	6.53	9.44	1.49
19840523	1.84	13.22	0.53
19840524	0.0	15.23	0.37
19840525	11.61	10.64	0.32
19840526	10.4	7.56	0.84
19840527	1.85	8.27	1.02
19840528	0.67	8.9	0.67
19840529	0.0	10.57	0.45
19840530	0.0	12.36	0.34
19840531	3.21	11.9	0.31
19840601	5.27	10.57	0.32
19840602	8.64	12.75	0.38
19840603	0.01	9.68	0.77
19840604	5.41	13.11	0.38
19840605	0.08	12.92	0.39
19840606	4.69	13.85	0.33
19840607	0.35	15.07	0.31
19840608	0.02	13.32	0.19
19840609	0.0	13.83	0.15
19840610	0.01	16.16	0.16
19840611	0.0	13.16	0.14
19840612	0.0	14.0	0.12
19840613	0.0	15.7	0.13
19840614	0.0	14.39	0.17
19840615	0.0	14.37	0.12
19840616	0.0	15.95	0.14
19840617	0.22	17.02	0.13
19840618	0.26	18.58	0.08
19840619	0.0	18.21	0.11
19840620	0.0	19.44	0.12
19840621	0.01	15.39	0.07
19840622	0.07	13.22	0.06
19840623	2.35	13.66	0.08
19840624	0.02	15.8	0.09
19840625	0.0	17.22	0.07
19840626	0.0	17.05	0.07
19840627	0.0	15.48	0.04
19840628	0.01	10.93	0.04
19840629	0.0	11.71	0.05
19840630	0.0	12.15	0.07
19840701	0.0	14.26	0.06
19840702	0.01	11.82	0.04
19840703	0.0	12.96	0.04
19840704	0.0	13.7	0.04
19840705	0.0	16.65	0.04
19840706	0.0	16.27	0.06
19840707	0.0	18.39	0.05
19840708	0.0	20.36	0.04
19840709	5.62	16.55	0.06
19840710	0.05	16.27	0.12
19840711	0.04	17.47	0.08
19840712	5.72	15.82	0.05
19840713	5.36	16.47	0.08
19840714	0.24	14.99	0.1
19840715	0.86	14.25	0.12
19840716	0.01	14.76	0.09
19840717	0.04	17.07	0.08
19840718	0.21	17.23	0.05
19840719	0.0	15.0	0.06
19840720	0.0	13.44	0.07
19840721	0.0	18.35	0.07
19840722	0.0	16.91	0.06
19840723	0.11	18.73	0.05
19840724	6.59	17.23	0.05
19840725	7.05	14.16	0.2
19840726	0.0	15.74	0.13
19840727	0.0	19.61	0.11
19840728	0.0	18.69	0.06
19840729	0.0	20.42	0.06
19840730	0.38	20.86	0.05
19840731	0.18	15.79	0.07
19840801	3.7	17.98	0.04
19840802	1.23	17.54	0.09
19840803	1.04	16.8	0.04
19840804	4.57	16.48	0.1
19840805	0.05	13.36	0.12
19840806	1.43	17.31	0.07
19840807	3.92	14.33	0.07
19840808	0.04	16.4	0.1
19840809	0.15	17.15	0.05
19840810	0.01	13.68	0.07
19840811	0.0	14.07	0.05
19840812	0.05	17.5	0.04
19840813	0.05	17.73	0.06
19840814	3.69	17.29	0.11
19840815	0.18	17.12	0.11
19840816	0.0	17.07	0.05
19840817	0.0	15.91	0.05
19840818	0.0	17.25	0.05
19840819	0.0	19.17	0.05
19840820	0.0	21.61	0.05
19840821	0.0	22.08	0.04
19840822	0.88	17.09	0.09
19840823	1.18	20.4	0.14
19840824	0.45	18.56	0.08
19840825	0.02	19.22	0.07
19840826	0.0	17.48	0.07
19840827	0.09	18.59	0.09
19840828	0.12	17.31	0.1
19840829	1.27	19.56	0.15
19840830	0.18	19.12	0.15
19840831	0.06	18.35	0.1
19840901	0.0	15.83	0.11
19840902	0.02	19.98	0.08
19840903	6.94	18.54	0.07
19840904	0.17	10.79	0.25
19840905	0.01	11.67	0.27
19840906	0.18	11.92	0.21
19840907	0.02	12.13	0.19
19840908	2.55	15.9	0.12
19840909	1.75	14.45	0.1
19840910	0.32	12.92	0.1
19840911	0.14	15.37	0.1
19840912	0.0	15.97	0.11
19840913	1.68	17.54	0.08
19840914	8.66	15.34	0.13
19840915	0.01	14.96	0.1
19840916	0.02	15.22	0.08
19840917	5.65	12.48	0.09
19840918	0.03	13.61	0.1
19840919	2.68	14.5	0.13
19840920	15.59	11.45	0.3
19840921	5.06	11.57	0.3
19840922	0.3	10.78	0.27
19840923	1.43	10.05	0.24
19840924	1.21	9.08	0.1
19840925	0.1	10.89	0.08
19840926	0.0	10.82	0.07
19840927	0.08	14.94	0.07
19840928	0.08	15.79	0.07
19840929	5.63	14.66	0.1
19840930	0.41	10.48	0.15
19841001	5.32	10.3	0.17
19841002	16.67	10.7	0.31
19841003	16.46	10.56	0.96
19841004	10.07	12.04	0.68
19841005	8.0	9.03	0.73
19841006	0.01	9.33	0.41
19841007	1.48	12.52	0.2
19841008	0.31	16.2	0.11
19841009	10.29	14.92	0.08
19841010	1.94	10.85	0.48
19841011	0.06	12.19	0.21
19841012	0.03	13.2	0.12
19841013	0.04	11.81	0.09
19841014	0.01	10.91	0.07
19841015	0.0	11.34	0.12
19841016	0.0	12.09	0.12
19841017	3.42	13.22	0.11
19841018	3.67	13.14	0.14
19841019	1.79	12.15	0.14
19841020	0.09	9.1	0.09
19841021	8.72	11.61	0.09
19841022	20.7	12.97	1.25
19841023	0.16	9.6	1.08
19841024	16.8	13.43	1.38
19841025	0.28	9.76	1.69
19841026	0.21	6.17	0.61
19841027	1.2	8.63	0.23
19841028	3.88	13.18	0.15
19841029	0.05	14.43	0.24
19841030	0.01	12.3	0.22
19841031	0.0	12.5	0.16
19841101	0.0	14.21	0.14
19841102	3.49	10.62	0.13
19841103	0.04	7.6	0.14
19841104	0.0	6.38	0.13
19841105	4.66	7.31	0.18
19841106	6.14	9.97	0.61
19841107	1.11	11.69	0.77
19841108	2.23	12.16	0.4
19841109	1.6	12.64	0.36
19841110	0.03	10.12	0.26
19841111	0.01	12.35	0.21
19841112	1.45	11.27	0.19
19841113	8.53	9.56	0.21
19841114	0.64	6.0	0.87
19841115	1.28	5.42	0.59
19841116	10.47	6.05	0.91
19841117	0.35	4.25	1.61
19841118	0.97	5.98	0.9
19841119	0.02	4.6	0.57
19841120	15.77	7.34	1.33
19841121	15.32	10.88	2.52
19841122	21.2	11.21	4.19
19841123	17.02	11.36	4.37
19841124	2.57	9.54	3.07
19841125	0.39	6.32	0.67
19841126	0.12	4.72	0.5
19841127	1.3	10.26	0.22
19841128	2.46	11.31	0.8
19841129	1.2	10.46	0.82
19841130	1.0	11.1	0.79
19841201	0.88	10.26	0.61
19841202	0.96	7.53	0.45
19841203	13.44	8.78	2.19
19841204	1.17	9.89	1.94
19841205	17.14	8.03	2.49
19841206	3.37	6.19	2.92
19841207	0.01	6.93	1.55
19841208	0.82	6.16	0.74
19841209	0.02	4.8	0.38
19841210	0.08	3.76	0.86
19841211	0.0	3.18	0.84
19841212	0.01	4.54	0.78
19841213	5.08	7.54	0.83
19841214	10.47	6.49	1.69
19841215	8.73	3.92	2.09
19841216	9.57	4.21	3.63
19841217	1.86	4.3	1.71
19841218	9.71	4.47	1.27
19841219	8.25	9.59	1.61
19841220	2.43	6.99	2.97
19841221	0.16	4.11	1.49
19841222	4.9	7.49	1.13
19841223	6.54	9.15	2.06
19841224	0.19	2.9	2.46
19841225	6.62	3.33	2.05
19841226	0.42	1.51	1.88
19841227	0.01	1.91	0.93
19841228	0.0	1.52	1.27
19841229	3.99	2.57	1.18
19841230	3.18	6.17	1.61
19841231	0.07	4.19	1.87
19850101	0.01	2.61	1.49
19850102	0.0	1.38	1.2
19850103	0.03	0.78	1.06
19850104	0.54	-1.2	0.97
19850105	1.69	-3.9	0.89
19850106	1.81	-1.4	0.85
19850107	0.48	-7.01	0.73
19850108	0.09	-4.51	0.63
19850109	0.04	-1.93	0.64
19850110	0.05	-2.05	0.64
19850111	0.03	-1.41	0.6
19850112	0.44	-0.29	0.6
19850113	0.55	-3.88	0.63
19850114	4.23	-2.77	0.51
19850115	1.02	-6.4	0.52
19850116	0.01	-6.29	0.52
19850117	0.0	-4.36	0.49
19850118	0.01	-0.48	0.5
19850119	0.12	0.2	0.49
19850120	13.74	3.16	0.85
19850121	11.7	5.71	4.27
19850122	0.01	2.23	2.58
19850123	0.01	1.35	0.81
19850124	8.91	3.29	1.67
19850125	9.58	5.4	2.07
19850126	0.04	-0.34	1.44
19850127	5.51	1.94	1.25
19850128	1.21	5.65	1.93
19850129	5.37	6.18	1.65
19850130	2.21	6.6	1.17
19850131	0.39	9.19	1.42
19850201	0.94	9.17	0.99
19850202	0.06	8.75	0.71
19850203	0.21	7.6	0.46
19850204	0.05	4.93	1.05
19850205	0.02	5.54	1.06
19850206	1.9	7.19	0.91
19850207	7.31	3.47	1.33
19850208	13.17	1.39	2.83
19850209	5.24	-2.39	2.0
19850210	0.01	-4.02	2.07
19850211	0.0	-4.14	0.92
19850212	0.0	-6.26	0.43
19850213	0.03	-5.03	0.94
19850214	0.0	-2.55	0.89
19850215	0.0	-2.96	0.73
19850216	0.0	-0.01	0.66
19850217	0.0	-0.33	0.61
19850218	0.0	-2.08	0.63
19850219	0.0	-0.15	0.56
19850220	0.03	2.78	0.56
19850221	0.0	2.81	0.63
19850222	0.0	1.59	0.65
19850223	0.01	3.46	0.74
19850224	0.0	5.56	0.71
19850225	0.0	3.59	0.58
19850226	0.02	4.88	0.47
19850227	0.02	5.61	0.39
19850228	4.06	6.01	0.41
19850301	0.26	5.99	0.46
19850302	1.52	6.92	0.51
19850303	10.4	6.18	0.56
19850304	0.05	4.05	0.62
19850305	0.23	4.01	0.69
19850306	0.04	6.12	0.75
19850307	0.01	4.01	0.73
19850308	0.0	4.5	0.65
19850309	0.0	4.34	0.61
19850310	0.21	7.04	0.57
19850311	0.0	4.72	0.44
19850312	0.0	3.29	0.5
19850313	0.74	4.04	0.54
19850314	0.28	3.49	0.57
19850315	1.0	2.31	0.57
19850316	0.92	1.45	0.57
19850317	0.12	0.63	0.5
19850318	0.01	1.48	0.49
19850319	0.05	-0.36	0.44
19850320	0.45	0.92	0.44
19850321	9.29	3.56	0.51
19850322	0.98	5.91	0.97
19850323	0.86	5.85	0.85
19850324	0.72	4.92	0.63
19850325	3.5	5.86	0.75
19850326	11.04	4.04	2.24
19850327	0.68	3.21	1.07
19850328	0.04	6.23	1.16
19850329	4.9	7.68	0.95
19850330	7.17	9.16	1.85
19850331	7.58	10.28	2.63
19850401	3.46	11.83	1.37
19850402	0.34	11.87	1.12
19850403	0.01	12.23	0.57
19850404	1.33	12.58	0.43
19850405	3.64	8.93	0.47
19850406	1.72	8.68	0.97
19850407	13.3	9.84	2.12
19850408	2.08	7.32	1.66
19850409	1.08	7.92	1.07
19850410	5.05	8.48	1.89
19850411	10.4	7.02	2.72
19850412	3.96	8.65	0.75
19850413	1.95	8.38	1.36
19850414	0.09	7.53	0.78
19850415	0.0	9.96	1.11
19850416	0.0	11.26	0.94
19850417	0.0	10.36	0.85
19850418	0.0	10.59	0.85
19850419	0.23	12.14	0.83
19850420	8.15	4.48	1.03
19850421	0.39	8.36	1.13
19850422	0.01	8.77	0.9
19850423	0.0	5.38	0.63
19850424	0.0	6.49	0.5
19850425	0.0	3.82	0.53
19850426	0.0	7.62	0.55
19850427	0.26	4.49	0.54
19850428	1.87	6.94	0.5
19850429	1.79	9.65	0.53
19850430	0.02	10.9	0.55
19850501	0.0	10.16	0.54
19850502	0.0	8.85	0.5
19850503	0.26	5.83	0.44
19850504	0.19	8.6	0.45
19850505	0.03	7.73	0.47
19850506	0.02	10.09	0.45
19850507	0.0	13.88	0.36
19850508	0.05	12.72	0.48
19850509	0.01	9.98	0.33
19850510	0.0	10.52	0.3
19850511	0.0	7.79	0.3
19850512	4.18	10.72	0.33
19850513	0.02	10.0	0.36
19850514	24.89	10.38	1.35
19850515	0.01	9.69	1.2
19850516	0.0	13.12	0.64
19850517	0.0	14.14	0.44
19850518	0.01	14.6	0.35
19850519	0.01	13.55	0.33
19850520	5.08	14.12	0.3
19850521	1.69	10.87	0.43
19850522	1.11	10.64	0.41
19850523	0.0	12.52	0.46
19850524	2.6	12.99	0.36
19850525	5.87	15.49	0.3
19850526	4.61	16.09	0.5
19850527	0.66	13.75	0.45
19850528	0.0	11.31	0.36
19850529	0.0	11.16	0.3
19850530	0.0	12.03	0.26
19850531	0.0	11.68	0.24
19850601	0.0	14.29	0.19
19850602	0.0	16.19	0.15
19850603	0.81	17.33	0.18
19850604	13.12	18.12	0.41
19850605	0.46	14.74	0.3
19850606	2.79	11.97	0.24
19850607	2.8	7.63	0.25
19850608	5.18	11.66	0.28
19850609	2.6	11.94	0.37
19850610	0.16	12.71	0.28
19850611	5.52	12.84	0.21
19850612	0.06	12.25	0.26
19850613	0.32	13.01	0.19
19850614	0.37	10.06	0.18
19850615	0.0	12.02	0.15
19850616	0.01	10.86	0.13
19850617	2.35	13.32	0.15
19850618	0.0	12.41	0.17
19850619	9.61	13.19	0.29
19850620	6.44	14.34	0.27
19850621	12.23	13.18	0.68
19850622	5.0	12.94	0.62
19850623	4.75	14.46	0.53
19850624	6.02	12.34	0.98
19850625	0.97	12.54	0.65
19850626	3.43	13.91	0.55
19850627	0.03	13.86	0.39
19850628	1.61	14.33	0.3
19850629	0.02	15.22	0.29
19850630	0.0	16.59	0.25
19850701	0.0	16.13	0.22
19850702	0.0	15.96	0.2
19850703	0.0	18.06	0.16
19850704	0.0	20.99	0.17
19850705	0.54	17.46	0.12
19850706	0.0	14.19	0.08
19850707	0.0	14.77	0.09
19850708	0.0	17.57	0.1
19850709	0.0	15.77	0.09
19850710	0.0	17.09	0.06
19850711	0.0	17.35	0.06
19850712	0.05	16.56	0.06
19850713	11.57	21.71	0.06
19850714	1.48	16.38	0.18
19850715	2.61	15.88	0.09
19850716	0.65	14.89	0.08
19850717	0.79	16.39	0.12
19850718	4.81	14.58	0.17
19850719	4.0	14.35	0.19
19850720	6.76	13.09	0.24
19850721	5.4	15.93	0.17
19850722	0.21	15.47	0.2
19850723	0.03	16.05	0.15
19850724	0.0	18.28	0.1
19850725	0.02	21.7	0.09
19850726	0.56	16.11	0.07
19850727	6.95	17.19	0.06
19850728	7.11	15.86	0.18
19850729	4.04	15.73	0.32
19850730	4.01	15.67	0.28
19850731	0.34	16.71	0.24
19850801	0.04	16.12	0.23
19850802	5.69	14.56	0.25
19850803	11.18	14.44	0.63
19850804	37.83	14.77	2.49
19850805	0.98	13.53	0.76
19850806	0.85	14.56	0.73
19850807	5.2	12.57	0.48
19850808	11.46	16.35	0.48
19850809	16.56	13.37	2.56
19850810	0.49	14.28	2.21
19850811	7.48	14.35	0.76
19850812	1.45	14.43	1.31
19850813	0.21	16.4	0.21
19850814	4.86	15.54	0.8
19850815	2.75	15.54	0.56
19850816	5.61	13.53	1.02
19850817	0.42	15.03	0.87
19850818	0.74	17.31	0.59
19850819	1.23	16.13	0.54
19850820	2.52	15.52	0.46
19850821	5.08	16.42	0.49
19850822	0.26	15.08	0.52
19850823	16.98	15.52	0.56
19850824	0.82	13.29	1.41
19850825	1.48	13.91	1.1
19850826	0.01	12.61	0.67
19850827	0.0	15.17	0.41
19850828	0.0	15.77	0.4
19850829	0.0	18.59	0.33
19850830	0.0	18.14	0.31
19850831	2.74	14.35	0.33
19850901	0.01	13.51	0.33
19850902	9.25	14.14	0.36
19850903	0.82	13.17	0.47
19850904	5.28	14.04	0.38
19850905	0.0	12.16	0.54
19850906	0.0	10.25	0.32
19850907	0.0	14.22	0.26
19850908	0.01	15.55	0.25
19850909	0.0	13.76	0.25
19850910	0.0	13.62	0.24
19850911	0.0	16.17	0.21
19850912	0.0	17.4	0.19
19850913	0.0	12.83	0.16
19850914	0.82	11.95	0.2
19850915	0.0	12.42	0.18
19850916	0.0	15.09	0.17
19850917	0.0	16.22	0.18
19850918	0.07	15.38	0.18
19850919	0.0	15.31	0.16
19850920	0.0	15.16	0.15
19850921	0.63	16.36	0.15
19850922	0.0	16.74	0.15
19850923	0.0	13.9	0.15
19850924	0.0	15.1	0.15
19850925	0.0	16.0	0.15
19850926	0.0	14.89	0.14
19850927	0.0	14.72	0.13
19850928	0.0	15.48	0.13
19850929	0.0	15.47	0.13
19850930	0.0	17.38	0.13
19851001	0.03	19.27	0.12
19851002	0.61	17.83	0.14
19851003	9.6	17.15	0.21
19851004	1.54	15.09	0.25
19851005	1.58	14.19	0.2
19851006	4.75	14.67	0.17
19851007	4.58	10.3	0.22
19851008	13.25	11.57	0.42
19851009	0.04	12.4	0.75
19851010	0.06	15.71	0.32
19851011	0.0	15.58	0.18
19851012	0.0	10.94	0.15
19851013	0.0	9.93	0.15
19851014	0.0	12.67	0.13
19851015	0.1	13.02	0.14
19851016	0.06	11.63	0.14
19851017	0.0	11.99	0.14
19851018	0.03	9.89	0.15
19851019	0.0	9.87	0.14
19851020	0.0	7.7	0.13
19851021	0.0	8.85	0.13
19851022	0.0	9.93	0.17
19851023	0.0	7.33	0.17
19851024	0.0	8.34	0.19
19851025	0.0	7.42	0.15
19851026	0.0	7.05	0.15
19851027	0.0	8.97	0.16
19851028	0.0	7.71	0.16
19851029	0.05	8.39	0.14
19851030	0.03	6.87	0.12
19851031	0.89	6.15	0.14
19851101	0.06	6.42	0.16
19851102	0.0	1.41	0.14
19851103	0.0	4.66	0.13
19851104	7.4	11.59	0.16
19851105	0.25	7.74	0.21
19851106	0.21	7.84	0.15
19851107	5.44	11.68	0.12
19851108	7.71	12.71	0.2
19851109	14.2	8.23	1.48
19851110	0.01	2.73	0.24
19851111	0.33	1.72	0.35
19851112	0.01	0.26	0.22
19851113	0.0	0.06	0.18
19851114	9.23	4.04	0.3
19851115	0.0	3.15	0.67
19851116	14.83	4.2	0.47
19851117	0.07	3.04	1.03
19851118	0.19	1.86	0.79
19851119	2.25	-0.11	0.49
19851120	1.19	2.21	0.39
19851121	1.07	3.98	0.55
19851122	0.2	3.94	0.47
19851123	0.58	3.59	0.42
19851124	0.11	2.99	0.33
19851125	0.0	2.44	0.29
19851126	0.0	1.86	0.28
19851127	0.02	0.99	0.26
19851128	0.02	0.0	0.23
19851129	15.52	4.5	0.75
19851130	1.59	9.79	1.54
19851201	1.8	12.19	1.25
19851202	3.34	13.25	0.93
19851203	4.43	12.24	1.05
19851204	14.92	11.29	2.52
19851205	4.98	8.28	2.83
19851206	14.11	9.02	1.88
19851207	10.22	6.73	2.72
19851208	4.74	7.05	3.0
19851209	0.14	2.52	1.39
19851210	2.03	4.58	0.34
19851211	0.14	6.3	0.6
19851212	0.16	8.45	0.38
19851213	0.56	10.5	0.42
19851214	0.12	11.05	0.33
19851215	0.0	10.58	0.25
19851216	0.0	8.98	0.17
19851217	3.96	10.32	0.72
19851218	0.0	8.0	0.87
19851219	0.02	8.09	0.68
19851220	0.01	9.64	0.69
19851221	0.04	9.8	0.62
19851222	1.15	8.27	0.59
19851223	13.69	8.28	0.81
19851224	8.98	7.84	1.37
19851225	19.45	8.2	3.5
19851226	6.25	4.82	4.38
19851227	0.0	-1.14	2.16
19851228	0.0	-3.39	1.24
19851229	0.0	-3.07	0.71
19851230	0.03	-0.01	0.3
19851231	5.49	1.73	0.81
19860101	21.6	3.58	2.39
19860102	25.18	5.01	4.38
19860103	0.1	0.14	4.38
19860104	10.42	2.31	2.36
19860105	2.61	2.2	3.16
19860106	0.02	-0.44	0.4
19860107	16.77	2.85	2.47
19860108	4.02	2.05	3.86
19860109	2.88	4.56	1.25
19860110	5.98	7.89	2.44
19860111	0.8	5.67	0.66
19860112	0.03	6.7	1.27
19860113	0.3	8.38	0.93
19860114	0.61	6.41	0.74
19860115	1.56	2.79	0.52
19860116	0.16	0.8	0.36
19860117	1.21	5.02	0.29
19860118	2.4	9.73	0.36
19860119	1.92	6.36	0.7
19860120	3.65	6.48	0.43
19860121	2.53	5.26	0.99
19860122	9.1	7.58	2.45
19860123	0.08	4.73	1.73
19860124	0.0	1.85	0.67
19860125	0.0	-1.18	0.27
19860126	0.0	-0.35	0.17
19860127	4.54	1.4	0.28
19860128	13.23	2.84	0.56
19860129	14.55	2.65	4.05
19860130	0.17	3.45	3.49
19860131	0.59	2.4	0.29
19860201	3.98	2.92	1.26
19860202	2.35	2.28	1.49
19860203	0.02	2.03	1.22
19860204	0.0	0.91	0.73
19860205	2.48	1.19	0.47
19860206	3.19	-1.52	0.42
19860207	0.22	-1.8	0.31
19860208	0.32	-3.2	0.25
19860209	0.05	-6.6	0.16
19860210	0.0	-3.84	0.73
19860211	0.02	-1.42	0.76
19860212	0.05	-1.4	0.78
19860213	0.01	-0.34	0.73
19860214	0.02	-2.14	0.71
19860215	0.0	0.01	0.7
19860216	0.0	0.58	0.69
19860217	0.0	-0.49	0.69
19860218	0.2	-0.48	0.61
19860219	0.14	-1.84	0.59
19860220	0.01	-4.19	0.53
19860221	0.0	-5.62	0.5
19860222	0.03	-2.28	0.5
19860223	0.01	-2.53	0.5
19860224	0.0	-0.22	0.42
19860225	0.0	-3.16	0.42
19860226	0.0	-2.85	0.4
19860227	0.0	-0.65	0.4
19860228	3.75	-1.13	0.38
19860301	0.26	-1.51	0.42
19860302	0.0	-1.76	0.41
19860303	1.17	0.37	0.41
19860304	14.83	5.04	2.03
19860305	1.74	4.18	2.6
19860306	0.19	4.15	1.01
19860307	0.02	3.29	0.42
19860308	0.01	2.43	0.24
19860309	0.81	5.34	0.2
19860310	0.04	5.23	0.85
19860311	0.0	3.07	0.77
19860312	0.02	2.27	0.68
19860313	0.0	2.61	0.63
19860314	0.02	4.66	0.48
19860315	0.0	5.91	0.55
19860316	0.01	7.16	0.53
19860317	0.0	6.14	0.5
19860318	6.65	9.03	0.6
19860319	3.22	5.43	0.81
19860320	0.82	6.29	1.0
19860321	3.26	7.53	0.73
19860322	3.64	7.63	1.24
19860323	14.91	7.24	1.58
19860324	0.35	5.22	2.43
19860325	1.81	4.47	0.1
19860326	3.28	7.63	1.25
19860327	6.89	8.25	1.55
19860328	4.28	7.2	0.79
19860329	5.33	5.83	1.42
19860330	11.18	5.71	3.06
19860331	4.21	6.01	3.29
19860401	0.06	4.66	0.25
19860402	0.16	4.95	1.08
19860403	0.21	4.12	0.72
19860404	0.3	4.23	0.98
19860405	1.18	3.6	0.92
19860406	2.07	3.71	0.87
19860407	4.43	3.66	0.99
19860408	0.18	4.4	1.17
19860409	0.81	6.49	0.94
19860410	0.07	2.15	0.78
19860411	1.9	2.11	0.67
19860412	2.22	3.09	0.84
19860413	3.0	5.94	0.85
19860414	4.78	7.45	0.98
19860415	2.45	7.59	1.42
19860416	3.35	5.51	1.27
19860417	2.81	6.51	1.31
19860418	0.51	5.29	1.21
19860419	13.36	7.72	1.09
19860420	2.42	8.8	3.1
19860421	7.14	7.04	0.72
19860422	4.19	7.89	1.57
19860423	3.34	8.61	0.54
19860424	0.03	7.88	0.96
19860425	0.12	8.74	1.2
19860426	1.28	12.12	1.14
19860427	0.1	8.34	1.03
19860428	0.15	8.23	0.85
19860429	0.0	7.88	0.81
19860430	0.01	8.46	0.76
19860501	0.0	11.8	0.72
19860502	0.01	14.26	0.74
19860503	0.01	9.31	0.7
19860504	0.34	11.2	0.61
19860505	2.41	8.82	0.64
19860506	2.16	10.14	0.63
19860507	1.67	10.04	0.51
19860508	2.23	9.56	0.55
19860509	2.38	11.63	0.52
19860510	0.43	11.59	0.57
19860511	0.12	11.52	0.5
19860512	3.73	10.4	0.55
19860513	0.06	10.08	0.53
19860514	4.08	9.58	0.41
19860515	0.01	7.28	0.48
19860516	0.02	10.9	0.44
19860517	2.67	12.64	0.46
19860518	0.02	9.72	0.42
19860519	1.12	15.71	0.4
19860520	5.02	13.66	0.46
19860521	3.53	9.91	0.51
19860522	5.77	11.55	0.45
19860523	0.86	10.18	0.59
19860524	0.03	12.0	0.43
19860525	0.02	11.68	0.38
19860526	0.1	12.33	0.37
19860527	0.17	10.7	0.34
19860528	4.57	9.2	0.38
19860529	1.05	9.97	0.35
19860530	0.37	10.8	0.32
19860531	9.12	11.54	0.37
19860601	0.32	14.57	0.56
19860602	0.32	14.29	0.41
19860603	2.42	10.45	0.38
19860604	0.1	9.75	0.34
19860605	0.02	9.58	0.3
19860606	0.28	10.7	0.28
19860607	0.02	12.97	0.27
19860608	0.01	11.65	0.25
19860609	0.01	13.71	0.24
19860610	6.65	11.45	0.24
19860611	5.31	9.24	0.58
19860612	0.01	11.48	0.35
19860613	0.0	14.15	0.28
19860614	0.0	16.84	0.24
19860615	0.0	19.03	0.2
19860616	0.0	19.96	0.19
19860617	0.0	14.08	0.16
19860618	0.01	13.14	0.12
19860619	0.0	17.59	0.08
19860620	0.0	14.96	0.09
19860621	5.1	15.35	0.09
19860622	0.68	15.22	0.14
19860623	2.77	15.64	0.15
19860624	0.02	15.18	0.14
19860625	0.0	18.76	0.13
19860626	0.0	21.3	0.11
19860627	0.0	22.36	0.1
19860628	0.0	22.82	0.09
19860629	0.0	19.83	0.07
19860630	0.0	18.92	0.05
19860701	0.0	17.26	0.07
19860702	4.43	19.96	0.07
19860703	0.0	17.72	0.12
19860704	4.4	17.28	0.06
19860705	4.41	14.5	0.12
19860706	0.02	15.82	0.11
19860707	0.03	14.97	0.15
19860708	1.78	13.67	0.16
19860709	0.02	16.49	0.18
19860710	5.85	17.59	0.1
19860711	0.01	16.27	0.17
19860712	0.34	16.93	0.14
19860713	0.07	17.85	0.09
19860714	0.0	20.35	0.1
19860715	0.0	21.07	0.06
19860716	0.02	20.1	0.06
19860717	0.0	15.63	0.05
19860718	0.0	15.14	0.04
19860719	0.01	15.71	0.03
19860720	0.04	15.71	0.07
19860721	0.3	17.93	0.07
19860722	0.04	14.5	0.1
19860723	3.74	12.63	0.12
19860724	0.91	17.17	0.13
19860725	0.63	17.92	0.16
19860726	0.05	15.44	0.16
19860727	0.19	17.89	0.15
19860728	2.36	18.18	0.22
19860729	0.02	14.59	0.19
19860730	1.4	16.7	0.1
19860731	0.67	13.41	0.08
19860801	0.85	17.03	0.05
19860802	1.88	14.44	0.05
19860803	19.03	12.89	0.33
19860804	0.0	13.9	0.22
19860805	0.0	14.91	0.09
19860806	3.19	17.67	0.08
19860807	0.15	14.57	0.08
19860808	0.0	14.41	0.06
19860809	0.03	15.54	0.05
19860810	0.06	19.64	0.05
19860811	0.07	17.57	0.06
19860812	0.0	15.33	0.03
19860813	0.01	17.56	0.03
19860814	0.0	16.1	0.06
19860815	0.0	14.56	0.08
19860816	0.41	16.02	0.04
19860817	0.16	16.25	0.03
19860818	2.56	14.99	0.03
19860819	0.01	13.62	0.05
19860820	0.02	13.94	0.05
19860821	4.9	15.33	0.03
19860822	0.54	15.06	0.15
19860823	5.48	14.45	0.07
19860824	0.03	13.78	0.09
19860825	32.67	14.23	0.42
19860826	2.9	12.53	0.89
19860827	0.08	11.54	0.35
19860828	1.69	11.13	0.18
19860829	0.08	13.08	0.11
19860830	0.85	11.95	0.08
19860831	0.0	13.13	0.09
19860901	0.0	13.57	0.08
19860902	2.25	15.62	0.08
19860903	0.0	9.29	0.07
19860904	0.01	11.06	0.06
19860905	0.01	12.76	0.04
19860906	0.01	11.05	0.04
19860907	0.0	12.34	0.04
19860908	0.0	9.49	0.05
19860909	0.03	10.59	0.06
19860910	0.0	10.56	0.05
19860911	0.0	11.08	0.07
19860912	0.0	10.83	0.04
19860913	11.99	12.29	0.1
19860914	0.97	11.65	0.17
19860915	17.08	8.8	0.43
19860916	0.03	10.79	0.41
19860917	1.71	7.64	0.16
19860918	0.01	10.34	0.11
19860919	0.02	9.31	0.06
19860920	0.0	10.81	0.07
19860921	0.0	11.25	0.08
19860922	0.0	12.89	0.07
19860923	0.0	14.35	0.11
19860924	0.0	11.95	0.15
19860925	0.02	10.41	0.08
19860926	0.0	11.24	0.06
19860927	0.0	12.84	0.06
19860928	0.08	15.44	0.07
19860929	0.02	13.62	0.06
19860930	0.01	13.12	0.07
19861001	0.0	13.78	0.07
19861002	0.01	12.8	0.08
19861003	0.0	14.58	0.07
19861004	0.0	15.03	0.07
19861005	0.0	13.24	0.06
19861006	0.0	15.58	0.07
19861007	0.01	15.49	0.07
19861008	0.03	14.78	0.08
19861009	0.0	14.69	0.09
19861010	0.07	12.8	0.09
19861011	0.0	11.66	0.08
19861012	0.0	12.56	0.08
19861013	0.01	13.18	0.18
19861014	19.2	14.9	0.14
19861015	0.05	9.5	0.31
19861016	0.07	8.89	0.1
19861017	0.57	12.48	0.09
19861018	4.96	10.45	0.08
19861019	14.68	10.99	0.1
19861020	2.0	11.15	0.53
19861021	14.82	12.91	0.37
19861022	2.8	8.77	0.81
19861023	0.45	6.61	0.26
19861024	13.68	10.11	0.26
19861025	0.33	8.4	0.89
19861026	0.11	9.01	0.33
19861027	7.52	13.17	0.39
19861028	9.17	9.32	0.88
19861029	1.76	10.1	0.66
19861030	2.99	10.08	0.59
19861031	7.2	11.25	0.57
19861101	3.88	7.89	1.26
19861102	0.01	5.33	0.78
19861103	3.13	6.71	0.52
19861104	0.01	7.41	0.52
19861105	0.44	7.61	0.34
19861106	0.05	7.47	0.28
19861107	7.65	9.34	0.24
19861108	0.08	7.13	0.78
19861109	2.75	11.26	0.66
19861110	5.28	13.16	0.29
19861111	0.55	7.66	0.59
19861112	0.24	10.39	0.21
19861113	6.38	11.66	0.83
19861114	9.25	10.56	1.07
19861115	0.03	9.5	1.86
19861116	7.97	7.73	1.3
19861117	11.91	8.58	2.25
19861118	23.22	11.23	2.47
19861119	13.05	7.77	3.53
19861120	31.07	6.7	3.11
19861121	2.17	7.56	4.36
19861122	4.48	7.02	1.62
19861123	1.67	8.51	0.39
19861124	0.95	11.89	0.35
19861125	1.98	9.79	0.61
19861126	0.08	6.65	0.61
19861127	0.01	7.07	0.78
19861128	0.01	4.99	0.82
19861129	0.13	3.1	0.76
19861130	0.0	6.74	0.71
19861201	0.61	10.48	0.68
19861202	0.03	10.42	0.61
19861203	0.05	11.23	0.59
19861204	0.0	12.28	0.53
19861205	10.95	7.4	0.97
19861206	0.19	4.58	1.75
19861207	1.3	9.5	1.18
19861208	3.22	8.79	1.08
19861209	3.3	4.17	1.1
19861210	0.09	4.47	1.05
19861211	3.34	3.89	0.99
19861212	14.07	5.44	1.11
19861213	3.9	5.24	2.99
19861214	1.57	2.97	0.89
19861215	16.86	6.17	3.24
19861216	0.14	4.8	2.09
19861217	11.1	8.06	1.69
19861218	1.41	6.75	1.24
19861219	0.01	3.76	1.12
19861220	0.0	2.94	0.66
19861221	1.38	1.74	0.45
19861222	0.23	1.49	1.01
19861223	0.0	1.55	0.9
19861224	7.97	4.48	0.81
19861225	3.97	5.26	1.86
19861226	0.1	3.58	0.27
19861227	0.01	4.92	1.35
19861228	0.01	8.7	1.16
19861229	2.15	9.95	1.06
19861230	11.74	8.55	2.05
19861231	13.32	8.82	0.79
19870101	1.95	7.45	3.55
19870102	0.66	3.67	0.57
19870103	0.07	2.09	1.64
19870104	6.21	7.62	2.1
19870105	0.15	4.95	2.01
19870106	0.03	1.63	1.45
19870107	0.0	-0.39	1.03
19870108	0.0	-1.4	0.89
19870109	0.0	0.13	0.85
19870110	0.61	-2.86	0.75
19870111	1.62	-8.25	0.7
19870112	1.89	-9.44	0.59
19870113	6.49	-6.77	0.61
19870114	0.56	-3.75	0.66
19870115	0.05	-1.44	0.6
19870116	0.01	-1.75	0.59
19870117	0.0	-2.75	0.5
19870118	0.0	-2.91	0.46
19870119	0.0	-2.27	0.48
19870120	0.17	-0.23	0.45
19870121	0.24	2.8	0.61
19870122	0.45	4.05	1.58
19870123	0.12	4.7	1.84
19870124	0.03	3.96	1.48
19870125	0.01	3.07	1.12
19870126	0.04	3.68	0.88
19870127	0.01	1.49	0.7
19870128	0.01	1.36	0.6
19870129	0.0	-0.14	0.46
19870130	0.0	-3.01	0.39
19870131	0.0	-1.53	0.37
19870201	0.06	1.17	0.37
19870202	0.11	3.31	0.43
19870203	0.01	5.84	0.45
19870204	0.01	6.46	0.42
19870205	0.56	7.57	0.43
19870206	1.85	5.8	0.49
19870207	0.18	6.49	0.42
19870208	0.72	8.65	0.51
19870209	0.93	6.91	0.46
19870210	0.16	4.5	0.39
19870211	2.53	4.09	0.38
19870212	0.25	2.0	0.42
19870213	10.84	2.98	0.44
19870214	0.63	1.63	2.28
19870215	0.01	1.77	1.22
19870216	0.12	1.09	0.8
19870217	0.27	1.43	0.62
19870218	0.13	-0.13	0.51
19870219	0.16	0.23	0.44
19870220	0.01	0.69	0.4
19870221	0.37	3.69	0.41
19870222	0.06	2.78	0.36
19870223	0.0	1.75	0.39
19870224	0.0	0.25	0.34
19870225	0.0	1.81	0.31
19870226	11.63	5.7	1.0
19870227	2.7	8.78	0.89
19870228	5.23	10.37	0.27
19870301	7.74	8.61	1.74
19870302	0.01	4.62	0.92
19870303	0.51	-0.57	1.09
19870304	0.78	1.01	1.0
19870305	1.7	3.85	0.86
19870306	0.17	2.99	0.8
19870307	5.26	2.12	0.78
19870308	0.03	1.54	1.11
19870309	0.0	1.76	0.88
19870310	0.0	2.38	0.7
19870311	0.0	1.59	0.55
19870312	0.0	0.86	0.64
19870313	0.0	0.02	0.61
19870314	0.14	1.82	0.57
19870315	0.03	4.34	0.59
19870316	0.01	5.6	0.55
19870317	1.45	6.88	0.57
19870318	2.56	3.93	0.55
19870319	0.25	3.05	0.51
19870320	2.16	3.18	0.48
19870321	0.44	2.52	0.47
19870322	11.58	6.5	0.96
19870323	13.24	8.58	2.65
19870324	7.1	9.51	1.44
19870325	0.74	6.05	1.51
19870326	14.79	8.0	0.62
19870327	1.48	7.51	3.2
19870328	1.75	5.07	0.57
19870329	0.82	4.15	0.73
19870330	0.04	7.56	0.41
19870331	0.8	8.33	0.81
19870401	12.6	5.69	1.92
19870402	0.0	6.65	0.5
19870403	5.01	8.25	1.54
19870404	7.16	5.89	2.64
19870405	0.09	9.95	1.68
19870406	12.07	9.86	1.4
19870407	3.56	9.4	2.57
19870408	0.24	9.7	0.28
19870409	0.32	7.98	0.92
19870410	4.01	7.8	0.9
19870411	0.0	6.92	1.04
19870412	0.0	6.07	0.78
19870413	0.04	8.77	0.53
19870414	0.02	9.46	0.64
19870415	0.01	8.22	0.56
19870416	0.0	10.18	0.76
19870417	0.0	13.11	0.73
19870418	0.28	13.02	0.72
19870419	0.21	10.76	0.71
19870420	0.05	8.27	0.67
19870421	0.0	11.06	0.57
19870422	0.0	10.26	0.52
19870423	0.0	12.23	0.49
19870424	0.0	15.31	0.47
19870425	0.03	11.9	0.48
19870426	0.0	13.55	0.52
19870427	0.0	13.23	0.45
19870428	0.0	16.05	0.39
19870429	4.8	15.94	0.46
19870430	0.51	11.46	0.49
19870501	0.27	9.05	0.39
19870502	1.34	8.53	0.36
19870503	1.41	6.16	0.39
19870504	0.0	7.21	0.36
19870505	0.0	8.93	0.35
19870506	0.0	10.49	0.36
19870507	0.0	8.96	0.26
19870508	0.0	9.69	0.34
19870509	0.0	13.37	0.3
19870510	0.0	9.55	0.31
19870511	5.85	11.97	0.32
19870512	2.24	8.95	0.39
19870513	6.92	9.47	0.23
19870514	5.33	9.28	0.54
19870515	0.86	6.82	0.34
19870516	0.73	9.85	0.29
19870517	6.48	9.85	0.31
19870518	1.48	9.63	0.38
19870519	0.0	10.2	0.3
19870520	0.01	8.75	0.24
19870521	1.15	9.42	0.22
19870522	1.42	9.14	0.29
19870523	0.23	9.38	0.28
19870524	0.0	12.99	0.26
19870525	0.0	13.07	0.25
19870526	0.0	16.06	0.17
19870527	0.03	13.57	0.14
19870528	2.1	13.46	0.16
19870529	0.0	14.96	0.21
19870530	4.61	14.47	0.2
19870531	0.01	14.27	0.28
19870601	0.0	14.49	0.17
19870602	6.03	12.38	0.13
19870603	0.39	13.84	0.2
19870604	4.72	12.31	0.2
19870605	8.39	12.89	0.23
19870606	2.84	13.02	0.34
19870607	0.45	12.2	0.23
19870608	21.97	12.01	1.7
19870609	5.08	8.88	0.39
19870610	16.57	12.46	0.28
19870611	1.32	10.41	1.19
19870612	0.07	11.11	0.98
19870613	8.85	12.23	0.86
19870614	0.35	9.43	0.84
19870615	3.68	11.96	0.42
19870616	2.13	11.7	0.43
19870617	6.66	11.47	0.48
19870618	7.61	14.09	0.63
19870619	2.54	12.38	1.01
19870620	0.14	14.81	0.57
19870621	0.0	14.65	0.35
19870622	3.81	14.15	0.37
19870623	0.45	15.06	0.39
19870624	2.08	14.13	0.35
19870625	2.57	14.39	0.43
19870626	0.38	15.98	0.35
19870627	0.02	16.89	0.33
19870628	0.01	18.99	0.27
19870629	0.0	21.46	0.24
19870630	0.01	17.95	0.19
19870701	0.0	14.9	0.21
19870702	0.0	14.83	0.16
19870703	0.0	14.68	0.13
19870704	0.0	16.53	0.17
19870705	0.0	19.6	0.17
19870706	0.0	20.84	0.17
19870707	0.0	19.03	0.12
19870708	0.0	15.74	0.09
19870709	0.0	17.41	0.08
19870710	0.0	17.78	0.08
19870711	0.0	17.47	0.08
19870712	0.0	16.21	0.08
19870713	0.0	18.88	0.08
19870714	5.64	19.37	0.18
19870715	6.61	17.27	0.18
19870716	9.89	15.11	0.28
19870717	15.76	13.52	0.31
19870718	24.2	14.55	1.35
19870719	9.7	15.2	1.24
19870720	9.91	16.18	1.24
19870721	8.7	14.01	1.22
19870722	7.55	15.04	1.6
19870723	0.13	14.59	1.09
19870724	0.19	14.84	0.52
19870725	0.15	12.62	0.3
19870726	0.52	16.39	0.25
19870727	0.15	16.1	0.2
19870728	0.24	18.06	0.2
19870729	5.27	17.06	0.26
19870730	0.99	16.62	0.26
19870731	0.0	19.23	0.26
19870801	0.4	18.11	0.2
19870802	1.16	16.78	0.19
19870803	0.44	14.54	0.22
19870804	1.23	13.19	0.2
19870805	0.0	13.11	0.16
19870806	0.52	12.18	0.17
19870807	0.0	14.02	0.19
19870808	0.05	14.73	0.17
19870809	5.77	13.1	0.23
19870810	0.0	12.81	0.25
19870811	1.85	15.41	0.21
19870812	0.01	17.92	0.2
19870813	0.04	16.56	0.22
19870814	0.06	16.84	0.23
19870815	0.0	17.59	0.13
19870816	0.01	19.58	0.11
19870817	0.23	19.83	0.11
19870818	0.0	17.47	0.11
19870819	0.0	18.36	0.11
19870820	0.0	21.14	0.15
19870821	24.1	22.39	0.37
19870822	0.18	17.69	0.86
19870823	0.2	15.83	0.33
19870824	10.64	15.46	0.25
19870825	15.89	12.66	1.86
19870826	2.81	14.92	1.12
19870827	0.03	11.62	0.44
19870828	0.0	18.36	0.3
19870829	0.0	17.96	0.27
19870830	0.0	16.4	0.22
19870831	0.0	15.31	0.16
19870901	0.26	20.07	0.14
19870902	0.01	18.11	0.14
19870903	0.04	15.67	0.15
19870904	0.62	15.63	0.18
19870905	10.56	14.1	0.36
19870906	5.96	15.14	0.46
19870907	0.7	12.24	0.31
19870908	0.69	14.75	0.22
19870909	0.87	16.19	0.21
19870910	0.0	15.61	0.24
19870911	3.84	17.22	0.23
19870912	13.74	15.91	0.71
19870913	1.85	13.71	1.03
19870914	0.02	13.82	0.29
19870915	0.0	14.78	0.25
19870916	0.0	16.57	0.25
19870917	0.14	19.24	0.18
19870918	0.72	16.84	0.16
19870919	1.26	15.44	0.19
19870920	0.01	17.92	0.22
19870921	0.32	16.41	0.22
19870922	0.01	13.98	0.2
19870923	6.93	13.71	0.17
19870924	2.06	10.22	0.25
19870925	0.0	9.98	0.3
19870926	0.01	8.97	0.26
19870927	0.0	9.64	0.28
19870928	0.0	8.01	0.06
19870929	0.0	9.55	0.09
19870930	0.0	10.3	0.09
19871001	0.0	11.66	0.1
19871002	0.0	15.15	0.1
19871003	8.14	15.07	0.16
19871004	3.87	15.91	0.3
19871005	0.7	15.18	0.34
19871006	7.25	10.86	0.33
19871007	52.18	12.04	3.05
19871008	8.9	9.74	3.99
19871009	36.51	13.31	3.01
19871010	15.72	8.6	4.38
19871011	4.51	9.17	4.19
19871012	7.58	10.67	1.34
19871013	2.89	9.62	1.4
19871014	18.86	10.68	1.87
19871015	25.89	12.96	4.38
19871016	17.6	11.36	4.38
19871017	5.28	12.42	4.38
19871018	0.02	13.57	2.98
19871019	0.49	14.15	0.52
19871020	35.93	13.07	1.98
19871021	7.46	10.21	4.38
19871022	0.08	7.92	3.79
19871023	0.0	6.84	1.65
19871024	0.0	6.36	0.84
19871025	0.0	8.74	0.25
19871026	0.08	11.04	0.79
19871027	0.68	11.5	0.72
19871028	0.04	7.29	0.65
19871029	0.08	8.77	0.58
19871030	0.08	11.34	0.47
19871031	0.42	11.42	0.37
19871101	0.12	8.94	0.34
19871102	0.01	8.64	0.26
19871103	0.0	9.44	0.2
19871104	0.01	8.23	0.14
19871105	0.0	6.15	0.13
19871106	0.0	5.82	0.48
19871107	0.0	6.42	0.6
19871108	6.43	7.06	0.61
19871109	0.16	7.65	0.77
19871110	5.29	7.27	0.72
19871111	30.71	9.13	2.65
19871112	3.74	7.21	4.3
19871113	13.33	4.17	3.93
19871114	3.91	5.97	2.91
19871115	5.52	10.24	2.31
19871116	2.48	9.75	1.44
19871117	0.07	9.58	0.21
19871118	0.09	11.03	1.13
19871119	7.98	8.38	1.82
19871120	0.11	6.16	2.1
19871121	0.84	7.08	1.19
19871122	1.43	5.63	0.89
19871123	0.46	4.36	0.82
19871124	0.26	6.56	0.63
19871125	0.02	5.74	0.49
19871126	0.12	3.2	0.47
19871127	0.0	2.62	0.35
19871128	0.02	1.2	0.28
19871129	0.26	1.73	0.25
19871130	0.04	3.67	0.24
19871201	0.08	5.01	0.22
19871202	0.01	2.77	0.24
19871203	0.0	2.2	0.23
19871204	0.0	4.59	0.23
19871205	0.06	6.44	0.2
19871206	0.19	4.77	0.15
19871207	0.02	0.86	0.13
19871208	0.0	0.49	0.12
19871209	0.0	-0.09	0.09
19871210	0.0	0.59	0.08
19871211	0.0	1.89	0.08
19871212	0.0	2.66	0.09
19871213	0.0	2.4	0.09
19871214	0.0	0.49	0.13
19871215	12.04	5.87	0.27
19871216	5.24	10.84	1.55
19871217	4.85	11.63	0.99
19871218	0.05	9.39	1.16
19871219	0.01	9.04	0.37
19871220	0.03	9.65	0.06
19871221	0.14	7.52	0.31
19871222	0.03	5.85	0.3
19871223	0.22	4.95	0.28
19871224	1.66	7.81	0.26
19871225	0.04	7.14	0.28
19871226	0.05	9.78	0.22
19871227	0.26	10.57	0.22
19871228	0.03	11.21	0.22
19871229	5.25	9.92	0.32
19871230	4.84	10.08	1.01
19871231	0.5	8.81	1.04
19880101	7.78	10.14	1.52
19880102	6.09	9.22	1.57
19880103	1.97	7.77	0.29
19880104	12.62	8.42	0.18
19880105	5.86	8.4	2.02
19880106	3.54	5.15	2.51
19880107	0.12	2.05	0.8
19880108	4.81	7.98	0.23
19880109	3.44	8.6	0.79
19880110	5.7	5.48	1.71
19880111	0.55	5.24	0.8
19880112	5.56	6.16	0.35
19880113	14.61	6.19	2.73
19880114	0.09	4.73	3.17
19880115	0.04	3.55	0.69
19880116	0.41	1.64	0.33
19880117	0.09	2.3	0.73
19880118	0.01	6.29	0.83
19880119	3.32	7.27	0.82
19880120	3.6	3.57	1.46
19880121	17.03	4.9	1.53
19880122	0.14	1.98	3.79
19880123	14.03	5.9	2.4
19880124	10.24	7.42	3.65
19880125	7.12	6.93	4.1
19880126	0.01	4.61	2.96
19880127	23.29	5.04	2.96
19880128	17.65	6.91	4.38
19880129	5.69	5.18	4.38
19880130	0.01	4.59	3.42
19880131	20.29	5.88	1.91
19880201	6.93	7.08	4.36
19880202	2.0	5.57	3.34
19880203	5.86	6.13	1.46
19880204	2.68	4.98	1.67
19880205	7.1	5.78	1.84
19880206	0.01	2.73	1.45
19880207	8.34	4.27	1.01
19880208	6.33	5.9	1.29
19880209	0.23	5.64	1.68
19880210	5.85	4.42	1.18
19880211	0.01	3.55	0.95
19880212	0.03	3.13	0.21
19880213	11.07	7.23	1.68
19880214	0.01	6.59	1.52
19880215	0.02	7.01	0.24
19880216	0.0	4.11	0.31
19880217	0.0	4.67	0.73
19880218	0.0	6.74	0.73
19880219	0.0	7.86	0.64
19880220	0.0	7.43	0.56
19880221	0.0	4.32	0.48
19880222	0.0	4.97	0.44
19880223	0.0	4.03	0.38
19880224	0.2	2.69	0.33
19880225	0.08	1.45	0.26
19880226	0.0	1.2	0.21
19880227	0.02	4.42	0.19
19880228	0.39	4.52	0.2
19880229	0.01	1.81	0.2
19880301	0.0	1.3	0.15
19880302	2.17	3.63	0.14
19880303	5.19	3.84	0.2
19880304	0.02	0.93	0.37
19880305	0.01	3.57	0.17
19880306	0.47	6.77	0.13
19880307	0.0	6.28	0.1
19880308	0.19	6.76	0.08
19880309	2.07	8.21	0.09
19880310	0.0	6.25	0.11
19880311	0.0	8.51	0.1
19880312	0.0	8.01	0.09
19880313	2.05	8.3	0.07
19880314	5.4	8.36	0.14
19880315	7.33	7.7	0.78
19880316	1.16	7.67	0.94
19880317	1.8	6.18	0.42
19880318	6.69	7.67	0.37
19880319	9.64	9.55	2.01
19880320	15.59	9.46	2.95
19880321	0.14	8.35	3.27
19880322	2.14	8.99	0.53
19880323	3.01	9.65	0.17
19880324	5.88	9.36	0.85
19880325	1.26	8.8	1.65
19880326	0.08	8.05	0.94
19880327	0.01	7.62	0.6
19880328	2.33	7.07	0.53
19880329	10.84	6.32	0.59
19880330	1.74	5.77	1.81
19880331	0.02	5.44	1.2
19880401	0.06	8.66	0.86
19880402	0.0	7.0	0.66
19880403	0.0	9.2	0.49
19880404	0.0	7.41	0.4
19880405	0.0	7.44	0.34
19880406	0.0	8.1	0.3
19880407	0.0	8.15	0.65
19880408	0.46	7.51	0.7
19880409	0.78	1.77	0.7
19880410	0.0	5.22	0.67
19880411	0.01	8.28	0.61
19880412	0.0	7.92	0.62
19880413	0.0	5.1	0.54
19880414	0.01	9.25	0.55
19880415	5.56	11.57	0.65
19880416	4.73	11.29	0.88
19880417	0.21	11.67	0.85
19880418	6.11	13.53	0.77
19880419	4.1	12.18	1.4
19880420	0.04	11.51	0.99
19880421	0.0	9.89	0.78
19880422	0.0	8.15	0.57
19880423	0.0	4.87	0.48
19880424	0.0	5.86	0.5
19880425	0.0	6.14	0.54
19880426	0.42	9.6	0.49
19880427	11.95	7.16	0.68
19880428	0.27	8.03	1.45
19880429	0.66	9.75	0.89
19880430	6.55	11.66	0.73
19880501	1.8	11.12	1.06
19880502	1.75	11.59	0.98
19880503	4.03	11.98	0.75
19880504	0.12	10.72	0.72
19880505	0.0	10.44	0.58
19880506	0.0	14.22	0.53
19880507	4.78	16.57	0.51
19880508	0.11	16.22	0.57
19880509	0.0	12.6	0.51
19880510	0.0	10.61	0.45
19880511	3.81	11.94	0.39
19880512	0.01	13.62	0.5
19880513	0.0	15.67	0.47
19880514	0.01	17.18	0.43
19880515	0.06	15.86	0.39
19880516	0.0	14.29	0.34
19880517	0.49	14.12	0.28
19880518	0.97	8.76	0.28
19880519	0.01	7.49	0.28
19880520	0.14	8.82	0.29
19880521	0.0	10.04	0.31
19880522	0.0	12.49	0.31
19880523	6.18	12.4	0.32
19880524	0.01	13.54	0.39
19880525	1.47	15.01	0.27
19880526	0.19	11.04	0.26
19880527	0.04	12.19	0.27
19880528	6.34	13.52	0.28
19880529	4.08	12.6	0.42
19880530	8.0	12.27	0.53
19880531	0.09	11.21	0.55
19880601	0.01	14.08	0.39
19880602	0.07	11.46	0.21
19880603	0.41	12.14	0.15
19880604	2.4	11.28	0.16
19880605	0.28	11.08	0.25
19880606	0.0	11.37	0.19
19880607	0.01	12.01	0.15
19880608	0.04	13.54	0.14
19880609	0.01	13.21	0.17
19880610	0.02	12.86	0.19
19880611	0.0	13.8	0.19
19880612	0.0	15.43	0.17
19880613	0.0	15.72	0.17
19880614	0.0	17.33	0.23
19880615	0.01	15.23	0.17
19880616	0.0	13.83	0.14
19880617	0.0	13.41	0.16
19880618	0.0	12.92	0.14
19880619	0.0	14.47	0.13
19880620	0.0	16.16	0.12
19880621	0.0	17.33	0.12
19880622	0.0	14.16	0.11
19880623	0.0	16.87	0.09
19880624	0.0	15.6	0.12
19880625	0.0	17.45	0.13
19880626	0.05	14.91	0.13
19880627	3.85	14.71	0.16
19880628	0.21	14.14	0.17
19880629	0.0	15.64	0.18
19880630	4.43	18.33	0.09
19880701	9.5	13.88	0.23
19880702	5.54	13.03	0.45
19880703	16.58	13.42	0.51
19880704	3.94	14.14	0.71
19880705	1.56	15.35	0.31
19880706	1.98	14.99	0.24
19880707	1.42	14.56	0.2
19880708	0.59	14.15	0.22
19880709	0.14	15.69	0.2
19880710	3.46	14.89	0.19
19880711	0.82	14.53	0.19
19880712	2.84	15.81	0.16
19880713	1.48	14.07	0.24
19880714	1.19	15.2	0.23
19880715	0.25	14.2	0.24
19880716	8.72	16.25	0.25
19880717	0.32	16.2	0.36
19880718	0.0	14.71	0.28
19880719	0.0	15.88	0.2
19880720	0.03	17.22	0.16
19880721	6.89	18.08	0.13
19880722	7.49	17.23	0.18
19880723	9.58	15.72	0.65
19880724	0.51	15.53	0.38
19880725	1.6	14.92	0.19
19880726	0.37	14.24	0.14
19880727	5.62	15.9	0.33
19880728	0.61	13.69	0.29
19880729	2.4	13.26	0.24
19880730	0.01	14.42	0.23
19880731	0.03	14.31	0.18
19880801	0.0	16.22	0.17
19880802	0.12	13.53	0.15
19880803	0.0	14.94	0.14
19880804	0.0	16.6	0.14
19880805	0.0	14.82	0.14
19880806	0.0	18.38	0.19
19880807	0.0	19.74	0.2
19880808	0.09	19.85	0.14
19880809	0.01	16.69	0.07
19880810	0.01	15.62	0.06
19880811	0.82	16.76	0.08
19880812	0.27	15.02	0.08
19880813	0.0	16.25	0.08
19880814	0.3	15.73	0.08
19880815	0.0	15.16	0.08
19880816	0.0	16.41	0.07
19880817	0.0	17.61	0.08
19880818	15.52	18.93	0.09
19880819	2.35	16.03	0.29
19880820	0.85	15.97	0.21
19880821	0.03	13.05	0.17
19880822	0.0	13.93	0.17
19880823	0.2	16.77	0.16
19880824	1.23	14.31	0.12
19880825	0.18	14.43	0.08
19880826	0.43	16.38	0.08
19880827	0.02	16.05	0.14
19880828	0.43	13.49	0.15
19880829	2.23	14.47	0.14
19880830	1.52	15.82	0.15
19880831	13.05	15.5	0.15
19880901	15.75	14.57	0.52
19880902	4.43	13.34	0.48
19880903	0.39	12.64	0.29
19880904	1.08	14.93	0.21
19880905	0.01	14.69	0.12
19880906	0.0	16.34	0.08
19880907	0.0	18.98	0.13
19880908	0.0	17.07	0.14
19880909	0.0	15.69	0.08
19880910	0.0	16.09	0.08
19880911	0.0	12.96	0.09
19880912	1.09	12.7	0.16
19880913	1.66	11.86	0.16
19880914	0.03	12.06	0.16
19880915	0.17	12.85	0.15
19880916	0.02	15.07	0.14
19880917	0.0	14.31	0.12
19880918	0.0	11.84	0.13
19880919	0.0	12.41	0.13
19880920	0.0	13.03	0.1
19880921	0.67	14.22	0.06
19880922	11.46	13.58	0.08
19880923	0.99	13.41	0.18
19880924	1.98	15.32	0.14
19880925	0.05	16.6	0.12
19880926	2.56	15.75	0.18
19880927	8.65	14.51	0.21
19880928	0.47	11.36	0.28
19880929	0.01	8.81	0.18
19880930	0.0	8.16	0.14
19881001	0.0	8.29	0.13
19881002	0.0	11.98	0.14
19881003	0.0	13.73	0.09
19881004	5.19	13.32	0.07
19881005	15.01	13.11	0.13
19881006	3.65	12.08	0.56
19881007	0.06	10.0	0.28
19881008	30.3	12.05	0.23
19881009	7.38	9.58	1.02
19881010	0.02	9.17	0.22
19881011	4.08	10.6	0.22
19881012	4.84	11.03	0.52
19881013	0.02	10.79	0.66
19881014	0.0	15.01	0.36
19881015	0.01	13.42	0.24
19881016	0.0	14.08	0.21
19881017	0.32	14.06	0.14
19881018	2.08	16.48	0.13
19881019	1.7	14.72	0.14
19881020	0.01	10.4	0.22
19881021	0.03	12.31	0.22
19881022	0.0	13.32	0.12
19881023	1.25	12.99	0.15
19881024	3.56	14.02	0.13
19881025	0.37	14.5	0.15
19881026	0.06	15.67	0.14
19881027	0.11	12.95	0.12
19881028	0.0	9.27	0.12
19881029	0.0	5.7	0.1
19881030	0.0	6.14	0.1
19881031	0.01	4.68	0.12
19881101	0.0	5.75	0.09
19881102	0.0	5.14	0.08
19881103	0.0	3.42	0.13
19881104	0.0	1.7	0.15
19881105	0.0	4.3	0.15
19881106	0.0	5.23	0.15
19881107	0.0	6.06	0.14
19881108	4.13	9.8	0.08
19881109	1.05	13.58	0.12
19881110	0.14	12.68	0.15
19881111	3.54	11.93	0.18
19881112	0.19	7.92	0.21
19881113	0.0	5.93	0.19
19881114	0.0	5.51	0.17
19881115	0.0	6.33	0.17
19881116	0.11	9.59	0.17
19881117	0.92	10.26	0.16
19881118	0.19	6.01	0.17
19881119	1.62	4.18	0.16
19881120	2.17	1.78	0.16
19881121	0.26	0.67	0.14
19881122	0.0	1.08	0.12
19881123	0.0	1.3	0.08
19881124	0.0	2.46	0.08
19881125	0.0	1.96	0.09
19881126	0.0	1.66	0.13
19881127	0.33	2.8	0.18
19881128	0.88	8.79	0.14
19881129	16.28	9.75	0.56
19881130	0.14	6.58	0.45
19881201	0.17	4.8	0.49
19881202	0.26	1.8	0.48
19881203	8.32	6.88	0.34
19881204	4.59	7.4	1.22
19881205	0.04	5.14	0.69
19881206	0.0	3.73	0.43
19881207	0.0	4.13	0.27
19881208	0.09	8.48	0.22
19881209	0.02	9.48	0.19
19881210	0.0	10.43	0.19
19881211	0.0	8.74	0.19
19881212	0.0	4.93	0.19
19881213	0.22	6.19	0.18
19881214	0.01	6.22	0.24
19881215	0.0	6.81	0.19
19881216	0.27	4.86	0.19
19881217	0.0	4.44	0.18
19881218	0.0	7.59	0.18
19881219	0.25	6.82	0.18
19881220	0.14	6.69	0.17
19881221	0.1	10.27	0.16
19881222	0.54	10.31	0.17
19881223	0.31	10.39	0.17
19881224	0.13	9.62	0.18
19881225	0.16	10.32	0.15
19881226	3.43	9.66	0.16
19881227	0.11	8.97	0.21
19881228	0.01	8.91	0.22
19881229	0.33	7.52	0.16
19881230	0.01	7.14	0.16
19881231	0.0	7.26	0.15
19890101	0.0	6.52	0.14
19890102	0.0	5.68	0.14
19890103	2.38	6.43	0.14
19890104	0.34	5.2	0.17
19890105	11.24	6.35	0.44
19890106	0.07	8.87	0.85
19890107	0.05	9.13	0.43
19890108	0.59	9.1	0.35
19890109	2.89	7.71	0.31
19890110	0.0	2.55	0.39
19890111	0.16	5.69	0.31
19890112	2.56	4.8	0.33
19890113	1.66	8.0	0.34
19890114	0.02	7.75	0.29
19890115	0.0	9.33	0.29
19890116	0.02	7.98	0.24
19890117	1.1	3.73	0.23
19890118	0.02	2.94	0.25
19890119	0.02	2.87	0.22
19890120	5.0	5.94	0.2
19890121	1.74	4.85	0.48
19890122	0.05	4.57	0.44
19890123	0.01	6.72	0.3
19890124	0.0	3.98	0.27
19890125	0.0	4.39	0.25
19890126	0.01	7.21	0.26
19890127	0.0	8.92	0.24
19890128	1.82	4.17	0.22
19890129	0.0	3.39	0.2
19890130	0.01	5.21	0.19
19890131	0.0	4.68	0.19
19890201	0.01	2.62	0.18
19890202	0.03	4.23	0.18
19890203	0.0	6.95	0.18
19890204	0.38	8.79	0.18
19890205	0.09	9.99	0.19
19890206	0.0	10.09	0.18
19890207	0.0	5.88	0.19
19890208	0.0	6.91	0.15
19890209	0.02	7.9	0.15
19890210	0.41	3.73	0.16
19890211	1.39	5.34	0.12
19890212	0.0	5.6	0.17
19890213	2.99	6.51	0.21
19890214	0.0	7.28	0.22
19890215	1.26	5.2	0.18
19890216	3.81	3.42	0.15
19890217	14.01	7.7	0.76
19890218	1.7	10.92	0.6
19890219	1.76	8.57	0.81
19890220	0.0	5.56	0.56
19890221	0.41	6.61	0.37
19890222	6.37	3.85	0.81
19890223	3.41	5.3	0.93
19890224	11.83	3.93	2.21
19890225	13.17	2.95	2.45
19890226	4.33	4.69	1.62
19890227	0.19	4.88	0.25
19890228	0.6	5.98	1.14
19890301	1.13	5.35	0.76
19890302	12.42	8.12	1.16
19890303	0.26	6.98	0.53
19890304	2.45	9.63	1.35
19890305	0.01	10.24	1.09
19890306	2.53	11.33	0.89
19890307	0.01	4.59	0.86
19890308	0.15	7.22	0.6
19890309	0.47	9.55	0.52
19890310	1.93	9.31	0.54
19890311	0.02	6.33	0.53
19890312	1.99	8.02	0.59
19890313	0.0	7.38	0.54
19890314	15.65	8.33	2.01
19890315	4.3	8.57	0.37
19890316	11.83	5.39	3.04
19890317	0.09	2.6	0.9
19890318	5.24	6.89	0.52
19890319	1.81	7.92	1.77
19890320	8.29	5.94	2.23
19890321	2.21	8.1	0.97
19890322	0.26	6.56	1.48
19890323	4.53	7.88	1.24
19890324	0.04	7.88	1.24
19890325	0.0	9.29	0.87
19890326	0.0	10.5	0.9
19890327	0.0	11.79	0.85
19890328	0.0	12.95	0.73
19890329	0.0	9.51	0.66
19890330	0.0	8.62	0.61
19890331	0.0	10.65	0.55
19890401	1.71	11.3	0.52
19890402	0.2	7.06	0.54
19890403	0.18	5.04	0.5
19890404	7.01	3.52	0.55
19890405	16.88	2.21	2.43
19890406	0.31	5.39	1.44
19890407	0.63	5.77	1.33
19890408	0.13	5.64	0.88
19890409	2.81	10.53	0.73
19890410	2.61	9.75	0.73
19890411	21.24	8.45	3.52
19890412	0.23	8.25	1.27
19890413	0.02	8.38	0.49
19890414	0.0	6.91	0.93
19890415	0.0	10.07	0.83
19890416	3.13	8.86	0.79
19890417	0.02	5.98	0.72
19890418	0.0	6.75	0.61
19890419	0.01	9.07	0.49
19890420	1.3	6.15	0.46
19890421	1.82	5.68	0.58
19890422	0.0	7.95	0.52
19890423	0.16	7.78	0.54
19890424	3.99	4.74	0.59
19890425	1.39	3.09	0.57
19890426	8.52	6.79	0.54
19890427	11.35	6.35	2.63
19890428	0.53	9.21	0.92
19890429	0.43	5.44	1.05
19890430	1.09	10.75	0.81
19890501	0.78	11.44	0.71
19890502	0.01	11.61	0.64
19890503	0.0	13.09	0.58
19890504	0.0	15.19	0.52
19890505	0.0	15.97	0.5
19890506	0.0	9.16	0.4
19890507	0.0	9.07	0.35
19890508	0.0	12.1	0.33
19890509	0.0	13.45	0.36
19890510	0.0	12.14	0.33
19890511	3.54	10.47	0.34
19890512	0.05	9.85	0.35
19890513	0.57	11.63	0.28
19890514	0.0	11.45	0.28
19890515	0.0	12.5	0.31
19890516	0.0	13.9	0.27
19890517	0.0	13.96	0.22
19890518	0.0	15.77	0.22
19890519	0.0	16.72	0.21
19890520	0.0	18.04	0.19
19890521	0.29	19.29	0.18
19890522	0.0	19.4	0.19
19890523	0.0	20.2	0.16
19890524	0.05	20.25	0.14
19890525	0.0	16.18	0.14
19890526	0.0	13.08	0.12
19890527	0.0	11.86	0.12
19890528	0.0	13.27	0.12
19890529	0.0	14.6	0.12
19890530	0.0	8.73	0.11
19890531	0.04	11.17	0.1
19890601	3.24	9.38	0.12
19890602	0.1	9.23	0.15
19890603	0.78	8.83	0.13
19890604	0.03	8.73	0.13
19890605	3.24	11.78	0.11
19890606	7.05	10.26	0.22
19890607	6.25	9.78	0.26
19890608	0.1	11.63	0.23
19890609	0.02	14.5	0.16
19890610	0.0	15.1	0.14
19890611	0.0	17.94	0.12
19890612	0.0	19.6	0.1
19890613	0.0	18.6	0.09
19890614	0.21	20.41	0.12
19890615	0.0	17.92	0.08
19890616	0.0	17.27	0.07
19890617	0.0	16.83	0.07
19890618	0.0	18.15	0.06
19890619	0.0	19.4	0.06
19890620	0.0	20.45	0.05
19890621	0.0	17.95	0.06
19890622	0.0	14.39	0.06
19890623	0.0	16.73	0.05
19890624	0.0	16.06	0.05
19890625	0.0	15.86	0.04
19890626	6.76	17.03	0.04
19890627	4.35	13.31	0.06
19890628	0.73	15.12	0.08
19890629	7.34	11.17	0.15
19890630	0.51	16.33	0.11
19890701	0.17	15.75	0.09
19890702	0.0	14.27	0.08
19890703	0.0	16.77	0.11
19890704	0.0	18.83	0.08
19890705	0.22	20.34	0.06
19890706	7.21	23.47	0.07
19890707	3.37	17.37	0.07
19890708	4.94	18.41	0.29
19890709	0.01	16.13	0.13
19890710	0.0	18.35	0.08
19890711	0.0	18.26	0.07
19890712	0.0	17.69	0.08
19890713	0.0	17.45	0.13
19890714	0.0	15.82	0.06
19890715	0.0	18.56	0.05
19890716	0.0	17.77	0.03
19890717	0.0	18.82	0.02
19890718	0.0	17.02	0.02
19890719	0.0	17.11	0.03
19890720	0.0	21.08	0.05
19890721	0.71	23.47	0.07
19890722	1.21	23.9	0.07
19890723	0.0	22.94	0.08
19890724	0.0	21.36	0.08
19890725	0.0	21.32	0.15
19890726	0.0	18.96	0.11
19890727	0.0	18.33	0.13
19890728	0.0	17.57	0.06
19890729	0.83	19.8	0.05
19890730	1.02	14.63	0.04
19890731	0.05	14.03	0.03
19890801	0.0	14.45	0.06
19890802	0.0	18.29	0.04
19890803	0.0	18.01	0.05
19890804	0.0	17.47	0.05
19890805	0.0	17.82	0.04
19890806	0.0	20.0	0.06
19890807	0.0	19.41	0.05
19890808	0.0	18.89	0.05
19890809	1.73	19.75	0.05
19890810	3.82	16.94	0.06
19890811	2.27	18.66	0.05
19890812	0.0	16.67	0.06
19890813	5.89	18.18	0.05
19890814	2.45	19.63	0.06
19890815	2.36	19.2	0.05
19890816	2.51	16.52	0.04
19890817	0.95	14.91	0.06
19890818	0.0	14.85	0.05
19890819	0.0	18.08	0.07
19890820	0.0	21.1	0.06
19890821	0.0	17.34	0.06
19890822	0.0	16.15	0.06
19890823	0.0	16.59	0.06
19890824	0.83	19.12	0.06
19890825	2.69	18.57	0.06
19890826	2.93	18.25	0.07
19890827	0.0	13.47	0.08
19890828	0.0	13.72	0.06
19890829	0.0	17.21	0.06
19890830	0.0	17.68	0.06
19890831	0.0	14.64	0.06
19890901	0.0	15.13	0.05
19890902	0.0	12.26	0.05
19890903	0.0	13.34	0.05
19890904	0.0	13.75	0.06
19890905	0.0	14.82	0.08
19890906	0.0	16.59	0.11
19890907	0.0	17.2	0.06
19890908	0.01	18.88	0.06
19890909	12.86	15.32	0.06
19890910	0.03	17.38	0.15
19890911	0.0	16.49	0.08
19890912	3.07	17.04	0.06
19890913	3.26	14.15	0.08
19890914	12.47	14.58	0.12
19890915	1.89	17.56	0.14
19890916	3.08	17.81	0.1
19890917	0.0	16.77	0.17
19890918	1.27	17.94	0.09
19890919	0.0	15.45	0.05
19890920	0.0	15.71	0.05
19890921	2.15	19.58	0.04
19890922	1.05	13.84	0.05
19890923	0.01	15.08	0.05
19890924	0.04	14.3	0.05
19890925	0.0	15.42	0.06
19890926	0.33	16.25	0.06
19890927	0.14	14.22	0.05
19890928	0.0	11.26	0.05
19890929	0.04	12.95	0.05
19890930	0.02	13.67	0.06
19891001	0.01	12.51	0.05
19891002	0.0	10.73	0.06
19891003	0.0	12.52	0.07
19891004	0.0	11.97	0.07
19891005	5.77	12.2	0.06
19891006	0.59	12.49	0.05
19891007	2.28	10.82	0.05
19891008	0.16	11.28	0.05
19891009	0.06	11.25	0.05
19891010	0.04	12.51	0.06
19891011	0.27	13.35	0.06
19891012	0.04	15.34	0.05
19891013	0.19	11.89	0.06
19891014	0.0	8.45	0.07
19891015	0.0	12.25	0.05
19891016	0.0	10.52	0.08
19891017	0.0	12.19	0.03
19891018	0.01	14.27	0.05
19891019	15.0	13.78	0.07
19891020	10.35	14.2	0.14
19891021	8.6	14.83	0.15
19891022	1.33	15.71	0.09
19891023	0.28	11.69	0.12
19891024	0.01	11.9	0.07
19891025	0.08	14.28	0.08
19891026	1.41	13.48	0.06
19891027	4.69	15.19	0.07
19891028	8.06	11.83	0.14
19891029	11.74	13.05	0.22
19891030	12.58	12.92	0.3
19891031	0.05	11.52	0.33
19891101	0.85	11.26	0.11
19891102	14.73	9.43	0.38
19891103	8.45	9.13	0.35
19891104	0.79	6.36	0.54
19891105	0.17	5.4	0.25
19891106	0.08	5.6	0.12
19891107	8.86	9.98	0.07
19891108	4.2	8.34	0.46
19891109	10.58	9.36	0.33
19891110	3.26	12.56	0.77
19891111	0.0	10.98	0.4
19891112	0.01	8.64	0.23
19891113	0.01	7.57	0.18
19891114	0.0	7.99	0.1
19891115	0.0	7.95	0.09
19891116	0.0	7.06	0.07
19891117	0.04	7.59	0.09
19891118	0.0	8.37	0.08
19891119	0.0	9.32	0.09
19891120	0.0	8.88	0.09
19891121	0.01	9.17	0.06
19891122	0.0	4.68	0.07
19891123	0.0	1.91	0.04
19891124	0.0	2.21	0.07
19891125	0.0	-0.5	0.06
19891126	0.0	0.64	0.07
19891127	0.0	1.62	0.05
19891128	0.0	1.73	0.05
19891129	0.0	1.77	0.06
19891130	0.0	0.73	0.08
19891201	0.01	-0.32	0.05
19891202	0.0	0.79	0.05
19891203	0.0	0.18	0.05
19891204	0.01	4.33	0.06
19891205	0.01	4.76	0.06
19891206	0.0	5.94	0.06
19891207	0.0	5.36	0.05
19891208	0.1	3.47	0.04
19891209	0.29	3.79	0.04
19891210	0.04	3.73	0.04
19891211	5.98	4.64	0.04
19891212	4.31	5.64	0.09
19891213	32.04	8.96	0.59
19891214	2.66	9.35	1.56
19891215	24.79	9.67	0.29
19891216	3.87	11.91	2.2
19891217	6.84	9.98	0.32
19891218	8.95	7.17	0.96
19891219	21.93	7.57	0.93
19891220	14.79	12.15	4.27
19891221	3.79	10.51	3.08
19891222	1.18	5.95	0.29
19891223	2.74	9.35	0.31
19891224	4.96	10.44	0.8
19891225	4.52	7.51	1.43
19891226	0.24	6.68	1.27
19891227	0.0	6.85	0.74
19891228	0.0	5.28	0.56
19891229	0.0	3.96	0.48
19891230	0.0	3.41	0.4
19891231	0.01	3.24	0.37
19900101	0.93	3.52	0.33
19900102	0.01	5.83	0.32
19900103	0.0	4.24	0.3
19900104	0.01	5.35	0.27
19900105	7.8	8.31	0.15
19900106	14.55	8.31	1.6
19900107	2.29	6.01	1.78
19900108	0.11	5.31	1.31
19900109	0.39	9.18	1.04
19900110	0.04	9.19	0.85
19900111	0.01	8.17	0.76
19900112	3.73	4.39	0.73
19900113	0.02	3.49	0.87
19900114	1.72	6.82	0.78
19900115	0.16	10.42	0.68
19900116	1.3	8.98	0.55
19900117	0.03	4.68	0.44
19900118	0.03	5.11	0.35
19900119	6.46	6.55	0.74
19900120	1.95	7.82	0.99
19900121	6.82	10.22	0.98
19900122	5.5	10.13	2.07
19900123	6.16	6.65	2.27
19900124	9.26	7.93	0.61
19900125	2.96	7.4	2.94
19900126	0.89	4.95	0.45
19900127	3.08	6.47	1.14
19900128	0.89	6.25	1.13
19900129	19.66	7.55	1.74
19900130	31.15	8.61	4.28
19900131	14.64	7.35	4.38
19900201	10.82	6.85	4.38
19900202	16.8	7.13	4.13
19900203	8.88	6.47	4.32
19900204	0.02	9.48	3.75
19900205	0.01	9.65	0.78
19900206	14.69	9.89	1.29
19900207	14.48	9.91	4.09
19900208	0.01	7.38	3.86
19900209	0.44	8.43	0.83
19900210	11.61	6.52	2.38
19900211	11.78	5.44	3.43
19900212	0.06	5.34	3.06
19900213	5.7	7.75	1.08
19900214	15.8	5.07	2.33
19900215	0.03	4.16	3.76
19900216	0.69	5.97	0.9
19900217	3.28	8.59	0.16
19900218	0.06	8.9	0.1
19900219	0.75	11.36	0.96
19900220	2.51	11.27	0.97
19900221	0.15	9.19	0.91
19900222	0.01	9.9	0.69
19900223	0.0	12.28	0.53
19900224	0.38	9.41	0.51
19900225	16.56	9.26	0.67
19900226	2.6	7.49	1.89
19900227	0.6	6.33	0.16
19900228	2.35	6.5	0.35
19900301	0.41	3.7	0.69
19900302	0.0	3.91	0.39
19900303	0.0	7.13	0.31
19900304	0.0	8.48	0.28
19900305	0.0	8.52	0.27
19900306	0.0	9.76	0.29
19900307	0.0	6.94	0.73
19900308	0.0	9.81	0.77
19900309	0.11	9.62	0.63
19900310	0.01	11.28	0.6
19900311	0.0	7.98	0.6
19900312	0.03	8.04	0.54
19900313	1.06	6.48	0.58
19900314	0.0	8.66	0.59
19900315	0.0	7.76	0.51
19900316	0.0	11.05	0.5
19900317	0.0	13.29	0.49
19900318	0.0	14.27	0.46
19900319	1.53	8.84	0.46
19900320	0.18	10.27	0.46
19900321	0.27	10.27	0.47
19900322	0.0	8.31	0.42
19900323	0.0	9.85	0.46
19900324	0.26	7.15	0.46
19900325	2.65	4.63	0.43
19900326	0.0	4.7	0.46
19900327	0.0	5.96	0.38
19900328	0.0	5.69	0.32
19900329	0.0	9.14	0.3
19900330	0.0	9.44	0.31
19900331	0.0	10.46	0.3
19900401	0.03	12.43	0.3
19900402	11.4	7.5	0.56
19900403	2.12	3.91	0.67
19900404	0.03	2.22	0.5
19900405	0.0	3.03	0.37
19900406	0.0	6.66	0.32
19900407	0.0	7.19	0.29
19900408	0.01	5.25	0.33
19900409	0.0	6.22	0.26
19900410	0.02	9.58	0.26
19900411	0.0	11.53	0.25
19900412	0.71	11.3	0.24
19900413	12.78	5.04	0.62
19900414	9.37	6.66	0.79
19900415	0.99	7.59	0.96
19900416	1.2	6.2	0.54
19900417	0.43	6.15	0.44
19900418	3.86	8.41	0.38
19900419	5.5	6.28	0.67
19900420	6.44	9.06	0.73
19900421	2.91	12.94	0.99
19900422	0.08	12.28	0.72
19900423	0.05	11.1	0.59
19900424	0.0	11.09	0.46
19900425	0.03	12.43	0.37
19900426	0.92	9.34	0.34
19900427	0.0	7.63	0.31
19900428	0.0	8.83	0.26
19900429	0.0	13.13	0.25
19900430	0.0	16.17	0.31
19900501	0.0	14.96	0.2
19900502	0.0	17.12	0.22
19900503	0.0	17.43	0.09
19900504	0.0	16.36	0.08
19900505	0.0	17.45	0.07
19900506	0.0	16.03	0.06
19900507	0.0	10.85	0.09
19900508	0.0	12.52	0.12
19900509	5.54	10.99	0.21
19900510	2.81	9.57	0.26
19900511	0.04	11.25	0.15
19900512	0.0	10.14	0.15
19900513	0.0	10.51	0.21
19900514	0.14	14.03	0.11
19900515	0.02	14.7	0.06
19900516	0.01	12.0	0.07
19900517	0.0	14.68	0.11
19900518	0.0	10.72	0.1
19900519	0.0	10.28	0.16
19900520	0.0	13.49	0.2
19900521	0.0	12.9	0.07
19900522	0.0	10.55	0.06
19900523	0.0	14.65	0.11
19900524	0.0	11.0	0.08
19900525	0.0	9.08	0.05
19900526	0.0	9.57	0.06
19900527	0.0	11.93	0.03
19900528	0.0	13.19	0.06
19900529	0.19	14.85	0.07
19900530	0.04	13.38	0.08
19900531	0.0	15.06	0.06
19900601	6.27	14.87	0.07
19900602	0.01	14.25	0.07
19900603	4.36	11.8	0.11
19900604	0.0	11.03	0.08
19900605	4.21	12.55	0.15
19900606	3.14	11.07	0.24
19900607	0.42	10.97	0.09
19900608	2.4	11.04	0.07
19900609	0.52	13.9	0.07
19900610	0.03	15.39	0.08
19900611	0.0	10.42	0.07
19900612	0.0	11.95	0.16
19900613	0.0	11.15	0.12
19900614	0.0	11.95	0.11
19900615	0.0	13.0	0.07
19900616	0.0	12.82	0.06
19900617	0.0	16.24	0.06
19900618	8.1	15.02	0.07
19900619	0.0	13.7	0.12
19900620	1.84	14.51	0.08
19900621	26.09	12.67	0.3
19900622	0.19	14.0	0.42
19900623	0.01	12.14	0.12
19900624	0.0	15.73	0.07
19900625	0.01	16.68	0.06
19900626	0.2	17.98	0.13
19900627	0.0	15.64	0.17
19900628	0.0	12.83	0.12
19900629	0.04	17.55	0.09
19900630	11.27	16.24	0.04
19900701	0.39	12.61	0.1
19900702	0.0	12.47	0.06
19900703	0.31	14.31	0.07
19900704	8.49	13.46	0.15
19900705	0.6	13.57	0.16
19900706	1.37	15.71	0.11
19900707	0.0	17.77	0.07
19900708	0.0	15.68	0.06
19900709	0.0	13.95	0.06
19900710	0.0	14.0	0.03
19900711	0.0	16.94	0.07
19900712	0.0	18.55	0.07
19900713	0.0	18.88	0.1
19900714	0.0	16.96	0.08
19900715	0.0	21.42	0.07
19900716	0.0	17.98	0.06
19900717	0.0	16.74	0.06
19900718	0.0	16.35	0.06
19900719	0.0	18.22	0.05
19900720	0.0	20.66	0.06
19900721	0.0	22.46	0.06
19900722	0.0	17.91	0.06
19900723	0.0	15.18	0.05
19900724	0.0	14.43	0.04
19900725	0.01	16.06	0.03
19900726	0.0	19.11	0.03
19900727	0.06	18.56	0.02
19900728	0.01	16.93	0.03
19900729	0.0	18.83	0.02
19900730	0.14	18.01	0.06
19900731	0.0	19.32	0.08
19900801	0.0	23.74	0.09
19900802	0.0	23.91	0.09
19900803	0.0	25.92	0.03
19900804	0.0	24.71	0.03
19900805	0.0	16.96	0.03
19900806	0.0	14.72	0.04
19900807	0.0	14.53	0.03
19900808	0.0	17.45	0.03
19900809	0.0	18.8	0.04
19900810	0.0	17.99	0.05
19900811	0.0	18.21	0.03
19900812	0.0	19.62	0.04
19900813	0.13	18.69	0.04
19900814	2.21	18.3	0.05
19900815	1.38	16.36	0.04
19900816	2.84	14.56	0.08
19900817	5.63	16.78	0.07
19900818	6.64	17.06	0.08
19900819	7.85	16.28	0.12
19900820	0.01	17.76	0.1
19900821	0.0	17.68	0.03
19900822	0.0	19.29	0.03
19900823	0.0	21.22	0.03
19900824	0.02	21.95	0.03
19900825	0.35	21.16	0.03
19900826	0.0	19.82	0.04
19900827	0.01	17.77	0.03
19900828	0.0	19.93	0.04
19900829	7.99	18.69	0.04
19900830	0.0	14.17	0.06
19900831	0.03	16.66	0.04
19900901	0.0	16.45	0.03
19900902	0.0	16.82	0.03
19900903	0.2	16.87	0.03
19900904	0.03	13.3	0.03
19900905	3.22	15.97	0.06
19900906	0.0	14.58	0.04
19900907	0.0	13.83	0.03
19900908	0.0	11.72	0.03
19900909	0.0	13.75	0.06
19900910	0.0	14.15	0.09
19900911	0.0	15.4	0.07
19900912	0.0	14.2	0.13
19900913	0.0	15.18	0.04
19900914	0.0	15.97	0.04
19900915	0.0	14.1	0.04
19900916	0.0	11.97	0.03
19900917	0.29	11.44	0.04
19900918	0.26	16.61	0.04
19900919	0.21	11.63	0.04
19900920	0.28	12.2	0.04
19900921	4.99	12.07	0.05
19900922	0.76	11.61	0.07
19900923	4.03	9.75	0.07
19900924	0.19	11.81	0.05
19900925	0.0	10.69	0.04
19900926	0.0	10.48	0.06
19900927	0.0	10.52	0.04
19900928	0.0	12.86	0.04
19900929	20.81	15.06	0.11
19900930	3.63	12.38	0.19
19901001	0.0	13.23	0.12
19901002	1.33	16.13	0.08
19901003	5.55	10.54	0.05
19901004	0.11	12.81	0.06
19901005	2.83	15.08	0.09
19901006	0.74	11.33	0.1
19901007	0.0	7.54	0.08
19901008	0.0	8.7	0.06
19901009	0.0	12.8	0.05
19901010	0.12	14.58	0.04
19901011	0.0	12.13	0.05
19901012	0.0	18.03	0.05
19901013	0.0	18.2	0.04
19901014	0.01	16.45	0.03
19901015	10.05	16.28	0.06
19901016	0.13	14.36	0.06
19901017	2.02	14.6	0.05
19901018	10.73	13.16	0.15
19901019	8.39	13.74	0.18
19901020	0.02	14.36	0.14
19901021	0.0	11.9	0.11
19901022	0.02	10.57	0.08
19901023	0.08	13.73	0.06
19901024	6.73	11.81	0.05
19901025	11.88	12.23	0.08
19901026	24.58	10.0	0.71
19901027	46.14	11.7	1.4
19901028	0.37	7.92	2.43
19901029	4.49	8.05	0.08
19901030	2.02	10.7	0.11
19901031	0.01	8.99	0.27
19901101	0.02	7.88	0.15
19901102	0.25	5.69	0.11
19901103	0.0	5.95	0.08
19901104	0.04	5.79	0.07
19901105	0.02	5.57	0.05
19901106	0.08	7.24	0.03
19901107	0.0	6.21	0.05
19901108	0.0	5.57	0.05
19901109	1.34	9.94	0.06
19901110	0.26	10.94	0.06
19901111	1.2	11.4	0.08
19901112	1.44	12.97	0.07
19901113	6.82	12.56	0.09
19901114	0.02	10.66	0.23
19901115	0.1	11.25	0.17
19901116	0.23	13.48	0.11
19901117	0.42	11.86	0.07
19901118	0.01	8.32	0.06
19901119	3.0	6.8	0.06
19901120	0.1	3.74	0.12
19901121	0.0	3.71	0.08
19901122	0.02	3.18	0.05
19901123	14.23	4.85	0.08
19901124	15.95	4.02	0.96
19901125	5.31	5.66	0.16
19901126	8.1	5.97	1.01
19901127	1.53	3.79	0.72
19901128	0.15	4.01	0.45
19901129	0.04	5.08	0.54
19901130	0.0	4.42	0.33
19901201	0.0	4.78	0.22
19901202	0.0	4.75	0.19
19901203	0.0	3.87	0.17
19901204	0.0	3.93	0.14
19901205	0.0	2.53	0.13
19901206	0.0	3.23	0.16
19901207	0.87	3.62	0.13
19901208	5.86	1.21	0.13
19901209	5.16	3.03	0.26
19901210	0.07	5.45	0.64
19901211	2.3	6.28	0.43
19901212	0.01	3.8	0.34
19901213	0.01	3.01	0.21
19901214	0.0	0.97	0.17
19901215	0.31	2.26	0.14
19901216	0.01	0.55	0.18
19901217	0.0	1.05	0.16
19901218	0.07	0.54	0.12
19901219	0.06	1.81	0.12
19901220	7.37	6.65	0.15
19901221	0.16	9.76	0.35
19901222	0.1	8.99	0.32
19901223	0.26	8.28	0.28
19901224	2.59	6.2	0.25
19901225	15.4	6.13	1.79
19901226	10.29	7.87	2.76
19901227	0.53	5.0	0.39
19901228	8.18	9.03	0.74
19901229	3.03	6.58	1.47
19901230	1.05	6.64	0.55
19901231	0.85	4.86	0.46
19910101	15.42	7.67	1.9
19910102	4.69	9.0	2.85
19910103	2.0	6.11	0.8
19910104	3.58	6.1	0.6
19910105	2.4	6.53	0.92
19910106	4.32	6.76	0.56
19910107	2.44	6.38	1.33
19910108	19.18	6.99	2.91
19910109	17.28	8.78	4.12
19910110	6.4	6.96	3.69
19910111	4.7	4.55	2.0
19910112	0.02	2.25	0.48
19910113	0.03	1.62	1.42
19910114	0.0	1.8	1.26
19910115	0.0	0.97	1.04
19910116	0.02	3.2	0.84
19910117	3.14	6.39	0.9
19910118	13.0	5.61	1.69
19910119	0.03	5.18	2.66
19910120	0.01	7.73	0.76
19910121	0.0	5.18	0.41
19910122	0.16	3.98	0.45
19910123	0.0	2.78	0.34
19910124	0.0	1.89	0.3
19910125	0.0	1.39	0.25
19910126	0.48	2.58	0.24
19910127	0.04	2.83	0.17
19910128	0.0	2.14	0.13
19910129	0.0	0.76	0.14
19910130	0.0	0.22	0.12
19910131	2.66	2.32	0.09
19910201	0.02	2.41	0.56
19910202	0.0	-0.05	0.53
19910203	0.0	-0.7	0.53
19910204	0.01	-0.29	0.48
19910205	0.06	-0.62	0.13
19910206	0.82	-5.34	0.29
19910207	2.52	-6.33	0.34
19910208	2.13	-5.72	0.35
19910209	0.42	-6.12	0.3
19910210	0.67	-3.62	0.26
19910211	0.01	-2.25	0.28
19910212	12.25	-0.38	0.28
19910213	0.01	-2.18	0.34
19910214	5.33	0.3	0.35
19910215	0.98	3.62	1.59
19910216	0.02	2.83	0.64
19910217	0.01	1.61	0.71
19910218	0.0	0.63	0.37
19910219	0.0	1.55	0.17
19910220	0.16	4.95	0.07
19910221	3.89	5.39	0.15
19910222	8.93	7.68	0.9
19910223	0.04	9.07	0.24
19910224	0.7	7.4	0.65
19910225	0.01	7.39	0.27
19910226	0.02	6.28	0.15
19910227	6.59	5.37	0.15
19910228	0.01	3.91	0.69
19910301	0.02	3.75	0.32
19910302	0.87	5.17	0.17
19910303	0.05	6.55	0.08
19910304	3.09	8.53	0.07
19910305	6.62	9.25	0.21
19910306	5.86	11.18	0.86
19910307	4.27	10.93	1.11
19910308	0.01	10.57	0.58
19910309	0.08	8.31	0.62
19910310	5.65	8.97	0.61
19910311	0.58	9.38	0.64
19910312	0.13	8.72	0.4
19910313	0.01	10.39	0.19
19910314	0.02	10.34	0.18
19910315	3.47	9.5	0.13
19910316	9.64	10.36	1.57
19910317	0.7	7.12	0.27
19910318	8.04	9.62	0.35
19910319	0.7	10.37	0.72
19910320	3.26	9.59	0.26
19910321	1.38	6.75	0.65
19910322	0.1	5.52	1.14
19910323	0.24	3.69	0.81
19910324	0.0	6.59	0.59
19910325	0.02	7.99	0.09
19910326	0.0	5.09	0.54
19910327	0.0	7.4	0.6
19910328	0.0	8.33	0.56
19910329	0.0	5.77	0.52
19910330	0.0	8.44	0.5
19910331	0.01	9.84	0.42
19910401	3.53	8.95	0.43
19910402	1.9	6.94	0.15
19910403	0.28	8.53	0.34
19910404	12.65	7.25	0.34
19910405	0.05	5.92	0.08
19910406	5.44	8.57	0.56
19910407	0.32	9.14	0.59
19910408	0.0	8.94	0.74
19910409	0.0	9.11	0.67
19910410	0.0	12.63	0.58
19910411	0.02	12.01	0.32
19910412	0.33	13.44	0.17
19910413	0.01	12.54	0.4
19910414	0.0	8.29	0.34
19910415	0.0	10.41	0.33
19910416	0.02	6.47	0.31
19910417	0.02	5.06	0.3
19910418	5.2	4.83	0.41
19910419	5.05	4.32	0.54
19910420	1.26	2.49	0.5
19910421	0.3	7.17	0.37
19910422	0.01	5.61	0.32
19910423	0.0	8.71	0.29
19910424	0.06	8.33	0.29
19910425	0.05	7.51	0.3
19910426	0.0	9.56	0.26
19910427	0.0	7.44	0.25
19910428	0.0	7.74	0.14
19910429	24.1	8.79	0.14
19910430	0.6	7.18	0.14
19910501	1.32	6.36	0.21
19910502	0.25	6.52	0.31
19910503	5.64	7.05	0.15
19910504	2.47	8.03	0.51
19910505	3.89	7.28	0.65
19910506	0.12	7.52	0.64
19910507	1.1	7.83	0.43
19910508	0.06	6.72	0.38
19910509	0.0	7.27	0.36
19910510	0.0	9.87	0.3
19910511	0.0	10.56	0.25
19910512	0.0	12.16	0.22
19910513	0.9	13.41	0.25
19910514	0.0	9.81	0.22
19910515	2.24	11.49	0.17
19910516	1.8	9.66	0.17
19910517	0.25	7.87	0.19
19910518	0.02	10.67	0.2
19910519	0.01	12.12	0.24
19910520	0.0	13.35	0.23
19910521	0.0	15.88	0.15
19910522	0.0	13.41	0.13
19910523	0.0	11.57	0.11
19910524	0.05	11.52	0.13
19910525	0.03	13.52	0.12
19910526	0.0	12.26	0.1
19910527	0.19	13.72	0.1
19910528	0.12	9.97	0.1
19910529	0.01	11.94	0.14
19910530	0.0	11.83	0.13
19910531	0.0	11.4	0.08
19910601	0.0	7.97	0.08
19910602	0.43	9.96	0.07
19910603	0.9	8.21	0.07
19910604	0.16	8.06	0.07
19910605	12.38	11.58	0.11
19910606	0.32	13.32	0.29
19910607	2.16	13.0	0.23
19910608	6.64	12.69	0.21
19910609	0.53	13.53	0.26
19910610	6.74	11.65	0.3
19910611	5.06	13.19	0.21
19910612	0.22	13.42	0.21
19910613	0.67	11.93	0.15
19910614	6.77	12.81	0.16
19910615	3.1	11.05	0.28
19910616	5.03	10.69	0.51
19910617	0.04	11.66	0.3
19910618	2.92	11.77	0.23
19910619	7.44	12.63	0.17
19910620	0.21	12.91	0.16
19910621	2.32	14.01	0.07
19910622	0.47	14.1	0.15
19910623	35.51	13.43	1.97
19910624	6.41	14.4	2.64
19910625	9.41	13.52	1.25
19910626	11.02	12.59	1.16
19910627	6.49	13.92	2.77
19910628	2.07	13.32	0.79
19910629	1.42	15.53	0.3
19910630	3.91	14.67	0.23
19910701	0.45	13.47	0.91
19910702	24.23	15.67	1.52
19910703	0.02	18.13	3.05
19910704	0.0	20.98	3.05
19910705	11.11	20.92	3.05
19910706	0.02	17.12	3.05
19910707	0.49	19.61	3.05
19910708	3.16	16.6	0.43
19910709	0.02	14.96	0.3
19910710	0.01	18.99	0.21
19910711	0.04	17.29	0.17
19910712	1.1	16.52	0.14
19910713	8.85	15.47	0.14
19910714	0.31	17.36	0.14
19910715	0.83	15.99	0.21
19910716	0.14	14.08	0.16
19910717	11.19	16.22	0.25
19910718	4.28	16.75	0.84
19910719	0.03	15.51	0.31
19910720	0.02	17.43	0.12
19910721	0.0	15.19	0.28
19910722	0.0	18.99	0.24
19910723	5.85	18.38	0.11
19910724	13.26	15.27	0.11
19910725	0.21	16.72	0.11
19910726	0.0	17.39	0.11
19910727	0.0	16.97	0.14
19910728	0.0	18.89	0.11
19910729	0.41	21.27	0.2
19910730	19.3	15.78	0.41
19910731	0.01	16.78	0.41
19910801	1.94	17.64	0.41
19910802	0.13	18.16	0.34
19910803	0.03	18.55	0.24
19910804	0.0	18.46	0.22
19910805	0.0	18.31	0.25
19910806	0.03	18.5	0.23
19910807	3.38	17.19	0.26
19910808	0.0	16.41	0.2
19910809	0.0	19.86	0.14
19910810	0.01	21.23	0.16
19910811	0.73	16.14	0.14
19910812	0.12	17.37	0.13
19910813	0.0	18.41	0.22
19910814	0.0	17.9	0.24
19910815	0.0	19.1	0.23
19910816	0.0	18.27	0.11
19910817	0.0	15.3	0.09
19910818	0.0	14.42	0.08
19910819	0.0	17.55	0.06
19910820	0.0	18.28	0.08
19910821	0.1	20.79	0.09
19910822	4.51	17.98	0.1
19910823	1.4	15.67	0.12
19910824	0.0	15.86	0.14
19910825	0.0	16.83	0.13
19910826	0.0	18.01	0.13
19910827	0.0	19.27	0.13
19910828	0.0	16.94	0.04
19910829	0.0	15.86	0.03
19910830	0.0	17.81	0.05
19910831	0.0	18.32	0.1
19910901	0.03	20.62	0.08
19910902	0.0	18.62	0.08
19910903	0.0	19.47	0.09
19910904	0.0	19.31	0.08
19910905	0.0	18.22	0.1
19910906	0.0	13.25	0.08
19910907	0.0	13.36	0.04
19910908	0.0	14.96	0.04
19910909	0.0	15.44	0.1
19910910	0.0	17.72	0.1
19910911	0.0	15.79	0.1
19910912	0.0	12.85	0.13
19910913	0.0	15.63	0.16
19910914	1.81	18.46	0.13
19910915	2.12	15.98	0.09
19910916	0.52	14.33	0.08
19910917	0.0	15.91	0.12
19910918	0.06	13.17	0.16
19910919	0.0	11.56	0.16
19910920	0.0	13.36	0.11
19910921	9.55	16.54	0.06
19910922	0.1	14.54	0.15
19910923	0.24	16.56	0.14
19910924	7.31	14.67	0.14
19910925	1.53	11.42	0.2
19910926	3.05	12.96	0.18
19910927	0.39	10.43	0.15
19910928	14.56	13.46	0.2
19910929	2.6	12.03	0.36
19910930	2.36	11.78	0.19
19911001	0.09	12.0	0.13
19911002	0.0	14.08	0.09
19911003	0.33	10.54	0.08
19911004	0.15	11.73	0.09
19911005	7.31	9.6	0.2
19911006	0.0	9.25	0.2
19911007	0.0	12.07	0.17
19911008	0.0	11.39	0.1
19911009	1.08	11.94	0.08
19911010	0.02	15.99	0.08
19911011	6.84	15.8	0.06
19911012	0.01	11.21	0.11
19911013	0.01	13.39	0.13
19911014	0.02	14.09	0.09
19911015	0.03	12.73	0.07
19911016	6.13	11.05	0.16
19911017	0.01	9.04	0.15
19911018	0.02	6.17	0.11
19911019	0.0	5.55	0.12
19911020	0.0	4.54	0.08
19911021	0.0	5.67	0.04
19911022	0.0	6.03	0.05
19911023	0.0	7.68	0.05
19911024	0.0	8.79	0.1
19911025	0.0	9.73	0.08
19911026	0.0	9.67	0.05
19911027	0.1	9.92	0.1
19911028	1.04	10.84	0.08
19911029	21.54	10.77	0.11
19911030	1.01	8.84	0.11
19911031	8.15	13.07	0.11
19911101	6.01	12.5	0.11
19911102	11.21	11.22	0.35
19911103	5.13	7.15	0.53
19911104	0.2	6.18	0.53
19911105	0.69	2.97	0.53
19911106	0.02	7.82	0.19
19911107	0.08	12.09	0.18
19911108	5.22	7.06	0.25
19911109	0.0	3.34	0.31
19911110	16.01	6.42	0.28
19911111	1.56	4.74	0.28
19911112	10.43	7.05	0.28
19911113	6.34	4.61	0.28
19911114	0.71	4.08	0.28
19911115	0.0	3.83	0.58
19911116	1.47	4.21	0.4
19911117	2.53	5.83	0.4
19911118	14.82	7.53	0.4
19911119	10.14	5.71	0.4
19911120	0.02	2.88	0.4
19911121	0.4	3.71	0.4
19911122	0.05	7.14	0.4
19911123	0.05	7.86	0.5
19911124	0.06	6.61	0.45
19911125	5.37	7.59	0.51
19911126	0.31	8.9	0.68
19911127	0.04	9.76	0.52
19911128	0.0	10.15	0.44
19911129	0.0	8.95	0.43
19911130	0.0	7.95	0.42
19911201	0.0	7.64	0.41
19911202	0.0	6.95	0.29
19911203	0.0	4.79	0.25
19911204	0.0	4.82	0.29
19911205	0.0	3.25	0.29
19911206	0.0	1.7	0.24
19911207	0.0	2.01	0.19
19911208	0.0	1.17	0.19
19911209	0.0	1.04	0.19
19911210	0.0	-1.97	0.18
19911211	0.0	-2.14	0.17
19911212	0.0	0.34	0.17
19911213	0.0	1.54	0.18
19911214	0.0	2.22	0.16
19911215	6.68	4.71	0.17
19911216	5.63	8.3	0.59
19911217	4.97	7.8	0.59
19911218	2.26	8.26	0.59
19911219	3.1	7.04	0.59
19911220	0.14	6.91	0.59
19911221	0.81	11.27	0.59
19911222	0.03	11.98	0.59
19911223	0.02	7.21	0.45
19911224	0.0	2.94	0.36
19911225	0.0	4.21	0.31
19911226	0.0	5.94	0.33
19911227	0.0	3.08	0.32
19911228	0.0	3.18	0.29
19911229	0.0	5.8	0.28
19911230	0.13	5.61	0.28
19911231	0.06	6.88	0.29
19920101	0.0	8.85	0.33
19920102	0.0	8.73	0.3
19920103	2.2	8.76	0.26
19920104	3.04	8.33	0.27
19920105	0.19	10.25	0.3
19920106	0.0	8.08	0.33
19920107	0.79	8.22	0.28
19920108	5.33	9.08	0.28
19920109	4.71	5.26	0.5
19920110	0.0	3.26	0.62
19920111	0.0	0.64	0.49
19920112	0.03	1.52	0.39
19920113	0.0	2.57	0.33
19920114	0.0	3.52	0.28
19920115	0.0	3.7	0.25
19920116	0.0	2.31	0.25
19920117	0.0	3.55	0.22
19920118	0.0	3.77	0.21
19920119	0.08	5.83	0.23
19920120	0.0	1.84	0.24
19920121	0.0	-0.89	0.27
19920122	0.0	-1.94	0.25
19920123	0.0	-1.73	0.24
19920124	0.0	-1.34	0.29
19920125	1.48	2.52	0.26
19920126	0.0	3.31	0.21
19920127	0.0	2.49	0.19
19920128	0.0	1.8	0.17
19920129	0.0	1.47	0.16
19920130	0.01	1.31	0.17
19920131	0.01	1.06	0.17
19920201	0.01	-0.43	0.19
19920202	0.27	2.78	0.18
19920203	0.18	5.82	0.2
19920204	0.0	9.22	0.22
19920205	0.0	8.26	0.22
19920206	0.0	4.93	0.16
19920207	0.02	3.46	0.18
19920208	0.77	5.55	0.22
19920209	0.74	5.73	0.28
19920210	16.91	7.41	0.24
19920211	1.37	9.33	0.24
19920212	4.42	7.95	0.24
19920213	0.26	6.61	0.24
19920214	6.78	8.11	0.24
19920215	0.01	5.77	0.24
19920216	0.03	2.35	0.48
19920217	0.02	1.92	0.39
19920218	0.0	0.22	0.38
19920219	0.0	-1.08	0.34
19920220	0.0	1.57	0.33
19920221	0.01	4.15	0.29
19920222	0.0	6.86	0.28
19920223	0.0	7.23	0.3
19920224	0.01	3.72	0.32
19920225	0.0	3.4	0.29
19920226	0.01	7.72	0.25
19920227	0.14	8.18	0.23
19920228	0.32	6.33	0.22
19920229	0.0	8.64	0.25
19920301	6.84	5.34	0.42
19920302	0.02	7.54	0.44
19920303	0.0	8.38	0.33
19920304	0.0	7.45	0.25
19920305	0.89	6.42	0.23
19920306	0.01	8.64	0.22
19920307	0.42	7.98	0.22
19920308	0.01	5.03	0.23
19920309	0.01	7.9	0.19
19920310	4.81	5.91	0.27
19920311	0.09	8.17	0.34
19920312	1.99	9.51	0.26
19920313	0.41	8.82	0.4
19920314	0.24	8.9	0.3
19920315	1.95	10.06	0.2
19920316	0.0	9.82	0.18
19920317	0.0	10.0	0.25
19920318	0.05	7.88	0.28
19920319	0.0	10.48	0.23
19920320	0.85	9.39	0.18
19920321	5.91	10.14	0.2
19920322	1.13	9.33	0.31
19920323	5.66	6.03	0.4
19920324	2.25	5.78	0.63
19920325	7.0	6.62	0.46
19920326	2.65	6.22	0.63
19920327	0.14	4.96	0.42
19920328	0.5	7.04	0.49
19920329	5.42	6.16	0.52
19920330	10.76	6.18	0.52
19920331	0.12	5.49	0.52
19920401	1.47	7.13	0.52
19920402	2.0	5.68	0.63
19920403	0.07	3.95	0.75
19920404	0.0	4.26	0.52
19920405	0.0	7.82	0.4
19920406	5.44	7.25	0.5
19920407	4.56	8.25	0.45
19920408	0.01	9.58	0.33
19920409	0.0	8.33	0.47
19920410	0.0	8.6	0.53
19920411	0.0	11.21	0.42
19920412	0.06	9.24	0.35
19920413	0.02	9.52	0.32
19920414	16.47	6.6	0.34
19920415	2.86	5.13	0.34
19920416	1.96	6.18	0.37
19920417	0.21	10.66	0.5
19920418	0.0	13.64	0.43
19920419	0.0	11.67	0.4
19920420	0.0	11.46	0.34
19920421	0.0	11.53	0.37
19920422	1.28	11.06	0.44
19920423	0.01	10.18	0.41
19920424	11.08	10.5	0.41
19920425	1.55	11.87	0.41
19920426	7.09	10.19	0.41
19920427	8.39	10.14	0.41
19920428	8.0	7.59	0.41
19920429	0.62	8.79	0.41
19920430	17.37	9.77	0.41
19920501	0.01	8.14	0.41
19920502	0.9	6.91	0.41
19920503	0.0	8.11	0.41
19920504	0.0	10.88	0.82
19920505	0.0	9.48	0.65
19920506	0.0	13.15	0.56
19920507	0.0	13.6	0.53
19920508	0.92	9.95	0.49
19920509	6.56	8.57	0.64
19920510	2.78	9.65	0.7
19920511	0.04	11.36	0.58
19920512	0.0	11.47	0.46
19920513	0.0	15.96	0.4
19920514	0.02	17.52	0.31
19920515	0.0	14.55	0.26
19920516	0.0	12.39	0.23
19920517	0.0	11.1	0.22
19920518	0.0	14.57	0.23
19920519	0.0	16.25	0.23
19920520	0.0	16.56	0.22
19920521	0.0	16.62	0.2
19920522	0.0	17.29	0.2
19920523	0.93	18.56	0.13
19920524	0.28	17.11	0.13
19920525	0.0	19.31	0.11
19920526	0.0	18.44	0.11
19920527	0.02	18.2	0.08
19920528	3.42	17.93	0.11
19920529	2.78	15.76	0.17
19920530	0.0	14.19	0.12
19920531	5.48	17.85	0.13
19920601	2.25	15.0	0.23
19920602	0.0	13.7	0.2
19920603	0.06	13.45	0.15
19920604	0.97	12.86	0.13
19920605	1.59	11.57	0.13
19920606	0.86	13.97	0.14
19920607	0.07	13.27	0.15
19920608	0.0	14.32	0.17
19920609	0.02	15.01	0.12
19920610	1.98	17.55	0.13
19920611	0.0	14.96	0.09
19920612	0.0	15.99	0.08
19920613	0.0	16.13	0.05
19920614	0.0	17.36	0.07
19920615	0.0	20.95	0.07
19920616	0.0	15.19	0.07
19920617	0.0	12.25	0.06
19920618	0.02	12.65	0.06
19920619	4.48	13.0	0.08
19920620	0.0	15.51	0.09
19920621	0.01	16.75	0.07
19920622	0.0	14.62	0.06
19920623	0.1	15.75	0.06
19920624	0.0	14.52	0.05
19920625	0.0	15.44	0.06
19920626	0.0	16.46	0.12
19920627	0.0	16.39	0.06
19920628	0.0	18.79	0.07
19920629	0.68	21.57	0.06
19920630	1.44	18.42	0.05
19920701	2.59	15.82	0.06
19920702	0.55	15.03	0.07
19920703	15.77	15.41	0.19
19920704	7.25	15.34	0.32
19920705	0.23	16.6	0.13
19920706	0.02	16.48	0.08
19920707	0.0	17.36	0.06
19920708	0.09	14.97	0.05
19920709	7.66	15.89	0.06
19920710	0.05	16.37	0.09
19920711	5.08	15.64	0.09
19920712	0.91	17.08	0.15
19920713	2.09	16.43	0.14
19920714	1.59	17.97	0.14
19920715	0.04	18.33	0.12
19920716	0.51	18.35	0.09
19920717	0.59	18.14	0.07
19920718	0.1	17.28	0.06
19920719	0.1	18.14	0.08
19920720	34.74	20.81	0.08
19920721	0.06	15.83	0.08
19920722	0.0	15.81	0.08
19920723	0.01	19.06	0.07
19920724	0.18	17.15	0.09
19920725	0.0	17.03	0.09
19920726	0.12	17.08	0.08
19920727	0.0	14.96	0.08
19920728	0.0	15.25	0.08
19920729	0.0	18.21	0.08
19920730	0.0	18.73	0.06
19920731	0.0	18.72	0.06
19920801	0.0	19.94	0.06
19920802	0.05	17.89	0.07
19920803	0.0	16.6	0.08
19920804	0.0	17.57	0.07
19920805	0.0	18.64	0.07
19920806	0.0	17.02	0.06
19920807	1.64	21.91	0.06
19920808	3.89	21.52	0.07
19920809	7.02	17.77	0.07
19920810	0.03	16.33	0.14
19920811	1.26	17.31	0.07
19920812	5.82	15.1	0.13
19920813	26.57	13.1	0.42
19920814	0.0	13.18	0.37
19920815	2.96	16.73	0.16
19920816	0.39	15.33	0.1
19920817	0.05	15.47	0.08
19920818	2.63	15.84	0.12
19920819	0.93	18.24	0.11
19920820	2.09	15.64	0.08
19920821	0.22	16.58	0.09
19920822	0.76	14.54	0.07
19920823	6.62	15.6	0.09
19920824	12.79	16.88	0.16
19920825	0.05	17.13	0.24
19920826	1.34	16.96	0.14
19920827	6.34	17.9	0.11
19920828	0.35	14.42	0.12
19920829	16.76	15.07	0.09
19920830	5.92	12.76	0.43
19920831	1.95	12.29	0.3
19920901	4.83	13.94	0.16
19920902	3.68	15.56	0.25
19920903	5.05	12.34	0.2
19920904	0.01	10.49	0.15
19920905	0.05	11.03	0.09
19920906	7.52	14.07	0.08
19920907	0.03	11.91	0.14
19920908	0.05	12.23	0.1
19920909	0.03	13.35	0.08
19920910	0.59	16.24	0.07
19920911	0.54	12.35	0.06
19920912	0.01	13.3	0.05
19920913	5.7	11.69	0.07
19920914	0.07	12.64	0.1
19920915	0.0	13.09	0.08
19920916	0.0	14.51	0.08
19920917	1.18	17.9	0.08
19920918	1.96	15.34	0.12
19920919	0.08	14.11	0.06
19920920	0.84	14.69	0.07
19920921	2.95	15.58	0.09
19920922	13.05	14.11	0.14
19920923	10.59	13.57	0.38
19920924	6.28	13.26	0.54
19920925	4.17	14.18	0.45
19920926	0.0	16.58	0.27
19920927	0.0	17.01	0.18
19920928	0.01	15.57	0.13
19920929	2.67	15.76	0.09
19920930	1.54	12.08	0.1
19921001	0.01	12.6	0.1
19921002	13.35	13.66	0.2
19921003	1.26	12.15	0.56
19921004	0.0	13.26	0.27
19921005	0.0	12.38	0.16
19921006	0.04	11.75	0.1
19921007	0.0	12.4	0.08
19921008	0.04	9.67	0.07
19921009	0.02	9.79	0.07
19921010	0.33	10.49	0.06
19921011	0.27	10.78	0.08
19921012	0.01	8.05	0.06
19921013	0.0	6.5	0.08
19921014	2.68	7.48	0.1
19921015	0.0	4.94	0.07
19921016	0.0	4.09	0.06
19921017	0.0	4.7	0.06
19921018	7.82	7.85	0.06
19921019	30.01	8.22	0.06
19921020	11.36	7.5	0.06
19921021	1.51	5.9	0.06
19921022	0.52	7.55	0.06
19921023	0.04	6.89	0.06
19921024	6.06	8.5	0.06
19921025	2.4	7.45	0.06
19921026	3.47	6.97	0.06
19921027	14.22	6.87	0.06
19921028	7.37	6.9	0.06
19921029	0.02	4.5	0.06
19921030	0.0	4.23	0.06
19921031	0.0	5.98	0.06
19921101	9.39	11.12	0.06
19921102	11.15	9.04	0.06
19921103	0.01	7.88	0.06
19921104	0.04	10.68	0.06
19921105	0.06	11.34	0.06
19921106	0.0	12.31	0.06
19921107	0.02	11.19	0.06
19921108	0.19	10.48	0.06
19921109	12.28	8.73	0.06
19921110	14.11	9.39	0.06
19921111	0.03	7.25	0.06
19921112	0.0	4.66	0.06
19921113	0.0	2.63	0.06
19921114	14.82	7.45	0.06
19921115	1.12	7.08	0.06
19921116	11.13	5.09	0.06
19921117	0.39	4.12	0.06
19921118	4.64	8.28	0.06
19921119	2.46	6.0	0.06
19921120	0.01	5.45	0.06
19921121	3.59	8.89	0.06
19921122	0.42	12.15	0.06
19921123	0.07	8.78	0.06
19921124	9.03	9.53	0.06
19921125	24.81	8.95	0.06
19921126	0.72	6.71	0.06
19921127	8.77	7.8	0.06
19921128	12.36	6.81	0.06
19921129	3.55	10.9	0.06
19921130	5.18	9.07	0.06
19921201	14.35	9.82	0.06
19921202	10.12	8.91	0.06
19921203	6.85	5.59	0.06
19921204	0.69	3.34	0.06
19921205	0.01	2.97	0.06
19921206	15.05	6.15	0.06
19921207	0.11	6.32	0.06
19921208	0.03	4.94	0.06
19921209	0.09	4.38	0.06
19921210	0.09	3.58	0.06
19921211	0.7	7.95	0.06
19921212	0.03	4.61	0.06
19921213	0.04	6.98	0.06
19921214	0.04	8.21	0.06
19921215	2.51	7.68	0.06
19921216	3.42	4.61	0.06
19921217	0.78	5.73	0.06
19921218	23.35	7.64	0.06
19921219	2.12	4.12	0.06
19921220	0.12	2.24	0.06
19921221	0.0	1.8	0.06
19921222	0.0	1.59	0.06
19921223	0.01	0.22	0.06
19921224	0.0	1.62	0.06
19921225	0.18	4.23	0.06
19921226	0.03	3.63	0.06
19921227	0.03	2.18	0.06
19921228	0.0	-0.08	0.06
19921229	0.0	-1.25	0.06
19921230	0.0	-0.35	0.06
19921231	0.0	2.31	0.06
19930101	0.0	0.92	0.06
19930102	0.0	-2.03	0.06
19930103	0.07	-0.76	0.06
19930104	1.62	5.06	0.06
19930105	7.5	9.44	0.06
19930106	12.46	5.83	0.06
19930107	2.53	6.08	0.06
19930108	0.71	6.17	0.06
19930109	9.32	9.52	0.06
19930110	22.18	9.98	0.06
19930111	3.79	6.62	0.06
19930112	0.64	5.82	0.06
19930113	5.05	8.52	0.06
19930114	0.81	8.13	0.06
19930115	0.97	10.31	0.06
19930116	0.17	10.32	0.06
19930117	0.03	6.32	0.06
19930118	1.78	5.73	0.06
19930119	2.64	7.34	0.06
19930120	2.84	8.8	0.06
19930121	5.64	9.82	0.06
19930122	8.99	6.99	0.06
19930123	2.22	8.74	0.06
19930124	0.05	6.02	0.06
19930125	0.19	1.56	0.06
19930126	7.1	5.57	0.06
19930127	1.81	7.65	0.06
19930128	4.49	8.47	0.06
19930129	0.04	7.37	0.06
19930130	0.0	4.95	0.06
19930131	0.0	4.37	0.06
19930201	0.01	3.9	0.06
19930202	0.0	4.88	0.06
19930203	0.05	2.96	0.06
19930204	0.02	0.93	0.06
19930205	0.0	1.29	0.06
19930206	0.59	5.79	0.06
19930207	0.43	8.77	0.06
19930208	0.03	6.39	0.06
19930209	0.0	3.92	0.06
19930210	0.0	3.03	0.06
19930211	0.01	3.42	0.06
19930212	0.05	4.15	0.06
19930213	0.0	5.29	0.06
19930214	0.01	1.61	0.06
19930215	0.26	4.5	0.06
19930216	0.0	7.04	0.06
19930217	0.01	8.52	0.06
19930218	0.0	6.61	0.06
19930219	0.0	5.18	0.06
19930220	0.01	5.95	0.06
19930221	0.0	3.44	0.06
19930222	0.0	2.79	0.06
19930223	0.0	3.73	0.06
19930224	0.0	5.24	0.06
19930225	2.79	5.71	0.06
19930226	3.37	3.32	0.06
19930227	0.01	0.68	0.06
19930228	0.09	0.83	0.06
19930301	0.0	2.77	0.06
19930302	0.0	2.67	0.06
19930303	0.0	2.15	0.06
19930304	0.0	1.46	0.06
19930305	0.01	4.86	0.06
19930306	0.0	7.82	0.06
19930307	0.0	6.01	0.06
19930308	0.0	5.02	0.06
19930309	0.0	3.4	0.06
19930310	0.0	6.12	0.06
19930311	0.0	7.92	0.06
19930312	0.0	8.65	0.06
19930313	0.0	10.05	0.06
19930314	0.0	8.85	0.06
19930315	0.0	10.73	0.06
19930316	0.07	9.5	0.06
19930317	0.05	11.06	0.06
19930318	0.0	6.64	0.06
19930319	0.0	5.26	0.06
19930320	0.0	7.67	0.06
19930321	7.37	10.61	0.06
19930322	1.35	7.23	0.06
19930323	0.0	5.41	0.06
19930324	0.0	5.57	0.06
19930325	0.0	3.73	0.06
19930326	0.0	2.7	0.06
19930327	0.0	3.29	0.06
19930328	0.0	6.25	0.06
19930329	0.0	8.49	0.06
19930330	4.06	9.01	0.06
19930331	13.65	9.06	0.06
19930401	16.23	5.06	0.06
19930402	0.14	6.33	0.06
19930403	6.33	6.62	0.06
19930404	8.11	8.24	0.06
19930405	5.49	9.67	0.06
19930406	0.21	8.78	0.06
19930407	0.87	8.42	0.06
19930408	0.16	9.75	0.06
19930409	12.36	6.59	0.06
19930410	15.23	9.48	0.06
19930411	0.63	7.81	0.06
19930412	0.02	8.03	0.06
19930413	0.04	8.32	0.06
19930414	0.0	7.68	0.06
19930415	0.0	8.32	0.06
19930416	1.3	10.82	0.06
19930417	0.05	11.01	0.06
19930418	0.0	11.55	0.06
19930419	0.0	11.03	0.06
19930420	0.0	12.56	0.06
19930421	0.0	11.23	0.06
19930422	1.06	11.52	0.06
19930423	15.75	11.16	0.06
19930424	10.05	10.33	0.06
19930425	0.47	11.36	0.06
19930426	11.99	11.03	0.06
19930427	0.0	13.18	0.06
19930428	0.0	12.97	0.06
19930429	0.0	15.0	0.06
19930430	0.03	16.69	0.06
19930501	3.31	14.59	0.06
19930502	0.05	9.25	0.06
19930503	0.0	7.74	0.06
19930504	0.0	8.59	0.06
19930505	0.0	8.38	0.06
19930506	0.0	8.94	0.06
19930507	0.0	11.04	0.06
19930508	0.08	11.59	0.06
19930509	4.2	12.33	0.06
19930510	0.0	15.89	0.06
19930511	0.58	16.46	0.06
19930512	1.04	13.04	0.06
19930513	0.01	12.14	0.06
19930514	1.82	9.03	0.06
19930515	0.98	9.45	0.06
19930516	0.18	13.37	0.06
19930517	7.57	14.34	0.06
19930518	0.16	12.07	0.06
19930519	0.01	11.17	0.06
19930520	15.52	10.11	0.06
19930521	0.0	10.86	0.06
19930522	0.02	15.05	0.06
19930523	0.0	17.69	0.06
19930524	0.0	17.63	0.06
19930525	0.64	15.56	0.06
19930526	4.19	15.29	0.06
19930527	2.62	12.26	0.06
19930528	3.88	12.2	0.06
19930529	7.95	15.22	0.06
19930530	0.22	13.22	0.06
19930531	0.18	13.66	0.06
19930601	1.34	14.33	0.06
19930602	1.61	14.23	0.06
19930603	0.0	13.02	0.06
19930604	0.0	15.07	0.06
19930605	0.0	15.35	0.06
19930606	0.01	17.47	0.06
19930607	0.0	17.49	0.06
19930608	0.0	20.14	0.06
19930609	0.06	20.61	0.06
19930610	7.85	18.22	0.06
19930611	3.57	13.89	0.06
19930612	4.74	14.06	0.06
19930613	6.24	13.85	0.06
19930614	3.76	13.11	0.06
19930615	2.15	15.49	0.06
19930616	19.44	13.41	0.06
19930617	0.66	15.86	0.06
19930618	0.81	14.19	0.06
19930619	0.0	13.66	0.06
19930620	0.0	14.24	0.06
19930621	0.0	13.29	0.06
19930622	0.01	14.07	0.06
19930623	0.0	13.56	0.06
19930624	0.0	13.39	0.06
19930625	0.0	16.63	0.06
19930626	0.0	18.18	0.06
19930627	0.0	17.56	0.06
19930628	0.0	15.09	0.06
19930629	0.0	17.51	0.06
19930630	0.0	18.94	0.06
19930701	0.0	17.85	0.06
19930702	0.0	18.48	0.06
19930703	0.0	19.36	0.06
19930704	0.0	19.81	0.06
19930705	0.0	14.15	0.06
19930706	0.0	15.64	0.06
19930707	0.0	16.28	0.06
19930708	0.0	17.63	0.06
19930709	4.91	11.94	0.06
19930710	2.44	11.5	0.06
19930711	1.78	12.01	0.06
19930712	0.41	11.76	0.06
19930713	11.13	14.87	0.06
19930714	5.78	17.9	0.24
19930715	8.62	16.72	0.28
19930716	1.17	16.46	0.34
19930717	0.0	14.79	0.24
19930718	8.31	15.23	0.16
19930719	13.6	15.78	0.18
19930720	6.11	15.41	0.37
19930721	0.02	14.02	0.33
19930722	0.0	16.62	0.19
19930723	0.19	18.72	0.15
19930724	1.1	14.19	0.09
19930725	0.73	14.6	0.13
19930726	3.57	15.76	0.1
19930727	6.85	17.01	0.2
19930728	0.99	18.74	0.18
19930729	1.66	16.44	0.16
19930730	0.01	14.85	0.14
19930731	0.0	14.33	0.09
19930801	0.0	15.99	0.12
19930802	0.02	17.24	0.13
19930803	0.05	16.42	0.14
19930804	2.31	16.94	0.05
19930805	0.03	14.73	0.09
19930806	0.02	16.44	0.06
19930807	0.01	17.04	0.07
19930808	0.0	17.65	0.07
19930809	2.71	16.97	0.11
19930810	0.11	14.76	0.13
19930811	14.36	17.05	0.09
19930812	1.32	12.67	0.2
19930813	0.0	14.28	0.07
19930814	0.06	19.07	0.1
19930815	0.0	17.3	0.1
19930816	0.0	15.56	0.08
19930817	0.0	15.38	0.07
19930818	0.0	16.17	0.07
19930819	0.0	18.31	0.07
19930820	0.0	17.72	0.08
19930821	15.09	18.52	0.1
19930822	2.58	12.85	0.3
19930823	0.0	11.88	0.1
19930824	0.0	11.48	0.08
19930825	0.01	12.71	0.08
19930826	0.0	13.52	0.12
19930827	0.0	12.54	0.11
19930828	0.0	13.56	0.09
19930829	0.0	16.49	0.07
19930830	0.04	14.91	0.08
19930831	0.0	13.49	0.08
19930901	0.0	15.27	0.08
19930902	0.0	15.12	0.08
19930903	0.0	12.37	0.08
19930904	0.0	11.52	0.08
19930905	0.0	11.35	0.06
19930906	0.0	14.21	0.06
19930907	10.84	16.4	0.06
19930908	2.8	17.46	0.06
19930909	6.81	15.9	0.06
19930910	1.14	12.69	0.06
19930911	5.67	11.97	0.06
19930912	18.7	13.31	0.06
19930913	9.26	13.63	0.06
19930914	0.1	11.15	0.06
19930915	18.19	11.68	0.06
19930916	0.03	10.98	0.06
19930917	0.0	10.44	0.06
19930918	0.0	11.23	0.06
19930919	0.0	15.64	0.06
19930920	0.57	14.8	0.06
19930921	2.97	13.59	0.06
19930922	5.65	12.5	0.06
19930923	0.03	11.65	0.06
19930924	0.0	12.36	0.06
19930925	0.07	8.8	0.06
19930926	1.35	10.46	0.06
19930927	5.67	8.37	0.06
19930928	4.91	9.92	0.06
19930929	9.55	10.43	0.06
19930930	23.81	11.34	0.06
19931001	35.14	11.93	0.06
19931002	7.37	10.68	0.06
19931003	3.57	13.23	0.06
19931004	8.35	13.25	0.06
19931005	5.04	13.85	0.06
19931006	8.2	12.4	0.06
19931007	4.93	11.38	0.06
19931008	3.8	12.51	0.06
19931009	7.84	11.24	0.06
19931010	5.91	13.51	0.06
19931011	19.55	13.9	0.06
19931012	14.45	13.6	0.06
19931013	3.4	11.57	0.06
19931014	0.01	6.68	0.06
19931015	0.0	4.96	0.06
19931016	0.0	4.08	0.06
19931017	0.15	6.36	0.06
19931018	0.02	5.39	0.06
19931019	0.0	5.11	0.06
19931020	0.0	5.89	0.06
19931021	0.0	6.82	0.06
19931022	0.05	8.69	0.06
19931023	0.0	8.72	0.06
19931024	0.02	8.17	0.06
19931025	0.0	9.66	0.06
19931026	0.18	9.44	0.06
19931027	0.62	9.43	0.06
19931028	0.05	7.64	0.06
19931029	0.0	9.16	0.06
19931030	0.0	8.05	0.06
19931031	0.0	6.56	0.06
19931101	0.0	4.79	0.06
19931102	0.0	7.56	0.06
19931103	0.0	11.8	0.06
19931104	0.29	12.37	0.06
19931105	0.0	11.51	0.06
19931106	0.0	8.83	0.06
19931107	0.07	8.15	0.06
19931108	0.01	5.22	0.06
19931109	18.05	8.61	0.06
19931110	0.97	6.91	0.06
19931111	0.02	6.38	0.06
19931112	4.48	7.98	0.06
19931113	24.76	9.14	0.06
19931114	0.02	4.54	0.06
19931115	0.0	4.71	0.06
19931116	0.0	3.6	0.06
19931117	0.0	2.94	0.06
19931118	0.0	1.64	0.06
19931119	0.0	1.42	0.06
19931120	0.94	1.2	0.06
19931121	0.07	-1.79	0.06
19931122	0.0	-1.81	0.06
19931123	0.0	-1.36	0.06
19931124	1.16	3.42	0.06
19931125	0.09	4.84	0.06
19931126	0.0	2.7	0.06
19931127	0.0	3.15	0.06
19931128	0.0	-0.08	0.06
19931129	11.01	4.04	0.06
19931130	0.29	6.34	0.06
19931201	1.14	7.83	0.06
19931202	0.1	10.71	0.06
19931203	1.79	10.6	0.06
19931204	0.27	7.1	0.06
19931205	0.02	7.55	0.06
19931206	12.33	7.99	0.06
19931207	5.76	6.41	0.06
19931208	5.17	9.41	0.06
19931209	2.1	8.01	0.06
19931210	0.05	5.91	0.06
19931211	0.03	4.39	0.06
19931212	17.54	7.4	0.06
19931213	0.92	4.81	0.06
19931214	12.68	3.4	0.06
19931215	0.16	5.5	0.06
19931216	3.29	5.97	0.06
19931217	2.2	8.01	0.06
19931218	22.53	11.12	0.06
19931219	16.92	7.91	0.06
19931220	6.11	5.41	0.06
19931221	2.37	4.32	0.06
19931222	5.8	5.27	0.06
19931223	3.49	3.95	0.06
19931224	0.02	1.86	0.06
19931225	0.0	1.65	0.06
19931226	0.01	1.0	0.06
19931227	4.08	1.11	0.06
19931228	7.7	5.63	0.06
19931229	10.12	8.16	0.06
19931230	34.94	7.25	0.06
19931231	0.21	3.45	0.06
19940101	17.6	4.94	4.38
19940102	0.97	7.24	4.38
19940103	22.8	6.98	4.38
19940104	16.54	5.36	4.38
19940105	8.76	5.0	4.38
19940106	11.43	2.21	4.38
19940107	0.05	1.59	4.38
19940108	5.46	3.55	4.38
19940109	20.82	7.31	4.38
19940110	0.3	6.76	4.38
19940111	5.99	8.07	4.3
19940112	11.98	9.29	4.28
19940113	0.8	8.2	4.33
19940114	0.04	5.5	1.54
19940115	7.21	4.43	1.4
19940116	0.12	2.12	1.63
19940117	0.0	0.79	0.79
19940118	3.85	4.71	0.55
19940119	0.01	3.2	0.66
19940120	0.03	5.98	0.44
19940121	0.03	7.66	0.71
19940122	2.14	8.28	0.55
19940123	2.24	7.01	0.71
19940124	1.57	7.29	0.8
19940125	0.42	7.94	0.64
19940126	0.43	7.92	0.24
19940127	3.53	7.09	0.39
19940128	1.5	3.88	0.3
19940129	1.64	7.7	0.25
19940130	0.06	5.24	0.29
19940131	0.01	5.14	0.04
19940201	2.46	4.53	0.1
19940202	9.32	4.06	0.08
19940203	11.32	7.97	4.18
19940204	0.01	4.11	2.15
19940205	0.06	5.45	0.61
19940206	8.62	6.09	0.86
19940207	0.01	4.01	1.23
19940208	1.3	5.16	0.43
19940209	0.01	4.48	0.41
19940210	4.36	4.65	0.65
19940211	1.62	3.16	0.86
19940212	0.01	3.07	0.52
19940213	0.13	-1.28	0.76
19940214	5.48	-1.87	0.56
19940215	1.09	3.72	0.76
19940216	0.03	4.49	0.6
19940217	0.0	5.04	0.56
19940218	0.0	1.98	0.49
19940219	0.0	3.11	0.54
19940220	0.18	-0.79	0.62
19940221	2.51	0.38	0.58
19940222	7.76	1.16	0.9
19940223	3.8	4.0	1.17
19940224	0.04	3.3	0.58
19940225	0.41	6.0	0.58
19940226	0.01	9.33	0.4
19940227	0.21	8.97	0.7
19940228	0.33	7.81	0.51
19940301	5.06	6.11	0.8
19940302	0.01	7.85	0.66
19940303	0.92	6.97	0.54
19940304	0.03	8.51	0.75
19940305	0.05	7.44	0.72
19940306	0.01	8.69	0.41
19940307	2.01	10.27	0.76
19940308	0.06	9.54	0.54
19940309	0.41	6.63	0.52
19940310	0.0	6.1	0.38
19940311	0.0	5.78	0.47
19940312	4.1	7.9	0.55
19940313	0.01	9.54	0.61
19940314	0.01	11.4	0.48
19940315	1.91	8.12	0.53
19940316	0.12	6.15	0.31
19940317	6.43	6.92	0.37
19940318	3.44	7.51	0.82
19940319	0.01	5.03	0.72
19940320	3.64	5.24	0.64
19940321	0.02	5.57	0.74
19940322	8.12	8.97	1.07
19940323	0.67	10.07	0.69
19940324	0.22	11.13	0.62
19940325	0.75	7.08	0.61
19940326	0.01	5.5	0.61
19940327	1.06	7.97	0.53
19940328	1.42	10.63	0.47
19940329	0.02	11.28	0.35
19940330	8.04	10.89	0.62
19940331	14.98	8.78	2.14
19940401	1.64	6.22	2.58
19940402	0.74	4.63	0.56
19940403	17.99	7.8	1.82
19940404	1.93	6.52	3.7
19940405	1.17	6.66	0.79
19940406	2.0	7.06	0.55
19940407	3.92	6.61	0.85
19940408	18.0	4.89	2.34
19940409	7.52	4.58	4.05
19940410	1.85	6.11	3.67
19940411	0.0	7.13	1.07
19940412	3.21	8.11	0.78
19940413	0.01	6.59	1.07
19940414	4.68	5.33	1.01
19940415	5.34	6.2	1.03
19940416	0.03	6.45	1.12
19940417	0.01	5.69	1.06
19940418	0.0	5.5	1.12
19940419	0.0	8.37	1.4
19940420	0.0	7.94	1.3
19940421	0.18	9.06	1.19
19940422	3.35	12.14	1.19
19940423	1.75	11.84	1.02
19940424	0.0	9.13	1.22
19940425	1.29	11.57	0.3
19940426	3.39	12.94	0.05
19940427	0.06	12.64	0.14
19940428	0.01	12.43	0.7
19940429	0.0	15.31	0.74
19940430	0.0	12.29	0.65
19940501	0.0	9.66	0.49
19940502	0.0	10.89	0.42
19940503	0.02	12.79	0.4
19940504	2.45	9.42	0.51
19940505	5.4	10.73	0.49
19940506	0.88	12.07	0.87
19940507	10.9	9.72	1.1
19940508	0.0	8.98	0.82
19940509	0.03	10.3	0.63
19940510	0.0	12.61	0.38
19940511	3.58	13.95	0.34
19940512	0.74	11.29	0.53
19940513	0.0	15.12	0.37
19940514	9.02	13.57	0.73
19940515	5.34	14.34	0.85
19940516	21.14	11.3	1.29
19940517	5.26	8.32	3.72
19940518	0.15	7.74	1.37
19940519	0.01	9.82	0.34
19940520	3.53	12.18	0.89
19940521	15.27	11.63	3.15
19940522	0.32	12.19	1.83
19940523	0.03	11.65	0.53
19940524	2.63	11.06	1.04
19940525	5.93	12.16	0.96
19940526	9.77	8.55	3.12
19940527	0.0	8.95	1.09
19940528	0.0	7.6	1.11
19940529	0.05	8.91	1.03
19940530	0.0	9.77	1.04
19940531	0.0	11.73	0.98
19940601	0.01	17.52	1.04
19940602	1.0	13.95	1.18
19940603	2.19	11.79	0.99
19940604	14.92	8.93	1.36
19940605	1.03	13.28	1.1
19940606	0.03	15.1	0.87
19940607	0.87	13.77	1.04
19940608	5.26	10.72	1.11
19940609	0.0	13.12	1.19
19940610	0.0	11.1	1.2
19940611	0.0	11.12	1.17
19940612	0.0	12.58	0.89
19940613	0.0	15.02	0.42
19940614	0.0	15.56	0.34
19940615	0.0	15.96	0.42
19940616	0.0	16.07	0.34
19940617	0.0	16.19	0.36
19940618	0.0	15.56	0.3
19940619	0.0	16.44	0.28
19940620	0.35	14.56	0.29
19940621	1.18	15.71	0.54
19940622	0.0	13.78	0.3
19940623	0.0	16.89	0.59
19940624	16.52	20.87	1.91
19940625	0.01	15.79	0.64
19940626	0.0	16.12	0.07
19940627	0.0	15.24	0.06
19940628	0.01	19.43	0.05
19940629	0.0	14.23	0.07
19940630	0.0	16.86	0.12
19940701	3.0	20.85	0.13
19940702	0.02	18.45	0.19
19940703	7.56	20.12	0.2
19940704	0.05	16.44	0.55
19940705	0.0	14.97	0.32
19940706	0.1	15.12	0.19
19940707	3.36	16.4	0.21
19940708	0.08	15.5	0.22
19940709	0.01	15.88	0.21
19940710	0.0	17.11	0.14
19940711	0.0	20.68	0.08
19940712	6.25	22.84	0.06
19940713	0.02	17.74	0.17
19940714	0.0	17.26	0.13
19940715	0.0	18.14	0.11
19940716	0.0	19.03	0.12
19940717	0.0	18.3	0.09
19940718	0.0	17.99	0.08
19940719	0.0	18.57	0.1
19940720	0.0	19.0	0.09
19940721	0.0	19.65	0.06
19940722	0.0	20.55	0.05
19940723	0.0	21.3	0.05
19940724	0.0	22.78	0.07
19940725	0.0	20.75	0.1
19940726	0.12	19.12	0.11
19940727	7.71	20.77	0.11
19940728	0.0	16.92	0.1
19940729	0.0	19.35	0.1
19940730	0.53	23.25	0.07
19940731	0.58	19.68	0.06
19940801	0.08	16.97	0.07
19940802	0.44	19.54	0.06
19940803	0.25	23.67	0.05
19940804	1.33	20.37	0.05
19940805	0.05	20.27	0.06
19940806	0.02	21.03	0.06
19940807	0.0	18.14	0.12
19940808	0.0	17.55	0.07
19940809	1.66	19.65	0.06
19940810	6.87	17.77	0.15
19940811	3.73	16.4	0.12
19940812	0.04	15.75	0.08
19940813	0.0	14.37	0.07
19940814	0.0	13.59	0.05
19940815	0.0	15.63	0.04
19940816	1.81	17.78	0.06
19940817	5.57	14.93	0.27
19940818	4.84	17.42	0.1
19940819	0.23	16.23	0.12
19940820	0.0	15.1	0.08
19940821	0.0	17.61	0.04
19940822	0.0	20.06	0.06
19940823	1.0	16.85	0.05
19940824	14.93	16.28	0.08
19940825	13.27	16.84	0.41
19940826	2.95	18.98	0.18
19940827	0.08	15.2	0.1
19940828	0.01	14.25	0.08
19940829	0.01	14.82	0.07
19940830	0.74	14.8	0.06
19940831	13.39	16.35	0.12
19940901	0.3	13.45	0.16
19940902	0.01	14.94	0.1
19940903	2.3	16.43	0.08
19940904	1.34	15.64	0.09
19940905	0.0	13.65	0.09
19940906	1.84	12.3	0.08
19940907	10.21	14.78	0.14
19940908	3.14	12.75	0.2
19940909	5.79	13.75	0.16
19940910	6.61	12.07	0.22
19940911	19.06	14.61	0.28
19940912	0.5	13.1	0.36
19940913	4.94	14.21	0.19
19940914	3.22	12.87	0.21
19940915	16.25	9.4	0.35
19940916	0.01	9.06	0.36
19940917	0.0	9.65	0.21
19940918	2.72	10.98	0.13
19940919	11.62	12.14	0.31
19940920	0.14	10.9	0.34
19940921	0.12	14.38	0.28
19940922	0.0	15.09	0.17
19940923	0.08	15.89	0.14
19940924	0.0	15.58	0.12
19940925	2.55	15.27	0.1
19940926	0.06	14.49	0.11
19940927	0.0	14.5	0.1
19940928	0.0	13.45	0.09
19940929	0.0	12.7	0.08
19940930	0.0	12.29	0.08
19941001	0.0	12.49	0.08
19941002	4.98	12.43	0.07
19941003	0.25	7.28	0.13
19941004	0.0	6.06	0.1
19941005	0.01	8.26	0.09
19941006	0.0	9.6	0.09
19941007	0.0	9.15	0.08
19941008	0.0	10.07	0.08
19941009	0.0	9.71	0.06
19941010	0.0	12.63	0.08
19941011	0.03	12.4	0.09
19941012	0.0	11.95	0.07
19941013	0.0	11.65	0.07
19941014	0.0	11.84	0.08
19941015	0.0	13.15	0.08
19941016	0.0	10.81	0.07
19941017	0.0	6.67	0.07
19941018	0.0	9.91	0.09
19941019	14.8	12.93	0.11
19941020	1.44	12.54	0.3
19941021	17.92	13.81	0.25
19941022	18.54	13.21	0.45
19941023	0.79	10.77	0.74
19941024	22.35	11.22	0.4
19941025	1.86	9.25	2.19
19941026	0.47	9.06	0.31
19941027	0.0	7.94	0.29
19941028	11.45	8.91	0.28
19941029	10.45	12.63	0.47
19941030	28.33	13.33	2.54
19941031	3.75	10.33	4.15
19941101	0.01	7.74	0.6
19941102	0.91	11.02	0.36
19941103	0.5	14.08	0.31
19941104	16.73	12.67	0.91
19941105	3.51	9.38	1.34
19941106	0.03	10.45	0.42
19941107	0.09	10.58	0.32
19941108	1.65	12.11	0.29
19941109	8.33	10.11	0.5
19941110	1.69	11.12	0.42
19941111	2.54	10.84	0.42
19941112	7.42	9.95	0.82
19941113	6.95	12.69	0.48
19941114	6.52	12.4	2.82
19941115	0.02	9.67	0.54
19941116	0.02	8.81	0.4
19941117	5.97	9.46	0.47
19941118	5.32	12.39	0.54
19941119	0.61	13.82	0.44
19941120	0.3	10.81	0.38
19941121	0.5	9.3	0.34
19941122	0.06	12.05	0.28
19941123	0.01	12.31	0.16
19941124	0.03	11.61	0.19
19941125	0.0	10.89	0.52
19941126	0.11	10.64	0.51
19941127	0.0	9.84	0.49
19941128	0.0	8.66	0.53
19941129	0.0	7.97	0.48
19941130	0.0	8.1	0.51
19941201	0.0	7.93	0.47
19941202	0.04	9.22	0.45
19941203	10.28	10.38	0.58
19941204	1.83	8.72	0.47
19941205	4.28	8.2	0.52
19941206	14.14	8.83	0.92
19941207	15.2	8.46	3.1
19941208	21.26	6.51	4.38
19941209	0.27	6.4	2.68
19941210	0.37	12.47	0.46
19941211	0.01	12.55	0.42
19941212	0.0	12.16	0.54
19941213	1.99	7.2	0.51
19941214	0.0	1.98	0.36
19941215	0.16	4.12	0.23
19941216	0.12	5.06	0.17
19941217	8.06	10.1	0.33
19941218	2.24	6.15	0.57
19941219	0.0	3.81	0.47
19941220	0.09	3.05	0.44
19941221	0.04	1.76	0.26
19941222	0.0	1.12	0.42
19941223	0.0	-0.47	0.54
19941224	0.01	0.61	0.46
19941225	15.04	6.12	1.11
19941226	10.93	8.61	1.29
19941227	8.22	12.16	3.35
19941228	19.89	11.91	3.57
19941229	4.64	8.69	4.38
19941230	0.04	6.19	1.84
19941231	0.1	3.02	0.48
19950101	0.5	0.98	0.44
19950102	0.04	-1.36	0.47
19950103	0.01	0.41	0.31
19950104	0.31	3.36	0.3
19950105	7.55	3.52	0.54
19950106	0.01	3.17	0.51
19950107	0.78	5.11	0.46
19950108	2.52	5.71	0.51
19950109	0.04	7.03	0.53
19950110	3.24	6.83	0.54
19950111	0.0	1.88	0.47
19950112	0.0	2.42	0.38
19950113	0.23	4.87	0.34
19950114	0.09	7.92	0.25
19950115	0.0	8.2	0.22
19950116	2.49	7.51	0.16
19950117	16.4	6.94	1.14
19950118	14.48	4.56	3.81
19950119	24.52	7.21	4.38
19950120	6.31	5.97	4.38
19950121	14.1	7.78	4.36
19950122	15.49	6.37	4.38
19950123	0.23	6.36	3.25
19950124	9.95	5.85	1.57
19950125	17.59	8.04	3.39
19950126	1.16	2.39	4.37
19950127	18.05	5.48	4.22
19950128	3.87	8.24	3.83
19950129	6.82	6.24	3.78
19950130	0.85	3.98	1.82
19950131	6.2	9.62	0.63
19950201	4.78	5.93	3.35
19950202	0.01	5.74	0.91
19950203	3.6	8.82	0.58
19950204	0.03	7.49	0.63
19950205	0.03	8.95	0.57
19950206	0.0	9.88	0.5
19950207	12.2	9.18	0.99
19950208	5.58	6.81	3.35
19950209	8.07	5.81	1.27
19950210	4.7	8.73	2.94
19950211	14.48	8.92	4.21
19950212	0.63	9.46	2.31
19950213	12.89	7.7	3.11
19950214	9.55	9.37	4.04
19950215	2.47	8.63	2.61
19950216	5.72	7.63	1.93
19950217	0.06	6.15	0.84
19950218	9.49	7.6	1.19
19950219	6.3	8.34	3.45
19950220	5.63	8.44	2.0
19950221	0.57	6.0	0.9
19950222	5.58	5.14	0.77
19950223	4.64	6.21	0.81
19950224	0.92	6.08	0.64
19950225	0.25	4.07	0.54
19950226	0.01	3.08	0.48
19950227	3.01	6.69	0.54
19950228	2.5	9.8	0.53
19950301	1.54	5.37	0.51
19950302	6.43	3.65	0.69
19950303	0.01	1.44	0.58
19950304	2.17	3.73	0.6
19950305	0.83	5.4	0.5
19950306	0.75	3.4	0.48
19950307	25.83	3.16	3.7
19950308	1.11	3.35	3.78
19950309	0.04	6.4	0.92
19950310	0.0	8.44	0.58
19950311	1.33	10.39	0.52
19950312	0.02	7.29	0.56
19950313	0.0	4.26	0.59
19950314	0.04	6.45	0.53
19950315	0.43	4.11	0.48
19950316	7.94	7.96	0.54
19950317	0.73	8.22	0.51
19950318	0.49	6.58	0.52
19950319	0.46	5.15	0.53
19950320	0.0	3.8	0.55
19950321	0.0	4.76	0.62
19950322	0.0	4.87	0.61
19950323	0.01	8.51	0.55
19950324	0.0	10.92	0.49
19950325	0.06	10.54	0.6
19950326	1.71	7.01	0.55
19950327	0.1	2.67	0.5
19950328	9.11	5.06	0.57
19950329	0.0	3.54	0.49
19950330	0.01	8.8	0.53
19950331	0.02	11.83	0.62
19950401	0.0	12.39	0.47
19950402	0.0	10.47	0.46
19950403	0.0	10.5	0.49
19950404	0.0	11.42	0.44
19950405	0.0	11.65	0.46
19950406	0.0	12.21	0.44
19950407	0.0	11.43	0.44
19950408	0.0	5.96	0.49
19950409	0.0	9.24	0.49
19950410	0.0	9.78	0.49
19950411	0.0	11.42	0.42
19950412	0.0	9.35	0.38
19950413	0.0	9.76	0.35
19950414	0.0	11.18	0.34
19950415	0.13	9.39	0.35
19950416	0.03	9.96	0.34
19950417	1.62	9.49	0.36
19950418	0.33	4.75	0.42
19950419	0.09	4.4	0.34
19950420	0.0	4.1	0.36
19950421	4.83	9.16	0.35
19950422	1.17	9.07	0.4
19950423	5.65	9.89	0.46
19950424	0.16	10.61	0.44
19950425	1.11	13.61	0.37
19950426	0.05	8.26	0.42
19950427	0.0	8.45	0.35
19950428	0.0	8.28	0.31
19950429	0.02	9.46	0.24
19950430	0.0	9.5	0.23
19950501	0.0	11.87	0.23
19950502	0.0	14.25	0.23
19950503	0.0	14.84	0.21
19950504	0.0	16.04	0.21
19950505	0.0	17.19	0.19
19950506	0.0	17.9	0.16
19950507	0.0	17.32	0.17
19950508	0.0	11.86	0.15
19950509	0.0	9.57	0.13
19950510	0.01	10.32	0.15
19950511	0.01	8.2	0.15
19950512	1.76	7.03	0.18
19950513	0.0	6.09	0.18
19950514	0.0	7.52	0.14
19950515	0.01	9.79	0.12
19950516	7.36	11.43	0.19
19950517	1.78	8.22	0.27
19950518	0.02	8.58	0.2
19950519	0.83	10.12	0.17
19950520	0.0	9.73	0.15
19950521	0.0	11.27	0.14
19950522	0.0	12.91	0.14
19950523	0.0	15.18	0.13
19950524	0.73	13.11	0.11
19950525	0.01	12.85	0.13
19950526	0.76	14.34	0.13
19950527	1.54	15.72	0.1
19950528	1.41	13.52	0.12
19950529	0.21	13.11	0.12
19950530	0.77	13.8	0.16
19950531	0.09	13.56	0.22
19950601	0.0	13.64	0.05
19950602	0.01	14.21	0.11
19950603	5.92	13.18	0.18
19950604	4.99	12.36	0.21
19950605	0.02	13.71	0.18
19950606	0.15	15.05	0.16
19950607	1.26	12.36	0.15
19950608	0.0	11.44	0.1
19950609	0.0	11.85	0.1
19950610	0.48	11.87	0.1
19950611	3.72	11.89	0.14
19950612	0.11	10.38	0.16
19950613	0.01	11.57	0.14
19950614	0.0	11.86	0.14
19950615	0.02	12.4	0.13
19950616	1.68	15.2	0.14
19950617	4.26	13.4	0.11
19950618	0.01	14.61	0.11
19950619	0.01	15.78	0.1
19950620	0.0	17.34	0.09
19950621	0.0	14.93	0.08
19950622	0.0	14.52	0.07
19950623	0.0	15.61	0.06
19950624	0.0	14.97	0.09
19950625	0.0	17.2	0.08
19950626	0.0	18.01	0.09
19950627	0.0	19.34	0.07
19950628	0.0	20.7	0.07
19950629	0.0	18.66	0.05
19950630	0.0	21.36	0.07
19950701	0.01	16.54	0.09
19950702	18.9	15.06	0.14
19950703	0.58	14.61	0.29
19950704	0.01	18.02	0.09
19950705	0.0	16.22	0.08
19950706	0.0	17.29	0.08
19950707	0.0	16.23	0.09
19950708	0.0	20.75	0.07
19950709	0.0	21.31	0.06
19950710	0.0	23.74	0.1
19950711	0.43	19.83	0.06
19950712	1.18	18.94	0.07
19950713	3.59	19.07	0.07
19950714	1.04	17.85	0.07
19950715	0.03	17.55	0.06
19950716	0.23	17.54	0.06
19950717	0.0	17.94	0.06
19950718	0.0	19.65	0.06
19950719	0.0	18.69	0.07
19950720	0.0	22.93	0.06
19950721	0.0	20.98	0.04
19950722	0.0	16.16	0.04
19950723	0.0	16.56	0.05
19950724	0.0	18.79	0.08
19950725	0.02	21.98	0.07
19950726	5.12	20.09	0.13
19950727	0.96	18.49	0.13
19950728	0.0	20.4	0.12
19950729	0.0	20.69	0.06
19950730	1.0	22.27	0.06
19950731	0.03	23.47	0.05
19950801	0.0	26.07	0.06
19950802	0.0	24.19	0.05
19950803	0.0	23.09	0.05
19950804	0.0	18.58	0.07
19950805	0.0	19.64	0.07
19950806	0.0	20.13	0.08
19950807	0.0	17.09	0.07
19950808	0.0	15.5	0.05
19950809	0.0	18.66	0.07
19950810	0.0	20.97	0.06
19950811	0.0	21.74	0.04
19950812	0.0	21.9	0.05
19950813	0.0	19.57	0.06
19950814	0.0	18.4	0.06
19950815	0.0	20.72	0.06
19950816	0.0	21.53	0.05
19950817	0.0	20.7	0.04
19950818	0.0	21.93	0.05
19950819	0.0	22.95	0.05
19950820	0.0	21.2	0.05
19950821	0.0	21.26	0.04
19950822	0.0	20.27	0.05
19950823	0.31	18.06	0.05
19950824	0.07	20.45	0.05
19950825	0.01	19.87	0.05
19950826	0.0	19.64	0.04
19950827	0.01	15.81	0.04
19950828	0.02	14.88	0.04
19950829	0.0	13.23	0.03
19950830	0.03	18.09	0.04
19950831	0.29	16.53	0.04
19950901	0.07	16.73	0.04
19950902	6.09	13.38	0.06
19950903	0.3	13.44	0.04
19950904	0.48	14.54	0.04
19950905	2.11	15.3	0.05
19950906	5.26	16.77	0.06
19950907	10.17	16.38	0.09
19950908	0.03	15.95	0.1
19950909	0.16	16.34	0.05
19950910	14.26	14.83	0.05
19950911	5.34	15.06	0.13
19950912	10.27	12.79	0.11
19950913	0.01	13.0	0.14
19950914	9.64	13.8	0.07
19950915	6.89	13.96	0.17
19950916	1.03	14.11	0.12
19950917	7.5	14.46	0.12
19950918	14.41	15.53	0.22
19950919	0.0	14.37	0.21
19950920	0.0	12.13	0.08
19950921	0.0	13.47	0.04
19950922	0.29	15.36	0.04
19950923	1.9	14.04	0.04
19950924	8.12	10.46	0.08
19950925	0.14	13.62	0.04
19950926	23.9	14.06	0.11
19950927	0.07	10.54	0.32
19950928	0.14	9.22	0.1
19950929	0.01	9.9	0.05
19950930	2.33	13.19	0.04
19951001	0.12	13.75	0.04
19951002	0.2	14.36	0.11
19951003	8.83	15.51	0.1
19951004	4.1	13.46	0.16
19951005	0.21	13.9	0.07
19951006	4.58	15.64	0.05
19951007	0.22	15.93	0.06
19951008	0.0	18.06	0.05
19951009	0.02	16.68	0.04
19951010	0.01	16.32	0.04
19951011	0.02	16.36	0.04
19951012	0.02	16.25	0.04
19951013	0.02	15.63	0.04
19951014	0.0	15.87	0.05
19951015	0.0	14.16	0.04
19951016	0.01	16.06	0.04
19951017	0.45	15.04	0.05
19951018	0.0	11.56	0.04
19951019	0.0	12.12	0.04
19951020	0.03	10.54	0.04
19951021	0.0	10.46	0.04
19951022	0.0	10.27	0.04
19951023	0.0	13.55	0.04
19951024	7.29	14.76	0.05
19951025	3.46	13.46	0.05
19951026	1.16	15.44	0.04
19951027	0.01	8.96	0.04
19951028	0.0	9.42	0.04
19951029	0.0	8.92	0.04
19951030	0.0	8.73	0.04
19951031	0.0	9.39	0.04
19951101	0.01	8.14	0.04
19951102	0.0	7.09	0.05
19951103	0.0	5.67	0.05
19951104	0.0	5.2	0.05
19951105	0.0	2.81	0.04
19951106	0.0	5.61	0.04
19951107	0.0	7.32	0.03
19951108	0.0	11.93	0.06
19951109	8.11	10.81	0.07
19951110	0.46	10.28	0.07
19951111	2.02	13.5	0.03
19951112	2.16	12.04	0.04
19951113	0.18	10.24	0.05
19951114	8.08	10.49	0.06
19951115	5.47	11.81	0.16
19951116	0.79	6.19	0.14
19951117	0.01	1.44	0.06
19951118	0.0	2.78	0.05
19951119	0.0	3.95	0.05
19951120	0.0	5.76	0.05
19951121	1.14	9.06	0.04
19951122	0.03	7.69	0.04
19951123	0.21	10.0	0.03
19951124	1.64	10.89	0.04
19951125	14.39	10.21	0.04
19951126	2.73	9.04	0.04
19951127	3.42	8.93	0.31
19951128	0.43	9.65	0.25
19951129	0.03	7.75	0.16
19951130	0.01	6.73	0.14
19951201	4.22	9.6	0.08
19951202	1.4	11.03	0.06
19951203	7.93	8.83	0.12
19951204	0.18	3.58	0.11
19951205	2.98	-0.66	0.33
19951206	0.9	-0.7	0.22
19951207	0.49	-0.18	0.15
19951208	0.01	0.24	0.14
19951209	0.0	1.24	0.08
19951210	0.02	1.04	0.05
19951211	0.03	3.07	0.05
19951212	0.33	5.02	0.05
19951213	2.58	4.14	0.04
19951214	0.07	3.05	0.05
19951215	0.03	1.57	0.04
19951216	0.0	3.35	0.04
19951217	2.89	3.56	0.04
19951218	0.03	3.26	0.05
19951219	22.89	5.2	0.06
19951220	4.25	2.49	0.17
19951221	24.58	6.64	0.67
19951222	17.62	9.02	0.53
19951223	6.49	4.61	3.31
19951224	0.02	1.82	2.44
19951225	0.0	-0.57	0.48
19951226	0.0	-1.43	0.39
19951227	0.0	-1.8	0.35
19951228	0.0	-2.52	0.35
19951229	0.02	-0.94	0.25
19951230	5.3	0.8	0.26
19951231	0.24	3.0	0.35
19960101	0.06	5.12	0.34
19960102	0.15	4.44	0.33
19960103	0.06	4.26	0.33
19960104	3.5	5.93	0.33
19960105	6.72	6.39	0.33
19960106	14.1	7.96	0.33
19960107	2.15	8.88	0.33
19960108	30.19	9.39	0.33
19960109	0.54	8.84	0.33
19960110	0.0	8.13	0.33
19960111	6.71	8.57	0.33
19960112	0.33	9.91	0.33
19960113	0.01	8.86	0.33
19960114	0.0	8.15	0.33
19960115	0.03	6.5	0.33
19960116	0.03	6.87	0.33
19960117	0.01	6.82	0.33
19960118	0.06	5.36	0.33
19960119	0.0	5.53	0.33
19960120	0.1	2.39	0.33
19960121	0.04	2.18	0.33
19960122	0.13	4.51	0.33
19960123	6.62	3.38	0.33
19960124	0.02	2.13	0.33
19960125	0.09	-2.08	0.33
19960126	1.26	-4.06	0.33
19960127	0.12	-1.34	0.33
19960128	0.03	0.06	0.33
19960129	0.0	-0.14	0.33
19960130	0.0	1.54	0.33
19960131	0.0	0.97	0.33
19960201	0.0	1.11	0.33
19960202	0.0	0.66	0.33
19960203	0.0	1.35	0.33
19960204	0.01	-0.13	0.33
19960205	1.15	-0.42	0.33
19960206	0.01	-2.58	0.33
19960207	0.06	-1.21	0.33
19960208	0.19	1.33	0.33
19960209	19.75	5.05	0.33
19960210	1.71	6.96	0.33
19960211	18.43	5.96	0.33
19960212	1.57	3.98	0.33
19960213	0.04	3.0	0.33
19960214	0.0	1.28	0.33
19960215	0.0	3.6	0.33
19960216	0.0	8.4	0.33
19960217	3.24	7.78	0.33
19960218	0.38	4.3	0.33
19960219	0.75	0.09	0.33
19960220	0.04	-1.44	0.33
19960221	0.52	-1.41	0.33
19960222	1.16	1.69	0.33
19960223	2.4	5.0	0.33
19960224	10.73	7.09	0.33
19960225	2.82	4.75	0.33
19960226	0.01	3.28	0.33
19960227	0.02	4.06	0.33
19960228	0.0	4.12	0.33
19960229	0.0	5.93	0.4
19960301	0.3	4.57	0.44
19960302	0.97	4.94	0.39
19960303	0.98	4.76	0.37
19960304	0.2	5.48	0.44
19960305	0.07	4.86	0.34
19960306	0.01	4.9	0.3
19960307	0.22	2.8	0.37
19960308	11.14	3.7	0.38
19960309	1.3	3.73	0.38
19960310	0.0	2.46	0.38
19960311	0.0	2.86	0.38
19960312	0.0	0.57	0.38
19960313	0.0	0.82	0.38
19960314	0.0	2.63	0.31
19960315	0.01	7.28	0.33
19960316	0.35	3.22	0.32
19960317	0.03	5.85	0.31
19960318	0.0	5.46	0.29
19960319	0.0	5.52	0.28
19960320	10.25	5.5	0.28
19960321	6.68	7.62	0.28
19960322	5.71	8.53	0.28
19960323	0.04	9.89	0.28
19960324	0.01	7.6	0.28
19960325	15.36	7.5	0.28
19960326	0.22	3.0	0.28
19960327	0.0	1.78	0.28
19960328	0.11	4.81	0.28
19960329	0.0	3.92	0.28
19960330	0.0	5.0	0.28
19960331	0.0	2.32	0.28
19960401	0.03	1.47	0.28
19960402	0.0	3.05	0.32
19960403	0.0	2.27	0.3
19960404	0.0	5.4	0.31
19960405	0.0	7.09	0.32
19960406	0.0	7.49	0.34
19960407	0.0	6.28	0.34
19960408	0.0	10.79	0.26
19960409	0.0	9.66	0.25
19960410	0.2	7.93	0.22
19960411	0.2	10.6	0.22
19960412	12.09	4.63	0.22
19960413	0.0	5.69	0.22
19960414	0.09	8.28	0.22
19960415	0.0	12.35	0.25
19960416	0.02	12.89	0.29
19960417	0.01	10.71	0.24
19960418	0.0	10.78	0.16
19960419	0.0	11.71	0.19
19960420	0.0	13.88	0.26
19960421	0.06	13.55	0.27
19960422	6.41	10.54	0.27
19960423	0.08	9.45	0.27
19960424	0.4	9.07	0.27
19960425	0.0	10.41	0.21
19960426	0.0	12.51	0.15
19960427	0.0	13.72	0.15
19960428	0.0	8.48	0.15
19960429	0.01	7.46	0.15
19960430	0.51	8.97	0.14
19960501	0.19	10.27	0.16
19960502	2.57	8.0	0.17
19960503	0.04	5.09	0.15
19960504	0.0	5.18	0.09
19960505	0.0	6.48	0.07
19960506	0.0	7.85	0.11
19960507	0.0	8.58	0.1
19960508	0.0	7.67	0.08
19960509	0.0	7.55	0.07
19960510	0.04	5.86	0.07
19960511	0.0	7.66	0.08
19960512	0.0	8.15	0.07
19960513	0.0	9.42	0.09
19960514	0.0	9.08	0.08
19960515	0.0	8.77	0.06
19960516	10.18	5.8	0.08
19960517	2.03	6.08	0.16
19960518	1.27	7.77	0.14
19960519	1.18	8.37	0.13
19960520	0.97	10.11	0.11
19960521	1.35	11.16	0.09
19960522	7.53	11.45	0.14
19960523	0.68	12.72	0.19
19960524	14.35	10.33	0.26
19960525	0.1	11.35	0.32
19960526	4.09	12.2	0.24
19960527	0.59	9.2	0.2
19960528	0.0	12.87	0.14
19960529	0.0	14.8	0.11
19960530	0.0	17.04	0.1
19960531	0.14	12.49	0.08
19960601	0.24	10.49	0.07
19960602	1.4	11.21	0.06
19960603	0.0	13.59	0.08
19960604	0.0	14.16	0.07
19960605	0.0	17.92	0.04
19960606	0.0	21.11	0.04
19960607	0.09	22.19	0.03
19960608	3.42	14.64	0.03
19960609	0.02	13.86	0.04
19960610	0.02	16.64	0.04
19960611	0.0	16.3	0.01
19960612	0.0	13.96	0.03
19960613	0.0	13.17	0.05
19960614	0.0	12.53	0.05
19960615	0.0	13.63	0.05
19960616	0.0	15.6	0.06
19960617	0.0	17.57	0.05
19960618	0.07	15.27	0.04
19960619	1.94	14.57	0.05
19960620	3.43	9.37	0.05
19960621	0.22	11.29	0.06
19960622	0.02	11.55	0.04
19960623	0.0	13.18	0.04
19960624	0.0	13.44	0.03
19960625	0.0	16.1	0.03
19960626	0.01	19.55	0.05
19960627	0.05	17.0	0.05
19960628	1.57	14.35	0.04
19960629	0.01	13.93	0.06
19960630	0.02	15.03	0.06
19960701	6.25	13.22	0.06
19960702	0.34	13.86	0.06
19960703	4.72	13.15	0.05
19960704	0.11	13.77	0.06
19960705	1.33	14.17	0.05
19960706	1.19	12.13	0.04
19960707	1.96	13.26	0.04
19960708	0.01	14.64	0.07
19960709	0.08	15.16	0.05
19960710	0.0	18.04	0.05
19960711	0.0	18.35	0.05
19960712	0.03	18.94	0.06
19960713	0.0	18.37	0.06
19960714	0.0	17.88	0.06
19960715	0.0	16.2	0.06
19960716	0.0	14.17	0.06
19960717	0.0	14.19	0.05
19960718	0.0	16.24	0.05
19960719	0.0	16.43	0.05
19960720	0.0	17.28	0.06
19960721	0.0	19.08	0.05
19960722	0.64	22.61	0.05
19960723	3.24	20.38	0.05
19960724	0.11	15.55	0.06
19960725	0.0	17.35	0.05
19960726	0.0	20.8	0.05
19960727	0.05	18.47	0.05
19960728	5.57	19.14	0.05
19960729	7.36	17.57	0.07
19960730	0.73	18.47	0.06
19960731	0.05	16.66	0.06
19960801	0.0	15.26	0.06
19960802	0.0	15.83	0.06
19960803	0.0	16.12	0.05
19960804	0.0	18.21	0.05
19960805	0.02	20.46	0.05
19960806	0.16	17.35	0.06
19960807	0.0	15.88	0.06
19960808	0.01	16.65	0.05
19960809	7.1	17.85	0.07
19960810	1.64	16.69	0.08
19960811	3.67	16.68	0.07
19960812	5.23	17.54	0.09
19960813	0.13	18.38	0.08
19960814	0.0	17.47	0.06
19960815	0.0	16.07	0.06
19960816	0.0	17.05	0.07
19960817	0.0	19.23	0.07
19960818	0.0	20.72	0.07
19960819	0.0	21.18	0.08
19960820	0.01	18.19	0.07
19960821	0.0	16.25	0.07
19960822	42.65	17.37	0.07
19960823	13.26	16.27	0.07
19960824	7.1	16.35	0.07
19960825	2.26	14.93	0.07
19960826	1.04	14.87	0.07
19960827	2.88	14.18	0.1
19960828	3.45	15.76	0.14
19960829	0.38	13.17	0.09
19960830	0.02	13.12	0.07
19960831	0.0	12.98	0.06
19960901	0.06	15.97	0.07
19960902	0.04	18.02	0.09
19960903	0.0	16.21	0.08
19960904	0.0	15.7	0.06
19960905	0.0	15.31	0.07
19960906	0.0	14.96	0.05
19960907	0.0	15.56	0.08
19960908	0.07	15.13	0.06
19960909	0.01	13.88	0.07
19960910	0.0	12.44	0.06
19960911	0.01	14.69	0.06
19960912	0.0	11.85	0.06
19960913	0.0	11.13	0.06
19960914	0.0	11.35	0.06
19960915	0.0	13.21	0.06
19960916	0.0	13.4	0.05
19960917	0.0	12.63	0.05
19960918	0.02	12.94	0.05
19960919	1.59	11.96	0.05
19960920	0.01	12.95	0.05
19960921	0.0	11.13	0.05
19960922	0.01	10.93	0.05
19960923	0.13	9.3	0.06
19960924	0.23	13.67	0.05
19960925	0.61	12.34	0.05
19960926	5.23	14.13	0.05
19960927	0.98	13.92	0.05
19960928	0.89	15.93	0.05
19960929	6.54	14.52	0.05
