date	precipitation	temperature	discharge_spec
19701001	20.23	9.39	8.03
19701002	0.94	7.75	5.26
19701003	3.67	10.2	2.42
19701004	12.95	10.78	4.85
19701005	5.93	8.64	6.2
19701006	7.9	7.16	7.33
19701007	0.91	7.83	3.57
19701008	0.0	7.69	2.32
19701009	0.37	10.03	1.85
19701010	0.01	9.26	1.6
19701011	0.13	10.92	1.42
19701012	0.02	11.68	1.33
19701013	0.01	12.61	1.22
19701014	0.0	11.19	1.13
19701015	0.0	10.0	1.02
19701016	0.0	11.14	0.89
19701017	0.98	10.66	0.77
19701018	9.12	8.82	1.05
19701019	0.05	6.39	1.33
19701020	0.0	4.4	0.96
19701021	0.0	6.03	0.77
19701022	0.0	9.18	0.7
19701023	4.45	9.77	0.89
19701024	7.16	9.17	2.11
19701025	4.59	6.54	1.88
19701026	4.04	4.25	2.58
19701027	2.73	4.75	2.64
19701028	10.19	4.17	3.28
19701029	23.15	8.46	10.02
19701030	3.56	8.92	10.62
19701031	29.05	9.76	20.09
19701101	5.65	7.69	4.8
19701102	18.32	8.32	7.12
19701103	13.22	6.47	14.25
19701104	14.16	6.36	6.59
19701105	0.06	4.49	5.64
19701106	0.38	3.27	2.87
19701107	1.81	5.39	2.26
19701108	4.92	7.7	3.03
19701109	0.1	5.85	2.3
19701110	9.13	7.93	2.45
19701111	9.35	4.24	5.22
19701112	13.48	2.0	5.9
19701113	2.71	0.99	5.38
19701114	0.01	0.57	2.76
19701115	4.54	1.18	2.19
19701116	1.79	4.84	2.36
19701117	4.87	3.97	2.73
19701118	1.88	2.68	2.33
19701119	0.18	2.81	2.11
19701120	4.56	3.0	1.97
19701121	0.67	3.33	1.93
19701122	1.36	3.54	1.63
19701123	22.45	7.6	8.23
19701124	0.45	9.35	4.39
19701125	2.0	6.27	2.59
19701126	11.14	5.4	3.5
19701127	8.04	7.75	4.83
19701128	2.92	6.0	6.56
19701129	3.01	4.44	2.98
19701130	0.08	3.21	2.72
19701201	3.96	5.09	2.16
19701202	21.57	2.99	13.25
19701203	2.63	2.36	4.55
19701204	3.52	5.69	3.23
19701205	3.95	5.56	2.61
19701206	4.66	3.02	3.06
19701207	0.02	1.48	2.16
19701208	0.11	4.23	1.89
19701209	0.02	3.64	1.75
19701210	0.0	2.2	1.61
19701211	0.06	2.81	1.51
19701212	2.36	4.6	1.47
19701213	0.03	3.52	1.4
19701214	0.15	4.57	1.34
19701215	0.42	6.27	1.3
19701216	8.79	7.2	1.8
19701217	3.14	7.15	2.37
19701218	6.55	9.76	4.15
19701219	1.37	6.59	2.71
19701220	0.18	1.99	2.02
19701221	0.0	-0.34	1.65
19701222	0.02	1.96	1.44
19701223	0.58	4.01	1.41
19701224	0.64	1.67	1.33
19701225	0.14	2.16	1.28
19701226	1.34	2.16	1.27
19701227	0.58	0.39	1.27
19701228	0.53	0.9	1.2
19701229	0.17	0.82	1.25
19701230	0.0	-1.71	1.15
19701231	0.0	-2.51	0.84
19710101	0.0	-0.62	0.82
19710102	0.0	-1.29	0.76
19710103	0.0	-2.55	0.7
19710104	0.0	-0.75	0.67
19710105	5.07	-1.0	0.69
19710106	10.55	5.55	3.01
19710107	2.05	9.16	3.18
19710108	1.37	9.79	1.88
19710109	10.56	10.25	3.38
19710110	0.04	6.56	2.18
19710111	0.0	3.38	1.62
19710112	0.0	3.55	1.38
19710113	0.31	4.22	1.26
19710114	0.26	4.43	1.2
19710115	0.2	2.65	1.13
19710116	1.31	2.65	1.13
19710117	1.83	6.11	1.14
19710118	4.61	5.74	1.37
19710119	3.47	4.73	1.67
19710120	1.43	3.28	1.63
19710121	0.49	3.17	1.51
19710122	2.99	3.68	1.33
19710123	4.5	4.62	1.8
19710124	9.81	5.33	3.16
19710125	1.66	3.87	2.91
19710126	1.88	3.95	1.95
19710127	2.46	4.06	1.63
19710128	8.65	3.63	2.04
19710129	3.78	0.73	6.21
19710130	0.02	-0.77	2.42
19710131	0.0	-1.28	1.69
19710201	0.19	-0.32	1.41
19710202	0.17	5.71	1.34
19710203	0.01	7.48	1.31
19710204	0.0	7.08	1.16
19710205	0.0	5.31	1.05
19710206	0.05	5.42	0.96
19710207	0.0	7.39	0.88
19710208	1.08	6.21	0.88
19710209	1.2	6.68	1.07
19710210	1.29	5.42	1.03
19710211	7.48	4.63	1.16
19710212	19.23	5.22	5.19
19710213	19.09	2.26	6.05
19710214	7.13	1.75	11.24
19710215	0.74	-0.93	4.32
19710216	4.24	-0.3	2.43
19710217	7.48	1.71	6.08
19710218	0.05	2.39	3.03
19710219	4.65	4.77	2.33
19710220	1.66	5.95	2.59
19710221	0.07	4.34	1.94
19710222	0.0	5.02	1.67
19710223	2.94	6.85	1.56
19710224	0.34	7.09	1.66
19710225	0.36	4.72	1.47
19710226	0.01	3.78	1.33
19710227	7.43	2.98	1.58
19710228	1.4	1.18	2.13
19710301	11.4	1.79	5.69
19710302	0.02	3.21	2.62
19710303	0.0	1.0	1.93
19710304	0.29	1.5	1.62
19710305	0.42	6.71	1.48
19710306	0.01	5.58	1.37
19710307	0.01	4.68	1.23
19710308	0.01	6.09	1.16
19710309	0.27	3.87	1.08
19710310	0.38	5.56	0.99
19710311	1.11	6.55	0.93
19710312	2.9	5.91	1.03
19710313	1.32	5.26	1.07
19710314	0.02	2.05	1.07
19710315	0.31	2.21	0.97
19710316	0.13	2.11	0.82
19710317	0.21	3.26	0.76
19710318	8.65	2.5	1.05
19710319	14.44	2.73	5.07
19710320	0.16	3.86	2.13
19710321	0.04	2.55	1.44
19710322	0.24	4.56	1.23
19710323	1.37	6.76	1.18
19710324	3.28	6.75	1.23
19710325	1.08	4.67	1.13
19710326	0.21	5.69	0.96
19710327	1.13	7.16	0.85
19710328	0.1	8.71	0.84
19710329	3.31	7.8	0.85
19710330	0.45	4.54	0.91
19710331	0.03	4.7	0.77
19710401	0.28	3.96	0.73
19710402	0.06	5.12	0.69
19710403	1.25	5.0	0.65
19710404	0.82	5.18	0.65
19710405	1.62	4.58	0.72
19710406	0.02	4.7	0.67
19710407	0.08	5.52	0.63
19710408	0.0	6.3	0.6
19710409	0.0	8.81	0.55
19710410	0.0	8.71	0.52
19710411	0.0	9.6	0.51
19710412	0.0	8.67	0.51
19710413	0.0	6.23	0.52
19710414	0.0	8.45	0.5
19710415	2.4	10.83	0.52
19710416	0.05	4.48	0.54
19710417	1.72	6.11	0.51
19710418	0.48	8.22	0.48
19710419	0.06	5.74	0.47
19710420	0.03	7.35	0.45
19710421	0.44	11.7	0.44
19710422	5.54	10.09	0.62
19710423	25.16	7.02	3.58
19710424	0.04	3.83	3.21
19710425	0.0	4.98	1.37
19710426	0.05	4.82	1.04
19710427	0.0	4.24	0.79
19710428	0.0	6.33	0.68
19710429	0.8	7.36	0.66
19710430	0.34	5.88	0.61
19710501	0.0	7.67	0.56
19710502	0.0	8.65	0.52
19710503	0.0	9.09	0.51
19710504	0.0	10.87	0.48
19710505	0.0	12.21	0.46
19710506	7.85	11.89	0.63
19710507	2.91	13.1	0.58
19710508	0.05	12.08	0.5
19710509	0.04	12.32	0.45
19710510	0.0	11.78	0.43
19710511	0.0	10.82	0.42
19710512	0.0	10.93	0.42
19710513	0.0	10.6	0.41
19710514	2.25	11.22	0.43
19710515	1.52	8.11	0.42
19710516	0.7	8.45	0.43
19710517	10.38	8.12	0.93
19710518	0.11	9.03	0.46
19710519	0.03	10.8	0.41
19710520	0.01	9.03	0.39
19710521	0.0	11.03	0.39
19710522	10.12	11.18	0.72
19710523	11.19	10.17	0.89
19710524	0.25	8.88	0.74
19710525	0.0	8.64	0.51
19710526	4.09	7.48	0.62
19710527	1.62	8.06	0.54
19710528	1.48	8.82	0.49
19710529	3.51	11.23	0.46
19710530	5.17	11.52	0.64
19710531	0.12	10.62	0.5
19710601	0.0	13.46	0.43
19710602	0.0	13.23	0.4
19710603	0.0	10.53	0.39
19710604	0.0	10.3	0.38
19710605	0.0	10.76	0.37
19710606	0.0	11.38	0.36
19710607	0.14	10.99	0.36
19710608	0.3	8.44	0.37
19710609	0.45	8.45	0.36
19710610	0.12	10.98	0.36
19710611	3.95	10.9	0.42
19710612	0.01	10.89	0.35
19710613	0.48	9.25	0.35
19710614	0.13	9.52	0.35
19710615	1.02	10.16	0.36
19710616	1.45	8.72	0.34
19710617	0.18	9.74	0.32
19710618	0.15	10.29	0.34
19710619	8.22	13.21	0.37
19710620	5.77	10.85	0.52
19710621	9.66	9.77	0.4
19710622	0.01	12.99	0.5
19710623	0.57	13.61	0.37
19710624	1.53	13.6	0.36
19710625	2.57	13.76	0.38
19710626	5.19	11.92	0.41
19710627	0.84	11.53	0.44
19710628	0.43	10.39	0.34
19710629	0.0	11.66	0.29
19710630	1.04	14.31	0.29
19710701	0.04	16.01	0.31
19710702	0.01	15.93	0.3
19710703	5.08	19.19	0.37
19710704	3.4	13.72	0.53
19710705	0.0	14.23	0.3
19710706	0.0	16.81	0.25
19710707	0.0	19.25	0.23
19710708	0.0	17.55	0.25
19710709	0.0	14.56	0.25
19710710	0.0	18.16	0.23
19710711	0.0	13.17	0.24
19710712	0.0	13.11	0.23
19710713	0.0	15.41	0.22
19710714	0.0	15.26	0.24
19710715	0.0	11.24	0.23
19710716	0.0	12.5	0.21
19710717	0.0	11.44	0.22
19710718	0.0	13.05	0.22
19710719	0.0	13.19	0.23
19710720	0.0	14.71	0.27
19710721	5.24	14.23	0.24
19710722	9.57	9.7	0.21
19710723	19.82	11.05	0.43
19710724	10.58	12.77	0.42
19710725	13.23	14.0	0.66
19710726	4.63	14.81	0.59
19710727	0.2	13.76	0.47
19710728	0.01	14.93	0.42
19710729	0.0	15.39	0.38
19710730	15.73	18.29	0.64
19710731	9.98	13.96	2.41
19710801	6.25	15.86	1.7
19710802	0.77	13.86	1.06
19710803	6.96	16.21	0.78
19710804	8.52	14.3	1.41
19710805	36.95	13.96	28.75
19710806	13.16	14.26	7.28
19710807	0.24	10.79	4.5
19710808	1.63	13.61	2.59
19710809	0.27	13.31	2.03
19710810	0.0	13.48	1.53
19710811	0.0	12.73	1.21
19710812	5.08	13.6	0.98
19710813	12.65	10.83	2.95
19710814	0.41	10.31	2.23
19710815	0.11	14.61	1.29
19710816	0.0	13.34	0.95
19710817	0.0	11.9	0.74
19710818	0.0	12.93	0.65
19710819	0.0	14.51	0.59
19710820	0.0	15.61	0.53
19710821	0.02	14.56	0.49
19710822	10.83	15.05	1.81
19710823	1.45	14.67	1.53
19710824	0.32	15.56	1.01
19710825	0.01	16.25	0.78
19710826	2.36	12.9	0.75
19710827	3.87	13.17	0.7
19710828	0.57	11.76	0.7
19710829	3.52	12.41	0.66
19710830	5.66	10.59	1.19
19710831	8.77	13.89	1.0
19710901	1.51	11.93	1.4
19710902	10.89	12.07	3.36
19710903	0.94	12.4	1.67
19710904	0.02	11.06	1.18
19710905	0.01	12.66	0.86
19710906	0.0	14.87	0.7
19710907	0.0	14.94	0.63
19710908	0.0	15.27	0.56
19710909	0.0	14.86	0.53
19710910	0.0	12.35	0.49
19710911	0.0	11.27	0.46
19710912	0.0	12.9	0.44
19710913	1.66	13.37	0.45
19710914	5.39	11.61	0.58
19710915	0.06	13.28	0.48
19710916	0.13	15.44	0.45
19710917	0.42	14.05	0.44
19710918	0.02	14.59	0.43
19710919	0.48	12.51	0.41
19710920	0.33	13.31	0.42
19710921	0.01	13.19	0.4
19710922	0.21	12.82	0.4
19710923	0.24	7.71	0.39
19710924	0.0	6.5	0.37
19710925	2.46	8.48	0.36
19710926	6.32	9.03	0.56
19710927	0.35	12.28	0.44
19710928	1.73	12.93	0.42
19710929	1.45	14.1	0.42
19710930	0.12	14.87	0.4
19711001	0.03	14.2	0.37
19711002	0.01	12.48	0.36
19711003	0.02	13.03	0.34
19711004	0.02	10.94	0.34
19711005	2.51	12.78	0.37
19711006	2.29	14.15	0.39
19711007	5.14	12.95	0.43
19711008	1.82	11.65	0.57
19711009	9.75	12.22	1.58
19711010	18.91	11.87	7.09
19711011	1.23	9.71	2.53
19711012	0.01	3.21	1.53
19711013	0.0	1.88	1.11
19711014	0.01	4.32	0.81
19711015	6.57	8.3	0.92
19711016	2.45	10.34	0.83
19711017	17.32	9.31	3.96
19711018	10.89	9.64	7.41
19711019	10.85	8.54	5.04
19711020	8.45	6.7	5.93
19711021	14.3	11.39	9.71
19711022	1.49	12.77	4.21
19711023	4.57	11.36	2.63
19711024	3.08	5.32	3.65
19711025	0.0	5.35	2.11
19711026	0.0	4.61	1.66
19711027	0.0	5.01	1.42
19711028	0.17	7.2	1.29
19711029	0.46	7.28	1.14
19711030	4.38	9.54	2.18
19711031	0.08	11.31	1.41
19711101	0.75	12.34	1.29
19711102	1.89	9.69	1.2
19711103	3.61	10.07	1.36
19711104	18.73	9.62	5.18
19711105	1.88	6.19	4.08
19711106	2.51	5.29	2.2
19711107	5.42	5.73	2.71
19711108	0.01	2.74	2.08
19711109	0.0	2.17	1.54
19711110	0.0	5.21	1.37
19711111	0.02	6.81	1.23
19711112	1.03	6.24	1.16
19711113	0.0	5.23	1.02
19711114	0.92	7.76	0.88
19711115	3.25	7.61	1.23
19711116	0.09	2.68	1.1
19711117	10.43	-0.02	1.79
19711118	0.13	-0.38	1.67
19711119	0.01	-0.89	1.22
19711120	15.17	0.95	1.89
19711121	0.08	0.72	2.44
19711122	0.7	2.28	1.76
19711123	0.06	-0.35	2.69
19711124	1.48	3.76	2.55
19711125	0.15	9.55	2.5
19711126	2.36	8.4	1.85
19711127	1.7	3.31	2.03
19711128	0.06	1.05	1.6
19711129	5.92	1.72	2.21
19711130	0.09	2.71	2.48
19711201	0.02	1.91	1.71
19711202	0.0	1.69	1.42
19711203	1.02	5.56	1.37
19711204	0.01	9.11	1.33
19711205	0.0	6.71	1.14
19711206	0.01	4.58	0.98
19711207	3.88	6.41	0.88
19711208	2.63	7.45	1.35
19711209	0.08	9.2	1.16
19711210	0.06	9.29	0.98
19711211	1.72	8.1	0.83
19711212	6.36	7.1	1.12
19711213	3.38	6.58	1.97
19711214	6.81	7.15	3.13
19711215	0.09	8.92	2.09
19711216	0.1	9.2	1.55
19711217	0.01	8.53	1.34
19711218	5.56	9.09	1.25
19711219	13.35	6.59	4.09
19711220	17.01	8.93	13.03
19711221	3.6	4.42	4.57
19711222	1.23	2.25	3.38
19711223	2.95	5.83	2.98
19711224	0.1	9.3	2.32
19711225	0.99	8.26	1.82
19711226	4.62	5.49	2.16
19711227	0.03	0.85	2.55
19711228	0.04	1.12	1.69
19711229	0.01	1.53	1.48
19711230	0.02	1.86	1.33
19711231	0.0	3.35	1.24
19720101	4.73	3.07	1.31
19720102	2.96	3.39	1.59
19720103	1.09	1.99	1.71
19720104	0.04	1.44	1.42
19720105	0.08	1.64	1.25
19720106	0.0	0.19	1.12
19720107	0.24	1.06	1.09
19720108	9.71	3.15	1.77
19720109	0.68	4.25	2.75
19720110	4.01	5.47	2.14
19720111	8.37	5.78	3.37
19720112	1.73	4.83	2.76
19720113	3.45	4.95	2.26
19720114	0.13	3.75	2.07
19720115	0.27	5.04	1.67
19720116	1.29	3.87	1.52
19720117	4.97	1.72	1.59
19720118	16.51	0.67	5.54
19720119	0.74	0.89	3.68
19720120	5.9	0.68	2.17
19720121	3.07	3.43	3.73
19720122	1.27	7.02	3.73
19720123	8.08	5.16	3.52
19720124	3.08	0.72	2.45
19720125	2.78	2.94	2.6
19720126	3.86	2.32	3.26
19720127	0.09	3.11	1.99
19720128	0.63	1.18	1.58
19720129	1.65	-1.64	1.49
19720130	0.65	-5.44	1.36
19720131	0.31	-5.28	1.22
19720201	4.36	-0.5	1.17
19720202	1.03	3.0	1.92
19720203	1.29	3.85	2.18
19720204	0.35	1.72	1.66
19720205	1.56	3.16	1.6
19720206	0.33	3.52	1.57
19720207	0.2	3.3	1.45
19720208	1.51	3.88	1.47
19720209	2.22	2.64	1.43
19720210	8.53	1.92	4.05
19720211	1.32	0.61	2.49
19720212	3.75	1.87	2.04
19720213	0.3	3.65	2.33
19720214	0.11	3.16	1.79
19720215	7.36	2.59	1.81
19720216	3.32	4.29	2.83
19720217	0.12	3.56	1.98
19720218	0.18	2.52	1.6
19720219	0.0	2.29	1.38
19720220	0.31	2.41	1.23
19720221	0.43	2.51	1.24
19720222	0.0	2.66	1.17
19720223	0.0	3.18	1.06
19720224	0.01	3.39	0.98
19720225	7.08	4.1	1.46
19720226	0.28	3.35	1.6
19720227	0.4	6.03	1.28
19720228	4.77	3.88	1.74
19720229	0.48	4.01	1.64
19720301	3.74	3.94	1.76
19720302	0.14	4.39	1.98
19720303	3.51	3.0	1.8
19720304	9.34	1.77	2.11
19720305	0.03	2.27	2.75
19720306	5.83	3.34	2.0
19720307	2.41	3.75	3.01
19720308	0.15	4.32	2.07
19720309	0.12	3.74	1.63
19720310	0.05	2.42	1.39
19720311	0.0	0.87	1.23
19720312	0.0	2.46	1.13
19720313	0.0	1.46	1.07
19720314	0.66	3.97	1.01
19720315	0.13	4.53	0.97
19720316	3.54	5.6	0.89
19720317	0.21	7.65	1.05
19720318	0.02	5.54	0.86
19720319	0.82	6.68	0.79
19720320	0.01	4.91	0.73
19720321	0.01	7.3	0.69
19720322	0.01	8.71	0.67
19720323	0.0	9.74	0.64
19720324	0.0	6.28	0.63
19720325	3.6	5.86	0.73
19720326	10.48	3.16	1.03
19720327	2.89	1.91	2.13
19720328	0.15	3.81	1.26
19720329	9.05	4.95	1.25
19720330	1.13	5.03	3.33
19720331	2.05	7.12	1.62
19720401	13.05	8.51	5.57
19720402	18.46	6.8	11.29
19720403	1.83	7.29	5.43
19720404	3.98	7.15	3.52
19720405	4.86	5.18	3.1
19720406	2.27	7.28	2.45
19720407	11.63	8.11	3.99
19720408	6.64	5.06	5.66
19720409	8.96	5.76	4.35
19720410	6.22	4.82	4.56
19720411	3.32	5.92	3.82
19720412	0.38	6.27	2.47
19720413	0.01	5.44	1.94
19720414	3.62	4.29	1.94
19720415	0.05	7.83	1.61
19720416	0.26	9.73	1.43
19720417	0.0	9.69	1.3
19720418	0.0	6.9	1.16
19720419	0.0	6.88	1.04
19720420	0.0	7.47	0.95
19720421	0.5	7.9	0.87
19720422	0.0	5.89	0.77
19720423	0.0	8.0	0.74
19720424	0.0	5.83	0.71
19720425	0.0	8.98	0.68
19720426	0.01	8.5	0.65
19720427	0.12	8.02	0.63
19720428	12.5	7.61	0.95
19720429	4.35	6.73	0.99
19720430	1.47	7.52	0.95
19720501	1.34	7.79	0.74
19720502	0.0	9.02	0.66
19720503	0.1	10.09	0.6
19720504	0.0	9.87	0.57
19720505	5.96	8.65	0.7
19720506	5.65	10.25	0.93
19720507	2.98	7.47	1.11
19720508	0.68	9.46	0.84
19720509	0.88	9.31	0.69
19720510	0.02	8.22	0.6
19720511	7.47	9.14	0.77
19720512	9.03	6.18	2.51
19720513	0.04	8.57	1.37
19720514	0.0	8.15	0.91
19720515	0.0	7.64	0.72
19720516	0.0	9.21	0.64
19720517	0.0	10.45	0.61
19720518	0.03	8.03	0.59
19720519	0.26	8.5	0.58
19720520	2.72	10.93	0.6
19720521	4.39	11.21	0.61
19720522	0.65	9.74	0.65
19720523	0.45	12.35	0.55
19720524	4.7	8.8	0.65
19720525	25.31	9.61	4.25
19720526	10.42	8.44	6.93
19720527	0.13	10.04	2.52
19720528	4.37	9.71	1.8
19720529	10.57	9.24	2.26
19720530	4.99	9.56	2.8
19720531	3.68	9.39	2.08
19720601	3.38	9.73	1.7
19720602	5.65	7.03	2.18
19720603	2.56	8.67	1.67
19720604	10.52	9.09	1.81
19720605	10.3	9.3	3.89
19720606	1.9	10.54	3.54
19720607	6.4	10.35	2.5
19720608	0.14	8.33	1.91
19720609	3.76	11.77	1.62
19720610	3.58	9.98	1.55
19720611	0.19	9.77	1.3
19720612	1.78	11.05	1.25
19720613	0.04	11.27	1.15
19720614	0.05	12.94	0.91
19720615	0.02	12.09	0.8
19720616	0.01	12.37	0.73
19720617	21.19	12.81	2.4
19720618	1.65	10.04	1.9
19720619	0.96	9.24	1.28
19720620	10.78	10.18	1.4
19720621	3.27	9.75	1.83
19720622	2.39	9.44	1.35
19720623	2.75	10.73	1.23
19720624	7.67	10.9	1.92
19720625	0.01	11.85	1.71
19720626	0.57	10.68	1.21
19720627	5.13	8.74	1.27
19720628	4.0	9.45	1.36
19720629	0.06	10.66	1.12
19720630	0.51	12.53	0.87
19720701	0.67	12.01	0.75
19720702	0.03	11.78	0.69
19720703	1.55	11.11	0.68
19720704	8.74	10.56	1.17
19720705	1.81	11.27	0.91
19720706	1.48	13.2	0.79
19720707	0.02	10.99	0.7
19720708	0.08	11.0	0.64
19720709	0.8	11.3	0.63
19720710	1.63	10.71	0.58
19720711	0.16	9.97	0.54
19720712	5.29	12.57	0.69
19720713	0.0	15.91	0.53
19720714	0.0	16.13	0.5
19720715	0.0	17.73	0.46
19720716	0.0	18.24	0.45
19720717	0.0	17.53	0.41
19720718	0.0	16.84	0.4
19720719	0.0	18.37	0.42
19720720	0.01	19.45	0.4
19720721	0.03	14.87	0.4
19720722	4.87	14.01	0.46
19720723	2.07	15.24	0.47
19720724	6.42	14.89	0.5
19720725	0.03	13.27	0.42
19720726	0.0	15.39	0.38
19720727	0.0	13.37	0.4
19720728	0.01	14.92	0.38
19720729	0.0	15.35	0.38
19720730	3.57	14.09	0.41
19720731	3.73	14.87	0.42
19720801	1.16	13.5	0.42
19720802	0.0	11.97	0.38
19720803	8.48	12.97	0.5
19720804	2.65	12.31	0.54
19720805	2.08	13.46	0.43
19720806	7.56	14.43	0.53
19720807	12.76	13.75	0.89
19720808	4.44	14.31	1.81
19720809	2.6	10.61	0.68
19720810	0.4	10.02	0.58
19720811	0.25	12.58	0.48
19720812	0.03	13.88	0.44
19720813	0.92	14.23	0.42
19720814	0.28	13.46	0.43
19720815	0.02	13.27	0.39
19720816	5.56	13.72	0.45
19720817	0.09	11.01	0.41
19720818	0.0	10.77	0.36
19720819	0.81	12.83	0.36
19720820	0.01	11.47	0.36
19720821	0.0	12.77	0.36
19720822	0.0	14.26	0.41
19720823	0.42	13.15	0.37
19720824	0.0	13.35	0.35
19720825	0.0	12.56	0.35
19720826	0.0	13.17	0.34
19720827	0.0	12.27	0.42
19720828	0.0	12.28	0.44
19720829	0.0	12.73	0.36
19720830	0.0	12.02	0.36
19720831	0.0	12.92	0.34
19720901	0.0	13.83	0.33
19720902	0.0	14.68	0.32
19720903	0.0	15.18	0.32
19720904	0.0	11.96	0.34
19720905	0.06	14.3	0.33
19720906	3.89	12.07	0.35
19720907	0.07	6.66	0.37
19720908	0.13	6.3	0.31
19720909	0.02	7.15	0.3
19720910	0.16	8.96	0.29
19720911	0.04	8.9	0.3
19720912	2.26	10.63	0.3
19720913	0.29	11.59	0.31
19720914	0.0	10.06	0.3
19720915	0.0	9.94	0.29
19720916	0.0	10.65	0.29
19720917	0.0	10.52	0.29
19720918	0.0	10.7	0.3
19720919	0.0	10.17	0.3
19720920	5.81	11.9	0.34
19720921	1.84	9.56	0.36
19720922	0.02	11.85	0.3
19720923	0.0	11.69	0.27
19720924	0.0	6.67	0.27
19720925	0.0	5.84	0.27
19720926	0.0	7.78	0.27
19720927	0.0	8.98	0.28
19720928	0.0	10.63	0.28
19720929	0.0	11.61	0.28
19720930	0.0	9.76	0.27
19721001	0.0	10.74	0.28
19721002	0.0	8.95	0.27
19721003	0.0	10.49	0.26
19721004	0.0	9.71	0.25
19721005	0.0	10.03	0.3
19721006	0.0	9.53	0.25
19721007	0.01	11.33	0.24
19721008	6.37	14.29	0.31
19721009	11.14	13.25	0.48
19721010	0.42	12.14	0.54
19721011	0.01	5.19	0.3
19721012	0.0	7.97	0.28
19721013	0.0	9.38	0.27
19721014	0.01	9.42	0.27
19721015	0.0	7.11	0.25
19721016	0.0	7.99	0.25
19721017	0.0	9.04	0.25
19721018	0.0	7.12	0.25
19721019	0.03	6.63	0.26
19721020	0.0	3.17	0.25
19721021	1.46	5.94	0.34
19721022	1.81	10.37	0.39
19721023	0.02	8.1	0.3
19721024	2.13	8.64	0.35
19721025	0.05	9.41	0.43
19721026	0.06	10.1	0.47
19721027	1.97	9.85	0.36
19721028	5.7	8.27	0.4
19721029	0.62	10.13	0.38
19721030	0.01	6.25	0.27
19721031	0.03	7.0	0.26
19721101	2.51	10.16	0.31
19721102	2.99	10.57	0.31
19721103	0.03	4.75	0.34
19721104	0.0	4.54	0.29
19721105	2.07	9.12	0.31
19721106	6.26	9.71	0.49
19721107	0.13	5.97	0.39
19721108	6.54	7.5	0.38
19721109	15.6	5.83	1.61
19721110	4.41	3.38	1.4
19721111	3.72	3.31	1.0
19721112	0.52	2.77	0.71
19721113	0.02	0.58	0.52
19721114	0.27	0.06	0.4
19721115	0.31	0.02	0.39
19721116	0.0	-1.06	0.37
19721117	0.0	-1.12	0.33
19721118	1.23	-0.8	0.37
19721119	14.16	2.93	1.92
19721120	0.05	2.67	1.33
19721121	0.2	2.74	0.74
19721122	0.02	2.71	0.58
19721123	0.01	1.51	0.48
19721124	0.75	0.16	0.42
19721125	1.72	3.52	0.51
19721126	0.31	4.37	0.46
19721127	7.77	5.02	0.69
19721128	5.4	5.28	1.35
19721129	11.79	6.19	4.59
19721130	11.78	5.46	3.94
19721201	1.59	4.56	3.99
19721202	0.04	1.1	1.92
19721203	4.2	3.51	1.51
19721204	8.78	4.36	3.13
19721205	3.62	4.11	3.84
19721206	10.07	1.55	2.66
19721207	2.5	0.64	3.57
19721208	0.07	0.63	2.56
19721209	7.96	2.67	2.63
19721210	6.64	1.86	5.34
19721211	18.87	4.29	10.93
19721212	5.35	6.9	4.03
19721213	5.15	7.84	2.92
19721214	0.93	8.58	3.23
19721215	0.01	4.13	2.29
19721216	1.3	4.46	1.87
19721217	0.02	4.65	1.67
19721218	0.01	3.83	1.4
19721219	0.03	4.43	1.26
19721220	0.16	5.46	1.14
19721221	0.2	5.83	1.07
19721222	0.06	4.49	0.97
19721223	1.19	1.3	0.92
19721224	0.06	-0.48	0.77
19721225	0.13	2.05	0.74
19721226	1.74	4.78	0.75
19721227	0.47	6.39	0.73
19721228	6.58	5.92	1.43
19721229	0.24	6.33	1.33
19721230	6.04	7.71	1.35
19721231	2.85	8.95	1.62
19730101	4.1	8.97	1.64
19730102	4.82	4.11	2.8
19730103	0.08	1.91	1.93
19730104	0.0	4.05	1.5
19730105	0.0	4.54	1.28
19730106	0.02	3.87	1.12
19730107	0.01	2.6	1.08
19730108	0.0	4.13	0.91
19730109	0.0	4.16	0.79
19730110	0.14	4.07	0.75
19730111	0.0	1.79	0.7
19730112	0.0	0.58	0.66
19730113	1.38	0.53	0.64
19730114	5.99	2.59	1.66
19730115	10.84	3.51	3.1
19730116	0.17	0.27	3.03
19730117	0.0	-2.57	1.66
19730118	0.02	-2.04	1.29
19730119	0.9	0.98	1.18
19730120	14.87	0.59	1.22
19730121	4.94	1.82	1.75
19730122	1.64	2.98	2.93
19730123	3.09	5.74	6.42
19730124	0.2	8.28	2.96
19730125	9.66	5.66	2.76
19730126	3.22	5.3	5.45
19730127	0.26	4.63	2.58
19730128	0.61	7.76	2.1
19730129	3.54	6.43	1.87
19730130	5.18	3.94	2.42
19730131	1.97	3.1	2.82
19730201	0.08	5.19	2.09
19730202	0.03	8.33	1.72
19730203	0.07	7.53	1.52
19730204	1.13	5.41	1.42
19730205	4.01	6.25	1.49
19730206	4.8	6.41	2.21
19730207	10.8	3.96	5.52
19730208	4.8	2.62	4.35
19730209	0.69	2.45	2.98
19730210	0.15	3.23	2.03
19730211	13.2	4.01	2.9
19730212	8.9	-0.15	5.44
19730213	4.09	-2.84	2.93
19730214	0.57	-5.88	2.22
19730215	0.01	-4.12	1.76
19730216	0.0	-2.04	1.51
19730217	0.02	0.42	1.38
19730218	1.73	5.17	4.44
19730219	0.04	8.22	3.17
19730220	0.47	7.73	2.18
19730221	2.89	4.6	1.85
19730222	7.02	1.42	1.82
19730223	0.58	-0.47	1.86
19730224	0.01	-0.51	1.7
19730225	0.01	-0.31	1.55
19730226	0.0	-1.31	1.41
19730227	2.55	1.37	1.97
19730228	2.96	5.18	2.09
19730301	4.42	4.33	3.22
19730302	1.89	5.83	2.26
19730303	2.57	5.76	1.92
19730304	3.53	4.2	2.38
19730305	2.05	3.31	1.95
19730306	0.05	3.64	1.65
19730307	1.24	5.68	1.47
19730308	0.0	3.64	1.34
19730309	0.0	4.02	1.22
19730310	0.0	3.29	1.15
19730311	0.0	5.79	1.01
19730312	0.0	4.41	0.94
19730313	0.0	4.03	0.87
19730314	0.0	1.72	0.8
19730315	0.0	3.02	0.75
19730316	0.0	6.0	0.72
19730317	0.0	8.12	0.69
19730318	0.05	7.99	0.66
19730319	0.0	6.48	0.65
19730320	0.0	4.7	0.61
19730321	0.0	8.27	0.6
19730322	2.76	7.71	0.62
19730323	0.07	9.47	0.67
19730324	0.57	8.04	0.59
19730325	0.18	6.05	0.55
19730326	0.01	4.03	0.53
19730327	2.17	6.18	0.55
19730328	0.02	6.75	0.52
19730329	10.02	6.78	0.67
19730330	2.34	4.45	0.9
19730331	16.88	3.71	3.36
19730401	3.58	3.27	2.85
19730402	0.05	2.11	2.17
19730403	9.17	5.17	1.94
19730404	7.56	6.08	2.98
19730405	6.86	3.48	4.49
19730406	1.73	3.99	2.91
19730407	0.08	3.52	1.82
19730408	0.59	0.88	1.47
19730409	0.01	2.9	1.28
19730410	0.01	5.88	1.1
19730411	0.0	4.67	0.93
19730412	0.0	5.34	0.8
19730413	0.0	8.15	0.74
19730414	0.0	9.18	0.67
19730415	0.0	10.61	0.63
19730416	0.0	8.74	0.6
19730417	0.0	9.72	0.58
19730418	0.05	8.33	0.56
19730419	0.14	8.15	0.54
19730420	1.48	6.23	0.56
19730421	0.91	5.13	0.52
19730422	0.05	7.62	0.49
19730423	0.08	7.6	0.46
19730424	0.02	7.2	0.47
19730425	0.0	8.38	0.46
19730426	0.01	7.07	0.48
19730427	0.6	6.27	0.51
19730428	0.22	1.75	0.48
19730429	7.16	3.88	0.47
19730430	11.8	3.48	1.79
19730501	0.01	4.74	0.98
19730502	0.05	8.73	0.65
19730503	4.31	8.09	0.66
19730504	16.94	6.87	2.68
19730505	2.27	7.66	2.02
19730506	2.79	7.62	1.75
19730507	5.4	7.61	2.7
19730508	0.3	9.28	1.66
19730509	6.99	6.04	1.68
19730510	2.55	5.06	2.23
19730511	1.18	7.97	1.65
19730512	9.63	7.56	2.35
19730513	0.08	5.54	2.19
19730514	0.16	5.92	1.39
19730515	0.0	8.48	1.11
19730516	0.0	9.94	0.94
19730517	0.0	9.22	0.8
19730518	0.0	10.58	0.74
19730519	0.0	9.78	0.63
19730520	4.55	7.73	0.7
19730521	11.6	8.12	0.77
19730522	3.57	9.56	2.04
19730523	0.7	10.89	1.21
19730524	0.04	12.35	0.8
19730525	2.14	14.86	0.7
19730526	1.24	14.97	0.67
19730527	2.5	14.97	0.63
19730528	0.96	11.66	0.61
19730529	8.48	13.66	1.3
19730530	0.5	11.84	1.65
19730531	1.65	7.73	0.97
19730601	1.25	9.99	0.73
19730602	1.89	9.76	0.7
19730603	0.99	9.33	0.58
19730604	0.05	9.11	0.53
19730605	0.0	13.33	0.49
19730606	0.0	15.84	0.48
19730607	0.01	17.84	0.48
19730608	2.08	15.18	0.47
19730609	0.4	12.33	0.48
19730610	0.05	11.73	0.45
19730611	0.97	12.1	0.46
19730612	6.23	10.22	0.56
19730613	1.28	6.9	0.46
19730614	2.16	12.45	0.46
19730615	0.01	15.24	0.44
19730616	2.89	15.84	0.46
19730617	0.01	12.75	0.45
19730618	30.91	15.31	1.23
19730619	2.17	13.25	4.33
19730620	0.01	12.59	1.16
19730621	0.0	14.58	0.76
19730622	0.0	16.9	0.63
19730623	0.0	14.0	0.58
19730624	0.09	11.67	0.54
19730625	0.01	14.35	0.51
19730626	0.18	14.21	0.47
19730627	0.0	12.33	0.45
19730628	1.26	16.22	0.45
19730629	0.32	15.85	0.45
19730630	0.91	16.23	0.42
19730701	3.29	13.56	0.46
19730702	0.26	13.67	0.43
19730703	13.54	14.8	0.88
19730704	0.13	14.16	0.61
19730705	0.42	18.04	0.43
19730706	4.81	12.72	0.52
19730707	0.02	10.56	0.42
19730708	0.01	12.92	0.4
19730709	0.26	16.25	0.39
19730710	2.89	14.37	0.43
19730711	2.42	16.28	0.47
19730712	3.96	15.6	0.5
19730713	7.9	14.54	0.64
19730714	6.86	14.3	0.72
19730715	0.05	15.89	0.49
19730716	0.02	14.33	0.41
19730717	2.12	14.82	0.87
19730718	4.7	12.87	0.69
19730719	2.48	14.05	0.5
19730720	9.46	13.11	1.56
19730721	5.18	12.45	0.84
19730722	0.11	10.55	0.62
19730723	0.0	10.57	0.43
19730724	0.0	13.38	0.4
19730725	0.0	14.72	0.38
19730726	0.0	13.39	0.34
19730727	0.0	15.17	0.38
19730728	1.58	18.29	0.38
19730729	0.0	17.02	0.35
19730730	0.03	15.98	0.43
19730731	0.21	16.77	0.33
19730801	1.37	18.05	0.31
19730802	8.24	14.31	0.6
19730803	6.96	11.0	0.73
19730804	5.87	11.98	0.52
19730805	4.68	12.42	0.44
19730806	13.68	9.88	2.04
19730807	2.29	11.24	1.45
19730808	6.02	12.56	0.81
19730809	3.62	14.62	2.47
19730810	0.06	10.71	0.94
19730811	0.0	12.8	0.59
19730812	0.0	16.28	0.48
19730813	0.0	18.34	0.48
19730814	0.0	18.49	0.44
19730815	0.01	18.29	0.45
19730816	0.01	16.27	0.44
19730817	0.02	13.28	0.43
19730818	0.82	11.96	0.41
19730819	3.39	10.74	0.41
19730820	0.0	9.37	0.36
19730821	0.04	12.72	0.33
19730822	0.09	12.18	0.33
19730823	0.07	16.0	0.34
19730824	0.01	16.1	0.33
19730825	0.0	14.46	0.32
19730826	2.91	15.43	0.33
19730827	2.35	13.51	0.4
19730828	0.62	14.3	0.32
19730829	2.76	12.67	0.39
19730830	2.29	12.96	0.32
19730831	15.18	13.11	1.0
19730901	1.2	12.59	0.51
19730902	3.79	11.4	0.53
19730903	11.31	14.71	1.03
19730904	3.63	15.47	1.52
19730905	0.3	14.31	0.81
19730906	1.86	17.07	0.57
19730907	0.05	15.73	0.5
19730908	0.01	15.82	0.44
19730909	0.68	11.2	0.41
19730910	0.0	8.63	0.36
19730911	0.0	11.48	0.35
19730912	0.02	12.24	0.35
19730913	0.01	11.69	0.34
19730914	0.02	10.57	0.34
19730915	1.74	14.95	0.37
19730916	0.98	15.52	0.35
19730917	0.76	12.83	0.34
19730918	0.06	12.03	0.34
19730919	0.0	10.62	0.33
19730920	0.0	8.71	0.33
19730921	0.31	8.89	0.32
19730922	0.17	9.67	0.32
19730923	0.06	8.09	0.3
19730924	5.84	9.71	0.4
19730925	1.04	10.64	0.35
19730926	0.3	9.62	0.33
19730927	13.34	8.31	0.69
19730928	8.93	8.22	1.66
19730929	0.15	8.18	1.01
19730930	0.48	7.06	0.54
19731001	0.03	11.65	0.46
19731002	0.02	14.03	0.44
19731003	0.03	14.35	0.43
19731004	0.47	11.45	0.41
19731005	0.03	11.8	0.41
19731006	0.14	11.61	0.38
19731007	1.37	9.66	0.38
19731008	9.05	9.15	0.63
19731009	9.51	7.77	1.19
19731010	0.11	3.29	2.3
19731011	0.03	3.4	0.96
19731012	0.02	4.22	0.68
19731013	0.25	5.32	0.59
19731014	0.72	5.67	0.55
19731015	0.02	3.68	0.5
19731016	0.0	2.66	0.47
19731017	0.02	1.5	0.46
19731018	10.85	3.58	0.7
19731019	3.07	3.87	1.66
19731020	20.52	5.31	9.6
19731021	3.62	6.34	2.56
19731022	0.44	7.78	1.93
19731023	0.65	8.56	1.48
19731024	0.1	10.96	1.28
19731025	2.58	10.71	1.19
19731026	0.05	7.44	1.12
19731027	0.15	7.67	0.94
19731028	0.05	5.91	0.73
19731029	0.01	8.46	0.66
19731030	0.0	6.61	0.63
19731031	0.19	7.59	0.6
19731101	0.04	6.15	0.57
19731102	0.24	8.55	0.55
19731103	0.36	10.57	0.55
19731104	11.58	6.33	1.82
19731105	0.05	2.51	1.17
19731106	0.2	4.13	0.77
19731107	4.61	9.55	0.8
19731108	14.92	10.36	4.56
19731109	0.29	4.25	3.13
19731110	2.64	3.81	1.93
19731111	14.15	6.5	2.86
19731112	9.08	6.78	5.48
19731113	1.56	3.54	3.72
19731114	2.21	3.74	2.23
19731115	0.65	2.54	1.72
19731116	0.03	0.71	1.44
19731117	5.99	4.01	1.46
19731118	6.04	6.17	2.32
19731119	0.01	2.27	1.63
19731120	0.03	2.94	1.35
19731121	3.32	7.34	1.54
19731122	0.21	5.66	1.5
19731123	10.77	6.51	3.44
19731124	0.15	2.8	3.37
19731125	0.09	-1.09	1.71
19731126	0.0	-2.21	1.35
19731127	0.02	-2.16	1.12
19731128	4.67	-3.57	1.0
19731129	0.01	-4.92	0.81
19731130	0.0	-5.53	0.71
19731201	0.0	-3.95	0.67
19731202	1.24	2.57	1.25
19731203	1.05	8.55	2.33
19731204	1.02	8.14	1.74
19731205	3.19	5.88	1.84
19731206	0.01	0.62	1.54
19731207	9.52	-0.41	1.33
19731208	0.07	-1.17	1.14
19731209	0.69	4.95	3.36
19731210	7.45	5.11	4.46
19731211	4.92	3.07	2.75
19731212	15.92	5.49	10.6
19731213	0.35	3.3	3.28
19731214	0.37	-0.92	2.07
19731215	15.9	3.53	7.12
19731216	1.5	1.34	3.72
19731217	0.07	-0.83	2.21
19731218	1.97	0.55	1.89
19731219	26.86	1.45	11.04
19731220	6.14	2.4	11.39
19731221	2.35	4.22	4.97
19731222	14.02	2.72	8.52
19731223	0.15	2.49	4.65
19731224	0.27	3.22	2.88
19731225	3.39	6.23	2.63
19731226	0.63	8.84	2.45
19731227	1.16	5.96	2.12
19731228	1.42	6.59	1.92
19731229	7.34	5.92	2.78
19731230	0.23	1.99	2.54
19731231	0.21	2.19	1.9
19740101	2.84	3.7	2.28
19740102	0.02	0.55	1.91
19740103	0.39	2.78	1.63
19740104	3.8	7.74	1.7
19740105	9.17	7.04	2.34
19740106	3.06	5.03	3.92
19740107	2.13	3.58	2.82
19740108	9.19	2.64	4.31
19740109	3.98	1.79	3.98
19740110	3.88	5.02	2.93
19740111	5.43	6.41	2.41
19740112	2.05	4.44	2.1
19740113	3.23	4.17	1.97
19740114	5.11	5.84	2.43
19740115	3.07	2.92	2.45
19740116	7.41	1.93	3.24
19740117	38.94	6.08	34.08
19740118	7.55	9.08	18.31
19740119	0.13	6.17	4.51
19740120	0.07	5.71	2.89
19740121	0.05	5.13	2.35
19740122	3.37	5.98	2.18
19740123	10.16	5.0	4.83
19740124	1.23	5.4	5.25
19740125	3.83	6.84	3.04
19740126	5.94	4.64	3.3
19740127	1.83	4.42	2.9
19740128	2.71	2.96	2.4
19740129	26.58	4.1	7.76
19740130	4.84	5.01	8.08
19740131	0.12	3.92	3.53
19740201	4.19	5.44	2.73
19740202	4.11	4.81	3.18
19740203	0.69	3.47	2.82
19740204	2.37	1.57	2.51
19740205	0.58	2.25	2.22
19740206	0.02	1.74	1.95
19740207	2.19	1.44	1.67
19740208	12.55	3.78	6.29
19740209	5.65	5.65	3.56
19740210	2.06	5.81	3.6
19740211	5.03	3.47	2.87
19740212	3.46	1.47	2.58
19740213	2.53	-0.02	2.53
19740214	3.33	2.46	2.65
19740215	6.83	5.96	3.25
19740216	1.02	5.3	3.39
19740217	0.06	5.66	2.25
19740218	0.01	4.63	1.92
19740219	0.13	3.36	1.7
19740220	0.87	6.32	1.62
19740221	0.79	5.66	1.56
19740222	1.4	3.41	1.6
19740223	0.5	6.29	1.46
19740224	0.73	6.43	1.38
19740225	0.64	7.5	1.35
19740226	0.1	6.91	1.51
19740227	0.87	3.26	1.34
19740228	4.36	0.9	1.38
19740301	2.04	-0.08	2.11
19740302	0.04	0.67	1.52
19740303	0.43	3.11	1.36
19740304	2.86	2.95	1.43
19740305	0.17	1.05	1.43
19740306	9.14	4.6	2.9
19740307	0.08	6.14	2.54
19740308	0.03	4.08	1.77
19740309	0.83	2.22	1.52
19740310	0.24	2.82	1.42
19740311	0.76	2.93	1.25
19740312	2.26	3.17	1.26
19740313	2.4	2.84	1.59
19740314	4.03	3.57	1.65
19740315	6.13	5.58	2.9
19740316	4.89	6.15	2.86
19740317	5.72	3.49	3.17
19740318	1.82	3.48	2.22
19740319	2.92	2.89	2.24
19740320	0.02	2.38	1.81
19740321	10.66	4.51	3.27
19740322	0.02	7.85	3.88
19740323	0.01	5.2	1.99
19740324	0.44	4.91	1.61
19740325	3.63	4.69	1.84
19740326	0.03	4.86	1.65
19740327	0.02	5.27	1.46
19740328	0.0	4.05	1.31
19740329	0.0	4.92	1.17
19740330	0.0	8.21	1.08
19740331	0.0	6.26	1.01
19740401	0.0	7.19	0.91
19740402	0.0	6.58	0.8
19740403	0.0	8.65	0.76
19740404	0.0	6.65	0.72
19740405	0.0	6.11	0.69
19740406	0.0	5.68	0.67
19740407	0.0	7.16	0.66
19740408	0.0	8.94	0.66
19740409	0.0	8.87	0.76
19740410	0.03	10.49	0.78
19740411	2.66	4.03	0.79
19740412	0.03	3.51	0.77
19740413	0.0	3.52	0.71
19740414	0.0	7.65	0.74
19740415	0.0	10.68	0.72
19740416	0.02	8.8	0.72
19740417	0.0	6.01	0.71
19740418	0.0	6.13	0.7
19740419	0.0	7.36	0.68
19740420	0.0	6.03	0.67
19740421	0.0	7.73	0.65
19740422	0.0	8.66	0.64
19740423	0.0	9.1	0.62
19740424	0.0	7.88	0.61
19740425	0.0	6.7	0.64
19740426	0.0	7.07	0.63
19740427	1.42	6.21	0.63
19740428	8.34	6.23	0.89
19740429	0.17	5.87	0.85
19740430	0.03	6.05	0.7
19740501	4.95	9.02	0.79
19740502	3.84	7.85	0.93
19740503	0.06	6.78	0.72
19740504	0.03	5.09	0.66
19740505	0.83	6.76	0.63
19740506	0.01	7.47	0.63
19740507	0.0	8.74	0.61
19740508	1.98	9.9	0.63
19740509	2.27	9.21	0.68
19740510	3.77	10.21	0.68
19740511	3.47	9.23	0.86
19740512	4.0	11.64	0.68
19740513	0.21	10.68	0.64
19740514	0.04	10.67	0.58
19740515	0.0	13.22	0.57
19740516	0.01	13.41	0.57
19740517	4.79	11.2	0.73
19740518	4.31	9.99	0.86
19740519	0.94	12.24	0.47
19740520	0.18	10.81	0.4
19740521	3.64	10.68	0.5
19740522	3.63	9.96	0.48
19740523	2.53	9.12	0.46
19740524	0.04	8.93	0.4
19740525	0.01	12.96	0.38
19740526	0.01	13.96	0.36
19740527	4.37	10.97	0.46
19740528	0.16	7.56	0.45
19740529	0.01	7.49	0.37
19740530	0.09	9.89	0.35
19740531	1.82	11.7	0.36
19740601	4.07	12.35	0.46
19740602	1.32	10.57	0.38
19740603	0.82	9.68	0.35
19740604	3.42	10.78	0.39
19740605	9.28	8.77	0.67
19740606	7.02	9.29	0.78
19740607	2.43	9.82	0.63
19740608	0.49	10.42	0.48
19740609	4.57	7.77	0.56
19740610	5.12	9.26	0.72
19740611	0.02	13.07	0.5
19740612	0.0	14.55	0.4
19740613	0.0	13.23	0.37
19740614	0.0	15.13	0.36
19740615	0.03	13.24	0.35
19740616	2.09	14.17	0.36
19740617	4.57	12.37	0.61
19740618	0.25	12.28	0.38
19740619	0.22	14.43	0.37
19740620	0.02	14.13	0.36
19740621	0.01	15.69	0.33
19740622	0.0	13.52	0.32
19740623	0.0	13.0	0.32
19740624	0.0	13.24	0.32
19740625	0.0	14.02	0.32
19740626	0.0	8.8	0.32
19740627	0.0	10.16	0.32
19740628	0.0	10.34	0.31
19740629	1.41	14.04	0.31
19740630	15.88	14.49	0.79
19740701	0.08	11.7	0.63
19740702	3.27	11.4	0.39
19740703	0.41	11.55	0.33
19740704	5.64	13.64	0.35
19740705	5.43	12.02	0.51
19740706	0.72	13.28	0.34
19740707	0.84	15.28	0.29
19740708	3.03	14.19	0.33
19740709	0.99	13.49	0.31
19740710	7.58	12.72	0.51
19740711	1.03	12.38	0.39
19740712	1.7	12.91	0.31
19740713	10.04	13.43	0.65
19740714	4.24	12.99	0.61
19740715	14.08	12.68	2.15
19740716	0.75	10.79	1.24
19740717	0.13	13.22	0.55
19740718	1.07	14.47	0.44
19740719	0.4	14.87	0.39
19740720	0.09	13.84	0.36
19740721	6.26	15.21	0.71
19740722	10.71	11.34	1.8
19740723	0.39	9.94	0.67
19740724	0.15	10.77	0.46
19740725	1.82	12.79	0.44
19740726	2.18	13.54	0.4
19740727	1.42	13.2	0.39
19740728	1.07	12.52	0.36
19740729	0.06	11.05	0.35
19740730	0.0	11.51	0.34
19740731	0.0	11.99	0.34
19740801	1.21	11.75	0.33
19740802	0.13	11.8	0.32
19740803	0.01	12.39	0.31
19740804	0.03	12.47	0.3
19740805	1.91	15.84	0.31
19740806	0.18	13.43	0.36
19740807	2.78	15.35	0.36
19740808	4.31	12.86	0.74
19740809	7.13	14.32	0.44
19740810	6.67	11.57	0.83
19740811	18.5	11.95	0.84
19740812	3.68	11.28	3.1
19740813	0.01	13.06	1.1
19740814	11.21	14.31	1.68
19740815	1.36	15.38	1.19
19740816	0.59	12.05	0.7
19740817	0.72	11.06	0.54
19740818	0.34	10.66	0.47
19740819	0.02	14.2	0.43
19740820	0.36	14.56	0.42
19740821	0.97	12.22	0.42
19740822	4.37	14.43	0.42
19740823	6.02	14.85	0.51
19740824	4.94	14.41	0.43
19740825	1.33	12.33	0.55
19740826	0.02	11.08	0.38
19740827	0.12	12.57	0.35
19740828	0.07	12.86	0.34
19740829	0.02	14.82	0.32
19740830	0.36	14.09	0.32
19740831	1.48	12.53	0.34
19740901	6.23	11.76	0.45
19740902	7.85	12.7	0.71
19740903	2.77	11.83	0.84
19740904	9.74	9.08	1.97
19740905	8.63	11.11	2.01
19740906	8.42	10.55	2.16
19740907	4.87	11.35	2.88
19740908	4.08	10.95	2.3
19740909	2.34	9.78	1.57
19740910	0.02	12.25	1.06
19740911	1.4	12.89	0.78
19740912	17.87	13.45	1.86
19740913	1.58	11.64	5.65
19740914	14.54	12.02	3.37
19740915	0.55	12.55	4.27
19740916	14.76	10.56	5.49
19740917	0.16	9.21	3.69
19740918	0.26	10.84	1.87
19740919	2.03	9.3	1.57
19740920	5.28	8.83	1.53
19740921	9.2	9.3	2.57
19740922	5.07	8.67	2.75
19740923	2.97	5.92	3.07
19740924	5.76	7.86	2.5
19740925	2.55	4.94	3.28
19740926	0.43	5.87	2.03
19740927	0.03	4.64	1.53
19740928	0.0	5.23	1.23
19740929	0.34	5.91	1.23
19740930	0.01	6.24	1.1
19741001	0.84	6.37	1.01
19741002	2.51	6.37	1.01
19741003	0.03	7.25	0.94
19741004	0.0	7.45	0.8
19741005	0.6	8.18	0.72
19741006	6.63	7.01	1.1
19741007	0.26	8.46	1.08
19741008	0.12	8.2	0.8
19741009	0.11	6.34	0.74
19741010	0.01	5.64	0.68
19741011	0.0	4.73	0.65
19741012	0.02	5.63	0.62
19741013	3.52	7.14	0.71
19741014	0.05	9.47	0.67
19741015	0.01	8.92	0.65
19741016	0.5	6.74	0.65
19741017	6.34	7.99	0.65
19741018	4.16	5.64	1.69
19741019	1.96	4.91	1.55
19741020	0.01	5.17	1.24
19741021	0.01	5.17	0.94
19741022	0.0	5.64	0.73
19741023	0.0	5.17	0.62
19741024	0.01	7.9	0.57
19741025	0.01	8.62	0.54
19741026	2.19	7.86	0.53
19741027	0.34	4.68	0.56
19741028	0.0	4.12	0.49
19741029	0.83	3.59	0.46
19741030	7.07	3.77	0.91
19741031	1.46	4.59	1.12
19741101	0.22	6.03	0.95
19741102	4.58	4.33	1.48
19741103	8.6	3.63	3.76
19741104	0.11	5.57	1.85
19741105	1.85	4.81	1.43
19741106	3.94	3.44	1.25
19741107	10.52	5.52	2.26
19741108	8.94	8.74	4.62
19741109	8.91	7.44	8.11
19741110	12.72	5.92	6.16
19741111	4.16	4.41	4.06
19741112	5.25	3.85	2.72
19741113	11.29	4.92	6.72
19741114	5.26	6.81	4.34
19741115	2.64	4.48	2.7
19741116	3.19	4.68	2.22
19741117	0.6	2.47	2.41
19741118	0.42	0.72	1.86
19741119	0.02	-1.5	1.64
19741120	2.37	-0.33	1.45
19741121	4.95	4.29	1.91
19741122	4.42	6.04	2.4
19741123	7.07	4.86	3.36
19741124	4.89	4.35	4.96
19741125	3.56	3.53	2.47
19741126	6.86	3.63	2.39
19741127	2.25	3.66	5.33
19741128	0.83	3.83	2.46
19741129	2.71	3.97	2.03
19741130	2.47	7.11	2.16
19741201	2.13	9.82	1.96
19741202	0.95	6.44	1.76
19741203	4.34	6.76	1.72
19741204	6.33	3.47	3.47
19741205	2.51	6.49	2.43
19741206	3.13	8.84	2.24
19741207	10.72	9.75	5.1
19741208	7.8	5.96	5.66
19741209	14.5	1.73	6.51
19741210	5.27	0.25	6.1
19741211	3.9	-0.1	2.88
19741212	0.25	1.25	3.79
19741213	6.11	4.28	4.64
19741214	2.68	3.38	3.61
19741215	9.65	4.35	3.67
19741216	20.77	2.3	11.53
19741217	4.08	3.28	10.87
19741218	1.07	3.91	4.0
19741219	9.07	7.96	5.54
19741220	3.17	8.97	5.53
19741221	7.02	8.72	4.46
19741222	3.81	9.03	3.86
19741223	3.38	7.48	3.32
19741224	1.29	3.65	2.9
19741225	22.85	6.81	13.12
19741226	10.34	5.7	8.7
19741227	1.51	7.63	5.86
19741228	11.11	6.26	4.76
19741229	0.39	3.13	5.01
19741230	2.7	7.1	3.27
19741231	2.05	7.71	2.93
19750101	0.13	7.52	2.49
19750102	1.52	6.16	2.17
19750103	0.99	5.5	1.93
19750104	14.37	7.75	5.81
19750105	7.28	7.6	4.08
19750106	0.7	3.35	3.78
19750107	0.25	1.29	2.49
19750108	1.6	4.19	2.25
19750109	8.4	5.29	3.34
19750110	9.63	5.98	5.16
19750111	3.21	8.69	3.72
19750112	5.58	5.26	3.24
19750113	19.09	7.72	6.09
19750114	8.79	4.73	11.04
19750115	6.19	4.6	6.31
19750116	6.39	2.73	3.93
19750117	0.37	0.33	4.54
19750118	0.01	-0.68	2.61
19750119	13.88	2.74	5.85
19750120	0.41	3.4	3.21
19750121	15.89	5.52	4.81
19750122	12.1	4.02	8.08
19750123	4.85	2.2	10.02
19750124	7.09	4.13	3.68
19750125	6.39	2.15	6.88
19750126	8.23	3.61	6.84
19750127	3.24	1.08	4.88
19750128	3.39	1.32	5.23
19750129	15.51	4.11	8.49
19750130	9.43	6.31	7.88
19750131	6.88	6.37	7.32
19750201	0.19	6.98	4.77
19750202	0.01	4.94	2.98
19750203	0.01	3.04	2.38
19750204	0.0	1.2	2.07
19750205	0.0	0.36	1.86
19750206	0.0	2.06	1.75
19750207	0.0	2.16	1.59
19750208	0.0	1.98	1.51
19750209	0.0	0.22	1.44
19750210	2.04	0.79	1.43
19750211	0.28	2.2	1.45
19750212	3.31	3.13	1.48
19750213	13.61	3.15	4.0
19750214	0.42	2.55	3.56
19750215	1.01	3.29	2.06
19750216	7.58	5.53	2.57
19750217	2.71	5.13	2.82
19750218	0.37	2.77	2.15
19750219	5.86	2.74	1.88
19750220	4.88	2.96	5.47
19750221	0.22	3.18	2.76
19750222	1.27	4.87	2.04
19750223	1.54	7.33	1.85
19750224	2.04	6.46	1.77
19750225	0.01	4.67	1.76
19750226	0.0	2.81	1.54
19750227	0.0	3.17	1.42
19750228	0.01	2.56	1.36
19750301	0.6	4.36	1.33
19750302	0.11	5.74	1.28
19750303	1.54	5.18	1.28
19750304	0.79	4.17	1.25
19750305	6.01	4.22	1.22
19750306	6.74	5.92	3.31
19750307	0.61	4.85	2.22
19750308	0.06	3.52	1.64
19750309	0.07	2.93	1.4
19750310	0.04	4.8	1.25
19750311	0.02	4.63	1.14
19750312	0.0	3.19	1.07
19750313	0.0	1.2	1.0
19750314	0.03	2.65	0.91
19750315	0.01	3.11	0.84
19750316	0.01	2.24	0.78
19750317	0.02	3.15	0.74
19750318	0.01	1.17	0.71
19750319	0.1	3.14	0.7
19750320	0.0	3.46	0.78
19750321	7.57	3.89	1.01
19750322	0.57	4.99	0.91
19750323	0.86	5.8	0.85
19750324	0.72	3.28	0.73
19750325	1.09	2.37	0.84
19750326	0.18	2.03	0.74
19750327	0.04	0.54	0.72
19750328	0.02	3.22	0.68
19750329	0.26	1.97	0.62
19750330	0.53	4.44	0.6
19750331	0.01	3.86	0.57
19750401	0.69	4.87	0.57
19750402	0.08	4.23	0.57
19750403	0.59	4.11	0.56
19750404	0.44	3.0	0.56
19750405	0.05	2.89	0.54
19750406	2.81	5.35	0.55
19750407	0.01	3.49	0.55
19750408	0.0	0.23	0.49
19750409	0.4	2.41	0.47
19750410	3.15	3.49	0.64
19750411	1.73	6.61	0.55
19750412	1.63	7.31	0.53
19750413	3.73	8.04	0.65
19750414	4.64	7.73	1.18
19750415	0.89	8.4	0.97
19750416	10.55	9.34	1.38
19750417	0.23	9.71	2.44
19750418	0.19	9.18	1.2
19750419	4.03	6.33	1.36
19750420	8.44	7.89	1.92
19750421	4.53	9.66	2.72
19750422	0.08	9.12	1.74
19750423	0.1	13.92	1.29
19750424	0.01	15.09	1.05
19750425	0.01	14.27	0.87
19750426	0.21	9.6	0.76
19750427	0.35	7.02	0.68
19750428	5.99	7.0	0.94
19750429	1.52	4.69	0.77
19750430	10.04	6.67	1.23
19750501	1.74	6.52	1.36
19750502	0.03	6.11	0.84
19750503	0.0	7.64	0.69
19750504	0.0	9.81	0.66
19750505	0.0	9.3	0.6
19750506	0.0	9.07	0.58
19750507	0.01	8.31	0.57
19750508	7.93	9.17	0.94
19750509	5.1	9.86	1.14
19750510	5.29	5.62	1.68
19750511	1.07	7.72	1.09
19750512	9.27	7.12	2.59
19750513	0.33	9.39	1.4
19750514	0.0	3.4	1.17
19750515	0.01	7.42	0.93
19750516	0.0	8.28	0.77
19750517	0.0	9.43	0.71
19750518	0.0	11.1	0.66
19750519	0.0	12.83	0.61
19750520	0.0	10.17	0.56
19750521	0.0	8.56	0.55
19750522	0.0	7.1	0.52
19750523	0.0	9.9	0.58
19750524	0.0	7.84	0.55
19750525	0.0	9.32	0.5
19750526	0.0	9.83	0.48
19750527	0.0	10.52	0.44
19750528	0.0	10.01	0.43
19750529	0.0	7.79	0.44
19750530	0.0	6.05	0.43
19750531	0.0	6.55	0.41
19750601	7.72	6.66	0.59
19750602	5.41	5.31	0.75
19750603	3.7	7.64	0.51
19750604	16.55	10.21	1.2
19750605	4.88	14.11	1.93
19750606	0.01	18.63	0.92
19750607	0.01	16.4	0.56
19750608	0.0	16.97	0.49
19750609	0.0	14.42	0.45
19750610	0.0	16.31	0.42
19750611	0.0	18.75	0.4
19750612	0.0	12.78	0.39
19750613	0.03	12.12	0.39
19750614	0.77	10.32	0.4
19750615	2.74	10.08	0.45
19750616	5.97	9.28	0.44
19750617	1.75	10.22	0.45
19750618	2.31	13.18	0.42
19750619	1.69	15.04	0.45
19750620	0.01	12.15	0.37
19750621	0.0	14.12	0.35
19750622	0.0	16.25	0.35
19750623	0.01	15.34	0.34
19750624	0.0	14.07	0.33
19750625	0.0	15.8	0.34
19750626	0.0	13.72	0.33
19750627	0.0	10.17	0.32
19750628	0.0	13.4	0.32
19750629	0.0	14.11	0.31
19750630	0.0	16.02	0.3
19750701	0.0	13.71	0.31
19750702	0.15	17.26	0.31
19750703	1.2	15.53	0.38
19750704	0.1	11.59	0.33
19750705	0.0	15.97	0.31
19750706	0.0	18.35	0.28
19750707	0.0	16.53	0.33
19750708	0.46	13.78	0.35
19750709	3.22	13.7	0.37
19750710	5.14	15.49	0.47
19750711	11.08	15.23	0.92
19750712	0.17	15.42	0.38
19750713	5.58	17.07	0.54
19750714	3.53	16.6	0.49
19750715	10.92	14.08	0.96
19750716	0.16	13.72	0.45
19750717	0.0	14.87	0.36
19750718	0.03	15.72	0.33
19750719	3.19	16.27	0.37
19750720	0.32	13.6	0.39
19750721	9.64	14.5	0.57
19750722	11.22	12.36	1.01
19750723	4.96	10.78	1.01
19750724	0.95	10.89	0.54
19750725	0.84	13.93	0.41
19750726	0.86	14.61	0.34
19750727	0.03	16.38	0.37
19750728	0.85	18.27	0.35
19750729	4.21	16.06	0.43
19750730	0.01	12.43	0.36
19750731	0.01	15.72	0.31
19750801	0.0	15.68	0.3
19750802	0.0	16.48	0.3
19750803	0.0	19.54	0.53
19750804	1.42	22.45	0.45
19750805	4.96	18.78	0.51
19750806	0.29	19.52	0.35
19750807	0.42	18.95	0.32
19750808	3.83	21.19	1.07
19750809	2.19	20.12	0.4
19750810	0.02	19.49	0.31
19750811	0.0	20.27	0.31
19750812	0.73	19.73	0.39
19750813	0.02	18.33	0.39
19750814	1.01	15.34	0.41
19750815	0.96	15.24	0.43
19750816	0.05	14.36	0.4
19750817	0.55	13.29	0.4
19750818	0.02	14.25	0.34
19750819	5.71	15.02	0.42
19750820	2.16	14.27	0.31
19750821	0.58	13.66	0.3
19750822	0.01	11.13	0.26
19750823	0.43	12.31	0.28
19750824	0.65	12.75	0.27
19750825	0.54	15.95	0.27
19750826	2.02	18.47	0.28
19750827	0.05	18.92	0.27
19750828	0.15	17.06	0.27
19750829	11.52	11.41	0.41
19750830	0.37	11.53	0.4
19750831	0.0	14.71	0.26
19750901	0.02	14.67	0.25
19750902	0.88	13.47	0.27
19750903	0.04	12.01	0.25
19750904	1.52	11.81	0.26
19750905	3.51	12.76	0.28
19750906	4.41	12.38	0.33
19750907	1.37	11.79	0.33
19750908	6.76	13.01	0.45
19750909	6.27	11.98	0.44
19750910	1.75	9.21	0.4
19750911	3.93	10.23	0.39
19750912	0.73	8.57	0.35
19750913	0.02	7.5	0.28
19750914	0.01	7.87	0.26
19750915	0.01	9.69	0.25
19750916	13.7	12.19	0.84
19750917	30.47	11.89	2.54
19750918	0.83	8.72	2.61
19750919	5.5	11.74	1.01
19750920	9.29	10.39	1.3
19750921	1.28	11.6	1.29
19750922	6.31	12.34	0.91
19750923	2.83	10.09	0.84
19750924	12.35	11.21	1.57
19750925	6.65	9.17	1.93
19750926	0.17	5.42	1.75
19750927	6.12	3.38	1.7
19750928	6.99	9.49	2.32
19750929	0.53	10.48	1.63
19750930	7.23	9.27	1.72
19751001	5.38	9.65	2.04
19751002	15.57	9.59	5.53
19751003	9.62	9.76	3.35
19751004	11.99	11.93	5.98
19751005	0.61	11.87	2.82
19751006	0.0	7.47	1.62
19751007	0.01	8.24	1.29
19751008	2.05	9.47	1.15
19751009	15.51	8.5	4.29
19751010	0.02	7.62	3.11
19751011	0.01	7.17	1.71
19751012	0.0	5.39	1.37
19751013	0.01	6.22	1.19
19751014	0.24	6.6	1.12
19751015	1.07	6.86	1.04
19751016	0.08	5.99	0.79
19751017	0.02	4.1	0.69
19751018	0.02	4.0	0.66
19751019	0.0	7.66	0.62
19751020	0.0	8.67	0.66
19751021	0.0	7.59	0.67
19751022	6.16	8.64	0.88
19751023	13.52	10.1	3.78
19751024	0.26	12.67	1.93
19751025	0.01	11.81	1.32
19751026	0.01	11.23	1.09
19751027	0.0	9.14	0.9
19751028	0.0	11.22	0.76
19751029	2.33	9.23	0.74
19751030	0.66	11.86	1.13
19751031	0.53	9.88	0.72
19751101	0.22	5.94	0.86
19751102	11.13	7.02	1.06
19751103	0.94	8.26	1.6
19751104	0.67	7.82	1.19
19751105	0.66	6.94	1.06
19751106	0.02	4.95	0.87
19751107	0.05	4.97	0.79
19751108	0.01	3.48	0.75
19751109	1.05	3.84	0.71
19751110	1.86	3.72	0.77
19751111	0.08	3.44	0.76
19751112	0.02	3.8	0.69
19751113	0.01	1.63	0.66
19751114	3.63	5.74	0.66
19751115	14.01	4.96	3.93
19751116	0.02	2.61	2.16
19751117	0.0	1.6	1.29
19751118	3.6	5.64	1.12
19751119	0.65	6.87	1.47
19751120	0.02	1.08	1.18
19751121	0.0	1.56	0.98
19751122	2.63	6.34	0.94
19751123	4.48	7.25	1.24
19751124	1.87	7.14	1.19
19751125	1.96	3.8	1.21
19751126	12.92	3.3	1.52
19751127	4.5	4.24	4.98
19751128	4.16	1.63	3.17
19751129	8.23	1.39	4.99
19751130	8.82	1.78	4.58
19751201	8.54	2.25	8.59
19751202	0.02	2.65	4.46
19751203	0.02	4.27	2.86
19751204	0.03	8.26	2.15
19751205	0.02	7.32	1.74
19751206	0.17	6.97	1.46
19751207	0.03	4.1	1.32
19751208	0.01	2.78	1.17
19751209	0.16	5.89	1.09
19751210	1.32	4.58	1.01
19751211	2.01	2.56	1.07
19751212	0.01	-1.37	1.0
19751213	0.01	1.32	0.84
19751214	0.04	3.96	0.86
19751215	0.29	5.17	0.86
19751216	0.08	3.1	0.86
19751217	0.02	1.03	0.8
19751218	0.01	4.4	0.78
19751219	0.48	3.47	0.77
19751220	0.83	5.74	0.75
19751221	0.38	7.66	0.74
19751222	1.62	6.88	0.74
19751223	2.24	3.7	0.84
19751224	1.6	5.22	0.95
19751225	1.21	8.19	1.04
19751226	0.25	7.41	0.91
19751227	0.17	7.44	0.85
19751228	0.28	3.6	0.82
19751229	0.52	4.45	0.79
19751230	12.53	5.58	3.3
19751231	5.55	1.37	4.01
19760101	8.38	-0.08	3.28
19760102	16.02	4.34	9.53
19760103	2.71	0.89	4.46
19760104	3.09	4.24	3.73
19760105	6.6	4.26	4.75
19760106	7.57	8.33	5.44
19760107	1.58	7.57	4.0
19760108	0.01	4.35	3.09
19760109	5.22	2.79	2.24
19760110	5.65	8.52	5.39
19760111	0.38	8.95	3.05
19760112	2.16	8.31	2.36
19760113	5.7	6.75	2.21
19760114	0.92	5.96	2.85
19760115	0.26	7.39	2.17
19760116	0.43	7.55	1.83
19760117	1.01	6.43	1.6
19760118	13.27	3.92	3.02
19760119	25.37	6.06	12.07
19760120	14.08	2.8	9.83
19760121	8.87	5.13	11.48
19760122	4.46	3.85	7.22
19760123	0.07	-0.18	4.68
19760124	0.0	-0.24	3.21
19760125	0.01	-0.43	2.3
19760126	0.17	1.46	1.93
19760127	0.13	1.92	1.8
19760128	0.59	2.34	1.7
19760129	0.0	1.54	1.67
19760130	0.0	0.46	1.5
19760131	0.0	0.8	1.26
19760201	0.01	1.33	1.05
19760202	0.59	1.51	0.95
19760203	0.88	1.78	0.86
19760204	0.06	2.05	0.81
19760205	2.25	2.12	0.8
19760206	6.16	2.27	1.22
19760207	0.92	4.78	1.26
19760208	1.94	4.38	1.38
19760209	8.36	5.5	2.07
19760210	9.42	1.37	3.29
19760211	7.33	2.41	3.65
19760212	0.28	5.21	3.92
19760213	0.0	1.74	2.16
19760214	4.84	2.08	1.72
19760215	0.02	2.62	2.1
19760216	0.0	0.21	1.62
19760217	0.23	1.09	1.45
19760218	0.08	0.79	1.36
19760219	0.01	0.89	1.2
19760220	0.03	3.55	1.08
19760221	0.7	4.59	1.02
19760222	11.5	7.24	1.04
19760223	2.33	6.52	2.46
19760224	0.48	7.09	1.75
19760225	0.86	9.05	1.47
19760226	0.13	8.46	1.29
19760227	0.04	7.7	1.13
19760228	0.23	6.42	1.02
19760229	4.01	5.3	1.2
19760301	0.02	3.96	1.49
19760302	0.0	4.01	1.1
19760303	0.0	4.71	0.93
19760304	0.0	5.27	0.84
19760305	0.0	4.64	0.77
19760306	0.0	2.08	0.75
19760307	0.0	1.11	0.83
19760308	0.0	-0.21	0.75
19760309	5.21	2.43	0.87
19760310	5.06	5.1	1.52
19760311	5.76	3.04	2.9
19760312	2.12	2.94	2.05
19760313	0.86	1.94	1.98
19760314	0.3	2.56	1.58
19760315	1.45	3.17	1.44
19760316	7.18	2.22	1.47
19760317	0.08	1.09	2.26
19760318	0.0	2.79	1.59
19760319	0.01	2.18	1.3
19760320	16.24	4.55	2.43
19760321	10.5	2.54	12.44
19760322	0.59	0.86	4.37
19760323	0.15	1.68	2.65
19760324	10.19	5.01	4.25
19760325	3.82	4.75	3.68
19760326	10.01	4.97	3.93
19760327	1.26	8.21	3.45
19760328	16.74	6.3	5.55
19760329	4.09	4.39	7.05
19760330	12.13	6.12	6.14
19760331	6.32	4.37	7.11
19760401	18.86	3.23	4.98
19760402	3.31	1.34	8.19
19760403	8.24	5.25	8.12
19760404	3.94	6.68	4.67
19760405	0.39	7.86	3.35
19760406	1.02	5.18	2.51
19760407	0.01	4.69	2.12
19760408	0.02	7.25	1.89
19760409	0.01	9.2	1.77
19760410	11.02	8.81	1.97
19760411	2.01	4.5	2.77
19760412	1.24	6.14	1.86
19760413	14.91	6.02	7.69
19760414	0.02	6.35	3.64
19760415	0.0	9.11	2.52
19760416	0.06	10.07	2.0
19760417	0.05	10.15	1.85
19760418	0.01	10.68	1.67
19760419	0.0	9.64	1.48
19760420	0.0	9.97	1.26
19760421	0.0	7.21	1.17
19760422	0.0	3.82	1.03
19760423	0.01	8.94	0.9
19760424	0.0	6.51	0.84
19760425	0.0	8.45	0.77
19760426	0.0	7.59	0.75
19760427	0.0	3.52	0.82
19760428	0.0	6.85	0.71
19760429	0.08	7.98	0.7
19760430	0.9	8.51	0.73
19760501	3.85	7.48	0.87
19760502	2.39	7.41	0.74
19760503	0.89	6.96	0.76
19760504	0.05	8.29	0.66
19760505	0.04	7.42	0.64
19760506	8.08	11.37	0.76
19760507	0.27	11.1	0.86
19760508	0.0	12.22	0.66
19760509	0.16	9.2	0.67
19760510	2.05	8.73	0.66
19760511	4.83	8.06	0.79
19760512	2.87	6.98	0.78
19760513	0.49	9.58	0.61
19760514	0.44	11.03	0.81
19760515	4.45	7.86	1.51
19760516	19.91	10.25	2.94
19760517	0.77	9.92	3.44
19760518	1.38	9.45	1.71
19760519	6.62	8.77	1.55
19760520	3.23	8.1	1.78
19760521	19.42	11.63	7.15
19760522	3.51	12.56	6.97
19760523	0.01	14.89	2.57
19760524	13.37	13.66	2.39
19760525	0.41	10.2	4.08
19760526	0.46	9.87	2.04
19760527	0.74	12.41	1.58
19760528	11.1	10.26	2.44
19760529	10.38	9.34	5.53
19760530	4.64	10.65	4.62
19760531	3.36	12.04	2.75
19760601	11.99	11.25	5.43
19760602	1.89	11.41	3.83
19760603	0.05	11.34	2.4
19760604	2.1	14.38	1.98
19760605	0.37	14.06	1.8
19760606	0.04	13.83	1.51
19760607	0.04	16.22	1.28
19760608	0.04	19.27	1.08
19760609	0.23	15.2	0.89
19760610	2.07	11.98	0.79
19760611	5.35	12.63	1.08
19760612	0.52	11.77	0.79
19760613	0.29	13.49	0.74
19760614	0.17	11.81	0.71
19760615	0.78	13.13	0.73
19760616	16.32	10.67	1.78
19760617	3.31	11.71	1.98
19760618	2.13	10.12	1.8
19760619	2.97	10.92	1.51
19760620	0.07	10.86	0.89
19760621	1.94	15.08	0.82
19760622	0.66	16.15	0.75
19760623	0.25	17.56	0.72
19760624	0.68	16.65	0.66
19760625	0.04	16.5	0.65
19760626	0.0	14.44	0.6
19760627	0.0	17.4	0.57
19760628	0.0	18.24	0.54
19760629	2.43	19.27	0.6
19760630	0.02	17.24	0.57
19760701	0.03	21.37	0.51
19760702	0.02	20.5	0.47
19760703	0.06	20.9	0.44
19760704	1.08	18.23	0.45
19760705	0.0	19.13	0.43
19760706	0.0	18.66	0.57
19760707	0.0	18.23	0.44
19760708	0.01	20.17	0.44
19760709	9.86	15.44	0.67
19760710	0.03	15.49	0.49
19760711	0.01	18.6	0.44
19760712	6.38	18.15	0.79
19760713	6.88	15.97	0.57
19760714	1.74	15.02	0.49
19760715	12.65	13.22	1.26
19760716	0.07	14.95	0.52
19760717	0.02	13.48	0.54
19760718	10.65	16.08	1.0
19760719	0.07	13.66	0.6
19760720	0.25	12.89	0.47
19760721	0.0	12.83	0.44
19760722	0.02	13.58	0.43
19760723	0.3	13.82	0.41
19760724	0.02	15.3	0.4
19760725	0.0	16.67	0.4
19760726	0.0	16.36	0.39
19760727	0.0	13.45	0.39
19760728	0.0	15.08	0.38
19760729	0.01	12.86	0.39
19760730	5.8	10.02	0.83
19760731	0.29	12.09	0.4
19760801	0.54	13.14	0.4
19760802	1.67	12.85	0.41
19760803	0.32	12.8	0.4
19760804	0.01	13.79	0.39
19760805	0.12	14.6	0.39
19760806	0.01	13.28	0.39
19760807	0.0	14.76	0.36
19760808	0.06	15.53	0.36
19760809	0.0	16.25	0.35
19760810	0.0	15.81	0.35
19760811	0.57	16.42	0.38
19760812	4.89	11.54	0.55
19760813	0.16	13.9	0.36
19760814	0.15	13.72	0.36
19760815	0.01	15.23	0.36
19760816	0.0	17.27	0.46
19760817	0.0	14.82	0.41
19760818	0.0	14.79	0.37
19760819	0.0	16.28	0.36
19760820	0.0	16.74	0.35
19760821	0.0	17.33	0.34
19760822	0.0	15.34	0.35
19760823	0.0	16.24	0.34
19760824	0.0	15.84	0.33
19760825	0.0	18.55	0.32
19760826	0.0	16.6	0.32
19760827	0.0	15.34	0.32
19760828	2.13	15.02	0.32
19760829	0.75	13.54	0.35
19760830	0.0	14.17	0.38
19760831	0.01	15.27	0.33
19760901	0.04	11.07	0.32
19760902	0.0	9.43	0.31
19760903	0.0	13.28	0.29
19760904	0.0	11.88	0.3
19760905	0.01	14.31	0.29
19760906	0.09	14.06	0.34
19760907	0.17	12.87	0.3
19760908	18.17	10.65	0.82
19760909	0.52	6.04	0.49
19760910	0.21	8.05	0.35
19760911	0.02	9.13	0.32
19760912	2.51	9.18	0.33
19760913	5.85	9.04	0.58
19760914	0.12	8.89	0.37
19760915	0.0	8.24	0.32
19760916	0.13	8.9	0.31
19760917	0.03	12.18	0.31
19760918	0.0	10.72	0.31
19760919	2.41	14.39	0.34
19760920	0.61	15.39	0.38
19760921	22.17	12.91	1.59
19760922	0.5	12.1	1.11
19760923	0.06	13.22	0.48
19760924	0.01	12.45	0.36
19760925	11.84	12.14	0.73
19760926	1.01	13.26	1.19
19760927	7.24	11.66	0.72
19760928	13.85	13.05	3.1
19760929	5.57	12.6	1.37
19760930	3.69	13.04	0.98
19761001	5.71	12.32	1.31
19761002	3.22	11.28	1.29
19761003	5.19	8.57	1.62
19761004	0.11	6.46	0.95
19761005	10.31	9.89	1.52
19761006	4.13	10.0	1.61
19761007	3.2	8.99	1.2
19761008	0.61	8.61	1.04
19761009	0.9	10.71	0.73
19761010	7.83	12.24	1.04
19761011	8.77	12.44	3.57
19761012	1.78	6.89	2.39
19761013	4.89	7.24	1.65
19761014	36.09	8.2	10.22
19761015	4.75	8.28	10.55
19761016	0.12	7.2	2.63
19761017	3.76	9.14	1.7
19761018	0.91	8.13	1.67
19761019	0.69	8.77	1.54
19761020	6.16	8.75	1.51
19761021	1.37	7.62	1.97
19761022	6.39	7.98	1.63
19761023	5.33	8.18	3.17
19761024	0.31	6.39	2.08
19761025	8.45	5.87	3.16
19761026	0.07	6.17	2.44
19761027	2.61	8.68	1.85
19761028	1.17	8.26	1.77
19761029	0.99	6.2	1.65
19761030	0.0	4.12	1.48
19761031	3.42	4.97	1.5
19761101	4.47	5.43	1.8
19761102	1.53	3.8	1.75
19761103	1.91	6.38	1.59
19761104	5.66	6.37	1.84
19761105	6.56	4.79	2.62
19761106	6.04	5.11	4.82
19761107	2.68	5.89	3.54
19761108	1.56	6.28	2.6
19761109	0.42	3.24	2.21
19761110	0.6	3.45	1.91
19761111	0.03	2.85	1.67
19761112	0.0	1.06	1.41
19761113	0.01	0.6	1.16
19761114	1.41	1.94	1.06
19761115	12.4	6.03	3.17
19761116	0.03	3.0	2.86
19761117	12.35	2.26	6.56
19761118	0.04	4.75	3.94
19761119	0.01	4.92	2.42
19761120	0.01	4.75	1.93
19761121	0.01	5.1	1.65
19761122	0.01	1.6	1.43
19761123	0.15	3.94	1.36
19761124	0.8	8.42	1.31
19761125	2.8	7.81	1.44
19761126	17.0	5.94	8.61
19761127	20.32	6.35	8.53
19761128	5.74	4.66	6.7
19761129	12.24	2.19	7.13
19761130	0.49	0.59	4.91
19761201	2.75	-1.01	3.15
19761202	0.15	-4.26	2.45
19761203	5.43	-5.34	1.83
19761204	0.2	-2.65	1.48
19761205	1.6	-0.57	1.4
19761206	15.61	1.57	4.18
19761207	1.17	0.76	11.21
19761208	0.69	0.95	4.05
19761209	0.77	-0.0	2.75
19761210	0.04	-1.37	2.27
19761211	4.12	0.78	2.48
19761212	1.06	1.84	3.52
19761213	0.11	1.51	3.18
19761214	1.42	1.68	2.37
19761215	4.99	1.04	2.81
19761216	3.51	0.07	2.95
19761217	0.14	-0.71	2.23
19761218	0.02	-0.65	1.78
19761219	8.3	0.63	1.84
19761220	7.43	2.46	5.74
19761221	1.63	2.96	5.32
19761222	1.7	2.42	3.1
19761223	0.59	3.5	2.69
19761224	0.01	0.72	2.19
19761225	0.0	-1.82	1.74
19761226	0.05	-0.44	1.47
19761227	0.23	-0.58	1.45
19761228	3.5	-1.28	1.33
19761229	1.59	1.68	1.72
19761230	5.7	0.51	1.85
19761231	0.03	-0.17	2.06
19770101	0.0	-2.83	1.48
19770102	0.01	-3.23	1.04
19770103	3.27	0.52	1.1
19770104	6.75	7.02	4.02
19770105	0.95	4.8	3.2
19770106	0.34	4.65	2.2
19770107	0.02	5.23	1.86
19770108	0.83	4.44	1.75
19770109	3.5	0.77	1.65
19770110	0.11	-2.22	1.52
19770111	0.02	-4.61	1.25
19770112	0.0	-5.78	1.18
19770113	5.12	-2.15	1.1
19770114	7.44	1.06	1.34
19770115	0.19	0.11	1.39
19770116	0.01	-2.56	1.05
19770117	1.19	-3.44	1.07
19770118	8.37	0.3	1.07
19770119	4.66	2.16	2.08
19770120	1.31	3.29	11.23
19770121	1.29	4.47	9.92
19770122	0.82	4.14	4.8
19770123	0.22	3.68	3.16
19770124	1.64	4.33	2.56
19770125	19.49	3.34	13.26
19770126	0.96	3.17	6.99
19770127	0.02	0.06	3.42
19770128	0.0	-2.61	2.41
19770129	1.31	-2.01	1.87
19770130	6.35	-1.54	1.93
19770131	0.16	-1.63	1.64
19770201	4.75	1.18	2.02
19770202	19.29	4.74	8.56
19770203	3.11	3.69	8.37
19770204	6.48	3.31	5.19
19770205	0.36	3.54	4.36
19770206	8.48	3.66	4.03
19770207	0.32	2.22	4.27
19770208	1.6	1.8	2.68
19770209	25.61	3.29	9.38
19770210	12.71	1.89	22.48
19770211	0.35	0.01	6.73
19770212	0.38	-0.29	3.63
19770213	2.07	2.14	2.98
19770214	2.73	3.85	3.03
19770215	0.23	3.48	2.61
19770216	0.2	2.88	2.12
19770217	7.85	2.42	2.69
19770218	2.96	3.62	4.2
19770219	0.18	3.34	3.04
19770220	5.04	2.29	2.54
19770221	14.45	2.66	6.85
19770222	4.42	2.39	8.04
19770223	0.28	2.02	3.75
19770224	0.12	1.13	2.54
19770225	0.01	-0.83	2.02
19770226	0.02	1.14	1.75
19770227	0.0	-0.12	1.63
19770228	0.65	1.48	1.62
19770301	3.86	4.31	1.83
19770302	14.7	8.48	5.34
19770303	3.14	5.8	3.98
19770304	1.19	5.66	2.85
19770305	0.09	5.96	2.21
19770306	0.01	5.03	1.91
19770307	1.19	6.65	1.87
19770308	0.12	8.51	1.65
19770309	3.01	6.94	1.83
19770310	2.58	6.81	1.63
19770311	3.84	5.27	2.3
19770312	1.12	4.51	1.88
19770313	4.86	6.4	1.92
19770314	1.78	5.62	2.58
19770315	4.47	6.77	2.17
19770316	2.75	7.3	2.09
19770317	9.26	6.86	4.26
19770318	5.95	6.39	3.36
19770319	2.57	6.56	4.08
19770320	2.09	4.45	2.7
19770321	0.85	3.77	2.07
19770322	1.45	3.61	1.79
19770323	1.01	4.28	1.74
19770324	0.26	3.83	1.63
19770325	0.21	6.02	1.51
19770326	3.97	2.63	1.69
19770327	0.06	0.47	1.6
19770328	0.0	1.39	1.3
19770329	0.19	4.08	1.22
19770330	10.4	4.28	1.42
19770331	6.78	7.99	2.06
19770401	1.53	5.33	2.13
19770402	2.19	4.47	1.62
19770403	0.03	2.45	1.44
19770404	0.11	6.18	1.28
19770405	0.09	6.36	1.11
19770406	0.02	3.49	0.94
19770407	0.0	1.78	0.81
19770408	0.02	1.67	0.78
19770409	0.33	5.06	0.76
19770410	0.32	4.85	0.78
19770411	2.23	7.57	0.81
19770412	1.38	6.14	0.75
19770413	1.46	4.88	0.71
19770414	0.14	4.25	0.68
19770415	0.73	7.22	0.67
19770416	1.75	5.17	0.65
19770417	0.15	4.04	0.63
19770418	0.16	4.41	0.63
19770419	2.61	7.79	0.66
19770420	3.24	10.03	0.75
19770421	18.06	10.42	1.84
19770422	12.43	7.51	7.43
19770423	2.18	6.39	4.39
19770424	5.41	7.0	2.56
19770425	2.73	8.69	3.47
19770426	2.93	6.52	2.21
19770427	17.2	5.59	5.18
19770428	5.21	5.63	5.96
19770429	1.29	6.44	3.45
19770430	0.64	5.93	2.34
19770501	0.44	8.12	1.82
19770502	0.71	5.97	1.59
19770503	6.51	6.82	1.98
19770504	0.05	7.85	1.58
19770505	0.04	9.09	1.33
19770506	8.0	7.22	1.52
19770507	2.27	7.44	2.31
19770508	0.43	6.99	1.77
19770509	3.36	8.11	1.69
19770510	3.51	9.87	1.61
19770511	5.99	8.91	2.87
19770512	16.85	6.52	7.49
19770513	1.61	4.9	4.02
19770514	0.04	4.73	2.34
19770515	0.29	6.49	1.74
19770516	0.21	6.78	1.49
19770517	0.02	6.51	1.16
19770518	0.0	9.86	1.0
19770519	0.12	7.82	0.9
19770520	0.0	9.05	0.77
19770521	0.04	11.06	0.69
19770522	0.02	14.94	0.66
19770523	0.05	13.79	0.63
19770524	0.43	12.39	0.69
19770525	0.01	12.33	0.66
19770526	0.0	10.84	0.62
19770527	0.0	13.94	0.62
19770528	0.0	16.17	0.58
19770529	0.0	8.44	0.61
19770530	0.0	8.31	0.54
19770531	0.0	12.08	0.55
19770601	0.0	13.8	0.54
19770602	0.0	15.99	0.53
19770603	0.0	15.72	0.53
19770604	1.24	12.78	0.54
19770605	1.41	10.17	0.53
19770606	30.91	6.26	3.57
19770607	1.89	8.2	1.48
19770608	2.7	10.18	0.85
19770609	1.21	9.86	0.67
19770610	1.93	8.74	0.56
19770611	2.29	7.67	0.57
19770612	7.23	10.68	0.68
19770613	8.75	8.91	1.83
19770614	0.02	12.79	0.86
19770615	0.0	10.58	0.67
19770616	0.0	11.38	0.6
19770617	0.0	11.77	0.55
19770618	0.0	14.09	0.53
19770619	0.0	12.66	0.52
19770620	0.0	11.47	0.49
19770621	0.0	13.23	0.46
19770622	0.0	15.63	0.48
19770623	0.0	15.56	0.51
19770624	0.54	16.48	0.59
19770625	0.02	13.22	0.55
19770626	0.06	12.02	0.48
19770627	0.53	12.21	0.61
19770628	0.75	12.0	0.52
19770629	1.8	13.79	0.49
19770630	1.25	12.59	0.51
19770701	0.11	15.32	0.45
19770702	0.46	14.61	0.44
19770703	0.0	16.82	0.43
19770704	0.0	19.61	0.41
19770705	0.0	18.16	0.38
19770706	0.0	18.98	0.37
19770707	0.02	20.59	0.4
19770708	0.0	17.9	0.38
19770709	0.0	15.62	0.37
19770710	0.18	16.26	0.37
19770711	0.0	16.39	0.36
19770712	0.0	13.96	0.39
19770713	0.0	12.47	0.39
19770714	0.0	12.43	0.35
19770715	7.58	14.65	0.59
19770716	0.66	13.18	0.47
19770717	14.09	13.35	0.78
19770718	2.91	13.89	0.62
19770719	3.92	12.68	0.45
19770720	0.05	13.25	0.36
19770721	0.1	13.4	0.36
19770722	12.34	15.76	0.75
19770723	2.45	14.15	0.71
19770724	1.06	13.3	0.44
19770725	0.01	12.53	0.37
19770726	0.0	10.94	0.35
19770727	0.0	11.9	0.33
19770728	0.0	12.21	0.32
19770729	0.0	15.18	0.32
19770730	0.0	14.92	0.32
19770731	0.0	17.5	0.31
19770801	3.74	17.61	0.34
19770802	9.93	12.12	0.97
19770803	6.65	12.61	0.53
19770804	17.97	12.54	1.63
19770805	0.02	10.4	0.58
19770806	0.04	13.4	0.42
19770807	0.05	11.94	0.39
19770808	0.0	11.6	0.37
19770809	0.0	15.06	0.35
19770810	0.0	14.88	0.35
19770811	0.0	15.06	0.35
19770812	0.0	16.32	0.36
19770813	0.21	16.1	0.37
19770814	1.31	15.78	0.37
19770815	0.22	15.5	0.38
19770816	0.01	14.02	0.34
19770817	0.08	14.25	0.32
19770818	0.12	12.62	0.31
19770819	2.43	14.11	0.31
19770820	0.7	14.64	0.3
19770821	0.91	13.66	0.3
19770822	0.82	13.24	0.31
19770823	0.2	14.71	0.3
19770824	17.06	14.07	0.98
19770825	6.9	14.27	1.55
19770826	4.25	11.81	0.63
19770827	0.01	9.27	0.39
19770828	0.31	13.01	0.36
19770829	5.25	12.66	0.44
19770830	11.41	9.24	1.17
19770831	0.29	14.12	0.47
19770901	8.68	13.02	0.79
19770902	1.01	11.28	0.53
19770903	6.08	12.01	0.46
19770904	8.02	12.6	1.1
19770905	9.81	12.0	0.84
19770906	3.83	10.44	1.67
19770907	6.2	10.59	0.88
19770908	5.27	7.15	1.52
19770909	16.96	9.34	2.64
19770910	10.65	12.71	3.55
19770911	3.34	12.4	2.92
19770912	0.01	10.05	1.59
19770913	0.01	11.74	0.99
19770914	0.02	14.44	0.7
19770915	0.0	9.79	0.62
19770916	0.0	6.79	0.55
19770917	0.0	6.62	0.49
19770918	0.0	10.05	0.47
19770919	0.0	9.47	0.49
19770920	0.01	9.62	0.48
19770921	0.0	9.55	0.46
19770922	0.0	9.36	0.43
19770923	0.0	9.89	0.42
19770924	0.02	13.43	0.42
19770925	8.54	12.34	0.94
19770926	9.78	12.54	0.99
19770927	25.44	12.42	8.14
19770928	5.58	10.68	4.63
19770929	29.33	11.09	20.31
19770930	21.89	8.59	18.35
19771001	0.73	7.66	7.13
19771002	0.01	7.31	3.25
19771003	13.99	9.61	6.15
19771004	2.94	7.87	4.19
19771005	17.04	9.16	6.19
19771006	5.94	10.37	6.22
19771007	29.2	7.75	23.76
19771008	0.94	9.61	6.37
19771009	4.39	8.11	4.28
19771010	0.05	6.92	2.78
19771011	2.33	9.49	2.18
19771012	0.58	10.0	1.65
19771013	0.01	9.82	1.41
19771014	0.01	11.51	1.33
19771015	0.0	11.14	1.21
19771016	0.04	10.97	1.15
19771017	0.13	9.96	1.24
19771018	0.7	10.41	1.24
19771019	0.39	13.63	1.09
19771020	5.85	13.62	1.29
19771021	2.02	13.38	1.5
19771022	10.35	11.68	1.96
19771023	9.45	11.17	3.19
19771024	2.01	11.28	3.38
19771025	0.44	11.01	1.99
19771026	1.52	11.15	1.57
19771027	0.56	8.6	1.38
19771028	1.11	10.8	1.2
19771029	10.96	11.14	2.07
19771030	44.88	10.03	18.92
19771031	4.67	6.42	14.97
19771101	4.94	7.01	6.09
19771102	12.16	6.45	5.34
19771103	6.41	5.81	9.87
19771104	7.17	5.62	4.4
19771105	11.2	7.78	8.0
19771106	21.09	8.68	7.93
19771107	11.14	6.38	11.65
19771108	12.56	6.43	11.01
19771109	22.41	8.57	16.16
19771110	3.63	10.63	9.85
19771111	9.8	6.18	8.31
19771112	1.32	2.64	4.69
19771113	3.29	5.37	3.16
19771114	3.31	4.31	3.4
19771115	1.27	3.64	2.52
19771116	5.24	0.99	2.66
19771117	0.1	1.11	2.49
19771118	0.56	3.29	2.17
19771119	5.77	4.15	2.68
19771120	0.48	-0.82	2.3
19771121	0.02	1.92	1.88
19771122	4.71	4.97	1.85
19771123	10.12	4.05	6.4
19771124	0.05	1.73	3.14
19771125	0.0	0.72	2.22
19771126	0.0	-1.88	1.77
19771127	0.0	-2.87	1.49
19771128	0.0	-3.69	1.33
19771129	0.0	-1.84	1.22
19771130	0.0	-2.51	1.15
19771201	0.44	-0.28	1.11
19771202	0.01	-0.24	1.11
19771203	0.01	0.87	1.0
19771204	0.07	2.62	1.01
19771205	0.04	3.54	1.04
19771206	0.07	2.69	1.19
19771207	1.73	2.16	1.23
19771208	1.26	2.84	1.32
19771209	2.22	5.13	1.58
19771210	5.71	6.81	2.03
19771211	14.08	6.5	5.48
19771212	0.92	6.79	4.38
19771213	3.8	8.2	2.79
19771214	2.9	7.12	2.75
19771215	0.16	5.38	2.33
19771216	0.16	6.21	1.91
19771217	2.07	4.87	1.93
19771218	0.87	4.6	1.83
19771219	0.04	4.8	1.66
19771220	0.06	2.91	1.53
19771221	2.37	2.68	1.51
19771222	13.49	6.5	3.56
19771223	8.91	8.13	7.01
19771224	1.36	6.33	4.11
19771225	1.59	6.3	2.63
19771226	3.71	3.6	2.72
19771227	0.02	1.77	2.33
19771228	1.35	3.3	1.87
19771229	0.37	3.98	1.81
19771230	0.06	2.24	1.54
19771231	1.94	5.6	1.55
19780101	1.74	4.32	1.17
19780102	20.93	1.65	3.71
19780103	0.19	-2.75	4.03
19780104	8.38	-0.18	4.18
19780105	1.22	6.95	7.68
19780106	0.92	6.62	3.38
19780107	0.33	4.8	2.42
19780108	8.51	4.43	2.53
19780109	7.38	0.94	4.16
19780110	10.9	0.01	3.01
19780111	0.1	-1.11	2.3
19780112	0.14	0.59	1.75
19780113	0.04	3.92	7.58
19780114	0.03	3.44	3.25
19780115	0.64	2.31	2.54
19780116	0.22	-1.1	2.2
19780117	0.0	-3.36	1.48
19780118	4.92	-2.34	1.27
19780119	3.44	-1.46	1.24
19780120	0.09	-0.79	1.16
19780121	1.98	2.93	3.46
19780122	2.78	1.59	3.7
19780123	11.53	1.95	7.81
19780124	0.02	2.44	4.58
19780125	0.54	0.54	2.26
19780126	1.56	-0.97	1.75
19780127	14.59	0.15	2.02
19780128	10.39	1.27	8.25
19780129	0.67	-0.81	4.01
19780130	5.12	-2.52	2.19
19780131	3.58	-0.16	1.7
19780201	12.77	1.39	6.32
19780202	0.25	0.88	5.37
19780203	8.0	1.14	4.55
19780204	5.29	2.46	8.73
19780205	5.39	2.49	7.07
19780206	0.13	2.01	5.39
19780207	0.25	1.49	2.89
19780208	1.64	-1.45	2.0
19780209	0.63	-3.72	1.54
19780210	1.54	-3.44	1.23
19780211	1.7	-4.6	1.12
19780212	0.2	-3.48	0.97
19780213	0.33	-0.78	0.9
19780214	0.01	-4.07	0.91
19780215	0.03	-4.76	0.9
19780216	0.01	-4.95	0.76
19780217	0.0	-4.31	0.76
19780218	0.0	-2.81	0.72
19780219	0.01	-2.53	0.63
19780220	2.5	-1.42	0.68
19780221	0.94	-0.56	0.71
19780222	11.8	2.77	3.35
19780223	5.79	4.41	6.3
19780224	4.82	5.6	5.58
19780225	11.24	5.27	5.33
19780226	2.63	3.74	7.45
19780227	2.24	5.31	3.31
19780228	0.31	6.95	2.23
19780301	2.06	6.71	1.86
19780302	0.66	5.79	1.51
19780303	3.79	4.75	1.85
19780304	0.03	1.89	1.4
19780305	0.02	3.53	1.17
19780306	8.28	5.47	2.48
19780307	12.47	7.24	6.23
19780308	0.01	4.89	5.88
19780309	1.56	5.73	2.64
19780310	0.46	8.85	1.71
19780311	6.42	7.05	2.64
19780312	1.63	4.9	2.62
19780313	8.81	5.83	3.63
19780314	3.16	6.53	4.46
19780315	4.88	3.64	2.6
19780316	0.69	2.32	2.5
19780317	0.01	2.01	1.67
19780318	0.05	4.23	1.35
19780319	15.8	3.7	3.21
19780320	4.77	2.32	5.1
19780321	4.62	4.34	2.79
19780322	6.92	4.54	4.83
19780323	7.01	3.81	4.59
19780324	10.79	5.26	4.39
19780325	5.66	2.91	5.48
19780326	12.58	4.49	6.21
19780327	3.41	6.16	5.16
19780328	6.21	6.39	4.37
19780329	9.61	6.19	4.71
19780330	0.96	4.65	3.25
19780331	1.99	6.52	2.12
19780401	3.37	6.28	2.68
19780402	1.99	5.89	2.32
19780403	0.08	4.63	1.91
19780404	0.0	7.0	1.45
19780405	0.0	5.16	1.29
19780406	0.0	2.75	1.17
19780407	0.0	6.38	1.04
19780408	0.0	5.9	0.97
19780409	0.74	1.75	0.94
19780410	0.44	-0.2	0.87
19780411	2.61	1.71	0.87
19780412	1.08	3.01	0.79
19780413	3.03	1.21	1.09
19780414	0.03	3.57	1.16
19780415	0.01	5.79	0.83
19780416	0.0	5.35	0.66
19780417	0.0	8.01	0.65
19780418	0.0	7.48	0.64
19780419	1.56	8.93	0.64
19780420	1.47	7.92	0.73
19780421	0.0	8.18	0.62
19780422	0.0	8.53	0.61
19780423	0.01	8.37	0.57
19780424	0.06	4.27	0.81
19780425	0.17	3.84	0.55
19780426	4.68	4.63	0.59
19780427	17.73	3.38	3.12
19780428	3.17	4.58	4.35
19780429	0.82	5.23	1.98
19780430	0.35	5.29	1.43
19780501	0.0	6.13	1.03
19780502	0.0	6.57	0.79
19780503	1.44	7.67	0.79
19780504	1.55	8.42	0.7
19780505	1.4	6.8	0.73
19780506	0.01	8.89	0.66
19780507	0.0	8.71	0.59
19780508	0.0	7.88	0.54
19780509	0.01	11.38	0.5
19780510	0.82	13.7	0.52
19780511	1.44	8.85	0.53
19780512	0.29	8.24	0.5
19780513	0.61	8.25	0.48
19780514	0.22	8.4	0.53
19780515	0.0	7.23	0.45
19780516	0.0	9.64	0.54
19780517	0.0	13.14	0.42
19780518	0.01	10.97	0.57
19780519	0.0	11.17	0.7
19780520	0.01	10.66	0.6
19780521	0.82	12.3	0.57
19780522	3.56	10.54	0.66
19780523	3.49	12.56	0.5
19780524	0.13	12.12	0.39
19780525	0.0	14.71	0.36
19780526	0.0	14.74	0.36
19780527	0.0	15.87	0.37
19780528	0.0	16.33	0.42
19780529	0.0	18.11	0.37
19780530	0.0	17.0	0.44
19780531	0.04	17.86	0.41
19780601	3.25	17.92	0.33
19780602	0.07	14.86	0.24
19780603	0.01	17.59	0.3
19780604	6.95	17.78	0.32
19780605	2.17	15.33	0.33
19780606	2.45	13.72	0.32
19780607	0.49	10.6	0.32
19780608	0.07	10.33	0.31
19780609	0.01	10.26	0.32
19780610	0.0	12.13	0.3
19780611	0.0	11.4	0.28
19780612	0.0	9.29	0.27
19780613	0.0	10.03	0.28
19780614	0.21	11.76	0.28
19780615	1.95	11.18	0.33
19780616	0.0	11.76	0.27
19780617	0.0	12.71	0.25
19780618	0.01	14.51	0.26
19780619	0.0	10.35	0.27
19780620	4.32	11.89	0.32
19780621	15.42	10.64	0.69
19780622	13.35	10.61	1.01
19780623	7.5	10.01	0.71
19780624	0.91	12.19	0.46
19780625	0.18	12.01	0.37
19780626	0.0	11.84	0.32
19780627	4.25	12.58	0.39
19780628	0.4	12.29	0.33
19780629	0.87	12.07	0.31
19780630	1.78	12.71	0.31
19780701	4.59	12.62	0.43
19780702	0.76	10.73	0.32
19780703	18.81	10.82	1.21
19780704	9.86	10.27	2.41
19780705	0.01	11.21	0.98
19780706	0.01	11.9	0.56
19780707	0.32	11.23	0.44
19780708	0.0	12.07	0.36
19780709	0.0	14.13	0.32
19780710	0.0	13.97	0.34
19780711	0.01	13.32	0.38
19780712	0.01	13.13	0.33
19780713	0.0	15.04	0.3
19780714	0.0	13.44	0.28
19780715	0.0	12.84	0.28
19780716	0.0	13.61	0.28
19780717	0.0	13.05	0.28
19780718	0.15	14.62	0.28
19780719	0.05	12.37	0.29
19780720	9.3	10.91	0.53
19780721	3.6	14.14	0.35
19780722	12.78	14.16	0.79
19780723	5.58	13.36	0.63
19780724	2.24	12.31	0.47
19780725	18.25	13.41	1.07
19780726	2.57	15.15	1.6
19780727	8.63	14.8	0.97
19780728	0.04	14.62	0.62
19780729	0.02	15.04	0.4
19780730	0.06	13.55	0.36
19780731	0.56	15.96	0.32
19780801	1.32	14.16	0.36
19780802	13.56	14.38	0.64
19780803	0.76	13.76	0.87
19780804	0.82	12.72	0.49
19780805	3.91	14.33	0.4
19780806	7.61	12.87	0.69
19780807	1.51	12.78	0.91
19780808	4.77	13.44	1.04
19780809	0.68	12.25	0.67
19780810	0.02	12.4	0.49
19780811	5.22	14.59	0.54
19780812	6.89	11.62	1.16
19780813	3.23	14.31	0.8
19780814	9.84	14.05	2.56
19780815	4.72	13.32	3.34
19780816	3.62	13.05	1.52
19780817	0.04	13.62	0.96
19780818	0.55	15.35	0.68
19780819	3.99	13.95	0.73
19780820	9.04	16.21	0.77
19780821	21.4	13.52	10.18
19780822	0.02	13.41	3.42
19780823	0.01	13.3	1.35
19780824	0.01	12.28	0.82
19780825	0.0	12.24	0.59
19780826	0.0	14.94	0.51
19780827	0.0	13.91	0.47
19780828	0.61	13.82	0.43
19780829	0.4	11.48	0.5
19780830	11.68	10.96	0.72
19780831	0.24	10.63	1.05
19780901	0.02	11.19	0.58
19780902	1.72	12.49	0.49
19780903	1.83	11.03	0.55
19780904	0.04	12.31	0.46
19780905	8.53	9.98	0.87
19780906	1.12	13.03	0.71
19780907	0.66	12.58	0.55
19780908	11.01	13.51	1.44
19780909	38.08	14.07	20.78
19780910	4.93	12.87	10.06
19780911	0.59	11.67	3.82
19780912	16.06	12.7	5.19
19780913	7.42	11.78	9.06
19780914	12.95	11.89	5.23
19780915	1.04	12.95	4.5
19780916	2.18	11.9	2.21
19780917	0.64	10.72	1.33
19780918	0.1	11.0	1.03
19780919	0.01	11.57	0.87
19780920	0.01	13.62	0.77
19780921	5.8	14.72	0.89
19780922	1.46	13.98	0.95
19780923	2.45	14.02	0.83
19780924	2.35	10.81	0.86
19780925	22.57	10.36	5.42
19780926	1.99	9.4	5.8
19780927	10.26	10.45	2.66
19780928	19.83	10.46	14.78
19780929	0.9	10.0	5.31
19780930	1.15	9.05	2.26
19781001	4.43	10.65	1.6
19781002	2.99	9.74	1.79
19781003	1.94	9.15	2.11
19781004	4.21	10.53	1.7
19781005	5.06	13.35	2.21
19781006	0.35	12.77	2.03
19781007	0.05	11.03	1.29
19781008	1.21	13.82	1.01
19781009	0.37	11.48	0.91
19781010	1.61	11.73	1.0
19781011	0.27	14.38	0.92
19781012	0.0	12.43	0.79
19781013	0.02	11.33	0.7
19781014	0.37	9.66	0.66
19781015	4.42	8.2	0.8
19781016	0.39	6.62	0.76
19781017	0.02	7.19	0.67
19781018	1.45	9.38	0.62
19781019	0.92	8.97	0.61
19781020	0.28	6.41	0.55
19781021	3.63	8.59	0.68
19781022	0.06	8.43	0.62
19781023	8.36	10.49	0.86
19781024	0.37	9.71	1.33
19781025	4.14	10.26	1.21
19781026	0.12	11.21	1.09
19781027	0.08	11.25	0.82
19781028	0.06	11.34	0.7
19781029	1.25	11.4	0.68
19781030	6.07	10.99	0.79
19781031	1.21	5.09	2.02
19781101	8.66	7.78	1.58
19781102	2.58	9.75	2.66
19781103	11.55	9.56	3.6
19781104	2.28	12.73	3.43
19781105	0.02	11.33	1.95
19781106	0.02	10.03	1.31
19781107	0.87	10.52	1.04
19781108	0.0	9.27	0.85
19781109	0.06	10.06	0.77
19781110	1.18	8.67	0.69
19781111	0.09	9.25	0.63
19781112	16.45	6.98	2.14
19781113	25.61	8.24	12.06
19781114	25.1	9.28	14.05
19781115	15.0	7.12	16.61
19781116	8.91	6.77	8.64
19781117	4.74	9.99	5.94
19781118	1.47	8.37	3.92
19781119	7.04	4.37	3.3
19781120	8.18	6.29	4.42
19781121	7.03	9.71	3.67
19781122	14.51	7.96	10.74
19781123	2.34	5.45	4.5
19781124	1.19	1.98	2.85
19781125	0.03	0.14	2.01
19781126	0.01	-0.56	1.39
19781127	0.0	-2.35	1.12
19781128	0.01	-2.03	1.06
19781129	6.85	0.7	1.22
19781130	0.65	-0.17	1.55
19781201	0.95	-0.62	1.34
19781202	3.58	1.45	1.83
19781203	6.48	3.13	3.17
19781204	6.86	3.36	6.4
19781205	0.07	3.42	3.96
19781206	0.0	3.04	2.08
19781207	4.67	4.78	1.77
19781208	13.47	4.62	5.55
19781209	5.48	5.19	6.15
19781210	2.31	8.89	3.5
19781211	0.58	8.91	2.92
19781212	3.14	6.62	2.16
19781213	0.31	2.99	1.98
19781214	1.44	3.23	1.6
19781215	0.64	2.12	1.77
19781216	0.0	-0.25	1.25
19781217	0.0	-1.46	1.02
19781218	0.14	0.72	0.95
19781219	0.02	-0.83	1.04
19781220	3.98	-1.42	1.11
19781221	2.71	2.34	1.3
19781222	1.99	2.1	1.7
19781223	0.18	0.93	1.35
19781224	12.47	3.07	4.32
19781225	6.18	2.92	5.55
19781226	4.92	3.87	5.16
19781227	17.97	2.64	9.24
19781228	6.21	-0.1	7.34
19781229	5.06	-3.02	3.13
19781230	7.58	-4.64	2.11
19781231	1.34	-8.05	1.69
19790101	0.94	-4.34	1.49
19790102	1.65	-2.68	1.35
19790103	0.57	-1.99	1.33
19790104	0.23	-3.92	1.26
19790105	2.95	-0.73	1.18
19790106	6.18	4.85	16.92
19790107	6.03	3.98	14.1
19790108	11.31	0.86	8.7
19790109	15.33	-0.34	4.22
19790110	0.92	-1.43	3.01
19790111	0.04	-4.54	2.1
19790112	0.03	-8.96	1.44
19790113	0.01	-7.96	1.27
19790114	7.01	-0.03	1.72
19790115	3.97	3.93	13.27
19790116	0.34	0.61	9.45
19790117	0.22	-0.61	2.83
19790118	0.24	1.13	1.91
19790119	8.38	0.71	1.85
19790120	3.67	0.99	3.73
19790121	0.07	0.58	2.6
19790122	0.01	-0.41	2.31
19790123	0.07	-1.03	1.66
19790124	1.97	-0.57	2.15
19790125	0.2	-2.49	1.44
19790126	0.01	-2.66	1.13
19790127	0.01	-3.44	0.95
19790128	0.63	-1.1	0.88
19790129	0.08	-0.59	0.81
19790130	4.01	0.37	1.12
19790131	1.95	1.17	3.15
19790201	0.0	-3.8	1.54
19790202	3.24	-0.83	1.19
19790203	0.01	0.42	1.16
19790204	0.0	-1.89	0.91
19790205	0.0	-2.23	0.76
19790206	0.0	-2.34	0.7
19790207	0.0	-2.19	0.79
19790208	0.0	-1.42	0.63
19790209	0.01	0.4	0.61
19790210	0.0	0.75	0.59
19790211	0.01	1.34	0.59
19790212	0.4	2.02	0.61
19790213	0.43	-1.09	0.66
19790214	0.88	-4.5	0.46
19790215	0.9	-3.98	0.56
19790216	0.28	-2.75	0.53
19790217	0.11	-0.67	0.52
19790218	0.59	0.43	0.54
19790219	0.16	0.92	0.55
19790220	0.19	3.24	0.73
19790221	2.53	1.22	0.92
19790222	0.89	3.07	1.45
19790223	0.04	2.17	1.01
19790224	0.01	2.52	0.8
19790225	2.23	4.36	1.0
19790226	3.14	5.94	2.84
19790227	4.11	2.23	3.9
19790228	0.96	1.59	1.85
19790301	16.25	4.9	6.78
19790302	9.24	6.78	6.62
19790303	6.54	3.41	4.77
19790304	4.04	3.97	3.61
19790305	1.92	5.73	2.18
19790306	8.31	2.87	3.75
19790307	0.7	3.13	2.2
19790308	14.68	3.27	4.04
19790309	4.76	-0.11	4.47
19790310	11.59	3.12	6.72
19790311	9.09	3.72	10.16
19790312	2.48	3.74	5.81
19790313	1.0	2.76	3.07
19790314	1.08	2.92	2.1
19790315	1.85	1.15	2.23
19790316	1.19	0.6	1.69
19790317	5.0	-0.98	1.46
19790318	0.82	-3.41	1.32
19790319	0.04	-0.28	1.37
19790320	4.85	1.26	1.65
19790321	7.11	-0.66	1.75
19790322	0.09	0.17	1.68
19790323	0.01	1.97	1.72
19790324	10.78	3.26	4.31
19790325	18.12	2.39	17.62
19790326	2.42	1.06	7.91
19790327	0.25	1.66	4.19
19790328	0.42	3.76	3.5
19790329	0.2	2.62	2.27
19790330	0.89	4.84	1.67
19790331	0.35	5.88	1.41
19790401	3.49	2.06	1.45
19790402	0.27	1.7	1.26
19790403	4.69	2.19	1.42
19790404	2.29	2.7	1.62
19790405	0.63	2.01	1.37
19790406	3.03	2.99	1.34
19790407	6.63	2.96	2.47
19790408	0.01	3.89	1.71
19790409	6.24	4.15	1.87
19790410	10.98	5.76	7.75
19790411	4.4	6.86	5.15
19790412	3.08	7.96	4.0
19790413	0.11	5.66	2.78
19790414	3.63	7.85	1.99
19790415	0.12	6.59	1.64
19790416	0.0	6.73	1.26
19790417	0.0	6.93	1.08
19790418	0.12	9.81	1.01
19790419	2.9	7.92	1.11
19790420	1.88	8.14	1.07
19790421	1.86	7.03	1.04
19790422	10.45	5.89	2.25
19790423	1.69	6.71	1.88
19790424	1.36	7.07	1.15
19790425	0.29	6.85	0.93
19790426	0.01	5.73	0.79
19790427	0.03	8.17	0.74
19790428	0.08	10.56	0.73
19790429	1.42	5.42	0.76
19790430	0.01	3.47	0.67
19790501	0.09	3.04	0.65
19790502	0.17	3.83	0.62
19790503	0.14	2.73	0.59
19790504	0.07	3.34	0.57
19790505	4.26	4.34	0.61
19790506	1.86	6.1	0.61
19790507	0.08	4.49	0.59
19790508	0.04	6.16	0.55
19790509	0.04	5.99	0.54
19790510	7.59	9.1	0.79
19790511	0.45	11.14	0.7
19790512	1.98	11.89	0.65
19790513	0.01	13.84	0.54
19790514	3.63	10.99	0.57
19790515	0.63	10.64	0.58
19790516	13.39	7.68	1.67
19790517	6.03	8.26	2.55
19790518	1.0	5.59	1.29
19790519	0.02	7.97	0.87
19790520	2.35	11.32	0.75
19790521	0.39	8.99	0.66
19790522	2.1	8.0	0.61
19790523	4.81	7.8	0.87
19790524	5.68	6.69	1.86
19790525	0.53	7.8	1.08
19790526	0.38	8.75	0.77
19790527	4.76	9.78	0.77
19790528	9.86	10.44	1.74
19790529	0.84	11.71	1.27
19790530	2.14	11.84	0.83
19790531	0.12	9.43	0.77
19790601	0.04	12.07	0.66
19790602	0.0	13.73	0.56
19790603	0.94	15.23	0.6
19790604	2.44	15.08	0.59
19790605	0.11	11.24	0.54
19790606	2.91	11.56	0.65
19790607	5.7	11.62	0.74
19790608	0.37	10.57	0.62
19790609	0.06	10.85	0.54
19790610	0.0	15.55	0.51
19790611	2.08	16.06	0.49
19790612	11.88	16.0	1.99
19790613	0.9	13.64	0.98
19790614	2.43	9.65	0.65
19790615	0.02	12.19	0.53
19790616	0.0	11.49	0.46
19790617	0.0	13.43	0.43
19790618	0.0	16.68	0.42
19790619	0.01	18.74	0.42
19790620	1.19	17.17	0.4
19790621	2.98	11.53	0.52
19790622	3.3	12.37	0.44
19790623	5.71	11.56	0.71
19790624	0.37	11.89	0.47
19790625	0.22	11.73	0.42
19790626	0.01	9.32	0.39
19790627	2.88	15.04	0.39
19790628	2.39	12.22	0.42
19790629	0.63	10.33	0.38
19790630	0.0	10.92	0.35
19790701	0.04	11.64	0.35
19790702	0.0	12.27	0.35
19790703	0.0	13.69	0.33
19790704	0.0	15.63	0.32
19790705	0.01	14.58	0.32
19790706	3.43	15.73	0.38
19790707	0.22	12.89	0.34
19790708	8.6	12.95	0.66
19790709	0.04	11.96	0.35
19790710	0.0	10.92	0.31
19790711	0.0	13.28	0.29
19790712	3.74	17.27	0.36
19790713	0.03	13.17	0.33
19790714	0.21	11.3	0.3
19790715	4.38	12.88	0.38
19790716	1.76	13.81	0.38
19790717	7.75	13.72	0.74
19790718	0.16	12.25	0.36
19790719	1.42	11.03	0.33
19790720	0.66	11.08	0.32
19790721	0.37	11.93	0.29
19790722	0.01	13.39	0.27
19790723	0.34	13.9	0.26
19790724	1.82	15.07	0.29
19790725	2.37	15.08	0.33
19790726	0.7	15.09	0.3
19790727	0.15	17.28	0.29
19790728	10.11	16.47	1.06
19790729	0.23	16.42	0.44
19790730	8.48	14.57	0.64
19790731	3.59	13.49	0.65
19790801	0.05	12.81	0.41
19790802	0.01	15.07	0.33
19790803	0.4	13.5	0.29
19790804	0.11	12.59	0.27
19790805	10.16	13.91	0.64
19790806	36.51	13.24	9.51
19790807	0.41	12.94	3.04
19790808	1.01	12.23	1.18
19790809	0.02	12.15	0.7
19790810	1.7	12.96	0.63
19790811	3.54	15.33	0.66
19790812	25.1	16.52	7.04
19790813	18.44	14.49	7.77
19790814	4.9	13.82	7.21
19790815	4.86	12.43	2.73
19790816	8.13	12.75	3.67
19790817	3.96	13.01	2.92
19790818	0.43	13.69	2.09
19790819	0.62	15.15	1.26
19790820	4.82	11.33	1.43
19790821	3.54	11.04	1.35
19790822	9.59	10.96	2.67
19790823	1.35	10.84	2.68
19790824	0.03	10.95	1.27
19790825	0.0	10.27	0.9
19790826	0.05	9.85	0.7
19790827	0.02	10.42	0.6
19790828	0.0	13.52	0.55
19790829	0.0	11.5	0.52
19790830	0.03	15.19	0.61
19790831	10.96	14.59	0.85
19790901	10.95	13.98	2.83
19790902	2.4	12.5	1.73
19790903	0.11	13.44	0.99
19790904	0.26	14.36	0.76
19790905	0.14	15.84	0.67
19790906	0.17	14.94	0.63
19790907	1.32	12.71	0.58
19790908	3.19	11.77	0.71
19790909	0.05	12.52	0.55
19790910	4.55	13.96	0.69
19790911	3.09	11.63	0.69
19790912	3.45	11.77	1.12
19790913	1.87	10.43	0.7
19790914	0.04	7.03	0.57
19790915	0.01	9.8	0.52
19790916	8.53	13.0	1.02
19790917	11.9	12.83	3.46
19790918	0.19	10.82	1.88
19790919	7.67	11.07	1.33
19790920	1.87	7.94	2.03
19790921	0.3	4.66	1.16
19790922	7.13	8.15	1.48
19790923	0.04	8.14	1.6
19790924	11.36	11.29	2.61
19790925	6.32	11.39	5.5
19790926	0.32	9.06	2.44
19790927	0.58	8.94	1.44
19790928	0.01	7.59	1.03
19790929	0.01	8.54	0.82
19790930	0.01	10.84	0.71
19791001	0.02	11.15	0.65
19791002	0.77	11.37	0.62
19791003	15.5	11.14	1.28
19791004	8.86	11.15	9.88
19791005	0.03	7.44	2.5
19791006	1.25	10.5	1.4
19791007	2.0	13.15	1.07
19791008	4.25	15.64	0.98
19791009	0.74	13.61	1.42
19791010	2.92	11.37	1.0
19791011	13.96	11.43	4.99
19791012	0.11	11.81	3.55
19791013	18.62	10.18	6.54
19791014	4.41	9.5	6.92
19791015	1.8	6.71	3.33
19791016	0.13	7.65	2.05
19791017	7.59	7.66	3.23
19791018	9.71	10.04	3.49
19791019	1.0	9.25	3.92
19791020	1.33	6.37	1.89
19791021	0.02	6.84	1.43
19791022	0.02	7.5	1.22
19791023	0.0	6.94	1.06
19791024	0.05	8.23	0.94
19791025	6.52	8.76	1.06
19791026	0.18	5.81	1.56
19791027	1.07	5.28	1.19
19791028	2.78	4.46	1.22
19791029	10.65	6.64	1.27
19791030	23.12	9.82	19.57
19791031	2.62	6.81	4.18
19791101	2.65	4.48	2.71
19791102	19.36	9.51	12.34
19791103	8.68	10.14	11.73
19791104	12.55	5.93	10.52
19791105	6.69	4.93	7.03
19791106	0.24	3.18	4.21
19791107	2.93	2.62	2.98
19791108	9.36	2.42	6.42
19791109	0.22	0.64	3.1
19791110	4.14	3.39	2.54
19791111	15.03	0.19	6.59
19791112	0.04	-1.8	3.15
19791113	6.96	-1.63	2.14
19791114	4.17	0.61	2.01
19791115	3.19	1.63	3.4
19791116	1.5	0.88	4.01
19791117	13.08	4.85	11.9
19791118	0.53	5.09	7.05
19791119	0.08	2.31	3.21
19791120	1.74	3.31	2.39
19791121	3.83	9.8	2.84
19791122	2.53	7.05	3.31
19791123	4.54	3.69	3.91
19791124	16.51	5.56	5.94
19791125	17.82	8.04	13.85
19791126	0.24	3.6	6.6
19791127	3.95	7.31	4.4
19791128	6.92	11.9	4.39
19791129	5.04	11.44	5.99
19791130	6.24	8.77	4.96
19791201	4.85	9.3	2.99
19791202	3.44	6.45	4.27
19791203	12.68	6.65	7.61
19791204	7.12	7.84	5.55
19791205	2.02	5.61	3.22
19791206	12.93	5.86	4.08
19791207	35.25	6.24	32.17
19791208	7.78	5.51	9.17
19791209	9.22	7.14	10.15
19791210	1.9	4.69	8.86
19791211	0.51	2.16	3.74
19791212	6.2	4.33	4.08
19791213	0.08	2.82	2.0
19791214	0.05	0.16	1.55
19791215	0.01	1.94	1.36
19791216	11.07	3.17	1.28
19791217	6.98	3.68	1.19
19791218	0.03	1.35	1.98
19791219	0.0	1.29	18.15
19791220	0.01	1.35	7.66
19791221	0.01	-0.97	2.52
19791222	0.02	-2.61	2.11
19791223	0.8	-0.69	2.34
19791224	0.05	0.22	7.88
19791225	10.49	4.36	2.87
19791226	32.96	3.87	2.12
19791227	0.93	0.94	10.2
19791228	1.38	0.79	3.75
19791229	0.03	-0.88	2.57
19791230	0.01	-0.23	1.84
19791231	0.0	-2.93	1.35
19800101	0.01	-4.75	1.08
19800102	2.45	-2.62	0.97
19800103	23.36	4.6	14.4
19800104	4.55	4.14	5.67
19800105	0.31	4.87	4.53
19800106	0.42	3.95	2.86
19800107	0.09	2.33	2.21
19800108	0.0	0.7	1.76
19800109	2.1	0.59	1.48
19800110	0.09	1.5	1.46
19800111	0.25	2.48	1.43
19800112	0.01	2.27	1.38
19800113	4.13	2.49	1.46
19800114	0.06	0.8	1.44
19800115	0.0	0.81	1.19
19800116	0.0	-0.99	1.16
19800117	0.01	0.14	1.11
19800118	0.0	-1.88	1.04
19800119	0.12	-0.92	0.99
19800120	1.75	1.33	0.99
19800121	13.18	2.2	3.64
19800122	1.22	2.25	3.3
19800123	0.05	0.73	1.99
19800124	0.18	-0.19	1.42
19800125	0.13	-0.17	1.24
19800126	0.01	-2.67	1.14
19800127	4.56	-1.18	1.05
19800128	2.06	0.84	1.26
19800129	16.15	3.07	7.03
19800130	4.52	2.97	4.94
19800131	0.3	-2.25	3.1
19800201	3.87	-1.6	1.65
19800202	3.98	-0.57	1.38
19800203	1.97	0.07	1.22
19800204	5.61	0.61	1.16
19800205	4.03	1.54	3.09
19800206	2.21	1.33	3.75
19800207	8.97	1.85	4.31
19800208	2.16	4.59	7.45
19800209	8.64	4.39	7.63
19800210	3.04	5.12	3.8
19800211	10.04	6.22	3.09
19800212	7.75	7.11	9.89
19800213	0.08	6.55	4.31
19800214	1.89	4.89	3.1
19800215	0.19	4.3	2.36
19800216	1.2	5.0	1.99
19800217	0.37	7.6	1.65
19800218	7.95	5.84	3.37
19800219	0.04	4.62	2.36
19800220	2.45	5.03	1.74
19800221	4.46	5.65	3.26
19800222	0.34	3.45	2.05
19800223	0.03	2.99	1.54
19800224	0.01	2.86	1.36
19800225	0.0	2.48	1.22
19800226	0.0	2.35	1.1
19800227	0.26	4.02	1.05
19800228	0.02	6.8	1.09
19800229	0.01	5.91	1.07
19800301	0.03	4.99	0.93
19800302	0.56	2.6	0.9
19800303	0.03	2.4	1.11
19800304	0.58	4.92	0.78
19800305	0.15	3.35	0.81
19800306	10.55	3.88	1.61
19800307	1.0	4.42	1.57
19800308	0.43	4.74	1.19
19800309	2.99	4.57	1.16
19800310	0.86	2.42	1.16
19800311	5.54	6.75	2.02
19800312	0.01	3.06	1.55
19800313	0.13	2.07	1.15
19800314	0.0	4.17	0.99
19800315	0.0	3.05	0.92
19800316	13.13	1.69	1.22
19800317	17.26	1.67	12.88
19800318	4.79	0.52	10.31
19800319	0.3	-0.7	3.51
19800320	8.41	-0.64	2.75
19800321	2.88	-2.45	2.74
19800322	0.08	-1.61	2.15
19800323	3.47	1.25	1.99
19800324	8.18	3.4	9.82
19800325	2.6	5.5	5.71
19800326	4.7	5.37	3.23
19800327	6.32	1.19	6.79
19800328	2.25	2.69	3.18
19800329	0.03	4.55	2.31
19800330	1.36	5.96	1.71
19800331	3.73	6.08	2.06
19800401	0.44	5.68	1.59
19800402	0.28	4.52	1.45
19800403	0.0	6.46	1.16
19800404	0.0	6.94	1.05
19800405	0.0	7.81	0.91
19800406	0.03	9.8	0.82
19800407	0.0	6.81	0.78
19800408	0.08	6.4	1.04
19800409	0.13	7.14	0.81
19800410	0.0	7.04	1.04
19800411	0.0	8.52	0.79
19800412	0.0	10.42	0.69
19800413	0.43	10.9	0.66
19800414	2.62	7.94	0.72
19800415	0.01	9.01	0.65
19800416	0.35	9.88	0.6
19800417	0.13	9.92	0.59
19800418	0.0	9.11	0.54
19800419	0.01	6.25	0.57
19800420	0.0	4.9	0.55
19800421	0.38	7.26	0.57
19800422	0.69	9.98	0.57
19800423	0.01	9.63	0.51
19800424	0.0	5.9	0.48
19800425	0.0	6.85	0.49
19800426	0.01	8.38	0.46
19800427	1.75	9.76	0.5
19800428	0.09	7.01	0.48
19800429	0.13	9.55	0.47
19800430	0.0	8.04	0.45
19800501	0.02	8.52	0.45
19800502	0.0	8.55	0.44
19800503	0.0	8.37	0.43
19800504	0.0	7.58	0.47
19800505	0.0	6.84	0.45
19800506	0.01	8.13	0.43
19800507	0.63	4.56	0.46
19800508	0.25	6.31	0.43
19800509	0.11	8.99	0.42
19800510	0.0	10.93	0.4
19800511	0.15	13.3	0.39
19800512	0.0	14.48	0.38
19800513	0.0	15.43	0.36
19800514	0.0	12.72	0.36
19800515	0.0	13.14	0.36
19800516	0.0	13.19	0.37
19800517	0.0	12.13	0.34
19800518	0.0	14.23	0.36
19800519	2.75	15.88	0.4
19800520	1.07	10.58	0.42
19800521	0.0	8.66	0.35
19800522	0.0	9.86	0.37
19800523	0.06	12.29	0.34
19800524	0.21	13.19	0.39
19800525	1.03	11.04	0.42
19800526	1.76	10.89	0.4
19800527	4.38	9.29	0.51
19800528	1.12	7.24	0.49
19800529	0.26	7.11	0.4
19800530	0.58	9.25	0.41
19800531	0.2	10.41	0.41
19800601	0.12	11.51	0.34
19800602	7.12	14.03	0.52
19800603	0.47	15.28	0.4
19800604	0.9	19.78	0.33
19800605	13.07	14.51	0.94
19800606	0.2	12.96	0.39
19800607	9.89	12.82	0.6
19800608	1.7	10.02	0.41
19800609	0.04	12.46	0.34
19800610	0.01	12.1	0.33
19800611	0.02	12.28	0.33
19800612	0.0	11.53	0.33
19800613	0.02	10.64	0.3
19800614	19.18	11.84	0.91
19800615	2.32	13.42	0.63
19800616	5.24	13.41	0.54
19800617	1.61	13.06	0.48
19800618	5.48	12.97	0.55
19800619	5.87	11.03	0.53
19800620	0.31	10.32	0.4
19800621	0.45	10.28	0.34
19800622	0.87	11.22	0.32
19800623	6.43	10.63	0.51
19800624	4.24	12.31	0.54
19800625	10.01	12.06	0.93
19800626	0.04	11.71	0.46
19800627	5.45	11.46	0.5
19800628	3.45	11.64	0.53
19800629	0.6	13.54	0.43
19800630	5.58	10.03	0.72
19800701	0.02	11.56	0.44
19800702	0.13	12.67	0.38
19800703	9.32	12.25	0.75
19800704	3.03	11.83	0.59
19800705	0.01	11.3	0.57
19800706	0.0	12.48	0.4
19800707	0.05	12.13	0.38
19800708	1.09	13.11	0.43
19800709	0.0	11.49	0.32
19800710	0.39	12.34	0.3
19800711	0.39	12.08	0.31
19800712	1.35	11.8	0.31
19800713	0.71	12.13	0.3
19800714	1.79	11.41	0.34
19800715	0.56	10.95	0.3
19800716	0.14	12.25	0.27
19800717	14.7	11.92	0.97
19800718	2.5	13.22	0.45
19800719	4.47	12.47	0.62
19800720	0.26	9.54	0.48
19800721	2.29	13.38	0.38
19800722	8.98	12.63	1.1
19800723	2.24	14.35	0.75
19800724	0.21	16.04	0.48
19800725	8.93	18.85	0.61
19800726	9.84	16.48	1.11
19800727	0.19	16.1	1.15
19800728	0.01	17.58	0.63
19800729	0.01	17.11	0.5
19800730	10.59	13.7	1.24
19800731	0.08	14.13	0.65
19800801	3.9	12.44	0.51
19800802	11.07	15.79	0.76
19800803	5.91	14.85	0.93
19800804	11.23	15.3	1.94
19800805	0.04	14.64	1.85
19800806	0.07	14.82	0.89
19800807	2.8	10.51	0.68
19800808	0.01	12.52	0.53
19800809	0.14	12.62	0.51
19800810	1.61	15.12	0.57
19800811	3.85	13.58	0.66
19800812	0.18	14.6	0.57
19800813	2.93	16.52	0.51
19800814	12.94	16.84	2.3
19800815	0.16	14.65	1.52
19800816	2.97	16.5	0.81
19800817	1.49	15.34	0.71
19800818	0.05	13.46	0.55
19800819	10.03	13.24	1.58
19800820	2.45	11.98	1.6
19800821	0.0	11.75	0.89
19800822	0.0	10.0	0.62
19800823	0.0	10.55	0.5
19800824	0.0	12.21	0.44
19800825	0.0	12.1	0.41
19800826	0.05	14.24	0.38
19800827	2.32	16.66	0.43
19800828	1.24	14.88	0.4
19800829	31.17	13.32	4.28
19800830	1.68	9.8	4.14
19800831	0.1	15.2	1.42
19800901	0.59	15.87	0.99
19800902	1.63	14.12	0.81
19800903	0.24	12.12	0.66
19800904	4.33	14.44	0.68
19800905	6.89	14.05	0.85
19800906	3.84	14.41	1.85
19800907	2.0	13.75	1.32
19800908	0.52	11.83	0.86
19800909	4.33	12.14	0.7
19800910	5.92	10.54	2.02
19800911	21.7	12.45	9.65
19800912	5.83	10.44	6.81
19800913	8.93	10.61	4.46
19800914	5.07	10.24	3.14
19800915	3.98	13.39	4.2
19800916	5.47	13.38	4.05
19800917	4.14	12.22	2.22
19800918	6.65	11.86	4.22
19800919	0.4	12.59	2.18
19800920	0.28	13.76	1.42
19800921	0.61	12.57	1.21
19800922	2.43	14.5	1.11
19800923	0.7	12.94	1.04
19800924	1.37	8.83	0.94
19800925	2.2	12.37	0.77
19800926	13.26	11.97	3.31
19800927	0.4	10.95	2.56
19800928	0.37	10.55	1.36
19800929	1.71	10.39	1.1
19800930	6.13	11.76	1.04
19801001	0.13	10.49	1.23
19801002	0.14	9.0	0.84
19801003	11.93	9.15	1.66
19801004	0.5	9.8	1.45
19801005	6.76	8.95	1.87
19801006	21.05	8.14	6.37
19801007	3.46	7.07	7.79
19801008	0.06	7.59	2.73
19801009	0.24	5.96	1.68
19801010	0.01	4.59	1.31
19801011	0.0	6.41	0.97
19801012	0.39	6.93	0.86
19801013	1.11	6.24	0.86
19801014	0.24	5.37	0.75
19801015	1.98	5.53	0.89
19801016	1.02	6.18	0.84
19801017	0.01	4.4	0.73
19801018	3.9	3.99	0.82
19801019	0.01	2.44	0.75
19801020	7.6	3.0	1.18
19801021	16.22	7.43	5.12
19801022	14.56	9.83	11.19
19801023	19.47	9.17	13.59
19801024	2.26	4.64	9.89
19801025	1.34	5.52	3.49
19801026	7.55	9.91	3.11
19801027	1.86	11.3	4.08
19801028	7.05	8.93	5.12
19801029	0.02	3.89	2.77
19801030	0.03	3.59	1.85
19801031	0.0	6.31	1.42
19801101	0.0	5.53	1.22
19801102	0.0	2.11	1.12
19801103	0.0	1.8	1.04
19801104	0.4	3.66	0.93
19801105	5.14	5.51	1.18
19801106	6.09	5.4	2.14
19801107	4.48	5.09	2.02
19801108	0.16	4.45	1.89
19801109	0.09	2.85	1.38
19801110	1.02	4.58	1.23
19801111	0.02	1.7	1.07
19801112	1.77	3.0	0.98
19801113	13.5	5.54	1.51
19801114	8.02	8.85	8.52
19801115	11.81	8.24	4.96
19801116	12.39	9.37	8.38
19801117	5.42	7.46	5.36
19801118	6.79	3.16	3.03
19801119	18.46	7.12	11.62
19801120	8.48	10.21	7.86
19801121	7.53	10.37	5.1
19801122	3.3	10.2	3.04
19801123	10.89	8.44	4.2
19801124	22.54	5.63	14.49
19801125	5.02	-0.62	20.17
19801126	3.16	2.17	4.84
19801127	0.71	1.49	3.03
19801128	0.04	0.14	1.98
19801129	0.0	-1.33	1.5
19801130	0.25	0.09	1.35
19801201	1.65	5.69	1.75
19801202	0.01	2.58	1.55
19801203	0.17	2.54	1.34
19801204	0.71	4.77	1.25
19801205	0.02	3.86	1.2
19801206	0.0	-0.44	1.03
19801207	0.01	-0.58	0.91
19801208	1.22	4.75	1.35
19801209	11.62	7.92	1.54
19801210	15.98	8.63	8.07
19801211	2.46	7.96	6.05
19801212	11.03	8.99	3.73
19801213	14.19	6.07	10.22
19801214	10.44	5.01	13.12
19801215	0.19	1.47	4.03
19801216	4.95	5.02	2.89
19801217	10.48	4.42	3.43
19801218	1.3	0.29	4.61
19801219	3.72	0.48	2.81
19801220	0.12	-0.23	2.46
19801221	5.04	2.74	3.39
19801222	11.7	8.07	7.08
19801223	14.78	7.47	9.22
19801224	9.9	2.93	9.92
19801225	11.32	0.99	11.5
19801226	2.1	-0.38	4.64
19801227	4.76	3.68	4.66
19801228	2.83	8.14	4.87
19801229	1.74	8.5	3.37
19801230	17.45	6.81	6.96
19801231	6.27	2.43	9.93
19810101	10.56	4.88	7.3
19810102	12.79	5.92	10.38
19810103	2.63	2.28	6.3
19810104	0.37	-1.23	3.07
19810105	6.25	-0.1	2.32
19810106	0.99	-0.33	2.29
19810107	1.35	3.5	2.9
19810108	7.48	5.57	5.4
19810109	0.03	1.47	4.0
19810110	0.02	1.17	2.25
19810111	3.32	3.13	2.06
19810112	0.06	-1.26	1.93
19810113	5.02	3.66	2.08
19810114	2.21	2.73	2.7
19810115	0.04	-2.01	1.63
19810116	9.42	-0.52	1.43
19810117	0.53	0.23	2.21
19810118	11.43	2.0	5.32
19810119	2.0	0.02	4.12
19810120	3.11	3.1	4.16
19810121	0.86	7.12	6.16
19810122	2.27	7.12	3.3
19810123	0.98	6.53	2.71
19810124	1.33	4.4	2.1
19810125	5.17	4.18	1.93
19810126	0.51	6.81	2.68
19810127	0.04	5.75	1.94
19810128	1.03	5.98	1.66
19810129	0.5	7.32	1.57
19810130	0.01	5.84	1.41
19810131	0.04	6.17	1.35
19810201	7.67	7.84	1.67
19810202	22.55	4.59	13.33
19810203	5.48	1.7	8.39
19810204	0.63	2.22	3.94
19810205	2.0	7.02	2.66
19810206	5.34	7.98	2.36
19810207	20.03	7.09	18.21
19810208	0.65	3.2	4.67
19810209	0.01	0.67	2.73
19810210	0.0	-0.32	1.86
19810211	0.39	1.72	1.61
19810212	0.56	5.29	1.57
19810213	0.01	2.29	1.37
19810214	0.4	2.56	1.25
19810215	0.94	1.46	1.22
19810216	0.0	1.23	1.12
19810217	0.0	1.09	1.05
19810218	0.0	-0.39	0.97
19810219	0.01	0.5	0.93
19810220	0.01	0.84	0.91
19810221	0.59	-0.59	0.85
19810222	0.29	0.18	0.79
19810223	0.0	-1.87	0.75
19810224	0.0	-0.7	0.71
19810225	0.0	0.52	0.69
19810226	0.0	1.15	0.7
19810227	2.33	2.83	0.73
19810228	5.81	1.7	0.95
19810301	9.77	3.75	1.9
19810302	0.94	1.56	4.33
19810303	0.05	1.31	1.71
19810304	0.0	-0.23	1.32
19810305	21.99	1.03	1.5
19810306	14.07	5.91	16.05
19810307	5.76	10.12	10.98
19810308	2.47	6.63	4.22
19810309	9.19	6.45	4.33
19810310	23.55	7.66	29.04
19810311	1.54	9.49	4.71
19810312	0.65	7.27	3.44
19810313	0.13	6.67	2.49
19810314	3.45	4.1	1.96
19810315	0.11	3.6	1.53
19810316	0.05	3.27	1.28
19810317	1.76	4.97	1.23
19810318	0.61	3.71	1.14
19810319	4.09	4.25	1.18
19810320	8.47	4.05	1.44
19810321	3.89	3.13	3.28
19810322	0.18	1.74	1.93
19810323	4.53	4.31	1.87
19810324	11.11	9.25	4.03
19810325	3.34	8.82	3.87
19810326	0.82	7.54	2.13
19810327	0.69	10.08	1.67
19810328	4.6	5.6	1.64
19810329	0.02	8.3	1.39
19810330	0.07	7.72	1.22
19810331	0.09	5.42	1.14
19810401	0.04	5.96	1.03
19810402	0.0	7.05	0.68
19810403	0.0	7.02	0.69
19810404	0.0	9.96	0.76
19810405	0.0	7.19	0.72
19810406	0.0	7.07	0.67
19810407	0.97	5.48	0.65
19810408	0.01	6.6	0.66
19810409	0.0	8.01	0.98
19810410	0.39	11.49	0.9
19810411	1.94	10.18	0.8
19810412	0.94	5.09	0.75
19810413	0.0	5.84	0.72
19810414	0.0	6.93	0.71
19810415	0.0	7.92	0.67
19810416	0.0	8.66	0.6
19810417	0.0	6.55	0.59
19810418	0.0	7.25	0.57
19810419	0.0	5.81	0.55
19810420	0.0	8.32	0.54
19810421	0.0	8.33	0.53
19810422	0.03	2.27	0.5
19810423	5.8	3.02	0.54
19810424	6.93	1.39	1.15
19810425	0.24	2.26	1.31
19810426	0.01	3.05	0.84
19810427	0.07	7.73	0.7
19810428	0.03	10.4	0.67
19810429	0.26	11.12	0.64
19810430	0.04	6.06	0.6
19810501	0.0	3.6	0.55
19810502	6.92	6.78	0.68
19810503	5.03	5.84	0.88
19810504	0.2	3.26	0.59
19810505	3.92	6.56	0.61
19810506	6.32	9.09	0.72
19810507	1.86	12.74	0.65
19810508	0.33	9.08	0.58
19810509	3.35	12.21	0.65
19810510	0.26	9.42	0.58
19810511	0.0	12.68	0.55
19810512	4.74	14.37	0.75
19810513	0.09	13.47	0.61
19810514	0.04	8.39	0.56
19810515	0.49	12.18	0.51
19810516	7.23	8.38	0.96
19810517	1.2	11.49	0.7
19810518	3.32	12.56	0.76
19810519	0.03	11.8	0.64
19810520	2.88	12.98	0.64
19810521	1.44	12.36	0.54
19810522	2.65	11.17	0.55
19810523	0.7	11.31	0.55
19810524	1.91	8.75	0.53
19810525	0.11	9.92	0.44
19810526	2.47	10.68	0.86
19810527	3.21	11.51	0.52
19810528	0.3	9.45	0.47
19810529	0.86	13.12	0.45
19810530	1.02	14.8	0.43
19810531	11.45	12.76	2.05
19810601	0.02	14.78	0.8
19810602	12.87	12.99	3.2
19810603	4.36	12.43	1.1
19810604	7.67	11.95	2.65
19810605	1.71	12.51	1.56
19810606	2.73	11.13	1.23
19810607	9.83	11.49	2.34
19810608	11.74	11.34	5.82
19810609	1.41	9.91	2.61
19810610	8.12	10.65	1.86
19810611	1.54	9.37	2.96
19810612	9.1	13.24	1.87
19810613	12.46	14.61	8.18
19810614	0.63	13.97	3.01
19810615	1.62	11.27	1.64
19810616	0.44	9.99	1.16
19810617	1.6	11.8	0.96
19810618	1.97	12.35	0.9
19810619	0.02	13.38	0.82
19810620	0.0	11.93	0.7
19810621	0.03	14.71	0.64
19810622	0.01	14.51	0.6
19810623	0.25	12.16	0.59
19810624	1.15	12.09	0.58
19810625	0.34	10.21	0.52
19810626	1.47	9.17	0.52
19810627	0.02	9.98	0.51
19810628	0.0	9.64	0.49
19810629	0.29	13.45	0.48
19810630	1.76	12.66	0.47
19810701	2.74	11.76	0.48
19810702	4.23	11.46	0.75
19810703	0.84	12.31	0.49
19810704	0.69	14.28	0.45
19810705	12.16	13.41	1.61
19810706	5.17	14.15	0.66
19810707	0.39	14.73	0.73
19810708	1.39	16.14	0.54
19810709	0.04	13.12	0.48
19810710	11.58	15.02	0.81
19810711	5.83	15.21	0.63
19810712	0.04	12.75	0.5
19810713	0.33	14.49	0.44
19810714	0.03	13.64	0.43
19810715	2.65	13.24	0.47
19810716	0.44	12.63	0.74
19810717	4.82	12.0	1.41
19810718	0.91	14.64	0.71
19810719	0.45	13.33	0.53
19810720	0.13	12.84	0.52
19810721	12.51	13.01	1.09
19810722	15.95	11.64	4.84
19810723	1.06	10.82	2.1
19810724	0.11	12.56	1.05
19810725	0.39	13.85	0.84
19810726	0.01	15.71	0.75
19810727	0.39	16.66	0.67
19810728	2.04	14.11	0.72
19810729	0.01	12.78	0.54
19810730	0.0	13.55	0.46
19810731	0.0	14.27	0.38
19810801	0.0	13.33	0.37
19810802	0.94	16.5	0.42
19810803	8.58	13.63	0.84
19810804	0.02	16.51	0.43
19810805	0.01	13.75	0.39
19810806	0.0	15.24	0.36
19810807	0.04	16.24	0.36
19810808	0.02	13.41	0.36
19810809	0.02	11.69	0.33
19810810	0.04	15.41	0.33
19810811	1.21	17.49	0.33
19810812	0.53	15.69	0.33
19810813	1.93	15.28	0.33
19810814	0.0	12.52	0.33
19810815	0.81	10.5	0.33
19810816	0.01	11.69	0.3
19810817	1.8	13.26	0.29
19810818	0.32	13.65	0.33
19810819	9.53	11.62	0.85
19810820	0.07	13.84	0.36
19810821	0.05	13.86	0.33
19810822	0.01	11.57	0.31
19810823	0.2	16.03	0.29
19810824	3.52	16.98	0.33
19810825	0.6	14.94	0.36
19810826	0.0	16.0	0.31
19810827	0.0	16.76	0.34
19810828	0.01	18.17	0.34
19810829	0.02	16.92	0.32
19810830	0.0	15.07	0.28
19810831	0.0	12.53	0.28
19810901	0.0	10.5	0.29
19810902	0.0	12.43	0.31
19810903	2.3	16.92	0.35
19810904	26.84	16.86	2.24
19810905	0.07	11.19	1.3
19810906	0.0	12.57	0.49
19810907	0.77	15.31	0.43
19810908	0.3	12.31	0.38
19810909	0.07	15.24	0.37
19810910	6.82	15.36	0.71
19810911	0.36	12.1	0.42
19810912	9.5	10.02	0.37
19810913	0.04	10.22	0.33
19810914	14.37	12.92	1.23
19810915	0.19	11.31	0.73
19810916	19.87	12.21	4.06
19810917	19.84	14.33	11.29
19810918	1.51	11.83	5.13
19810919	43.44	11.98	21.2
19810920	8.37	10.67	13.4
19810921	0.8	11.51	3.95
19810922	0.12	9.9	2.28
19810923	23.96	10.78	8.67
19810924	1.87	10.54	4.15
19810925	9.95	9.46	3.47
19810926	37.16	10.62	29.65
19810927	9.23	11.21	10.72
19810928	1.23	11.22	5.07
19810929	1.38	11.77	3.12
19810930	1.63	12.63	2.73
19811001	48.45	6.58	33.35
19811002	7.65	6.16	17.54
19811003	4.17	8.0	6.85
19811004	1.6	7.77	4.12
19811005	0.41	4.97	2.91
19811006	4.43	6.43	2.79
19811007	4.68	6.45	2.89
19811008	17.78	7.65	8.3
19811009	7.27	8.19	7.04
19811010	3.67	7.13	3.69
19811011	0.36	4.86	2.56
19811012	0.11	3.77	1.87
19811013	0.02	2.45	1.5
19811014	0.0	2.32	1.41
19811015	1.71	4.86	1.66
19811016	0.5	3.43	1.68
19811017	0.0	3.5	1.2
19811018	10.02	6.68	1.97
19811019	0.17	6.3	1.61
19811020	0.04	4.84	1.22
19811021	0.0	4.52	1.09
19811022	0.18	4.76	0.99
19811023	2.96	5.89	1.11
19811024	0.08	3.88	1.13
19811025	0.0	2.33	0.98
19811026	10.59	3.76	2.17
19811027	4.16	4.89	3.41
19811028	13.49	5.1	5.42
19811029	17.25	4.41	16.31
19811030	9.44	6.84	11.63
19811031	10.55	6.99	10.36
19811101	15.11	8.69	13.95
19811102	11.65	9.23	7.79
19811103	10.01	9.44	10.71
19811104	0.09	5.62	4.38
19811105	0.21	4.61	2.87
19811106	0.01	2.36	2.17
19811107	0.28	2.76	1.79
19811108	0.82	6.19	1.58
19811109	4.95	9.11	1.69
19811110	10.69	9.69	5.64
19811111	0.38	8.31	3.92
19811112	0.21	5.92	2.37
19811113	0.21	6.12	1.75
19811114	0.09	7.38	1.48
19811115	7.27	4.5	1.99
19811116	2.82	4.8	1.85
19811117	15.27	4.98	6.2
19811118	7.52	3.75	6.19
19811119	14.73	6.56	6.66
19811120	3.89	5.34	6.5
19811121	7.03	8.51	8.22
19811122	14.13	8.59	9.66
19811123	0.77	2.58	5.64
19811124	0.03	1.13	2.85
19811125	16.27	4.75	5.9
19811126	10.22	7.75	8.62
19811127	6.2	2.99	7.39
19811128	0.13	2.82	4.46
19811129	10.19	4.59	5.06
19811130	3.04	1.76	6.13
19811201	0.03	-0.57	3.04
19811202	0.31	4.6	2.4
19811203	5.16	6.88	2.86
19811204	0.08	2.97	2.65
19811205	0.02	1.65	2.01
19811206	0.48	1.02	1.98
19811207	0.01	-3.07	2.14
19811208	0.06	-4.2	1.31
19811209	0.02	-6.11	1.11
19811210	0.0	-6.5	0.97
19811211	0.08	-6.43	0.88
19811212	0.22	-2.74	0.93
19811213	3.75	-0.91	0.88
19811214	0.35	-2.23	0.87
19811215	0.03	-4.78	0.78
19811216	0.0	-8.25	0.93
19811217	0.0	-9.53	0.62
19811218	0.0	-7.58	0.66
19811219	2.65	-0.61	0.73
19811220	17.07	0.77	1.28
19811221	1.46	-0.43	1.46
19811222	0.05	-5.2	0.89
19811223	0.23	-4.81	0.78
19811224	0.34	-4.58	0.67
19811225	0.52	-5.38	0.65
19811226	0.79	-0.05	0.69
19811227	2.51	0.77	0.68
19811228	1.76	0.77	0.72
19811229	3.32	1.79	3.28
19811230	2.55	2.78	9.65
19811231	0.19	1.72	5.27
19820101	0.41	2.01	3.12
19820102	28.66	2.78	21.09
19820103	27.24	2.02	23.25
19820104	19.09	0.34	12.03
19820105	2.55	-3.99	6.06
19820106	0.0	-8.46	3.45
19820107	0.0	-9.74	2.27
19820108	0.99	-4.59	1.64
19820109	0.02	-8.82	1.29
19820110	0.0	-12.54	0.97
19820111	0.0	-9.01	0.88
19820112	0.0	-2.56	0.84
19820113	0.01	0.5	0.96
19820114	0.01	-3.43	0.94
19820115	0.14	-2.71	0.86
19820116	0.48	3.35	4.63
19820117	0.1	4.25	5.98
19820118	0.66	5.76	3.94
19820119	2.91	5.19	3.58
19820120	2.74	5.37	3.43
19820121	5.3	5.0	4.23
19820122	0.68	3.63	3.28
19820123	0.13	4.68	2.32
19820124	1.34	6.4	2.16
19820125	9.47	6.78	4.73
19820126	0.37	2.85	3.42
19820127	2.54	3.46	2.36
19820128	5.03	7.33	2.62
19820129	1.47	8.94	3.18
19820130	2.74	8.0	2.78
19820131	0.49	7.83	2.2
19820201	5.54	6.84	3.13
19820202	0.08	3.08	2.54
19820203	0.08	3.36	1.86
19820204	2.97	6.93	1.82
19820205	0.83	6.91	1.86
19820206	4.85	5.1	2.02
19820207	3.93	2.27	2.66
19820208	10.23	4.12	4.13
19820209	6.42	4.36	5.04
19820210	3.22	6.19	3.43
19820211	1.46	4.25	2.74
19820212	1.91	6.81	2.3
19820213	5.86	4.37	2.93
19820214	0.05	1.07	2.6
19820215	0.0	0.27	1.78
19820216	0.0	0.14	1.47
19820217	0.51	1.88	1.48
19820218	0.74	2.31	1.48
19820219	0.0	2.08	1.31
19820220	0.01	0.7	1.23
19820221	0.27	1.41	1.18
19820222	0.01	1.4	1.15
19820223	0.03	4.23	1.13
19820224	1.17	4.84	1.11
19820225	2.99	5.21	1.17
19820226	2.1	6.09	1.3
19820227	2.3	7.45	1.34
19820228	10.43	6.82	2.46
19820301	14.11	3.94	5.77
19820302	13.99	5.31	8.5
19820303	2.96	3.79	4.61
19820304	0.04	3.45	2.51
19820305	1.93	4.63	1.63
19820306	7.12	2.79	4.84
19820307	2.96	4.55	2.29
19820308	3.81	3.0	2.31
19820309	16.74	5.07	8.49
19820310	6.45	2.98	5.43
19820311	15.92	2.2	12.38
19820312	2.99	2.03	8.47
19820313	2.42	4.8	3.94
19820314	6.22	4.2	4.08
19820315	13.42	3.26	7.01
19820316	6.76	2.71	10.3
19820317	0.1	5.03	3.6
19820318	0.03	3.23	2.55
19820319	1.48	2.6	2.21
19820320	4.04	3.95	1.97
19820321	2.3	5.08	2.72
19820322	0.55	4.92	2.12
19820323	0.01	8.91	1.54
19820324	0.0	8.23	1.36
19820325	0.0	7.77	1.2
19820326	0.0	5.53	1.14
19820327	0.0	7.43	1.07
19820328	0.1	5.34	1.0
19820329	0.0	4.2	0.91
19820330	0.01	4.41	0.86
19820331	0.51	6.72	0.85
19820401	0.3	6.04	0.83
19820402	0.03	6.94	0.79
19820403	5.13	9.08	0.89
19820404	4.83	9.24	1.3
19820405	6.74	9.47	1.47
19820406	10.77	7.9	2.61
19820407	6.55	5.76	5.59
19820408	0.06	3.24	2.37
19820409	0.02	5.18	1.48
19820410	0.0	4.57	1.16
19820411	0.0	4.46	0.97
19820412	0.0	4.48	0.85
19820413	0.01	8.14	0.86
19820414	0.01	9.17	0.8
19820415	0.13	10.27	0.72
19820416	0.0	7.57	0.69
19820417	0.0	6.74	0.73
19820418	0.0	7.41	0.67
19820419	0.0	9.27	0.66
19820420	0.0	6.72	0.64
19820421	0.36	9.9	0.64
19820422	2.14	7.75	0.61
19820423	0.14	8.51	0.62
19820424	0.0	11.31	0.59
19820425	0.0	9.69	0.58
19820426	0.0	10.39	0.58
19820427	0.0	10.6	0.57
19820428	0.0	8.03	0.57
19820429	0.28	8.33	0.51
19820430	1.74	6.26	0.46
19820501	1.2	3.64	0.49
19820502	23.23	4.21	1.03
19820503	4.66	4.77	0.96
19820504	2.0	5.18	0.74
19820505	21.15	4.21	4.51
19820506	0.46	3.18	2.19
19820507	0.06	4.45	1.2
19820508	0.0	7.66	0.92
19820509	0.0	9.73	0.79
19820510	0.02	10.59	0.69
19820511	0.0	8.53	0.65
19820512	0.0	11.8	0.61
19820513	0.0	13.83	0.58
19820514	0.0	13.87	0.56
19820515	3.59	12.65	0.65
19820516	0.29	10.59	0.58
19820517	0.05	10.25	0.53
19820518	6.2	9.95	1.43
19820519	0.05	10.76	0.61
19820520	0.45	9.81	0.54
19820521	7.72	12.77	0.73
19820522	3.39	11.65	0.82
19820523	4.79	11.97	0.77
19820524	1.54	11.71	0.63
19820525	1.75	10.87	0.58
19820526	0.34	9.48	0.52
19820527	2.34	12.18	0.53
19820528	0.02	12.7	0.5
19820529	0.02	12.39	0.48
19820530	0.01	15.59	0.44
19820531	1.14	14.84	0.44
19820601	0.0	17.07	0.42
19820602	0.0	17.13	0.4
19820603	1.06	19.14	0.43
19820604	0.01	18.19	0.4
19820605	0.49	20.76	0.44
19820606	2.55	15.0	0.77
19820607	0.01	14.68	0.45
19820608	0.0	16.8	0.36
19820609	0.02	13.23	0.35
19820610	0.57	12.05	0.34
19820611	30.42	10.67	0.36
19820612	0.35	8.2	2.01
19820613	0.46	10.84	0.88
19820614	0.02	11.23	0.5
19820615	15.68	11.5	0.44
19820616	0.2	10.71	1.36
19820617	0.0	12.59	0.73
19820618	0.0	10.68	0.51
19820619	0.03	11.33	0.46
19820620	0.22	11.56	0.43
19820621	0.16	11.36	0.41
19820622	0.14	10.0	0.38
19820623	0.04	10.22	0.35
19820624	0.19	11.22	0.34
19820625	15.25	10.61	0.33
19820626	6.44	10.61	0.74
19820627	4.69	12.2	0.82
19820628	6.52	13.29	0.62
19820629	0.09	12.02	1.01
19820630	3.72	14.6	0.54
19820701	0.48	12.3	0.45
19820702	0.18	13.27	0.4
19820703	0.79	12.48	0.39
19820704	3.98	12.52	0.43
19820705	2.98	13.67	0.44
19820706	0.67	15.5	0.37
19820707	0.14	14.13	0.38
19820708	0.66	18.33	0.34
19820709	0.09	17.84	0.35
19820710	0.13	13.78	0.33
19820711	0.58	15.12	0.31
19820712	0.28	13.94	0.33
19820713	0.02	16.06	0.33
19820714	5.7	15.97	0.42
19820715	7.04	11.85	0.63
19820716	0.07	13.55	0.35
19820717	0.13	13.02	0.33
19820718	0.0	14.21	0.39
19820719	0.0	17.38	0.4
19820720	0.0	19.38	0.43
19820721	0.0	16.5	0.45
19820722	0.0	17.36	0.41
19820723	0.0	16.81	0.37
19820724	0.0	17.12	0.33
19820725	0.0	13.69	0.28
19820726	0.0	17.23	0.26
19820727	0.0	16.41	0.26
19820728	0.0	15.32	0.26
19820729	0.0	16.5	0.31
19820730	0.0	18.0	0.3
19820731	2.11	16.41	0.36
19820801	2.03	16.01	0.34
19820802	0.11	17.19	0.32
19820803	0.01	19.71	0.29
19820804	0.01	20.57	0.3
19820805	18.03	20.5	4.06
19820806	4.99	16.57	1.0
19820807	1.46	16.11	0.41
19820808	1.55	14.77	0.39
19820809	0.32	14.06	0.32
19820810	0.35	14.38	0.3
19820811	3.51	15.62	0.41
19820812	5.32	12.22	0.49
19820813	0.85	11.76	0.31
19820814	0.3	12.12	0.28
19820815	8.5	13.13	0.54
19820816	5.21	13.05	0.6
19820817	18.69	12.71	2.02
19820818	8.79	11.47	1.16
19820819	6.34	9.84	1.88
19820820	0.06	11.42	0.67
19820821	8.79	11.61	0.9
19820822	4.38	12.35	1.0
19820823	7.12	13.46	0.78
19820824	3.4	12.3	1.52
19820825	12.5	11.1	2.11
19820826	2.66	10.81	2.45
19820827	0.03	9.18	0.9
19820828	6.76	13.44	0.87
19820829	5.86	14.95	1.2
19820830	1.09	10.79	0.9
19820831	0.43	11.21	0.62
19820901	0.11	12.65	0.51
19820902	0.86	12.9	0.48
19820903	1.87	12.98	0.54
19820904	27.61	10.91	2.7
19820905	9.68	8.33	9.89
19820906	6.41	10.4	4.22
19820907	2.55	12.1	2.66
19820908	0.03	10.11	1.45
19820909	1.51	13.74	1.09
19820910	11.27	10.44	4.36
19820911	2.43	12.07	1.6
19820912	0.42	13.6	1.24
19820913	0.01	12.63	0.95
19820914	0.0	14.86	0.77
19820915	1.43	16.02	0.69
19820916	0.01	14.58	0.62
19820917	0.0	17.97	0.58
19820918	0.44	11.53	0.56
19820919	10.38	11.86	1.17
19820920	3.63	10.94	1.32
19820921	0.12	7.66	0.77
19820922	4.92	9.7	1.01
19820923	1.4	8.52	1.3
19820924	19.38	8.96	7.44
19820925	1.7	10.86	2.92
19820926	5.44	11.22	2.1
19820927	28.72	8.94	18.58
19820928	6.29	9.33	5.12
19820929	0.39	7.9	2.52
19820930	2.05	10.84	1.9
19821001	6.17	9.85	1.83
19821002	0.0	9.93	1.37
19821003	1.58	11.06	1.13
19821004	3.4	9.09	1.23
19821005	2.55	9.93	1.22
19821006	0.53	9.29	1.19
19821007	1.08	9.26	1.05
19821008	0.03	9.58	0.91
19821009	1.14	8.75	0.79
19821010	5.23	9.59	1.11
19821011	3.09	8.87	1.74
19821012	8.68	7.41	2.66
19821013	11.63	5.75	6.12
19821014	0.25	5.32	2.36
19821015	4.71	6.83	1.7
19821016	7.53	9.08	4.83
19821017	15.06	9.57	10.09
19821018	3.24	9.4	4.75
19821019	19.4	9.38	12.76
19821020	1.67	7.83	6.25
19821021	0.76	7.71	2.86
19821022	0.63	5.05	1.97
19821023	1.12	6.03	1.45
19821024	0.55	5.09	1.33
19821025	3.41	7.13	1.3
19821026	1.25	9.8	1.29
19821027	0.06	9.84	1.06
19821028	0.01	10.39	0.94
19821029	8.38	9.8	1.68
19821030	24.22	9.51	12.99
19821031	4.78	9.72	5.32
19821101	0.57	6.63	3.84
19821102	0.01	6.02	2.27
19821103	0.92	5.66	1.69
19821104	1.75	8.6	1.7
19821105	22.2	9.69	9.51
19821106	0.26	9.16	5.24
19821107	5.24	8.89	3.36
19821108	0.55	8.31	3.0
19821109	6.4	8.74	2.79
19821110	12.49	6.99	5.74
19821111	8.48	9.02	4.88
19821112	1.29	4.86	4.07
19821113	7.3	3.16	3.12
19821114	0.69	0.19	4.31
19821115	9.37	4.01	4.6
19821116	14.14	3.32	6.23
19821117	13.5	7.19	8.95
19821118	12.34	5.98	10.93
19821119	10.19	4.0	7.87
19821120	5.23	6.65	6.41
19821121	9.66	6.02	7.88
19821122	13.11	3.82	7.0
19821123	23.24	0.72	12.12
19821124	5.36	1.3	9.0
19821125	0.18	1.39	8.42
19821126	0.09	0.75	4.18
19821127	0.84	1.6	3.04
19821128	0.03	1.49	2.66
19821129	0.08	3.9	2.11
19821130	0.02	5.36	1.81
19821201	0.04	0.53	1.52
19821202	0.0	0.24	1.39
19821203	0.02	3.97	1.28
19821204	7.44	4.41	2.06
19821205	1.03	1.86	1.9
19821206	0.0	-0.33	1.46
19821207	21.2	1.91	10.56
19821208	4.04	2.23	6.27
19821209	8.21	1.31	4.08
19821210	0.02	0.75	4.23
19821211	0.0	-2.18	2.28
19821212	0.09	-2.33	1.58
19821213	0.72	-0.33	1.29
19821214	6.11	6.41	2.69
19821215	11.39	5.18	5.21
19821216	3.51	0.04	5.21
19821217	0.02	-2.61	2.54
19821218	23.82	2.23	10.69
19821219	19.41	3.28	14.91
19821220	4.97	2.65	8.43
19821221	0.01	-0.14	3.68
19821222	0.0	-2.56	2.37
19821223	4.52	3.61	3.19
19821224	1.5	6.81	3.22
19821225	2.3	7.21	2.85
19821226	5.98	4.21	2.54
19821227	5.2	3.17	4.59
19821228	1.09	4.96	2.71
19821229	1.82	6.91	2.28
19821230	6.45	4.7	3.92
19821231	12.73	4.8	5.05
19830101	17.45	3.71	9.62
19830102	11.06	5.14	17.37
19830103	11.08	5.11	9.03
19830104	8.36	4.1	7.31
19830105	25.89	6.25	19.69
19830106	9.58	1.58	8.77
19830107	8.64	2.5	8.86
19830108	8.68	5.14	6.57
19830109	1.67	5.36	5.4
19830110	1.98	8.4	4.42
19830111	12.99	6.41	7.01
19830112	3.48	2.37	5.65
19830113	8.35	3.05	4.9
19830114	0.23	6.51	4.03
19830115	0.09	8.13	2.62
19830116	0.27	7.69	2.08
19830117	6.79	3.55	2.53
19830118	1.01	-0.3	1.74
19830119	0.17	0.88	1.49
19830120	2.38	5.54	1.88
19830121	0.26	5.98	1.68
19830122	0.01	2.39	1.43
19830123	5.98	4.12	1.54
19830124	3.28	7.1	2.91
19830125	3.9	6.54	2.18
19830126	7.66	8.09	2.58
19830127	2.28	6.19	3.98
19830128	9.13	5.71	4.87
19830129	10.98	1.38	4.33
19830130	2.75	0.07	3.48
19830131	13.01	2.16	11.57
19830201	0.01	0.35	4.66
19830202	2.67	-0.22	3.0
19830203	0.27	-2.53	2.28
19830204	10.1	0.99	3.33
19830205	2.96	2.8	5.97
19830206	0.02	1.63	3.74
19830207	0.39	0.39	2.72
19830208	0.01	1.03	2.15
19830209	3.19	0.6	1.52
19830210	0.05	-1.88	1.27
19830211	0.22	-0.19	1.13
19830212	0.61	1.53	1.16
19830213	0.01	1.54	1.2
19830214	0.54	2.41	1.18
19830215	0.61	3.11	1.13
19830216	0.66	0.77	1.21
19830217	0.05	-0.93	1.11
19830218	0.0	-1.95	1.02
19830219	0.22	0.1	0.87
19830220	0.19	0.92	0.9
19830221	0.0	-0.15	0.82
19830222	0.0	-0.7	0.76
19830223	0.01	-0.98	0.74
19830224	0.0	0.47	0.71
19830225	0.2	4.53	0.77
19830226	8.36	3.57	1.69
19830227	6.09	3.74	2.23
19830228	0.13	1.48	1.4
19830301	3.09	3.21	1.22
19830302	12.06	6.5	2.97
19830303	0.63	4.37	4.69
19830304	1.93	5.58	2.07
19830305	4.25	7.72	3.06
19830306	0.66	7.67	2.43
19830307	0.08	7.15	1.71
19830308	0.01	6.56	1.38
19830309	0.01	8.22	1.22
19830310	3.8	5.1	1.4
19830311	0.76	3.98	1.37
19830312	4.1	6.6	1.67
19830313	2.0	7.3	2.05
19830314	0.85	5.36	1.89
19830315	3.98	7.88	1.55
19830316	6.76	8.64	3.24
19830317	4.78	8.43	3.85
19830318	24.01	7.28	15.61
19830319	8.91	6.32	6.76
19830320	7.26	3.78	4.81
19830321	10.16	1.59	5.32
19830322	3.75	4.72	4.91
19830323	6.76	1.95	7.27
19830324	2.12	3.51	2.93
19830325	0.23	3.66	2.25
19830326	4.7	3.07	2.02
19830327	0.12	1.99	1.78
19830328	2.25	5.2	1.53
19830329	5.3	5.01	2.06
19830330	3.9	3.81	2.53
19830331	0.52	3.51	2.11
19830401	1.25	3.33	1.45
19830402	0.15	1.58	1.27
19830403	5.75	2.44	1.38
19830404	3.54	2.69	3.39
19830405	2.22	3.11	2.55
19830406	1.47	2.04	1.73
19830407	1.41	2.71	1.56
19830408	0.37	4.25	1.34
19830409	0.42	3.44	1.2
19830410	0.18	3.78	1.12
19830411	0.25	3.48	1.05
19830412	0.81	7.25	0.86
19830413	0.19	7.7	0.78
19830414	0.01	8.3	0.72
19830415	1.24	8.31	0.73
19830416	9.4	3.66	1.3
19830417	0.08	2.5	1.1
19830418	0.78	5.04	0.86
19830419	0.69	3.81	0.78
19830420	2.49	5.83	0.77
19830421	0.13	3.9	0.83
19830422	2.3	6.61	0.93
19830423	3.01	8.31	0.96
19830424	3.54	7.64	1.31
19830425	0.12	7.96	0.87
19830426	0.16	7.77	0.76
19830427	1.18	6.82	0.72
19830428	1.24	7.88	0.91
19830429	2.36	6.17	0.78
19830430	0.0	7.69	0.68
19830501	0.31	6.71	0.64
19830502	5.46	6.35	0.77
19830503	0.11	7.97	0.7
19830504	0.03	9.08	0.61
19830505	14.92	9.83	2.14
19830506	7.29	10.43	4.65
19830507	1.89	9.7	2.51
19830508	2.48	8.67	1.67
19830509	1.0	6.32	1.4
19830510	1.79	7.15	1.21
19830511	1.41	8.02	0.98
19830512	3.79	9.12	1.02
19830513	5.03	8.64	1.31
19830514	3.19	9.58	1.09
19830515	3.74	9.83	0.98
19830516	2.69	9.87	1.24
19830517	2.03	8.41	0.87
19830518	0.5	8.13	0.77
19830519	0.15	9.37	0.71
19830520	0.37	9.23	0.67
19830521	0.81	9.44	0.61
19830522	1.05	6.38	0.62
19830523	0.02	10.69	0.55
19830524	0.2	10.96	0.56
19830525	0.1	10.76	0.51
19830526	0.06	9.04	0.47
19830527	8.91	7.68	0.68
19830528	0.65	8.01	0.64
19830529	0.37	7.87	0.57
19830530	1.16	9.96	0.51
19830531	1.18	10.47	0.52
19830601	23.49	8.48	2.67
19830602	1.5	7.61	2.48
19830603	12.71	8.86	4.02
19830604	0.73	12.71	2.5
19830605	0.01	7.76	1.37
19830606	0.29	10.29	1.03
19830607	0.77	14.17	0.97
19830608	5.03	14.86	1.02
19830609	0.19	11.41	0.76
19830610	2.83	12.84	0.74
19830611	0.31	11.44	0.65
19830612	0.64	10.74	0.59
19830613	4.11	10.82	0.61
19830614	0.72	9.8	0.53
19830615	1.33	10.82	0.48
19830616	2.27	11.16	0.55
19830617	0.02	12.65	0.48
19830618	0.0	15.42	0.46
19830619	0.0	18.12	0.61
19830620	0.0	15.37	0.44
19830621	0.0	12.81	0.45
19830622	0.0	15.03	0.43
19830623	0.0	10.89	0.43
19830624	0.0	12.24	0.4
19830625	0.04	15.27	0.49
19830626	0.0	13.12	0.45
19830627	0.99	12.59	0.37
19830628	5.92	11.42	0.49
19830629	0.02	11.94	0.41
19830630	0.0	12.53	0.37
19830701	16.64	12.21	1.32
19830702	1.41	12.63	0.59
19830703	0.07	12.87	0.49
19830704	1.14	15.25	0.44
19830705	0.08	15.84	0.43
19830706	1.68	19.45	0.45
19830707	0.0	17.3	0.38
19830708	0.1	19.14	0.36
19830709	0.0	18.97	0.35
19830710	0.0	16.73	0.33
19830711	0.0	20.04	0.35
19830712	0.0	21.55	0.33
19830713	0.0	19.37	0.33
19830714	0.0	18.46	0.33
19830715	0.0	12.55	0.31
19830716	0.0	14.82	0.29
19830717	0.01	17.25	0.29
19830718	0.0	13.91	0.29
19830719	0.0	13.66	0.29
19830720	0.01	14.12	0.41
19830721	0.0	16.92	0.45
19830722	0.0	20.04	0.35
19830723	0.86	18.49	0.36
19830724	1.57	17.75	0.4
19830725	0.81	17.04	0.37
19830726	0.01	16.95	0.35
19830727	0.15	17.07	0.33
19830728	0.0	16.56	0.32
19830729	0.0	14.55	0.33
19830730	0.51	16.35	0.34
19830731	0.06	12.39	0.33
19830801	0.56	11.67	0.33
19830802	0.78	12.21	0.33
19830803	9.1	14.03	0.35
19830804	0.0	13.8	0.34
19830805	0.0	15.12	0.26
19830806	0.0	16.73	0.25
19830807	0.0	16.29	0.25
19830808	0.0	16.43	0.3
19830809	0.0	16.14	0.31
19830810	0.0	18.22	0.28
19830811	0.0	14.69	0.28
19830812	0.0	15.1	0.27
19830813	0.0	16.66	0.25
19830814	0.0	19.36	0.26
19830815	2.73	15.02	0.27
19830816	0.15	12.52	0.28
19830817	10.74	17.09	0.49
19830818	0.04	16.98	0.34
19830819	0.0	18.29	0.29
19830820	0.15	17.19	0.29
19830821	0.36	17.2	0.27
19830822	8.3	16.63	0.3
19830823	6.01	14.52	0.65
19830824	0.08	17.09	0.3
19830825	0.0	17.95	0.27
19830826	0.01	17.6	0.25
19830827	0.0	15.38	0.24
19830828	0.0	12.3	0.22
19830829	0.0	15.28	0.24
19830830	0.0	14.4	0.24
19830831	5.0	14.95	0.36
19830901	1.2	13.77	0.31
19830902	10.02	13.85	0.59
19830903	0.17	10.93	0.38
19830904	5.79	12.65	0.4
19830905	3.19	10.79	0.33
19830906	0.02	8.2	0.26
19830907	3.55	10.87	0.3
19830908	14.81	11.25	1.1
19830909	13.54	10.75	0.79
19830910	3.08	9.4	1.11
19830911	0.0	7.61	0.42
19830912	0.0	9.84	0.34
19830913	2.84	10.58	0.42
19830914	9.05	12.04	0.98
19830915	16.44	11.84	2.32
19830916	2.52	12.18	1.19
19830917	5.99	11.58	0.88
19830918	6.01	11.25	0.83
19830919	12.61	10.1	1.39
19830920	4.05	7.48	1.54
19830921	1.49	8.06	0.87
19830922	22.16	11.09	2.94
19830923	0.83	14.44	3.83
19830924	0.83	6.95	1.46
19830925	0.01	10.77	1.05
19830926	0.93	14.66	0.8
19830927	0.51	14.13	1.1
19830928	1.18	11.22	0.98
19830929	5.53	9.41	1.28
19830930	3.49	11.27	0.85
19831001	4.77	13.01	1.25
19831002	4.72	13.63	1.36
19831003	13.18	15.44	2.87
19831004	21.04	13.01	8.75
19831005	6.36	10.36	7.89
19831006	4.48	9.24	4.26
19831007	19.05	7.99	6.88
19831008	5.62	6.0	6.13
19831009	10.81	9.22	5.66
19831010	13.77	7.52	9.62
19831011	11.05	8.49	5.8
19831012	7.3	10.67	9.86
19831013	3.93	9.1	3.9
19831014	10.25	7.83	6.47
19831015	18.85	7.42	8.02
19831016	10.56	7.55	12.1
19831017	14.51	9.1	6.06
19831018	11.48	8.84	12.05
19831019	1.47	6.3	5.19
19831020	0.03	2.99	3.13
19831021	0.1	4.07	2.25
19831022	0.06	8.29	1.71
19831023	5.4	3.5	2.4
19831024	1.07	4.8	1.71
19831025	2.07	9.3	1.78
19831026	4.0	8.81	1.66
19831027	2.41	4.81	2.44
19831028	0.05	2.19	1.53
19831029	2.25	6.33	1.34
19831030	1.36	8.92	1.65
19831031	2.41	10.63	1.33
19831101	0.58	8.38	1.35
19831102	2.04	8.04	1.35
19831103	0.59	8.36	1.22
19831104	0.27	7.2	1.11
19831105	0.04	7.81	1.05
19831106	0.36	9.74	0.98
19831107	0.01	11.24	0.92
19831108	0.04	10.35	0.82
19831109	0.01	8.63	0.73
19831110	0.22	8.41	0.68
19831111	0.02	7.93	0.93
19831112	0.01	7.24	0.77
19831113	0.08	2.62	0.68
19831114	0.0	2.63	0.6
19831115	0.0	4.1	0.57
19831116	0.0	4.7	0.59
19831117	0.0	4.64	0.58
19831118	0.06	5.9	0.58
19831119	1.01	4.47	0.59
19831120	0.05	1.54	0.6
19831121	0.0	-1.76	0.5
19831122	0.26	0.23	0.49
19831123	0.08	1.38	0.49
19831124	2.71	5.44	0.51
19831125	9.91	9.98	1.72
19831126	3.86	8.6	1.57
19831127	4.95	6.68	1.8
19831128	0.03	3.57	1.54
19831129	0.07	-0.35	0.98
19831130	0.06	2.73	0.79
19831201	0.2	7.44	0.77
19831202	0.66	9.4	0.69
19831203	0.96	9.64	0.67
19831204	5.1	7.63	1.0
19831205	0.01	3.27	0.89
19831206	0.01	0.22	0.69
19831207	4.34	5.57	0.95
19831208	3.87	6.48	1.22
19831209	0.06	1.43	1.14
19831210	0.0	-0.61	0.79
19831211	3.76	-0.74	0.73
19831212	7.43	2.44	1.23
19831213	10.48	7.46	3.54
19831214	0.87	3.42	4.08
19831215	0.14	1.03	1.88
19831216	0.31	3.77	1.41
19831217	8.68	2.85	2.42
19831218	0.7	3.76	1.92
19831219	4.73	5.7	1.74
19831220	4.36	6.0	2.46
19831221	0.21	3.84	2.12
19831222	4.91	2.85	3.05
19831223	6.93	2.51	2.46
19831224	19.67	5.71	17.63
19831225	3.89	3.83	10.11
19831226	4.39	6.09	6.4
19831227	12.71	9.72	13.58
19831228	0.81	7.04	6.54
19831229	4.2	5.76	4.96
19831230	6.59	5.29	5.48
19831231	24.75	6.61	21.31
19840101	10.54	3.79	62.44
19840102	19.86	3.26	37.06
19840103	0.44	1.14	12.17
19840104	4.56	2.53	7.6
19840105	1.99	4.7	4.84
19840106	5.92	2.9	3.05
19840107	0.79	1.8	1.61
19840108	0.02	-0.3	0.71
19840109	0.84	2.95	0.68
19840110	8.41	7.44	3.4
19840111	17.35	3.78	8.87
19840112	29.65	4.26	20.29
19840113	11.42	1.35	8.27
19840114	8.29	-0.75	4.52
19840115	9.52	-0.32	3.31
19840116	12.04	0.62	3.57
19840117	4.69	0.07	4.11
19840118	3.97	-1.27	4.19
19840119	0.05	-6.05	2.67
19840120	0.03	-6.0	1.8
19840121	2.33	-1.1	1.5
19840122	3.76	-0.39	1.66
19840123	9.89	-1.23	1.84
19840124	0.65	-3.35	1.51
19840125	0.14	-3.3	1.32
19840126	6.83	-0.51	1.76
19840127	0.21	1.55	3.38
19840128	0.84	2.3	7.39
19840129	0.53	2.05	7.93
19840130	1.3	0.76	7.71
19840131	1.24	-0.78	4.13
19840201	8.8	2.83	9.3
19840202	5.65	4.39	10.94
19840203	9.61	3.72	8.07
19840204	23.95	3.52	17.25
19840205	17.97	2.48	18.44
19840206	8.26	0.87	8.87
19840207	14.39	1.32	6.29
19840208	0.18	1.56	5.51
19840209	1.04	3.35	5.73
19840210	0.53	6.03	4.78
19840211	0.25	5.75	3.04
19840212	0.01	4.53	2.39
19840213	0.04	3.35	1.9
19840214	0.06	1.66	1.66
19840215	0.01	1.38	1.49
19840216	4.7	4.22	1.62
19840217	0.75	5.1	2.05
19840218	0.0	2.51	1.51
19840219	0.0	-0.2	1.3
19840220	1.78	0.77	1.2
19840221	4.36	2.9	1.7
19840222	1.1	3.65	1.74
19840223	3.03	1.93	1.44
19840224	1.64	2.99	1.83
19840225	1.23	2.53	1.75
19840226	0.01	0.42	1.47
19840227	0.03	1.83	1.28
19840228	0.52	3.59	1.22
19840229	0.6	5.82	1.12
19840301	9.18	2.91	2.14
19840302	0.04	1.22	1.82
19840303	8.89	4.8	1.87
19840304	0.03	6.14	2.24
19840305	0.24	7.48	1.42
19840306	0.13	8.08	1.25
19840307	0.23	5.9	1.11
19840308	0.15	5.05	1.01
19840309	0.14	5.41	0.94
19840310	0.06	5.72	0.95
19840311	9.02	3.81	2.13
19840312	0.5	3.39	1.5
19840313	2.81	2.81	1.45
19840314	0.09	3.06	1.29
19840315	0.02	0.8	1.06
19840316	0.0	0.74	0.94
19840317	0.0	1.5	0.85
19840318	0.0	1.82	0.81
19840319	0.0	2.78	0.79
19840320	0.01	2.22	0.81
19840321	0.05	3.3	0.71
19840322	0.02	3.73	0.69
19840323	6.87	5.03	1.0
19840324	18.33	1.86	3.83
19840325	8.71	3.62	5.93
19840326	3.78	2.49	5.71
19840327	0.76	4.42	2.55
19840328	1.66	3.59	2.07
19840329	6.16	4.3	2.31
19840330	0.44	2.08	2.34
19840331	0.03	2.62	1.42
19840401	0.0	0.95	1.18
19840402	0.0	2.97	1.1
19840403	0.0	4.43	0.99
19840404	0.0	3.95	0.87
19840405	0.0	5.18	0.84
19840406	0.84	5.16	0.8
19840407	0.22	5.71	0.88
19840408	0.16	5.49	0.89
19840409	1.24	7.3	0.84
19840410	6.01	5.43	1.0
19840411	0.81	3.46	0.9
19840412	0.62	6.59	0.78
19840413	0.31	8.81	0.7
19840414	0.34	5.07	0.67
19840415	0.11	4.65	0.62
19840416	0.02	3.95	0.59
19840417	6.34	6.84	0.7
19840418	4.96	8.65	0.86
19840419	0.83	9.23	0.86
19840420	0.31	11.06	0.74
19840421	0.71	6.42	0.67
19840422	0.01	7.33	0.58
19840423	0.0	10.75	0.55
19840424	0.0	13.12	0.55
19840425	0.0	12.61	0.51
19840426	0.0	11.96	0.5
19840427	0.0	12.6	0.48
19840428	0.0	9.9	0.49
19840429	0.0	10.05	0.49
19840430	0.0	10.16	0.5
19840501	0.0	8.3	0.5
19840502	0.0	9.86	0.46
19840503	1.38	10.77	0.48
19840504	0.0	9.23	0.47
19840505	0.0	11.07	0.44
19840506	0.0	4.91	0.41
19840507	0.0	5.92	0.4
19840508	0.0	9.02	0.43
19840509	0.05	9.39	0.45
19840510	0.09	9.82	0.45
19840511	0.0	7.41	0.43
19840512	0.0	7.9	0.42
19840513	0.0	9.08	0.41
19840514	0.0	9.71	0.42
19840515	0.0	10.6	0.42
19840516	1.83	9.37	0.43
19840517	0.0	9.9	0.45
19840518	0.0	9.89	0.43
19840519	0.0	10.3	0.41
19840520	1.67	9.96	0.43
19840521	3.33	10.39	0.44
19840522	0.13	13.56	0.44
19840523	0.32	15.07	0.45
19840524	6.53	13.06	0.44
19840525	5.84	6.65	0.62
19840526	1.5	5.69	0.47
19840527	0.0	9.15	0.41
19840528	0.0	11.93	0.36
19840529	0.05	11.54	0.36
19840530	0.01	13.03	0.36
19840531	1.95	14.96	0.38
19840601	20.79	10.34	1.51
19840602	0.04	11.09	0.57
19840603	7.1	9.31	0.78
19840604	3.96	12.72	0.66
19840605	4.46	13.59	0.73
19840606	0.81	13.6	0.79
19840607	0.0	14.41	0.55
19840608	0.0	14.66	0.38
19840609	0.0	13.59	0.36
19840610	0.0	11.65	0.35
19840611	0.15	13.56	0.35
19840612	2.49	13.2	0.44
19840613	0.96	11.81	0.52
19840614	0.0	12.07	0.37
19840615	0.03	16.57	0.35
19840616	0.68	17.31	0.34
19840617	0.04	15.0	0.33
19840618	0.04	16.9	0.34
19840619	0.01	16.31	0.34
19840620	1.98	12.9	0.37
19840621	14.8	11.4	0.87
19840622	0.43	10.91	0.64
19840623	0.14	9.46	0.38
19840624	0.33	12.82	0.41
19840625	0.09	14.24	0.37
19840626	0.18	14.47	0.42
19840627	0.04	10.8	0.55
19840628	0.0	11.78	0.43
19840629	0.01	11.65	0.42
19840630	0.0	10.9	0.42
19840701	0.08	12.35	0.35
19840702	0.0	10.88	0.33
19840703	0.0	13.13	0.32
19840704	0.0	13.64	0.3
19840705	0.0	16.79	0.28
19840706	0.01	17.25	0.33
19840707	0.0	15.7	0.57
19840708	0.01	20.14	0.6
19840709	0.06	17.59	0.55
19840710	0.22	17.03	0.53
19840711	9.36	15.97	0.6
19840712	2.02	15.83	0.78
19840713	0.13	13.55	0.51
19840714	0.44	13.36	0.37
19840715	0.2	12.99	0.38
19840716	0.04	15.56	0.36
19840717	0.0	16.18	0.33
19840718	0.0	18.52	0.46
19840719	0.0	17.5	0.33
19840720	0.0	18.37	0.26
19840721	0.0	15.98	0.27
19840722	0.0	15.75	0.27
19840723	0.0	16.66	0.26
19840724	0.0	17.25	0.26
19840725	0.01	18.64	0.26
19840726	0.13	17.63	0.26
19840727	5.49	14.56	0.32
19840728	0.22	15.58	0.32
19840729	0.02	15.65	0.31
19840730	6.19	16.93	0.39
19840731	1.57	12.24	0.43
19840801	9.12	15.8	0.38
19840802	5.06	13.32	0.46
19840803	0.14	13.04	0.27
19840804	0.01	11.41	0.41
19840805	0.51	13.5	0.42
19840806	6.28	12.41	0.66
19840807	0.01	14.18	0.46
19840808	0.0	15.32	0.38
19840809	0.02	12.11	0.32
19840810	0.0	15.15	0.28
19840811	0.0	15.63	0.26
19840812	0.0	15.59	0.25
19840813	0.0	16.5	0.25
19840814	0.0	14.44	0.27
19840815	0.0	15.57	0.27
19840816	0.0	14.07	0.22
19840817	0.13	17.75	0.22
19840818	1.68	16.37	0.25
19840819	0.0	18.15	0.22
19840820	0.0	19.54	0.23
19840821	0.0	18.62	0.24
19840822	0.0	19.33	0.22
19840823	0.0	18.59	0.22
19840824	0.01	13.17	0.24
19840825	0.0	15.07	0.2
19840826	0.01	18.32	0.35
19840827	0.0	16.91	0.34
19840828	21.13	13.56	1.18
19840829	2.1	14.47	0.57
19840830	7.12	14.36	0.66
19840831	3.75	14.04	0.4
19840901	26.09	12.76	1.44
19840902	6.26	15.75	1.67
19840903	1.58	11.57	0.72
19840904	0.14	9.48	0.51
19840905	0.0	10.03	0.4
19840906	0.0	11.37	0.33
19840907	0.04	12.62	0.33
19840908	10.6	12.1	0.64
19840909	0.27	11.73	0.47
19840910	1.31	11.32	0.41
19840911	0.13	12.18	0.34
19840912	2.88	12.9	0.35
19840913	21.0	13.47	1.85
19840914	1.89	13.0	1.04
19840915	0.13	13.62	0.51
19840916	1.67	11.29	0.42
19840917	0.02	8.59	0.4
19840918	1.93	10.73	0.4
19840919	3.28	9.75	0.45
19840920	6.72	8.91	0.49
19840921	2.12	8.32	0.57
19840922	6.0	8.13	1.0
19840923	2.22	8.99	0.6
19840924	0.04	9.84	0.44
19840925	0.04	10.06	0.42
19840926	4.4	10.66	0.48
19840927	13.65	12.28	1.08
19840928	4.53	9.78	2.24
19840929	9.7	11.19	1.72
19840930	7.72	6.85	2.29
19841001	1.44	5.68	3.39
19841002	1.49	5.87	1.48
19841003	9.41	6.54	2.81
19841004	0.04	6.45	1.93
19841005	0.04	7.92	1.12
19841006	1.1	8.99	0.81
19841007	4.02	11.19	0.75
19841008	0.98	10.54	0.72
19841009	0.62	9.53	0.58
19841010	6.83	9.67	0.78
19841011	0.68	8.67	0.75
19841012	13.92	10.38	3.45
19841013	2.97	10.68	3.25
19841014	1.36	12.28	1.67
19841015	0.06	9.85	1.28
19841016	1.67	9.56	1.14
19841017	5.81	9.14	1.36
19841018	20.78	8.29	9.62
19841019	6.3	7.79	3.39
19841020	0.77	7.27	2.67
19841021	27.48	9.51	12.09
19841022	1.16	8.88	6.22
19841023	3.66	7.93	3.16
19841024	46.0	8.2	26.57
19841025	2.17	7.47	12.5
19841026	0.62	6.1	4.65
19841027	3.5	8.43	3.39
19841028	12.73	8.8	3.49
19841029	18.37	10.39	17.81
19841030	5.26	8.71	5.78
19841031	0.17	10.79	3.85
19841101	16.27	9.19	7.07
19841102	3.49	7.28	5.54
19841103	34.7	4.54	21.13
19841104	0.01	2.17	7.09
19841105	1.08	-0.35	4.34
19841106	3.79	1.03	3.38
19841107	1.86	5.77	3.3
19841108	11.99	9.15	6.45
19841109	23.29	8.33	11.98
19841110	0.55	8.33	7.37
19841111	6.64	8.49	4.74
19841112	0.07	6.2	4.33
19841113	0.05	6.41	2.78
19841114	0.01	5.24	2.09
19841115	3.91	4.59	1.84
19841116	2.73	5.08	2.16
19841117	2.61	5.25	1.99
19841118	2.71	4.78	2.05
19841119	0.11	3.13	2.15
19841120	1.31	3.19	1.54
19841121	16.17	6.83	4.34
19841122	4.25	6.07	5.77
19841123	7.18	6.63	4.31
19841124	20.23	6.55	10.78
19841125	2.58	5.23	7.35
19841126	14.32	6.31	4.84
19841127	23.99	7.24	19.08
19841128	1.66	6.22	6.62
19841129	0.83	9.04	3.91
19841130	0.18	6.35	2.91
19841201	9.5	3.47	4.24
19841202	1.17	3.78	3.21
19841203	3.13	5.75	2.68
19841204	1.38	7.35	2.17
19841205	2.52	5.08	2.53
19841206	9.17	6.3	2.9
19841207	4.61	8.13	5.8
19841208	2.8	4.71	3.63
19841209	0.51	6.99	2.35
19841210	0.26	7.72	1.84
19841211	0.0	5.22	1.56
19841212	0.07	3.16	1.41
19841213	1.45	4.08	1.33
19841214	0.47	5.04	1.35
19841215	0.19	1.08	1.15
19841216	4.71	1.08	1.42
19841217	7.53	1.65	4.59
19841218	6.15	3.46	2.65
19841219	22.87	6.02	12.8
19841220	4.0	3.01	7.14
19841221	2.9	4.51	4.19
19841222	5.29	8.6	3.89
19841223	8.58	6.69	4.74
19841224	0.96	3.54	4.24
19841225	3.41	2.13	4.05
19841226	0.09	-3.18	2.51
19841227	0.38	-2.18	1.77
19841228	3.18	2.97	1.96
19841229	4.57	4.28	3.15
19841230	1.13	5.89	2.63
19841231	0.01	2.9	1.98
19850101	0.05	1.21	1.66
19850102	0.0	-1.05	1.4
19850103	0.03	-0.86	1.21
19850104	0.35	0.31	1.06
19850105	0.09	0.27	1.03
19850106	0.2	1.59	0.95
19850107	0.06	0.03	0.92
19850108	0.0	0.63	0.85
19850109	0.0	0.26	0.79
19850110	0.0	-1.56	0.78
19850111	0.0	-3.18	0.71
19850112	0.0	-3.02	0.68
19850113	1.17	-1.79	0.66
19850114	0.34	-0.62	0.63
19850115	4.69	-0.89	0.68
19850116	8.31	0.09	0.79
19850117	2.31	-0.06	0.82
19850118	0.13	0.8	0.83
19850119	0.14	-1.21	0.97
19850120	0.62	-1.66	0.92
19850121	12.74	0.71	1.61
19850122	0.33	-0.39	1.85
19850123	0.01	-1.25	1.12
19850124	1.55	-2.51	0.86
19850125	0.15	-4.87	0.69
19850126	0.08	-5.57	0.61
19850127	6.95	-2.1	0.8
19850128	2.21	3.57	2.4
19850129	0.37	4.82	9.77
19850130	7.73	6.28	7.39
19850131	5.3	6.25	6.07
19850201	6.61	6.61	5.48
19850202	1.05	4.93	3.22
19850203	0.72	4.94	2.37
19850204	0.05	5.18	1.78
19850205	0.0	3.79	1.45
19850206	0.02	3.79	1.22
19850207	1.72	1.61	1.23
19850208	0.17	0.02	1.07
19850209	0.02	-1.94	0.84
19850210	0.12	-2.43	0.74
19850211	0.0	-4.66	0.64
19850212	0.05	-3.54	0.68
19850213	0.54	-0.83	0.66
19850214	0.01	-3.61	0.59
19850215	0.0	-3.24	0.59
19850216	0.0	-2.09	0.77
19850217	0.2	-0.5	0.86
19850218	1.43	1.21	0.86
19850219	6.7	1.96	1.4
19850220	0.25	2.51	0.99
19850221	0.01	4.33	1.0
19850222	7.89	5.9	1.51
19850223	2.8	7.68	3.19
19850224	0.02	3.97	1.9
19850225	0.04	4.13	1.44
19850226	0.01	4.95	1.28
19850227	0.02	5.39	1.15
19850228	0.05	3.57	1.08
19850301	0.67	2.32	1.09
19850302	0.98	3.33	1.09
19850303	8.42	4.97	1.51
19850304	0.76	4.0	1.85
19850305	0.08	5.78	1.35
19850306	0.34	5.55	1.14
19850307	0.03	4.79	1.0
19850308	2.09	6.97	0.97
19850309	3.63	7.81	0.98
19850310	0.02	4.33	0.79
19850311	0.03	4.46	0.74
19850312	1.61	5.42	0.74
19850313	0.06	3.64	0.71
19850314	0.54	1.93	0.63
19850315	1.04	0.28	0.65
19850316	0.0	0.58	0.58
19850317	0.0	0.53	0.53
19850318	0.0	1.61	0.54
19850319	0.04	-0.62	0.54
19850320	0.01	0.77	0.54
19850321	0.08	1.69	0.51
19850322	2.37	4.25	0.61
19850323	6.97	3.74	0.68
19850324	1.68	2.53	0.93
19850325	3.16	3.36	1.28
19850326	1.4	3.51	1.1
19850327	0.22	3.79	0.82
19850328	4.63	2.98	0.79
19850329	15.9	-0.14	1.13
19850330	14.48	4.07	8.36
19850331	11.98	7.03	14.12
19850401	12.96	8.17	11.64
19850402	3.14	9.7	5.01
19850403	2.43	10.05	3.32
19850404	4.1	9.79	2.64
19850405	4.39	8.99	2.15
19850406	3.14	6.22	2.69
19850407	1.9	7.42	1.92
19850408	1.99	4.92	1.65
19850409	0.9	5.04	1.57
19850410	3.46	5.14	1.44
19850411	2.2	4.87	1.65
19850412	3.85	5.99	1.66
19850413	1.57	6.2	2.01
19850414	0.1	5.84	1.41
19850415	3.73	8.64	1.53
19850416	0.32	9.76	1.4
19850417	0.01	9.03	1.11
19850418	3.89	11.67	1.05
19850419	0.1	6.0	1.08
19850420	0.07	6.21	0.82
19850421	0.01	4.77	0.74
19850422	0.01	8.67	0.7
19850423	0.01	4.1	0.72
19850424	0.2	7.44	0.62
19850425	0.03	4.18	0.58
19850426	2.08	5.62	0.65
19850427	0.13	2.48	0.59
19850428	6.7	3.15	0.82
19850429	3.0	7.81	0.69
19850430	1.41	7.92	0.67
19850501	0.05	5.78	0.63
19850502	0.01	6.78	0.83
19850503	0.0	8.12	0.56
19850504	0.0	7.24	0.51
19850505	0.85	7.26	0.5
19850506	0.13	7.79	0.47
19850507	0.07	10.05	0.48
19850508	0.14	12.66	0.47
19850509	0.41	9.41	0.45
19850510	0.07	7.67	0.43
19850511	0.0	6.78	0.41
19850512	0.0	9.5	0.4
19850513	0.02	11.44	0.44
19850514	7.49	9.42	0.77
19850515	0.58	10.23	0.51
19850516	0.52	11.15	0.45
19850517	1.45	12.87	0.46
19850518	10.73	11.3	1.03
19850519	0.64	8.87	0.68
19850520	0.05	9.27	0.54
19850521	0.0	9.63	0.53
19850522	0.03	9.63	0.49
19850523	16.08	10.56	0.94
19850524	4.49	9.26	1.7
19850525	9.17	12.0	1.99
19850526	0.3	13.93	1.2
19850527	1.32	11.2	0.8
19850528	0.15	9.46	0.63
19850529	0.0	8.8	0.55
19850530	0.0	12.42	0.5
19850531	0.0	12.86	0.45
19850601	0.0	13.96	0.43
19850602	0.0	13.99	0.41
19850603	0.0	14.61	0.41
19850604	0.0	13.79	0.45
19850605	0.38	9.57	0.48
19850606	3.04	7.87	0.46
19850607	3.15	7.0	0.5
19850608	4.62	9.4	0.48
19850609	0.18	10.24	0.44
19850610	0.63	11.46	0.4
19850611	4.9	9.54	0.53
19850612	2.72	9.02	0.52
19850613	4.22	7.8	0.57
19850614	1.25	8.81	0.48
19850615	0.01	8.92	0.41
19850616	0.01	10.93	0.38
19850617	4.47	10.72	0.62
19850618	0.32	10.32	0.47
19850619	0.81	11.92	0.48
19850620	1.26	14.85	0.42
19850621	3.99	12.47	0.53
19850622	3.41	12.77	0.48
19850623	8.36	12.13	0.69
19850624	0.87	11.25	0.61
19850625	6.21	12.59	0.66
19850626	1.46	12.08	0.66
19850627	2.83	11.83	0.58
19850628	0.78	11.19	0.47
19850629	1.21	12.17	0.4
19850630	0.3	14.45	0.39
19850701	0.04	13.5	0.35
19850702	0.01	17.12	0.37
19850703	1.98	16.45	0.44
19850704	6.27	19.35	0.46
19850705	8.88	12.47	1.07
19850706	0.06	12.48	0.44
19850707	1.33	13.88	0.37
19850708	1.07	13.36	0.4
19850709	0.11	12.97	0.35
19850710	0.88	14.12	0.36
19850711	15.34	15.25	1.51
19850712	6.59	12.28	1.26
19850713	7.6	13.74	0.96
19850714	0.35	11.73	0.96
19850715	11.62	12.36	2.78
19850716	4.11	13.49	1.94
19850717	12.02	12.3	5.36
19850718	4.09	11.57	2.17
19850719	2.7	11.19	1.46
19850720	5.05	10.94	2.29
19850721	12.04	12.8	2.0
19850722	17.3	12.16	17.84
19850723	11.57	13.96	6.08
19850724	1.82	16.98	4.15
19850725	8.06	18.09	5.27
19850726	49.77	13.56	31.34
19850727	6.01	12.11	21.33
19850728	11.79	13.68	7.1
19850729	4.68	13.2	6.61
19850730	0.04	15.02	3.49
19850731	0.0	12.88	2.21
19850801	16.03	13.14	3.5
19850802	8.27	13.09	7.15
19850803	4.04	11.98	4.48
19850804	0.16	12.23	2.81
19850805	0.35	13.02	1.67
19850806	0.37	12.88	1.32
19850807	0.35	11.17	1.18
19850808	1.7	9.88	1.09
19850809	1.86	10.86	0.99
19850810	0.82	12.5	0.78
19850811	12.1	11.36	1.23
19850812	4.15	12.0	1.34
19850813	7.9	12.65	2.5
19850814	25.48	12.07	9.7
19850815	14.93	12.27	10.86
19850816	2.78	11.78	6.2
19850817	1.64	14.32	2.97
19850818	1.6	14.99	2.32
19850819	4.12	14.59	2.2
19850820	11.36	13.68	5.77
19850821	6.25	12.74	3.89
19850822	4.26	11.91	3.95
19850823	14.46	12.41	5.13
19850824	5.99	12.6	4.11
19850825	1.18	11.03	3.29
19850826	8.67	12.05	2.48
19850827	12.42	13.72	6.72
19850828	1.17	10.24	4.41
19850829	3.19	12.45	2.78
19850830	2.37	13.38	2.25
19850831	19.72	12.61	12.65
19850901	0.53	12.24	5.73
19850902	18.5	10.63	9.05
19850903	0.54	9.18	5.02
19850904	4.8	9.06	3.94
19850905	0.07	8.08	2.94
19850906	1.1	9.26	1.91
19850907	13.53	8.47	4.84
19850908	1.31	10.46	3.34
19850909	0.63	13.32	2.5
19850910	0.02	12.38	1.94
19850911	0.0	12.3	1.53
19850912	3.04	13.58	1.44
19850913	3.99	12.27	1.46
19850914	8.57	11.14	1.73
19850915	3.11	10.82	1.55
19850916	5.6	11.4	3.63
19850917	3.97	10.64	2.07
19850918	52.02	10.95	41.41
19850919	0.49	9.77	12.53
19850920	39.37	9.62	20.88
19850921	32.23	8.11	32.86
19850922	30.77	9.76	39.83
19850923	1.09	12.31	12.13
19850924	0.1	10.65	6.16
19850925	3.54	13.06	4.85
19850926	1.47	14.99	3.61
19850927	0.18	15.08	2.78
19850928	0.03	13.38	2.24
19850929	0.02	16.0	1.93
19850930	32.62	16.26	12.5
19851001	2.07	15.77	6.86
19851002	10.36	13.34	6.69
19851003	4.65	12.74	4.81
19851004	4.1	11.61	3.56
19851005	0.84	11.88	2.45
19851006	1.02	9.69	2.05
19851007	4.35	9.17	2.08
19851008	1.61	8.19	1.95
19851009	2.73	9.09	1.95
19851010	6.29	11.15	2.78
19851011	0.07	7.04	2.1
19851012	0.01	8.44	1.54
19851013	0.01	9.98	1.41
19851014	0.03	13.45	1.32
19851015	0.04	10.78	1.25
19851016	0.01	10.04	1.22
19851017	0.01	9.71	1.09
19851018	0.0	7.01	1.2
19851019	0.0	7.59	0.98
19851020	0.0	9.81	0.94
19851021	0.0	7.28	0.91
19851022	0.0	5.24	0.85
19851023	0.0	7.62	0.82
19851024	0.0	5.99	0.76
19851025	0.0	7.15	0.72
19851026	0.0	6.67	0.7
19851027	0.0	6.99	0.69
19851028	0.0	6.36	0.68
19851029	0.0	6.5	0.67
19851030	0.92	6.04	0.69
19851031	0.03	2.46	0.67
19851101	1.07	2.75	0.66
19851102	0.04	0.78	0.62
19851103	0.06	4.01	0.62
19851104	10.5	6.81	0.9
19851105	0.83	2.79	0.86
19851106	11.53	4.44	2.59
19851107	2.31	4.88	1.48
19851108	7.04	7.81	3.45
19851109	11.43	2.59	6.41
19851110	0.24	1.03	2.51
19851111	0.14	0.06	1.6
19851112	0.0	-0.56	1.26
19851113	1.08	1.02	1.1
19851114	6.2	3.53	2.84
19851115	6.36	4.0	2.72
19851116	1.19	1.84	4.1
19851117	0.17	2.33	2.1
19851118	0.17	1.69	1.6
19851119	0.7	1.83	1.4
19851120	2.8	2.05	1.46
19851121	0.25	0.26	1.38
19851122	0.67	1.75	1.2
19851123	1.13	2.91	1.15
19851124	0.01	1.58	1.1
19851125	0.0	-0.06	1.04
19851126	0.0	-0.77	0.99
19851127	0.71	-1.44	0.8
19851128	0.18	-4.44	0.69
19851129	0.02	-3.78	0.65
19851130	35.71	5.4	16.83
19851201	3.87	10.15	9.26
19851202	9.93	10.44	7.51
19851203	8.31	8.46	7.35
19851204	1.93	6.98	3.53
19851205	3.82	4.47	4.23
19851206	21.33	2.69	9.84
19851207	20.51	1.46	10.81
19851208	1.51	2.42	11.62
19851209	0.07	-0.19	4.71
19851210	3.08	1.4	3.71
19851211	3.31	5.26	3.28
19851212	8.43	7.69	5.22
19851213	0.39	7.19	3.36
19851214	1.42	9.46	2.47
19851215	1.54	9.36	2.04
19851216	5.25	9.3	2.31
19851217	6.06	6.74	4.46
19851218	3.98	4.36	3.73
19851219	9.27	5.61	4.84
19851220	16.68	8.01	7.88
19851221	6.42	6.26	8.99
19851222	2.11	4.21	3.88
19851223	1.43	5.19	3.03
19851224	0.15	4.15	2.32
19851225	5.87	2.08	3.23
19851226	0.0	-2.88	2.07
19851227	0.0	-3.91	1.48
19851228	0.0	-5.71	1.24
19851229	0.05	-5.3	1.06
19851230	3.99	1.11	1.17
19851231	10.83	1.95	4.5
19860101	5.12	1.8	3.71
19860102	0.94	0.57	4.71
19860103	0.1	-2.56	1.95
19860104	4.52	-1.6	1.49
19860105	1.83	-2.54	1.31
19860106	0.23	-4.38	1.12
19860107	0.92	-0.58	1.05
19860108	2.56	0.89	1.09
19860109	17.38	4.84	13.38
19860110	14.28	4.48	11.42
19860111	10.17	3.76	9.24
19860112	5.47	6.38	6.54
19860113	10.05	4.89	7.97
19860114	6.46	3.5	7.77
19860115	0.0	1.02	3.31
19860116	0.0	-0.16	2.46
19860117	8.58	2.64	3.31
19860118	11.98	3.26	8.14
19860119	5.18	2.82	7.04
19860120	9.16	4.97	6.96
19860121	9.15	2.54	6.83
19860122	9.41	2.77	8.57
19860123	0.25	1.06	6.4
19860124	0.01	-1.63	2.75
19860125	0.01	-1.87	1.96
19860126	2.13	1.94	1.88
19860127	0.48	0.68	2.08
19860128	1.14	-0.74	1.72
19860129	5.68	-0.13	2.25
19860130	3.99	2.04	5.25
19860131	1.23	1.75	3.61
19860201	0.13	1.35	2.53
19860202	1.81	1.39	2.0
19860203	1.93	1.35	2.74
19860204	0.09	-0.43	2.19
19860205	6.29	-0.65	1.65
19860206	3.19	-1.64	1.52
19860207	0.28	-1.46	1.62
19860208	0.01	-1.39	1.31
19860209	0.04	-0.76	1.23
19860210	0.04	-2.41	1.15
19860211	0.0	-4.19	1.03
19860212	0.0	-2.32	0.97
19860213	0.0	-0.03	0.81
19860214	0.08	-0.18	0.77
19860215	0.05	0.14	0.76
19860216	0.51	0.64	0.76
19860217	0.02	0.05	0.83
19860218	0.01	0.64	0.87
19860219	0.75	-0.71	0.89
19860220	0.73	-1.15	0.91
19860221	4.39	-5.54	0.81
19860222	0.62	-3.66	0.85
19860223	0.12	-3.15	0.82
19860224	0.07	-1.05	0.78
19860225	0.05	-2.25	0.74
19860226	0.0	-3.57	0.69
19860227	0.75	-2.15	0.72
19860228	0.29	-1.04	0.68
19860301	0.0	-4.17	0.58
19860302	0.01	-1.94	0.68
19860303	5.23	3.27	2.07
19860304	12.14	6.21	12.72
19860305	5.05	4.05	5.77
19860306	2.68	4.36	5.19
19860307	0.13	5.52	2.91
19860308	0.59	5.43	2.01
19860309	0.82	5.3	1.55
19860310	0.42	4.82	1.33
19860311	1.83	5.52	1.33
19860312	0.0	4.74	1.17
19860313	1.69	4.75	1.07
19860314	1.3	7.55	1.08
19860315	2.07	8.65	0.95
19860316	1.83	5.41	1.05
19860317	2.12	5.15	0.87
19860318	2.51	2.05	1.2
19860319	8.57	5.24	1.09
19860320	8.5	3.48	4.01
19860321	11.97	6.21	3.94
19860322	16.74	4.67	10.07
19860323	10.64	1.73	8.39
19860324	1.73	3.06	5.75
19860325	0.06	4.34	3.07
19860326	4.58	4.87	2.28
19860327	1.58	3.94	2.51
19860328	5.08	4.57	2.28
19860329	5.64	3.73	2.31
19860330	0.47	1.38	3.12
19860331	0.18	2.89	1.79
19860401	0.36	3.22	1.42
19860402	1.01	3.6	1.27
19860403	0.1	2.47	1.15
19860404	0.07	3.73	1.01
19860405	0.15	3.94	0.93
19860406	0.88	2.31	0.84
19860407	0.11	3.39	0.83
19860408	0.01	3.5	0.75
19860409	0.39	5.0	0.76
19860410	0.0	0.61	0.66
19860411	0.05	5.63	0.66
19860412	0.29	5.19	0.66
19860413	0.52	4.0	0.66
19860414	5.59	3.36	0.92
19860415	17.25	2.25	4.9
19860416	3.84	1.94	4.94
19860417	0.08	2.4	2.11
19860418	0.47	4.48	1.44
19860419	15.28	5.57	4.78
19860420	1.03	4.73	4.58
19860421	1.92	4.85	2.48
19860422	9.65	4.74	3.39
19860423	1.92	3.86	3.89
19860424	0.19	6.39	2.04
19860425	1.25	7.67	1.47
19860426	0.78	7.83	1.31
19860427	1.12	7.72	1.17
19860428	1.52	6.44	1.1
19860429	11.16	6.93	1.22
19860430	2.17	9.49	2.31
19860501	0.0	8.93	1.23
19860502	0.7	12.53	1.04
19860503	1.51	9.31	0.96
19860504	0.95	10.26	0.83
19860505	5.32	8.43	1.03
19860506	12.45	9.3	1.84
19860507	14.44	6.92	7.79
19860508	0.69	9.12	2.69
19860509	20.31	10.43	6.23
19860510	3.74	10.81	6.36
19860511	6.76	10.22	3.28
19860512	9.56	9.88	3.54
19860513	5.18	6.53	3.35
19860514	4.92	6.92	4.24
19860515	0.5	7.96	2.39
19860516	0.21	8.34	1.52
19860517	9.62	10.79	2.22
19860518	0.31	11.44	1.82
19860519	0.35	9.46	1.33
19860520	5.37	11.79	1.34
19860521	5.53	8.04	1.81
19860522	2.9	8.59	1.32
19860523	2.53	10.12	1.13
19860524	2.83	10.21	1.11
19860525	9.81	10.59	1.58
19860526	9.47	8.7	2.16
19860527	4.69	7.61	3.94
19860528	2.58	8.41	1.82
19860529	0.05	10.0	1.31
19860530	3.71	10.02	1.19
19860531	3.22	12.41	1.17
19860601	1.53	12.42	1.35
19860602	0.69	13.3	1.1
19860603	0.12	9.16	1.05
19860604	0.05	8.44	0.97
19860605	0.0	8.57	0.74
19860606	0.02	9.96	0.65
19860607	0.0	9.84	0.63
19860608	8.66	11.61	0.81
19860609	5.48	9.97	0.86
19860610	18.97	7.09	6.58
19860611	0.08	9.92	1.64
19860612	8.61	11.73	2.02
19860613	0.35	13.84	1.56
19860614	0.04	17.11	1.18
19860615	0.01	17.02	0.96
19860616	1.58	17.44	0.83
19860617	17.35	12.31	4.24
19860618	0.0	10.3	2.04
19860619	0.0	12.21	1.16
19860620	0.0	9.98	0.91
19860621	0.0	12.33	0.76
19860622	0.08	12.07	0.73
19860623	0.05	10.69	0.67
19860624	0.62	12.55	0.67
19860625	0.03	14.4	0.62
19860626	0.15	18.19	0.57
19860627	0.01	18.34	0.53
19860628	0.0	20.03	0.54
19860629	0.0	18.42	0.5
19860630	0.0	17.6	0.51
19860701	0.0	16.07	0.47
19860702	0.0	16.04	0.51
19860703	3.48	15.45	0.52
19860704	3.64	13.67	0.57
19860705	0.22	12.5	0.55
19860706	0.04	11.33	0.48
19860707	0.43	12.33	0.46
19860708	0.08	11.35	0.44
19860709	0.12	11.65	0.45
19860710	0.03	10.74	0.45
19860711	0.0	14.0	0.44
19860712	0.0	14.29	0.44
19860713	0.55	16.19	0.44
19860714	1.38	18.18	0.44
19860715	2.23	17.79	0.49
19860716	0.54	15.01	0.45
19860717	0.04	12.23	0.41
19860718	0.08	12.8	0.38
19860719	2.47	12.58	0.44
19860720	0.25	13.72	0.4
19860721	0.69	12.53	0.44
19860722	0.03	11.81	0.41
19860723	0.08	10.46	0.4
19860724	2.44	13.02	0.4
19860725	0.74	12.85	0.38
19860726	3.81	13.95	0.4
19860727	9.67	13.91	0.59
19860728	25.78	15.29	1.71
19860729	0.11	12.17	0.9
19860730	14.08	12.08	1.55
19860731	0.92	10.85	0.82
19860801	5.07	12.97	0.63
19860802	2.02	12.36	0.66
19860803	0.18	12.69	0.48
19860804	4.34	11.82	0.68
19860805	14.28	12.61	1.65
19860806	23.84	12.95	11.96
19860807	6.21	13.91	6.73
19860808	0.78	11.08	2.43
19860809	0.0	12.37	1.48
19860810	0.0	12.98	1.01
19860811	0.0	12.43	0.76
19860812	2.58	14.54	0.76
19860813	9.17	12.99	1.24
19860814	5.93	12.7	1.07
19860815	18.5	12.25	3.28
19860816	0.1	13.37	3.74
19860817	1.02	12.4	1.38
19860818	0.22	11.69	1.13
19860819	3.31	11.28	2.58
19860820	0.02	11.43	1.16
19860821	3.24	10.33	1.04
19860822	0.01	9.27	0.84
19860823	0.12	11.1	0.69
19860824	0.0	10.92	0.63
19860825	5.49	10.95	0.71
19860826	0.1	10.95	0.66
19860827	0.04	10.77	0.57
19860828	0.24	11.12	0.53
19860829	0.02	10.28	0.5
19860830	0.0	8.38	0.49
19860831	1.56	10.39	0.5
19860901	0.02	12.72	0.48
19860902	26.24	10.82	4.62
19860903	0.01	11.38	2.25
19860904	0.84	11.36	1.01
19860905	4.28	10.58	0.99
19860906	0.32	10.14	0.83
19860907	0.01	8.44	0.68
19860908	0.0	8.98	0.66
19860909	0.04	7.07	0.61
19860910	0.19	7.28	0.56
19860911	0.65	7.43	0.53
19860912	0.04	6.88	0.51
19860913	0.36	7.23	0.5
19860914	0.1	6.66	0.48
19860915	0.46	6.28	0.47
19860916	0.0	7.37	0.45
19860917	0.47	5.75	0.47
19860918	0.01	8.17	0.44
19860919	0.01	11.51	0.45
19860920	1.15	12.37	0.46
19860921	4.48	13.04	0.58
19860922	0.12	12.55	0.53
19860923	0.0	12.44	0.46
19860924	0.0	10.76	0.44
19860925	1.25	10.41	0.44
19860926	3.43	7.52	0.58
19860927	1.65	11.56	0.47
19860928	3.6	14.53	0.52
19860929	0.18	13.37	0.49
19860930	0.08	14.3	0.46
19861001	2.72	10.76	0.49
19861002	0.07	9.67	0.43
19861003	0.43	11.17	0.42
19861004	2.13	13.04	0.43
19861005	2.66	12.67	0.49
19861006	2.09	13.65	0.46
19861007	0.15	10.4	0.44
19861008	5.13	12.15	0.58
19861009	0.02	11.32	0.54
19861010	0.65	9.62	0.45
19861011	0.0	9.94	0.42
19861012	0.0	8.8	0.42
19861013	0.15	10.05	0.51
19861014	1.31	8.22	0.41
19861015	0.12	9.62	0.37
19861016	0.06	8.74	0.38
19861017	2.05	10.27	0.41
19861018	7.85	5.71	0.76
19861019	10.76	3.44	1.57
19861020	16.88	4.92	3.69
19861021	14.88	4.74	7.7
19861022	9.82	3.47	6.29
19861023	1.82	5.63	3.44
19861024	11.14	7.6	4.18
19861025	0.1	7.33	4.66
19861026	17.0	9.44	4.39
19861027	5.21	9.71	7.78
19861028	10.98	7.33	8.35
19861029	18.76	7.3	9.98
19861030	8.73	6.34	11.99
19861031	0.27	4.12	4.95
19861101	0.0	1.28	2.99
19861102	2.9	3.24	2.43
19861103	0.76	6.42	2.13
19861104	13.32	8.24	3.58
19861105	0.78	7.87	6.24
19861106	12.26	8.75	5.73
19861107	10.33	7.07	10.01
19861108	10.07	5.76	8.19
19861109	7.97	9.15	7.49
19861110	1.74	7.11	4.56
19861111	1.09	4.83	3.27
19861112	0.8	7.81	2.55
19861113	4.82	8.05	2.36
19861114	4.44	7.61	3.26
19861115	13.65	8.14	3.97
19861116	2.04	5.68	5.56
19861117	10.06	3.13	6.51
19861118	0.95	2.15	4.7
19861119	2.65	3.05	3.49
19861120	2.32	0.01	3.97
19861121	5.99	1.52	3.46
19861122	11.8	5.12	6.31
19861123	3.31	6.91	4.79
19861124	34.24	10.14	20.83
19861125	3.71	6.37	11.88
19861126	2.66	6.14	4.82
19861127	0.53	9.06	3.54
19861128	2.38	7.38	2.57
19861129	1.47	7.57	2.45
19861130	4.53	8.56	2.64
19861201	2.77	5.64	2.52
19861202	29.82	8.42	19.25
19861203	9.08	8.94	10.8
19861204	26.67	7.65	19.99
19861205	2.45	3.24	8.15
19861206	1.44	4.91	4.29
19861207	4.65	5.43	4.33
19861208	14.71	3.34	7.71
19861209	0.76	2.38	5.11
19861210	4.92	3.91	3.37
19861211	1.68	3.43	3.73
19861212	2.9	3.79	2.66
19861213	1.0	1.66	2.51
19861214	5.2	1.62	2.33
19861215	2.17	2.01	2.71
19861216	12.88	2.68	5.69
19861217	13.33	3.64	11.44
19861218	3.93	0.85	4.67
19861219	5.83	1.2	3.59
19861220	0.07	1.52	2.6
19861221	0.03	0.61	1.98
19861222	0.01	0.36	1.61
19861223	0.75	1.53	1.49
19861224	6.33	5.21	4.65
19861225	1.46	2.33	3.12
19861226	4.48	2.01	3.0
19861227	4.8	5.43	3.38
19861228	11.06	6.19	8.26
19861229	12.49	1.92	9.14
19861230	30.25	3.24	29.26
19861231	3.47	2.9	8.91
19870101	16.87	2.21	10.54
19870102	0.27	-1.2	7.6
19870103	8.92	1.79	4.95
19870104	7.53	4.79	6.91
19870105	1.48	2.35	7.05
19870106	0.0	-0.9	3.32
19870107	0.01	-3.31	2.27
19870108	0.0	-3.05	1.73
19870109	0.0	-1.52	1.52
19870110	0.54	-3.11	1.33
19870111	4.55	-6.54	1.19
19870112	10.44	-6.68	1.18
19870113	3.1	-4.61	1.2
19870114	1.78	-0.9	1.12
19870115	2.85	0.56	1.17
19870116	0.01	-0.21	1.15
19870117	0.01	-0.78	1.05
19870118	5.15	0.14	1.22
19870119	12.69	3.82	6.74
19870120	1.12	6.41	24.86
19870121	0.83	5.77	15.39
19870122	0.2	4.28	8.46
19870123	0.09	3.06	4.84
19870124	0.02	1.46	3.66
19870125	0.13	1.8	2.79
19870126	0.02	1.34	2.13
19870127	0.0	-0.14	1.81
19870128	0.0	0.46	1.51
19870129	0.0	0.15	1.38
19870130	0.0	-2.6	1.27
19870131	0.0	-3.21	1.13
19870201	5.69	-0.62	1.25
19870202	1.2	3.89	1.81
19870203	0.03	3.34	1.75
19870204	12.01	5.58	3.93
19870205	8.68	8.0	6.19
19870206	0.1	4.15	3.87
19870207	4.86	3.93	3.23
19870208	0.25	5.1	2.9
19870209	20.24	2.21	9.41
19870210	0.22	2.6	6.05
19870211	0.01	1.77	2.98
19870212	0.0	0.73	2.05
19870213	0.03	-0.86	1.57
19870214	0.0	-0.5	1.34
19870215	0.04	-0.44	1.17
19870216	0.01	-1.46	1.05
19870217	0.0	0.12	0.99
19870218	0.99	1.51	0.96
19870219	0.14	3.87	0.97
19870220	0.02	2.92	0.95
19870221	0.01	2.13	0.94
19870222	0.54	3.7	0.91
19870223	0.01	0.25	0.88
19870224	0.04	1.09	0.85
19870225	0.93	1.01	0.84
19870226	17.45	3.32	4.87
19870227	3.56	7.81	4.53
19870228	0.41	7.44	2.74
19870301	26.69	6.09	16.15
19870302	0.01	3.02	5.15
19870303	3.6	1.69	2.86
19870304	2.26	3.04	2.58
19870305	12.01	2.71	5.09
19870306	3.49	2.1	6.9
19870307	2.43	0.22	3.1
19870308	0.1	0.76	2.51
19870309	0.0	0.29	1.91
19870310	0.0	0.27	1.55
19870311	0.0	-0.12	1.32
19870312	0.22	1.81	1.23
19870313	5.0	3.05	1.31
19870314	1.01	4.58	1.65
19870315	0.02	3.47	1.27
19870316	3.01	4.45	1.23
19870317	3.93	3.79	1.3
19870318	0.0	0.81	1.1
19870319	0.0	1.35	0.98
19870320	1.3	-1.22	0.93
19870321	1.36	0.9	0.96
19870322	1.72	3.13	0.99
19870323	0.06	3.02	1.01
19870324	14.48	3.74	2.52
19870325	1.23	4.15	3.49
19870326	20.04	5.52	7.75
19870327	4.82	6.72	6.22
19870328	0.07	2.99	3.01
19870329	0.2	4.58	1.84
19870330	2.57	7.77	1.51
19870331	4.46	5.56	1.78
19870401	6.74	2.1	3.47
19870402	0.18	3.46	2.5
19870403	0.22	4.5	1.73
19870404	0.1	4.43	1.43
19870405	3.09	4.03	1.5
19870406	0.44	4.26	1.58
19870407	5.55	4.12	1.76
19870408	3.71	4.12	2.76
19870409	3.95	5.14	2.38
19870410	15.09	4.78	7.82
19870411	0.03	3.37	3.54
19870412	3.53	8.18	2.35
19870413	0.23	8.75	2.08
19870414	0.05	10.13	1.49
19870415	0.09	7.63	1.32
19870416	0.01	7.21	1.17
19870417	0.02	11.54	1.07
19870418	0.77	10.5	0.99
19870419	6.57	8.11	1.19
19870420	0.18	8.5	0.97
19870421	0.01	7.93	0.88
19870422	1.25	11.08	0.76
19870423	0.0	9.28	0.74
19870424	0.0	11.0	0.71
19870425	0.0	11.65	0.7
19870426	0.0	13.93	0.71
19870427	0.0	13.88	0.68
19870428	0.0	14.06	0.68
19870429	0.02	14.58	0.66
19870430	9.39	9.64	1.05
19870501	7.48	5.9	1.42
19870502	0.65	5.9	0.81
19870503	0.01	5.83	0.65
19870504	0.04	8.42	0.58
19870505	0.0	9.49	0.53
19870506	0.0	10.07	0.53
19870507	0.0	11.78	0.54
19870508	0.01	12.0	0.53
19870509	0.15	7.07	0.52
19870510	2.93	9.17	0.52
19870511	1.92	8.44	0.52
19870512	0.7	7.18	0.48
19870513	6.83	7.42	0.6
19870514	1.34	6.18	0.57
19870515	0.03	6.41	0.49
19870516	7.03	8.91	0.65
19870517	2.73	7.99	0.86
19870518	0.0	10.48	0.62
19870519	0.0	8.33	0.54
19870520	0.0	12.4	0.55
19870521	0.0	10.97	0.59
19870522	0.0	8.78	0.57
19870523	0.08	9.17	0.58
19870524	0.0	9.62	0.57
19870525	0.0	10.99	0.56
19870526	0.0	9.24	0.53
19870527	0.0	10.43	0.54
19870528	0.38	7.95	0.57
19870529	14.79	10.72	1.0
19870530	1.41	12.21	0.73
19870531	2.4	12.02	0.66
19870601	0.01	10.99	0.59
19870602	11.47	11.87	1.26
19870603	1.84	9.6	1.01
19870604	0.14	11.47	0.74
19870605	25.43	10.99	3.75
19870606	10.73	10.49	9.39
19870607	1.31	10.95	3.97
19870608	0.38	8.99	2.02
19870609	0.05	9.59	1.45
19870610	0.38	10.06	1.24
19870611	3.88	7.65	1.38
19870612	2.46	7.97	1.19
19870613	0.86	8.21	1.1
19870614	7.05	8.69	4.05
19870615	0.97	9.28	2.14
19870616	0.05	9.86	1.28
19870617	0.41	9.48	0.76
19870618	0.02	11.28	0.64
19870619	0.3	12.36	0.59
19870620	0.01	11.34	0.5
19870621	12.25	12.99	0.84
19870622	1.56	12.31	1.5
19870623	3.68	11.54	1.0
19870624	0.02	11.87	0.72
19870625	0.0	9.43	0.59
19870626	0.03	13.59	0.51
19870627	8.72	13.55	0.69
19870628	0.13	14.79	0.68
19870629	0.02	15.31	0.57
19870630	1.4	13.67	0.54
19870701	0.53	12.67	0.53
19870702	0.02	13.28	0.51
19870703	0.43	15.73	0.48
19870704	0.0	16.85	0.43
19870705	0.0	17.74	0.41
19870706	0.0	15.32	0.47
19870707	0.0	13.03	0.44
19870708	0.0	11.04	0.43
19870709	8.58	14.34	0.65
19870710	15.44	15.12	1.19
19870711	0.47	14.02	0.88
19870712	0.14	14.58	0.52
19870713	0.02	15.69	0.47
19870714	3.32	17.32	0.49
19870715	4.36	13.46	0.68
19870716	2.0	11.93	0.53
19870717	5.65	13.15	0.68
19870718	4.1	13.05	1.18
19870719	0.26	14.26	0.76
19870720	0.21	14.66	0.55
19870721	0.0	16.12	0.47
19870722	0.0	14.94	0.43
19870723	0.48	17.22	0.42
19870724	0.3	12.49	0.4
19870725	0.04	11.85	0.39
19870726	8.34	12.81	0.65
19870727	0.17	14.54	0.54
19870728	0.53	14.8	0.42
19870729	5.21	15.94	0.44
19870730	1.92	14.25	0.41
19870731	0.95	14.11	0.42
19870801	0.16	12.36	0.39
19870802	0.02	12.42	0.37
19870803	2.99	11.53	0.58
19870804	0.42	9.66	0.37
19870805	2.1	11.59	0.42
19870806	1.19	11.31	0.4
19870807	0.06	12.2	0.4
19870808	0.01	13.26	0.35
19870809	0.03	12.41	0.36
19870810	0.12	11.34	0.36
19870811	9.15	14.4	0.65
19870812	14.1	15.02	1.55
19870813	1.6	14.98	0.77
19870814	2.26	14.39	0.57
19870815	38.85	15.36	9.12
19870816	4.29	17.27	16.63
19870817	9.5	16.07	9.94
19870818	0.04	12.54	3.34
19870819	3.95	16.06	1.57
19870820	18.34	15.27	6.11
19870821	0.01	14.05	2.64
19870822	0.09	15.53	1.44
19870823	0.03	11.19	1.07
19870824	0.0	12.95	0.85
19870825	4.19	13.54	0.92
19870826	0.64	10.03	0.79
19870827	0.03	15.15	0.67
19870828	0.35	14.69	0.63
19870829	0.07	15.73	0.59
19870830	0.0	14.24	0.55
19870831	13.87	14.7	0.94
19870901	0.17	11.31	1.35
19870902	0.26	15.07	0.78
19870903	1.37	15.23	0.74
19870904	7.91	14.16	0.74
19870905	4.36	13.15	0.85
19870906	4.13	12.55	0.8
19870907	1.63	11.96	0.76
19870908	0.8	12.17	0.7
19870909	13.11	10.64	2.22
19870910	7.44	10.97	1.78
19870911	14.95	12.95	5.33
19870912	3.53	12.01	3.59
19870913	2.24	12.35	1.89
19870914	7.42	10.34	2.64
19870915	1.23	10.41	1.7
19870916	0.02	10.9	1.2
19870917	3.02	11.27	1.07
19870918	0.17	9.36	0.95
19870919	9.42	10.82	1.17
19870920	9.12	12.42	1.55
19870921	8.7	12.51	6.86
19870922	3.85	12.59	3.54
19870923	2.26	11.27	2.31
19870924	0.6	7.48	1.66
19870925	0.16	7.53	1.31
19870926	0.0	6.43	1.05
19870927	0.0	7.49	0.88
19870928	0.0	7.42	0.78
19870929	0.0	9.27	0.75
19870930	0.0	10.36	0.69
19871001	0.0	9.99	0.65
19871002	0.0	9.8	0.61
19871003	0.0	8.96	0.6
19871004	1.2	9.34	0.62
19871005	15.38	10.5	1.76
19871006	5.16	7.64	1.57
19871007	13.17	8.2	6.52
19871008	4.85	5.76	3.13
19871009	0.73	4.95	2.41
19871010	0.03	3.5	1.51
19871011	0.48	5.95	1.22
19871012	2.69	5.81	1.15
19871013	1.76	6.6	1.11
19871014	3.48	5.57	1.51
19871015	13.29	6.28	4.07
19871016	15.5	6.85	5.74
19871017	8.83	9.13	5.7
19871018	1.13	8.12	4.94
19871019	14.86	9.01	7.53
19871020	8.96	10.74	4.86
19871021	8.2	8.74	5.9
19871022	0.55	3.58	4.2
19871023	0.01	3.52	2.36
19871024	0.03	4.81	1.71
19871025	3.13	8.63	1.48
19871026	6.5	6.79	1.6
19871027	4.16	5.36	3.6
19871028	0.02	4.91	2.15
19871029	0.0	3.07	1.52
19871030	3.44	4.06	1.39
19871031	0.03	6.59	1.53
19871101	0.15	7.93	1.29
19871102	0.01	10.03	1.17
19871103	0.0	7.88	1.09
19871104	0.0	4.47	1.01
19871105	0.0	3.93	0.93
19871106	0.0	5.55	0.88
19871107	1.23	4.46	0.87
19871108	4.99	5.34	1.43
19871109	3.81	6.09	1.23
19871110	3.73	5.12	1.47
19871111	5.41	4.05	2.24
19871112	5.64	4.73	3.05
19871113	0.06	5.44	1.82
19871114	5.94	4.42	1.36
19871115	12.35	6.78	5.57
19871116	4.98	7.84	5.69
19871117	3.93	9.6	3.56
19871118	12.1	9.45	6.46
19871119	4.88	6.39	7.09
19871120	0.09	7.09	3.44
19871121	0.05	5.81	2.32
19871122	0.03	3.31	1.63
19871123	0.0	3.93	1.32
19871124	0.03	2.08	1.15
19871125	0.01	-0.01	1.08
19871126	0.0	-0.33	0.95
19871127	0.02	2.49	0.91
19871128	0.52	4.14	0.88
19871129	0.68	1.96	0.9
19871130	0.0	0.46	0.77
19871201	0.01	1.36	0.75
19871202	0.03	2.75	0.77
19871203	0.0	3.23	0.75
19871204	0.0	3.51	0.73
19871205	0.27	3.92	0.71
19871206	0.31	1.58	0.67
19871207	0.0	-1.63	0.86
19871208	0.0	-2.67	0.6
19871209	0.0	-0.74	0.95
19871210	0.0	0.88	0.59
19871211	0.03	1.49	0.59
19871212	0.0	-1.46	0.58
19871213	0.01	-2.72	0.58
19871214	0.0	-2.15	0.6
19871215	6.52	-0.43	0.77
19871216	5.69	4.93	1.88
19871217	5.58	7.8	2.98
19871218	1.27	7.12	1.84
19871219	15.03	8.64	4.4
19871220	6.83	9.06	5.0
19871221	3.38	7.46	5.34
19871222	0.1	5.42	2.69
19871223	0.1	6.23	1.92
19871224	3.47	7.57	1.65
19871225	19.68	7.5	3.72
19871226	4.43	7.75	11.31
19871227	21.59	8.3	14.15
19871228	12.29	9.37	8.74
19871229	5.19	7.43	5.7
19871230	9.02	7.46	5.65
19871231	13.07	6.38	6.32
19880101	15.08	7.38	12.06
19880102	8.97	4.4	6.68
19880103	3.49	2.56	6.6
19880104	2.47	0.34	3.41
19880105	4.06	1.5	4.33
19880106	0.23	2.18	3.42
19880107	3.02	0.81	2.09
19880108	4.63	6.16	3.01
19880109	13.88	6.52	8.32
19880110	8.69	2.91	4.42
19880111	10.81	3.67	6.58
19880112	1.32	5.21	6.41
19880113	0.76	5.05	3.15
19880114	1.38	5.09	2.41
19880115	1.15	3.97	1.97
19880116	2.14	3.48	1.76
19880117	0.04	1.47	1.77
19880118	16.78	0.83	2.48
19880119	1.27	4.54	8.22
19880120	0.25	2.08	3.04
19880121	2.57	1.6	2.27
19880122	0.23	0.23	1.9
19880123	12.55	1.61	2.63
19880124	4.85	3.09	8.07
19880125	11.81	3.07	6.81
19880126	1.06	1.35	5.24
19880127	0.09	0.97	2.87
19880128	5.47	2.33	2.57
19880129	1.88	3.06	3.65
19880130	0.5	3.62	2.4
19880131	8.41	3.25	2.83
19880201	13.61	4.1	8.95
19880202	16.92	3.79	10.67
19880203	3.8	2.46	6.24
19880204	0.3	1.49	3.8
19880205	3.5	1.43	3.6
19880206	0.19	0.55	2.62
19880207	11.4	1.53	3.16
19880208	7.15	2.83	6.45
19880209	11.54	3.37	8.98
19880210	0.41	2.52	3.53
19880211	0.9	1.76	2.38
19880212	1.84	1.67	1.94
19880213	1.4	3.62	1.69
19880214	6.0	4.63	2.36
19880215	13.65	4.03	6.0
19880216	0.08	4.51	3.14
19880217	1.45	5.93	2.16
19880218	0.24	6.83	1.77
19880219	0.24	6.53	1.46
19880220	0.2	5.54	1.32
19880221	0.13	6.5	1.2
19880222	0.6	4.19	1.13
19880223	0.01	3.12	1.04
19880224	0.01	2.86	0.99
19880225	0.58	2.03	0.94
19880226	0.25	4.79	0.92
19880227	0.01	7.11	0.86
19880228	0.0	3.13	0.8
19880229	0.0	1.04	0.77
19880301	0.04	0.25	0.73
19880302	5.63	3.05	1.0
19880303	0.09	0.18	0.92
19880304	0.01	0.64	0.78
19880305	0.89	4.44	0.75
19880306	0.12	4.27	0.77
19880307	0.03	4.69	0.7
19880308	0.69	5.82	0.7
19880309	0.87	4.58	0.68
19880310	0.33	6.0	0.65
19880311	4.05	5.31	0.7
19880312	1.59	1.68	0.71
19880313	0.05	-1.59	0.7
19880314	8.93	0.95	0.84
19880315	24.9	3.69	12.29
19880316	0.14	0.77	4.36
19880317	0.0	2.54	2.05
19880318	17.69	5.87	3.98
19880319	0.48	8.98	5.95
19880320	2.38	8.29	2.46
19880321	1.48	5.96	2.41
19880322	5.93	6.93	2.4
19880323	8.13	6.36	2.62
19880324	11.76	5.34	7.21
19880325	12.76	5.95	7.38
19880326	0.2	5.91	4.59
19880327	7.95	7.58	2.88
19880328	4.56	5.4	3.72
19880329	2.68	5.66	2.75
19880330	1.43	3.99	2.34
19880331	2.29	7.14	1.77
19880401	5.84	4.28	2.53
19880402	0.04	5.65	1.87
19880403	0.0	5.74	1.41
19880404	0.0	6.04	1.24
19880405	0.0	10.19	1.13
19880406	0.0	9.89	1.04
19880407	3.1	7.57	1.05
19880408	2.45	2.32	1.25
19880409	1.12	4.56	1.05
19880410	1.18	8.2	0.94
19880411	0.95	6.41	0.88
19880412	0.49	0.83	0.81
19880413	0.01	5.83	0.74
19880414	5.22	9.28	0.9
19880415	7.8	10.59	1.34
19880416	4.69	10.94	3.88
19880417	7.42	9.9	2.57
19880418	26.59	7.87	15.83
19880419	0.11	9.57	4.92
19880420	6.43	9.25	3.88
19880421	0.41	6.25	3.64
19880422	0.01	5.2	2.04
19880423	0.0	5.14	1.49
19880424	0.16	7.17	1.26
19880425	3.32	9.02	1.18
19880426	0.58	5.75	1.12
19880427	0.09	3.95	1.0
19880428	0.0	5.44	0.9
19880429	0.0	5.74	0.82
19880430	4.58	6.27	0.87
19880501	5.82	7.81	1.55
19880502	3.45	9.65	1.23
19880503	8.54	8.06	2.03
19880504	0.9	6.9	1.56
19880505	0.04	9.78	1.17
19880506	0.0	11.26	0.97
19880507	0.02	13.29	0.82
19880508	5.53	9.53	1.04
19880509	0.0	10.85	0.97
19880510	0.03	11.52	0.89
19880511	2.18	9.76	0.94
19880512	0.03	11.35	0.76
19880513	0.14	11.5	0.66
19880514	0.0	11.6	0.64
19880515	0.0	11.52	0.62
19880516	0.08	12.08	0.58
19880517	0.92	5.65	0.62
19880518	0.37	5.63	0.57
19880519	0.55	6.66	0.55
19880520	0.18	7.2	0.54
19880521	0.0	9.73	0.52
19880522	0.03	11.16	0.52
19880523	12.22	11.69	0.91
19880524	11.07	9.84	1.33
19880525	0.01	9.94	0.78
19880526	4.44	9.74	0.75
19880527	0.0	9.96	0.63
19880528	0.02	12.35	0.58
19880529	14.54	11.11	1.18
19880530	0.17	10.97	0.85
19880531	0.05	11.83	0.64
19880601	0.39	12.16	0.58
19880602	3.48	11.8	0.64
19880603	3.91	11.18	0.68
19880604	0.65	10.51	0.57
19880605	0.08	10.81	0.52
19880606	0.49	12.4	0.51
19880607	0.0	12.69	0.49
19880608	0.0	13.14	0.47
19880609	0.0	11.88	0.45
19880610	0.0	13.41	0.44
19880611	0.0	11.06	0.44
19880612	0.0	14.85	0.42
19880613	0.0	16.7	0.42
19880614	0.04	16.23	0.42
19880615	0.02	13.88	0.41
19880616	0.04	14.18	0.4
19880617	0.0	11.86	0.4
19880618	0.01	15.99	0.39
19880619	0.01	15.08	0.38
19880620	1.09	16.74	0.39
19880621	0.27	11.17	0.4
19880622	0.0	14.08	0.38
19880623	0.0	16.05	0.36
19880624	0.0	17.4	0.36
19880625	4.61	16.57	0.52
19880626	0.01	14.74	0.43
19880627	0.01	15.8	0.38
19880628	0.0	14.92	0.37
19880629	0.11	14.37	0.37
19880630	0.4	17.32	0.37
19880701	6.7	14.17	0.49
19880702	8.02	11.76	0.81
19880703	0.29	13.27	0.45
19880704	9.55	14.18	0.77
19880705	3.86	13.69	0.58
19880706	11.24	13.78	0.79
19880707	6.35	12.74	1.15
19880708	3.31	11.89	0.68
19880709	17.75	13.84	1.78
19880710	2.18	14.11	1.45
19880711	2.29	12.57	0.71
19880712	11.99	13.97	0.96
19880713	7.11	13.7	1.63
19880714	2.96	13.31	1.95
19880715	0.19	13.22	0.9
19880716	8.66	12.44	0.96
19880717	0.14	12.96	0.81
19880718	2.27	13.62	0.63
19880719	0.99	13.13	0.66
19880720	4.15	13.51	0.58
19880721	6.7	12.98	1.0
19880722	12.7	14.21	3.27
19880723	6.81	13.66	2.51
19880724	7.42	13.31	2.75
19880725	4.76	12.83	1.53
19880726	6.14	12.11	2.02
19880727	2.32	11.66	1.36
19880728	11.81	10.58	3.52
19880729	2.37	12.08	2.3
19880730	5.49	11.92	3.27
19880731	0.83	13.24	1.5
19880801	2.72	11.94	1.31
19880802	1.18	13.66	0.97
19880803	1.89	11.57	0.88
19880804	0.82	14.91	0.76
19880805	4.66	16.73	0.86
19880806	1.67	15.68	1.23
19880807	0.0	17.87	0.82
19880808	8.02	18.52	1.38
19880809	0.04	14.74	1.05
19880810	4.75	13.23	0.89
19880811	15.98	13.62	1.11
19880812	4.91	13.44	5.88
19880813	27.87	13.78	6.39
19880814	5.91	14.55	13.47
19880815	0.04	13.22	2.99
19880816	0.0	12.4	1.59
19880817	20.14	15.42	3.52
19880818	14.52	13.42	18.59
19880819	14.47	12.55	8.87
19880820	0.42	13.21	6.38
19880821	0.0	10.88	2.52
19880822	0.08	13.47	1.62
19880823	2.85	13.36	1.33
19880824	5.25	12.32	1.5
19880825	0.11	11.15	1.69
19880826	11.48	13.7	2.58
19880827	1.52	12.72	2.86
19880828	3.88	12.27	1.56
19880829	4.96	11.83	2.17
19880830	5.49	11.69	2.27
19880831	1.57	12.08	1.54
19880901	7.81	11.23	2.19
19880902	7.53	11.29	3.68
19880903	1.89	11.54	2.58
19880904	12.13	12.18	2.68
19880905	0.53	13.15	2.66
19880906	17.79	14.19	8.54
19880907	10.87	17.65	5.35
19880908	1.27	13.52	7.62
19880909	2.07	12.87	2.63
19880910	1.36	12.44	1.98
19880911	11.14	11.91	4.64
19880912	0.05	10.85	3.3
19880913	0.02	9.09	1.66
19880914	0.0	8.64	1.33
19880915	0.0	11.89	1.16
19880916	0.0	13.42	1.12
19880917	0.0	12.33	0.94
19880918	0.49	12.46	0.87
19880919	0.15	12.67	0.81
19880920	0.31	12.55	0.77
19880921	2.21	10.45	0.87
19880922	19.76	10.12	1.88
19880923	5.64	8.71	4.77
19880924	0.58	8.81	2.52
19880925	12.53	12.05	3.53
19880926	2.68	11.38	2.43
19880927	7.95	11.89	3.5
19880928	0.8	8.81	2.64
19880929	0.02	5.19	1.51
19880930	0.02	7.55	1.23
19881001	3.41	11.19	1.27
19881002	5.61	12.74	1.33
19881003	5.99	10.0	2.38
19881004	5.66	9.45	3.16
19881005	14.06	9.62	4.24
19881006	17.69	7.25	9.74
19881007	2.54	7.4	5.09
19881008	7.29	8.3	3.34
19881009	0.47	5.34	2.32
19881010	0.0	5.14	1.58
19881011	5.0	7.57	1.46
19881012	3.24	9.42	2.7
19881013	0.62	7.48	1.77
19881014	0.02	7.57	1.4
19881015	0.02	7.52	1.24
19881016	0.01	8.67	1.18
19881017	0.0	10.02	1.13
19881018	13.32	10.72	2.14
19881019	4.29	11.18	2.45
19881020	6.15	9.85	4.28
19881021	3.54	10.83	2.26
19881022	3.27	8.94	2.1
19881023	7.44	8.81	3.2
19881024	3.46	8.31	3.98
19881025	12.62	11.07	4.83
19881026	0.13	10.56	4.32
19881027	0.85	7.31	2.22
19881028	0.42	2.85	1.56
19881029	0.01	2.24	1.36
19881030	0.01	2.64	1.28
19881031	0.0	3.89	1.2
19881101	0.09	3.77	1.12
19881102	0.0	2.28	1.0
19881103	0.0	1.94	0.9
19881104	3.96	3.11	1.04
19881105	0.57	4.67	1.01
19881106	0.64	5.86	0.95
19881107	0.01	5.42	0.94
19881108	14.55	6.95	4.09
19881109	9.86	9.16	2.96
19881110	3.23	8.39	5.62
19881111	0.28	7.4	1.92
19881112	2.22	5.95	1.46
19881113	0.27	7.4	1.29
19881114	0.0	6.85	1.17
19881115	0.0	6.07	1.1
19881116	1.33	6.91	1.08
19881117	3.62	6.55	1.31
19881118	0.02	2.92	1.12
19881119	6.58	1.09	1.27
19881120	0.02	-2.18	1.19
19881121	0.03	-1.48	1.02
19881122	0.09	1.25	1.32
19881123	0.47	2.91	1.18
19881124	0.06	4.54	1.23
19881125	0.02	2.74	1.11
19881126	0.0	3.47	1.01
19881127	6.14	6.1	1.29
19881128	0.78	6.71	1.49
19881129	21.39	4.47	9.17
19881130	7.74	3.98	6.75
19881201	0.09	2.4	4.39
19881202	0.01	1.14	2.23
19881203	17.9	4.8	7.0
19881204	5.37	4.32	7.38
19881205	0.11	2.91	2.98
19881206	0.28	3.44	1.88
19881207	1.88	6.5	1.77
19881208	2.22	7.03	1.82
19881209	2.47	8.16	2.4
19881210	1.1	8.91	1.8
19881211	0.05	7.07	1.52
19881212	0.01	7.48	1.32
19881213	0.01	7.09	1.22
19881214	0.03	7.13	1.12
19881215	0.84	5.34	1.1
19881216	0.03	4.59	1.05
19881217	3.34	7.15	1.07
19881218	8.21	6.71	1.91
19881219	0.59	3.68	1.74
19881220	0.83	6.78	1.41
19881221	6.33	6.85	1.9
19881222	8.21	5.43	3.9
19881223	2.77	4.14	4.44
19881224	5.23	5.53	2.86
19881225	19.77	8.81	7.43
19881226	5.4	6.58	7.46
19881227	1.11	9.02	3.23
19881228	0.14	10.9	2.22
19881229	0.18	9.48	1.67
19881230	0.36	8.82	1.52
19881231	0.04	6.71	1.38
19890101	0.01	6.98	1.32
19890102	0.01	5.82	1.26
19890103	5.53	6.32	1.4
19890104	6.47	4.02	2.81
19890105	7.86	5.14	4.52
19890106	0.05	7.3	2.57
19890107	0.99	9.61	1.82
19890108	8.75	7.84	2.6
19890109	5.43	3.79	3.32
19890110	4.61	4.03	4.38
19890111	22.06	4.99	7.87
19890112	3.81	2.5	4.17
19890113	13.18	6.1	5.24
19890114	8.13	6.51	4.76
19890115	0.36	9.15	3.77
19890116	0.91	5.45	2.17
19890117	1.22	4.88	1.82
19890118	0.05	6.19	1.54
19890119	0.3	7.87	1.55
19890120	6.65	5.91	1.59
19890121	0.13	2.43	1.44
19890122	3.45	4.5	1.43
19890123	0.36	8.54	1.38
19890124	1.63	7.11	1.26
19890125	5.15	5.56	1.41
19890126	3.38	7.24	1.89
19890127	10.82	6.58	3.82
19890128	0.12	5.15	2.84
19890129	0.2	8.05	1.7
19890130	0.45	7.79	1.36
19890131	0.02	6.05	1.23
19890201	0.22	6.42	1.31
19890202	9.64	8.53	2.66
19890203	7.11	8.19	4.61
19890204	14.84	4.45	9.1
19890205	3.38	7.03	4.7
19890206	3.47	9.44	3.35
19890207	0.35	6.03	2.22
19890208	0.03	5.63	1.51
19890209	3.35	5.99	1.46
19890210	0.72	3.75	1.35
19890211	9.94	3.94	1.89
19890212	5.91	3.51	2.12
19890213	7.52	4.89	4.32
19890214	14.46	5.93	5.35
19890215	1.12	1.52	5.35
19890216	0.3	0.79	2.28
19890217	3.45	3.89	2.32
19890218	6.85	5.61	2.59
19890219	6.2	2.91	3.75
19890220	10.71	2.57	4.46
19890221	2.76	3.8	4.82
19890222	0.71	2.43	2.82
19890223	0.85	1.35	1.99
19890224	8.27	1.99	1.89
19890225	8.22	-0.87	2.37
19890226	1.38	-0.09	2.15
19890227	1.46	2.92	4.29
19890228	1.32	4.19	4.35
19890301	0.03	3.24	2.19
19890302	1.5	2.93	1.83
19890303	0.41	4.88	1.53
19890304	1.63	5.33	1.43
19890305	1.01	8.99	1.41
19890306	0.86	6.09	1.26
19890307	0.03	3.12	1.12
19890308	11.81	5.97	1.87
19890309	16.69	5.44	8.5
19890310	0.66	5.46	3.09
19890311	0.65	7.01	1.82
19890312	5.8	5.59	1.95
19890313	9.15	4.55	2.88
19890314	6.04	4.1	6.53
19890315	0.31	2.08	2.71
19890316	0.12	0.5	1.79
19890317	5.72	2.28	1.5
19890318	3.91	6.29	1.78
19890319	15.07	4.92	6.49
19890320	3.25	2.13	4.3
19890321	10.86	3.96	4.46
19890322	10.11	2.61	6.16
19890323	15.76	3.72	15.04
19890324	10.67	3.9	8.54
19890325	3.78	5.19	4.33
19890326	0.27	8.31	2.96
19890327	4.53	7.39	2.48
19890328	0.1	5.03	2.11
19890329	12.72	7.32	4.86
19890330	1.37	6.22	3.34
19890331	0.36	7.56	2.12
19890401	0.01	7.68	1.65
19890402	0.08	3.27	1.41
19890403	0.39	1.96	1.28
19890404	3.5	3.17	1.37
19890405	1.05	3.41	1.42
19890406	4.58	3.69	1.71
19890407	3.02	4.78	2.06
19890408	0.11	5.31	1.6
19890409	1.38	6.76	1.35
19890410	2.22	5.19	1.37
19890411	10.03	6.41	3.75
19890412	0.21	4.46	2.04
19890413	2.24	5.6	1.64
19890414	1.46	4.8	1.65
19890415	0.12	6.53	1.43
19890416	1.43	7.7	1.23
19890417	0.18	7.03	1.15
19890418	0.0	6.2	1.03
19890419	0.02	8.83	0.96
19890420	0.04	8.3	0.86
19890421	4.55	7.47	0.94
19890422	0.23	3.16	1.1
19890423	0.41	1.57	0.9
19890424	0.32	2.53	0.8
19890425	0.9	2.9	0.77
19890426	0.0	4.58	0.74
19890427	0.22	5.38	0.69
19890428	1.52	6.68	0.7
19890429	0.19	8.49	0.7
19890430	6.67	10.29	0.86
19890501	0.96	11.0	0.81
19890502	1.01	11.62	0.72
19890503	0.11	12.1	0.71
19890504	0.0	9.35	0.63
19890505	0.0	8.9	0.58
19890506	0.0	9.93	0.63
19890507	0.0	14.27	0.58
19890508	0.14	9.29	0.55
19890509	0.01	6.18	0.56
19890510	0.92	8.09	0.57
19890511	8.88	5.71	0.88
19890512	0.7	5.86	0.7
19890513	0.07	8.65	0.61
19890514	0.21	12.3	0.58
19890515	3.66	10.71	0.66
19890516	0.15	10.24	0.58
19890517	1.02	12.9	0.6
19890518	1.79	11.21	0.66
19890519	0.01	11.53	0.6
19890520	0.0	14.38	0.58
19890521	0.0	14.35	0.57
19890522	0.0	13.95	0.63
19890523	0.5	15.82	1.0
19890524	7.06	11.43	0.87
19890525	0.0	9.51	0.6
19890526	0.0	11.35	0.56
19890527	0.0	14.05	0.55
19890528	0.0	10.6	0.56
19890529	0.13	7.3	0.55
19890530	0.15	7.98	0.54
19890531	2.54	6.03	0.6
19890601	0.61	9.24	0.57
19890602	0.54	8.43	0.53
19890603	0.01	9.11	0.51
19890604	0.26	9.16	0.5
19890605	3.4	9.78	0.63
19890606	2.69	7.92	0.57
19890607	0.04	8.56	0.5
19890608	0.02	9.36	0.52
19890609	0.45	12.22	0.51
19890610	2.08	12.23	0.53
19890611	0.22	16.39	0.46
19890612	6.69	18.19	0.66
19890613	3.55	15.68	0.85
19890614	0.0	12.82	0.5
19890615	0.0	15.74	0.45
19890616	0.0	14.91	0.42
19890617	0.0	17.33	0.39
19890618	0.0	18.8	0.37
19890619	0.0	20.16	0.35
19890620	0.0	16.52	0.34
19890621	0.0	13.85	0.39
19890622	0.0	14.33	0.42
19890623	0.0	11.77	0.42
19890624	0.2	13.09	0.44
19890625	13.93	13.12	1.06
19890626	0.51	11.58	0.5
19890627	4.52	10.62	0.74
19890628	7.07	9.54	0.77
19890629	0.3	9.32	0.45
19890630	9.66	10.64	0.98
19890701	1.09	10.09	0.54
19890702	0.04	13.3	0.46
19890703	0.0	15.35	0.43
19890704	0.0	17.35	0.37
19890705	0.0	17.86	0.39
19890706	0.0	19.4	0.44
19890707	0.0	17.51	0.44
19890708	0.0	13.61	0.44
19890709	0.65	13.55	0.53
19890710	1.29	13.07	0.66
19890711	0.37	15.63	0.52
19890712	0.01	15.19	0.41
19890713	0.0	12.37	0.41
19890714	0.0	16.05	0.42
19890715	0.0	17.53	0.42
19890716	0.0	17.18	0.59
19890717	0.0	14.64	0.46
19890718	0.0	16.11	0.42
19890719	0.03	19.17	0.39
19890720	0.05	18.48	0.39
19890721	0.12	17.93	0.41
19890722	0.04	18.99	0.4
19890723	0.0	20.12	0.32
19890724	0.03	20.28	0.37
19890725	7.65	18.39	0.7
19890726	2.13	15.29	0.42
19890727	7.26	14.86	0.48
19890728	6.75	15.23	0.61
19890729	0.66	14.26	0.48
19890730	0.03	13.07	0.4
19890731	0.01	11.31	0.39
19890801	0.08	13.17	0.39
19890802	0.84	16.12	0.39
19890803	0.01	13.66	0.41
19890804	1.6	14.88	0.4
19890805	1.73	16.25	0.42
19890806	2.8	17.01	0.43
19890807	0.13	15.76	0.4
19890808	10.4	17.47	0.64
19890809	0.53	13.74	0.64
19890810	13.07	13.94	0.97
19890811	1.48	13.18	0.64
19890812	23.66	13.67	2.29
19890813	11.88	12.38	2.98
19890814	13.8	13.84	1.88
19890815	3.91	14.14	0.88
19890816	3.71	13.44	0.8
19890817	6.39	13.12	0.65
19890818	0.23	13.74	0.57
19890819	24.9	15.3	2.8
19890820	17.25	14.67	4.31
19890821	0.86	12.66	1.34
19890822	1.03	13.22	0.8
19890823	4.1	13.82	0.66
19890824	2.36	12.45	0.65
19890825	6.85	12.45	0.66
19890826	4.99	9.42	1.22
19890827	0.13	9.39	0.72
19890828	3.59	13.25	0.66
19890829	2.57	15.48	0.63
19890830	22.72	13.39	5.75
19890831	0.5	12.09	1.89
19890901	3.12	9.62	1.36
19890902	0.03	9.8	0.88
19890903	0.03	11.34	0.7
19890904	0.01	12.3	0.6
19890905	0.05	13.17	0.55
19890906	0.01	12.3	0.51
19890907	1.99	9.74	0.51
19890908	0.06	10.23	0.47
19890909	0.0	8.89	0.44
19890910	0.0	9.23	0.42
19890911	0.02	12.0	0.42
19890912	0.93	12.28	0.43
19890913	5.6	9.69	0.7
19890914	0.87	9.18	0.48
19890915	12.0	11.72	1.42
19890916	0.01	10.18	0.68
19890917	2.82	12.32	0.65
19890918	2.6	13.77	0.66
19890919	6.93	13.2	0.68
19890920	13.95	14.03	3.08
19890921	3.54	13.93	2.66
19890922	3.49	11.28	1.42
19890923	0.04	12.53	1.03
19890924	0.01	14.97	0.75
19890925	0.6	8.77	0.65
19890926	0.59	9.99	0.58
19890927	0.01	9.94	0.53
19890928	0.0	9.64	0.48
19890929	0.0	10.82	0.46
19890930	0.0	10.11	0.45
19891001	0.0	7.86	0.44
19891002	0.0	8.77	0.44
19891003	0.0	9.69	0.44
19891004	5.75	11.55	0.51
19891005	1.53	9.76	0.55
19891006	0.11	10.77	0.44
19891007	0.11	9.95	0.42
19891008	0.08	11.58	0.41
19891009	0.01	10.65	0.4
19891010	1.05	11.77	0.41
19891011	0.79	12.28	0.43
19891012	1.09	9.82	0.42
19891013	6.99	7.63	0.66
19891014	0.72	6.56	0.48
19891015	7.17	10.58	0.66
19891016	2.24	14.43	0.62
19891017	12.87	12.17	2.11
19891018	1.97	10.63	2.3
19891019	2.81	10.0	1.57
19891020	7.71	8.41	3.05
19891021	2.06	9.06	2.74
19891022	0.36	9.41	1.34
19891023	2.55	9.04	1.02
19891024	14.67	9.61	2.54
19891025	8.87	8.02	5.87
19891026	1.01	6.6	2.7
19891027	15.78	7.26	6.03
19891028	2.79	8.87	5.69
19891029	5.35	9.88	3.17
19891030	5.96	9.51	2.56
19891031	1.66	8.21	3.28
19891101	4.44	8.28	2.1
19891102	1.02	8.34	2.24
19891103	5.35	7.19	1.97
19891104	1.57	4.23	2.52
19891105	0.09	3.08	1.59
19891106	1.65	4.2	1.3
19891107	1.73	5.0	1.33
19891108	0.3	3.96	1.26
19891109	9.96	6.16	3.26
19891110	4.42	7.98	3.65
19891111	0.51	6.54	2.23
19891112	6.77	5.39	3.35
19891113	0.24	8.03	2.25
19891114	0.03	8.36	1.58
19891115	0.0	5.02	1.29
19891116	0.0	5.65	1.13
19891117	0.82	5.04	1.06
19891118	1.63	6.96	1.15
19891119	0.06	7.12	1.02
19891120	0.0	6.82	0.86
19891121	0.12	4.34	0.77
19891122	0.04	1.28	0.72
19891123	0.0	1.87	0.7
19891124	0.01	0.24	0.67
19891125	0.0	-0.64	0.62
19891126	0.0	0.74	0.61
19891127	0.02	0.07	0.59
19891128	0.23	1.53	0.57
19891129	0.02	0.96	0.57
19891130	0.0	1.0	0.56
19891201	0.06	1.16	0.57
19891202	0.0	0.25	0.55
19891203	0.0	-0.9	0.53
19891204	0.05	-0.43	0.51
19891205	0.0	2.16	0.52
19891206	0.29	2.5	0.54
19891207	0.02	0.21	0.53
19891208	0.0	-0.18	0.51
19891209	0.03	1.33	0.51
19891210	0.0	1.15	0.51
19891211	0.05	1.25	0.52
19891212	0.13	0.48	0.52
19891213	0.98	-0.86	0.52
19891214	0.15	-1.31	0.5
19891215	0.21	-0.64	0.49
19891216	41.19	4.04	10.08
19891217	3.75	4.61	7.51
19891218	0.0	-0.68	2.67
19891219	1.49	-1.7	1.41
19891220	3.3	2.72	1.38
19891221	1.55	4.89	1.88
19891222	2.63	3.23	1.52
19891223	9.32	6.36	2.44
19891224	10.03	7.48	6.32
19891225	0.72	4.64	2.49
19891226	0.01	1.36	1.59
19891227	0.03	-1.57	1.31
19891228	0.3	-0.66	1.16
19891229	0.06	1.69	1.11
19891230	0.0	1.68	1.03
19891231	2.16	1.94	1.0
19900101	5.19	2.65	2.6
19900102	6.97	3.07	2.05
19900103	8.95	4.01	6.24
19900104	1.5	5.64	3.42
19900105	2.48	6.21	2.48
19900106	2.18	4.43	2.58
19900107	1.94	4.15	2.12
19900108	2.59	5.4	1.75
19900109	13.24	6.5	2.5
19900110	1.61	8.41	4.26
19900111	2.91	8.42	2.42
19900112	1.67	4.04	2.15
19900113	2.05	5.17	1.58
19900114	14.1	8.39	4.52
19900115	8.27	8.4	5.5
19900116	15.73	6.31	7.64
19900117	12.11	3.39	6.53
19900118	10.97	4.51	5.42
19900119	14.44	3.64	9.61
19900120	0.78	7.43	5.84
19900121	4.88	7.39	3.66
19900122	17.71	4.89	6.75
19900123	8.85	2.03	5.8
19900124	18.69	0.97	4.67
19900125	21.21	1.35	8.93
19900126	10.53	1.83	10.17
19900127	0.58	1.98	8.66
19900128	1.69	2.26	4.11
19900129	2.7	5.74	4.36
19900130	5.61	4.81	4.45
19900131	6.15	4.59	3.95
19900201	5.39	4.1	4.32
19900202	5.92	3.85	4.0
19900203	11.14	5.42	3.87
19900204	4.7	9.52	5.99
19900205	12.51	8.33	5.28
19900206	9.63	5.66	10.9
19900207	3.75	3.68	4.78
19900208	6.43	3.84	4.44
19900209	1.12	6.33	3.22
19900210	5.29	3.47	2.85
19900211	11.49	2.0	5.61
19900212	5.54	1.16	4.68
19900213	7.77	1.42	6.14
19900214	5.99	1.53	4.16
19900215	0.65	1.15	3.61
19900216	7.26	3.31	4.13
19900217	12.87	5.21	12.12
19900218	7.57	6.14	5.0
19900219	4.95	7.93	4.65
19900220	6.75	6.11	3.81
19900221	1.45	6.5	4.22
19900222	0.24	10.16	2.43
19900223	21.37	8.29	6.95
19900224	22.86	6.59	17.4
19900225	17.37	5.42	10.48
19900226	5.92	2.28	6.83
19900227	6.59	2.94	6.33
19900228	2.84	1.37	4.55
19900301	1.15	0.57	3.1
19900302	0.51	4.0	2.46
19900303	6.23	4.93	3.5
19900304	7.54	5.9	3.37
19900305	17.53	7.37	10.03
19900306	12.48	9.04	11.98
19900307	6.15	7.17	10.23
19900308	13.89	3.87	8.64
19900309	23.87	5.92	14.96
19900310	7.86	8.59	13.73
19900311	1.19	6.9	5.69
19900312	3.53	7.24	3.74
19900313	3.46	7.59	4.27
19900314	8.65	9.08	3.29
19900315	2.44	9.79	4.43
19900316	0.43	9.71	2.73
19900317	0.01	9.75	2.12
19900318	4.59	8.41	1.89
19900319	0.8	6.13	1.61
19900320	8.69	7.56	2.67
19900321	5.24	6.63	3.89
19900322	4.12	6.91	2.91
19900323	9.01	5.62	3.46
19900324	4.63	3.09	3.91
19900325	0.1	3.31	2.49
19900326	0.01	5.97	1.92
19900327	0.1	3.6	1.63
19900328	0.51	6.72	1.44
19900329	0.05	9.74	1.33
19900330	0.0	9.9	1.25
19900331	0.0	8.34	1.19
19900401	14.25	10.07	2.68
19900402	1.02	5.05	2.73
19900403	0.08	0.5	1.57
19900404	0.31	3.44	1.29
19900405	4.88	5.82	1.43
19900406	2.49	5.5	1.47
19900407	0.02	3.29	1.25
19900408	1.02	7.22	1.07
19900409	5.6	7.56	1.21
19900410	0.93	7.84	1.53
19900411	0.52	9.29	1.14
19900412	2.96	6.45	1.04
19900413	0.09	4.9	0.97
19900414	3.17	4.98	1.09
19900415	4.78	4.47	1.24
19900416	10.01	3.46	2.57
19900417	2.96	3.3	2.44
19900418	7.51	4.67	2.25
19900419	5.01	6.55	3.24
19900420	0.24	7.59	2.28
19900421	0.01	8.0	1.44
19900422	0.01	8.93	1.21
19900423	0.39	9.7	1.08
19900424	0.63	10.25	0.94
19900425	2.54	8.69	0.93
19900426	0.0	5.19	0.82
19900427	0.74	6.75	0.75
19900428	0.52	10.57	0.76
19900429	0.0	10.52	0.72
19900430	0.06	14.69	0.68
19900501	0.0	15.3	0.66
19900502	0.0	15.27	0.63
19900503	0.0	16.24	0.61
19900504	0.0	16.76	0.6
19900505	0.25	11.49	0.61
19900506	1.37	8.67	0.6
19900507	3.66	7.97	0.62
19900508	1.37	8.88	0.63
19900509	1.86	7.62	0.59
19900510	5.22	9.76	0.61
19900511	0.01	11.46	0.47
19900512	0.0	10.15	0.44
19900513	0.01	9.34	0.42
19900514	4.93	12.26	0.67
19900515	5.26	9.62	0.76
19900516	4.81	8.51	0.8
19900517	0.01	9.74	0.66
19900518	0.0	9.25	0.62
19900519	0.0	8.5	0.55
19900520	0.01	12.41	0.52
19900521	0.45	10.79	0.54
19900522	1.68	11.25	0.57
19900523	0.1	9.15	0.53
19900524	0.01	8.34	0.51
19900525	0.0	8.82	0.5
19900526	0.0	11.66	0.49
19900527	0.17	11.28	0.48
19900528	1.19	15.08	0.49
19900529	2.45	12.45	0.51
19900530	0.01	13.08	0.48
19900531	12.28	13.6	0.8
19900601	2.03	11.16	0.87
19900602	0.1	13.04	0.52
19900603	0.8	12.09	0.5
19900604	1.9	11.84	0.55
19900605	1.81	8.16	0.6
19900606	20.22	8.38	2.24
19900607	2.68	9.8	0.9
19900608	4.27	12.58	0.76
19900609	0.63	15.63	0.62
19900610	0.77	14.14	0.65
19900611	0.04	11.8	0.51
19900612	0.0	12.77	0.49
19900613	0.0	13.35	0.45
19900614	0.0	12.45	0.44
19900615	0.0	12.34	0.43
19900616	0.21	14.09	0.42
19900617	1.05	15.82	0.43
19900618	0.71	12.17	0.43
19900619	0.33	12.34	0.41
19900620	1.28	12.51	0.41
19900621	3.33	12.39	0.56
19900622	2.16	12.51	0.46
19900623	0.45	11.46	0.42
19900624	5.29	11.31	0.77
19900625	0.01	12.49	0.43
19900626	14.85	14.08	0.95
19900627	1.59	11.56	0.69
19900628	0.3	11.56	0.47
19900629	12.25	13.31	1.08
19900630	29.04	12.73	5.45
19900701	0.34	10.27	3.52
19900702	0.93	9.79	1.17
19900703	4.03	12.76	0.86
19900704	19.52	10.9	3.9
19900705	0.07	11.54	2.12
19900706	3.55	13.13	1.1
19900707	6.61	13.67	1.36
19900708	6.78	12.48	2.14
19900709	1.63	12.63	1.7
19900710	2.77	14.57	1.09
19900711	0.07	12.8	0.84
19900712	1.71	12.81	0.77
19900713	0.0	14.3	0.66
19900714	0.0	16.01	0.59
19900715	6.0	14.72	0.77
19900716	0.0	14.78	0.62
19900717	0.0	16.41	0.58
19900718	0.0	18.03	0.52
19900719	0.0	18.48	0.47
19900720	0.0	16.52	0.46
19900721	0.0	16.14	0.45
19900722	0.0	14.39	0.45
19900723	0.0	12.45	0.43
19900724	0.0	15.26	0.47
19900725	0.0	18.75	0.46
19900726	0.0	18.14	0.45
19900727	0.57	16.23	0.46
19900728	0.02	15.51	0.43
19900729	0.57	17.05	0.38
19900730	0.3	14.64	0.39
19900731	0.0	16.08	0.38
19900801	0.0	17.31	0.36
19900802	0.19	21.33	0.35
19900803	0.94	15.43	0.38
19900804	0.89	13.98	0.38
19900805	0.8	12.43	0.4
19900806	4.04	12.59	0.39
19900807	1.31	14.16	0.36
19900808	8.1	15.84	0.44
19900809	1.25	15.63	0.56
19900810	2.64	15.88	0.45
19900811	6.75	15.09	0.52
19900812	1.25	14.34	0.53
19900813	0.49	13.83	0.46
19900814	8.29	13.35	0.47
19900815	36.74	12.59	3.11
19900816	2.35	12.15	1.89
19900817	0.07	11.62	0.67
19900818	0.36	12.05	0.58
19900819	2.51	12.86	0.56
19900820	0.02	12.04	0.51
19900821	1.38	14.5	0.48
19900822	0.3	15.7	0.45
19900823	4.62	16.15	0.52
19900824	0.72	15.83	0.52
19900825	0.75	16.43	0.45
19900826	3.16	16.66	0.5
19900827	1.83	17.73	0.47
19900828	6.22	16.13	0.76
19900829	11.35	13.02	2.82
19900830	8.42	12.17	1.55
19900831	0.63	12.52	1.51
19900901	3.8	13.74	0.99
19900902	4.3	14.78	1.14
19900903	0.79	11.79	0.95
19900904	0.35	10.79	0.7
19900905	5.7	11.14	0.82
19900906	2.05	10.29	0.84
19900907	0.03	11.44	0.64
19900908	0.06	12.33	0.55
19900909	0.0	12.71	0.51
19900910	0.0	11.93	0.48
19900911	0.0	14.01	0.46
19900912	0.0	11.85	0.45
19900913	0.0	12.12	0.43
19900914	0.0	9.02	0.42
19900915	0.0	10.06	0.42
19900916	2.89	9.73	0.48
19900917	3.36	11.21	0.51
19900918	19.57	10.28	2.03
19900919	0.42	8.19	1.34
19900920	8.7	6.86	2.01
19900921	0.64	8.4	1.25
19900922	0.08	7.71	0.84
19900923	1.54	9.21	0.67
19900924	3.02	6.75	0.66
19900925	0.01	7.62	0.59
19900926	0.19	8.32	0.55
19900927	0.68	10.64	0.53
19900928	6.17	12.65	0.87
19900929	4.11	12.5	0.84
19900930	0.3	9.33	0.8
19901001	3.7	11.41	0.69
19901002	33.41	10.85	10.55
19901003	3.91	8.53	5.29
19901004	4.08	10.86	2.25
19901005	27.98	11.28	6.57
19901006	37.77	6.81	34.54
19901007	0.01	6.09	4.36
19901008	0.52	11.03	2.38
19901009	10.01	10.15	2.74
19901010	3.51	9.01	2.79
19901011	5.41	9.52	3.32
19901012	0.63	11.58	2.41
19901013	0.5	14.23	1.85
19901014	5.99	12.28	1.87
19901015	6.31	11.5	3.9
19901016	1.57	9.11	1.99
19901017	6.53	9.97	2.45
19901018	0.17	9.94	2.42
19901019	1.53	9.62	1.54
19901020	0.11	11.79	1.35
19901021	0.1	9.59	1.25
19901022	0.0	8.25	1.16
19901023	0.01	9.03	1.05
19901024	4.19	9.75	1.17
19901025	0.49	10.2	1.19
19901026	1.27	8.87	1.22
19901027	4.76	7.02	1.16
19901028	10.07	5.69	3.21
19901029	11.73	4.18	2.6
19901030	5.6	4.79	6.65
19901031	0.23	4.54	2.89
19901101	0.01	6.07	1.78
19901102	0.0	3.87	1.34
19901103	0.0	3.1	1.16
19901104	0.01	3.13	1.08
19901105	0.0	4.59	1.37
19901106	0.09	5.04	0.93
19901107	0.33	5.82	0.88
19901108	0.0	3.33	0.84
19901109	0.58	4.65	0.8
19901110	2.27	6.5	0.87
19901111	3.72	7.58	0.95
19901112	4.7	10.5	1.56
19901113	1.12	10.03	1.52
19901114	2.11	7.68	1.48
19901115	6.81	9.21	1.43
19901116	8.22	8.72	5.36
19901117	6.49	6.33	2.54
19901118	2.1	4.49	2.44
19901119	0.28	2.1	2.07
19901120	2.73	2.26	1.63
19901121	0.05	1.48	1.43
19901122	0.11	1.31	1.3
19901123	0.12	2.72	1.17
19901124	3.19	3.27	1.06
19901125	5.98	3.94	1.62
19901126	0.1	1.64	1.47
19901127	0.0	1.12	1.21
19901128	0.08	1.12	1.21
19901129	0.01	3.38	1.05
19901130	0.0	2.13	1.05
19901201	0.31	4.61	1.02
19901202	0.55	7.12	0.99
19901203	0.01	5.07	0.91
19901204	0.02	3.76	0.78
19901205	0.01	4.86	0.76
19901206	13.31	3.79	2.01
19901207	2.35	-0.36	2.88
19901208	5.84	0.83	1.51
19901209	0.75	1.27	2.48
19901210	0.06	0.68	1.57
19901211	6.63	4.82	2.72
19901212	0.0	-0.66	1.63
19901213	0.05	-0.36	1.22
19901214	0.18	2.65	1.11
19901215	0.24	3.14	1.09
19901216	0.36	3.57	1.02
19901217	0.0	1.36	0.98
19901218	0.0	0.63	0.92
19901219	9.25	3.73	1.3
19901220	1.15	5.06	2.56
19901221	15.72	7.68	4.57
19901222	24.31	7.36	12.94
19901223	3.93	4.07	6.53
19901224	6.31	3.03	3.54
19901225	16.96	3.95	6.41
19901226	10.2	3.67	8.9
19901227	7.36	2.07	4.88
19901228	16.01	3.21	9.59
19901229	6.9	1.24	5.38
19901230	1.42	1.96	5.39
19901231	3.25	1.76	4.01
19910101	35.75	6.26	20.16
19910102	6.65	2.77	8.95
19910103	11.97	2.5	6.08
19910104	22.49	3.49	12.57
19910105	7.74	3.69	9.49
19910106	7.65	1.05	5.12
19910107	10.48	0.12	3.87
19910108	1.88	-0.77	3.34
19910109	13.22	0.46	3.01
19910110	6.49	1.91	7.81
19910111	2.32	0.54	13.56
19910112	0.0	-1.82	5.04
19910113	0.01	-2.81	2.6
19910114	0.0	-2.23	1.7
19910115	0.0	-1.79	1.38
19910116	0.01	-0.67	1.22
19910117	0.79	3.02	1.33
19910118	3.97	3.15	2.9
19910119	1.78	4.69	2.35
19910120	3.01	4.44	3.34
19910121	0.08	2.32	2.12
19910122	0.77	4.39	1.72
19910123	0.12	4.39	1.66
19910124	0.01	1.98	1.47
19910125	0.01	0.99	1.34
19910126	0.0	2.58	1.26
19910127	0.06	1.98	1.19
19910128	0.04	1.25	1.14
19910129	1.26	1.28	1.11
19910130	0.19	-0.82	1.07
19910131	0.25	-1.71	1.01
19910201	0.0	-0.76	0.97
19910202	0.0	-0.3	0.86
19910203	0.89	-0.14	0.83
19910204	0.07	-1.09	0.81
19910205	0.0	-0.49	0.78
19910206	0.61	-0.7	0.76
19910207	5.85	-0.82	0.8
19910208	6.59	-0.64	0.92
19910209	4.8	-2.43	0.89
19910210	0.01	-2.74	0.78
19910211	0.06	-1.02	0.81
19910212	0.0	-1.7	0.73
19910213	0.0	-1.26	0.75
19910214	12.49	0.98	1.35
19910215	0.0	1.51	2.83
19910216	0.09	1.49	1.92
19910217	0.0	1.04	1.51
19910218	0.35	1.87	1.44
19910219	3.57	3.81	6.93
19910220	1.93	2.81	6.14
19910221	15.08	2.51	4.97
19910222	20.71	5.37	12.17
19910223	12.46	7.44	10.16
19910224	0.26	4.77	6.67
19910225	0.41	5.22	3.36
19910226	1.55	6.03	2.68
19910227	4.92	4.56	2.45
19910228	0.26	1.85	2.58
19910301	0.01	2.45	1.89
19910302	1.02	2.41	1.58
19910303	0.61	2.32	1.46
19910304	5.97	4.65	1.95
19910305	0.22	5.38	2.08
19910306	1.74	6.08	1.59
19910307	1.78	5.39	1.65
19910308	6.27	5.33	3.34
19910309	1.97	6.49	2.63
19910310	0.17	5.3	2.04
19910311	0.69	7.13	1.59
19910312	5.49	8.0	1.88
19910313	1.17	8.34	3.21
19910314	0.65	6.32	2.08
19910315	5.97	7.44	2.83
19910316	8.38	9.03	3.98
19910317	0.32	6.89	3.5
19910318	38.43	8.24	22.9
19910319	4.1	7.5	9.42
19910320	5.64	6.71	5.07
19910321	0.3	4.46	4.0
19910322	0.0	3.63	2.7
19910323	0.0	4.83	2.09
19910324	0.0	5.3	1.65
19910325	0.0	6.25	1.41
19910326	0.0	5.44	1.32
19910327	0.0	5.31	1.23
19910328	0.0	3.1	1.13
19910329	0.01	6.55	1.04
19910330	0.03	9.78	0.97
19910331	5.3	8.55	1.08
19910401	16.76	8.78	3.29
19910402	2.0	6.0	3.02
19910403	3.43	5.84	2.3
19910404	1.08	5.8	1.91
19910405	1.05	5.42	1.5
19910406	5.38	6.18	1.4
19910407	7.52	6.3	2.22
19910408	0.5	7.31	2.22
19910409	13.99	9.29	3.15
19910410	1.95	9.66	3.57
19910411	12.77	7.86	4.49
19910412	23.82	5.75	18.04
19910413	0.1	4.52	5.45
19910414	0.0	6.07	2.93
19910415	0.0	8.83	2.12
19910416	0.0	5.52	1.63
19910417	0.35	5.86	1.52
19910418	0.28	5.24	1.88
19910419	0.01	2.21	1.6
19910420	1.06	5.32	1.46
19910421	0.36	5.84	1.33
19910422	0.03	6.12	1.21
19910423	1.65	8.83	1.16
19910424	0.14	7.92	1.1
19910425	0.0	6.22	0.98
19910426	0.0	7.66	0.88
19910427	0.0	6.78	0.82
19910428	0.01	8.26	0.79
19910429	0.83	7.51	0.76
19910430	0.0	7.06	0.73
19910501	0.0	9.54	0.68
19910502	0.26	9.03	0.67
19910503	0.8	8.59	0.67
19910504	0.01	7.91	0.65
19910505	0.1	8.53	0.62
19910506	2.09	8.0	0.61
19910507	0.01	5.88	0.6
19910508	0.0	7.77	0.58
19910509	0.01	9.47	0.57
19910510	0.8	9.8	0.57
19910511	0.0	8.44	0.55
19910512	6.62	10.46	0.7
19910513	1.56	8.26	0.79
19910514	0.01	10.09	0.55
19910515	0.06	11.0	0.51
19910516	0.71	9.8	0.5
19910517	0.04	11.31	0.52
19910518	0.49	10.98	0.51
19910519	0.2	12.26	0.5
19910520	0.73	12.55	0.5
19910521	0.02	10.52	0.48
19910522	0.02	11.64	0.47
19910523	0.69	12.85	0.47
19910524	0.03	13.73	0.47
19910525	0.0	13.19	0.46
19910526	0.06	13.77	0.46
19910527	0.0	13.28	0.46
19910528	0.0	12.86	0.44
19910529	0.0	12.25	0.44
19910530	0.0	11.73	0.44
19910531	0.0	10.64	0.44
19910601	13.76	10.25	0.69
19910602	4.48	6.18	1.04
19910603	1.49	6.83	0.64
19910604	0.01	6.51	0.5
19910605	0.0	8.71	0.47
19910606	0.0	10.48	0.46
19910607	0.03	9.22	0.45
19910608	8.27	12.08	0.74
19910609	12.66	11.42	1.66
19910610	0.06	10.18	0.77
19910611	10.78	10.5	1.25
19910612	9.7	10.25	1.83
19910613	1.73	10.5	1.15
19910614	0.2	10.69	0.76
19910615	4.01	10.64	0.69
19910616	0.33	10.72	0.6
19910617	2.24	10.99	0.55
19910618	9.3	10.34	1.09
19910619	0.17	9.3	0.72
19910620	0.19	12.14	0.61
19910621	4.75	11.76	0.66
19910622	11.78	12.78	1.26
19910623	2.34	12.24	1.06
19910624	3.97	14.84	0.77
19910625	3.99	13.18	1.11
19910626	0.11	11.95	0.72
19910627	2.11	12.09	0.64
19910628	0.01	11.83	0.55
19910629	6.28	14.72	0.8
19910630	0.57	14.9	0.65
19910701	17.83	13.84	1.57
19910702	0.02	14.42	0.93
19910703	0.12	14.88	0.72
19910704	0.0	17.95	0.58
19910705	0.0	17.36	0.51
19910706	0.0	18.17	0.58
19910707	11.68	18.55	1.05
19910708	13.08	15.95	1.83
19910709	0.32	13.24	1.55
19910710	0.1	17.18	0.77
19910711	6.91	13.97	1.22
19910712	11.11	13.28	1.65
19910713	1.67	12.76	2.06
19910714	11.16	13.87	1.83
19910715	6.49	13.56	3.59
19910716	1.28	14.14	2.39
19910717	4.84	13.82	1.22
19910718	1.93	14.98	1.32
19910719	1.7	15.29	0.99
19910720	0.39	14.05	0.76
19910721	0.09	15.67	0.62
19910722	7.81	15.37	0.72
19910723	3.56	14.97	0.87
19910724	0.08	17.11	0.68
19910725	0.0	17.27	0.59
19910726	0.01	16.68	0.57
19910727	0.01	18.06	0.55
19910728	0.0	17.48	0.52
19910729	0.0	18.43	0.53
19910730	0.01	17.21	0.51
19910731	1.79	17.81	0.58
19910801	0.11	17.46	0.6
19910802	0.11	15.56	0.77
19910803	0.71	15.78	0.89
19910804	2.17	16.02	0.81
19910805	1.25	14.98	0.79
19910806	0.83	12.96	0.8
19910807	0.05	14.1	0.76
19910808	19.45	15.52	1.4
19910809	0.68	15.14	1.55
19910810	0.25	14.93	0.85
19910811	0.87	13.5	0.73
19910812	0.02	13.21	0.7
19910813	0.84	14.54	0.8
19910814	0.2	15.26	0.95
19910815	1.08	14.71	0.96
19910816	4.29	13.25	1.07
19910817	0.93	12.21	0.97
19910818	2.98	13.52	0.98
19910819	0.21	13.92	1.05
19910820	0.01	15.13	0.94
19910821	2.93	17.33	1.1
19910822	8.52	15.45	1.31
19910823	1.13	14.2	1.33
19910824	0.0	14.57	0.8
19910825	0.0	15.42	0.65
19910826	0.01	15.77	0.57
19910827	0.15	12.25	0.53
19910828	0.0	15.78	0.52
19910829	0.0	15.79	0.52
19910830	0.0	17.31	0.58
19910831	0.0	15.4	0.58
19910901	0.0	15.13	0.57
19910902	0.0	14.8	0.56
19910903	0.0	16.21	0.56
19910904	0.0	17.87	0.58
19910905	0.0	14.24	0.52
19910906	0.0	12.41	0.53
19910907	0.0	14.28	0.57
19910908	0.0	11.83	0.57
19910909	0.0	12.36	0.59
19910910	0.0	10.87	0.59
19910911	0.0	7.69	0.45
19910912	0.06	12.31	0.42
19910913	1.61	15.77	0.45
19910914	7.17	13.66	0.68
19910915	8.11	13.58	0.65
19910916	4.11	15.34	0.71
19910917	2.08	12.89	0.54
19910918	1.02	11.88	0.51
19910919	6.42	11.07	0.8
19910920	0.02	12.84	0.57
19910921	22.6	10.94	2.42
19910922	13.27	8.88	1.42
19910923	25.37	12.36	5.05
19910924	12.98	8.99	8.48
19910925	0.56	7.18	2.6
19910926	0.32	8.43	1.57
19910927	0.42	8.69	1.3
19910928	0.93	6.09	1.07
19910929	3.89	6.16	1.1
19910930	7.91	8.39	1.22
19911001	4.1	7.99	1.64
19911002	8.18	11.26	1.77
19911003	6.38	8.52	3.82
19911004	14.39	8.0	7.07
19911005	0.23	7.0	3.1
19911006	9.84	9.54	2.27
19911007	6.48	9.65	3.14
19911008	0.28	8.89	2.86
19911009	1.71	9.92	1.76
19911010	0.17	10.69	1.56
19911011	0.02	12.06	1.36
19911012	0.12	12.01	1.28
19911013	0.04	10.49	1.2
19911014	0.06	8.18	1.16
19911015	16.01	8.99	2.82
19911016	8.67	7.63	3.26
19911017	1.7	5.73	3.3
19911018	0.05	4.43	1.72
19911019	0.02	4.69	1.35
19911020	0.34	5.95	1.25
19911021	0.06	7.8	1.17
19911022	0.04	5.61	1.11
19911023	0.13	6.09	1.04
19911024	0.25	5.57	1.01
19911025	0.93	7.05	0.98
19911026	0.09	6.56	0.98
19911027	0.03	7.03	0.95
19911028	0.01	8.83	0.89
19911029	9.71	9.73	0.95
19911030	1.57	7.47	1.35
19911031	22.22	7.53	7.3
19911101	10.98	8.48	5.26
19911102	10.62	5.52	7.66
19911103	0.21	3.36	3.69
19911104	0.01	2.89	2.12
19911105	0.43	3.22	1.63
19911106	8.87	8.01	2.55
19911107	10.62	6.54	6.38
19911108	0.31	3.05	2.96
19911109	0.39	2.5	2.04
19911110	18.38	4.86	6.07
19911111	7.56	4.24	5.04
19911112	27.13	3.36	12.04
19911113	3.91	1.07	8.65
19911114	0.12	2.68	5.24
19911115	0.0	1.3	3.66
19911116	0.0	-0.4	2.6
19911117	3.15	0.73	2.48
19911118	5.48	4.1	3.15
19911119	0.05	0.73	2.74
19911120	2.29	1.95	2.11
19911121	1.03	8.27	2.31
19911122	0.58	8.68	2.13
19911123	0.07	9.27	1.84
19911124	4.86	7.15	1.96
19911125	0.95	8.12	2.18
19911126	0.69	5.99	1.8
19911127	5.16	8.23	2.06
19911128	5.11	5.4	2.15
19911129	0.28	7.81	2.84
19911130	0.57	6.84	1.98
19911201	0.11	5.2	1.7
19911202	0.02	5.27	1.84
19911203	0.0	2.98	1.46
19911204	0.01	1.96	1.39
19911205	0.0	4.16	1.32
19911206	0.0	1.19	1.3
19911207	0.0	1.14	1.24
19911208	0.0	0.99	1.24
19911209	0.0	-1.66	1.15
19911210	0.0	-3.22	1.1
19911211	0.35	-0.89	0.94
19911212	1.77	6.42	1.1
19911213	2.4	6.88	1.18
19911214	1.63	5.02	1.31
19911215	1.44	3.94	1.4
19911216	2.84	5.17	1.38
19911217	15.77	4.94	4.5
19911218	25.09	6.35	14.31
19911219	8.8	2.84	7.85
19911220	9.65	1.05	5.17
19911221	22.62	5.59	14.62
19911222	32.35	6.97	32.34
19911223	1.46	2.93	8.68
19911224	0.11	1.98	4.4
19911225	6.65	6.57	5.06
19911226	0.12	4.49	3.94
19911227	0.73	6.05	3.03
19911228	0.58	5.4	2.58
19911229	0.03	2.6	2.21
19911230	0.96	4.65	2.05
19911231	16.56	6.57	4.0
19920101	6.14	7.88	6.88
19920102	17.67	7.92	6.33
19920103	11.39	3.44	13.06
19920104	1.91	3.35	4.93
19920105	1.66	5.38	3.52
19920106	5.0	8.49	3.43
19920107	44.27	5.78	18.03
19920108	13.2	1.38	31.12
19920109	0.01	-1.53	6.07
19920110	0.12	1.55	3.9
19920111	0.01	3.24	3.28
19920112	0.14	2.02	2.61
19920113	0.12	3.9	2.36
19920114	0.23	2.1	2.11
19920115	0.27	2.61	2.02
19920116	0.02	4.9	1.82
19920117	0.01	5.19	1.71
19920118	0.17	6.8	1.72
19920119	5.46	7.17	1.75
19920120	0.2	2.39	1.78
19920121	0.0	-1.92	1.72
19920122	0.0	-1.7	1.49
19920123	0.01	-0.73	1.33
19920124	2.15	4.12	1.33
19920125	0.01	2.15	1.35
19920126	0.06	0.1	1.32
19920127	0.11	1.29	1.32
19920128	0.01	-0.47	1.32
19920129	0.03	-0.6	1.26
19920130	0.0	-0.38	1.24
19920131	0.15	1.66	1.18
19920201	1.2	5.87	1.22
19920202	8.0	5.07	1.83
19920203	9.29	3.84	2.99
19920204	0.25	5.6	3.14
19920205	0.01	8.56	1.99
19920206	0.01	7.0	1.63
19920207	2.94	7.11	1.52
19920208	1.44	5.79	1.5
19920209	5.13	4.11	1.64
19920210	3.54	2.83	1.95
19920211	0.03	3.73	1.76
19920212	2.81	5.28	1.75
19920213	4.0	3.88	1.59
19920214	7.66	4.78	2.72
19920215	1.07	2.95	2.99
19920216	0.48	0.83	1.92
19920217	8.71	0.26	1.88
19920218	0.02	-0.88	2.78
19920219	0.34	0.57	2.16
19920220	1.51	4.58	2.91
19920221	10.43	5.65	2.5
19920222	20.09	6.96	14.27
19920223	3.07	7.08	4.72
19920224	2.8	3.02	3.42
19920225	3.33	4.21	2.7
19920226	3.36	6.06	2.68
19920227	4.65	4.2	3.62
19920228	0.08	4.4	2.22
19920229	3.22	6.75	2.01
19920301	1.94	4.92	1.93
19920302	6.05	6.19	2.5
19920303	3.81	9.44	2.73
19920304	0.67	8.47	2.42
19920305	1.62	6.42	2.1
19920306	9.76	7.57	2.67
19920307	3.68	4.53	4.65
19920308	2.04	5.08	2.53
19920309	22.52	5.36	8.97
19920310	9.37	2.53	7.48
19920311	14.13	5.51	9.77
19920312	8.81	2.79	8.61
19920313	1.58	0.67	5.59
19920314	0.39	1.34	3.45
19920315	0.3	4.53	2.66
19920316	0.91	9.52	2.35
19920317	4.9	8.96	2.15
19920318	4.89	6.2	3.3
19920319	3.62	8.37	2.7
19920320	4.53	6.96	2.73
19920321	3.63	5.3	3.31
19920322	0.24	5.38	2.55
19920323	0.04	7.33	1.91
19920324	0.0	6.34	1.66
19920325	0.58	5.07	1.65
19920326	0.05	3.92	1.47
19920327	0.08	5.02	1.36
19920328	1.01	5.96	1.32
19920329	4.87	5.46	1.43
19920330	5.67	4.78	2.05
19920331	51.38	2.72	36.99
19920401	5.19	1.88	14.09
19920402	0.03	2.8	4.32
19920403	0.0	3.4	2.89
19920404	0.95	6.06	2.26
19920405	0.84	6.79	1.99
19920406	0.76	5.42	1.86
19920407	1.19	7.11	1.64
19920408	0.01	8.1	1.44
19920409	0.37	10.65	1.41
19920410	0.4	8.93	1.44
19920411	1.21	8.63	1.42
19920412	1.08	5.39	1.38
19920413	3.25	5.42	1.36
19920414	9.67	2.86	2.8
19920415	0.07	3.5	1.72
19920416	1.74	5.92	1.43
19920417	5.57	8.12	1.75
19920418	0.1	6.78	1.69
19920419	0.32	7.8	1.35
19920420	3.09	8.94	1.33
19920421	0.6	8.42	1.35
19920422	3.25	7.87	1.3
19920423	1.47	9.18	1.26
19920424	4.94	6.35	1.44
19920425	10.8	8.93	2.09
19920426	9.55	8.32	4.78
19920427	4.34	7.0	3.33
19920428	2.31	6.54	2.18
19920429	5.26	7.82	1.8
19920430	4.48	8.43	4.0
19920501	1.09	7.54	2.1
19920502	0.01	8.1	1.58
19920503	0.08	9.99	1.4
19920504	4.89	8.28	1.53
19920505	5.92	9.64	1.69
19920506	3.59	11.49	2.4
19920507	5.77	7.09	2.35
19920508	4.48	4.72	2.94
19920509	0.75	4.96	1.97
19920510	1.89	7.2	1.79
19920511	10.8	8.73	2.57
19920512	1.65	11.17	2.1
19920513	0.02	15.03	1.68
19920514	0.01	16.95	1.45
19920515	0.0	9.47	1.24
19920516	0.0	10.67	1.17
19920517	0.0	13.33	1.12
19920518	0.01	13.29	1.05
19920519	0.03	13.34	1.0
19920520	7.91	14.27	1.44
19920521	3.93	9.9	1.44
19920522	0.53	13.17	1.1
19920523	0.02	11.09	1.01
19920524	0.03	12.05	1.0
19920525	3.75	15.35	2.25
19920526	0.01	14.38	1.34
19920527	0.0	14.57	1.09
19920528	0.33	14.49	1.03
19920529	0.34	15.41	1.0
19920530	0.08	15.21	0.93
19920531	1.23	14.23	0.99
19920601	4.81	15.29	0.84
19920602	0.12	12.58	0.67
19920603	0.13	13.35	0.61
19920604	0.0	11.68	0.58
19920605	0.01	12.37	0.55
19920606	0.0	13.18	0.55
19920607	0.01	13.31	0.58
19920608	0.45	14.71	0.56
19920609	2.18	14.9	0.77
19920610	0.01	14.11	0.6
19920611	0.0	13.37	0.7
19920612	0.06	16.76	0.66
19920613	1.4	17.92	0.71
19920614	0.07	15.24	0.51
19920615	0.0	12.7	0.48
19920616	0.01	12.02	0.46
19920617	0.0	12.86	0.51
19920618	0.01	14.45	1.33
19920619	0.0	14.18	0.44
19920620	0.0	14.7	0.43
19920621	0.0	14.26	0.43
19920622	0.0	15.3	0.44
19920623	0.0	14.1	0.68
19920624	0.57	15.79	0.42
19920625	2.15	15.23	0.47
19920626	0.0	15.83	0.43
19920627	0.94	14.34	0.43
19920628	0.01	15.5	0.43
19920629	0.98	16.81	0.43
19920630	7.2	10.98	0.52
19920701	0.01	8.53	0.43
19920702	3.56	11.83	0.44
19920703	9.17	11.06	0.85
19920704	0.01	10.13	0.46
19920705	0.01	14.42	0.42
19920706	0.13	16.38	0.41
19920707	0.51	18.43	0.41
19920708	0.0	13.35	0.4
19920709	0.0	12.72	0.4
19920710	1.8	14.42	0.4
19920711	4.24	13.23	0.52
19920712	3.44	12.49	0.5
19920713	0.02	12.55	0.4
19920714	0.32	11.98	0.38
19920715	2.28	15.05	0.39
19920716	4.74	17.06	0.5
19920717	6.23	16.59	0.6
19920718	8.1	15.57	0.89
19920719	1.67	15.53	0.54
19920720	3.2	15.8	0.47
19920721	1.06	14.45	0.44
19920722	0.47	15.1	0.4
19920723	12.61	14.64	0.68
19920724	0.67	14.7	0.59
19920725	3.42	13.76	0.52
19920726	7.54	12.19	0.63
19920727	2.8	12.3	0.45
19920728	0.0	13.48	0.4
19920729	0.02	12.27	0.45
19920730	0.0	11.76	0.39
19920731	8.11	15.89	0.57
19920801	1.38	14.09	0.55
19920802	10.61	13.8	0.67
19920803	2.03	13.04	0.54
19920804	12.48	13.81	1.03
19920805	1.14	13.52	0.64
19920806	0.0	11.1	0.45
19920807	0.01	13.59	0.42
19920808	15.08	12.58	0.8
19920809	13.03	11.99	2.75
19920810	0.66	14.27	0.9
19920811	13.25	13.76	1.25
19920812	14.12	12.44	2.81
19920813	0.03	11.05	1.79
19920814	1.07	15.48	0.87
19920815	10.94	11.67	2.17
19920816	9.63	12.87	1.49
19920817	2.18	11.57	2.63
19920818	0.54	13.37	1.16
19920819	0.82	13.26	0.89
19920820	0.37	15.48	0.7
19920821	0.79	14.55	0.62
19920822	19.07	12.96	2.32
19920823	7.4	11.17	3.36
19920824	8.48	13.1	2.31
19920825	8.43	13.26	3.64
19920826	10.64	11.41	3.56
19920827	7.22	12.79	5.37
19920828	0.38	9.66	2.53
19920829	7.85	11.23	1.59
19920830	14.32	11.9	5.67
19920831	9.13	10.52	8.34
19920901	5.17	10.26	3.23
19920902	5.71	9.5	5.31
19920903	0.05	10.07	2.53
19920904	0.0	8.9	1.63
19920905	10.27	9.22	1.93
19920906	29.71	11.18	16.01
19920907	9.46	9.9	5.19
19920908	6.05	10.78	4.18
19920909	0.6	12.96	3.46
19920910	1.81	12.93	2.12
19920911	14.0	9.81	4.39
19920912	4.8	9.4	3.24
19920913	4.4	10.29	2.47
19920914	8.7	11.88	3.53
19920915	2.66	9.5	4.8
19920916	0.44	11.64	2.36
19920917	1.21	12.91	1.85
19920918	0.25	13.34	1.52
19920919	10.29	12.42	2.1
19920920	8.26	7.64	6.2
19920921	6.5	9.68	2.82
19920922	0.67	9.13	2.94
19920923	0.45	10.59	1.86
19920924	14.31	9.16	6.62
19920925	0.12	9.1	3.58
19920926	11.46	10.48	4.94
19920927	0.12	13.05	4.44
19920928	0.03	13.32	2.47
19920929	16.0	13.75	3.5
19920930	8.53	9.32	9.92
19921001	1.16	11.35	3.42
19921002	15.0	9.52	8.13
19921003	1.08	9.73	4.37
19921004	0.35	7.96	2.72
19921005	0.0	7.16	2.06
19921006	0.29	6.62	1.71
19921007	0.0	6.46	1.46
19921008	0.24	8.62	1.34
19921009	0.0	5.21	1.22
19921010	0.0	5.48	1.13
19921011	0.01	6.67	1.08
19921012	0.02	7.39	1.03
19921013	1.54	8.05	1.02
19921014	0.39	4.81	1.03
19921015	0.01	4.71	0.96
19921016	0.02	3.03	0.89
19921017	2.5	3.46	0.88
19921018	0.0	3.04	0.82
19921019	0.28	4.0	0.76
19921020	0.08	4.39	0.73
19921021	2.88	4.48	0.91
19921022	2.06	4.13	0.88
19921023	2.48	2.82	1.04
19921024	0.19	2.03	0.89
19921025	0.28	2.08	0.79
19921026	9.88	3.61	1.32
19921027	6.52	2.98	3.19
19921028	1.83	3.27	2.49
19921029	0.01	1.79	1.5
19921030	0.25	1.6	1.22
19921031	19.08	5.75	3.27
19921101	19.63	6.66	7.0
19921102	5.81	5.58	7.99
19921103	1.9	5.98	3.07
19921104	5.78	9.31	3.51
19921105	0.1	12.14	2.57
19921106	4.33	8.73	2.32
19921107	0.02	4.25	2.07
19921108	6.65	6.46	2.2
19921109	9.28	5.61	5.97
19921110	9.89	4.83	6.19
19921111	3.54	3.87	5.82
19921112	1.51	1.97	3.37
19921113	0.01	0.59	2.28
19921114	5.05	1.81	2.23
19921115	4.27	2.26	2.57
19921116	0.44	2.17	3.0
19921117	0.98	3.18	1.93
19921118	6.79	4.77	2.35
19921119	3.63	2.76	2.2
19921120	5.42	1.53	3.98
19921121	12.72	0.82	6.87
19921122	10.14	7.06	8.61
19921123	2.12	7.89	4.69
19921124	6.01	6.44	3.87
19921125	6.85	4.31	5.04
19921126	9.18	4.75	5.75
19921127	14.85	5.05	9.07
19921128	1.67	2.77	4.88
19921129	1.62	5.93	3.35
19921130	5.97	5.04	3.39
19921201	12.08	6.48	5.12
19921202	7.32	4.9	7.35
19921203	8.16	1.88	5.31
19921204	3.26	1.47	4.73
19921205	2.04	2.12	3.28
19921206	5.48	3.53	3.35
19921207	1.63	2.08	3.6
19921208	2.99	1.48	2.65
19921209	0.27	1.95	2.44
19921210	5.1	6.09	2.97
19921211	2.53	4.25	2.86
19921212	3.02	5.41	2.32
19921213	0.69	8.64	2.69
19921214	0.01	8.67	1.98
19921215	4.16	5.77	1.78
19921216	2.2	2.29	2.32
19921217	10.31	4.96	2.55
19921218	0.8	1.19	2.98
19921219	0.2	-2.26	1.84
19921220	0.01	-3.74	1.51
19921221	2.2	-1.28	1.38
19921222	0.1	-1.43	1.38
19921223	0.39	1.37	1.37
19921224	0.03	3.19	1.99
19921225	2.37	3.82	1.73
19921226	0.01	3.9	1.59
19921227	0.0	0.92	1.36
19921228	0.0	-2.76	1.27
19921229	0.0	-4.13	1.22
19921230	0.08	-0.47	1.1
19921231	0.04	4.2	1.11
19930101	0.29	6.28	1.1
19930102	0.79	2.94	1.06
19930103	7.25	2.67	1.49
19930104	5.46	5.56	1.78
19930105	1.99	4.74	1.84
19930106	0.01	4.39	1.56
19930107	9.02	4.04	1.91
19930108	16.81	4.97	5.34
19930109	7.51	4.65	5.13
19930110	7.19	3.58	5.71
19930111	10.99	-0.27	3.09
19930112	9.27	1.63	4.13
19930113	5.71	1.65	8.02
19930114	18.73	5.21	18.75
19930115	12.6	5.2	12.48
19930116	6.1	7.09	8.0
19930117	13.8	2.4	6.48
19930118	9.7	3.09	10.35
19930119	10.38	5.27	8.49
19930120	7.72	5.23	6.53
19930121	12.65	6.77	7.05
19930122	5.37	3.25	6.15
19930123	27.68	5.38	19.83
19930124	5.74	2.07	7.13
19930125	3.61	1.91	4.36
19930126	0.55	2.26	3.71
19930127	4.9	2.86	3.78
19930128	0.07	3.01	3.14
19930129	1.22	4.5	2.53
19930130	0.18	2.19	2.19
19930131	0.01	1.16	1.8
19930201	1.03	2.22	1.64
19930202	0.39	7.1	1.61
19930203	0.14	7.87	1.56
19930204	0.03	7.3	1.44
19930205	0.19	7.85	1.34
19930206	0.04	9.2	1.29
19930207	0.0	7.28	1.21
19930208	0.43	5.58	1.17
19930209	0.0	5.91	1.14
19930210	0.06	3.96	1.1
19930211	0.01	3.91	1.05
19930212	0.05	4.46	0.98
19930213	0.01	5.48	0.94
19930214	2.21	4.51	0.96
19930215	0.18	5.26	0.93
19930216	0.02	8.13	0.91
19930217	0.05	8.01	0.84
19930218	3.69	4.97	1.43
19930219	0.01	4.86	0.95
19930220	0.06	4.44	0.87
19930221	0.09	3.58	0.78
19930222	0.04	5.04	0.76
19930223	0.15	5.71	0.75
19930224	2.6	6.5	0.74
19930225	3.45	4.31	0.83
19930226	0.23	1.11	0.83
19930227	0.0	0.2	0.73
19930228	0.04	0.5	0.68
19930301	1.88	1.04	0.67
19930302	1.48	1.42	0.89
19930303	0.93	-0.77	0.91
19930304	2.11	2.59	0.77
19930305	0.01	6.23	0.8
19930306	0.01	6.57	0.75
19930307	0.03	5.54	0.71
19930308	0.01	5.35	0.68
19930309	0.02	3.89	0.64
19930310	3.41	4.14	0.91
19930311	0.98	6.29	0.78
19930312	5.18	9.08	0.94
19930313	0.03	9.63	1.23
19930314	0.05	8.98	0.96
19930315	3.39	7.11	1.0
19930316	22.33	7.7	9.69
19930317	12.15	7.29	11.69
19930318	1.03	4.42	4.05
19930319	1.38	6.38	2.19
19930320	3.15	6.3	1.71
19930321	0.08	5.92	1.47
19930322	9.91	2.98	1.41
19930323	1.67	3.17	2.62
19930324	0.03	2.59	1.66
19930325	0.0	2.54	1.31
19930326	0.14	5.34	1.17
19930327	0.9	4.68	1.07
19930328	0.92	4.86	1.01
19930329	9.73	7.17	1.45
19930330	2.4	6.11	1.6
19930331	2.4	7.02	1.47
19930401	0.21	4.6	1.38
19930402	0.02	6.25	1.14
19930403	1.24	6.26	1.03
19930404	2.51	5.95	0.98
19930405	12.15	6.83	1.94
19930406	0.33	8.17	2.17
19930407	0.07	7.8	1.32
19930408	18.63	7.09	4.82
19930409	7.92	6.64	6.53
19930410	0.14	6.05	2.84
19930411	0.2	6.01	1.9
19930412	1.36	5.73	1.55
19930413	0.05	3.88	1.37
19930414	0.0	5.58	1.22
19930415	1.8	8.58	1.1
19930416	1.25	7.58	1.16
19930417	12.4	7.1	1.68
19930418	12.45	6.14	4.32
19930419	5.58	8.32	5.7
19930420	8.42	8.89	4.23
19930421	2.54	9.66	4.29
19930422	1.33	8.46	2.59
19930423	2.87	8.97	3.02
19930424	0.09	8.13	1.78
19930425	6.31	7.85	2.29
19930426	0.04	8.68	1.71
19930427	0.0	8.56	1.43
19930428	0.0	7.49	1.3
19930429	0.0	11.0	1.22
19930430	0.01	12.88	1.16
19930501	5.68	7.54	1.02
19930502	0.07	5.41	0.99
19930503	0.0	5.5	0.87
19930504	0.0	10.0	0.8
19930505	0.0	11.36	0.76
19930506	0.32	11.99	0.75
19930507	5.71	11.89	0.95
19930508	0.0	8.59	0.86
19930509	0.0	9.81	0.76
19930510	1.0	11.77	0.74
19930511	0.0	10.5	0.69
19930512	0.14	9.11	0.68
19930513	32.32	3.85	5.2
19930514	28.76	3.67	20.15
19930515	3.26	5.63	7.68
19930516	17.7	9.62	7.27
19930517	6.1	11.05	7.92
19930518	0.06	9.45	3.31
19930519	0.28	7.37	2.01
19930520	1.3	11.38	1.63
19930521	0.66	8.19	1.47
19930522	1.25	11.8	1.22
19930523	0.01	12.71	1.14
19930524	0.0	12.74	1.02
19930525	0.0	8.92	0.93
19930526	0.0	8.14	0.83
19930527	0.0	8.12	0.82
19930528	0.73	11.41	0.79
19930529	6.05	13.18	0.91
19930530	8.11	12.56	1.05
19930531	0.02	11.15	0.78
19930601	12.86	11.22	1.66
19930602	3.13	9.21	1.51
19930603	0.01	12.59	1.14
19930604	0.49	11.22	0.92
19930605	0.0	12.17	0.77
19930606	0.01	15.6	0.72
19930607	0.04	15.34	0.65
19930608	0.0	16.04	0.63
19930609	25.82	17.04	2.81
19930610	2.91	14.23	1.49
19930611	1.02	14.52	1.03
19930612	0.01	10.93	0.79
19930613	5.91	9.76	0.85
19930614	0.06	9.35	0.74
19930615	0.25	12.88	0.66
19930616	0.9	13.27	0.63
19930617	6.74	13.73	0.94
19930618	3.35	12.39	0.93
19930619	2.99	12.6	1.28
19930620	0.01	12.18	0.83
19930621	0.31	11.96	0.69
19930622	0.01	11.31	0.65
19930623	0.11	11.16	0.62
19930624	0.03	10.96	0.6
19930625	9.71	12.46	1.06
19930626	0.1	13.39	0.79
19930627	0.0	14.72	0.59
19930628	0.0	18.21	0.55
19930629	0.26	18.26	0.52
19930630	0.09	12.32	0.52
19930701	0.0	14.17	0.5
19930702	5.39	13.83	0.59
19930703	1.68	13.99	0.55
19930704	0.01	11.83	0.58
19930705	0.0	12.73	0.47
19930706	0.01	12.62	0.47
19930707	4.88	14.53	0.61
19930708	10.32	10.48	0.89
19930709	0.5	10.56	0.56
19930710	0.16	9.98	0.52
19930711	0.27	9.8	0.47
19930712	0.01	10.92	0.44
19930713	0.39	14.65	0.44
19930714	7.5	12.87	0.61
19930715	10.49	15.76	1.0
19930716	15.1	15.73	3.63
19930717	0.01	11.26	1.35
19930718	0.13	14.79	0.82
19930719	2.79	14.68	0.94
19930720	0.06	14.29	0.64
19930721	0.0	12.9	0.58
19930722	5.52	15.45	0.65
19930723	0.68	14.55	0.59
19930724	1.61	12.54	0.57
19930725	0.74	11.92	0.54
19930726	0.04	11.27	0.49
19930727	1.94	13.45	0.54
19930728	9.01	13.66	0.77
19930729	0.89	13.76	1.01
19930730	3.18	12.67	0.69
19930731	0.77	12.62	1.06
19930801	0.74	14.72	1.09
19930802	7.5	14.11	1.41
19930803	3.56	13.92	1.21
19930804	11.43	13.44	1.62
19930805	0.11	11.75	2.14
19930806	3.47	13.7	1.14
19930807	1.42	13.68	1.28
19930808	4.41	13.33	1.13
19930809	0.58	12.11	1.14
19930810	5.51	11.96	0.92
19930811	5.42	9.36	1.65
19930812	0.1	10.32	1.11
19930813	0.06	13.54	0.82
19930814	8.89	11.67	1.31
19930815	1.66	12.9	1.21
19930816	2.59	10.82	1.34
19930817	0.1	13.68	0.94
19930818	1.33	11.74	0.84
19930819	0.04	13.25	0.75
19930820	0.07	12.98	0.72
19930821	0.87	11.75	0.7
19930822	0.73	8.78	0.69
19930823	0.11	10.54	0.63
19930824	0.13	11.88	0.61
19930825	0.0	11.02	0.6
19930826	0.0	13.27	0.59
19930827	0.0	14.12	0.58
19930828	0.02	15.78	0.57
19930829	0.01	11.43	0.56
19930830	0.0	13.96	0.55
19930831	0.0	15.1	0.53
19930901	0.01	14.25	0.52
19930902	0.18	13.83	0.53
19930903	0.07	9.92	0.51
19930904	0.0	9.1	0.51
19930905	0.0	10.4	0.5
19930906	0.0	11.7	0.53
19930907	0.3	12.13	0.53
19930908	15.13	11.89	0.98
19930909	0.93	14.47	0.71
19930910	18.41	13.09	1.18
19930911	0.93	10.02	2.27
19930912	0.69	12.26	1.09
19930913	3.38	10.57	0.82
19930914	3.05	8.9	0.86
19930915	1.24	8.66	0.75
19930916	0.09	8.81	0.73
19930917	0.59	9.49	0.7
19930918	4.16	11.59	0.69
19930919	14.15	11.87	1.73
19930920	0.16	13.78	1.81
19930921	1.63	11.26	1.18
19930922	0.25	11.51	1.01
19930923	2.1	12.15	0.86
19930924	2.44	7.09	1.1
19930925	0.0	7.44	0.93
19930926	0.0	6.77	0.8
19930927	0.0	6.06	0.83
19930928	0.11	6.85	0.7
19930929	1.02	9.57	0.71
19930930	1.0	11.52	0.51
19931001	9.73	9.65	0.62
19931002	3.14	10.21	0.92
19931003	8.12	9.83	1.15
19931004	0.22	7.61	1.36
19931005	25.49	8.6	3.58
19931006	9.68	9.01	7.22
19931007	11.69	8.91	8.33
19931008	6.5	10.76	3.42
19931009	13.93	8.88	7.65
19931010	0.39	8.7	3.38
19931011	0.43	8.09	2.1
19931012	0.27	4.22	1.51
19931013	0.01	2.62	1.2
19931014	0.0	3.16	1.04
19931015	0.0	1.02	0.94
19931016	0.0	0.26	0.85
19931017	0.0	1.96	0.8
19931018	0.0	4.55	0.77
19931019	3.08	7.45	0.76
19931020	0.18	5.77	0.75
19931021	0.0	2.8	0.74
19931022	0.22	4.14	0.73
19931023	0.0	7.21	0.72
19931024	0.0	5.08	0.72
19931025	0.0	4.06	0.71
19931026	0.0	4.72	0.7
19931027	0.03	3.91	0.7
19931028	0.14	6.01	0.66
19931029	0.01	5.41	0.65
19931030	0.01	6.02	0.63
19931031	0.01	6.28	0.63
19931101	0.0	6.1	0.63
19931102	0.0	6.04	0.63
19931103	14.79	7.15	0.82
19931104	0.04	8.3	0.71
19931105	0.37	7.9	0.67
19931106	0.21	8.21	0.64
19931107	7.43	7.32	1.42
19931108	7.5	5.11	1.01
19931109	6.25	3.48	1.99
19931110	0.05	2.15	1.54
19931111	2.0	4.0	1.58
19931112	7.42	2.28	2.67
19931113	0.98	0.83	1.79
19931114	0.15	2.29	1.32
19931115	6.61	4.33	1.19
19931116	3.67	5.61	2.22
19931117	0.0	2.73	1.43
19931118	0.0	0.99	1.17
19931119	0.0	-0.31	1.0
19931120	0.14	-0.54	0.87
19931121	0.07	-0.47	0.8
19931122	0.02	-1.63	0.76
19931123	0.0	-3.7	0.74
19931124	0.01	-2.55	0.71
19931125	4.43	0.57	0.95
19931126	0.12	-0.51	0.8
19931127	0.01	1.7	0.75
19931128	0.02	1.81	0.76
19931129	6.73	2.33	1.34
19931130	2.51	3.78	1.52
19931201	10.8	6.06	3.78
19931202	26.71	7.48	16.87
19931203	16.42	6.48	10.75
19931204	5.84	5.24	5.76
19931205	1.51	7.18	3.96
19931206	6.86	3.98	3.37
19931207	4.83	1.91	4.22
19931208	24.53	2.86	14.66
19931209	5.64	3.99	6.07
19931210	6.83	2.52	6.06
19931211	0.01	0.39	3.87
19931212	20.75	1.57	7.3
19931213	0.82	0.03	8.77
19931214	12.23	2.43	6.27
19931215	7.16	1.41	6.83
19931216	0.06	1.14	3.32
19931217	6.09	4.1	3.28
19931218	13.18	8.01	6.5
19931219	1.09	1.37	4.7
19931220	0.2	-3.37	2.58
19931221	6.18	0.56	2.16
19931222	0.38	1.17	2.65
19931223	5.9	-0.12	3.16
19931224	0.03	-0.08	2.18
19931225	0.02	-2.19	1.65
19931226	0.54	-3.44	1.38
19931227	2.23	-1.42	1.27
19931228	10.69	2.96	5.43
19931229	4.96	2.7	7.78
19931230	0.13	-0.61	2.79
19931231	0.21	-0.26	1.86
19940101	8.75	0.85	1.55
19940102	3.15	1.75	2.93
19940103	1.8	1.79	4.65
19940104	0.28	0.8	2.68
19940105	14.09	1.78	9.0
19940106	5.92	2.11	6.22
19940107	0.04	0.99	3.73
19940108	3.37	1.93	2.57
19940109	1.95	4.54	2.88
19940110	0.03	3.41	2.36
19940111	5.2	3.45	2.68
19940112	11.18	4.67	4.85
19940113	9.28	4.42	5.97
19940114	6.69	2.1	6.11
19940115	0.01	-1.18	2.99
19940116	0.25	-0.73	2.0
19940117	1.39	1.14	1.69
19940118	4.89	3.67	2.65
19940119	6.31	3.71	2.9
19940120	1.59	7.5	2.75
19940121	2.34	5.71	2.22
19940122	13.98	3.43	4.99
19940123	2.67	1.53	4.13
19940124	11.48	4.69	5.48
19940125	11.46	2.78	9.09
19940126	20.51	4.34	12.01
19940127	6.94	1.51	5.44
19940128	5.16	2.2	2.98
19940129	10.0	4.98	8.03
19940130	2.67	3.72	4.81
19940131	10.23	4.97	4.81
19940201	18.65	3.56	14.69
19940202	0.52	1.95	4.24
19940203	4.16	2.86	3.51
19940204	0.6	4.71	3.17
19940205	1.69	4.23	2.5
19940206	1.26	3.52	2.59
19940207	1.12	2.29	2.23
19940208	4.66	3.38	2.37
19940209	0.01	2.75	2.2
19940210	0.05	2.62	1.74
19940211	0.0	3.58	1.56
19940212	0.0	1.64	1.44
19940213	0.0	0.43	1.32
19940214	0.0	0.19	1.25
19940215	0.24	-2.12	1.21
19940216	0.0	-2.83	1.11
19940217	0.01	-1.38	0.99
19940218	0.05	1.81	0.99
19940219	0.0	0.91	0.98
19940220	0.02	-0.85	0.91
19940221	0.98	-0.79	0.85
19940222	0.52	-0.45	0.86
19940223	2.12	0.41	0.83
19940224	0.54	1.11	0.86
19940225	11.5	0.94	0.92
19940226	15.17	0.86	3.54
19940227	24.74	1.34	15.11
19940228	3.79	1.28	9.15
19940301	2.77	2.08	6.9
19940302	9.42	4.63	8.18
19940303	7.75	3.65	10.29
19940304	13.16	5.9	6.05
19940305	6.46	4.08	5.03
19940306	8.89	7.2	8.12
19940307	11.07	8.99	6.74
19940308	11.54	6.51	12.66
19940309	6.43	3.99	5.82
19940310	4.94	5.07	4.78
19940311	3.63	3.42	4.14
19940312	14.64	3.73	7.15
19940313	19.6	5.83	15.19
19940314	1.57	5.14	8.45
19940315	6.46	2.84	4.3
19940316	6.14	1.58	4.79
19940317	0.9	2.72	6.82
19940318	1.12	1.53	4.65
19940319	0.15	2.87	3.21
19940320	0.08	2.21	2.45
19940321	9.28	4.75	2.65
19940322	30.03	8.72	8.98
19940323	13.26	5.23	16.53
19940324	3.02	5.47	5.6
19940325	0.14	3.68	3.65
19940326	0.0	4.82	2.57
19940327	6.35	5.51	2.32
19940328	10.14	6.74	2.62
19940329	5.47	5.19	3.1
19940330	7.38	5.77	3.21
19940331	3.47	5.3	3.11
19940401	2.83	4.49	2.75
19940402	1.66	2.76	2.54
19940403	9.14	3.89	3.18
19940404	9.57	2.11	3.68
19940405	4.29	3.54	4.56
19940406	9.88	4.55	3.97
19940407	3.41	2.91	4.72
19940408	8.21	1.98	5.71
19940409	1.81	3.32	3.92
19940410	0.01	5.4	2.94
19940411	2.14	7.28	2.49
19940412	0.04	5.1	2.16
19940413	0.0	6.0	1.81
19940414	0.0	6.12	1.57
19940415	0.0	5.58	1.42
19940416	0.35	7.55	1.33
19940417	0.04	7.14	1.27
19940418	2.04	6.82	1.27
19940419	0.12	5.68	1.25
19940420	0.02	5.28	1.16
19940421	4.32	6.35	1.14
19940422	4.12	6.63	1.23
19940423	1.45	9.83	1.2
19940424	0.41	7.54	1.15
19940425	7.33	6.33	1.55
19940426	1.68	10.02	1.38
19940427	1.03	12.87	1.23
19940428	2.2	11.76	1.12
19940429	1.21	9.94	1.08
19940430	0.04	8.83	1.0
19940501	1.27	11.79	0.63
19940502	0.18	10.16	0.62
19940503	4.19	9.5	0.66
19940504	2.4	8.05	0.62
19940505	8.98	8.26	0.76
19940506	1.52	8.93	0.74
19940507	1.49	6.84	0.72
19940508	2.78	8.31	0.69
19940509	0.0	9.98	0.67
19940510	0.0	11.08	0.59
19940511	0.0	11.09	0.55
19940512	0.0	11.97	0.64
19940513	0.0	12.53	0.65
19940514	0.0	11.4	0.63
19940515	0.0	7.43	0.62
19940516	0.02	6.45	0.62
19940517	0.0	4.95	0.6
19940518	0.04	5.22	0.59
19940519	0.03	5.76	0.59
19940520	0.0	7.43	0.58
19940521	0.0	9.36	0.56
19940522	0.0	8.63	0.56
19940523	0.0	8.58	0.55
19940524	0.0	8.06	0.55
19940525	0.01	6.57	0.55
19940526	0.0	6.6	0.53
19940527	0.0	8.36	0.54
19940528	0.02	10.16	0.58
19940529	0.0	9.52	0.58
19940530	0.04	11.6	0.57
19940531	0.03	11.45	0.57
19940601	0.04	11.78	0.58
19940602	4.68	13.13	0.62
19940603	5.79	10.25	1.04
19940604	0.41	9.24	0.58
19940605	0.95	11.8	0.81
19940606	1.55	12.05	1.04
19940607	0.94	9.5	1.02
19940608	2.53	10.24	1.0
19940609	0.74	9.8	0.69
19940610	0.0	11.72	0.53
19940611	0.0	11.8	0.53
19940612	0.0	11.67	0.54
19940613	0.0	15.43	0.5
19940614	0.02	11.67	0.5
19940615	4.07	10.65	0.55
19940616	4.07	9.76	0.9
19940617	10.08	10.8	0.83
19940618	7.65	10.99	1.07
19940619	1.03	13.19	0.95
19940620	6.96	13.14	1.42
19940621	4.05	10.93	1.14
19940622	1.72	9.38	0.72
19940623	4.16	12.75	0.66
19940624	6.89	15.23	1.22
19940625	0.19	11.24	0.91
19940626	6.25	13.23	0.86
19940627	0.25	16.13	0.67
19940628	0.86	14.91	0.59
19940629	0.16	11.64	0.53
19940630	0.0	15.25	0.52
19940701	0.0	15.54	0.51
19940702	0.03	14.07	0.5
19940703	2.73	14.7	0.51
19940704	8.41	14.32	0.5
19940705	0.32	14.6	0.5
19940706	10.74	14.77	0.49
19940707	0.05	15.1	0.47
19940708	0.0	15.46	0.46
19940709	10.71	14.48	0.85
19940710	5.59	13.82	0.83
19940711	5.26	15.04	0.77
19940712	4.82	12.14	1.35
19940713	0.0	13.97	0.79
19940714	3.19	15.24	0.61
19940715	0.0	12.48	0.51
19940716	0.0	12.42	0.52
19940717	0.0	13.91	0.45
19940718	0.0	14.22	0.44
19940719	0.0	17.89	0.39
19940720	0.55	18.46	0.44
19940721	2.74	13.92	0.59
19940722	0.0	12.9	0.45
19940723	0.0	17.0	0.46
19940724	4.52	15.83	0.6
19940725	8.35	16.82	0.56
19940726	1.72	14.86	0.71
19940727	0.01	14.02	0.45
19940728	0.0	14.85	0.44
19940729	0.0	14.15	0.43
19940730	0.0	18.14	0.43
19940731	11.32	18.47	0.74
19940801	0.41	17.51	0.48
19940802	7.41	16.56	0.52
19940803	6.15	17.45	0.9
19940804	0.57	17.66	0.57
19940805	0.0	12.77	0.43
19940806	0.0	14.57	0.43
19940807	0.0	13.78	0.41
19940808	0.0	14.14	0.42
19940809	0.0	13.51	0.41
19940810	0.02	12.77	0.4
19940811	0.0	14.16	0.42
19940812	0.0	11.25	0.45
19940813	0.0	10.29	0.47
19940814	0.0	11.71	0.43
19940815	0.05	14.09	0.41
19940816	3.69	11.78	0.51
19940817	1.78	12.93	0.44
19940818	4.51	13.41	0.52
19940819	2.67	13.14	0.53
19940820	0.53	13.43	0.45
19940821	0.01	12.32	0.39
19940822	14.03	15.14	1.05
19940823	4.28	13.77	1.12
19940824	4.29	12.66	0.71
19940825	1.2	13.87	0.53
19940826	2.84	11.68	0.56
19940827	15.9	10.28	1.33
19940828	20.78	11.07	6.24
19940829	1.97	11.92	2.53
19940830	0.05	11.06	1.24
19940831	0.39	12.21	0.91
19940901	0.0	11.19	0.71
19940902	0.0	13.17	0.65
19940903	11.37	13.22	1.39
19940904	0.77	10.95	1.25
19940905	0.88	11.28	0.76
19940906	3.12	10.74	0.66
19940907	2.6	10.92	0.65
19940908	3.76	9.83	1.34
19940909	3.76	9.23	1.34
19940910	6.65	11.0	1.74
19940911	3.82	11.4	1.67
19940912	4.08	11.16	1.2
19940913	0.07	9.58	0.97
19940914	0.01	9.16	0.71
19940915	0.01	8.92	0.6
19940916	0.0	8.12	0.54
19940917	0.0	8.59	0.51
19940918	2.88	9.2	0.53
19940919	3.17	10.47	0.6
19940920	2.87	10.55	0.62
19940921	0.05	11.61	0.53
19940922	0.0	12.91	0.49
19940923	0.0	12.63	0.5
19940924	0.07	9.37	0.52
19940925	0.04	8.94	0.44
19940926	1.52	11.32	0.43
19940927	0.35	8.33	0.46
19940928	0.94	11.74	0.44
19940929	0.11	12.38	0.4
19940930	6.12	10.68	0.58
19941001	5.87	9.94	0.8
19941002	10.28	7.3	1.09
19941003	0.02	2.98	1.3
19941004	0.1	5.66	0.69
19941005	0.69	9.21	0.54
19941006	2.12	10.64	0.55
19941007	0.36	10.53	0.48
19941008	0.01	9.03	0.47
19941009	0.0	8.49	0.45
19941010	0.0	9.61	0.41
19941011	0.0	9.86	0.36
19941012	0.0	8.33	0.33
19941013	0.0	9.75	0.32
19941014	0.02	10.43	0.32
19941015	0.3	8.69	0.38
19941016	0.01	5.4	0.31
19941017	0.0	4.93	0.3
19941018	0.0	6.87	0.4
19941019	3.89	9.82	0.51
19941020	7.68	8.72	0.8
19941021	2.61	9.88	0.66
19941022	21.09	11.01	2.8
19941023	0.48	8.36	3.71
19941024	4.12	7.83	1.42
19941025	4.09	6.16	2.66
19941026	2.52	6.3	2.23
19941027	0.17	6.07	1.46
19941028	1.2	5.21	1.29
19941029	10.79	4.72	4.09
19941030	10.1	7.17	3.33
19941031	1.59	7.73	4.64
19941101	0.99	4.67	1.82
19941102	4.96	6.85	1.6
19941103	5.76	10.19	2.88
19941104	4.2	9.21	2.34
19941105	3.09	7.66	2.2
19941106	0.17	7.59	1.75
19941107	0.07	8.45	1.27
19941108	4.43	10.0	1.27
19941109	4.94	9.79	1.98
19941110	4.1	8.34	2.57
19941111	2.31	8.14	1.74
19941112	16.01	9.23	3.75
19941113	13.84	10.45	8.65
19941114	24.21	8.48	26.38
19941115	3.11	7.06	6.19
19941116	5.12	5.85	3.79
19941117	12.44	5.42	6.9
19941118	20.0	8.7	13.17
19941119	4.23	9.07	6.47
19941120	8.53	7.33	4.87
19941121	2.05	8.46	3.12
19941122	2.48	11.77	2.8
19941123	0.17	8.74	2.21
19941124	0.05	7.01	1.74
19941125	5.16	9.96	2.75
19941126	1.59	9.66	2.59
19941127	0.02	6.71	1.93
19941128	0.07	6.76	1.6
19941129	0.0	2.65	1.35
19941130	0.0	4.46	1.24
19941201	1.95	5.31	1.14
19941202	3.56	7.62	2.32
19941203	3.28	6.23	2.35
19941204	2.48	2.68	2.6
19941205	7.76	3.4	2.51
19941206	2.87	4.36	3.2
19941207	15.87	3.14	4.13
19941208	9.72	3.71	13.45
19941209	6.07	7.63	4.07
19941210	68.78	11.09	78.75
19941211	49.26	10.27	90.53
19941212	2.18	6.85	12.69
19941213	0.03	1.28	5.51
19941214	0.11	-0.29	3.85
19941215	2.3	3.96	3.22
19941216	0.75	5.64	2.99
19941217	8.72	6.21	3.91
19941218	9.15	2.16	3.89
19941219	4.74	1.95	7.81
19941220	0.01	-0.18	3.44
19941221	0.01	-2.46	2.44
19941222	0.89	1.36	2.13
19941223	6.21	6.28	2.23
19941224	0.38	5.95	2.5
19941225	8.39	3.84	2.54
19941226	5.24	1.34	4.58
19941227	8.4	1.08	3.4
19941228	15.33	6.53	11.36
19941229	5.48	4.88	4.62
19941230	5.24	2.7	4.94
19941231	0.01	0.31	2.37
19950101	0.06	-1.15	1.95
19950102	0.01	-2.74	1.51
19950103	0.25	-1.35	1.33
19950104	7.04	4.64	1.55
19950105	2.77	4.37	3.26
19950106	4.31	3.45	2.2
19950107	2.75	6.79	3.19
19950108	10.94	5.37	2.89
19950109	7.82	5.13	10.12
19950110	5.96	0.7	5.33
19950111	0.01	-0.65	2.96
19950112	1.09	2.43	1.98
19950113	0.87	7.33	1.99
19950114	0.43	3.6	1.86
19950115	7.97	5.23	2.11
19950116	11.74	3.9	7.36
19950117	8.15	3.26	4.5
19950118	3.53	0.97	3.73
19950119	10.27	0.42	4.5
19950120	1.78	1.02	5.01
19950121	13.45	1.41	8.03
19950122	8.62	1.86	8.86
19950123	0.18	3.37	4.76
19950124	1.18	2.49	2.92
19950125	2.5	0.47	2.39
19950126	0.11	-0.73	2.1
19950127	10.53	0.52	1.67
19950128	2.97	2.57	6.07
19950129	0.04	-1.83	4.17
19950130	23.27	1.54	5.78
19950131	5.18	5.82	10.8
19950201	2.62	2.39	7.69
19950202	10.5	4.58	4.85
19950203	9.25	6.26	7.64
19950204	1.69	5.89	4.09
19950205	5.52	8.27	4.76
19950206	2.1	6.03	4.01
19950207	0.01	0.93	2.68
19950208	0.0	-2.64	1.93
19950209	0.01	-2.24	1.74
19950210	4.63	1.62	1.7
19950211	15.86	4.09	8.89
19950212	2.85	4.09	4.01
19950213	9.23	4.75	5.1
19950214	9.43	5.8	6.32
19950215	2.0	4.52	3.83
19950216	10.13	3.93	4.11
19950217	0.85	2.98	3.28
19950218	14.39	4.1	3.78
19950219	5.12	3.15	6.95
19950220	4.14	2.89	4.62
19950221	19.36	3.67	6.9
19950222	18.09	2.71	16.63
19950223	0.23	2.57	6.0
19950224	1.74	1.37	3.34
19950225	0.02	0.95	2.3
19950226	4.44	2.74	1.94
19950227	10.54	7.21	6.05
19950228	14.82	4.71	9.48
19950301	3.96	0.63	4.55
19950302	1.21	-1.81	3.03
19950303	0.03	-1.32	2.28
19950304	12.32	0.31	2.61
19950305	0.57	1.93	7.39
19950306	2.85	1.25	3.26
19950307	1.01	-0.01	2.83
19950308	1.3	2.23	2.88
19950309	1.51	4.67	2.91
19950310	3.82	6.91	2.25
19950311	0.05	4.83	2.21
19950312	0.51	6.33	1.7
19950313	2.29	7.24	1.52
19950314	5.33	2.82	1.56
19950315	3.24	1.32	2.82
19950316	19.06	2.9	5.57
19950317	7.75	2.14	8.93
19950318	6.79	1.52	5.74
19950319	0.19	2.52	3.94
19950320	0.01	3.37	2.53
19950321	0.0	4.7	1.9
19950322	0.0	6.36	1.5
19950323	3.44	7.3	1.55
19950324	8.82	4.63	3.53
19950325	3.06	5.2	3.02
19950326	4.57	3.38	3.21
19950327	1.06	2.16	2.34
19950328	1.91	-0.61	2.43
19950329	1.24	3.13	1.77
19950330	2.06	7.96	1.63
19950331	0.75	9.37	1.62
19950401	0.2	9.11	1.54
19950402	0.42	9.36	1.37
19950403	0.46	4.8	1.22
19950404	9.06	6.44	2.33
19950405	3.7	7.67	5.64
19950406	0.35	9.86	2.82
19950407	0.01	7.47	2.14
19950408	0.0	6.52	1.8
19950409	1.51	7.79	1.74
19950410	0.02	10.51	1.51
19950411	1.66	7.01	1.51
19950412	0.0	9.22	1.36
19950413	0.0	10.46	1.21
19950414	0.0	9.99	1.1
19950415	0.0	8.5	1.1
19950416	0.2	7.87	1.1
19950417	7.36	3.0	1.45
19950418	0.47	3.72	0.86
19950419	0.02	4.44	1.19
19950420	0.24	4.07	0.72
19950421	1.52	5.11	0.63
19950422	9.14	6.4	1.32
19950423	1.23	8.2	1.22
19950424	0.54	7.89	0.94
19950425	0.0	8.02	0.78
19950426	0.0	4.85	0.71
19950427	0.0	5.21	0.7
19950428	0.0	6.39	0.66
19950429	0.7	8.33	0.63
19950430	0.0	10.97	0.63
19950501	0.56	14.86	0.58
19950502	2.86	12.7	0.68
19950503	0.0	13.68	0.64
19950504	0.0	13.3	0.56
19950505	0.01	9.97	0.8
19950506	0.77	14.52	0.58
19950507	0.29	10.42	0.55
19950508	0.14	8.75	0.52
19950509	4.19	8.49	0.53
19950510	0.01	4.51	0.52
19950511	8.63	4.81	0.55
19950512	2.59	4.26	0.85
19950513	0.2	6.87	0.65
19950514	0.03	4.17	0.58
19950515	0.3	5.29	0.53
19950516	0.52	5.58	0.49
19950517	0.94	4.93	0.63
19950518	3.53	5.4	0.61
19950519	0.92	8.9	0.52
19950520	0.01	9.06	0.47
19950521	0.75	11.21	0.49
19950522	0.36	11.55	0.7
19950523	0.0	13.32	0.82
19950524	11.29	11.67	0.59
19950525	0.9	12.13	0.48
19950526	1.55	13.41	0.59
19950527	5.41	13.36	0.55
19950528	2.42	12.75	0.65
19950529	4.47	12.17	0.51
19950530	0.29	12.21	0.67
19950531	2.55	11.32	0.58
19950601	2.31	11.64	0.52
19950602	7.66	11.61	0.59
19950603	0.8	11.86	0.5
19950604	0.12	10.25	0.5
19950605	3.67	11.14	0.46
19950606	0.22	10.24	0.46
19950607	0.58	10.93	0.47
19950608	0.02	9.55	0.46
19950609	0.0	13.85	0.44
19950610	0.01	13.19	0.42
19950611	0.0	9.25	0.37
19950612	0.0	11.22	0.34
19950613	0.0	13.61	0.33
19950614	0.0	14.08	0.33
19950615	0.0	13.17	0.35
19950616	2.15	11.92	0.44
19950617	0.21	11.01	0.49
19950618	2.43	12.82	1.11
19950619	5.81	14.21	0.63
19950620	0.0	12.51	0.38
19950621	0.0	12.4	0.36
19950622	0.0	14.42	0.35
19950623	0.0	16.58	0.38
19950624	0.0	17.13	0.35
19950625	0.0	16.01	0.34
19950626	0.0	15.96	0.33
19950627	0.0	16.06	0.44
19950628	0.0	18.44	0.42
19950629	0.0	19.29	0.33
19950630	0.0	13.62	0.32
19950701	0.0	14.15	0.33
19950702	1.5	12.18	0.33
19950703	0.04	13.44	0.33
19950704	0.18	13.94	0.37
19950705	2.37	14.07	0.65
19950706	0.35	14.48	0.77
19950707	0.0	12.66	0.49
19950708	2.73	14.46	0.29
19950709	0.03	14.44	0.7
19950710	0.03	16.52	0.8
19950711	10.2	16.24	0.88
19950712	0.0	16.15	1.16
19950713	1.26	16.83	0.45
19950714	18.69	14.48	0.79
19950715	7.3	14.7	0.64
19950716	3.95	14.26	0.45
19950717	3.04	14.66	0.43
19950718	0.23	15.45	0.72
19950719	5.1	19.47	0.4
19950720	9.73	15.35	0.6
19950721	0.25	13.34	0.38
19950722	4.4	14.23	0.61
19950723	1.25	13.12	0.81
19950724	0.03	15.59	0.52
19950725	0.0	19.46	0.55
19950726	0.2	19.25	0.57
19950727	0.02	18.58	0.57
19950728	1.12	17.51	0.55
19950729	0.0	17.57	0.55
19950730	1.1	20.23	0.54
19950731	0.31	19.44	0.51
19950801	0.01	20.35	0.48
19950802	0.01	19.64	0.49
19950803	0.0	16.66	0.47
19950804	0.0	14.18	0.47
19950805	0.0	16.35	0.47
19950806	0.0	17.35	0.46
19950807	0.0	13.82	0.45
19950808	0.0	15.24	0.45
19950809	0.0	15.65	0.48
19950810	0.0	18.44	0.55
19950811	1.07	21.96	0.52
19950812	1.69	16.46	0.59
19950813	0.39	15.36	0.42
19950814	0.01	16.26	0.44
19950815	0.0	16.27	0.36
19950816	0.0	17.15	0.4
19950817	0.0	19.58	0.47
19950818	7.75	20.91	0.39
19950819	0.01	19.71	0.52
19950820	0.0	19.73	0.35
19950821	0.0	19.96	0.31
19950822	0.61	14.42	0.32
19950823	0.56	14.86	0.33
19950824	10.28	14.99	0.56
19950825	3.93	13.92	0.67
19950826	2.75	13.27	0.83
19950827	0.03	11.09	0.45
19950828	2.17	13.42	0.44
19950829	0.67	13.22	0.47
19950830	0.01	16.08	0.44
19950831	0.0	14.18	0.42
19950901	16.12	13.89	0.45
19950902	32.05	11.24	3.2
19950903	2.24	12.27	2.12
19950904	11.75	13.4	1.01
19950905	2.99	11.67	2.17
19950906	1.72	13.25	0.9
19950907	9.53	12.86	1.09
19950908	0.8	12.18	0.92
19950909	0.16	11.99	0.72
19950910	0.81	14.7	0.66
19950911	4.42	12.61	1.29
19950912	0.37	12.44	0.94
19950913	1.29	12.14	0.71
19950914	0.0	12.28	0.61
19950915	0.0	12.38	0.56
19950916	0.02	13.97	0.55
19950917	0.06	12.56	0.52
19950918	0.15	13.05	0.49
19950919	0.01	11.13	0.48
19950920	0.29	13.22	0.48
19950921	0.6	13.57	0.48
19950922	0.97	11.8	0.47
19950923	15.63	11.04	0.46
19950924	2.36	8.25	2.48
19950925	6.21	11.63	1.8
19950926	6.85	8.9	1.42
19950927	0.69	4.65	1.38
19950928	0.11	7.04	1.06
19950929	0.03	8.54	3.25
19950930	9.02	10.01	2.21
19951001	6.75	10.2	1.61
19951002	12.59	12.65	1.83
19951003	3.0	11.91	2.15
19951004	8.42	11.65	1.89
19951005	12.38	10.91	3.26
19951006	8.03	12.69	2.14
19951007	3.92	13.4	1.83
19951008	0.14	15.15	1.31
19951009	1.27	11.63	0.87
19951010	0.33	9.47	0.71
19951011	4.28	12.0	0.68
19951012	20.65	10.98	1.62
19951013	1.89	11.68	4.08
19951014	2.16	14.07	1.55
19951015	2.3	12.49	1.4
19951016	8.99	13.8	1.32
19951017	3.54	11.24	1.05
19951018	1.17	10.93	1.16
19951019	2.01	8.1	1.34
19951020	0.01	5.57	1.68
19951021	20.02	6.89	8.78
19951022	23.56	10.74	15.82
19951023	0.4	12.33	7.66
19951024	8.39	10.37	5.38
19951025	29.51	9.59	30.76
19951026	32.07	7.59	36.62
19951027	1.3	6.7	13.8
19951028	0.22	6.09	7.92
19951029	2.01	7.37	5.2
19951030	3.6	10.42	5.66
19951031	2.63	9.76	4.9
19951101	0.0	5.92	4.82
19951102	0.0	5.55	4.01
19951103	0.0	3.28	4.01
19951104	0.0	4.55	3.94
19951105	0.0	6.61	5.4
19951106	1.29	8.62	3.85
19951107	1.14	11.16	2.84
19951108	0.34	5.58	2.11
19951109	1.04	4.55	2.26
19951110	1.86	5.36	2.66
19951111	8.52	8.85	8.03
19951112	0.11	9.66	8.41
19951113	0.01	8.06	8.86
19951114	4.19	6.82	4.87
19951115	18.82	3.79	5.17
19951116	0.01	0.62	4.87
19951117	0.0	0.39	2.1
19951118	0.0	2.68	1.46
19951119	0.01	4.34	1.25
19951120	2.71	6.16	1.19
19951121	1.14	8.38	1.25
19951122	2.85	8.3	1.24
19951123	13.39	10.54	2.73
19951124	2.63	8.52	4.44
19951125	6.48	3.47	2.95
19951126	0.19	3.8	3.21
19951127	0.04	5.45	2.01
19951128	0.35	6.25	1.49
19951129	0.07	7.03	1.28
19951130	0.0	5.48	1.18
19951201	0.04	6.21	1.39
19951202	1.62	8.86	1.3
19951203	2.22	7.29	1.35
19951204	0.05	3.6	1.23
19951205	0.92	1.24	1.03
19951206	3.67	1.54	1.0
19951207	0.2	-1.68	1.07
19951208	0.03	-2.4	1.02
19951209	0.11	3.52	0.94
19951210	0.11	4.64	0.92
19951211	0.04	2.59	0.88
19951212	0.02	1.83	0.87
19951213	0.41	2.52	0.88
19951214	0.89	2.87	0.89
19951215	2.78	3.78	0.88
19951216	0.06	3.86	7.44
19951217	0.45	3.55	3.62
19951218	0.41	2.64	1.79
19951219	0.02	-1.96	10.53
19951220	0.0	-4.25	6.51
19951221	6.46	-1.01	3.57
19951222	12.73	1.13	1.86
19951223	3.28	-1.97	1.69
19951224	0.54	-2.41	2.0
19951225	0.01	-4.85	1.92
19951226	0.0	-8.01	1.97
19951227	0.0	-9.76	1.62
19951228	0.0	-9.86	1.36
19951229	0.0	-7.07	1.26
19951230	0.01	0.25	1.47
19951231	7.23	1.77	1.22
19960101	4.91	2.41	1.12
19960102	0.74	3.33	1.04
19960103	4.41	3.77	1.13
19960104	7.18	4.14	1.37
19960105	1.88	5.05	1.14
19960106	2.16	3.43	1.07
19960107	1.93	5.07	0.97
19960108	4.09	7.28	5.15
19960109	3.95	7.05	2.72
19960110	0.07	2.82	2.33
19960111	1.75	5.7	1.53
19960112	3.74	6.77	2.28
19960113	1.93	7.51	2.09
19960114	2.42	7.7	1.65
19960115	0.05	7.3	1.1
19960116	0.38	6.58	0.91
19960117	0.18	7.38	0.93
19960118	0.03	6.34	1.3
19960119	0.19	5.37	1.26
19960120	0.03	3.34	1.22
19960121	0.15	1.7	1.12
19960122	0.0	2.52	0.97
19960123	0.0	1.97	0.85
19960124	0.01	1.32	0.79
19960125	0.38	-0.67	0.76
19960126	3.17	-0.84	0.77
19960127	4.79	0.17	0.8
19960128	0.02	0.76	0.92
19960129	0.0	0.73	0.78
19960130	0.03	1.17	0.77
19960131	0.0	-0.27	0.82
19960201	0.0	0.29	0.84
19960202	0.0	0.34	0.86
19960203	0.0	-0.2	0.85
19960204	0.38	0.54	0.79
19960205	9.58	-0.45	0.78
19960206	4.59	-2.07	1.01
19960207	1.57	-1.74	1.07
19960208	2.5	-0.15	1.13
19960209	5.14	2.53	5.86
19960210	3.92	4.34	9.85
19960211	14.08	4.25	10.6
19960212	0.91	2.99	12.79
19960213	0.0	0.32	4.75
19960214	0.01	1.45	3.12
19960215	2.56	6.62	2.61
19960216	4.57	4.55	3.48
19960217	13.64	4.18	7.64
19960218	1.05	2.48	5.79
19960219	0.06	-0.06	3.28
19960220	0.39	-0.62	1.63
19960221	3.48	0.98	1.48
19960222	1.16	3.35	1.63
19960223	3.73	4.32	2.13
19960224	6.47	2.51	2.89
19960225	0.66	0.88	2.18
19960226	0.44	1.79	1.5
19960227	0.01	3.03	1.3
19960228	0.0	4.37	1.07
19960229	0.0	5.5	1.0
19960301	0.0	6.14	0.94
19960302	0.02	6.88	0.87
19960303	0.02	6.42	0.86
19960304	0.0	3.6	0.77
19960305	0.01	4.39	0.84
19960306	0.01	7.46	0.81
19960307	0.28	4.66	0.8
19960308	0.27	2.85	0.77
19960309	0.01	2.8	0.76
19960310	0.28	5.47	0.76
19960311	17.13	4.12	1.39
19960312	15.44	-0.23	5.05
19960313	0.05	-0.06	2.59
19960314	0.02	1.02	1.74
19960315	0.64	1.63	1.46
19960316	6.56	1.38	1.91
19960317	0.1	1.96	2.41
19960318	0.02	2.66	1.62
19960319	0.01	2.25	1.31
19960320	0.2	2.57	1.15
19960321	0.75	3.11	1.02
19960322	0.07	1.87	0.9
19960323	0.0	1.81	0.87
19960324	0.0	4.65	0.79
19960325	0.04	2.8	0.73
19960326	0.0	1.8	0.68
19960327	0.51	3.08	0.67
19960328	0.01	3.34	0.65
19960329	0.0	2.43	0.59
19960330	0.0	3.03	0.57
19960331	0.01	4.24	0.58
19960401	4.68	3.79	0.58
19960402	0.11	5.15	0.62
19960403	0.0	5.28	0.61
19960404	0.0	4.45	0.6
19960405	0.01	5.25	0.6
19960406	0.01	5.67	0.59
19960407	0.36	6.03	0.57
19960408	0.35	10.18	0.53
19960409	0.46	11.05	0.5
19960410	7.29	6.36	0.65
19960411	1.52	6.2	0.59
19960412	0.55	2.19	0.55
19960413	0.49	3.47	0.54
19960414	5.54	5.83	0.89
19960415	3.54	9.7	0.82
19960416	5.65	10.22	1.05
19960417	9.53	6.42	2.37
19960418	3.55	8.09	4.0
19960419	7.24	8.78	3.63
19960420	5.73	8.45	4.21
19960421	6.53	8.65	4.49
19960422	7.25	9.34	4.04
19960423	3.35	8.29	4.47
19960424	2.3	9.26	3.01
19960425	1.16	9.52	2.1
19960426	2.81	9.33	2.15
19960427	0.07	7.94	1.83
19960428	0.81	7.88	1.46
19960429	2.4	7.26	1.47
19960430	3.61	4.26	1.37
19960501	3.38	3.66	2.22
19960502	0.01	3.79	1.69
19960503	0.01	4.12	1.24
19960504	0.09	5.78	1.08
19960505	2.88	6.57	1.04
19960506	1.14	7.68	1.07
19960507	0.03	5.85	0.97
19960508	0.01	7.28	0.8
19960509	0.0	6.08	0.76
19960510	4.98	6.16	0.76
19960511	2.65	6.37	1.25
19960512	0.22	6.24	0.94
19960513	0.0	9.96	0.76
19960514	0.0	11.43	0.7
19960515	0.03	6.96	0.66
19960516	0.09	5.02	0.64
19960517	0.43	4.86	0.65
19960518	1.87	6.44	0.67
19960519	4.3	7.38	0.72
19960520	1.72	8.62	0.76
19960521	2.7	8.04	0.68
19960522	3.57	9.95	0.7
19960523	1.03	9.23	0.67
19960524	1.2	10.65	0.64
19960525	0.66	9.14	0.62
19960526	2.49	9.85	0.65
19960527	0.03	10.98	0.59
19960528	15.31	11.03	3.15
19960529	0.92	12.68	1.58
19960530	6.97	12.79	1.49
19960531	2.23	10.16	1.16
19960601	3.14	9.18	1.21
19960602	0.08	10.35	0.83
19960603	6.92	10.12	0.96
19960604	2.39	13.07	0.8
19960605	1.94	13.34	0.75
19960606	0.01	15.12	0.7
19960607	1.01	13.79	0.69
19960608	0.02	13.42	0.66
19960609	3.73	12.96	0.56
19960610	2.97	13.1	0.69
19960611	16.15	12.07	1.73
19960612	0.32	10.69	1.22
19960613	0.0	11.19	0.77
19960614	0.0	13.97	0.6
19960615	0.0	15.29	0.56
19960616	0.0	17.33	0.51
19960617	0.0	12.8	0.45
19960618	0.0	13.42	0.44
19960619	0.0	11.46	0.44
19960620	0.0	9.71	0.42
19960621	0.0	9.93	0.41
19960622	0.0	11.63	0.4
19960623	0.0	13.65	0.41
19960624	0.0	15.02	0.38
19960625	0.96	16.14	0.37
19960626	0.0	13.48	0.38
19960627	3.57	14.14	0.37
19960628	0.72	12.79	0.42
19960629	0.46	12.44	0.41
19960630	2.42	12.24	0.41
19960701	10.98	12.07	0.52
19960702	9.09	13.18	0.45
19960703	9.56	12.1	0.93
19960704	5.21	12.42	1.03
19960705	0.07	11.72	0.62
19960706	0.01	11.99	0.7
19960707	0.0	12.63	0.64
19960708	1.11	14.36	0.48
19960709	0.01	14.4	0.38
19960710	1.13	15.2	0.37
19960711	0.03	14.42	0.37
19960712	0.47	14.67	0.37
19960713	1.51	13.85	0.42
19960714	0.0	11.93	0.41
19960715	0.0	12.08	0.39
19960716	0.0	14.37	0.38
19960717	0.0	15.73	0.37
19960718	0.0	16.35	0.37
19960719	0.0	16.41	0.37
19960720	0.0	17.34	0.35
19960721	4.14	17.71	0.34
19960722	7.16	16.29	0.47
19960723	2.08	14.95	0.43
19960724	0.0	13.84	0.36
19960725	1.5	15.13	0.35
19960726	0.05	14.36	0.36
19960727	0.0	13.59	0.36
19960728	8.84	14.48	0.42
19960729	0.79	13.91	0.53
19960730	0.65	12.55	0.38
19960731	3.43	13.19	0.4
19960801	0.33	12.38	0.42
19960802	0.03	13.68	0.41
19960803	0.0	13.47	0.41
19960804	0.0	16.33	0.42
19960805	0.01	16.55	0.44
19960806	0.04	16.18	0.51
19960807	0.01	15.06	0.36
19960808	1.76	14.52	0.33
19960809	5.78	15.72	0.33
19960810	8.3	14.09	0.69
19960811	0.0	15.12	0.4
19960812	0.0	16.23	0.33
19960813	0.0	15.64	0.31
19960814	0.0	14.57	0.3
19960815	0.03	17.36	0.3
19960816	0.17	14.58	0.29
19960817	0.02	16.99	0.29
19960818	0.0	18.07	0.3
19960819	5.82	18.48	0.32
19960820	6.91	15.78	0.47
19960821	5.31	14.64	0.52
19960822	1.78	14.85	0.37
19960823	5.58	14.47	0.43
19960824	2.02	13.77	0.44
19960825	0.84	12.2	0.36
19960826	0.49	13.77	0.32
19960827	1.33	14.27	0.29
19960828	0.44	13.85	0.28
19960829	0.0	12.89	0.28
19960830	0.0	12.11	0.28
19960831	0.0	12.32	0.28
19960901	4.92	14.32	0.32
19960902	0.04	17.08	0.31
19960903	0.04	16.45	0.3
19960904	0.0	13.25	0.28
19960905	0.01	11.74	0.27
19960906	0.0	12.29	0.27
19960907	0.0	11.79	0.24
19960908	0.0	12.77	0.24
19960909	0.0	13.52	0.24
19960910	0.05	14.07	0.24
19960911	0.0	10.85	0.24
19960912	0.0	8.87	0.25
19960913	0.0	11.37	0.25
19960914	0.0	11.88	0.25
19960915	0.0	11.82	0.24
19960916	0.0	14.01	0.25
19960917	0.0	12.76	0.32
19960918	0.0	11.85	0.35
19960919	0.0	12.42	0.33
19960920	0.0	12.39	0.29
19960921	1.34	11.28	0.26
19960922	0.01	10.98	0.26
19960923	1.44	11.59	0.23
19960924	1.87	12.3	0.23
19960925	0.21	13.24	0.23
19960926	9.11	11.9	0.32
19960927	4.81	10.95	0.4
19960928	17.33	11.18	0.58
19960929	3.81	10.62	0.58
