date	precipitation	temperature	discharge_spec
19960930	0.06	9.01	0.33
19961001	1.37	8.82	0.33
19961002	0.01	12.44	0.32
19961003	2.8	9.98	0.32
19961004	2.41	9.39	0.31
19961005	0.54	9.68	0.31
19961006	0.19	11.45	0.32
19961007	0.01	12.47	0.33
19961008	6.53	8.43	0.32
19961009	0.03	9.84	0.31
19961010	0.0	9.42	0.31
19961011	0.01	11.5	0.3
19961012	0.0	12.58	0.3
19961013	0.01	13.93	0.3
19961014	1.76	12.29	0.3
19961015	2.05	8.86	0.29
19961016	0.03	7.25	0.3
19961017	9.1	9.18	0.3
19961018	1.43	10.89	0.29
19961019	0.38	12.47	0.3
19961020	7.02	11.06	0.3
19961021	0.76	11.59	0.31
19961022	0.0	12.61	0.3
19961023	0.0	13.12	0.29
19961024	0.96	14.1	0.29
19961025	3.56	10.45	0.28
19961026	8.13	11.19	0.29
19961027	4.1	12.74	0.29
19961028	7.66	10.52	0.29
19961029	0.0	7.28	0.29
19961030	3.32	9.46	0.27
19961031	1.23	10.12	0.29
19961101	0.65	12.43	0.28
19961102	3.21	14.18	0.27
19961103	16.79	12.33	0.29
19961104	2.46	9.91	0.29
19961105	4.74	10.31	0.29
19961106	4.9	9.13	0.28
19961107	1.18	4.6	0.32
19961108	0.02	5.8	0.29
19961109	0.12	4.88	0.3
19961110	0.0	1.96	0.31
19961111	1.41	2.49	0.3
19961112	1.04	2.64	0.3
19961113	0.0	2.84	0.31
19961114	0.61	4.35	0.3
19961115	0.0	4.91	0.3
19961116	9.16	5.6	0.31
19961117	2.44	2.56	0.31
19961118	7.09	1.1	0.31
19961119	19.01	2.0	0.34
19961120	0.08	0.86	0.33
19961121	0.13	1.14	0.35
19961122	0.06	1.16	0.34
19961123	0.0	1.76	0.33
19961124	11.34	4.7	0.36
19961125	0.01	4.55	0.35
19961126	0.0	2.45	0.35
19961127	0.0	0.49	0.34
19961128	7.14	3.61	0.36
19961129	0.27	6.48	0.37
19961130	0.94	5.55	0.36
19961201	0.43	7.31	0.36
19961202	12.56	6.57	0.38
19961203	2.11	6.08	0.39
19961204	2.51	1.97	0.4
19961205	0.19	0.87	0.39
19961206	0.01	1.91	0.39
19961207	0.02	1.67	0.41
19961208	0.04	2.3	0.41
19961209	0.07	1.51	0.42
19961210	0.03	1.52	0.42
19961211	0.0	2.04	0.43
19961212	1.93	2.13	0.43
19961213	0.26	-0.66	0.44
19961214	0.04	2.0	0.43
19961215	0.06	6.12	0.44
19961216	1.65	3.6	0.44
19961217	2.31	5.97	0.45
19961218	12.76	7.47	0.47
19961219	3.09	4.16	0.48
19961220	0.03	2.55	0.47
19961221	0.0	0.21	0.46
19961222	0.0	0.88	0.46
19961223	0.0	-0.15	0.46
19961224	0.0	-0.87	0.46
19961225	0.0	-1.32	0.46
19961226	0.01	-1.94	0.47
19961227	0.35	1.29	0.48
19961228	0.0	-1.95	0.48
19961229	0.08	-0.76	0.47
19961230	1.24	-1.62	0.49
19961231	0.0	-4.98	0.48
19970101	0.02	-5.33	0.46
19970102	0.09	-4.66	0.46
19970103	0.0	-2.93	0.47
19970104	0.0	-0.89	0.47
19970105	0.17	0.19	0.47
19970106	0.02	-1.41	0.47
19970107	0.0	-3.35	0.47
19970108	0.0	-2.61	0.46
19970109	0.0	-1.14	0.46
19970110	0.03	-0.11	0.45
19970111	1.34	4.4	0.46
19970112	0.01	6.45	0.46
19970113	0.0	4.0	0.46
19970114	0.0	2.15	0.45
19970115	0.17	0.18	0.45
19970116	0.17	2.44	0.46
19970117	1.37	5.9	0.45
19970118	1.37	5.14	0.44
19970119	0.56	3.06	0.44
19970120	0.01	2.95	0.44
19970121	3.63	1.92	0.44
19970122	1.36	3.28	0.44
19970123	0.04	3.87	0.44
19970124	0.0	3.39	0.43
19970125	0.0	4.61	0.43
19970126	0.0	4.03	0.42
19970127	0.15	4.12	0.42
19970128	0.01	2.82	0.43
19970129	0.0	2.98	0.43
19970130	0.02	2.45	0.42
19970131	0.0	2.91	0.41
19970201	0.89	3.13	0.41
19970202	0.14	1.69	0.41
19970203	1.12	3.61	0.41
19970204	2.26	5.42	0.41
19970205	0.28	5.97	0.41
19970206	0.86	8.9	0.4
19970207	0.29	3.44	0.41
19970208	0.01	4.14	0.42
19970209	9.13	8.06	0.42
19970210	5.4	6.17	0.45
19970211	9.65	7.88	0.48
19970212	14.58	6.59	0.53
19970213	0.04	2.89	0.56
19970214	0.0	2.05	0.55
19970215	0.53	5.15	0.55
19970216	4.08	6.03	0.57
19970217	13.64	6.92	0.62
19970218	1.67	4.17	0.67
19970219	7.31	6.65	0.72
19970220	0.97	8.17	0.73
19970221	0.54	9.25	0.74
19970222	0.04	8.49	0.76
19970223	14.29	7.12	0.82
19970224	21.29	6.83	0.95
19970225	10.61	6.63	1.05
19970226	0.29	4.81	1.14
19970227	0.04	6.98	1.24
19970228	0.04	7.58	1.38
19970301	1.98	8.38	1.45
19970302	0.01	5.91	1.51
19970303	2.27	5.65	1.55
19970304	0.72	6.78	1.53
19970305	2.17	5.02	1.5
19970306	0.01	7.32	1.46
19970307	1.07	7.56	1.42
19970308	3.35	6.59	1.39
19970309	0.02	7.7	1.34
19970310	0.0	7.49	1.33
19970311	0.0	9.64	1.29
19970312	0.0	9.32	1.26
19970313	0.37	9.15	1.23
19970314	0.0	9.87	1.2
19970315	0.0	11.2	1.17
19970316	0.0	8.62	1.14
19970317	0.34	10.06	1.12
19970318	0.94	8.85	1.11
19970319	0.0	5.1	1.06
19970320	0.01	6.23	1.05
19970321	0.0	5.94	1.03
19970322	0.2	8.81	0.98
19970323	1.63	7.24	0.99
19970324	0.85	6.44	0.97
19970325	0.1	8.88	0.95
19970326	0.01	8.29	0.93
19970327	0.63	8.11	0.89
19970328	0.0	5.97	0.88
19970329	0.0	6.1	0.86
19970330	0.0	6.46	0.85
19970331	0.0	7.55	0.82
19970401	0.0	10.04	0.82
19970402	0.0	9.66	0.81
19970403	0.0	6.1	0.8
19970404	0.0	8.54	0.78
19970405	0.4	9.48	0.76
19970406	0.0	7.71	0.75
19970407	0.0	6.7	0.71
19970408	0.0	8.89	0.69
19970409	0.0	10.61	0.68
19970410	0.0	11.22	0.67
19970411	0.0	6.26	0.66
19970412	0.0	6.92	0.65
19970413	0.0	10.48	0.64
19970414	0.0	10.17	0.63
19970415	0.0	6.52	0.62
19970416	0.0	9.77	0.61
19970417	0.0	5.86	0.6
19970418	0.01	6.56	0.6
19970419	0.02	4.16	0.59
19970420	0.0	2.72	0.58
19970421	0.0	7.38	0.57
19970422	0.0	7.91	0.57
19970423	0.0	8.95	0.57
19970424	0.88	9.92	0.55
19970425	16.36	8.29	0.6
19970426	8.58	9.59	0.61
19970427	1.03	12.84	0.6
19970428	0.66	11.99	0.58
19970429	0.0	8.99	0.57
19970430	0.0	12.32	0.55
19970501	0.0	13.71	0.55
19970502	0.0	14.78	0.54
19970503	4.32	16.19	0.55
19970504	8.1	12.94	0.58
19970505	9.34	8.25	0.56
19970506	0.59	3.37	0.55
19970507	7.83	6.08	0.54
19970508	5.05	6.82	0.56
19970509	5.89	8.28	0.54
19970510	13.38	9.17	0.57
19970511	6.52	8.79	0.61
19970512	1.84	10.0	0.58
19970513	4.2	8.88	0.57
19970514	0.0	10.52	0.56
19970515	0.01	13.16	0.55
19970516	4.56	13.84	0.54
19970517	2.44	15.34	0.56
19970518	1.27	13.16	0.56
19970519	4.95	11.93	0.58
19970520	2.65	12.11	0.57
19970521	0.14	9.23	0.55
19970522	0.43	8.38	0.55
19970523	0.0	7.19	0.53
19970524	0.0	7.84	0.52
19970525	0.0	9.97	0.51
19970526	0.0	15.8	0.5
19970527	0.0	11.9	0.5
19970528	0.0	9.82	0.5
19970529	0.0	14.39	0.49
19970530	0.0	16.03	0.49
19970531	0.0	14.93	0.48
19970601	0.0	13.64	0.47
19970602	0.0	13.59	0.47
19970603	0.0	14.02	0.46
19970604	0.0	14.88	0.45
19970605	4.97	17.65	0.45
19970606	7.44	16.45	0.46
19970607	1.52	16.07	0.47
19970608	2.83	13.32	0.46
19970609	0.02	15.31	0.45
19970610	7.3	18.51	0.45
19970611	5.87	17.73	0.46
19970612	0.65	15.66	0.45
19970613	4.7	14.29	0.45
19970614	1.04	11.47	0.44
19970615	0.24	12.74	0.44
19970616	0.37	13.47	0.44
19970617	0.0	13.57	0.43
19970618	2.45	14.44	0.42
19970619	2.78	10.97	0.43
19970620	13.03	11.92	0.44
19970621	2.98	12.05	0.44
19970622	1.52	13.51	0.43
19970623	0.04	12.14	0.43
19970624	8.28	12.48	0.43
19970625	15.4	12.45	0.43
19970626	17.65	9.12	0.44
19970627	1.69	10.69	0.45
19970628	1.39	11.89	0.46
19970629	0.02	12.31	0.45
19970630	0.26	11.71	0.45
19970701	0.55	12.06	0.44
19970702	2.83	11.54	0.43
19970703	5.07	12.05	0.43
19970704	0.02	12.94	0.43
19970705	0.0	14.81	0.43
19970706	0.0	17.28	0.42
19970707	0.0	17.81	0.42
19970708	0.08	19.43	0.41
19970709	0.95	18.98	0.41
19970710	0.01	16.25	0.41
19970711	0.0	16.63	0.4
19970712	6.87	17.5	0.4
19970713	0.09	16.81	0.4
19970714	0.05	17.31	0.4
19970715	0.01	17.82	0.39
19970716	1.12	16.8	0.38
19970717	0.16	13.75	0.38
19970718	0.0	15.37	0.38
19970719	0.0	16.86	0.38
19970720	0.0	17.68	0.38
19970721	0.0	17.01	0.36
19970722	0.0	17.72	0.36
19970723	0.31	19.69	0.36
19970724	7.05	16.23	0.38
19970725	0.05	16.14	0.36
19970726	2.68	15.94	0.37
19970727	0.0	16.75	0.36
19970728	0.01	17.04	0.36
19970729	0.85	18.45	0.36
19970730	0.04	16.97	0.36
19970731	1.75	15.36	0.36
19970801	0.02	16.4	0.35
19970802	0.0	15.43	0.35
19970803	3.26	15.31	0.35
19970804	6.9	16.25	0.35
19970805	1.56	17.08	0.35
19970806	14.21	19.54	0.36
19970807	0.05	20.84	0.34
19970808	0.0	21.69	0.34
19970809	0.0	20.61	0.35
19970810	0.01	24.19	0.33
19970811	0.02	20.27	0.33
19970812	0.01	21.51	0.33
19970813	0.03	17.81	0.34
19970814	0.0	18.27	0.32
19970815	0.0	18.86	0.33
19970816	0.15	21.54	0.32
19970817	0.13	20.1	0.33
19970818	0.06	21.12	0.33
19970819	0.61	22.85	0.32
19970820	0.01	21.57	0.32
19970821	1.94	19.62	0.32
19970822	2.52	20.77	0.33
19970823	7.94	19.66	0.34
19970824	27.86	17.06	0.36
19970825	3.38	15.39	0.34
19970826	0.98	16.22	0.34
19970827	11.5	15.13	0.33
19970828	5.04	15.31	0.34
19970829	17.43	15.37	0.36
19970830	3.6	15.41	0.36
19970831	20.39	16.08	0.36
19970901	0.02	13.46	0.37
19970902	1.99	16.32	0.32
19970903	5.03	12.76	0.33
19970904	0.0	14.35	0.32
19970905	0.32	13.24	0.32
19970906	0.54	14.75	0.32
19970907	0.0	13.0	0.33
19970908	0.0	14.13	0.32
19970909	0.0	12.96	0.31
19970910	0.0	14.45	0.32
19970911	4.87	14.28	0.32
19970912	4.33	10.58	0.32
19970913	0.01	10.03	0.32
19970914	0.0	12.32	0.32
19970915	0.0	13.62	0.32
19970916	0.0	14.94	0.32
19970917	0.0	13.31	0.32
19970918	11.93	17.07	0.33
19970919	2.84	13.11	0.32
19970920	0.11	12.18	0.32
19970921	0.0	11.72	0.32
19970922	0.0	12.75	0.32
19970923	0.0	12.55	0.31
19970924	0.0	15.33	0.31
19970925	0.0	14.14	0.31
19970926	0.0	12.85	0.31
19970927	0.0	12.98	0.31
19970928	0.0	14.58	0.31
19970929	1.92	16.74	0.31
19970930	0.02	16.76	0.31
19971001	0.0	15.67	0.31
19971002	0.0	11.87	0.3
19971003	0.0	12.98	0.29
19971004	0.0	13.63	0.3
19971005	0.0	13.82	0.31
19971006	5.84	13.22	0.31
19971007	5.96	11.28	0.31
19971008	20.45	13.84	0.33
19971009	18.6	12.78	0.33
19971010	0.64	11.5	0.34
19971011	16.48	8.59	0.35
19971012	0.02	7.77	0.35
19971013	0.07	4.98	0.35
19971014	8.49	8.68	0.37
19971015	2.3	11.91	0.38
19971016	1.2	13.69	0.38
19971017	0.05	12.56	0.39
19971018	0.01	14.1	0.39
19971019	0.01	14.24	0.4
19971020	0.0	8.25	0.41
19971021	0.0	5.85	0.42
19971022	0.0	6.1	0.41
19971023	0.0	6.64	0.41
19971024	0.0	3.85	0.39
19971025	0.0	4.15	0.4
19971026	0.0	5.76	0.42
19971027	0.0	5.07	0.42
19971028	0.0	2.32	0.41
19971029	0.0	4.36	0.42
19971030	0.0	3.3	0.41
19971031	0.0	5.0	0.41
19971101	0.06	6.41	0.42
19971102	0.0	8.18	0.42
19971103	0.0	7.3	0.42
19971104	8.21	8.85	0.44
19971105	2.05	10.61	0.43
19971106	1.27	9.57	0.43
19971107	10.24	8.29	0.43
19971108	3.7	7.97	0.43
19971109	2.77	7.28	0.43
19971110	0.13	6.84	0.44
19971111	0.0	5.01	0.44
19971112	0.0	5.33	0.44
19971113	1.34	4.31	0.42
19971114	2.93	8.49	0.43
19971115	1.19	12.77	0.42
19971116	0.31	12.56	0.43
19971117	5.42	12.28	0.43
19971118	8.48	11.08	0.44
19971119	15.61	9.82	0.46
19971120	7.05	6.8	0.5
19971121	1.16	5.32	0.49
19971122	0.17	5.01	0.51
19971123	5.79	5.9	0.53
19971124	2.79	6.26	0.59
19971125	2.4	6.38	0.61
19971126	5.03	7.99	0.64
19971127	15.4	8.18	0.68
19971128	7.39	9.07	0.76
19971129	2.91	7.84	0.8
19971130	0.02	3.54	0.92
19971201	6.88	0.77	1.05
19971202	0.05	-0.43	1.11
19971203	0.0	0.6	1.18
19971204	0.0	0.67	1.21
19971205	0.0	3.79	1.22
19971206	0.0	7.94	1.23
19971207	5.03	8.4	1.26
19971208	1.24	8.5	1.26
19971209	11.92	9.98	1.27
19971210	0.78	10.6	1.29
19971211	0.77	7.18	1.27
19971212	0.01	3.59	1.25
19971213	0.01	4.38	1.26
19971214	0.01	4.94	1.26
19971215	0.0	2.58	1.26
19971216	0.07	-0.11	1.27
19971217	9.54	2.91	1.3
19971218	4.85	6.93	1.34
19971219	0.13	5.66	1.31
19971220	0.03	4.58	1.28
19971221	0.05	3.71	1.27
19971222	9.25	5.77	1.3
19971223	6.23	9.18	1.32
19971224	9.34	9.82	1.38
19971225	13.3	7.59	1.46
19971226	0.23	5.5	1.55
19971227	0.02	3.85	1.64
19971228	1.69	3.45	1.8
19971229	2.04	4.83	1.88
19971230	9.55	6.87	1.94
19971231	0.02	3.42	1.96
19980101	22.16	5.36	2.02
19980102	13.7	7.68	2.12
19980103	7.53	5.3	2.32
19980104	6.25	4.44	2.54
19980105	5.73	2.09	2.8
19980106	8.02	4.77	2.96
19980107	10.64	5.79	3.12
19980108	1.03	10.08	3.13
19980109	0.01	9.82	3.13
19980110	0.01	8.12	3.15
19980111	0.03	8.27	3.13
19980112	1.4	8.98	3.09
19980113	7.16	7.63	3.06
19980114	2.27	5.74	2.92
19980115	4.34	6.59	2.87
19980116	0.02	5.16	2.75
19980117	11.94	6.56	2.7
19980118	5.39	5.58	2.81
19980119	0.05	1.36	2.65
19980120	0.25	1.19	2.64
19980121	0.53	2.82	2.68
19980122	0.03	1.17	2.7
19980123	0.0	0.54	2.69
19980124	0.0	1.96	2.65
19980125	0.0	1.12	2.59
19980126	0.0	0.71	2.54
19980127	0.01	0.71	2.49
19980128	0.25	-0.04	2.42
19980129	0.06	1.46	2.36
19980130	0.0	2.19	2.29
19980131	0.01	0.12	2.23
19980201	0.0	-0.5	2.17
19980202	0.03	1.94	2.11
19980203	0.01	1.83	2.06
19980204	0.04	4.53	2.01
19980205	0.0	5.91	1.96
19980206	6.47	4.97	1.93
19980207	0.0	4.1	1.89
19980208	0.0	7.15	1.84
19980209	0.0	8.04	1.8
19980210	0.0	8.81	1.76
19980211	0.0	10.29	1.72
19980212	0.0	10.07	1.67
19980213	0.0	10.0	1.64
19980214	0.0	9.94	1.59
19980215	0.0	10.15	1.57
19980216	0.0	5.86	1.54
19980217	0.0	6.56	1.5
19980218	0.0	6.05	1.47
19980219	0.02	8.61	1.44
19980220	0.18	10.2	1.41
19980221	4.08	5.39	1.39
19980222	0.75	5.98	1.35
19980223	0.15	7.52	1.33
19980224	0.0	6.94	1.3
19980225	0.0	6.6	1.27
19980226	0.02	7.18	1.26
19980227	1.62	4.59	1.24
19980228	0.4	2.86	1.22
19980301	0.14	6.45	1.19
19980302	10.4	9.24	1.18
19980303	22.58	8.68	1.3
19980304	3.63	5.94	1.32
19980305	9.13	7.23	1.3
19980306	9.82	9.04	1.36
19980307	3.55	8.2	1.39
19980308	0.02	3.91	1.4
19980309	0.0	3.68	1.43
19980310	6.95	6.48	1.51
19980311	0.03	3.7	1.55
19980312	2.13	5.36	1.56
19980313	0.07	5.65	1.56
19980314	0.0	7.89	1.56
19980315	0.02	8.22	1.55
19980316	0.0	8.28	1.54
19980317	0.0	6.52	1.53
19980318	0.0	6.81	1.5
19980319	0.0	6.36	1.47
19980320	0.0	7.75	1.46
19980321	0.0	6.58	1.43
19980322	0.0	3.42	1.41
19980323	0.3	5.79	1.4
19980324	8.5	5.13	1.39
19980325	9.15	7.7	1.42
19980326	1.11	9.61	1.43
19980327	0.14	10.85	1.38
19980328	0.32	12.28	1.34
19980329	3.76	12.3	1.31
19980330	0.02	7.4	1.3
19980331	0.01	9.7	1.26
19980401	3.14	8.21	1.26
19980402	8.55	9.1	1.27
19980403	10.34	8.72	1.32
19980404	4.89	8.71	1.39
19980405	3.3	8.23	1.35
19980406	0.16	7.63	1.34
19980407	2.95	7.56	1.3
19980408	15.8	7.31	1.34
19980409	20.78	3.07	1.51
19980410	5.56	2.02	1.62
19980411	0.47	1.73	1.66
19980412	0.21	2.64	1.73
19980413	3.44	3.2	1.8
19980414	4.42	3.31	1.86
19980415	8.91	2.26	1.95
19980416	1.12	4.26	1.94
19980417	0.0	4.87	1.92
19980418	0.27	5.89	1.92
19980419	3.85	7.15	1.95
19980420	2.66	7.8	1.94
19980421	3.18	9.4	1.92
19980422	3.77	12.07	1.93
19980423	7.69	9.05	1.96
19980424	8.92	11.06	1.96
19980425	2.05	10.37	1.96
19980426	2.03	7.61	1.96
19980427	5.86	8.43	1.93
19980428	0.94	8.85	2.0
19980429	0.45	11.26	1.98
19980430	0.0	8.78	1.99
19980501	0.45	9.16	1.95
19980502	0.87	10.9	1.93
19980503	0.0	6.66	1.91
19980504	0.05	10.08	1.88
19980505	0.5	10.41	1.85
19980506	0.89	12.22	1.82
19980507	0.43	10.89	1.79
19980508	0.27	14.96	1.72
19980509	0.01	12.83	1.67
19980510	5.42	12.11	1.64
19980511	1.07	12.55	1.64
19980512	0.0	13.46	1.57
19980513	1.71	17.32	1.55
19980514	0.03	16.61	1.52
19980515	0.0	16.06	1.47
19980516	0.0	14.47	1.44
19980517	0.0	13.56	1.42
19980518	0.0	14.69	1.38
19980519	0.0	15.53	1.34
19980520	0.5	16.66	1.31
19980521	0.0	12.69	1.3
19980522	0.0	12.71	1.27
19980523	0.04	12.49	1.24
19980524	0.0	13.3	1.22
19980525	3.96	13.65	1.22
19980526	10.67	9.9	1.22
19980527	0.24	8.94	1.22
19980528	0.02	11.95	1.14
19980529	0.0	11.14	1.12
19980530	2.16	14.88	1.09
19980531	0.01	13.06	1.08
19980601	15.72	14.25	1.07
19980602	10.87	12.58	1.14
19980603	1.64	12.23	1.09
19980604	0.03	11.8	1.02
19980605	1.21	14.05	1.01
19980606	0.42	13.86	0.98
19980607	2.15	13.86	0.97
19980608	11.32	13.81	0.97
19980609	3.97	13.76	0.99
19980610	3.52	11.54	0.95
19980611	2.6	8.23	0.93
19980612	1.8	11.72	0.91
19980613	15.14	11.81	0.94
19980614	9.01	12.73	1.01
19980615	0.18	12.12	0.99
19980616	0.37	11.97	0.91
19980617	3.24	13.33	0.89
19980618	1.32	14.93	0.88
19980619	0.08	18.69	0.86
19980620	0.16	19.94	0.84
19980621	0.0	15.94	0.8
19980622	1.08	14.99	0.8
19980623	1.2	15.56	0.81
19980624	0.31	13.93	0.8
19980625	1.53	13.91	0.77
19980626	11.99	12.88	0.79
19980627	6.3	13.29	0.79
19980628	0.05	14.47	0.77
19980629	9.87	13.33	0.77
19980630	0.02	14.01	0.77
19980701	0.02	13.77	0.75
19980702	0.0	11.82	0.72
19980703	0.0	14.53	0.72
19980704	0.0	15.05	0.71
19980705	0.01	17.22	0.7
19980706	0.44	14.49	0.7
19980707	0.0	13.82	0.69
19980708	0.17	16.56	0.68
19980709	0.01	15.71	0.67
19980710	0.47	15.61	0.66
19980711	7.17	14.6	0.67
19980712	2.71	12.89	0.67
19980713	1.01	12.99	0.64
19980714	0.01	13.96	0.62
19980715	2.25	14.57	0.61
19980716	2.33	15.77	0.63
19980717	0.07	14.44	0.59
19980718	0.81	14.31	0.59
19980719	0.15	16.49	0.6
19980720	1.85	16.93	0.59
19980721	0.37	15.06	0.58
19980722	1.1	16.44	0.58
19980723	0.01	13.79	0.58
19980724	0.0	13.09	0.57
19980725	0.0	14.66	0.56
19980726	0.19	15.97	0.57
19980727	0.01	17.02	0.56
19980728	0.26	16.64	0.55
19980729	1.18	15.57	0.55
19980730	2.53	15.02	0.55
19980731	0.2	15.15	0.54
19980801	7.67	13.95	0.55
19980802	1.4	15.15	0.54
19980803	3.67	13.64	0.54
19980804	0.0	15.26	0.54
19980805	0.0	15.76	0.52
19980806	0.0	16.51	0.52
19980807	0.0	16.67	0.51
19980808	0.0	20.32	0.51
19980809	0.0	19.58	0.5
19980810	0.0	20.46	0.49
19980811	0.01	19.64	0.48
19980812	0.0	14.75	0.48
19980813	0.0	16.49	0.48
19980814	5.78	16.71	0.48
19980815	0.0	13.78	0.48
19980816	0.01	16.36	0.48
19980817	0.02	15.22	0.47
19980818	0.0	13.33	0.46
19980819	0.0	16.63	0.47
19980820	0.81	16.11	0.46
19980821	0.0	14.83	0.46
19980822	1.59	13.12	0.46
19980823	6.67	14.22	0.47
19980824	0.02	11.93	0.46
19980825	0.6	15.52	0.45
19980826	0.15	10.54	0.44
19980827	0.0	12.64	0.44
19980828	0.0	13.11	0.44
19980829	0.0	14.43	0.44
19980830	0.0	15.86	0.44
19980831	1.93	17.04	0.44
19980901	2.32	16.13	0.45
19980902	6.98	16.46	0.43
19980903	0.02	14.61	0.44
19980904	10.1	15.18	0.45
19980905	0.44	15.48	0.44
19980906	0.61	16.71	0.45
19980907	3.66	16.92	0.43
19980908	3.42	16.81	0.42
19980909	4.43	15.7	0.42
19980910	1.73	12.85	0.41
19980911	5.5	10.34	0.4
19980912	10.25	9.26	0.41
19980913	0.13	10.18	0.41
19980914	0.87	11.11	0.41
19980915	0.88	12.46	0.41
19980916	0.0	11.73	0.4
19980917	0.05	13.95	0.39
19980918	0.97	16.67	0.39
19980919	0.01	15.67	0.4
19980920	0.0	16.65	0.4
19980921	0.0	15.14	0.38
19980922	0.0	14.12	0.38
19980923	0.0	15.49	0.38
19980924	0.0	14.87	0.37
19980925	1.3	15.76	0.37
19980926	33.12	14.84	0.45
19980927	7.72	13.75	0.46
19980928	0.67	12.76	0.43
19980929	9.26	13.58	0.42
19980930	4.31	13.85	0.42
19981001	0.39	13.01	0.41
19981002	0.95	7.84	0.4
19981003	0.01	9.15	0.4
19981004	0.56	8.2	0.4
19981005	3.59	9.32	0.4
19981006	0.49	8.66	0.4
19981007	0.06	9.21	0.39
19981008	0.0	6.73	0.4
19981009	2.87	9.94	0.39
19981010	2.74	10.82	0.41
19981011	0.03	11.37	0.4
19981012	2.23	10.55	0.41
19981013	2.78	13.84	0.38
19981014	0.46	11.17	0.41
19981015	0.47	9.61	0.4
19981016	16.94	11.43	0.43
19981017	0.11	5.5	0.42
19981018	0.32	6.73	0.44
19981019	0.0	7.49	0.4
19981020	5.57	10.88	0.4
19981021	1.31	14.8	0.41
19981022	19.75	14.29	0.4
19981023	6.84	9.97	0.45
19981024	23.55	10.09	0.57
19981025	0.46	7.48	0.62
19981026	2.01	8.9	0.69
19981027	12.74	11.19	0.77
19981028	3.98	8.52	0.82
19981029	2.07	8.15	0.85
19981030	4.31	7.78	0.88
19981031	24.65	5.5	1.03
19981101	3.9	6.52	1.07
19981102	11.73	6.56	1.3
19981103	2.01	3.85	1.44
19981104	0.17	2.8	1.57
19981105	0.07	7.47	1.67
19981106	0.88	7.93	1.75
19981107	11.86	10.07	1.75
19981108	13.73	12.38	1.86
19981109	1.28	9.25	1.84
19981110	0.0	5.34	1.85
19981111	9.13	6.77	1.95
19981112	0.35	6.4	2.04
19981113	9.35	4.41	2.04
19981114	0.05	5.16	2.05
19981115	0.0	2.79	2.0
19981116	0.0	1.72	1.98
19981117	0.0	1.49	1.96
19981118	0.0	2.18	1.94
19981119	0.0	3.34	1.91
19981120	0.0	4.27	1.84
19981121	0.0	4.09	1.79
19981122	0.0	3.48	1.75
19981123	1.47	3.91	1.7
19981124	5.72	4.06	1.67
19981125	0.42	4.99	1.64
19981126	0.81	7.47	1.57
19981127	1.67	8.99	1.54
19981128	2.13	4.76	1.49
19981129	0.01	3.43	1.43
19981130	0.01	2.2	1.38
19981201	0.01	1.68	1.34
19981202	0.0	1.56	1.31
19981203	1.16	1.26	1.3
19981204	0.0	0.18	1.26
19981205	0.54	-0.56	1.22
19981206	0.03	-0.03	1.17
19981207	1.46	4.84	1.15
19981208	4.58	8.08	1.16
19981209	0.28	7.01	1.13
19981210	6.1	5.7	1.14
19981211	1.8	7.47	1.12
19981212	4.4	8.23	1.11
19981213	0.39	9.67	1.09
19981214	1.66	11.14	1.09
19981215	2.33	7.47	1.08
19981216	0.02	8.01	1.07
19981217	2.45	6.99	1.07
19981218	8.57	6.06	1.11
19981219	0.34	2.92	1.12
19981220	0.0	-1.17	1.1
19981221	1.45	0.86	1.13
19981222	9.16	4.1	1.15
19981223	4.97	2.41	1.23
19981224	3.69	5.35	1.26
19981225	10.32	6.97	1.36
19981226	14.15	7.74	1.53
19981227	7.36	5.25	1.67
19981228	0.68	3.06	1.87
19981229	0.1	7.2	2.02
19981230	0.06	7.64	2.11
19981231	2.0	6.65	2.14
19990101	8.72	6.36	2.17
19990102	13.94	4.66	2.2
19990103	10.16	7.83	2.27
19990104	2.34	9.47	2.29
19990105	0.01	10.96	2.31
19990106	7.95	7.86	2.43
19990107	4.49	4.41	2.54
19990108	6.96	2.28	2.67
19990109	0.0	1.08	2.64
19990110	0.0	-0.27	2.63
19990111	1.32	-0.81	2.62
19990112	4.84	3.43	2.67
19990113	2.29	4.77	2.63
19990114	2.67	5.72	2.57
19990115	20.32	6.6	2.66
19990116	0.15	3.49	2.7
19990117	0.01	3.64	2.72
19990118	16.65	7.2	2.95
19990119	23.98	10.2	3.41
19990120	1.99	5.11	3.66
19990121	0.01	1.02	4.08
19990122	0.25	-0.59	4.29
19990123	1.72	4.61	4.28
19990124	6.44	7.58	4.12
19990125	2.2	6.16	3.97
19990126	3.45	3.53	3.79
19990127	0.41	5.7	3.58
19990128	2.6	5.84	3.43
19990129	3.6	5.3	3.31
19990130	0.94	4.81	3.21
19990131	0.01	5.05	3.1
19990201	0.0	4.54	3.0
19990202	0.01	5.15	2.9
19990203	0.0	8.34	2.81
19990204	0.0	8.18	2.73
19990205	0.06	6.06	2.64
19990206	4.69	3.57	2.6
19990207	0.05	1.25	2.52
19990208	2.1	-1.45	2.46
19990209	0.12	-1.17	2.38
19990210	0.0	-0.38	2.31
19990211	0.01	0.69	2.25
19990212	4.35	3.23	2.19
19990213	0.03	2.61	2.14
19990214	2.35	3.85	2.09
19990215	0.14	5.4	2.03
19990216	0.08	5.21	1.98
19990217	1.4	6.43	1.93
19990218	1.99	8.64	1.88
19990219	2.04	7.14	1.85
19990220	1.6	5.89	1.81
19990221	3.02	4.51	1.79
19990222	0.23	2.87	1.76
19990223	4.16	3.09	1.72
19990224	0.09	2.43	1.7
19990225	0.08	6.46	1.66
19990226	4.64	6.1	1.64
19990227	0.62	5.77	1.6
19990228	2.75	8.13	1.56
19990301	4.01	10.55	1.54
19990302	12.06	8.52	1.59
19990303	5.69	4.87	1.67
19990304	3.74	3.38	1.6
19990305	1.05	1.8	1.6
19990306	4.57	2.63	1.61
19990307	5.04	2.65	1.67
19990308	0.44	2.82	1.73
19990309	0.34	3.16	1.67
19990310	0.01	1.59	1.68
19990311	0.18	3.83	1.69
19990312	5.21	6.68	1.69
19990313	0.06	5.96	1.7
19990314	0.0	7.14	1.67
19990315	0.0	7.84	1.66
19990316	0.0	9.0	1.64
19990317	0.0	12.2	1.63
19990318	0.0	6.82	1.6
19990319	0.0	5.54	1.58
19990320	3.53	7.0	1.55
19990321	2.65	6.45	1.56
19990322	0.02	6.98	1.52
19990323	0.0	9.47	1.5
19990324	0.03	7.44	1.48
19990325	7.53	5.1	1.49
19990326	0.03	5.04	1.47
19990327	0.0	6.16	1.43
19990328	0.76	9.78	1.39
19990329	4.9	8.84	1.39
19990330	3.85	9.42	1.39
19990331	0.0	11.53	1.34
19990401	0.28	12.75	1.32
19990402	0.07	8.85	1.3
19990403	0.04	9.78	1.28
19990404	2.77	13.1	1.26
19990405	0.46	12.23	1.24
19990406	1.57	9.71	1.23
19990407	0.0	7.81	1.18
19990408	0.01	11.54	1.17
19990409	0.02	11.71	1.15
19990410	0.0	8.08	1.12
19990411	5.64	8.82	1.14
19990412	5.55	6.64	1.16
19990413	2.22	2.55	1.14
19990414	0.02	1.37	1.11
19990415	3.8	4.47	1.08
19990416	1.86	5.02	1.07
19990417	0.08	3.47	1.05
19990418	1.61	3.9	1.04
19990419	3.41	6.29	0.97
19990420	15.78	9.35	1.07
19990421	8.88	9.8	1.2
19990422	6.96	9.43	1.16
19990423	12.88	8.11	1.26
19990424	0.02	9.97	1.26
19990425	5.58	9.95	1.25
19990426	8.41	10.76	1.3
19990427	0.0	11.22	1.35
19990428	0.0	11.52	1.34
19990429	0.0	9.34	1.34
19990430	0.0	12.27	1.34
19990501	0.0	12.58	1.36
19990502	0.0	13.28	1.35
19990503	0.0	14.87	1.35
19990504	0.0	11.93	1.34
19990505	2.44	13.32	1.35
19990506	2.11	11.23	1.34
19990507	7.62	10.62	1.36
19990508	3.7	12.53	1.35
19990509	1.97	13.72	1.31
19990510	20.1	12.27	1.34
19990511	12.91	12.04	1.54
19990512	0.16	12.01	1.48
19990513	1.15	11.89	1.43
19990514	3.13	12.23	1.44
19990515	0.0	11.64	1.41
19990516	0.0	9.63	1.4
19990517	0.63	10.04	1.38
19990518	1.0	11.39	1.37
19990519	7.76	14.5	1.39
19990520	0.3	14.11	1.39
19990521	0.2	10.09	1.35
19990522	0.0	12.23	1.31
19990523	0.11	12.88	1.3
19990524	0.01	10.89	1.26
19990525	0.0	10.38	1.23
19990526	0.0	13.29	1.21
19990527	7.45	17.9	1.21
19990528	0.03	13.67	1.21
19990529	25.42	15.41	1.31
19990530	1.5	9.47	1.34
19990531	0.0	12.32	1.25
19990601	12.49	15.93	1.22
19990602	5.59	14.06	1.26
19990603	2.94	13.22	1.22
19990604	3.32	10.06	1.19
19990605	13.31	10.3	1.29
19990606	4.09	12.45	1.34
19990607	2.26	9.5	1.28
19990608	0.04	9.75	1.27
19990609	0.0	11.37	1.27
19990610	0.0	11.51	1.27
19990611	0.03	12.63	1.27
19990612	0.02	10.63	1.26
19990613	0.02	14.88	1.26
19990614	0.99	14.56	1.24
19990615	0.0	15.47	1.21
19990616	0.0	16.32	1.2
19990617	0.0	13.44	1.18
19990618	0.0	15.98	1.14
19990619	1.59	15.55	1.14
19990620	0.06	11.77	1.12
19990621	0.02	10.74	1.08
19990622	0.41	13.62	1.05
19990623	0.0	14.63	1.05
19990624	0.0	15.54	1.02
19990625	0.0	15.43	0.99
19990626	1.26	18.94	0.97
19990627	3.68	12.63	0.99
19990628	10.74	13.4	0.99
19990629	0.97	13.18	0.99
19990630	1.73	14.64	0.95
19990701	0.32	16.05	0.93
19990702	0.16	19.65	0.93
19990703	0.06	17.2	0.91
19990704	0.06	16.43	0.89
19990705	0.96	17.08	0.87
19990706	0.04	18.43	0.85
19990707	0.0	17.74	0.81
19990708	0.0	21.43	0.81
19990709	0.0	18.1	0.8
19990710	0.0	18.6	0.79
19990711	0.0	18.94	0.77
19990712	0.0	17.34	0.76
19990713	2.05	16.53	0.75
19990714	0.0	13.3	0.75
19990715	0.0	14.68	0.73
19990716	0.0	15.73	0.73
19990717	0.0	16.57	0.71
19990718	0.0	18.65	0.71
19990719	2.51	18.04	0.69
19990720	1.28	15.74	0.7
19990721	0.0	14.06	0.69
19990722	0.01	12.29	0.67
19990723	0.0	18.0	0.67
19990724	0.0	19.83	0.65
19990725	0.01	18.61	0.64
19990726	0.0	14.79	0.64
19990727	0.0	15.94	0.62
19990728	0.0	16.49	0.61
19990729	0.0	19.29	0.6
19990730	0.0	21.02	0.61
19990731	0.01	21.9	0.6
19990801	0.66	22.19	0.6
19990802	5.44	22.1	0.59
19990803	3.71	17.28	0.6
19990804	2.18	19.39	0.59
19990805	0.0	18.14	0.57
19990806	20.79	18.9	0.57
19990807	0.2	18.86	0.59
19990808	6.27	15.48	0.58
19990809	9.79	15.08	0.59
19990810	0.02	12.13	0.57
19990811	2.25	14.96	0.56
19990812	0.34	15.83	0.57
19990813	0.83	15.9	0.57
19990814	1.05	14.66	0.56
19990815	0.01	13.11	0.55
19990816	5.62	12.9	0.55
19990817	7.44	13.32	0.53
19990818	13.26	14.05	0.54
19990819	0.0	12.43	0.55
19990820	0.0	12.8	0.53
19990821	0.0	12.64	0.51
19990822	0.0	14.36	0.51
19990823	0.26	16.16	0.5
19990824	14.96	14.61	0.51
19990825	20.54	16.99	0.55
19990826	0.56	15.11	0.55
19990827	0.0	14.73	0.53
19990828	0.0	16.27	0.52
19990829	0.0	16.01	0.51
19990830	0.0	16.1	0.5
19990831	0.0	14.99	0.49
19990901	0.01	17.25	0.49
19990902	0.0	18.02	0.47
19990903	0.0	18.26	0.5
19990904	0.0	18.8	0.49
19990905	1.9	19.2	0.49
19990906	0.39	19.28	0.48
19990907	0.07	14.33	0.48
19990908	2.79	14.08	0.47
19990909	0.0	12.93	0.48
19990910	0.0	18.49	0.47
19990911	0.3	18.04	0.47
19990912	0.0	14.07	0.47
19990913	0.0	12.88	0.46
19990914	0.11	13.44	0.46
19990915	3.58	14.09	0.46
19990916	2.95	13.2	0.47
19990917	3.79	13.72	0.46
19990918	13.74	14.17	0.47
19990919	41.74	14.4	0.51
19990920	5.18	12.82	0.57
19990921	1.0	13.77	0.55
19990922	9.1	14.82	0.55
19990923	12.98	15.55	0.57
19990924	22.67	14.48	0.6
19990925	5.87	13.75	0.64
19990926	12.8	13.42	0.68
19990927	4.44	12.54	0.72
19990928	3.71	13.59	0.77
19990929	1.87	13.15	0.82
19990930	0.04	11.92	0.86
19991001	20.35	10.27	0.9
19991002	1.68	9.34	1.01
19991003	6.8	8.32	1.03
19991004	0.0	6.37	1.05
19991005	0.0	7.31	1.09
19991006	0.0	9.46	1.12
19991007	1.64	12.08	1.15
19991008	0.0	14.25	1.17
19991009	0.0	13.98	1.18
19991010	0.06	11.4	1.18
19991011	0.0	7.8	1.17
19991012	0.0	8.25	1.14
19991013	0.0	8.76	1.14
19991014	0.0	10.67	1.12
19991015	0.0	10.66	1.11
19991016	0.0	9.52	1.1
19991017	0.0	8.58	1.07
19991018	0.0	7.8	1.05
19991019	0.0	7.34	1.04
19991020	4.44	6.46	1.03
19991021	8.25	9.0	1.05
19991022	4.16	11.74	1.04
19991023	11.97	11.53	1.02
19991024	9.7	10.18	1.05
19991025	0.01	10.31	1.05
19991026	0.04	10.1	1.01
19991027	0.02	10.38	1.0
19991028	0.58	9.58	0.99
19991029	1.3	11.14	0.98
19991030	7.88	11.7	0.99
19991031	1.52	11.59	1.01
19991101	2.82	10.67	1.0
19991102	0.01	8.72	1.01
19991103	0.01	9.8	1.0
19991104	5.35	9.95	0.99
19991105	20.1	7.95	1.1
19991106	0.01	5.52	1.1
19991107	0.02	7.47	1.13
19991108	0.01	8.72	1.16
19991109	0.01	6.99	1.21
19991110	0.01	6.92	1.22
19991111	1.54	7.47	1.24
19991112	0.01	5.82	1.24
19991113	0.19	7.32	1.25
19991114	0.01	5.34	1.24
19991115	2.08	5.68	1.23
19991116	1.06	4.14	1.23
19991117	4.22	3.23	1.22
19991118	0.0	2.37	1.21
19991119	0.01	3.14	1.18
19991120	0.05	3.11	1.17
19991121	3.06	3.65	1.14
19991122	0.14	5.91	1.14
19991123	0.55	8.59	1.11
19991124	1.83	9.82	1.08
19991125	0.14	9.98	1.07
19991126	5.37	7.09	1.09
19991127	0.65	8.0	1.06
19991128	7.41	8.79	1.05
19991129	0.13	3.69	1.06
19991130	0.32	7.68	1.05
19991201	0.01	6.76	1.02
19991202	0.84	6.93	1.01
19991203	2.17	5.1	1.01
19991204	0.42	1.88	1.0
19991205	0.35	5.33	0.97
19991206	3.24	8.57	0.98
19991207	3.41	5.79	0.98
19991208	9.72	5.93	1.01
19991209	1.28	4.7	1.05
19991210	8.32	6.68	1.06
19991211	6.97	7.23	1.12
19991212	12.31	3.75	1.18
19991213	7.54	1.68	1.3
19991214	0.37	1.09	1.37
19991215	0.0	0.73	1.44
19991216	1.63	5.44	1.51
19991217	2.82	5.65	1.59
19991218	4.88	-0.94	1.61
19991219	0.02	-4.52	1.61
19991220	4.47	-2.96	1.6
19991221	1.63	3.74	1.65
19991222	15.19	7.25	1.72
19991223	25.55	6.87	1.81
19991224	14.65	6.95	2.15
19991225	2.8	3.54	2.39
19991226	1.5	3.57	2.76
19991227	1.04	1.77	2.97
19991228	0.03	1.24	3.04
19991229	2.16	2.64	2.99
19991230	8.86	4.9	3.04
19991231	2.35	5.45	2.89
20000101	0.04	6.26	2.79
20000102	1.18	7.94	2.73
20000103	7.38	4.58	2.74
20000104	2.82	3.6	2.71
20000105	4.48	7.53	2.67
20000106	0.16	5.72	2.64
20000107	1.2	5.69	2.59
20000108	0.01	2.89	2.56
20000109	0.02	1.33	2.52
20000110	0.54	3.68	2.49
20000111	0.01	7.98	2.46
20000112	10.97	4.64	2.46
20000113	0.22	1.23	2.45
20000114	1.41	3.04	2.38
20000115	0.05	1.76	2.32
20000116	0.01	1.94	2.28
20000117	0.0	3.44	2.25
20000118	0.02	4.85	2.21
20000119	0.0	2.9	2.18
20000120	0.0	3.0	2.14
20000121	1.98	4.25	2.11
20000122	0.03	2.9	2.07
20000123	0.06	2.14	2.02
20000124	0.0	0.74	1.98
20000125	0.0	0.04	1.94
20000126	0.0	-1.84	1.89
20000127	0.0	0.46	1.85
20000128	0.21	6.29	1.83
20000129	1.11	10.1	1.8
20000130	0.01	10.06	1.75
20000131	0.01	8.95	1.69
20000201	10.43	6.15	1.72
20000202	0.01	5.86	1.69
20000203	2.98	6.78	1.63
20000204	0.18	7.78	1.6
20000205	0.3	7.84	1.57
20000206	5.95	6.84	1.56
20000207	3.81	7.87	1.58
20000208	2.22	6.94	1.54
20000209	5.31	6.33	1.5
20000210	2.28	3.58	1.53
20000211	5.52	5.52	1.49
20000212	0.06	4.5	1.53
20000213	0.0	2.93	1.5
20000214	4.59	5.15	1.52
20000215	1.71	3.0	1.54
20000216	0.11	2.46	1.55
20000217	2.27	5.47	1.56
20000218	1.66	6.45	1.56
20000219	0.0	1.84	1.55
20000220	1.48	3.69	1.54
20000221	0.0	2.66	1.53
20000222	1.12	3.86	1.52
20000223	0.19	6.35	1.52
20000224	11.71	3.97	1.53
20000225	0.02	3.97	1.56
20000226	0.09	6.42	1.51
20000227	20.08	6.8	1.56
20000228	12.71	5.68	1.7
20000229	2.75	5.26	1.82
20000301	1.09	3.58	1.81
20000302	7.9	6.59	1.91
20000303	0.04	3.34	2.04
20000304	0.0	3.2	2.08
20000305	0.0	5.94	2.08
20000306	0.0	8.58	2.07
20000307	1.36	10.11	2.05
20000308	0.15	10.87	2.03
20000309	0.0	11.43	1.99
20000310	0.0	10.03	1.96
20000311	0.0	6.25	1.91
20000312	0.0	9.01	1.88
20000313	0.14	10.92	1.82
20000314	0.04	5.81	1.8
20000315	0.0	7.63	1.75
20000316	0.0	8.08	1.72
20000317	0.0	7.97	1.67
20000318	0.0	4.89	1.63
20000319	0.0	7.2	1.6
20000320	0.0	8.58	1.57
20000321	0.0	6.67	1.55
20000322	0.01	8.97	1.51
20000323	12.28	7.41	1.56
20000324	1.55	7.21	1.52
20000325	1.14	4.38	1.46
20000326	0.12	5.36	1.43
20000327	0.81	5.33	1.41
20000328	0.47	3.82	1.35
20000329	0.0	3.88	1.34
20000330	0.0	4.76	1.33
20000331	0.04	4.88	1.3
20000401	10.07	6.47	1.32
20000402	17.31	6.89	1.39
20000403	22.93	1.78	1.72
20000404	0.99	2.29	1.67
20000405	0.01	3.36	1.63
20000406	0.0	4.83	1.65
20000407	0.0	6.17	1.7
20000408	0.82	9.1	1.73
20000409	0.01	6.47	1.74
20000410	2.37	6.7	1.76
20000411	23.75	3.27	1.86
20000412	5.86	2.81	1.98
20000413	2.98	4.87	1.95
20000414	1.03	4.2	1.91
20000415	4.93	2.37	1.94
20000416	7.35	7.03	1.96
20000417	1.99	6.76	2.01
20000418	20.41	6.28	2.13
20000419	8.68	10.32	2.23
20000420	1.87	10.19	2.36
20000421	10.3	9.88	2.51
20000422	3.5	8.47	2.62
20000423	1.6	9.46	2.67
20000424	9.92	10.45	2.74
20000425	3.7	10.01	2.8
20000426	6.14	10.06	2.85
20000427	0.01	10.26	2.83
20000428	12.91	10.0	2.91
20000429	0.0	9.89	2.94
20000430	0.0	11.72	2.95
20000501	0.0	11.02	2.98
20000502	0.0	11.22	2.99
20000503	0.05	7.77	2.96
20000504	0.0	9.02	2.91
20000505	0.0	11.07	2.84
20000506	0.0	15.86	2.77
20000507	0.0	14.72	2.7
20000508	0.07	12.51	2.63
20000509	0.0	15.61	2.55
20000510	0.39	12.6	2.47
20000511	0.61	11.03	2.39
20000512	0.04	13.19	2.33
20000513	0.0	15.68	2.25
20000514	0.0	17.33	2.2
20000515	0.0	16.59	2.13
20000516	0.05	12.83	2.07
20000517	9.36	9.42	2.02
20000518	3.24	10.13	1.93
20000519	1.76	8.07	1.87
20000520	8.96	10.46	1.84
20000521	1.37	9.34	1.8
20000522	1.69	12.32	1.72
20000523	2.55	9.49	1.71
20000524	5.66	9.8	1.67
20000525	2.43	10.69	1.63
20000526	18.88	7.39	1.66
20000527	18.15	8.26	1.75
20000528	4.48	8.62	1.77
20000529	0.26	10.64	1.71
20000530	0.07	9.15	1.63
20000531	5.04	13.07	1.59
20000601	0.12	13.73	1.59
20000602	0.47	14.83	1.56
20000603	1.96	12.95	1.53
20000604	0.01	13.04	1.51
20000605	1.03	11.62	1.49
20000606	1.69	12.0	1.46
20000607	0.0	13.94	1.42
20000608	5.26	15.24	1.4
20000609	0.03	11.94	1.39
20000610	0.0	12.88	1.35
20000611	0.0	13.93	1.32
20000612	0.04	15.82	1.28
20000613	0.05	14.82	1.23
20000614	0.01	14.35	1.21
20000615	0.0	15.04	1.2
20000616	0.0	17.64	1.18
20000617	0.0	19.47	1.14
20000618	0.0	21.6	1.13
20000619	0.28	20.61	1.11
20000620	3.06	15.93	1.09
20000621	11.02	13.84	1.11
20000622	4.71	12.87	1.12
20000623	0.48	12.08	1.07
20000624	0.02	9.72	1.05
20000625	0.0	12.3	1.04
20000626	0.0	13.53	1.01
20000627	0.0	16.18	0.98
20000628	0.32	16.91	0.97
20000629	4.31	16.66	0.97
20000630	0.71	15.45	0.97
20000701	0.41	15.51	0.95
20000702	0.41	15.33	0.93
20000703	6.65	16.45	0.93
20000704	2.8	13.9	0.92
20000705	7.37	14.81	0.9
20000706	3.45	16.04	0.9
20000707	0.04	13.55	0.9
20000708	2.19	14.15	0.88
20000709	6.15	13.21	0.88
20000710	7.11	10.93	0.89
20000711	0.02	10.88	0.89
20000712	2.62	14.58	0.83
20000713	0.07	15.0	0.82
20000714	0.0	12.1	0.8
20000715	0.0	12.97	0.79
20000716	0.0	13.22	0.78
20000717	0.0	15.1	0.77
20000718	0.0	16.42	0.75
20000719	0.0	16.55	0.72
20000720	0.0	16.64	0.73
20000721	0.0	17.45	0.72
20000722	0.0	15.42	0.72
20000723	0.0	14.03	0.72
20000724	0.0	13.49	0.72
20000725	0.0	15.08	0.69
20000726	0.0	16.35	0.68
20000727	0.47	17.25	0.67
20000728	4.97	16.73	0.67
20000729	2.63	16.63	0.65
20000730	0.0	17.35	0.64
20000731	0.0	18.24	0.63
20000801	0.13	16.59	0.65
20000802	4.15	16.75	0.64
20000803	8.38	15.24	0.63
20000804	0.0	14.86	0.62
20000805	0.01	18.88	0.61
20000806	0.01	18.9	0.61
20000807	0.95	17.89	0.61
20000808	0.63	17.33	0.6
20000809	0.3	18.11	0.59
20000810	0.0	16.46	0.57
20000811	0.0	16.65	0.57
20000812	0.04	19.08	0.57
20000813	3.38	17.79	0.58
20000814	0.12	16.17	0.58
20000815	5.43	16.15	0.57
20000816	2.82	15.75	0.58
20000817	0.98	15.25	0.56
20000818	13.0	14.47	0.58
20000819	0.05	14.04	0.59
20000820	0.09	13.33	0.57
20000821	0.36	13.44	0.56
20000822	0.0	15.72	0.53
20000823	0.0	16.12	0.52
20000824	0.0	18.79	0.51
20000825	7.98	21.06	0.51
20000826	1.13	15.41	0.52
20000827	0.31	14.33	0.51
20000828	2.93	13.44	0.51
20000829	0.0	14.51	0.51
20000830	0.0	14.95	0.51
20000831	3.69	14.63	0.51
20000901	0.9	13.26	0.5
20000902	0.1	12.51	0.5
20000903	0.0	11.34	0.49
20000904	0.05	15.12	0.49
20000905	2.4	14.54	0.48
20000906	0.67	13.11	0.49
20000907	0.12	15.53	0.48
20000908	2.52	13.72	0.47
20000909	0.0	17.18	0.47
20000910	0.01	18.9	0.47
20000911	0.0	19.88	0.46
20000912	0.02	16.1	0.46
20000913	0.27	14.82	0.46
20000914	22.42	14.41	0.47
20000915	2.22	13.44	0.49
20000916	0.02	14.03	0.49
20000917	6.76	14.22	0.46
20000918	3.95	10.61	0.47
20000919	19.71	10.33	0.52
20000920	0.86	10.35	0.51
20000921	6.34	14.15	0.47
20000922	1.26	16.02	0.47
20000923	0.02	18.08	0.46
20000924	8.38	11.88	0.46
20000925	15.96	13.79	0.51
20000926	0.5	14.62	0.53
20000927	16.31	12.45	0.52
20000928	0.34	12.73	0.51
20000929	1.71	12.6	0.51
20000930	3.14	11.13	0.52
20001001	4.78	11.76	0.54
20001002	0.01	10.75	0.59
20001003	1.7	11.96	0.59
20001004	0.28	10.97	0.58
20001005	1.46	8.28	0.59
20001006	7.49	10.11	0.58
20001007	1.96	10.66	0.61
20001008	0.85	8.84	0.62
20001009	17.53	8.48	0.66
20001010	20.3	7.76	0.78
20001011	1.01	7.91	0.8
20001012	0.44	9.97	0.8
20001013	0.59	10.62	0.79
20001014	0.68	10.83	0.82
20001015	0.08	11.41	0.85
20001016	0.43	8.69	0.85
20001017	6.42	10.54	0.85
20001018	0.19	9.18	0.88
20001019	0.01	8.77	0.86
20001020	9.53	9.77	0.87
20001021	0.4	6.75	0.89
20001022	1.85	9.35	0.9
20001023	1.17	11.19	0.89
20001024	1.41	10.69	0.89
20001025	0.02	8.88	0.88
20001026	5.07	10.28	0.86
20001027	5.78	10.97	0.88
20001028	18.03	9.74	0.97
20001029	48.69	8.6	1.27
20001030	5.11	7.81	1.45
20001031	6.01	7.73	1.8
20001101	13.15	6.6	2.2
20001102	18.83	6.24	2.7
20001103	0.39	6.28	2.85
20001104	0.02	6.15	3.21
20001105	29.98	6.32	3.54
20001106	7.02	7.25	3.58
20001107	2.7	7.09	3.71
20001108	2.09	6.74	3.77
20001109	0.18	5.25	3.68
20001110	4.69	7.19	3.58
20001111	10.8	7.58	3.61
20001112	0.3	5.4	3.45
20001113	0.26	4.14	3.37
20001114	1.11	3.99	3.33
20001115	11.94	5.43	3.32
20001116	0.32	4.38	3.3
20001117	0.67	5.14	3.2
20001118	3.72	7.64	3.16
20001119	2.13	4.49	3.16
20001120	1.64	3.42	3.07
20001121	10.55	4.33	3.07
20001122	3.61	5.22	3.04
20001123	1.86	4.7	3.01
20001124	1.81	6.08	2.98
20001125	13.28	7.21	3.04
20001126	1.58	6.37	3.03
20001127	11.3	9.58	3.11
20001128	0.05	11.97	3.15
20001129	4.24	8.78	3.23
20001130	7.33	8.97	3.32
20001201	5.82	9.43	3.4
20001202	2.03	7.1	3.38
20001203	13.48	8.33	3.36
20001204	3.84	10.76	3.44
20001205	14.28	10.06	3.48
20001206	5.24	8.59	3.62
20001207	26.93	9.21	3.87
20001208	0.43	7.99	4.13
20001209	7.84	8.28	4.49
20001210	4.96	9.15	4.68
20001211	8.76	11.61	4.69
20001212	26.14	9.17	4.82
20001213	2.71	6.3	4.95
20001214	3.01	4.17	5.16
20001215	0.03	1.4	5.17
20001216	0.56	1.55	5.09
20001217	0.1	2.67	4.93
20001218	0.14	4.58	4.73
20001219	5.04	7.13	4.58
20001220	0.01	6.91	4.38
20001221	0.21	4.77	4.2
20001222	0.0	3.94	4.03
20001223	3.79	3.22	3.91
20001224	11.93	2.88	3.85
20001225	0.0	0.58	3.69
20001226	0.0	-0.6	3.56
20001227	3.44	-1.46	3.47
20001228	0.02	-4.07	3.4
20001229	0.0	-3.84	3.3
20001230	0.0	-2.51	3.23
20001231	19.17	3.34	3.32
20010101	13.09	7.94	3.46
20010102	2.56	4.83	3.56
20010103	6.48	4.95	3.62
20010104	2.69	5.54	3.81
20010105	0.28	3.29	3.88
20010106	0.06	4.11	3.9
20010107	0.01	3.84	3.9
20010108	0.0	2.36	3.87
20010109	0.01	1.25	3.81
20010110	0.0	2.66	3.73
20010111	0.0	2.08	3.62
20010112	0.0	1.94	3.51
20010113	0.0	1.83	3.41
20010114	0.0	2.0	3.31
20010115	0.0	-0.35	3.2
20010116	0.0	-1.33	3.11
20010117	0.0	-1.13	3.05
20010118	0.0	-0.22	2.92
20010119	0.01	-1.78	2.83
20010120	6.13	0.17	2.77
20010121	3.67	3.24	2.75
20010122	5.45	5.68	2.74
20010123	12.43	7.22	2.79
20010124	4.06	4.8	2.73
20010125	0.4	4.28	2.67
20010126	6.26	2.48	2.7
20010127	0.03	1.57	2.67
20010128	0.01	1.48	2.65
20010129	3.45	2.97	2.64
20010130	4.4	4.12	2.7
20010131	0.06	1.56	2.67
20010201	4.41	1.8	2.66
20010202	6.37	5.79	2.67
20010203	8.26	5.52	2.67
20010204	8.28	6.7	2.79
20010205	13.06	8.0	2.82
20010206	2.57	7.72	2.99
20010207	2.43	6.73	3.16
20010208	0.01	0.67	3.33
20010209	0.03	2.11	3.4
20010210	3.81	7.77	3.44
20010211	7.6	9.72	3.38
20010212	19.99	4.09	3.59
20010213	0.01	3.34	3.49
20010214	0.01	3.6	3.53
20010215	0.52	5.08	3.58
20010216	0.01	3.17	3.56
20010217	0.01	1.27	3.52
20010218	0.01	-0.25	3.45
20010219	0.07	3.04	3.36
20010220	0.01	4.36	3.27
20010221	0.04	7.98	3.17
20010222	1.78	6.21	3.08
20010223	0.57	2.68	3.0
20010224	0.05	-0.02	2.91
20010225	0.05	1.24	2.81
20010226	10.03	2.23	2.79
20010227	1.58	2.37	2.73
20010228	3.2	-0.09	2.65
20010301	0.78	-1.36	2.58
20010302	0.07	-1.97	2.52
20010303	0.0	-0.61	2.44
20010304	0.0	-1.28	2.38
20010305	0.01	2.34	2.3
20010306	14.1	6.24	2.33
20010307	0.02	10.22	2.35
20010308	0.7	8.09	2.28
20010309	2.11	9.58	2.22
20010310	0.87	9.9	2.2
20010311	2.8	6.78	2.17
20010312	6.99	5.4	2.15
20010313	0.02	5.47	2.17
20010314	0.03	4.64	2.13
20010315	2.23	5.05	2.09
20010316	15.99	3.3	2.09
20010317	4.35	1.1	2.25
20010318	0.2	0.67	2.18
20010319	0.0	2.46	2.13
20010320	17.11	1.2	2.18
20010321	5.34	2.68	2.34
20010322	7.17	8.56	2.39
20010323	5.58	7.44	2.51
20010324	0.17	5.17	2.63
20010325	0.01	3.87	2.73
20010326	1.28	3.8	2.83
20010327	11.31	5.86	2.97
20010328	3.69	5.52	3.04
20010329	1.75	6.57	2.98
20010330	0.91	8.7	2.92
20010331	1.21	10.21	2.93
20010401	0.03	10.89	2.9
20010402	3.97	8.76	2.88
20010403	20.42	7.36	2.92
20010404	2.49	6.36	3.0
20010405	8.66	8.26	3.04
20010406	5.53	7.73	3.08
20010407	6.74	5.89	3.12
20010408	11.73	8.06	3.27
20010409	0.04	11.06	3.3
20010410	2.16	7.69	3.36
20010411	0.01	5.53	3.4
20010412	0.35	6.7	3.41
20010413	0.0	5.31	3.37
20010414	3.19	8.66	3.34
20010415	0.76	7.47	3.26
20010416	0.01	4.33	3.16
20010417	4.86	4.72	3.08
20010418	0.01	2.56	3.0
20010419	0.86	4.84	2.89
20010420	0.02	3.52	2.81
20010421	0.01	6.27	2.74
20010422	22.73	6.33	2.87
20010423	3.97	8.51	2.79
20010424	15.3	7.3	2.87
20010425	4.06	8.0	2.85
20010426	1.26	8.07	2.83
20010427	1.57	9.8	2.83
20010428	1.81	7.85	2.84
20010429	0.13	6.24	2.85
20010430	0.0	7.83	2.82
20010501	1.49	9.48	2.79
20010502	0.69	10.12	2.75
20010503	0.0	7.13	2.69
20010504	0.01	7.66	2.61
20010505	0.0	7.67	2.53
20010506	0.0	6.91	2.45
20010507	0.0	8.19	2.4
20010508	1.52	10.58	2.34
20010509	11.38	10.34	2.38
20010510	0.07	14.88	2.38
20010511	3.24	16.33	2.26
20010512	0.0	15.54	2.21
20010513	5.15	15.51	2.15
20010514	2.74	10.52	2.15
20010515	3.62	12.99	2.07
20010516	12.33	9.8	2.05
20010517	7.01	7.73	2.13
20010518	0.0	10.8	2.07
20010519	0.0	10.37	1.95
20010520	0.0	12.19	1.88
20010521	0.0	11.57	1.85
20010522	0.0	13.38	1.82
20010523	0.0	15.2	1.78
20010524	0.0	14.52	1.73
20010525	0.0	13.65	1.72
20010526	1.02	16.49	1.69
20010527	0.25	16.21	1.67
20010528	0.0	15.06	1.63
20010529	0.0	13.32	1.6
20010530	0.0	13.74	1.57
20010531	0.0	12.1	1.55
20010601	0.01	13.98	1.51
20010602	0.36	9.54	1.5
20010603	0.0	10.73	1.5
20010604	0.0	12.06	1.44
20010605	0.0	14.6	1.41
20010606	0.26	10.14	1.39
20010607	1.02	8.69	1.38
20010608	0.0	8.7	1.34
20010609	0.86	10.77	1.32
20010610	0.01	9.27	1.3
20010611	0.0	11.56	1.28
20010612	0.0	13.13	1.26
20010613	0.36	13.19	1.25
20010614	4.53	15.39	1.23
20010615	15.09	14.99	1.26
20010616	6.33	13.65	1.29
20010617	0.0	11.34	1.22
20010618	0.0	14.41	1.18
20010619	0.0	14.63	1.18
20010620	0.0	13.92	1.16
20010621	0.0	12.7	1.14
20010622	0.0	15.77	1.12
20010623	0.0	15.72	1.11
20010624	0.0	17.89	1.1
20010625	0.0	21.71	1.09
20010626	0.0	22.79	1.09
20010627	0.94	16.84	1.08
20010628	0.1	17.68	1.08
20010629	3.42	16.68	1.08
20010630	0.68	16.06	1.08
20010701	0.0	17.8	0.89
20010702	0.0	20.63	0.9
20010703	0.01	21.33	0.9
20010704	0.43	20.63	0.89
20010705	1.64	21.51	0.89
20010706	1.24	17.35	0.89
20010707	13.23	18.65	0.92
20010708	0.0	15.17	0.94
20010709	11.87	15.65	0.89
20010710	2.19	14.9	0.89
20010711	0.56	13.34	0.84
20010712	2.49	14.12	0.83
20010713	10.08	13.67	0.81
20010714	2.71	11.59	0.84
20010715	0.01	11.19	0.8
20010716	0.0	13.92	0.77
20010717	20.18	14.95	0.81
20010718	7.61	13.93	0.85
20010719	0.57	11.87	0.83
20010720	5.8	14.83	0.79
20010721	1.51	16.0	0.78
20010722	0.01	15.03	0.76
20010723	0.0	14.71	0.75
20010724	0.0	15.8	0.73
20010725	0.01	17.28	0.72
20010726	0.0	18.8	0.72
20010727	0.0	19.92	0.69
20010728	0.0	22.14	0.69
20010729	0.0	20.89	0.69
20010730	0.0	19.32	0.68
20010731	0.0	18.28	0.67
20010801	0.0	18.38	0.67
20010802	5.35	14.97	0.67
20010803	1.44	14.88	0.66
20010804	6.97	14.48	0.68
20010805	1.58	17.26	0.66
20010806	5.1	16.91	0.65
20010807	4.61	16.02	0.66
20010808	8.58	14.36	0.66
20010809	12.3	11.26	0.68
20010810	0.08	14.48	0.66
20010811	10.31	16.0	0.62
20010812	1.73	17.25	0.64
20010813	0.01	18.35	0.63
20010814	0.04	19.84	0.6
20010815	1.82	19.99	0.57
20010816	0.36	14.85	0.56
20010817	0.01	16.58	0.55
20010818	5.21	17.24	0.55
20010819	4.22	17.28	0.57
20010820	0.0	14.47	0.57
20010821	0.24	18.07	0.54
20010822	0.01	18.03	0.56
20010823	0.28	18.7	0.55
20010824	0.01	18.5	0.55
20010825	0.0	19.65	0.55
20010826	0.0	14.07	0.54
20010827	0.0	13.47	0.54
20010828	0.01	14.73	0.54
20010829	0.01	17.03	0.54
20010830	7.08	14.32	0.54
20010831	0.77	12.75	0.52
20010901	0.78	16.65	0.52
20010902	0.68	15.71	0.51
20010903	3.34	13.83	0.51
20010904	0.06	11.79	0.49
20010905	4.0	14.91	0.5
20010906	0.02	13.26	0.49
20010907	1.21	15.4	0.49
20010908	0.0	11.72	0.48
20010909	0.0	11.2	0.48
20010910	0.0	13.61	0.47
20010911	0.0	13.75	0.47
20010912	4.79	12.67	0.48
20010913	4.39	10.56	0.48
20010914	0.03	12.82	0.47
20010915	0.11	11.95	0.46
20010916	1.1	10.94	0.46
20010917	0.27	11.1	0.46
20010918	2.73	12.29	0.46
20010919	4.65	12.23	0.46
20010920	1.0	12.15	0.47
20010921	0.01	12.13	0.46
20010922	0.08	10.26	0.46
20010923	1.32	11.06	0.46
20010924	5.15	10.54	0.43
20010925	0.04	10.57	0.45
20010926	5.26	12.8	0.44
20010927	0.95	14.24	0.45
20010928	3.43	17.63	0.44
20010929	2.73	15.25	0.46
20010930	10.63	14.34	0.44
20011001	7.35	14.12	0.45
20011002	0.65	12.92	0.46
20011003	0.4	13.71	0.45
20011004	0.56	14.46	0.43
20011005	1.96	14.33	0.43
20011006	1.19	13.75	0.43
20011007	22.07	11.75	0.44
20011008	5.98	12.05	0.51
20011009	0.01	11.36	0.5
20011010	0.19	13.71	0.46
20011011	0.84	12.92	0.45
20011012	0.01	15.59	0.44
20011013	0.01	16.89	0.44
20011014	4.26	15.4	0.43
20011015	7.16	12.12	0.44
20011016	0.33	13.04	0.47
20011017	9.5	14.34	0.46
20011018	0.01	12.64	0.48
20011019	12.05	13.05	0.48
20011020	0.25	11.91	0.54
20011021	0.32	8.33	0.54
20011022	8.95	11.39	0.52
20011023	4.92	12.77	0.54
20011024	1.51	12.16	0.53
20011025	10.78	12.87	0.53
20011026	17.08	11.08	0.68
20011027	2.63	11.9	0.75
20011028	0.01	10.03	0.74
20011029	0.0	11.79	0.76
20011030	2.97	11.65	0.76
20011031	0.01	6.84	0.77
20011101	0.01	7.86	0.77
20011102	0.0	7.6	0.78
20011103	0.07	9.01	0.78
20011104	0.0	6.31	0.77
20011105	0.08	7.91	0.77
20011106	2.32	10.65	0.77
20011107	12.38	8.33	0.79
20011108	0.23	2.58	0.87
20011109	0.01	1.01	0.8
20011110	0.0	5.55	0.78
20011111	1.25	9.11	0.77
20011112	3.9	7.16	0.77
20011113	0.14	2.17	0.76
20011114	0.0	2.18	0.74
20011115	0.0	3.75	0.74
20011116	0.0	8.12	0.74
20011117	0.02	7.09	0.74
20011118	0.1	5.87	0.74
20011119	0.02	5.4	0.73
20011120	0.0	7.58	0.72
20011121	2.84	9.71	0.72
20011122	0.01	4.33	0.72
20011123	0.0	5.31	0.72
20011124	0.02	10.67	0.71
20011125	7.32	5.74	0.72
20011126	0.21	3.64	0.74
20011127	2.35	5.74	0.73
20011128	5.4	7.62	0.73
20011129	4.5	11.87	0.75
20011130	9.54	10.88	0.77
20011201	1.11	4.7	0.84
20011202	0.1	2.81	0.82
20011203	8.18	6.58	0.81
20011204	9.8	7.76	0.93
20011205	0.47	7.46	1.02
20011206	0.03	5.43	1.01
20011207	0.09	4.75	1.06
20011208	0.0	2.84	1.11
20011209	0.0	2.06	1.14
20011210	0.02	2.19	1.17
20011211	0.0	2.88	1.18
20011212	0.0	5.63	1.18
20011213	0.0	2.22	1.16
20011214	0.0	-0.71	1.14
20011215	0.0	0.72	1.09
20011216	0.0	-0.02	1.08
20011217	0.2	1.38	1.05
20011218	0.01	3.54	1.04
20011219	0.96	1.65	1.01
20011220	0.0	0.97	1.0
20011221	0.44	2.03	0.98
20011222	0.01	-1.72	0.95
20011223	0.21	0.53	0.94
20011224	1.34	5.84	0.93
20011225	2.23	1.01	0.93
20011226	1.34	2.17	0.9
20011227	0.83	6.29	0.89
20011228	2.01	2.77	0.87
20011229	0.89	0.16	0.87
20011230	0.06	-1.01	0.85
20011231	0.03	-2.32	0.82
20020101	0.01	-1.61	0.77
20020102	0.0	-0.8	0.76
20020103	0.0	-1.47	0.76
20020104	0.25	1.5	0.76
20020105	2.69	5.73	0.77
20020106	0.21	5.45	0.76
20020107	0.54	3.84	0.76
20020108	0.04	2.29	0.73
20020109	3.8	2.57	0.73
20020110	0.82	2.0	0.74
20020111	0.08	3.05	0.73
20020112	0.8	5.51	0.72
20020113	0.9	8.32	0.69
20020114	2.0	7.08	0.7
20020115	0.25	3.19	0.69
20020116	0.45	6.01	0.68
20020117	2.23	4.2	0.69
20020118	2.82	4.43	0.69
20020119	0.49	6.84	0.7
20020120	1.56	10.3	0.69
20020121	1.07	8.52	0.69
20020122	7.33	6.99	0.69
20020123	10.41	8.79	0.81
20020124	0.54	4.23	0.92
20020125	14.96	7.07	0.9
20020126	16.37	8.47	1.33
20020127	5.37	9.53	1.38
20020128	1.27	8.26	1.54
20020129	0.42	9.72	1.65
20020130	5.8	7.35	1.78
20020131	11.84	7.6	1.88
20020201	13.1	10.47	2.05
20020202	12.45	9.44	2.2
20020203	0.41	6.14	2.34
20020204	21.29	8.41	2.71
20020205	1.24	7.1	2.89
20020206	0.6	4.23	3.12
20020207	3.07	7.0	3.26
20020208	3.22	10.05	3.31
20020209	6.48	6.96	3.25
20020210	5.14	8.57	3.13
20020211	9.44	10.19	3.21
20020212	0.08	7.79	3.08
20020213	2.9	4.72	3.1
20020214	0.06	1.89	3.1
20020215	0.0	3.75	3.07
20020216	0.04	2.11	3.01
20020217	2.05	3.83	2.92
20020218	0.01	6.13	2.83
20020219	9.63	8.48	2.78
20020220	1.41	3.52	2.73
20020221	2.9	5.94	2.6
20020222	0.88	6.68	2.51
20020223	0.95	3.03	2.42
20020224	5.27	6.13	2.36
20020225	16.37	8.83	2.42
20020226	2.1	5.61	2.51
20020227	10.59	2.84	2.51
20020228	1.23	3.51	2.6
20020301	0.02	2.36	2.63
20020302	0.6	3.81	2.66
20020303	0.0	6.48	2.67
20020304	0.01	5.14	2.66
20020305	0.03	6.88	2.63
20020306	0.0	9.87	2.58
20020307	0.0	8.75	2.5
20020308	0.71	5.98	2.44
20020309	0.44	4.43	2.38
20020310	4.11	7.64	2.33
20020311	0.33	5.03	2.25
20020312	4.56	7.05	2.18
20020313	0.04	4.17	2.14
20020314	5.84	4.11	2.08
20020315	7.81	6.78	2.1
20020316	0.38	9.91	2.08
20020317	3.21	8.77	1.99
20020318	10.23	7.11	2.1
20020319	3.23	8.63	2.07
20020320	3.44	9.95	2.02
20020321	0.02	11.03	2.01
20020322	0.0	9.83	2.0
20020323	0.0	5.95	2.0
20020324	0.0	6.57	2.0
20020325	0.12	6.99	2.0
20020326	0.0	5.46	1.97
20020327	0.0	6.11	1.96
20020328	0.0	6.28	1.93
20020329	0.0	8.48	1.91
20020330	0.16	10.55	1.86
20020331	0.93	10.4	1.84
20020401	1.44	9.56	1.8
20020402	0.69	11.86	1.74
20020403	0.02	10.97	1.69
20020404	0.0	10.48	1.63
20020405	0.0	9.72	1.59
20020406	0.0	6.79	1.53
20020407	0.0	5.57	1.47
20020408	0.0	5.41	1.42
20020409	0.0	5.82	1.4
20020410	0.0	6.71	1.34
20020411	0.0	5.48	1.3
20020412	0.0	5.94	1.26
20020413	0.0	5.49	1.26
20020414	0.74	5.93	1.23
20020415	0.01	5.91	1.2
20020416	0.0	7.22	1.18
20020417	1.66	8.27	1.16
20020418	5.03	8.06	1.17
20020419	0.17	9.4	1.16
20020420	0.03	10.45	1.13
20020421	0.0	12.63	1.09
20020422	0.0	11.54	1.05
20020423	0.0	12.71	1.03
20020424	0.0	13.47	1.01
20020425	1.07	10.71	1.01
20020426	2.34	9.23	0.99
20020427	9.74	9.12	0.99
20020428	6.72	8.03	1.02
20020429	5.41	9.02	1.0
20020430	12.38	7.74	1.08
20020501	0.1	6.92	1.0
20020502	1.03	7.2	0.94
20020503	1.6	7.77	0.93
20020504	0.03	8.0	0.91
20020505	0.26	9.48	0.89
20020506	2.17	10.0	0.88
20020507	0.57	9.03	0.87
20020508	0.01	10.18	0.85
20020509	0.0	10.51	0.84
20020510	0.0	12.05	0.81
20020511	0.0	10.02	0.8
20020512	6.34	12.27	0.8
20020513	14.05	10.98	0.88
20020514	0.32	11.49	0.85
20020515	0.0	12.13	0.8
20020516	0.0	18.35	0.78
20020517	3.95	16.31	0.75
20020518	0.09	12.87	0.76
20020519	0.01	13.99	0.75
20020520	17.07	13.56	0.77
20020521	5.92	12.95	0.85
20020522	3.16	12.66	0.81
20020523	11.06	12.0	0.79
20020524	3.65	10.69	0.87
20020525	6.17	10.17	0.84
20020526	2.87	7.59	0.83
20020527	1.0	10.85	0.81
20020528	5.25	11.21	0.82
20020529	1.67	11.27	0.81
20020530	1.02	11.3	0.8
20020531	0.0	11.86	0.75
20020601	0.0	15.25	0.74
20020602	0.03	16.21	0.75
20020603	2.51	11.57	0.74
20020604	0.02	12.28	0.75
20020605	21.78	13.4	0.79
20020606	2.16	14.47	0.85
20020607	1.64	12.68	0.79
20020608	0.25	14.09	0.77
20020609	7.19	12.46	0.78
20020610	1.64	10.77	0.79
20020611	2.36	12.57	0.76
20020612	0.21	12.44	0.75
20020613	0.8	14.98	0.73
20020614	1.07	15.57	0.73
20020615	2.66	15.51	0.74
20020616	0.02	16.56	0.74
20020617	0.0	16.68	0.72
20020618	0.0	13.83	0.71
20020619	0.0	13.39	0.71
20020620	0.03	14.94	0.7
20020621	1.88	15.18	0.7
20020622	0.01	12.69	0.7
20020623	0.0	12.42	0.69
20020624	0.0	13.18	0.68
20020625	0.0	12.43	0.67
20020626	0.0	14.3	0.67
20020627	0.0	11.28	0.66
20020628	0.0	11.49	0.63
20020629	0.0	13.88	0.63
20020630	1.19	14.42	0.62
20020701	3.5	12.04	0.62
20020702	11.45	12.75	0.63
20020703	3.76	12.03	0.64
20020704	5.46	14.61	0.62
20020705	2.47	14.5	0.62
20020706	0.04	15.49	0.61
20020707	2.52	15.87	0.6
20020708	7.88	14.47	0.61
20020709	7.47	11.66	0.63
20020710	0.18	13.11	0.62
20020711	1.93	12.69	0.6
20020712	1.31	12.52	0.58
20020713	0.0	14.01	0.57
20020714	0.0	17.37	0.56
20020715	0.0	20.14	0.55
20020716	0.0	15.99	0.54
20020717	0.0	14.01	0.53
20020718	0.0	16.76	0.54
20020719	0.1	17.54	0.54
20020720	0.36	14.37	0.53
20020721	0.0	13.16	0.53
20020722	0.05	16.63	0.53
20020723	0.02	16.22	0.52
20020724	0.0	14.09	0.51
20020725	0.0	17.84	0.5
20020726	0.0	18.17	0.49
20020727	0.0	16.86	0.48
20020728	0.0	18.77	0.48
20020729	0.14	22.1	0.48
20020730	18.53	18.2	0.54
20020731	28.85	15.61	0.64
20020801	0.02	13.94	0.61
20020802	0.01	16.66	0.55
20020803	4.8	16.8	0.56
20020804	4.71	16.83	0.57
20020805	0.12	17.59	0.57
20020806	0.0	18.7	0.55
20020807	6.57	18.0	0.54
20020808	3.88	15.03	0.55
20020809	7.44	15.08	0.53
20020810	0.03	14.44	0.54
20020811	0.21	15.62	0.52
20020812	0.0	16.82	0.5
20020813	0.0	18.2	0.5
20020814	0.0	18.11	0.49
20020815	0.0	17.09	0.49
20020816	0.0	18.11	0.48
20020817	0.0	19.35	0.49
20020818	0.06	19.17	0.49
20020819	2.04	15.82	0.49
20020820	0.09	15.03	0.48
20020821	0.0	15.17	0.48
20020822	0.37	16.82	0.48
20020823	1.45	15.15	0.45
20020824	1.61	16.96	0.46
20020825	0.0	14.01	0.46
20020826	0.0	15.04	0.46
20020827	0.0	16.16	0.45
20020828	0.0	17.39	0.45
20020829	0.0	18.1	0.45
20020830	1.44	15.97	0.44
20020831	0.0	11.92	0.44
20020901	0.0	12.71	0.43
20020902	0.0	15.77	0.44
20020903	0.0	15.03	0.43
20020904	0.0	16.12	0.42
20020905	1.47	17.39	0.42
20020906	4.17	15.37	0.41
20020907	1.56	11.72	0.42
20020908	0.16	13.09	0.41
20020909	18.16	11.89	0.44
20020910	0.0	12.81	0.45
20020911	0.0	17.29	0.42
20020912	0.0	17.21	0.41
20020913	0.0	17.88	0.41
20020914	0.0	15.55	0.41
20020915	0.0	13.62	0.4
20020916	0.0	13.06	0.4
20020917	0.0	13.41	0.4
20020918	0.0	13.41	0.4
20020919	0.0	13.71	0.39
20020920	0.0	13.31	0.39
20020921	0.0	12.98	0.39
20020922	0.0	11.23	0.38
20020923	0.0	11.01	0.38
20020924	0.0	11.7	0.37
20020925	0.04	13.24	0.37
20020926	0.0	14.34	0.37
20020927	0.0	13.55	0.36
20020928	0.0	13.13	0.37
20020929	0.0	13.59	0.37
20020930	0.0	14.43	0.37
20021001	3.78	15.23	0.37
20021002	1.06	13.59	0.36
20021003	0.0	11.47	0.35
20021004	0.0	11.92	0.33
20021005	0.21	14.41	0.33
20021006	0.0	12.29	0.35
20021007	0.0	12.08	0.33
20021008	0.0	10.9	0.34
20021009	0.0	10.61	0.33
20021010	0.0	10.8	0.32
20021011	12.36	11.04	0.33
20021012	0.04	8.73	0.33
20021013	42.8	7.68	0.37
20021014	8.14	8.69	0.41
20021015	42.37	8.0	0.53
20021016	0.03	4.86	0.5
20021017	6.51	5.92	0.51
20021018	0.08	3.93	0.54
20021019	0.02	6.32	0.57
20021020	13.8	7.81	0.6
20021021	13.66	13.16	0.65
20021022	6.28	10.63	0.7
20021023	0.02	4.68	0.71
20021024	2.78	9.04	0.75
20021025	9.36	10.86	0.79
20021026	6.23	11.4	0.84
20021027	0.02	7.73	0.85
20021028	0.01	8.52	0.88
20021029	3.12	9.97	0.86
20021030	8.34	8.45	0.9
20021031	0.63	10.69	0.99
20021101	6.98	10.77	1.02
20021102	13.68	11.39	1.09
20021103	3.0	9.14	1.1
20021104	1.46	9.95	1.2
20021105	13.72	12.33	1.34
20021106	1.6	8.02	1.51
20021107	5.14	6.9	1.54
20021108	8.55	9.34	1.68
20021109	9.09	9.17	1.74
20021110	3.12	9.76	1.84
20021111	5.9	9.5	1.88
20021112	8.59	8.51	1.92
20021113	14.33	8.7	2.0
20021114	1.11	8.15	2.07
20021115	2.64	9.03	2.14
20021116	3.5	7.27	2.26
20021117	0.02	4.2	2.34
20021118	0.02	5.37	2.38
20021119	3.17	6.53	2.39
20021120	2.17	7.86	2.4
20021121	12.16	7.84	2.39
20021122	7.95	6.48	2.34
20021123	3.78	6.41	2.3
20021124	0.26	5.43	2.28
20021125	0.1	4.42	2.3
20021126	0.03	8.64	2.34
20021127	3.77	8.56	2.35
20021128	1.46	7.16	2.35
20021129	0.18	5.49	2.29
20021130	4.58	8.43	2.27
20021201	0.65	8.6	2.29
20021202	4.16	7.35	2.21
20021203	2.56	7.27	2.17
20021204	0.54	5.42	2.13
20021205	0.09	4.61	2.03
20021206	2.15	5.44	2.01
20021207	0.49	3.29	1.97
20021208	0.39	1.71	1.96
20021209	0.0	1.07	1.92
20021210	0.02	0.16	1.9
20021211	0.14	0.14	1.88
20021212	5.28	1.62	1.86
20021213	0.26	4.15	1.83
20021214	11.79	4.86	1.8
20021215	2.08	3.92	1.81
20021216	0.28	3.94	1.78
20021217	0.0	1.14	1.75
20021218	0.01	2.12	1.73
20021219	0.0	2.61	1.72
20021220	3.87	3.66	1.73
20021221	20.33	7.66	1.8
20021222	0.31	9.55	1.85
20021223	6.8	10.03	1.89
20021224	0.2	9.32	1.98
20021225	5.62	8.71	2.04
20021226	6.47	9.52	2.16
20021227	0.69	8.07	2.21
20021228	15.7	6.98	2.25
20021229	8.12	9.51	2.54
20021230	11.48	6.04	2.7
20021231	11.96	6.31	2.9
20030101	21.43	8.58	3.41
20030102	2.37	5.71	3.83
20030103	1.5	1.19	4.11
20030104	0.02	-1.04	4.24
20030105	0.0	-0.78	4.19
20030106	0.01	-0.81	4.03
20030107	0.01	-2.8	3.83
20030108	0.11	-1.69	3.66
20030109	0.06	0.75	3.49
20030110	0.03	-0.17	3.34
20030111	0.0	-2.33	3.19
20030112	0.05	1.98	3.08
20030113	0.37	8.02	2.96
20030114	0.03	7.53	2.85
20030115	0.56	5.95	2.76
20030116	0.01	6.41	2.66
20030117	1.43	4.64	2.58
20030118	21.05	5.83	2.6
20030119	10.36	6.56	2.66
20030120	14.71	7.06	2.74
20030121	2.62	6.22	2.81
20030122	0.72	4.86	2.82
20030123	0.0	3.14	2.87
20030124	0.21	6.55	2.93
20030125	0.12	7.45	2.95
20030126	0.02	9.91	2.93
20030127	0.67	7.66	2.89
20030128	1.77	5.01	2.86
20030129	1.32	2.54	2.75
20030130	0.03	-1.32	2.7
20030131	6.69	0.55	2.62
20030201	1.13	4.26	2.6
20030202	0.35	4.3	2.51
20030203	0.09	2.05	2.44
20030204	0.06	1.44	2.36
20030205	0.04	-0.47	2.29
20030206	1.48	3.7	2.23
20030207	0.01	8.35	2.18
20030208	5.04	7.7	2.13
20030209	0.0	2.74	2.09
20030210	10.85	3.8	2.05
20030211	0.4	4.51	2.06
20030212	0.29	2.82	2.01
20030213	0.0	-1.71	1.95
20030214	0.02	-1.09	1.91
20030215	0.0	1.79	1.87
20030216	0.0	-1.28	1.84
20030217	0.02	-1.71	1.81
20030218	0.0	-0.27	1.79
20030219	0.0	0.79	1.79
20030220	0.0	3.35	1.77
20030221	0.0	3.07	1.74
20030222	0.02	4.74	1.71
20030223	0.03	8.36	1.67
20030224	0.0	6.79	1.64
20030225	0.0	6.99	1.62
20030226	0.03	8.5	1.59
20030227	0.3	8.89	1.57
20030228	7.94	5.9	1.56
20030301	7.18	6.72	1.59
20030302	0.01	5.1	1.55
20030303	1.87	5.69	1.51
20030304	3.9	9.98	1.5
20030305	12.66	4.82	1.57
20030306	0.02	6.54	1.61
20030307	12.62	5.57	1.63
20030308	0.23	8.19	1.67
20030309	0.66	9.6	1.63
20030310	0.18	9.69	1.63
20030311	0.33	7.09	1.67
20030312	0.02	5.21	1.69
20030313	0.01	3.23	1.7
20030314	0.0	4.93	1.7
20030315	0.04	4.13	1.71
20030316	0.0	5.27	1.7
20030317	0.0	8.13	1.67
20030318	0.0	4.52	1.66
20030319	0.0	6.51	1.64
20030320	0.0	7.58	1.62
20030321	0.01	4.28	1.6
20030322	0.0	6.01	1.59
20030323	0.0	11.11	1.55
20030324	0.0	8.26	1.51
20030325	0.0	8.91	1.5
20030326	0.0	9.11	1.48
20030327	0.0	8.81	1.45
20030328	0.0	9.21	1.43
20030329	0.0	8.23	1.41
20030330	0.0	7.26	1.39
20030331	0.12	8.48	1.36
20030401	4.17	6.5	1.37
20030402	0.07	6.21	1.34
20030403	0.0	8.61	1.3
20030404	0.0	10.61	1.28
20030405	0.0	9.32	1.25
20030406	0.0	4.93	1.25
20030407	0.0	3.68	1.22
20030408	0.0	3.12	1.12
20030409	0.0	2.31	1.1
20030410	0.01	2.59	1.05
20030411	0.0	3.84	1.05
20030412	0.0	7.68	1.03
20030413	0.23	12.74	1.01
20030414	0.0	13.0	1.0
20030415	0.0	14.46	0.98
20030416	0.0	15.88	0.97
20030417	0.0	14.33	0.94
20030418	0.0	11.98	0.93
20030419	0.0	7.16	0.92
20030420	6.81	9.58	0.93
20030421	0.01	9.45	0.92
20030422	0.0	9.01	0.89
20030423	0.0	10.95	0.89
20030424	4.47	10.24	0.89
20030425	4.92	8.84	0.9
20030426	4.51	10.69	0.89
20030427	12.04	11.54	0.88
20030428	1.37	10.07	0.92
20030429	2.65	10.78	0.86
20030430	7.01	10.19	0.84
20030501	9.87	11.16	0.84
20030502	6.31	8.66	0.86
20030503	0.11	10.44	0.84
20030504	0.28	14.04	0.8
20030505	0.0	8.59	0.78
20030506	0.0	9.35	0.77
20030507	0.0	12.81	0.75
20030508	0.0	9.76	0.75
20030509	0.26	9.7	0.72
20030510	0.38	8.3	0.73
20030511	1.34	9.78	0.73
20030512	2.51	7.86	0.74
20030513	2.53	8.13	0.71
20030514	0.18	6.93	0.69
20030515	3.02	10.49	0.69
20030516	5.67	10.24	0.71
20030517	3.4	11.65	0.7
20030518	8.89	11.22	0.71
20030519	2.63	10.92	0.69
20030520	1.72	11.1	0.67
20030521	3.15	12.29	0.67
20030522	1.04	12.51	0.65
20030523	0.08	11.51	0.65
20030524	2.48	10.36	0.65
20030525	1.37	9.83	0.64
20030526	0.02	13.81	0.64
20030527	0.01	14.24	0.63
20030528	0.0	14.95	0.62
20030529	0.0	17.63	0.61
20030530	0.0	18.07	0.6
20030531	0.0	17.98	0.6
20030601	0.14	16.39	0.59
20030602	0.01	14.34	0.59
20030603	0.0	13.59	0.59
20030604	0.01	13.78	0.59
20030605	0.66	14.56	0.58
20030606	5.63	15.69	0.57
20030607	3.57	14.95	0.56
20030608	0.42	12.63	0.55
20030609	3.06	15.07	0.54
20030610	0.47	15.59	0.53
20030611	0.0	14.43	0.54
20030612	0.0	12.77	0.52
20030613	0.11	17.06	0.5
20030614	0.0	16.65	0.51
20030615	0.0	17.08	0.5
20030616	0.0	18.57	0.5
20030617	2.67	15.84	0.5
20030618	0.01	16.53	0.5
20030619	0.0	14.39	0.49
20030620	0.02	12.91	0.48
20030621	0.02	18.14	0.48
20030622	19.49	20.25	0.5
20030623	0.0	13.66	0.51
20030624	0.0	16.09	0.48
20030625	0.0	16.98	0.46
20030626	0.08	18.42	0.45
20030627	1.47	13.76	0.45
20030628	0.02	14.88	0.45
20030629	7.13	18.42	0.45
20030630	8.43	14.72	0.49
20030701	2.0	15.34	0.46
20030702	1.8	15.17	0.46
20030703	0.0	14.51	0.44
20030704	0.01	15.34	0.44
20030705	0.0	14.51	0.45
20030706	0.0	14.1	0.45
20030707	0.0	16.65	0.42
20030708	0.0	18.18	0.42
20030709	0.0	19.99	0.42
20030710	0.0	18.45	0.4
20030711	0.0	14.58	0.4
20030712	0.0	17.73	0.4
20030713	0.0	20.0	0.4
20030714	0.0	22.11	0.39
20030715	0.0	23.96	0.39
20030716	1.89	20.3	0.39
20030717	4.38	15.19	0.41
20030718	0.24	17.62	0.4
20030719	0.02	17.79	0.4
20030720	5.09	17.93	0.39
20030721	3.68	17.36	0.4
20030722	0.16	16.87	0.39
20030723	1.64	16.4	0.39
20030724	7.53	16.95	0.38
20030725	20.07	14.3	0.4
20030726	12.42	15.41	0.42
20030727	0.0	14.7	0.41
20030728	4.95	17.4	0.41
20030729	12.84	16.18	0.42
20030730	3.36	16.44	0.42
20030731	2.97	16.41	0.41
20030801	0.13	13.58	0.4
20030802	0.0	14.78	0.4
20030803	0.0	18.81	0.39
20030804	0.02	23.92	0.38
20030805	0.0	22.56	0.37
20030806	0.0	21.4	0.39
20030807	0.0	21.72	0.39
20030808	0.0	21.94	0.39
20030809	0.51	24.29	0.39
20030810	2.89	22.05	0.4
20030811	0.01	21.96	0.4
20030812	0.0	19.36	0.39
20030813	0.0	17.34	0.38
20030814	0.0	15.36	0.38
20030815	0.0	16.8	0.38
20030816	0.0	17.86	0.38
20030817	0.0	19.51	0.39
20030818	0.0	15.53	0.38
20030819	0.0	13.63	0.38
20030820	0.0	16.92	0.37
20030821	0.0	18.48	0.38
20030822	0.0	19.75	0.38
20030823	0.24	21.62	0.38
20030824	0.0	18.45	0.37
20030825	0.0	16.68	0.37
20030826	0.0	17.29	0.37
20030827	0.0	16.94	0.37
20030828	4.38	14.18	0.38
20030829	0.33	11.53	0.37
20030830	0.01	11.25	0.37
20030831	0.0	12.64	0.37
20030901	0.0	12.58	0.36
20030902	0.0	16.46	0.36
20030903	0.0	14.13	0.36
20030904	0.0	15.6	0.35
20030905	0.57	16.38	0.34
20030906	4.14	12.5	0.33
20030907	0.11	13.7	0.33
20030908	0.08	13.92	0.33
20030909	3.57	14.64	0.32
20030910	4.82	15.47	0.33
20030911	1.25	12.93	0.33
20030912	0.0	13.86	0.33
20030913	0.0	15.88	0.33
20030914	0.0	16.44	0.33
20030915	0.0	15.86	0.33
20030916	0.0	16.66	0.31
20030917	0.0	18.69	0.31
20030918	0.0	16.51	0.31
20030919	0.0	15.38	0.31
20030920	0.0	15.87	0.31
20030921	0.21	18.71	0.31
20030922	7.66	12.52	0.32
20030923	0.0	7.56	0.31
20030924	0.01	9.41	0.31
20030925	0.0	11.44	0.31
20030926	0.78	11.72	0.31
20030927	0.0	9.84	0.31
20030928	0.0	8.84	0.32
20030929	0.02	12.4	0.31
20030930	0.01	12.87	0.31
20031001	0.07	12.61	0.31
20031002	2.19	11.62	0.31
20031003	0.01	11.9	0.3
20031004	0.42	6.57	0.3
20031005	2.82	9.11	0.3
20031006	0.4	11.25	0.3
20031007	0.31	9.78	0.3
20031008	0.0	14.28	0.3
20031009	0.35	15.04	0.29
20031010	1.85	10.01	0.29
20031011	0.0	11.8	0.29
20031012	0.01	12.16	0.29
20031013	0.04	12.32	0.29
20031014	0.0	10.45	0.3
20031015	0.0	9.36	0.3
20031016	0.0	9.33	0.29
20031017	0.0	9.17	0.29
20031018	0.0	9.12	0.3
20031019	0.0	7.77	0.3
20031020	0.0	3.86	0.29
20031021	2.61	5.45	0.29
20031022	1.06	4.69	0.29
20031023	0.34	4.25	0.29
20031024	0.01	3.27	0.3
20031025	2.78	5.07	0.3
20031026	0.01	4.27	0.29
20031027	0.01	4.88	0.28
20031028	14.0	7.53	0.28
20031029	2.7	6.01	0.28
20031030	19.63	6.33	0.28
20031031	0.74	6.09	0.28
20031101	8.91	7.93	0.28
20031102	8.19	10.12	0.28
20031103	0.05	8.18	0.28
20031104	0.01	10.45	0.28
20031105	0.01	11.04	0.28
20031106	0.01	9.4	0.27
20031107	0.0	8.94	0.27
20031108	0.0	5.97	0.28
20031109	1.33	8.12	0.27
20031110	0.04	8.56	0.27
20031111	5.62	8.89	0.27
20031112	0.04	8.7	0.27
20031113	1.24	9.94	0.27
20031114	6.36	8.72	0.28
20031115	0.01	5.79	0.28
20031116	0.02	5.53	0.28
20031117	4.53	10.38	0.29
20031118	0.02	12.05	0.27
20031119	0.32	11.32	0.27
20031120	4.94	8.08	0.27
20031121	5.6	6.25	0.28
20031122	5.1	4.03	0.29
20031123	8.73	2.18	0.29
20031124	0.17	3.9	0.28
20031125	22.47	8.22	0.3
20031126	1.55	2.95	0.31
20031127	0.03	3.69	0.32
20031128	0.84	5.79	0.31
20031129	6.05	8.1	0.32
20031130	14.95	6.16	0.34
20031201	19.98	6.91	0.39
20031202	1.69	7.45	0.38
20031203	0.01	7.81	0.42
20031204	0.0	7.15	0.44
20031205	0.26	4.64	0.5
20031206	0.02	3.89	0.51
20031207	0.0	0.05	0.52
20031208	0.0	0.6	0.53
20031209	0.0	2.77	0.53
20031210	9.34	3.24	0.53
20031211	2.09	6.38	0.55
20031212	14.14	8.78	0.57
20031213	4.9	8.13	0.59
20031214	0.11	4.22	0.59
20031215	0.0	1.29	0.6
20031216	0.01	2.02	0.63
20031217	0.01	2.97	0.66
20031218	0.02	2.96	0.69
20031219	8.7	4.68	0.7
20031220	11.29	6.82	0.78
20031221	0.06	2.38	0.76
20031222	2.07	2.7	0.78
20031223	0.81	7.6	0.8
20031224	0.02	7.92	0.82
20031225	1.98	8.86	0.84
20031226	9.75	5.79	0.88
20031227	3.18	2.84	0.92
20031228	1.65	2.33	0.93
20031229	1.99	1.52	0.94
20031230	0.2	0.64	0.95
20031231	9.09	2.28	0.96
20040101	0.55	5.13	1.01
20040102	0.43	1.37	1.01
20040103	0.52	2.27	1.01
20040104	0.54	5.28	1.03
20040105	4.31	7.97	1.05
20040106	0.38	7.12	1.1
20040107	17.19	8.53	1.13
20040108	3.72	7.29	1.22
20040109	1.21	5.46	1.24
20040110	7.7	9.19	1.29
20040111	4.81	5.78	1.39
20040112	8.37	6.91	1.48
20040113	1.41	5.27	1.53
20040114	1.47	2.6	1.59
20040115	6.04	5.18	1.7
20040116	0.13	2.7	1.75
20040117	0.12	1.11	1.76
20040118	0.11	3.06	1.76
20040119	0.05	8.78	1.76
20040120	1.58	8.27	1.76
20040121	0.56	6.54	1.72
20040122	6.09	7.04	1.75
20040123	4.95	5.28	1.72
20040124	0.03	3.68	1.67
20040125	0.03	2.8	1.62
20040126	0.01	1.63	1.59
20040127	0.03	0.67	1.55
20040128	5.8	-0.22	1.54
20040129	0.05	0.05	1.52
20040130	18.45	6.86	1.55
20040131	13.64	9.55	1.81
20040201	7.37	9.77	1.86
20040202	1.09	11.85	2.01
20040203	6.73	12.42	2.17
20040204	2.03	13.06	2.28
20040205	12.62	8.95	2.34
20040206	4.58	6.35	2.46
20040207	0.78	5.25	2.45
20040208	0.01	1.5	2.48
20040209	0.0	1.48	2.54
20040210	0.0	6.19	2.55
20040211	0.0	9.06	2.54
20040212	0.0	7.99	2.5
20040213	0.32	6.2	2.44
20040214	0.64	6.1	2.38
20040215	0.05	5.35	2.3
20040216	0.26	5.39	2.22
20040217	0.76	3.95	2.16
20040218	0.01	4.58	2.09
20040219	0.0	3.23	2.03
20040220	0.01	1.11	1.97
20040221	0.04	1.83	1.91
20040222	0.0	0.67	1.85
20040223	0.0	0.6	1.81
20040224	1.25	1.01	1.78
20040225	0.0	-0.64	1.73
20040226	0.76	-1.49	1.69
20040227	0.07	0.09	1.65
20040228	0.0	-0.42	1.6
20040229	0.0	-0.25	1.56
20040301	0.0	-0.26	1.52
20040302	0.01	2.22	1.48
20040303	0.89	5.85	1.47
20040304	0.03	5.56	1.43
20040305	0.11	5.03	1.39
20040306	0.72	5.82	1.38
20040307	0.42	4.19	1.34
20040308	0.0	3.75	1.31
20040309	0.0	3.3	1.3
20040310	0.12	2.12	1.27
20040311	9.12	1.61	1.26
20040312	10.54	3.0	1.29
20040313	3.62	7.61	1.37
20040314	4.63	9.42	1.34
20040315	0.58	10.56	1.29
20040316	0.06	12.03	1.24
20040317	2.54	9.45	1.2
20040318	4.6	8.55	1.19
20040319	3.21	9.04	1.22
20040320	4.84	8.79	1.22
20040321	3.7	6.28	1.2
20040322	3.64	5.29	1.22
20040323	1.36	5.14	1.2
20040324	1.7	3.53	1.2
20040325	3.16	3.1	1.22
20040326	0.24	5.69	1.22
20040327	0.16	7.09	1.22
20040328	0.03	8.03	1.22
20040329	0.0	6.53	1.21
20040330	0.0	8.5	1.19
20040331	0.08	12.08	1.18
20040401	6.55	10.24	1.18
20040402	0.48	10.19	1.19
20040403	11.53	8.92	1.2
20040404	1.56	8.01	1.23
20040405	2.07	6.48	1.19
20040406	6.55	5.31	1.1
20040407	1.84	5.14	1.08
20040408	0.01	3.61	1.08
20040409	0.26	9.2	1.06
20040410	0.02	6.92	1.05
20040411	0.0	9.17	1.04
20040412	0.09	9.5	1.01
20040413	0.0	9.47	1.01
20040414	0.04	9.24	1.0
20040415	0.12	9.87	1.0
20040416	6.35	10.18	1.0
20040417	11.34	8.95	1.03
20040418	9.61	5.24	1.12
20040419	0.44	6.54	1.11
20040420	3.05	9.58	1.04
20040421	6.46	8.95	1.04
20040422	0.15	8.32	1.05
20040423	0.0	11.01	1.02
20040424	0.0	13.53	1.0
20040425	0.0	14.84	1.0
20040426	2.72	13.71	0.98
20040427	2.86	10.93	1.01
20040428	21.23	7.62	1.04
20040429	3.28	6.92	1.15
20040430	3.2	8.77	1.15
20040501	3.83	10.0	1.14
20040502	2.66	11.88	1.12
20040503	7.41	9.11	1.14
20040504	7.61	7.63	1.22
20040505	5.76	7.81	1.27
20040506	0.13	8.04	1.28
20040507	0.21	11.93	1.32
20040508	1.35	10.5	1.34
20040509	0.18	12.9	1.35
20040510	4.4	14.54	1.35
20040511	0.01	12.75	1.38
20040512	0.0	10.78	1.37
20040513	0.0	11.19	1.36
20040514	0.0	12.38	1.34
20040515	0.0	13.52	1.32
20040516	0.0	15.2	1.31
20040517	0.0	14.44	1.28
20040518	0.0	13.9	1.26
20040519	0.0	15.15	1.25
20040520	0.72	11.54	1.25
20040521	1.1	7.91	1.22
20040522	0.0	8.94	1.2
20040523	0.0	11.11	1.18
20040524	0.0	12.66	1.14
20040525	0.0	13.12	1.12
20040526	0.23	12.46	1.1
20040527	0.0	12.15	1.07
20040528	1.23	14.54	1.06
20040529	0.38	13.17	1.05
20040530	1.19	12.21	1.05
20040531	9.56	14.83	1.02
20040601	0.04	11.95	1.03
20040602	0.0	13.48	0.99
20040603	0.19	16.24	0.98
20040604	0.02	17.33	0.96
20040605	0.0	16.76	0.96
20040606	0.0	17.98	0.93
20040607	0.0	19.64	0.9
20040608	0.32	20.22	0.89
20040609	0.41	17.56	0.89
20040610	0.03	16.67	0.86
20040611	0.73	14.08	0.85
20040612	0.0	13.86	0.84
20040613	0.0	17.85	0.81
20040614	0.0	18.98	0.82
20040615	0.0	18.96	0.79
20040616	0.0	18.85	0.81
20040617	0.36	13.67	0.78
20040618	0.1	10.43	0.78
20040619	0.28	11.02	0.78
20040620	2.43	10.64	0.77
20040621	4.65	11.45	0.75
20040622	28.47	15.52	0.77
20040623	1.83	13.0	0.81
20040624	0.11	12.31	0.76
20040625	0.15	13.87	0.74
20040626	9.68	14.32	0.74
20040627	1.1	14.36	0.73
20040628	0.0	15.16	0.72
20040629	0.64	15.89	0.69
20040630	0.14	13.54	0.69
20040701	2.0	14.05	0.69
20040702	0.62	14.07	0.68
20040703	0.78	13.86	0.67
20040704	1.65	13.23	0.67
20040705	0.01	13.59	0.63
20040706	0.0	15.93	0.61
20040707	23.7	15.38	0.64
20040708	3.69	12.13	0.68
20040709	0.02	11.79	0.63
20040710	4.78	13.69	0.61
20040711	0.02	13.81	0.61
20040712	0.0	11.49	0.62
20040713	2.85	15.82	0.61
20040714	0.01	18.11	0.61
20040715	1.46	18.4	0.61
20040716	0.32	17.89	0.6
20040717	0.0	16.09	0.6
20040718	0.35	13.37	0.58
20040719	0.0	15.28	0.54
20040720	0.03	19.23	0.52
20040721	1.97	16.51	0.53
20040722	9.24	14.91	0.6
20040723	0.0	15.95	0.54
20040724	0.0	15.86	0.52
20040725	0.02	16.39	0.52
20040726	0.2	16.19	0.5
20040727	0.0	17.21	0.5
20040728	0.0	18.44	0.5
20040729	1.96	19.85	0.5
20040730	0.0	16.99	0.5
20040731	0.0	18.29	0.5
20040801	0.0	20.12	0.49
20040802	16.08	21.3	0.5
20040803	26.46	17.61	0.59
20040804	0.0	18.96	0.56
20040805	9.04	18.63	0.52
20040806	0.01	17.68	0.5
20040807	0.02	20.83	0.49
20040808	6.21	22.29	0.49
20040809	6.26	17.69	0.5
20040810	0.14	18.5	0.5
20040811	4.98	18.84	0.5
20040812	6.6	16.99	0.5
20040813	2.45	17.41	0.49
20040814	0.01	18.64	0.5
20040815	2.22	17.78	0.49
20040816	0.8	17.12	0.49
20040817	1.49	18.17	0.47
20040818	8.83	16.67	0.46
20040819	0.17	16.49	0.47
20040820	6.43	15.0	0.47
20040821	0.01	14.07	0.46
20040822	16.82	16.04	0.47
20040823	9.97	16.35	0.49
20040824	6.54	15.35	0.51
20040825	7.28	15.55	0.51
20040826	3.59	16.45	0.5
20040827	0.3	13.88	0.52
20040828	1.31	14.23	0.51
20040829	2.76	14.24	0.52
20040830	0.03	12.83	0.51
20040831	0.0	12.07	0.5
20040901	0.0	13.83	0.48
20040902	0.0	16.24	0.49
20040903	0.0	17.31	0.49
20040904	0.0	17.67	0.48
20040905	0.0	19.53	0.48
20040906	0.0	18.03	0.47
20040907	0.0	16.49	0.47
20040908	0.0	16.79	0.47
20040909	4.37	18.13	0.47
20040910	4.29	16.51	0.47
20040911	1.74	14.03	0.47
20040912	13.08	13.78	0.48
20040913	7.51	12.98	0.48
20040914	1.61	11.86	0.48
20040915	0.0	10.33	0.47
20040916	6.13	14.86	0.46
20040917	8.2	14.32	0.47
20040918	1.36	12.18	0.48
20040919	1.09	13.79	0.48
20040920	1.6	12.76	0.48
20040921	0.0	11.94	0.46
20040922	0.16	15.69	0.47
20040923	1.26	11.86	0.46
20040924	0.0	9.53	0.46
20040925	1.54	12.46	0.46
20040926	0.01	15.71	0.46
20040927	0.0	14.11	0.46
20040928	1.32	14.47	0.45
20040929	5.4	12.78	0.45
20040930	1.63	12.19	0.45
20041001	5.24	11.48	0.46
20041002	4.13	11.71	0.45
20041003	30.63	12.36	0.49
20041004	0.21	10.25	0.53
20041005	3.27	10.96	0.53
20041006	2.9	9.26	0.59
20041007	0.55	9.79	0.63
20041008	0.05	9.92	0.66
20041009	0.0	9.92	0.7
20041010	0.0	10.0	0.69
20041011	0.07	9.5	0.7
20041012	5.41	8.71	0.71
20041013	15.03	9.43	0.76
20041014	1.88	8.72	0.75
20041015	7.59	8.54	0.74
20041016	2.76	7.59	0.74
20041017	1.01	8.87	0.77
20041018	0.85	7.62	0.79
20041019	15.18	9.51	0.81
20041020	8.09	10.06	0.87
20041021	3.57	11.07	0.88
20041022	1.61	13.4	0.98
20041023	17.01	13.18	1.13
20041024	2.2	12.57	1.2
20041025	0.17	8.29	1.34
20041026	0.42	8.22	1.45
20041027	6.69	10.06	1.56
20041028	13.15	11.19	1.65
20041029	5.18	10.45	1.66
20041030	0.07	10.78	1.67
20041031	0.0	9.14	1.68
20041101	1.32	9.47	1.72
20041102	1.54	8.67	1.76
20041103	1.42	9.98	1.76
20041104	0.0	7.82	1.75
20041105	1.62	8.73	1.72
20041106	5.14	10.38	1.69
20041107	0.54	9.94	1.65
20041108	1.76	8.7	1.63
20041109	1.7	6.77	1.59
20041110	0.0	4.44	1.56
20041111	0.28	7.12	1.51
20041112	0.13	5.75	1.49
20041113	0.0	2.15	1.44
20041114	0.0	4.69	1.41
20041115	0.0	7.52	1.39
20041116	0.0	10.17	1.36
20041117	3.26	9.58	1.33
20041118	15.58	4.58	1.36
20041119	0.06	1.82	1.32
20041120	9.45	2.33	1.32
20041121	0.7	7.78	1.33
20041122	0.0	10.35	1.31
20041123	0.0	8.79	1.32
20041124	0.06	7.44	1.34
20041125	0.88	7.62	1.34
20041126	0.29	7.7	1.37
20041127	3.51	6.66	1.37
20041128	4.54	3.21	1.39
20041129	0.0	2.85	1.38
20041130	0.02	3.32	1.39
20041201	0.0	2.39	1.36
20041202	0.0	1.56	1.34
20041203	0.12	3.14	1.34
20041204	0.04	6.36	1.32
20041205	0.35	8.79	1.3
20041206	0.01	7.6	1.27
20041207	0.01	7.64	1.26
20041208	0.0	6.17	1.23
20041209	0.01	2.16	1.21
20041210	0.0	4.07	1.19
20041211	0.06	6.02	1.18
20041212	0.0	3.42	1.16
20041213	0.08	4.09	1.14
20041214	0.3	8.17	1.11
20041215	1.58	8.99	1.1
20041216	7.14	7.14	1.1
20041217	4.32	3.24	1.12
20041218	9.94	3.8	1.14
20041219	0.0	0.04	1.14
20041220	1.24	1.1	1.12
20041221	6.56	3.96	1.1
20041222	0.48	9.72	1.14
20041223	0.01	8.52	1.12
20041224	1.13	4.15	1.13
20041225	0.08	-0.33	1.13
20041226	0.08	-0.4	1.14
20041227	12.22	2.14	1.18
20041228	0.08	2.78	1.22
20041229	0.03	6.21	1.22
20041230	0.19	10.2	1.22
20041231	0.02	7.66	1.23
20050101	3.34	6.76	1.25
20050102	0.0	5.2	1.26
20050103	0.0	8.08	1.26
20050104	1.27	5.26	1.26
20050105	0.66	5.08	1.25
20050106	0.1	8.31	1.23
20050107	5.97	8.55	1.22
20050108	0.5	5.36	1.22
20050109	3.53	9.32	1.21
20050110	0.26	7.61	1.2
20050111	2.75	7.86	1.18
20050112	0.01	4.18	1.16
20050113	0.06	3.66	1.14
20050114	0.87	4.69	1.12
20050115	0.82	6.51	1.12
20050116	0.01	7.65	1.1
20050117	2.06	4.6	1.1
20050118	0.11	3.48	1.09
20050119	0.08	7.65	1.08
20050120	0.52	7.63	1.04
20050121	0.03	3.26	1.05
20050122	7.06	1.24	1.05
20050123	0.02	1.57	1.05
20050124	0.0	1.96	1.03
20050125	0.68	0.8	1.01
20050126	1.18	1.84	1.01
20050127	5.52	4.75	0.99
20050128	1.46	5.2	1.01
20050129	0.01	3.8	1.01
20050130	0.0	5.84	1.0
20050131	0.0	8.08	0.98
20050201	0.06	6.83	0.97
20050202	1.39	5.63	0.96
20050203	0.31	6.99	0.95
20050204	0.0	6.31	0.95
20050205	6.79	4.96	0.94
20050206	0.01	3.6	0.94
20050207	0.01	4.06	0.93
20050208	0.07	6.48	0.92
20050209	0.05	7.61	0.9
20050210	2.64	7.0	0.89
20050211	2.33	8.13	0.89
20050212	2.73	5.67	0.88
20050213	2.2	2.68	0.87
20050214	0.0	3.06	0.85
20050215	0.0	1.29	0.85
20050216	0.33	2.03	0.83
20050217	0.39	4.42	0.83
20050218	1.93	4.46	0.82
20050219	0.24	0.97	0.81
20050220	0.01	1.07	0.8
20050221	0.69	0.91	0.8
20050222	0.28	0.58	0.79
20050223	1.73	0.35	0.79
20050224	3.63	-0.12	0.8
20050225	1.8	1.2	0.79
20050226	0.59	0.47	0.78
20050227	0.1	-0.65	0.77
20050228	1.92	0.83	0.77
20050301	4.05	1.21	0.78
20050302	1.11	0.14	0.77
20050303	0.59	-0.32	0.77
20050304	2.42	2.72	0.77
20050305	2.56	1.91	0.77
20050306	0.01	0.26	0.76
20050307	0.03	3.87	0.75
20050308	0.0	4.64	0.74
20050309	0.0	5.14	0.73
20050310	0.03	4.7	0.72
20050311	0.88	4.08	0.72
20050312	0.0	3.07	0.71
20050313	0.0	1.5	0.7
20050314	0.0	5.65	0.69
20050315	0.34	10.16	0.71
20050316	4.62	10.89	0.72
20050317	0.0	10.41	0.72
20050318	0.01	10.34	0.71
20050319	0.07	11.34	0.7
20050320	0.0	10.29	0.7
20050321	6.63	12.04	0.7
20050322	0.78	10.3	0.72
20050323	8.39	12.02	0.71
20050324	1.21	11.55	0.75
20050325	0.0	9.31	0.72
20050326	0.02	10.54	0.7
20050327	0.0	6.14	0.69
20050328	0.0	8.59	0.67
20050329	30.81	6.19	0.77
20050330	5.9	6.94	0.93
20050331	0.02	8.12	0.93
20050401	0.0	9.83	0.92
20050402	0.0	11.41	0.95
20050403	1.4	12.1	1.0
20050404	1.75	7.26	1.03
20050405	6.82	8.6	1.06
20050406	4.21	7.76	1.14
20050407	3.84	6.42	1.14
20050408	0.02	2.24	1.15
20050409	0.0	6.82	1.13
20050410	0.0	8.03	1.12
20050411	0.0	8.8	1.1
20050412	0.03	9.58	1.03
20050413	1.06	8.42	1.02
20050414	0.16	6.32	1.01
20050415	0.28	5.68	1.01
20050416	0.01	3.83	1.01
20050417	14.54	8.64	1.02
20050418	2.5	7.35	1.09
20050419	4.1	7.63	1.06
20050420	0.13	7.32	1.03
20050421	0.0	7.16	1.0
20050422	0.07	10.91	0.97
20050423	0.33	8.33	0.96
20050424	4.96	10.69	0.95
20050425	1.59	8.82	0.97
20050426	9.97	9.3	0.98
20050427	0.58	10.68	0.99
20050428	0.58	10.22	0.93
20050429	0.32	14.21	0.91
20050430	1.75	16.21	0.91
20050501	0.01	14.86	0.9
20050502	3.82	13.94	0.9
20050503	10.43	11.24	0.93
20050504	0.01	8.97	0.95
20050505	0.0	12.08	0.93
20050506	0.66	11.14	0.9
20050507	1.37	8.08	0.89
20050508	0.18	7.17	0.89
20050509	0.29	5.9	0.87
20050510	0.0	5.83	0.88
20050511	0.0	6.83	0.85
20050512	0.0	9.41	0.85
20050513	0.0	9.8	0.83
20050514	0.0	6.94	0.83
20050515	0.0	11.29	0.82
20050516	0.31	8.45	0.81
20050517	0.0	7.64	0.8
20050518	0.45	10.75	0.8
20050519	4.68	14.17	0.79
20050520	3.45	10.38	0.8
20050521	14.39	10.33	0.81
20050522	7.11	9.36	0.85
20050523	2.44	11.09	0.82
20050524	0.69	12.59	0.77
20050525	0.01	15.4	0.75
20050526	0.0	15.31	0.74
20050527	0.12	19.59	0.71
20050528	0.0	11.19	0.7
20050529	0.06	10.46	0.7
20050530	0.0	10.92	0.7
20050531	0.01	13.23	0.68
20050601	5.15	13.85	0.68
20050602	0.01	13.1	0.68
20050603	4.55	13.54	0.68
20050604	2.21	13.5	0.69
20050605	1.94	13.64	0.66
20050606	0.0	8.81	0.64
20050607	0.0	10.77	0.62
20050608	0.0	13.26	0.62
20050609	0.0	16.56	0.6
20050610	0.0	11.52	0.6
20050611	0.02	13.19	0.6
20050612	0.0	8.99	0.59
20050613	0.0	12.29	0.58
20050614	6.05	14.17	0.57
20050615	1.71	14.92	0.59
20050616	0.15	16.71	0.59
20050617	0.0	18.49	0.55
20050618	0.0	21.41	0.59
20050619	0.0	22.73	0.56
20050620	0.0	16.1	0.55
20050621	0.0	15.89	0.52
20050622	0.0	18.57	0.52
20050623	2.67	20.29	0.52
20050624	11.36	17.67	0.53
20050625	0.02	13.31	0.55
20050626	0.01	13.93	0.52
20050627	0.0	17.4	0.5
20050628	3.83	18.86	0.5
20050629	0.51	17.06	0.5
20050630	0.1	15.31	0.51
20050701	1.63	17.2	0.5
20050702	0.36	15.55	0.5
20050703	1.72	15.37	0.5
20050704	7.78	11.8	0.49
20050705	6.9	14.03	0.51
20050706	0.48	13.75	0.5
20050707	0.01	14.46	0.48
20050708	0.0	16.36	0.48
20050709	0.0	18.69	0.47
20050710	0.0	20.67	0.47
20050711	0.0	20.84	0.46
20050712	0.0	20.15	0.46
20050713	0.0	20.81	0.46
20050714	0.0	21.82	0.46
20050715	0.0	16.43	0.46
20050716	0.0	16.41	0.45
20050717	0.0	19.23	0.45
20050718	0.09	15.6	0.44
20050719	0.0	16.39	0.44
20050720	0.0	15.89	0.44
20050721	0.0	16.73	0.43
20050722	0.0	15.92	0.44
20050723	3.32	17.68	0.44
20050724	13.71	15.43	0.49
20050725	0.1	13.18	0.47
20050726	2.18	14.75	0.44
20050727	6.91	13.8	0.43
20050728	0.58	18.05	0.44
20050729	0.14	15.46	0.43
20050730	1.71	14.82	0.43
20050731	0.15	15.4	0.43
20050801	0.02	15.97	0.42
20050802	0.01	17.87	0.41
20050803	0.0	15.51	0.41
20050804	1.98	15.99	0.4
20050805	0.03	14.79	0.41
20050806	0.0	12.96	0.41
20050807	0.0	13.41	0.4
20050808	0.0	15.49	0.4
20050809	0.0	18.97	0.4
20050810	0.0	15.85	0.4
20050811	0.0	17.96	0.4
20050812	0.0	14.2	0.4
20050813	9.98	14.63	0.41
20050814	0.12	14.71	0.41
20050815	0.0	15.86	0.4
20050816	0.0	16.81	0.39
20050817	0.0	18.1	0.38
20050818	2.44	19.36	0.39
20050819	0.02	15.13	0.38
20050820	0.0	14.79	0.38
20050821	5.44	18.74	0.38
20050822	2.37	13.18	0.38
20050823	0.93	16.48	0.38
20050824	3.36	13.12	0.39
20050825	1.16	12.4	0.38
20050826	0.04	14.68	0.37
20050827	0.02	14.1	0.37
20050828	0.0	17.17	0.37
20050829	0.0	17.61	0.37
20050830	0.0	19.86	0.36
20050831	5.6	21.28	0.37
20050901	0.0	14.84	0.35
20050902	0.0	15.9	0.35
20050903	0.0	19.0	0.35
20050904	0.4	21.65	0.35
20050905	0.0	16.26	0.34
20050906	0.0	17.41	0.34
20050907	0.0	18.2	0.34
20050908	0.0	16.93	0.34
20050909	1.8	18.44	0.34
20050910	25.39	16.16	0.36
20050911	0.09	12.49	0.36
20050912	0.0	15.67	0.35
20050913	0.01	17.97	0.35
20050914	2.43	17.64	0.33
20050915	10.75	14.35	0.35
20050916	0.0	8.16	0.33
20050917	0.0	11.08	0.34
20050918	0.0	13.82	0.32
20050919	0.0	14.69	0.32
20050920	0.0	14.86	0.33
20050921	0.0	14.84	0.32
20050922	0.26	15.63	0.32
20050923	1.45	10.43	0.31
20050924	0.51	12.91	0.32
20050925	2.9	12.98	0.32
20050926	2.9	14.4	0.32
20050927	1.01	11.2	0.31
20050928	5.93	9.93	0.31
20050929	0.55	13.29	0.31
20050930	5.01	13.42	0.31
20051001	1.63	10.0	0.31
20051002	0.0	11.49	0.31
20051003	0.0	10.93	0.31
20051004	0.01	9.84	0.31
20051005	0.0	10.77	0.31
20051006	0.26	13.13	0.3
20051007	0.2	14.37	0.31
20051008	5.55	9.68	0.31
20051009	0.0	10.96	0.31
20051010	0.0	16.95	0.31
20051011	9.08	18.27	0.3
20051012	7.18	13.99	0.3
20051013	0.01	11.07	0.31
20051014	0.01	12.58	0.31
20051015	0.06	13.8	0.29
20051016	0.75	13.88	0.3
20051017	0.05	12.83	0.29
20051018	10.73	10.21	0.3
20051019	6.52	10.43	0.31
20051020	7.47	11.49	0.32
20051021	1.9	12.4	0.32
20051022	0.02	9.3	0.32
20051023	18.37	12.28	0.33
20051024	13.99	13.58	0.35
20051025	1.3	12.64	0.37
20051026	0.65	14.35	0.37
20051027	1.94	15.53	0.33
20051028	0.28	13.81	0.32
20051029	4.73	14.3	0.33
20051030	6.53	13.08	0.33
20051031	3.07	10.56	0.36
20051101	15.36	11.6	0.37
20051102	13.81	14.55	0.4
20051103	3.07	10.6	0.43
20051104	0.07	6.9	0.44
20051105	14.56	10.42	0.46
20051106	10.89	9.52	0.54
20051107	0.7	10.76	0.55
20051108	15.64	8.78	0.6
20051109	0.85	8.42	0.63
20051110	0.03	12.63	0.66
20051111	3.12	8.22	0.7
20051112	0.0	5.94	0.75
20051113	0.06	3.56	0.75
20051114	0.15	5.94	0.75
20051115	0.7	7.61	0.75
20051116	0.05	1.54	0.74
20051117	0.0	0.64	0.74
20051118	0.0	1.04	0.72
20051119	0.07	-0.84	0.71
20051120	0.06	-0.46	0.7
20051121	0.07	1.12	0.69
20051122	0.01	3.39	0.68
20051123	0.0	3.76	0.67
20051124	2.46	3.45	0.67
20051125	0.06	0.48	0.67
20051126	0.3	2.42	0.66
20051127	0.16	1.67	0.66
20051128	5.32	-0.01	0.65
20051129	0.57	0.39	0.65
20051130	4.16	4.58	0.65
20051201	27.98	6.97	0.72
20051202	15.92	6.51	0.83
20051203	1.23	5.78	0.84
20051204	0.01	6.24	0.89
20051205	0.52	4.4	0.97
20051206	0.4	1.6	1.05
20051207	11.29	2.65	1.14
20051208	0.04	3.15	1.18
20051209	0.06	3.23	1.21
20051210	0.0	3.62	1.22
20051211	0.28	3.66	1.22
20051212	0.03	3.53	1.22
20051213	0.0	3.78	1.22
20051214	0.0	6.33	1.21
20051215	0.13	7.77	1.21
20051216	0.23	4.83	1.2
20051217	0.0	-0.69	1.18
20051218	0.26	1.66	1.18
20051219	0.21	3.53	1.15
20051220	0.33	4.91	1.14
20051221	0.01	6.77	1.13
20051222	0.05	7.4	1.12
20051223	0.0	6.07	1.1
20051224	0.11	4.57	1.08
20051225	0.0	1.66	1.05
20051226	0.2	1.12	1.05
20051227	0.16	-1.41	1.03
20051228	0.01	-2.23	1.01
20051229	6.86	-0.47	1.0
20051230	11.15	5.93	1.08
20051231	3.66	5.45	1.07
20060101	0.0	3.85	1.04
20060102	0.04	3.94	1.01
20060103	1.37	6.7	1.0
20060104	0.02	2.92	0.99
20060105	0.01	1.06	0.98
20060106	0.07	0.8	0.97
20060107	2.15	0.74	0.98
20060108	4.45	2.24	0.99
20060109	0.05	4.52	1.01
20060110	3.21	7.85	0.99
20060111	0.0	3.51	0.99
20060112	0.06	3.34	0.98
20060113	0.81	6.56	0.97
20060114	2.69	4.01	0.98
20060115	0.01	6.06	0.97
20060116	4.68	6.1	0.99
20060117	0.54	7.06	0.99
20060118	0.0	9.45	0.99
20060119	3.15	7.61	0.97
20060120	0.0	5.21	0.97
20060121	0.0	3.32	0.97
20060122	0.06	1.16	0.97
20060123	0.0	-0.16	0.97
20060124	0.06	-1.74	0.97
20060125	0.0	1.63	0.96
20060126	0.01	1.97	0.95
20060127	0.58	0.41	0.95
20060128	0.12	0.76	0.94
20060129	0.0	2.51	0.93
20060130	0.0	2.78	0.93
20060131	0.0	1.23	0.91
20060201	0.0	-1.46	0.91
20060202	0.0	-2.69	0.9
20060203	0.0	-0.84	0.89
20060204	0.06	1.25	0.88
20060205	0.0	4.02	0.87
20060206	0.0	5.21	0.86
20060207	3.1	5.48	0.86
20060208	0.17	4.4	0.85
20060209	0.0	-0.66	0.83
20060210	0.0	0.49	0.82
20060211	9.31	2.74	0.81
20060212	1.91	7.4	0.85
20060213	1.67	7.18	0.84
20060214	11.54	7.89	0.85
20060215	0.29	6.96	0.91
20060216	1.54	4.81	0.89
20060217	0.01	3.63	0.86
20060218	0.22	2.3	0.86
20060219	0.62	3.85	0.85
20060220	0.01	3.44	0.85
20060221	1.29	2.79	0.85
20060222	0.01	0.79	0.85
20060223	4.44	0.59	0.88
20060224	0.08	0.9	0.89
20060225	0.27	3.16	0.88
20060226	0.01	3.04	0.87
20060227	1.02	2.14	0.88
20060228	0.05	-0.04	0.86
20060301	0.05	-0.4	0.85
20060302	0.07	-0.29	0.85
20060303	0.0	-1.33	0.84
20060304	0.0	0.19	0.84
20060305	0.15	2.06	0.82
20060306	3.07	3.73	0.81
20060307	13.34	6.05	0.87
20060308	5.27	7.97	0.92
20060309	2.78	6.33	0.91
20060310	0.16	3.99	0.87
20060311	0.13	1.52	0.85
20060312	0.04	1.03	0.84
20060313	0.01	2.7	0.84
20060314	1.22	4.71	0.85
20060315	0.0	3.16	0.85
20060316	0.27	1.45	0.85
20060317	0.01	1.54	0.85
20060318	0.0	2.41	0.85
20060319	0.01	4.54	0.85
20060320	0.0	2.99	0.84
20060321	0.0	1.32	0.84
20060322	0.0	0.94	0.83
20060323	4.58	5.58	0.84
20060324	1.96	10.02	0.85
20060325	4.27	10.92	0.85
20060326	5.52	11.81	0.85
20060327	10.83	8.82	0.93
20060328	2.47	7.84	0.97
20060329	11.75	9.97	0.93
20060330	8.57	11.08	1.06
20060331	5.38	10.22	1.07
20060401	0.27	8.9	1.11
20060402	0.54	8.36	1.16
20060403	0.0	5.14	1.22
20060404	0.0	2.26	1.27
20060405	0.0	4.18	1.31
20060406	0.0	7.08	1.34
20060407	7.94	5.79	1.35
20060408	0.56	5.43	1.37
20060409	2.51	3.49	1.34
20060410	0.01	4.17	1.31
20060411	2.89	6.28	1.3
20060412	0.0	10.16	1.26
20060413	0.18	8.99	1.22
20060414	0.02	9.94	1.2
20060415	0.0	10.11	1.18
20060416	0.04	9.33	1.14
20060417	0.0	8.94	1.11
20060418	2.33	9.62	1.09
20060419	4.27	9.98	1.08
20060420	1.1	10.52	1.07
20060421	0.03	10.96	1.03
20060422	1.09	10.9	1.01
20060423	0.42	9.4	0.98
20060424	0.06	10.5	0.97
20060425	0.02	10.1	0.91
20060426	0.0	10.49	0.88
20060427	0.0	9.65	0.86
20060428	0.0	10.4	0.85
20060429	0.0	8.44	0.85
20060430	6.2	8.79	0.85
20060501	0.0	7.82	0.85
20060502	0.49	11.71	0.82
20060503	0.4	13.35	0.8
20060504	0.05	16.69	0.79
20060505	0.0	10.94	0.77
20060506	0.15	10.94	0.76
20060507	11.35	13.27	0.75
20060508	9.67	11.52	0.79
20060509	0.43	11.99	0.76
20060510	3.58	13.87	0.72
20060511	0.0	14.8	0.72
20060512	2.83	15.81	0.7
20060513	5.01	12.77	0.7
20060514	1.54	12.98	0.71
20060515	1.83	12.93	0.7
20060516	0.02	12.9	0.68
20060517	12.44	12.76	0.69
20060518	11.13	12.76	0.78
20060519	11.48	11.36	0.81
20060520	4.0	11.36	0.84
20060521	17.38	12.31	0.89
20060522	10.33	9.52	1.01
20060523	2.42	10.08	1.03
20060524	9.11	9.87	1.1
20060525	5.67	13.85	1.16
20060526	0.02	14.73	1.22
20060527	4.69	11.22	1.27
20060528	0.07	11.87	1.31
20060529	5.19	8.48	1.33
20060530	0.0	8.05	1.34
20060531	0.01	9.3	1.32
20060601	0.0	12.61	1.31
20060602	0.0	13.34	1.3
20060603	0.01	14.46	1.27
20060604	0.52	15.71	1.26
20060605	0.0	13.61	1.22
20060606	0.0	15.22	1.18
20060607	0.0	17.56	1.15
20060608	0.0	18.28	1.13
20060609	0.0	18.36	1.1
20060610	0.0	20.82	1.07
20060611	3.59	20.31	1.05
20060612	0.08	18.35	1.05
20060613	2.34	15.38	1.03
20060614	0.0	12.95	1.02
20060615	0.0	14.33	0.99
20060616	0.0	17.82	0.96
20060617	0.0	18.93	0.95
20060618	0.02	15.97	0.94
20060619	0.02	14.75	0.9
20060620	0.56	14.73	0.88
20060621	0.0	12.9	0.87
20060622	0.0	12.0	0.86
20060623	1.09	16.04	0.84
20060624	0.0	16.96	0.83
20060625	6.99	17.19	0.82
20060626	2.83	12.88	0.84
20060627	0.0	14.79	0.81
20060628	0.0	15.61	0.76
20060629	0.0	18.02	0.74
20060630	0.0	19.15	0.72
20060701	0.0	21.8	0.71
20060702	2.42	22.94	0.69
20060703	0.0	22.17	0.69
20060704	0.08	21.51	0.68
20060705	21.05	19.07	0.73
20060706	2.37	18.68	0.78
20060707	0.87	15.39	0.72
20060708	2.5	16.5	0.68
20060709	0.07	15.66	0.67
20060710	0.68	16.06	0.64
20060711	0.0	15.59	0.63
20060712	0.08	17.51	0.61
20060713	0.0	15.59	0.6
20060714	0.0	15.6	0.58
20060715	0.0	17.77	0.58
20060716	0.0	20.12	0.57
20060717	0.0	22.53	0.56
20060718	0.0	23.46	0.55
20060719	0.01	25.87	0.54
20060720	0.0	21.16	0.55
20060721	0.19	22.12	0.53
20060722	27.45	20.18	0.63
20060723	0.52	17.29	0.58
20060724	0.0	21.29	0.54
20060725	0.67	23.51	0.52
20060726	1.98	22.31	0.52
20060727	0.03	19.33	0.53
20060728	0.0	19.21	0.53
20060729	5.21	18.07	0.52
20060730	1.4	17.94	0.53
20060731	13.89	16.95	0.54
20060801	0.0	15.77	0.54
20060802	1.97	16.18	0.51
20060803	0.0	17.9	0.52
20060804	0.05	17.96	0.51
20060805	0.02	19.43	0.51
20060806	0.0	20.83	0.51
20060807	0.0	16.49	0.48
20060808	0.64	18.95	0.47
20060809	0.0	15.21	0.46
20060810	0.01	15.12	0.47
20060811	0.0	15.39	0.43
20060812	0.45	15.44	0.43
20060813	2.79	14.29	0.43
20060814	0.0	15.89	0.44
20060815	0.72	15.14	0.43
20060816	2.96	16.76	0.42
20060817	8.46	16.15	0.44
20060818	8.01	15.4	0.45
20060819	6.28	17.01	0.43
20060820	2.7	14.99	0.42
20060821	0.39	13.79	0.42
20060822	1.22	16.6	0.42
20060823	9.43	14.45	0.43
20060824	0.0	13.38	0.42
20060825	2.82	16.63	0.42
20060826	1.16	15.24	0.42
20060827	6.26	15.9	0.42
20060828	1.25	13.73	0.42
20060829	6.8	12.61	0.43
20060830	0.14	15.52	0.42
20060831	0.23	17.55	0.41
20060901	1.73	17.28	0.41
20060902	3.49	16.74	0.4
20060903	0.02	17.22	0.4
20060904	0.14	18.56	0.39
20060905	0.0	19.68	0.39
20060906	1.18	16.23	0.37
20060907	0.0	12.32	0.38
20060908	0.0	14.2	0.46
20060909	0.0	14.76	0.35
20060910	0.0	18.21	0.38
20060911	2.67	20.16	0.39
20060912	0.01	18.18	0.39
20060913	17.2	17.37	0.4
20060914	15.19	14.92	0.44
20060915	0.05	15.77	0.41
20060916	0.0	13.81	0.41
20060917	0.12	16.34	0.4
20060918	2.02	14.47	0.4
20060919	0.0	14.52	0.39
20060920	0.06	16.6	0.37
20060921	0.35	19.39	0.38
20060922	8.9	14.82	0.38
20060923	5.16	17.37	0.38
20060924	0.43	16.07	0.39
20060925	0.05	15.9	0.38
20060926	0.0	15.18	0.37
20060927	2.3	16.24	0.37
20060928	2.59	15.83	0.37
20060929	12.48	12.45	0.43
20060930	17.28	14.8	0.39
20061001	12.9	13.84	0.4
20061002	0.68	12.17	0.41
20061003	2.05	9.86	0.41
20061004	0.74	10.6	0.41
20061005	5.55	13.58	0.42
20061006	2.98	12.4	0.41
20061007	0.01	11.94	0.42
20061008	2.03	14.17	0.42
20061009	6.63	14.37	0.43
20061010	1.26	16.83	0.44
20061011	4.84	11.27	0.42
20061012	0.04	13.36	0.42
20061013	0.06	12.17	0.42
20061014	0.0	13.2	0.42
20061015	0.0	12.58	0.42
20061016	0.01	13.29	0.42
20061017	1.11	13.09	0.42
20061018	14.6	14.76	0.43
20061019	16.91	12.8	0.48
20061020	0.37	13.26	0.52
20061021	2.26	13.2	0.51
20061022	10.0	9.8	0.58
20061023	5.01	10.17	0.63
20061024	0.47	9.89	0.65
20061025	6.29	12.84	0.68
20061026	0.14	9.92	0.67
20061027	0.1	11.17	0.67
20061028	0.09	12.78	0.68
20061029	0.01	12.17	0.67
20061030	0.02	12.01	0.67
20061031	0.0	7.04	0.65
20061101	0.0	2.81	0.65
20061102	0.0	2.37	0.64
20061103	0.0	3.57	0.64
20061104	0.0	5.64	0.62
20061105	0.06	6.04	0.62
20061106	0.08	5.64	0.61
20061107	0.01	7.43	0.6
20061108	1.91	7.86	0.58
20061109	0.0	4.99	0.56
20061110	8.42	8.06	0.57
20061111	0.01	7.85	0.56
20061112	0.56	10.2	0.56
20061113	0.17	11.6	0.55
20061114	3.33	11.11	0.54
20061115	2.11	10.75	0.54
20061116	8.33	5.8	0.54
20061117	8.09	6.08	0.57
20061118	1.02	4.01	0.58
20061119	5.08	6.89	0.57
20061120	0.22	7.04	0.58
20061121	0.35	4.82	0.59
20061122	12.11	7.82	0.62
20061123	4.29	7.47	0.63
20061124	16.59	9.86	0.72
20061125	5.76	7.38	0.78
20061126	5.34	10.07	0.89
20061127	9.73	10.99	1.05
20061128	0.16	7.68	1.18
20061129	0.07	9.27	1.26
20061130	6.96	9.36	1.38
20061201	2.54	9.44	1.49
20061202	9.47	8.21	1.5
20061203	7.93	6.95	1.57
20061204	5.62	9.79	1.6
20061205	4.53	8.73	1.67
20061206	11.77	8.09	1.74
20061207	8.9	6.98	1.92
20061208	0.01	4.39	1.99
20061209	0.0	3.29	2.12
20061210	10.41	7.25	2.27
20061211	4.02	5.65	2.38
20061212	1.37	7.75	2.35
20061213	0.21	10.35	2.34
20061214	0.0	10.72	2.32
20061215	7.5	6.2	2.34
20061216	0.06	4.59	2.29
20061217	1.12	5.12	2.24
20061218	1.95	5.0	2.21
20061219	0.0	1.39	2.13
20061220	0.06	-0.56	2.09
20061221	0.13	-0.33	2.02
20061222	0.08	-0.38	1.98
20061223	0.08	1.23	1.92
20061224	0.0	3.53	1.86
20061225	0.0	3.31	1.81
20061226	0.0	2.93	1.77
20061227	1.11	6.31	1.73
20061228	1.23	7.04	1.69
20061229	19.45	9.81	1.74
20061230	17.21	8.01	1.87
20061231	6.83	7.69	1.89
20070101	3.7	5.58	2.0
20070102	0.53	6.13	2.11
20070103	6.63	8.76	2.25
20070104	0.21	8.15	2.31
20070105	1.85	6.77	2.34
20070106	11.0	6.71	2.43
20070107	6.16	7.04	2.46
20070108	1.36	8.56	2.52
20070109	22.97	9.45	2.71
20070110	1.68	6.58	2.93
20070111	1.36	8.87	3.2
20070112	0.41	10.14	3.42
20070113	0.66	6.25	3.44
20070114	0.0	6.11	3.33
20070115	3.06	8.38	3.24
20070116	3.78	8.86	3.14
20070117	9.35	8.55	3.08
20070118	5.37	9.74	3.04
20070119	8.04	9.61	2.94
20070120	2.98	6.08	2.91
20070121	1.78	4.29	2.91
20070122	0.41	0.78	2.91
20070123	1.08	-0.7	2.91
20070124	0.36	0.66	2.93
20070125	0.19	-0.09	2.87
20070126	0.0	4.44	2.83
20070127	0.0	5.76	2.74
20070128	0.0	6.32	2.67
20070129	0.0	6.36	2.6
20070130	0.06	3.16	2.53
20070131	0.0	7.37	2.48
20070201	0.0	8.25	2.42
20070202	0.0	4.45	2.34
20070203	0.0	3.0	2.29
20070204	0.0	2.7	2.24
20070205	0.06	-0.01	2.17
20070206	0.0	-1.61	2.15
20070207	4.51	-0.06	2.1
20070208	2.44	-0.85	2.07
20070209	11.75	1.01	2.05
20070210	9.42	5.56	2.14
20070211	2.64	7.02	2.18
20070212	3.78	6.72	2.15
20070213	3.63	6.54	2.16
20070214	0.01	5.05	2.18
20070215	3.69	7.9	2.21
20070216	1.86	6.05	2.23
20070217	0.0	5.59	2.22
20070218	0.47	6.34	2.21
20070219	5.39	8.13	2.23
20070220	0.33	8.41	2.22
20070221	5.48	8.28	2.19
20070222	10.1	8.12	2.24
20070223	9.32	8.38	2.32
20070224	1.66	7.3	2.34
20070225	0.91	7.86	2.38
20070226	5.81	6.09	2.44
20070227	4.84	8.45	2.59
20070228	2.08	6.65	2.64
20070301	0.01	4.11	2.6
20070302	17.61	6.29	2.67
20070303	0.94	6.66	2.7
20070304	20.03	6.69	2.86
20070305	19.2	7.47	3.02
20070306	1.38	7.47	3.29
20070307	0.02	6.44	3.53
20070308	1.68	8.0	3.73
20070309	0.1	6.55	3.78
20070310	0.0	7.55	3.7
20070311	0.0	9.3	3.6
20070312	0.0	6.51	3.48
20070313	0.0	6.56	3.34
20070314	0.0	7.21	3.22
20070315	0.06	5.58	3.12
20070316	0.0	8.77	3.01
20070317	1.4	9.26	2.92
20070318	2.27	3.38	2.86
20070319	2.49	3.86	2.77
20070320	0.01	0.77	2.65
20070321	2.28	2.22	2.59
20070322	0.66	5.27	2.53
20070323	0.12	5.24	2.46
20070324	0.09	6.54	2.39
20070325	0.01	6.45	2.33
20070326	0.02	6.88	2.25
20070327	0.0	7.42	2.2
20070328	3.29	8.87	2.17
20070329	2.18	4.32	2.13
20070330	0.0	7.61	2.06
20070331	0.13	8.73	2.0
20070401	0.0	8.41	1.96
20070402	0.0	9.62	1.92
20070403	0.01	4.82	1.88
20070404	0.0	5.07	1.85
20070405	0.0	10.31	1.82
20070406	0.0	8.31	1.77
20070407	0.0	8.67	1.72
20070408	0.0	9.65	1.7
20070409	0.0	10.38	1.67
20070410	0.0	10.77	1.64
20070411	0.0	12.19	1.59
20070412	0.0	10.84	1.58
20070413	0.0	11.43	1.55
20070414	0.0	13.95	1.53
20070415	0.0	15.79	1.5
20070416	0.0	11.97	1.47
20070417	0.0	9.04	1.44
20070418	0.0	8.95	1.42
20070419	0.0	11.07	1.39
20070420	0.0	10.8	1.37
20070421	0.0	12.0	1.35
20070422	0.82	14.09	1.34
20070423	2.63	13.1	1.31
20070424	1.66	14.38	1.27
20070425	0.0	10.88	1.23
20070426	0.11	12.66	1.19
20070427	0.0	11.15	1.16
20070428	0.0	13.21	1.14
20070429	0.0	11.28	1.12
20070430	0.0	12.18	1.1
20070501	0.0	12.94	1.08
20070502	0.0	12.29	1.05
20070503	0.0	10.75	1.04
20070504	0.0	9.26	1.03
20070505	0.0	11.9	1.01
20070506	9.26	13.6	1.02
20070507	1.36	12.49	1.03
20070508	1.38	11.64	0.99
20070509	5.76	11.04	1.0
20070510	24.87	9.98	1.05
20070511	10.64	11.28	1.1
20070512	4.43	11.86	1.05
20070513	24.3	10.14	1.14
20070514	3.58	9.62	1.14
20070515	6.44	11.19	1.11
20070516	4.32	13.13	1.1
20070517	0.01	15.68	1.05
20070518	0.15	12.05	1.01
20070519	0.1	9.43	0.98
20070520	0.0	12.43	0.95
20070521	0.0	10.26	0.94
20070522	0.0	13.34	0.93
20070523	0.0	16.54	0.89
20070524	0.0	15.38	0.89
20070525	0.19	12.05	0.89
20070526	8.54	10.66	0.89
20070527	26.38	7.13	0.95
20070528	0.64	6.57	1.03
20070529	1.47	8.33	0.99
20070530	3.85	12.12	0.95
20070531	4.43	11.83	0.93
20070601	0.0	14.42	0.91
20070602	0.0	15.27	0.89
20070603	0.16	16.58	0.85
20070604	0.01	14.24	0.86
20070605	0.0	14.89	0.86
20070606	0.0	14.51	0.84
20070607	0.06	13.99	0.83
20070608	0.0	16.68	0.83
20070609	0.01	18.23	0.81
20070610	0.0	17.74	0.79
20070611	0.0	17.27	0.78
20070612	0.0	15.79	0.76
20070613	8.25	16.79	0.78
20070614	14.95	15.87	0.81
20070615	10.12	15.14	0.89
20070616	0.5	14.11	0.81
20070617	2.36	14.74	0.79
20070618	4.0	14.79	0.79
20070619	2.0	16.37	0.8
20070620	0.13	15.62	0.79
20070621	6.85	14.93	0.8
20070622	3.59	14.51	0.82
20070623	7.55	14.58	0.81
20070624	60.21	12.73	0.93
20070625	7.31	12.18	1.14
20070626	0.01	12.17	1.22
20070627	2.95	10.82	1.39
20070628	5.04	14.6	1.48
20070629	2.29	15.05	1.58
20070630	15.52	15.22	1.67
20070701	17.39	15.38	1.79
20070702	6.67	14.74	1.8
20070703	4.26	14.57	1.87
20070704	1.35	13.98	1.92
20070705	2.19	14.14	1.97
20070706	0.0	13.87	1.97
20070707	0.0	13.0	1.96
20070708	0.87	13.52	1.96
20070709	4.1	14.27	1.94
20070710	0.17	14.23	1.91
20070711	0.1	15.92	1.86
20070712	0.94	17.12	1.84
20070713	5.85	15.99	1.81
20070714	2.53	16.86	1.77
20070715	1.68	16.11	1.76
20070716	0.54	16.48	1.71
20070717	3.93	15.67	1.68
20070718	0.09	15.31	1.64
20070719	22.4	17.53	1.52
20070720	102.14	11.96	3.04
20070721	1.91	11.65	3.73
20070722	3.17	15.01	4.37
20070723	3.42	13.46	4.59
20070724	0.01	15.11	4.44
20070725	5.32	15.76	4.26
20070726	14.57	14.38	4.24
20070727	0.01	15.21	3.87
20070728	9.08	15.2	3.77
20070729	0.0	13.0	3.7
20070730	0.0	12.14	3.58
20070731	0.0	14.54	3.49
20070801	0.65	15.59	3.44
20070802	4.88	13.84	3.41
20070803	0.01	18.43	3.25
20070804	0.0	16.42	3.15
20070805	0.0	19.84	3.06
20070806	0.01	13.99	2.96
20070807	0.01	12.84	2.89
20070808	0.0	13.76	2.81
20070809	0.0	14.24	2.73
20070810	0.0	15.86	2.66
20070811	0.49	17.45	2.59
20070812	0.71	15.36	2.52
20070813	13.39	16.39	2.47
20070814	11.1	16.88	2.54
20070815	9.88	14.0	2.48
20070816	0.91	12.9	2.37
20070817	2.11	14.87	2.29
20070818	7.57	14.66	2.27
20070819	5.77	12.09	2.23
20070820	0.0	13.67	2.2
20070821	0.0	15.11	2.17
20070822	0.0	16.02	2.13
20070823	0.0	17.61	2.11
20070824	0.0	16.46	2.08
20070825	0.0	18.39	2.07
20070826	0.0	14.54	2.05
20070827	0.0	13.86	2.02
20070828	0.0	13.29	1.99
20070829	0.0	12.32	1.96
20070830	0.0	14.39	1.94
20070831	0.0	15.48	1.92
20070901	0.0	14.85	1.88
20070902	2.22	14.97	1.85
20070903	0.0	11.72	1.82
20070904	0.0	14.41	1.78
20070905	0.0	17.31	1.74
20070906	0.0	16.73	1.71
20070907	0.0	15.54	1.66
20070908	0.0	14.82	1.63
20070909	0.0	15.9	1.61
20070910	0.0	13.01	1.58
20070911	0.0	13.41	1.55
20070912	0.0	14.11	1.53
20070913	0.0	15.94	1.5
20070914	0.0	11.96	1.46
20070915	0.0	13.91	1.44
20070916	0.34	13.69	1.43
20070917	0.05	8.3	1.41
20070918	0.02	10.72	1.36
20070919	1.83	14.9	1.33
20070920	1.47	15.48	1.29
20070921	0.06	14.44	1.27
20070922	0.0	15.42	1.25
20070923	10.16	14.12	1.23
20070924	0.04	11.84	1.23
20070925	6.14	9.92	1.21
20070926	0.0	7.3	1.17
20070927	1.78	9.6	1.14
20070928	4.18	11.85	1.13
20070929	0.01	10.91	1.11
20070930	1.29	12.03	1.09
20071001	5.83	11.4	1.1
20071002	0.54	11.52	1.08
20071003	0.28	12.19	1.05
20071004	0.01	9.92	1.02
20071005	0.02	11.04	0.99
20071006	0.0	12.2	0.98
20071007	0.0	11.89	0.97
20071008	8.04	10.84	0.96
20071009	6.17	12.28	0.99
20071010	0.08	10.78	0.96
20071011	0.11	12.74	0.93
20071012	0.05	15.21	0.9
20071013	0.1	13.35	0.89
20071014	0.0	12.45	0.88
20071015	2.62	13.36	0.85
20071016	38.53	11.04	1.04
20071017	0.0	7.55	1.05
20071018	0.02	6.75	1.05
20071019	0.0	6.92	1.05
20071020	0.0	6.91	1.09
20071021	0.0	8.03	1.12
20071022	0.0	6.47	1.14
20071023	0.06	6.05	1.13
20071024	0.02	8.58	1.1
20071025	0.4	8.51	1.07
20071026	0.01	9.9	1.05
20071027	0.3	12.96	1.03
20071028	3.27	10.96	1.02
20071029	0.0	8.37	0.99
20071030	0.0	10.04	0.96
20071031	0.06	11.59	0.94
20071101	0.0	11.47	0.93
20071102	0.06	10.08	0.92
20071103	0.0	8.21	0.89
20071104	0.06	4.99	0.88
20071105	0.46	7.4	0.87
20071106	0.0	8.1	0.87
20071107	0.0	11.12	0.85
20071108	5.79	8.64	0.84
20071109	0.03	8.58	0.84
20071110	0.1	10.95	0.82
20071111	1.37	4.28	0.81
20071112	1.09	2.85	0.82
20071113	0.8	7.11	0.81
20071114	0.06	2.27	0.8
20071115	0.1	1.79	0.78
20071116	0.25	3.52	0.76
20071117	9.0	5.74	0.75
20071118	32.09	3.15	0.97
20071119	9.41	5.83	1.05
20071120	8.8	6.75	1.08
20071121	4.6	5.34	1.16
20071122	0.2	4.44	1.21
20071123	0.0	0.24	1.22
20071124	1.03	4.83	1.26
20071125	0.43	7.57	1.31
20071126	0.81	7.61	1.33
20071127	0.46	8.27	1.37
20071128	0.94	7.71	1.36
20071129	0.1	6.99	1.34
20071130	9.51	8.58	1.38
20071201	8.94	6.95	1.44
20071202	3.22	7.79	1.42
20071203	0.06	7.27	1.43
20071204	11.54	10.0	1.43
20071205	2.55	10.33	1.55
20071206	8.41	9.92	1.66
20071207	3.3	5.49	1.71
20071208	10.59	7.6	1.85
20071209	3.57	5.85	2.01
20071210	1.23	1.66	2.11
20071211	0.02	1.54	2.17
20071212	0.06	1.4	2.23
20071213	0.08	1.19	2.25
20071214	0.0	1.01	2.25
20071215	0.0	-0.53	2.18
20071216	0.0	-0.96	2.12
20071217	0.08	1.56	2.05
20071218	0.0	1.97	1.96
20071219	0.0	-1.0	1.92
20071220	0.06	-1.73	1.84
20071221	0.06	1.05	1.78
20071222	0.38	2.29	1.72
20071223	0.54	2.84	1.65
20071224	17.45	7.7	1.64
20071225	1.3	4.35	1.73
20071226	3.23	5.92	1.67
20071227	1.36	10.16	1.59
20071228	12.85	6.89	1.6
20071229	0.54	5.03	1.66
20071230	0.03	5.45	1.63
20071231	0.12	6.39	1.62
20080101	0.08	5.98	1.63
20080102	0.13	1.95	1.65
20080103	0.08	1.23	1.66
20080104	8.93	4.96	1.69
20080105	0.44	3.9	1.7
20080106	3.6	5.02	1.66
20080107	1.51	5.42	1.65
20080108	5.17	6.23	1.64
20080109	0.73	6.04	1.63
20080110	4.09	6.36	1.63
20080111	44.84	3.01	2.05
20080112	5.16	5.87	2.28
20080113	4.56	7.53	2.63
20080114	20.54	7.94	2.97
20080115	14.89	6.3	3.72
20080116	0.67	3.55	4.08
20080117	5.4	7.9	4.49
20080118	1.07	10.17	4.62
20080119	1.37	11.28	4.49
20080120	0.31	11.06	4.28
20080121	3.04	5.01	4.18
20080122	0.06	5.54	3.92
20080123	0.17	9.36	3.78
20080124	0.0	5.02	3.63
20080125	0.0	7.5	3.49
20080126	0.01	7.17	3.37
20080127	0.06	5.78	3.25
20080128	0.0	5.15	3.14
20080129	2.04	5.62	3.04
20080130	0.41	4.55	2.92
20080131	4.99	4.83	2.87
20080201	0.0	2.15	2.77
20080202	0.03	2.99	2.66
20080203	8.78	3.69	2.61
20080204	7.91	5.89	2.59
20080205	10.05	7.95	2.66
20080206	0.1	4.87	2.62
20080207	0.0	7.35	2.51
20080208	0.06	6.02	2.46
20080209	0.0	6.04	2.43
20080210	0.0	5.42	2.41
20080211	0.0	6.04	2.4
20080212	0.06	6.31	2.38
20080213	0.01	5.41	2.34
20080214	0.0	2.65	2.38
20080215	0.0	0.73	2.34
20080216	0.0	-0.94	2.29
20080217	0.08	0.73	2.24
20080218	0.0	1.44	2.18
20080219	0.01	-0.46	2.15
20080220	0.05	3.66	2.11
20080221	0.01	8.26	2.06
20080222	0.07	8.33	2.0
20080223	0.0	9.04	1.97
20080224	1.25	4.2	1.92
20080225	7.26	5.88	1.91
20080226	0.0	6.62	1.89
20080227	0.0	5.01	1.81
20080228	0.0	5.09	1.77
20080229	1.55	8.15	1.75
20080301	0.0	9.39	1.7
20080302	0.23	5.62	1.66
20080303	0.04	2.75	1.63
20080304	0.0	1.62	1.59
20080305	0.0	5.54	1.57
20080306	1.87	6.93	1.54
20080307	0.08	6.76	1.52
20080308	3.52	6.33	1.51
20080309	12.43	5.77	1.48
20080310	6.91	5.51	1.63
20080311	2.8	8.06	1.59
20080312	0.48	6.18	1.47
20080313	2.33	6.69	1.44
20080314	0.29	8.4	1.42
20080315	44.98	8.23	1.56
20080316	1.39	4.64	1.99
20080317	0.0	3.17	2.01
20080318	0.0	2.76	2.05
20080319	0.0	3.87	2.14
20080320	2.04	5.35	2.2
20080321	1.99	4.32	2.23
20080322	1.39	1.59	2.21
20080323	0.76	3.29	2.2
20080324	0.31	2.95	2.16
20080325	0.01	5.25	2.11
20080326	0.03	4.99	2.06
20080327	4.45	6.82	2.01
20080328	7.4	6.91	2.03
20080329	16.88	6.77	2.05
20080330	0.05	7.83	2.16
20080331	0.33	9.47	2.03
20080401	0.0	9.74	1.96
20080402	0.0	11.35	1.95
20080403	0.0	9.66	1.93
20080404	1.41	8.77	1.92
20080405	4.63	3.78	1.92
20080406	1.11	2.12	1.92
20080407	0.04	2.44	1.87
20080408	1.23	3.74	1.84
20080409	0.25	4.72	1.81
20080410	2.57	6.38	1.78
20080411	2.82	6.32	1.76
20080412	2.14	6.48	1.73
20080413	0.76	5.87	1.71
20080414	0.8	4.36	1.67
20080415	2.08	4.86	1.64
20080416	0.05	5.81	1.61
20080417	0.0	5.77	1.58
20080418	0.27	7.66	1.55
20080419	1.26	7.04	1.53
20080420	1.92	8.15	1.51
20080421	1.87	8.69	1.47
20080422	1.4	10.67	1.43
20080423	4.22	11.43	1.4
20080424	0.86	10.61	1.39
20080425	0.0	10.74	1.35
20080426	0.01	13.44	1.32
20080427	1.59	11.37	1.3
20080428	1.17	7.38	1.29
20080429	13.55	6.99	1.33
20080430	6.98	8.11	1.44
20080501	0.69	8.84	1.39
20080502	0.17	10.41	1.28
20080503	0.09	15.4	1.22
20080504	8.18	15.07	1.23
20080505	0.09	13.42	1.25
20080506	0.0	15.62	1.19
20080507	0.0	16.78	1.17
20080508	0.36	17.72	1.14
20080509	0.48	16.6	1.13
20080510	0.0	17.27	1.12
20080511	0.0	16.91	1.1
20080512	0.0	14.89	1.05
20080513	0.0	14.44	1.03
20080514	3.51	12.76	1.01
20080515	22.16	10.04	1.1
20080516	0.18	10.22	1.16
20080517	0.38	10.04	1.06
20080518	0.03	7.83	1.02
20080519	0.0	7.66	1.01
20080520	0.0	8.42	1.0
20080521	0.0	11.96	0.98
20080522	0.0	14.59	0.97
20080523	0.22	14.13	0.97
20080524	7.86	13.5	0.94
20080525	13.68	10.98	1.05
20080526	13.89	10.73	1.07
20080527	10.53	12.27	1.1
20080528	9.98	12.12	1.22
20080529	2.5	14.28	1.24
20080530	0.0	14.56	1.12
20080531	0.01	15.91	1.08
20080601	0.09	14.42	1.12
20080602	14.34	15.08	1.13
20080603	20.52	10.54	1.54
20080604	0.0	12.58	1.58
20080605	0.0	12.75	1.53
20080606	0.0	12.58	1.6
20080607	0.0	14.21	1.64
20080608	0.0	16.7	1.65
20080609	0.0	17.98	1.61
20080610	0.0	14.4	1.58
20080611	6.37	13.6	1.56
20080612	0.27	9.99	1.54
20080613	0.03	10.18	1.48
20080614	0.01	11.86	1.43
20080615	0.0	11.09	1.4
20080616	0.01	11.91	1.37
20080617	0.2	13.9	1.33
20080618	2.96	13.77	1.3
20080619	0.0	13.94	1.28
20080620	2.57	14.29	1.25
20080621	8.49	15.12	1.26
20080622	0.0	13.14	1.25
20080623	0.02	13.52	1.18
20080624	0.03	16.45	1.17
20080625	0.15	13.85	1.15
20080626	3.81	14.57	1.14
20080627	0.74	16.14	1.13
20080628	0.01	15.18	1.11
20080629	0.0	13.44	1.1
20080630	0.02	14.45	1.02
20080701	2.19	16.86	1.01
20080702	8.06	14.22	1.02
20080703	1.8	12.49	1.02
20080704	2.25	16.32	0.98
20080705	14.3	15.51	0.98
20080706	20.71	14.66	1.09
20080707	4.64	14.31	1.17
20080708	6.31	13.59	1.04
20080709	18.7	14.4	1.18
20080710	2.5	14.93	1.22
20080711	8.67	13.33	1.12
20080712	1.96	11.56	1.14
20080713	0.0	14.8	1.07
20080714	0.0	17.14	1.04
20080715	0.0	17.5	0.98
20080716	0.01	14.85	0.95
20080717	0.02	14.61	0.95
20080718	0.7	16.21	0.94
20080719	0.02	13.37	0.93
20080720	0.0	12.5	0.91
20080721	0.0	13.76	0.89
20080722	0.0	16.89	0.89
20080723	0.0	18.52	0.88
20080724	0.0	19.76	0.89
20080725	0.0	17.37	0.87
20080726	0.0	18.63	0.86
20080727	0.09	20.72	0.85
20080728	24.4	20.76	0.89
20080729	0.26	16.73	0.89
20080730	0.0	18.56	0.81
20080731	10.31	17.19	0.81
20080801	4.88	17.48	0.84
20080802	4.1	17.43	0.81
20080803	2.19	14.98	0.81
20080804	5.37	15.77	0.78
20080805	7.88	17.14	0.82
20080806	0.4	18.29	0.82
20080807	2.83	17.39	0.79
20080808	0.05	14.99	0.78
20080809	7.24	14.86	0.78
20080810	0.4	15.79	0.79
20080811	14.86	14.87	0.76
20080812	4.76	13.72	0.85
20080813	9.49	12.59	0.85
20080814	0.89	12.5	0.86
20080815	0.02	14.49	0.8
20080816	6.88	14.06	0.8
20080817	9.87	15.11	0.85
20080818	4.48	15.05	0.93
20080819	3.49	16.03	0.93
20080820	2.26	15.71	0.93
20080821	1.41	15.48	0.91
20080822	0.34	12.68	0.91
20080823	7.12	15.84	0.93
20080824	0.15	16.17	0.96
20080825	0.0	16.76	0.95
20080826	0.0	16.72	0.93
20080827	0.0	16.49	0.92
20080828	0.0	18.36	0.91
20080829	0.05	18.29	0.9
20080830	0.25	17.64	0.9
20080831	4.11	13.7	0.9
20080901	16.82	14.43	0.93
20080902	4.02	12.73	1.01
20080903	19.15	13.34	1.03
20080904	17.55	13.69	1.2
20080905	20.29	13.28	1.48
20080906	8.37	13.72	1.64
20080907	0.41	13.13	1.91
20080908	8.86	13.25	2.15
20080909	3.21	13.73	2.38
20080910	3.66	15.45	2.46
20080911	1.49	13.4	2.52
20080912	13.09	13.34	2.61
20080913	0.01	13.42	2.63
20080914	0.01	12.8	2.63
20080915	0.0	11.85	2.63
20080916	0.04	12.31	2.63
20080917	0.0	11.2	2.59
20080918	0.0	12.64	2.55
20080919	0.0	12.7	2.5
20080920	0.0	12.46	2.43
20080921	0.0	12.82	2.38
20080922	1.68	13.56	2.3
20080923	0.11	11.72	2.25
20080924	0.01	14.16	2.19
20080925	0.01	12.0	2.12
20080926	0.05	11.62	2.05
20080927	0.01	10.77	2.04
20080928	0.0	11.41	1.98
20080929	0.69	12.96	1.92
20080930	1.14	11.58	1.88
20081001	0.9	8.76	1.84
20081002	1.05	8.53	1.79
20081003	0.03	6.68	1.75
20081004	10.46	11.39	1.72
20081005	3.06	8.08	1.76
20081006	1.52	10.77	1.67
20081007	3.74	10.91	1.63
20081008	0.01	8.8	1.59
20081009	0.0	11.5	1.55
20081010	0.01	13.04	1.5
20081011	0.07	12.61	1.47
20081012	0.01	14.9	1.45
20081013	0.01	13.59	1.42
20081014	0.4	13.17	1.39
20081015	0.25	10.35	1.35
20081016	0.01	7.24	1.32
20081017	0.03	9.02	1.3
20081018	0.1	9.92	1.26
20081019	0.19	11.69	1.23
20081020	9.74	9.57	1.24
20081021	0.05	6.16	1.22
20081022	0.0	8.76	1.17
20081023	2.08	10.48	1.15
20081024	0.0	7.11	1.14
20081025	8.26	10.33	1.14
20081026	0.7	7.76	1.15
20081027	0.33	4.73	1.13
20081028	4.39	2.25	1.1
20081029	5.83	3.08	1.11
20081030	0.03	3.22	1.11
20081031	0.13	3.14	1.06
20081101	23.32	4.35	1.09
20081102	1.16	7.08	1.24
20081103	1.19	9.01	1.22
20081104	0.08	9.43	1.17
20081105	1.04	8.37	1.16
20081106	2.31	7.49	1.17
20081107	4.02	7.69	1.2
20081108	14.48	7.89	1.23
20081109	13.56	7.41	1.38
20081110	10.38	5.89	1.56
20081111	0.17	6.13	1.59
20081112	0.35	6.22	1.65
20081113	5.93	8.31	1.75
20081114	0.04	10.6	1.8
20081115	0.15	11.15	1.82
20081116	1.19	7.35	1.8
20081117	2.85	7.41	1.82
20081118	0.47	7.39	1.81
20081119	0.0	9.53	1.79
20081120	1.02	9.21	1.78
20081121	1.69	5.27	1.75
20081122	1.27	1.49	1.72
20081123	4.67	4.49	1.72
20081124	0.14	3.0	1.68
20081125	0.0	2.25	1.63
20081126	0.08	7.29	1.6
20081127	4.41	4.88	1.58
20081128	0.16	1.33	1.58
20081129	0.18	0.52	1.54
20081130	0.46	-0.05	1.51
20081201	0.06	0.75	1.48
20081202	1.65	0.98	1.46
20081203	12.92	2.18	1.45
20081204	0.26	4.34	1.57
20081205	0.9	4.1	1.55
20081206	0.01	0.99	1.48
20081207	0.32	1.74	1.47
20081208	3.57	2.62	1.47
20081209	0.16	0.6	1.47
20081210	0.26	1.03	1.45
20081211	0.79	0.42	1.45
20081212	22.6	4.58	1.48
20081213	8.35	3.11	1.87
20081214	0.0	2.76	1.88
20081215	0.02	1.14	1.93
20081216	1.46	3.82	2.0
20081217	0.03	5.38	2.05
20081218	1.7	5.53	2.06
20081219	0.05	6.06	2.05
20081220	0.0	9.71	2.01
20081221	0.0	9.12	1.96
20081222	0.45	8.43	1.93
20081223	0.1	6.62	1.88
20081224	0.0	6.1	1.83
20081225	0.0	3.68	1.79
20081226	0.01	0.78	1.73
20081227	0.08	0.68	1.7
20081228	0.0	0.66	1.66
20081229	0.0	-0.62	1.63
20081230	0.0	-2.51	1.59
20081231	0.0	-2.36	1.56
20090101	0.0	-1.5	1.53
20090102	0.07	-1.75	1.51
20090103	0.0	-2.76	1.45
20090104	1.23	-1.8	1.43
20090105	0.21	-2.93	1.39
20090106	0.01	-4.9	1.37
20090107	0.17	0.05	1.36
20090108	0.07	-0.43	1.32
20090109	0.0	-3.08	1.31
20090110	0.01	1.21	1.29
20090111	8.23	6.79	1.28
20090112	5.11	6.83	1.47
20090113	0.38	2.56	1.42
20090114	0.54	2.82	1.32
20090115	1.73	5.69	1.3
20090116	6.39	7.04	1.3
20090117	8.84	5.02	1.43
20090118	8.29	4.33	1.53
20090119	0.37	3.03	1.59
20090120	0.25	2.4	1.57
20090121	10.21	4.36	1.59
20090122	8.03	5.6	1.84
20090123	0.26	1.7	1.96
20090124	5.9	3.48	2.02
20090125	0.15	4.99	2.13
20090126	0.06	3.07	2.18
20090127	6.73	3.73	2.23
20090128	0.35	5.0	2.27
20090129	0.21	2.98	2.24
20090130	0.04	3.33	2.21
20090131	0.0	1.78	2.2
20090201	0.15	-1.28	2.17
20090202	1.94	-2.92	2.17
20090203	3.59	-0.87	2.14
20090204	6.9	0.4	2.09
20090205	9.37	-0.27	2.07
20090206	6.26	-1.9	2.05
20090207	1.91	-0.35	1.96
20090208	5.43	0.61	1.94
20090209	26.28	1.49	2.07
20090210	1.23	1.18	2.17
20090211	3.51	0.59	2.13
20090212	0.96	2.03	2.14
20090213	0.0	2.05	2.22
20090214	0.01	2.97	2.33
20090215	0.11	5.22	2.42
20090216	0.0	7.41	2.57
20090217	0.03	7.7	2.71
20090218	0.2	5.9	2.79
20090219	0.11	5.25	2.84
20090220	0.01	5.67	2.83
20090221	0.01	7.29	2.77
20090222	0.0	8.54	2.71
20090223	0.07	8.14	2.63
20090224	0.07	7.9	2.55
20090225	0.0	6.11	2.46
20090226	0.0	6.79	2.4
20090227	0.0	8.22	2.32
20090228	0.02	5.11	2.25
20090301	0.01	5.58	2.19
20090302	0.25	7.6	2.13
20090303	20.64	3.78	2.18
20090304	0.04	2.78	2.23
20090305	0.01	1.94	2.08
20090306	0.05	5.92	2.01
20090307	1.58	6.62	1.96
20090308	3.49	4.78	1.94
20090309	2.21	7.15	1.88
20090310	0.1	4.84	1.85
20090311	0.04	7.23	1.8
20090312	0.05	7.18	1.78
20090313	0.09	7.86	1.74
20090314	0.0	7.09	1.71
20090315	0.0	7.13	1.67
20090316	0.0	8.0	1.63
20090317	0.0	8.82	1.6
20090318	0.01	7.54	1.59
20090319	0.0	7.33	1.55
20090320	0.0	5.9	1.52
20090321	0.0	8.13	1.51
20090322	0.0	9.18	1.49
20090323	0.29	6.21	1.47
20090324	0.74	8.08	1.46
20090325	1.21	7.84	1.45
20090326	1.75	7.16	1.43
20090327	0.69	4.61	1.4
20090328	1.21	3.86	1.39
20090329	0.0	4.24	1.36
20090330	0.0	8.24	1.36
20090331	0.0	7.5	1.33
20090401	0.0	8.8	1.3
20090402	0.01	7.86	1.28
20090403	0.09	9.3	1.27
20090404	0.01	6.69	1.26
20090405	0.0	7.72	1.23
20090406	1.43	9.62	1.22
20090407	6.44	9.43	1.22
20090408	1.81	9.33	1.21
20090409	1.94	10.17	1.18
20090410	2.58	8.18	1.15
20090411	0.01	8.5	1.13
20090412	0.01	7.69	1.11
20090413	0.2	9.75	1.09
20090414	5.86	11.2	1.09
20090415	1.67	13.15	1.08
20090416	10.04	9.58	1.05
20090417	0.45	6.92	1.08
20090418	0.01	8.72	1.02
20090419	0.0	8.56	0.99
20090420	0.0	10.46	0.97
20090421	0.0	10.19	0.96
20090422	0.0	10.57	0.94
20090423	0.0	12.02	0.93
20090424	1.86	11.78	0.91
20090425	0.06	8.47	0.89
20090426	6.64	9.18	0.88
20090427	4.93	5.67	0.92
20090428	0.38	6.87	0.88
20090429	0.63	11.49	0.85
20090430	1.61	11.26	0.84
20090501	0.2	10.58	0.83
20090502	0.06	10.45	0.83
20090503	0.01	7.35	0.81
20090504	0.37	10.63	0.8
20090505	0.01	12.91	0.75
20090506	0.07	12.01	0.75
20090507	1.73	10.43	0.75
20090508	1.07	8.93	0.73
20090509	0.0	8.16	0.73
20090510	0.0	11.41	0.72
20090511	0.0	9.91	0.7
20090512	0.66	11.61	0.69
20090513	1.38	10.68	0.69
20090514	11.44	11.84	0.69
20090515	1.39	9.61	0.71
20090516	4.29	9.37	0.68
20090517	7.8	9.96	0.7
20090518	8.58	10.65	0.73
20090519	4.95	10.47	0.72
20090520	0.11	11.94	0.69
20090521	0.5	10.35	0.65
20090522	0.0	11.12	0.63
20090523	0.0	12.1	0.62
20090524	0.0	14.76	0.6
20090525	1.33	14.73	0.62
20090526	1.02	10.86	0.59
20090527	1.27	13.09	0.59
20090528	0.0	14.55	0.58
20090529	0.0	15.48	0.57
20090530	0.0	15.08	0.57
20090531	0.0	16.3	0.56
20090601	0.0	15.79	0.57
20090602	0.0	17.14	0.57
20090603	0.0	11.42	0.56
20090604	0.0	12.62	0.54
20090605	9.14	11.85	0.54
20090606	15.27	8.9	0.58
20090607	8.56	10.08	0.63
20090608	0.31	11.87	0.59
20090609	0.01	11.84	0.55
20090610	7.54	11.74	0.56
20090611	0.01	10.56	0.55
20090612	0.0	14.59	0.53
20090613	0.0	15.08	0.54
20090614	0.0	15.34	0.52
20090615	2.8	14.07	0.51
20090616	0.0	15.66	0.52
20090617	1.29	12.47	0.52
20090618	0.07	11.88	0.49
20090619	3.16	13.17	0.5
20090620	0.37	14.15	0.49
20090621	0.16	13.7	0.48
20090622	0.14	16.49	0.48
20090623	0.0	15.94	0.48
20090624	0.0	16.89	0.48
20090625	0.46	18.18	0.47
20090626	9.33	15.1	0.51
20090627	0.89	17.95	0.49
20090628	0.03	20.25	0.47
20090629	0.58	21.85	0.47
20090630	0.26	21.98	0.46
20090701	0.0	22.2	0.46
20090702	0.27	21.88	0.46
20090703	0.14	17.04	0.45
20090704	0.0	17.8	0.45
20090705	1.21	16.96	0.45
20090706	1.96	15.06	0.45
20090707	10.43	13.99	0.46
20090708	1.73	13.15	0.47
20090709	0.0	11.82	0.44
20090710	0.95	16.02	0.44
20090711	11.12	17.3	0.45
20090712	1.44	15.81	0.47
20090713	0.52	15.5	0.46
20090714	3.99	16.65	0.44
20090715	0.02	15.77	0.44
20090716	9.97	15.8	0.45
20090717	3.8	13.78	0.47
20090718	0.91	14.81	0.46
20090719	8.44	13.22	0.46
20090720	10.61	15.12	0.45
20090721	7.22	14.73	0.5
20090722	0.89	15.31	0.5
20090723	0.68	15.71	0.44
20090724	2.87	14.24	0.44
20090725	0.1	16.49	0.42
20090726	8.91	14.32	0.43
20090727	0.4	14.58	0.44
20090728	1.16	16.43	0.43
20090729	24.55	12.3	0.48
20090730	1.1	13.5	0.55
20090731	3.35	15.59	0.47
20090801	4.42	12.51	0.47
20090802	0.01	14.83	0.46
20090803	2.19	17.51	0.44
20090804	24.5	17.16	0.49
20090805	0.44	16.69	0.61
20090806	13.76	15.92	0.58
20090807	0.0	15.22	0.6
20090808	0.0	15.3	0.53
20090809	0.0	17.6	0.51
20090810	0.7	16.17	0.49
20090811	0.01	19.23	0.48
20090812	2.98	17.9	0.49
20090813	0.0	15.37	0.48
20090814	0.26	17.87	0.48
20090815	0.0	17.24	0.47
20090816	0.0	15.75	0.48
20090817	0.0	15.81	0.48
20090818	0.0	16.68	0.48
20090819	0.34	20.48	0.48
20090820	0.47	15.62	0.45
20090821	3.58	12.61	0.44
20090822	0.0	16.56	0.44
20090823	0.05	18.17	0.44
20090824	0.88	13.83	0.44
20090825	2.65	15.39	0.43
20090826	4.03	15.14	0.46
20090827	0.22	15.3	0.44
20090828	1.86	12.53	0.44
20090829	0.0	13.03	0.43
20090830	0.46	15.49	0.43
20090831	0.1	16.09	0.43
20090901	11.17	14.61	0.44
20090902	13.03	13.83	0.48
20090903	1.99	11.94	0.49
20090904	0.0	12.09	0.45
20090905	0.0	13.41	0.45
20090906	0.0	15.07	0.44
20090907	0.07	18.05	0.44
20090908	0.53	16.43	0.42
20090909	0.02	12.57	0.41
20090910	0.0	12.44	0.41
20090911	0.0	13.7	0.41
20090912	0.0	14.1	0.41
20090913	0.0	14.15	0.41
20090914	0.0	13.83	0.41
20090915	0.0	14.29	0.41
20090916	0.0	13.04	0.4
20090917	0.0	12.1	0.4
20090918	0.0	14.23	0.4
20090919	0.09	16.0	0.4
20090920	0.0	12.73	0.4
20090921	0.0	14.36	0.39
20090922	0.15	14.56	0.4
20090923	0.0	11.12	0.39
20090924	0.0	11.24	0.37
20090925	0.0	11.83	0.37
20090926	0.0	12.33	0.38
20090927	0.0	14.03	0.37
20090928	0.0	13.54	0.36
20090929	0.0	15.37	0.36
20090930	0.01	13.58	0.36
20091001	0.0	10.42	0.36
20091002	0.05	12.66	0.36
20091003	1.24	10.72	0.35
20091004	0.07	11.28	0.36
20091005	4.27	13.08	0.36
20091006	8.97	13.61	0.39
20091007	2.68	6.65	0.38
20091008	0.0	8.67	0.39
20091009	0.73	10.3	0.38
20091010	0.01	13.52	0.37
20091011	3.79	9.99	0.38
20091012	0.06	8.13	0.37
20091013	0.0	11.05	0.37
20091014	0.05	12.41	0.36
20091015	2.76	10.37	0.37
20091016	0.06	8.91	0.37
20091017	0.0	6.43	0.37
20091018	0.0	7.53	0.38
20091019	0.49	8.94	0.36
20091020	6.57	9.62	0.37
20091021	0.32	11.55	0.38
20091022	5.2	10.19	0.38
20091023	5.12	12.81	0.38
20091024	3.37	13.6	0.39
20091025	0.76	11.61	0.38
20091026	2.92	12.77	0.37
20091027	0.02	13.37	0.38
20091028	0.0	12.22	0.35
20091029	0.0	12.89	0.36
20091030	4.63	13.0	0.35
20091031	9.51	13.2	0.36
20091101	5.58	9.92	0.39
20091102	5.52	8.52	0.44
20091103	6.99	7.92	0.43
20091104	2.15	8.37	0.45
20091105	1.29	8.5	0.44
20091106	2.34	6.04	0.45
20091107	0.66	6.7	0.46
20091108	0.68	5.55	0.47
20091109	3.54	4.84	0.48
20091110	1.55	5.5	0.49
20091111	5.65	7.04	0.5
20091112	13.31	9.78	0.54
20091113	17.37	10.78	0.67
20091114	5.57	7.94	0.73
20091115	6.62	9.2	0.77
20091116	0.92	9.0	0.84
20091117	0.63	9.53	0.89
20091118	0.29	11.73	0.9
20091119	6.86	12.06	0.93
20091120	1.2	9.36	0.97
20091121	15.25	10.0	1.05
20091122	15.31	8.13	1.18
20091123	3.63	9.79	1.34
20091124	10.97	9.21	1.5
20091125	8.45	6.68	1.75
20091126	8.35	5.89	1.97
20091127	4.4	5.04	2.15
20091128	3.86	4.68	2.32
20091129	19.43	5.14	2.53
20091130	0.04	0.7	2.65
20091201	2.23	2.59	2.79
20091202	2.84	6.27	2.91
20091203	0.16	2.67	2.89
20091204	5.55	5.33	2.84
20091205	18.14	8.95	2.81
20091206	1.18	7.45	2.88
20091207	6.92	5.99	2.94
20091208	4.14	7.34	3.02
20091209	1.39	7.01	3.04
20091210	0.12	4.12	3.02
20091211	0.16	2.71	2.99
20091212	0.04	4.39	2.92
20091213	0.45	4.19	2.85
20091214	4.21	3.31	2.78
20091215	1.05	1.17	2.71
20091216	3.58	2.18	2.63
20091217	0.02	0.3	2.55
20091218	0.08	-2.83	2.46
20091219	0.79	-1.94	2.38
20091220	0.21	-1.54	2.29
20091221	0.24	-2.07	2.22
20091222	0.9	-2.47	2.17
20091223	3.45	-1.46	2.13
20091224	1.76	1.22	2.06
20091225	1.17	2.55	2.01
20091226	2.08	4.83	1.97
20091227	0.15	1.11	1.94
20091228	0.92	0.24	1.87
20091229	17.4	1.3	1.96
20091230	4.68	1.81	2.09
20091231	0.0	-0.39	2.05
20100101	0.01	-1.21	2.05
20100102	0.1	0.71	2.1
20100103	0.0	-2.89	2.13
20100104	0.04	-3.29	2.13
20100105	7.04	-1.07	2.14
20100106	1.28	-4.39	2.11
20100107	0.18	-4.71	2.06
20100108	0.01	-3.06	2.0
20100109	0.1	-2.05	1.94
20100110	4.28	-0.02	1.9
20100111	0.71	-1.05	1.86
20100112	2.62	-0.57	1.83
20100113	2.28	-0.63	1.79
20100114	5.05	0.57	1.73
20100115	12.13	3.06	1.79
20100116	4.66	4.11	2.13
20100117	0.11	4.9	2.18
20100118	0.04	6.07	2.26
20100119	7.7	3.35	2.36
20100120	4.94	0.14	2.55
20100121	9.97	3.46	2.6
20100122	14.18	5.67	2.84
20100123	0.08	1.97	2.94
20100124	0.34	3.23	3.12
20100125	0.01	2.18	3.26
20100126	0.01	-0.72	3.26
20100127	0.61	3.35	3.24
20100128	8.76	4.62	3.2
20100129	0.28	0.73	3.16
20100130	0.07	-0.62	3.0
20100131	0.04	-0.21	2.87
20100201	0.37	2.28	2.77
20100202	2.82	4.44	2.71
20100203	1.96	4.03	2.64
20100204	1.97	5.48	2.59
20100205	0.1	5.49	2.52
20100206	0.15	3.17	2.42
20100207	0.48	2.2	2.38
20100208	0.81	0.3	2.34
20100209	0.24	1.69	2.27
20100210	0.03	-0.21	2.2
20100211	0.03	0.17	2.15
20100212	0.19	2.11	2.12
20100213	0.28	1.95	2.08
20100214	0.0	2.71	2.04
20100215	1.34	2.67	2.01
20100216	1.33	2.78	1.98
20100217	3.09	1.51	1.97
20100218	6.72	0.31	1.97
20100219	1.86	0.6	1.93
20100220	1.99	1.27	1.88
20100221	2.41	2.84	1.85
20100222	2.32	0.91	1.85
20100223	2.73	2.85	1.82
20100224	1.58	7.07	1.82
20100225	4.32	5.17	1.81
20100226	6.42	4.0	1.84
20100227	9.6	5.28	1.9
20100228	0.93	1.87	1.92
20100301	0.14	3.12	1.92
20100302	0.0	4.16	1.95
20100303	0.0	2.57	2.0
20100304	0.0	0.96	2.01
20100305	0.0	4.01	2.02
20100306	0.01	0.32	2.01
20100307	0.0	-0.97	1.99
20100308	0.0	2.8	1.96
20100309	0.0	4.71	1.92
20100310	0.0	1.54	1.88
20100311	0.33	2.66	1.85
20100312	2.12	3.74	1.82
20100313	0.0	5.13	1.77
20100314	0.0	5.9	1.72
20100315	0.0	4.65	1.69
20100316	0.0	6.91	1.67
20100317	0.0	9.09	1.63
20100318	2.33	10.42	1.61
20100319	12.71	9.66	1.63
20100320	4.97	6.74	1.7
20100321	0.0	8.84	1.65
20100322	3.71	5.34	1.59
20100323	4.02	6.91	1.56
20100324	8.59	10.46	1.64
20100325	6.56	8.61	1.72
20100326	4.5	8.81	1.71
20100327	0.48	7.48	1.72
20100328	2.75	8.69	1.7
20100329	3.42	9.08	1.8
20100330	5.31	5.94	1.87
20100331	0.95	3.17	1.92
20100401	4.65	5.12	1.91
20100402	5.27	5.63	1.97
20100403	8.71	5.97	2.05
20100404	0.44	6.19	2.07
20100405	0.0	8.39	2.04
20100406	1.3	9.97	2.07
20100407	0.01	5.98	2.07
20100408	0.0	8.91	2.08
20100409	0.0	10.7	2.06
20100410	0.0	11.17	2.05
20100411	0.0	8.3	2.01
20100412	0.0	7.11	1.97
20100413	0.0	8.89	1.92
20100414	0.0	7.67	1.88
20100415	0.0	5.94	1.84
20100416	0.0	6.51	1.8
20100417	0.0	8.12	1.77
20100418	0.0	10.48	1.74
20100419	0.0	7.38	1.7
20100420	0.0	6.14	1.66
20100421	0.0	5.28	1.63
20100422	0.0	7.19	1.59
20100423	0.0	8.85	1.55
20100424	0.71	13.72	1.53
20100425	0.04	12.3	1.51
20100426	0.0	9.95	1.47
20100427	0.0	12.55	1.44
20100428	0.0	13.79	1.43
20100429	4.69	9.25	1.42
20100430	0.88	9.82	1.39
20100501	24.51	9.77	1.42
20100502	0.06	6.04	1.51
20100503	0.26	5.02	1.38
20100504	0.0	9.28	1.31
20100505	0.29	11.14	1.18
20100506	0.08	8.54	1.15
20100507	1.1	8.85	1.14
20100508	1.04	6.8	1.12
20100509	0.01	6.28	1.1
20100510	0.01	7.72	1.1
20100511	0.0	5.58	1.07
20100512	0.22	5.26	1.05
20100513	0.01	8.29	1.03
20100514	0.0	8.07	1.01
20100515	0.64	9.08	1.0
20100516	3.12	8.78	1.0
20100517	0.0	9.57	0.97
20100518	0.0	13.69	0.95
20100519	0.0	15.13	0.93
20100520	0.0	16.51	0.92
20100521	0.0	16.95	0.91
20100522	0.0	16.22	0.9
20100523	0.0	17.98	0.89
20100524	0.0	17.26	0.88
20100525	0.0	12.81	0.85
20100526	2.97	10.96	0.86
20100527	0.0	10.67	0.85
20100528	0.87	11.9	0.84
20100529	3.97	12.59	0.87
20100530	0.0	11.21	0.83
20100531	1.9	12.68	0.83
20100601	2.86	10.6	0.84
20100602	0.01	13.83	0.78
20100603	0.0	15.19	0.76
20100604	0.0	17.98	0.75
20100605	0.0	18.57	0.74
20100606	4.39	15.05	0.73
20100607	15.18	13.89	0.75
20100608	4.97	14.9	0.8
20100609	0.98	15.48	0.75
20100610	0.01	12.82	0.74
20100611	0.0	13.66	0.71
20100612	0.18	13.31	0.7
20100613	5.74	14.97	0.7
20100614	0.02	11.33	0.72
20100615	0.2	10.7	0.69
20100616	0.0	11.92	0.68
20100617	0.0	14.3	0.64
20100618	0.36	12.55	0.64
20100619	0.0	9.61	0.63
20100620	0.02	13.65	0.63
20100621	0.0	16.88	0.62
20100622	0.0	16.22	0.62
20100623	0.0	17.16	0.61
20100624	0.0	15.67	0.6
20100625	0.0	17.73	0.59
20100626	0.0	18.85	0.59
20100627	0.0	17.37	0.59
20100628	0.65	19.36	0.59
20100629	0.2	18.1	0.59
20100630	0.0	17.75	0.58
20100701	0.46	18.99	0.57
20100702	0.02	15.88	0.57
20100703	0.0	15.47	0.56
20100704	0.0	16.01	0.55
20100705	0.0	14.34	0.55
20100706	0.01	17.56	0.54
20100707	0.01	17.49	0.53
20100708	0.0	17.04	0.51
20100709	0.0	20.01	0.51
20100710	0.2	19.73	0.51
20100711	0.26	17.56	0.5
20100712	0.24	15.9	0.51
20100713	3.45	15.42	0.51
20100714	5.26	17.15	0.51
20100715	6.3	15.31	0.52
20100716	3.9	15.31	0.53
20100717	0.04	14.55	0.5
20100718	0.0	16.94	0.5
20100719	0.58	19.88	0.5
20100720	0.6	18.72	0.51
20100721	0.29	16.44	0.48
20100722	10.56	16.4	0.47
20100723	0.06	15.26	0.48
20100724	0.0	16.92	0.47
20100725	2.53	20.15	0.46
20100726	0.45	19.88	0.46
20100727	2.37	16.64	0.46
20100728	0.0	16.58	0.46
20100729	0.0	14.58	0.47
20100730	1.56	17.55	0.45
20100731	0.02	16.93	0.45
20100801	0.01	15.97	0.44
20100802	0.0	14.68	0.44
20100803	0.13	16.43	0.44
20100804	2.13	13.77	0.45
20100805	0.01	14.48	0.43
20100806	0.92	16.69	0.43
20100807	0.89	16.44	0.44
20100808	0.0	15.73	0.42
20100809	3.59	16.78	0.42
20100810	4.48	13.29	0.44
20100811	0.01	15.31	0.43
20100812	0.46	14.5	0.42
20100813	7.67	13.75	0.42
20100814	4.23	14.05	0.43
20100815	0.0	16.42	0.45
20100816	1.11	18.29	0.42
20100817	0.51	15.15	0.41
20100818	2.27	14.79	0.41
20100819	9.24	16.47	0.41
20100820	1.95	18.39	0.42
20100821	8.56	16.9	0.43
20100822	31.39	17.44	0.47
20100823	8.47	14.18	0.51
20100824	0.01	14.05	0.47
20100825	41.61	13.07	0.48
20100826	5.88	12.23	0.52
20100827	0.37	12.53	0.53
20100828	0.0	14.46	0.48
20100829	0.67	11.28	0.46
20100830	0.0	11.79	0.45
20100831	0.0	13.09	0.45
20100901	0.0	13.68	0.44
20100902	0.0	14.81	0.43
20100903	0.0	14.65	0.43
20100904	0.06	15.54	0.42
20100905	2.3	14.92	0.42
20100906	11.27	15.08	0.43
20100907	0.17	13.16	0.45
20100908	0.06	14.79	0.43
20100909	0.58	16.62	0.42
20100910	1.24	17.71	0.41
20100911	0.08	14.37	0.41
20100912	0.0	13.47	0.41
20100913	0.39	15.56	0.4
20100914	2.49	12.74	0.39
20100915	0.43	12.7	0.39
20100916	0.3	10.78	0.39
20100917	0.0	9.42	0.39
20100918	0.43	12.76	0.38
20100919	0.23	14.41	0.39
20100920	0.03	13.39	0.38
20100921	0.0	14.82	0.38
20100922	3.03	16.52	0.38
20100923	2.48	13.96	0.38
20100924	0.26	6.41	0.37
20100925	0.0	8.0	0.38
20100926	0.21	9.92	0.38
20100927	0.64	11.39	0.37
20100928	4.49	14.46	0.38
20100929	4.78	9.43	0.39
20100930	11.34	13.01	0.4
20101001	15.63	10.53	0.43
20101002	14.86	12.65	0.47
20101003	1.83	11.09	0.48
20101004	1.53	13.53	0.46
20101005	5.08	13.86	0.43
20101006	0.18	11.54	0.43
20101007	0.48	14.25	0.43
20101008	0.0	16.42	0.43
20101009	0.0	13.47	0.42
20101010	0.0	13.39	0.42
20101011	0.0	11.11	0.42
20101012	0.0	9.23	0.42
20101013	0.0	6.96	0.43
20101014	0.0	8.03	0.42
20101015	0.55	8.19	0.42
20101016	0.17	6.13	0.42
20101017	0.08	7.72	0.41
20101018	1.63	9.1	0.41
20101019	3.15	6.5	0.41
20101020	0.18	3.18	0.41
20101021	0.0	6.9	0.39
20101022	6.44	9.08	0.4
20101023	1.53	5.23	0.4
20101024	0.01	3.47	0.41
20101025	1.11	4.91	0.36
20101026	5.37	10.43	0.37
20101027	0.56	11.91	0.38
20101028	0.27	12.52	0.38
20101029	0.09	9.61	0.38
20101030	0.46	10.65	0.38
20101031	0.13	9.18	0.38
20101101	0.22	10.77	0.37
20101102	0.17	11.48	0.36
20101103	0.16	12.7	0.36
20101104	0.22	14.07	0.34
20101105	11.76	10.4	0.35
20101106	5.44	6.25	0.37
20101107	19.56	4.38	0.4
20101108	4.55	4.35	0.49
20101109	0.15	3.25	0.51
20101110	4.56	5.21	0.49
20101111	2.93	10.58	0.52
20101112	2.6	8.16	0.54
20101113	0.27	4.96	0.54
20101114	0.05	2.04	0.54
20101115	0.29	3.6	0.54
20101116	2.32	3.97	0.54
20101117	6.34	5.45	0.57
20101118	1.42	5.44	0.61
20101119	0.29	6.34	0.61
20101120	0.22	4.85	0.6
20101121	0.21	4.28	0.59
20101122	0.02	4.74	0.59
20101123	0.0	1.92	0.59
20101124	0.07	0.29	0.59
20101125	0.05	-1.86	0.59
20101126	0.02	-1.25	0.57
20101127	0.02	-4.16	0.57
20101128	0.01	-5.18	0.55
20101129	0.37	-2.36	0.54
20101130	1.45	-2.14	0.56
20101201	0.04	-2.29	0.55
20101202	0.07	-3.19	0.55
20101203	1.9	-1.7	0.55
20101204	2.36	0.14	0.57
20101205	0.11	-0.6	0.57
20101206	0.01	-6.1	0.57
20101207	0.0	-5.2	0.52
20101208	0.08	-3.29	0.53
20101209	0.18	1.08	0.52
20101210	0.05	4.42	0.53
20101211	0.0	2.06	0.55
20101212	0.01	0.9	0.54
20101213	0.02	1.36	0.54
20101214	1.51	1.49	0.54
20101215	0.22	3.54	0.54
20101216	4.29	0.27	0.54
20101217	3.27	-3.18	0.55
20101218	3.34	-7.0	0.49
20101219	0.0	-8.37	0.45
20101220	1.43	-5.46	0.47
20101221	1.68	-1.84	0.48
20101222	0.01	-1.96	0.48
20101223	0.05	-2.81	0.48
20101224	0.0	-5.68	0.48
20101225	0.11	-6.65	0.48
20101226	0.11	-3.2	0.46
20101227	8.29	1.89	0.48
20101228	2.27	3.91	0.49
20101229	0.79	5.39	0.54
20101230	0.02	4.62	0.58
20101231	0.0	4.19	0.66
20110101	1.55	2.81	0.66
20110102	0.0	0.12	0.7
20110103	0.06	-1.58	0.74
20110104	1.15	2.43	0.76
20110105	3.52	2.71	0.8
20110106	8.51	1.03	0.84
20110107	5.24	5.46	0.92
20110108	0.06	2.71	0.93
20110109	0.17	2.37	0.93
20110110	11.1	5.85	0.97
20110111	7.02	5.18	1.1
20110112	9.86	10.49	1.22
20110113	8.13	10.7	1.35
20110114	0.55	8.26	1.45
20110115	0.55	9.8	1.55
20110116	3.42	7.59	1.67
20110117	5.59	4.01	1.77
20110118	0.02	1.82	1.8
20110119	0.12	1.01	1.8
20110120	0.08	0.01	1.78
20110121	0.14	-1.13	1.76
20110122	0.19	1.89	1.75
20110123	0.0	3.69	1.72
20110124	0.1	3.83	1.69
20110125	2.67	5.54	1.67
20110126	0.41	1.98	1.63
20110127	0.01	-0.28	1.58
20110128	0.0	-2.0	1.53
20110129	0.0	-1.53	1.49
20110130	0.0	-1.98	1.46
20110131	0.12	-0.85	1.43
20110201	0.03	4.68	1.38
20110202	1.88	5.44	1.35
20110203	0.11	6.49	1.3
20110204	0.31	9.76	1.28
20110205	0.44	10.4	1.26
20110206	0.0	9.49	1.21
20110207	0.07	3.73	1.2
20110208	0.05	3.89	1.18
20110209	0.05	7.79	1.16
20110210	4.38	7.82	1.16
20110211	0.79	9.02	1.14
20110212	3.04	6.17	1.11
20110213	13.53	4.45	1.18
20110214	2.12	4.29	1.27
20110215	6.97	2.89	1.23
20110216	0.02	5.1	1.25
20110217	0.0	4.56	1.19
20110218	10.53	3.84	1.2
20110219	0.86	4.56	1.3
20110220	2.0	3.62	1.34
20110221	2.16	4.05	1.34
20110222	3.4	6.25	1.36
20110223	0.64	8.95	1.41
20110224	0.0	9.37	1.42
20110225	14.55	8.82	1.48
20110226	2.22	5.21	1.59
20110227	4.2	4.53	1.63
20110228	0.08	2.76	1.67
20110301	0.06	2.99	1.71
20110302	0.0	2.46	1.76
20110303	0.0	1.57	1.79
20110304	0.0	1.38	1.8
20110305	0.15	3.24	1.8
20110306	0.01	1.14	1.76
20110307	0.0	1.96	1.75
20110308	1.56	4.78	1.72
20110309	0.35	7.1	1.7
20110310	0.01	6.47	1.67
20110311	0.0	7.6	1.63
20110312	1.69	8.67	1.6
20110313	0.01	3.45	1.56
20110314	0.0	6.47	1.51
20110315	0.02	10.03	1.49
20110316	0.03	6.06	1.47
20110317	0.21	7.98	1.44
20110318	0.42	2.41	1.4
20110319	0.0	6.82	1.37
20110320	0.0	9.12	1.33
20110321	0.0	10.19	1.3
20110322	0.0	8.7	1.26
20110323	0.0	9.35	1.24
20110324	0.0	8.6	1.22
20110325	0.01	9.53	1.2
20110326	0.0	8.38	1.18
20110327	0.0	8.14	1.15
20110328	0.0	8.01	1.15
20110329	0.57	10.64	1.12
20110330	5.23	9.96	1.1
20110331	0.01	12.69	1.09
20110401	0.16	12.71	1.06
20110402	0.0	9.1	1.04
20110403	0.81	7.59	1.01
20110404	0.62	9.74	0.98
20110405	0.02	12.16	0.97
20110406	0.0	13.33	0.95
20110407	0.0	10.92	0.93
20110408	0.0	12.52	0.91
20110409	0.0	11.46	0.89
20110410	0.0	12.24	0.89
20110411	0.65	9.2	0.87
20110412	0.0	7.35	0.85
20110413	0.48	8.28	0.85
20110414	0.0	9.99	0.84
20110415	0.0	10.51	0.81
20110416	0.0	10.06	0.81
20110417	0.0	11.71	0.79
20110418	0.0	10.03	0.79
20110419	0.0	12.48	0.77
20110420	0.0	14.08	0.76
20110421	0.0	15.32	0.75
20110422	0.0	15.57	0.73
20110423	0.1	15.82	0.72
20110424	0.0	12.76	0.7
20110425	0.0	12.57	0.69
20110426	0.7	10.48	0.68
20110427	0.0	8.23	0.67
20110428	0.1	11.63	0.66
20110429	1.21	12.37	0.65
20110430	0.04	13.45	0.65
20110501	0.0	12.37	0.63
20110502	0.0	9.22	0.63
20110503	0.0	7.8	0.62
20110504	0.0	12.03	0.61
20110505	0.0	14.35	0.59
20110506	9.28	17.27	0.58
20110507	21.19	16.15	0.64
20110508	0.64	12.28	0.65
20110509	0.23	12.54	0.59
20110510	0.02	13.02	0.58
20110511	0.01	11.19	0.58
20110512	0.12	9.85	0.57
20110513	0.0	8.99	0.57
20110514	0.07	9.83	0.58
20110515	0.15	12.13	0.57
20110516	0.0	13.45	0.57
20110517	0.1	13.71	0.56
20110518	0.07	9.65	0.56
20110519	0.0	11.74	0.54
20110520	0.0	10.61	0.54
20110521	1.54	13.0	0.53
20110522	0.2	11.88	0.55
20110523	1.08	10.22	0.53
20110524	0.0	9.63	0.52
20110525	1.37	13.05	0.49
20110526	3.03	11.6	0.48
20110527	0.02	11.47	0.46
20110528	0.7	13.29	0.46
20110529	2.93	13.83	0.45
20110530	5.17	8.23	0.46
20110531	0.0	9.98	0.46
20110601	0.0	12.66	0.44
20110602	0.0	16.16	0.45
20110603	0.0	16.43	0.44
20110604	0.42	16.13	0.44
20110605	2.17	12.3	0.45
20110606	0.37	10.6	0.45
20110607	1.86	11.34	0.45
20110608	0.25	11.81	0.43
20110609	0.04	11.24	0.42
20110610	1.62	10.17	0.42
20110611	5.85	9.78	0.41
20110612	19.0	12.01	0.48
20110613	0.01	11.73	0.47
20110614	0.0	16.31	0.43
20110615	3.02	14.01	0.42
20110616	1.0	12.59	0.43
20110617	3.62	11.69	0.43
20110618	3.67	12.75	0.43
20110619	0.0	10.87	0.43
20110620	6.3	15.89	0.43
20110621	0.82	14.91	0.42
20110622	0.4	14.09	0.42
20110623	0.07	12.28	0.43
20110624	6.59	13.19	0.41
20110625	0.0	16.39	0.41
20110626	0.0	21.2	0.4
20110627	0.12	19.12	0.4
20110628	0.0	11.94	0.4
20110629	0.0	11.51	0.4
20110630	0.01	11.73	0.4
20110701	0.0	14.82	0.4
20110702	0.0	15.28	0.4
20110703	0.0	16.56	0.4
20110704	0.0	17.49	0.4
20110705	2.52	16.17	0.39
20110706	3.12	14.63	0.4
20110707	5.93	14.01	0.39
20110708	10.38	13.73	0.41
20110709	2.45	14.57	0.41
20110710	0.0	14.62	0.39
20110711	0.0	16.44	0.39
20110712	0.0	14.38	0.38
20110713	0.0	12.12	0.38
20110714	0.0	15.23	0.37
20110715	7.95	17.18	0.38
20110716	9.76	14.72	0.41
20110717	4.2	14.9	0.41
20110718	2.09	13.16	0.39
20110719	0.11	15.3	0.37
20110720	0.41	13.11	0.37
20110721	1.3	13.51	0.36
20110722	0.06	13.44	0.37
20110723	0.0	14.0	0.37
20110724	0.0	13.8	0.36
20110725	0.0	17.84	0.35
20110726	0.0	17.01	0.32
20110727	0.0	15.85	0.31
20110728	0.11	18.29	0.31
20110729	0.03	13.91	0.31
20110730	0.0	16.73	0.32
20110731	0.08	19.13	0.31
20110801	0.0	20.0	0.3
20110802	0.09	18.91	0.3
20110803	4.07	20.29	0.31
20110804	4.6	16.93	0.32
20110805	0.0	16.34	0.31
20110806	1.01	14.71	0.31
20110807	1.66	13.79	0.31
20110808	0.03	13.73	0.3
20110809	0.0	13.72	0.31
20110810	0.07	16.86	0.32
20110811	0.49	18.09	0.32
20110812	1.01	17.49	0.32
20110813	0.0	15.56	0.32
20110814	0.0	13.74	0.32
20110815	1.58	15.67	0.32
20110816	0.33	14.88	0.3
20110817	0.31	12.78	0.3
20110818	7.61	10.22	0.31
20110819	0.0	16.21	0.3
20110820	0.6	16.29	0.3
20110821	0.0	14.83	0.29
20110822	0.8	17.21	0.29
20110823	0.05	13.34	0.3
20110824	21.22	15.15	0.31
20110825	1.83	14.91	0.32
20110826	9.45	11.74	0.33
20110827	1.31	14.02	0.31
20110828	0.1	12.96	0.32
20110829	0.0	13.05	0.31
20110830	0.0	12.82	0.3
20110831	0.0	11.98	0.31
20110901	0.0	15.15	0.31
20110902	0.0	17.55	0.3
20110903	2.05	16.65	0.3
20110904	2.67	13.9	0.3
20110905	4.46	14.79	0.3
20110906	2.72	14.01	0.31
20110907	0.66	13.62	0.28
20110908	0.96	16.04	0.29
20110909	0.28	17.98	0.27
20110910	0.76	16.09	0.28
20110911	2.94	16.07	0.28
20110912	0.01	14.12	0.28
20110913	1.69	12.27	0.28
20110914	0.0	10.66	0.28
20110915	0.0	12.53	0.26
20110916	1.81	15.77	0.26
20110917	3.44	11.7	0.27
20110918	0.44	11.47	0.27
20110919	0.03	14.45	0.27
20110920	10.28	13.45	0.28
20110921	0.3	12.37	0.3
20110922	0.12	11.57	0.28
20110923	0.0	13.08	0.27
20110924	0.44	15.38	0.26
20110925	4.61	15.56	0.28
20110926	0.01	14.92	0.27
20110927	0.13	16.43	0.25
20110928	0.0	18.62	0.26
20110929	0.0	19.54	0.25
20110930	0.0	19.15	0.24
20111001	0.0	19.19	0.27
20111002	0.0	20.47	0.26
20111003	0.01	18.46	0.25
20111004	0.28	15.46	0.24
20111005	4.7	13.43	0.25
20111006	0.42	10.46	0.24
20111007	0.66	10.78	0.24
20111008	0.29	13.1	0.23
20111009	0.01	15.79	0.24
20111010	0.0	15.92	0.24
20111011	0.0	15.0	0.23
20111012	0.01	14.69	0.24
20111013	0.0	12.97	0.24
20111014	0.0	8.95	0.24
20111015	0.0	9.72	0.24
20111016	0.01	11.84	0.24
20111017	8.52	9.78	0.25
20111018	0.0	7.32	0.24
20111019	0.71	5.85	0.24
20111020	0.07	7.66	0.25
20111021	0.0	9.15	0.25
20111022	0.0	10.88	0.25
20111023	0.0	14.81	0.25
20111024	2.74	12.41	0.25
20111025	5.49	8.03	0.25
20111026	7.98	9.67	0.24
20111027	8.44	6.97	0.26
20111028	0.07	8.98	0.26
20111029	0.71	11.46	0.25
20111030	0.07	14.62	0.25
20111031	2.21	11.76	0.23
20111101	0.17	10.26	0.24
20111102	4.97	12.16	0.23
20111103	4.28	12.85	0.25
20111104	5.5	11.26	0.25
20111105	0.07	7.32	0.24
20111106	0.0	7.35	0.23
20111107	0.96	8.08	0.23
20111108	1.25	8.83	0.23
20111109	0.92	11.35	0.22
20111110	0.32	10.76	0.22
20111111	6.22	10.3	0.22
20111112	0.0	11.84	0.22
20111113	0.0	11.6	0.23
20111114	0.09	7.15	0.22
20111115	0.0	7.18	0.23
20111116	0.92	7.21	0.23
20111117	0.01	9.81	0.22
20111118	0.01	9.76	0.22
20111119	0.19	7.41	0.21
20111120	0.09	7.69	0.21
20111121	3.64	8.7	0.21
20111122	0.17	5.55	0.22
20111123	0.02	7.13	0.22
20111124	1.2	9.21	0.22
20111125	0.04	7.41	0.21
20111126	0.35	10.27	0.21
20111127	0.05	4.86	0.22
20111128	2.01	6.91	0.23
20111129	4.84	7.85	0.23
20111130	3.66	7.24	0.24
20111201	0.01	3.62	0.24
20111202	2.21	5.47	0.24
20111203	0.0	7.45	0.24
20111204	0.28	4.45	0.24
20111205	0.0	3.44	0.24
20111206	1.4	5.29	0.21
20111207	0.01	5.33	0.21
20111208	5.91	6.27	0.21
20111209	0.09	2.29	0.21
20111210	0.23	2.93	0.22
20111211	8.11	4.62	0.22
20111212	20.4	6.37	0.26
20111213	11.01	2.69	0.3
20111214	10.07	2.68	0.31
20111215	7.18	3.53	0.31
20111216	4.34	0.91	0.31
20111217	0.2	1.47	0.31
20111218	1.09	1.66	0.31
20111219	4.7	4.23	0.31
20111220	5.22	7.05	0.33
20111221	0.01	9.61	0.33
20111222	0.07	9.61	0.33
20111223	13.0	5.84	0.34
20111224	0.14	6.6	0.36
20111225	0.11	9.84	0.37
20111226	0.48	9.22	0.37
20111227	0.22	7.86	0.38
20111228	0.01	6.03	0.39
20111229	3.28	5.85	0.41
20111230	6.65	7.52	0.43
20111231	0.31	10.14	0.43
20120101	3.58	6.04	0.43
20120102	8.47	6.44	0.44
20120103	7.49	6.92	0.5
20120104	6.73	7.44	0.52
20120105	0.11	4.86	0.55
20120106	0.2	5.75	0.59
20120107	0.01	7.37	0.63
20120108	0.01	7.87	0.65
20120109	0.05	8.51	0.65
20120110	0.0	8.35	0.67
20120111	0.0	8.83	0.67
20120112	0.02	4.97	0.68
20120113	0.08	1.14	0.67
20120114	0.07	0.95	0.66
20120115	0.0	0.75	0.65
20120116	0.02	0.48	0.63
20120117	0.32	3.4	0.62
20120118	4.56	8.57	0.62
20120119	0.86	6.28	0.61
20120120	0.03	8.7	0.63
20120121	0.26	7.53	0.6
20120122	0.0	6.54	0.59
20120123	10.5	3.27	0.57
20120124	0.81	7.49	0.62
20120125	4.15	6.44	0.59
20120126	4.97	2.93	0.61
20120127	1.52	4.19	0.59
20120128	0.0	1.85	0.58
20120129	0.15	0.48	0.57
20120130	0.01	-1.03	0.58
20120131	0.0	-0.82	0.58
20120201	0.0	-2.19	0.58
20120202	0.0	-3.81	0.57
20120203	0.0	-4.37	0.56
20120204	11.0	-1.73	0.57
20120205	1.51	1.94	0.59
20120206	1.36	1.93	0.62
20120207	0.01	-2.3	0.64
20120208	0.0	-2.37	0.63
20120209	2.94	-1.1	0.64
20120210	0.26	-4.69	0.63
20120211	0.13	-3.07	0.59
20120212	0.21	2.69	0.61
20120213	1.13	3.92	0.63
20120214	0.0	5.42	0.64
20120215	0.0	6.7	0.64
20120216	0.0	7.42	0.64
20120217	0.01	8.42	0.64
20120218	2.33	3.68	0.65
20120219	0.02	1.44	0.65
20120220	0.0	4.51	0.65
20120221	0.03	7.8	0.66
20120222	0.48	9.18	0.67
20120223	0.07	10.6	0.66
20120224	0.28	7.65	0.66
20120225	0.0	5.14	0.65
20120226	0.08	7.31	0.65
20120227	0.94	9.01	0.65
20120228	0.08	8.63	0.65
20120229	0.01	7.14	0.64
20120301	0.0	7.14	0.64
20120302	0.97	7.51	0.63
20120303	5.77	7.54	0.63
20120304	8.84	3.24	0.68
20120305	0.06	3.68	0.67
20120306	0.86	6.06	0.65
20120307	1.81	5.65	0.64
20120308	0.0	7.98	0.63
20120309	0.0	8.52	0.62
20120310	0.0	10.17	0.61
20120311	0.0	9.19	0.61
20120312	0.17	6.79	0.6
20120313	0.0	6.2	0.58
20120314	0.02	3.82	0.58
20120315	0.0	5.59	0.58
20120316	2.52	7.14	0.58
20120317	4.18	4.9	0.58
20120318	1.8	3.36	0.6
20120319	0.05	7.44	0.58
20120320	0.0	8.17	0.57
20120321	0.0	8.13	0.58
20120322	0.0	10.56	0.56
20120323	0.0	9.94	0.56
20120324	0.0	11.1	0.55
20120325	0.0	9.12	0.55
20120326	0.0	10.04	0.54
20120327	0.0	10.19	0.55
20120328	0.0	10.72	0.54
20120329	0.0	11.32	0.53
20120330	0.0	9.47	0.51
20120331	0.0	3.82	0.51
20120401	0.0	5.62	0.51
20120402	0.06	8.94	0.51
20120403	4.56	5.93	0.52
20120404	2.21	4.22	0.51
20120405	0.0	2.04	0.49
20120406	0.59	7.41	0.49
20120407	0.88	8.1	0.49
20120408	2.62	10.31	0.49
20120409	8.74	6.69	0.51
20120410	3.27	6.25	0.52
20120411	1.25	6.77	0.53
20120412	1.52	5.24	0.51
20120413	0.34	7.23	0.47
20120414	0.04	4.35	0.45
20120415	0.01	3.3	0.45
20120416	5.33	7.33	0.45
20120417	4.17	7.93	0.47
20120418	11.11	7.04	0.49
20120419	3.26	6.55	0.53
20120420	1.61	5.86	0.53
20120421	1.05	7.14	0.51
20120422	3.91	7.48	0.49
20120423	3.43	6.58	0.5
20120424	9.63	7.98	0.49
20120425	11.44	8.02	0.55
20120426	11.98	9.31	0.64
20120427	7.47	7.45	0.67
20120428	16.92	5.35	0.69
20120429	10.91	7.56	0.81
20120430	17.75	12.73	0.87
20120501	1.31	10.44	1.06
20120502	9.68	9.9	1.24
20120503	1.37	6.62	1.47
20120504	0.35	5.54	1.66
20120505	0.03	5.95	1.76
20120506	1.67	6.29	1.8
20120507	14.7	9.23	1.89
20120508	1.59	11.62	1.9
20120509	12.24	12.24	1.92
20120510	1.7	12.42	1.94
20120511	0.0	7.72	1.91
20120512	0.0	7.68	1.92
20120513	1.06	10.45	1.96
20120514	2.9	8.51	2.0
20120515	2.4	5.73	1.99
20120516	0.01	8.48	1.97
20120517	0.0	10.17	1.93
20120518	2.01	11.45	1.9
20120519	0.0	9.66	1.85
20120520	0.0	8.83	1.8
20120521	0.0	12.59	1.76
20120522	0.0	16.17	1.68
20120523	0.0	18.54	1.64
20120524	0.0	19.11	1.59
20120525	0.0	18.59	1.56
20120526	0.0	16.9	1.51
20120527	0.0	17.78	1.48
20120528	0.0	16.92	1.45
20120529	0.0	15.14	1.42
20120530	0.12	16.68	1.39
20120531	0.3	14.07	1.36
20120601	0.11	15.56	1.34
20120602	13.2	12.48	1.35
20120603	17.91	9.41	1.42
20120604	0.0	10.26	1.38
20120605	5.84	12.29	1.34
20120606	6.79	14.12	1.31
20120607	22.33	12.26	1.39
20120608	0.74	10.93	1.47
20120609	0.0	10.5	1.38
20120610	6.52	13.01	1.32
20120611	18.1	10.02	1.43
20120612	0.0	9.06	1.46
20120613	0.74	10.87	1.4
20120614	18.06	13.12	1.44
20120615	1.85	13.28	1.51
20120616	2.87	12.45	1.49
20120617	3.7	13.36	1.5
20120618	0.0	13.34	1.5
20120619	0.0	13.08	1.5
20120620	9.76	15.33	1.43
20120621	10.03	13.91	1.47
20120622	1.44	12.63	1.47
20120623	11.25	13.05	1.47
20120624	0.27	13.82	1.51
20120625	0.0	16.76	1.46
20120626	3.09	16.81	1.46
20120627	1.31	18.52	1.47
20120628	3.26	18.46	1.47
20120629	5.09	15.27	1.5
20120630	1.65	12.92	1.51
20120701	2.64	14.1	1.47
20120702	8.47	14.5	1.48
20120703	8.28	15.48	1.52
20120704	2.88	15.39	1.55
20120705	3.18	17.45	1.5
20120706	15.98	13.89	1.52
20120707	7.92	14.74	1.61
20120708	2.25	16.83	1.63
20120709	0.13	14.39	1.65
20120710	2.79	13.85	1.69
20120711	8.3	12.34	1.73
20120712	19.66	14.2	1.87
20120713	9.32	14.91	1.9
20120714	3.12	12.91	1.96
20120715	1.89	14.22	2.02
20120716	2.38	15.3	2.09
20120717	2.42	17.61	2.12
20120718	3.9	15.49	2.18
20120719	0.0	14.06	2.17
20120720	0.09	12.57	2.16
20120721	0.0	14.92	2.13
20120722	0.0	16.04	2.09
20120723	0.0	17.32	2.05
20120724	0.0	19.24	2.02
20120725	0.0	20.15	1.98
20120726	0.0	19.96	1.94
20120727	0.0	15.51	1.91
20120728	0.02	13.74	1.87
20120729	3.15	12.6	1.84
20120730	6.78	13.78	1.8
20120731	1.46	16.09	1.78
20120801	1.98	16.3	1.73
20120802	9.09	14.77	1.72
20120803	1.38	16.42	1.68
20120804	4.1	15.41	1.63
20120805	5.25	14.92	1.63
20120806	1.86	14.33	1.51
20120807	2.28	15.82	1.44
20120808	0.01	16.77	1.4
20120809	0.0	17.45	1.36
20120810	0.0	18.53	1.3
20120811	0.08	17.71	1.28
20120812	4.53	17.78	1.28
20120813	4.19	16.53	1.26
20120814	0.04	19.26	1.22
20120815	18.35	16.11	1.3
20120816	4.79	17.55	1.3
20120817	6.18	18.38	1.26
20120818	0.0	19.55	1.26
20120819	0.92	19.22	1.21
20120820	0.05	17.09	1.18
20120821	1.16	15.43	1.18
20120822	0.29	14.84	1.14
20120823	0.0	14.74	1.13
20120824	7.05	15.5	1.12
20120825	16.37	14.9	1.16
20120826	0.03	14.86	1.18
20120827	12.36	14.65	1.22
20120828	5.89	16.55	1.22
20120829	12.9	12.83	1.31
20120830	1.46	10.59	1.29
20120831	0.05	14.38	1.34
20120901	0.09	15.92	1.39
20120902	0.2	14.36	1.43
20120903	0.0	17.0	1.46
20120904	0.0	13.87	1.46
20120905	0.0	11.88	1.46
20120906	0.0	14.1	1.45
20120907	0.0	14.64	1.43
20120908	0.0	15.39	1.43
20120909	0.88	18.82	1.42
20120910	2.69	14.32	1.39
20120911	0.01	10.32	1.36
20120912	2.19	10.52	1.34
20120913	0.01	14.24	1.23
20120914	0.0	11.68	1.2
20120915	0.23	14.54	1.18
20120916	0.27	12.28	1.18
20120917	0.01	11.73	1.14
20120918	0.0	9.94	1.12
20120919	0.0	10.55	1.1
20120920	0.0	12.43	1.1
20120921	0.8	8.5	1.07
20120922	0.0	9.67	1.06
20120923	41.52	9.89	1.11
20120924	7.13	10.46	1.26
20120925	2.37	11.0	1.2
20120926	12.83	10.43	1.25
20120927	0.38	10.69	1.26
20120928	0.03	10.2	1.27
20120929	0.0	9.59	1.3
20120930	1.13	12.33	1.35
20121001	2.05	12.31	1.38
20121002	5.3	11.57	1.4
20121003	1.89	8.68	1.43
20121004	13.76	11.63	1.44
20121005	16.43	8.2	1.54
20121006	0.01	8.72	1.55
20121007	0.67	9.55	1.6
20121008	1.04	9.31	1.68
20121009	0.01	9.7	1.73
20121010	0.25	10.65	1.76
20121011	9.37	10.55	1.84
20121012	0.45	7.96	1.8
20121013	1.57	5.02	1.8
20121014	0.8	6.55	1.78
20121015	4.04	10.07	1.78
20121016	9.42	9.64	1.78
20121017	9.15	12.03	1.84
20121018	0.3	10.66	1.84
20121019	0.38	8.93	1.87
20121020	0.14	8.67	1.9
20121021	2.03	9.02	1.92
20121022	0.6	11.99	1.96
20121023	0.05	11.69	1.94
20121024	0.21	11.35	1.92
20121025	0.2	7.94	1.88
20121026	0.09	2.95	1.85
20121027	1.19	3.23	1.8
20121028	3.5	7.3	1.8
20121029	3.11	6.98	1.76
20121030	0.02	7.14	1.72
20121031	14.28	7.14	1.75
20121101	2.8	4.51	1.73
20121102	1.4	4.39	1.72
20121103	13.42	3.89	1.68
20121104	11.56	2.86	1.94
20121105	0.07	3.61	1.85
20121106	0.51	5.57	1.97
20121107	0.02	7.48	2.08
20121108	0.0	8.86	2.13
20121109	3.18	8.07	2.17
20121110	0.12	4.71	2.17
20121111	0.47	5.81	2.12
20121112	3.55	9.26	2.1
20121113	0.13	11.48	2.05
20121114	0.16	6.65	2.01
20121115	0.02	4.76	1.96
20121116	5.56	8.03	1.92
20121117	0.1	3.93	1.88
20121118	0.07	4.47	1.84
20121119	8.77	9.46	1.81
20121120	23.72	9.72	1.84
20121121	21.32	7.77	2.21
20121122	17.84	7.38	2.29
20121123	0.74	4.73	2.6
20121124	36.91	6.04	3.15
20121125	4.74	6.94	3.99
20121126	4.83	5.82	4.53
20121127	0.53	5.34	4.49
20121128	0.01	1.96	4.44
20121129	0.0	0.81	4.29
20121130	0.14	1.01	4.11
20121201	0.06	1.13	3.93
20121202	8.94	4.39	3.82
20121203	0.14	4.6	3.7
20121204	0.82	2.57	3.53
20121205	0.01	-0.63	3.38
20121206	7.08	1.3	3.33
20121207	0.51	2.65	3.27
20121208	0.05	3.51	3.15
20121209	0.02	3.95	3.08
20121210	0.0	0.33	3.0
20121211	0.17	-3.67	2.94
20121212	0.03	-3.46	2.9
20121213	0.94	0.32	2.85
20121214	15.54	6.28	2.94
20121215	3.47	6.38	2.85
20121216	8.18	6.06	2.85
20121217	0.36	5.64	2.85
20121218	0.22	4.37	2.83
20121219	20.28	6.18	3.0
20121220	6.56	6.96	3.29
20121221	13.18	6.78	3.43
20121222	14.46	9.64	4.12
20121223	9.46	8.02	4.4
20121224	8.59	7.25	4.98
20121225	1.04	5.68	5.16
20121226	6.74	6.73	5.19
20121227	7.29	5.83	5.12
20121228	2.48	9.66	5.02
20121229	15.49	6.04	5.11
20121230	0.56	6.82	5.13
20121231	5.49	5.84	5.19
20130101	0.03	4.43	5.13
20130102	0.07	7.55	5.02
20130103	0.08	8.02	4.87
20130104	0.0	8.05	4.72
20130105	0.01	7.7	4.55
20130106	0.11	7.78	4.39
20130107	0.06	8.12	4.22
20130108	4.44	6.43	4.07
20130109	0.11	2.14	3.93
20130110	0.65	2.6	3.79
20130111	4.78	4.35	3.66
20130112	0.08	0.06	3.55
20130113	0.25	-0.21	3.42
20130114	7.3	0.73	3.37
20130115	0.08	-1.11	3.25
20130116	0.02	-2.97	3.16
20130117	4.45	-0.72	3.06
20130118	8.28	-2.04	3.01
20130119	0.02	-1.81	2.93
20130120	1.91	-2.01	2.86
20130121	0.88	-1.63	2.77
20130122	4.08	-0.81	2.71
20130123	1.89	-1.16	2.65
20130124	0.08	-2.21	2.57
20130125	9.76	1.39	2.54
20130126	16.99	5.75	2.67
20130127	2.1	4.3	2.99
20130128	3.44	5.95	3.14
20130129	12.52	9.38	3.34
20130130	1.55	7.33	3.51
20130131	3.23	6.15	3.66
20130201	0.59	3.42	3.78
20130202	0.03	1.1	3.78
20130203	0.01	6.21	3.77
20130204	1.85	4.63	3.69
20130205	2.97	3.01	3.63
20130206	0.0	1.43	3.5
20130207	1.42	1.84	3.39
20130208	2.73	2.98	3.29
20130209	6.27	2.49	3.23
20130210	19.0	2.2	3.37
20130211	0.13	-0.17	3.25
20130212	0.02	-0.41	3.2
20130213	11.9	3.76	3.25
20130214	0.03	5.2	3.33
20130215	0.13	4.06	3.32
20130216	0.07	3.71	3.33
20130217	0.08	3.93	3.35
20130218	0.0	2.3	3.34
20130219	0.07	4.23	3.31
20130220	0.08	1.3	3.25
20130221	0.0	-0.24	3.18
20130222	0.0	-0.62	3.11
20130223	0.0	-0.15	3.02
20130224	0.05	0.06	2.94
20130225	0.23	1.96	2.84
20130226	0.1	2.21	2.76
20130227	0.0	1.71	2.69
20130228	0.43	4.05	2.62
20130301	0.0	3.46	2.53
20130302	0.0	0.81	2.48
20130303	0.0	2.36	2.4
20130304	0.08	3.39	2.37
20130305	0.06	8.17	2.3
20130306	4.82	6.05	2.27
20130307	4.03	7.27	2.26
20130308	7.97	6.32	2.24
20130309	0.14	3.48	2.19
20130310	0.0	-0.36	2.13
20130311	0.0	-1.94	2.07
20130312	0.01	0.31	2.02
20130313	0.19	0.01	1.99
20130314	1.71	3.47	1.96
20130315	20.0	5.64	1.97
20130316	10.6	3.84	2.09
20130317	1.03	1.56	2.11
20130318	0.15	3.17	2.08
20130319	4.17	2.67	2.09
20130320	0.09	1.82	2.09
20130321	12.26	2.5	2.13
20130322	10.24	1.95	2.22
20130323	2.6	-0.89	2.33
20130324	0.02	-1.42	2.38
20130325	0.08	-0.25	2.45
20130326	0.0	-0.57	2.5
20130327	0.0	-0.72	2.54
20130328	0.0	-0.11	2.54
20130329	0.0	-0.43	2.5
20130330	0.0	-0.33	2.47
20130331	0.01	1.72	2.41
20130401	0.0	0.16	2.35
20130402	0.0	1.96	2.28
20130403	0.0	2.73	2.23
20130404	0.0	1.15	2.17
20130405	0.0	2.14	2.13
20130406	0.0	2.98	2.06
20130407	0.0	5.05	2.04
20130408	0.11	5.13	2.03
20130409	0.02	5.42	1.99
20130410	2.28	6.92	1.82
20130411	8.64	7.22	1.8
20130412	1.51	7.13	1.79
20130413	5.35	10.37	1.74
20130414	0.96	11.63	1.71
20130415	1.29	11.64	1.65
20130416	0.17	10.09	1.61
20130417	0.01	10.92	1.56
20130418	1.45	8.98	1.54
20130419	0.0	6.21	1.5
20130420	0.0	7.24	1.47
20130421	0.0	7.52	1.46
20130422	0.0	9.07	1.44
20130423	0.0	11.42	1.41
20130424	0.0	12.3	1.39
20130425	4.69	10.35	1.37
20130426	0.26	5.95	1.35
20130427	0.8	4.86	1.32
20130428	0.55	6.9	1.31
20130429	0.0	6.37	1.26
20130430	0.0	5.77	1.24
20130501	0.0	8.6	1.22
20130502	0.0	9.11	1.19
20130503	0.03	11.51	1.16
20130504	0.02	9.93	1.14
20130505	0.0	10.16	1.14
20130506	0.0	12.59	1.13
20130507	2.77	15.54	1.12
20130508	0.54	10.62	1.13
20130509	3.26	10.21	1.12
20130510	1.67	9.44	1.1
20130511	7.15	7.96	1.12
20130512	1.18	9.37	1.1
20130513	2.54	7.74	1.04
20130514	22.04	5.96	1.11
20130515	0.49	6.28	1.2
20130516	0.17	8.05	1.08
20130517	0.0	8.41	1.04
20130518	0.0	10.14	1.01
20130519	0.53	12.83	1.01
20130520	0.2	13.09	1.01
20130521	0.0	9.9	1.0
20130522	0.39	9.13	1.0
20130523	2.0	6.8	0.98
20130524	0.73	6.93	0.97
20130525	0.0	8.92	0.96
20130526	0.0	10.08	0.94
20130527	4.46	10.99	0.95
20130528	16.7	8.06	1.01
20130529	7.57	10.45	1.0
20130530	2.67	12.44	0.99
20130531	0.08	13.22	0.97
20130601	0.0	10.33	0.93
20130602	0.0	10.7	0.91
20130603	0.0	11.33	0.89
20130604	0.0	13.76	0.88
20130605	0.0	11.69	0.85
20130606	0.0	12.75	0.84
20130607	0.01	13.36	0.85
20130608	0.0	12.74	0.83
20130609	0.0	11.08	0.82
20130610	0.29	10.88	0.82
20130611	0.09	14.66	0.82
20130612	4.54	14.22	0.82
20130613	0.04	11.4	0.81
20130614	6.32	12.4	0.8
20130615	1.97	12.19	0.82
20130616	2.28	12.41	0.8
20130617	0.35	14.42	0.77
20130618	0.0	15.63	0.76
20130619	2.63	18.03	0.76
20130620	0.66	15.35	0.74
20130621	2.17	15.65	0.74
20130622	0.23	13.71	0.74
20130623	0.57	11.24	0.73
20130624	0.02	10.92	0.69
20130625	0.0	13.66	0.69
20130626	0.0	14.7	0.68
20130627	8.01	14.48	0.69
20130628	0.9	15.84	0.69
20130629	0.0	16.57	0.69
20130630	0.0	14.9	0.68
20130701	0.0	13.12	0.67
20130702	1.51	14.35	0.64
20130703	0.12	14.28	0.64
20130704	0.0	14.39	0.63
20130705	0.0	17.2	0.61
20130706	0.0	18.33	0.61
20130707	0.0	20.19	0.6
20130708	0.0	17.68	0.6
20130709	0.0	18.28	0.59
20130710	0.0	16.74	0.59
20130711	0.0	15.52	0.59
20130712	0.0	18.79	0.58
20130713	0.0	21.84	0.58
20130714	0.0	19.18	0.57
20130715	0.0	19.7	0.57
20130716	0.0	19.93	0.53
20130717	0.0	21.06	0.53
20130718	0.0	20.23	0.52
20130719	0.0	21.14	0.52
20130720	0.0	18.64	0.52
20130721	0.0	19.52	0.53
20130722	13.35	23.42	0.53
20130723	0.02	19.26	0.55
20130724	3.91	20.04	0.54
20130725	0.1	17.81	0.52
20130726	0.0	17.33	0.52
20130727	17.73	18.64	0.54
20130728	0.3	18.47	0.55
20130729	4.53	17.1	0.53
20130730	0.72	18.46	0.52
20130731	0.57	18.95	0.52
20130801	0.07	22.37	0.51
20130802	1.53	17.81	0.46
20130803	0.68	17.15	0.48
20130804	4.66	16.62	0.49
20130805	9.86	14.8	0.49
20130806	0.0	15.41	0.5
20130807	0.0	14.57	0.47
20130808	0.92	18.79	0.46
20130809	0.0	15.39	0.46
20130810	0.54	16.18	0.45
20130811	0.0	15.35	0.45
20130812	0.0	13.22	0.45
20130813	0.13	13.08	0.44
20130814	2.97	17.12	0.44
20130815	2.85	19.2	0.44
20130816	1.14	17.06	0.44
20130817	2.87	15.5	0.44
20130818	0.0	15.23	0.44
20130819	0.0	14.36	0.42
20130820	0.0	15.91	0.41
20130821	4.29	18.77	0.41
20130822	0.08	19.29	0.41
20130823	1.36	18.25	0.41
20130824	0.02	14.29	0.4
20130825	0.01	17.79	0.41
20130826	0.0	16.81	0.4
20130827	0.0	17.12	0.4
20130828	0.0	15.29	0.4
20130829	0.01	17.91	0.39
20130830	0.01	15.71	0.39
20130831	0.0	11.99	0.39
20130901	0.0	14.64	0.39
20130902	0.0	16.01	0.39
20130903	0.0	17.05	0.38
20130904	0.0	17.46	0.38
20130905	4.98	17.31	0.38
20130906	0.44	10.84	0.39
20130907	0.1	11.65	0.39
20130908	14.23	11.85	0.38
20130909	3.2	11.37	0.42
20130910	0.0	12.47	0.39
20130911	4.65	13.46	0.38
20130912	1.81	17.0	0.38
20130913	15.58	11.74	0.39
20130914	0.19	8.88	0.4
20130915	1.78	10.62	0.38
20130916	0.4	10.16	0.37
20130917	9.51	11.22	0.39
20130918	0.74	10.45	0.39
20130919	0.55	13.37	0.37
20130920	0.0	11.95	0.37
20130921	0.0	16.1	0.37
20130922	0.0	17.08	0.37
20130923	0.02	13.74	0.37
20130924	0.15	15.45	0.35
20130925	0.01	16.05	0.35
20130926	0.01	12.92	0.34
20130927	0.0	13.63	0.34
20130928	0.19	14.42	0.34
20130929	0.0	14.98	0.34
20130930	0.84	13.34	0.36
20131001	1.98	13.95	0.35
20131002	1.92	16.03	0.35
20131003	5.87	16.38	0.36
20131004	0.25	15.24	0.36
20131005	0.01	12.03	0.36
20131006	0.01	14.04	0.35
20131007	0.01	14.89	0.33
20131008	0.0	14.56	0.32
20131009	0.02	9.29	0.33
20131010	0.66	8.53	0.31
20131011	3.51	11.0	0.31
20131012	8.69	11.36	0.34
20131013	10.18	8.23	0.34
20131014	7.26	7.97	0.38
20131015	0.77	8.69	0.38
20131016	9.32	11.93	0.37
20131017	0.23	12.88	0.37
20131018	5.46	13.8	0.35
20131019	10.77	14.23	0.37
20131020	9.35	13.12	0.38
20131021	9.16	14.76	0.39
20131022	10.9	13.93	0.42
20131023	0.39	9.75	0.41
20131024	5.5	12.52	0.42
20131025	3.07	14.76	0.41
20131026	7.96	11.61	0.43
20131027	30.2	10.99	0.48
20131028	2.98	8.6	0.54
20131029	0.03	6.39	0.53
20131030	3.68	9.61	0.57
20131031	2.33	9.31	0.63
20131101	1.51	9.97	0.68
20131102	2.12	8.75	0.73
20131103	13.36	6.59	0.79
20131104	4.23	5.79	0.85
20131105	1.95	9.04	0.92
20131106	9.31	8.94	0.99
20131107	0.33	6.44	1.06
20131108	6.98	4.52	1.18
20131109	5.53	4.41	1.3
20131110	3.59	5.58	1.38
20131111	4.79	10.26	1.47
20131112	0.09	5.33	1.52
20131113	1.84	5.24	1.53
20131114	0.6	3.81	1.56
20131115	0.05	3.89	1.59
20131116	0.36	5.11	1.59
20131117	0.1	7.58	1.59
20131118	1.55	3.75	1.59
20131119	0.07	1.34	1.56
20131120	7.64	4.58	1.57
20131121	0.28	4.02	1.55
20131122	0.03	2.58	1.51
20131123	0.08	2.26	1.47
20131124	0.0	3.85	1.43
20131125	0.0	1.04	1.39
20131126	0.25	3.52	1.36
20131127	0.0	7.94	1.34
20131128	0.0	7.46	1.31
20131129	0.01	5.54	1.29
20131130	0.0	3.36	1.26
20131201	0.0	5.29	1.24
20131202	0.0	5.33	1.21
20131203	0.45	5.4	1.19
20131204	0.17	3.18	1.17
20131205	0.0	5.33	1.14
20131206	0.0	4.74	1.12
20131207	0.08	6.64	1.1
20131208	0.02	7.36	1.08
20131209	0.08	5.71	1.06
20131210	0.01	5.26	1.04
20131211	0.1	3.88	1.03
20131212	1.82	8.05	1.01
20131213	0.59	6.33	1.0
20131214	2.22	7.63	0.99
20131215	9.97	9.43	0.97
20131216	8.45	6.33	1.05
20131217	0.29	4.1	1.11
20131218	19.62	5.36	1.14
20131219	1.6	3.46	1.21
20131220	7.15	6.43	1.26
20131221	6.87	7.69	1.35
20131222	3.78	4.81	1.43
20131223	39.86	7.56	1.76
20131224	0.22	3.51	2.04
20131225	1.63	3.06	2.44
20131226	9.47	5.62	2.77
20131227	4.87	4.92	3.0
20131228	0.15	3.17	2.96
20131229	9.87	5.27	2.97
20131230	6.6	6.43	3.09
20131231	7.36	5.95	3.12
20140101	24.1	7.27	3.32
20140102	7.62	6.87	3.41
20140103	17.16	5.34	3.74
20140104	6.23	3.18	4.24
20140105	11.44	6.62	4.44
20140106	12.02	8.14	4.75
20140107	0.31	7.73	4.95
20140108	10.41	7.72	5.03
20140109	0.03	4.17	5.06
20140110	1.6	4.29	4.97
20140111	0.02	2.18	4.82
20140112	5.87	4.54	4.73
20140113	5.01	3.51	4.61
20140114	6.51	4.68	4.46
20140115	7.8	6.86	4.39
20140116	5.64	5.95	4.28
20140117	2.59	5.6	4.25
20140118	9.09	4.46	4.28
20140119	0.01	2.64	4.27
20140120	0.55	2.02	4.19
20140121	9.73	2.67	4.21
20140122	1.3	5.0	4.18
20140123	0.69	4.45	4.11
20140124	12.63	5.63	4.19
20140125	3.59	5.79	4.13
20140126	7.17	5.07	4.25
20140127	8.37	4.9	4.26
20140128	6.67	5.56	4.4
20140129	7.28	2.82	4.45
20140130	0.07	1.49	4.48
20140131	16.99	4.88	4.68
20140201	5.29	4.33	4.72
20140202	0.6	5.11	4.84
20140203	2.87	3.68	4.88
20140204	9.72	4.64	4.9
20140205	7.01	6.43	4.91
20140206	24.63	4.36	5.0
20140207	6.29	5.81	5.2
20140208	9.11	5.86	5.54
20140209	1.35	2.94	5.62
20140210	6.15	3.6	5.58
20140211	6.01	3.65	5.52
20140212	10.58	4.25	5.59
20140213	3.63	3.6	5.55
20140214	24.25	6.53	5.57
20140215	1.72	4.16	5.82
20140216	0.02	5.21	5.8
20140217	6.61	6.82	5.84
20140218	0.7	6.55	5.8
20140219	2.57	7.95	5.66
20140220	1.27	6.31	5.52
20140221	1.34	5.57	5.31
20140222	0.5	7.9	5.13
20140223	0.16	8.61	4.94
20140224	5.44	7.35	4.79
20140225	2.0	5.62	4.69
20140226	7.65	6.8	4.5
20140227	6.82	5.52	4.44
20140228	6.22	1.38	4.43
20140301	0.03	4.92	4.3
20140302	15.27	4.12	4.39
20140303	0.62	3.5	4.36
20140304	0.01	4.32	4.36
20140305	0.02	6.52	4.32
20140306	1.27	8.55	4.3
20140307	0.1	8.52	4.26
20140308	0.0	9.62	4.2
20140309	0.0	10.44	4.09
20140310	0.0	7.43	3.99
20140311	0.0	5.12	3.87
20140312	0.09	5.37	3.76
20140313	0.15	5.69	3.66
20140314	0.0	8.19	3.54
20140315	0.0	10.97	3.44
20140316	0.0	10.99	3.36
20140317	0.0	9.28	3.27
20140318	0.23	8.57	3.2
20140319	0.0	9.15	3.12
20140320	5.43	7.07	3.08
20140321	5.2	5.74	3.01
20140322	0.79	4.64	2.94
20140323	1.5	2.84	2.86
20140324	4.87	6.41	2.78
20140325	2.28	3.99	2.74
20140326	2.32	3.98	2.67
20140327	4.42	3.99	2.61
20140328	2.12	7.42	2.54
20140329	0.0	11.61	2.48
20140330	0.0	12.5	2.41
20140331	0.79	10.85	2.37
20140401	0.0	11.37	2.31
20140402	0.12	12.36	2.26
20140403	6.16	10.04	2.22
20140404	0.48	9.48	2.21
20140405	3.35	11.42	2.14
20140406	6.35	12.16	2.12
20140407	2.79	8.17	2.12
20140408	0.01	7.96	2.05
20140409	0.0	7.97	1.98
20140410	0.0	7.69	1.93
20140411	0.0	9.19	1.88
20140412	0.0	7.49	1.86
20140413	0.0	9.16	1.83
20140414	0.0	7.69	1.79
20140415	0.0	7.19	1.76
20140416	0.0	9.61	1.73
20140417	0.0	8.16	1.68
20140418	0.0	5.73	1.67
20140419	0.0	7.92	1.64
20140420	6.57	8.67	1.63
20140421	8.25	12.72	1.7
20140422	0.59	10.08	1.63
20140423	2.58	9.59	1.58
20140424	0.07	10.27	1.55
20140425	22.07	8.64	1.69
20140426	3.88	10.46	1.7
20140427	3.01	10.0	1.66
20140428	1.29	9.77	1.63
20140429	0.18	10.29	1.62
20140430	0.74	12.74	1.63
20140501	5.4	10.63	1.64
20140502	0.0	5.68	1.61
20140503	0.0	8.38	1.59
20140504	0.0	8.85	1.57
20140505	6.6	13.28	1.57
20140506	0.69	11.96	1.58
20140507	3.73	11.49	1.53
20140508	2.14	11.82	1.52
20140509	5.16	12.15	1.49
20140510	0.53	10.91	1.49
20140511	0.75	9.66	1.46
20140512	3.76	10.4	1.44
20140513	0.81	9.43	1.41
20140514	0.0	11.22	1.35
20140515	0.0	13.46	1.34
20140516	0.0	14.27	1.32
20140517	0.0	14.75	1.3
20140518	0.0	15.19	1.29
20140519	0.38	18.11	1.25
20140520	0.34	11.57	1.18
20140521	9.14	14.09	1.16
20140522	7.11	12.48	1.22
20140523	11.64	9.93	1.21
20140524	10.23	11.29	1.25
20140525	0.01	10.25	1.22
20140526	3.51	11.96	1.15
20140527	6.48	11.88	1.14
20140528	4.89	11.22	1.15
20140529	9.76	13.88	1.22
20140530	0.05	12.49	1.25
20140531	0.0	12.27	1.15
20140601	0.0	15.0	1.1
20140602	0.1	14.43	1.09
20140603	2.06	13.6	1.08
20140604	19.93	10.53	1.15
20140605	0.0	11.49	1.3
20140606	1.77	16.98	1.17
20140607	4.81	15.28	1.17
20140608	2.77	16.11	1.14
20140609	0.14	16.06	1.1
20140610	1.96	14.78	1.09
20140611	0.0	13.74	1.09
20140612	0.0	16.04	1.07
20140613	2.94	18.2	1.05
20140614	0.02	16.22	1.05
20140615	0.0	15.13	1.04
20140616	0.0	13.43	1.02
20140617	0.0	16.37	1.01
20140618	0.0	16.73	1.0
20140619	0.0	15.73	0.93
20140620	0.0	15.23	0.9
20140621	0.0	15.04	0.89
20140622	0.0	17.84	0.89
20140623	0.28	17.31	0.89
20140624	0.0	15.08	0.86
20140625	0.01	14.76	0.86
20140626	7.59	16.01	0.86
20140627	6.16	13.6	0.87
20140628	7.68	13.66	0.89
20140629	0.0	13.12	0.87
20140630	0.0	14.75	0.85
20140701	0.0	14.94	0.8
20140702	0.0	16.68	0.77
20140703	0.0	17.97	0.78
20140704	7.95	17.71	0.77
20140705	2.05	14.4	0.79
20140706	3.93	14.03	0.77
20140707	6.14	14.16	0.8
20140708	1.19	13.86	0.79
20140709	0.0	15.06	0.75
20140710	0.0	16.59	0.74
20140711	0.05	17.11	0.74
20140712	0.44	20.26	0.73
20140713	0.29	14.36	0.72
20140714	2.29	17.29	0.72
20140715	0.0	16.25	0.71
20140716	0.34	17.64	0.67
20140717	7.26	21.01	0.68
20140718	11.93	20.68	0.69
20140719	18.42	18.95	0.77
20140720	0.83	18.45	0.76
20140721	0.0	17.98	0.72
20140722	0.0	19.48	0.7
20140723	0.09	19.69	0.68
20140724	0.0	19.77	0.67
20140725	0.13	19.66	0.66
20140726	0.0	20.99	0.65
20140727	0.0	16.92	0.64
20140728	0.0	17.18	0.61
20140729	0.0	16.79	0.61
20140730	0.0	17.14	0.59
20140731	0.04	17.55	0.6
20140801	5.51	18.13	0.6
20140802	8.53	15.15	0.61
20140803	0.06	15.47	0.59
20140804	0.84	15.94	0.58
20140805	16.65	17.83	0.6
20140806	0.51	17.03	0.6
20140807	0.01	16.92	0.58
20140808	0.92	16.76	0.57
20140809	16.92	16.93	0.58
20140810	10.24	13.92	0.64
20140811	0.55	14.59	0.62
20140812	2.8	13.69	0.59
20140813	0.32	15.15	0.58
20140814	4.6	13.52	0.54
20140815	0.06	13.36	0.54
20140816	0.01	15.23	0.53
20140817	0.09	14.01	0.52
20140818	2.74	12.92	0.52
20140819	2.68	10.18	0.51
20140820	0.03	10.45	0.51
20140821	1.08	13.21	0.51
20140822	0.01	11.8	0.5
20140823	0.31	10.65	0.5
20140824	4.54	13.78	0.5
20140825	23.52	14.02	0.57
20140826	1.76	12.31	0.57
20140827	4.02	15.98	0.55
20140828	2.62	15.65	0.53
20140829	0.39	14.37	0.52
20140830	0.0	13.52	0.51
20140831	0.3	15.84	0.51
20140901	0.42	13.61	0.51
20140902	0.0	15.98	0.51
20140903	0.0	15.78	0.5
20140904	0.0	16.74	0.49
20140905	0.0	16.04	0.47
20140906	0.01	15.68	0.48
20140907	0.0	12.48	0.48
20140908	0.0	13.26	0.48
20140909	0.0	14.64	0.47
20140910	0.0	14.12	0.44
20140911	0.0	13.44	0.44
20140912	0.0	15.07	0.44
20140913	0.0	13.47	0.44
20140914	0.0	15.38	0.43
20140915	0.03	13.91	0.44
20140916	0.0	17.09	0.44
20140917	0.0	17.66	0.44
20140918	11.37	18.67	0.44
20140919	2.15	16.57	0.45
20140920	0.05	13.45	0.44
20140921	0.0	10.28	0.43
20140922	0.0	11.81	0.42
20140923	3.42	14.02	0.42
20140924	0.01	10.68	0.42
20140925	0.55	15.62	0.4
20140926	0.08	14.86	0.41
20140927	0.0	15.68	0.41
20140928	0.0	15.94	0.4
20140929	0.05	14.98	0.4
20140930	0.1	15.6	0.4
20141001	0.07	14.08	0.4
20141002	0.0	14.52	0.4
20141003	3.37	15.28	0.4
20141004	3.93	8.38	0.4
20141005	14.05	11.45	0.41
20141006	8.42	8.88	0.44
20141007	0.83	9.31	0.44
20141008	4.73	12.27	0.43
20141009	2.74	11.17	0.44
20141010	4.66	11.3	0.44
20141011	1.57	8.86	0.44
20141012	5.4	8.46	0.43
20141013	28.82	9.9	0.46
20141014	2.08	10.12	0.51
20141015	7.82	11.16	0.54
20141016	0.76	13.52	0.53
20141017	6.96	15.89	0.53
20141018	0.42	15.56	0.56
20141019	0.24	13.31	0.56
20141020	1.54	12.35	0.6
20141021	0.22	8.13	0.6
20141022	0.07	10.81	0.61
20141023	0.73	13.35	0.61
20141024	6.14	9.86	0.63
20141025	0.13	11.58	0.63
20141026	0.0	12.77	0.63
20141027	0.04	12.42	0.63
20141028	0.09	13.55	0.62
20141029	4.73	11.49	0.63
20141030	0.02	15.25	0.62
20141031	0.77	15.58	0.61
20141101	8.69	13.15	0.61
20141102	2.59	9.84	0.64
20141103	2.24	5.26	0.67
20141104	2.73	4.74	0.67
20141105	0.09	4.42	0.66
20141106	14.86	8.32	0.66
20141107	6.55	7.67	0.73
20141108	5.02	7.06	0.79
20141109	1.0	7.81	0.81
20141110	1.63	9.19	0.81
20141111	14.46	9.35	0.89
20141112	1.15	9.43	1.02
20141113	11.34	11.12	1.06
20141114	0.25	9.4	1.15
20141115	0.58	8.73	1.21
20141116	13.2	8.63	1.23
20141117	1.48	6.52	1.36
20141118	0.04	8.46	1.44
20141119	0.94	7.82	1.36
20141120	0.26	6.62	1.37
20141121	7.57	8.95	1.43
20141122	7.13	10.2	1.47
20141123	0.14	2.91	1.48
20141124	0.12	2.64	1.46
20141125	8.06	3.07	1.47
20141126	1.88	6.51	1.53
20141127	0.07	7.71	1.53
20141128	1.71	8.78	1.54
20141129	0.22	7.89	1.55
20141130	0.04	8.24	1.53
20141201	0.02	5.96	1.53
20141202	0.0	2.95	1.53
20141203	0.24	2.86	1.5
20141204	0.19	1.52	1.48
20141205	0.18	1.99	1.45
20141206	1.64	3.81	1.42
20141207	0.65	4.5	1.4
20141208	0.0	2.29	1.37
20141209	2.21	5.7	1.34
20141210	0.79	5.51	1.34
20141211	10.23	6.06	1.32
20141212	0.05	1.75	1.39
20141213	0.06	2.16	1.32
20141214	2.02	5.21	1.27
20141215	0.09	3.37	1.26
20141216	11.13	6.43	1.26
20141217	0.18	11.0	1.34
20141218	4.13	8.76	1.3
20141219	0.01	5.98	1.3
20141220	0.07	5.78	1.28
20141221	0.34	9.07	1.3
20141222	0.1	10.1	1.31
20141223	1.8	7.86	1.34
20141224	0.01	4.48	1.34
20141225	0.0	3.03	1.32
20141226	11.71	4.03	1.39
20141227	0.68	1.25	1.43
20141228	0.01	-0.18	1.36
20141229	0.06	0.45	1.35
20141230	0.06	1.72	1.36
20141231	0.45	5.52	1.37
20150101	3.01	8.47	1.39
20150102	10.83	4.46	1.4
20150103	1.98	0.94	1.51
20150104	0.07	2.39	1.45
20150105	0.36	7.0	1.42
20150106	0.9	4.67	1.42
20150107	6.54	7.45	1.43
20150108	2.7	6.9	1.52
20150109	0.52	11.15	1.51
20150110	2.69	6.47	1.51
20150111	0.74	5.9	1.48
20150112	12.46	6.93	1.6
20150113	5.32	2.78	1.74
20150114	23.14	5.17	1.83
20150115	5.11	3.52	2.22
20150116	0.57	1.77	2.38
20150117	2.17	1.61	2.49
20150118	0.72	0.25	2.6
20150119	0.05	-0.54	2.64
20150120	4.1	0.37	2.6
20150121	1.89	1.7	2.58
20150122	0.0	-1.65	2.47
20150123	1.71	2.08	2.38
20150124	0.08	3.06	2.29
20150125	0.18	5.54	2.22
20150126	0.01	4.84	2.17
20150127	0.32	6.54	2.09
20150128	1.89	4.68	2.08
20150129	1.62	2.24	2.04
20150130	4.52	2.72	2.0
20150131	0.63	2.57	1.98
20150201	0.04	-0.12	1.91
20150202	0.18	-0.97	1.86
20150203	0.21	0.26	1.8
20150204	0.0	1.29	1.75
20150205	0.82	-0.12	1.73
20150206	0.05	0.42	1.69
20150207	0.01	1.02	1.66
20150208	0.08	3.0	1.63
20150209	0.02	3.7	1.6
20150210	0.01	2.77	1.57
20150211	0.0	2.89	1.54
20150212	0.14	3.22	1.51
20150213	9.31	4.72	1.51
20150214	0.04	5.45	1.54
20150215	0.78	4.19	1.47
20150216	8.6	2.58	1.52
20150217	0.08	3.76	1.46
20150218	0.03	6.2	1.41
20150219	13.52	3.75	1.49
20150220	1.33	3.02	1.54
20150221	0.65	2.22	1.51
20150222	9.78	4.39	1.57
20150223	3.82	3.28	1.69
20150224	1.7	5.31	1.65
20150225	0.17	9.3	1.67
20150226	3.2	4.37	1.73
20150227	0.86	5.57	1.76
20150228	0.83	7.27	1.79
20150301	3.68	4.93	1.8
20150302	3.15	3.99	1.77
20150303	0.06	3.92	1.74
20150304	0.06	3.93	1.69
20150305	0.0	6.01	1.67
20150306	0.0	8.4	1.64
20150307	0.0	9.67	1.62
20150308	0.19	4.89	1.58
20150309	0.2	5.37	1.55
20150310	0.0	5.8	1.51
20150311	0.0	8.25	1.47
20150312	5.32	7.95	1.45
20150313	1.2	4.34	1.44
20150314	0.0	4.36	1.4
20150315	0.52	4.73	1.37
20150316	3.21	4.7	1.36
20150317	0.09	4.29	1.31
20150318	0.0	5.28	1.29
20150319	0.0	4.48	1.26
20150320	0.0	7.63	1.24
20150321	0.0	6.26	1.22
20150322	0.0	4.15	1.2
20150323	2.02	4.51	1.19
20150324	0.29	3.87	1.18
20150325	7.49	5.38	1.17
20150326	0.11	5.94	1.18
20150327	0.24	8.18	1.12
20150328	1.95	9.95	1.1
20150329	1.51	7.99	1.1
20150330	2.13	8.9	1.08
20150331	1.33	6.78	1.06
20150401	2.13	7.24	1.03
20150402	5.82	7.93	1.05
20150403	2.58	8.82	1.06
20150404	0.01	8.06	1.03
20150405	0.13	7.29	1.0
20150406	0.0	10.16	0.97
20150407	0.0	9.94	0.95
20150408	0.0	10.41	0.93
20150409	0.0	10.43	0.93
20150410	0.9	12.56	0.93
20150411	0.0	6.88	0.9
20150412	0.91	8.15	0.89
20150413	0.0	10.63	0.81
20150414	0.0	12.51	0.79
20150415	0.0	12.74	0.77
20150416	0.5	11.15	0.77
20150417	0.0	8.37	0.75
20150418	0.0	7.98	0.74
20150419	0.0	5.42	0.74
20150420	0.0	9.13	0.72
20150421	0.0	9.34	0.71
20150422	0.0	9.45	0.71
20150423	0.0	9.82	0.7
20150424	0.48	12.39	0.71
20150425	3.43	10.36	0.7
20150426	0.0	5.38	0.7
20150427	0.29	5.8	0.69
20150428	3.91	8.15	0.67
20150429	0.1	7.83	0.69
20150430	0.0	7.9	0.67
20150501	0.0	7.79	0.64
20150502	11.63	9.6	0.64
20150503	1.8	12.51	0.68
20150504	11.63	12.51	0.66
20150505	4.47	9.89	0.67
20150506	3.53	8.78	0.64
20150507	0.27	9.53	0.62
20150508	1.17	11.01	0.61
20150509	0.34	10.39	0.6
20150510	0.0	12.44	0.59
20150511	1.67	12.71	0.58
20150512	0.02	8.77	0.58
20150513	0.17	11.94	0.57
20150514	11.71	7.18	0.61
20150515	0.01	11.63	0.59
20150516	0.0	9.48	0.56
20150517	5.58	10.21	0.55
20150518	4.49	8.91	0.58
20150519	3.5	7.77	0.57
20150520	0.04	9.11	0.56
20150521	0.2	12.59	0.54
20150522	0.19	14.09	0.53
20150523	0.0	13.39	0.52
20150524	0.48	11.14	0.52
20150525	0.0	11.21	0.52
20150526	0.0	9.51	0.5
20150527	0.2	12.35	0.5
20150528	1.26	11.3	0.5
20150529	4.12	9.02	0.5
20150530	3.36	12.44	0.5
20150531	0.58	9.52	0.5
20150601	9.45	11.16	0.51
20150602	0.6	12.65	0.53
20150603	0.0	10.77	0.49
20150604	0.0	15.92	0.48
20150605	0.0	13.05	0.47
20150606	0.0	10.12	0.47
20150607	0.0	10.87	0.47
20150608	0.0	10.36	0.47
20150609	0.0	8.78	0.47
20150610	0.0	10.87	0.47
20150611	0.0	16.58	0.47
20150612	19.51	15.76	0.51
20150613	2.84	12.29	0.56
20150614	0.0	11.3	0.5
20150615	0.0	14.44	0.47
20150616	0.0	15.61	0.45
20150617	0.03	15.95	0.45
20150618	0.1	12.82	0.44
20150619	0.35	15.36	0.43
20150620	5.66	16.0	0.43
20150621	0.27	14.03	0.43
20150622	0.01	12.72	0.43
20150623	0.0	15.4	0.41
20150624	0.0	15.3	0.41
20150625	0.0	17.17	0.41
20150626	0.49	15.09	0.41
20150627	3.37	16.89	0.41
20150628	0.29	14.46	0.41
20150629	0.0	16.75	0.41
20150630	0.08	22.58	0.41
20150701	0.06	22.54	0.4
20150702	1.82	14.0	0.4
20150703	6.38	20.22	0.4
20150704	0.0	16.06	0.41
20150705	3.57	14.61	0.41
20150706	2.27	16.77	0.41
20150707	0.24	16.19	0.41
20150708	0.22	13.72	0.4
20150709	0.0	15.07	0.37
20150710	0.0	18.29	0.37
20150711	2.44	17.23	0.36
20150712	3.94	17.81	0.37
20150713	0.65	16.88	0.38
20150714	1.97	15.67	0.38
20150715	0.0	14.01	0.37
20150716	0.76	18.57	0.37
20150717	0.01	14.11	0.37
20150718	1.41	16.22	0.36
20150719	0.01	15.37	0.36
20150720	0.66	17.15	0.36
20150721	0.24	17.96	0.36
20150722	1.12	13.56	0.36
20150723	2.94	15.15	0.35
20150724	22.73	11.36	0.4
20150725	3.63	14.43	0.39
20150726	7.74	13.73	0.39
20150727	0.38	14.42	0.38
20150728	0.01	12.1	0.36
20150729	1.14	12.26	0.35
20150730	0.0	10.62	0.36
20150731	0.0	13.44	0.35
20150801	0.0	14.46	0.35
20150802	0.0	18.49	0.35
20150803	0.0	15.44	0.36
20150804	0.02	15.25	0.36
20150805	0.51	16.67	0.34
20150806	0.0	14.61	0.32
20150807	0.0	15.84	0.32
20150808	0.0	16.93	0.31
20150809	0.72	18.72	0.31
20150810	1.87	14.34	0.32
20150811	0.0	14.1	0.31
20150812	0.0	17.91	0.32
20150813	20.26	16.12	0.32
20150814	2.86	12.79	0.35
20150815	0.12	11.75	0.36
20150816	0.0	14.02	0.31
20150817	0.0	14.16	0.32
20150818	0.0	14.47	0.32
20150819	6.6	15.2	0.32
20150820	0.07	18.37	0.33
20150821	0.03	17.79	0.33
20150822	4.25	21.51	0.32
20150823	7.76	13.79	0.33
20150824	8.7	11.88	0.34
20150825	10.44	15.26	0.33
20150826	1.66	15.06	0.33
20150827	1.59	13.18	0.34
20150828	0.04	15.19	0.31
20150829	0.34	15.82	0.31
20150830	8.53	14.61	0.31
20150831	3.96	11.92	0.33
20150901	1.52	11.9	0.32
20150902	0.32	11.89	0.32
20150903	0.2	11.76	0.3
20150904	0.47	12.22	0.3
20150905	0.02	9.0	0.3
20150906	0.0	11.71	0.3
20150907	0.0	12.37	0.29
20150908	0.0	11.36	0.28
20150909	0.0	12.68	0.28
20150910	0.0	14.9	0.28
20150911	3.06	16.63	0.28
20150912	0.02	12.95	0.28
20150913	2.15	13.35	0.28
20150914	4.77	12.48	0.28
20150915	1.13	12.98	0.29
20150916	7.05	10.75	0.3
20150917	6.38	13.31	0.29
20150918	0.13	11.82	0.28
20150919	0.01	12.54	0.29
20150920	1.08	13.25	0.28
20150921	13.68	11.63	0.29
20150922	2.89	9.82	0.3
20150923	3.35	13.07	0.29
20150924	0.56	10.8	0.28
20150925	0.0	9.72	0.27
20150926	0.05	9.98	0.27
20150927	0.04	11.45	0.26
20150928	0.0	12.01	0.26
20150929	0.0	12.52	0.25
20150930	0.0	12.0	0.25
20151001	0.0	11.88	0.25
20151002	0.0	10.66	0.26
20151003	0.0	8.39	0.26
20151004	3.37	12.8	0.25
20151005	15.96	15.31	0.29
20151006	8.76	14.31	0.31
20151007	0.16	8.86	0.29
20151008	0.07	10.26	0.28
20151009	0.01	11.08	0.26
20151010	0.0	10.84	0.26
20151011	0.01	7.81	0.26
20151012	0.0	8.47	0.25
20151013	0.0	7.2	0.25
20151014	0.0	8.93	0.25
20151015	0.19	9.71	0.24
20151016	0.0	9.65	0.25
20151017	0.0	10.05	0.25
20151018	0.23	10.84	0.25
20151019	0.0	9.0	0.24
20151020	12.95	10.35	0.24
20151021	0.09	12.95	0.26
20151022	0.0	8.29	0.26
20151023	0.67	9.73	0.25
20151024	2.88	6.63	0.25
20151025	0.01	7.68	0.24
20151026	0.0	11.56	0.24
20151027	4.17	11.41	0.24
20151028	0.16	11.75	0.24
20151029	10.6	11.71	0.24
20151030	0.35	12.67	0.25
20151031	0.07	11.13	0.26
20151101	0.18	10.92	0.25
20151102	0.02	8.54	0.26
20151103	2.16	10.39	0.25
20151104	5.14	12.3	0.25
20151105	6.44	13.16	0.27
20151106	19.11	13.02	0.29
20151107	6.87	11.1	0.36
20151108	1.9	10.61	0.37
20151109	0.07	12.16	0.38
20151110	0.63	13.2	0.42
20151111	0.06	9.83	0.43
20151112	2.41	9.51	0.43
20151113	1.55	7.18	0.47
20151114	2.95	10.51	0.47
20151115	1.17	11.9	0.47
20151116	6.77	10.15	0.49
20151117	1.91	11.53	0.5
20151118	4.78	10.96	0.51
20151119	6.88	7.04	0.54
20151120	3.69	4.13	0.57
20151121	0.05	0.96	0.57
20151122	0.0	1.37	0.6
20151123	8.88	3.72	0.63
20151124	0.09	6.62	0.66
20151125	5.61	7.9	0.67
20151126	0.48	9.15	0.69
20151127	3.51	6.0	0.7
20151128	6.02	6.67	0.72
20151129	5.64	8.46	0.74
20151130	3.9	10.04	0.77
20151201	0.01	11.06	0.78
20151202	7.34	11.4	0.81
20151203	6.56	8.29	0.89
20151204	0.11	9.3	0.91
20151205	0.49	11.08	0.93
20151206	2.56	11.4	0.97
20151207	1.4	11.33	1.02
20151208	0.39	6.73	1.04
20151209	0.0	7.13	1.05
20151210	3.54	8.03	1.05
20151211	3.0	4.88	1.06
20151212	13.55	8.2	1.07
20151213	0.1	6.69	1.15
20151214	3.0	8.38	1.14
20151215	5.15	10.94	1.14
20151216	0.07	11.99	1.15
20151217	2.1	11.67	1.15
20151218	1.98	12.41	1.2
20151219	0.28	11.4	1.23
20151220	5.12	7.82	1.27
20151221	3.06	9.66	1.32
20151222	7.86	9.08	1.34
20151223	2.02	8.21	1.39
20151224	8.32	5.79	1.47
20151225	7.96	9.7	1.55
20151226	10.56	11.72	1.59
20151227	3.13	10.68	1.76
20151228	0.1	9.06	1.85
20151229	1.08	9.5	1.91
20151230	28.13	8.4	2.2
20151231	4.88	4.38	2.5
20160101	8.17	5.38	2.61
20160102	7.63	6.37	2.86
20160103	11.15	6.18	3.12
20160104	2.32	6.18	3.2
20160105	4.44	6.04	3.29
20160106	10.69	6.04	3.35
20160107	0.96	4.2	3.41
20160108	3.1	5.21	3.36
20160109	8.78	5.94	3.39
20160110	6.88	3.97	3.45
20160111	0.27	3.87	3.43
20160112	2.14	3.0	3.37
20160113	4.02	2.81	3.37
20160114	0.14	1.48	3.33
20160115	0.14	0.4	3.21
20160116	2.05	1.27	3.1
20160117	2.47	2.25	3.02
20160118	0.2	0.12	2.92
20160119	0.01	-0.59	2.78
20160120	0.1	0.08	2.65
20160121	4.24	4.21	2.58
20160122	4.18	7.88	2.63
20160123	1.84	8.99	2.52
20160124	0.06	10.71	2.43
20160125	0.0	8.65	2.36
20160126	7.9	10.13	2.38
20160127	4.45	6.52	2.45
20160128	0.42	6.19	2.38
20160129	13.37	7.3	2.47
20160130	0.02	4.02	2.6
20160131	0.43	8.53	2.6
20160201	0.73	8.72	2.65
20160202	0.07	4.72	2.7
20160203	0.03	6.12	2.67
20160204	0.0	10.01	2.64
20160205	13.35	7.94	2.62
20160206	33.56	6.07	2.96
20160207	17.66	6.13	3.19
20160208	4.03	4.33	3.46
20160209	0.71	4.21	3.69
20160210	0.01	2.38	3.92
20160211	0.25	3.54	4.01
20160212	0.39	3.95	3.96
20160213	2.69	1.34	3.87
20160214	0.04	1.4	3.66
20160215	0.09	0.02	3.45
20160216	0.17	2.7	3.29
20160217	8.08	2.15	3.25
20160218	0.11	3.08	3.09
20160219	0.16	5.18	2.96
20160220	4.56	9.46	2.88
20160221	1.2	8.75	2.77
20160222	0.01	4.24	2.68
20160223	0.0	1.8	2.58
20160224	0.03	1.34	2.5
20160225	0.06	2.74	2.42
20160226	0.0	3.69	2.36
20160227	0.0	3.24	2.3
20160228	0.0	1.52	2.25
20160229	1.68	4.4	2.21
20160301	3.78	7.1	2.21
20160302	2.87	3.45	2.15
20160303	4.34	3.58	2.1
20160304	5.03	2.31	2.1
20160305	0.54	2.98	2.03
20160306	0.02	1.1	1.96
20160307	0.09	0.99	1.91
20160308	38.03	4.38	2.0
20160309	2.0	3.7	2.5
20160310	0.01	3.65	2.47
20160311	0.01	4.44	2.42
20160312	0.0	5.81	2.5
20160313	0.0	5.08	2.53
20160314	0.0	4.92	2.52
20160315	0.26	7.17	2.49
20160316	0.03	5.75	2.43
20160317	0.07	3.79	2.37
20160318	0.01	3.33	2.31
20160319	0.0	5.16	2.25
20160320	0.0	4.8	2.18
20160321	0.0	5.2	2.1
20160322	0.0	6.11	2.06
20160323	0.0	5.4	2.0
20160324	5.03	5.99	1.97
20160325	0.0	8.68	1.92
20160326	10.42	7.57	1.96
20160327	34.37	5.91	2.09
20160328	1.32	6.35	2.5
20160329	6.9	5.71	2.35
20160330	0.02	4.92	2.3
20160331	0.03	5.77	2.33
20160401	0.15	8.3	2.38
20160402	0.47	9.33	2.4
20160403	2.58	9.94	2.41
20160404	4.34	7.5	2.42
20160405	0.27	8.67	2.34
20160406	1.91	7.11	2.29
20160407	6.7	7.34	2.3
20160408	2.23	6.96	2.23
20160409	2.51	3.82	2.18
20160410	9.46	8.34	2.15
20160411	6.14	7.11	2.26
20160412	0.82	7.96	2.21
20160413	0.58	10.88	2.14
20160414	10.04	10.08	2.17
20160415	6.88	5.1	2.25
20160416	0.26	3.4	2.26
20160417	0.0	6.0	2.21
20160418	0.0	8.83	2.15
20160419	0.0	7.5	2.11
20160420	0.0	8.6	2.04
20160421	0.0	10.09	2.0
20160422	3.56	4.69	1.98
20160423	0.3	6.02	1.92
20160424	0.05	7.48	1.87
20160425	1.0	5.98	1.83
20160426	1.21	3.91	1.77
20160427	0.84	3.17	1.73
20160428	4.94	5.53	1.71
20160429	0.47	4.36	1.67
20160430	1.22	5.58	1.6
20160501	0.46	11.14	1.57
20160502	3.95	8.56	1.56
20160503	0.0	7.28	1.5
20160504	0.0	9.29	1.47
20160505	0.0	11.96	1.43
20160506	0.0	15.12	1.39
20160507	4.38	15.91	1.4
20160508	0.0	19.0	1.34
20160509	6.1	17.65	1.3
20160510	22.23	14.59	1.37
20160511	6.45	14.36	1.74
20160512	0.0	15.36	1.48
20160513	0.0	10.43	1.36
20160514	0.0	8.0	1.34
20160515	0.0	9.8	1.32
20160516	0.0	10.49	1.32
20160517	5.1	12.98	1.32
20160518	4.3	11.18	1.34
20160519	0.17	13.55	1.29
20160520	8.76	13.96	1.26
20160521	5.12	10.63	1.31
20160522	6.1	10.06	1.29
20160523	0.0	10.93	1.22
20160524	0.0	10.39	1.16
20160525	0.09	9.54	1.14
20160526	0.0	12.16	1.1
20160527	0.23	14.18	1.08
20160528	0.04	12.77	1.07
20160529	0.0	13.2	1.05
20160530	0.0	13.52	1.04
20160531	13.14	13.72	1.05
20160601	0.17	10.52	1.06
20160602	0.0	10.64	1.01
20160603	0.0	13.23	0.99
20160604	0.0	15.11	0.97
20160605	0.0	16.47	0.95
20160606	0.0	17.65	0.93
20160607	2.39	18.5	0.92
20160608	0.03	17.56	0.91
20160609	0.0	18.05	0.85
20160610	4.58	17.2	0.88
20160611	4.84	15.44	0.86
20160612	13.31	16.19	0.9
20160613	1.57	14.45	0.93
20160614	5.43	13.93	0.87
20160615	3.47	14.51	0.88
20160616	5.62	14.58	0.89
20160617	1.85	14.28	0.87
20160618	0.06	12.86	0.83
20160619	14.72	15.85	0.83
20160620	1.56	15.15	0.93
20160621	1.01	15.72	0.87
20160622	0.19	16.83	0.84
20160623	0.01	14.83	0.81
20160624	2.04	13.9	0.82
20160625	4.72	14.19	0.8
20160626	3.71	15.48	0.81
20160627	0.11	13.06	0.81
20160628	4.86	12.99	0.81
20160629	3.63	13.34	0.83
20160630	1.41	15.22	0.81
20160701	0.06	12.87	0.79
20160702	2.01	13.07	0.79
20160703	0.0	13.57	0.77
20160704	0.06	15.64	0.77
20160705	0.0	13.03	0.75
20160706	0.0	15.84	0.74
20160707	0.02	16.98	0.66
20160708	0.26	17.53	0.64
20160709	1.06	19.15	0.63
20160710	3.22	17.29	0.64
20160711	1.41	14.9	0.62
20160712	3.17	11.85	0.63
20160713	2.25	12.56	0.63
20160714	0.0	14.22	0.61
20160715	0.02	16.25	0.6
20160716	0.0	19.03	0.6
20160717	0.05	18.22	0.59
20160718	0.0	20.96	0.59
20160719	0.0	25.57	0.57
20160720	0.0	19.78	0.54
20160721	2.85	18.15	0.54
20160722	0.01	18.74	0.54
20160723	0.0	18.26	0.54
20160724	0.13	16.06	0.54
20160725	0.0	15.38	0.51
20160726	1.77	17.87	0.49
20160727	0.07	16.22	0.48
20160728	1.04	17.23	0.48
20160729	0.53	16.29	0.48
20160730	0.0	14.41	0.47
20160731	0.0	14.54	0.47
20160801	20.23	15.23	0.5
20160802	1.46	18.03	0.53
20160803	0.2	16.93	0.5
20160804	0.31	15.07	0.48
20160805	0.0	15.73	0.48
20160806	0.01	20.21	0.47
20160807	0.07	15.9	0.46
20160808	0.03	13.16	0.46
20160809	0.0	13.65	0.46
20160810	0.15	15.56	0.43
20160811	0.0	16.72	0.43
20160812	0.0	18.44	0.42
20160813	0.0	16.62	0.42
20160814	0.0	14.28	0.42
20160815	0.0	16.39	0.42
20160816	0.04	16.47	0.42
20160817	0.0	19.49	0.41
20160818	3.65	19.46	0.41
20160819	5.86	16.06	0.42
20160820	1.91	15.73	0.42
20160821	2.15	17.3	0.41
20160822	0.01	16.81	0.41
20160823	0.0	21.05	0.4
20160824	2.04	20.14	0.37
20160825	2.47	16.51	0.37
20160826	0.11	15.59	0.37
20160827	10.79	17.33	0.39
20160828	3.11	17.45	0.39
20160829	0.0	16.25	0.38
20160830	0.0	17.05	0.37
20160831	0.0	15.02	0.37
20160901	0.14	17.23	0.37
20160902	0.07	14.29	0.39
20160903	10.76	15.42	0.4
20160904	7.33	15.6	0.4
20160905	0.07	18.51	0.4
20160906	0.04	19.41	0.38
20160907	0.0	18.13	0.37
20160908	0.34	16.65	0.35
20160909	13.45	17.62	0.35
20160910	2.39	11.11	0.38
20160911	0.01	14.54	0.37
20160912	0.0	18.54	0.36
20160913	3.3	20.0	0.35
20160914	0.07	18.96	0.35
20160915	0.66	18.82	0.35
20160916	0.09	13.68	0.36
20160917	0.02	12.57	0.34
20160918	0.36	15.5	0.34
20160919	1.85	13.02	0.34
20160920	0.03	13.45	0.33
20160921	0.83	15.32	0.32
20160922	0.0	12.0	0.32
20160923	0.11	13.74	0.32
20160924	4.97	16.11	0.32
20160925	0.57	12.35	0.32
20160926	2.38	13.01	0.33
20160927	0.07	14.86	0.33
20160928	3.41	16.87	0.32
20160929	0.97	12.43	0.32
20160930	3.94	11.02	0.33
20161001	3.89	9.31	0.33
20161002	0.01	9.52	0.33
20161003	0.11	11.1	0.32
20161004	0.0	13.61	0.32
20161005	0.04	10.32	0.3
20161006	0.02	11.04	0.3
20161007	0.11	10.98	0.31
20161008	0.09	9.57	0.3
20161009	0.0	8.27	0.3
20161010	0.04	7.59	0.29
20161011	0.04	9.93	0.3
20161012	0.05	9.0	0.29
20161013	0.34	8.95	0.29
20161014	0.01	10.01	0.27
20161015	10.88	11.11	0.29
20161016	0.2	12.33	0.29
20161017	3.4	11.09	0.3
20161018	0.01	9.18	0.3
20161019	0.01	9.07	0.28
20161020	0.26	8.38	0.28
20161021	0.0	7.28	0.28
20161022	0.03	7.39	0.28
20161023	0.04	9.16	0.27
20161024	2.84	9.38	0.27
20161025	0.01	9.78	0.29
20161026	0.02	10.03	0.28
20161027	0.03	11.56	0.28
20161028	0.06	12.97	0.3
20161029	0.11	11.94	0.27
20161030	0.01	10.27	0.26
20161031	0.14	10.9	0.26
20161101	0.02	5.16	0.27
20161102	0.03	4.44	0.29
20161103	0.49	6.81	0.27
20161104	0.99	4.96	0.28
20161105	0.0	2.87	0.28
20161106	1.68	4.02	0.27
20161107	0.01	2.03	0.27
20161108	25.57	2.54	0.3
20161109	1.42	5.91	0.33
20161110	1.33	4.64	0.33
20161111	12.01	5.41	0.32
20161112	0.68	7.23	0.34
20161113	0.55	7.74	0.34
20161114	0.11	11.23	0.33
20161115	1.0	10.93	0.32
20161116	1.44	8.13	0.31
20161117	3.86	5.56	0.29
20161118	0.52	2.9	0.28
20161119	20.71	3.61	0.29
20161120	11.31	4.19	0.33
20161121	25.44	7.03	0.45
20161122	3.9	5.17	0.47
20161123	0.07	6.35	0.47
20161124	0.04	5.2	0.48
20161125	0.03	5.9	0.52
20161126	0.31	5.1	0.53
20161127	0.0	5.22	0.55
20161128	0.0	1.53	0.57
20161129	0.03	-0.94	0.56
20161130	0.05	0.33	0.56
20161201	0.12	2.34	0.56
20161202	0.45	3.63	0.55
20161203	0.0	2.39	0.57
20161204	0.04	1.26	0.58
20161205	0.17	2.21	0.58
20161206	0.09	7.15	0.58
20161207	0.14	10.79	0.56
20161208	1.11	11.54	0.56
20161209	2.34	11.55	0.55
20161210	20.6	6.73	0.62
20161211	0.19	4.98	0.65
20161212	3.28	7.19	0.58
20161213	0.76	9.58	0.57
20161214	0.02	8.2	0.57
20161215	1.37	7.16	0.57
20161216	0.13	5.9	0.58
20161217	0.01	5.73	0.58
20161218	0.01	3.53	0.59
20161219	0.71	3.97	0.6
20161220	0.62	4.67	0.6
20161221	0.69	4.52	0.61
20161222	0.2	4.98	0.61
20161223	1.79	6.89	0.61
20161224	0.1	8.22	0.6
20161225	1.95	7.99	0.6
20161226	0.0	2.19	0.6
20161227	0.1	0.81	0.59
20161228	0.14	0.35	0.58
20161229	0.24	1.94	0.58
20161230	0.22	3.42	0.57
20161231	1.47	6.14	0.58
20170101	7.58	2.17	0.6
20170102	0.11	0.04	0.6
20170103	0.11	2.23	0.59
20170104	0.01	1.27	0.58
20170105	0.09	-0.25	0.57
20170106	11.76	4.81	0.6
20170107	0.45	8.45	0.64
20170108	1.04	7.34	0.63
20170109	2.12	5.36	0.65
20170110	0.01	7.43	0.64
20170111	0.04	5.91	0.63
20170112	8.24	1.75	0.67
20170113	0.29	1.58	0.7
20170114	5.13	3.62	0.71
20170115	9.71	6.86	0.74
20170116	5.37	5.47	0.84
20170117	0.07	2.87	0.89
20170118	0.07	1.92	0.88
20170119	0.0	1.31	0.92
20170120	0.05	0.58	0.98
20170121	0.07	-1.01	0.99
20170122	0.03	1.46	1.03
20170123	0.01	2.45	1.01
20170124	0.14	3.2	1.02
20170125	0.08	1.36	1.01
20170126	0.03	-0.95	0.98
20170127	7.15	3.08	1.0
20170128	0.19	3.95	1.01
20170129	9.74	4.86	1.04
20170130	2.04	6.35	1.05
20170131	15.51	8.34	1.08
20170201	6.27	8.94	1.26
20170202	0.68	7.35	1.34
20170203	4.3	3.8	1.41
20170204	0.42	4.01	1.48
20170205	0.01	0.97	1.52
20170206	6.06	2.39	1.57
20170207	6.6	5.48	1.65
20170208	0.22	2.25	1.67
20170209	0.0	0.26	1.63
20170210	0.3	0.53	1.59
20170211	2.1	0.58	1.59
20170212	0.11	2.19	1.59
20170213	0.0	5.27	1.58
20170214	0.18	5.23	1.55
20170215	7.97	6.71	1.57
20170216	0.02	7.69	1.55
20170217	0.0	7.3	1.51
20170218	0.0	6.5	1.47
20170219	0.0	8.98	1.44
20170220	0.12	11.01	1.43
20170221	0.05	9.99	1.4
20170222	2.82	9.7	1.4
20170223	0.37	4.79	1.42
20170224	0.34	6.15	1.39
20170225	2.62	7.88	1.39
20170226	0.97	7.36	1.39
20170227	4.99	3.3	1.39
20170228	1.37	4.26	1.35
20170301	3.63	5.82	1.32
20170302	4.16	6.51	1.3
20170303	8.14	6.32	1.38
20170304	7.91	6.79	1.36
20170305	2.48	3.99	1.38
20170306	2.06	5.33	1.36
20170307	4.36	7.04	1.35
20170308	0.69	9.61	1.39
20170309	0.0	9.56	1.39
20170310	0.0	9.9	1.39
20170311	3.54	10.88	1.39
20170312	1.62	7.11	1.4
20170313	0.03	9.81	1.39
20170314	0.01	9.3	1.39
20170315	0.11	9.32	1.39
20170316	0.24	5.08	1.35
20170317	0.01	8.7	1.34
20170318	0.04	11.06	1.33
20170319	1.51	10.79	1.32
20170320	6.99	6.07	1.35
20170321	7.4	6.2	1.33
20170322	4.86	3.64	1.34
20170323	0.05	7.78	1.32
20170324	0.03	6.17	1.25
20170325	0.0	8.09	1.22
20170326	0.0	9.08	1.19
20170327	0.0	6.94	1.18
20170328	3.91	10.71	1.16
20170329	1.33	12.03	1.16
20170330	0.75	14.19	1.13
20170331	0.25	10.96	1.12
20170401	0.14	8.66	1.1
20170402	0.0	8.0	1.07
20170403	0.03	11.26	1.05
20170404	0.04	6.98	1.03
20170405	0.0	7.64	1.01
20170406	0.02	7.51	1.0
20170407	0.0	8.3	0.98
20170408	0.0	12.55	0.97
20170409	0.0	13.1	0.94
20170410	0.0	7.28	0.93
20170411	0.0	8.9	0.88
20170412	0.0	8.04	0.85
20170413	0.0	7.01	0.85
20170414	0.61	10.34	0.83
20170415	0.0	8.09	0.82
20170416	1.61	9.26	0.81
20170417	0.07	6.15	0.8
20170418	0.0	6.67	0.78
20170419	0.33	8.82	0.77
20170420	0.04	9.03	0.76
20170421	0.0	10.48	0.75
20170422	0.0	7.27	0.73
20170423	0.0	8.3	0.72
20170424	0.67	5.39	0.7
20170425	1.76	4.44	0.68
20170426	0.1	3.33	0.67
20170427	0.98	6.85	0.67
20170428	0.05	7.55	0.65
20170429	0.0	10.08	0.64
20170430	3.33	11.15	0.64
20170501	0.31	8.94	0.62
20170502	0.01	10.86	0.61
20170503	0.0	10.0	0.59
20170504	0.0	10.57	0.57
20170505	0.0	11.68	0.56
20170506	0.0	10.13	0.56
20170507	0.0	10.32	0.54
20170508	0.0	9.24	0.54
20170509	0.0	6.18	0.54
20170510	0.0	10.87	0.54
20170511	6.11	15.08	0.54
20170512	4.97	13.13	0.54
20170513	7.1	12.96	0.54
20170514	1.09	12.53	0.53
20170515	1.29	14.67	0.51
20170516	9.59	15.11	0.53
20170517	13.83	8.47	0.6
20170518	7.14	12.08	0.58
20170519	1.21	10.05	0.56
20170520	0.88	10.13	0.54
20170521	0.0	13.25	0.52
20170522	0.0	15.83	0.5
20170523	0.0	15.26	0.47
20170524	0.0	17.82	0.46
20170525	0.0	18.42	0.44
20170526	1.25	19.41	0.44
20170527	0.01	15.16	0.44
20170528	4.05	17.64	0.44
20170529	9.83	14.67	0.47
20170530	0.01	14.41	0.46
20170531	0.0	15.6	0.44
20170601	0.0	16.59	0.42
20170602	9.08	14.49	0.44
20170603	0.06	11.96	0.44
20170604	4.88	11.64	0.42
20170605	27.44	11.54	0.46
20170606	1.91	11.94	0.52
20170607	1.17	14.35	0.48
20170608	3.81	13.62	0.45
20170609	0.07	15.05	0.43
20170610	3.96	16.07	0.43
20170611	0.01	15.09	0.43
20170612	0.0	12.83	0.41
20170613	0.0	14.99	0.41
20170614	0.0	17.53	0.41
20170615	0.0	14.83	0.4
20170616	0.0	16.82	0.4
20170617	0.0	19.84	0.37
20170618	0.0	21.77	0.38
20170619	0.0	22.6	0.39
20170620	0.0	21.24	0.38
20170621	0.0	22.96	0.36
20170622	0.0	15.84	0.35
20170623	0.07	16.66	0.37
20170624	0.0	17.08	0.37
20170625	0.12	14.19	0.37
20170626	0.09	16.79	0.37
20170627	5.57	16.26	0.38
20170628	0.25	12.22	0.38
20170629	5.9	12.9	0.39
20170630	0.6	15.48	0.39
20170701	0.08	16.62	0.39
20170702	0.05	16.89	0.38
20170703	0.27	17.06	0.39
20170704	0.02	15.63	0.37
20170705	0.0	20.19	0.36
20170706	0.0	20.33	0.35
20170707	0.0	19.01	0.35
20170708	0.0	19.11	0.35
20170709	0.0	19.05	0.34
20170710	0.73	16.39	0.33
20170711	14.76	14.45	0.35
20170712	0.11	16.81	0.35
20170713	0.04	16.71	0.35
20170714	1.44	16.07	0.33
20170715	0.4	17.8	0.33
20170716	2.2	15.22	0.32
20170717	0.0	18.87	0.32
20170718	1.29	20.65	0.28
20170719	10.9	16.62	0.29
20170720	0.16	15.33	0.29
20170721	24.36	13.93	0.33
20170722	4.82	13.39	0.32
20170723	2.44	16.08	0.3
20170724	0.0	15.43	0.29
20170725	4.95	18.24	0.28
20170726	1.81	15.72	0.28
20170727	0.98	15.29	0.27
20170728	2.02	15.27	0.27
20170729	9.86	14.95	0.27
20170730	3.49	14.89	0.27
20170731	0.21	14.95	0.26
20170801	0.93	16.34	0.24
20170802	6.63	15.93	0.25
20170803	0.53	15.45	0.24
20170804	1.87	15.26	0.24
20170805	2.14	12.96	0.24
20170806	1.14	15.9	0.24
20170807	5.07	15.37	0.24
20170808	9.95	13.37	0.24
20170809	2.59	12.0	0.24
20170810	0.01	13.34	0.24
20170811	0.37	15.92	0.24
20170812	0.0	13.1	0.24
20170813	0.45	14.14	0.23
20170814	1.42	15.63	0.23
20170815	0.0	14.85	0.21
20170816	3.72	17.2	0.21
20170817	4.93	16.74	0.21
20170818	3.34	13.89	0.21
20170819	0.22	12.79	0.21
20170820	11.82	16.09	0.22
20170821	0.05	17.3	0.21
20170822	0.26	18.39	0.21
20170823	0.04	15.71	0.2
20170824	0.01	13.56	0.2
20170825	0.05	16.96	0.2
20170826	0.0	16.69	0.19
20170827	0.0	18.08	0.19
20170828	0.0	18.52	0.18
20170829	2.09	15.1	0.18
20170830	1.4	11.1	0.18
20170831	0.73	12.55	0.17
20170901	0.0	12.91	0.17
20170902	0.29	14.25	0.17
20170903	5.89	14.29	0.18
20170904	1.68	17.95	0.17
20170905	1.94	14.54	0.17
20170906	0.12	12.98	0.17
20170907	1.22	15.44	0.17
20170908	7.0	12.85	0.18
20170909	5.02	11.02	0.17
20170910	1.49	12.29	0.17
20170911	1.13	12.49	0.18
20170912	4.44	13.04	0.16
20170913	1.99	11.24	0.16
20170914	2.48	10.66	0.16
20170915	3.93	9.98	0.18
20170916	0.15	9.83	0.17
20170917	0.76	11.26	0.17
20170918	2.8	11.07	0.16
20170919	0.03	12.13	0.16
20170920	2.98	15.31	0.17
20170921	2.16	9.25	0.16
20170922	0.55	14.17	0.16
20170923	0.0	14.3	0.16
20170924	13.64	16.62	0.16
20170925	0.75	13.61	0.18
20170926	0.01	14.88	0.17
20170927	6.57	15.01	0.18
20170928	4.47	14.74	0.17
20170929	0.05	12.27	0.18
20170930	6.88	13.72	0.17
20171001	0.35	13.99	0.18
20171002	0.0	10.8	0.2
20171003	0.0	10.48	0.19
20171004	1.3	12.22	0.19
20171005	0.0	10.43	0.19
20171006	0.67	11.58	0.19
20171007	0.11	11.66	0.2
20171008	0.09	13.53	0.2
20171009	0.12	13.01	0.2
20171010	1.16	14.6	0.2
20171011	1.12	11.66	0.19
20171012	0.04	13.15	0.18
20171013	0.1	16.74	0.19
20171014	0.08	14.9	0.19
20171015	0.28	14.95	0.19
20171016	0.09	13.3	0.18
20171017	1.42	11.56	0.19
20171018	2.24	10.44	0.2
20171019	16.86	12.8	0.22
20171020	4.77	11.82	0.22
20171021	2.69	10.28	0.23
20171022	0.39	10.24	0.23
20171023	0.11	13.85	0.23
20171024	1.19	13.75	0.23
20171025	0.58	11.16	0.21
20171026	1.11	9.62	0.22
20171027	0.04	8.14	0.2
20171028	0.17	11.65	0.22
20171029	0.0	6.21	0.22
20171030	0.44	6.75	0.22
20171031	0.01	9.51	0.22
20171101	0.09	7.71	0.22
20171102	0.03	8.17	0.21
20171103	9.71	9.79	0.24
20171104	0.67	6.43	0.23
20171105	0.07	4.11	0.23
20171106	1.98	6.81	0.22
20171107	10.6	5.56	0.22
20171108	0.21	4.94	0.23
20171109	0.14	8.71	0.23
20171110	9.86	8.25	0.24
20171111	3.45	6.51	0.25
20171112	0.08	2.54	0.26
20171113	0.3	4.86	0.27
20171114	0.38	9.5	0.29
20171115	0.06	10.44	0.3
20171116	1.15	5.02	0.31
20171117	0.13	3.83	0.32
20171118	9.92	5.07	0.33
20171119	1.36	6.18	0.33
20171120	0.14	10.9	0.35
20171121	0.97	11.69	0.36
20171122	10.52	9.28	0.37
20171123	0.28	4.87	0.4
20171124	0.0	3.02	0.41
20171125	0.1	2.96	0.42
20171126	2.55	5.56	0.43
20171127	0.36	5.21	0.45
20171128	0.01	2.51	0.46
20171129	0.09	0.98	0.47
20171130	0.01	0.88	0.5
20171201	0.4	2.22	0.49
20171202	1.36	4.99	0.49
20171203	0.63	5.74	0.49
20171204	0.0	6.95	0.49
20171205	0.01	6.94	0.48
20171206	6.3	9.82	0.49
20171207	1.59	5.76	0.5
20171208	0.67	-0.39	0.49
20171209	13.34	0.31	0.5
20171210	5.78	0.24	0.51
20171211	0.1	-3.26	0.5
20171212	4.51	-0.22	0.49
20171213	7.02	3.91	0.54
20171214	3.15	2.9	0.57
20171215	0.01	1.39	0.62
20171216	0.13	1.93	0.66
20171217	2.85	4.57	0.74
20171218	0.12	2.49	0.78
20171219	0.15	4.37	0.81
20171220	0.95	9.6	0.82
20171221	4.03	9.5	0.85
20171222	0.11	8.61	0.85
20171223	0.01	7.98	0.85
20171224	0.17	8.5	0.85
20171225	15.98	6.07	0.88
20171226	30.72	2.7	0.99
20171227	0.3	0.31	1.18
20171228	7.53	1.23	1.3
20171229	3.05	7.2	1.58
20171230	5.9	9.74	1.72
20171231	1.87	6.11	1.91
20180101	1.76	3.98	1.99
20180102	8.92	7.5	2.12
20180103	5.27	7.4	2.17
20180104	0.68	6.8	2.21
20180105	0.09	2.0	2.21
20180106	0.56	1.4	2.2
20180107	0.04	1.43	2.17
20180108	0.04	1.47	2.15
20180109	4.25	4.36	2.12
20180110	0.28	3.4	2.08
20180111	0.1	3.9	1.99
20180112	0.0	4.5	1.93
20180113	0.0	4.02	1.88
20180114	3.2	5.37	1.8
20180115	5.55	6.24	1.83
20180116	0.56	2.82	1.77
20180117	2.73	6.3	1.7
20180118	0.42	3.34	1.65
20180119	2.68	3.19	1.62
20180120	5.7	1.76	1.63
20180121	16.77	4.89	1.81
20180122	0.35	7.79	1.82
20180123	2.34	10.19	1.88
20180124	7.55	7.35	2.01
20180125	0.97	5.15	2.09
20180126	1.14	3.89	2.08
20180127	3.72	7.42	2.11
20180128	0.06	10.24	2.11
20180129	0.29	4.12	2.09
20180130	1.91	4.05	2.08
20180131	0.17	3.67	2.06
20180201	0.07	3.58	2.01
20180202	3.42	3.85	1.96
20180203	3.42	2.49	1.96
20180204	0.01	1.81	1.9
20180205	0.0	0.72	1.84
20180206	0.49	-0.94	1.8
20180207	0.02	0.63	1.73
20180208	7.69	3.83	1.73
20180209	0.43	1.09	1.73
20180210	5.61	5.21	1.72
20180211	0.46	1.34	1.68
20180212	1.85	2.73	1.62
20180213	2.92	0.21	1.63
20180214	6.94	4.33	1.67
20180215	0.08	3.5	1.67
20180216	0.01	4.46	1.63
20180217	0.01	5.38	1.63
20180218	1.92	6.57	1.66
20180219	0.39	8.15	1.67
20180220	0.11	5.56	1.67
20180221	0.16	3.06	1.64
20180222	0.0	-0.99	1.63
20180223	0.0	0.29	1.59
20180224	0.0	1.07	1.57
20180225	0.0	-0.61	1.54
20180226	0.04	-1.74	1.51
20180227	0.22	-3.01	1.48
20180228	0.37	-4.57	1.46
20180301	5.47	-4.52	1.44
20180302	1.74	-1.92	1.38
20180303	2.91	1.55	1.4
20180304	3.53	4.65	1.45
20180305	7.87	6.1	1.55
20180306	0.01	3.89	1.54
20180307	3.43	5.27	1.47
20180308	0.18	4.47	1.45
20180309	20.35	6.93	1.53
20180310	0.98	7.72	1.67
20180311	11.68	9.39	1.77
20180312	5.75	5.1	1.89
20180313	0.28	5.91	1.96
20180314	10.35	8.06	2.06
20180315	3.73	8.41	2.21
20180316	4.98	5.62	2.26
20180317	2.15	-1.66	2.27
20180318	0.38	-2.0	2.29
20180319	0.04	1.03	2.27
20180320	0.0	2.11	2.25
20180321	0.0	5.27	2.23
20180322	2.51	6.75	2.22
20180323	4.86	7.05	2.22
20180324	0.05	5.96	2.18
20180325	0.0	5.23	2.11
20180326	6.27	7.72	2.07
20180327	2.36	8.35	2.06
20180328	3.18	4.27	2.02
20180329	8.87	3.24	2.01
20180330	18.97	4.61	2.11
20180331	0.35	3.24	2.14
20180401	17.23	4.11	2.2
20180402	2.36	9.48	2.4
20180403	1.45	9.44	2.49
20180404	4.47	6.02	2.66
20180405	0.0	6.48	2.72
20180406	0.84	9.62	2.73
20180407	0.11	10.47	2.72
20180408	1.07	7.83	2.69
20180409	7.32	8.15	2.69
20180410	0.88	8.23	2.65
20180411	0.41	6.27	2.55
20180412	0.4	5.84	2.48
20180413	0.0	8.85	2.4
20180414	0.5	11.83	2.34
20180415	1.88	9.06	2.29
20180416	0.0	11.1	2.25
20180417	3.55	13.34	2.21
20180418	0.0	15.82	2.16
20180419	0.0	16.26	2.09
20180420	0.0	13.7	2.03
20180421	5.82	16.68	2.01
20180422	0.0	11.89	1.96
20180423	0.52	11.08	1.88
20180424	3.99	9.05	1.89
20180425	3.25	8.35	1.84
20180426	5.55	8.9	1.78
20180427	4.15	6.76	1.8
20180428	0.27	6.06	1.74
20180429	0.0	5.34	1.68
20180430	0.0	5.1	1.63
20180501	9.79	10.19	1.6
20180502	2.62	7.67	1.64
20180503	0.0	11.69	1.6
20180504	0.0	11.21	1.53
20180505	0.0	14.26	1.47
20180506	0.0	15.78	1.44
20180507	0.0	18.13	1.41
20180508	0.0	11.86	1.35
20180509	0.16	10.86	1.32
20180510	0.0	9.32	1.29
20180511	1.17	9.03	1.26
20180512	0.09	8.76	1.24
20180513	0.0	10.61	1.2
20180514	0.0	12.94	1.18
20180515	0.0	15.98	1.14
20180516	0.0	8.6	1.12
20180517	0.0	9.24	1.1
20180518	0.0	10.89	1.07
20180519	0.0	13.17	1.05
20180520	0.0	13.87	1.03
20180521	0.56	15.97	1.01
20180522	0.0	14.73	0.99
20180523	6.17	14.17	0.97
20180524	12.79	13.52	0.96
20180525	1.95	12.87	1.01
20180526	2.52	17.23	0.95
20180527	3.91	18.13	0.93
20180528	0.0	17.18	0.91
20180529	15.06	15.45	0.89
20180530	0.9	15.46	0.98
20180531	19.61	18.6	1.03
20180601	0.12	18.02	0.99
20180602	0.0	16.35	0.92
20180603	0.01	18.56	0.88
20180604	0.09	14.64	0.86
20180605	0.0	11.3	0.85
20180606	0.0	14.8	0.83
20180607	1.74	14.92	0.81
20180608	0.0	14.64	0.81
20180609	0.0	15.31	0.8
20180610	0.0	15.58	0.78
20180611	0.0	16.53	0.77
20180612	0.0	13.32	0.76
20180613	0.23	16.76	0.74
20180614	0.0	13.41	0.73
20180615	0.15	14.45	0.72
20180616	0.95	14.74	0.71
20180617	0.47	14.71	0.71
20180618	0.01	17.43	0.7
20180619	0.0	18.06	0.69
20180620	0.0	14.29	0.67
20180621	0.0	11.53	0.66
20180622	0.0	13.16	0.65
20180623	0.0	14.91	0.65
20180624	0.0	16.4	0.64
20180625	0.0	19.35	0.63
20180626	0.0	19.16	0.63
20180627	0.0	18.05	0.61
20180628	0.0	18.02	0.61
20180629	0.0	18.58	0.6
20180630	0.0	19.06	0.59
20180701	0.0	21.28	0.58
20180702	0.0	18.82	0.57
20180703	0.0	18.42	0.56
20180704	0.03	19.9	0.55
20180705	0.0	20.58	0.55
20180706	0.0	20.46	0.54
20180707	0.0	20.68	0.53
20180708	0.0	21.51	0.51
20180709	0.0	20.51	0.51
20180710	0.0	16.6	0.5
20180711	0.0	18.54	0.5
20180712	0.0	18.92	0.49
20180713	1.56	18.23	0.47
20180714	0.0	18.22	0.46
20180715	0.0	19.44	0.46
20180716	0.02	17.83	0.45
20180717	0.0	16.72	0.44
20180718	0.0	16.86	0.44
20180719	0.0	18.9	0.44
20180720	1.38	19.23	0.44
20180721	0.0	19.81	0.45
20180722	0.0	21.51	0.44
20180723	0.0	21.01	0.44
20180724	0.0	19.82	0.42
20180725	0.0	19.15	0.42
20180726	0.0	22.44	0.42
20180727	2.11	20.14	0.42
20180728	16.78	16.02	0.43
20180729	8.66	16.74	0.43
20180730	6.75	17.08	0.42
20180731	0.0	16.65	0.42
20180801	0.0	17.67	0.4
20180802	0.0	20.03	0.39
20180803	0.0	20.56	0.38
20180804	0.0	18.62	0.37
20180805	0.0	20.42	0.37
20180806	0.0	19.66	0.37
20180807	0.0	17.39	0.37
20180808	0.36	16.34	0.36
20180809	4.47	14.61	0.36
20180810	3.89	12.39	0.37
20180811	8.27	17.0	0.37
20180812	0.92	16.06	0.37
20180813	0.31	17.23	0.36
20180814	0.01	18.42	0.37
20180815	9.27	18.18	0.33
20180816	0.08	14.32	0.33
20180817	0.01	17.19	0.33
20180818	0.16	18.08	0.31
20180819	0.13	18.79	0.31
20180820	0.11	18.93	0.31
20180821	0.0	17.9	0.31
20180822	4.81	17.54	0.3
20180823	0.47	13.75	0.3
20180824	3.91	11.19	0.3
20180825	1.3	13.07	0.3
20180826	16.37	14.18	0.33
20180827	0.01	14.16	0.32
20180828	2.16	14.2	0.31
20180829	0.0	12.26	0.29
20180830	0.0	12.86	0.3
20180831	0.0	15.1	0.29
20180901	0.0	17.6	0.28
20180902	0.0	17.91	0.28
20180903	1.2	17.69	0.27
20180904	0.09	13.4	0.27
20180905	0.0	12.27	0.27
20180906	2.55	11.32	0.27
20180907	0.66	11.78	0.27
20180908	0.53	15.18	0.26
20180909	0.0	15.07	0.26
20180910	0.0	16.64	0.26
20180911	2.55	14.89	0.26
20180912	0.0	9.46	0.26
20180913	0.02	13.7	0.26
20180914	0.05	12.83	0.27
20180915	0.0	15.17	0.27
20180916	0.57	17.45	0.27
20180917	0.65	18.03	0.28
20180918	0.84	16.74	0.28
20180919	10.17	16.48	0.29
20180920	12.39	12.76	0.26
20180921	0.21	11.4	0.27
20180922	12.83	8.95	0.29
20180923	0.91	7.48	0.29
20180924	0.08	8.17	0.26
20180925	0.0	11.14	0.24
20180926	0.0	13.77	0.22
20180927	0.0	14.95	0.22
20180928	0.0	8.06	0.22
20180929	0.03	9.39	0.22
20180930	0.0	8.26	0.22
20181001	0.04	11.19	0.22
20181002	0.0	14.01	0.22
20181003	0.0	13.99	0.2
20181004	0.0	15.16	0.2
20181005	5.88	11.91	0.21
20181006	4.38	4.06	0.23
20181007	0.0	9.14	0.22
20181008	0.0	11.57	0.21
20181009	0.0	13.42	0.22
20181010	0.0	17.72	0.21
20181011	6.05	14.22	0.21
20181012	10.29	15.99	0.2
20181013	14.21	15.65	0.23
20181014	9.82	8.87	0.26
20181015	2.54	10.42	0.26
20181016	0.1	12.76	0.25
20181017	0.0	10.36	0.25
20181018	0.06	7.8	0.24
20181019	0.03	10.12	0.22
20181020	0.01	11.29	0.21
20181021	0.03	10.04	0.21
20181022	0.0	8.01	0.21
20181023	0.0	11.58	0.21
20181024	0.03	9.17	0.22
20181025	0.77	8.03	0.22
20181026	0.37	4.19	0.22
20181027	5.02	2.48	0.22
20181028	0.04	3.41	0.22
20181029	0.16	2.81	0.17
20181030	0.09	2.35	0.17
20181031	0.74	7.29	0.18
20181101	0.12	4.06	0.17
20181102	0.09	6.55	0.17
20181103	2.27	10.61	0.17
20181104	1.25	9.13	0.17
20181105	0.0	11.51	0.17
20181106	4.03	12.41	0.17
20181107	13.76	7.94	0.17
20181108	0.27	9.73	0.19
20181109	16.69	8.56	0.2
20181110	6.17	8.56	0.23
20181111	0.33	8.87	0.24
20181112	2.13	9.55	0.22
20181113	0.01	9.96	0.21
20181114	0.0	10.32	0.21
20181115	0.37	11.61	0.2
20181116	0.1	9.42	0.19
20181117	0.06	6.66	0.19
20181118	0.0	6.65	0.18
20181119	0.17	5.14	0.18
20181120	2.07	2.98	0.19
20181121	4.26	1.18	0.2
20181122	0.1	1.47	0.19
20181123	0.05	5.47	0.2
20181124	0.12	5.83	0.19
20181125	0.01	4.24	0.2
20181126	0.14	2.57	0.19
20181127	14.99	6.74	0.22
20181128	11.27	11.14	0.25
20181129	4.47	9.1	0.31
20181130	6.53	7.61	0.33
20181201	4.49	10.58	0.35
20181202	6.2	11.02	0.37
20181203	1.92	5.42	0.4
20181204	9.36	4.46	0.44
20181205	5.89	9.62	0.46
20181206	10.23	10.61	0.47
20181207	1.46	6.93	0.56
20181208	2.67	9.15	0.6
20181209	1.1	7.18	0.65
20181210	0.0	5.07	0.72
20181211	0.0	5.54	0.75
20181212	0.0	3.68	0.76
20181213	0.0	-0.1	0.76
20181214	0.11	-0.17	0.76
20181215	13.38	4.25	0.79
20181216	4.24	3.97	0.8
20181217	0.16	6.25	0.79
20181218	17.2	6.39	0.83
20181219	2.9	6.35	0.86
20181220	5.22	8.69	0.9
20181221	0.68	8.54	0.96
20181222	4.2	7.73	0.99
20181223	3.34	7.41	1.12
20181224	0.05	4.28	1.14
20181225	0.25	7.1	1.18
20181226	0.0	7.27	1.2
20181227	0.0	6.7	1.21
20181228	0.04	7.61	1.2
20181229	0.01	8.48	1.2
20181230	0.0	8.38	1.18
20181231	0.0	6.19	1.16
20190101	0.0	3.15	1.13
20190102	0.06	0.88	1.11
20190103	0.0	-1.48	1.08
20190104	0.03	-1.56	1.06
20190105	0.0	3.44	1.04
20190106	0.0	7.19	1.03
20190107	0.0	6.94	1.02
20190108	0.0	3.34	1.0
20190109	0.0	0.87	0.96
20190110	0.37	2.94	0.94
20190111	0.04	6.5	0.92
20190112	0.05	8.42	0.9
20190113	0.0	7.74	0.89
20190114	0.0	4.57	0.87
20190115	0.18	7.65	0.86
20190116	4.71	4.47	0.83
20190117	0.0	0.64	0.83
20190118	4.93	2.32	0.81
20190119	1.9	2.4	0.84
20190120	0.01	1.1	0.81
20190121	3.74	2.1	0.8
20190122	1.02	0.54	0.8
20190123	0.1	0.29	0.77
20190124	0.66	4.69	0.76
20190125	0.02	7.95	0.75
20190126	5.83	5.35	0.75
20190127	0.15	2.16	0.74
20190128	0.19	1.65	0.73
20190129	5.22	0.24	0.74
20190130	0.09	-1.2	0.74
20190131	3.12	-0.88	0.72
20190201	2.04	-1.32	0.72
20190202	0.0	-1.91	0.7
20190203	4.8	1.35	0.69
20190204	0.31	4.87	0.74
20190205	5.2	5.99	0.76
20190206	4.44	6.58	0.78
20190207	3.91	7.16	0.8
20190208	12.91	7.2	0.93
20190209	6.42	5.78	1.0
20190210	3.11	3.86	1.08
20190211	0.13	4.11	1.19
20190212	0.01	5.98	1.23
20190213	0.01	5.64	1.27
20190214	0.1	5.28	1.29
20190215	0.09	7.96	1.31
20190216	0.0	8.43	1.3
20190217	0.03	8.67	1.28
20190218	0.34	6.12	1.28
20190219	0.02	7.49	1.24
20190220	0.0	9.17	1.21
20190221	0.04	8.7	1.18
20190222	0.04	7.61	1.16
20190223	0.01	8.26	1.14
20190224	0.03	7.24	1.1
20190225	0.0	9.66	1.08
20190226	0.0	9.63	1.05
20190227	0.11	10.74	1.05
20190228	5.57	7.98	1.03
20190301	1.64	8.07	1.01
20190302	2.21	9.22	0.99
20190303	6.21	6.69	0.99
20190304	0.22	5.32	0.98
20190305	22.03	8.19	0.96
20190306	2.78	7.8	1.14
20190307	3.47	5.0	1.12
20190308	2.22	6.68	1.07
20190309	7.45	7.14	1.07
20190310	2.05	4.54	1.11
20190311	1.95	7.42	1.11
20190312	11.06	5.64	1.2
20190313	2.86	7.84	1.28
20190314	1.61	10.25	1.29
20190315	4.07	10.01	1.31
20190316	5.59	6.41	1.37
20190317	0.4	5.43	1.4
20190318	0.17	7.21	1.38
20190319	0.02	9.51	1.36
20190320	0.0	9.26	1.34
20190321	0.0	9.81	1.33
20190322	0.0	8.33	1.34
20190323	0.0	5.77	1.3
20190324	0.0	7.5	1.27
20190325	0.0	5.26	1.24
20190326	0.0	7.47	1.22
20190327	0.07	6.92	1.19
20190328	0.0	7.75	1.16
20190329	0.0	7.66	1.14
20190330	0.03	9.06	1.12
20190331	0.0	6.15	1.09
20190401	2.83	8.13	1.06
20190402	3.31	3.37	1.07
20190403	8.1	4.13	1.05
20190404	16.46	5.01	1.14
20190405	0.01	7.28	1.21
20190406	0.0	8.23	1.11
20190407	0.37	8.95	1.05
20190408	5.73	8.2	1.01
20190409	1.61	6.14	1.01
20190410	0.0	4.4	0.98
20190411	0.0	4.87	0.95
20190412	0.0	4.62	0.93
20190413	0.0	3.63	0.91
20190414	0.0	5.22	0.9
20190415	0.0	9.11	0.88
20190416	0.1	7.79	0.87
20190417	0.0	11.47	0.85
20190418	0.0	12.06	0.84
20190419	0.0	12.89	0.83
20190420	0.0	13.44	0.81
20190421	0.0	14.5	0.77
20190422	0.0	15.37	0.79
20190423	0.0	13.49	0.76
20190424	4.35	11.14	0.75
20190425	3.83	8.79	0.74
20190426	4.41	9.42	0.74
20190427	0.07	8.37	0.72
20190428	0.0	9.29	0.7
20190429	0.0	8.49	0.68
20190430	0.0	11.45	0.67
20190501	2.42	9.4	0.68
20190502	8.74	8.61	0.69
20190503	2.43	7.69	0.69
20190504	0.12	5.0	0.66
20190505	0.0	6.38	0.65
20190506	0.0	6.9	0.64
20190507	11.78	10.28	0.64
20190508	4.17	10.28	0.67
20190509	1.69	6.84	0.65
20190510	0.92	9.62	0.63
20190511	0.03	7.96	0.62
20190512	0.0	10.05	0.61
20190513	0.0	10.51	0.61
20190514	0.0	11.3	0.59
20190515	0.0	11.56	0.56
20190516	0.0	11.35	0.55
20190517	0.01	11.67	0.55
20190518	0.13	10.57	0.54
20190519	2.31	12.2	0.54
20190520	0.45	11.97	0.55
20190521	0.0	12.27	0.53
20190522	0.0	12.67	0.52
20190523	0.0	13.47	0.51
20190524	0.16	14.5	0.5
20190525	0.0	16.73	0.49
20190526	0.59	12.67	0.49
20190527	7.31	11.98	0.49
20190528	0.21	10.43	0.5
20190529	2.09	13.04	0.49
20190530	0.48	17.05	0.48
20190531	0.0	14.7	0.47
20190601	0.0	18.75	0.46
20190602	2.34	14.41	0.46
20190603	0.66	13.17	0.45
20190604	3.1	12.92	0.45
20190605	0.01	10.87	0.45
20190606	2.99	12.19	0.44
20190607	17.43	12.66	0.47
20190608	0.43	11.07	0.48
20190609	0.38	10.98	0.45
20190610	23.09	10.99	0.46
20190611	4.33	9.0	0.5
20190612	20.34	11.17	0.5
20190613	9.69	11.85	0.55
20190614	5.23	11.86	0.58
20190615	3.96	11.68	0.59
20190616	1.9	15.03	0.57
20190617	0.0	13.53	0.54
20190618	3.63	14.45	0.53
20190619	0.04	12.4	0.53
20190620	0.14	12.0	0.52
20190621	0.0	12.55	0.51
20190622	0.0	15.93	0.5
20190623	0.01	17.43	0.5
20190624	38.04	19.72	0.51
20190625	1.47	15.41	0.62
20190626	0.0	14.03	0.63
20190627	0.0	16.31	0.6
20190628	0.0	18.7	0.6
20190629	0.0	21.25	0.6
20190630	0.0	16.01	0.6
20190701	0.0	13.4	0.6
20190702	0.0	12.97	0.6
20190703	0.0	14.6	0.59
20190704	0.0	17.74	0.57
20190705	0.0	17.2	0.56
20190706	0.38	14.61	0.55
20190707	0.0	15.18	0.55
20190708	0.0	17.95	0.54
20190709	0.0	18.42	0.55
20190710	1.09	18.47	0.55
20190711	0.0	17.96	0.54
20190712	0.0	16.95	0.53
20190713	0.0	15.87	0.52
20190714	0.0	14.2	0.53
20190715	0.0	15.98	0.52
20190716	0.0	18.19	0.53
20190717	0.34	18.51	0.49
20190718	4.43	15.9	0.49
20190719	20.04	16.2	0.52
20190720	0.01	15.36	0.53
20190721	0.0	18.33	0.5
20190722	0.0	18.96	0.48
20190723	15.34	23.79	0.49
20190724	0.01	21.39	0.5
20190725	0.09	24.55	0.48
20190726	2.4	19.3	0.47
20190727	1.45	15.62	0.47
20190728	0.1	15.32	0.48
20190729	0.94	18.89	0.47
20190730	27.57	16.45	0.5
20190731	0.0	16.07	0.51
20190801	0.09	18.47	0.47
20190802	0.0	18.46	0.46
20190803	0.01	17.92	0.45
20190804	1.15	19.3	0.45
20190805	0.24	17.6	0.45
20190806	3.51	17.11	0.45
20190807	1.02	15.81	0.42
20190808	23.68	19.45	0.43
20190809	7.36	17.86	0.45
20190810	1.68	15.81	0.45
20190811	5.69	14.77	0.45
20190812	0.05	13.09	0.43
20190813	9.27	15.51	0.42
20190814	5.74	15.12	0.46
20190815	0.34	14.97	0.44
20190816	14.27	14.44	0.46
20190817	1.06	15.47	0.46
20190818	0.14	15.19	0.45
20190819	2.66	13.34	0.43
20190820	0.27	14.28	0.43
20190821	0.04	15.68	0.43
20190822	0.04	16.45	0.43
20190823	0.0	16.75	0.4
20190824	0.0	20.72	0.41
20190825	0.0	20.61	0.41
20190826	0.02	19.86	0.4
20190827	1.99	19.47	0.41
20190828	7.98	13.54	0.41
20190829	0.09	15.88	0.41
20190830	0.0	16.99	0.41
20190831	0.74	13.65	0.4
20190901	0.55	12.19	0.4
20190902	0.16	15.27	0.39
20190903	3.76	16.53	0.37
20190904	0.28	13.17	0.37
20190905	0.64	12.33	0.38
20190906	0.42	12.47	0.37
20190907	0.3	9.61	0.36
20190908	1.2	13.34	0.36
20190909	1.57	11.54	0.37
20190910	0.46	14.81	0.36
20190911	0.4	15.71	0.36
20190912	0.24	14.28	0.35
20190913	0.04	11.76	0.34
20190914	0.0	14.52	0.34
20190915	0.1	17.83	0.34
20190916	0.29	11.38	0.33
20190917	0.12	10.48	0.32
20190918	0.16	12.33	0.32
20190919	0.0	14.25	0.32
20190920	0.0	14.77	0.32
20190921	9.31	19.47	0.32
20190922	4.52	14.72	0.34
20190923	27.54	16.03	0.34
20190924	8.15	15.8	0.36
20190925	4.26	15.78	0.38
20190926	2.73	14.68	0.35
20190927	12.52	13.26	0.35
20190928	28.88	14.51	0.4
20190929	1.16	13.07	0.41
20190930	12.89	13.8	0.44
20191001	6.66	10.66	0.48
20191002	0.0	7.3	0.49
20191003	8.84	10.22	0.56
20191004	1.14	11.45	0.63
20191005	12.29	12.52	0.69
20191006	1.69	11.36	0.75
20191007	0.71	11.64	0.8
20191008	3.73	11.54	0.85
20191009	0.36	10.09	0.89
20191010	12.75	12.9	0.95
20191011	6.73	12.2	1.12
20191012	12.58	11.49	1.15
20191013	1.09	10.63	1.29
20191014	9.37	10.32	1.45
20191015	3.62	11.23	1.58
20191016	0.31	8.76	1.7
20191017	6.22	10.39	1.79
20191018	9.37	9.25	1.85
20191019	0.47	8.47	1.85
20191020	2.83	9.09	1.83
20191021	0.21	7.57	1.8
20191022	0.29	8.84	1.77
20191023	3.73	9.17	1.76
20191024	1.96	10.29	1.72
20191025	19.78	12.14	1.75
20191026	16.2	6.83	1.93
20191027	0.22	5.18	1.9
20191028	0.03	4.93	2.05
20191029	0.0	6.01	2.17
20191030	0.29	7.57	2.22
20191031	5.16	9.09	2.28
20191101	8.01	10.9	2.27
20191102	9.5	8.92	2.29
20191103	1.4	8.05	2.23
20191104	0.89	8.08	2.18
20191105	1.96	5.44	2.18
20191106	6.94	5.74	2.23
20191107	1.62	4.46	2.24
20191108	0.07	2.33	2.18
20191109	23.51	2.77	2.3
20191110	3.73	4.97	2.32
20191111	0.57	5.39	2.39
20191112	1.48	4.35	2.47
20191113	25.27	4.22	2.56
20191114	10.1	3.55	2.85
20191115	4.47	5.15	2.86
20191116	0.18	5.44	3.12
20191117	1.58	4.79	3.21
20191118	0.06	2.75	3.19
20191119	0.01	3.74	3.14
20191120	0.0	4.17	3.04
20191121	5.52	4.27	2.96
20191122	6.88	6.48	2.89
20191123	4.22	8.12	2.82
20191124	2.5	8.3	2.73
20191125	8.95	9.57	2.72
20191126	6.15	10.23	2.67
20191127	2.72	7.43	2.7
20191128	6.39	4.07	2.74
20191129	0.22	2.23	2.78
20191130	0.16	2.21	2.81
20191201	0.03	0.85	2.84
20191202	0.07	2.22	2.86
20191203	0.03	3.84	2.84
20191204	0.22	2.74	2.81
20191205	4.45	6.25	2.76
20191206	1.24	8.72	2.75
20191207	2.58	8.75	2.66
20191208	5.52	6.41	2.62
20191209	0.12	3.77	2.54
20191210	5.68	6.55	2.5
20191211	2.98	2.9	2.46
20191212	18.77	6.0	2.57
20191213	3.93	4.83	2.59
20191214	8.72	4.54	2.73
20191215	5.22	4.96	2.87
20191216	0.56	4.43	2.94
20191217	0.88	2.39	3.08
20191218	14.86	6.4	3.2
20191219	8.34	8.56	3.31
20191220	9.77	5.46	3.4
20191221	4.56	6.84	3.47
20191222	0.22	6.53	3.54
20191223	4.09	7.16	3.55
20191224	3.68	5.33	3.58
20191225	0.9	4.43	3.48
20191226	1.8	5.18	3.44
20191227	0.28	6.2	3.35
20191228	0.01	7.38	3.28
20191229	0.11	5.81	3.21
20191230	0.04	5.86	3.13
20191231	0.01	5.92	3.06
20200101	0.11	5.95	2.99
20200102	8.27	7.31	2.94
20200103	0.13	4.69	2.89
20200104	0.32	6.39	2.77
20200105	0.07	6.32	2.69
20200106	1.53	5.98	2.65
20200107	1.07	9.79	2.59
20200108	8.67	8.89	2.55
20200109	17.69	5.97	2.62
20200110	0.17	5.45	2.56
20200111	4.17	8.79	2.59
20200112	0.91	6.18	2.61
20200113	8.01	6.71	2.67
20200114	20.61	8.78	2.85
20200115	2.43	5.65	2.91
20200116	10.18	7.88	3.11
20200117	0.48	2.69	3.27
20200118	0.1	1.97	3.33
20200119	0.15	1.9	3.31
20200120	0.15	1.98	3.29
20200121	0.52	3.0	3.25
20200122	0.41	6.18	3.21
20200123	0.32	4.89	3.14
20200124	0.01	5.15	3.07
20200125	0.17	5.55	3.0
20200126	8.19	5.93	2.97
20200127	3.3	3.45	2.89
20200128	0.1	3.44	2.81
20200129	0.42	6.15	2.72
20200130	0.21	8.95	2.66
20200131	1.19	9.05	2.6
20200201	6.05	7.56	2.55
20200202	0.23	8.91	2.53
20200203	0.2	5.79	2.46
20200204	0.0	5.17	2.39
20200205	0.12	3.41	2.25
20200206	0.2	3.82	2.2
20200207	1.89	5.38	2.16
20200208	5.97	8.09	2.15
20200209	14.24	7.68	2.25
20200210	8.36	4.36	2.25
20200211	0.5	3.13	2.22
20200212	15.52	5.2	2.26
20200213	0.45	5.06	2.41
20200214	9.21	7.16	2.49
20200215	30.14	9.79	2.82
20200216	9.45	5.51	3.19
20200217	1.12	6.12	3.66
20200218	4.9	4.75	4.03
20200219	2.14	6.15	4.14
20200220	4.77	5.62	4.12
20200221	1.09	7.86	3.97
20200222	2.65	9.03	3.86
20200223	3.91	7.94	3.75
20200224	4.8	6.45	3.73
20200225	0.92	3.56	3.59
20200226	4.94	3.56	3.49
20200227	3.27	3.2	3.43
20200228	20.59	6.73	3.56
20200229	3.79	3.85	3.61
20200301	3.95	4.43	3.67
20200302	0.26	4.58	3.72
20200303	0.06	4.71	3.72
20200304	4.98	4.54	3.74
20200305	0.1	1.06	3.64
20200306	0.41	5.11	3.53
20200307	4.63	8.49	3.46
20200308	1.09	7.06	3.39
20200309	9.86	8.29	3.35
20200310	0.07	9.27	3.25
20200311	3.02	7.01	3.15
20200312	0.86	5.89	3.11
20200313	4.64	8.0	3.06
20200314	2.9	8.84	3.05
20200315	8.46	3.87	3.1
20200316	0.0	7.15	3.04
20200317	0.03	10.02	2.93
20200318	4.81	7.48	2.89
20200319	1.61	4.28	2.87
20200320	0.0	5.25	2.82
20200321	0.0	4.89	2.76
20200322	0.0	4.73	2.72
20200323	0.0	6.01	2.66
20200324	0.0	7.38	2.62
20200325	0.0	5.61	2.54
20200326	0.0	5.91	2.46
20200327	0.0	6.39	2.42
20200328	0.0	4.95	2.35
20200329	0.0	3.1	2.28
20200330	1.03	4.61	2.22
20200331	0.0	3.94	2.17
20200401	0.0	6.29	2.14
20200402	0.0	7.95	2.08
20200403	0.0	6.95	2.04
20200404	0.0	9.88	2.0
20200405	1.23	13.88	1.96
20200406	0.01	7.61	1.91
20200407	0.0	11.95	1.86
20200408	0.0	13.57	1.83
20200409	0.0	14.73	1.79
20200410	0.0	15.32	1.74
20200411	0.0	15.09	1.7
20200412	0.46	13.26	1.67
20200413	0.0	4.36	1.62
20200414	0.0	6.0	1.59
20200415	0.0	9.44	1.57
20200416	0.0	13.01	1.53
20200417	10.15	8.35	1.53
20200418	2.37	7.76	1.52
20200419	0.04	8.93	1.44
20200420	0.0	10.46	1.39
20200421	0.02	10.76	1.36
20200422	0.0	11.52	1.32
20200423	0.04	12.52	1.29
20200424	0.04	12.07	1.26
20200425	0.0	10.72	1.24
20200426	0.08	13.2	1.21
20200427	10.43	10.68	1.19
20200428	7.22	7.37	1.25
20200429	3.98	8.68	1.2
20200430	5.62	8.19	1.17
20200501	2.96	8.77	1.13
20200502	0.33	10.54	1.08
20200503	0.01	10.71	1.06
20200504	0.0	10.6	1.02
20200505	0.0	8.6	1.0
20200506	0.0	10.89	0.97
20200507	0.0	15.02	0.96
20200508	0.0	15.68	0.94
20200509	0.0	15.72	0.91
20200510	2.53	6.63	0.9
20200511	0.02	4.33	0.88
20200512	0.01	7.69	0.9
20200513	0.0	5.18	0.86
20200514	0.0	6.99	0.83
20200515	0.0	9.87	0.82
20200516	0.0	10.07	0.81
20200517	0.0	13.07	0.79
20200518	0.01	14.65	0.77
20200519	0.0	14.64	0.76
20200520	0.0	17.34	0.77
20200521	0.64	17.86	0.74
20200522	0.07	12.95	0.7
20200523	1.44	12.86	0.71
20200524	0.0	12.27	0.68
20200525	0.0	14.92	0.68
20200526	0.0	16.53	0.67
20200527	0.0	16.7	0.66
20200528	0.0	14.59	0.65
20200529	0.0	14.98	0.64
20200530	0.0	16.3	0.62
20200531	2.31	15.98	0.6
20200601	0.0	15.83	0.61
20200602	0.27	18.39	0.59
20200603	1.96	11.13	0.6
20200604	0.38	11.45	0.6
20200605	0.11	10.47	0.57
20200606	9.88	9.73	0.58
20200607	0.24	11.17	0.58
20200608	0.0	12.47	0.55
20200609	0.39	14.24	0.55
20200610	0.15	12.32	0.55
20200611	0.92	14.23	0.55
20200612	2.56	15.4	0.54
20200613	0.31	16.07	0.53
20200614	0.41	15.62	0.51
20200615	3.24	17.48	0.52
20200616	4.31	15.98	0.52
20200617	31.75	16.88	0.53
20200618	17.25	13.44	0.68
20200619	0.77	13.68	0.63
20200620	8.63	16.17	0.56
20200621	0.01	13.23	0.56
20200622	0.0	15.76	0.53
20200623	0.0	18.72	0.52
20200624	0.0	22.77	0.51
20200625	0.0	23.47	0.5
20200626	3.69	19.62	0.5
20200627	7.71	14.58	0.51
20200628	0.2	14.6	0.51
20200629	0.1	13.87	0.49
20200630	0.66	15.48	0.49
20200701	1.57	14.97	0.49
20200702	1.92	14.36	0.49
20200703	3.43	15.66	0.48
20200704	0.47	16.51	0.48
20200705	0.0	13.99	0.47
20200706	0.01	13.75	0.46
20200707	14.58	14.57	0.47
20200708	6.68	16.07	0.49
20200709	4.47	14.26	0.49
20200710	0.0	11.81	0.47
20200711	0.0	12.6	0.45
20200712	0.0	16.4	0.44
20200713	3.77	16.83	0.44
20200714	0.03	14.78	0.41
20200715	0.08	15.58	0.38
20200716	0.0	17.55	0.37
20200717	0.0	18.06	0.36
20200718	12.67	15.76	0.37
20200719	0.0	13.1	0.38
20200720	0.01	12.48	0.37
20200721	0.0	14.74	0.35
20200722	0.01	16.48	0.35
20200723	0.1	16.96	0.34
20200724	0.79	19.22	0.34
20200725	6.91	15.94	0.35
20200726	5.58	16.63	0.34
20200727	4.12	15.26	0.35
20200728	0.01	13.25	0.34
20200729	0.01	15.99	0.33
20200730	0.0	19.81	0.32
20200731	0.0	22.47	0.32
20200801	0.0	15.63	0.29
20200802	0.0	14.54	0.33
20200803	0.0	13.53	0.33
20200804	0.0	17.64	0.32
20200805	0.07	18.92	0.32
20200806	0.11	18.48	0.31
20200807	0.03	22.71	0.31
20200808	0.0	21.96	0.3
20200809	0.0	21.33	0.3
20200810	0.04	23.39	0.3
20200811	0.02	25.28	0.3
20200812	18.7	25.69	0.29
20200813	7.3	19.18	0.31
20200814	7.74	17.82	0.31
20200815	3.24	17.23	0.32
20200816	11.66	19.2	0.31
20200817	2.25	18.52	0.31
20200818	6.17	19.06	0.31
20200819	13.98	15.72	0.34
20200820	1.17	18.2	0.32
20200821	4.86	16.86	0.33
20200822	0.25	15.96	0.31
20200823	0.07	15.79	0.31
20200824	18.61	17.52	0.32
20200825	2.57	16.39	0.34
20200826	0.0	15.02	0.34
20200827	14.56	12.8	0.37
20200828	8.06	12.23	0.38
20200829	0.32	11.06	0.36
20200830	0.0	11.25	0.36
20200831	0.0	11.44	0.36
20200901	0.0	12.9	0.36
20200902	2.3	15.8	0.36
20200903	0.5	14.07	0.38
20200904	0.0	11.97	0.33
20200905	0.0	12.55	0.34
20200906	0.04	13.28	0.34
20200907	0.02	15.78	0.33
20200908	0.0	17.53	0.33
20200909	0.0	12.7	0.33
20200910	0.0	11.77	0.32
20200911	0.17	13.58	0.32
20200912	0.0	15.58	0.32
20200913	0.03	15.29	0.31
20200914	0.0	18.52	0.31
20200915	0.0	19.1	0.3
20200916	0.0	17.25	0.29
20200917	0.0	13.15	0.29
20200918	0.03	14.73	0.29
20200919	0.0	16.82	0.29
20200920	0.0	15.34	0.28
20200921	0.0	16.55	0.28
20200922	0.88	17.29	0.28
20200923	7.99	10.51	0.28
20200924	0.46	8.53	0.28
20200925	0.0	8.62	0.28
20200926	0.0	9.36	0.27
20200927	0.03	7.84	0.27
20200928	3.21	13.09	0.27
20200929	0.01	12.0	0.27
20200930	10.29	10.68	0.29
20201001	11.38	10.93	0.3
20201002	31.14	10.89	0.32
20201003	61.9	9.82	0.4
20201004	1.88	9.51	0.43
20201005	3.75	11.88	0.42
20201006	0.72	10.99	0.46
20201007	7.99	12.66	0.5
20201008	0.62	9.41	0.55
20201009	0.67	7.91	0.57
20201010	2.83	9.8	0.6
20201011	0.03	9.24	0.63
20201012	4.25	7.77	0.69
20201013	0.09	8.84	0.72
20201014	0.16	8.77	0.72
20201015	0.16	8.53	0.71
20201016	0.04	9.04	0.74
20201017	0.01	8.21	0.76
20201018	0.0	7.76	0.77
20201019	2.31	11.57	0.78
20201020	9.2	14.43	0.78
20201021	8.12	11.6	0.83
20201022	3.75	9.78	0.82
20201023	0.15	8.59	0.84
20201024	10.44	9.57	0.85
20201025	2.17	8.36	0.88
20201026	2.11	9.1	0.9
20201027	6.97	9.44	0.95
20201028	8.5	8.07	1.01
20201029	1.03	11.67	1.09
20201030	2.13	13.59	1.16
20201031	11.67	10.94	1.2
20201101	4.93	13.3	1.27
20201102	10.44	7.68	1.34
20201103	0.61	4.11	1.42
20201104	0.52	5.74	1.46
20201105	0.1	5.67	1.53
20201106	0.05	6.62	1.59
20201107	0.03	8.99	1.64
20201108	1.28	10.8	1.65
20201109	5.32	12.27	1.65
20201110	0.13	10.61	1.61
20201111	8.09	9.28	1.59
20201112	1.51	9.51	1.57
20201113	1.72	9.65	1.52
20201114	16.39	10.32	1.58
20201115	0.99	7.95	1.58
20201116	0.95	9.93	1.56
20201117	0.48	11.8	1.6
20201118	1.44	9.75	1.65
20201119	0.36	4.73	1.65
20201120	2.91	7.45	1.66
20201121	2.5	6.85	1.66
20201122	0.24	4.66	1.63
20201123	0.05	5.85	1.6
20201124	6.14	9.44	1.57
20201125	1.51	3.81	1.57
20201126	0.25	2.64	1.52
20201127	1.92	2.23	1.48
20201128	0.03	6.82	1.46
20201129	0.14	5.73	1.42
20201130	0.49	4.83	1.39
20201201	0.11	3.72	1.38
20201202	5.21	4.32	1.37
20201203	5.41	3.31	1.39
20201204	23.45	3.15	1.43
20201205	0.05	3.22	1.48
20201206	2.32	1.35	1.48
20201207	0.02	-0.5	1.52
20201208	1.46	2.51	1.57
20201209	0.7	4.12	1.6
20201210	5.11	6.58	1.64
20201211	0.39	7.32	1.66
20201212	3.95	4.24	1.63
20201213	14.68	8.27	1.69
20201214	0.91	6.87	1.71
20201215	1.29	7.27	1.69
20201216	6.49	6.02	1.75
20201217	6.59	7.59	1.79
20201218	13.73	9.96	1.85
20201219	2.67	6.67	1.92
20201220	8.37	5.59	1.98
20201221	12.59	9.28	2.19
20201222	4.06	7.56	2.27
20201223	48.69	5.33	2.88
20201224	0.02	0.64	3.7
20201225	0.07	2.31	4.34
20201226	23.17	6.03	4.6
20201227	2.39	2.47	4.71
20201228	3.39	-0.19	4.73
20201229	1.66	0.87	4.55
20201230	0.21	0.12	4.42
20201231	0.07	-0.97	4.25
20210101	1.4	-0.3	4.07
20210102	2.45	0.16	3.88
20210103	1.33	1.85	3.72
20210104	0.14	1.6	3.56
20210105	0.01	1.54	3.41
20210106	0.05	-0.87	3.28
20210107	1.07	-1.68	3.17
20210108	0.24	-0.16	3.01
20210109	0.02	-0.83	2.93
20210110	0.01	1.54	2.85
20210111	7.27	6.37	2.79
20210112	2.0	3.86	2.75
20210113	2.9	8.37	2.66
20210114	0.23	4.09	2.58
20210115	8.67	1.68	2.51
20210116	1.03	5.22	2.51
20210117	0.03	3.86	2.43
20210118	4.46	6.79	2.41
20210119	14.3	9.72	2.46
20210120	22.38	5.76	2.66
20210121	0.13	2.54	2.83
20210122	5.52	1.77	3.12
20210123	4.96	0.1	3.28
20210124	1.35	-1.94	3.41
20210125	0.98	0.36	3.38
20210126	3.93	4.39	3.38
20210127	21.82	8.47	3.45
20210128	11.24	9.24	3.61
20210129	18.01	6.69	3.82
20210130	6.17	1.08	4.27
20210131	0.78	0.56	4.69
20210201	5.21	4.71	4.89
20210202	5.07	8.22	4.96
20210203	0.16	5.22	4.81
20210204	9.03	4.97	4.78
20210205	2.2	3.6	4.66
20210206	1.24	1.71	4.56
20210207	0.36	-0.24	4.49
20210208	0.09	-1.11	4.42
20210209	0.01	-1.51	4.29
20210210	0.0	-1.75	4.13
20210211	0.03	-1.85	3.96
20210212	0.02	-2.02	3.79
20210213	0.11	-1.21	3.64
20210214	10.13	3.99	3.59
20210215	4.59	8.62	3.49
20210216	3.91	7.72	3.39
20210217	13.77	8.66	3.32
20210218	2.4	5.5	3.28
20210219	5.47	8.71	3.25
20210220	0.47	10.04	3.23
20210221	3.49	8.5	3.23
20210222	0.4	6.79	3.22
20210223	0.01	10.08	3.19
20210224	0.03	10.35	3.17
20210225	0.02	4.79	3.13
20210226	0.03	4.72	3.07
20210227	0.15	4.64	3.01
20210228	0.03	5.38	2.96
20210301	0.0	3.56	2.89
20210302	0.0	3.75	2.83
20210303	0.36	4.71	2.79
20210304	0.47	2.48	2.72
20210305	0.0	0.5	2.64
20210306	0.0	1.38	2.58
20210307	0.0	1.96	2.54
20210308	0.03	4.47	2.53
20210309	1.05	7.66	2.4
20210310	9.93	8.3	2.35
20210311	5.64	6.16	2.34
20210312	9.88	6.16	2.34
20210313	0.11	5.2	2.33
20210314	7.63	6.92	2.27
20210315	0.16	8.16	2.22
20210316	0.09	8.17	2.15
20210317	0.07	5.18	2.09
20210318	0.98	8.33	2.04
20210319	0.42	6.91	2.01
20210320	0.07	8.0	1.98
20210321	0.04	5.14	1.94
20210322	0.0	5.89	1.9
20210323	0.06	8.3	1.88
20210324	0.01	7.62	1.84
20210325	2.12	9.45	1.82
20210326	4.68	5.46	1.83
20210327	0.33	8.09	1.77
20210328	0.13	10.18	1.73
20210329	0.0	9.03	1.7
20210330	0.0	15.1	1.65
20210331	0.0	13.7	1.62
20210401	0.0	6.97	1.61
20210402	0.0	5.71	1.56
20210403	0.0	3.35	1.54
20210404	0.04	9.24	1.54
20210405	0.04	1.62	1.5
20210406	0.34	1.37	1.48
20210407	0.01	3.19	1.44
20210408	0.0	6.92	1.41
20210409	2.0	5.51	1.38
20210410	0.96	3.23	1.37
20210411	5.0	3.22	1.33
20210412	0.08	3.52	1.32
20210413	0.06	6.63	1.29
20210414	0.0	4.71	1.27
20210415	0.0	4.05	1.24
20210416	0.02	3.72	1.22
20210417	0.0	5.76	1.19
20210418	0.0	6.84	1.17
20210419	0.0	8.52	1.16
20210420	0.0	10.38	1.14
20210421	0.0	6.11	1.12
20210422	0.0	7.18	1.1
20210423	0.0	9.09	1.04
20210424	0.0	8.94	1.02
20210425	0.0	6.42	0.98
20210426	0.0	6.88	0.97
20210427	7.21	8.08	0.97
20210428	5.01	4.01	0.99
20210429	0.07	5.72	0.95
20210430	2.75	4.55	0.94
20210501	0.57	4.78	0.92
20210502	0.22	9.01	0.89
20210503	17.05	7.74	0.94
20210504	0.35	6.22	0.93
20210505	5.52	5.93	0.87
20210506	0.02	5.94	0.85
20210507	14.09	9.03	0.83
20210508	8.85	11.9	0.94
20210509	0.13	12.48	0.93
20210510	4.19	9.8	0.86
20210511	5.58	9.91	0.86
20210512	5.48	11.72	0.84
20210513	21.23	9.44	0.95
20210514	3.13	9.76	1.04
20210515	3.61	9.79	1.0
20210516	7.91	11.14	1.04
20210517	2.94	10.05	1.07
20210518	7.92	10.67	1.07
20210519	1.33	10.1	1.11
20210520	15.49	10.45	1.14
20210521	9.07	9.01	1.31
20210522	0.33	7.78	1.4
20210523	15.25	8.38	1.46
20210524	3.35	8.77	1.59
20210525	0.51	9.47	1.61
20210526	0.0	9.74	1.63
20210527	0.01	13.64	1.66
20210528	0.48	13.8	1.67
20210529	0.0	12.96	1.67
20210530	0.0	12.36	1.66
20210531	0.0	15.59	1.63
20210601	0.0	16.8	1.59
20210602	0.45	19.32	1.57
20210603	0.01	13.62	1.53
20210604	0.0	12.41	1.5
20210605	0.77	17.04	1.45
20210606	0.16	16.97	1.43
20210607	0.0	13.54	1.38
20210608	0.0	15.15	1.37
20210609	0.05	18.17	1.3
20210610	0.04	18.73	1.29
20210611	0.0	15.5	1.27
20210612	0.0	16.06	1.24
20210613	0.0	19.33	1.21
20210614	0.0	16.46	1.19
20210615	0.0	17.51	1.17
20210616	0.94	19.57	1.14
20210617	4.13	15.93	1.12
20210618	12.1	11.9	1.17
20210619	6.51	13.02	1.13
20210620	0.24	11.14	1.11
20210621	2.68	11.76	1.07
20210622	0.0	10.74	1.05
20210623	0.35	16.39	0.99
20210624	1.24	16.47	0.97
20210625	0.09	14.06	0.97
20210626	0.08	16.07	0.94
20210627	6.64	14.8	0.93
20210628	0.05	14.0	0.93
20210629	0.0	13.76	0.89
20210630	0.0	15.06	0.89
20210701	0.01	16.54	0.87
20210702	2.31	18.05	0.86
20210703	1.45	17.92	0.85
20210704	4.38	16.06	0.84
20210705	12.83	14.75	0.85
20210706	1.78	15.46	0.86
20210707	2.71	15.96	0.81
20210708	0.03	16.63	0.79
20210709	0.14	16.72	0.76
20210710	0.01	14.74	0.75
20210711	7.69	15.3	0.75
20210712	0.07	16.87	0.75
20210713	0.03	16.91	0.73
20210714	0.0	17.24	0.69
20210715	0.0	16.79	0.67
20210716	0.0	20.12	0.6
20210717	0.0	21.19	0.61
20210718	0.0	22.52	0.59
20210719	0.0	22.77	0.57
20210720	0.0	22.4	0.56
20210721	0.0	22.32	0.54
20210722	0.0	22.23	0.53
20210723	0.11	19.57	0.51
20210724	0.28	17.58	0.51
20210725	0.03	16.79	0.5
20210726	0.16	20.58	0.5
20210727	3.3	17.53	0.49
20210728	3.33	14.69	0.5
20210729	7.82	16.17	0.48
20210730	9.6	14.65	0.5
20210731	5.54	15.64	0.52
20210801	0.11	14.77	0.5
20210802	1.48	14.39	0.48
20210803	0.03	15.42	0.47
20210804	0.08	16.53	0.46
20210805	16.62	15.94	0.48
20210806	0.09	15.29	0.5
20210807	7.47	15.88	0.48
20210808	1.08	15.05	0.49
20210809	0.96	15.67	0.47
20210810	0.0	16.15	0.46
20210811	0.14	15.79	0.44
20210812	0.9	16.44	0.43
20210813	0.12	16.7	0.43
20210814	0.11	17.96	0.43
20210815	1.62	15.15	0.42
20210816	0.0	14.36	0.42
20210817	0.01	15.84	0.41
20210818	0.0	16.55	0.41
20210819	0.11	17.29	0.41
20210820	1.48	17.49	0.4
20210821	11.43	15.31	0.42
20210822	0.04	16.9	0.41
20210823	0.0	15.28	0.4
20210824	0.0	16.89	0.4
20210825	0.0	15.13	0.38
20210826	0.0	13.72	0.37
20210827	0.0	12.51	0.37
20210828	0.0	14.05	0.37
20210829	0.0	14.97	0.36
20210830	0.28	13.25	0.36
20210831	0.01	14.01	0.36
20210901	0.03	14.36	0.37
20210902	0.0	15.51	0.36
20210903	0.0	15.6	0.35
20210904	0.0	15.31	0.36
20210905	0.0	18.48	0.36
20210906	0.0	20.3	0.34
20210907	0.0	21.48	0.33
20210908	2.65	21.3	0.35
20210909	12.79	17.87	0.35
20210910	0.52	17.86	0.36
20210911	0.0	14.75	0.35
20210912	0.0	15.91	0.34
20210913	4.13	15.73	0.33
20210914	3.34	14.03	0.34
20210915	0.0	15.11	0.34
20210916	0.0	15.46	0.33
20210917	0.04	14.79	0.32
20210918	1.99	17.06	0.32
20210919	0.76	13.36	0.32
20210920	0.0	13.37	0.31
20210921	0.06	13.9	0.31
20210922	0.03	14.71	0.31
20210923	0.01	15.37	0.31
20210924	0.0	18.37	0.3
20210925	0.19	16.01	0.3
20210926	10.09	15.25	0.3
20210927	0.6	12.01	0.3
20210928	32.71	10.68	0.38
20210929	3.17	9.92	0.34
20210930	6.82	13.11	0.33
20211001	1.57	10.6	0.33
20211002	16.88	9.65	0.37
20211003	0.91	10.92	0.35
20211004	25.06	11.72	0.37
20211005	0.06	10.82	0.38
20211006	0.0	13.64	0.39
20211007	0.11	15.31	0.38
20211008	0.01	12.46	0.37
20211009	0.13	13.91	0.36
20211010	0.0	10.88	0.36
20211011	0.0	10.27	0.36
20211012	0.56	12.06	0.36
20211013	0.0	13.02	0.36
20211014	0.01	13.15	0.36
20211015	0.23	9.9	0.35
20211016	0.96	12.16	0.35
20211017	0.05	12.72	0.35
20211018	3.74	14.72	0.35
20211019	22.03	14.68	0.37
20211020	12.18	10.32	0.43
20211021	0.06	7.3	0.41
20211022	0.14	10.14	0.4
20211023	0.01	10.17	0.4
20211024	1.63	10.91	0.41
20211025	0.33	10.87	0.42
20211026	0.24	12.9	0.42
20211027	0.0	13.63	0.43
20211028	9.47	13.19	0.43
20211029	8.96	10.41	0.46
20211030	14.99	9.26	0.47
20211031	10.4	9.61	0.57
20211101	0.02	6.3	0.54
20211102	0.14	5.26	0.59
20211103	0.58	5.43	0.63
20211104	0.07	3.55	0.67
20211105	0.1	6.98	0.68
20211106	0.03	8.66	0.69
20211107	0.21	6.51	0.68
20211108	0.6	8.55	0.68
20211109	0.49	11.86	0.68
20211110	1.48	10.99	0.68
20211111	2.67	10.4	0.67
20211112	0.44	11.16	0.66
20211113	0.0	9.29	0.65
20211114	0.03	8.36	0.64
20211115	0.02	7.84	0.63
20211116	0.14	7.62	0.62
20211117	0.03	7.71	0.61
20211118	0.0	10.75	0.6
20211119	0.0	9.86	0.59
20211120	0.56	5.92	0.58
20211121	0.18	3.02	0.57
20211122	0.09	3.15	0.57
20211123	0.0	4.59	0.56
20211124	0.03	3.14	0.56
20211125	0.84	3.32	0.55
20211126	8.97	4.11	0.54
20211127	1.66	-0.03	0.55
20211128	3.39	0.11	0.56
20211129	0.85	3.7	0.54
20211130	1.92	8.45	0.53
20211201	4.06	3.23	0.53
20211202	3.41	2.01	0.54
20211203	2.11	5.22	0.54
20211204	3.07	4.71	0.54
20211205	0.04	2.28	0.55
20211206	3.11	3.94	0.55
20211207	11.95	4.83	0.58
20211208	1.39	4.35	0.62
20211209	6.78	4.49	0.65
20211210	0.07	3.67	0.68
20211211	2.84	7.69	0.71
20211212	0.45	10.88	0.76
20211213	1.27	9.96	0.8
20211214	0.35	10.12	0.85
20211215	0.01	10.0	0.85
20211216	0.0	8.8	0.87
20211217	0.02	6.22	0.87
20211218	0.15	4.21	0.87
20211219	0.28	3.26	0.86
20211220	0.08	2.92	0.86
20211221	0.0	0.73	0.86
20211222	1.19	3.43	0.85
20211223	0.71	6.94	0.84
20211224	12.4	6.7	0.86
20211225	10.36	5.53	0.93
20211226	0.58	6.5	0.98
20211227	8.09	8.75	1.01
20211228	2.7	8.11	1.06
20211229	4.34	11.27	1.12
20211230	5.45	12.89	1.18
20211231	0.27	12.2	1.25
20220101	3.04	10.83	1.32
20220102	2.96	8.8	1.38
20220103	2.98	5.43	1.46
20220104	0.17	1.62	1.49
20220105	0.03	0.67	1.49
20220106	5.33	2.93	1.53
20220107	1.09	3.91	1.53
20220108	2.5	5.32	1.55
20220109	0.02	4.83	1.53
20220110	2.08	6.83	1.5
20220111	0.63	3.67	1.48
20220112	0.22	3.34	1.46
20220113	0.07	2.25	1.43
20220114	0.15	2.0	1.4
20220115	0.18	2.38	1.38
20220116	0.26	3.76	1.35
20220117	0.09	3.13	1.31
20220118	0.1	2.68	1.28
20220119	0.02	3.42	1.26
20220120	0.08	-0.25	1.22
20220121	0.03	1.22	1.2
20220122	0.0	3.53	1.17
20220123	0.0	2.52	1.15
20220124	0.0	1.73	1.12
20220125	0.0	1.74	1.09
20220126	0.01	5.76	1.07
20220127	0.12	5.41	1.04
20220128	0.08	5.53	1.0
20220129	0.01	5.47	0.99
20220130	0.46	4.19	0.97
20220131	0.08	5.97	0.95
20220201	0.1	10.14	0.93
20220202	0.4	8.52	0.93
20220203	9.63	5.8	0.91
20220204	0.08	3.71	0.94
20220205	7.9	5.7	0.92
20220206	0.29	4.76	0.93
20220207	0.02	6.38	0.9
20220208	0.01	9.28	0.87
20220209	0.54	6.41	0.86
20220210	0.01	3.37	0.83
20220211	0.02	4.38	0.81
20220212	4.14	6.39	0.81
20220213	18.82	6.9	0.92
20220214	2.09	4.23	1.03
20220215	13.77	8.76	1.06
20220216	0.83	9.44	1.13
20220217	4.51	8.05	1.1
20220218	1.83	4.62	1.16
20220219	9.56	6.36	1.27
20220220	8.83	6.95	1.36
20220221	0.09	7.07	1.43
20220222	0.81	6.54	1.45
20220223	3.74	5.97	1.5
20220224	0.49	3.79	1.55
20220225	0.07	4.69	1.55
20220226	0.0	5.07	1.55
20220227	0.01	6.38	1.55
20220228	10.33	7.62	1.55
20220301	3.6	5.89	1.55
20220302	3.09	5.93	1.53
20220303	4.45	6.65	1.5
20220304	0.02	5.04	1.46
20220305	0.81	4.77	1.43
20220306	0.04	3.53	1.39
20220307	0.0	3.17	1.38
20220308	0.0	6.54	1.38
20220309	0.01	9.54	1.37
20220310	0.01	9.63	1.36
20220311	8.25	7.33	1.37
20220312	5.14	8.36	1.38
20220313	0.26	6.1	1.37
20220314	0.11	6.75	1.32
20220315	0.0	9.36	1.29
20220316	21.22	4.86	1.38
20220317	0.08	6.56	1.41
20220318	0.0	9.59	1.33
20220319	0.0	7.99	1.29
20220320	0.0	5.12	1.29
20220321	0.0	9.54	1.28
20220322	0.0	10.35	1.27
20220323	0.0	9.77	1.27
20220324	0.0	9.31	1.26
20220325	0.0	9.13	1.25
20220326	0.0	9.66	1.22
20220327	0.03	7.24	1.22
20220328	2.01	10.27	1.2
20220329	0.44	6.17	1.19
20220330	0.25	3.43	1.17
20220331	0.5	2.23	1.14
20220401	0.28	2.44	1.12
20220402	0.23	1.97	1.1
20220403	2.84	6.47	1.09
20220404	0.02	10.97	1.08
20220405	2.14	10.65	1.05
20220406	4.84	8.72	1.05
20220407	0.02	5.2	1.03
20220408	1.14	4.49	0.99
20220409	0.0	4.23	0.95
20220410	0.05	7.22	0.94
20220411	4.5	12.1	0.95
20220412	0.68	11.56	0.96
20220413	0.71	9.94	0.91
20220414	0.05	10.37	0.87
20220415	0.0	13.35	0.85
20220416	0.0	12.95	0.83
20220417	0.01	11.54	0.81
20220418	0.0	8.53	0.79
20220419	0.08	8.81	0.78
20220420	0.0	10.08	0.76
20220421	0.0	10.82	0.74
20220422	0.04	9.82	0.73
20220423	0.0	10.6	0.71
20220424	0.0	9.47	0.69
20220425	0.0	8.31	0.67
20220426	0.0	7.9	0.66
20220427	0.0	6.63	0.64
20220428	0.0	7.84	0.64
20220429	0.02	5.42	0.62
20220430	0.99	11.6	0.61
20220501	0.83	9.35	0.61
20220502	0.19	11.5	0.59
20220503	1.26	11.27	0.58
20220504	0.1	10.68	0.56
20220505	0.05	12.76	0.54
20220506	0.76	13.27	0.53
20220507	0.0	14.14	0.51
20220508	0.0	12.08	0.51
20220509	0.15	15.77	0.5
20220510	4.89	13.9	0.49
20220511	5.76	10.84	0.52
20220512	0.01	11.98	0.49
20220513	0.0	11.3	0.48
20220514	6.31	14.91	0.47
20220515	13.25	15.02	0.51
20220516	1.03	14.65	0.52
20220517	3.63	15.3	0.48
20220518	8.49	13.89	0.49
20220519	1.09	14.16	0.48
20220520	0.29	12.45	0.46
20220521	0.0	12.26	0.45
20220522	0.4	16.07	0.45
20220523	8.06	11.91	0.45
20220524	0.74	11.64	0.48
20220525	0.27	12.99	0.42
20220526	0.01	12.96	0.43
20220527	0.0	11.18	0.42
20220528	0.28	12.22	0.41
20220529	0.08	9.99	0.41
20220530	1.94	10.55	0.41
20220531	3.07	10.84	0.4
20220601	0.0	11.49	0.38
20220602	0.0	14.19	0.38
20220603	3.14	14.81	0.38
20220604	13.56	12.71	0.39
20220605	5.01	11.46	0.44
20220606	0.03	12.29	0.41
20220607	2.75	16.52	0.4
20220608	3.85	13.89	0.39
20220609	0.71	14.33	0.38
20220610	0.01	15.23	0.35
20220611	0.0	14.07	0.35
20220612	0.0	13.15	0.33
20220613	0.0	12.47	0.33
20220614	0.0	14.6	0.33
20220615	0.0	16.48	0.31
20220616	0.0	19.56	0.3
20220617	0.0	21.04	0.3
20220618	17.12	10.18	0.32
20220619	0.05	11.62	0.35
20220620	0.0	13.57	0.31
20220621	0.0	16.49	0.29
20220622	0.0	18.32	0.29
20220623	0.07	17.77	0.29
20220624	0.03	14.71	0.28
20220625	0.32	13.76	0.27
20220626	1.7	14.71	0.27
20220627	0.19	12.98	0.27
20220628	2.21	15.06	0.27
20220629	0.42	15.03	0.27
20220630	1.27	13.83	0.27
20220701	0.15	14.49	0.26
20220702	2.69	12.81	0.26
20220703	0.15	13.43	0.26
20220704	0.0	13.2	0.25
20220705	0.0	14.95	0.25
20220706	0.13	18.17	0.25
20220707	0.0	16.78	0.24
20220708	0.0	18.49	0.24
20220709	0.0	17.04	0.24
20220710	0.0	19.83	0.24
20220711	0.0	22.9	0.24
20220712	0.24	19.99	0.24
20220713	0.0	16.58	0.23
20220714	0.0	14.99	0.25
20220715	0.0	16.04	0.24
20220716	0.06	20.44	0.24
20220717	0.0	21.89	0.24
20220718	0.0	27.73	0.24
20220719	0.0	26.76	0.24
20220720	0.44	16.9	0.23
20220721	0.29	18.34	0.23
20220722	5.52	17.33	0.23
20220723	0.27	19.08	0.24
20220724	1.33	19.49	0.24
20220725	0.08	16.75	0.23
20220726	0.03	14.26	0.23
20220727	0.02	16.76	0.24
20220728	0.0	17.27	0.24
20220729	0.0	19.34	0.23
20220730	1.43	19.23	0.23
20220731	1.11	18.42	0.22
20220801	0.05	21.18	0.24
20220802	0.1	20.88	0.22
20220803	0.55	17.31	0.21
20220804	0.0	14.74	0.22
20220805	0.0	13.56	0.2
20220806	0.0	15.54	0.2
20220807	0.0	17.61	0.2
20220808	0.0	19.01	0.19
20220809	0.0	19.58	0.15
20220810	0.0	20.84	0.17
20220811	0.0	21.97	0.17
20220812	0.0	22.67	0.16
20220813	0.0	23.17	0.16
20220814	0.0	24.02	0.16
20220815	2.26	19.7	0.17
20220816	19.48	18.54	0.18
20220817	0.01	16.67	0.18
20220818	0.59	18.45	0.18
20220819	0.0	16.11	0.18
20220820	0.02	17.6	0.18
20220821	0.0	17.05	0.17
20220822	0.25	18.39	0.17
20220823	0.48	21.33	0.17
20220824	0.65	19.48	0.17
20220825	0.89	14.02	0.17
20220826	0.05	16.65	0.16
20220827	0.0	18.01	0.16
20220828	0.0	18.0	0.16
20220829	0.0	15.6	0.16
20220830	0.0	16.66	0.17
20220831	0.0	17.22	0.12
20220901	5.19	17.79	0.15
20220902	0.25	16.11	0.15
20220903	0.01	18.13	0.15
20220904	4.82	17.32	0.15
20220905	15.25	17.09	0.16
20220906	1.77	16.93	0.14
20220907	1.28	16.64	0.14
20220908	8.28	15.49	0.15
20220909	6.79	15.57	0.14
20220910	0.07	14.89	0.14
20220911	0.0	17.24	0.14
20220912	0.05	17.69	0.13
20220913	0.39	14.04	0.13
20220914	0.0	14.74	0.13
20220915	0.0	12.03	0.13
20220916	0.0	9.5	0.13
20220917	0.0	10.94	0.13
20220918	0.01	12.86	0.13
20220919	0.0	12.11	0.12
20220920	0.0	14.88	0.13
20220921	0.0	13.68	0.12
20220922	3.3	15.22	0.12
20220923	0.0	12.38	0.12
20220924	0.03	10.28	0.13
20220925	3.33	12.23	0.13
20220926	0.24	10.62	0.13
20220927	0.44	9.31	0.12
20220928	3.22	9.72	0.13
20220929	0.16	9.6	0.13
20220930	11.02	11.57	0.14
